ISO-10303-21;
HEADER;
FILE_DESCRIPTION(('STEP AP242'),'1');
FILE_NAME('5552742-1.stp','2025-12-15T13:56:37',('TraceParts'),('TraceParts S.A.S.'),'Spatial InterOp 3D',' ',' ');
FILE_SCHEMA(('AP242_MANAGED_MODEL_BASED_3D_ENGINEERING_MIM_LF  {1 0 10303 442 1 1 4}'));
ENDSEC;
DATA;
#1=PRODUCT_DEFINITION_CONTEXT('',#9,'design');
#2=APPLICATION_PROTOCOL_DEFINITION('INTERNATIONAL STANDARD','ap242_managed_model_based_3d_engineering',2014,#9);
#3=PRODUCT_CATEGORY_RELATIONSHIP('NONE','NONE',#10,#11);
#4=SHAPE_DEFINITION_REPRESENTATION(#12,#13);
#5= (GEOMETRIC_REPRESENTATION_CONTEXT(3)GLOBAL_UNCERTAINTY_ASSIGNED_CONTEXT((#16))GLOBAL_UNIT_ASSIGNED_CONTEXT((#18,#19,#20))REPRESENTATION_CONTEXT('NONE','WORKSPACE'));
#9=APPLICATION_CONTEXT('managed model based 3d engineering');
#10=PRODUCT_CATEGORY('part','NONE');
#11=PRODUCT_RELATED_PRODUCT_CATEGORY('detail',' ',(#22));
#12=PRODUCT_DEFINITION_SHAPE('NONE','NONE',#23);
#13=ADVANCED_BREP_SHAPE_REPRESENTATION('C-5552742-01-3',(#24,#25),#5);
#16=UNCERTAINTY_MEASURE_WITH_UNIT(LENGTH_MEASURE(1.0E-06),#18,'','');
#18= (CONVERSION_BASED_UNIT('MILLIMETRE',#28)LENGTH_UNIT()NAMED_UNIT(#31));
#19= (NAMED_UNIT(#33)PLANE_ANGLE_UNIT()SI_UNIT($,.RADIAN.));
#20= (NAMED_UNIT(#33)SOLID_ANGLE_UNIT()SI_UNIT($,.STERADIAN.));
#22=PRODUCT('C-5552742-01-3','C-5552742-01-3','PART-C-5552742-01-3-DESC',(#39));
#23=PRODUCT_DEFINITION('','NONE',#40,#1);
#24=MANIFOLD_SOLID_BREP('C-5552742-01-3',#41);
#25=AXIS2_PLACEMENT_3D('',#42,#43,#44);
#28=LENGTH_MEASURE_WITH_UNIT(LENGTH_MEASURE(1.0),#45);
#31=DIMENSIONAL_EXPONENTS(1.0,0.0,0.0,0.0,0.0,0.0,0.0);
#33=DIMENSIONAL_EXPONENTS(0.0,0.0,0.0,0.0,0.0,0.0,0.0);
#39=PRODUCT_CONTEXT('',#9,'mechanical');
#40=PRODUCT_DEFINITION_FORMATION_WITH_SPECIFIED_SOURCE(' ','NONE',#22,.NOT_KNOWN.);
#41=CLOSED_SHELL('',(#46,#47,#48,#49,#50,#51,#52,#53,#54,#55,#56,#57,#58,#59,#60,#61,#62,#63,#64,#65,#66,#67,#68,#69,#70,#71,#72,#73,#74,#75,#76,#77,#78,#79,#80,#81,#82,#83,#84,#85,#86,#87,#88,#89,#90,#91,#92,#93,#94,#95,#96,#97,#98,#99,#100,#101,#102,#103,#104,#105,#106,#107,#108,#109,#110,#111,#112,#113,#114,#115,#116,#117,#118,#119,#120,#121,#122,#123,#124,#125,#126,#127,#128,#129,#130,#131,#132,#133,#134,#135,#136,#137,#138,#139,#140,#141,#142,#143,#144,#145,#146,#147,#148,#149,#150,#151,#152,#153,#154,#155,#156,#157,#158,#159,#160,#161,#162,#163,#164,#165,#166,#167,#168,#169,#170,#171,#172,#173,#174,#175,#176,#177,#178,#179,#180,#181,#182,#183,#184,#185,#186,#187,#188,#189,#190,#191,#192,#193,#194,#195,#196,#197,#198,#199,#200,#201,#202,#203,#204,#205,#206,#207,#208,#209,#210,#211,#212,#213,#214,#215,#216,#217,#218,#219,#220,#221,#222,#223,#224,#225,#226,#227,#228,#229,#230,#231,#232,#233,#234,#235,#236,#237,#238,#239,#240,#241,#242,#243,#244,#245,#246,#247,#248,#249,#250,#251,#252,#253,#254,#255,#256,#257,#258,#259,#260,#261,#262,#263,#264,#265,#266,#267,#268,#269,#270,#271,#272,#273,#274,#275,#276,#277,#278,#279,#280,#281,#282,#283,#284,#285,#286,#287,#288,#289,#290,#291,#292,#293,#294,#295,#296,#297,#298,#299,#300,#301,#302,#303,#304,#305,#306,#307,#308,#309,#310,#311,#312,#313,#314,#315,#316,#317,#318,#319,#320,#321,#322,#323,#324,#325,#326,#327,#328,#329,#330,#331,#332,#333,#334,#335,#336,#337,#338,#339,#340,#341,#342,#343,#344,#345,#346,#347,#348,#349,#350,#351,#352,#353,#354,#355,#356,#357,#358,#359,#360,#361,#362,#363,#364,#365,#366,#367,#368,#369,#370,#371,#372,#373,#374,#375,#376,#377,#378,#379,#380,#381,#382,#383,#384,#385,#386,#387,#388,#389,#390,#391,#392,#393,#394,#395,#396,#397,#398,#399,#400,#401,#402,#403,#404,#405,#406,#407,#408,#409,#410,#411,#412,#413,#414,#415,#416,#417,#418,#419,#420,#421,#422,#423,#424,#425,#426,#427,#428,#429,#430,#431,#432,#433,#434,#435,#436,#437,#438,#439,#440,#441,#442,#443,#444,#445,#446,#447,#448,#449,#450,#451,#452,#453,#454,#455,#456,#457,#458,#459,#460,#461,#462,#463,#464,#465,#466,#467,#468,#469,#470,#471,#472,#473,#474,#475,#476,#477,#478,#479,#480,#481,#482,#483,#484,#485,#486,#487,#488,#489,#490,#491,#492,#493,#494,#495,#496,#497,#498,#499,#500,#501,#502,#503,#504,#505,#506,#507,#508,#509,#510,#511,#512,#513,#514,#515,#516,#517,#518,#519,#520,#521,#522,#523,#524,#525,#526,#527,#528,#529,#530,#531,#532,#533,#534,#535,#536,#537,#538,#539,#540,#541,#542,#543,#544,#545,#546,#547,#548,#549,#550,#551,#552,#553,#554,#555,#556,#557,#558,#559,#560,#561,#562,#563,#564,#565,#566,#567,#568,#569,#570,#571,#572,#573,#574,#575,#576,#577,#578,#579,#580,#581,#582,#583,#584,#585,#586,#587,#588,#589,#590,#591,#592,#593,#594,#595,#596,#597,#598,#599,#600,#601,#602,#603,#604,#605,#606));
#42=CARTESIAN_POINT('',(0.0,0.0,0.0));
#43=DIRECTION('',(0.0,0.0,1.0));
#44=DIRECTION('',(1.0,0.0,0.0));
#45= (NAMED_UNIT(#31)LENGTH_UNIT()SI_UNIT(.MILLI.,.METRE.));
#46=ADVANCED_FACE('',(#608),#609,.T.);
#47=ADVANCED_FACE('',(#610),#611,.T.);
#48=ADVANCED_FACE('',(#612),#613,.T.);
#49=ADVANCED_FACE('',(#614),#615,.T.);
#50=ADVANCED_FACE('',(#616),#617,.T.);
#51=ADVANCED_FACE('',(#618),#619,.T.);
#52=ADVANCED_FACE('',(#620),#621,.T.);
#53=ADVANCED_FACE('',(#622),#623,.T.);
#54=ADVANCED_FACE('',(#624,#625,#626),#627,.T.);
#55=ADVANCED_FACE('',(#628),#629,.T.);
#56=ADVANCED_FACE('',(#630),#631,.T.);
#57=ADVANCED_FACE('',(#632,#633),#634,.T.);
#58=ADVANCED_FACE('',(#635),#636,.T.);
#59=ADVANCED_FACE('',(#637),#638,.T.);
#60=ADVANCED_FACE('',(#639),#640,.T.);
#61=ADVANCED_FACE('',(#641),#642,.T.);
#62=ADVANCED_FACE('',(#643),#644,.T.);
#63=ADVANCED_FACE('',(#645),#646,.T.);
#64=ADVANCED_FACE('',(#647),#648,.T.);
#65=ADVANCED_FACE('',(#649),#650,.F.);
#66=ADVANCED_FACE('',(#651,#652),#653,.T.);
#67=ADVANCED_FACE('',(#654,#655),#656,.T.);
#68=ADVANCED_FACE('',(#657),#658,.T.);
#69=ADVANCED_FACE('',(#659),#660,.F.);
#70=ADVANCED_FACE('',(#661),#662,.F.);
#71=ADVANCED_FACE('',(#663),#664,.T.);
#72=ADVANCED_FACE('',(#665),#666,.T.);
#73=ADVANCED_FACE('',(#667),#668,.F.);
#74=ADVANCED_FACE('',(#669),#670,.T.);
#75=ADVANCED_FACE('',(#671),#672,.F.);
#76=ADVANCED_FACE('',(#673),#674,.F.);
#77=ADVANCED_FACE('',(#675),#676,.T.);
#78=ADVANCED_FACE('',(#677),#678,.F.);
#79=ADVANCED_FACE('',(#679),#680,.F.);
#80=ADVANCED_FACE('',(#681),#682,.F.);
#81=ADVANCED_FACE('',(#683),#684,.F.);
#82=ADVANCED_FACE('',(#685),#686,.F.);
#83=ADVANCED_FACE('',(#687),#688,.F.);
#84=ADVANCED_FACE('',(#689),#690,.F.);
#85=ADVANCED_FACE('',(#691),#692,.F.);
#86=ADVANCED_FACE('',(#693),#694,.T.);
#87=ADVANCED_FACE('',(#695),#696,.T.);
#88=ADVANCED_FACE('',(#697),#698,.T.);
#89=ADVANCED_FACE('',(#699),#700,.T.);
#90=ADVANCED_FACE('',(#701),#702,.T.);
#91=ADVANCED_FACE('',(#703),#704,.T.);
#92=ADVANCED_FACE('',(#705),#706,.F.);
#93=ADVANCED_FACE('',(#707),#708,.F.);
#94=ADVANCED_FACE('',(#709),#710,.F.);
#95=ADVANCED_FACE('',(#711),#712,.T.);
#96=ADVANCED_FACE('',(#713),#714,.T.);
#97=ADVANCED_FACE('',(#715),#716,.F.);
#98=ADVANCED_FACE('',(#717),#718,.F.);
#99=ADVANCED_FACE('',(#719),#720,.T.);
#100=ADVANCED_FACE('',(#721,#722),#723,.T.);
#101=ADVANCED_FACE('',(#724,#725),#726,.T.);
#102=ADVANCED_FACE('',(#727),#728,.F.);
#103=ADVANCED_FACE('',(#729,#730),#731,.F.);
#104=ADVANCED_FACE('',(#732),#733,.F.);
#105=ADVANCED_FACE('',(#734),#735,.T.);
#106=ADVANCED_FACE('',(#736),#737,.T.);
#107=ADVANCED_FACE('',(#738),#739,.T.);
#108=ADVANCED_FACE('',(#740,#741,#742,#743,#744,#745,#746,#747,#748,#749,#750,#751,#752,#753,#754,#755,#756,#757,#758,#759,#760,#761,#762,#763,#764,#765,#766,#767,#768,#769,#770,#771,#772,#773,#774,#775,#776),#777,.T.);
#109=ADVANCED_FACE('',(#778),#779,.T.);
#110=ADVANCED_FACE('',(#780),#781,.T.);
#111=ADVANCED_FACE('',(#782),#783,.T.);
#112=ADVANCED_FACE('',(#784),#785,.T.);
#113=ADVANCED_FACE('',(#786),#787,.T.);
#114=ADVANCED_FACE('',(#788),#789,.T.);
#115=ADVANCED_FACE('',(#790),#791,.T.);
#116=ADVANCED_FACE('',(#792),#793,.T.);
#117=ADVANCED_FACE('',(#794),#795,.T.);
#118=ADVANCED_FACE('',(#796),#797,.T.);
#119=ADVANCED_FACE('',(#798),#799,.T.);
#120=ADVANCED_FACE('',(#800),#801,.T.);
#121=ADVANCED_FACE('',(#802),#803,.T.);
#122=ADVANCED_FACE('',(#804),#805,.T.);
#123=ADVANCED_FACE('',(#806),#807,.T.);
#124=ADVANCED_FACE('',(#808),#809,.T.);
#125=ADVANCED_FACE('',(#810),#811,.T.);
#126=ADVANCED_FACE('',(#812),#813,.T.);
#127=ADVANCED_FACE('',(#814),#815,.T.);
#128=ADVANCED_FACE('',(#816),#817,.T.);
#129=ADVANCED_FACE('',(#818),#819,.T.);
#130=ADVANCED_FACE('',(#820),#821,.T.);
#131=ADVANCED_FACE('',(#822),#823,.T.);
#132=ADVANCED_FACE('',(#824),#825,.T.);
#133=ADVANCED_FACE('',(#826),#827,.T.);
#134=ADVANCED_FACE('',(#828),#829,.T.);
#135=ADVANCED_FACE('',(#830),#831,.T.);
#136=ADVANCED_FACE('',(#832),#833,.T.);
#137=ADVANCED_FACE('',(#834),#835,.T.);
#138=ADVANCED_FACE('',(#836),#837,.T.);
#139=ADVANCED_FACE('',(#838),#839,.T.);
#140=ADVANCED_FACE('',(#840),#841,.T.);
#141=ADVANCED_FACE('',(#842),#843,.T.);
#142=ADVANCED_FACE('',(#844),#845,.T.);
#143=ADVANCED_FACE('',(#846),#847,.T.);
#144=ADVANCED_FACE('',(#848),#849,.T.);
#145=ADVANCED_FACE('',(#850),#851,.T.);
#146=ADVANCED_FACE('',(#852),#853,.T.);
#147=ADVANCED_FACE('',(#854),#855,.T.);
#148=ADVANCED_FACE('',(#856),#857,.T.);
#149=ADVANCED_FACE('',(#858),#859,.T.);
#150=ADVANCED_FACE('',(#860),#861,.T.);
#151=ADVANCED_FACE('',(#862),#863,.T.);
#152=ADVANCED_FACE('',(#864),#865,.T.);
#153=ADVANCED_FACE('',(#866),#867,.T.);
#154=ADVANCED_FACE('',(#868),#869,.T.);
#155=ADVANCED_FACE('',(#870),#871,.T.);
#156=ADVANCED_FACE('',(#872),#873,.T.);
#157=ADVANCED_FACE('',(#874),#875,.T.);
#158=ADVANCED_FACE('',(#876),#877,.T.);
#159=ADVANCED_FACE('',(#878),#879,.T.);
#160=ADVANCED_FACE('',(#880),#881,.T.);
#161=ADVANCED_FACE('',(#882),#883,.T.);
#162=ADVANCED_FACE('',(#884),#885,.T.);
#163=ADVANCED_FACE('',(#886),#887,.T.);
#164=ADVANCED_FACE('',(#888),#889,.T.);
#165=ADVANCED_FACE('',(#890),#891,.T.);
#166=ADVANCED_FACE('',(#892),#893,.T.);
#167=ADVANCED_FACE('',(#894),#895,.T.);
#168=ADVANCED_FACE('',(#896),#897,.T.);
#169=ADVANCED_FACE('',(#898),#899,.T.);
#170=ADVANCED_FACE('',(#900),#901,.T.);
#171=ADVANCED_FACE('',(#902),#903,.T.);
#172=ADVANCED_FACE('',(#904),#905,.T.);
#173=ADVANCED_FACE('',(#906),#907,.T.);
#174=ADVANCED_FACE('',(#908),#909,.T.);
#175=ADVANCED_FACE('',(#910),#911,.T.);
#176=ADVANCED_FACE('',(#912),#913,.T.);
#177=ADVANCED_FACE('',(#914),#915,.T.);
#178=ADVANCED_FACE('',(#916),#917,.T.);
#179=ADVANCED_FACE('',(#918),#919,.T.);
#180=ADVANCED_FACE('',(#920),#921,.T.);
#181=ADVANCED_FACE('',(#922),#923,.T.);
#182=ADVANCED_FACE('',(#924),#925,.T.);
#183=ADVANCED_FACE('',(#926),#927,.T.);
#184=ADVANCED_FACE('',(#928),#929,.T.);
#185=ADVANCED_FACE('',(#930),#931,.T.);
#186=ADVANCED_FACE('',(#932),#933,.T.);
#187=ADVANCED_FACE('',(#934),#935,.T.);
#188=ADVANCED_FACE('',(#936),#937,.T.);
#189=ADVANCED_FACE('',(#938),#939,.T.);
#190=ADVANCED_FACE('',(#940),#941,.T.);
#191=ADVANCED_FACE('',(#942),#943,.T.);
#192=ADVANCED_FACE('',(#944),#945,.T.);
#193=ADVANCED_FACE('',(#946),#947,.T.);
#194=ADVANCED_FACE('',(#948),#949,.T.);
#195=ADVANCED_FACE('',(#950),#951,.T.);
#196=ADVANCED_FACE('',(#952),#953,.T.);
#197=ADVANCED_FACE('',(#954),#955,.T.);
#198=ADVANCED_FACE('',(#956),#957,.T.);
#199=ADVANCED_FACE('',(#958),#959,.T.);
#200=ADVANCED_FACE('',(#960),#961,.T.);
#201=ADVANCED_FACE('',(#962),#963,.T.);
#202=ADVANCED_FACE('',(#964),#965,.T.);
#203=ADVANCED_FACE('',(#966),#967,.T.);
#204=ADVANCED_FACE('',(#968),#969,.T.);
#205=ADVANCED_FACE('',(#970),#971,.T.);
#206=ADVANCED_FACE('',(#972),#973,.T.);
#207=ADVANCED_FACE('',(#974),#975,.T.);
#208=ADVANCED_FACE('',(#976),#977,.T.);
#209=ADVANCED_FACE('',(#978),#979,.T.);
#210=ADVANCED_FACE('',(#980),#981,.T.);
#211=ADVANCED_FACE('',(#982),#983,.T.);
#212=ADVANCED_FACE('',(#984),#985,.T.);
#213=ADVANCED_FACE('',(#986),#987,.T.);
#214=ADVANCED_FACE('',(#988),#989,.T.);
#215=ADVANCED_FACE('',(#990),#991,.T.);
#216=ADVANCED_FACE('',(#992),#993,.T.);
#217=ADVANCED_FACE('',(#994),#995,.T.);
#218=ADVANCED_FACE('',(#996),#997,.T.);
#219=ADVANCED_FACE('',(#998),#999,.T.);
#220=ADVANCED_FACE('',(#1000),#1001,.T.);
#221=ADVANCED_FACE('',(#1002),#1003,.T.);
#222=ADVANCED_FACE('',(#1004),#1005,.T.);
#223=ADVANCED_FACE('',(#1006),#1007,.T.);
#224=ADVANCED_FACE('',(#1008),#1009,.T.);
#225=ADVANCED_FACE('',(#1010),#1011,.T.);
#226=ADVANCED_FACE('',(#1012),#1013,.T.);
#227=ADVANCED_FACE('',(#1014),#1015,.T.);
#228=ADVANCED_FACE('',(#1016),#1017,.T.);
#229=ADVANCED_FACE('',(#1018),#1019,.T.);
#230=ADVANCED_FACE('',(#1020),#1021,.T.);
#231=ADVANCED_FACE('',(#1022),#1023,.T.);
#232=ADVANCED_FACE('',(#1024),#1025,.T.);
#233=ADVANCED_FACE('',(#1026),#1027,.T.);
#234=ADVANCED_FACE('',(#1028),#1029,.T.);
#235=ADVANCED_FACE('',(#1030),#1031,.T.);
#236=ADVANCED_FACE('',(#1032),#1033,.T.);
#237=ADVANCED_FACE('',(#1034),#1035,.T.);
#238=ADVANCED_FACE('',(#1036),#1037,.T.);
#239=ADVANCED_FACE('',(#1038),#1039,.T.);
#240=ADVANCED_FACE('',(#1040),#1041,.T.);
#241=ADVANCED_FACE('',(#1042),#1043,.T.);
#242=ADVANCED_FACE('',(#1044),#1045,.T.);
#243=ADVANCED_FACE('',(#1046),#1047,.T.);
#244=ADVANCED_FACE('',(#1048),#1049,.T.);
#245=ADVANCED_FACE('',(#1050),#1051,.T.);
#246=ADVANCED_FACE('',(#1052),#1053,.T.);
#247=ADVANCED_FACE('',(#1054),#1055,.T.);
#248=ADVANCED_FACE('',(#1056),#1057,.T.);
#249=ADVANCED_FACE('',(#1058),#1059,.T.);
#250=ADVANCED_FACE('',(#1060),#1061,.T.);
#251=ADVANCED_FACE('',(#1062),#1063,.T.);
#252=ADVANCED_FACE('',(#1064),#1065,.T.);
#253=ADVANCED_FACE('',(#1066),#1067,.T.);
#254=ADVANCED_FACE('',(#1068),#1069,.T.);
#255=ADVANCED_FACE('',(#1070),#1071,.T.);
#256=ADVANCED_FACE('',(#1072),#1073,.T.);
#257=ADVANCED_FACE('',(#1074),#1075,.T.);
#258=ADVANCED_FACE('',(#1076),#1077,.T.);
#259=ADVANCED_FACE('',(#1078),#1079,.T.);
#260=ADVANCED_FACE('',(#1080),#1081,.T.);
#261=ADVANCED_FACE('',(#1082),#1083,.T.);
#262=ADVANCED_FACE('',(#1084),#1085,.T.);
#263=ADVANCED_FACE('',(#1086),#1087,.T.);
#264=ADVANCED_FACE('',(#1088),#1089,.T.);
#265=ADVANCED_FACE('',(#1090),#1091,.T.);
#266=ADVANCED_FACE('',(#1092),#1093,.T.);
#267=ADVANCED_FACE('',(#1094),#1095,.T.);
#268=ADVANCED_FACE('',(#1096),#1097,.T.);
#269=ADVANCED_FACE('',(#1098),#1099,.T.);
#270=ADVANCED_FACE('',(#1100),#1101,.T.);
#271=ADVANCED_FACE('',(#1102),#1103,.T.);
#272=ADVANCED_FACE('',(#1104),#1105,.T.);
#273=ADVANCED_FACE('',(#1106),#1107,.T.);
#274=ADVANCED_FACE('',(#1108),#1109,.T.);
#275=ADVANCED_FACE('',(#1110),#1111,.T.);
#276=ADVANCED_FACE('',(#1112),#1113,.T.);
#277=ADVANCED_FACE('',(#1114),#1115,.T.);
#278=ADVANCED_FACE('',(#1116),#1117,.T.);
#279=ADVANCED_FACE('',(#1118),#1119,.T.);
#280=ADVANCED_FACE('',(#1120),#1121,.T.);
#281=ADVANCED_FACE('',(#1122),#1123,.T.);
#282=ADVANCED_FACE('',(#1124),#1125,.T.);
#283=ADVANCED_FACE('',(#1126),#1127,.T.);
#284=ADVANCED_FACE('',(#1128),#1129,.T.);
#285=ADVANCED_FACE('',(#1130),#1131,.T.);
#286=ADVANCED_FACE('',(#1132),#1133,.T.);
#287=ADVANCED_FACE('',(#1134),#1135,.T.);
#288=ADVANCED_FACE('',(#1136),#1137,.T.);
#289=ADVANCED_FACE('',(#1138),#1139,.T.);
#290=ADVANCED_FACE('',(#1140,#1141),#1142,.T.);
#291=ADVANCED_FACE('',(#1143,#1144),#1145,.T.);
#292=ADVANCED_FACE('',(#1146),#1147,.F.);
#293=ADVANCED_FACE('',(#1148,#1149),#1150,.T.);
#294=ADVANCED_FACE('',(#1151,#1152),#1153,.T.);
#295=ADVANCED_FACE('',(#1154),#1155,.T.);
#296=ADVANCED_FACE('',(#1156),#1157,.T.);
#297=ADVANCED_FACE('',(#1158),#1159,.T.);
#298=ADVANCED_FACE('',(#1160),#1161,.T.);
#299=ADVANCED_FACE('',(#1162),#1163,.T.);
#300=ADVANCED_FACE('',(#1164),#1165,.T.);
#301=ADVANCED_FACE('',(#1166),#1167,.T.);
#302=ADVANCED_FACE('',(#1168),#1169,.T.);
#303=ADVANCED_FACE('',(#1170),#1171,.T.);
#304=ADVANCED_FACE('',(#1172),#1173,.T.);
#305=ADVANCED_FACE('',(#1174),#1175,.T.);
#306=ADVANCED_FACE('',(#1176),#1177,.T.);
#307=ADVANCED_FACE('',(#1178),#1179,.T.);
#308=ADVANCED_FACE('',(#1180),#1181,.T.);
#309=ADVANCED_FACE('',(#1182),#1183,.F.);
#310=ADVANCED_FACE('',(#1184),#1185,.T.);
#311=ADVANCED_FACE('',(#1186),#1187,.F.);
#312=ADVANCED_FACE('',(#1188),#1189,.F.);
#313=ADVANCED_FACE('',(#1190),#1191,.T.);
#314=ADVANCED_FACE('',(#1192),#1193,.T.);
#315=ADVANCED_FACE('',(#1194),#1195,.F.);
#316=ADVANCED_FACE('',(#1196),#1197,.F.);
#317=ADVANCED_FACE('',(#1198),#1199,.T.);
#318=ADVANCED_FACE('',(#1200),#1201,.F.);
#319=ADVANCED_FACE('',(#1202),#1203,.F.);
#320=ADVANCED_FACE('',(#1204),#1205,.F.);
#321=ADVANCED_FACE('',(#1206),#1207,.F.);
#322=ADVANCED_FACE('',(#1208),#1209,.F.);
#323=ADVANCED_FACE('',(#1210),#1211,.F.);
#324=ADVANCED_FACE('',(#1212),#1213,.T.);
#325=ADVANCED_FACE('',(#1214),#1215,.T.);
#326=ADVANCED_FACE('',(#1216,#1217),#1218,.T.);
#327=ADVANCED_FACE('',(#1219,#1220),#1221,.T.);
#328=ADVANCED_FACE('',(#1222),#1223,.T.);
#329=ADVANCED_FACE('',(#1224),#1225,.T.);
#330=ADVANCED_FACE('',(#1226),#1227,.F.);
#331=ADVANCED_FACE('',(#1228),#1229,.F.);
#332=ADVANCED_FACE('',(#1230),#1231,.F.);
#333=ADVANCED_FACE('',(#1232),#1233,.F.);
#334=ADVANCED_FACE('',(#1234),#1235,.F.);
#335=ADVANCED_FACE('',(#1236),#1237,.F.);
#336=ADVANCED_FACE('',(#1238),#1239,.T.);
#337=ADVANCED_FACE('',(#1240),#1241,.F.);
#338=ADVANCED_FACE('',(#1242,#1243,#1244,#1245,#1246,#1247,#1248,#1249,#1250,#1251,#1252,#1253,#1254,#1255,#1256,#1257,#1258,#1259,#1260),#1261,.F.);
#339=ADVANCED_FACE('',(#1262),#1263,.T.);
#340=ADVANCED_FACE('',(#1264),#1265,.F.);
#341=ADVANCED_FACE('',(#1266,#1267,#1268,#1269,#1270,#1271,#1272,#1273,#1274,#1275,#1276,#1277,#1278,#1279,#1280,#1281,#1282,#1283,#1284),#1285,.F.);
#342=ADVANCED_FACE('',(#1286,#1287,#1288,#1289,#1290,#1291,#1292,#1293,#1294,#1295,#1296,#1297,#1298,#1299,#1300,#1301,#1302,#1303,#1304,#1305,#1306,#1307,#1308,#1309,#1310,#1311,#1312,#1313,#1314,#1315,#1316,#1317,#1318,#1319,#1320,#1321,#1322),#1323,.T.);
#343=ADVANCED_FACE('',(#1324),#1325,.F.);
#344=ADVANCED_FACE('',(#1326),#1327,.F.);
#345=ADVANCED_FACE('',(#1328),#1329,.T.);
#346=ADVANCED_FACE('',(#1330),#1331,.T.);
#347=ADVANCED_FACE('',(#1332),#1333,.T.);
#348=ADVANCED_FACE('',(#1334),#1335,.T.);
#349=ADVANCED_FACE('',(#1336),#1337,.F.);
#350=ADVANCED_FACE('',(#1338),#1339,.T.);
#351=ADVANCED_FACE('',(#1340),#1341,.T.);
#352=ADVANCED_FACE('',(#1342),#1343,.T.);
#353=ADVANCED_FACE('',(#1344),#1345,.T.);
#354=ADVANCED_FACE('',(#1346),#1347,.T.);
#355=ADVANCED_FACE('',(#1348),#1349,.F.);
#356=ADVANCED_FACE('',(#1350),#1351,.T.);
#357=ADVANCED_FACE('',(#1352),#1353,.F.);
#358=ADVANCED_FACE('',(#1354),#1355,.F.);
#359=ADVANCED_FACE('',(#1356),#1357,.T.);
#360=ADVANCED_FACE('',(#1358),#1359,.T.);
#361=ADVANCED_FACE('',(#1360),#1361,.T.);
#362=ADVANCED_FACE('',(#1362),#1363,.T.);
#363=ADVANCED_FACE('',(#1364),#1365,.F.);
#364=ADVANCED_FACE('',(#1366),#1367,.T.);
#365=ADVANCED_FACE('',(#1368),#1369,.T.);
#366=ADVANCED_FACE('',(#1370),#1371,.T.);
#367=ADVANCED_FACE('',(#1372),#1373,.T.);
#368=ADVANCED_FACE('',(#1374),#1375,.T.);
#369=ADVANCED_FACE('',(#1376),#1377,.F.);
#370=ADVANCED_FACE('',(#1378),#1379,.T.);
#371=ADVANCED_FACE('',(#1380),#1381,.F.);
#372=ADVANCED_FACE('',(#1382),#1383,.F.);
#373=ADVANCED_FACE('',(#1384),#1385,.T.);
#374=ADVANCED_FACE('',(#1386),#1387,.T.);
#375=ADVANCED_FACE('',(#1388),#1389,.T.);
#376=ADVANCED_FACE('',(#1390),#1391,.T.);
#377=ADVANCED_FACE('',(#1392),#1393,.F.);
#378=ADVANCED_FACE('',(#1394),#1395,.T.);
#379=ADVANCED_FACE('',(#1396),#1397,.T.);
#380=ADVANCED_FACE('',(#1398),#1399,.T.);
#381=ADVANCED_FACE('',(#1400),#1401,.T.);
#382=ADVANCED_FACE('',(#1402),#1403,.T.);
#383=ADVANCED_FACE('',(#1404),#1405,.F.);
#384=ADVANCED_FACE('',(#1406),#1407,.T.);
#385=ADVANCED_FACE('',(#1408),#1409,.F.);
#386=ADVANCED_FACE('',(#1410),#1411,.F.);
#387=ADVANCED_FACE('',(#1412),#1413,.T.);
#388=ADVANCED_FACE('',(#1414),#1415,.T.);
#389=ADVANCED_FACE('',(#1416),#1417,.T.);
#390=ADVANCED_FACE('',(#1418),#1419,.T.);
#391=ADVANCED_FACE('',(#1420),#1421,.F.);
#392=ADVANCED_FACE('',(#1422),#1423,.T.);
#393=ADVANCED_FACE('',(#1424),#1425,.T.);
#394=ADVANCED_FACE('',(#1426),#1427,.T.);
#395=ADVANCED_FACE('',(#1428),#1429,.T.);
#396=ADVANCED_FACE('',(#1430),#1431,.T.);
#397=ADVANCED_FACE('',(#1432),#1433,.F.);
#398=ADVANCED_FACE('',(#1434),#1435,.T.);
#399=ADVANCED_FACE('',(#1436),#1437,.F.);
#400=ADVANCED_FACE('',(#1438),#1439,.F.);
#401=ADVANCED_FACE('',(#1440),#1441,.T.);
#402=ADVANCED_FACE('',(#1442),#1443,.T.);
#403=ADVANCED_FACE('',(#1444),#1445,.T.);
#404=ADVANCED_FACE('',(#1446),#1447,.T.);
#405=ADVANCED_FACE('',(#1448),#1449,.F.);
#406=ADVANCED_FACE('',(#1450),#1451,.T.);
#407=ADVANCED_FACE('',(#1452),#1453,.T.);
#408=ADVANCED_FACE('',(#1454),#1455,.T.);
#409=ADVANCED_FACE('',(#1456),#1457,.T.);
#410=ADVANCED_FACE('',(#1458),#1459,.T.);
#411=ADVANCED_FACE('',(#1460),#1461,.F.);
#412=ADVANCED_FACE('',(#1462),#1463,.T.);
#413=ADVANCED_FACE('',(#1464),#1465,.F.);
#414=ADVANCED_FACE('',(#1466),#1467,.F.);
#415=ADVANCED_FACE('',(#1468),#1469,.T.);
#416=ADVANCED_FACE('',(#1470),#1471,.T.);
#417=ADVANCED_FACE('',(#1472),#1473,.T.);
#418=ADVANCED_FACE('',(#1474),#1475,.T.);
#419=ADVANCED_FACE('',(#1476),#1477,.F.);
#420=ADVANCED_FACE('',(#1478),#1479,.T.);
#421=ADVANCED_FACE('',(#1480),#1481,.T.);
#422=ADVANCED_FACE('',(#1482),#1483,.T.);
#423=ADVANCED_FACE('',(#1484),#1485,.T.);
#424=ADVANCED_FACE('',(#1486),#1487,.T.);
#425=ADVANCED_FACE('',(#1488),#1489,.F.);
#426=ADVANCED_FACE('',(#1490),#1491,.T.);
#427=ADVANCED_FACE('',(#1492),#1493,.F.);
#428=ADVANCED_FACE('',(#1494),#1495,.F.);
#429=ADVANCED_FACE('',(#1496),#1497,.T.);
#430=ADVANCED_FACE('',(#1498),#1499,.T.);
#431=ADVANCED_FACE('',(#1500),#1501,.T.);
#432=ADVANCED_FACE('',(#1502),#1503,.T.);
#433=ADVANCED_FACE('',(#1504),#1505,.F.);
#434=ADVANCED_FACE('',(#1506),#1507,.T.);
#435=ADVANCED_FACE('',(#1508),#1509,.T.);
#436=ADVANCED_FACE('',(#1510),#1511,.T.);
#437=ADVANCED_FACE('',(#1512),#1513,.T.);
#438=ADVANCED_FACE('',(#1514),#1515,.T.);
#439=ADVANCED_FACE('',(#1516),#1517,.F.);
#440=ADVANCED_FACE('',(#1518),#1519,.T.);
#441=ADVANCED_FACE('',(#1520),#1521,.F.);
#442=ADVANCED_FACE('',(#1522),#1523,.F.);
#443=ADVANCED_FACE('',(#1524),#1525,.T.);
#444=ADVANCED_FACE('',(#1526),#1527,.T.);
#445=ADVANCED_FACE('',(#1528),#1529,.T.);
#446=ADVANCED_FACE('',(#1530),#1531,.T.);
#447=ADVANCED_FACE('',(#1532),#1533,.F.);
#448=ADVANCED_FACE('',(#1534),#1535,.T.);
#449=ADVANCED_FACE('',(#1536),#1537,.T.);
#450=ADVANCED_FACE('',(#1538),#1539,.T.);
#451=ADVANCED_FACE('',(#1540),#1541,.T.);
#452=ADVANCED_FACE('',(#1542),#1543,.T.);
#453=ADVANCED_FACE('',(#1544),#1545,.F.);
#454=ADVANCED_FACE('',(#1546),#1547,.T.);
#455=ADVANCED_FACE('',(#1548),#1549,.F.);
#456=ADVANCED_FACE('',(#1550),#1551,.F.);
#457=ADVANCED_FACE('',(#1552),#1553,.T.);
#458=ADVANCED_FACE('',(#1554),#1555,.T.);
#459=ADVANCED_FACE('',(#1556),#1557,.T.);
#460=ADVANCED_FACE('',(#1558),#1559,.T.);
#461=ADVANCED_FACE('',(#1560),#1561,.F.);
#462=ADVANCED_FACE('',(#1562),#1563,.T.);
#463=ADVANCED_FACE('',(#1564),#1565,.T.);
#464=ADVANCED_FACE('',(#1566),#1567,.T.);
#465=ADVANCED_FACE('',(#1568),#1569,.T.);
#466=ADVANCED_FACE('',(#1570),#1571,.T.);
#467=ADVANCED_FACE('',(#1572),#1573,.F.);
#468=ADVANCED_FACE('',(#1574),#1575,.T.);
#469=ADVANCED_FACE('',(#1576),#1577,.F.);
#470=ADVANCED_FACE('',(#1578),#1579,.F.);
#471=ADVANCED_FACE('',(#1580),#1581,.T.);
#472=ADVANCED_FACE('',(#1582),#1583,.T.);
#473=ADVANCED_FACE('',(#1584),#1585,.T.);
#474=ADVANCED_FACE('',(#1586),#1587,.T.);
#475=ADVANCED_FACE('',(#1588),#1589,.F.);
#476=ADVANCED_FACE('',(#1590),#1591,.T.);
#477=ADVANCED_FACE('',(#1592),#1593,.T.);
#478=ADVANCED_FACE('',(#1594),#1595,.T.);
#479=ADVANCED_FACE('',(#1596),#1597,.T.);
#480=ADVANCED_FACE('',(#1598),#1599,.T.);
#481=ADVANCED_FACE('',(#1600),#1601,.F.);
#482=ADVANCED_FACE('',(#1602),#1603,.T.);
#483=ADVANCED_FACE('',(#1604),#1605,.F.);
#484=ADVANCED_FACE('',(#1606),#1607,.F.);
#485=ADVANCED_FACE('',(#1608),#1609,.T.);
#486=ADVANCED_FACE('',(#1610),#1611,.T.);
#487=ADVANCED_FACE('',(#1612),#1613,.T.);
#488=ADVANCED_FACE('',(#1614),#1615,.T.);
#489=ADVANCED_FACE('',(#1616),#1617,.F.);
#490=ADVANCED_FACE('',(#1618),#1619,.T.);
#491=ADVANCED_FACE('',(#1620),#1621,.T.);
#492=ADVANCED_FACE('',(#1622),#1623,.T.);
#493=ADVANCED_FACE('',(#1624),#1625,.T.);
#494=ADVANCED_FACE('',(#1626),#1627,.T.);
#495=ADVANCED_FACE('',(#1628),#1629,.F.);
#496=ADVANCED_FACE('',(#1630),#1631,.T.);
#497=ADVANCED_FACE('',(#1632),#1633,.F.);
#498=ADVANCED_FACE('',(#1634),#1635,.F.);
#499=ADVANCED_FACE('',(#1636),#1637,.T.);
#500=ADVANCED_FACE('',(#1638),#1639,.T.);
#501=ADVANCED_FACE('',(#1640),#1641,.T.);
#502=ADVANCED_FACE('',(#1642),#1643,.T.);
#503=ADVANCED_FACE('',(#1644),#1645,.F.);
#504=ADVANCED_FACE('',(#1646),#1647,.T.);
#505=ADVANCED_FACE('',(#1648),#1649,.T.);
#506=ADVANCED_FACE('',(#1650),#1651,.T.);
#507=ADVANCED_FACE('',(#1652),#1653,.T.);
#508=ADVANCED_FACE('',(#1654),#1655,.T.);
#509=ADVANCED_FACE('',(#1656),#1657,.F.);
#510=ADVANCED_FACE('',(#1658),#1659,.T.);
#511=ADVANCED_FACE('',(#1660),#1661,.F.);
#512=ADVANCED_FACE('',(#1662),#1663,.F.);
#513=ADVANCED_FACE('',(#1664),#1665,.T.);
#514=ADVANCED_FACE('',(#1666),#1667,.T.);
#515=ADVANCED_FACE('',(#1668),#1669,.T.);
#516=ADVANCED_FACE('',(#1670),#1671,.T.);
#517=ADVANCED_FACE('',(#1672),#1673,.F.);
#518=ADVANCED_FACE('',(#1674),#1675,.T.);
#519=ADVANCED_FACE('',(#1676),#1677,.T.);
#520=ADVANCED_FACE('',(#1678),#1679,.T.);
#521=ADVANCED_FACE('',(#1680),#1681,.T.);
#522=ADVANCED_FACE('',(#1682),#1683,.T.);
#523=ADVANCED_FACE('',(#1684),#1685,.F.);
#524=ADVANCED_FACE('',(#1686),#1687,.T.);
#525=ADVANCED_FACE('',(#1688),#1689,.F.);
#526=ADVANCED_FACE('',(#1690),#1691,.F.);
#527=ADVANCED_FACE('',(#1692),#1693,.T.);
#528=ADVANCED_FACE('',(#1694),#1695,.T.);
#529=ADVANCED_FACE('',(#1696),#1697,.T.);
#530=ADVANCED_FACE('',(#1698),#1699,.T.);
#531=ADVANCED_FACE('',(#1700),#1701,.F.);
#532=ADVANCED_FACE('',(#1702),#1703,.T.);
#533=ADVANCED_FACE('',(#1704),#1705,.T.);
#534=ADVANCED_FACE('',(#1706),#1707,.T.);
#535=ADVANCED_FACE('',(#1708),#1709,.T.);
#536=ADVANCED_FACE('',(#1710),#1711,.T.);
#537=ADVANCED_FACE('',(#1712),#1713,.F.);
#538=ADVANCED_FACE('',(#1714),#1715,.T.);
#539=ADVANCED_FACE('',(#1716),#1717,.F.);
#540=ADVANCED_FACE('',(#1718),#1719,.F.);
#541=ADVANCED_FACE('',(#1720),#1721,.T.);
#542=ADVANCED_FACE('',(#1722),#1723,.T.);
#543=ADVANCED_FACE('',(#1724),#1725,.T.);
#544=ADVANCED_FACE('',(#1726),#1727,.T.);
#545=ADVANCED_FACE('',(#1728),#1729,.F.);
#546=ADVANCED_FACE('',(#1730),#1731,.T.);
#547=ADVANCED_FACE('',(#1732),#1733,.T.);
#548=ADVANCED_FACE('',(#1734),#1735,.T.);
#549=ADVANCED_FACE('',(#1736),#1737,.T.);
#550=ADVANCED_FACE('',(#1738),#1739,.T.);
#551=ADVANCED_FACE('',(#1740),#1741,.F.);
#552=ADVANCED_FACE('',(#1742),#1743,.T.);
#553=ADVANCED_FACE('',(#1744),#1745,.F.);
#554=ADVANCED_FACE('',(#1746),#1747,.F.);
#555=ADVANCED_FACE('',(#1748),#1749,.T.);
#556=ADVANCED_FACE('',(#1750),#1751,.T.);
#557=ADVANCED_FACE('',(#1752),#1753,.T.);
#558=ADVANCED_FACE('',(#1754),#1755,.T.);
#559=ADVANCED_FACE('',(#1756),#1757,.F.);
#560=ADVANCED_FACE('',(#1758),#1759,.T.);
#561=ADVANCED_FACE('',(#1760),#1761,.T.);
#562=ADVANCED_FACE('',(#1762),#1763,.T.);
#563=ADVANCED_FACE('',(#1764),#1765,.T.);
#564=ADVANCED_FACE('',(#1766),#1767,.T.);
#565=ADVANCED_FACE('',(#1768),#1769,.F.);
#566=ADVANCED_FACE('',(#1770),#1771,.T.);
#567=ADVANCED_FACE('',(#1772),#1773,.F.);
#568=ADVANCED_FACE('',(#1774),#1775,.F.);
#569=ADVANCED_FACE('',(#1776),#1777,.T.);
#570=ADVANCED_FACE('',(#1778),#1779,.T.);
#571=ADVANCED_FACE('',(#1780),#1781,.T.);
#572=ADVANCED_FACE('',(#1782),#1783,.T.);
#573=ADVANCED_FACE('',(#1784),#1785,.F.);
#574=ADVANCED_FACE('',(#1786),#1787,.T.);
#575=ADVANCED_FACE('',(#1788),#1789,.T.);
#576=ADVANCED_FACE('',(#1790),#1791,.T.);
#577=ADVANCED_FACE('',(#1792),#1793,.T.);
#578=ADVANCED_FACE('',(#1794),#1795,.T.);
#579=ADVANCED_FACE('',(#1796),#1797,.F.);
#580=ADVANCED_FACE('',(#1798),#1799,.T.);
#581=ADVANCED_FACE('',(#1800),#1801,.F.);
#582=ADVANCED_FACE('',(#1802),#1803,.F.);
#583=ADVANCED_FACE('',(#1804),#1805,.T.);
#584=ADVANCED_FACE('',(#1806),#1807,.T.);
#585=ADVANCED_FACE('',(#1808),#1809,.T.);
#586=ADVANCED_FACE('',(#1810),#1811,.T.);
#587=ADVANCED_FACE('',(#1812),#1813,.F.);
#588=ADVANCED_FACE('',(#1814),#1815,.T.);
#589=ADVANCED_FACE('',(#1816),#1817,.T.);
#590=ADVANCED_FACE('',(#1818),#1819,.T.);
#591=ADVANCED_FACE('',(#1820),#1821,.T.);
#592=ADVANCED_FACE('',(#1822),#1823,.T.);
#593=ADVANCED_FACE('',(#1824),#1825,.F.);
#594=ADVANCED_FACE('',(#1826),#1827,.T.);
#595=ADVANCED_FACE('',(#1828),#1829,.F.);
#596=ADVANCED_FACE('',(#1830),#1831,.F.);
#597=ADVANCED_FACE('',(#1832),#1833,.F.);
#598=ADVANCED_FACE('',(#1834),#1835,.F.);
#599=ADVANCED_FACE('',(#1836),#1837,.F.);
#600=ADVANCED_FACE('',(#1838),#1839,.F.);
#601=ADVANCED_FACE('',(#1840),#1841,.F.);
#602=ADVANCED_FACE('',(#1842,#1843),#1844,.T.);
#603=ADVANCED_FACE('',(#1845),#1846,.F.);
#604=ADVANCED_FACE('',(#1847),#1848,.F.);
#605=ADVANCED_FACE('',(#1849),#1850,.F.);
#606=ADVANCED_FACE('',(#1851),#1852,.F.);
#608=FACE_OUTER_BOUND('',#1853,.T.);
#609=CONICAL_SURFACE('',#1854,4.043348943381,0.261796796522897);
#610=FACE_OUTER_BOUND('',#1855,.T.);
#611=CONICAL_SURFACE('',#1856,4.043348943381,0.261796796522897);
#612=FACE_OUTER_BOUND('',#1857,.T.);
#613=CYLINDRICAL_SURFACE('',#1858,4.1148);
#614=FACE_OUTER_BOUND('',#1859,.T.);
#615=CYLINDRICAL_SURFACE('',#1860,4.1148);
#616=FACE_OUTER_BOUND('',#1861,.T.);
#617=CONICAL_SURFACE('',#1862,4.043341744121,0.261796351397092);
#618=FACE_OUTER_BOUND('',#1863,.T.);
#619=CONICAL_SURFACE('',#1864,4.043341744121,0.261796351397092);
#620=FACE_OUTER_BOUND('',#1865,.T.);
#621=CYLINDRICAL_SURFACE('',#1866,3.7465);
#622=FACE_OUTER_BOUND('',#1867,.T.);
#623=CYLINDRICAL_SURFACE('',#1868,3.7465);
#624=FACE_OUTER_BOUND('',#1869,.T.);
#625=FACE_BOUND('',#1870,.T.);
#626=FACE_BOUND('',#1871,.T.);
#627=PLANE('',#1872);
#628=FACE_OUTER_BOUND('',#1873,.T.);
#629=PLANE('',#1874);
#630=FACE_OUTER_BOUND('',#1875,.T.);
#631=PLANE('',#1876);
#632=FACE_OUTER_BOUND('',#1877,.T.);
#633=FACE_BOUND('',#1878,.T.);
#634=PLANE('',#1879);
#635=FACE_OUTER_BOUND('',#1880,.T.);
#636=CYLINDRICAL_SURFACE('',#1881,3.7465);
#637=FACE_OUTER_BOUND('',#1882,.T.);
#638=PLANE('',#1883);
#639=FACE_OUTER_BOUND('',#1884,.T.);
#640=CYLINDRICAL_SURFACE('',#1885,3.7465);
#641=FACE_OUTER_BOUND('',#1886,.T.);
#642=PLANE('',#1887);
#643=FACE_OUTER_BOUND('',#1888,.T.);
#644=CYLINDRICAL_SURFACE('',#1889,3.7465);
#645=FACE_OUTER_BOUND('',#1890,.T.);
#646=PLANE('',#1891);
#647=FACE_OUTER_BOUND('',#1892,.T.);
#648=CYLINDRICAL_SURFACE('',#1893,3.7465);
#649=FACE_OUTER_BOUND('',#1894,.T.);
#650=PLANE('',#1895);
#651=FACE_OUTER_BOUND('',#1896,.T.);
#652=FACE_BOUND('',#1897,.T.);
#653=PLANE('',#1898);
#654=FACE_OUTER_BOUND('',#1899,.T.);
#655=FACE_BOUND('',#1900,.T.);
#656=PLANE('',#1901);
#657=FACE_OUTER_BOUND('',#1902,.T.);
#658=PLANE('',#1903);
#659=FACE_OUTER_BOUND('',#1904,.T.);
#660=PLANE('',#1905);
#661=FACE_OUTER_BOUND('',#1906,.T.);
#662=PLANE('',#1907);
#663=FACE_OUTER_BOUND('',#1908,.T.);
#664=CONICAL_SURFACE('',#1909,4.043341744121,0.261796351397092);
#665=FACE_OUTER_BOUND('',#1910,.T.);
#666=CONICAL_SURFACE('',#1911,4.043341744121,0.261796351397092);
#667=FACE_OUTER_BOUND('',#1912,.T.);
#668=PLANE('',#1913);
#669=FACE_OUTER_BOUND('',#1914,.T.);
#670=PLANE('',#1915);
#671=FACE_OUTER_BOUND('',#1916,.T.);
#672=PLANE('',#1917);
#673=FACE_OUTER_BOUND('',#1918,.T.);
#674=PLANE('',#1919);
#675=FACE_OUTER_BOUND('',#1920,.T.);
#676=PLANE('',#1921);
#677=FACE_OUTER_BOUND('',#1922,.T.);
#678=PLANE('',#1923);
#679=FACE_OUTER_BOUND('',#1924,.T.);
#680=PLANE('',#1925);
#681=FACE_OUTER_BOUND('',#1926,.T.);
#682=PLANE('',#1927);
#683=FACE_OUTER_BOUND('',#1928,.T.);
#684=PLANE('',#1929);
#685=FACE_OUTER_BOUND('',#1930,.T.);
#686=PLANE('',#1931);
#687=FACE_OUTER_BOUND('',#1932,.T.);
#688=PLANE('',#1933);
#689=FACE_OUTER_BOUND('',#1934,.T.);
#690=PLANE('',#1935);
#691=FACE_OUTER_BOUND('',#1936,.T.);
#692=PLANE('',#1937);
#693=FACE_OUTER_BOUND('',#1938,.T.);
#694=PLANE('',#1939);
#695=FACE_OUTER_BOUND('',#1940,.T.);
#696=PLANE('',#1941);
#697=FACE_OUTER_BOUND('',#1942,.T.);
#698=PLANE('',#1943);
#699=FACE_OUTER_BOUND('',#1944,.T.);
#700=PLANE('',#1945);
#701=FACE_OUTER_BOUND('',#1946,.T.);
#702=PLANE('',#1947);
#703=FACE_OUTER_BOUND('',#1948,.T.);
#704=PLANE('',#1949);
#705=FACE_OUTER_BOUND('',#1950,.T.);
#706=PLANE('',#1951);
#707=FACE_OUTER_BOUND('',#1952,.T.);
#708=PLANE('',#1953);
#709=FACE_OUTER_BOUND('',#1954,.T.);
#710=PLANE('',#1955);
#711=FACE_OUTER_BOUND('',#1956,.T.);
#712=PLANE('',#1957);
#713=FACE_OUTER_BOUND('',#1958,.T.);
#714=PLANE('',#1959);
#715=FACE_OUTER_BOUND('',#1960,.T.);
#716=PLANE('',#1961);
#717=FACE_OUTER_BOUND('',#1962,.T.);
#718=PLANE('',#1963);
#719=FACE_OUTER_BOUND('',#1964,.T.);
#720=PLANE('',#1965);
#721=FACE_OUTER_BOUND('',#1966,.T.);
#722=FACE_BOUND('',#1967,.T.);
#723=PLANE('',#1968);
#724=FACE_OUTER_BOUND('',#1969,.T.);
#725=FACE_BOUND('',#1970,.T.);
#726=PLANE('',#1971);
#727=FACE_OUTER_BOUND('',#1972,.T.);
#728=PLANE('',#1973);
#729=FACE_OUTER_BOUND('',#1974,.T.);
#730=FACE_BOUND('',#1975,.T.);
#731=PLANE('',#1976);
#732=FACE_OUTER_BOUND('',#1977,.T.);
#733=PLANE('',#1978);
#734=FACE_OUTER_BOUND('',#1979,.T.);
#735=PLANE('',#1980);
#736=FACE_OUTER_BOUND('',#1981,.T.);
#737=PLANE('',#1982);
#738=FACE_OUTER_BOUND('',#1983,.T.);
#739=PLANE('',#1984);
#740=FACE_OUTER_BOUND('',#1985,.T.);
#741=FACE_BOUND('',#1986,.T.);
#742=FACE_BOUND('',#1987,.T.);
#743=FACE_BOUND('',#1988,.T.);
#744=FACE_BOUND('',#1989,.T.);
#745=FACE_BOUND('',#1990,.T.);
#746=FACE_BOUND('',#1991,.T.);
#747=FACE_BOUND('',#1992,.T.);
#748=FACE_BOUND('',#1993,.T.);
#749=FACE_BOUND('',#1994,.T.);
#750=FACE_BOUND('',#1995,.T.);
#751=FACE_BOUND('',#1996,.T.);
#752=FACE_BOUND('',#1997,.T.);
#753=FACE_BOUND('',#1998,.T.);
#754=FACE_BOUND('',#1999,.T.);
#755=FACE_BOUND('',#2000,.T.);
#756=FACE_BOUND('',#2001,.T.);
#757=FACE_BOUND('',#2002,.T.);
#758=FACE_BOUND('',#2003,.T.);
#759=FACE_BOUND('',#2004,.T.);
#760=FACE_BOUND('',#2005,.T.);
#761=FACE_BOUND('',#2006,.T.);
#762=FACE_BOUND('',#2007,.T.);
#763=FACE_BOUND('',#2008,.T.);
#764=FACE_BOUND('',#2009,.T.);
#765=FACE_BOUND('',#2010,.T.);
#766=FACE_BOUND('',#2011,.T.);
#767=FACE_BOUND('',#2012,.T.);
#768=FACE_BOUND('',#2013,.T.);
#769=FACE_BOUND('',#2014,.T.);
#770=FACE_BOUND('',#2015,.T.);
#771=FACE_BOUND('',#2016,.T.);
#772=FACE_BOUND('',#2017,.T.);
#773=FACE_BOUND('',#2018,.T.);
#774=FACE_BOUND('',#2019,.T.);
#775=FACE_BOUND('',#2020,.T.);
#776=FACE_BOUND('',#2021,.T.);
#777=PLANE('',#2022);
#778=FACE_OUTER_BOUND('',#2023,.T.);
#779=PLANE('',#2024);
#780=FACE_OUTER_BOUND('',#2025,.T.);
#781=PLANE('',#2026);
#782=FACE_OUTER_BOUND('',#2027,.T.);
#783=PLANE('',#2028);
#784=FACE_OUTER_BOUND('',#2029,.T.);
#785=PLANE('',#2030);
#786=FACE_OUTER_BOUND('',#2031,.T.);
#787=PLANE('',#2032);
#788=FACE_OUTER_BOUND('',#2033,.T.);
#789=PLANE('',#2034);
#790=FACE_OUTER_BOUND('',#2035,.T.);
#791=PLANE('',#2036);
#792=FACE_OUTER_BOUND('',#2037,.T.);
#793=PLANE('',#2038);
#794=FACE_OUTER_BOUND('',#2039,.T.);
#795=PLANE('',#2040);
#796=FACE_OUTER_BOUND('',#2041,.T.);
#797=PLANE('',#2042);
#798=FACE_OUTER_BOUND('',#2043,.T.);
#799=PLANE('',#2044);
#800=FACE_OUTER_BOUND('',#2045,.T.);
#801=PLANE('',#2046);
#802=FACE_OUTER_BOUND('',#2047,.T.);
#803=PLANE('',#2048);
#804=FACE_OUTER_BOUND('',#2049,.T.);
#805=PLANE('',#2050);
#806=FACE_OUTER_BOUND('',#2051,.T.);
#807=PLANE('',#2052);
#808=FACE_OUTER_BOUND('',#2053,.T.);
#809=PLANE('',#2054);
#810=FACE_OUTER_BOUND('',#2055,.T.);
#811=PLANE('',#2056);
#812=FACE_OUTER_BOUND('',#2057,.T.);
#813=PLANE('',#2058);
#814=FACE_OUTER_BOUND('',#2059,.T.);
#815=PLANE('',#2060);
#816=FACE_OUTER_BOUND('',#2061,.T.);
#817=PLANE('',#2062);
#818=FACE_OUTER_BOUND('',#2063,.T.);
#819=PLANE('',#2064);
#820=FACE_OUTER_BOUND('',#2065,.T.);
#821=PLANE('',#2066);
#822=FACE_OUTER_BOUND('',#2067,.T.);
#823=PLANE('',#2068);
#824=FACE_OUTER_BOUND('',#2069,.T.);
#825=PLANE('',#2070);
#826=FACE_OUTER_BOUND('',#2071,.T.);
#827=PLANE('',#2072);
#828=FACE_OUTER_BOUND('',#2073,.T.);
#829=PLANE('',#2074);
#830=FACE_OUTER_BOUND('',#2075,.T.);
#831=PLANE('',#2076);
#832=FACE_OUTER_BOUND('',#2077,.T.);
#833=PLANE('',#2078);
#834=FACE_OUTER_BOUND('',#2079,.T.);
#835=PLANE('',#2080);
#836=FACE_OUTER_BOUND('',#2081,.T.);
#837=PLANE('',#2082);
#838=FACE_OUTER_BOUND('',#2083,.T.);
#839=PLANE('',#2084);
#840=FACE_OUTER_BOUND('',#2085,.T.);
#841=PLANE('',#2086);
#842=FACE_OUTER_BOUND('',#2087,.T.);
#843=PLANE('',#2088);
#844=FACE_OUTER_BOUND('',#2089,.T.);
#845=PLANE('',#2090);
#846=FACE_OUTER_BOUND('',#2091,.T.);
#847=PLANE('',#2092);
#848=FACE_OUTER_BOUND('',#2093,.T.);
#849=PLANE('',#2094);
#850=FACE_OUTER_BOUND('',#2095,.T.);
#851=PLANE('',#2096);
#852=FACE_OUTER_BOUND('',#2097,.T.);
#853=PLANE('',#2098);
#854=FACE_OUTER_BOUND('',#2099,.T.);
#855=PLANE('',#2100);
#856=FACE_OUTER_BOUND('',#2101,.T.);
#857=PLANE('',#2102);
#858=FACE_OUTER_BOUND('',#2103,.T.);
#859=PLANE('',#2104);
#860=FACE_OUTER_BOUND('',#2105,.T.);
#861=PLANE('',#2106);
#862=FACE_OUTER_BOUND('',#2107,.T.);
#863=PLANE('',#2108);
#864=FACE_OUTER_BOUND('',#2109,.T.);
#865=PLANE('',#2110);
#866=FACE_OUTER_BOUND('',#2111,.T.);
#867=PLANE('',#2112);
#868=FACE_OUTER_BOUND('',#2113,.T.);
#869=PLANE('',#2114);
#870=FACE_OUTER_BOUND('',#2115,.T.);
#871=PLANE('',#2116);
#872=FACE_OUTER_BOUND('',#2117,.T.);
#873=PLANE('',#2118);
#874=FACE_OUTER_BOUND('',#2119,.T.);
#875=PLANE('',#2120);
#876=FACE_OUTER_BOUND('',#2121,.T.);
#877=PLANE('',#2122);
#878=FACE_OUTER_BOUND('',#2123,.T.);
#879=PLANE('',#2124);
#880=FACE_OUTER_BOUND('',#2125,.T.);
#881=PLANE('',#2126);
#882=FACE_OUTER_BOUND('',#2127,.T.);
#883=PLANE('',#2128);
#884=FACE_OUTER_BOUND('',#2129,.T.);
#885=PLANE('',#2130);
#886=FACE_OUTER_BOUND('',#2131,.T.);
#887=PLANE('',#2132);
#888=FACE_OUTER_BOUND('',#2133,.T.);
#889=PLANE('',#2134);
#890=FACE_OUTER_BOUND('',#2135,.T.);
#891=PLANE('',#2136);
#892=FACE_OUTER_BOUND('',#2137,.T.);
#893=PLANE('',#2138);
#894=FACE_OUTER_BOUND('',#2139,.T.);
#895=PLANE('',#2140);
#896=FACE_OUTER_BOUND('',#2141,.T.);
#897=PLANE('',#2142);
#898=FACE_OUTER_BOUND('',#2143,.T.);
#899=PLANE('',#2144);
#900=FACE_OUTER_BOUND('',#2145,.T.);
#901=PLANE('',#2146);
#902=FACE_OUTER_BOUND('',#2147,.T.);
#903=PLANE('',#2148);
#904=FACE_OUTER_BOUND('',#2149,.T.);
#905=PLANE('',#2150);
#906=FACE_OUTER_BOUND('',#2151,.T.);
#907=PLANE('',#2152);
#908=FACE_OUTER_BOUND('',#2153,.T.);
#909=PLANE('',#2154);
#910=FACE_OUTER_BOUND('',#2155,.T.);
#911=PLANE('',#2156);
#912=FACE_OUTER_BOUND('',#2157,.T.);
#913=PLANE('',#2158);
#914=FACE_OUTER_BOUND('',#2159,.T.);
#915=PLANE('',#2160);
#916=FACE_OUTER_BOUND('',#2161,.T.);
#917=PLANE('',#2162);
#918=FACE_OUTER_BOUND('',#2163,.T.);
#919=PLANE('',#2164);
#920=FACE_OUTER_BOUND('',#2165,.T.);
#921=PLANE('',#2166);
#922=FACE_OUTER_BOUND('',#2167,.T.);
#923=PLANE('',#2168);
#924=FACE_OUTER_BOUND('',#2169,.T.);
#925=PLANE('',#2170);
#926=FACE_OUTER_BOUND('',#2171,.T.);
#927=PLANE('',#2172);
#928=FACE_OUTER_BOUND('',#2173,.T.);
#929=PLANE('',#2174);
#930=FACE_OUTER_BOUND('',#2175,.T.);
#931=PLANE('',#2176);
#932=FACE_OUTER_BOUND('',#2177,.T.);
#933=PLANE('',#2178);
#934=FACE_OUTER_BOUND('',#2179,.T.);
#935=PLANE('',#2180);
#936=FACE_OUTER_BOUND('',#2181,.T.);
#937=PLANE('',#2182);
#938=FACE_OUTER_BOUND('',#2183,.T.);
#939=PLANE('',#2184);
#940=FACE_OUTER_BOUND('',#2185,.T.);
#941=PLANE('',#2186);
#942=FACE_OUTER_BOUND('',#2187,.T.);
#943=PLANE('',#2188);
#944=FACE_OUTER_BOUND('',#2189,.T.);
#945=PLANE('',#2190);
#946=FACE_OUTER_BOUND('',#2191,.T.);
#947=PLANE('',#2192);
#948=FACE_OUTER_BOUND('',#2193,.T.);
#949=PLANE('',#2194);
#950=FACE_OUTER_BOUND('',#2195,.T.);
#951=PLANE('',#2196);
#952=FACE_OUTER_BOUND('',#2197,.T.);
#953=PLANE('',#2198);
#954=FACE_OUTER_BOUND('',#2199,.T.);
#955=PLANE('',#2200);
#956=FACE_OUTER_BOUND('',#2201,.T.);
#957=PLANE('',#2202);
#958=FACE_OUTER_BOUND('',#2203,.T.);
#959=PLANE('',#2204);
#960=FACE_OUTER_BOUND('',#2205,.T.);
#961=PLANE('',#2206);
#962=FACE_OUTER_BOUND('',#2207,.T.);
#963=PLANE('',#2208);
#964=FACE_OUTER_BOUND('',#2209,.T.);
#965=PLANE('',#2210);
#966=FACE_OUTER_BOUND('',#2211,.T.);
#967=PLANE('',#2212);
#968=FACE_OUTER_BOUND('',#2213,.T.);
#969=PLANE('',#2214);
#970=FACE_OUTER_BOUND('',#2215,.T.);
#971=PLANE('',#2216);
#972=FACE_OUTER_BOUND('',#2217,.T.);
#973=PLANE('',#2218);
#974=FACE_OUTER_BOUND('',#2219,.T.);
#975=PLANE('',#2220);
#976=FACE_OUTER_BOUND('',#2221,.T.);
#977=PLANE('',#2222);
#978=FACE_OUTER_BOUND('',#2223,.T.);
#979=PLANE('',#2224);
#980=FACE_OUTER_BOUND('',#2225,.T.);
#981=PLANE('',#2226);
#982=FACE_OUTER_BOUND('',#2227,.T.);
#983=PLANE('',#2228);
#984=FACE_OUTER_BOUND('',#2229,.T.);
#985=PLANE('',#2230);
#986=FACE_OUTER_BOUND('',#2231,.T.);
#987=PLANE('',#2232);
#988=FACE_OUTER_BOUND('',#2233,.T.);
#989=PLANE('',#2234);
#990=FACE_OUTER_BOUND('',#2235,.T.);
#991=PLANE('',#2236);
#992=FACE_OUTER_BOUND('',#2237,.T.);
#993=PLANE('',#2238);
#994=FACE_OUTER_BOUND('',#2239,.T.);
#995=PLANE('',#2240);
#996=FACE_OUTER_BOUND('',#2241,.T.);
#997=PLANE('',#2242);
#998=FACE_OUTER_BOUND('',#2243,.T.);
#999=PLANE('',#2244);
#1000=FACE_OUTER_BOUND('',#2245,.T.);
#1001=PLANE('',#2246);
#1002=FACE_OUTER_BOUND('',#2247,.T.);
#1003=PLANE('',#2248);
#1004=FACE_OUTER_BOUND('',#2249,.T.);
#1005=PLANE('',#2250);
#1006=FACE_OUTER_BOUND('',#2251,.T.);
#1007=PLANE('',#2252);
#1008=FACE_OUTER_BOUND('',#2253,.T.);
#1009=PLANE('',#2254);
#1010=FACE_OUTER_BOUND('',#2255,.T.);
#1011=PLANE('',#2256);
#1012=FACE_OUTER_BOUND('',#2257,.T.);
#1013=PLANE('',#2258);
#1014=FACE_OUTER_BOUND('',#2259,.T.);
#1015=PLANE('',#2260);
#1016=FACE_OUTER_BOUND('',#2261,.T.);
#1017=PLANE('',#2262);
#1018=FACE_OUTER_BOUND('',#2263,.T.);
#1019=PLANE('',#2264);
#1020=FACE_OUTER_BOUND('',#2265,.T.);
#1021=PLANE('',#2266);
#1022=FACE_OUTER_BOUND('',#2267,.T.);
#1023=PLANE('',#2268);
#1024=FACE_OUTER_BOUND('',#2269,.T.);
#1025=PLANE('',#2270);
#1026=FACE_OUTER_BOUND('',#2271,.T.);
#1027=PLANE('',#2272);
#1028=FACE_OUTER_BOUND('',#2273,.T.);
#1029=PLANE('',#2274);
#1030=FACE_OUTER_BOUND('',#2275,.T.);
#1031=PLANE('',#2276);
#1032=FACE_OUTER_BOUND('',#2277,.T.);
#1033=PLANE('',#2278);
#1034=FACE_OUTER_BOUND('',#2279,.T.);
#1035=PLANE('',#2280);
#1036=FACE_OUTER_BOUND('',#2281,.T.);
#1037=PLANE('',#2282);
#1038=FACE_OUTER_BOUND('',#2283,.T.);
#1039=PLANE('',#2284);
#1040=FACE_OUTER_BOUND('',#2285,.T.);
#1041=PLANE('',#2286);
#1042=FACE_OUTER_BOUND('',#2287,.T.);
#1043=PLANE('',#2288);
#1044=FACE_OUTER_BOUND('',#2289,.T.);
#1045=PLANE('',#2290);
#1046=FACE_OUTER_BOUND('',#2291,.T.);
#1047=PLANE('',#2292);
#1048=FACE_OUTER_BOUND('',#2293,.T.);
#1049=PLANE('',#2294);
#1050=FACE_OUTER_BOUND('',#2295,.T.);
#1051=PLANE('',#2296);
#1052=FACE_OUTER_BOUND('',#2297,.T.);
#1053=PLANE('',#2298);
#1054=FACE_OUTER_BOUND('',#2299,.T.);
#1055=PLANE('',#2300);
#1056=FACE_OUTER_BOUND('',#2301,.T.);
#1057=PLANE('',#2302);
#1058=FACE_OUTER_BOUND('',#2303,.T.);
#1059=PLANE('',#2304);
#1060=FACE_OUTER_BOUND('',#2305,.T.);
#1061=PLANE('',#2306);
#1062=FACE_OUTER_BOUND('',#2307,.T.);
#1063=PLANE('',#2308);
#1064=FACE_OUTER_BOUND('',#2309,.T.);
#1065=PLANE('',#2310);
#1066=FACE_OUTER_BOUND('',#2311,.T.);
#1067=PLANE('',#2312);
#1068=FACE_OUTER_BOUND('',#2313,.T.);
#1069=PLANE('',#2314);
#1070=FACE_OUTER_BOUND('',#2315,.T.);
#1071=PLANE('',#2316);
#1072=FACE_OUTER_BOUND('',#2317,.T.);
#1073=PLANE('',#2318);
#1074=FACE_OUTER_BOUND('',#2319,.T.);
#1075=PLANE('',#2320);
#1076=FACE_OUTER_BOUND('',#2321,.T.);
#1077=PLANE('',#2322);
#1078=FACE_OUTER_BOUND('',#2323,.T.);
#1079=PLANE('',#2324);
#1080=FACE_OUTER_BOUND('',#2325,.T.);
#1081=PLANE('',#2326);
#1082=FACE_OUTER_BOUND('',#2327,.T.);
#1083=PLANE('',#2328);
#1084=FACE_OUTER_BOUND('',#2329,.T.);
#1085=PLANE('',#2330);
#1086=FACE_OUTER_BOUND('',#2331,.T.);
#1087=PLANE('',#2332);
#1088=FACE_OUTER_BOUND('',#2333,.T.);
#1089=PLANE('',#2334);
#1090=FACE_OUTER_BOUND('',#2335,.T.);
#1091=PLANE('',#2336);
#1092=FACE_OUTER_BOUND('',#2337,.T.);
#1093=PLANE('',#2338);
#1094=FACE_OUTER_BOUND('',#2339,.T.);
#1095=PLANE('',#2340);
#1096=FACE_OUTER_BOUND('',#2341,.T.);
#1097=PLANE('',#2342);
#1098=FACE_OUTER_BOUND('',#2343,.T.);
#1099=PLANE('',#2344);
#1100=FACE_OUTER_BOUND('',#2345,.T.);
#1101=PLANE('',#2346);
#1102=FACE_OUTER_BOUND('',#2347,.T.);
#1103=PLANE('',#2348);
#1104=FACE_OUTER_BOUND('',#2349,.T.);
#1105=PLANE('',#2350);
#1106=FACE_OUTER_BOUND('',#2351,.T.);
#1107=PLANE('',#2352);
#1108=FACE_OUTER_BOUND('',#2353,.T.);
#1109=PLANE('',#2354);
#1110=FACE_OUTER_BOUND('',#2355,.T.);
#1111=PLANE('',#2356);
#1112=FACE_OUTER_BOUND('',#2357,.T.);
#1113=PLANE('',#2358);
#1114=FACE_OUTER_BOUND('',#2359,.T.);
#1115=PLANE('',#2360);
#1116=FACE_OUTER_BOUND('',#2361,.T.);
#1117=PLANE('',#2362);
#1118=FACE_OUTER_BOUND('',#2363,.T.);
#1119=PLANE('',#2364);
#1120=FACE_OUTER_BOUND('',#2365,.T.);
#1121=PLANE('',#2366);
#1122=FACE_OUTER_BOUND('',#2367,.T.);
#1123=PLANE('',#2368);
#1124=FACE_OUTER_BOUND('',#2369,.T.);
#1125=PLANE('',#2370);
#1126=FACE_OUTER_BOUND('',#2371,.T.);
#1127=PLANE('',#2372);
#1128=FACE_OUTER_BOUND('',#2373,.T.);
#1129=PLANE('',#2374);
#1130=FACE_OUTER_BOUND('',#2375,.T.);
#1131=PLANE('',#2376);
#1132=FACE_OUTER_BOUND('',#2377,.T.);
#1133=PLANE('',#2378);
#1134=FACE_OUTER_BOUND('',#2379,.T.);
#1135=PLANE('',#2380);
#1136=FACE_OUTER_BOUND('',#2381,.T.);
#1137=PLANE('',#2382);
#1138=FACE_OUTER_BOUND('',#2383,.T.);
#1139=PLANE('',#2384);
#1140=FACE_OUTER_BOUND('',#2385,.T.);
#1141=FACE_BOUND('',#2386,.T.);
#1142=PLANE('',#2387);
#1143=FACE_OUTER_BOUND('',#2388,.T.);
#1144=FACE_BOUND('',#2389,.T.);
#1145=PLANE('',#2390);
#1146=FACE_OUTER_BOUND('',#2391,.T.);
#1147=PLANE('',#2392);
#1148=FACE_OUTER_BOUND('',#2393,.T.);
#1149=FACE_BOUND('',#2394,.T.);
#1150=PLANE('',#2395);
#1151=FACE_OUTER_BOUND('',#2396,.T.);
#1152=FACE_BOUND('',#2397,.T.);
#1153=PLANE('',#2398);
#1154=FACE_OUTER_BOUND('',#2399,.T.);
#1155=PLANE('',#2400);
#1156=FACE_OUTER_BOUND('',#2401,.T.);
#1157=PLANE('',#2402);
#1158=FACE_OUTER_BOUND('',#2403,.T.);
#1159=PLANE('',#2404);
#1160=FACE_OUTER_BOUND('',#2405,.T.);
#1161=PLANE('',#2406);
#1162=FACE_OUTER_BOUND('',#2407,.T.);
#1163=PLANE('',#2408);
#1164=FACE_OUTER_BOUND('',#2409,.T.);
#1165=PLANE('',#2410);
#1166=FACE_OUTER_BOUND('',#2411,.T.);
#1167=PLANE('',#2412);
#1168=FACE_OUTER_BOUND('',#2413,.T.);
#1169=PLANE('',#2414);
#1170=FACE_OUTER_BOUND('',#2415,.T.);
#1171=CYLINDRICAL_SURFACE('',#2416,4.1148);
#1172=FACE_OUTER_BOUND('',#2417,.T.);
#1173=PLANE('',#2418);
#1174=FACE_OUTER_BOUND('',#2419,.T.);
#1175=PLANE('',#2420);
#1176=FACE_OUTER_BOUND('',#2421,.T.);
#1177=PLANE('',#2422);
#1178=FACE_OUTER_BOUND('',#2423,.T.);
#1179=PLANE('',#2424);
#1180=FACE_OUTER_BOUND('',#2425,.T.);
#1181=CYLINDRICAL_SURFACE('',#2426,4.1148);
#1182=FACE_OUTER_BOUND('',#2427,.T.);
#1183=PLANE('',#2428);
#1184=FACE_OUTER_BOUND('',#2429,.T.);
#1185=PLANE('',#2430);
#1186=FACE_OUTER_BOUND('',#2431,.T.);
#1187=PLANE('',#2432);
#1188=FACE_OUTER_BOUND('',#2433,.T.);
#1189=PLANE('',#2434);
#1190=FACE_OUTER_BOUND('',#2435,.T.);
#1191=CONICAL_SURFACE('',#2436,4.043348943381,0.261796796522897);
#1192=FACE_OUTER_BOUND('',#2437,.T.);
#1193=CONICAL_SURFACE('',#2438,4.043348943381,0.261796796522897);
#1194=FACE_OUTER_BOUND('',#2439,.T.);
#1195=PLANE('',#2440);
#1196=FACE_OUTER_BOUND('',#2441,.T.);
#1197=PLANE('',#2442);
#1198=FACE_OUTER_BOUND('',#2443,.T.);
#1199=PLANE('',#2444);
#1200=FACE_OUTER_BOUND('',#2445,.T.);
#1201=PLANE('',#2446);
#1202=FACE_OUTER_BOUND('',#2447,.T.);
#1203=PLANE('',#2448);
#1204=FACE_OUTER_BOUND('',#2449,.T.);
#1205=CYLINDRICAL_SURFACE('',#2450,1.5875);
#1206=FACE_OUTER_BOUND('',#2451,.T.);
#1207=CYLINDRICAL_SURFACE('',#2452,1.5875);
#1208=FACE_OUTER_BOUND('',#2453,.T.);
#1209=CYLINDRICAL_SURFACE('',#2454,1.5875);
#1210=FACE_OUTER_BOUND('',#2455,.T.);
#1211=CYLINDRICAL_SURFACE('',#2456,1.5875);
#1212=FACE_OUTER_BOUND('',#2457,.T.);
#1213=CYLINDRICAL_SURFACE('',#2458,3.175);
#1214=FACE_OUTER_BOUND('',#2459,.T.);
#1215=CYLINDRICAL_SURFACE('',#2460,3.175);
#1216=FACE_OUTER_BOUND('',#2461,.T.);
#1217=FACE_BOUND('',#2462,.T.);
#1218=PLANE('',#2463);
#1219=FACE_OUTER_BOUND('',#2464,.T.);
#1220=FACE_BOUND('',#2465,.T.);
#1221=PLANE('',#2466);
#1222=FACE_OUTER_BOUND('',#2467,.T.);
#1223=CYLINDRICAL_SURFACE('',#2468,3.175);
#1224=FACE_OUTER_BOUND('',#2469,.T.);
#1225=CYLINDRICAL_SURFACE('',#2470,3.175);
#1226=FACE_OUTER_BOUND('',#2471,.T.);
#1227=CYLINDRICAL_SURFACE('',#2472,1.2954);
#1228=FACE_OUTER_BOUND('',#2473,.T.);
#1229=CYLINDRICAL_SURFACE('',#2474,1.2954);
#1230=FACE_OUTER_BOUND('',#2475,.T.);
#1231=CYLINDRICAL_SURFACE('',#2476,1.2954);
#1232=FACE_OUTER_BOUND('',#2477,.T.);
#1233=CYLINDRICAL_SURFACE('',#2478,1.2954);
#1234=FACE_OUTER_BOUND('',#2479,.T.);
#1235=PLANE('',#2480);
#1236=FACE_OUTER_BOUND('',#2481,.T.);
#1237=PLANE('',#2482);
#1238=FACE_OUTER_BOUND('',#2483,.T.);
#1239=PLANE('',#2484);
#1240=FACE_OUTER_BOUND('',#2485,.T.);
#1241=PLANE('',#2486);
#1242=FACE_OUTER_BOUND('',#2487,.T.);
#1243=FACE_BOUND('',#2488,.T.);
#1244=FACE_BOUND('',#2489,.T.);
#1245=FACE_BOUND('',#2490,.T.);
#1246=FACE_BOUND('',#2491,.T.);
#1247=FACE_BOUND('',#2492,.T.);
#1248=FACE_BOUND('',#2493,.T.);
#1249=FACE_BOUND('',#2494,.T.);
#1250=FACE_BOUND('',#2495,.T.);
#1251=FACE_BOUND('',#2496,.T.);
#1252=FACE_BOUND('',#2497,.T.);
#1253=FACE_BOUND('',#2498,.T.);
#1254=FACE_BOUND('',#2499,.T.);
#1255=FACE_BOUND('',#2500,.T.);
#1256=FACE_BOUND('',#2501,.T.);
#1257=FACE_BOUND('',#2502,.T.);
#1258=FACE_BOUND('',#2503,.T.);
#1259=FACE_BOUND('',#2504,.T.);
#1260=FACE_BOUND('',#2505,.T.);
#1261=PLANE('',#2506);
#1262=FACE_OUTER_BOUND('',#2507,.T.);
#1263=PLANE('',#2508);
#1264=FACE_OUTER_BOUND('',#2509,.T.);
#1265=PLANE('',#2510);
#1266=FACE_OUTER_BOUND('',#2511,.T.);
#1267=FACE_BOUND('',#2512,.T.);
#1268=FACE_BOUND('',#2513,.T.);
#1269=FACE_BOUND('',#2514,.T.);
#1270=FACE_BOUND('',#2515,.T.);
#1271=FACE_BOUND('',#2516,.T.);
#1272=FACE_BOUND('',#2517,.T.);
#1273=FACE_BOUND('',#2518,.T.);
#1274=FACE_BOUND('',#2519,.T.);
#1275=FACE_BOUND('',#2520,.T.);
#1276=FACE_BOUND('',#2521,.T.);
#1277=FACE_BOUND('',#2522,.T.);
#1278=FACE_BOUND('',#2523,.T.);
#1279=FACE_BOUND('',#2524,.T.);
#1280=FACE_BOUND('',#2525,.T.);
#1281=FACE_BOUND('',#2526,.T.);
#1282=FACE_BOUND('',#2527,.T.);
#1283=FACE_BOUND('',#2528,.T.);
#1284=FACE_BOUND('',#2529,.T.);
#1285=PLANE('',#2530);
#1286=FACE_OUTER_BOUND('',#2531,.T.);
#1287=FACE_BOUND('',#2532,.T.);
#1288=FACE_BOUND('',#2533,.T.);
#1289=FACE_BOUND('',#2534,.T.);
#1290=FACE_BOUND('',#2535,.T.);
#1291=FACE_BOUND('',#2536,.T.);
#1292=FACE_BOUND('',#2537,.T.);
#1293=FACE_BOUND('',#2538,.T.);
#1294=FACE_BOUND('',#2539,.T.);
#1295=FACE_BOUND('',#2540,.T.);
#1296=FACE_BOUND('',#2541,.T.);
#1297=FACE_BOUND('',#2542,.T.);
#1298=FACE_BOUND('',#2543,.T.);
#1299=FACE_BOUND('',#2544,.T.);
#1300=FACE_BOUND('',#2545,.T.);
#1301=FACE_BOUND('',#2546,.T.);
#1302=FACE_BOUND('',#2547,.T.);
#1303=FACE_BOUND('',#2548,.T.);
#1304=FACE_BOUND('',#2549,.T.);
#1305=FACE_BOUND('',#2550,.T.);
#1306=FACE_BOUND('',#2551,.T.);
#1307=FACE_BOUND('',#2552,.T.);
#1308=FACE_BOUND('',#2553,.T.);
#1309=FACE_BOUND('',#2554,.T.);
#1310=FACE_BOUND('',#2555,.T.);
#1311=FACE_BOUND('',#2556,.T.);
#1312=FACE_BOUND('',#2557,.T.);
#1313=FACE_BOUND('',#2558,.T.);
#1314=FACE_BOUND('',#2559,.T.);
#1315=FACE_BOUND('',#2560,.T.);
#1316=FACE_BOUND('',#2561,.T.);
#1317=FACE_BOUND('',#2562,.T.);
#1318=FACE_BOUND('',#2563,.T.);
#1319=FACE_BOUND('',#2564,.T.);
#1320=FACE_BOUND('',#2565,.T.);
#1321=FACE_BOUND('',#2566,.T.);
#1322=FACE_BOUND('',#2567,.T.);
#1323=PLANE('',#2568);
#1324=FACE_OUTER_BOUND('',#2569,.T.);
#1325=PLANE('',#2570);
#1326=FACE_OUTER_BOUND('',#2571,.T.);
#1327=PLANE('',#2572);
#1328=FACE_OUTER_BOUND('',#2573,.T.);
#1329=PLANE('',#2574);
#1330=FACE_OUTER_BOUND('',#2575,.T.);
#1331=PLANE('',#2576);
#1332=FACE_OUTER_BOUND('',#2577,.T.);
#1333=PLANE('',#2578);
#1334=FACE_OUTER_BOUND('',#2579,.T.);
#1335=PLANE('',#2580);
#1336=FACE_OUTER_BOUND('',#2581,.T.);
#1337=CYLINDRICAL_SURFACE('',#2582,3.5052);
#1338=FACE_OUTER_BOUND('',#2583,.T.);
#1339=PLANE('',#2584);
#1340=FACE_OUTER_BOUND('',#2585,.T.);
#1341=CYLINDRICAL_SURFACE('',#2586,3.7592);
#1342=FACE_OUTER_BOUND('',#2587,.T.);
#1343=PLANE('',#2588);
#1344=FACE_OUTER_BOUND('',#2589,.T.);
#1345=CYLINDRICAL_SURFACE('',#2590,3.7592);
#1346=FACE_OUTER_BOUND('',#2591,.T.);
#1347=PLANE('',#2592);
#1348=FACE_OUTER_BOUND('',#2593,.T.);
#1349=CYLINDRICAL_SURFACE('',#2594,3.5052);
#1350=FACE_OUTER_BOUND('',#2595,.T.);
#1351=PLANE('',#2596);
#1352=FACE_OUTER_BOUND('',#2597,.T.);
#1353=PLANE('',#2598);
#1354=FACE_OUTER_BOUND('',#2599,.T.);
#1355=PLANE('',#2600);
#1356=FACE_OUTER_BOUND('',#2601,.T.);
#1357=PLANE('',#2602);
#1358=FACE_OUTER_BOUND('',#2603,.T.);
#1359=PLANE('',#2604);
#1360=FACE_OUTER_BOUND('',#2605,.T.);
#1361=PLANE('',#2606);
#1362=FACE_OUTER_BOUND('',#2607,.T.);
#1363=PLANE('',#2608);
#1364=FACE_OUTER_BOUND('',#2609,.T.);
#1365=CYLINDRICAL_SURFACE('',#2610,3.5052);
#1366=FACE_OUTER_BOUND('',#2611,.T.);
#1367=PLANE('',#2612);
#1368=FACE_OUTER_BOUND('',#2613,.T.);
#1369=CYLINDRICAL_SURFACE('',#2614,3.7592);
#1370=FACE_OUTER_BOUND('',#2615,.T.);
#1371=PLANE('',#2616);
#1372=FACE_OUTER_BOUND('',#2617,.T.);
#1373=CYLINDRICAL_SURFACE('',#2618,3.7592);
#1374=FACE_OUTER_BOUND('',#2619,.T.);
#1375=PLANE('',#2620);
#1376=FACE_OUTER_BOUND('',#2621,.T.);
#1377=CYLINDRICAL_SURFACE('',#2622,3.5052);
#1378=FACE_OUTER_BOUND('',#2623,.T.);
#1379=PLANE('',#2624);
#1380=FACE_OUTER_BOUND('',#2625,.T.);
#1381=PLANE('',#2626);
#1382=FACE_OUTER_BOUND('',#2627,.T.);
#1383=PLANE('',#2628);
#1384=FACE_OUTER_BOUND('',#2629,.T.);
#1385=PLANE('',#2630);
#1386=FACE_OUTER_BOUND('',#2631,.T.);
#1387=PLANE('',#2632);
#1388=FACE_OUTER_BOUND('',#2633,.T.);
#1389=PLANE('',#2634);
#1390=FACE_OUTER_BOUND('',#2635,.T.);
#1391=PLANE('',#2636);
#1392=FACE_OUTER_BOUND('',#2637,.T.);
#1393=CYLINDRICAL_SURFACE('',#2638,3.5052);
#1394=FACE_OUTER_BOUND('',#2639,.T.);
#1395=PLANE('',#2640);
#1396=FACE_OUTER_BOUND('',#2641,.T.);
#1397=CYLINDRICAL_SURFACE('',#2642,3.7592);
#1398=FACE_OUTER_BOUND('',#2643,.T.);
#1399=PLANE('',#2644);
#1400=FACE_OUTER_BOUND('',#2645,.T.);
#1401=CYLINDRICAL_SURFACE('',#2646,3.7592);
#1402=FACE_OUTER_BOUND('',#2647,.T.);
#1403=PLANE('',#2648);
#1404=FACE_OUTER_BOUND('',#2649,.T.);
#1405=CYLINDRICAL_SURFACE('',#2650,3.5052);
#1406=FACE_OUTER_BOUND('',#2651,.T.);
#1407=PLANE('',#2652);
#1408=FACE_OUTER_BOUND('',#2653,.T.);
#1409=PLANE('',#2654);
#1410=FACE_OUTER_BOUND('',#2655,.T.);
#1411=PLANE('',#2656);
#1412=FACE_OUTER_BOUND('',#2657,.T.);
#1413=PLANE('',#2658);
#1414=FACE_OUTER_BOUND('',#2659,.T.);
#1415=PLANE('',#2660);
#1416=FACE_OUTER_BOUND('',#2661,.T.);
#1417=PLANE('',#2662);
#1418=FACE_OUTER_BOUND('',#2663,.T.);
#1419=PLANE('',#2664);
#1420=FACE_OUTER_BOUND('',#2665,.T.);
#1421=CYLINDRICAL_SURFACE('',#2666,3.5052);
#1422=FACE_OUTER_BOUND('',#2667,.T.);
#1423=PLANE('',#2668);
#1424=FACE_OUTER_BOUND('',#2669,.T.);
#1425=CYLINDRICAL_SURFACE('',#2670,3.7592);
#1426=FACE_OUTER_BOUND('',#2671,.T.);
#1427=PLANE('',#2672);
#1428=FACE_OUTER_BOUND('',#2673,.T.);
#1429=CYLINDRICAL_SURFACE('',#2674,3.7592);
#1430=FACE_OUTER_BOUND('',#2675,.T.);
#1431=PLANE('',#2676);
#1432=FACE_OUTER_BOUND('',#2677,.T.);
#1433=CYLINDRICAL_SURFACE('',#2678,3.5052);
#1434=FACE_OUTER_BOUND('',#2679,.T.);
#1435=PLANE('',#2680);
#1436=FACE_OUTER_BOUND('',#2681,.T.);
#1437=PLANE('',#2682);
#1438=FACE_OUTER_BOUND('',#2683,.T.);
#1439=PLANE('',#2684);
#1440=FACE_OUTER_BOUND('',#2685,.T.);
#1441=PLANE('',#2686);
#1442=FACE_OUTER_BOUND('',#2687,.T.);
#1443=PLANE('',#2688);
#1444=FACE_OUTER_BOUND('',#2689,.T.);
#1445=PLANE('',#2690);
#1446=FACE_OUTER_BOUND('',#2691,.T.);
#1447=PLANE('',#2692);
#1448=FACE_OUTER_BOUND('',#2693,.T.);
#1449=CYLINDRICAL_SURFACE('',#2694,3.5052);
#1450=FACE_OUTER_BOUND('',#2695,.T.);
#1451=PLANE('',#2696);
#1452=FACE_OUTER_BOUND('',#2697,.T.);
#1453=CYLINDRICAL_SURFACE('',#2698,3.7592);
#1454=FACE_OUTER_BOUND('',#2699,.T.);
#1455=PLANE('',#2700);
#1456=FACE_OUTER_BOUND('',#2701,.T.);
#1457=CYLINDRICAL_SURFACE('',#2702,3.7592);
#1458=FACE_OUTER_BOUND('',#2703,.T.);
#1459=PLANE('',#2704);
#1460=FACE_OUTER_BOUND('',#2705,.T.);
#1461=CYLINDRICAL_SURFACE('',#2706,3.5052);
#1462=FACE_OUTER_BOUND('',#2707,.T.);
#1463=PLANE('',#2708);
#1464=FACE_OUTER_BOUND('',#2709,.T.);
#1465=PLANE('',#2710);
#1466=FACE_OUTER_BOUND('',#2711,.T.);
#1467=PLANE('',#2712);
#1468=FACE_OUTER_BOUND('',#2713,.T.);
#1469=PLANE('',#2714);
#1470=FACE_OUTER_BOUND('',#2715,.T.);
#1471=PLANE('',#2716);
#1472=FACE_OUTER_BOUND('',#2717,.T.);
#1473=PLANE('',#2718);
#1474=FACE_OUTER_BOUND('',#2719,.T.);
#1475=PLANE('',#2720);
#1476=FACE_OUTER_BOUND('',#2721,.T.);
#1477=CYLINDRICAL_SURFACE('',#2722,3.5052);
#1478=FACE_OUTER_BOUND('',#2723,.T.);
#1479=PLANE('',#2724);
#1480=FACE_OUTER_BOUND('',#2725,.T.);
#1481=CYLINDRICAL_SURFACE('',#2726,3.7592);
#1482=FACE_OUTER_BOUND('',#2727,.T.);
#1483=PLANE('',#2728);
#1484=FACE_OUTER_BOUND('',#2729,.T.);
#1485=CYLINDRICAL_SURFACE('',#2730,3.7592);
#1486=FACE_OUTER_BOUND('',#2731,.T.);
#1487=PLANE('',#2732);
#1488=FACE_OUTER_BOUND('',#2733,.T.);
#1489=CYLINDRICAL_SURFACE('',#2734,3.5052);
#1490=FACE_OUTER_BOUND('',#2735,.T.);
#1491=PLANE('',#2736);
#1492=FACE_OUTER_BOUND('',#2737,.T.);
#1493=PLANE('',#2738);
#1494=FACE_OUTER_BOUND('',#2739,.T.);
#1495=PLANE('',#2740);
#1496=FACE_OUTER_BOUND('',#2741,.T.);
#1497=PLANE('',#2742);
#1498=FACE_OUTER_BOUND('',#2743,.T.);
#1499=PLANE('',#2744);
#1500=FACE_OUTER_BOUND('',#2745,.T.);
#1501=PLANE('',#2746);
#1502=FACE_OUTER_BOUND('',#2747,.T.);
#1503=PLANE('',#2748);
#1504=FACE_OUTER_BOUND('',#2749,.T.);
#1505=CYLINDRICAL_SURFACE('',#2750,3.5052);
#1506=FACE_OUTER_BOUND('',#2751,.T.);
#1507=PLANE('',#2752);
#1508=FACE_OUTER_BOUND('',#2753,.T.);
#1509=CYLINDRICAL_SURFACE('',#2754,3.7592);
#1510=FACE_OUTER_BOUND('',#2755,.T.);
#1511=PLANE('',#2756);
#1512=FACE_OUTER_BOUND('',#2757,.T.);
#1513=CYLINDRICAL_SURFACE('',#2758,3.7592);
#1514=FACE_OUTER_BOUND('',#2759,.T.);
#1515=PLANE('',#2760);
#1516=FACE_OUTER_BOUND('',#2761,.T.);
#1517=CYLINDRICAL_SURFACE('',#2762,3.5052);
#1518=FACE_OUTER_BOUND('',#2763,.T.);
#1519=PLANE('',#2764);
#1520=FACE_OUTER_BOUND('',#2765,.T.);
#1521=PLANE('',#2766);
#1522=FACE_OUTER_BOUND('',#2767,.T.);
#1523=PLANE('',#2768);
#1524=FACE_OUTER_BOUND('',#2769,.T.);
#1525=PLANE('',#2770);
#1526=FACE_OUTER_BOUND('',#2771,.T.);
#1527=PLANE('',#2772);
#1528=FACE_OUTER_BOUND('',#2773,.T.);
#1529=PLANE('',#2774);
#1530=FACE_OUTER_BOUND('',#2775,.T.);
#1531=PLANE('',#2776);
#1532=FACE_OUTER_BOUND('',#2777,.T.);
#1533=CYLINDRICAL_SURFACE('',#2778,3.5052);
#1534=FACE_OUTER_BOUND('',#2779,.T.);
#1535=PLANE('',#2780);
#1536=FACE_OUTER_BOUND('',#2781,.T.);
#1537=CYLINDRICAL_SURFACE('',#2782,3.7592);
#1538=FACE_OUTER_BOUND('',#2783,.T.);
#1539=PLANE('',#2784);
#1540=FACE_OUTER_BOUND('',#2785,.T.);
#1541=CYLINDRICAL_SURFACE('',#2786,3.7592);
#1542=FACE_OUTER_BOUND('',#2787,.T.);
#1543=PLANE('',#2788);
#1544=FACE_OUTER_BOUND('',#2789,.T.);
#1545=CYLINDRICAL_SURFACE('',#2790,3.5052);
#1546=FACE_OUTER_BOUND('',#2791,.T.);
#1547=PLANE('',#2792);
#1548=FACE_OUTER_BOUND('',#2793,.T.);
#1549=PLANE('',#2794);
#1550=FACE_OUTER_BOUND('',#2795,.T.);
#1551=PLANE('',#2796);
#1552=FACE_OUTER_BOUND('',#2797,.T.);
#1553=PLANE('',#2798);
#1554=FACE_OUTER_BOUND('',#2799,.T.);
#1555=PLANE('',#2800);
#1556=FACE_OUTER_BOUND('',#2801,.T.);
#1557=PLANE('',#2802);
#1558=FACE_OUTER_BOUND('',#2803,.T.);
#1559=PLANE('',#2804);
#1560=FACE_OUTER_BOUND('',#2805,.T.);
#1561=CYLINDRICAL_SURFACE('',#2806,3.5052);
#1562=FACE_OUTER_BOUND('',#2807,.T.);
#1563=PLANE('',#2808);
#1564=FACE_OUTER_BOUND('',#2809,.T.);
#1565=CYLINDRICAL_SURFACE('',#2810,3.7592);
#1566=FACE_OUTER_BOUND('',#2811,.T.);
#1567=PLANE('',#2812);
#1568=FACE_OUTER_BOUND('',#2813,.T.);
#1569=CYLINDRICAL_SURFACE('',#2814,3.7592);
#1570=FACE_OUTER_BOUND('',#2815,.T.);
#1571=PLANE('',#2816);
#1572=FACE_OUTER_BOUND('',#2817,.T.);
#1573=CYLINDRICAL_SURFACE('',#2818,3.5052);
#1574=FACE_OUTER_BOUND('',#2819,.T.);
#1575=PLANE('',#2820);
#1576=FACE_OUTER_BOUND('',#2821,.T.);
#1577=PLANE('',#2822);
#1578=FACE_OUTER_BOUND('',#2823,.T.);
#1579=PLANE('',#2824);
#1580=FACE_OUTER_BOUND('',#2825,.T.);
#1581=PLANE('',#2826);
#1582=FACE_OUTER_BOUND('',#2827,.T.);
#1583=PLANE('',#2828);
#1584=FACE_OUTER_BOUND('',#2829,.T.);
#1585=PLANE('',#2830);
#1586=FACE_OUTER_BOUND('',#2831,.T.);
#1587=PLANE('',#2832);
#1588=FACE_OUTER_BOUND('',#2833,.T.);
#1589=CYLINDRICAL_SURFACE('',#2834,3.5052);
#1590=FACE_OUTER_BOUND('',#2835,.T.);
#1591=PLANE('',#2836);
#1592=FACE_OUTER_BOUND('',#2837,.T.);
#1593=CYLINDRICAL_SURFACE('',#2838,3.7592);
#1594=FACE_OUTER_BOUND('',#2839,.T.);
#1595=PLANE('',#2840);
#1596=FACE_OUTER_BOUND('',#2841,.T.);
#1597=CYLINDRICAL_SURFACE('',#2842,3.7592);
#1598=FACE_OUTER_BOUND('',#2843,.T.);
#1599=PLANE('',#2844);
#1600=FACE_OUTER_BOUND('',#2845,.T.);
#1601=CYLINDRICAL_SURFACE('',#2846,3.5052);
#1602=FACE_OUTER_BOUND('',#2847,.T.);
#1603=PLANE('',#2848);
#1604=FACE_OUTER_BOUND('',#2849,.T.);
#1605=PLANE('',#2850);
#1606=FACE_OUTER_BOUND('',#2851,.T.);
#1607=PLANE('',#2852);
#1608=FACE_OUTER_BOUND('',#2853,.T.);
#1609=PLANE('',#2854);
#1610=FACE_OUTER_BOUND('',#2855,.T.);
#1611=PLANE('',#2856);
#1612=FACE_OUTER_BOUND('',#2857,.T.);
#1613=PLANE('',#2858);
#1614=FACE_OUTER_BOUND('',#2859,.T.);
#1615=PLANE('',#2860);
#1616=FACE_OUTER_BOUND('',#2861,.T.);
#1617=CYLINDRICAL_SURFACE('',#2862,3.5052);
#1618=FACE_OUTER_BOUND('',#2863,.T.);
#1619=PLANE('',#2864);
#1620=FACE_OUTER_BOUND('',#2865,.T.);
#1621=CYLINDRICAL_SURFACE('',#2866,3.7592);
#1622=FACE_OUTER_BOUND('',#2867,.T.);
#1623=PLANE('',#2868);
#1624=FACE_OUTER_BOUND('',#2869,.T.);
#1625=CYLINDRICAL_SURFACE('',#2870,3.7592);
#1626=FACE_OUTER_BOUND('',#2871,.T.);
#1627=PLANE('',#2872);
#1628=FACE_OUTER_BOUND('',#2873,.T.);
#1629=CYLINDRICAL_SURFACE('',#2874,3.5052);
#1630=FACE_OUTER_BOUND('',#2875,.T.);
#1631=PLANE('',#2876);
#1632=FACE_OUTER_BOUND('',#2877,.T.);
#1633=PLANE('',#2878);
#1634=FACE_OUTER_BOUND('',#2879,.T.);
#1635=PLANE('',#2880);
#1636=FACE_OUTER_BOUND('',#2881,.T.);
#1637=PLANE('',#2882);
#1638=FACE_OUTER_BOUND('',#2883,.T.);
#1639=PLANE('',#2884);
#1640=FACE_OUTER_BOUND('',#2885,.T.);
#1641=PLANE('',#2886);
#1642=FACE_OUTER_BOUND('',#2887,.T.);
#1643=PLANE('',#2888);
#1644=FACE_OUTER_BOUND('',#2889,.T.);
#1645=CYLINDRICAL_SURFACE('',#2890,3.5052);
#1646=FACE_OUTER_BOUND('',#2891,.T.);
#1647=PLANE('',#2892);
#1648=FACE_OUTER_BOUND('',#2893,.T.);
#1649=CYLINDRICAL_SURFACE('',#2894,3.7592);
#1650=FACE_OUTER_BOUND('',#2895,.T.);
#1651=PLANE('',#2896);
#1652=FACE_OUTER_BOUND('',#2897,.T.);
#1653=CYLINDRICAL_SURFACE('',#2898,3.7592);
#1654=FACE_OUTER_BOUND('',#2899,.T.);
#1655=PLANE('',#2900);
#1656=FACE_OUTER_BOUND('',#2901,.T.);
#1657=CYLINDRICAL_SURFACE('',#2902,3.5052);
#1658=FACE_OUTER_BOUND('',#2903,.T.);
#1659=PLANE('',#2904);
#1660=FACE_OUTER_BOUND('',#2905,.T.);
#1661=PLANE('',#2906);
#1662=FACE_OUTER_BOUND('',#2907,.T.);
#1663=PLANE('',#2908);
#1664=FACE_OUTER_BOUND('',#2909,.T.);
#1665=PLANE('',#2910);
#1666=FACE_OUTER_BOUND('',#2911,.T.);
#1667=PLANE('',#2912);
#1668=FACE_OUTER_BOUND('',#2913,.T.);
#1669=PLANE('',#2914);
#1670=FACE_OUTER_BOUND('',#2915,.T.);
#1671=PLANE('',#2916);
#1672=FACE_OUTER_BOUND('',#2917,.T.);
#1673=CYLINDRICAL_SURFACE('',#2918,3.5052);
#1674=FACE_OUTER_BOUND('',#2919,.T.);
#1675=PLANE('',#2920);
#1676=FACE_OUTER_BOUND('',#2921,.T.);
#1677=CYLINDRICAL_SURFACE('',#2922,3.7592);
#1678=FACE_OUTER_BOUND('',#2923,.T.);
#1679=PLANE('',#2924);
#1680=FACE_OUTER_BOUND('',#2925,.T.);
#1681=CYLINDRICAL_SURFACE('',#2926,3.7592);
#1682=FACE_OUTER_BOUND('',#2927,.T.);
#1683=PLANE('',#2928);
#1684=FACE_OUTER_BOUND('',#2929,.T.);
#1685=CYLINDRICAL_SURFACE('',#2930,3.5052);
#1686=FACE_OUTER_BOUND('',#2931,.T.);
#1687=PLANE('',#2932);
#1688=FACE_OUTER_BOUND('',#2933,.T.);
#1689=PLANE('',#2934);
#1690=FACE_OUTER_BOUND('',#2935,.T.);
#1691=PLANE('',#2936);
#1692=FACE_OUTER_BOUND('',#2937,.T.);
#1693=PLANE('',#2938);
#1694=FACE_OUTER_BOUND('',#2939,.T.);
#1695=PLANE('',#2940);
#1696=FACE_OUTER_BOUND('',#2941,.T.);
#1697=PLANE('',#2942);
#1698=FACE_OUTER_BOUND('',#2943,.T.);
#1699=PLANE('',#2944);
#1700=FACE_OUTER_BOUND('',#2945,.T.);
#1701=CYLINDRICAL_SURFACE('',#2946,3.5052);
#1702=FACE_OUTER_BOUND('',#2947,.T.);
#1703=PLANE('',#2948);
#1704=FACE_OUTER_BOUND('',#2949,.T.);
#1705=CYLINDRICAL_SURFACE('',#2950,3.7592);
#1706=FACE_OUTER_BOUND('',#2951,.T.);
#1707=PLANE('',#2952);
#1708=FACE_OUTER_BOUND('',#2953,.T.);
#1709=CYLINDRICAL_SURFACE('',#2954,3.7592);
#1710=FACE_OUTER_BOUND('',#2955,.T.);
#1711=PLANE('',#2956);
#1712=FACE_OUTER_BOUND('',#2957,.T.);
#1713=CYLINDRICAL_SURFACE('',#2958,3.5052);
#1714=FACE_OUTER_BOUND('',#2959,.T.);
#1715=PLANE('',#2960);
#1716=FACE_OUTER_BOUND('',#2961,.T.);
#1717=PLANE('',#2962);
#1718=FACE_OUTER_BOUND('',#2963,.T.);
#1719=PLANE('',#2964);
#1720=FACE_OUTER_BOUND('',#2965,.T.);
#1721=PLANE('',#2966);
#1722=FACE_OUTER_BOUND('',#2967,.T.);
#1723=PLANE('',#2968);
#1724=FACE_OUTER_BOUND('',#2969,.T.);
#1725=PLANE('',#2970);
#1726=FACE_OUTER_BOUND('',#2971,.T.);
#1727=PLANE('',#2972);
#1728=FACE_OUTER_BOUND('',#2973,.T.);
#1729=CYLINDRICAL_SURFACE('',#2974,3.5052);
#1730=FACE_OUTER_BOUND('',#2975,.T.);
#1731=PLANE('',#2976);
#1732=FACE_OUTER_BOUND('',#2977,.T.);
#1733=CYLINDRICAL_SURFACE('',#2978,3.7592);
#1734=FACE_OUTER_BOUND('',#2979,.T.);
#1735=PLANE('',#2980);
#1736=FACE_OUTER_BOUND('',#2981,.T.);
#1737=CYLINDRICAL_SURFACE('',#2982,3.7592);
#1738=FACE_OUTER_BOUND('',#2983,.T.);
#1739=PLANE('',#2984);
#1740=FACE_OUTER_BOUND('',#2985,.T.);
#1741=CYLINDRICAL_SURFACE('',#2986,3.5052);
#1742=FACE_OUTER_BOUND('',#2987,.T.);
#1743=PLANE('',#2988);
#1744=FACE_OUTER_BOUND('',#2989,.T.);
#1745=PLANE('',#2990);
#1746=FACE_OUTER_BOUND('',#2991,.T.);
#1747=PLANE('',#2992);
#1748=FACE_OUTER_BOUND('',#2993,.T.);
#1749=PLANE('',#2994);
#1750=FACE_OUTER_BOUND('',#2995,.T.);
#1751=PLANE('',#2996);
#1752=FACE_OUTER_BOUND('',#2997,.T.);
#1753=PLANE('',#2998);
#1754=FACE_OUTER_BOUND('',#2999,.T.);
#1755=PLANE('',#3000);
#1756=FACE_OUTER_BOUND('',#3001,.T.);
#1757=CYLINDRICAL_SURFACE('',#3002,3.5052);
#1758=FACE_OUTER_BOUND('',#3003,.T.);
#1759=PLANE('',#3004);
#1760=FACE_OUTER_BOUND('',#3005,.T.);
#1761=CYLINDRICAL_SURFACE('',#3006,3.7592);
#1762=FACE_OUTER_BOUND('',#3007,.T.);
#1763=PLANE('',#3008);
#1764=FACE_OUTER_BOUND('',#3009,.T.);
#1765=CYLINDRICAL_SURFACE('',#3010,3.7592);
#1766=FACE_OUTER_BOUND('',#3011,.T.);
#1767=PLANE('',#3012);
#1768=FACE_OUTER_BOUND('',#3013,.T.);
#1769=CYLINDRICAL_SURFACE('',#3014,3.5052);
#1770=FACE_OUTER_BOUND('',#3015,.T.);
#1771=PLANE('',#3016);
#1772=FACE_OUTER_BOUND('',#3017,.T.);
#1773=PLANE('',#3018);
#1774=FACE_OUTER_BOUND('',#3019,.T.);
#1775=PLANE('',#3020);
#1776=FACE_OUTER_BOUND('',#3021,.T.);
#1777=PLANE('',#3022);
#1778=FACE_OUTER_BOUND('',#3023,.T.);
#1779=PLANE('',#3024);
#1780=FACE_OUTER_BOUND('',#3025,.T.);
#1781=PLANE('',#3026);
#1782=FACE_OUTER_BOUND('',#3027,.T.);
#1783=PLANE('',#3028);
#1784=FACE_OUTER_BOUND('',#3029,.T.);
#1785=CYLINDRICAL_SURFACE('',#3030,3.5052);
#1786=FACE_OUTER_BOUND('',#3031,.T.);
#1787=PLANE('',#3032);
#1788=FACE_OUTER_BOUND('',#3033,.T.);
#1789=CYLINDRICAL_SURFACE('',#3034,3.7592);
#1790=FACE_OUTER_BOUND('',#3035,.T.);
#1791=PLANE('',#3036);
#1792=FACE_OUTER_BOUND('',#3037,.T.);
#1793=CYLINDRICAL_SURFACE('',#3038,3.7592);
#1794=FACE_OUTER_BOUND('',#3039,.T.);
#1795=PLANE('',#3040);
#1796=FACE_OUTER_BOUND('',#3041,.T.);
#1797=CYLINDRICAL_SURFACE('',#3042,3.5052);
#1798=FACE_OUTER_BOUND('',#3043,.T.);
#1799=PLANE('',#3044);
#1800=FACE_OUTER_BOUND('',#3045,.T.);
#1801=PLANE('',#3046);
#1802=FACE_OUTER_BOUND('',#3047,.T.);
#1803=PLANE('',#3048);
#1804=FACE_OUTER_BOUND('',#3049,.T.);
#1805=PLANE('',#3050);
#1806=FACE_OUTER_BOUND('',#3051,.T.);
#1807=PLANE('',#3052);
#1808=FACE_OUTER_BOUND('',#3053,.T.);
#1809=PLANE('',#3054);
#1810=FACE_OUTER_BOUND('',#3055,.T.);
#1811=PLANE('',#3056);
#1812=FACE_OUTER_BOUND('',#3057,.T.);
#1813=CYLINDRICAL_SURFACE('',#3058,3.5052);
#1814=FACE_OUTER_BOUND('',#3059,.T.);
#1815=PLANE('',#3060);
#1816=FACE_OUTER_BOUND('',#3061,.T.);
#1817=CYLINDRICAL_SURFACE('',#3062,3.7592);
#1818=FACE_OUTER_BOUND('',#3063,.T.);
#1819=PLANE('',#3064);
#1820=FACE_OUTER_BOUND('',#3065,.T.);
#1821=CYLINDRICAL_SURFACE('',#3066,3.7592);
#1822=FACE_OUTER_BOUND('',#3067,.T.);
#1823=PLANE('',#3068);
#1824=FACE_OUTER_BOUND('',#3069,.T.);
#1825=CYLINDRICAL_SURFACE('',#3070,3.5052);
#1826=FACE_OUTER_BOUND('',#3071,.T.);
#1827=PLANE('',#3072);
#1828=FACE_OUTER_BOUND('',#3073,.T.);
#1829=PLANE('',#3074);
#1830=FACE_OUTER_BOUND('',#3075,.T.);
#1831=PLANE('',#3076);
#1832=FACE_OUTER_BOUND('',#3077,.T.);
#1833=PLANE('',#3078);
#1834=FACE_OUTER_BOUND('',#3079,.T.);
#1835=PLANE('',#3080);
#1836=FACE_OUTER_BOUND('',#3081,.T.);
#1837=PLANE('',#3082);
#1838=FACE_OUTER_BOUND('',#3083,.T.);
#1839=PLANE('',#3084);
#1840=FACE_OUTER_BOUND('',#3085,.T.);
#1841=PLANE('',#3086);
#1842=FACE_OUTER_BOUND('',#3087,.T.);
#1843=FACE_BOUND('',#3088,.T.);
#1844=PLANE('',#3089);
#1845=FACE_OUTER_BOUND('',#3090,.T.);
#1846=PLANE('',#3091);
#1847=FACE_OUTER_BOUND('',#3092,.T.);
#1848=PLANE('',#3093);
#1849=FACE_OUTER_BOUND('',#3094,.T.);
#1850=PLANE('',#3095);
#1851=FACE_OUTER_BOUND('',#3096,.T.);
#1852=PLANE('',#3097);
#1853=EDGE_LOOP('',(#3098,#3099,#3100,#3101));
#1854=AXIS2_PLACEMENT_3D('',#3102,#3103,#3104);
#1855=EDGE_LOOP('',(#3105,#3106,#3107,#3108));
#1856=AXIS2_PLACEMENT_3D('',#3109,#3110,#3111);
#1857=EDGE_LOOP('',(#3112,#3113,#3114,#3115,#3116,#3117));
#1858=AXIS2_PLACEMENT_3D('',#3118,#3119,#3120);
#1859=EDGE_LOOP('',(#3121,#3122,#3123,#3124,#3125,#3126));
#1860=AXIS2_PLACEMENT_3D('',#3127,#3128,#3129);
#1861=EDGE_LOOP('',(#3130,#3131,#3132,#3133));
#1862=AXIS2_PLACEMENT_3D('',#3134,#3135,#3136);
#1863=EDGE_LOOP('',(#3137,#3138,#3139,#3140));
#1864=AXIS2_PLACEMENT_3D('',#3141,#3142,#3143);
#1865=EDGE_LOOP('',(#3144,#3145,#3146,#3147));
#1866=AXIS2_PLACEMENT_3D('',#3148,#3149,#3150);
#1867=EDGE_LOOP('',(#3151,#3152,#3153,#3154));
#1868=AXIS2_PLACEMENT_3D('',#3155,#3156,#3157);
#1869=EDGE_LOOP('',(#3158,#3159,#3160,#3161,#3162,#3163,#3164,#3165,#3166,#3167));
#1870=EDGE_LOOP('',(#3168,#3169,#3170,#3171));
#1871=EDGE_LOOP('',(#3172,#3173,#3174,#3175));
#1872=AXIS2_PLACEMENT_3D('',#3176,#3177,#3178);
#1873=EDGE_LOOP('',(#3179,#3180,#3181,#3182,#3183,#3184,#3185));
#1874=AXIS2_PLACEMENT_3D('',#3186,#3187,#3188);
#1875=EDGE_LOOP('',(#3189,#3190,#3191,#3192));
#1876=AXIS2_PLACEMENT_3D('',#3193,#3194,#3195);
#1877=EDGE_LOOP('',(#3196,#3197,#3198,#3199,#3200,#3201,#3202,#3203,#3204,#3205,#3206,#3207,#3208,#3209,#3210,#3211));
#1878=EDGE_LOOP('',(#3212,#3213,#3214,#3215,#3216,#3217,#3218,#3219,#3220,#3221));
#1879=AXIS2_PLACEMENT_3D('',#3222,#3223,#3224);
#1880=EDGE_LOOP('',(#3225,#3226,#3227,#3228));
#1881=AXIS2_PLACEMENT_3D('',#3229,#3230,#3231);
#1882=EDGE_LOOP('',(#3232,#3233,#3234,#3235));
#1883=AXIS2_PLACEMENT_3D('',#3236,#3237,#3238);
#1884=EDGE_LOOP('',(#3239,#3240,#3241,#3242));
#1885=AXIS2_PLACEMENT_3D('',#3243,#3244,#3245);
#1886=EDGE_LOOP('',(#3246,#3247,#3248,#3249));
#1887=AXIS2_PLACEMENT_3D('',#3250,#3251,#3252);
#1888=EDGE_LOOP('',(#3253,#3254,#3255,#3256));
#1889=AXIS2_PLACEMENT_3D('',#3257,#3258,#3259);
#1890=EDGE_LOOP('',(#3260,#3261,#3262,#3263));
#1891=AXIS2_PLACEMENT_3D('',#3264,#3265,#3266);
#1892=EDGE_LOOP('',(#3267,#3268,#3269,#3270));
#1893=AXIS2_PLACEMENT_3D('',#3271,#3272,#3273);
#1894=EDGE_LOOP('',(#3274,#3275,#3276,#3277,#3278,#3279,#3280));
#1895=AXIS2_PLACEMENT_3D('',#3281,#3282,#3283);
#1896=EDGE_LOOP('',(#3284,#3285,#3286,#3287,#3288,#3289,#3290,#3291,#3292,#3293));
#1897=EDGE_LOOP('',(#3294,#3295));
#1898=AXIS2_PLACEMENT_3D('',#3296,#3297,#3298);
#1899=EDGE_LOOP('',(#3299,#3300,#3301,#3302,#3303,#3304,#3305,#3306,#3307,#3308));
#1900=EDGE_LOOP('',(#3309,#3310));
#1901=AXIS2_PLACEMENT_3D('',#3311,#3312,#3313);
#1902=EDGE_LOOP('',(#3314,#3315,#3316,#3317));
#1903=AXIS2_PLACEMENT_3D('',#3318,#3319,#3320);
#1904=EDGE_LOOP('',(#3321,#3322,#3323,#3324));
#1905=AXIS2_PLACEMENT_3D('',#3325,#3326,#3327);
#1906=EDGE_LOOP('',(#3328,#3329,#3330,#3331,#3332,#3333));
#1907=AXIS2_PLACEMENT_3D('',#3334,#3335,#3336);
#1908=EDGE_LOOP('',(#3337,#3338,#3339,#3340,#3341));
#1909=AXIS2_PLACEMENT_3D('',#3342,#3343,#3344);
#1910=EDGE_LOOP('',(#3345,#3346,#3347,#3348));
#1911=AXIS2_PLACEMENT_3D('',#3349,#3350,#3351);
#1912=EDGE_LOOP('',(#3352,#3353,#3354,#3355,#3356,#3357));
#1913=AXIS2_PLACEMENT_3D('',#3358,#3359,#3360);
#1914=EDGE_LOOP('',(#3361,#3362,#3363,#3364));
#1915=AXIS2_PLACEMENT_3D('',#3365,#3366,#3367);
#1916=EDGE_LOOP('',(#3368,#3369,#3370,#3371));
#1917=AXIS2_PLACEMENT_3D('',#3372,#3373,#3374);
#1918=EDGE_LOOP('',(#3375,#3376,#3377,#3378,#3379,#3380,#3381));
#1919=AXIS2_PLACEMENT_3D('',#3382,#3383,#3384);
#1920=EDGE_LOOP('',(#3385,#3386,#3387,#3388,#3389,#3390,#3391,#3392,#3393));
#1921=AXIS2_PLACEMENT_3D('',#3394,#3395,#3396);
#1922=EDGE_LOOP('',(#3397,#3398,#3399,#3400));
#1923=AXIS2_PLACEMENT_3D('',#3401,#3402,#3403);
#1924=EDGE_LOOP('',(#3404,#3405,#3406,#3407));
#1925=AXIS2_PLACEMENT_3D('',#3408,#3409,#3410);
#1926=EDGE_LOOP('',(#3411,#3412,#3413,#3414,#3415));
#1927=AXIS2_PLACEMENT_3D('',#3416,#3417,#3418);
#1928=EDGE_LOOP('',(#3419,#3420,#3421,#3422));
#1929=AXIS2_PLACEMENT_3D('',#3423,#3424,#3425);
#1930=EDGE_LOOP('',(#3426,#3427,#3428,#3429));
#1931=AXIS2_PLACEMENT_3D('',#3430,#3431,#3432);
#1932=EDGE_LOOP('',(#3433,#3434,#3435,#3436,#3437,#3438));
#1933=AXIS2_PLACEMENT_3D('',#3439,#3440,#3441);
#1934=EDGE_LOOP('',(#3442,#3443,#3444,#3445,#3446,#3447));
#1935=AXIS2_PLACEMENT_3D('',#3448,#3449,#3450);
#1936=EDGE_LOOP('',(#3451,#3452,#3453,#3454));
#1937=AXIS2_PLACEMENT_3D('',#3455,#3456,#3457);
#1938=EDGE_LOOP('',(#3458,#3459,#3460,#3461,#3462,#3463,#3464,#3465));
#1939=AXIS2_PLACEMENT_3D('',#3466,#3467,#3468);
#1940=EDGE_LOOP('',(#3469,#3470,#3471,#3472));
#1941=AXIS2_PLACEMENT_3D('',#3473,#3474,#3475);
#1942=EDGE_LOOP('',(#3476,#3477,#3478,#3479));
#1943=AXIS2_PLACEMENT_3D('',#3480,#3481,#3482);
#1944=EDGE_LOOP('',(#3483,#3484,#3485,#3486,#3487,#3488));
#1945=AXIS2_PLACEMENT_3D('',#3489,#3490,#3491);
#1946=EDGE_LOOP('',(#3492,#3493,#3494,#3495,#3496,#3497));
#1947=AXIS2_PLACEMENT_3D('',#3498,#3499,#3500);
#1948=EDGE_LOOP('',(#3501,#3502,#3503,#3504,#3505,#3506,#3507,#3508,#3509,#3510,#3511,#3512,#3513));
#1949=AXIS2_PLACEMENT_3D('',#3514,#3515,#3516);
#1950=EDGE_LOOP('',(#3517,#3518,#3519,#3520,#3521));
#1951=AXIS2_PLACEMENT_3D('',#3522,#3523,#3524);
#1952=EDGE_LOOP('',(#3525,#3526,#3527,#3528));
#1953=AXIS2_PLACEMENT_3D('',#3529,#3530,#3531);
#1954=EDGE_LOOP('',(#3532,#3533,#3534,#3535));
#1955=AXIS2_PLACEMENT_3D('',#3536,#3537,#3538);
#1956=EDGE_LOOP('',(#3539,#3540,#3541,#3542,#3543,#3544,#3545,#3546,#3547));
#1957=AXIS2_PLACEMENT_3D('',#3548,#3549,#3550);
#1958=EDGE_LOOP('',(#3551,#3552,#3553,#3554,#3555,#3556));
#1959=AXIS2_PLACEMENT_3D('',#3557,#3558,#3559);
#1960=EDGE_LOOP('',(#3560,#3561,#3562,#3563));
#1961=AXIS2_PLACEMENT_3D('',#3564,#3565,#3566);
#1962=EDGE_LOOP('',(#3567,#3568,#3569,#3570,#3571));
#1963=AXIS2_PLACEMENT_3D('',#3572,#3573,#3574);
#1964=EDGE_LOOP('',(#3575,#3576,#3577,#3578,#3579,#3580,#3581,#3582,#3583,#3584,#3585,#3586));
#1965=AXIS2_PLACEMENT_3D('',#3587,#3588,#3589);
#1966=EDGE_LOOP('',(#3590,#3591,#3592,#3593));
#1967=EDGE_LOOP('',(#3594,#3595));
#1968=AXIS2_PLACEMENT_3D('',#3596,#3597,#3598);
#1969=EDGE_LOOP('',(#3599,#3600,#3601,#3602));
#1970=EDGE_LOOP('',(#3603,#3604));
#1971=AXIS2_PLACEMENT_3D('',#3605,#3606,#3607);
#1972=EDGE_LOOP('',(#3608,#3609,#3610,#3611,#3612));
#1973=AXIS2_PLACEMENT_3D('',#3613,#3614,#3615);
#1974=EDGE_LOOP('',(#3616,#3617,#3618,#3619));
#1975=EDGE_LOOP('',(#3620,#3621,#3622,#3623));
#1976=AXIS2_PLACEMENT_3D('',#3624,#3625,#3626);
#1977=EDGE_LOOP('',(#3627,#3628,#3629,#3630));
#1978=AXIS2_PLACEMENT_3D('',#3631,#3632,#3633);
#1979=EDGE_LOOP('',(#3634,#3635,#3636,#3637));
#1980=AXIS2_PLACEMENT_3D('',#3638,#3639,#3640);
#1981=EDGE_LOOP('',(#3641,#3642,#3643,#3644));
#1982=AXIS2_PLACEMENT_3D('',#3645,#3646,#3647);
#1983=EDGE_LOOP('',(#3648,#3649,#3650,#3651));
#1984=AXIS2_PLACEMENT_3D('',#3652,#3653,#3654);
#1985=EDGE_LOOP('',(#3655,#3656,#3657,#3658));
#1986=EDGE_LOOP('',(#3659,#3660,#3661,#3662));
#1987=EDGE_LOOP('',(#3663,#3664,#3665,#3666));
#1988=EDGE_LOOP('',(#3667,#3668,#3669,#3670));
#1989=EDGE_LOOP('',(#3671,#3672,#3673,#3674));
#1990=EDGE_LOOP('',(#3675,#3676,#3677,#3678));
#1991=EDGE_LOOP('',(#3679,#3680,#3681,#3682));
#1992=EDGE_LOOP('',(#3683,#3684,#3685,#3686));
#1993=EDGE_LOOP('',(#3687,#3688,#3689,#3690));
#1994=EDGE_LOOP('',(#3691,#3692,#3693,#3694));
#1995=EDGE_LOOP('',(#3695,#3696,#3697,#3698));
#1996=EDGE_LOOP('',(#3699,#3700,#3701,#3702));
#1997=EDGE_LOOP('',(#3703,#3704,#3705,#3706));
#1998=EDGE_LOOP('',(#3707,#3708,#3709,#3710));
#1999=EDGE_LOOP('',(#3711,#3712,#3713,#3714));
#2000=EDGE_LOOP('',(#3715,#3716,#3717,#3718));
#2001=EDGE_LOOP('',(#3719,#3720,#3721,#3722));
#2002=EDGE_LOOP('',(#3723,#3724,#3725,#3726));
#2003=EDGE_LOOP('',(#3727,#3728,#3729,#3730));
#2004=EDGE_LOOP('',(#3731,#3732,#3733,#3734));
#2005=EDGE_LOOP('',(#3735,#3736,#3737,#3738));
#2006=EDGE_LOOP('',(#3739,#3740,#3741,#3742));
#2007=EDGE_LOOP('',(#3743,#3744,#3745,#3746));
#2008=EDGE_LOOP('',(#3747,#3748,#3749,#3750));
#2009=EDGE_LOOP('',(#3751,#3752,#3753,#3754));
#2010=EDGE_LOOP('',(#3755,#3756,#3757,#3758));
#2011=EDGE_LOOP('',(#3759,#3760,#3761,#3762));
#2012=EDGE_LOOP('',(#3763,#3764,#3765,#3766));
#2013=EDGE_LOOP('',(#3767,#3768,#3769,#3770));
#2014=EDGE_LOOP('',(#3771,#3772,#3773,#3774));
#2015=EDGE_LOOP('',(#3775,#3776,#3777,#3778));
#2016=EDGE_LOOP('',(#3779,#3780,#3781,#3782));
#2017=EDGE_LOOP('',(#3783,#3784,#3785,#3786));
#2018=EDGE_LOOP('',(#3787,#3788,#3789,#3790));
#2019=EDGE_LOOP('',(#3791,#3792,#3793,#3794));
#2020=EDGE_LOOP('',(#3795,#3796,#3797,#3798));
#2021=EDGE_LOOP('',(#3799,#3800,#3801,#3802));
#2022=AXIS2_PLACEMENT_3D('',#3803,#3804,#3805);
#2023=EDGE_LOOP('',(#3806,#3807,#3808,#3809));
#2024=AXIS2_PLACEMENT_3D('',#3810,#3811,#3812);
#2025=EDGE_LOOP('',(#3813,#3814,#3815,#3816));
#2026=AXIS2_PLACEMENT_3D('',#3817,#3818,#3819);
#2027=EDGE_LOOP('',(#3820,#3821,#3822,#3823));
#2028=AXIS2_PLACEMENT_3D('',#3824,#3825,#3826);
#2029=EDGE_LOOP('',(#3827,#3828,#3829,#3830));
#2030=AXIS2_PLACEMENT_3D('',#3831,#3832,#3833);
#2031=EDGE_LOOP('',(#3834,#3835,#3836,#3837));
#2032=AXIS2_PLACEMENT_3D('',#3838,#3839,#3840);
#2033=EDGE_LOOP('',(#3841,#3842,#3843,#3844));
#2034=AXIS2_PLACEMENT_3D('',#3845,#3846,#3847);
#2035=EDGE_LOOP('',(#3848,#3849,#3850,#3851));
#2036=AXIS2_PLACEMENT_3D('',#3852,#3853,#3854);
#2037=EDGE_LOOP('',(#3855,#3856,#3857,#3858));
#2038=AXIS2_PLACEMENT_3D('',#3859,#3860,#3861);
#2039=EDGE_LOOP('',(#3862,#3863,#3864,#3865));
#2040=AXIS2_PLACEMENT_3D('',#3866,#3867,#3868);
#2041=EDGE_LOOP('',(#3869,#3870,#3871,#3872));
#2042=AXIS2_PLACEMENT_3D('',#3873,#3874,#3875);
#2043=EDGE_LOOP('',(#3876,#3877,#3878,#3879));
#2044=AXIS2_PLACEMENT_3D('',#3880,#3881,#3882);
#2045=EDGE_LOOP('',(#3883,#3884,#3885,#3886));
#2046=AXIS2_PLACEMENT_3D('',#3887,#3888,#3889);
#2047=EDGE_LOOP('',(#3890,#3891,#3892,#3893));
#2048=AXIS2_PLACEMENT_3D('',#3894,#3895,#3896);
#2049=EDGE_LOOP('',(#3897,#3898,#3899,#3900));
#2050=AXIS2_PLACEMENT_3D('',#3901,#3902,#3903);
#2051=EDGE_LOOP('',(#3904,#3905,#3906,#3907));
#2052=AXIS2_PLACEMENT_3D('',#3908,#3909,#3910);
#2053=EDGE_LOOP('',(#3911,#3912,#3913,#3914));
#2054=AXIS2_PLACEMENT_3D('',#3915,#3916,#3917);
#2055=EDGE_LOOP('',(#3918,#3919,#3920,#3921));
#2056=AXIS2_PLACEMENT_3D('',#3922,#3923,#3924);
#2057=EDGE_LOOP('',(#3925,#3926,#3927,#3928));
#2058=AXIS2_PLACEMENT_3D('',#3929,#3930,#3931);
#2059=EDGE_LOOP('',(#3932,#3933,#3934,#3935));
#2060=AXIS2_PLACEMENT_3D('',#3936,#3937,#3938);
#2061=EDGE_LOOP('',(#3939,#3940,#3941,#3942));
#2062=AXIS2_PLACEMENT_3D('',#3943,#3944,#3945);
#2063=EDGE_LOOP('',(#3946,#3947,#3948,#3949));
#2064=AXIS2_PLACEMENT_3D('',#3950,#3951,#3952);
#2065=EDGE_LOOP('',(#3953,#3954,#3955,#3956));
#2066=AXIS2_PLACEMENT_3D('',#3957,#3958,#3959);
#2067=EDGE_LOOP('',(#3960,#3961,#3962,#3963));
#2068=AXIS2_PLACEMENT_3D('',#3964,#3965,#3966);
#2069=EDGE_LOOP('',(#3967,#3968,#3969,#3970));
#2070=AXIS2_PLACEMENT_3D('',#3971,#3972,#3973);
#2071=EDGE_LOOP('',(#3974,#3975,#3976,#3977));
#2072=AXIS2_PLACEMENT_3D('',#3978,#3979,#3980);
#2073=EDGE_LOOP('',(#3981,#3982,#3983,#3984));
#2074=AXIS2_PLACEMENT_3D('',#3985,#3986,#3987);
#2075=EDGE_LOOP('',(#3988,#3989,#3990,#3991));
#2076=AXIS2_PLACEMENT_3D('',#3992,#3993,#3994);
#2077=EDGE_LOOP('',(#3995,#3996,#3997,#3998));
#2078=AXIS2_PLACEMENT_3D('',#3999,#4000,#4001);
#2079=EDGE_LOOP('',(#4002,#4003,#4004,#4005));
#2080=AXIS2_PLACEMENT_3D('',#4006,#4007,#4008);
#2081=EDGE_LOOP('',(#4009,#4010,#4011,#4012));
#2082=AXIS2_PLACEMENT_3D('',#4013,#4014,#4015);
#2083=EDGE_LOOP('',(#4016,#4017,#4018,#4019));
#2084=AXIS2_PLACEMENT_3D('',#4020,#4021,#4022);
#2085=EDGE_LOOP('',(#4023,#4024,#4025,#4026));
#2086=AXIS2_PLACEMENT_3D('',#4027,#4028,#4029);
#2087=EDGE_LOOP('',(#4030,#4031,#4032,#4033));
#2088=AXIS2_PLACEMENT_3D('',#4034,#4035,#4036);
#2089=EDGE_LOOP('',(#4037,#4038,#4039,#4040));
#2090=AXIS2_PLACEMENT_3D('',#4041,#4042,#4043);
#2091=EDGE_LOOP('',(#4044,#4045,#4046,#4047));
#2092=AXIS2_PLACEMENT_3D('',#4048,#4049,#4050);
#2093=EDGE_LOOP('',(#4051,#4052,#4053,#4054));
#2094=AXIS2_PLACEMENT_3D('',#4055,#4056,#4057);
#2095=EDGE_LOOP('',(#4058,#4059,#4060,#4061));
#2096=AXIS2_PLACEMENT_3D('',#4062,#4063,#4064);
#2097=EDGE_LOOP('',(#4065,#4066,#4067,#4068));
#2098=AXIS2_PLACEMENT_3D('',#4069,#4070,#4071);
#2099=EDGE_LOOP('',(#4072,#4073,#4074,#4075));
#2100=AXIS2_PLACEMENT_3D('',#4076,#4077,#4078);
#2101=EDGE_LOOP('',(#4079,#4080,#4081,#4082));
#2102=AXIS2_PLACEMENT_3D('',#4083,#4084,#4085);
#2103=EDGE_LOOP('',(#4086,#4087,#4088,#4089));
#2104=AXIS2_PLACEMENT_3D('',#4090,#4091,#4092);
#2105=EDGE_LOOP('',(#4093,#4094,#4095,#4096));
#2106=AXIS2_PLACEMENT_3D('',#4097,#4098,#4099);
#2107=EDGE_LOOP('',(#4100,#4101,#4102,#4103));
#2108=AXIS2_PLACEMENT_3D('',#4104,#4105,#4106);
#2109=EDGE_LOOP('',(#4107,#4108,#4109,#4110));
#2110=AXIS2_PLACEMENT_3D('',#4111,#4112,#4113);
#2111=EDGE_LOOP('',(#4114,#4115,#4116,#4117));
#2112=AXIS2_PLACEMENT_3D('',#4118,#4119,#4120);
#2113=EDGE_LOOP('',(#4121,#4122,#4123,#4124));
#2114=AXIS2_PLACEMENT_3D('',#4125,#4126,#4127);
#2115=EDGE_LOOP('',(#4128,#4129,#4130,#4131));
#2116=AXIS2_PLACEMENT_3D('',#4132,#4133,#4134);
#2117=EDGE_LOOP('',(#4135,#4136,#4137,#4138));
#2118=AXIS2_PLACEMENT_3D('',#4139,#4140,#4141);
#2119=EDGE_LOOP('',(#4142,#4143,#4144,#4145));
#2120=AXIS2_PLACEMENT_3D('',#4146,#4147,#4148);
#2121=EDGE_LOOP('',(#4149,#4150,#4151,#4152));
#2122=AXIS2_PLACEMENT_3D('',#4153,#4154,#4155);
#2123=EDGE_LOOP('',(#4156,#4157,#4158,#4159));
#2124=AXIS2_PLACEMENT_3D('',#4160,#4161,#4162);
#2125=EDGE_LOOP('',(#4163,#4164,#4165,#4166));
#2126=AXIS2_PLACEMENT_3D('',#4167,#4168,#4169);
#2127=EDGE_LOOP('',(#4170,#4171,#4172,#4173));
#2128=AXIS2_PLACEMENT_3D('',#4174,#4175,#4176);
#2129=EDGE_LOOP('',(#4177,#4178,#4179,#4180));
#2130=AXIS2_PLACEMENT_3D('',#4181,#4182,#4183);
#2131=EDGE_LOOP('',(#4184,#4185,#4186,#4187));
#2132=AXIS2_PLACEMENT_3D('',#4188,#4189,#4190);
#2133=EDGE_LOOP('',(#4191,#4192,#4193,#4194));
#2134=AXIS2_PLACEMENT_3D('',#4195,#4196,#4197);
#2135=EDGE_LOOP('',(#4198,#4199,#4200,#4201));
#2136=AXIS2_PLACEMENT_3D('',#4202,#4203,#4204);
#2137=EDGE_LOOP('',(#4205,#4206,#4207,#4208));
#2138=AXIS2_PLACEMENT_3D('',#4209,#4210,#4211);
#2139=EDGE_LOOP('',(#4212,#4213,#4214,#4215));
#2140=AXIS2_PLACEMENT_3D('',#4216,#4217,#4218);
#2141=EDGE_LOOP('',(#4219,#4220,#4221,#4222));
#2142=AXIS2_PLACEMENT_3D('',#4223,#4224,#4225);
#2143=EDGE_LOOP('',(#4226,#4227,#4228,#4229));
#2144=AXIS2_PLACEMENT_3D('',#4230,#4231,#4232);
#2145=EDGE_LOOP('',(#4233,#4234,#4235,#4236));
#2146=AXIS2_PLACEMENT_3D('',#4237,#4238,#4239);
#2147=EDGE_LOOP('',(#4240,#4241,#4242,#4243));
#2148=AXIS2_PLACEMENT_3D('',#4244,#4245,#4246);
#2149=EDGE_LOOP('',(#4247,#4248,#4249,#4250));
#2150=AXIS2_PLACEMENT_3D('',#4251,#4252,#4253);
#2151=EDGE_LOOP('',(#4254,#4255,#4256,#4257));
#2152=AXIS2_PLACEMENT_3D('',#4258,#4259,#4260);
#2153=EDGE_LOOP('',(#4261,#4262,#4263,#4264));
#2154=AXIS2_PLACEMENT_3D('',#4265,#4266,#4267);
#2155=EDGE_LOOP('',(#4268,#4269,#4270,#4271));
#2156=AXIS2_PLACEMENT_3D('',#4272,#4273,#4274);
#2157=EDGE_LOOP('',(#4275,#4276,#4277,#4278));
#2158=AXIS2_PLACEMENT_3D('',#4279,#4280,#4281);
#2159=EDGE_LOOP('',(#4282,#4283,#4284,#4285));
#2160=AXIS2_PLACEMENT_3D('',#4286,#4287,#4288);
#2161=EDGE_LOOP('',(#4289,#4290,#4291,#4292));
#2162=AXIS2_PLACEMENT_3D('',#4293,#4294,#4295);
#2163=EDGE_LOOP('',(#4296,#4297,#4298,#4299));
#2164=AXIS2_PLACEMENT_3D('',#4300,#4301,#4302);
#2165=EDGE_LOOP('',(#4303,#4304,#4305,#4306));
#2166=AXIS2_PLACEMENT_3D('',#4307,#4308,#4309);
#2167=EDGE_LOOP('',(#4310,#4311,#4312,#4313));
#2168=AXIS2_PLACEMENT_3D('',#4314,#4315,#4316);
#2169=EDGE_LOOP('',(#4317,#4318,#4319,#4320));
#2170=AXIS2_PLACEMENT_3D('',#4321,#4322,#4323);
#2171=EDGE_LOOP('',(#4324,#4325,#4326,#4327));
#2172=AXIS2_PLACEMENT_3D('',#4328,#4329,#4330);
#2173=EDGE_LOOP('',(#4331,#4332,#4333,#4334));
#2174=AXIS2_PLACEMENT_3D('',#4335,#4336,#4337);
#2175=EDGE_LOOP('',(#4338,#4339,#4340,#4341));
#2176=AXIS2_PLACEMENT_3D('',#4342,#4343,#4344);
#2177=EDGE_LOOP('',(#4345,#4346,#4347,#4348));
#2178=AXIS2_PLACEMENT_3D('',#4349,#4350,#4351);
#2179=EDGE_LOOP('',(#4352,#4353,#4354,#4355));
#2180=AXIS2_PLACEMENT_3D('',#4356,#4357,#4358);
#2181=EDGE_LOOP('',(#4359,#4360,#4361,#4362));
#2182=AXIS2_PLACEMENT_3D('',#4363,#4364,#4365);
#2183=EDGE_LOOP('',(#4366,#4367,#4368,#4369));
#2184=AXIS2_PLACEMENT_3D('',#4370,#4371,#4372);
#2185=EDGE_LOOP('',(#4373,#4374,#4375,#4376));
#2186=AXIS2_PLACEMENT_3D('',#4377,#4378,#4379);
#2187=EDGE_LOOP('',(#4380,#4381,#4382,#4383));
#2188=AXIS2_PLACEMENT_3D('',#4384,#4385,#4386);
#2189=EDGE_LOOP('',(#4387,#4388,#4389,#4390));
#2190=AXIS2_PLACEMENT_3D('',#4391,#4392,#4393);
#2191=EDGE_LOOP('',(#4394,#4395,#4396,#4397));
#2192=AXIS2_PLACEMENT_3D('',#4398,#4399,#4400);
#2193=EDGE_LOOP('',(#4401,#4402,#4403,#4404));
#2194=AXIS2_PLACEMENT_3D('',#4405,#4406,#4407);
#2195=EDGE_LOOP('',(#4408,#4409,#4410,#4411));
#2196=AXIS2_PLACEMENT_3D('',#4412,#4413,#4414);
#2197=EDGE_LOOP('',(#4415,#4416,#4417,#4418));
#2198=AXIS2_PLACEMENT_3D('',#4419,#4420,#4421);
#2199=EDGE_LOOP('',(#4422,#4423,#4424,#4425));
#2200=AXIS2_PLACEMENT_3D('',#4426,#4427,#4428);
#2201=EDGE_LOOP('',(#4429,#4430,#4431,#4432));
#2202=AXIS2_PLACEMENT_3D('',#4433,#4434,#4435);
#2203=EDGE_LOOP('',(#4436,#4437,#4438,#4439));
#2204=AXIS2_PLACEMENT_3D('',#4440,#4441,#4442);
#2205=EDGE_LOOP('',(#4443,#4444,#4445,#4446));
#2206=AXIS2_PLACEMENT_3D('',#4447,#4448,#4449);
#2207=EDGE_LOOP('',(#4450,#4451,#4452,#4453));
#2208=AXIS2_PLACEMENT_3D('',#4454,#4455,#4456);
#2209=EDGE_LOOP('',(#4457,#4458,#4459,#4460));
#2210=AXIS2_PLACEMENT_3D('',#4461,#4462,#4463);
#2211=EDGE_LOOP('',(#4464,#4465,#4466,#4467));
#2212=AXIS2_PLACEMENT_3D('',#4468,#4469,#4470);
#2213=EDGE_LOOP('',(#4471,#4472,#4473,#4474));
#2214=AXIS2_PLACEMENT_3D('',#4475,#4476,#4477);
#2215=EDGE_LOOP('',(#4478,#4479,#4480,#4481));
#2216=AXIS2_PLACEMENT_3D('',#4482,#4483,#4484);
#2217=EDGE_LOOP('',(#4485,#4486,#4487,#4488));
#2218=AXIS2_PLACEMENT_3D('',#4489,#4490,#4491);
#2219=EDGE_LOOP('',(#4492,#4493,#4494,#4495));
#2220=AXIS2_PLACEMENT_3D('',#4496,#4497,#4498);
#2221=EDGE_LOOP('',(#4499,#4500,#4501,#4502));
#2222=AXIS2_PLACEMENT_3D('',#4503,#4504,#4505);
#2223=EDGE_LOOP('',(#4506,#4507,#4508,#4509));
#2224=AXIS2_PLACEMENT_3D('',#4510,#4511,#4512);
#2225=EDGE_LOOP('',(#4513,#4514,#4515,#4516));
#2226=AXIS2_PLACEMENT_3D('',#4517,#4518,#4519);
#2227=EDGE_LOOP('',(#4520,#4521,#4522,#4523));
#2228=AXIS2_PLACEMENT_3D('',#4524,#4525,#4526);
#2229=EDGE_LOOP('',(#4527,#4528,#4529,#4530));
#2230=AXIS2_PLACEMENT_3D('',#4531,#4532,#4533);
#2231=EDGE_LOOP('',(#4534,#4535,#4536,#4537));
#2232=AXIS2_PLACEMENT_3D('',#4538,#4539,#4540);
#2233=EDGE_LOOP('',(#4541,#4542,#4543,#4544));
#2234=AXIS2_PLACEMENT_3D('',#4545,#4546,#4547);
#2235=EDGE_LOOP('',(#4548,#4549,#4550,#4551));
#2236=AXIS2_PLACEMENT_3D('',#4552,#4553,#4554);
#2237=EDGE_LOOP('',(#4555,#4556,#4557,#4558));
#2238=AXIS2_PLACEMENT_3D('',#4559,#4560,#4561);
#2239=EDGE_LOOP('',(#4562,#4563,#4564,#4565));
#2240=AXIS2_PLACEMENT_3D('',#4566,#4567,#4568);
#2241=EDGE_LOOP('',(#4569,#4570,#4571,#4572));
#2242=AXIS2_PLACEMENT_3D('',#4573,#4574,#4575);
#2243=EDGE_LOOP('',(#4576,#4577,#4578,#4579));
#2244=AXIS2_PLACEMENT_3D('',#4580,#4581,#4582);
#2245=EDGE_LOOP('',(#4583,#4584,#4585,#4586));
#2246=AXIS2_PLACEMENT_3D('',#4587,#4588,#4589);
#2247=EDGE_LOOP('',(#4590,#4591,#4592,#4593));
#2248=AXIS2_PLACEMENT_3D('',#4594,#4595,#4596);
#2249=EDGE_LOOP('',(#4597,#4598,#4599,#4600));
#2250=AXIS2_PLACEMENT_3D('',#4601,#4602,#4603);
#2251=EDGE_LOOP('',(#4604,#4605,#4606,#4607));
#2252=AXIS2_PLACEMENT_3D('',#4608,#4609,#4610);
#2253=EDGE_LOOP('',(#4611,#4612,#4613,#4614));
#2254=AXIS2_PLACEMENT_3D('',#4615,#4616,#4617);
#2255=EDGE_LOOP('',(#4618,#4619,#4620,#4621));
#2256=AXIS2_PLACEMENT_3D('',#4622,#4623,#4624);
#2257=EDGE_LOOP('',(#4625,#4626,#4627,#4628));
#2258=AXIS2_PLACEMENT_3D('',#4629,#4630,#4631);
#2259=EDGE_LOOP('',(#4632,#4633,#4634,#4635));
#2260=AXIS2_PLACEMENT_3D('',#4636,#4637,#4638);
#2261=EDGE_LOOP('',(#4639,#4640,#4641,#4642));
#2262=AXIS2_PLACEMENT_3D('',#4643,#4644,#4645);
#2263=EDGE_LOOP('',(#4646,#4647,#4648,#4649));
#2264=AXIS2_PLACEMENT_3D('',#4650,#4651,#4652);
#2265=EDGE_LOOP('',(#4653,#4654,#4655,#4656));
#2266=AXIS2_PLACEMENT_3D('',#4657,#4658,#4659);
#2267=EDGE_LOOP('',(#4660,#4661,#4662,#4663));
#2268=AXIS2_PLACEMENT_3D('',#4664,#4665,#4666);
#2269=EDGE_LOOP('',(#4667,#4668,#4669,#4670));
#2270=AXIS2_PLACEMENT_3D('',#4671,#4672,#4673);
#2271=EDGE_LOOP('',(#4674,#4675,#4676,#4677));
#2272=AXIS2_PLACEMENT_3D('',#4678,#4679,#4680);
#2273=EDGE_LOOP('',(#4681,#4682,#4683,#4684));
#2274=AXIS2_PLACEMENT_3D('',#4685,#4686,#4687);
#2275=EDGE_LOOP('',(#4688,#4689,#4690,#4691));
#2276=AXIS2_PLACEMENT_3D('',#4692,#4693,#4694);
#2277=EDGE_LOOP('',(#4695,#4696,#4697,#4698));
#2278=AXIS2_PLACEMENT_3D('',#4699,#4700,#4701);
#2279=EDGE_LOOP('',(#4702,#4703,#4704,#4705));
#2280=AXIS2_PLACEMENT_3D('',#4706,#4707,#4708);
#2281=EDGE_LOOP('',(#4709,#4710,#4711,#4712));
#2282=AXIS2_PLACEMENT_3D('',#4713,#4714,#4715);
#2283=EDGE_LOOP('',(#4716,#4717,#4718,#4719));
#2284=AXIS2_PLACEMENT_3D('',#4720,#4721,#4722);
#2285=EDGE_LOOP('',(#4723,#4724,#4725,#4726));
#2286=AXIS2_PLACEMENT_3D('',#4727,#4728,#4729);
#2287=EDGE_LOOP('',(#4730,#4731,#4732,#4733));
#2288=AXIS2_PLACEMENT_3D('',#4734,#4735,#4736);
#2289=EDGE_LOOP('',(#4737,#4738,#4739,#4740));
#2290=AXIS2_PLACEMENT_3D('',#4741,#4742,#4743);
#2291=EDGE_LOOP('',(#4744,#4745,#4746,#4747));
#2292=AXIS2_PLACEMENT_3D('',#4748,#4749,#4750);
#2293=EDGE_LOOP('',(#4751,#4752,#4753,#4754));
#2294=AXIS2_PLACEMENT_3D('',#4755,#4756,#4757);
#2295=EDGE_LOOP('',(#4758,#4759,#4760,#4761));
#2296=AXIS2_PLACEMENT_3D('',#4762,#4763,#4764);
#2297=EDGE_LOOP('',(#4765,#4766,#4767,#4768));
#2298=AXIS2_PLACEMENT_3D('',#4769,#4770,#4771);
#2299=EDGE_LOOP('',(#4772,#4773,#4774,#4775));
#2300=AXIS2_PLACEMENT_3D('',#4776,#4777,#4778);
#2301=EDGE_LOOP('',(#4779,#4780,#4781,#4782));
#2302=AXIS2_PLACEMENT_3D('',#4783,#4784,#4785);
#2303=EDGE_LOOP('',(#4786,#4787,#4788,#4789));
#2304=AXIS2_PLACEMENT_3D('',#4790,#4791,#4792);
#2305=EDGE_LOOP('',(#4793,#4794,#4795,#4796));
#2306=AXIS2_PLACEMENT_3D('',#4797,#4798,#4799);
#2307=EDGE_LOOP('',(#4800,#4801,#4802,#4803));
#2308=AXIS2_PLACEMENT_3D('',#4804,#4805,#4806);
#2309=EDGE_LOOP('',(#4807,#4808,#4809,#4810));
#2310=AXIS2_PLACEMENT_3D('',#4811,#4812,#4813);
#2311=EDGE_LOOP('',(#4814,#4815,#4816,#4817));
#2312=AXIS2_PLACEMENT_3D('',#4818,#4819,#4820);
#2313=EDGE_LOOP('',(#4821,#4822,#4823,#4824));
#2314=AXIS2_PLACEMENT_3D('',#4825,#4826,#4827);
#2315=EDGE_LOOP('',(#4828,#4829,#4830,#4831));
#2316=AXIS2_PLACEMENT_3D('',#4832,#4833,#4834);
#2317=EDGE_LOOP('',(#4835,#4836,#4837,#4838));
#2318=AXIS2_PLACEMENT_3D('',#4839,#4840,#4841);
#2319=EDGE_LOOP('',(#4842,#4843,#4844,#4845));
#2320=AXIS2_PLACEMENT_3D('',#4846,#4847,#4848);
#2321=EDGE_LOOP('',(#4849,#4850,#4851,#4852));
#2322=AXIS2_PLACEMENT_3D('',#4853,#4854,#4855);
#2323=EDGE_LOOP('',(#4856,#4857,#4858,#4859));
#2324=AXIS2_PLACEMENT_3D('',#4860,#4861,#4862);
#2325=EDGE_LOOP('',(#4863,#4864,#4865,#4866));
#2326=AXIS2_PLACEMENT_3D('',#4867,#4868,#4869);
#2327=EDGE_LOOP('',(#4870,#4871,#4872,#4873));
#2328=AXIS2_PLACEMENT_3D('',#4874,#4875,#4876);
#2329=EDGE_LOOP('',(#4877,#4878,#4879,#4880));
#2330=AXIS2_PLACEMENT_3D('',#4881,#4882,#4883);
#2331=EDGE_LOOP('',(#4884,#4885,#4886,#4887));
#2332=AXIS2_PLACEMENT_3D('',#4888,#4889,#4890);
#2333=EDGE_LOOP('',(#4891,#4892,#4893,#4894));
#2334=AXIS2_PLACEMENT_3D('',#4895,#4896,#4897);
#2335=EDGE_LOOP('',(#4898,#4899,#4900,#4901));
#2336=AXIS2_PLACEMENT_3D('',#4902,#4903,#4904);
#2337=EDGE_LOOP('',(#4905,#4906,#4907,#4908));
#2338=AXIS2_PLACEMENT_3D('',#4909,#4910,#4911);
#2339=EDGE_LOOP('',(#4912,#4913,#4914,#4915));
#2340=AXIS2_PLACEMENT_3D('',#4916,#4917,#4918);
#2341=EDGE_LOOP('',(#4919,#4920,#4921,#4922));
#2342=AXIS2_PLACEMENT_3D('',#4923,#4924,#4925);
#2343=EDGE_LOOP('',(#4926,#4927,#4928,#4929));
#2344=AXIS2_PLACEMENT_3D('',#4930,#4931,#4932);
#2345=EDGE_LOOP('',(#4933,#4934,#4935,#4936));
#2346=AXIS2_PLACEMENT_3D('',#4937,#4938,#4939);
#2347=EDGE_LOOP('',(#4940,#4941,#4942,#4943));
#2348=AXIS2_PLACEMENT_3D('',#4944,#4945,#4946);
#2349=EDGE_LOOP('',(#4947,#4948,#4949,#4950));
#2350=AXIS2_PLACEMENT_3D('',#4951,#4952,#4953);
#2351=EDGE_LOOP('',(#4954,#4955,#4956,#4957));
#2352=AXIS2_PLACEMENT_3D('',#4958,#4959,#4960);
#2353=EDGE_LOOP('',(#4961,#4962,#4963,#4964));
#2354=AXIS2_PLACEMENT_3D('',#4965,#4966,#4967);
#2355=EDGE_LOOP('',(#4968,#4969,#4970,#4971));
#2356=AXIS2_PLACEMENT_3D('',#4972,#4973,#4974);
#2357=EDGE_LOOP('',(#4975,#4976,#4977,#4978));
#2358=AXIS2_PLACEMENT_3D('',#4979,#4980,#4981);
#2359=EDGE_LOOP('',(#4982,#4983,#4984,#4985));
#2360=AXIS2_PLACEMENT_3D('',#4986,#4987,#4988);
#2361=EDGE_LOOP('',(#4989,#4990,#4991,#4992));
#2362=AXIS2_PLACEMENT_3D('',#4993,#4994,#4995);
#2363=EDGE_LOOP('',(#4996,#4997,#4998,#4999));
#2364=AXIS2_PLACEMENT_3D('',#5000,#5001,#5002);
#2365=EDGE_LOOP('',(#5003,#5004,#5005,#5006));
#2366=AXIS2_PLACEMENT_3D('',#5007,#5008,#5009);
#2367=EDGE_LOOP('',(#5010,#5011,#5012,#5013));
#2368=AXIS2_PLACEMENT_3D('',#5014,#5015,#5016);
#2369=EDGE_LOOP('',(#5017,#5018,#5019,#5020));
#2370=AXIS2_PLACEMENT_3D('',#5021,#5022,#5023);
#2371=EDGE_LOOP('',(#5024,#5025,#5026,#5027));
#2372=AXIS2_PLACEMENT_3D('',#5028,#5029,#5030);
#2373=EDGE_LOOP('',(#5031,#5032,#5033,#5034));
#2374=AXIS2_PLACEMENT_3D('',#5035,#5036,#5037);
#2375=EDGE_LOOP('',(#5038,#5039,#5040,#5041));
#2376=AXIS2_PLACEMENT_3D('',#5042,#5043,#5044);
#2377=EDGE_LOOP('',(#5045,#5046,#5047,#5048));
#2378=AXIS2_PLACEMENT_3D('',#5049,#5050,#5051);
#2379=EDGE_LOOP('',(#5052,#5053,#5054,#5055));
#2380=AXIS2_PLACEMENT_3D('',#5056,#5057,#5058);
#2381=EDGE_LOOP('',(#5059,#5060,#5061,#5062));
#2382=AXIS2_PLACEMENT_3D('',#5063,#5064,#5065);
#2383=EDGE_LOOP('',(#5066,#5067,#5068,#5069,#5070,#5071,#5072,#5073,#5074,#5075,#5076,#5077,#5078));
#2384=AXIS2_PLACEMENT_3D('',#5079,#5080,#5081);
#2385=EDGE_LOOP('',(#5082,#5083,#5084,#5085));
#2386=EDGE_LOOP('',(#5086,#5087));
#2387=AXIS2_PLACEMENT_3D('',#5088,#5089,#5090);
#2388=EDGE_LOOP('',(#5091,#5092,#5093,#5094));
#2389=EDGE_LOOP('',(#5095,#5096));
#2390=AXIS2_PLACEMENT_3D('',#5097,#5098,#5099);
#2391=EDGE_LOOP('',(#5100,#5101,#5102,#5103,#5104,#5105,#5106));
#2392=AXIS2_PLACEMENT_3D('',#5107,#5108,#5109);
#2393=EDGE_LOOP('',(#5110,#5111,#5112,#5113));
#2394=EDGE_LOOP('',(#5114,#5115));
#2395=AXIS2_PLACEMENT_3D('',#5116,#5117,#5118);
#2396=EDGE_LOOP('',(#5119,#5120,#5121,#5122));
#2397=EDGE_LOOP('',(#5123,#5124));
#2398=AXIS2_PLACEMENT_3D('',#5125,#5126,#5127);
#2399=EDGE_LOOP('',(#5128,#5129,#5130,#5131));
#2400=AXIS2_PLACEMENT_3D('',#5132,#5133,#5134);
#2401=EDGE_LOOP('',(#5135,#5136,#5137,#5138));
#2402=AXIS2_PLACEMENT_3D('',#5139,#5140,#5141);
#2403=EDGE_LOOP('',(#5142,#5143,#5144,#5145));
#2404=AXIS2_PLACEMENT_3D('',#5146,#5147,#5148);
#2405=EDGE_LOOP('',(#5149,#5150,#5151,#5152));
#2406=AXIS2_PLACEMENT_3D('',#5153,#5154,#5155);
#2407=EDGE_LOOP('',(#5156,#5157,#5158,#5159,#5160,#5161,#5162,#5163,#5164,#5165,#5166,#5167));
#2408=AXIS2_PLACEMENT_3D('',#5168,#5169,#5170);
#2409=EDGE_LOOP('',(#5171,#5172,#5173,#5174,#5175,#5176,#5177));
#2410=AXIS2_PLACEMENT_3D('',#5178,#5179,#5180);
#2411=EDGE_LOOP('',(#5181,#5182,#5183,#5184));
#2412=AXIS2_PLACEMENT_3D('',#5185,#5186,#5187);
#2413=EDGE_LOOP('',(#5188,#5189,#5190,#5191,#5192,#5193,#5194,#5195));
#2414=AXIS2_PLACEMENT_3D('',#5196,#5197,#5198);
#2415=EDGE_LOOP('',(#5199,#5200,#5201,#5202,#5203,#5204));
#2416=AXIS2_PLACEMENT_3D('',#5205,#5206,#5207);
#2417=EDGE_LOOP('',(#5208,#5209,#5210,#5211,#5212));
#2418=AXIS2_PLACEMENT_3D('',#5213,#5214,#5215);
#2419=EDGE_LOOP('',(#5216,#5217,#5218,#5219,#5220));
#2420=AXIS2_PLACEMENT_3D('',#5221,#5222,#5223);
#2421=EDGE_LOOP('',(#5224,#5225,#5226,#5227,#5228));
#2422=AXIS2_PLACEMENT_3D('',#5229,#5230,#5231);
#2423=EDGE_LOOP('',(#5232,#5233,#5234,#5235,#5236));
#2424=AXIS2_PLACEMENT_3D('',#5237,#5238,#5239);
#2425=EDGE_LOOP('',(#5240,#5241,#5242,#5243,#5244,#5245));
#2426=AXIS2_PLACEMENT_3D('',#5246,#5247,#5248);
#2427=EDGE_LOOP('',(#5249,#5250,#5251,#5252,#5253,#5254,#5255));
#2428=AXIS2_PLACEMENT_3D('',#5256,#5257,#5258);
#2429=EDGE_LOOP('',(#5259,#5260,#5261,#5262));
#2430=AXIS2_PLACEMENT_3D('',#5263,#5264,#5265);
#2431=EDGE_LOOP('',(#5266,#5267,#5268,#5269));
#2432=AXIS2_PLACEMENT_3D('',#5270,#5271,#5272);
#2433=EDGE_LOOP('',(#5273,#5274,#5275,#5276,#5277,#5278));
#2434=AXIS2_PLACEMENT_3D('',#5279,#5280,#5281);
#2435=EDGE_LOOP('',(#5282,#5283,#5284,#5285));
#2436=AXIS2_PLACEMENT_3D('',#5286,#5287,#5288);
#2437=EDGE_LOOP('',(#5289,#5290,#5291,#5292,#5293));
#2438=AXIS2_PLACEMENT_3D('',#5294,#5295,#5296);
#2439=EDGE_LOOP('',(#5297,#5298,#5299,#5300,#5301,#5302,#5303));
#2440=AXIS2_PLACEMENT_3D('',#5304,#5305,#5306);
#2441=EDGE_LOOP('',(#5307,#5308,#5309,#5310));
#2442=AXIS2_PLACEMENT_3D('',#5311,#5312,#5313);
#2443=EDGE_LOOP('',(#5314,#5315,#5316,#5317));
#2444=AXIS2_PLACEMENT_3D('',#5318,#5319,#5320);
#2445=EDGE_LOOP('',(#5321,#5322,#5323,#5324,#5325,#5326));
#2446=AXIS2_PLACEMENT_3D('',#5327,#5328,#5329);
#2447=EDGE_LOOP('',(#5330,#5331,#5332,#5333));
#2448=AXIS2_PLACEMENT_3D('',#5334,#5335,#5336);
#2449=EDGE_LOOP('',(#5337,#5338,#5339,#5340));
#2450=AXIS2_PLACEMENT_3D('',#5341,#5342,#5343);
#2451=EDGE_LOOP('',(#5344,#5345,#5346,#5347));
#2452=AXIS2_PLACEMENT_3D('',#5348,#5349,#5350);
#2453=EDGE_LOOP('',(#5351,#5352,#5353,#5354));
#2454=AXIS2_PLACEMENT_3D('',#5355,#5356,#5357);
#2455=EDGE_LOOP('',(#5358,#5359,#5360,#5361));
#2456=AXIS2_PLACEMENT_3D('',#5362,#5363,#5364);
#2457=EDGE_LOOP('',(#5365,#5366,#5367,#5368));
#2458=AXIS2_PLACEMENT_3D('',#5369,#5370,#5371);
#2459=EDGE_LOOP('',(#5372,#5373,#5374,#5375));
#2460=AXIS2_PLACEMENT_3D('',#5376,#5377,#5378);
#2461=EDGE_LOOP('',(#5379,#5380));
#2462=EDGE_LOOP('',(#5381,#5382));
#2463=AXIS2_PLACEMENT_3D('',#5383,#5384,#5385);
#2464=EDGE_LOOP('',(#5386,#5387));
#2465=EDGE_LOOP('',(#5388,#5389));
#2466=AXIS2_PLACEMENT_3D('',#5390,#5391,#5392);
#2467=EDGE_LOOP('',(#5393,#5394,#5395,#5396));
#2468=AXIS2_PLACEMENT_3D('',#5397,#5398,#5399);
#2469=EDGE_LOOP('',(#5400,#5401,#5402,#5403));
#2470=AXIS2_PLACEMENT_3D('',#5404,#5405,#5406);
#2471=EDGE_LOOP('',(#5407,#5408,#5409,#5410));
#2472=AXIS2_PLACEMENT_3D('',#5411,#5412,#5413);
#2473=EDGE_LOOP('',(#5414,#5415,#5416,#5417));
#2474=AXIS2_PLACEMENT_3D('',#5418,#5419,#5420);
#2475=EDGE_LOOP('',(#5421,#5422,#5423,#5424));
#2476=AXIS2_PLACEMENT_3D('',#5425,#5426,#5427);
#2477=EDGE_LOOP('',(#5428,#5429,#5430,#5431));
#2478=AXIS2_PLACEMENT_3D('',#5432,#5433,#5434);
#2479=EDGE_LOOP('',(#5435,#5436,#5437,#5438));
#2480=AXIS2_PLACEMENT_3D('',#5439,#5440,#5441);
#2481=EDGE_LOOP('',(#5442,#5443,#5444,#5445));
#2482=AXIS2_PLACEMENT_3D('',#5446,#5447,#5448);
#2483=EDGE_LOOP('',(#5449,#5450,#5451,#5452));
#2484=AXIS2_PLACEMENT_3D('',#5453,#5454,#5455);
#2485=EDGE_LOOP('',(#5456,#5457,#5458,#5459));
#2486=AXIS2_PLACEMENT_3D('',#5460,#5461,#5462);
#2487=EDGE_LOOP('',(#5463,#5464,#5465,#5466,#5467,#5468));
#2488=EDGE_LOOP('',(#5469,#5470,#5471,#5472));
#2489=EDGE_LOOP('',(#5473,#5474,#5475,#5476));
#2490=EDGE_LOOP('',(#5477,#5478,#5479,#5480));
#2491=EDGE_LOOP('',(#5481,#5482,#5483,#5484));
#2492=EDGE_LOOP('',(#5485,#5486,#5487,#5488));
#2493=EDGE_LOOP('',(#5489,#5490,#5491,#5492));
#2494=EDGE_LOOP('',(#5493,#5494,#5495,#5496));
#2495=EDGE_LOOP('',(#5497,#5498,#5499,#5500));
#2496=EDGE_LOOP('',(#5501,#5502,#5503,#5504));
#2497=EDGE_LOOP('',(#5505,#5506,#5507,#5508));
#2498=EDGE_LOOP('',(#5509,#5510,#5511,#5512));
#2499=EDGE_LOOP('',(#5513,#5514,#5515,#5516));
#2500=EDGE_LOOP('',(#5517,#5518,#5519,#5520));
#2501=EDGE_LOOP('',(#5521,#5522,#5523,#5524));
#2502=EDGE_LOOP('',(#5525,#5526,#5527,#5528));
#2503=EDGE_LOOP('',(#5529,#5530,#5531,#5532));
#2504=EDGE_LOOP('',(#5533,#5534,#5535,#5536));
#2505=EDGE_LOOP('',(#5537,#5538,#5539,#5540));
#2506=AXIS2_PLACEMENT_3D('',#5541,#5542,#5543);
#2507=EDGE_LOOP('',(#5544,#5545,#5546,#5547));
#2508=AXIS2_PLACEMENT_3D('',#5548,#5549,#5550);
#2509=EDGE_LOOP('',(#5551,#5552,#5553,#5554));
#2510=AXIS2_PLACEMENT_3D('',#5555,#5556,#5557);
#2511=EDGE_LOOP('',(#5558,#5559,#5560,#5561,#5562,#5563));
#2512=EDGE_LOOP('',(#5564,#5565,#5566,#5567));
#2513=EDGE_LOOP('',(#5568,#5569,#5570,#5571));
#2514=EDGE_LOOP('',(#5572,#5573,#5574,#5575));
#2515=EDGE_LOOP('',(#5576,#5577,#5578,#5579));
#2516=EDGE_LOOP('',(#5580,#5581,#5582,#5583));
#2517=EDGE_LOOP('',(#5584,#5585,#5586,#5587));
#2518=EDGE_LOOP('',(#5588,#5589,#5590,#5591));
#2519=EDGE_LOOP('',(#5592,#5593,#5594,#5595));
#2520=EDGE_LOOP('',(#5596,#5597,#5598,#5599));
#2521=EDGE_LOOP('',(#5600,#5601,#5602,#5603));
#2522=EDGE_LOOP('',(#5604,#5605,#5606,#5607));
#2523=EDGE_LOOP('',(#5608,#5609,#5610,#5611));
#2524=EDGE_LOOP('',(#5612,#5613,#5614,#5615));
#2525=EDGE_LOOP('',(#5616,#5617,#5618,#5619));
#2526=EDGE_LOOP('',(#5620,#5621,#5622,#5623));
#2527=EDGE_LOOP('',(#5624,#5625,#5626,#5627));
#2528=EDGE_LOOP('',(#5628,#5629,#5630,#5631));
#2529=EDGE_LOOP('',(#5632,#5633,#5634,#5635));
#2530=AXIS2_PLACEMENT_3D('',#5636,#5637,#5638);
#2531=EDGE_LOOP('',(#5639,#5640,#5641,#5642));
#2532=EDGE_LOOP('',(#5643,#5644,#5645,#5646));
#2533=EDGE_LOOP('',(#5647,#5648,#5649,#5650));
#2534=EDGE_LOOP('',(#5651,#5652,#5653,#5654));
#2535=EDGE_LOOP('',(#5655,#5656,#5657,#5658));
#2536=EDGE_LOOP('',(#5659,#5660,#5661,#5662));
#2537=EDGE_LOOP('',(#5663,#5664,#5665,#5666));
#2538=EDGE_LOOP('',(#5667,#5668,#5669,#5670));
#2539=EDGE_LOOP('',(#5671,#5672,#5673,#5674));
#2540=EDGE_LOOP('',(#5675,#5676,#5677,#5678));
#2541=EDGE_LOOP('',(#5679,#5680,#5681,#5682));
#2542=EDGE_LOOP('',(#5683,#5684,#5685,#5686));
#2543=EDGE_LOOP('',(#5687,#5688,#5689,#5690));
#2544=EDGE_LOOP('',(#5691,#5692,#5693,#5694));
#2545=EDGE_LOOP('',(#5695,#5696,#5697,#5698));
#2546=EDGE_LOOP('',(#5699,#5700,#5701,#5702));
#2547=EDGE_LOOP('',(#5703,#5704,#5705,#5706));
#2548=EDGE_LOOP('',(#5707,#5708,#5709,#5710));
#2549=EDGE_LOOP('',(#5711,#5712,#5713,#5714));
#2550=EDGE_LOOP('',(#5715,#5716,#5717,#5718));
#2551=EDGE_LOOP('',(#5719,#5720,#5721,#5722));
#2552=EDGE_LOOP('',(#5723,#5724,#5725,#5726));
#2553=EDGE_LOOP('',(#5727,#5728,#5729,#5730));
#2554=EDGE_LOOP('',(#5731,#5732,#5733,#5734));
#2555=EDGE_LOOP('',(#5735,#5736,#5737,#5738));
#2556=EDGE_LOOP('',(#5739,#5740,#5741,#5742));
#2557=EDGE_LOOP('',(#5743,#5744,#5745,#5746));
#2558=EDGE_LOOP('',(#5747,#5748,#5749,#5750));
#2559=EDGE_LOOP('',(#5751,#5752,#5753,#5754));
#2560=EDGE_LOOP('',(#5755,#5756,#5757,#5758));
#2561=EDGE_LOOP('',(#5759,#5760,#5761,#5762));
#2562=EDGE_LOOP('',(#5763,#5764,#5765,#5766));
#2563=EDGE_LOOP('',(#5767,#5768,#5769,#5770));
#2564=EDGE_LOOP('',(#5771,#5772,#5773,#5774));
#2565=EDGE_LOOP('',(#5775,#5776,#5777,#5778));
#2566=EDGE_LOOP('',(#5779,#5780,#5781,#5782));
#2567=EDGE_LOOP('',(#5783,#5784,#5785,#5786));
#2568=AXIS2_PLACEMENT_3D('',#5787,#5788,#5789);
#2569=EDGE_LOOP('',(#5790,#5791,#5792,#5793,#5794,#5795,#5796));
#2570=AXIS2_PLACEMENT_3D('',#5797,#5798,#5799);
#2571=EDGE_LOOP('',(#5800,#5801,#5802,#5803,#5804,#5805,#5806));
#2572=AXIS2_PLACEMENT_3D('',#5807,#5808,#5809);
#2573=EDGE_LOOP('',(#5810,#5811,#5812,#5813));
#2574=AXIS2_PLACEMENT_3D('',#5814,#5815,#5816);
#2575=EDGE_LOOP('',(#5817,#5818,#5819,#5820,#5821,#5822,#5823));
#2576=AXIS2_PLACEMENT_3D('',#5824,#5825,#5826);
#2577=EDGE_LOOP('',(#5827,#5828,#5829,#5830,#5831,#5832,#5833));
#2578=AXIS2_PLACEMENT_3D('',#5834,#5835,#5836);
#2579=EDGE_LOOP('',(#5837,#5838,#5839,#5840));
#2580=AXIS2_PLACEMENT_3D('',#5841,#5842,#5843);
#2581=EDGE_LOOP('',(#5844,#5845,#5846,#5847));
#2582=AXIS2_PLACEMENT_3D('',#5848,#5849,#5850);
#2583=EDGE_LOOP('',(#5851,#5852,#5853,#5854));
#2584=AXIS2_PLACEMENT_3D('',#5855,#5856,#5857);
#2585=EDGE_LOOP('',(#5858,#5859,#5860,#5861));
#2586=AXIS2_PLACEMENT_3D('',#5862,#5863,#5864);
#2587=EDGE_LOOP('',(#5865,#5866,#5867,#5868));
#2588=AXIS2_PLACEMENT_3D('',#5869,#5870,#5871);
#2589=EDGE_LOOP('',(#5872,#5873,#5874,#5875));
#2590=AXIS2_PLACEMENT_3D('',#5876,#5877,#5878);
#2591=EDGE_LOOP('',(#5879,#5880,#5881,#5882));
#2592=AXIS2_PLACEMENT_3D('',#5883,#5884,#5885);
#2593=EDGE_LOOP('',(#5886,#5887,#5888,#5889));
#2594=AXIS2_PLACEMENT_3D('',#5890,#5891,#5892);
#2595=EDGE_LOOP('',(#5893,#5894,#5895,#5896));
#2596=AXIS2_PLACEMENT_3D('',#5897,#5898,#5899);
#2597=EDGE_LOOP('',(#5900,#5901,#5902,#5903,#5904,#5905,#5906));
#2598=AXIS2_PLACEMENT_3D('',#5907,#5908,#5909);
#2599=EDGE_LOOP('',(#5910,#5911,#5912,#5913,#5914,#5915,#5916));
#2600=AXIS2_PLACEMENT_3D('',#5917,#5918,#5919);
#2601=EDGE_LOOP('',(#5920,#5921,#5922,#5923));
#2602=AXIS2_PLACEMENT_3D('',#5924,#5925,#5926);
#2603=EDGE_LOOP('',(#5927,#5928,#5929,#5930,#5931,#5932,#5933));
#2604=AXIS2_PLACEMENT_3D('',#5934,#5935,#5936);
#2605=EDGE_LOOP('',(#5937,#5938,#5939,#5940,#5941,#5942,#5943));
#2606=AXIS2_PLACEMENT_3D('',#5944,#5945,#5946);
#2607=EDGE_LOOP('',(#5947,#5948,#5949,#5950));
#2608=AXIS2_PLACEMENT_3D('',#5951,#5952,#5953);
#2609=EDGE_LOOP('',(#5954,#5955,#5956,#5957));
#2610=AXIS2_PLACEMENT_3D('',#5958,#5959,#5960);
#2611=EDGE_LOOP('',(#5961,#5962,#5963,#5964));
#2612=AXIS2_PLACEMENT_3D('',#5965,#5966,#5967);
#2613=EDGE_LOOP('',(#5968,#5969,#5970,#5971));
#2614=AXIS2_PLACEMENT_3D('',#5972,#5973,#5974);
#2615=EDGE_LOOP('',(#5975,#5976,#5977,#5978));
#2616=AXIS2_PLACEMENT_3D('',#5979,#5980,#5981);
#2617=EDGE_LOOP('',(#5982,#5983,#5984,#5985));
#2618=AXIS2_PLACEMENT_3D('',#5986,#5987,#5988);
#2619=EDGE_LOOP('',(#5989,#5990,#5991,#5992));
#2620=AXIS2_PLACEMENT_3D('',#5993,#5994,#5995);
#2621=EDGE_LOOP('',(#5996,#5997,#5998,#5999));
#2622=AXIS2_PLACEMENT_3D('',#6000,#6001,#6002);
#2623=EDGE_LOOP('',(#6003,#6004,#6005,#6006));
#2624=AXIS2_PLACEMENT_3D('',#6007,#6008,#6009);
#2625=EDGE_LOOP('',(#6010,#6011,#6012,#6013,#6014,#6015,#6016));
#2626=AXIS2_PLACEMENT_3D('',#6017,#6018,#6019);
#2627=EDGE_LOOP('',(#6020,#6021,#6022,#6023,#6024,#6025,#6026));
#2628=AXIS2_PLACEMENT_3D('',#6027,#6028,#6029);
#2629=EDGE_LOOP('',(#6030,#6031,#6032,#6033));
#2630=AXIS2_PLACEMENT_3D('',#6034,#6035,#6036);
#2631=EDGE_LOOP('',(#6037,#6038,#6039,#6040,#6041,#6042,#6043));
#2632=AXIS2_PLACEMENT_3D('',#6044,#6045,#6046);
#2633=EDGE_LOOP('',(#6047,#6048,#6049,#6050,#6051,#6052,#6053));
#2634=AXIS2_PLACEMENT_3D('',#6054,#6055,#6056);
#2635=EDGE_LOOP('',(#6057,#6058,#6059,#6060));
#2636=AXIS2_PLACEMENT_3D('',#6061,#6062,#6063);
#2637=EDGE_LOOP('',(#6064,#6065,#6066,#6067));
#2638=AXIS2_PLACEMENT_3D('',#6068,#6069,#6070);
#2639=EDGE_LOOP('',(#6071,#6072,#6073,#6074));
#2640=AXIS2_PLACEMENT_3D('',#6075,#6076,#6077);
#2641=EDGE_LOOP('',(#6078,#6079,#6080,#6081));
#2642=AXIS2_PLACEMENT_3D('',#6082,#6083,#6084);
#2643=EDGE_LOOP('',(#6085,#6086,#6087,#6088));
#2644=AXIS2_PLACEMENT_3D('',#6089,#6090,#6091);
#2645=EDGE_LOOP('',(#6092,#6093,#6094,#6095));
#2646=AXIS2_PLACEMENT_3D('',#6096,#6097,#6098);
#2647=EDGE_LOOP('',(#6099,#6100,#6101,#6102));
#2648=AXIS2_PLACEMENT_3D('',#6103,#6104,#6105);
#2649=EDGE_LOOP('',(#6106,#6107,#6108,#6109));
#2650=AXIS2_PLACEMENT_3D('',#6110,#6111,#6112);
#2651=EDGE_LOOP('',(#6113,#6114,#6115,#6116));
#2652=AXIS2_PLACEMENT_3D('',#6117,#6118,#6119);
#2653=EDGE_LOOP('',(#6120,#6121,#6122,#6123,#6124,#6125,#6126));
#2654=AXIS2_PLACEMENT_3D('',#6127,#6128,#6129);
#2655=EDGE_LOOP('',(#6130,#6131,#6132,#6133,#6134,#6135,#6136));
#2656=AXIS2_PLACEMENT_3D('',#6137,#6138,#6139);
#2657=EDGE_LOOP('',(#6140,#6141,#6142,#6143));
#2658=AXIS2_PLACEMENT_3D('',#6144,#6145,#6146);
#2659=EDGE_LOOP('',(#6147,#6148,#6149,#6150,#6151,#6152,#6153));
#2660=AXIS2_PLACEMENT_3D('',#6154,#6155,#6156);
#2661=EDGE_LOOP('',(#6157,#6158,#6159,#6160,#6161,#6162,#6163));
#2662=AXIS2_PLACEMENT_3D('',#6164,#6165,#6166);
#2663=EDGE_LOOP('',(#6167,#6168,#6169,#6170));
#2664=AXIS2_PLACEMENT_3D('',#6171,#6172,#6173);
#2665=EDGE_LOOP('',(#6174,#6175,#6176,#6177));
#2666=AXIS2_PLACEMENT_3D('',#6178,#6179,#6180);
#2667=EDGE_LOOP('',(#6181,#6182,#6183,#6184));
#2668=AXIS2_PLACEMENT_3D('',#6185,#6186,#6187);
#2669=EDGE_LOOP('',(#6188,#6189,#6190,#6191));
#2670=AXIS2_PLACEMENT_3D('',#6192,#6193,#6194);
#2671=EDGE_LOOP('',(#6195,#6196,#6197,#6198));
#2672=AXIS2_PLACEMENT_3D('',#6199,#6200,#6201);
#2673=EDGE_LOOP('',(#6202,#6203,#6204,#6205));
#2674=AXIS2_PLACEMENT_3D('',#6206,#6207,#6208);
#2675=EDGE_LOOP('',(#6209,#6210,#6211,#6212));
#2676=AXIS2_PLACEMENT_3D('',#6213,#6214,#6215);
#2677=EDGE_LOOP('',(#6216,#6217,#6218,#6219));
#2678=AXIS2_PLACEMENT_3D('',#6220,#6221,#6222);
#2679=EDGE_LOOP('',(#6223,#6224,#6225,#6226));
#2680=AXIS2_PLACEMENT_3D('',#6227,#6228,#6229);
#2681=EDGE_LOOP('',(#6230,#6231,#6232,#6233,#6234,#6235,#6236));
#2682=AXIS2_PLACEMENT_3D('',#6237,#6238,#6239);
#2683=EDGE_LOOP('',(#6240,#6241,#6242,#6243,#6244,#6245,#6246));
#2684=AXIS2_PLACEMENT_3D('',#6247,#6248,#6249);
#2685=EDGE_LOOP('',(#6250,#6251,#6252,#6253));
#2686=AXIS2_PLACEMENT_3D('',#6254,#6255,#6256);
#2687=EDGE_LOOP('',(#6257,#6258,#6259,#6260,#6261,#6262,#6263));
#2688=AXIS2_PLACEMENT_3D('',#6264,#6265,#6266);
#2689=EDGE_LOOP('',(#6267,#6268,#6269,#6270,#6271,#6272,#6273));
#2690=AXIS2_PLACEMENT_3D('',#6274,#6275,#6276);
#2691=EDGE_LOOP('',(#6277,#6278,#6279,#6280));
#2692=AXIS2_PLACEMENT_3D('',#6281,#6282,#6283);
#2693=EDGE_LOOP('',(#6284,#6285,#6286,#6287));
#2694=AXIS2_PLACEMENT_3D('',#6288,#6289,#6290);
#2695=EDGE_LOOP('',(#6291,#6292,#6293,#6294));
#2696=AXIS2_PLACEMENT_3D('',#6295,#6296,#6297);
#2697=EDGE_LOOP('',(#6298,#6299,#6300,#6301));
#2698=AXIS2_PLACEMENT_3D('',#6302,#6303,#6304);
#2699=EDGE_LOOP('',(#6305,#6306,#6307,#6308));
#2700=AXIS2_PLACEMENT_3D('',#6309,#6310,#6311);
#2701=EDGE_LOOP('',(#6312,#6313,#6314,#6315));
#2702=AXIS2_PLACEMENT_3D('',#6316,#6317,#6318);
#2703=EDGE_LOOP('',(#6319,#6320,#6321,#6322));
#2704=AXIS2_PLACEMENT_3D('',#6323,#6324,#6325);
#2705=EDGE_LOOP('',(#6326,#6327,#6328,#6329));
#2706=AXIS2_PLACEMENT_3D('',#6330,#6331,#6332);
#2707=EDGE_LOOP('',(#6333,#6334,#6335,#6336));
#2708=AXIS2_PLACEMENT_3D('',#6337,#6338,#6339);
#2709=EDGE_LOOP('',(#6340,#6341,#6342,#6343,#6344,#6345,#6346));
#2710=AXIS2_PLACEMENT_3D('',#6347,#6348,#6349);
#2711=EDGE_LOOP('',(#6350,#6351,#6352,#6353,#6354,#6355,#6356));
#2712=AXIS2_PLACEMENT_3D('',#6357,#6358,#6359);
#2713=EDGE_LOOP('',(#6360,#6361,#6362,#6363));
#2714=AXIS2_PLACEMENT_3D('',#6364,#6365,#6366);
#2715=EDGE_LOOP('',(#6367,#6368,#6369,#6370,#6371,#6372,#6373));
#2716=AXIS2_PLACEMENT_3D('',#6374,#6375,#6376);
#2717=EDGE_LOOP('',(#6377,#6378,#6379,#6380,#6381,#6382,#6383));
#2718=AXIS2_PLACEMENT_3D('',#6384,#6385,#6386);
#2719=EDGE_LOOP('',(#6387,#6388,#6389,#6390));
#2720=AXIS2_PLACEMENT_3D('',#6391,#6392,#6393);
#2721=EDGE_LOOP('',(#6394,#6395,#6396,#6397));
#2722=AXIS2_PLACEMENT_3D('',#6398,#6399,#6400);
#2723=EDGE_LOOP('',(#6401,#6402,#6403,#6404));
#2724=AXIS2_PLACEMENT_3D('',#6405,#6406,#6407);
#2725=EDGE_LOOP('',(#6408,#6409,#6410,#6411));
#2726=AXIS2_PLACEMENT_3D('',#6412,#6413,#6414);
#2727=EDGE_LOOP('',(#6415,#6416,#6417,#6418));
#2728=AXIS2_PLACEMENT_3D('',#6419,#6420,#6421);
#2729=EDGE_LOOP('',(#6422,#6423,#6424,#6425));
#2730=AXIS2_PLACEMENT_3D('',#6426,#6427,#6428);
#2731=EDGE_LOOP('',(#6429,#6430,#6431,#6432));
#2732=AXIS2_PLACEMENT_3D('',#6433,#6434,#6435);
#2733=EDGE_LOOP('',(#6436,#6437,#6438,#6439));
#2734=AXIS2_PLACEMENT_3D('',#6440,#6441,#6442);
#2735=EDGE_LOOP('',(#6443,#6444,#6445,#6446));
#2736=AXIS2_PLACEMENT_3D('',#6447,#6448,#6449);
#2737=EDGE_LOOP('',(#6450,#6451,#6452,#6453,#6454,#6455,#6456));
#2738=AXIS2_PLACEMENT_3D('',#6457,#6458,#6459);
#2739=EDGE_LOOP('',(#6460,#6461,#6462,#6463,#6464,#6465,#6466));
#2740=AXIS2_PLACEMENT_3D('',#6467,#6468,#6469);
#2741=EDGE_LOOP('',(#6470,#6471,#6472,#6473));
#2742=AXIS2_PLACEMENT_3D('',#6474,#6475,#6476);
#2743=EDGE_LOOP('',(#6477,#6478,#6479,#6480,#6481,#6482,#6483));
#2744=AXIS2_PLACEMENT_3D('',#6484,#6485,#6486);
#2745=EDGE_LOOP('',(#6487,#6488,#6489,#6490,#6491,#6492,#6493));
#2746=AXIS2_PLACEMENT_3D('',#6494,#6495,#6496);
#2747=EDGE_LOOP('',(#6497,#6498,#6499,#6500));
#2748=AXIS2_PLACEMENT_3D('',#6501,#6502,#6503);
#2749=EDGE_LOOP('',(#6504,#6505,#6506,#6507));
#2750=AXIS2_PLACEMENT_3D('',#6508,#6509,#6510);
#2751=EDGE_LOOP('',(#6511,#6512,#6513,#6514));
#2752=AXIS2_PLACEMENT_3D('',#6515,#6516,#6517);
#2753=EDGE_LOOP('',(#6518,#6519,#6520,#6521));
#2754=AXIS2_PLACEMENT_3D('',#6522,#6523,#6524);
#2755=EDGE_LOOP('',(#6525,#6526,#6527,#6528));
#2756=AXIS2_PLACEMENT_3D('',#6529,#6530,#6531);
#2757=EDGE_LOOP('',(#6532,#6533,#6534,#6535));
#2758=AXIS2_PLACEMENT_3D('',#6536,#6537,#6538);
#2759=EDGE_LOOP('',(#6539,#6540,#6541,#6542));
#2760=AXIS2_PLACEMENT_3D('',#6543,#6544,#6545);
#2761=EDGE_LOOP('',(#6546,#6547,#6548,#6549));
#2762=AXIS2_PLACEMENT_3D('',#6550,#6551,#6552);
#2763=EDGE_LOOP('',(#6553,#6554,#6555,#6556));
#2764=AXIS2_PLACEMENT_3D('',#6557,#6558,#6559);
#2765=EDGE_LOOP('',(#6560,#6561,#6562,#6563,#6564,#6565,#6566));
#2766=AXIS2_PLACEMENT_3D('',#6567,#6568,#6569);
#2767=EDGE_LOOP('',(#6570,#6571,#6572,#6573,#6574,#6575,#6576));
#2768=AXIS2_PLACEMENT_3D('',#6577,#6578,#6579);
#2769=EDGE_LOOP('',(#6580,#6581,#6582,#6583));
#2770=AXIS2_PLACEMENT_3D('',#6584,#6585,#6586);
#2771=EDGE_LOOP('',(#6587,#6588,#6589,#6590,#6591,#6592,#6593));
#2772=AXIS2_PLACEMENT_3D('',#6594,#6595,#6596);
#2773=EDGE_LOOP('',(#6597,#6598,#6599,#6600,#6601,#6602,#6603));
#2774=AXIS2_PLACEMENT_3D('',#6604,#6605,#6606);
#2775=EDGE_LOOP('',(#6607,#6608,#6609,#6610));
#2776=AXIS2_PLACEMENT_3D('',#6611,#6612,#6613);
#2777=EDGE_LOOP('',(#6614,#6615,#6616,#6617));
#2778=AXIS2_PLACEMENT_3D('',#6618,#6619,#6620);
#2779=EDGE_LOOP('',(#6621,#6622,#6623,#6624));
#2780=AXIS2_PLACEMENT_3D('',#6625,#6626,#6627);
#2781=EDGE_LOOP('',(#6628,#6629,#6630,#6631));
#2782=AXIS2_PLACEMENT_3D('',#6632,#6633,#6634);
#2783=EDGE_LOOP('',(#6635,#6636,#6637,#6638));
#2784=AXIS2_PLACEMENT_3D('',#6639,#6640,#6641);
#2785=EDGE_LOOP('',(#6642,#6643,#6644,#6645));
#2786=AXIS2_PLACEMENT_3D('',#6646,#6647,#6648);
#2787=EDGE_LOOP('',(#6649,#6650,#6651,#6652));
#2788=AXIS2_PLACEMENT_3D('',#6653,#6654,#6655);
#2789=EDGE_LOOP('',(#6656,#6657,#6658,#6659));
#2790=AXIS2_PLACEMENT_3D('',#6660,#6661,#6662);
#2791=EDGE_LOOP('',(#6663,#6664,#6665,#6666));
#2792=AXIS2_PLACEMENT_3D('',#6667,#6668,#6669);
#2793=EDGE_LOOP('',(#6670,#6671,#6672,#6673,#6674,#6675,#6676));
#2794=AXIS2_PLACEMENT_3D('',#6677,#6678,#6679);
#2795=EDGE_LOOP('',(#6680,#6681,#6682,#6683,#6684,#6685,#6686));
#2796=AXIS2_PLACEMENT_3D('',#6687,#6688,#6689);
#2797=EDGE_LOOP('',(#6690,#6691,#6692,#6693));
#2798=AXIS2_PLACEMENT_3D('',#6694,#6695,#6696);
#2799=EDGE_LOOP('',(#6697,#6698,#6699,#6700,#6701,#6702,#6703));
#2800=AXIS2_PLACEMENT_3D('',#6704,#6705,#6706);
#2801=EDGE_LOOP('',(#6707,#6708,#6709,#6710,#6711,#6712,#6713));
#2802=AXIS2_PLACEMENT_3D('',#6714,#6715,#6716);
#2803=EDGE_LOOP('',(#6717,#6718,#6719,#6720));
#2804=AXIS2_PLACEMENT_3D('',#6721,#6722,#6723);
#2805=EDGE_LOOP('',(#6724,#6725,#6726,#6727));
#2806=AXIS2_PLACEMENT_3D('',#6728,#6729,#6730);
#2807=EDGE_LOOP('',(#6731,#6732,#6733,#6734));
#2808=AXIS2_PLACEMENT_3D('',#6735,#6736,#6737);
#2809=EDGE_LOOP('',(#6738,#6739,#6740,#6741));
#2810=AXIS2_PLACEMENT_3D('',#6742,#6743,#6744);
#2811=EDGE_LOOP('',(#6745,#6746,#6747,#6748));
#2812=AXIS2_PLACEMENT_3D('',#6749,#6750,#6751);
#2813=EDGE_LOOP('',(#6752,#6753,#6754,#6755));
#2814=AXIS2_PLACEMENT_3D('',#6756,#6757,#6758);
#2815=EDGE_LOOP('',(#6759,#6760,#6761,#6762));
#2816=AXIS2_PLACEMENT_3D('',#6763,#6764,#6765);
#2817=EDGE_LOOP('',(#6766,#6767,#6768,#6769));
#2818=AXIS2_PLACEMENT_3D('',#6770,#6771,#6772);
#2819=EDGE_LOOP('',(#6773,#6774,#6775,#6776));
#2820=AXIS2_PLACEMENT_3D('',#6777,#6778,#6779);
#2821=EDGE_LOOP('',(#6780,#6781,#6782,#6783,#6784,#6785,#6786));
#2822=AXIS2_PLACEMENT_3D('',#6787,#6788,#6789);
#2823=EDGE_LOOP('',(#6790,#6791,#6792,#6793,#6794,#6795,#6796));
#2824=AXIS2_PLACEMENT_3D('',#6797,#6798,#6799);
#2825=EDGE_LOOP('',(#6800,#6801,#6802,#6803));
#2826=AXIS2_PLACEMENT_3D('',#6804,#6805,#6806);
#2827=EDGE_LOOP('',(#6807,#6808,#6809,#6810,#6811,#6812,#6813));
#2828=AXIS2_PLACEMENT_3D('',#6814,#6815,#6816);
#2829=EDGE_LOOP('',(#6817,#6818,#6819,#6820,#6821,#6822,#6823));
#2830=AXIS2_PLACEMENT_3D('',#6824,#6825,#6826);
#2831=EDGE_LOOP('',(#6827,#6828,#6829,#6830));
#2832=AXIS2_PLACEMENT_3D('',#6831,#6832,#6833);
#2833=EDGE_LOOP('',(#6834,#6835,#6836,#6837));
#2834=AXIS2_PLACEMENT_3D('',#6838,#6839,#6840);
#2835=EDGE_LOOP('',(#6841,#6842,#6843,#6844));
#2836=AXIS2_PLACEMENT_3D('',#6845,#6846,#6847);
#2837=EDGE_LOOP('',(#6848,#6849,#6850,#6851));
#2838=AXIS2_PLACEMENT_3D('',#6852,#6853,#6854);
#2839=EDGE_LOOP('',(#6855,#6856,#6857,#6858));
#2840=AXIS2_PLACEMENT_3D('',#6859,#6860,#6861);
#2841=EDGE_LOOP('',(#6862,#6863,#6864,#6865));
#2842=AXIS2_PLACEMENT_3D('',#6866,#6867,#6868);
#2843=EDGE_LOOP('',(#6869,#6870,#6871,#6872));
#2844=AXIS2_PLACEMENT_3D('',#6873,#6874,#6875);
#2845=EDGE_LOOP('',(#6876,#6877,#6878,#6879));
#2846=AXIS2_PLACEMENT_3D('',#6880,#6881,#6882);
#2847=EDGE_LOOP('',(#6883,#6884,#6885,#6886));
#2848=AXIS2_PLACEMENT_3D('',#6887,#6888,#6889);
#2849=EDGE_LOOP('',(#6890,#6891,#6892,#6893,#6894,#6895,#6896));
#2850=AXIS2_PLACEMENT_3D('',#6897,#6898,#6899);
#2851=EDGE_LOOP('',(#6900,#6901,#6902,#6903,#6904,#6905,#6906));
#2852=AXIS2_PLACEMENT_3D('',#6907,#6908,#6909);
#2853=EDGE_LOOP('',(#6910,#6911,#6912,#6913));
#2854=AXIS2_PLACEMENT_3D('',#6914,#6915,#6916);
#2855=EDGE_LOOP('',(#6917,#6918,#6919,#6920,#6921,#6922,#6923));
#2856=AXIS2_PLACEMENT_3D('',#6924,#6925,#6926);
#2857=EDGE_LOOP('',(#6927,#6928,#6929,#6930,#6931,#6932,#6933));
#2858=AXIS2_PLACEMENT_3D('',#6934,#6935,#6936);
#2859=EDGE_LOOP('',(#6937,#6938,#6939,#6940));
#2860=AXIS2_PLACEMENT_3D('',#6941,#6942,#6943);
#2861=EDGE_LOOP('',(#6944,#6945,#6946,#6947));
#2862=AXIS2_PLACEMENT_3D('',#6948,#6949,#6950);
#2863=EDGE_LOOP('',(#6951,#6952,#6953,#6954));
#2864=AXIS2_PLACEMENT_3D('',#6955,#6956,#6957);
#2865=EDGE_LOOP('',(#6958,#6959,#6960,#6961));
#2866=AXIS2_PLACEMENT_3D('',#6962,#6963,#6964);
#2867=EDGE_LOOP('',(#6965,#6966,#6967,#6968));
#2868=AXIS2_PLACEMENT_3D('',#6969,#6970,#6971);
#2869=EDGE_LOOP('',(#6972,#6973,#6974,#6975));
#2870=AXIS2_PLACEMENT_3D('',#6976,#6977,#6978);
#2871=EDGE_LOOP('',(#6979,#6980,#6981,#6982));
#2872=AXIS2_PLACEMENT_3D('',#6983,#6984,#6985);
#2873=EDGE_LOOP('',(#6986,#6987,#6988,#6989));
#2874=AXIS2_PLACEMENT_3D('',#6990,#6991,#6992);
#2875=EDGE_LOOP('',(#6993,#6994,#6995,#6996));
#2876=AXIS2_PLACEMENT_3D('',#6997,#6998,#6999);
#2877=EDGE_LOOP('',(#7000,#7001,#7002,#7003,#7004,#7005,#7006));
#2878=AXIS2_PLACEMENT_3D('',#7007,#7008,#7009);
#2879=EDGE_LOOP('',(#7010,#7011,#7012,#7013,#7014,#7015,#7016));
#2880=AXIS2_PLACEMENT_3D('',#7017,#7018,#7019);
#2881=EDGE_LOOP('',(#7020,#7021,#7022,#7023));
#2882=AXIS2_PLACEMENT_3D('',#7024,#7025,#7026);
#2883=EDGE_LOOP('',(#7027,#7028,#7029,#7030,#7031,#7032,#7033));
#2884=AXIS2_PLACEMENT_3D('',#7034,#7035,#7036);
#2885=EDGE_LOOP('',(#7037,#7038,#7039,#7040,#7041,#7042,#7043));
#2886=AXIS2_PLACEMENT_3D('',#7044,#7045,#7046);
#2887=EDGE_LOOP('',(#7047,#7048,#7049,#7050));
#2888=AXIS2_PLACEMENT_3D('',#7051,#7052,#7053);
#2889=EDGE_LOOP('',(#7054,#7055,#7056,#7057));
#2890=AXIS2_PLACEMENT_3D('',#7058,#7059,#7060);
#2891=EDGE_LOOP('',(#7061,#7062,#7063,#7064));
#2892=AXIS2_PLACEMENT_3D('',#7065,#7066,#7067);
#2893=EDGE_LOOP('',(#7068,#7069,#7070,#7071));
#2894=AXIS2_PLACEMENT_3D('',#7072,#7073,#7074);
#2895=EDGE_LOOP('',(#7075,#7076,#7077,#7078));
#2896=AXIS2_PLACEMENT_3D('',#7079,#7080,#7081);
#2897=EDGE_LOOP('',(#7082,#7083,#7084,#7085));
#2898=AXIS2_PLACEMENT_3D('',#7086,#7087,#7088);
#2899=EDGE_LOOP('',(#7089,#7090,#7091,#7092));
#2900=AXIS2_PLACEMENT_3D('',#7093,#7094,#7095);
#2901=EDGE_LOOP('',(#7096,#7097,#7098,#7099));
#2902=AXIS2_PLACEMENT_3D('',#7100,#7101,#7102);
#2903=EDGE_LOOP('',(#7103,#7104,#7105,#7106));
#2904=AXIS2_PLACEMENT_3D('',#7107,#7108,#7109);
#2905=EDGE_LOOP('',(#7110,#7111,#7112,#7113,#7114,#7115,#7116));
#2906=AXIS2_PLACEMENT_3D('',#7117,#7118,#7119);
#2907=EDGE_LOOP('',(#7120,#7121,#7122,#7123,#7124,#7125,#7126));
#2908=AXIS2_PLACEMENT_3D('',#7127,#7128,#7129);
#2909=EDGE_LOOP('',(#7130,#7131,#7132,#7133));
#2910=AXIS2_PLACEMENT_3D('',#7134,#7135,#7136);
#2911=EDGE_LOOP('',(#7137,#7138,#7139,#7140,#7141,#7142,#7143));
#2912=AXIS2_PLACEMENT_3D('',#7144,#7145,#7146);
#2913=EDGE_LOOP('',(#7147,#7148,#7149,#7150,#7151,#7152,#7153));
#2914=AXIS2_PLACEMENT_3D('',#7154,#7155,#7156);
#2915=EDGE_LOOP('',(#7157,#7158,#7159,#7160));
#2916=AXIS2_PLACEMENT_3D('',#7161,#7162,#7163);
#2917=EDGE_LOOP('',(#7164,#7165,#7166,#7167));
#2918=AXIS2_PLACEMENT_3D('',#7168,#7169,#7170);
#2919=EDGE_LOOP('',(#7171,#7172,#7173,#7174));
#2920=AXIS2_PLACEMENT_3D('',#7175,#7176,#7177);
#2921=EDGE_LOOP('',(#7178,#7179,#7180,#7181));
#2922=AXIS2_PLACEMENT_3D('',#7182,#7183,#7184);
#2923=EDGE_LOOP('',(#7185,#7186,#7187,#7188));
#2924=AXIS2_PLACEMENT_3D('',#7189,#7190,#7191);
#2925=EDGE_LOOP('',(#7192,#7193,#7194,#7195));
#2926=AXIS2_PLACEMENT_3D('',#7196,#7197,#7198);
#2927=EDGE_LOOP('',(#7199,#7200,#7201,#7202));
#2928=AXIS2_PLACEMENT_3D('',#7203,#7204,#7205);
#2929=EDGE_LOOP('',(#7206,#7207,#7208,#7209));
#2930=AXIS2_PLACEMENT_3D('',#7210,#7211,#7212);
#2931=EDGE_LOOP('',(#7213,#7214,#7215,#7216));
#2932=AXIS2_PLACEMENT_3D('',#7217,#7218,#7219);
#2933=EDGE_LOOP('',(#7220,#7221,#7222,#7223,#7224,#7225,#7226));
#2934=AXIS2_PLACEMENT_3D('',#7227,#7228,#7229);
#2935=EDGE_LOOP('',(#7230,#7231,#7232,#7233,#7234,#7235,#7236));
#2936=AXIS2_PLACEMENT_3D('',#7237,#7238,#7239);
#2937=EDGE_LOOP('',(#7240,#7241,#7242,#7243));
#2938=AXIS2_PLACEMENT_3D('',#7244,#7245,#7246);
#2939=EDGE_LOOP('',(#7247,#7248,#7249,#7250,#7251,#7252,#7253));
#2940=AXIS2_PLACEMENT_3D('',#7254,#7255,#7256);
#2941=EDGE_LOOP('',(#7257,#7258,#7259,#7260,#7261,#7262,#7263));
#2942=AXIS2_PLACEMENT_3D('',#7264,#7265,#7266);
#2943=EDGE_LOOP('',(#7267,#7268,#7269,#7270));
#2944=AXIS2_PLACEMENT_3D('',#7271,#7272,#7273);
#2945=EDGE_LOOP('',(#7274,#7275,#7276,#7277));
#2946=AXIS2_PLACEMENT_3D('',#7278,#7279,#7280);
#2947=EDGE_LOOP('',(#7281,#7282,#7283,#7284));
#2948=AXIS2_PLACEMENT_3D('',#7285,#7286,#7287);
#2949=EDGE_LOOP('',(#7288,#7289,#7290,#7291));
#2950=AXIS2_PLACEMENT_3D('',#7292,#7293,#7294);
#2951=EDGE_LOOP('',(#7295,#7296,#7297,#7298));
#2952=AXIS2_PLACEMENT_3D('',#7299,#7300,#7301);
#2953=EDGE_LOOP('',(#7302,#7303,#7304,#7305));
#2954=AXIS2_PLACEMENT_3D('',#7306,#7307,#7308);
#2955=EDGE_LOOP('',(#7309,#7310,#7311,#7312));
#2956=AXIS2_PLACEMENT_3D('',#7313,#7314,#7315);
#2957=EDGE_LOOP('',(#7316,#7317,#7318,#7319));
#2958=AXIS2_PLACEMENT_3D('',#7320,#7321,#7322);
#2959=EDGE_LOOP('',(#7323,#7324,#7325,#7326));
#2960=AXIS2_PLACEMENT_3D('',#7327,#7328,#7329);
#2961=EDGE_LOOP('',(#7330,#7331,#7332,#7333,#7334,#7335,#7336));
#2962=AXIS2_PLACEMENT_3D('',#7337,#7338,#7339);
#2963=EDGE_LOOP('',(#7340,#7341,#7342,#7343,#7344,#7345,#7346));
#2964=AXIS2_PLACEMENT_3D('',#7347,#7348,#7349);
#2965=EDGE_LOOP('',(#7350,#7351,#7352,#7353));
#2966=AXIS2_PLACEMENT_3D('',#7354,#7355,#7356);
#2967=EDGE_LOOP('',(#7357,#7358,#7359,#7360,#7361,#7362,#7363));
#2968=AXIS2_PLACEMENT_3D('',#7364,#7365,#7366);
#2969=EDGE_LOOP('',(#7367,#7368,#7369,#7370,#7371,#7372,#7373));
#2970=AXIS2_PLACEMENT_3D('',#7374,#7375,#7376);
#2971=EDGE_LOOP('',(#7377,#7378,#7379,#7380));
#2972=AXIS2_PLACEMENT_3D('',#7381,#7382,#7383);
#2973=EDGE_LOOP('',(#7384,#7385,#7386,#7387));
#2974=AXIS2_PLACEMENT_3D('',#7388,#7389,#7390);
#2975=EDGE_LOOP('',(#7391,#7392,#7393,#7394));
#2976=AXIS2_PLACEMENT_3D('',#7395,#7396,#7397);
#2977=EDGE_LOOP('',(#7398,#7399,#7400,#7401));
#2978=AXIS2_PLACEMENT_3D('',#7402,#7403,#7404);
#2979=EDGE_LOOP('',(#7405,#7406,#7407,#7408));
#2980=AXIS2_PLACEMENT_3D('',#7409,#7410,#7411);
#2981=EDGE_LOOP('',(#7412,#7413,#7414,#7415));
#2982=AXIS2_PLACEMENT_3D('',#7416,#7417,#7418);
#2983=EDGE_LOOP('',(#7419,#7420,#7421,#7422));
#2984=AXIS2_PLACEMENT_3D('',#7423,#7424,#7425);
#2985=EDGE_LOOP('',(#7426,#7427,#7428,#7429));
#2986=AXIS2_PLACEMENT_3D('',#7430,#7431,#7432);
#2987=EDGE_LOOP('',(#7433,#7434,#7435,#7436));
#2988=AXIS2_PLACEMENT_3D('',#7437,#7438,#7439);
#2989=EDGE_LOOP('',(#7440,#7441,#7442,#7443,#7444,#7445,#7446));
#2990=AXIS2_PLACEMENT_3D('',#7447,#7448,#7449);
#2991=EDGE_LOOP('',(#7450,#7451,#7452,#7453,#7454,#7455,#7456));
#2992=AXIS2_PLACEMENT_3D('',#7457,#7458,#7459);
#2993=EDGE_LOOP('',(#7460,#7461,#7462,#7463));
#2994=AXIS2_PLACEMENT_3D('',#7464,#7465,#7466);
#2995=EDGE_LOOP('',(#7467,#7468,#7469,#7470,#7471,#7472,#7473));
#2996=AXIS2_PLACEMENT_3D('',#7474,#7475,#7476);
#2997=EDGE_LOOP('',(#7477,#7478,#7479,#7480,#7481,#7482,#7483));
#2998=AXIS2_PLACEMENT_3D('',#7484,#7485,#7486);
#2999=EDGE_LOOP('',(#7487,#7488,#7489,#7490));
#3000=AXIS2_PLACEMENT_3D('',#7491,#7492,#7493);
#3001=EDGE_LOOP('',(#7494,#7495,#7496,#7497));
#3002=AXIS2_PLACEMENT_3D('',#7498,#7499,#7500);
#3003=EDGE_LOOP('',(#7501,#7502,#7503,#7504));
#3004=AXIS2_PLACEMENT_3D('',#7505,#7506,#7507);
#3005=EDGE_LOOP('',(#7508,#7509,#7510,#7511));
#3006=AXIS2_PLACEMENT_3D('',#7512,#7513,#7514);
#3007=EDGE_LOOP('',(#7515,#7516,#7517,#7518));
#3008=AXIS2_PLACEMENT_3D('',#7519,#7520,#7521);
#3009=EDGE_LOOP('',(#7522,#7523,#7524,#7525));
#3010=AXIS2_PLACEMENT_3D('',#7526,#7527,#7528);
#3011=EDGE_LOOP('',(#7529,#7530,#7531,#7532));
#3012=AXIS2_PLACEMENT_3D('',#7533,#7534,#7535);
#3013=EDGE_LOOP('',(#7536,#7537,#7538,#7539));
#3014=AXIS2_PLACEMENT_3D('',#7540,#7541,#7542);
#3015=EDGE_LOOP('',(#7543,#7544,#7545,#7546));
#3016=AXIS2_PLACEMENT_3D('',#7547,#7548,#7549);
#3017=EDGE_LOOP('',(#7550,#7551,#7552,#7553,#7554,#7555,#7556));
#3018=AXIS2_PLACEMENT_3D('',#7557,#7558,#7559);
#3019=EDGE_LOOP('',(#7560,#7561,#7562,#7563,#7564,#7565,#7566));
#3020=AXIS2_PLACEMENT_3D('',#7567,#7568,#7569);
#3021=EDGE_LOOP('',(#7570,#7571,#7572,#7573));
#3022=AXIS2_PLACEMENT_3D('',#7574,#7575,#7576);
#3023=EDGE_LOOP('',(#7577,#7578,#7579,#7580,#7581,#7582,#7583));
#3024=AXIS2_PLACEMENT_3D('',#7584,#7585,#7586);
#3025=EDGE_LOOP('',(#7587,#7588,#7589,#7590,#7591,#7592,#7593));
#3026=AXIS2_PLACEMENT_3D('',#7594,#7595,#7596);
#3027=EDGE_LOOP('',(#7597,#7598,#7599,#7600));
#3028=AXIS2_PLACEMENT_3D('',#7601,#7602,#7603);
#3029=EDGE_LOOP('',(#7604,#7605,#7606,#7607));
#3030=AXIS2_PLACEMENT_3D('',#7608,#7609,#7610);
#3031=EDGE_LOOP('',(#7611,#7612,#7613,#7614));
#3032=AXIS2_PLACEMENT_3D('',#7615,#7616,#7617);
#3033=EDGE_LOOP('',(#7618,#7619,#7620,#7621));
#3034=AXIS2_PLACEMENT_3D('',#7622,#7623,#7624);
#3035=EDGE_LOOP('',(#7625,#7626,#7627,#7628));
#3036=AXIS2_PLACEMENT_3D('',#7629,#7630,#7631);
#3037=EDGE_LOOP('',(#7632,#7633,#7634,#7635));
#3038=AXIS2_PLACEMENT_3D('',#7636,#7637,#7638);
#3039=EDGE_LOOP('',(#7639,#7640,#7641,#7642));
#3040=AXIS2_PLACEMENT_3D('',#7643,#7644,#7645);
#3041=EDGE_LOOP('',(#7646,#7647,#7648,#7649));
#3042=AXIS2_PLACEMENT_3D('',#7650,#7651,#7652);
#3043=EDGE_LOOP('',(#7653,#7654,#7655,#7656));
#3044=AXIS2_PLACEMENT_3D('',#7657,#7658,#7659);
#3045=EDGE_LOOP('',(#7660,#7661,#7662,#7663,#7664,#7665,#7666));
#3046=AXIS2_PLACEMENT_3D('',#7667,#7668,#7669);
#3047=EDGE_LOOP('',(#7670,#7671,#7672,#7673,#7674,#7675,#7676));
#3048=AXIS2_PLACEMENT_3D('',#7677,#7678,#7679);
#3049=EDGE_LOOP('',(#7680,#7681,#7682,#7683));
#3050=AXIS2_PLACEMENT_3D('',#7684,#7685,#7686);
#3051=EDGE_LOOP('',(#7687,#7688,#7689,#7690,#7691,#7692,#7693));
#3052=AXIS2_PLACEMENT_3D('',#7694,#7695,#7696);
#3053=EDGE_LOOP('',(#7697,#7698,#7699,#7700,#7701,#7702,#7703));
#3054=AXIS2_PLACEMENT_3D('',#7704,#7705,#7706);
#3055=EDGE_LOOP('',(#7707,#7708,#7709,#7710));
#3056=AXIS2_PLACEMENT_3D('',#7711,#7712,#7713);
#3057=EDGE_LOOP('',(#7714,#7715,#7716,#7717));
#3058=AXIS2_PLACEMENT_3D('',#7718,#7719,#7720);
#3059=EDGE_LOOP('',(#7721,#7722,#7723,#7724));
#3060=AXIS2_PLACEMENT_3D('',#7725,#7726,#7727);
#3061=EDGE_LOOP('',(#7728,#7729,#7730,#7731));
#3062=AXIS2_PLACEMENT_3D('',#7732,#7733,#7734);
#3063=EDGE_LOOP('',(#7735,#7736,#7737,#7738));
#3064=AXIS2_PLACEMENT_3D('',#7739,#7740,#7741);
#3065=EDGE_LOOP('',(#7742,#7743,#7744,#7745));
#3066=AXIS2_PLACEMENT_3D('',#7746,#7747,#7748);
#3067=EDGE_LOOP('',(#7749,#7750,#7751,#7752));
#3068=AXIS2_PLACEMENT_3D('',#7753,#7754,#7755);
#3069=EDGE_LOOP('',(#7756,#7757,#7758,#7759));
#3070=AXIS2_PLACEMENT_3D('',#7760,#7761,#7762);
#3071=EDGE_LOOP('',(#7763,#7764,#7765,#7766));
#3072=AXIS2_PLACEMENT_3D('',#7767,#7768,#7769);
#3073=EDGE_LOOP('',(#7770,#7771,#7772,#7773));
#3074=AXIS2_PLACEMENT_3D('',#7774,#7775,#7776);
#3075=EDGE_LOOP('',(#7777,#7778,#7779,#7780));
#3076=AXIS2_PLACEMENT_3D('',#7781,#7782,#7783);
#3077=EDGE_LOOP('',(#7784,#7785,#7786,#7787));
#3078=AXIS2_PLACEMENT_3D('',#7788,#7789,#7790);
#3079=EDGE_LOOP('',(#7791,#7792,#7793,#7794));
#3080=AXIS2_PLACEMENT_3D('',#7795,#7796,#7797);
#3081=EDGE_LOOP('',(#7798,#7799,#7800,#7801));
#3082=AXIS2_PLACEMENT_3D('',#7802,#7803,#7804);
#3083=EDGE_LOOP('',(#7805,#7806,#7807,#7808));
#3084=AXIS2_PLACEMENT_3D('',#7809,#7810,#7811);
#3085=EDGE_LOOP('',(#7812,#7813,#7814,#7815));
#3086=AXIS2_PLACEMENT_3D('',#7816,#7817,#7818);
#3087=EDGE_LOOP('',(#7819,#7820,#7821,#7822));
#3088=EDGE_LOOP('',(#7823,#7824,#7825,#7826,#7827,#7828,#7829));
#3089=AXIS2_PLACEMENT_3D('',#7830,#7831,#7832);
#3090=EDGE_LOOP('',(#7833,#7834,#7835,#7836));
#3091=AXIS2_PLACEMENT_3D('',#7837,#7838,#7839);
#3092=EDGE_LOOP('',(#7840,#7841,#7842,#7843));
#3093=AXIS2_PLACEMENT_3D('',#7844,#7845,#7846);
#3094=EDGE_LOOP('',(#7847,#7848,#7849,#7850));
#3095=AXIS2_PLACEMENT_3D('',#7851,#7852,#7853);
#3096=EDGE_LOOP('',(#7854,#7855,#7856,#7857));
#3097=AXIS2_PLACEMENT_3D('',#7858,#7859,#7860);
#3098=ORIENTED_EDGE('',*,*,#7861,.T.);
#3099=ORIENTED_EDGE('',*,*,#7862,.F.);
#3100=ORIENTED_EDGE('',*,*,#7863,.T.);
#3101=ORIENTED_EDGE('',*,*,#7864,.F.);
#3102=CARTESIAN_POINT('',(29.9847,3.352873534368E-14,0.2665025627795));
#3103=DIRECTION('',(0.0,-0.0,-1.0));
#3104=DIRECTION('',(0.0,-1.0,0.0));
#3105=ORIENTED_EDGE('',*,*,#7865,.F.);
#3106=ORIENTED_EDGE('',*,*,#7866,.F.);
#3107=ORIENTED_EDGE('',*,*,#7861,.F.);
#3108=ORIENTED_EDGE('',*,*,#7867,.F.);
#3109=CARTESIAN_POINT('',(29.9847,3.352873534368E-14,0.2665025627795));
#3110=DIRECTION('',(0.0,-0.0,-1.0));
#3111=DIRECTION('',(0.0,-1.0,0.0));
#3112=ORIENTED_EDGE('',*,*,#7868,.F.);
#3113=ORIENTED_EDGE('',*,*,#7869,.T.);
#3114=ORIENTED_EDGE('',*,*,#7870,.F.);
#3115=ORIENTED_EDGE('',*,*,#7871,.F.);
#3116=ORIENTED_EDGE('',*,*,#7872,.T.);
#3117=ORIENTED_EDGE('',*,*,#7873,.F.);
#3118=CARTESIAN_POINT('',(-29.9847,0.0,-1.4478));
#3119=DIRECTION('',(0.0,0.0,-1.0));
#3120=DIRECTION('',(1.0,0.0,0.0));
#3121=ORIENTED_EDGE('',*,*,#7874,.F.);
#3122=ORIENTED_EDGE('',*,*,#7875,.F.);
#3123=ORIENTED_EDGE('',*,*,#7876,.T.);
#3124=ORIENTED_EDGE('',*,*,#7877,.F.);
#3125=ORIENTED_EDGE('',*,*,#7878,.T.);
#3126=ORIENTED_EDGE('',*,*,#7879,.T.);
#3127=CARTESIAN_POINT('',(29.9847,0.0,-1.4478));
#3128=DIRECTION('',(0.0,0.0,-1.0));
#3129=DIRECTION('',(1.0,0.0,0.0));
#3130=ORIENTED_EDGE('',*,*,#7880,.F.);
#3131=ORIENTED_EDGE('',*,*,#7881,.F.);
#3132=ORIENTED_EDGE('',*,*,#7882,.T.);
#3133=ORIENTED_EDGE('',*,*,#7883,.F.);
#3134=CARTESIAN_POINT('',(-29.9847,-1.032507412901E-14,0.2665025627795));
#3135=DIRECTION('',(0.0,-0.0,-1.0));
#3136=DIRECTION('',(0.0,-1.0,0.0));
#3137=ORIENTED_EDGE('',*,*,#7884,.F.);
#3138=ORIENTED_EDGE('',*,*,#7885,.F.);
#3139=ORIENTED_EDGE('',*,*,#7886,.T.);
#3140=ORIENTED_EDGE('',*,*,#7887,.F.);
#3141=CARTESIAN_POINT('',(-29.9847,-1.032507412901E-14,0.2665025627795));
#3142=DIRECTION('',(0.0,-0.0,-1.0));
#3143=DIRECTION('',(0.0,-1.0,0.0));
#3144=ORIENTED_EDGE('',*,*,#7888,.F.);
#3145=ORIENTED_EDGE('',*,*,#7889,.F.);
#3146=ORIENTED_EDGE('',*,*,#7890,.F.);
#3147=ORIENTED_EDGE('',*,*,#7891,.T.);
#3148=CARTESIAN_POINT('',(-20.828,2.1844,0.0));
#3149=DIRECTION('',(0.0,0.0,-1.0));
#3150=DIRECTION('',(1.0,0.0,0.0));
#3151=ORIENTED_EDGE('',*,*,#7892,.F.);
#3152=ORIENTED_EDGE('',*,*,#7893,.T.);
#3153=ORIENTED_EDGE('',*,*,#7894,.T.);
#3154=ORIENTED_EDGE('',*,*,#7895,.F.);
#3155=CARTESIAN_POINT('',(20.828,2.1844,0.0));
#3156=DIRECTION('',(0.0,0.0,-1.0));
#3157=DIRECTION('',(1.0,0.0,0.0));
#3158=ORIENTED_EDGE('',*,*,#7896,.T.);
#3159=ORIENTED_EDGE('',*,*,#7897,.T.);
#3160=ORIENTED_EDGE('',*,*,#7898,.T.);
#3161=ORIENTED_EDGE('',*,*,#7899,.T.);
#3162=ORIENTED_EDGE('',*,*,#7900,.T.);
#3163=ORIENTED_EDGE('',*,*,#7895,.T.);
#3164=ORIENTED_EDGE('',*,*,#7901,.T.);
#3165=ORIENTED_EDGE('',*,*,#7889,.T.);
#3166=ORIENTED_EDGE('',*,*,#7902,.T.);
#3167=ORIENTED_EDGE('',*,*,#7903,.T.);
#3168=ORIENTED_EDGE('',*,*,#7904,.T.);
#3169=ORIENTED_EDGE('',*,*,#7905,.T.);
#3170=ORIENTED_EDGE('',*,*,#7906,.T.);
#3171=ORIENTED_EDGE('',*,*,#7907,.T.);
#3172=ORIENTED_EDGE('',*,*,#7908,.F.);
#3173=ORIENTED_EDGE('',*,*,#7909,.F.);
#3174=ORIENTED_EDGE('',*,*,#7910,.F.);
#3175=ORIENTED_EDGE('',*,*,#7911,.F.);
#3176=CARTESIAN_POINT('',(0.0,0.0,8.3312));
#3177=DIRECTION('',(0.0,0.0,1.0));
#3178=DIRECTION('',(1.0,0.0,0.0));
#3179=ORIENTED_EDGE('',*,*,#7912,.F.);
#3180=ORIENTED_EDGE('',*,*,#7913,.F.);
#3181=ORIENTED_EDGE('',*,*,#7914,.F.);
#3182=ORIENTED_EDGE('',*,*,#7915,.F.);
#3183=ORIENTED_EDGE('',*,*,#7916,.F.);
#3184=ORIENTED_EDGE('',*,*,#7917,.F.);
#3185=ORIENTED_EDGE('',*,*,#7918,.F.);
#3186=CARTESIAN_POINT('',(0.0,0.0,8.3312));
#3187=DIRECTION('',(0.0,0.0,1.0));
#3188=DIRECTION('',(1.0,0.0,0.0));
#3189=ORIENTED_EDGE('',*,*,#7919,.T.);
#3190=ORIENTED_EDGE('',*,*,#7903,.F.);
#3191=ORIENTED_EDGE('',*,*,#7920,.F.);
#3192=ORIENTED_EDGE('',*,*,#7921,.T.);
#3193=CARTESIAN_POINT('',(-24.44684110819,1.214734447523,0.0));
#3194=DIRECTION('',(-0.965925826289076,-0.258819045102493,0.0));
#3195=DIRECTION('',(-0.258819045102493,0.965925826289076,0.0));
#3196=ORIENTED_EDGE('',*,*,#7881,.T.);
#3197=ORIENTED_EDGE('',*,*,#7922,.T.);
#3198=ORIENTED_EDGE('',*,*,#7887,.T.);
#3199=ORIENTED_EDGE('',*,*,#7923,.F.);
#3200=ORIENTED_EDGE('',*,*,#7924,.T.);
#3201=ORIENTED_EDGE('',*,*,#7925,.T.);
#3202=ORIENTED_EDGE('',*,*,#7926,.T.);
#3203=ORIENTED_EDGE('',*,*,#7927,.F.);
#3204=ORIENTED_EDGE('',*,*,#7928,.T.);
#3205=ORIENTED_EDGE('',*,*,#7867,.T.);
#3206=ORIENTED_EDGE('',*,*,#7864,.T.);
#3207=ORIENTED_EDGE('',*,*,#7929,.F.);
#3208=ORIENTED_EDGE('',*,*,#7930,.T.);
#3209=ORIENTED_EDGE('',*,*,#7931,.T.);
#3210=ORIENTED_EDGE('',*,*,#7932,.T.);
#3211=ORIENTED_EDGE('',*,*,#7933,.F.);
#3212=ORIENTED_EDGE('',*,*,#7891,.F.);
#3213=ORIENTED_EDGE('',*,*,#7934,.F.);
#3214=ORIENTED_EDGE('',*,*,#7893,.F.);
#3215=ORIENTED_EDGE('',*,*,#7935,.F.);
#3216=ORIENTED_EDGE('',*,*,#7936,.F.);
#3217=ORIENTED_EDGE('',*,*,#7937,.F.);
#3218=ORIENTED_EDGE('',*,*,#7938,.F.);
#3219=ORIENTED_EDGE('',*,*,#7939,.F.);
#3220=ORIENTED_EDGE('',*,*,#7921,.F.);
#3221=ORIENTED_EDGE('',*,*,#7940,.F.);
#3222=CARTESIAN_POINT('',(0.0,0.0,0.0));
#3223=DIRECTION('',(0.0,0.0,1.0));
#3224=DIRECTION('',(1.0,0.0,0.0));
#3225=ORIENTED_EDGE('',*,*,#7941,.T.);
#3226=ORIENTED_EDGE('',*,*,#7896,.F.);
#3227=ORIENTED_EDGE('',*,*,#7919,.F.);
#3228=ORIENTED_EDGE('',*,*,#7939,.T.);
#3229=CARTESIAN_POINT('',(-19.65738356811,-2.1844,0.0));
#3230=DIRECTION('',(0.0,0.0,-1.0));
#3231=DIRECTION('',(1.0,0.0,0.0));
#3232=ORIENTED_EDGE('',*,*,#7942,.T.);
#3233=ORIENTED_EDGE('',*,*,#7897,.F.);
#3234=ORIENTED_EDGE('',*,*,#7941,.F.);
#3235=ORIENTED_EDGE('',*,*,#7938,.T.);
#3236=CARTESIAN_POINT('',(-19.65738356811,-5.9309,0.0));
#3237=DIRECTION('',(0.0,-1.0,0.0));
#3238=DIRECTION('',(0.0,0.0,-1.0));
#3239=ORIENTED_EDGE('',*,*,#7943,.T.);
#3240=ORIENTED_EDGE('',*,*,#7898,.F.);
#3241=ORIENTED_EDGE('',*,*,#7942,.F.);
#3242=ORIENTED_EDGE('',*,*,#7937,.T.);
#3243=CARTESIAN_POINT('',(19.65738356811,-2.1844,0.0));
#3244=DIRECTION('',(0.0,0.0,-1.0));
#3245=DIRECTION('',(1.0,0.0,0.0));
#3246=ORIENTED_EDGE('',*,*,#7944,.T.);
#3247=ORIENTED_EDGE('',*,*,#7899,.F.);
#3248=ORIENTED_EDGE('',*,*,#7943,.F.);
#3249=ORIENTED_EDGE('',*,*,#7936,.T.);
#3250=CARTESIAN_POINT('',(23.2762246763,-3.154065552477,0.0));
#3251=DIRECTION('',(0.965925826289076,-0.258819045102493,0.0));
#3252=DIRECTION('',(0.0,0.0,-1.0));
#3253=ORIENTED_EDGE('',*,*,#7892,.T.);
#3254=ORIENTED_EDGE('',*,*,#7900,.F.);
#3255=ORIENTED_EDGE('',*,*,#7944,.F.);
#3256=ORIENTED_EDGE('',*,*,#7935,.T.);
#3257=CARTESIAN_POINT('',(20.828,2.1844,0.0));
#3258=DIRECTION('',(0.0,0.0,-1.0));
#3259=DIRECTION('',(1.0,0.0,0.0));
#3260=ORIENTED_EDGE('',*,*,#7890,.T.);
#3261=ORIENTED_EDGE('',*,*,#7901,.F.);
#3262=ORIENTED_EDGE('',*,*,#7894,.F.);
#3263=ORIENTED_EDGE('',*,*,#7934,.T.);
#3264=CARTESIAN_POINT('',(20.828,5.9309,0.0));
#3265=DIRECTION('',(-0.0,1.0,0.0));
#3266=DIRECTION('',(1.0,0.0,0.0));
#3267=ORIENTED_EDGE('',*,*,#7888,.T.);
#3268=ORIENTED_EDGE('',*,*,#7940,.T.);
#3269=ORIENTED_EDGE('',*,*,#7920,.T.);
#3270=ORIENTED_EDGE('',*,*,#7902,.F.);
#3271=CARTESIAN_POINT('',(-20.828,2.1844,0.0));
#3272=DIRECTION('',(0.0,0.0,-1.0));
#3273=DIRECTION('',(1.0,0.0,0.0));
#3274=ORIENTED_EDGE('',*,*,#7882,.F.);
#3275=ORIENTED_EDGE('',*,*,#7933,.T.);
#3276=ORIENTED_EDGE('',*,*,#7945,.T.);
#3277=ORIENTED_EDGE('',*,*,#7946,.F.);
#3278=ORIENTED_EDGE('',*,*,#7947,.F.);
#3279=ORIENTED_EDGE('',*,*,#7948,.T.);
#3280=ORIENTED_EDGE('',*,*,#7949,.F.);
#3281=CARTESIAN_POINT('',(-31.85259327318,2.873681958742,0.5334));
#3282=DIRECTION('',(0.707106781186598,0.707106781186498,0.0));
#3283=DIRECTION('',(0.0,0.0,-1.0));
#3284=ORIENTED_EDGE('',*,*,#7950,.T.);
#3285=ORIENTED_EDGE('',*,*,#7951,.T.);
#3286=ORIENTED_EDGE('',*,*,#7952,.T.);
#3287=ORIENTED_EDGE('',*,*,#7953,.T.);
#3288=ORIENTED_EDGE('',*,*,#7954,.T.);
#3289=ORIENTED_EDGE('',*,*,#7885,.T.);
#3290=ORIENTED_EDGE('',*,*,#7955,.T.);
#3291=ORIENTED_EDGE('',*,*,#7883,.T.);
#3292=ORIENTED_EDGE('',*,*,#7949,.T.);
#3293=ORIENTED_EDGE('',*,*,#7956,.T.);
#3294=ORIENTED_EDGE('',*,*,#7957,.F.);
#3295=ORIENTED_EDGE('',*,*,#7958,.F.);
#3296=CARTESIAN_POINT('',(0.0,0.0,0.5334));
#3297=DIRECTION('',(0.0,0.0,1.0));
#3298=DIRECTION('',(1.0,0.0,0.0));
#3299=ORIENTED_EDGE('',*,*,#7959,.T.);
#3300=ORIENTED_EDGE('',*,*,#7862,.T.);
#3301=ORIENTED_EDGE('',*,*,#7866,.T.);
#3302=ORIENTED_EDGE('',*,*,#7960,.T.);
#3303=ORIENTED_EDGE('',*,*,#7961,.T.);
#3304=ORIENTED_EDGE('',*,*,#7962,.T.);
#3305=ORIENTED_EDGE('',*,*,#7963,.T.);
#3306=ORIENTED_EDGE('',*,*,#7964,.T.);
#3307=ORIENTED_EDGE('',*,*,#7965,.T.);
#3308=ORIENTED_EDGE('',*,*,#7966,.T.);
#3309=ORIENTED_EDGE('',*,*,#7967,.F.);
#3310=ORIENTED_EDGE('',*,*,#7968,.F.);
#3311=CARTESIAN_POINT('',(0.0,0.0,0.5334));
#3312=DIRECTION('',(0.0,0.0,1.0));
#3313=DIRECTION('',(1.0,0.0,0.0));
#3314=ORIENTED_EDGE('',*,*,#7969,.F.);
#3315=ORIENTED_EDGE('',*,*,#7956,.F.);
#3316=ORIENTED_EDGE('',*,*,#7948,.F.);
#3317=ORIENTED_EDGE('',*,*,#7970,.T.);
#3318=CARTESIAN_POINT('',(-32.15343185324,2.168731853238,0.24765));
#3319=DIRECTION('',(-0.500000000000017,0.500000000000017,0.707106781186524));
#3320=DIRECTION('',(0.707106781186548,0.707106781186548,0.0));
#3321=ORIENTED_EDGE('',*,*,#7947,.T.);
#3322=ORIENTED_EDGE('',*,*,#7971,.F.);
#3323=ORIENTED_EDGE('',*,*,#7972,.F.);
#3324=ORIENTED_EDGE('',*,*,#7970,.F.);
#3325=CARTESIAN_POINT('',(-32.85838195874,1.867893273182,0.5334));
#3326=DIRECTION('',(0.707106781186498,-0.707106781186598,0.0));
#3327=DIRECTION('',(0.0,0.0,-1.0));
#3328=ORIENTED_EDGE('',*,*,#7973,.F.);
#3329=ORIENTED_EDGE('',*,*,#7870,.T.);
#3330=ORIENTED_EDGE('',*,*,#7974,.F.);
#3331=ORIENTED_EDGE('',*,*,#7950,.F.);
#3332=ORIENTED_EDGE('',*,*,#7969,.T.);
#3333=ORIENTED_EDGE('',*,*,#7972,.T.);
#3334=CARTESIAN_POINT('',(-33.35340780496,2.362919119398,0.5334));
#3335=DIRECTION('',(-0.707106781186598,-0.707106781186498,0.0));
#3336=DIRECTION('',(-0.707106781186498,0.707106781186598,0.0));
#3337=ORIENTED_EDGE('',*,*,#7974,.T.);
#3338=ORIENTED_EDGE('',*,*,#7869,.F.);
#3339=ORIENTED_EDGE('',*,*,#7975,.F.);
#3340=ORIENTED_EDGE('',*,*,#7976,.T.);
#3341=ORIENTED_EDGE('',*,*,#7951,.F.);
#3342=CARTESIAN_POINT('',(-29.9847,-1.032507412901E-14,0.2665025627795));
#3343=DIRECTION('',(0.0,-0.0,-1.0));
#3344=DIRECTION('',(0.0,-1.0,0.0));
#3345=ORIENTED_EDGE('',*,*,#7884,.T.);
#3346=ORIENTED_EDGE('',*,*,#7922,.F.);
#3347=ORIENTED_EDGE('',*,*,#7880,.T.);
#3348=ORIENTED_EDGE('',*,*,#7955,.F.);
#3349=CARTESIAN_POINT('',(-29.9847,-1.032507412901E-14,0.2665025627795));
#3350=DIRECTION('',(0.0,-0.0,-1.0));
#3351=DIRECTION('',(0.0,-1.0,0.0));
#3352=ORIENTED_EDGE('',*,*,#7976,.F.);
#3353=ORIENTED_EDGE('',*,*,#7977,.F.);
#3354=ORIENTED_EDGE('',*,*,#7978,.F.);
#3355=ORIENTED_EDGE('',*,*,#7979,.F.);
#3356=ORIENTED_EDGE('',*,*,#7980,.T.);
#3357=ORIENTED_EDGE('',*,*,#7952,.F.);
#3358=CARTESIAN_POINT('',(-32.85838195874,-1.867893273182,0.5334));
#3359=DIRECTION('',(-0.708333959523238,0.705877469385538,0.0));
#3360=DIRECTION('',(0.0,0.0,1.0));
#3361=ORIENTED_EDGE('',*,*,#7981,.F.);
#3362=ORIENTED_EDGE('',*,*,#7953,.F.);
#3363=ORIENTED_EDGE('',*,*,#7980,.F.);
#3364=ORIENTED_EDGE('',*,*,#7982,.T.);
#3365=CARTESIAN_POINT('',(-32.15343185324,-2.168731853238,0.24765));
#3366=DIRECTION('',(-0.500000000000017,-0.500000000000017,0.707106781186524));
#3367=DIRECTION('',(-0.707106781186548,0.707106781186548,0.0));
#3368=ORIENTED_EDGE('',*,*,#7979,.T.);
#3369=ORIENTED_EDGE('',*,*,#7983,.F.);
#3370=ORIENTED_EDGE('',*,*,#7984,.F.);
#3371=ORIENTED_EDGE('',*,*,#7982,.F.);
#3372=CARTESIAN_POINT('',(-31.85259327318,-2.873681958742,0.5334));
#3373=DIRECTION('',(0.707106781186498,0.707106781186598,0.0));
#3374=DIRECTION('',(0.0,0.0,-1.0));
#3375=ORIENTED_EDGE('',*,*,#7985,.F.);
#3376=ORIENTED_EDGE('',*,*,#7986,.F.);
#3377=ORIENTED_EDGE('',*,*,#7923,.T.);
#3378=ORIENTED_EDGE('',*,*,#7886,.F.);
#3379=ORIENTED_EDGE('',*,*,#7954,.F.);
#3380=ORIENTED_EDGE('',*,*,#7981,.T.);
#3381=ORIENTED_EDGE('',*,*,#7984,.T.);
#3382=CARTESIAN_POINT('',(-32.39140864045,-3.412497326006,0.5334));
#3383=DIRECTION('',(0.707106781186598,-0.707106781186498,0.0));
#3384=DIRECTION('',(0.0,0.0,-1.0));
#3385=ORIENTED_EDGE('',*,*,#7987,.T.);
#3386=ORIENTED_EDGE('',*,*,#7988,.T.);
#3387=ORIENTED_EDGE('',*,*,#7924,.F.);
#3388=ORIENTED_EDGE('',*,*,#7986,.T.);
#3389=ORIENTED_EDGE('',*,*,#7989,.F.);
#3390=ORIENTED_EDGE('',*,*,#7990,.F.);
#3391=ORIENTED_EDGE('',*,*,#7991,.F.);
#3392=ORIENTED_EDGE('',*,*,#7992,.T.);
#3393=ORIENTED_EDGE('',*,*,#7993,.F.);
#3394=CARTESIAN_POINT('',(-32.89430298323,-2.909602983226,-1.4478));
#3395=DIRECTION('',(-0.707106781186548,-0.707106781186548,0.0));
#3396=DIRECTION('',(-0.707106781186548,0.707106781186548,0.0));
#3397=ORIENTED_EDGE('',*,*,#7994,.F.);
#3398=ORIENTED_EDGE('',*,*,#7995,.F.);
#3399=ORIENTED_EDGE('',*,*,#7996,.F.);
#3400=ORIENTED_EDGE('',*,*,#7993,.T.);
#3401=CARTESIAN_POINT('',(0.0,0.0,-1.4478));
#3402=DIRECTION('',(0.0,0.0,1.0));
#3403=DIRECTION('',(1.0,0.0,0.0));
#3404=ORIENTED_EDGE('',*,*,#7997,.F.);
#3405=ORIENTED_EDGE('',*,*,#7998,.F.);
#3406=ORIENTED_EDGE('',*,*,#7999,.F.);
#3407=ORIENTED_EDGE('',*,*,#8000,.F.);
#3408=CARTESIAN_POINT('',(0.0,0.0,-1.4478));
#3409=DIRECTION('',(0.0,0.0,1.0));
#3410=DIRECTION('',(1.0,0.0,0.0));
#3411=ORIENTED_EDGE('',*,*,#7996,.T.);
#3412=ORIENTED_EDGE('',*,*,#8001,.T.);
#3413=ORIENTED_EDGE('',*,*,#8002,.F.);
#3414=ORIENTED_EDGE('',*,*,#8003,.F.);
#3415=ORIENTED_EDGE('',*,*,#8004,.T.);
#3416=CARTESIAN_POINT('',(-34.0995,-5.08,-1.4478));
#3417=DIRECTION('',(0.0,-1.0,0.0));
#3418=DIRECTION('',(0.0,0.0,-1.0));
#3419=ORIENTED_EDGE('',*,*,#8005,.F.);
#3420=ORIENTED_EDGE('',*,*,#8006,.F.);
#3421=ORIENTED_EDGE('',*,*,#8007,.T.);
#3422=ORIENTED_EDGE('',*,*,#8008,.T.);
#3423=CARTESIAN_POINT('',(0.0,0.0,-1.4478));
#3424=DIRECTION('',(0.0,0.0,-1.0));
#3425=DIRECTION('',(0.0,-1.0,0.0));
#3426=ORIENTED_EDGE('',*,*,#8009,.T.);
#3427=ORIENTED_EDGE('',*,*,#8010,.F.);
#3428=ORIENTED_EDGE('',*,*,#8011,.F.);
#3429=ORIENTED_EDGE('',*,*,#8012,.F.);
#3430=CARTESIAN_POINT('',(0.0,0.0,-1.4478));
#3431=DIRECTION('',(0.0,0.0,-1.0));
#3432=DIRECTION('',(0.0,-1.0,0.0));
#3433=ORIENTED_EDGE('',*,*,#8013,.T.);
#3434=ORIENTED_EDGE('',*,*,#8014,.F.);
#3435=ORIENTED_EDGE('',*,*,#8015,.T.);
#3436=ORIENTED_EDGE('',*,*,#8016,.F.);
#3437=ORIENTED_EDGE('',*,*,#7987,.F.);
#3438=ORIENTED_EDGE('',*,*,#8004,.F.);
#3439=CARTESIAN_POINT('',(0.0,0.0,-1.4478));
#3440=DIRECTION('',(0.0,0.0,-1.0));
#3441=DIRECTION('',(0.0,-1.0,0.0));
#3442=ORIENTED_EDGE('',*,*,#8017,.F.);
#3443=ORIENTED_EDGE('',*,*,#8018,.F.);
#3444=ORIENTED_EDGE('',*,*,#8019,.F.);
#3445=ORIENTED_EDGE('',*,*,#8020,.F.);
#3446=ORIENTED_EDGE('',*,*,#8021,.T.);
#3447=ORIENTED_EDGE('',*,*,#8022,.T.);
#3448=CARTESIAN_POINT('',(0.0,0.0,-1.4478));
#3449=DIRECTION('',(0.0,0.0,-1.0));
#3450=DIRECTION('',(0.0,-1.0,0.0));
#3451=ORIENTED_EDGE('',*,*,#8023,.T.);
#3452=ORIENTED_EDGE('',*,*,#8024,.F.);
#3453=ORIENTED_EDGE('',*,*,#8025,.F.);
#3454=ORIENTED_EDGE('',*,*,#8008,.F.);
#3455=CARTESIAN_POINT('',(-31.80340596645,4.0005,0.5334));
#3456=DIRECTION('',(-0.0,1.0,0.0));
#3457=DIRECTION('',(1.0,0.0,0.0));
#3458=ORIENTED_EDGE('',*,*,#7872,.F.);
#3459=ORIENTED_EDGE('',*,*,#8026,.T.);
#3460=ORIENTED_EDGE('',*,*,#7945,.F.);
#3461=ORIENTED_EDGE('',*,*,#7932,.F.);
#3462=ORIENTED_EDGE('',*,*,#8027,.F.);
#3463=ORIENTED_EDGE('',*,*,#8005,.T.);
#3464=ORIENTED_EDGE('',*,*,#8025,.T.);
#3465=ORIENTED_EDGE('',*,*,#8028,.F.);
#3466=CARTESIAN_POINT('',(-28.18390596645,7.62,-1.4478));
#3467=DIRECTION('',(-0.707106781186548,0.707106781186548,0.0));
#3468=DIRECTION('',(0.0,0.0,1.0));
#3469=ORIENTED_EDGE('',*,*,#8029,.T.);
#3470=ORIENTED_EDGE('',*,*,#8030,.T.);
#3471=ORIENTED_EDGE('',*,*,#7875,.T.);
#3472=ORIENTED_EDGE('',*,*,#8031,.T.);
#3473=CARTESIAN_POINT('',(0.0,0.0,-4.2164));
#3474=DIRECTION('',(0.0,0.0,1.0));
#3475=DIRECTION('',(1.0,0.0,0.0));
#3476=ORIENTED_EDGE('',*,*,#7873,.T.);
#3477=ORIENTED_EDGE('',*,*,#8028,.T.);
#3478=ORIENTED_EDGE('',*,*,#8024,.T.);
#3479=ORIENTED_EDGE('',*,*,#8032,.F.);
#3480=CARTESIAN_POINT('',(0.0,0.0,-4.2164));
#3481=DIRECTION('',(0.0,0.0,1.0));
#3482=DIRECTION('',(1.0,0.0,0.0));
#3483=ORIENTED_EDGE('',*,*,#8033,.T.);
#3484=ORIENTED_EDGE('',*,*,#8034,.F.);
#3485=ORIENTED_EDGE('',*,*,#8002,.T.);
#3486=ORIENTED_EDGE('',*,*,#8035,.T.);
#3487=ORIENTED_EDGE('',*,*,#8036,.T.);
#3488=ORIENTED_EDGE('',*,*,#7991,.T.);
#3489=CARTESIAN_POINT('',(0.0,0.0,-4.2164));
#3490=DIRECTION('',(0.0,0.0,1.0));
#3491=DIRECTION('',(1.0,0.0,0.0));
#3492=ORIENTED_EDGE('',*,*,#8037,.T.);
#3493=ORIENTED_EDGE('',*,*,#8038,.T.);
#3494=ORIENTED_EDGE('',*,*,#8039,.T.);
#3495=ORIENTED_EDGE('',*,*,#8040,.T.);
#3496=ORIENTED_EDGE('',*,*,#8041,.T.);
#3497=ORIENTED_EDGE('',*,*,#8042,.F.);
#3498=CARTESIAN_POINT('',(0.0,0.0,-4.2164));
#3499=DIRECTION('',(0.0,0.0,1.0));
#3500=DIRECTION('',(1.0,0.0,0.0));
#3501=ORIENTED_EDGE('',*,*,#8021,.F.);
#3502=ORIENTED_EDGE('',*,*,#8043,.T.);
#3503=ORIENTED_EDGE('',*,*,#8044,.F.);
#3504=ORIENTED_EDGE('',*,*,#8045,.F.);
#3505=ORIENTED_EDGE('',*,*,#8046,.F.);
#3506=ORIENTED_EDGE('',*,*,#8047,.F.);
#3507=ORIENTED_EDGE('',*,*,#8048,.T.);
#3508=ORIENTED_EDGE('',*,*,#8049,.T.);
#3509=ORIENTED_EDGE('',*,*,#8009,.F.);
#3510=ORIENTED_EDGE('',*,*,#8050,.T.);
#3511=ORIENTED_EDGE('',*,*,#8031,.F.);
#3512=ORIENTED_EDGE('',*,*,#8042,.T.);
#3513=ORIENTED_EDGE('',*,*,#8051,.F.);
#3514=CARTESIAN_POINT('',(34.0995,-4.953,-1.4478));
#3515=DIRECTION('',(1.0,0.0,0.0));
#3516=DIRECTION('',(0.0,1.0,0.0));
#3517=ORIENTED_EDGE('',*,*,#8051,.T.);
#3518=ORIENTED_EDGE('',*,*,#8041,.F.);
#3519=ORIENTED_EDGE('',*,*,#8052,.F.);
#3520=ORIENTED_EDGE('',*,*,#7997,.T.);
#3521=ORIENTED_EDGE('',*,*,#8022,.F.);
#3522=CARTESIAN_POINT('',(21.8313,-5.08,-1.4478));
#3523=DIRECTION('',(0.0,-1.0,0.0));
#3524=DIRECTION('',(0.0,0.0,-1.0));
#3525=ORIENTED_EDGE('',*,*,#8052,.T.);
#3526=ORIENTED_EDGE('',*,*,#8040,.F.);
#3527=ORIENTED_EDGE('',*,*,#8053,.F.);
#3528=ORIENTED_EDGE('',*,*,#7998,.T.);
#3529=CARTESIAN_POINT('',(21.8313,-4.0005,-1.4478));
#3530=DIRECTION('',(-1.0,0.0,0.0));
#3531=DIRECTION('',(0.0,0.0,1.0));
#3532=ORIENTED_EDGE('',*,*,#7999,.T.);
#3533=ORIENTED_EDGE('',*,*,#8053,.T.);
#3534=ORIENTED_EDGE('',*,*,#8039,.F.);
#3535=ORIENTED_EDGE('',*,*,#8054,.T.);
#3536=CARTESIAN_POINT('',(34.0995,-4.0005,-1.4478));
#3537=DIRECTION('',(-0.0,1.0,0.0));
#3538=DIRECTION('',(1.0,0.0,0.0));
#3539=ORIENTED_EDGE('',*,*,#8054,.F.);
#3540=ORIENTED_EDGE('',*,*,#8038,.F.);
#3541=ORIENTED_EDGE('',*,*,#8055,.F.);
#3542=ORIENTED_EDGE('',*,*,#8056,.T.);
#3543=ORIENTED_EDGE('',*,*,#8057,.F.);
#3544=ORIENTED_EDGE('',*,*,#7926,.F.);
#3545=ORIENTED_EDGE('',*,*,#8058,.F.);
#3546=ORIENTED_EDGE('',*,*,#8017,.T.);
#3547=ORIENTED_EDGE('',*,*,#8000,.T.);
#3548=CARTESIAN_POINT('',(28.18390596645,-7.62,-1.4478));
#3549=DIRECTION('',(0.707106781186548,-0.707106781186548,0.0));
#3550=DIRECTION('',(0.0,0.0,-1.0));
#3551=ORIENTED_EDGE('',*,*,#8018,.T.);
#3552=ORIENTED_EDGE('',*,*,#8058,.T.);
#3553=ORIENTED_EDGE('',*,*,#7925,.F.);
#3554=ORIENTED_EDGE('',*,*,#7988,.F.);
#3555=ORIENTED_EDGE('',*,*,#8016,.T.);
#3556=ORIENTED_EDGE('',*,*,#8059,.T.);
#3557=CARTESIAN_POINT('',(-28.18390596645,-7.62,-1.4478));
#3558=DIRECTION('',(0.0,-1.0,0.0));
#3559=DIRECTION('',(0.0,0.0,-1.0));
#3560=ORIENTED_EDGE('',*,*,#8059,.F.);
#3561=ORIENTED_EDGE('',*,*,#8060,.F.);
#3562=ORIENTED_EDGE('',*,*,#8061,.F.);
#3563=ORIENTED_EDGE('',*,*,#8062,.F.);
#3564=CARTESIAN_POINT('',(0.0,0.0,-1.4478));
#3565=DIRECTION('',(0.0,0.0,1.0));
#3566=DIRECTION('',(1.0,0.0,0.0));
#3567=ORIENTED_EDGE('',*,*,#8063,.F.);
#3568=ORIENTED_EDGE('',*,*,#8019,.T.);
#3569=ORIENTED_EDGE('',*,*,#8062,.T.);
#3570=ORIENTED_EDGE('',*,*,#8064,.T.);
#3571=ORIENTED_EDGE('',*,*,#8065,.F.);
#3572=CARTESIAN_POINT('',(20.574,-8.128,-1.4478));
#3573=DIRECTION('',(1.0,0.0,0.0));
#3574=DIRECTION('',(0.0,1.0,0.0));
#3575=ORIENTED_EDGE('',*,*,#8066,.T.);
#3576=ORIENTED_EDGE('',*,*,#8067,.F.);
#3577=ORIENTED_EDGE('',*,*,#8068,.T.);
#3578=ORIENTED_EDGE('',*,*,#8069,.T.);
#3579=ORIENTED_EDGE('',*,*,#8070,.T.);
#3580=ORIENTED_EDGE('',*,*,#8071,.F.);
#3581=ORIENTED_EDGE('',*,*,#8072,.F.);
#3582=ORIENTED_EDGE('',*,*,#8073,.T.);
#3583=ORIENTED_EDGE('',*,*,#8074,.T.);
#3584=ORIENTED_EDGE('',*,*,#8044,.T.);
#3585=ORIENTED_EDGE('',*,*,#8075,.T.);
#3586=ORIENTED_EDGE('',*,*,#8065,.T.);
#3587=CARTESIAN_POINT('',(0.0,0.0,-16.8148));
#3588=DIRECTION('',(0.0,0.0,-1.0));
#3589=DIRECTION('',(0.0,-1.0,0.0));
#3590=ORIENTED_EDGE('',*,*,#8075,.F.);
#3591=ORIENTED_EDGE('',*,*,#8043,.F.);
#3592=ORIENTED_EDGE('',*,*,#8020,.T.);
#3593=ORIENTED_EDGE('',*,*,#8063,.T.);
#3594=ORIENTED_EDGE('',*,*,#8076,.T.);
#3595=ORIENTED_EDGE('',*,*,#8077,.T.);
#3596=CARTESIAN_POINT('',(34.0995,-8.128,-1.4478));
#3597=DIRECTION('',(0.0,-1.0,0.0));
#3598=DIRECTION('',(0.0,0.0,-1.0));
#3599=ORIENTED_EDGE('',*,*,#8014,.T.);
#3600=ORIENTED_EDGE('',*,*,#8078,.T.);
#3601=ORIENTED_EDGE('',*,*,#8068,.F.);
#3602=ORIENTED_EDGE('',*,*,#8079,.F.);
#3603=ORIENTED_EDGE('',*,*,#8080,.T.);
#3604=ORIENTED_EDGE('',*,*,#8081,.T.);
#3605=CARTESIAN_POINT('',(34.0995,-8.128,-1.4478));
#3606=DIRECTION('',(0.0,-1.0,0.0));
#3607=DIRECTION('',(0.0,0.0,-1.0));
#3608=ORIENTED_EDGE('',*,*,#8082,.F.);
#3609=ORIENTED_EDGE('',*,*,#8060,.T.);
#3610=ORIENTED_EDGE('',*,*,#8015,.F.);
#3611=ORIENTED_EDGE('',*,*,#8079,.T.);
#3612=ORIENTED_EDGE('',*,*,#8067,.T.);
#3613=CARTESIAN_POINT('',(-20.574,-7.366,-1.4478));
#3614=DIRECTION('',(-1.0,0.0,0.0));
#3615=DIRECTION('',(0.0,0.0,1.0));
#3616=ORIENTED_EDGE('',*,*,#8064,.F.);
#3617=ORIENTED_EDGE('',*,*,#8061,.T.);
#3618=ORIENTED_EDGE('',*,*,#8082,.T.);
#3619=ORIENTED_EDGE('',*,*,#8066,.F.);
#3620=ORIENTED_EDGE('',*,*,#8083,.T.);
#3621=ORIENTED_EDGE('',*,*,#8084,.T.);
#3622=ORIENTED_EDGE('',*,*,#8085,.F.);
#3623=ORIENTED_EDGE('',*,*,#8086,.F.);
#3624=CARTESIAN_POINT('',(20.574,-7.366,-1.4478));
#3625=DIRECTION('',(-0.0,1.0,0.0));
#3626=DIRECTION('',(1.0,0.0,0.0));
#3627=ORIENTED_EDGE('',*,*,#8087,.F.);
#3628=ORIENTED_EDGE('',*,*,#8088,.F.);
#3629=ORIENTED_EDGE('',*,*,#8089,.F.);
#3630=ORIENTED_EDGE('',*,*,#8086,.T.);
#3631=CARTESIAN_POINT('',(20.1295,0.0,0.0));
#3632=DIRECTION('',(-1.0,0.0,0.0));
#3633=DIRECTION('',(0.0,0.0,1.0));
#3634=ORIENTED_EDGE('',*,*,#8089,.T.);
#3635=ORIENTED_EDGE('',*,*,#8090,.T.);
#3636=ORIENTED_EDGE('',*,*,#8091,.F.);
#3637=ORIENTED_EDGE('',*,*,#8083,.F.);
#3638=CARTESIAN_POINT('',(20.1295,-7.366,-13.7922));
#3639=DIRECTION('',(0.0,0.0,-1.0));
#3640=DIRECTION('',(0.0,-1.0,0.0));
#3641=ORIENTED_EDGE('',*,*,#8091,.T.);
#3642=ORIENTED_EDGE('',*,*,#8092,.T.);
#3643=ORIENTED_EDGE('',*,*,#8093,.T.);
#3644=ORIENTED_EDGE('',*,*,#8084,.F.);
#3645=CARTESIAN_POINT('',(-20.1295,0.0,0.0));
#3646=DIRECTION('',(-1.0,0.0,0.0));
#3647=DIRECTION('',(0.0,0.0,1.0));
#3648=ORIENTED_EDGE('',*,*,#8093,.F.);
#3649=ORIENTED_EDGE('',*,*,#8094,.F.);
#3650=ORIENTED_EDGE('',*,*,#8087,.T.);
#3651=ORIENTED_EDGE('',*,*,#8085,.T.);
#3652=CARTESIAN_POINT('',(20.1295,-12.319,-8.8646));
#3653=DIRECTION('',(0.0,0.0,1.0));
#3654=DIRECTION('',(1.0,0.0,0.0));
#3655=ORIENTED_EDGE('',*,*,#8094,.T.);
#3656=ORIENTED_EDGE('',*,*,#8092,.F.);
#3657=ORIENTED_EDGE('',*,*,#8090,.F.);
#3658=ORIENTED_EDGE('',*,*,#8088,.T.);
#3659=ORIENTED_EDGE('',*,*,#8095,.F.);
#3660=ORIENTED_EDGE('',*,*,#8096,.F.);
#3661=ORIENTED_EDGE('',*,*,#8097,.F.);
#3662=ORIENTED_EDGE('',*,*,#8098,.F.);
#3663=ORIENTED_EDGE('',*,*,#8099,.F.);
#3664=ORIENTED_EDGE('',*,*,#8100,.F.);
#3665=ORIENTED_EDGE('',*,*,#8101,.F.);
#3666=ORIENTED_EDGE('',*,*,#8102,.F.);
#3667=ORIENTED_EDGE('',*,*,#8103,.F.);
#3668=ORIENTED_EDGE('',*,*,#8104,.F.);
#3669=ORIENTED_EDGE('',*,*,#8105,.F.);
#3670=ORIENTED_EDGE('',*,*,#8106,.F.);
#3671=ORIENTED_EDGE('',*,*,#8107,.F.);
#3672=ORIENTED_EDGE('',*,*,#8108,.F.);
#3673=ORIENTED_EDGE('',*,*,#8109,.F.);
#3674=ORIENTED_EDGE('',*,*,#8110,.F.);
#3675=ORIENTED_EDGE('',*,*,#8111,.F.);
#3676=ORIENTED_EDGE('',*,*,#8112,.F.);
#3677=ORIENTED_EDGE('',*,*,#8113,.F.);
#3678=ORIENTED_EDGE('',*,*,#8114,.F.);
#3679=ORIENTED_EDGE('',*,*,#8115,.F.);
#3680=ORIENTED_EDGE('',*,*,#8116,.F.);
#3681=ORIENTED_EDGE('',*,*,#8117,.F.);
#3682=ORIENTED_EDGE('',*,*,#8118,.F.);
#3683=ORIENTED_EDGE('',*,*,#8119,.F.);
#3684=ORIENTED_EDGE('',*,*,#8120,.F.);
#3685=ORIENTED_EDGE('',*,*,#8121,.F.);
#3686=ORIENTED_EDGE('',*,*,#8122,.F.);
#3687=ORIENTED_EDGE('',*,*,#8123,.F.);
#3688=ORIENTED_EDGE('',*,*,#8124,.F.);
#3689=ORIENTED_EDGE('',*,*,#8125,.F.);
#3690=ORIENTED_EDGE('',*,*,#8126,.F.);
#3691=ORIENTED_EDGE('',*,*,#8127,.F.);
#3692=ORIENTED_EDGE('',*,*,#8128,.F.);
#3693=ORIENTED_EDGE('',*,*,#8129,.F.);
#3694=ORIENTED_EDGE('',*,*,#8130,.F.);
#3695=ORIENTED_EDGE('',*,*,#8131,.F.);
#3696=ORIENTED_EDGE('',*,*,#8132,.F.);
#3697=ORIENTED_EDGE('',*,*,#8133,.F.);
#3698=ORIENTED_EDGE('',*,*,#8134,.F.);
#3699=ORIENTED_EDGE('',*,*,#8135,.F.);
#3700=ORIENTED_EDGE('',*,*,#8136,.F.);
#3701=ORIENTED_EDGE('',*,*,#8137,.F.);
#3702=ORIENTED_EDGE('',*,*,#8138,.F.);
#3703=ORIENTED_EDGE('',*,*,#8139,.F.);
#3704=ORIENTED_EDGE('',*,*,#8140,.F.);
#3705=ORIENTED_EDGE('',*,*,#8141,.F.);
#3706=ORIENTED_EDGE('',*,*,#8142,.F.);
#3707=ORIENTED_EDGE('',*,*,#8143,.F.);
#3708=ORIENTED_EDGE('',*,*,#8144,.F.);
#3709=ORIENTED_EDGE('',*,*,#8145,.F.);
#3710=ORIENTED_EDGE('',*,*,#8146,.F.);
#3711=ORIENTED_EDGE('',*,*,#8147,.F.);
#3712=ORIENTED_EDGE('',*,*,#8148,.F.);
#3713=ORIENTED_EDGE('',*,*,#8149,.F.);
#3714=ORIENTED_EDGE('',*,*,#8150,.F.);
#3715=ORIENTED_EDGE('',*,*,#8151,.F.);
#3716=ORIENTED_EDGE('',*,*,#8152,.F.);
#3717=ORIENTED_EDGE('',*,*,#8153,.F.);
#3718=ORIENTED_EDGE('',*,*,#8154,.F.);
#3719=ORIENTED_EDGE('',*,*,#8155,.F.);
#3720=ORIENTED_EDGE('',*,*,#8156,.F.);
#3721=ORIENTED_EDGE('',*,*,#8157,.F.);
#3722=ORIENTED_EDGE('',*,*,#8158,.F.);
#3723=ORIENTED_EDGE('',*,*,#8159,.F.);
#3724=ORIENTED_EDGE('',*,*,#8160,.F.);
#3725=ORIENTED_EDGE('',*,*,#8161,.F.);
#3726=ORIENTED_EDGE('',*,*,#8162,.F.);
#3727=ORIENTED_EDGE('',*,*,#8163,.F.);
#3728=ORIENTED_EDGE('',*,*,#8164,.F.);
#3729=ORIENTED_EDGE('',*,*,#8165,.F.);
#3730=ORIENTED_EDGE('',*,*,#8166,.F.);
#3731=ORIENTED_EDGE('',*,*,#8167,.F.);
#3732=ORIENTED_EDGE('',*,*,#8168,.F.);
#3733=ORIENTED_EDGE('',*,*,#8169,.F.);
#3734=ORIENTED_EDGE('',*,*,#8170,.F.);
#3735=ORIENTED_EDGE('',*,*,#8171,.F.);
#3736=ORIENTED_EDGE('',*,*,#8172,.F.);
#3737=ORIENTED_EDGE('',*,*,#8173,.F.);
#3738=ORIENTED_EDGE('',*,*,#8174,.F.);
#3739=ORIENTED_EDGE('',*,*,#8175,.F.);
#3740=ORIENTED_EDGE('',*,*,#8176,.F.);
#3741=ORIENTED_EDGE('',*,*,#8177,.F.);
#3742=ORIENTED_EDGE('',*,*,#8178,.F.);
#3743=ORIENTED_EDGE('',*,*,#8179,.F.);
#3744=ORIENTED_EDGE('',*,*,#8180,.F.);
#3745=ORIENTED_EDGE('',*,*,#8181,.F.);
#3746=ORIENTED_EDGE('',*,*,#8182,.F.);
#3747=ORIENTED_EDGE('',*,*,#8183,.F.);
#3748=ORIENTED_EDGE('',*,*,#8184,.F.);
#3749=ORIENTED_EDGE('',*,*,#8185,.F.);
#3750=ORIENTED_EDGE('',*,*,#8186,.F.);
#3751=ORIENTED_EDGE('',*,*,#8187,.F.);
#3752=ORIENTED_EDGE('',*,*,#8188,.F.);
#3753=ORIENTED_EDGE('',*,*,#8189,.F.);
#3754=ORIENTED_EDGE('',*,*,#8190,.F.);
#3755=ORIENTED_EDGE('',*,*,#8191,.F.);
#3756=ORIENTED_EDGE('',*,*,#8192,.F.);
#3757=ORIENTED_EDGE('',*,*,#8193,.F.);
#3758=ORIENTED_EDGE('',*,*,#8194,.F.);
#3759=ORIENTED_EDGE('',*,*,#8195,.F.);
#3760=ORIENTED_EDGE('',*,*,#8196,.F.);
#3761=ORIENTED_EDGE('',*,*,#8197,.F.);
#3762=ORIENTED_EDGE('',*,*,#8198,.F.);
#3763=ORIENTED_EDGE('',*,*,#8199,.F.);
#3764=ORIENTED_EDGE('',*,*,#8200,.F.);
#3765=ORIENTED_EDGE('',*,*,#8201,.F.);
#3766=ORIENTED_EDGE('',*,*,#8202,.F.);
#3767=ORIENTED_EDGE('',*,*,#8203,.F.);
#3768=ORIENTED_EDGE('',*,*,#8204,.F.);
#3769=ORIENTED_EDGE('',*,*,#8205,.F.);
#3770=ORIENTED_EDGE('',*,*,#8206,.F.);
#3771=ORIENTED_EDGE('',*,*,#8207,.F.);
#3772=ORIENTED_EDGE('',*,*,#8208,.F.);
#3773=ORIENTED_EDGE('',*,*,#8209,.F.);
#3774=ORIENTED_EDGE('',*,*,#8210,.F.);
#3775=ORIENTED_EDGE('',*,*,#8211,.F.);
#3776=ORIENTED_EDGE('',*,*,#8212,.F.);
#3777=ORIENTED_EDGE('',*,*,#8213,.F.);
#3778=ORIENTED_EDGE('',*,*,#8214,.F.);
#3779=ORIENTED_EDGE('',*,*,#8215,.F.);
#3780=ORIENTED_EDGE('',*,*,#8216,.F.);
#3781=ORIENTED_EDGE('',*,*,#8217,.F.);
#3782=ORIENTED_EDGE('',*,*,#8218,.F.);
#3783=ORIENTED_EDGE('',*,*,#8219,.F.);
#3784=ORIENTED_EDGE('',*,*,#8220,.F.);
#3785=ORIENTED_EDGE('',*,*,#8221,.F.);
#3786=ORIENTED_EDGE('',*,*,#8222,.F.);
#3787=ORIENTED_EDGE('',*,*,#8223,.F.);
#3788=ORIENTED_EDGE('',*,*,#8224,.F.);
#3789=ORIENTED_EDGE('',*,*,#8225,.F.);
#3790=ORIENTED_EDGE('',*,*,#8226,.F.);
#3791=ORIENTED_EDGE('',*,*,#8227,.F.);
#3792=ORIENTED_EDGE('',*,*,#8228,.F.);
#3793=ORIENTED_EDGE('',*,*,#8229,.F.);
#3794=ORIENTED_EDGE('',*,*,#8230,.F.);
#3795=ORIENTED_EDGE('',*,*,#8231,.F.);
#3796=ORIENTED_EDGE('',*,*,#8232,.F.);
#3797=ORIENTED_EDGE('',*,*,#8233,.F.);
#3798=ORIENTED_EDGE('',*,*,#8234,.F.);
#3799=ORIENTED_EDGE('',*,*,#8235,.F.);
#3800=ORIENTED_EDGE('',*,*,#8236,.F.);
#3801=ORIENTED_EDGE('',*,*,#8237,.F.);
#3802=ORIENTED_EDGE('',*,*,#8238,.F.);
#3803=CARTESIAN_POINT('',(20.1295,-12.319,-13.7922));
#3804=DIRECTION('',(0.0,-1.0,0.0));
#3805=DIRECTION('',(0.0,0.0,-1.0));
#3806=ORIENTED_EDGE('',*,*,#8098,.T.);
#3807=ORIENTED_EDGE('',*,*,#8239,.T.);
#3808=ORIENTED_EDGE('',*,*,#8240,.F.);
#3809=ORIENTED_EDGE('',*,*,#8241,.F.);
#3810=CARTESIAN_POINT('',(18.7325,-7.366,-13.3477));
#3811=DIRECTION('',(0.0,0.0,1.0));
#3812=DIRECTION('',(1.0,0.0,0.0));
#3813=ORIENTED_EDGE('',*,*,#8242,.F.);
#3814=ORIENTED_EDGE('',*,*,#8243,.F.);
#3815=ORIENTED_EDGE('',*,*,#8095,.T.);
#3816=ORIENTED_EDGE('',*,*,#8241,.T.);
#3817=CARTESIAN_POINT('',(18.7325,-7.366,-13.6017));
#3818=DIRECTION('',(1.0,0.0,0.0));
#3819=DIRECTION('',(0.0,1.0,0.0));
#3820=ORIENTED_EDGE('',*,*,#8096,.T.);
#3821=ORIENTED_EDGE('',*,*,#8243,.T.);
#3822=ORIENTED_EDGE('',*,*,#8244,.F.);
#3823=ORIENTED_EDGE('',*,*,#8245,.F.);
#3824=CARTESIAN_POINT('',(18.2245,-7.366,-13.6017));
#3825=DIRECTION('',(0.0,0.0,-1.0));
#3826=DIRECTION('',(0.0,-1.0,0.0));
#3827=ORIENTED_EDGE('',*,*,#8097,.T.);
#3828=ORIENTED_EDGE('',*,*,#8245,.T.);
#3829=ORIENTED_EDGE('',*,*,#8246,.F.);
#3830=ORIENTED_EDGE('',*,*,#8239,.F.);
#3831=CARTESIAN_POINT('',(18.2245,-7.366,-13.3477));
#3832=DIRECTION('',(-1.0,0.0,0.0));
#3833=DIRECTION('',(0.0,0.0,1.0));
#3834=ORIENTED_EDGE('',*,*,#8246,.T.);
#3835=ORIENTED_EDGE('',*,*,#8244,.T.);
#3836=ORIENTED_EDGE('',*,*,#8242,.T.);
#3837=ORIENTED_EDGE('',*,*,#8240,.T.);
#3838=CARTESIAN_POINT('',(0.0,-12.8778,-1.4478));
#3839=DIRECTION('',(0.0,-1.0,0.0));
#3840=DIRECTION('',(0.0,0.0,-1.0));
#3841=ORIENTED_EDGE('',*,*,#8247,.T.);
#3842=ORIENTED_EDGE('',*,*,#8248,.T.);
#3843=ORIENTED_EDGE('',*,*,#8249,.T.);
#3844=ORIENTED_EDGE('',*,*,#8250,.T.);
#3845=CARTESIAN_POINT('',(0.0,-12.8778,-1.4478));
#3846=DIRECTION('',(0.0,-1.0,0.0));
#3847=DIRECTION('',(0.0,0.0,-1.0));
#3848=ORIENTED_EDGE('',*,*,#8102,.T.);
#3849=ORIENTED_EDGE('',*,*,#8251,.T.);
#3850=ORIENTED_EDGE('',*,*,#8250,.F.);
#3851=ORIENTED_EDGE('',*,*,#8252,.F.);
#3852=CARTESIAN_POINT('',(18.7325,-7.366,-9.3091));
#3853=DIRECTION('',(1.0,0.0,0.0));
#3854=DIRECTION('',(0.0,1.0,0.0));
#3855=ORIENTED_EDGE('',*,*,#8249,.F.);
#3856=ORIENTED_EDGE('',*,*,#8253,.F.);
#3857=ORIENTED_EDGE('',*,*,#8099,.T.);
#3858=ORIENTED_EDGE('',*,*,#8252,.T.);
#3859=CARTESIAN_POINT('',(18.2245,-7.366,-9.3091));
#3860=DIRECTION('',(0.0,0.0,-1.0));
#3861=DIRECTION('',(0.0,-1.0,0.0));
#3862=ORIENTED_EDGE('',*,*,#8248,.F.);
#3863=ORIENTED_EDGE('',*,*,#8254,.F.);
#3864=ORIENTED_EDGE('',*,*,#8100,.T.);
#3865=ORIENTED_EDGE('',*,*,#8253,.T.);
#3866=CARTESIAN_POINT('',(18.2245,-7.366,-9.0551));
#3867=DIRECTION('',(-1.0,0.0,0.0));
#3868=DIRECTION('',(0.0,0.0,1.0));
#3869=ORIENTED_EDGE('',*,*,#8101,.T.);
#3870=ORIENTED_EDGE('',*,*,#8254,.T.);
#3871=ORIENTED_EDGE('',*,*,#8247,.F.);
#3872=ORIENTED_EDGE('',*,*,#8251,.F.);
#3873=CARTESIAN_POINT('',(18.7325,-7.366,-9.0551));
#3874=DIRECTION('',(0.0,0.0,1.0));
#3875=DIRECTION('',(1.0,0.0,0.0));
#3876=ORIENTED_EDGE('',*,*,#8106,.T.);
#3877=ORIENTED_EDGE('',*,*,#8255,.T.);
#3878=ORIENTED_EDGE('',*,*,#8256,.F.);
#3879=ORIENTED_EDGE('',*,*,#8257,.F.);
#3880=CARTESIAN_POINT('',(16.5735,-7.366,-13.3477));
#3881=DIRECTION('',(0.0,0.0,1.0));
#3882=DIRECTION('',(1.0,0.0,0.0));
#3883=ORIENTED_EDGE('',*,*,#8258,.F.);
#3884=ORIENTED_EDGE('',*,*,#8259,.F.);
#3885=ORIENTED_EDGE('',*,*,#8103,.T.);
#3886=ORIENTED_EDGE('',*,*,#8257,.T.);
#3887=CARTESIAN_POINT('',(16.5735,-7.366,-13.6017));
#3888=DIRECTION('',(1.0,0.0,0.0));
#3889=DIRECTION('',(0.0,1.0,0.0));
#3890=ORIENTED_EDGE('',*,*,#8104,.T.);
#3891=ORIENTED_EDGE('',*,*,#8259,.T.);
#3892=ORIENTED_EDGE('',*,*,#8260,.F.);
#3893=ORIENTED_EDGE('',*,*,#8261,.F.);
#3894=CARTESIAN_POINT('',(16.0655,-7.366,-13.6017));
#3895=DIRECTION('',(0.0,0.0,-1.0));
#3896=DIRECTION('',(0.0,-1.0,0.0));
#3897=ORIENTED_EDGE('',*,*,#8105,.T.);
#3898=ORIENTED_EDGE('',*,*,#8261,.T.);
#3899=ORIENTED_EDGE('',*,*,#8262,.F.);
#3900=ORIENTED_EDGE('',*,*,#8255,.F.);
#3901=CARTESIAN_POINT('',(16.0655,-7.366,-13.3477));
#3902=DIRECTION('',(-1.0,0.0,0.0));
#3903=DIRECTION('',(0.0,0.0,1.0));
#3904=ORIENTED_EDGE('',*,*,#8262,.T.);
#3905=ORIENTED_EDGE('',*,*,#8260,.T.);
#3906=ORIENTED_EDGE('',*,*,#8258,.T.);
#3907=ORIENTED_EDGE('',*,*,#8256,.T.);
#3908=CARTESIAN_POINT('',(-2.159,-12.8778,-1.4478));
#3909=DIRECTION('',(0.0,-1.0,0.0));
#3910=DIRECTION('',(0.0,0.0,-1.0));
#3911=ORIENTED_EDGE('',*,*,#8263,.T.);
#3912=ORIENTED_EDGE('',*,*,#8264,.T.);
#3913=ORIENTED_EDGE('',*,*,#8265,.T.);
#3914=ORIENTED_EDGE('',*,*,#8266,.T.);
#3915=CARTESIAN_POINT('',(-2.159,-12.8778,-1.4478));
#3916=DIRECTION('',(0.0,-1.0,0.0));
#3917=DIRECTION('',(0.0,0.0,-1.0));
#3918=ORIENTED_EDGE('',*,*,#8110,.T.);
#3919=ORIENTED_EDGE('',*,*,#8267,.T.);
#3920=ORIENTED_EDGE('',*,*,#8266,.F.);
#3921=ORIENTED_EDGE('',*,*,#8268,.F.);
#3922=CARTESIAN_POINT('',(16.5735,-7.366,-9.3091));
#3923=DIRECTION('',(1.0,0.0,0.0));
#3924=DIRECTION('',(0.0,1.0,0.0));
#3925=ORIENTED_EDGE('',*,*,#8265,.F.);
#3926=ORIENTED_EDGE('',*,*,#8269,.F.);
#3927=ORIENTED_EDGE('',*,*,#8107,.T.);
#3928=ORIENTED_EDGE('',*,*,#8268,.T.);
#3929=CARTESIAN_POINT('',(16.0655,-7.366,-9.3091));
#3930=DIRECTION('',(0.0,0.0,-1.0));
#3931=DIRECTION('',(0.0,-1.0,0.0));
#3932=ORIENTED_EDGE('',*,*,#8264,.F.);
#3933=ORIENTED_EDGE('',*,*,#8270,.F.);
#3934=ORIENTED_EDGE('',*,*,#8108,.T.);
#3935=ORIENTED_EDGE('',*,*,#8269,.T.);
#3936=CARTESIAN_POINT('',(16.0655,-7.366,-9.0551));
#3937=DIRECTION('',(-1.0,0.0,0.0));
#3938=DIRECTION('',(0.0,0.0,1.0));
#3939=ORIENTED_EDGE('',*,*,#8109,.T.);
#3940=ORIENTED_EDGE('',*,*,#8270,.T.);
#3941=ORIENTED_EDGE('',*,*,#8263,.F.);
#3942=ORIENTED_EDGE('',*,*,#8267,.F.);
#3943=CARTESIAN_POINT('',(16.5735,-7.366,-9.0551));
#3944=DIRECTION('',(0.0,0.0,1.0));
#3945=DIRECTION('',(1.0,0.0,0.0));
#3946=ORIENTED_EDGE('',*,*,#8114,.T.);
#3947=ORIENTED_EDGE('',*,*,#8271,.T.);
#3948=ORIENTED_EDGE('',*,*,#8272,.F.);
#3949=ORIENTED_EDGE('',*,*,#8273,.F.);
#3950=CARTESIAN_POINT('',(14.4145,-7.366,-13.3477));
#3951=DIRECTION('',(0.0,0.0,1.0));
#3952=DIRECTION('',(1.0,0.0,0.0));
#3953=ORIENTED_EDGE('',*,*,#8274,.F.);
#3954=ORIENTED_EDGE('',*,*,#8275,.F.);
#3955=ORIENTED_EDGE('',*,*,#8111,.T.);
#3956=ORIENTED_EDGE('',*,*,#8273,.T.);
#3957=CARTESIAN_POINT('',(14.4145,-7.366,-13.6017));
#3958=DIRECTION('',(1.0,0.0,0.0));
#3959=DIRECTION('',(0.0,1.0,0.0));
#3960=ORIENTED_EDGE('',*,*,#8112,.T.);
#3961=ORIENTED_EDGE('',*,*,#8275,.T.);
#3962=ORIENTED_EDGE('',*,*,#8276,.F.);
#3963=ORIENTED_EDGE('',*,*,#8277,.F.);
#3964=CARTESIAN_POINT('',(13.9065,-7.366,-13.6017));
#3965=DIRECTION('',(0.0,0.0,-1.0));
#3966=DIRECTION('',(0.0,-1.0,0.0));
#3967=ORIENTED_EDGE('',*,*,#8113,.T.);
#3968=ORIENTED_EDGE('',*,*,#8277,.T.);
#3969=ORIENTED_EDGE('',*,*,#8278,.F.);
#3970=ORIENTED_EDGE('',*,*,#8271,.F.);
#3971=CARTESIAN_POINT('',(13.9065,-7.366,-13.3477));
#3972=DIRECTION('',(-1.0,0.0,0.0));
#3973=DIRECTION('',(0.0,0.0,1.0));
#3974=ORIENTED_EDGE('',*,*,#8278,.T.);
#3975=ORIENTED_EDGE('',*,*,#8276,.T.);
#3976=ORIENTED_EDGE('',*,*,#8274,.T.);
#3977=ORIENTED_EDGE('',*,*,#8272,.T.);
#3978=CARTESIAN_POINT('',(-4.318,-12.8778,-1.4478));
#3979=DIRECTION('',(0.0,-1.0,0.0));
#3980=DIRECTION('',(0.0,0.0,-1.0));
#3981=ORIENTED_EDGE('',*,*,#8279,.T.);
#3982=ORIENTED_EDGE('',*,*,#8280,.T.);
#3983=ORIENTED_EDGE('',*,*,#8281,.T.);
#3984=ORIENTED_EDGE('',*,*,#8282,.T.);
#3985=CARTESIAN_POINT('',(-4.318,-12.8778,-1.4478));
#3986=DIRECTION('',(0.0,-1.0,0.0));
#3987=DIRECTION('',(0.0,0.0,-1.0));
#3988=ORIENTED_EDGE('',*,*,#8118,.T.);
#3989=ORIENTED_EDGE('',*,*,#8283,.T.);
#3990=ORIENTED_EDGE('',*,*,#8282,.F.);
#3991=ORIENTED_EDGE('',*,*,#8284,.F.);
#3992=CARTESIAN_POINT('',(14.4145,-7.366,-9.3091));
#3993=DIRECTION('',(1.0,0.0,0.0));
#3994=DIRECTION('',(0.0,1.0,0.0));
#3995=ORIENTED_EDGE('',*,*,#8281,.F.);
#3996=ORIENTED_EDGE('',*,*,#8285,.F.);
#3997=ORIENTED_EDGE('',*,*,#8115,.T.);
#3998=ORIENTED_EDGE('',*,*,#8284,.T.);
#3999=CARTESIAN_POINT('',(13.9065,-7.366,-9.3091));
#4000=DIRECTION('',(0.0,0.0,-1.0));
#4001=DIRECTION('',(0.0,-1.0,0.0));
#4002=ORIENTED_EDGE('',*,*,#8280,.F.);
#4003=ORIENTED_EDGE('',*,*,#8286,.F.);
#4004=ORIENTED_EDGE('',*,*,#8116,.T.);
#4005=ORIENTED_EDGE('',*,*,#8285,.T.);
#4006=CARTESIAN_POINT('',(13.9065,-7.366,-9.0551));
#4007=DIRECTION('',(-1.0,0.0,0.0));
#4008=DIRECTION('',(0.0,0.0,1.0));
#4009=ORIENTED_EDGE('',*,*,#8117,.T.);
#4010=ORIENTED_EDGE('',*,*,#8286,.T.);
#4011=ORIENTED_EDGE('',*,*,#8279,.F.);
#4012=ORIENTED_EDGE('',*,*,#8283,.F.);
#4013=CARTESIAN_POINT('',(14.4145,-7.366,-9.0551));
#4014=DIRECTION('',(0.0,0.0,1.0));
#4015=DIRECTION('',(1.0,0.0,0.0));
#4016=ORIENTED_EDGE('',*,*,#8122,.T.);
#4017=ORIENTED_EDGE('',*,*,#8287,.T.);
#4018=ORIENTED_EDGE('',*,*,#8288,.F.);
#4019=ORIENTED_EDGE('',*,*,#8289,.F.);
#4020=CARTESIAN_POINT('',(12.2555,-7.366,-13.3477));
#4021=DIRECTION('',(0.0,0.0,1.0));
#4022=DIRECTION('',(1.0,0.0,0.0));
#4023=ORIENTED_EDGE('',*,*,#8290,.F.);
#4024=ORIENTED_EDGE('',*,*,#8291,.F.);
#4025=ORIENTED_EDGE('',*,*,#8119,.T.);
#4026=ORIENTED_EDGE('',*,*,#8289,.T.);
#4027=CARTESIAN_POINT('',(12.2555,-7.366,-13.6017));
#4028=DIRECTION('',(1.0,0.0,0.0));
#4029=DIRECTION('',(0.0,1.0,0.0));
#4030=ORIENTED_EDGE('',*,*,#8120,.T.);
#4031=ORIENTED_EDGE('',*,*,#8291,.T.);
#4032=ORIENTED_EDGE('',*,*,#8292,.F.);
#4033=ORIENTED_EDGE('',*,*,#8293,.F.);
#4034=CARTESIAN_POINT('',(11.7475,-7.366,-13.6017));
#4035=DIRECTION('',(0.0,0.0,-1.0));
#4036=DIRECTION('',(0.0,-1.0,0.0));
#4037=ORIENTED_EDGE('',*,*,#8121,.T.);
#4038=ORIENTED_EDGE('',*,*,#8293,.T.);
#4039=ORIENTED_EDGE('',*,*,#8294,.F.);
#4040=ORIENTED_EDGE('',*,*,#8287,.F.);
#4041=CARTESIAN_POINT('',(11.7475,-7.366,-13.3477));
#4042=DIRECTION('',(-1.0,0.0,0.0));
#4043=DIRECTION('',(0.0,0.0,1.0));
#4044=ORIENTED_EDGE('',*,*,#8294,.T.);
#4045=ORIENTED_EDGE('',*,*,#8292,.T.);
#4046=ORIENTED_EDGE('',*,*,#8290,.T.);
#4047=ORIENTED_EDGE('',*,*,#8288,.T.);
#4048=CARTESIAN_POINT('',(-6.477,-12.8778,-1.4478));
#4049=DIRECTION('',(0.0,-1.0,0.0));
#4050=DIRECTION('',(0.0,0.0,-1.0));
#4051=ORIENTED_EDGE('',*,*,#8295,.T.);
#4052=ORIENTED_EDGE('',*,*,#8296,.T.);
#4053=ORIENTED_EDGE('',*,*,#8297,.T.);
#4054=ORIENTED_EDGE('',*,*,#8298,.T.);
#4055=CARTESIAN_POINT('',(-6.477,-12.8778,-1.4478));
#4056=DIRECTION('',(0.0,-1.0,0.0));
#4057=DIRECTION('',(0.0,0.0,-1.0));
#4058=ORIENTED_EDGE('',*,*,#8126,.T.);
#4059=ORIENTED_EDGE('',*,*,#8299,.T.);
#4060=ORIENTED_EDGE('',*,*,#8298,.F.);
#4061=ORIENTED_EDGE('',*,*,#8300,.F.);
#4062=CARTESIAN_POINT('',(12.2555,-7.366,-9.3091));
#4063=DIRECTION('',(1.0,0.0,0.0));
#4064=DIRECTION('',(0.0,1.0,0.0));
#4065=ORIENTED_EDGE('',*,*,#8297,.F.);
#4066=ORIENTED_EDGE('',*,*,#8301,.F.);
#4067=ORIENTED_EDGE('',*,*,#8123,.T.);
#4068=ORIENTED_EDGE('',*,*,#8300,.T.);
#4069=CARTESIAN_POINT('',(11.7475,-7.366,-9.3091));
#4070=DIRECTION('',(0.0,0.0,-1.0));
#4071=DIRECTION('',(0.0,-1.0,0.0));
#4072=ORIENTED_EDGE('',*,*,#8296,.F.);
#4073=ORIENTED_EDGE('',*,*,#8302,.F.);
#4074=ORIENTED_EDGE('',*,*,#8124,.T.);
#4075=ORIENTED_EDGE('',*,*,#8301,.T.);
#4076=CARTESIAN_POINT('',(11.7475,-7.366,-9.0551));
#4077=DIRECTION('',(-1.0,0.0,0.0));
#4078=DIRECTION('',(0.0,0.0,1.0));
#4079=ORIENTED_EDGE('',*,*,#8125,.T.);
#4080=ORIENTED_EDGE('',*,*,#8302,.T.);
#4081=ORIENTED_EDGE('',*,*,#8295,.F.);
#4082=ORIENTED_EDGE('',*,*,#8299,.F.);
#4083=CARTESIAN_POINT('',(12.2555,-7.366,-9.0551));
#4084=DIRECTION('',(0.0,0.0,1.0));
#4085=DIRECTION('',(1.0,0.0,0.0));
#4086=ORIENTED_EDGE('',*,*,#8130,.T.);
#4087=ORIENTED_EDGE('',*,*,#8303,.T.);
#4088=ORIENTED_EDGE('',*,*,#8304,.F.);
#4089=ORIENTED_EDGE('',*,*,#8305,.F.);
#4090=CARTESIAN_POINT('',(10.0965,-7.366,-13.3477));
#4091=DIRECTION('',(0.0,0.0,1.0));
#4092=DIRECTION('',(1.0,0.0,0.0));
#4093=ORIENTED_EDGE('',*,*,#8306,.F.);
#4094=ORIENTED_EDGE('',*,*,#8307,.F.);
#4095=ORIENTED_EDGE('',*,*,#8127,.T.);
#4096=ORIENTED_EDGE('',*,*,#8305,.T.);
#4097=CARTESIAN_POINT('',(10.0965,-7.366,-13.6017));
#4098=DIRECTION('',(1.0,0.0,0.0));
#4099=DIRECTION('',(0.0,1.0,0.0));
#4100=ORIENTED_EDGE('',*,*,#8128,.T.);
#4101=ORIENTED_EDGE('',*,*,#8307,.T.);
#4102=ORIENTED_EDGE('',*,*,#8308,.F.);
#4103=ORIENTED_EDGE('',*,*,#8309,.F.);
#4104=CARTESIAN_POINT('',(9.5885,-7.366,-13.6017));
#4105=DIRECTION('',(0.0,0.0,-1.0));
#4106=DIRECTION('',(0.0,-1.0,0.0));
#4107=ORIENTED_EDGE('',*,*,#8129,.T.);
#4108=ORIENTED_EDGE('',*,*,#8309,.T.);
#4109=ORIENTED_EDGE('',*,*,#8310,.F.);
#4110=ORIENTED_EDGE('',*,*,#8303,.F.);
#4111=CARTESIAN_POINT('',(9.5885,-7.366,-13.3477));
#4112=DIRECTION('',(-1.0,0.0,0.0));
#4113=DIRECTION('',(0.0,0.0,1.0));
#4114=ORIENTED_EDGE('',*,*,#8310,.T.);
#4115=ORIENTED_EDGE('',*,*,#8308,.T.);
#4116=ORIENTED_EDGE('',*,*,#8306,.T.);
#4117=ORIENTED_EDGE('',*,*,#8304,.T.);
#4118=CARTESIAN_POINT('',(-8.636,-12.8778,-1.4478));
#4119=DIRECTION('',(0.0,-1.0,0.0));
#4120=DIRECTION('',(0.0,0.0,-1.0));
#4121=ORIENTED_EDGE('',*,*,#8311,.T.);
#4122=ORIENTED_EDGE('',*,*,#8312,.T.);
#4123=ORIENTED_EDGE('',*,*,#8313,.T.);
#4124=ORIENTED_EDGE('',*,*,#8314,.T.);
#4125=CARTESIAN_POINT('',(-8.636,-12.8778,-1.4478));
#4126=DIRECTION('',(0.0,-1.0,0.0));
#4127=DIRECTION('',(0.0,0.0,-1.0));
#4128=ORIENTED_EDGE('',*,*,#8134,.T.);
#4129=ORIENTED_EDGE('',*,*,#8315,.T.);
#4130=ORIENTED_EDGE('',*,*,#8314,.F.);
#4131=ORIENTED_EDGE('',*,*,#8316,.F.);
#4132=CARTESIAN_POINT('',(10.0965,-7.366,-9.3091));
#4133=DIRECTION('',(1.0,0.0,0.0));
#4134=DIRECTION('',(0.0,1.0,0.0));
#4135=ORIENTED_EDGE('',*,*,#8313,.F.);
#4136=ORIENTED_EDGE('',*,*,#8317,.F.);
#4137=ORIENTED_EDGE('',*,*,#8131,.T.);
#4138=ORIENTED_EDGE('',*,*,#8316,.T.);
#4139=CARTESIAN_POINT('',(9.5885,-7.366,-9.3091));
#4140=DIRECTION('',(0.0,0.0,-1.0));
#4141=DIRECTION('',(0.0,-1.0,0.0));
#4142=ORIENTED_EDGE('',*,*,#8312,.F.);
#4143=ORIENTED_EDGE('',*,*,#8318,.F.);
#4144=ORIENTED_EDGE('',*,*,#8132,.T.);
#4145=ORIENTED_EDGE('',*,*,#8317,.T.);
#4146=CARTESIAN_POINT('',(9.5885,-7.366,-9.0551));
#4147=DIRECTION('',(-1.0,0.0,0.0));
#4148=DIRECTION('',(0.0,0.0,1.0));
#4149=ORIENTED_EDGE('',*,*,#8133,.T.);
#4150=ORIENTED_EDGE('',*,*,#8318,.T.);
#4151=ORIENTED_EDGE('',*,*,#8311,.F.);
#4152=ORIENTED_EDGE('',*,*,#8315,.F.);
#4153=CARTESIAN_POINT('',(10.0965,-7.366,-9.0551));
#4154=DIRECTION('',(0.0,0.0,1.0));
#4155=DIRECTION('',(1.0,0.0,0.0));
#4156=ORIENTED_EDGE('',*,*,#8138,.T.);
#4157=ORIENTED_EDGE('',*,*,#8319,.T.);
#4158=ORIENTED_EDGE('',*,*,#8320,.F.);
#4159=ORIENTED_EDGE('',*,*,#8321,.F.);
#4160=CARTESIAN_POINT('',(7.9375,-7.366,-13.3477));
#4161=DIRECTION('',(0.0,0.0,1.0));
#4162=DIRECTION('',(1.0,0.0,0.0));
#4163=ORIENTED_EDGE('',*,*,#8322,.F.);
#4164=ORIENTED_EDGE('',*,*,#8323,.F.);
#4165=ORIENTED_EDGE('',*,*,#8135,.T.);
#4166=ORIENTED_EDGE('',*,*,#8321,.T.);
#4167=CARTESIAN_POINT('',(7.9375,-7.366,-13.6017));
#4168=DIRECTION('',(1.0,0.0,0.0));
#4169=DIRECTION('',(0.0,1.0,0.0));
#4170=ORIENTED_EDGE('',*,*,#8136,.T.);
#4171=ORIENTED_EDGE('',*,*,#8323,.T.);
#4172=ORIENTED_EDGE('',*,*,#8324,.F.);
#4173=ORIENTED_EDGE('',*,*,#8325,.F.);
#4174=CARTESIAN_POINT('',(7.4295,-7.366,-13.6017));
#4175=DIRECTION('',(0.0,0.0,-1.0));
#4176=DIRECTION('',(0.0,-1.0,0.0));
#4177=ORIENTED_EDGE('',*,*,#8137,.T.);
#4178=ORIENTED_EDGE('',*,*,#8325,.T.);
#4179=ORIENTED_EDGE('',*,*,#8326,.F.);
#4180=ORIENTED_EDGE('',*,*,#8319,.F.);
#4181=CARTESIAN_POINT('',(7.4295,-7.366,-13.3477));
#4182=DIRECTION('',(-1.0,0.0,0.0));
#4183=DIRECTION('',(0.0,0.0,1.0));
#4184=ORIENTED_EDGE('',*,*,#8326,.T.);
#4185=ORIENTED_EDGE('',*,*,#8324,.T.);
#4186=ORIENTED_EDGE('',*,*,#8322,.T.);
#4187=ORIENTED_EDGE('',*,*,#8320,.T.);
#4188=CARTESIAN_POINT('',(-10.795,-12.8778,-1.4478));
#4189=DIRECTION('',(0.0,-1.0,0.0));
#4190=DIRECTION('',(0.0,0.0,-1.0));
#4191=ORIENTED_EDGE('',*,*,#8327,.T.);
#4192=ORIENTED_EDGE('',*,*,#8328,.T.);
#4193=ORIENTED_EDGE('',*,*,#8329,.T.);
#4194=ORIENTED_EDGE('',*,*,#8330,.T.);
#4195=CARTESIAN_POINT('',(-10.795,-12.8778,-1.4478));
#4196=DIRECTION('',(0.0,-1.0,0.0));
#4197=DIRECTION('',(0.0,0.0,-1.0));
#4198=ORIENTED_EDGE('',*,*,#8142,.T.);
#4199=ORIENTED_EDGE('',*,*,#8331,.T.);
#4200=ORIENTED_EDGE('',*,*,#8330,.F.);
#4201=ORIENTED_EDGE('',*,*,#8332,.F.);
#4202=CARTESIAN_POINT('',(7.9375,-7.366,-9.3091));
#4203=DIRECTION('',(1.0,0.0,0.0));
#4204=DIRECTION('',(0.0,1.0,0.0));
#4205=ORIENTED_EDGE('',*,*,#8329,.F.);
#4206=ORIENTED_EDGE('',*,*,#8333,.F.);
#4207=ORIENTED_EDGE('',*,*,#8139,.T.);
#4208=ORIENTED_EDGE('',*,*,#8332,.T.);
#4209=CARTESIAN_POINT('',(7.4295,-7.366,-9.3091));
#4210=DIRECTION('',(0.0,0.0,-1.0));
#4211=DIRECTION('',(0.0,-1.0,0.0));
#4212=ORIENTED_EDGE('',*,*,#8328,.F.);
#4213=ORIENTED_EDGE('',*,*,#8334,.F.);
#4214=ORIENTED_EDGE('',*,*,#8140,.T.);
#4215=ORIENTED_EDGE('',*,*,#8333,.T.);
#4216=CARTESIAN_POINT('',(7.4295,-7.366,-9.0551));
#4217=DIRECTION('',(-1.0,0.0,0.0));
#4218=DIRECTION('',(0.0,0.0,1.0));
#4219=ORIENTED_EDGE('',*,*,#8141,.T.);
#4220=ORIENTED_EDGE('',*,*,#8334,.T.);
#4221=ORIENTED_EDGE('',*,*,#8327,.F.);
#4222=ORIENTED_EDGE('',*,*,#8331,.F.);
#4223=CARTESIAN_POINT('',(7.9375,-7.366,-9.0551));
#4224=DIRECTION('',(0.0,0.0,1.0));
#4225=DIRECTION('',(1.0,0.0,0.0));
#4226=ORIENTED_EDGE('',*,*,#8146,.T.);
#4227=ORIENTED_EDGE('',*,*,#8335,.T.);
#4228=ORIENTED_EDGE('',*,*,#8336,.F.);
#4229=ORIENTED_EDGE('',*,*,#8337,.F.);
#4230=CARTESIAN_POINT('',(5.7785,-7.366,-13.3477));
#4231=DIRECTION('',(0.0,0.0,1.0));
#4232=DIRECTION('',(1.0,0.0,0.0));
#4233=ORIENTED_EDGE('',*,*,#8338,.F.);
#4234=ORIENTED_EDGE('',*,*,#8339,.F.);
#4235=ORIENTED_EDGE('',*,*,#8143,.T.);
#4236=ORIENTED_EDGE('',*,*,#8337,.T.);
#4237=CARTESIAN_POINT('',(5.7785,-7.366,-13.6017));
#4238=DIRECTION('',(1.0,0.0,0.0));
#4239=DIRECTION('',(0.0,1.0,0.0));
#4240=ORIENTED_EDGE('',*,*,#8144,.T.);
#4241=ORIENTED_EDGE('',*,*,#8339,.T.);
#4242=ORIENTED_EDGE('',*,*,#8340,.F.);
#4243=ORIENTED_EDGE('',*,*,#8341,.F.);
#4244=CARTESIAN_POINT('',(5.2705,-7.366,-13.6017));
#4245=DIRECTION('',(0.0,0.0,-1.0));
#4246=DIRECTION('',(0.0,-1.0,0.0));
#4247=ORIENTED_EDGE('',*,*,#8145,.T.);
#4248=ORIENTED_EDGE('',*,*,#8341,.T.);
#4249=ORIENTED_EDGE('',*,*,#8342,.F.);
#4250=ORIENTED_EDGE('',*,*,#8335,.F.);
#4251=CARTESIAN_POINT('',(5.2705,-7.366,-13.3477));
#4252=DIRECTION('',(-1.0,0.0,0.0));
#4253=DIRECTION('',(0.0,0.0,1.0));
#4254=ORIENTED_EDGE('',*,*,#8342,.T.);
#4255=ORIENTED_EDGE('',*,*,#8340,.T.);
#4256=ORIENTED_EDGE('',*,*,#8338,.T.);
#4257=ORIENTED_EDGE('',*,*,#8336,.T.);
#4258=CARTESIAN_POINT('',(-12.954,-12.8778,-1.4478));
#4259=DIRECTION('',(0.0,-1.0,0.0));
#4260=DIRECTION('',(0.0,0.0,-1.0));
#4261=ORIENTED_EDGE('',*,*,#8343,.T.);
#4262=ORIENTED_EDGE('',*,*,#8344,.T.);
#4263=ORIENTED_EDGE('',*,*,#8345,.T.);
#4264=ORIENTED_EDGE('',*,*,#8346,.T.);
#4265=CARTESIAN_POINT('',(-12.954,-12.8778,-1.4478));
#4266=DIRECTION('',(0.0,-1.0,0.0));
#4267=DIRECTION('',(0.0,0.0,-1.0));
#4268=ORIENTED_EDGE('',*,*,#8150,.T.);
#4269=ORIENTED_EDGE('',*,*,#8347,.T.);
#4270=ORIENTED_EDGE('',*,*,#8346,.F.);
#4271=ORIENTED_EDGE('',*,*,#8348,.F.);
#4272=CARTESIAN_POINT('',(5.7785,-7.366,-9.3091));
#4273=DIRECTION('',(1.0,0.0,0.0));
#4274=DIRECTION('',(0.0,1.0,0.0));
#4275=ORIENTED_EDGE('',*,*,#8345,.F.);
#4276=ORIENTED_EDGE('',*,*,#8349,.F.);
#4277=ORIENTED_EDGE('',*,*,#8147,.T.);
#4278=ORIENTED_EDGE('',*,*,#8348,.T.);
#4279=CARTESIAN_POINT('',(5.2705,-7.366,-9.3091));
#4280=DIRECTION('',(0.0,0.0,-1.0));
#4281=DIRECTION('',(0.0,-1.0,0.0));
#4282=ORIENTED_EDGE('',*,*,#8344,.F.);
#4283=ORIENTED_EDGE('',*,*,#8350,.F.);
#4284=ORIENTED_EDGE('',*,*,#8148,.T.);
#4285=ORIENTED_EDGE('',*,*,#8349,.T.);
#4286=CARTESIAN_POINT('',(5.2705,-7.366,-9.0551));
#4287=DIRECTION('',(-1.0,0.0,0.0));
#4288=DIRECTION('',(0.0,0.0,1.0));
#4289=ORIENTED_EDGE('',*,*,#8149,.T.);
#4290=ORIENTED_EDGE('',*,*,#8350,.T.);
#4291=ORIENTED_EDGE('',*,*,#8343,.F.);
#4292=ORIENTED_EDGE('',*,*,#8347,.F.);
#4293=CARTESIAN_POINT('',(5.7785,-7.366,-9.0551));
#4294=DIRECTION('',(0.0,0.0,1.0));
#4295=DIRECTION('',(1.0,0.0,0.0));
#4296=ORIENTED_EDGE('',*,*,#8154,.T.);
#4297=ORIENTED_EDGE('',*,*,#8351,.T.);
#4298=ORIENTED_EDGE('',*,*,#8352,.F.);
#4299=ORIENTED_EDGE('',*,*,#8353,.F.);
#4300=CARTESIAN_POINT('',(3.6195,-7.366,-13.3477));
#4301=DIRECTION('',(0.0,0.0,1.0));
#4302=DIRECTION('',(1.0,0.0,0.0));
#4303=ORIENTED_EDGE('',*,*,#8354,.F.);
#4304=ORIENTED_EDGE('',*,*,#8355,.F.);
#4305=ORIENTED_EDGE('',*,*,#8151,.T.);
#4306=ORIENTED_EDGE('',*,*,#8353,.T.);
#4307=CARTESIAN_POINT('',(3.6195,-7.366,-13.6017));
#4308=DIRECTION('',(1.0,0.0,0.0));
#4309=DIRECTION('',(0.0,1.0,0.0));
#4310=ORIENTED_EDGE('',*,*,#8152,.T.);
#4311=ORIENTED_EDGE('',*,*,#8355,.T.);
#4312=ORIENTED_EDGE('',*,*,#8356,.F.);
#4313=ORIENTED_EDGE('',*,*,#8357,.F.);
#4314=CARTESIAN_POINT('',(3.1115,-7.366,-13.6017));
#4315=DIRECTION('',(0.0,0.0,-1.0));
#4316=DIRECTION('',(0.0,-1.0,0.0));
#4317=ORIENTED_EDGE('',*,*,#8153,.T.);
#4318=ORIENTED_EDGE('',*,*,#8357,.T.);
#4319=ORIENTED_EDGE('',*,*,#8358,.F.);
#4320=ORIENTED_EDGE('',*,*,#8351,.F.);
#4321=CARTESIAN_POINT('',(3.1115,-7.366,-13.3477));
#4322=DIRECTION('',(-1.0,0.0,0.0));
#4323=DIRECTION('',(0.0,0.0,1.0));
#4324=ORIENTED_EDGE('',*,*,#8358,.T.);
#4325=ORIENTED_EDGE('',*,*,#8356,.T.);
#4326=ORIENTED_EDGE('',*,*,#8354,.T.);
#4327=ORIENTED_EDGE('',*,*,#8352,.T.);
#4328=CARTESIAN_POINT('',(-15.113,-12.8778,-1.4478));
#4329=DIRECTION('',(0.0,-1.0,0.0));
#4330=DIRECTION('',(0.0,0.0,-1.0));
#4331=ORIENTED_EDGE('',*,*,#8359,.T.);
#4332=ORIENTED_EDGE('',*,*,#8360,.T.);
#4333=ORIENTED_EDGE('',*,*,#8361,.T.);
#4334=ORIENTED_EDGE('',*,*,#8362,.T.);
#4335=CARTESIAN_POINT('',(-15.113,-12.8778,-1.4478));
#4336=DIRECTION('',(0.0,-1.0,0.0));
#4337=DIRECTION('',(0.0,0.0,-1.0));
#4338=ORIENTED_EDGE('',*,*,#8158,.T.);
#4339=ORIENTED_EDGE('',*,*,#8363,.T.);
#4340=ORIENTED_EDGE('',*,*,#8362,.F.);
#4341=ORIENTED_EDGE('',*,*,#8364,.F.);
#4342=CARTESIAN_POINT('',(3.6195,-7.366,-9.3091));
#4343=DIRECTION('',(1.0,0.0,0.0));
#4344=DIRECTION('',(0.0,1.0,0.0));
#4345=ORIENTED_EDGE('',*,*,#8361,.F.);
#4346=ORIENTED_EDGE('',*,*,#8365,.F.);
#4347=ORIENTED_EDGE('',*,*,#8155,.T.);
#4348=ORIENTED_EDGE('',*,*,#8364,.T.);
#4349=CARTESIAN_POINT('',(3.1115,-7.366,-9.3091));
#4350=DIRECTION('',(0.0,0.0,-1.0));
#4351=DIRECTION('',(0.0,-1.0,0.0));
#4352=ORIENTED_EDGE('',*,*,#8360,.F.);
#4353=ORIENTED_EDGE('',*,*,#8366,.F.);
#4354=ORIENTED_EDGE('',*,*,#8156,.T.);
#4355=ORIENTED_EDGE('',*,*,#8365,.T.);
#4356=CARTESIAN_POINT('',(3.1115,-7.366,-9.0551));
#4357=DIRECTION('',(-1.0,0.0,0.0));
#4358=DIRECTION('',(0.0,0.0,1.0));
#4359=ORIENTED_EDGE('',*,*,#8157,.T.);
#4360=ORIENTED_EDGE('',*,*,#8366,.T.);
#4361=ORIENTED_EDGE('',*,*,#8359,.F.);
#4362=ORIENTED_EDGE('',*,*,#8363,.F.);
#4363=CARTESIAN_POINT('',(3.6195,-7.366,-9.0551));
#4364=DIRECTION('',(0.0,0.0,1.0));
#4365=DIRECTION('',(1.0,0.0,0.0));
#4366=ORIENTED_EDGE('',*,*,#8162,.T.);
#4367=ORIENTED_EDGE('',*,*,#8367,.T.);
#4368=ORIENTED_EDGE('',*,*,#8368,.F.);
#4369=ORIENTED_EDGE('',*,*,#8369,.F.);
#4370=CARTESIAN_POINT('',(1.4605,-7.366,-13.3477));
#4371=DIRECTION('',(0.0,0.0,1.0));
#4372=DIRECTION('',(1.0,0.0,0.0));
#4373=ORIENTED_EDGE('',*,*,#8370,.F.);
#4374=ORIENTED_EDGE('',*,*,#8371,.F.);
#4375=ORIENTED_EDGE('',*,*,#8159,.T.);
#4376=ORIENTED_EDGE('',*,*,#8369,.T.);
#4377=CARTESIAN_POINT('',(1.4605,-7.366,-13.6017));
#4378=DIRECTION('',(1.0,0.0,0.0));
#4379=DIRECTION('',(0.0,1.0,0.0));
#4380=ORIENTED_EDGE('',*,*,#8160,.T.);
#4381=ORIENTED_EDGE('',*,*,#8371,.T.);
#4382=ORIENTED_EDGE('',*,*,#8372,.F.);
#4383=ORIENTED_EDGE('',*,*,#8373,.F.);
#4384=CARTESIAN_POINT('',(0.9525,-7.366,-13.6017));
#4385=DIRECTION('',(0.0,0.0,-1.0));
#4386=DIRECTION('',(0.0,-1.0,0.0));
#4387=ORIENTED_EDGE('',*,*,#8161,.T.);
#4388=ORIENTED_EDGE('',*,*,#8373,.T.);
#4389=ORIENTED_EDGE('',*,*,#8374,.F.);
#4390=ORIENTED_EDGE('',*,*,#8367,.F.);
#4391=CARTESIAN_POINT('',(0.9525,-7.366,-13.3477));
#4392=DIRECTION('',(-1.0,0.0,0.0));
#4393=DIRECTION('',(0.0,0.0,1.0));
#4394=ORIENTED_EDGE('',*,*,#8374,.T.);
#4395=ORIENTED_EDGE('',*,*,#8372,.T.);
#4396=ORIENTED_EDGE('',*,*,#8370,.T.);
#4397=ORIENTED_EDGE('',*,*,#8368,.T.);
#4398=CARTESIAN_POINT('',(-17.272,-12.8778,-1.4478));
#4399=DIRECTION('',(0.0,-1.0,0.0));
#4400=DIRECTION('',(0.0,0.0,-1.0));
#4401=ORIENTED_EDGE('',*,*,#8375,.T.);
#4402=ORIENTED_EDGE('',*,*,#8376,.T.);
#4403=ORIENTED_EDGE('',*,*,#8377,.T.);
#4404=ORIENTED_EDGE('',*,*,#8378,.T.);
#4405=CARTESIAN_POINT('',(-17.272,-12.8778,-1.4478));
#4406=DIRECTION('',(0.0,-1.0,0.0));
#4407=DIRECTION('',(0.0,0.0,-1.0));
#4408=ORIENTED_EDGE('',*,*,#8166,.T.);
#4409=ORIENTED_EDGE('',*,*,#8379,.T.);
#4410=ORIENTED_EDGE('',*,*,#8378,.F.);
#4411=ORIENTED_EDGE('',*,*,#8380,.F.);
#4412=CARTESIAN_POINT('',(1.4605,-7.366,-9.3091));
#4413=DIRECTION('',(1.0,0.0,0.0));
#4414=DIRECTION('',(0.0,1.0,0.0));
#4415=ORIENTED_EDGE('',*,*,#8377,.F.);
#4416=ORIENTED_EDGE('',*,*,#8381,.F.);
#4417=ORIENTED_EDGE('',*,*,#8163,.T.);
#4418=ORIENTED_EDGE('',*,*,#8380,.T.);
#4419=CARTESIAN_POINT('',(0.9525,-7.366,-9.3091));
#4420=DIRECTION('',(0.0,0.0,-1.0));
#4421=DIRECTION('',(0.0,-1.0,0.0));
#4422=ORIENTED_EDGE('',*,*,#8376,.F.);
#4423=ORIENTED_EDGE('',*,*,#8382,.F.);
#4424=ORIENTED_EDGE('',*,*,#8164,.T.);
#4425=ORIENTED_EDGE('',*,*,#8381,.T.);
#4426=CARTESIAN_POINT('',(0.9525,-7.366,-9.0551));
#4427=DIRECTION('',(-1.0,0.0,0.0));
#4428=DIRECTION('',(0.0,0.0,1.0));
#4429=ORIENTED_EDGE('',*,*,#8165,.T.);
#4430=ORIENTED_EDGE('',*,*,#8382,.T.);
#4431=ORIENTED_EDGE('',*,*,#8375,.F.);
#4432=ORIENTED_EDGE('',*,*,#8379,.F.);
#4433=CARTESIAN_POINT('',(1.4605,-7.366,-9.0551));
#4434=DIRECTION('',(0.0,0.0,1.0));
#4435=DIRECTION('',(1.0,0.0,0.0));
#4436=ORIENTED_EDGE('',*,*,#8170,.T.);
#4437=ORIENTED_EDGE('',*,*,#8383,.T.);
#4438=ORIENTED_EDGE('',*,*,#8384,.F.);
#4439=ORIENTED_EDGE('',*,*,#8385,.F.);
#4440=CARTESIAN_POINT('',(-0.6985,-7.366,-13.3477));
#4441=DIRECTION('',(0.0,0.0,1.0));
#4442=DIRECTION('',(1.0,0.0,0.0));
#4443=ORIENTED_EDGE('',*,*,#8386,.F.);
#4444=ORIENTED_EDGE('',*,*,#8387,.F.);
#4445=ORIENTED_EDGE('',*,*,#8167,.T.);
#4446=ORIENTED_EDGE('',*,*,#8385,.T.);
#4447=CARTESIAN_POINT('',(-0.6985,-7.366,-13.6017));
#4448=DIRECTION('',(1.0,0.0,0.0));
#4449=DIRECTION('',(0.0,1.0,0.0));
#4450=ORIENTED_EDGE('',*,*,#8168,.T.);
#4451=ORIENTED_EDGE('',*,*,#8387,.T.);
#4452=ORIENTED_EDGE('',*,*,#8388,.F.);
#4453=ORIENTED_EDGE('',*,*,#8389,.F.);
#4454=CARTESIAN_POINT('',(-1.2065,-7.366,-13.6017));
#4455=DIRECTION('',(0.0,0.0,-1.0));
#4456=DIRECTION('',(0.0,-1.0,0.0));
#4457=ORIENTED_EDGE('',*,*,#8169,.T.);
#4458=ORIENTED_EDGE('',*,*,#8389,.T.);
#4459=ORIENTED_EDGE('',*,*,#8390,.F.);
#4460=ORIENTED_EDGE('',*,*,#8383,.F.);
#4461=CARTESIAN_POINT('',(-1.2065,-7.366,-13.3477));
#4462=DIRECTION('',(-1.0,0.0,0.0));
#4463=DIRECTION('',(0.0,0.0,1.0));
#4464=ORIENTED_EDGE('',*,*,#8390,.T.);
#4465=ORIENTED_EDGE('',*,*,#8388,.T.);
#4466=ORIENTED_EDGE('',*,*,#8386,.T.);
#4467=ORIENTED_EDGE('',*,*,#8384,.T.);
#4468=CARTESIAN_POINT('',(-19.431,-12.8778,-1.4478));
#4469=DIRECTION('',(0.0,-1.0,0.0));
#4470=DIRECTION('',(0.0,0.0,-1.0));
#4471=ORIENTED_EDGE('',*,*,#8391,.T.);
#4472=ORIENTED_EDGE('',*,*,#8392,.T.);
#4473=ORIENTED_EDGE('',*,*,#8393,.T.);
#4474=ORIENTED_EDGE('',*,*,#8394,.T.);
#4475=CARTESIAN_POINT('',(-19.431,-12.8778,-1.4478));
#4476=DIRECTION('',(0.0,-1.0,0.0));
#4477=DIRECTION('',(0.0,0.0,-1.0));
#4478=ORIENTED_EDGE('',*,*,#8174,.T.);
#4479=ORIENTED_EDGE('',*,*,#8395,.T.);
#4480=ORIENTED_EDGE('',*,*,#8394,.F.);
#4481=ORIENTED_EDGE('',*,*,#8396,.F.);
#4482=CARTESIAN_POINT('',(-0.6985,-7.366,-9.3091));
#4483=DIRECTION('',(1.0,0.0,0.0));
#4484=DIRECTION('',(0.0,1.0,0.0));
#4485=ORIENTED_EDGE('',*,*,#8393,.F.);
#4486=ORIENTED_EDGE('',*,*,#8397,.F.);
#4487=ORIENTED_EDGE('',*,*,#8171,.T.);
#4488=ORIENTED_EDGE('',*,*,#8396,.T.);
#4489=CARTESIAN_POINT('',(-1.2065,-7.366,-9.3091));
#4490=DIRECTION('',(0.0,0.0,-1.0));
#4491=DIRECTION('',(0.0,-1.0,0.0));
#4492=ORIENTED_EDGE('',*,*,#8392,.F.);
#4493=ORIENTED_EDGE('',*,*,#8398,.F.);
#4494=ORIENTED_EDGE('',*,*,#8172,.T.);
#4495=ORIENTED_EDGE('',*,*,#8397,.T.);
#4496=CARTESIAN_POINT('',(-1.2065,-7.366,-9.0551));
#4497=DIRECTION('',(-1.0,0.0,0.0));
#4498=DIRECTION('',(0.0,0.0,1.0));
#4499=ORIENTED_EDGE('',*,*,#8173,.T.);
#4500=ORIENTED_EDGE('',*,*,#8398,.T.);
#4501=ORIENTED_EDGE('',*,*,#8391,.F.);
#4502=ORIENTED_EDGE('',*,*,#8395,.F.);
#4503=CARTESIAN_POINT('',(-0.6985,-7.366,-9.0551));
#4504=DIRECTION('',(0.0,0.0,1.0));
#4505=DIRECTION('',(1.0,0.0,0.0));
#4506=ORIENTED_EDGE('',*,*,#8178,.T.);
#4507=ORIENTED_EDGE('',*,*,#8399,.T.);
#4508=ORIENTED_EDGE('',*,*,#8400,.F.);
#4509=ORIENTED_EDGE('',*,*,#8401,.F.);
#4510=CARTESIAN_POINT('',(-2.8575,-7.366,-13.3477));
#4511=DIRECTION('',(0.0,0.0,1.0));
#4512=DIRECTION('',(1.0,0.0,0.0));
#4513=ORIENTED_EDGE('',*,*,#8402,.F.);
#4514=ORIENTED_EDGE('',*,*,#8403,.F.);
#4515=ORIENTED_EDGE('',*,*,#8175,.T.);
#4516=ORIENTED_EDGE('',*,*,#8401,.T.);
#4517=CARTESIAN_POINT('',(-2.8575,-7.366,-13.6017));
#4518=DIRECTION('',(1.0,0.0,0.0));
#4519=DIRECTION('',(0.0,1.0,0.0));
#4520=ORIENTED_EDGE('',*,*,#8176,.T.);
#4521=ORIENTED_EDGE('',*,*,#8403,.T.);
#4522=ORIENTED_EDGE('',*,*,#8404,.F.);
#4523=ORIENTED_EDGE('',*,*,#8405,.F.);
#4524=CARTESIAN_POINT('',(-3.3655,-7.366,-13.6017));
#4525=DIRECTION('',(0.0,0.0,-1.0));
#4526=DIRECTION('',(0.0,-1.0,0.0));
#4527=ORIENTED_EDGE('',*,*,#8177,.T.);
#4528=ORIENTED_EDGE('',*,*,#8405,.T.);
#4529=ORIENTED_EDGE('',*,*,#8406,.F.);
#4530=ORIENTED_EDGE('',*,*,#8399,.F.);
#4531=CARTESIAN_POINT('',(-3.3655,-7.366,-13.3477));
#4532=DIRECTION('',(-1.0,0.0,0.0));
#4533=DIRECTION('',(0.0,0.0,1.0));
#4534=ORIENTED_EDGE('',*,*,#8406,.T.);
#4535=ORIENTED_EDGE('',*,*,#8404,.T.);
#4536=ORIENTED_EDGE('',*,*,#8402,.T.);
#4537=ORIENTED_EDGE('',*,*,#8400,.T.);
#4538=CARTESIAN_POINT('',(-21.59,-12.8778,-1.4478));
#4539=DIRECTION('',(0.0,-1.0,0.0));
#4540=DIRECTION('',(0.0,0.0,-1.0));
#4541=ORIENTED_EDGE('',*,*,#8407,.T.);
#4542=ORIENTED_EDGE('',*,*,#8408,.T.);
#4543=ORIENTED_EDGE('',*,*,#8409,.T.);
#4544=ORIENTED_EDGE('',*,*,#8410,.T.);
#4545=CARTESIAN_POINT('',(-21.59,-12.8778,-1.4478));
#4546=DIRECTION('',(0.0,-1.0,0.0));
#4547=DIRECTION('',(0.0,0.0,-1.0));
#4548=ORIENTED_EDGE('',*,*,#8182,.T.);
#4549=ORIENTED_EDGE('',*,*,#8411,.T.);
#4550=ORIENTED_EDGE('',*,*,#8410,.F.);
#4551=ORIENTED_EDGE('',*,*,#8412,.F.);
#4552=CARTESIAN_POINT('',(-2.8575,-7.366,-9.3091));
#4553=DIRECTION('',(1.0,0.0,0.0));
#4554=DIRECTION('',(0.0,1.0,0.0));
#4555=ORIENTED_EDGE('',*,*,#8409,.F.);
#4556=ORIENTED_EDGE('',*,*,#8413,.F.);
#4557=ORIENTED_EDGE('',*,*,#8179,.T.);
#4558=ORIENTED_EDGE('',*,*,#8412,.T.);
#4559=CARTESIAN_POINT('',(-3.3655,-7.366,-9.3091));
#4560=DIRECTION('',(0.0,0.0,-1.0));
#4561=DIRECTION('',(0.0,-1.0,0.0));
#4562=ORIENTED_EDGE('',*,*,#8408,.F.);
#4563=ORIENTED_EDGE('',*,*,#8414,.F.);
#4564=ORIENTED_EDGE('',*,*,#8180,.T.);
#4565=ORIENTED_EDGE('',*,*,#8413,.T.);
#4566=CARTESIAN_POINT('',(-3.3655,-7.366,-9.0551));
#4567=DIRECTION('',(-1.0,0.0,0.0));
#4568=DIRECTION('',(0.0,0.0,1.0));
#4569=ORIENTED_EDGE('',*,*,#8181,.T.);
#4570=ORIENTED_EDGE('',*,*,#8414,.T.);
#4571=ORIENTED_EDGE('',*,*,#8407,.F.);
#4572=ORIENTED_EDGE('',*,*,#8411,.F.);
#4573=CARTESIAN_POINT('',(-2.8575,-7.366,-9.0551));
#4574=DIRECTION('',(0.0,0.0,1.0));
#4575=DIRECTION('',(1.0,0.0,0.0));
#4576=ORIENTED_EDGE('',*,*,#8186,.T.);
#4577=ORIENTED_EDGE('',*,*,#8415,.T.);
#4578=ORIENTED_EDGE('',*,*,#8416,.F.);
#4579=ORIENTED_EDGE('',*,*,#8417,.F.);
#4580=CARTESIAN_POINT('',(-5.0165,-7.366,-13.3477));
#4581=DIRECTION('',(0.0,0.0,1.0));
#4582=DIRECTION('',(1.0,0.0,0.0));
#4583=ORIENTED_EDGE('',*,*,#8418,.F.);
#4584=ORIENTED_EDGE('',*,*,#8419,.F.);
#4585=ORIENTED_EDGE('',*,*,#8183,.T.);
#4586=ORIENTED_EDGE('',*,*,#8417,.T.);
#4587=CARTESIAN_POINT('',(-5.0165,-7.366,-13.6017));
#4588=DIRECTION('',(1.0,0.0,0.0));
#4589=DIRECTION('',(0.0,1.0,0.0));
#4590=ORIENTED_EDGE('',*,*,#8184,.T.);
#4591=ORIENTED_EDGE('',*,*,#8419,.T.);
#4592=ORIENTED_EDGE('',*,*,#8420,.F.);
#4593=ORIENTED_EDGE('',*,*,#8421,.F.);
#4594=CARTESIAN_POINT('',(-5.5245,-7.366,-13.6017));
#4595=DIRECTION('',(0.0,0.0,-1.0));
#4596=DIRECTION('',(0.0,-1.0,0.0));
#4597=ORIENTED_EDGE('',*,*,#8185,.T.);
#4598=ORIENTED_EDGE('',*,*,#8421,.T.);
#4599=ORIENTED_EDGE('',*,*,#8422,.F.);
#4600=ORIENTED_EDGE('',*,*,#8415,.F.);
#4601=CARTESIAN_POINT('',(-5.5245,-7.366,-13.3477));
#4602=DIRECTION('',(-1.0,0.0,0.0));
#4603=DIRECTION('',(0.0,0.0,1.0));
#4604=ORIENTED_EDGE('',*,*,#8422,.T.);
#4605=ORIENTED_EDGE('',*,*,#8420,.T.);
#4606=ORIENTED_EDGE('',*,*,#8418,.T.);
#4607=ORIENTED_EDGE('',*,*,#8416,.T.);
#4608=CARTESIAN_POINT('',(-23.749,-12.8778,-1.4478));
#4609=DIRECTION('',(0.0,-1.0,0.0));
#4610=DIRECTION('',(0.0,0.0,-1.0));
#4611=ORIENTED_EDGE('',*,*,#8423,.T.);
#4612=ORIENTED_EDGE('',*,*,#8424,.T.);
#4613=ORIENTED_EDGE('',*,*,#8425,.T.);
#4614=ORIENTED_EDGE('',*,*,#8426,.T.);
#4615=CARTESIAN_POINT('',(-23.749,-12.8778,-1.4478));
#4616=DIRECTION('',(0.0,-1.0,0.0));
#4617=DIRECTION('',(0.0,0.0,-1.0));
#4618=ORIENTED_EDGE('',*,*,#8190,.T.);
#4619=ORIENTED_EDGE('',*,*,#8427,.T.);
#4620=ORIENTED_EDGE('',*,*,#8426,.F.);
#4621=ORIENTED_EDGE('',*,*,#8428,.F.);
#4622=CARTESIAN_POINT('',(-5.0165,-7.366,-9.3091));
#4623=DIRECTION('',(1.0,0.0,0.0));
#4624=DIRECTION('',(0.0,1.0,0.0));
#4625=ORIENTED_EDGE('',*,*,#8425,.F.);
#4626=ORIENTED_EDGE('',*,*,#8429,.F.);
#4627=ORIENTED_EDGE('',*,*,#8187,.T.);
#4628=ORIENTED_EDGE('',*,*,#8428,.T.);
#4629=CARTESIAN_POINT('',(-5.5245,-7.366,-9.3091));
#4630=DIRECTION('',(0.0,0.0,-1.0));
#4631=DIRECTION('',(0.0,-1.0,0.0));
#4632=ORIENTED_EDGE('',*,*,#8424,.F.);
#4633=ORIENTED_EDGE('',*,*,#8430,.F.);
#4634=ORIENTED_EDGE('',*,*,#8188,.T.);
#4635=ORIENTED_EDGE('',*,*,#8429,.T.);
#4636=CARTESIAN_POINT('',(-5.5245,-7.366,-9.0551));
#4637=DIRECTION('',(-1.0,0.0,0.0));
#4638=DIRECTION('',(0.0,0.0,1.0));
#4639=ORIENTED_EDGE('',*,*,#8189,.T.);
#4640=ORIENTED_EDGE('',*,*,#8430,.T.);
#4641=ORIENTED_EDGE('',*,*,#8423,.F.);
#4642=ORIENTED_EDGE('',*,*,#8427,.F.);
#4643=CARTESIAN_POINT('',(-5.0165,-7.366,-9.0551));
#4644=DIRECTION('',(0.0,0.0,1.0));
#4645=DIRECTION('',(1.0,0.0,0.0));
#4646=ORIENTED_EDGE('',*,*,#8194,.T.);
#4647=ORIENTED_EDGE('',*,*,#8431,.T.);
#4648=ORIENTED_EDGE('',*,*,#8432,.F.);
#4649=ORIENTED_EDGE('',*,*,#8433,.F.);
#4650=CARTESIAN_POINT('',(-7.1755,-7.366,-13.3477));
#4651=DIRECTION('',(0.0,0.0,1.0));
#4652=DIRECTION('',(1.0,0.0,0.0));
#4653=ORIENTED_EDGE('',*,*,#8434,.F.);
#4654=ORIENTED_EDGE('',*,*,#8435,.F.);
#4655=ORIENTED_EDGE('',*,*,#8191,.T.);
#4656=ORIENTED_EDGE('',*,*,#8433,.T.);
#4657=CARTESIAN_POINT('',(-7.1755,-7.366,-13.6017));
#4658=DIRECTION('',(1.0,0.0,0.0));
#4659=DIRECTION('',(0.0,1.0,0.0));
#4660=ORIENTED_EDGE('',*,*,#8192,.T.);
#4661=ORIENTED_EDGE('',*,*,#8435,.T.);
#4662=ORIENTED_EDGE('',*,*,#8436,.F.);
#4663=ORIENTED_EDGE('',*,*,#8437,.F.);
#4664=CARTESIAN_POINT('',(-7.6835,-7.366,-13.6017));
#4665=DIRECTION('',(0.0,0.0,-1.0));
#4666=DIRECTION('',(0.0,-1.0,0.0));
#4667=ORIENTED_EDGE('',*,*,#8193,.T.);
#4668=ORIENTED_EDGE('',*,*,#8437,.T.);
#4669=ORIENTED_EDGE('',*,*,#8438,.F.);
#4670=ORIENTED_EDGE('',*,*,#8431,.F.);
#4671=CARTESIAN_POINT('',(-7.6835,-7.366,-13.3477));
#4672=DIRECTION('',(-1.0,0.0,0.0));
#4673=DIRECTION('',(0.0,0.0,1.0));
#4674=ORIENTED_EDGE('',*,*,#8438,.T.);
#4675=ORIENTED_EDGE('',*,*,#8436,.T.);
#4676=ORIENTED_EDGE('',*,*,#8434,.T.);
#4677=ORIENTED_EDGE('',*,*,#8432,.T.);
#4678=CARTESIAN_POINT('',(-25.908,-12.8778,-1.4478));
#4679=DIRECTION('',(0.0,-1.0,0.0));
#4680=DIRECTION('',(0.0,0.0,-1.0));
#4681=ORIENTED_EDGE('',*,*,#8439,.T.);
#4682=ORIENTED_EDGE('',*,*,#8440,.T.);
#4683=ORIENTED_EDGE('',*,*,#8441,.T.);
#4684=ORIENTED_EDGE('',*,*,#8442,.T.);
#4685=CARTESIAN_POINT('',(-25.908,-12.8778,-1.4478));
#4686=DIRECTION('',(0.0,-1.0,0.0));
#4687=DIRECTION('',(0.0,0.0,-1.0));
#4688=ORIENTED_EDGE('',*,*,#8198,.T.);
#4689=ORIENTED_EDGE('',*,*,#8443,.T.);
#4690=ORIENTED_EDGE('',*,*,#8442,.F.);
#4691=ORIENTED_EDGE('',*,*,#8444,.F.);
#4692=CARTESIAN_POINT('',(-7.1755,-7.366,-9.3091));
#4693=DIRECTION('',(1.0,0.0,0.0));
#4694=DIRECTION('',(0.0,1.0,0.0));
#4695=ORIENTED_EDGE('',*,*,#8441,.F.);
#4696=ORIENTED_EDGE('',*,*,#8445,.F.);
#4697=ORIENTED_EDGE('',*,*,#8195,.T.);
#4698=ORIENTED_EDGE('',*,*,#8444,.T.);
#4699=CARTESIAN_POINT('',(-7.6835,-7.366,-9.3091));
#4700=DIRECTION('',(0.0,0.0,-1.0));
#4701=DIRECTION('',(0.0,-1.0,0.0));
#4702=ORIENTED_EDGE('',*,*,#8440,.F.);
#4703=ORIENTED_EDGE('',*,*,#8446,.F.);
#4704=ORIENTED_EDGE('',*,*,#8196,.T.);
#4705=ORIENTED_EDGE('',*,*,#8445,.T.);
#4706=CARTESIAN_POINT('',(-7.6835,-7.366,-9.0551));
#4707=DIRECTION('',(-1.0,0.0,0.0));
#4708=DIRECTION('',(0.0,0.0,1.0));
#4709=ORIENTED_EDGE('',*,*,#8197,.T.);
#4710=ORIENTED_EDGE('',*,*,#8446,.T.);
#4711=ORIENTED_EDGE('',*,*,#8439,.F.);
#4712=ORIENTED_EDGE('',*,*,#8443,.F.);
#4713=CARTESIAN_POINT('',(-7.1755,-7.366,-9.0551));
#4714=DIRECTION('',(0.0,0.0,1.0));
#4715=DIRECTION('',(1.0,0.0,0.0));
#4716=ORIENTED_EDGE('',*,*,#8202,.T.);
#4717=ORIENTED_EDGE('',*,*,#8447,.T.);
#4718=ORIENTED_EDGE('',*,*,#8448,.F.);
#4719=ORIENTED_EDGE('',*,*,#8449,.F.);
#4720=CARTESIAN_POINT('',(-9.3345,-7.366,-13.3477));
#4721=DIRECTION('',(0.0,0.0,1.0));
#4722=DIRECTION('',(1.0,0.0,0.0));
#4723=ORIENTED_EDGE('',*,*,#8450,.F.);
#4724=ORIENTED_EDGE('',*,*,#8451,.F.);
#4725=ORIENTED_EDGE('',*,*,#8199,.T.);
#4726=ORIENTED_EDGE('',*,*,#8449,.T.);
#4727=CARTESIAN_POINT('',(-9.3345,-7.366,-13.6017));
#4728=DIRECTION('',(1.0,0.0,0.0));
#4729=DIRECTION('',(0.0,1.0,0.0));
#4730=ORIENTED_EDGE('',*,*,#8200,.T.);
#4731=ORIENTED_EDGE('',*,*,#8451,.T.);
#4732=ORIENTED_EDGE('',*,*,#8452,.F.);
#4733=ORIENTED_EDGE('',*,*,#8453,.F.);
#4734=CARTESIAN_POINT('',(-9.8425,-7.366,-13.6017));
#4735=DIRECTION('',(0.0,0.0,-1.0));
#4736=DIRECTION('',(0.0,-1.0,0.0));
#4737=ORIENTED_EDGE('',*,*,#8201,.T.);
#4738=ORIENTED_EDGE('',*,*,#8453,.T.);
#4739=ORIENTED_EDGE('',*,*,#8454,.F.);
#4740=ORIENTED_EDGE('',*,*,#8447,.F.);
#4741=CARTESIAN_POINT('',(-9.8425,-7.366,-13.3477));
#4742=DIRECTION('',(-1.0,0.0,0.0));
#4743=DIRECTION('',(0.0,0.0,1.0));
#4744=ORIENTED_EDGE('',*,*,#8454,.T.);
#4745=ORIENTED_EDGE('',*,*,#8452,.T.);
#4746=ORIENTED_EDGE('',*,*,#8450,.T.);
#4747=ORIENTED_EDGE('',*,*,#8448,.T.);
#4748=CARTESIAN_POINT('',(-28.067,-12.8778,-1.4478));
#4749=DIRECTION('',(0.0,-1.0,0.0));
#4750=DIRECTION('',(0.0,0.0,-1.0));
#4751=ORIENTED_EDGE('',*,*,#8455,.T.);
#4752=ORIENTED_EDGE('',*,*,#8456,.T.);
#4753=ORIENTED_EDGE('',*,*,#8457,.T.);
#4754=ORIENTED_EDGE('',*,*,#8458,.T.);
#4755=CARTESIAN_POINT('',(-28.067,-12.8778,-1.4478));
#4756=DIRECTION('',(0.0,-1.0,0.0));
#4757=DIRECTION('',(0.0,0.0,-1.0));
#4758=ORIENTED_EDGE('',*,*,#8206,.T.);
#4759=ORIENTED_EDGE('',*,*,#8459,.T.);
#4760=ORIENTED_EDGE('',*,*,#8458,.F.);
#4761=ORIENTED_EDGE('',*,*,#8460,.F.);
#4762=CARTESIAN_POINT('',(-9.3345,-7.366,-9.3091));
#4763=DIRECTION('',(1.0,0.0,0.0));
#4764=DIRECTION('',(0.0,1.0,0.0));
#4765=ORIENTED_EDGE('',*,*,#8457,.F.);
#4766=ORIENTED_EDGE('',*,*,#8461,.F.);
#4767=ORIENTED_EDGE('',*,*,#8203,.T.);
#4768=ORIENTED_EDGE('',*,*,#8460,.T.);
#4769=CARTESIAN_POINT('',(-9.8425,-7.366,-9.3091));
#4770=DIRECTION('',(0.0,0.0,-1.0));
#4771=DIRECTION('',(0.0,-1.0,0.0));
#4772=ORIENTED_EDGE('',*,*,#8456,.F.);
#4773=ORIENTED_EDGE('',*,*,#8462,.F.);
#4774=ORIENTED_EDGE('',*,*,#8204,.T.);
#4775=ORIENTED_EDGE('',*,*,#8461,.T.);
#4776=CARTESIAN_POINT('',(-9.8425,-7.366,-9.0551));
#4777=DIRECTION('',(-1.0,0.0,0.0));
#4778=DIRECTION('',(0.0,0.0,1.0));
#4779=ORIENTED_EDGE('',*,*,#8205,.T.);
#4780=ORIENTED_EDGE('',*,*,#8462,.T.);
#4781=ORIENTED_EDGE('',*,*,#8455,.F.);
#4782=ORIENTED_EDGE('',*,*,#8459,.F.);
#4783=CARTESIAN_POINT('',(-9.3345,-7.366,-9.0551));
#4784=DIRECTION('',(0.0,0.0,1.0));
#4785=DIRECTION('',(1.0,0.0,0.0));
#4786=ORIENTED_EDGE('',*,*,#8210,.T.);
#4787=ORIENTED_EDGE('',*,*,#8463,.T.);
#4788=ORIENTED_EDGE('',*,*,#8464,.F.);
#4789=ORIENTED_EDGE('',*,*,#8465,.F.);
#4790=CARTESIAN_POINT('',(-11.4935,-7.366,-13.3477));
#4791=DIRECTION('',(0.0,0.0,1.0));
#4792=DIRECTION('',(1.0,0.0,0.0));
#4793=ORIENTED_EDGE('',*,*,#8466,.F.);
#4794=ORIENTED_EDGE('',*,*,#8467,.F.);
#4795=ORIENTED_EDGE('',*,*,#8207,.T.);
#4796=ORIENTED_EDGE('',*,*,#8465,.T.);
#4797=CARTESIAN_POINT('',(-11.4935,-7.366,-13.6017));
#4798=DIRECTION('',(1.0,0.0,0.0));
#4799=DIRECTION('',(0.0,1.0,0.0));
#4800=ORIENTED_EDGE('',*,*,#8208,.T.);
#4801=ORIENTED_EDGE('',*,*,#8467,.T.);
#4802=ORIENTED_EDGE('',*,*,#8468,.F.);
#4803=ORIENTED_EDGE('',*,*,#8469,.F.);
#4804=CARTESIAN_POINT('',(-12.0015,-7.366,-13.6017));
#4805=DIRECTION('',(0.0,0.0,-1.0));
#4806=DIRECTION('',(0.0,-1.0,0.0));
#4807=ORIENTED_EDGE('',*,*,#8209,.T.);
#4808=ORIENTED_EDGE('',*,*,#8469,.T.);
#4809=ORIENTED_EDGE('',*,*,#8470,.F.);
#4810=ORIENTED_EDGE('',*,*,#8463,.F.);
#4811=CARTESIAN_POINT('',(-12.0015,-7.366,-13.3477));
#4812=DIRECTION('',(-1.0,0.0,0.0));
#4813=DIRECTION('',(0.0,0.0,1.0));
#4814=ORIENTED_EDGE('',*,*,#8470,.T.);
#4815=ORIENTED_EDGE('',*,*,#8468,.T.);
#4816=ORIENTED_EDGE('',*,*,#8466,.T.);
#4817=ORIENTED_EDGE('',*,*,#8464,.T.);
#4818=CARTESIAN_POINT('',(-30.226,-12.8778,-1.4478));
#4819=DIRECTION('',(0.0,-1.0,0.0));
#4820=DIRECTION('',(0.0,0.0,-1.0));
#4821=ORIENTED_EDGE('',*,*,#8471,.T.);
#4822=ORIENTED_EDGE('',*,*,#8472,.T.);
#4823=ORIENTED_EDGE('',*,*,#8473,.T.);
#4824=ORIENTED_EDGE('',*,*,#8474,.T.);
#4825=CARTESIAN_POINT('',(-30.226,-12.8778,-1.4478));
#4826=DIRECTION('',(0.0,-1.0,0.0));
#4827=DIRECTION('',(0.0,0.0,-1.0));
#4828=ORIENTED_EDGE('',*,*,#8214,.T.);
#4829=ORIENTED_EDGE('',*,*,#8475,.T.);
#4830=ORIENTED_EDGE('',*,*,#8474,.F.);
#4831=ORIENTED_EDGE('',*,*,#8476,.F.);
#4832=CARTESIAN_POINT('',(-11.4935,-7.366,-9.3091));
#4833=DIRECTION('',(1.0,0.0,0.0));
#4834=DIRECTION('',(0.0,1.0,0.0));
#4835=ORIENTED_EDGE('',*,*,#8473,.F.);
#4836=ORIENTED_EDGE('',*,*,#8477,.F.);
#4837=ORIENTED_EDGE('',*,*,#8211,.T.);
#4838=ORIENTED_EDGE('',*,*,#8476,.T.);
#4839=CARTESIAN_POINT('',(-12.0015,-7.366,-9.3091));
#4840=DIRECTION('',(0.0,0.0,-1.0));
#4841=DIRECTION('',(0.0,-1.0,0.0));
#4842=ORIENTED_EDGE('',*,*,#8472,.F.);
#4843=ORIENTED_EDGE('',*,*,#8478,.F.);
#4844=ORIENTED_EDGE('',*,*,#8212,.T.);
#4845=ORIENTED_EDGE('',*,*,#8477,.T.);
#4846=CARTESIAN_POINT('',(-12.0015,-7.366,-9.0551));
#4847=DIRECTION('',(-1.0,0.0,0.0));
#4848=DIRECTION('',(0.0,0.0,1.0));
#4849=ORIENTED_EDGE('',*,*,#8213,.T.);
#4850=ORIENTED_EDGE('',*,*,#8478,.T.);
#4851=ORIENTED_EDGE('',*,*,#8471,.F.);
#4852=ORIENTED_EDGE('',*,*,#8475,.F.);
#4853=CARTESIAN_POINT('',(-11.4935,-7.366,-9.0551));
#4854=DIRECTION('',(0.0,0.0,1.0));
#4855=DIRECTION('',(1.0,0.0,0.0));
#4856=ORIENTED_EDGE('',*,*,#8218,.T.);
#4857=ORIENTED_EDGE('',*,*,#8479,.T.);
#4858=ORIENTED_EDGE('',*,*,#8480,.F.);
#4859=ORIENTED_EDGE('',*,*,#8481,.F.);
#4860=CARTESIAN_POINT('',(-13.6525,-7.366,-13.3477));
#4861=DIRECTION('',(0.0,0.0,1.0));
#4862=DIRECTION('',(1.0,0.0,0.0));
#4863=ORIENTED_EDGE('',*,*,#8482,.F.);
#4864=ORIENTED_EDGE('',*,*,#8483,.F.);
#4865=ORIENTED_EDGE('',*,*,#8215,.T.);
#4866=ORIENTED_EDGE('',*,*,#8481,.T.);
#4867=CARTESIAN_POINT('',(-13.6525,-7.366,-13.6017));
#4868=DIRECTION('',(1.0,0.0,0.0));
#4869=DIRECTION('',(0.0,1.0,0.0));
#4870=ORIENTED_EDGE('',*,*,#8216,.T.);
#4871=ORIENTED_EDGE('',*,*,#8483,.T.);
#4872=ORIENTED_EDGE('',*,*,#8484,.F.);
#4873=ORIENTED_EDGE('',*,*,#8485,.F.);
#4874=CARTESIAN_POINT('',(-14.1605,-7.366,-13.6017));
#4875=DIRECTION('',(0.0,0.0,-1.0));
#4876=DIRECTION('',(0.0,-1.0,0.0));
#4877=ORIENTED_EDGE('',*,*,#8217,.T.);
#4878=ORIENTED_EDGE('',*,*,#8485,.T.);
#4879=ORIENTED_EDGE('',*,*,#8486,.F.);
#4880=ORIENTED_EDGE('',*,*,#8479,.F.);
#4881=CARTESIAN_POINT('',(-14.1605,-7.366,-13.3477));
#4882=DIRECTION('',(-1.0,0.0,0.0));
#4883=DIRECTION('',(0.0,0.0,1.0));
#4884=ORIENTED_EDGE('',*,*,#8486,.T.);
#4885=ORIENTED_EDGE('',*,*,#8484,.T.);
#4886=ORIENTED_EDGE('',*,*,#8482,.T.);
#4887=ORIENTED_EDGE('',*,*,#8480,.T.);
#4888=CARTESIAN_POINT('',(-32.385,-12.8778,-1.4478));
#4889=DIRECTION('',(0.0,-1.0,0.0));
#4890=DIRECTION('',(0.0,0.0,-1.0));
#4891=ORIENTED_EDGE('',*,*,#8487,.T.);
#4892=ORIENTED_EDGE('',*,*,#8488,.T.);
#4893=ORIENTED_EDGE('',*,*,#8489,.T.);
#4894=ORIENTED_EDGE('',*,*,#8490,.T.);
#4895=CARTESIAN_POINT('',(-32.385,-12.8778,-1.4478));
#4896=DIRECTION('',(0.0,-1.0,0.0));
#4897=DIRECTION('',(0.0,0.0,-1.0));
#4898=ORIENTED_EDGE('',*,*,#8222,.T.);
#4899=ORIENTED_EDGE('',*,*,#8491,.T.);
#4900=ORIENTED_EDGE('',*,*,#8490,.F.);
#4901=ORIENTED_EDGE('',*,*,#8492,.F.);
#4902=CARTESIAN_POINT('',(-13.6525,-7.366,-9.3091));
#4903=DIRECTION('',(1.0,0.0,0.0));
#4904=DIRECTION('',(0.0,1.0,0.0));
#4905=ORIENTED_EDGE('',*,*,#8489,.F.);
#4906=ORIENTED_EDGE('',*,*,#8493,.F.);
#4907=ORIENTED_EDGE('',*,*,#8219,.T.);
#4908=ORIENTED_EDGE('',*,*,#8492,.T.);
#4909=CARTESIAN_POINT('',(-14.1605,-7.366,-9.3091));
#4910=DIRECTION('',(0.0,0.0,-1.0));
#4911=DIRECTION('',(0.0,-1.0,0.0));
#4912=ORIENTED_EDGE('',*,*,#8488,.F.);
#4913=ORIENTED_EDGE('',*,*,#8494,.F.);
#4914=ORIENTED_EDGE('',*,*,#8220,.T.);
#4915=ORIENTED_EDGE('',*,*,#8493,.T.);
#4916=CARTESIAN_POINT('',(-14.1605,-7.366,-9.0551));
#4917=DIRECTION('',(-1.0,0.0,0.0));
#4918=DIRECTION('',(0.0,0.0,1.0));
#4919=ORIENTED_EDGE('',*,*,#8221,.T.);
#4920=ORIENTED_EDGE('',*,*,#8494,.T.);
#4921=ORIENTED_EDGE('',*,*,#8487,.F.);
#4922=ORIENTED_EDGE('',*,*,#8491,.F.);
#4923=CARTESIAN_POINT('',(-13.6525,-7.366,-9.0551));
#4924=DIRECTION('',(0.0,0.0,1.0));
#4925=DIRECTION('',(1.0,0.0,0.0));
#4926=ORIENTED_EDGE('',*,*,#8226,.T.);
#4927=ORIENTED_EDGE('',*,*,#8495,.T.);
#4928=ORIENTED_EDGE('',*,*,#8496,.F.);
#4929=ORIENTED_EDGE('',*,*,#8497,.F.);
#4930=CARTESIAN_POINT('',(-15.8115,-7.366,-13.3477));
#4931=DIRECTION('',(0.0,0.0,1.0));
#4932=DIRECTION('',(1.0,0.0,0.0));
#4933=ORIENTED_EDGE('',*,*,#8498,.F.);
#4934=ORIENTED_EDGE('',*,*,#8499,.F.);
#4935=ORIENTED_EDGE('',*,*,#8223,.T.);
#4936=ORIENTED_EDGE('',*,*,#8497,.T.);
#4937=CARTESIAN_POINT('',(-15.8115,-7.366,-13.6017));
#4938=DIRECTION('',(1.0,0.0,0.0));
#4939=DIRECTION('',(0.0,1.0,0.0));
#4940=ORIENTED_EDGE('',*,*,#8224,.T.);
#4941=ORIENTED_EDGE('',*,*,#8499,.T.);
#4942=ORIENTED_EDGE('',*,*,#8500,.F.);
#4943=ORIENTED_EDGE('',*,*,#8501,.F.);
#4944=CARTESIAN_POINT('',(-16.3195,-7.366,-13.6017));
#4945=DIRECTION('',(0.0,0.0,-1.0));
#4946=DIRECTION('',(0.0,-1.0,0.0));
#4947=ORIENTED_EDGE('',*,*,#8225,.T.);
#4948=ORIENTED_EDGE('',*,*,#8501,.T.);
#4949=ORIENTED_EDGE('',*,*,#8502,.F.);
#4950=ORIENTED_EDGE('',*,*,#8495,.F.);
#4951=CARTESIAN_POINT('',(-16.3195,-7.366,-13.3477));
#4952=DIRECTION('',(-1.0,0.0,0.0));
#4953=DIRECTION('',(0.0,0.0,1.0));
#4954=ORIENTED_EDGE('',*,*,#8502,.T.);
#4955=ORIENTED_EDGE('',*,*,#8500,.T.);
#4956=ORIENTED_EDGE('',*,*,#8498,.T.);
#4957=ORIENTED_EDGE('',*,*,#8496,.T.);
#4958=CARTESIAN_POINT('',(-34.544,-12.8778,-1.4478));
#4959=DIRECTION('',(0.0,-1.0,0.0));
#4960=DIRECTION('',(0.0,0.0,-1.0));
#4961=ORIENTED_EDGE('',*,*,#8503,.T.);
#4962=ORIENTED_EDGE('',*,*,#8504,.T.);
#4963=ORIENTED_EDGE('',*,*,#8505,.T.);
#4964=ORIENTED_EDGE('',*,*,#8506,.T.);
#4965=CARTESIAN_POINT('',(-34.544,-12.8778,-1.4478));
#4966=DIRECTION('',(0.0,-1.0,0.0));
#4967=DIRECTION('',(0.0,0.0,-1.0));
#4968=ORIENTED_EDGE('',*,*,#8230,.T.);
#4969=ORIENTED_EDGE('',*,*,#8507,.T.);
#4970=ORIENTED_EDGE('',*,*,#8506,.F.);
#4971=ORIENTED_EDGE('',*,*,#8508,.F.);
#4972=CARTESIAN_POINT('',(-15.8115,-7.366,-9.3091));
#4973=DIRECTION('',(1.0,0.0,0.0));
#4974=DIRECTION('',(0.0,1.0,0.0));
#4975=ORIENTED_EDGE('',*,*,#8505,.F.);
#4976=ORIENTED_EDGE('',*,*,#8509,.F.);
#4977=ORIENTED_EDGE('',*,*,#8227,.T.);
#4978=ORIENTED_EDGE('',*,*,#8508,.T.);
#4979=CARTESIAN_POINT('',(-16.3195,-7.366,-9.3091));
#4980=DIRECTION('',(0.0,0.0,-1.0));
#4981=DIRECTION('',(0.0,-1.0,0.0));
#4982=ORIENTED_EDGE('',*,*,#8504,.F.);
#4983=ORIENTED_EDGE('',*,*,#8510,.F.);
#4984=ORIENTED_EDGE('',*,*,#8228,.T.);
#4985=ORIENTED_EDGE('',*,*,#8509,.T.);
#4986=CARTESIAN_POINT('',(-16.3195,-7.366,-9.0551));
#4987=DIRECTION('',(-1.0,0.0,0.0));
#4988=DIRECTION('',(0.0,0.0,1.0));
#4989=ORIENTED_EDGE('',*,*,#8229,.T.);
#4990=ORIENTED_EDGE('',*,*,#8510,.T.);
#4991=ORIENTED_EDGE('',*,*,#8503,.F.);
#4992=ORIENTED_EDGE('',*,*,#8507,.F.);
#4993=CARTESIAN_POINT('',(-15.8115,-7.366,-9.0551));
#4994=DIRECTION('',(0.0,0.0,1.0));
#4995=DIRECTION('',(1.0,0.0,0.0));
#4996=ORIENTED_EDGE('',*,*,#8234,.T.);
#4997=ORIENTED_EDGE('',*,*,#8511,.T.);
#4998=ORIENTED_EDGE('',*,*,#8512,.F.);
#4999=ORIENTED_EDGE('',*,*,#8513,.F.);
#5000=CARTESIAN_POINT('',(-17.9705,-7.366,-13.3477));
#5001=DIRECTION('',(0.0,0.0,1.0));
#5002=DIRECTION('',(1.0,0.0,0.0));
#5003=ORIENTED_EDGE('',*,*,#8514,.F.);
#5004=ORIENTED_EDGE('',*,*,#8515,.F.);
#5005=ORIENTED_EDGE('',*,*,#8231,.T.);
#5006=ORIENTED_EDGE('',*,*,#8513,.T.);
#5007=CARTESIAN_POINT('',(-17.9705,-7.366,-13.6017));
#5008=DIRECTION('',(1.0,0.0,0.0));
#5009=DIRECTION('',(0.0,1.0,0.0));
#5010=ORIENTED_EDGE('',*,*,#8232,.T.);
#5011=ORIENTED_EDGE('',*,*,#8515,.T.);
#5012=ORIENTED_EDGE('',*,*,#8516,.F.);
#5013=ORIENTED_EDGE('',*,*,#8517,.F.);
#5014=CARTESIAN_POINT('',(-18.4785,-7.366,-13.6017));
#5015=DIRECTION('',(0.0,0.0,-1.0));
#5016=DIRECTION('',(0.0,-1.0,0.0));
#5017=ORIENTED_EDGE('',*,*,#8233,.T.);
#5018=ORIENTED_EDGE('',*,*,#8517,.T.);
#5019=ORIENTED_EDGE('',*,*,#8518,.F.);
#5020=ORIENTED_EDGE('',*,*,#8511,.F.);
#5021=CARTESIAN_POINT('',(-18.4785,-7.366,-13.3477));
#5022=DIRECTION('',(-1.0,0.0,0.0));
#5023=DIRECTION('',(0.0,0.0,1.0));
#5024=ORIENTED_EDGE('',*,*,#8518,.T.);
#5025=ORIENTED_EDGE('',*,*,#8516,.T.);
#5026=ORIENTED_EDGE('',*,*,#8514,.T.);
#5027=ORIENTED_EDGE('',*,*,#8512,.T.);
#5028=CARTESIAN_POINT('',(-36.703,-12.8778,-1.4478));
#5029=DIRECTION('',(0.0,-1.0,0.0));
#5030=DIRECTION('',(0.0,0.0,-1.0));
#5031=ORIENTED_EDGE('',*,*,#8519,.T.);
#5032=ORIENTED_EDGE('',*,*,#8520,.T.);
#5033=ORIENTED_EDGE('',*,*,#8521,.T.);
#5034=ORIENTED_EDGE('',*,*,#8522,.T.);
#5035=CARTESIAN_POINT('',(-36.703,-12.8778,-1.4478));
#5036=DIRECTION('',(0.0,-1.0,0.0));
#5037=DIRECTION('',(0.0,0.0,-1.0));
#5038=ORIENTED_EDGE('',*,*,#8238,.T.);
#5039=ORIENTED_EDGE('',*,*,#8523,.T.);
#5040=ORIENTED_EDGE('',*,*,#8522,.F.);
#5041=ORIENTED_EDGE('',*,*,#8524,.F.);
#5042=CARTESIAN_POINT('',(-17.9705,-7.366,-9.3091));
#5043=DIRECTION('',(1.0,0.0,0.0));
#5044=DIRECTION('',(0.0,1.0,0.0));
#5045=ORIENTED_EDGE('',*,*,#8521,.F.);
#5046=ORIENTED_EDGE('',*,*,#8525,.F.);
#5047=ORIENTED_EDGE('',*,*,#8235,.T.);
#5048=ORIENTED_EDGE('',*,*,#8524,.T.);
#5049=CARTESIAN_POINT('',(-18.4785,-7.366,-9.3091));
#5050=DIRECTION('',(0.0,0.0,-1.0));
#5051=DIRECTION('',(0.0,-1.0,0.0));
#5052=ORIENTED_EDGE('',*,*,#8520,.F.);
#5053=ORIENTED_EDGE('',*,*,#8526,.F.);
#5054=ORIENTED_EDGE('',*,*,#8236,.T.);
#5055=ORIENTED_EDGE('',*,*,#8525,.T.);
#5056=CARTESIAN_POINT('',(-18.4785,-7.366,-9.0551));
#5057=DIRECTION('',(-1.0,0.0,0.0));
#5058=DIRECTION('',(0.0,0.0,1.0));
#5059=ORIENTED_EDGE('',*,*,#8237,.T.);
#5060=ORIENTED_EDGE('',*,*,#8526,.T.);
#5061=ORIENTED_EDGE('',*,*,#8519,.F.);
#5062=ORIENTED_EDGE('',*,*,#8523,.F.);
#5063=CARTESIAN_POINT('',(-17.9705,-7.366,-9.0551));
#5064=DIRECTION('',(0.0,0.0,1.0));
#5065=DIRECTION('',(1.0,0.0,0.0));
#5066=ORIENTED_EDGE('',*,*,#8034,.T.);
#5067=ORIENTED_EDGE('',*,*,#8032,.T.);
#5068=ORIENTED_EDGE('',*,*,#8023,.F.);
#5069=ORIENTED_EDGE('',*,*,#8007,.F.);
#5070=ORIENTED_EDGE('',*,*,#8527,.F.);
#5071=ORIENTED_EDGE('',*,*,#8528,.F.);
#5072=ORIENTED_EDGE('',*,*,#8529,.T.);
#5073=ORIENTED_EDGE('',*,*,#8530,.F.);
#5074=ORIENTED_EDGE('',*,*,#8531,.T.);
#5075=ORIENTED_EDGE('',*,*,#8069,.F.);
#5076=ORIENTED_EDGE('',*,*,#8078,.F.);
#5077=ORIENTED_EDGE('',*,*,#8013,.F.);
#5078=ORIENTED_EDGE('',*,*,#8003,.T.);
#5079=CARTESIAN_POINT('',(-34.0995,-8.128,-1.4478));
#5080=DIRECTION('',(-1.0,0.0,0.0));
#5081=DIRECTION('',(0.0,0.0,1.0));
#5082=ORIENTED_EDGE('',*,*,#8532,.T.);
#5083=ORIENTED_EDGE('',*,*,#8045,.T.);
#5084=ORIENTED_EDGE('',*,*,#8074,.F.);
#5085=ORIENTED_EDGE('',*,*,#8533,.F.);
#5086=ORIENTED_EDGE('',*,*,#8534,.F.);
#5087=ORIENTED_EDGE('',*,*,#8535,.F.);
#5088=CARTESIAN_POINT('',(-34.0995,-4.953,-1.4478));
#5089=DIRECTION('',(-0.0,1.0,0.0));
#5090=DIRECTION('',(1.0,0.0,0.0));
#5091=ORIENTED_EDGE('',*,*,#8070,.F.);
#5092=ORIENTED_EDGE('',*,*,#8531,.F.);
#5093=ORIENTED_EDGE('',*,*,#8536,.T.);
#5094=ORIENTED_EDGE('',*,*,#8537,.T.);
#5095=ORIENTED_EDGE('',*,*,#8538,.F.);
#5096=ORIENTED_EDGE('',*,*,#8539,.F.);
#5097=CARTESIAN_POINT('',(-34.0995,-4.953,-1.4478));
#5098=DIRECTION('',(-0.0,1.0,0.0));
#5099=DIRECTION('',(1.0,0.0,0.0));
#5100=ORIENTED_EDGE('',*,*,#8073,.F.);
#5101=ORIENTED_EDGE('',*,*,#8540,.F.);
#5102=ORIENTED_EDGE('',*,*,#8541,.F.);
#5103=ORIENTED_EDGE('',*,*,#8542,.F.);
#5104=ORIENTED_EDGE('',*,*,#8543,.T.);
#5105=ORIENTED_EDGE('',*,*,#8544,.F.);
#5106=ORIENTED_EDGE('',*,*,#8533,.T.);
#5107=CARTESIAN_POINT('',(24.257,0.0,0.0));
#5108=DIRECTION('',(-1.0,0.0,0.0));
#5109=DIRECTION('',(0.0,0.0,1.0));
#5110=ORIENTED_EDGE('',*,*,#8545,.T.);
#5111=ORIENTED_EDGE('',*,*,#8046,.T.);
#5112=ORIENTED_EDGE('',*,*,#8532,.F.);
#5113=ORIENTED_EDGE('',*,*,#8544,.T.);
#5114=ORIENTED_EDGE('',*,*,#8546,.T.);
#5115=ORIENTED_EDGE('',*,*,#8547,.T.);
#5116=CARTESIAN_POINT('',(0.0,0.0,-5.9436));
#5117=DIRECTION('',(0.0,0.0,-1.0));
#5118=DIRECTION('',(0.0,-1.0,0.0));
#5119=ORIENTED_EDGE('',*,*,#8536,.F.);
#5120=ORIENTED_EDGE('',*,*,#8530,.T.);
#5121=ORIENTED_EDGE('',*,*,#8548,.T.);
#5122=ORIENTED_EDGE('',*,*,#8549,.F.);
#5123=ORIENTED_EDGE('',*,*,#8550,.T.);
#5124=ORIENTED_EDGE('',*,*,#8551,.T.);
#5125=CARTESIAN_POINT('',(0.0,0.0,-5.9436));
#5126=DIRECTION('',(0.0,0.0,-1.0));
#5127=DIRECTION('',(0.0,-1.0,0.0));
#5128=ORIENTED_EDGE('',*,*,#8552,.T.);
#5129=ORIENTED_EDGE('',*,*,#8047,.T.);
#5130=ORIENTED_EDGE('',*,*,#8545,.F.);
#5131=ORIENTED_EDGE('',*,*,#8543,.F.);
#5132=CARTESIAN_POINT('',(-34.0995,5.6007,-1.4478));
#5133=DIRECTION('',(-0.0,1.0,0.0));
#5134=DIRECTION('',(1.0,0.0,0.0));
#5135=ORIENTED_EDGE('',*,*,#8548,.F.);
#5136=ORIENTED_EDGE('',*,*,#8529,.F.);
#5137=ORIENTED_EDGE('',*,*,#8553,.T.);
#5138=ORIENTED_EDGE('',*,*,#8554,.T.);
#5139=CARTESIAN_POINT('',(-34.0995,5.6007,-1.4478));
#5140=DIRECTION('',(-0.0,1.0,0.0));
#5141=DIRECTION('',(1.0,0.0,0.0));
#5142=ORIENTED_EDGE('',*,*,#8555,.T.);
#5143=ORIENTED_EDGE('',*,*,#8048,.F.);
#5144=ORIENTED_EDGE('',*,*,#8552,.F.);
#5145=ORIENTED_EDGE('',*,*,#8542,.T.);
#5146=CARTESIAN_POINT('',(-34.0995,5.6007,-2.9718));
#5147=DIRECTION('',(0.0,0.0,-1.0));
#5148=DIRECTION('',(0.0,-1.0,0.0));
#5149=ORIENTED_EDGE('',*,*,#8553,.F.);
#5150=ORIENTED_EDGE('',*,*,#8528,.T.);
#5151=ORIENTED_EDGE('',*,*,#8556,.T.);
#5152=ORIENTED_EDGE('',*,*,#8557,.F.);
#5153=CARTESIAN_POINT('',(-34.0995,5.6007,-2.9718));
#5154=DIRECTION('',(0.0,0.0,-1.0));
#5155=DIRECTION('',(0.0,-1.0,0.0));
#5156=ORIENTED_EDGE('',*,*,#8527,.T.);
#5157=ORIENTED_EDGE('',*,*,#8006,.T.);
#5158=ORIENTED_EDGE('',*,*,#8027,.T.);
#5159=ORIENTED_EDGE('',*,*,#7931,.F.);
#5160=ORIENTED_EDGE('',*,*,#8558,.F.);
#5161=ORIENTED_EDGE('',*,*,#8010,.T.);
#5162=ORIENTED_EDGE('',*,*,#8049,.F.);
#5163=ORIENTED_EDGE('',*,*,#8555,.F.);
#5164=ORIENTED_EDGE('',*,*,#8541,.T.);
#5165=ORIENTED_EDGE('',*,*,#8559,.T.);
#5166=ORIENTED_EDGE('',*,*,#8560,.F.);
#5167=ORIENTED_EDGE('',*,*,#8556,.F.);
#5168=CARTESIAN_POINT('',(28.18390596645,7.62,-1.4478));
#5169=DIRECTION('',(-0.0,1.0,0.0));
#5170=DIRECTION('',(1.0,0.0,0.0));
#5171=ORIENTED_EDGE('',*,*,#8549,.T.);
#5172=ORIENTED_EDGE('',*,*,#8554,.F.);
#5173=ORIENTED_EDGE('',*,*,#8557,.T.);
#5174=ORIENTED_EDGE('',*,*,#8560,.T.);
#5175=ORIENTED_EDGE('',*,*,#8561,.T.);
#5176=ORIENTED_EDGE('',*,*,#8071,.T.);
#5177=ORIENTED_EDGE('',*,*,#8537,.F.);
#5178=CARTESIAN_POINT('',(-24.257,0.0,0.0));
#5179=DIRECTION('',(-1.0,0.0,0.0));
#5180=DIRECTION('',(0.0,0.0,1.0));
#5181=ORIENTED_EDGE('',*,*,#8072,.T.);
#5182=ORIENTED_EDGE('',*,*,#8561,.F.);
#5183=ORIENTED_EDGE('',*,*,#8559,.F.);
#5184=ORIENTED_EDGE('',*,*,#8540,.T.);
#5185=CARTESIAN_POINT('',(24.257,7.62,-13.5128));
#5186=DIRECTION('',(0.0,0.343866011956403,-0.939018724957708));
#5187=DIRECTION('',(-1.0,0.0,0.0));
#5188=ORIENTED_EDGE('',*,*,#8562,.F.);
#5189=ORIENTED_EDGE('',*,*,#8011,.T.);
#5190=ORIENTED_EDGE('',*,*,#8558,.T.);
#5191=ORIENTED_EDGE('',*,*,#7930,.F.);
#5192=ORIENTED_EDGE('',*,*,#8563,.T.);
#5193=ORIENTED_EDGE('',*,*,#8564,.F.);
#5194=ORIENTED_EDGE('',*,*,#7876,.F.);
#5195=ORIENTED_EDGE('',*,*,#8030,.F.);
#5196=CARTESIAN_POINT('',(32.89430298323,2.909602983226,-1.4478));
#5197=DIRECTION('',(0.707106781186548,0.707106781186548,0.0));
#5198=DIRECTION('',(0.0,0.0,-1.0));
#5199=ORIENTED_EDGE('',*,*,#7874,.T.);
#5200=ORIENTED_EDGE('',*,*,#8565,.T.);
#5201=ORIENTED_EDGE('',*,*,#8566,.F.);
#5202=ORIENTED_EDGE('',*,*,#8567,.F.);
#5203=ORIENTED_EDGE('',*,*,#8055,.T.);
#5204=ORIENTED_EDGE('',*,*,#8037,.F.);
#5205=CARTESIAN_POINT('',(29.9847,0.0,-1.4478));
#5206=DIRECTION('',(0.0,0.0,-1.0));
#5207=DIRECTION('',(1.0,0.0,0.0));
#5208=ORIENTED_EDGE('',*,*,#7871,.T.);
#5209=ORIENTED_EDGE('',*,*,#7973,.T.);
#5210=ORIENTED_EDGE('',*,*,#7971,.T.);
#5211=ORIENTED_EDGE('',*,*,#7946,.T.);
#5212=ORIENTED_EDGE('',*,*,#8026,.F.);
#5213=CARTESIAN_POINT('',(28.18390596645,7.62,-0.8636));
#5214=DIRECTION('',(0.0,0.0,1.0));
#5215=DIRECTION('',(1.0,0.0,0.0));
#5216=ORIENTED_EDGE('',*,*,#7989,.T.);
#5217=ORIENTED_EDGE('',*,*,#7985,.T.);
#5218=ORIENTED_EDGE('',*,*,#7983,.T.);
#5219=ORIENTED_EDGE('',*,*,#7978,.T.);
#5220=ORIENTED_EDGE('',*,*,#8568,.T.);
#5221=CARTESIAN_POINT('',(28.18390596645,7.62,-0.8636));
#5222=DIRECTION('',(0.0,0.0,1.0));
#5223=DIRECTION('',(1.0,0.0,0.0));
#5224=ORIENTED_EDGE('',*,*,#8567,.T.);
#5225=ORIENTED_EDGE('',*,*,#8569,.T.);
#5226=ORIENTED_EDGE('',*,*,#8570,.T.);
#5227=ORIENTED_EDGE('',*,*,#8571,.T.);
#5228=ORIENTED_EDGE('',*,*,#8056,.F.);
#5229=CARTESIAN_POINT('',(28.18390596645,7.62,-0.8636));
#5230=DIRECTION('',(0.0,0.0,1.0));
#5231=DIRECTION('',(1.0,0.0,0.0));
#5232=ORIENTED_EDGE('',*,*,#8564,.T.);
#5233=ORIENTED_EDGE('',*,*,#8572,.T.);
#5234=ORIENTED_EDGE('',*,*,#8573,.T.);
#5235=ORIENTED_EDGE('',*,*,#8574,.T.);
#5236=ORIENTED_EDGE('',*,*,#7877,.T.);
#5237=CARTESIAN_POINT('',(28.18390596645,7.62,-0.8636));
#5238=DIRECTION('',(0.0,0.0,1.0));
#5239=DIRECTION('',(1.0,0.0,0.0));
#5240=ORIENTED_EDGE('',*,*,#7868,.T.);
#5241=ORIENTED_EDGE('',*,*,#8033,.F.);
#5242=ORIENTED_EDGE('',*,*,#7990,.T.);
#5243=ORIENTED_EDGE('',*,*,#8568,.F.);
#5244=ORIENTED_EDGE('',*,*,#7977,.T.);
#5245=ORIENTED_EDGE('',*,*,#7975,.T.);
#5246=CARTESIAN_POINT('',(-29.9847,0.0,-1.4478));
#5247=DIRECTION('',(0.0,0.0,-1.0));
#5248=DIRECTION('',(1.0,0.0,0.0));
#5249=ORIENTED_EDGE('',*,*,#8575,.F.);
#5250=ORIENTED_EDGE('',*,*,#7927,.T.);
#5251=ORIENTED_EDGE('',*,*,#8057,.T.);
#5252=ORIENTED_EDGE('',*,*,#8571,.F.);
#5253=ORIENTED_EDGE('',*,*,#8576,.F.);
#5254=ORIENTED_EDGE('',*,*,#8577,.T.);
#5255=ORIENTED_EDGE('',*,*,#7961,.F.);
#5256=CARTESIAN_POINT('',(31.85259327318,-2.873681958742,0.5334));
#5257=DIRECTION('',(-0.707106781186548,-0.707106781186548,0.0));
#5258=DIRECTION('',(-0.707106781186548,0.707106781186548,0.0));
#5259=ORIENTED_EDGE('',*,*,#8578,.F.);
#5260=ORIENTED_EDGE('',*,*,#7962,.F.);
#5261=ORIENTED_EDGE('',*,*,#8577,.F.);
#5262=ORIENTED_EDGE('',*,*,#8579,.T.);
#5263=CARTESIAN_POINT('',(32.15343185324,-2.168731853238,0.24765));
#5264=DIRECTION('',(0.500000000000017,-0.500000000000017,0.707106781186524));
#5265=DIRECTION('',(-0.707106781186548,-0.707106781186548,0.0));
#5266=ORIENTED_EDGE('',*,*,#8576,.T.);
#5267=ORIENTED_EDGE('',*,*,#8570,.F.);
#5268=ORIENTED_EDGE('',*,*,#8580,.F.);
#5269=ORIENTED_EDGE('',*,*,#8579,.F.);
#5270=CARTESIAN_POINT('',(32.85838195874,-1.867893273182,0.5334));
#5271=DIRECTION('',(-0.707106781186498,0.707106781186598,0.0));
#5272=DIRECTION('',(0.0,0.0,1.0));
#5273=ORIENTED_EDGE('',*,*,#8569,.F.);
#5274=ORIENTED_EDGE('',*,*,#8566,.T.);
#5275=ORIENTED_EDGE('',*,*,#8581,.F.);
#5276=ORIENTED_EDGE('',*,*,#7963,.F.);
#5277=ORIENTED_EDGE('',*,*,#8578,.T.);
#5278=ORIENTED_EDGE('',*,*,#8580,.T.);
#5279=CARTESIAN_POINT('',(33.35340780496,-2.364641834971,0.5334));
#5280=DIRECTION('',(0.708333959523238,0.705877469385538,0.0));
#5281=DIRECTION('',(0.0,0.0,-1.0));
#5282=ORIENTED_EDGE('',*,*,#7865,.T.);
#5283=ORIENTED_EDGE('',*,*,#7928,.F.);
#5284=ORIENTED_EDGE('',*,*,#8575,.T.);
#5285=ORIENTED_EDGE('',*,*,#7960,.F.);
#5286=CARTESIAN_POINT('',(29.9847,3.352873534368E-14,0.2665025627795));
#5287=DIRECTION('',(0.0,-0.0,-1.0));
#5288=DIRECTION('',(0.0,-1.0,0.0));
#5289=ORIENTED_EDGE('',*,*,#8582,.T.);
#5290=ORIENTED_EDGE('',*,*,#7964,.F.);
#5291=ORIENTED_EDGE('',*,*,#8581,.T.);
#5292=ORIENTED_EDGE('',*,*,#8565,.F.);
#5293=ORIENTED_EDGE('',*,*,#7879,.F.);
#5294=CARTESIAN_POINT('',(29.9847,3.352873534368E-14,0.2665025627795));
#5295=DIRECTION('',(0.0,-0.0,-1.0));
#5296=DIRECTION('',(0.0,-1.0,0.0));
#5297=ORIENTED_EDGE('',*,*,#8572,.F.);
#5298=ORIENTED_EDGE('',*,*,#8563,.F.);
#5299=ORIENTED_EDGE('',*,*,#7929,.T.);
#5300=ORIENTED_EDGE('',*,*,#7863,.F.);
#5301=ORIENTED_EDGE('',*,*,#7959,.F.);
#5302=ORIENTED_EDGE('',*,*,#8583,.T.);
#5303=ORIENTED_EDGE('',*,*,#8584,.T.);
#5304=CARTESIAN_POINT('',(32.39140864045,3.412497326006,0.5334));
#5305=DIRECTION('',(-0.707106781186548,0.707106781186548,0.0));
#5306=DIRECTION('',(0.0,0.0,1.0));
#5307=ORIENTED_EDGE('',*,*,#8585,.T.);
#5308=ORIENTED_EDGE('',*,*,#8573,.F.);
#5309=ORIENTED_EDGE('',*,*,#8584,.F.);
#5310=ORIENTED_EDGE('',*,*,#8586,.F.);
#5311=CARTESIAN_POINT('',(31.85259327318,2.873681958742,0.5334));
#5312=DIRECTION('',(-0.707106781186498,-0.707106781186598,0.0));
#5313=DIRECTION('',(-0.707106781186598,0.707106781186498,0.0));
#5314=ORIENTED_EDGE('',*,*,#8583,.F.);
#5315=ORIENTED_EDGE('',*,*,#7966,.F.);
#5316=ORIENTED_EDGE('',*,*,#8587,.F.);
#5317=ORIENTED_EDGE('',*,*,#8586,.T.);
#5318=CARTESIAN_POINT('',(32.15343185324,2.168731853238,0.24765));
#5319=DIRECTION('',(0.500000000000017,0.500000000000017,0.707106781186524));
#5320=DIRECTION('',(0.707106781186548,-0.707106781186548,0.0));
#5321=ORIENTED_EDGE('',*,*,#8582,.F.);
#5322=ORIENTED_EDGE('',*,*,#7878,.F.);
#5323=ORIENTED_EDGE('',*,*,#8574,.F.);
#5324=ORIENTED_EDGE('',*,*,#8585,.F.);
#5325=ORIENTED_EDGE('',*,*,#8587,.T.);
#5326=ORIENTED_EDGE('',*,*,#7965,.F.);
#5327=CARTESIAN_POINT('',(32.85838195874,1.867893273182,0.5334));
#5328=DIRECTION('',(0.707106781186548,-0.707106781186548,0.0));
#5329=DIRECTION('',(0.0,0.0,-1.0));
#5330=ORIENTED_EDGE('',*,*,#8562,.T.);
#5331=ORIENTED_EDGE('',*,*,#8029,.F.);
#5332=ORIENTED_EDGE('',*,*,#8050,.F.);
#5333=ORIENTED_EDGE('',*,*,#8012,.T.);
#5334=CARTESIAN_POINT('',(34.3535,4.0005,0.5334));
#5335=DIRECTION('',(-0.0,1.0,0.0));
#5336=DIRECTION('',(1.0,0.0,0.0));
#5337=ORIENTED_EDGE('',*,*,#8547,.F.);
#5338=ORIENTED_EDGE('',*,*,#8588,.T.);
#5339=ORIENTED_EDGE('',*,*,#7968,.T.);
#5340=ORIENTED_EDGE('',*,*,#8589,.T.);
#5341=CARTESIAN_POINT('',(29.9847,0.0,-18.54962));
#5342=DIRECTION('',(0.0,0.0,-1.0));
#5343=DIRECTION('',(1.0,0.0,0.0));
#5344=ORIENTED_EDGE('',*,*,#8546,.F.);
#5345=ORIENTED_EDGE('',*,*,#8589,.F.);
#5346=ORIENTED_EDGE('',*,*,#7967,.T.);
#5347=ORIENTED_EDGE('',*,*,#8588,.F.);
#5348=CARTESIAN_POINT('',(29.9847,0.0,-18.54962));
#5349=DIRECTION('',(0.0,0.0,-1.0));
#5350=DIRECTION('',(1.0,0.0,0.0));
#5351=ORIENTED_EDGE('',*,*,#8551,.F.);
#5352=ORIENTED_EDGE('',*,*,#8590,.T.);
#5353=ORIENTED_EDGE('',*,*,#7958,.T.);
#5354=ORIENTED_EDGE('',*,*,#8591,.T.);
#5355=CARTESIAN_POINT('',(-29.9847,0.0,-18.54962));
#5356=DIRECTION('',(0.0,0.0,-1.0));
#5357=DIRECTION('',(1.0,0.0,0.0));
#5358=ORIENTED_EDGE('',*,*,#8550,.F.);
#5359=ORIENTED_EDGE('',*,*,#8591,.F.);
#5360=ORIENTED_EDGE('',*,*,#7957,.T.);
#5361=ORIENTED_EDGE('',*,*,#8590,.F.);
#5362=CARTESIAN_POINT('',(-29.9847,0.0,-18.54962));
#5363=DIRECTION('',(0.0,0.0,-1.0));
#5364=DIRECTION('',(1.0,0.0,0.0));
#5365=ORIENTED_EDGE('',*,*,#8592,.T.);
#5366=ORIENTED_EDGE('',*,*,#8593,.F.);
#5367=ORIENTED_EDGE('',*,*,#8594,.F.);
#5368=ORIENTED_EDGE('',*,*,#8539,.T.);
#5369=CARTESIAN_POINT('',(-29.9847,-8.128,-11.3157));
#5370=DIRECTION('',(0.0,-1.0,0.0));
#5371=DIRECTION('',(1.0,0.0,0.0));
#5372=ORIENTED_EDGE('',*,*,#8594,.T.);
#5373=ORIENTED_EDGE('',*,*,#8595,.F.);
#5374=ORIENTED_EDGE('',*,*,#8592,.F.);
#5375=ORIENTED_EDGE('',*,*,#8538,.T.);
#5376=CARTESIAN_POINT('',(-29.9847,-8.128,-11.3157));
#5377=DIRECTION('',(0.0,-1.0,0.0));
#5378=DIRECTION('',(1.0,0.0,0.0));
#5379=ORIENTED_EDGE('',*,*,#8595,.T.);
#5380=ORIENTED_EDGE('',*,*,#8593,.T.);
#5381=ORIENTED_EDGE('',*,*,#8596,.F.);
#5382=ORIENTED_EDGE('',*,*,#8597,.F.);
#5383=CARTESIAN_POINT('',(34.0995,-3.429,-1.4478));
#5384=DIRECTION('',(-0.0,1.0,0.0));
#5385=DIRECTION('',(1.0,0.0,0.0));
#5386=ORIENTED_EDGE('',*,*,#8598,.T.);
#5387=ORIENTED_EDGE('',*,*,#8599,.T.);
#5388=ORIENTED_EDGE('',*,*,#8600,.F.);
#5389=ORIENTED_EDGE('',*,*,#8601,.F.);
#5390=CARTESIAN_POINT('',(34.0995,-3.429,-1.4478));
#5391=DIRECTION('',(-0.0,1.0,0.0));
#5392=DIRECTION('',(1.0,0.0,0.0));
#5393=ORIENTED_EDGE('',*,*,#8602,.T.);
#5394=ORIENTED_EDGE('',*,*,#8599,.F.);
#5395=ORIENTED_EDGE('',*,*,#8603,.F.);
#5396=ORIENTED_EDGE('',*,*,#8535,.T.);
#5397=CARTESIAN_POINT('',(29.9847,-8.128,-11.3157));
#5398=DIRECTION('',(0.0,-1.0,0.0));
#5399=DIRECTION('',(1.0,0.0,0.0));
#5400=ORIENTED_EDGE('',*,*,#8603,.T.);
#5401=ORIENTED_EDGE('',*,*,#8598,.F.);
#5402=ORIENTED_EDGE('',*,*,#8602,.F.);
#5403=ORIENTED_EDGE('',*,*,#8534,.T.);
#5404=CARTESIAN_POINT('',(29.9847,-8.128,-11.3157));
#5405=DIRECTION('',(0.0,-1.0,0.0));
#5406=DIRECTION('',(1.0,0.0,0.0));
#5407=ORIENTED_EDGE('',*,*,#8604,.T.);
#5408=ORIENTED_EDGE('',*,*,#8597,.T.);
#5409=ORIENTED_EDGE('',*,*,#8605,.F.);
#5410=ORIENTED_EDGE('',*,*,#8081,.F.);
#5411=CARTESIAN_POINT('',(-29.9847,-8.5979,-11.3157));
#5412=DIRECTION('',(-0.0,-1.0,0.0));
#5413=DIRECTION('',(-1.0,0.0,0.0));
#5414=ORIENTED_EDGE('',*,*,#8605,.T.);
#5415=ORIENTED_EDGE('',*,*,#8596,.T.);
#5416=ORIENTED_EDGE('',*,*,#8604,.F.);
#5417=ORIENTED_EDGE('',*,*,#8080,.F.);
#5418=CARTESIAN_POINT('',(-29.9847,-8.5979,-11.3157));
#5419=DIRECTION('',(-0.0,-1.0,0.0));
#5420=DIRECTION('',(-1.0,0.0,0.0));
#5421=ORIENTED_EDGE('',*,*,#8606,.T.);
#5422=ORIENTED_EDGE('',*,*,#8601,.T.);
#5423=ORIENTED_EDGE('',*,*,#8607,.F.);
#5424=ORIENTED_EDGE('',*,*,#8077,.F.);
#5425=CARTESIAN_POINT('',(29.9847,-8.5979,-11.3157));
#5426=DIRECTION('',(-0.0,-1.0,0.0));
#5427=DIRECTION('',(-1.0,0.0,0.0));
#5428=ORIENTED_EDGE('',*,*,#8607,.T.);
#5429=ORIENTED_EDGE('',*,*,#8600,.T.);
#5430=ORIENTED_EDGE('',*,*,#8606,.F.);
#5431=ORIENTED_EDGE('',*,*,#8076,.F.);
#5432=CARTESIAN_POINT('',(29.9847,-8.5979,-11.3157));
#5433=DIRECTION('',(-0.0,-1.0,0.0));
#5434=DIRECTION('',(-1.0,0.0,0.0));
#5435=ORIENTED_EDGE('',*,*,#8036,.F.);
#5436=ORIENTED_EDGE('',*,*,#8608,.F.);
#5437=ORIENTED_EDGE('',*,*,#7994,.T.);
#5438=ORIENTED_EDGE('',*,*,#7992,.F.);
#5439=CARTESIAN_POINT('',(-21.8313,-4.0005,-1.4478));
#5440=DIRECTION('',(-0.0,1.0,0.0));
#5441=DIRECTION('',(1.0,0.0,0.0));
#5442=ORIENTED_EDGE('',*,*,#8608,.T.);
#5443=ORIENTED_EDGE('',*,*,#8035,.F.);
#5444=ORIENTED_EDGE('',*,*,#8001,.F.);
#5445=ORIENTED_EDGE('',*,*,#7995,.T.);
#5446=CARTESIAN_POINT('',(-21.8313,-5.08,-1.4478));
#5447=DIRECTION('',(1.0,0.0,0.0));
#5448=DIRECTION('',(0.0,1.0,0.0));
#5449=ORIENTED_EDGE('',*,*,#8609,.F.);
#5450=ORIENTED_EDGE('',*,*,#7907,.F.);
#5451=ORIENTED_EDGE('',*,*,#8610,.F.);
#5452=ORIENTED_EDGE('',*,*,#8611,.T.);
#5453=CARTESIAN_POINT('',(-21.5011,0.0,7.8867));
#5454=DIRECTION('',(0.707106781186548,0.0,0.707106781186548));
#5455=DIRECTION('',(0.0,-1.0,0.0));
#5456=ORIENTED_EDGE('',*,*,#8612,.F.);
#5457=ORIENTED_EDGE('',*,*,#8613,.F.);
#5458=ORIENTED_EDGE('',*,*,#8614,.T.);
#5459=ORIENTED_EDGE('',*,*,#8611,.F.);
#5460=CARTESIAN_POINT('',(-21.0566,2.05105,0.6096));
#5461=DIRECTION('',(-1.0,0.0,0.0));
#5462=DIRECTION('',(0.0,0.0,1.0));
#5463=ORIENTED_EDGE('',*,*,#8609,.T.);
#5464=ORIENTED_EDGE('',*,*,#8614,.F.);
#5465=ORIENTED_EDGE('',*,*,#8615,.F.);
#5466=ORIENTED_EDGE('',*,*,#8616,.T.);
#5467=ORIENTED_EDGE('',*,*,#8617,.T.);
#5468=ORIENTED_EDGE('',*,*,#7904,.F.);
#5469=ORIENTED_EDGE('',*,*,#8618,.T.);
#5470=ORIENTED_EDGE('',*,*,#8619,.F.);
#5471=ORIENTED_EDGE('',*,*,#8620,.F.);
#5472=ORIENTED_EDGE('',*,*,#8621,.T.);
#5473=ORIENTED_EDGE('',*,*,#8622,.T.);
#5474=ORIENTED_EDGE('',*,*,#8623,.F.);
#5475=ORIENTED_EDGE('',*,*,#8624,.F.);
#5476=ORIENTED_EDGE('',*,*,#8625,.T.);
#5477=ORIENTED_EDGE('',*,*,#8626,.T.);
#5478=ORIENTED_EDGE('',*,*,#8627,.F.);
#5479=ORIENTED_EDGE('',*,*,#8628,.F.);
#5480=ORIENTED_EDGE('',*,*,#8629,.T.);
#5481=ORIENTED_EDGE('',*,*,#8630,.T.);
#5482=ORIENTED_EDGE('',*,*,#8631,.F.);
#5483=ORIENTED_EDGE('',*,*,#8632,.F.);
#5484=ORIENTED_EDGE('',*,*,#8633,.T.);
#5485=ORIENTED_EDGE('',*,*,#8634,.T.);
#5486=ORIENTED_EDGE('',*,*,#8635,.F.);
#5487=ORIENTED_EDGE('',*,*,#8636,.F.);
#5488=ORIENTED_EDGE('',*,*,#8637,.T.);
#5489=ORIENTED_EDGE('',*,*,#8638,.T.);
#5490=ORIENTED_EDGE('',*,*,#8639,.F.);
#5491=ORIENTED_EDGE('',*,*,#8640,.F.);
#5492=ORIENTED_EDGE('',*,*,#8641,.T.);
#5493=ORIENTED_EDGE('',*,*,#8642,.T.);
#5494=ORIENTED_EDGE('',*,*,#8643,.F.);
#5495=ORIENTED_EDGE('',*,*,#8644,.F.);
#5496=ORIENTED_EDGE('',*,*,#8645,.T.);
#5497=ORIENTED_EDGE('',*,*,#8646,.T.);
#5498=ORIENTED_EDGE('',*,*,#8647,.F.);
#5499=ORIENTED_EDGE('',*,*,#8648,.F.);
#5500=ORIENTED_EDGE('',*,*,#8649,.T.);
#5501=ORIENTED_EDGE('',*,*,#8650,.T.);
#5502=ORIENTED_EDGE('',*,*,#8651,.F.);
#5503=ORIENTED_EDGE('',*,*,#8652,.F.);
#5504=ORIENTED_EDGE('',*,*,#8653,.T.);
#5505=ORIENTED_EDGE('',*,*,#8654,.T.);
#5506=ORIENTED_EDGE('',*,*,#8655,.F.);
#5507=ORIENTED_EDGE('',*,*,#8656,.F.);
#5508=ORIENTED_EDGE('',*,*,#8657,.T.);
#5509=ORIENTED_EDGE('',*,*,#8658,.T.);
#5510=ORIENTED_EDGE('',*,*,#8659,.F.);
#5511=ORIENTED_EDGE('',*,*,#8660,.F.);
#5512=ORIENTED_EDGE('',*,*,#8661,.T.);
#5513=ORIENTED_EDGE('',*,*,#8662,.T.);
#5514=ORIENTED_EDGE('',*,*,#8663,.F.);
#5515=ORIENTED_EDGE('',*,*,#8664,.F.);
#5516=ORIENTED_EDGE('',*,*,#8665,.T.);
#5517=ORIENTED_EDGE('',*,*,#8666,.T.);
#5518=ORIENTED_EDGE('',*,*,#8667,.F.);
#5519=ORIENTED_EDGE('',*,*,#8668,.F.);
#5520=ORIENTED_EDGE('',*,*,#8669,.T.);
#5521=ORIENTED_EDGE('',*,*,#8670,.T.);
#5522=ORIENTED_EDGE('',*,*,#8671,.F.);
#5523=ORIENTED_EDGE('',*,*,#8672,.F.);
#5524=ORIENTED_EDGE('',*,*,#8673,.T.);
#5525=ORIENTED_EDGE('',*,*,#8674,.T.);
#5526=ORIENTED_EDGE('',*,*,#8675,.F.);
#5527=ORIENTED_EDGE('',*,*,#8676,.F.);
#5528=ORIENTED_EDGE('',*,*,#8677,.T.);
#5529=ORIENTED_EDGE('',*,*,#8678,.T.);
#5530=ORIENTED_EDGE('',*,*,#8679,.F.);
#5531=ORIENTED_EDGE('',*,*,#8680,.F.);
#5532=ORIENTED_EDGE('',*,*,#8681,.T.);
#5533=ORIENTED_EDGE('',*,*,#8682,.T.);
#5534=ORIENTED_EDGE('',*,*,#8683,.F.);
#5535=ORIENTED_EDGE('',*,*,#8684,.F.);
#5536=ORIENTED_EDGE('',*,*,#8685,.T.);
#5537=ORIENTED_EDGE('',*,*,#8686,.T.);
#5538=ORIENTED_EDGE('',*,*,#8687,.F.);
#5539=ORIENTED_EDGE('',*,*,#8688,.F.);
#5540=ORIENTED_EDGE('',*,*,#8689,.T.);
#5541=CARTESIAN_POINT('',(21.0566,2.05105,0.6096));
#5542=DIRECTION('',(-0.0,1.0,0.0));
#5543=DIRECTION('',(1.0,0.0,0.0));
#5544=ORIENTED_EDGE('',*,*,#8690,.F.);
#5545=ORIENTED_EDGE('',*,*,#7905,.F.);
#5546=ORIENTED_EDGE('',*,*,#8617,.F.);
#5547=ORIENTED_EDGE('',*,*,#8691,.T.);
#5548=CARTESIAN_POINT('',(21.5011,0.0,7.8867));
#5549=DIRECTION('',(-0.707106781186548,0.0,0.707106781186548));
#5550=DIRECTION('',(0.0,1.0,0.0));
#5551=ORIENTED_EDGE('',*,*,#8616,.F.);
#5552=ORIENTED_EDGE('',*,*,#8692,.F.);
#5553=ORIENTED_EDGE('',*,*,#8693,.T.);
#5554=ORIENTED_EDGE('',*,*,#8691,.F.);
#5555=CARTESIAN_POINT('',(21.0566,-2.05105,0.6096));
#5556=DIRECTION('',(1.0,0.0,0.0));
#5557=DIRECTION('',(0.0,1.0,0.0));
#5558=ORIENTED_EDGE('',*,*,#8694,.F.);
#5559=ORIENTED_EDGE('',*,*,#8612,.T.);
#5560=ORIENTED_EDGE('',*,*,#8610,.T.);
#5561=ORIENTED_EDGE('',*,*,#7906,.F.);
#5562=ORIENTED_EDGE('',*,*,#8690,.T.);
#5563=ORIENTED_EDGE('',*,*,#8693,.F.);
#5564=ORIENTED_EDGE('',*,*,#8695,.T.);
#5565=ORIENTED_EDGE('',*,*,#8696,.T.);
#5566=ORIENTED_EDGE('',*,*,#8697,.F.);
#5567=ORIENTED_EDGE('',*,*,#8698,.F.);
#5568=ORIENTED_EDGE('',*,*,#8699,.T.);
#5569=ORIENTED_EDGE('',*,*,#8700,.T.);
#5570=ORIENTED_EDGE('',*,*,#8701,.F.);
#5571=ORIENTED_EDGE('',*,*,#8702,.F.);
#5572=ORIENTED_EDGE('',*,*,#8703,.T.);
#5573=ORIENTED_EDGE('',*,*,#8704,.T.);
#5574=ORIENTED_EDGE('',*,*,#8705,.F.);
#5575=ORIENTED_EDGE('',*,*,#8706,.F.);
#5576=ORIENTED_EDGE('',*,*,#8707,.T.);
#5577=ORIENTED_EDGE('',*,*,#8708,.T.);
#5578=ORIENTED_EDGE('',*,*,#8709,.F.);
#5579=ORIENTED_EDGE('',*,*,#8710,.F.);
#5580=ORIENTED_EDGE('',*,*,#8711,.T.);
#5581=ORIENTED_EDGE('',*,*,#8712,.T.);
#5582=ORIENTED_EDGE('',*,*,#8713,.F.);
#5583=ORIENTED_EDGE('',*,*,#8714,.F.);
#5584=ORIENTED_EDGE('',*,*,#8715,.T.);
#5585=ORIENTED_EDGE('',*,*,#8716,.T.);
#5586=ORIENTED_EDGE('',*,*,#8717,.F.);
#5587=ORIENTED_EDGE('',*,*,#8718,.F.);
#5588=ORIENTED_EDGE('',*,*,#8719,.T.);
#5589=ORIENTED_EDGE('',*,*,#8720,.T.);
#5590=ORIENTED_EDGE('',*,*,#8721,.F.);
#5591=ORIENTED_EDGE('',*,*,#8722,.F.);
#5592=ORIENTED_EDGE('',*,*,#8723,.T.);
#5593=ORIENTED_EDGE('',*,*,#8724,.T.);
#5594=ORIENTED_EDGE('',*,*,#8725,.F.);
#5595=ORIENTED_EDGE('',*,*,#8726,.F.);
#5596=ORIENTED_EDGE('',*,*,#8727,.T.);
#5597=ORIENTED_EDGE('',*,*,#8728,.T.);
#5598=ORIENTED_EDGE('',*,*,#8729,.F.);
#5599=ORIENTED_EDGE('',*,*,#8730,.F.);
#5600=ORIENTED_EDGE('',*,*,#8731,.T.);
#5601=ORIENTED_EDGE('',*,*,#8732,.T.);
#5602=ORIENTED_EDGE('',*,*,#8733,.F.);
#5603=ORIENTED_EDGE('',*,*,#8734,.F.);
#5604=ORIENTED_EDGE('',*,*,#8735,.T.);
#5605=ORIENTED_EDGE('',*,*,#8736,.T.);
#5606=ORIENTED_EDGE('',*,*,#8737,.F.);
#5607=ORIENTED_EDGE('',*,*,#8738,.F.);
#5608=ORIENTED_EDGE('',*,*,#8739,.T.);
#5609=ORIENTED_EDGE('',*,*,#8740,.T.);
#5610=ORIENTED_EDGE('',*,*,#8741,.F.);
#5611=ORIENTED_EDGE('',*,*,#8742,.F.);
#5612=ORIENTED_EDGE('',*,*,#8743,.T.);
#5613=ORIENTED_EDGE('',*,*,#8744,.T.);
#5614=ORIENTED_EDGE('',*,*,#8745,.F.);
#5615=ORIENTED_EDGE('',*,*,#8746,.F.);
#5616=ORIENTED_EDGE('',*,*,#8747,.T.);
#5617=ORIENTED_EDGE('',*,*,#8748,.T.);
#5618=ORIENTED_EDGE('',*,*,#8749,.F.);
#5619=ORIENTED_EDGE('',*,*,#8750,.F.);
#5620=ORIENTED_EDGE('',*,*,#8751,.T.);
#5621=ORIENTED_EDGE('',*,*,#8752,.T.);
#5622=ORIENTED_EDGE('',*,*,#8753,.F.);
#5623=ORIENTED_EDGE('',*,*,#8754,.F.);
#5624=ORIENTED_EDGE('',*,*,#8755,.T.);
#5625=ORIENTED_EDGE('',*,*,#8756,.T.);
#5626=ORIENTED_EDGE('',*,*,#8757,.F.);
#5627=ORIENTED_EDGE('',*,*,#8758,.F.);
#5628=ORIENTED_EDGE('',*,*,#8759,.T.);
#5629=ORIENTED_EDGE('',*,*,#8760,.T.);
#5630=ORIENTED_EDGE('',*,*,#8761,.F.);
#5631=ORIENTED_EDGE('',*,*,#8762,.F.);
#5632=ORIENTED_EDGE('',*,*,#8763,.T.);
#5633=ORIENTED_EDGE('',*,*,#8764,.T.);
#5634=ORIENTED_EDGE('',*,*,#8765,.F.);
#5635=ORIENTED_EDGE('',*,*,#8766,.F.);
#5636=CARTESIAN_POINT('',(-21.0566,-2.05105,0.6096));
#5637=DIRECTION('',(0.0,-1.0,0.0));
#5638=DIRECTION('',(0.0,0.0,-1.0));
#5639=ORIENTED_EDGE('',*,*,#8694,.T.);
#5640=ORIENTED_EDGE('',*,*,#8692,.T.);
#5641=ORIENTED_EDGE('',*,*,#8615,.T.);
#5642=ORIENTED_EDGE('',*,*,#8613,.T.);
#5643=ORIENTED_EDGE('',*,*,#8767,.T.);
#5644=ORIENTED_EDGE('',*,*,#8768,.F.);
#5645=ORIENTED_EDGE('',*,*,#8769,.F.);
#5646=ORIENTED_EDGE('',*,*,#8770,.T.);
#5647=ORIENTED_EDGE('',*,*,#8771,.T.);
#5648=ORIENTED_EDGE('',*,*,#8772,.F.);
#5649=ORIENTED_EDGE('',*,*,#8773,.F.);
#5650=ORIENTED_EDGE('',*,*,#8774,.T.);
#5651=ORIENTED_EDGE('',*,*,#8775,.T.);
#5652=ORIENTED_EDGE('',*,*,#8776,.F.);
#5653=ORIENTED_EDGE('',*,*,#8777,.F.);
#5654=ORIENTED_EDGE('',*,*,#8778,.T.);
#5655=ORIENTED_EDGE('',*,*,#8779,.T.);
#5656=ORIENTED_EDGE('',*,*,#8780,.F.);
#5657=ORIENTED_EDGE('',*,*,#8781,.F.);
#5658=ORIENTED_EDGE('',*,*,#8782,.T.);
#5659=ORIENTED_EDGE('',*,*,#8783,.T.);
#5660=ORIENTED_EDGE('',*,*,#8784,.F.);
#5661=ORIENTED_EDGE('',*,*,#8785,.F.);
#5662=ORIENTED_EDGE('',*,*,#8786,.T.);
#5663=ORIENTED_EDGE('',*,*,#8787,.T.);
#5664=ORIENTED_EDGE('',*,*,#8788,.F.);
#5665=ORIENTED_EDGE('',*,*,#8789,.F.);
#5666=ORIENTED_EDGE('',*,*,#8790,.T.);
#5667=ORIENTED_EDGE('',*,*,#8791,.T.);
#5668=ORIENTED_EDGE('',*,*,#8792,.F.);
#5669=ORIENTED_EDGE('',*,*,#8793,.F.);
#5670=ORIENTED_EDGE('',*,*,#8794,.T.);
#5671=ORIENTED_EDGE('',*,*,#8795,.T.);
#5672=ORIENTED_EDGE('',*,*,#8796,.F.);
#5673=ORIENTED_EDGE('',*,*,#8797,.F.);
#5674=ORIENTED_EDGE('',*,*,#8798,.T.);
#5675=ORIENTED_EDGE('',*,*,#8799,.T.);
#5676=ORIENTED_EDGE('',*,*,#8800,.F.);
#5677=ORIENTED_EDGE('',*,*,#8801,.F.);
#5678=ORIENTED_EDGE('',*,*,#8802,.T.);
#5679=ORIENTED_EDGE('',*,*,#8803,.T.);
#5680=ORIENTED_EDGE('',*,*,#8804,.F.);
#5681=ORIENTED_EDGE('',*,*,#8805,.F.);
#5682=ORIENTED_EDGE('',*,*,#8806,.T.);
#5683=ORIENTED_EDGE('',*,*,#8807,.T.);
#5684=ORIENTED_EDGE('',*,*,#8808,.F.);
#5685=ORIENTED_EDGE('',*,*,#8809,.F.);
#5686=ORIENTED_EDGE('',*,*,#8810,.T.);
#5687=ORIENTED_EDGE('',*,*,#8811,.T.);
#5688=ORIENTED_EDGE('',*,*,#8812,.F.);
#5689=ORIENTED_EDGE('',*,*,#8813,.F.);
#5690=ORIENTED_EDGE('',*,*,#8814,.T.);
#5691=ORIENTED_EDGE('',*,*,#8815,.T.);
#5692=ORIENTED_EDGE('',*,*,#8816,.F.);
#5693=ORIENTED_EDGE('',*,*,#8817,.F.);
#5694=ORIENTED_EDGE('',*,*,#8818,.T.);
#5695=ORIENTED_EDGE('',*,*,#8819,.T.);
#5696=ORIENTED_EDGE('',*,*,#8820,.F.);
#5697=ORIENTED_EDGE('',*,*,#8821,.F.);
#5698=ORIENTED_EDGE('',*,*,#8822,.T.);
#5699=ORIENTED_EDGE('',*,*,#8823,.T.);
#5700=ORIENTED_EDGE('',*,*,#8824,.F.);
#5701=ORIENTED_EDGE('',*,*,#8825,.F.);
#5702=ORIENTED_EDGE('',*,*,#8826,.T.);
#5703=ORIENTED_EDGE('',*,*,#8827,.T.);
#5704=ORIENTED_EDGE('',*,*,#8828,.F.);
#5705=ORIENTED_EDGE('',*,*,#8829,.F.);
#5706=ORIENTED_EDGE('',*,*,#8830,.T.);
#5707=ORIENTED_EDGE('',*,*,#8831,.T.);
#5708=ORIENTED_EDGE('',*,*,#8832,.F.);
#5709=ORIENTED_EDGE('',*,*,#8833,.F.);
#5710=ORIENTED_EDGE('',*,*,#8834,.T.);
#5711=ORIENTED_EDGE('',*,*,#8835,.T.);
#5712=ORIENTED_EDGE('',*,*,#8836,.F.);
#5713=ORIENTED_EDGE('',*,*,#8837,.F.);
#5714=ORIENTED_EDGE('',*,*,#8838,.T.);
#5715=ORIENTED_EDGE('',*,*,#8839,.T.);
#5716=ORIENTED_EDGE('',*,*,#8840,.F.);
#5717=ORIENTED_EDGE('',*,*,#8841,.F.);
#5718=ORIENTED_EDGE('',*,*,#8842,.T.);
#5719=ORIENTED_EDGE('',*,*,#8843,.T.);
#5720=ORIENTED_EDGE('',*,*,#8844,.F.);
#5721=ORIENTED_EDGE('',*,*,#8845,.F.);
#5722=ORIENTED_EDGE('',*,*,#8846,.T.);
#5723=ORIENTED_EDGE('',*,*,#8847,.T.);
#5724=ORIENTED_EDGE('',*,*,#8848,.F.);
#5725=ORIENTED_EDGE('',*,*,#8849,.F.);
#5726=ORIENTED_EDGE('',*,*,#8850,.T.);
#5727=ORIENTED_EDGE('',*,*,#8851,.T.);
#5728=ORIENTED_EDGE('',*,*,#8852,.F.);
#5729=ORIENTED_EDGE('',*,*,#8853,.F.);
#5730=ORIENTED_EDGE('',*,*,#8854,.T.);
#5731=ORIENTED_EDGE('',*,*,#8855,.T.);
#5732=ORIENTED_EDGE('',*,*,#8856,.F.);
#5733=ORIENTED_EDGE('',*,*,#8857,.F.);
#5734=ORIENTED_EDGE('',*,*,#8858,.T.);
#5735=ORIENTED_EDGE('',*,*,#8859,.T.);
#5736=ORIENTED_EDGE('',*,*,#8860,.F.);
#5737=ORIENTED_EDGE('',*,*,#8861,.F.);
#5738=ORIENTED_EDGE('',*,*,#8862,.T.);
#5739=ORIENTED_EDGE('',*,*,#8863,.T.);
#5740=ORIENTED_EDGE('',*,*,#8864,.F.);
#5741=ORIENTED_EDGE('',*,*,#8865,.F.);
#5742=ORIENTED_EDGE('',*,*,#8866,.T.);
#5743=ORIENTED_EDGE('',*,*,#8867,.T.);
#5744=ORIENTED_EDGE('',*,*,#8868,.F.);
#5745=ORIENTED_EDGE('',*,*,#8869,.F.);
#5746=ORIENTED_EDGE('',*,*,#8870,.T.);
#5747=ORIENTED_EDGE('',*,*,#8871,.T.);
#5748=ORIENTED_EDGE('',*,*,#8872,.F.);
#5749=ORIENTED_EDGE('',*,*,#8873,.F.);
#5750=ORIENTED_EDGE('',*,*,#8874,.T.);
#5751=ORIENTED_EDGE('',*,*,#8875,.T.);
#5752=ORIENTED_EDGE('',*,*,#8876,.F.);
#5753=ORIENTED_EDGE('',*,*,#8877,.F.);
#5754=ORIENTED_EDGE('',*,*,#8878,.T.);
#5755=ORIENTED_EDGE('',*,*,#8879,.T.);
#5756=ORIENTED_EDGE('',*,*,#8880,.F.);
#5757=ORIENTED_EDGE('',*,*,#8881,.F.);
#5758=ORIENTED_EDGE('',*,*,#8882,.T.);
#5759=ORIENTED_EDGE('',*,*,#8883,.T.);
#5760=ORIENTED_EDGE('',*,*,#8884,.F.);
#5761=ORIENTED_EDGE('',*,*,#8885,.F.);
#5762=ORIENTED_EDGE('',*,*,#8886,.T.);
#5763=ORIENTED_EDGE('',*,*,#8887,.T.);
#5764=ORIENTED_EDGE('',*,*,#8888,.F.);
#5765=ORIENTED_EDGE('',*,*,#8889,.F.);
#5766=ORIENTED_EDGE('',*,*,#8890,.T.);
#5767=ORIENTED_EDGE('',*,*,#8891,.T.);
#5768=ORIENTED_EDGE('',*,*,#8892,.F.);
#5769=ORIENTED_EDGE('',*,*,#8893,.F.);
#5770=ORIENTED_EDGE('',*,*,#8894,.T.);
#5771=ORIENTED_EDGE('',*,*,#8895,.T.);
#5772=ORIENTED_EDGE('',*,*,#8896,.F.);
#5773=ORIENTED_EDGE('',*,*,#8897,.F.);
#5774=ORIENTED_EDGE('',*,*,#8898,.T.);
#5775=ORIENTED_EDGE('',*,*,#8899,.T.);
#5776=ORIENTED_EDGE('',*,*,#8900,.F.);
#5777=ORIENTED_EDGE('',*,*,#8901,.F.);
#5778=ORIENTED_EDGE('',*,*,#8902,.T.);
#5779=ORIENTED_EDGE('',*,*,#8903,.T.);
#5780=ORIENTED_EDGE('',*,*,#8904,.F.);
#5781=ORIENTED_EDGE('',*,*,#8905,.F.);
#5782=ORIENTED_EDGE('',*,*,#8906,.T.);
#5783=ORIENTED_EDGE('',*,*,#8907,.T.);
#5784=ORIENTED_EDGE('',*,*,#8908,.F.);
#5785=ORIENTED_EDGE('',*,*,#8909,.F.);
#5786=ORIENTED_EDGE('',*,*,#8910,.T.);
#5787=CARTESIAN_POINT('',(0.0,0.0,0.6096));
#5788=DIRECTION('',(0.0,0.0,1.0));
#5789=DIRECTION('',(1.0,0.0,0.0));
#5790=ORIENTED_EDGE('',*,*,#8911,.F.);
#5791=ORIENTED_EDGE('',*,*,#8912,.F.);
#5792=ORIENTED_EDGE('',*,*,#8698,.T.);
#5793=ORIENTED_EDGE('',*,*,#8913,.F.);
#5794=ORIENTED_EDGE('',*,*,#8914,.F.);
#5795=ORIENTED_EDGE('',*,*,#8915,.F.);
#5796=ORIENTED_EDGE('',*,*,#8770,.F.);
#5797=CARTESIAN_POINT('',(17.9832,0.0,-11.3284));
#5798=DIRECTION('',(1.0,0.0,0.0));
#5799=DIRECTION('',(0.0,1.0,0.0));
#5800=ORIENTED_EDGE('',*,*,#8916,.F.);
#5801=ORIENTED_EDGE('',*,*,#8917,.F.);
#5802=ORIENTED_EDGE('',*,*,#8918,.F.);
#5803=ORIENTED_EDGE('',*,*,#8621,.F.);
#5804=ORIENTED_EDGE('',*,*,#8919,.F.);
#5805=ORIENTED_EDGE('',*,*,#8920,.F.);
#5806=ORIENTED_EDGE('',*,*,#8774,.F.);
#5807=CARTESIAN_POINT('',(17.9832,0.0,-11.3284));
#5808=DIRECTION('',(1.0,0.0,0.0));
#5809=DIRECTION('',(0.0,1.0,0.0));
#5810=ORIENTED_EDGE('',*,*,#8915,.T.);
#5811=ORIENTED_EDGE('',*,*,#8921,.T.);
#5812=ORIENTED_EDGE('',*,*,#8922,.F.);
#5813=ORIENTED_EDGE('',*,*,#8767,.F.);
#5814=CARTESIAN_POINT('',(17.9832,-1.3462,0.6096));
#5815=DIRECTION('',(-0.0,1.0,0.0));
#5816=DIRECTION('',(1.0,0.0,0.0));
#5817=ORIENTED_EDGE('',*,*,#8922,.T.);
#5818=ORIENTED_EDGE('',*,*,#8923,.T.);
#5819=ORIENTED_EDGE('',*,*,#8924,.T.);
#5820=ORIENTED_EDGE('',*,*,#8696,.F.);
#5821=ORIENTED_EDGE('',*,*,#8925,.T.);
#5822=ORIENTED_EDGE('',*,*,#8926,.T.);
#5823=ORIENTED_EDGE('',*,*,#8768,.T.);
#5824=CARTESIAN_POINT('',(18.9738,0.0,-11.3284));
#5825=DIRECTION('',(1.0,0.0,0.0));
#5826=DIRECTION('',(0.0,1.0,0.0));
#5827=ORIENTED_EDGE('',*,*,#8927,.T.);
#5828=ORIENTED_EDGE('',*,*,#8928,.T.);
#5829=ORIENTED_EDGE('',*,*,#8619,.T.);
#5830=ORIENTED_EDGE('',*,*,#8929,.T.);
#5831=ORIENTED_EDGE('',*,*,#8930,.T.);
#5832=ORIENTED_EDGE('',*,*,#8931,.T.);
#5833=ORIENTED_EDGE('',*,*,#8772,.T.);
#5834=CARTESIAN_POINT('',(18.9738,0.0,-11.3284));
#5835=DIRECTION('',(1.0,0.0,0.0));
#5836=DIRECTION('',(0.0,1.0,0.0));
#5837=ORIENTED_EDGE('',*,*,#8926,.F.);
#5838=ORIENTED_EDGE('',*,*,#8932,.F.);
#5839=ORIENTED_EDGE('',*,*,#8911,.T.);
#5840=ORIENTED_EDGE('',*,*,#8769,.T.);
#5841=CARTESIAN_POINT('',(17.9832,-1.6002,4.115308));
#5842=DIRECTION('',(0.0,-1.0,0.0));
#5843=DIRECTION('',(0.0,0.0,-1.0));
#5844=ORIENTED_EDGE('',*,*,#8912,.T.);
#5845=ORIENTED_EDGE('',*,*,#8932,.T.);
#5846=ORIENTED_EDGE('',*,*,#8925,.F.);
#5847=ORIENTED_EDGE('',*,*,#8695,.F.);
#5848=CARTESIAN_POINT('',(17.9832,-5.1054,4.115308));
#5849=DIRECTION('',(-1.0,0.0,-0.0));
#5850=DIRECTION('',(0.0,0.0,-1.0));
#5851=ORIENTED_EDGE('',*,*,#8924,.F.);
#5852=ORIENTED_EDGE('',*,*,#8933,.F.);
#5853=ORIENTED_EDGE('',*,*,#8913,.T.);
#5854=ORIENTED_EDGE('',*,*,#8697,.T.);
#5855=CARTESIAN_POINT('',(17.9832,-2.028014154839,6.274308));
#5856=DIRECTION('',(0.0,0.818627858363855,0.574324324324339));
#5857=DIRECTION('',(1.0,0.0,-0.0));
#5858=ORIENTED_EDGE('',*,*,#8933,.T.);
#5859=ORIENTED_EDGE('',*,*,#8923,.F.);
#5860=ORIENTED_EDGE('',*,*,#8921,.F.);
#5861=ORIENTED_EDGE('',*,*,#8914,.T.);
#5862=CARTESIAN_POINT('',(17.9832,-5.1054,4.115308));
#5863=DIRECTION('',(-1.0,0.0,-0.0));
#5864=DIRECTION('',(0.0,0.0,-1.0));
#5865=ORIENTED_EDGE('',*,*,#8931,.F.);
#5866=ORIENTED_EDGE('',*,*,#8934,.F.);
#5867=ORIENTED_EDGE('',*,*,#8916,.T.);
#5868=ORIENTED_EDGE('',*,*,#8773,.T.);
#5869=CARTESIAN_POINT('',(17.9832,1.3462,4.115308));
#5870=DIRECTION('',(0.0,-1.0,0.0));
#5871=DIRECTION('',(0.0,0.0,-1.0));
#5872=ORIENTED_EDGE('',*,*,#8934,.T.);
#5873=ORIENTED_EDGE('',*,*,#8930,.F.);
#5874=ORIENTED_EDGE('',*,*,#8935,.F.);
#5875=ORIENTED_EDGE('',*,*,#8917,.T.);
#5876=CARTESIAN_POINT('',(17.9832,5.1054,4.115308));
#5877=DIRECTION('',(-1.0,0.0,-0.0));
#5878=DIRECTION('',(0.0,0.0,-1.0));
#5879=ORIENTED_EDGE('',*,*,#8918,.T.);
#5880=ORIENTED_EDGE('',*,*,#8935,.T.);
#5881=ORIENTED_EDGE('',*,*,#8929,.F.);
#5882=ORIENTED_EDGE('',*,*,#8618,.F.);
#5883=CARTESIAN_POINT('',(17.9832,2.05105,6.307142730816));
#5884=DIRECTION('',(0.0,-0.818627858363855,0.574324324324339));
#5885=DIRECTION('',(-1.0,0.0,0.0));
#5886=ORIENTED_EDGE('',*,*,#8928,.F.);
#5887=ORIENTED_EDGE('',*,*,#8936,.F.);
#5888=ORIENTED_EDGE('',*,*,#8919,.T.);
#5889=ORIENTED_EDGE('',*,*,#8620,.T.);
#5890=CARTESIAN_POINT('',(17.9832,5.1054,4.115308));
#5891=DIRECTION('',(-1.0,0.0,-0.0));
#5892=DIRECTION('',(0.0,0.0,-1.0));
#5893=ORIENTED_EDGE('',*,*,#8920,.T.);
#5894=ORIENTED_EDGE('',*,*,#8936,.T.);
#5895=ORIENTED_EDGE('',*,*,#8927,.F.);
#5896=ORIENTED_EDGE('',*,*,#8771,.F.);
#5897=CARTESIAN_POINT('',(17.9832,1.6002,0.6096));
#5898=DIRECTION('',(-0.0,1.0,0.0));
#5899=DIRECTION('',(1.0,0.0,0.0));
#5900=ORIENTED_EDGE('',*,*,#8937,.F.);
#5901=ORIENTED_EDGE('',*,*,#8938,.F.);
#5902=ORIENTED_EDGE('',*,*,#8702,.T.);
#5903=ORIENTED_EDGE('',*,*,#8939,.F.);
#5904=ORIENTED_EDGE('',*,*,#8940,.F.);
#5905=ORIENTED_EDGE('',*,*,#8941,.F.);
#5906=ORIENTED_EDGE('',*,*,#8778,.F.);
#5907=CARTESIAN_POINT('',(15.8242,0.0,-11.3284));
#5908=DIRECTION('',(1.0,0.0,0.0));
#5909=DIRECTION('',(0.0,1.0,0.0));
#5910=ORIENTED_EDGE('',*,*,#8942,.F.);
#5911=ORIENTED_EDGE('',*,*,#8943,.F.);
#5912=ORIENTED_EDGE('',*,*,#8944,.F.);
#5913=ORIENTED_EDGE('',*,*,#8625,.F.);
#5914=ORIENTED_EDGE('',*,*,#8945,.F.);
#5915=ORIENTED_EDGE('',*,*,#8946,.F.);
#5916=ORIENTED_EDGE('',*,*,#8782,.F.);
#5917=CARTESIAN_POINT('',(15.8242,0.0,-11.3284));
#5918=DIRECTION('',(1.0,0.0,0.0));
#5919=DIRECTION('',(0.0,1.0,0.0));
#5920=ORIENTED_EDGE('',*,*,#8941,.T.);
#5921=ORIENTED_EDGE('',*,*,#8947,.T.);
#5922=ORIENTED_EDGE('',*,*,#8948,.F.);
#5923=ORIENTED_EDGE('',*,*,#8775,.F.);
#5924=CARTESIAN_POINT('',(15.8242,-1.3462,0.6096));
#5925=DIRECTION('',(-0.0,1.0,0.0));
#5926=DIRECTION('',(1.0,0.0,0.0));
#5927=ORIENTED_EDGE('',*,*,#8948,.T.);
#5928=ORIENTED_EDGE('',*,*,#8949,.T.);
#5929=ORIENTED_EDGE('',*,*,#8950,.T.);
#5930=ORIENTED_EDGE('',*,*,#8700,.F.);
#5931=ORIENTED_EDGE('',*,*,#8951,.T.);
#5932=ORIENTED_EDGE('',*,*,#8952,.T.);
#5933=ORIENTED_EDGE('',*,*,#8776,.T.);
#5934=CARTESIAN_POINT('',(16.8148,0.0,-11.3284));
#5935=DIRECTION('',(1.0,0.0,0.0));
#5936=DIRECTION('',(0.0,1.0,0.0));
#5937=ORIENTED_EDGE('',*,*,#8953,.T.);
#5938=ORIENTED_EDGE('',*,*,#8954,.T.);
#5939=ORIENTED_EDGE('',*,*,#8623,.T.);
#5940=ORIENTED_EDGE('',*,*,#8955,.T.);
#5941=ORIENTED_EDGE('',*,*,#8956,.T.);
#5942=ORIENTED_EDGE('',*,*,#8957,.T.);
#5943=ORIENTED_EDGE('',*,*,#8780,.T.);
#5944=CARTESIAN_POINT('',(16.8148,0.0,-11.3284));
#5945=DIRECTION('',(1.0,0.0,0.0));
#5946=DIRECTION('',(0.0,1.0,0.0));
#5947=ORIENTED_EDGE('',*,*,#8952,.F.);
#5948=ORIENTED_EDGE('',*,*,#8958,.F.);
#5949=ORIENTED_EDGE('',*,*,#8937,.T.);
#5950=ORIENTED_EDGE('',*,*,#8777,.T.);
#5951=CARTESIAN_POINT('',(15.8242,-1.6002,4.115308));
#5952=DIRECTION('',(0.0,-1.0,0.0));
#5953=DIRECTION('',(0.0,0.0,-1.0));
#5954=ORIENTED_EDGE('',*,*,#8938,.T.);
#5955=ORIENTED_EDGE('',*,*,#8958,.T.);
#5956=ORIENTED_EDGE('',*,*,#8951,.F.);
#5957=ORIENTED_EDGE('',*,*,#8699,.F.);
#5958=CARTESIAN_POINT('',(15.8242,-5.1054,4.115308));
#5959=DIRECTION('',(-1.0,0.0,-0.0));
#5960=DIRECTION('',(0.0,0.0,-1.0));
#5961=ORIENTED_EDGE('',*,*,#8950,.F.);
#5962=ORIENTED_EDGE('',*,*,#8959,.F.);
#5963=ORIENTED_EDGE('',*,*,#8939,.T.);
#5964=ORIENTED_EDGE('',*,*,#8701,.T.);
#5965=CARTESIAN_POINT('',(15.8242,-2.028014154839,6.274308));
#5966=DIRECTION('',(0.0,0.818627858363855,0.574324324324339));
#5967=DIRECTION('',(1.0,0.0,-0.0));
#5968=ORIENTED_EDGE('',*,*,#8959,.T.);
#5969=ORIENTED_EDGE('',*,*,#8949,.F.);
#5970=ORIENTED_EDGE('',*,*,#8947,.F.);
#5971=ORIENTED_EDGE('',*,*,#8940,.T.);
#5972=CARTESIAN_POINT('',(15.8242,-5.1054,4.115308));
#5973=DIRECTION('',(-1.0,0.0,-0.0));
#5974=DIRECTION('',(0.0,0.0,-1.0));
#5975=ORIENTED_EDGE('',*,*,#8957,.F.);
#5976=ORIENTED_EDGE('',*,*,#8960,.F.);
#5977=ORIENTED_EDGE('',*,*,#8942,.T.);
#5978=ORIENTED_EDGE('',*,*,#8781,.T.);
#5979=CARTESIAN_POINT('',(15.8242,1.3462,4.115308));
#5980=DIRECTION('',(0.0,-1.0,0.0));
#5981=DIRECTION('',(0.0,0.0,-1.0));
#5982=ORIENTED_EDGE('',*,*,#8960,.T.);
#5983=ORIENTED_EDGE('',*,*,#8956,.F.);
#5984=ORIENTED_EDGE('',*,*,#8961,.F.);
#5985=ORIENTED_EDGE('',*,*,#8943,.T.);
#5986=CARTESIAN_POINT('',(15.8242,5.1054,4.115308));
#5987=DIRECTION('',(-1.0,0.0,-0.0));
#5988=DIRECTION('',(0.0,0.0,-1.0));
#5989=ORIENTED_EDGE('',*,*,#8944,.T.);
#5990=ORIENTED_EDGE('',*,*,#8961,.T.);
#5991=ORIENTED_EDGE('',*,*,#8955,.F.);
#5992=ORIENTED_EDGE('',*,*,#8622,.F.);
#5993=CARTESIAN_POINT('',(15.8242,2.05105,6.307142730816));
#5994=DIRECTION('',(0.0,-0.818627858363855,0.574324324324339));
#5995=DIRECTION('',(-1.0,0.0,0.0));
#5996=ORIENTED_EDGE('',*,*,#8954,.F.);
#5997=ORIENTED_EDGE('',*,*,#8962,.F.);
#5998=ORIENTED_EDGE('',*,*,#8945,.T.);
#5999=ORIENTED_EDGE('',*,*,#8624,.T.);
#6000=CARTESIAN_POINT('',(15.8242,5.1054,4.115308));
#6001=DIRECTION('',(-1.0,0.0,-0.0));
#6002=DIRECTION('',(0.0,0.0,-1.0));
#6003=ORIENTED_EDGE('',*,*,#8946,.T.);
#6004=ORIENTED_EDGE('',*,*,#8962,.T.);
#6005=ORIENTED_EDGE('',*,*,#8953,.F.);
#6006=ORIENTED_EDGE('',*,*,#8779,.F.);
#6007=CARTESIAN_POINT('',(15.8242,1.6002,0.6096));
#6008=DIRECTION('',(-0.0,1.0,0.0));
#6009=DIRECTION('',(1.0,0.0,0.0));
#6010=ORIENTED_EDGE('',*,*,#8963,.F.);
#6011=ORIENTED_EDGE('',*,*,#8964,.F.);
#6012=ORIENTED_EDGE('',*,*,#8706,.T.);
#6013=ORIENTED_EDGE('',*,*,#8965,.F.);
#6014=ORIENTED_EDGE('',*,*,#8966,.F.);
#6015=ORIENTED_EDGE('',*,*,#8967,.F.);
#6016=ORIENTED_EDGE('',*,*,#8786,.F.);
#6017=CARTESIAN_POINT('',(13.6652,0.0,-11.3284));
#6018=DIRECTION('',(1.0,0.0,0.0));
#6019=DIRECTION('',(0.0,1.0,0.0));
#6020=ORIENTED_EDGE('',*,*,#8968,.F.);
#6021=ORIENTED_EDGE('',*,*,#8969,.F.);
#6022=ORIENTED_EDGE('',*,*,#8970,.F.);
#6023=ORIENTED_EDGE('',*,*,#8629,.F.);
#6024=ORIENTED_EDGE('',*,*,#8971,.F.);
#6025=ORIENTED_EDGE('',*,*,#8972,.F.);
#6026=ORIENTED_EDGE('',*,*,#8790,.F.);
#6027=CARTESIAN_POINT('',(13.6652,0.0,-11.3284));
#6028=DIRECTION('',(1.0,0.0,0.0));
#6029=DIRECTION('',(0.0,1.0,0.0));
#6030=ORIENTED_EDGE('',*,*,#8967,.T.);
#6031=ORIENTED_EDGE('',*,*,#8973,.T.);
#6032=ORIENTED_EDGE('',*,*,#8974,.F.);
#6033=ORIENTED_EDGE('',*,*,#8783,.F.);
#6034=CARTESIAN_POINT('',(13.6652,-1.3462,0.6096));
#6035=DIRECTION('',(-0.0,1.0,0.0));
#6036=DIRECTION('',(1.0,0.0,0.0));
#6037=ORIENTED_EDGE('',*,*,#8974,.T.);
#6038=ORIENTED_EDGE('',*,*,#8975,.T.);
#6039=ORIENTED_EDGE('',*,*,#8976,.T.);
#6040=ORIENTED_EDGE('',*,*,#8704,.F.);
#6041=ORIENTED_EDGE('',*,*,#8977,.T.);
#6042=ORIENTED_EDGE('',*,*,#8978,.T.);
#6043=ORIENTED_EDGE('',*,*,#8784,.T.);
#6044=CARTESIAN_POINT('',(14.6558,0.0,-11.3284));
#6045=DIRECTION('',(1.0,0.0,0.0));
#6046=DIRECTION('',(0.0,1.0,0.0));
#6047=ORIENTED_EDGE('',*,*,#8979,.T.);
#6048=ORIENTED_EDGE('',*,*,#8980,.T.);
#6049=ORIENTED_EDGE('',*,*,#8627,.T.);
#6050=ORIENTED_EDGE('',*,*,#8981,.T.);
#6051=ORIENTED_EDGE('',*,*,#8982,.T.);
#6052=ORIENTED_EDGE('',*,*,#8983,.T.);
#6053=ORIENTED_EDGE('',*,*,#8788,.T.);
#6054=CARTESIAN_POINT('',(14.6558,0.0,-11.3284));
#6055=DIRECTION('',(1.0,0.0,0.0));
#6056=DIRECTION('',(0.0,1.0,0.0));
#6057=ORIENTED_EDGE('',*,*,#8978,.F.);
#6058=ORIENTED_EDGE('',*,*,#8984,.F.);
#6059=ORIENTED_EDGE('',*,*,#8963,.T.);
#6060=ORIENTED_EDGE('',*,*,#8785,.T.);
#6061=CARTESIAN_POINT('',(13.6652,-1.6002,4.115308));
#6062=DIRECTION('',(0.0,-1.0,0.0));
#6063=DIRECTION('',(0.0,0.0,-1.0));
#6064=ORIENTED_EDGE('',*,*,#8964,.T.);
#6065=ORIENTED_EDGE('',*,*,#8984,.T.);
#6066=ORIENTED_EDGE('',*,*,#8977,.F.);
#6067=ORIENTED_EDGE('',*,*,#8703,.F.);
#6068=CARTESIAN_POINT('',(13.6652,-5.1054,4.115308));
#6069=DIRECTION('',(-1.0,0.0,-0.0));
#6070=DIRECTION('',(0.0,0.0,-1.0));
#6071=ORIENTED_EDGE('',*,*,#8976,.F.);
#6072=ORIENTED_EDGE('',*,*,#8985,.F.);
#6073=ORIENTED_EDGE('',*,*,#8965,.T.);
#6074=ORIENTED_EDGE('',*,*,#8705,.T.);
#6075=CARTESIAN_POINT('',(13.6652,-2.028014154839,6.274308));
#6076=DIRECTION('',(0.0,0.818627858363855,0.574324324324339));
#6077=DIRECTION('',(1.0,0.0,-0.0));
#6078=ORIENTED_EDGE('',*,*,#8985,.T.);
#6079=ORIENTED_EDGE('',*,*,#8975,.F.);
#6080=ORIENTED_EDGE('',*,*,#8973,.F.);
#6081=ORIENTED_EDGE('',*,*,#8966,.T.);
#6082=CARTESIAN_POINT('',(13.6652,-5.1054,4.115308));
#6083=DIRECTION('',(-1.0,0.0,-0.0));
#6084=DIRECTION('',(0.0,0.0,-1.0));
#6085=ORIENTED_EDGE('',*,*,#8983,.F.);
#6086=ORIENTED_EDGE('',*,*,#8986,.F.);
#6087=ORIENTED_EDGE('',*,*,#8968,.T.);
#6088=ORIENTED_EDGE('',*,*,#8789,.T.);
#6089=CARTESIAN_POINT('',(13.6652,1.3462,4.115308));
#6090=DIRECTION('',(0.0,-1.0,0.0));
#6091=DIRECTION('',(0.0,0.0,-1.0));
#6092=ORIENTED_EDGE('',*,*,#8986,.T.);
#6093=ORIENTED_EDGE('',*,*,#8982,.F.);
#6094=ORIENTED_EDGE('',*,*,#8987,.F.);
#6095=ORIENTED_EDGE('',*,*,#8969,.T.);
#6096=CARTESIAN_POINT('',(13.6652,5.1054,4.115308));
#6097=DIRECTION('',(-1.0,0.0,-0.0));
#6098=DIRECTION('',(0.0,0.0,-1.0));
#6099=ORIENTED_EDGE('',*,*,#8970,.T.);
#6100=ORIENTED_EDGE('',*,*,#8987,.T.);
#6101=ORIENTED_EDGE('',*,*,#8981,.F.);
#6102=ORIENTED_EDGE('',*,*,#8626,.F.);
#6103=CARTESIAN_POINT('',(13.6652,2.05105,6.307142730816));
#6104=DIRECTION('',(0.0,-0.818627858363855,0.574324324324339));
#6105=DIRECTION('',(-1.0,0.0,0.0));
#6106=ORIENTED_EDGE('',*,*,#8980,.F.);
#6107=ORIENTED_EDGE('',*,*,#8988,.F.);
#6108=ORIENTED_EDGE('',*,*,#8971,.T.);
#6109=ORIENTED_EDGE('',*,*,#8628,.T.);
#6110=CARTESIAN_POINT('',(13.6652,5.1054,4.115308));
#6111=DIRECTION('',(-1.0,0.0,-0.0));
#6112=DIRECTION('',(0.0,0.0,-1.0));
#6113=ORIENTED_EDGE('',*,*,#8972,.T.);
#6114=ORIENTED_EDGE('',*,*,#8988,.T.);
#6115=ORIENTED_EDGE('',*,*,#8979,.F.);
#6116=ORIENTED_EDGE('',*,*,#8787,.F.);
#6117=CARTESIAN_POINT('',(13.6652,1.6002,0.6096));
#6118=DIRECTION('',(-0.0,1.0,0.0));
#6119=DIRECTION('',(1.0,0.0,0.0));
#6120=ORIENTED_EDGE('',*,*,#8989,.F.);
#6121=ORIENTED_EDGE('',*,*,#8990,.F.);
#6122=ORIENTED_EDGE('',*,*,#8710,.T.);
#6123=ORIENTED_EDGE('',*,*,#8991,.F.);
#6124=ORIENTED_EDGE('',*,*,#8992,.F.);
#6125=ORIENTED_EDGE('',*,*,#8993,.F.);
#6126=ORIENTED_EDGE('',*,*,#8794,.F.);
#6127=CARTESIAN_POINT('',(11.5062,0.0,-11.3284));
#6128=DIRECTION('',(1.0,0.0,0.0));
#6129=DIRECTION('',(0.0,1.0,0.0));
#6130=ORIENTED_EDGE('',*,*,#8994,.F.);
#6131=ORIENTED_EDGE('',*,*,#8995,.F.);
#6132=ORIENTED_EDGE('',*,*,#8996,.F.);
#6133=ORIENTED_EDGE('',*,*,#8633,.F.);
#6134=ORIENTED_EDGE('',*,*,#8997,.F.);
#6135=ORIENTED_EDGE('',*,*,#8998,.F.);
#6136=ORIENTED_EDGE('',*,*,#8798,.F.);
#6137=CARTESIAN_POINT('',(11.5062,0.0,-11.3284));
#6138=DIRECTION('',(1.0,0.0,0.0));
#6139=DIRECTION('',(0.0,1.0,0.0));
#6140=ORIENTED_EDGE('',*,*,#8993,.T.);
#6141=ORIENTED_EDGE('',*,*,#8999,.T.);
#6142=ORIENTED_EDGE('',*,*,#9000,.F.);
#6143=ORIENTED_EDGE('',*,*,#8791,.F.);
#6144=CARTESIAN_POINT('',(11.5062,-1.3462,0.6096));
#6145=DIRECTION('',(-0.0,1.0,0.0));
#6146=DIRECTION('',(1.0,0.0,0.0));
#6147=ORIENTED_EDGE('',*,*,#9000,.T.);
#6148=ORIENTED_EDGE('',*,*,#9001,.T.);
#6149=ORIENTED_EDGE('',*,*,#9002,.T.);
#6150=ORIENTED_EDGE('',*,*,#8708,.F.);
#6151=ORIENTED_EDGE('',*,*,#9003,.T.);
#6152=ORIENTED_EDGE('',*,*,#9004,.T.);
#6153=ORIENTED_EDGE('',*,*,#8792,.T.);
#6154=CARTESIAN_POINT('',(12.4968,0.0,-11.3284));
#6155=DIRECTION('',(1.0,0.0,0.0));
#6156=DIRECTION('',(0.0,1.0,0.0));
#6157=ORIENTED_EDGE('',*,*,#9005,.T.);
#6158=ORIENTED_EDGE('',*,*,#9006,.T.);
#6159=ORIENTED_EDGE('',*,*,#8631,.T.);
#6160=ORIENTED_EDGE('',*,*,#9007,.T.);
#6161=ORIENTED_EDGE('',*,*,#9008,.T.);
#6162=ORIENTED_EDGE('',*,*,#9009,.T.);
#6163=ORIENTED_EDGE('',*,*,#8796,.T.);
#6164=CARTESIAN_POINT('',(12.4968,0.0,-11.3284));
#6165=DIRECTION('',(1.0,0.0,0.0));
#6166=DIRECTION('',(0.0,1.0,0.0));
#6167=ORIENTED_EDGE('',*,*,#9004,.F.);
#6168=ORIENTED_EDGE('',*,*,#9010,.F.);
#6169=ORIENTED_EDGE('',*,*,#8989,.T.);
#6170=ORIENTED_EDGE('',*,*,#8793,.T.);
#6171=CARTESIAN_POINT('',(11.5062,-1.6002,4.115308));
#6172=DIRECTION('',(0.0,-1.0,0.0));
#6173=DIRECTION('',(0.0,0.0,-1.0));
#6174=ORIENTED_EDGE('',*,*,#8990,.T.);
#6175=ORIENTED_EDGE('',*,*,#9010,.T.);
#6176=ORIENTED_EDGE('',*,*,#9003,.F.);
#6177=ORIENTED_EDGE('',*,*,#8707,.F.);
#6178=CARTESIAN_POINT('',(11.5062,-5.1054,4.115308));
#6179=DIRECTION('',(-1.0,0.0,-0.0));
#6180=DIRECTION('',(0.0,0.0,-1.0));
#6181=ORIENTED_EDGE('',*,*,#9002,.F.);
#6182=ORIENTED_EDGE('',*,*,#9011,.F.);
#6183=ORIENTED_EDGE('',*,*,#8991,.T.);
#6184=ORIENTED_EDGE('',*,*,#8709,.T.);
#6185=CARTESIAN_POINT('',(11.5062,-2.028014154839,6.274308));
#6186=DIRECTION('',(0.0,0.818627858363855,0.574324324324339));
#6187=DIRECTION('',(1.0,0.0,-0.0));
#6188=ORIENTED_EDGE('',*,*,#9011,.T.);
#6189=ORIENTED_EDGE('',*,*,#9001,.F.);
#6190=ORIENTED_EDGE('',*,*,#8999,.F.);
#6191=ORIENTED_EDGE('',*,*,#8992,.T.);
#6192=CARTESIAN_POINT('',(11.5062,-5.1054,4.115308));
#6193=DIRECTION('',(-1.0,0.0,-0.0));
#6194=DIRECTION('',(0.0,0.0,-1.0));
#6195=ORIENTED_EDGE('',*,*,#9009,.F.);
#6196=ORIENTED_EDGE('',*,*,#9012,.F.);
#6197=ORIENTED_EDGE('',*,*,#8994,.T.);
#6198=ORIENTED_EDGE('',*,*,#8797,.T.);
#6199=CARTESIAN_POINT('',(11.5062,1.3462,4.115308));
#6200=DIRECTION('',(0.0,-1.0,0.0));
#6201=DIRECTION('',(0.0,0.0,-1.0));
#6202=ORIENTED_EDGE('',*,*,#9012,.T.);
#6203=ORIENTED_EDGE('',*,*,#9008,.F.);
#6204=ORIENTED_EDGE('',*,*,#9013,.F.);
#6205=ORIENTED_EDGE('',*,*,#8995,.T.);
#6206=CARTESIAN_POINT('',(11.5062,5.1054,4.115308));
#6207=DIRECTION('',(-1.0,0.0,-0.0));
#6208=DIRECTION('',(0.0,0.0,-1.0));
#6209=ORIENTED_EDGE('',*,*,#8996,.T.);
#6210=ORIENTED_EDGE('',*,*,#9013,.T.);
#6211=ORIENTED_EDGE('',*,*,#9007,.F.);
#6212=ORIENTED_EDGE('',*,*,#8630,.F.);
#6213=CARTESIAN_POINT('',(11.5062,2.05105,6.307142730816));
#6214=DIRECTION('',(0.0,-0.818627858363855,0.574324324324339));
#6215=DIRECTION('',(-1.0,0.0,0.0));
#6216=ORIENTED_EDGE('',*,*,#9006,.F.);
#6217=ORIENTED_EDGE('',*,*,#9014,.F.);
#6218=ORIENTED_EDGE('',*,*,#8997,.T.);
#6219=ORIENTED_EDGE('',*,*,#8632,.T.);
#6220=CARTESIAN_POINT('',(11.5062,5.1054,4.115308));
#6221=DIRECTION('',(-1.0,0.0,-0.0));
#6222=DIRECTION('',(0.0,0.0,-1.0));
#6223=ORIENTED_EDGE('',*,*,#8998,.T.);
#6224=ORIENTED_EDGE('',*,*,#9014,.T.);
#6225=ORIENTED_EDGE('',*,*,#9005,.F.);
#6226=ORIENTED_EDGE('',*,*,#8795,.F.);
#6227=CARTESIAN_POINT('',(11.5062,1.6002,0.6096));
#6228=DIRECTION('',(-0.0,1.0,0.0));
#6229=DIRECTION('',(1.0,0.0,0.0));
#6230=ORIENTED_EDGE('',*,*,#9015,.F.);
#6231=ORIENTED_EDGE('',*,*,#9016,.F.);
#6232=ORIENTED_EDGE('',*,*,#8714,.T.);
#6233=ORIENTED_EDGE('',*,*,#9017,.F.);
#6234=ORIENTED_EDGE('',*,*,#9018,.F.);
#6235=ORIENTED_EDGE('',*,*,#9019,.F.);
#6236=ORIENTED_EDGE('',*,*,#8802,.F.);
#6237=CARTESIAN_POINT('',(9.3472,0.0,-11.3284));
#6238=DIRECTION('',(1.0,0.0,0.0));
#6239=DIRECTION('',(0.0,1.0,0.0));
#6240=ORIENTED_EDGE('',*,*,#9020,.F.);
#6241=ORIENTED_EDGE('',*,*,#9021,.F.);
#6242=ORIENTED_EDGE('',*,*,#9022,.F.);
#6243=ORIENTED_EDGE('',*,*,#8637,.F.);
#6244=ORIENTED_EDGE('',*,*,#9023,.F.);
#6245=ORIENTED_EDGE('',*,*,#9024,.F.);
#6246=ORIENTED_EDGE('',*,*,#8806,.F.);
#6247=CARTESIAN_POINT('',(9.3472,0.0,-11.3284));
#6248=DIRECTION('',(1.0,0.0,0.0));
#6249=DIRECTION('',(0.0,1.0,0.0));
#6250=ORIENTED_EDGE('',*,*,#9019,.T.);
#6251=ORIENTED_EDGE('',*,*,#9025,.T.);
#6252=ORIENTED_EDGE('',*,*,#9026,.F.);
#6253=ORIENTED_EDGE('',*,*,#8799,.F.);
#6254=CARTESIAN_POINT('',(9.3472,-1.3462,0.6096));
#6255=DIRECTION('',(-0.0,1.0,0.0));
#6256=DIRECTION('',(1.0,0.0,0.0));
#6257=ORIENTED_EDGE('',*,*,#9026,.T.);
#6258=ORIENTED_EDGE('',*,*,#9027,.T.);
#6259=ORIENTED_EDGE('',*,*,#9028,.T.);
#6260=ORIENTED_EDGE('',*,*,#8712,.F.);
#6261=ORIENTED_EDGE('',*,*,#9029,.T.);
#6262=ORIENTED_EDGE('',*,*,#9030,.T.);
#6263=ORIENTED_EDGE('',*,*,#8800,.T.);
#6264=CARTESIAN_POINT('',(10.3378,0.0,-11.3284));
#6265=DIRECTION('',(1.0,0.0,0.0));
#6266=DIRECTION('',(0.0,1.0,0.0));
#6267=ORIENTED_EDGE('',*,*,#9031,.T.);
#6268=ORIENTED_EDGE('',*,*,#9032,.T.);
#6269=ORIENTED_EDGE('',*,*,#8635,.T.);
#6270=ORIENTED_EDGE('',*,*,#9033,.T.);
#6271=ORIENTED_EDGE('',*,*,#9034,.T.);
#6272=ORIENTED_EDGE('',*,*,#9035,.T.);
#6273=ORIENTED_EDGE('',*,*,#8804,.T.);
#6274=CARTESIAN_POINT('',(10.3378,0.0,-11.3284));
#6275=DIRECTION('',(1.0,0.0,0.0));
#6276=DIRECTION('',(0.0,1.0,0.0));
#6277=ORIENTED_EDGE('',*,*,#9030,.F.);
#6278=ORIENTED_EDGE('',*,*,#9036,.F.);
#6279=ORIENTED_EDGE('',*,*,#9015,.T.);
#6280=ORIENTED_EDGE('',*,*,#8801,.T.);
#6281=CARTESIAN_POINT('',(9.3472,-1.6002,4.115308));
#6282=DIRECTION('',(0.0,-1.0,0.0));
#6283=DIRECTION('',(0.0,0.0,-1.0));
#6284=ORIENTED_EDGE('',*,*,#9016,.T.);
#6285=ORIENTED_EDGE('',*,*,#9036,.T.);
#6286=ORIENTED_EDGE('',*,*,#9029,.F.);
#6287=ORIENTED_EDGE('',*,*,#8711,.F.);
#6288=CARTESIAN_POINT('',(9.3472,-5.1054,4.115308));
#6289=DIRECTION('',(-1.0,0.0,-0.0));
#6290=DIRECTION('',(0.0,0.0,-1.0));
#6291=ORIENTED_EDGE('',*,*,#9028,.F.);
#6292=ORIENTED_EDGE('',*,*,#9037,.F.);
#6293=ORIENTED_EDGE('',*,*,#9017,.T.);
#6294=ORIENTED_EDGE('',*,*,#8713,.T.);
#6295=CARTESIAN_POINT('',(9.3472,-2.028014154839,6.274308));
#6296=DIRECTION('',(0.0,0.818627858363855,0.574324324324339));
#6297=DIRECTION('',(1.0,0.0,-0.0));
#6298=ORIENTED_EDGE('',*,*,#9037,.T.);
#6299=ORIENTED_EDGE('',*,*,#9027,.F.);
#6300=ORIENTED_EDGE('',*,*,#9025,.F.);
#6301=ORIENTED_EDGE('',*,*,#9018,.T.);
#6302=CARTESIAN_POINT('',(9.3472,-5.1054,4.115308));
#6303=DIRECTION('',(-1.0,0.0,-0.0));
#6304=DIRECTION('',(0.0,0.0,-1.0));
#6305=ORIENTED_EDGE('',*,*,#9035,.F.);
#6306=ORIENTED_EDGE('',*,*,#9038,.F.);
#6307=ORIENTED_EDGE('',*,*,#9020,.T.);
#6308=ORIENTED_EDGE('',*,*,#8805,.T.);
#6309=CARTESIAN_POINT('',(9.3472,1.3462,4.115308));
#6310=DIRECTION('',(0.0,-1.0,0.0));
#6311=DIRECTION('',(0.0,0.0,-1.0));
#6312=ORIENTED_EDGE('',*,*,#9038,.T.);
#6313=ORIENTED_EDGE('',*,*,#9034,.F.);
#6314=ORIENTED_EDGE('',*,*,#9039,.F.);
#6315=ORIENTED_EDGE('',*,*,#9021,.T.);
#6316=CARTESIAN_POINT('',(9.3472,5.1054,4.115308));
#6317=DIRECTION('',(-1.0,0.0,-0.0));
#6318=DIRECTION('',(0.0,0.0,-1.0));
#6319=ORIENTED_EDGE('',*,*,#9022,.T.);
#6320=ORIENTED_EDGE('',*,*,#9039,.T.);
#6321=ORIENTED_EDGE('',*,*,#9033,.F.);
#6322=ORIENTED_EDGE('',*,*,#8634,.F.);
#6323=CARTESIAN_POINT('',(9.3472,2.05105,6.307142730816));
#6324=DIRECTION('',(0.0,-0.818627858363855,0.574324324324339));
#6325=DIRECTION('',(-1.0,0.0,0.0));
#6326=ORIENTED_EDGE('',*,*,#9032,.F.);
#6327=ORIENTED_EDGE('',*,*,#9040,.F.);
#6328=ORIENTED_EDGE('',*,*,#9023,.T.);
#6329=ORIENTED_EDGE('',*,*,#8636,.T.);
#6330=CARTESIAN_POINT('',(9.3472,5.1054,4.115308));
#6331=DIRECTION('',(-1.0,0.0,-0.0));
#6332=DIRECTION('',(0.0,0.0,-1.0));
#6333=ORIENTED_EDGE('',*,*,#9024,.T.);
#6334=ORIENTED_EDGE('',*,*,#9040,.T.);
#6335=ORIENTED_EDGE('',*,*,#9031,.F.);
#6336=ORIENTED_EDGE('',*,*,#8803,.F.);
#6337=CARTESIAN_POINT('',(9.3472,1.6002,0.6096));
#6338=DIRECTION('',(-0.0,1.0,0.0));
#6339=DIRECTION('',(1.0,0.0,0.0));
#6340=ORIENTED_EDGE('',*,*,#9041,.F.);
#6341=ORIENTED_EDGE('',*,*,#9042,.F.);
#6342=ORIENTED_EDGE('',*,*,#8718,.T.);
#6343=ORIENTED_EDGE('',*,*,#9043,.F.);
#6344=ORIENTED_EDGE('',*,*,#9044,.F.);
#6345=ORIENTED_EDGE('',*,*,#9045,.F.);
#6346=ORIENTED_EDGE('',*,*,#8810,.F.);
#6347=CARTESIAN_POINT('',(7.1882,0.0,-11.3284));
#6348=DIRECTION('',(1.0,0.0,0.0));
#6349=DIRECTION('',(0.0,1.0,0.0));
#6350=ORIENTED_EDGE('',*,*,#9046,.F.);
#6351=ORIENTED_EDGE('',*,*,#9047,.F.);
#6352=ORIENTED_EDGE('',*,*,#9048,.F.);
#6353=ORIENTED_EDGE('',*,*,#8641,.F.);
#6354=ORIENTED_EDGE('',*,*,#9049,.F.);
#6355=ORIENTED_EDGE('',*,*,#9050,.F.);
#6356=ORIENTED_EDGE('',*,*,#8814,.F.);
#6357=CARTESIAN_POINT('',(7.1882,0.0,-11.3284));
#6358=DIRECTION('',(1.0,0.0,0.0));
#6359=DIRECTION('',(0.0,1.0,0.0));
#6360=ORIENTED_EDGE('',*,*,#9045,.T.);
#6361=ORIENTED_EDGE('',*,*,#9051,.T.);
#6362=ORIENTED_EDGE('',*,*,#9052,.F.);
#6363=ORIENTED_EDGE('',*,*,#8807,.F.);
#6364=CARTESIAN_POINT('',(7.1882,-1.3462,0.6096));
#6365=DIRECTION('',(-0.0,1.0,0.0));
#6366=DIRECTION('',(1.0,0.0,0.0));
#6367=ORIENTED_EDGE('',*,*,#9052,.T.);
#6368=ORIENTED_EDGE('',*,*,#9053,.T.);
#6369=ORIENTED_EDGE('',*,*,#9054,.T.);
#6370=ORIENTED_EDGE('',*,*,#8716,.F.);
#6371=ORIENTED_EDGE('',*,*,#9055,.T.);
#6372=ORIENTED_EDGE('',*,*,#9056,.T.);
#6373=ORIENTED_EDGE('',*,*,#8808,.T.);
#6374=CARTESIAN_POINT('',(8.1788,0.0,-11.3284));
#6375=DIRECTION('',(1.0,0.0,0.0));
#6376=DIRECTION('',(0.0,1.0,0.0));
#6377=ORIENTED_EDGE('',*,*,#9057,.T.);
#6378=ORIENTED_EDGE('',*,*,#9058,.T.);
#6379=ORIENTED_EDGE('',*,*,#8639,.T.);
#6380=ORIENTED_EDGE('',*,*,#9059,.T.);
#6381=ORIENTED_EDGE('',*,*,#9060,.T.);
#6382=ORIENTED_EDGE('',*,*,#9061,.T.);
#6383=ORIENTED_EDGE('',*,*,#8812,.T.);
#6384=CARTESIAN_POINT('',(8.1788,0.0,-11.3284));
#6385=DIRECTION('',(1.0,0.0,0.0));
#6386=DIRECTION('',(0.0,1.0,0.0));
#6387=ORIENTED_EDGE('',*,*,#9056,.F.);
#6388=ORIENTED_EDGE('',*,*,#9062,.F.);
#6389=ORIENTED_EDGE('',*,*,#9041,.T.);
#6390=ORIENTED_EDGE('',*,*,#8809,.T.);
#6391=CARTESIAN_POINT('',(7.1882,-1.6002,4.115308));
#6392=DIRECTION('',(0.0,-1.0,0.0));
#6393=DIRECTION('',(0.0,0.0,-1.0));
#6394=ORIENTED_EDGE('',*,*,#9042,.T.);
#6395=ORIENTED_EDGE('',*,*,#9062,.T.);
#6396=ORIENTED_EDGE('',*,*,#9055,.F.);
#6397=ORIENTED_EDGE('',*,*,#8715,.F.);
#6398=CARTESIAN_POINT('',(7.1882,-5.1054,4.115308));
#6399=DIRECTION('',(-1.0,0.0,-0.0));
#6400=DIRECTION('',(0.0,0.0,-1.0));
#6401=ORIENTED_EDGE('',*,*,#9054,.F.);
#6402=ORIENTED_EDGE('',*,*,#9063,.F.);
#6403=ORIENTED_EDGE('',*,*,#9043,.T.);
#6404=ORIENTED_EDGE('',*,*,#8717,.T.);
#6405=CARTESIAN_POINT('',(7.1882,-2.028014154839,6.274308));
#6406=DIRECTION('',(0.0,0.818627858363855,0.574324324324339));
#6407=DIRECTION('',(1.0,0.0,-0.0));
#6408=ORIENTED_EDGE('',*,*,#9063,.T.);
#6409=ORIENTED_EDGE('',*,*,#9053,.F.);
#6410=ORIENTED_EDGE('',*,*,#9051,.F.);
#6411=ORIENTED_EDGE('',*,*,#9044,.T.);
#6412=CARTESIAN_POINT('',(7.1882,-5.1054,4.115308));
#6413=DIRECTION('',(-1.0,0.0,-0.0));
#6414=DIRECTION('',(0.0,0.0,-1.0));
#6415=ORIENTED_EDGE('',*,*,#9061,.F.);
#6416=ORIENTED_EDGE('',*,*,#9064,.F.);
#6417=ORIENTED_EDGE('',*,*,#9046,.T.);
#6418=ORIENTED_EDGE('',*,*,#8813,.T.);
#6419=CARTESIAN_POINT('',(7.1882,1.3462,4.115308));
#6420=DIRECTION('',(0.0,-1.0,0.0));
#6421=DIRECTION('',(0.0,0.0,-1.0));
#6422=ORIENTED_EDGE('',*,*,#9064,.T.);
#6423=ORIENTED_EDGE('',*,*,#9060,.F.);
#6424=ORIENTED_EDGE('',*,*,#9065,.F.);
#6425=ORIENTED_EDGE('',*,*,#9047,.T.);
#6426=CARTESIAN_POINT('',(7.1882,5.1054,4.115308));
#6427=DIRECTION('',(-1.0,0.0,-0.0));
#6428=DIRECTION('',(0.0,0.0,-1.0));
#6429=ORIENTED_EDGE('',*,*,#9048,.T.);
#6430=ORIENTED_EDGE('',*,*,#9065,.T.);
#6431=ORIENTED_EDGE('',*,*,#9059,.F.);
#6432=ORIENTED_EDGE('',*,*,#8638,.F.);
#6433=CARTESIAN_POINT('',(7.1882,2.05105,6.307142730816));
#6434=DIRECTION('',(0.0,-0.818627858363855,0.574324324324339));
#6435=DIRECTION('',(-1.0,0.0,0.0));
#6436=ORIENTED_EDGE('',*,*,#9058,.F.);
#6437=ORIENTED_EDGE('',*,*,#9066,.F.);
#6438=ORIENTED_EDGE('',*,*,#9049,.T.);
#6439=ORIENTED_EDGE('',*,*,#8640,.T.);
#6440=CARTESIAN_POINT('',(7.1882,5.1054,4.115308));
#6441=DIRECTION('',(-1.0,0.0,-0.0));
#6442=DIRECTION('',(0.0,0.0,-1.0));
#6443=ORIENTED_EDGE('',*,*,#9050,.T.);
#6444=ORIENTED_EDGE('',*,*,#9066,.T.);
#6445=ORIENTED_EDGE('',*,*,#9057,.F.);
#6446=ORIENTED_EDGE('',*,*,#8811,.F.);
#6447=CARTESIAN_POINT('',(7.1882,1.6002,0.6096));
#6448=DIRECTION('',(-0.0,1.0,0.0));
#6449=DIRECTION('',(1.0,0.0,0.0));
#6450=ORIENTED_EDGE('',*,*,#9067,.F.);
#6451=ORIENTED_EDGE('',*,*,#9068,.F.);
#6452=ORIENTED_EDGE('',*,*,#8722,.T.);
#6453=ORIENTED_EDGE('',*,*,#9069,.F.);
#6454=ORIENTED_EDGE('',*,*,#9070,.F.);
#6455=ORIENTED_EDGE('',*,*,#9071,.F.);
#6456=ORIENTED_EDGE('',*,*,#8818,.F.);
#6457=CARTESIAN_POINT('',(5.0292,0.0,-11.3284));
#6458=DIRECTION('',(1.0,0.0,0.0));
#6459=DIRECTION('',(0.0,1.0,0.0));
#6460=ORIENTED_EDGE('',*,*,#9072,.F.);
#6461=ORIENTED_EDGE('',*,*,#9073,.F.);
#6462=ORIENTED_EDGE('',*,*,#9074,.F.);
#6463=ORIENTED_EDGE('',*,*,#8645,.F.);
#6464=ORIENTED_EDGE('',*,*,#9075,.F.);
#6465=ORIENTED_EDGE('',*,*,#9076,.F.);
#6466=ORIENTED_EDGE('',*,*,#8822,.F.);
#6467=CARTESIAN_POINT('',(5.0292,0.0,-11.3284));
#6468=DIRECTION('',(1.0,0.0,0.0));
#6469=DIRECTION('',(0.0,1.0,0.0));
#6470=ORIENTED_EDGE('',*,*,#9071,.T.);
#6471=ORIENTED_EDGE('',*,*,#9077,.T.);
#6472=ORIENTED_EDGE('',*,*,#9078,.F.);
#6473=ORIENTED_EDGE('',*,*,#8815,.F.);
#6474=CARTESIAN_POINT('',(5.0292,-1.3462,0.6096));
#6475=DIRECTION('',(-0.0,1.0,0.0));
#6476=DIRECTION('',(1.0,0.0,0.0));
#6477=ORIENTED_EDGE('',*,*,#9078,.T.);
#6478=ORIENTED_EDGE('',*,*,#9079,.T.);
#6479=ORIENTED_EDGE('',*,*,#9080,.T.);
#6480=ORIENTED_EDGE('',*,*,#8720,.F.);
#6481=ORIENTED_EDGE('',*,*,#9081,.T.);
#6482=ORIENTED_EDGE('',*,*,#9082,.T.);
#6483=ORIENTED_EDGE('',*,*,#8816,.T.);
#6484=CARTESIAN_POINT('',(6.0198,0.0,-11.3284));
#6485=DIRECTION('',(1.0,0.0,0.0));
#6486=DIRECTION('',(0.0,1.0,0.0));
#6487=ORIENTED_EDGE('',*,*,#9083,.T.);
#6488=ORIENTED_EDGE('',*,*,#9084,.T.);
#6489=ORIENTED_EDGE('',*,*,#8643,.T.);
#6490=ORIENTED_EDGE('',*,*,#9085,.T.);
#6491=ORIENTED_EDGE('',*,*,#9086,.T.);
#6492=ORIENTED_EDGE('',*,*,#9087,.T.);
#6493=ORIENTED_EDGE('',*,*,#8820,.T.);
#6494=CARTESIAN_POINT('',(6.0198,0.0,-11.3284));
#6495=DIRECTION('',(1.0,0.0,0.0));
#6496=DIRECTION('',(0.0,1.0,0.0));
#6497=ORIENTED_EDGE('',*,*,#9082,.F.);
#6498=ORIENTED_EDGE('',*,*,#9088,.F.);
#6499=ORIENTED_EDGE('',*,*,#9067,.T.);
#6500=ORIENTED_EDGE('',*,*,#8817,.T.);
#6501=CARTESIAN_POINT('',(5.0292,-1.6002,4.115308));
#6502=DIRECTION('',(0.0,-1.0,0.0));
#6503=DIRECTION('',(0.0,0.0,-1.0));
#6504=ORIENTED_EDGE('',*,*,#9068,.T.);
#6505=ORIENTED_EDGE('',*,*,#9088,.T.);
#6506=ORIENTED_EDGE('',*,*,#9081,.F.);
#6507=ORIENTED_EDGE('',*,*,#8719,.F.);
#6508=CARTESIAN_POINT('',(5.0292,-5.1054,4.115308));
#6509=DIRECTION('',(-1.0,0.0,-0.0));
#6510=DIRECTION('',(0.0,0.0,-1.0));
#6511=ORIENTED_EDGE('',*,*,#9080,.F.);
#6512=ORIENTED_EDGE('',*,*,#9089,.F.);
#6513=ORIENTED_EDGE('',*,*,#9069,.T.);
#6514=ORIENTED_EDGE('',*,*,#8721,.T.);
#6515=CARTESIAN_POINT('',(5.0292,-2.028014154839,6.274308));
#6516=DIRECTION('',(0.0,0.818627858363855,0.574324324324339));
#6517=DIRECTION('',(1.0,0.0,-0.0));
#6518=ORIENTED_EDGE('',*,*,#9089,.T.);
#6519=ORIENTED_EDGE('',*,*,#9079,.F.);
#6520=ORIENTED_EDGE('',*,*,#9077,.F.);
#6521=ORIENTED_EDGE('',*,*,#9070,.T.);
#6522=CARTESIAN_POINT('',(5.0292,-5.1054,4.115308));
#6523=DIRECTION('',(-1.0,0.0,-0.0));
#6524=DIRECTION('',(0.0,0.0,-1.0));
#6525=ORIENTED_EDGE('',*,*,#9087,.F.);
#6526=ORIENTED_EDGE('',*,*,#9090,.F.);
#6527=ORIENTED_EDGE('',*,*,#9072,.T.);
#6528=ORIENTED_EDGE('',*,*,#8821,.T.);
#6529=CARTESIAN_POINT('',(5.0292,1.3462,4.115308));
#6530=DIRECTION('',(0.0,-1.0,0.0));
#6531=DIRECTION('',(0.0,0.0,-1.0));
#6532=ORIENTED_EDGE('',*,*,#9090,.T.);
#6533=ORIENTED_EDGE('',*,*,#9086,.F.);
#6534=ORIENTED_EDGE('',*,*,#9091,.F.);
#6535=ORIENTED_EDGE('',*,*,#9073,.T.);
#6536=CARTESIAN_POINT('',(5.0292,5.1054,4.115308));
#6537=DIRECTION('',(-1.0,0.0,-0.0));
#6538=DIRECTION('',(0.0,0.0,-1.0));
#6539=ORIENTED_EDGE('',*,*,#9074,.T.);
#6540=ORIENTED_EDGE('',*,*,#9091,.T.);
#6541=ORIENTED_EDGE('',*,*,#9085,.F.);
#6542=ORIENTED_EDGE('',*,*,#8642,.F.);
#6543=CARTESIAN_POINT('',(5.0292,2.05105,6.307142730816));
#6544=DIRECTION('',(0.0,-0.818627858363855,0.574324324324339));
#6545=DIRECTION('',(-1.0,0.0,0.0));
#6546=ORIENTED_EDGE('',*,*,#9084,.F.);
#6547=ORIENTED_EDGE('',*,*,#9092,.F.);
#6548=ORIENTED_EDGE('',*,*,#9075,.T.);
#6549=ORIENTED_EDGE('',*,*,#8644,.T.);
#6550=CARTESIAN_POINT('',(5.0292,5.1054,4.115308));
#6551=DIRECTION('',(-1.0,0.0,-0.0));
#6552=DIRECTION('',(0.0,0.0,-1.0));
#6553=ORIENTED_EDGE('',*,*,#9076,.T.);
#6554=ORIENTED_EDGE('',*,*,#9092,.T.);
#6555=ORIENTED_EDGE('',*,*,#9083,.F.);
#6556=ORIENTED_EDGE('',*,*,#8819,.F.);
#6557=CARTESIAN_POINT('',(5.0292,1.6002,0.6096));
#6558=DIRECTION('',(-0.0,1.0,0.0));
#6559=DIRECTION('',(1.0,0.0,0.0));
#6560=ORIENTED_EDGE('',*,*,#9093,.F.);
#6561=ORIENTED_EDGE('',*,*,#9094,.F.);
#6562=ORIENTED_EDGE('',*,*,#8726,.T.);
#6563=ORIENTED_EDGE('',*,*,#9095,.F.);
#6564=ORIENTED_EDGE('',*,*,#9096,.F.);
#6565=ORIENTED_EDGE('',*,*,#9097,.F.);
#6566=ORIENTED_EDGE('',*,*,#8826,.F.);
#6567=CARTESIAN_POINT('',(2.8702,0.0,-11.3284));
#6568=DIRECTION('',(1.0,0.0,0.0));
#6569=DIRECTION('',(0.0,1.0,0.0));
#6570=ORIENTED_EDGE('',*,*,#9098,.F.);
#6571=ORIENTED_EDGE('',*,*,#9099,.F.);
#6572=ORIENTED_EDGE('',*,*,#9100,.F.);
#6573=ORIENTED_EDGE('',*,*,#8649,.F.);
#6574=ORIENTED_EDGE('',*,*,#9101,.F.);
#6575=ORIENTED_EDGE('',*,*,#9102,.F.);
#6576=ORIENTED_EDGE('',*,*,#8830,.F.);
#6577=CARTESIAN_POINT('',(2.8702,0.0,-11.3284));
#6578=DIRECTION('',(1.0,0.0,0.0));
#6579=DIRECTION('',(0.0,1.0,0.0));
#6580=ORIENTED_EDGE('',*,*,#9097,.T.);
#6581=ORIENTED_EDGE('',*,*,#9103,.T.);
#6582=ORIENTED_EDGE('',*,*,#9104,.F.);
#6583=ORIENTED_EDGE('',*,*,#8823,.F.);
#6584=CARTESIAN_POINT('',(2.8702,-1.3462,0.6096));
#6585=DIRECTION('',(-0.0,1.0,0.0));
#6586=DIRECTION('',(1.0,0.0,0.0));
#6587=ORIENTED_EDGE('',*,*,#9104,.T.);
#6588=ORIENTED_EDGE('',*,*,#9105,.T.);
#6589=ORIENTED_EDGE('',*,*,#9106,.T.);
#6590=ORIENTED_EDGE('',*,*,#8724,.F.);
#6591=ORIENTED_EDGE('',*,*,#9107,.T.);
#6592=ORIENTED_EDGE('',*,*,#9108,.T.);
#6593=ORIENTED_EDGE('',*,*,#8824,.T.);
#6594=CARTESIAN_POINT('',(3.8608,0.0,-11.3284));
#6595=DIRECTION('',(1.0,0.0,0.0));
#6596=DIRECTION('',(0.0,1.0,0.0));
#6597=ORIENTED_EDGE('',*,*,#9109,.T.);
#6598=ORIENTED_EDGE('',*,*,#9110,.T.);
#6599=ORIENTED_EDGE('',*,*,#8647,.T.);
#6600=ORIENTED_EDGE('',*,*,#9111,.T.);
#6601=ORIENTED_EDGE('',*,*,#9112,.T.);
#6602=ORIENTED_EDGE('',*,*,#9113,.T.);
#6603=ORIENTED_EDGE('',*,*,#8828,.T.);
#6604=CARTESIAN_POINT('',(3.8608,0.0,-11.3284));
#6605=DIRECTION('',(1.0,0.0,0.0));
#6606=DIRECTION('',(0.0,1.0,0.0));
#6607=ORIENTED_EDGE('',*,*,#9108,.F.);
#6608=ORIENTED_EDGE('',*,*,#9114,.F.);
#6609=ORIENTED_EDGE('',*,*,#9093,.T.);
#6610=ORIENTED_EDGE('',*,*,#8825,.T.);
#6611=CARTESIAN_POINT('',(2.8702,-1.6002,4.115308));
#6612=DIRECTION('',(0.0,-1.0,0.0));
#6613=DIRECTION('',(0.0,0.0,-1.0));
#6614=ORIENTED_EDGE('',*,*,#9094,.T.);
#6615=ORIENTED_EDGE('',*,*,#9114,.T.);
#6616=ORIENTED_EDGE('',*,*,#9107,.F.);
#6617=ORIENTED_EDGE('',*,*,#8723,.F.);
#6618=CARTESIAN_POINT('',(2.8702,-5.1054,4.115308));
#6619=DIRECTION('',(-1.0,0.0,-0.0));
#6620=DIRECTION('',(0.0,0.0,-1.0));
#6621=ORIENTED_EDGE('',*,*,#9106,.F.);
#6622=ORIENTED_EDGE('',*,*,#9115,.F.);
#6623=ORIENTED_EDGE('',*,*,#9095,.T.);
#6624=ORIENTED_EDGE('',*,*,#8725,.T.);
#6625=CARTESIAN_POINT('',(2.8702,-2.028014154839,6.274308));
#6626=DIRECTION('',(0.0,0.818627858363855,0.574324324324339));
#6627=DIRECTION('',(1.0,0.0,-0.0));
#6628=ORIENTED_EDGE('',*,*,#9115,.T.);
#6629=ORIENTED_EDGE('',*,*,#9105,.F.);
#6630=ORIENTED_EDGE('',*,*,#9103,.F.);
#6631=ORIENTED_EDGE('',*,*,#9096,.T.);
#6632=CARTESIAN_POINT('',(2.8702,-5.1054,4.115308));
#6633=DIRECTION('',(-1.0,0.0,-0.0));
#6634=DIRECTION('',(0.0,0.0,-1.0));
#6635=ORIENTED_EDGE('',*,*,#9113,.F.);
#6636=ORIENTED_EDGE('',*,*,#9116,.F.);
#6637=ORIENTED_EDGE('',*,*,#9098,.T.);
#6638=ORIENTED_EDGE('',*,*,#8829,.T.);
#6639=CARTESIAN_POINT('',(2.8702,1.3462,4.115308));
#6640=DIRECTION('',(0.0,-1.0,0.0));
#6641=DIRECTION('',(0.0,0.0,-1.0));
#6642=ORIENTED_EDGE('',*,*,#9116,.T.);
#6643=ORIENTED_EDGE('',*,*,#9112,.F.);
#6644=ORIENTED_EDGE('',*,*,#9117,.F.);
#6645=ORIENTED_EDGE('',*,*,#9099,.T.);
#6646=CARTESIAN_POINT('',(2.8702,5.1054,4.115308));
#6647=DIRECTION('',(-1.0,0.0,-0.0));
#6648=DIRECTION('',(0.0,0.0,-1.0));
#6649=ORIENTED_EDGE('',*,*,#9100,.T.);
#6650=ORIENTED_EDGE('',*,*,#9117,.T.);
#6651=ORIENTED_EDGE('',*,*,#9111,.F.);
#6652=ORIENTED_EDGE('',*,*,#8646,.F.);
#6653=CARTESIAN_POINT('',(2.8702,2.05105,6.307142730816));
#6654=DIRECTION('',(0.0,-0.818627858363855,0.574324324324339));
#6655=DIRECTION('',(-1.0,0.0,0.0));
#6656=ORIENTED_EDGE('',*,*,#9110,.F.);
#6657=ORIENTED_EDGE('',*,*,#9118,.F.);
#6658=ORIENTED_EDGE('',*,*,#9101,.T.);
#6659=ORIENTED_EDGE('',*,*,#8648,.T.);
#6660=CARTESIAN_POINT('',(2.8702,5.1054,4.115308));
#6661=DIRECTION('',(-1.0,0.0,-0.0));
#6662=DIRECTION('',(0.0,0.0,-1.0));
#6663=ORIENTED_EDGE('',*,*,#9102,.T.);
#6664=ORIENTED_EDGE('',*,*,#9118,.T.);
#6665=ORIENTED_EDGE('',*,*,#9109,.F.);
#6666=ORIENTED_EDGE('',*,*,#8827,.F.);
#6667=CARTESIAN_POINT('',(2.8702,1.6002,0.6096));
#6668=DIRECTION('',(-0.0,1.0,0.0));
#6669=DIRECTION('',(1.0,0.0,0.0));
#6670=ORIENTED_EDGE('',*,*,#9119,.F.);
#6671=ORIENTED_EDGE('',*,*,#9120,.F.);
#6672=ORIENTED_EDGE('',*,*,#8730,.T.);
#6673=ORIENTED_EDGE('',*,*,#9121,.F.);
#6674=ORIENTED_EDGE('',*,*,#9122,.F.);
#6675=ORIENTED_EDGE('',*,*,#9123,.F.);
#6676=ORIENTED_EDGE('',*,*,#8834,.F.);
#6677=CARTESIAN_POINT('',(0.7112,0.0,-11.3284));
#6678=DIRECTION('',(1.0,0.0,0.0));
#6679=DIRECTION('',(0.0,1.0,0.0));
#6680=ORIENTED_EDGE('',*,*,#9124,.F.);
#6681=ORIENTED_EDGE('',*,*,#9125,.F.);
#6682=ORIENTED_EDGE('',*,*,#9126,.F.);
#6683=ORIENTED_EDGE('',*,*,#8653,.F.);
#6684=ORIENTED_EDGE('',*,*,#9127,.F.);
#6685=ORIENTED_EDGE('',*,*,#9128,.F.);
#6686=ORIENTED_EDGE('',*,*,#8838,.F.);
#6687=CARTESIAN_POINT('',(0.7112,0.0,-11.3284));
#6688=DIRECTION('',(1.0,0.0,0.0));
#6689=DIRECTION('',(0.0,1.0,0.0));
#6690=ORIENTED_EDGE('',*,*,#9123,.T.);
#6691=ORIENTED_EDGE('',*,*,#9129,.T.);
#6692=ORIENTED_EDGE('',*,*,#9130,.F.);
#6693=ORIENTED_EDGE('',*,*,#8831,.F.);
#6694=CARTESIAN_POINT('',(0.7112,-1.3462,0.6096));
#6695=DIRECTION('',(-0.0,1.0,0.0));
#6696=DIRECTION('',(1.0,0.0,0.0));
#6697=ORIENTED_EDGE('',*,*,#9130,.T.);
#6698=ORIENTED_EDGE('',*,*,#9131,.T.);
#6699=ORIENTED_EDGE('',*,*,#9132,.T.);
#6700=ORIENTED_EDGE('',*,*,#8728,.F.);
#6701=ORIENTED_EDGE('',*,*,#9133,.T.);
#6702=ORIENTED_EDGE('',*,*,#9134,.T.);
#6703=ORIENTED_EDGE('',*,*,#8832,.T.);
#6704=CARTESIAN_POINT('',(1.7018,0.0,-11.3284));
#6705=DIRECTION('',(1.0,0.0,0.0));
#6706=DIRECTION('',(0.0,1.0,0.0));
#6707=ORIENTED_EDGE('',*,*,#9135,.T.);
#6708=ORIENTED_EDGE('',*,*,#9136,.T.);
#6709=ORIENTED_EDGE('',*,*,#8651,.T.);
#6710=ORIENTED_EDGE('',*,*,#9137,.T.);
#6711=ORIENTED_EDGE('',*,*,#9138,.T.);
#6712=ORIENTED_EDGE('',*,*,#9139,.T.);
#6713=ORIENTED_EDGE('',*,*,#8836,.T.);
#6714=CARTESIAN_POINT('',(1.7018,0.0,-11.3284));
#6715=DIRECTION('',(1.0,0.0,0.0));
#6716=DIRECTION('',(0.0,1.0,0.0));
#6717=ORIENTED_EDGE('',*,*,#9134,.F.);
#6718=ORIENTED_EDGE('',*,*,#9140,.F.);
#6719=ORIENTED_EDGE('',*,*,#9119,.T.);
#6720=ORIENTED_EDGE('',*,*,#8833,.T.);
#6721=CARTESIAN_POINT('',(0.7112,-1.6002,4.115308));
#6722=DIRECTION('',(0.0,-1.0,0.0));
#6723=DIRECTION('',(0.0,0.0,-1.0));
#6724=ORIENTED_EDGE('',*,*,#9120,.T.);
#6725=ORIENTED_EDGE('',*,*,#9140,.T.);
#6726=ORIENTED_EDGE('',*,*,#9133,.F.);
#6727=ORIENTED_EDGE('',*,*,#8727,.F.);
#6728=CARTESIAN_POINT('',(0.7112,-5.1054,4.115308));
#6729=DIRECTION('',(-1.0,0.0,-0.0));
#6730=DIRECTION('',(0.0,0.0,-1.0));
#6731=ORIENTED_EDGE('',*,*,#9132,.F.);
#6732=ORIENTED_EDGE('',*,*,#9141,.F.);
#6733=ORIENTED_EDGE('',*,*,#9121,.T.);
#6734=ORIENTED_EDGE('',*,*,#8729,.T.);
#6735=CARTESIAN_POINT('',(0.7112,-2.028014154839,6.274308));
#6736=DIRECTION('',(0.0,0.818627858363855,0.574324324324339));
#6737=DIRECTION('',(1.0,0.0,-0.0));
#6738=ORIENTED_EDGE('',*,*,#9141,.T.);
#6739=ORIENTED_EDGE('',*,*,#9131,.F.);
#6740=ORIENTED_EDGE('',*,*,#9129,.F.);
#6741=ORIENTED_EDGE('',*,*,#9122,.T.);
#6742=CARTESIAN_POINT('',(0.7112,-5.1054,4.115308));
#6743=DIRECTION('',(-1.0,0.0,-0.0));
#6744=DIRECTION('',(0.0,0.0,-1.0));
#6745=ORIENTED_EDGE('',*,*,#9139,.F.);
#6746=ORIENTED_EDGE('',*,*,#9142,.F.);
#6747=ORIENTED_EDGE('',*,*,#9124,.T.);
#6748=ORIENTED_EDGE('',*,*,#8837,.T.);
#6749=CARTESIAN_POINT('',(0.7112,1.3462,4.115308));
#6750=DIRECTION('',(0.0,-1.0,0.0));
#6751=DIRECTION('',(0.0,0.0,-1.0));
#6752=ORIENTED_EDGE('',*,*,#9142,.T.);
#6753=ORIENTED_EDGE('',*,*,#9138,.F.);
#6754=ORIENTED_EDGE('',*,*,#9143,.F.);
#6755=ORIENTED_EDGE('',*,*,#9125,.T.);
#6756=CARTESIAN_POINT('',(0.7112,5.1054,4.115308));
#6757=DIRECTION('',(-1.0,0.0,-0.0));
#6758=DIRECTION('',(0.0,0.0,-1.0));
#6759=ORIENTED_EDGE('',*,*,#9126,.T.);
#6760=ORIENTED_EDGE('',*,*,#9143,.T.);
#6761=ORIENTED_EDGE('',*,*,#9137,.F.);
#6762=ORIENTED_EDGE('',*,*,#8650,.F.);
#6763=CARTESIAN_POINT('',(0.7112,2.05105,6.307142730816));
#6764=DIRECTION('',(0.0,-0.818627858363855,0.574324324324339));
#6765=DIRECTION('',(-1.0,0.0,0.0));
#6766=ORIENTED_EDGE('',*,*,#9136,.F.);
#6767=ORIENTED_EDGE('',*,*,#9144,.F.);
#6768=ORIENTED_EDGE('',*,*,#9127,.T.);
#6769=ORIENTED_EDGE('',*,*,#8652,.T.);
#6770=CARTESIAN_POINT('',(0.7112,5.1054,4.115308));
#6771=DIRECTION('',(-1.0,0.0,-0.0));
#6772=DIRECTION('',(0.0,0.0,-1.0));
#6773=ORIENTED_EDGE('',*,*,#9128,.T.);
#6774=ORIENTED_EDGE('',*,*,#9144,.T.);
#6775=ORIENTED_EDGE('',*,*,#9135,.F.);
#6776=ORIENTED_EDGE('',*,*,#8835,.F.);
#6777=CARTESIAN_POINT('',(0.7112,1.6002,0.6096));
#6778=DIRECTION('',(-0.0,1.0,0.0));
#6779=DIRECTION('',(1.0,0.0,0.0));
#6780=ORIENTED_EDGE('',*,*,#9145,.F.);
#6781=ORIENTED_EDGE('',*,*,#9146,.F.);
#6782=ORIENTED_EDGE('',*,*,#8734,.T.);
#6783=ORIENTED_EDGE('',*,*,#9147,.F.);
#6784=ORIENTED_EDGE('',*,*,#9148,.F.);
#6785=ORIENTED_EDGE('',*,*,#9149,.F.);
#6786=ORIENTED_EDGE('',*,*,#8842,.F.);
#6787=CARTESIAN_POINT('',(-1.4478,0.0,-11.3284));
#6788=DIRECTION('',(1.0,0.0,0.0));
#6789=DIRECTION('',(0.0,1.0,0.0));
#6790=ORIENTED_EDGE('',*,*,#9150,.F.);
#6791=ORIENTED_EDGE('',*,*,#9151,.F.);
#6792=ORIENTED_EDGE('',*,*,#9152,.F.);
#6793=ORIENTED_EDGE('',*,*,#8657,.F.);
#6794=ORIENTED_EDGE('',*,*,#9153,.F.);
#6795=ORIENTED_EDGE('',*,*,#9154,.F.);
#6796=ORIENTED_EDGE('',*,*,#8846,.F.);
#6797=CARTESIAN_POINT('',(-1.4478,0.0,-11.3284));
#6798=DIRECTION('',(1.0,0.0,0.0));
#6799=DIRECTION('',(0.0,1.0,0.0));
#6800=ORIENTED_EDGE('',*,*,#9149,.T.);
#6801=ORIENTED_EDGE('',*,*,#9155,.T.);
#6802=ORIENTED_EDGE('',*,*,#9156,.F.);
#6803=ORIENTED_EDGE('',*,*,#8839,.F.);
#6804=CARTESIAN_POINT('',(-1.4478,-1.3462,0.6096));
#6805=DIRECTION('',(-0.0,1.0,0.0));
#6806=DIRECTION('',(1.0,0.0,0.0));
#6807=ORIENTED_EDGE('',*,*,#9156,.T.);
#6808=ORIENTED_EDGE('',*,*,#9157,.T.);
#6809=ORIENTED_EDGE('',*,*,#9158,.T.);
#6810=ORIENTED_EDGE('',*,*,#8732,.F.);
#6811=ORIENTED_EDGE('',*,*,#9159,.T.);
#6812=ORIENTED_EDGE('',*,*,#9160,.T.);
#6813=ORIENTED_EDGE('',*,*,#8840,.T.);
#6814=CARTESIAN_POINT('',(-0.4572,0.0,-11.3284));
#6815=DIRECTION('',(1.0,0.0,0.0));
#6816=DIRECTION('',(0.0,1.0,0.0));
#6817=ORIENTED_EDGE('',*,*,#9161,.T.);
#6818=ORIENTED_EDGE('',*,*,#9162,.T.);
#6819=ORIENTED_EDGE('',*,*,#8655,.T.);
#6820=ORIENTED_EDGE('',*,*,#9163,.T.);
#6821=ORIENTED_EDGE('',*,*,#9164,.T.);
#6822=ORIENTED_EDGE('',*,*,#9165,.T.);
#6823=ORIENTED_EDGE('',*,*,#8844,.T.);
#6824=CARTESIAN_POINT('',(-0.4572,0.0,-11.3284));
#6825=DIRECTION('',(1.0,0.0,0.0));
#6826=DIRECTION('',(0.0,1.0,0.0));
#6827=ORIENTED_EDGE('',*,*,#9160,.F.);
#6828=ORIENTED_EDGE('',*,*,#9166,.F.);
#6829=ORIENTED_EDGE('',*,*,#9145,.T.);
#6830=ORIENTED_EDGE('',*,*,#8841,.T.);
#6831=CARTESIAN_POINT('',(-1.4478,-1.6002,4.115308));
#6832=DIRECTION('',(0.0,-1.0,0.0));
#6833=DIRECTION('',(0.0,0.0,-1.0));
#6834=ORIENTED_EDGE('',*,*,#9146,.T.);
#6835=ORIENTED_EDGE('',*,*,#9166,.T.);
#6836=ORIENTED_EDGE('',*,*,#9159,.F.);
#6837=ORIENTED_EDGE('',*,*,#8731,.F.);
#6838=CARTESIAN_POINT('',(-1.4478,-5.1054,4.115308));
#6839=DIRECTION('',(-1.0,0.0,-0.0));
#6840=DIRECTION('',(0.0,0.0,-1.0));
#6841=ORIENTED_EDGE('',*,*,#9158,.F.);
#6842=ORIENTED_EDGE('',*,*,#9167,.F.);
#6843=ORIENTED_EDGE('',*,*,#9147,.T.);
#6844=ORIENTED_EDGE('',*,*,#8733,.T.);
#6845=CARTESIAN_POINT('',(-1.4478,-2.028014154839,6.274308));
#6846=DIRECTION('',(0.0,0.818627858363855,0.574324324324339));
#6847=DIRECTION('',(1.0,0.0,-0.0));
#6848=ORIENTED_EDGE('',*,*,#9167,.T.);
#6849=ORIENTED_EDGE('',*,*,#9157,.F.);
#6850=ORIENTED_EDGE('',*,*,#9155,.F.);
#6851=ORIENTED_EDGE('',*,*,#9148,.T.);
#6852=CARTESIAN_POINT('',(-1.4478,-5.1054,4.115308));
#6853=DIRECTION('',(-1.0,0.0,-0.0));
#6854=DIRECTION('',(0.0,0.0,-1.0));
#6855=ORIENTED_EDGE('',*,*,#9165,.F.);
#6856=ORIENTED_EDGE('',*,*,#9168,.F.);
#6857=ORIENTED_EDGE('',*,*,#9150,.T.);
#6858=ORIENTED_EDGE('',*,*,#8845,.T.);
#6859=CARTESIAN_POINT('',(-1.4478,1.3462,4.115308));
#6860=DIRECTION('',(0.0,-1.0,0.0));
#6861=DIRECTION('',(0.0,0.0,-1.0));
#6862=ORIENTED_EDGE('',*,*,#9168,.T.);
#6863=ORIENTED_EDGE('',*,*,#9164,.F.);
#6864=ORIENTED_EDGE('',*,*,#9169,.F.);
#6865=ORIENTED_EDGE('',*,*,#9151,.T.);
#6866=CARTESIAN_POINT('',(-1.4478,5.1054,4.115308));
#6867=DIRECTION('',(-1.0,0.0,-0.0));
#6868=DIRECTION('',(0.0,0.0,-1.0));
#6869=ORIENTED_EDGE('',*,*,#9152,.T.);
#6870=ORIENTED_EDGE('',*,*,#9169,.T.);
#6871=ORIENTED_EDGE('',*,*,#9163,.F.);
#6872=ORIENTED_EDGE('',*,*,#8654,.F.);
#6873=CARTESIAN_POINT('',(-1.4478,2.05105,6.307142730816));
#6874=DIRECTION('',(0.0,-0.818627858363855,0.574324324324339));
#6875=DIRECTION('',(-1.0,0.0,0.0));
#6876=ORIENTED_EDGE('',*,*,#9162,.F.);
#6877=ORIENTED_EDGE('',*,*,#9170,.F.);
#6878=ORIENTED_EDGE('',*,*,#9153,.T.);
#6879=ORIENTED_EDGE('',*,*,#8656,.T.);
#6880=CARTESIAN_POINT('',(-1.4478,5.1054,4.115308));
#6881=DIRECTION('',(-1.0,0.0,-0.0));
#6882=DIRECTION('',(0.0,0.0,-1.0));
#6883=ORIENTED_EDGE('',*,*,#9154,.T.);
#6884=ORIENTED_EDGE('',*,*,#9170,.T.);
#6885=ORIENTED_EDGE('',*,*,#9161,.F.);
#6886=ORIENTED_EDGE('',*,*,#8843,.F.);
#6887=CARTESIAN_POINT('',(-1.4478,1.6002,0.6096));
#6888=DIRECTION('',(-0.0,1.0,0.0));
#6889=DIRECTION('',(1.0,0.0,0.0));
#6890=ORIENTED_EDGE('',*,*,#9171,.F.);
#6891=ORIENTED_EDGE('',*,*,#9172,.F.);
#6892=ORIENTED_EDGE('',*,*,#8738,.T.);
#6893=ORIENTED_EDGE('',*,*,#9173,.F.);
#6894=ORIENTED_EDGE('',*,*,#9174,.F.);
#6895=ORIENTED_EDGE('',*,*,#9175,.F.);
#6896=ORIENTED_EDGE('',*,*,#8850,.F.);
#6897=CARTESIAN_POINT('',(-3.6068,0.0,-11.3284));
#6898=DIRECTION('',(1.0,0.0,0.0));
#6899=DIRECTION('',(0.0,1.0,0.0));
#6900=ORIENTED_EDGE('',*,*,#9176,.F.);
#6901=ORIENTED_EDGE('',*,*,#9177,.F.);
#6902=ORIENTED_EDGE('',*,*,#9178,.F.);
#6903=ORIENTED_EDGE('',*,*,#8661,.F.);
#6904=ORIENTED_EDGE('',*,*,#9179,.F.);
#6905=ORIENTED_EDGE('',*,*,#9180,.F.);
#6906=ORIENTED_EDGE('',*,*,#8854,.F.);
#6907=CARTESIAN_POINT('',(-3.6068,0.0,-11.3284));
#6908=DIRECTION('',(1.0,0.0,0.0));
#6909=DIRECTION('',(0.0,1.0,0.0));
#6910=ORIENTED_EDGE('',*,*,#9175,.T.);
#6911=ORIENTED_EDGE('',*,*,#9181,.T.);
#6912=ORIENTED_EDGE('',*,*,#9182,.F.);
#6913=ORIENTED_EDGE('',*,*,#8847,.F.);
#6914=CARTESIAN_POINT('',(-3.6068,-1.3462,0.6096));
#6915=DIRECTION('',(-0.0,1.0,0.0));
#6916=DIRECTION('',(1.0,0.0,0.0));
#6917=ORIENTED_EDGE('',*,*,#9182,.T.);
#6918=ORIENTED_EDGE('',*,*,#9183,.T.);
#6919=ORIENTED_EDGE('',*,*,#9184,.T.);
#6920=ORIENTED_EDGE('',*,*,#8736,.F.);
#6921=ORIENTED_EDGE('',*,*,#9185,.T.);
#6922=ORIENTED_EDGE('',*,*,#9186,.T.);
#6923=ORIENTED_EDGE('',*,*,#8848,.T.);
#6924=CARTESIAN_POINT('',(-2.6162,0.0,-11.3284));
#6925=DIRECTION('',(1.0,0.0,0.0));
#6926=DIRECTION('',(0.0,1.0,0.0));
#6927=ORIENTED_EDGE('',*,*,#9187,.T.);
#6928=ORIENTED_EDGE('',*,*,#9188,.T.);
#6929=ORIENTED_EDGE('',*,*,#8659,.T.);
#6930=ORIENTED_EDGE('',*,*,#9189,.T.);
#6931=ORIENTED_EDGE('',*,*,#9190,.T.);
#6932=ORIENTED_EDGE('',*,*,#9191,.T.);
#6933=ORIENTED_EDGE('',*,*,#8852,.T.);
#6934=CARTESIAN_POINT('',(-2.6162,0.0,-11.3284));
#6935=DIRECTION('',(1.0,0.0,0.0));
#6936=DIRECTION('',(0.0,1.0,0.0));
#6937=ORIENTED_EDGE('',*,*,#9186,.F.);
#6938=ORIENTED_EDGE('',*,*,#9192,.F.);
#6939=ORIENTED_EDGE('',*,*,#9171,.T.);
#6940=ORIENTED_EDGE('',*,*,#8849,.T.);
#6941=CARTESIAN_POINT('',(-3.6068,-1.6002,4.115308));
#6942=DIRECTION('',(0.0,-1.0,0.0));
#6943=DIRECTION('',(0.0,0.0,-1.0));
#6944=ORIENTED_EDGE('',*,*,#9172,.T.);
#6945=ORIENTED_EDGE('',*,*,#9192,.T.);
#6946=ORIENTED_EDGE('',*,*,#9185,.F.);
#6947=ORIENTED_EDGE('',*,*,#8735,.F.);
#6948=CARTESIAN_POINT('',(-3.6068,-5.1054,4.115308));
#6949=DIRECTION('',(-1.0,0.0,-0.0));
#6950=DIRECTION('',(0.0,0.0,-1.0));
#6951=ORIENTED_EDGE('',*,*,#9184,.F.);
#6952=ORIENTED_EDGE('',*,*,#9193,.F.);
#6953=ORIENTED_EDGE('',*,*,#9173,.T.);
#6954=ORIENTED_EDGE('',*,*,#8737,.T.);
#6955=CARTESIAN_POINT('',(-3.6068,-2.028014154839,6.274308));
#6956=DIRECTION('',(0.0,0.818627858363855,0.574324324324339));
#6957=DIRECTION('',(1.0,0.0,-0.0));
#6958=ORIENTED_EDGE('',*,*,#9193,.T.);
#6959=ORIENTED_EDGE('',*,*,#9183,.F.);
#6960=ORIENTED_EDGE('',*,*,#9181,.F.);
#6961=ORIENTED_EDGE('',*,*,#9174,.T.);
#6962=CARTESIAN_POINT('',(-3.6068,-5.1054,4.115308));
#6963=DIRECTION('',(-1.0,0.0,-0.0));
#6964=DIRECTION('',(0.0,0.0,-1.0));
#6965=ORIENTED_EDGE('',*,*,#9191,.F.);
#6966=ORIENTED_EDGE('',*,*,#9194,.F.);
#6967=ORIENTED_EDGE('',*,*,#9176,.T.);
#6968=ORIENTED_EDGE('',*,*,#8853,.T.);
#6969=CARTESIAN_POINT('',(-3.6068,1.3462,4.115308));
#6970=DIRECTION('',(0.0,-1.0,0.0));
#6971=DIRECTION('',(0.0,0.0,-1.0));
#6972=ORIENTED_EDGE('',*,*,#9194,.T.);
#6973=ORIENTED_EDGE('',*,*,#9190,.F.);
#6974=ORIENTED_EDGE('',*,*,#9195,.F.);
#6975=ORIENTED_EDGE('',*,*,#9177,.T.);
#6976=CARTESIAN_POINT('',(-3.6068,5.1054,4.115308));
#6977=DIRECTION('',(-1.0,0.0,-0.0));
#6978=DIRECTION('',(0.0,0.0,-1.0));
#6979=ORIENTED_EDGE('',*,*,#9178,.T.);
#6980=ORIENTED_EDGE('',*,*,#9195,.T.);
#6981=ORIENTED_EDGE('',*,*,#9189,.F.);
#6982=ORIENTED_EDGE('',*,*,#8658,.F.);
#6983=CARTESIAN_POINT('',(-3.6068,2.05105,6.307142730816));
#6984=DIRECTION('',(0.0,-0.818627858363855,0.574324324324339));
#6985=DIRECTION('',(-1.0,0.0,0.0));
#6986=ORIENTED_EDGE('',*,*,#9188,.F.);
#6987=ORIENTED_EDGE('',*,*,#9196,.F.);
#6988=ORIENTED_EDGE('',*,*,#9179,.T.);
#6989=ORIENTED_EDGE('',*,*,#8660,.T.);
#6990=CARTESIAN_POINT('',(-3.6068,5.1054,4.115308));
#6991=DIRECTION('',(-1.0,0.0,-0.0));
#6992=DIRECTION('',(0.0,0.0,-1.0));
#6993=ORIENTED_EDGE('',*,*,#9180,.T.);
#6994=ORIENTED_EDGE('',*,*,#9196,.T.);
#6995=ORIENTED_EDGE('',*,*,#9187,.F.);
#6996=ORIENTED_EDGE('',*,*,#8851,.F.);
#6997=CARTESIAN_POINT('',(-3.6068,1.6002,0.6096));
#6998=DIRECTION('',(-0.0,1.0,0.0));
#6999=DIRECTION('',(1.0,0.0,0.0));
#7000=ORIENTED_EDGE('',*,*,#9197,.F.);
#7001=ORIENTED_EDGE('',*,*,#9198,.F.);
#7002=ORIENTED_EDGE('',*,*,#8742,.T.);
#7003=ORIENTED_EDGE('',*,*,#9199,.F.);
#7004=ORIENTED_EDGE('',*,*,#9200,.F.);
#7005=ORIENTED_EDGE('',*,*,#9201,.F.);
#7006=ORIENTED_EDGE('',*,*,#8858,.F.);
#7007=CARTESIAN_POINT('',(-5.7658,0.0,-11.3284));
#7008=DIRECTION('',(1.0,0.0,0.0));
#7009=DIRECTION('',(0.0,1.0,0.0));
#7010=ORIENTED_EDGE('',*,*,#9202,.F.);
#7011=ORIENTED_EDGE('',*,*,#9203,.F.);
#7012=ORIENTED_EDGE('',*,*,#9204,.F.);
#7013=ORIENTED_EDGE('',*,*,#8665,.F.);
#7014=ORIENTED_EDGE('',*,*,#9205,.F.);
#7015=ORIENTED_EDGE('',*,*,#9206,.F.);
#7016=ORIENTED_EDGE('',*,*,#8862,.F.);
#7017=CARTESIAN_POINT('',(-5.7658,0.0,-11.3284));
#7018=DIRECTION('',(1.0,0.0,0.0));
#7019=DIRECTION('',(0.0,1.0,0.0));
#7020=ORIENTED_EDGE('',*,*,#9201,.T.);
#7021=ORIENTED_EDGE('',*,*,#9207,.T.);
#7022=ORIENTED_EDGE('',*,*,#9208,.F.);
#7023=ORIENTED_EDGE('',*,*,#8855,.F.);
#7024=CARTESIAN_POINT('',(-5.7658,-1.3462,0.6096));
#7025=DIRECTION('',(-0.0,1.0,0.0));
#7026=DIRECTION('',(1.0,0.0,0.0));
#7027=ORIENTED_EDGE('',*,*,#9208,.T.);
#7028=ORIENTED_EDGE('',*,*,#9209,.T.);
#7029=ORIENTED_EDGE('',*,*,#9210,.T.);
#7030=ORIENTED_EDGE('',*,*,#8740,.F.);
#7031=ORIENTED_EDGE('',*,*,#9211,.T.);
#7032=ORIENTED_EDGE('',*,*,#9212,.T.);
#7033=ORIENTED_EDGE('',*,*,#8856,.T.);
#7034=CARTESIAN_POINT('',(-4.7752,0.0,-11.3284));
#7035=DIRECTION('',(1.0,0.0,0.0));
#7036=DIRECTION('',(0.0,1.0,0.0));
#7037=ORIENTED_EDGE('',*,*,#9213,.T.);
#7038=ORIENTED_EDGE('',*,*,#9214,.T.);
#7039=ORIENTED_EDGE('',*,*,#8663,.T.);
#7040=ORIENTED_EDGE('',*,*,#9215,.T.);
#7041=ORIENTED_EDGE('',*,*,#9216,.T.);
#7042=ORIENTED_EDGE('',*,*,#9217,.T.);
#7043=ORIENTED_EDGE('',*,*,#8860,.T.);
#7044=CARTESIAN_POINT('',(-4.7752,0.0,-11.3284));
#7045=DIRECTION('',(1.0,0.0,0.0));
#7046=DIRECTION('',(0.0,1.0,0.0));
#7047=ORIENTED_EDGE('',*,*,#9212,.F.);
#7048=ORIENTED_EDGE('',*,*,#9218,.F.);
#7049=ORIENTED_EDGE('',*,*,#9197,.T.);
#7050=ORIENTED_EDGE('',*,*,#8857,.T.);
#7051=CARTESIAN_POINT('',(-5.7658,-1.6002,4.115308));
#7052=DIRECTION('',(0.0,-1.0,0.0));
#7053=DIRECTION('',(0.0,0.0,-1.0));
#7054=ORIENTED_EDGE('',*,*,#9198,.T.);
#7055=ORIENTED_EDGE('',*,*,#9218,.T.);
#7056=ORIENTED_EDGE('',*,*,#9211,.F.);
#7057=ORIENTED_EDGE('',*,*,#8739,.F.);
#7058=CARTESIAN_POINT('',(-5.7658,-5.1054,4.115308));
#7059=DIRECTION('',(-1.0,0.0,-0.0));
#7060=DIRECTION('',(0.0,0.0,-1.0));
#7061=ORIENTED_EDGE('',*,*,#9210,.F.);
#7062=ORIENTED_EDGE('',*,*,#9219,.F.);
#7063=ORIENTED_EDGE('',*,*,#9199,.T.);
#7064=ORIENTED_EDGE('',*,*,#8741,.T.);
#7065=CARTESIAN_POINT('',(-5.7658,-2.028014154839,6.274308));
#7066=DIRECTION('',(0.0,0.818627858363855,0.574324324324339));
#7067=DIRECTION('',(1.0,0.0,-0.0));
#7068=ORIENTED_EDGE('',*,*,#9219,.T.);
#7069=ORIENTED_EDGE('',*,*,#9209,.F.);
#7070=ORIENTED_EDGE('',*,*,#9207,.F.);
#7071=ORIENTED_EDGE('',*,*,#9200,.T.);
#7072=CARTESIAN_POINT('',(-5.7658,-5.1054,4.115308));
#7073=DIRECTION('',(-1.0,0.0,-0.0));
#7074=DIRECTION('',(0.0,0.0,-1.0));
#7075=ORIENTED_EDGE('',*,*,#9217,.F.);
#7076=ORIENTED_EDGE('',*,*,#9220,.F.);
#7077=ORIENTED_EDGE('',*,*,#9202,.T.);
#7078=ORIENTED_EDGE('',*,*,#8861,.T.);
#7079=CARTESIAN_POINT('',(-5.7658,1.3462,4.115308));
#7080=DIRECTION('',(0.0,-1.0,0.0));
#7081=DIRECTION('',(0.0,0.0,-1.0));
#7082=ORIENTED_EDGE('',*,*,#9220,.T.);
#7083=ORIENTED_EDGE('',*,*,#9216,.F.);
#7084=ORIENTED_EDGE('',*,*,#9221,.F.);
#7085=ORIENTED_EDGE('',*,*,#9203,.T.);
#7086=CARTESIAN_POINT('',(-5.7658,5.1054,4.115308));
#7087=DIRECTION('',(-1.0,0.0,-0.0));
#7088=DIRECTION('',(0.0,0.0,-1.0));
#7089=ORIENTED_EDGE('',*,*,#9204,.T.);
#7090=ORIENTED_EDGE('',*,*,#9221,.T.);
#7091=ORIENTED_EDGE('',*,*,#9215,.F.);
#7092=ORIENTED_EDGE('',*,*,#8662,.F.);
#7093=CARTESIAN_POINT('',(-5.7658,2.05105,6.307142730816));
#7094=DIRECTION('',(0.0,-0.818627858363855,0.574324324324339));
#7095=DIRECTION('',(-1.0,0.0,0.0));
#7096=ORIENTED_EDGE('',*,*,#9214,.F.);
#7097=ORIENTED_EDGE('',*,*,#9222,.F.);
#7098=ORIENTED_EDGE('',*,*,#9205,.T.);
#7099=ORIENTED_EDGE('',*,*,#8664,.T.);
#7100=CARTESIAN_POINT('',(-5.7658,5.1054,4.115308));
#7101=DIRECTION('',(-1.0,0.0,-0.0));
#7102=DIRECTION('',(0.0,0.0,-1.0));
#7103=ORIENTED_EDGE('',*,*,#9206,.T.);
#7104=ORIENTED_EDGE('',*,*,#9222,.T.);
#7105=ORIENTED_EDGE('',*,*,#9213,.F.);
#7106=ORIENTED_EDGE('',*,*,#8859,.F.);
#7107=CARTESIAN_POINT('',(-5.7658,1.6002,0.6096));
#7108=DIRECTION('',(-0.0,1.0,0.0));
#7109=DIRECTION('',(1.0,0.0,0.0));
#7110=ORIENTED_EDGE('',*,*,#9223,.F.);
#7111=ORIENTED_EDGE('',*,*,#9224,.F.);
#7112=ORIENTED_EDGE('',*,*,#8746,.T.);
#7113=ORIENTED_EDGE('',*,*,#9225,.F.);
#7114=ORIENTED_EDGE('',*,*,#9226,.F.);
#7115=ORIENTED_EDGE('',*,*,#9227,.F.);
#7116=ORIENTED_EDGE('',*,*,#8866,.F.);
#7117=CARTESIAN_POINT('',(-7.9248,0.0,-11.3284));
#7118=DIRECTION('',(1.0,0.0,0.0));
#7119=DIRECTION('',(0.0,1.0,0.0));
#7120=ORIENTED_EDGE('',*,*,#9228,.F.);
#7121=ORIENTED_EDGE('',*,*,#9229,.F.);
#7122=ORIENTED_EDGE('',*,*,#9230,.F.);
#7123=ORIENTED_EDGE('',*,*,#8669,.F.);
#7124=ORIENTED_EDGE('',*,*,#9231,.F.);
#7125=ORIENTED_EDGE('',*,*,#9232,.F.);
#7126=ORIENTED_EDGE('',*,*,#8870,.F.);
#7127=CARTESIAN_POINT('',(-7.9248,0.0,-11.3284));
#7128=DIRECTION('',(1.0,0.0,0.0));
#7129=DIRECTION('',(0.0,1.0,0.0));
#7130=ORIENTED_EDGE('',*,*,#9227,.T.);
#7131=ORIENTED_EDGE('',*,*,#9233,.T.);
#7132=ORIENTED_EDGE('',*,*,#9234,.F.);
#7133=ORIENTED_EDGE('',*,*,#8863,.F.);
#7134=CARTESIAN_POINT('',(-7.9248,-1.3462,0.6096));
#7135=DIRECTION('',(-0.0,1.0,0.0));
#7136=DIRECTION('',(1.0,0.0,0.0));
#7137=ORIENTED_EDGE('',*,*,#9234,.T.);
#7138=ORIENTED_EDGE('',*,*,#9235,.T.);
#7139=ORIENTED_EDGE('',*,*,#9236,.T.);
#7140=ORIENTED_EDGE('',*,*,#8744,.F.);
#7141=ORIENTED_EDGE('',*,*,#9237,.T.);
#7142=ORIENTED_EDGE('',*,*,#9238,.T.);
#7143=ORIENTED_EDGE('',*,*,#8864,.T.);
#7144=CARTESIAN_POINT('',(-6.9342,0.0,-11.3284));
#7145=DIRECTION('',(1.0,0.0,0.0));
#7146=DIRECTION('',(0.0,1.0,0.0));
#7147=ORIENTED_EDGE('',*,*,#9239,.T.);
#7148=ORIENTED_EDGE('',*,*,#9240,.T.);
#7149=ORIENTED_EDGE('',*,*,#8667,.T.);
#7150=ORIENTED_EDGE('',*,*,#9241,.T.);
#7151=ORIENTED_EDGE('',*,*,#9242,.T.);
#7152=ORIENTED_EDGE('',*,*,#9243,.T.);
#7153=ORIENTED_EDGE('',*,*,#8868,.T.);
#7154=CARTESIAN_POINT('',(-6.9342,0.0,-11.3284));
#7155=DIRECTION('',(1.0,0.0,0.0));
#7156=DIRECTION('',(0.0,1.0,0.0));
#7157=ORIENTED_EDGE('',*,*,#9238,.F.);
#7158=ORIENTED_EDGE('',*,*,#9244,.F.);
#7159=ORIENTED_EDGE('',*,*,#9223,.T.);
#7160=ORIENTED_EDGE('',*,*,#8865,.T.);
#7161=CARTESIAN_POINT('',(-7.9248,-1.6002,4.115308));
#7162=DIRECTION('',(0.0,-1.0,0.0));
#7163=DIRECTION('',(0.0,0.0,-1.0));
#7164=ORIENTED_EDGE('',*,*,#9224,.T.);
#7165=ORIENTED_EDGE('',*,*,#9244,.T.);
#7166=ORIENTED_EDGE('',*,*,#9237,.F.);
#7167=ORIENTED_EDGE('',*,*,#8743,.F.);
#7168=CARTESIAN_POINT('',(-7.9248,-5.1054,4.115308));
#7169=DIRECTION('',(-1.0,0.0,-0.0));
#7170=DIRECTION('',(0.0,0.0,-1.0));
#7171=ORIENTED_EDGE('',*,*,#9236,.F.);
#7172=ORIENTED_EDGE('',*,*,#9245,.F.);
#7173=ORIENTED_EDGE('',*,*,#9225,.T.);
#7174=ORIENTED_EDGE('',*,*,#8745,.T.);
#7175=CARTESIAN_POINT('',(-7.9248,-2.028014154839,6.274308));
#7176=DIRECTION('',(0.0,0.818627858363855,0.574324324324339));
#7177=DIRECTION('',(1.0,0.0,-0.0));
#7178=ORIENTED_EDGE('',*,*,#9245,.T.);
#7179=ORIENTED_EDGE('',*,*,#9235,.F.);
#7180=ORIENTED_EDGE('',*,*,#9233,.F.);
#7181=ORIENTED_EDGE('',*,*,#9226,.T.);
#7182=CARTESIAN_POINT('',(-7.9248,-5.1054,4.115308));
#7183=DIRECTION('',(-1.0,0.0,-0.0));
#7184=DIRECTION('',(0.0,0.0,-1.0));
#7185=ORIENTED_EDGE('',*,*,#9243,.F.);
#7186=ORIENTED_EDGE('',*,*,#9246,.F.);
#7187=ORIENTED_EDGE('',*,*,#9228,.T.);
#7188=ORIENTED_EDGE('',*,*,#8869,.T.);
#7189=CARTESIAN_POINT('',(-7.9248,1.3462,4.115308));
#7190=DIRECTION('',(0.0,-1.0,0.0));
#7191=DIRECTION('',(0.0,0.0,-1.0));
#7192=ORIENTED_EDGE('',*,*,#9246,.T.);
#7193=ORIENTED_EDGE('',*,*,#9242,.F.);
#7194=ORIENTED_EDGE('',*,*,#9247,.F.);
#7195=ORIENTED_EDGE('',*,*,#9229,.T.);
#7196=CARTESIAN_POINT('',(-7.9248,5.1054,4.115308));
#7197=DIRECTION('',(-1.0,0.0,-0.0));
#7198=DIRECTION('',(0.0,0.0,-1.0));
#7199=ORIENTED_EDGE('',*,*,#9230,.T.);
#7200=ORIENTED_EDGE('',*,*,#9247,.T.);
#7201=ORIENTED_EDGE('',*,*,#9241,.F.);
#7202=ORIENTED_EDGE('',*,*,#8666,.F.);
#7203=CARTESIAN_POINT('',(-7.9248,2.05105,6.307142730816));
#7204=DIRECTION('',(0.0,-0.818627858363855,0.574324324324339));
#7205=DIRECTION('',(-1.0,0.0,0.0));
#7206=ORIENTED_EDGE('',*,*,#9240,.F.);
#7207=ORIENTED_EDGE('',*,*,#9248,.F.);
#7208=ORIENTED_EDGE('',*,*,#9231,.T.);
#7209=ORIENTED_EDGE('',*,*,#8668,.T.);
#7210=CARTESIAN_POINT('',(-7.9248,5.1054,4.115308));
#7211=DIRECTION('',(-1.0,0.0,-0.0));
#7212=DIRECTION('',(0.0,0.0,-1.0));
#7213=ORIENTED_EDGE('',*,*,#9232,.T.);
#7214=ORIENTED_EDGE('',*,*,#9248,.T.);
#7215=ORIENTED_EDGE('',*,*,#9239,.F.);
#7216=ORIENTED_EDGE('',*,*,#8867,.F.);
#7217=CARTESIAN_POINT('',(-7.9248,1.6002,0.6096));
#7218=DIRECTION('',(-0.0,1.0,0.0));
#7219=DIRECTION('',(1.0,0.0,0.0));
#7220=ORIENTED_EDGE('',*,*,#9249,.F.);
#7221=ORIENTED_EDGE('',*,*,#9250,.F.);
#7222=ORIENTED_EDGE('',*,*,#8750,.T.);
#7223=ORIENTED_EDGE('',*,*,#9251,.F.);
#7224=ORIENTED_EDGE('',*,*,#9252,.F.);
#7225=ORIENTED_EDGE('',*,*,#9253,.F.);
#7226=ORIENTED_EDGE('',*,*,#8874,.F.);
#7227=CARTESIAN_POINT('',(-10.0838,0.0,-11.3284));
#7228=DIRECTION('',(1.0,0.0,0.0));
#7229=DIRECTION('',(0.0,1.0,0.0));
#7230=ORIENTED_EDGE('',*,*,#9254,.F.);
#7231=ORIENTED_EDGE('',*,*,#9255,.F.);
#7232=ORIENTED_EDGE('',*,*,#9256,.F.);
#7233=ORIENTED_EDGE('',*,*,#8673,.F.);
#7234=ORIENTED_EDGE('',*,*,#9257,.F.);
#7235=ORIENTED_EDGE('',*,*,#9258,.F.);
#7236=ORIENTED_EDGE('',*,*,#8878,.F.);
#7237=CARTESIAN_POINT('',(-10.0838,0.0,-11.3284));
#7238=DIRECTION('',(1.0,0.0,0.0));
#7239=DIRECTION('',(0.0,1.0,0.0));
#7240=ORIENTED_EDGE('',*,*,#9253,.T.);
#7241=ORIENTED_EDGE('',*,*,#9259,.T.);
#7242=ORIENTED_EDGE('',*,*,#9260,.F.);
#7243=ORIENTED_EDGE('',*,*,#8871,.F.);
#7244=CARTESIAN_POINT('',(-10.0838,-1.3462,0.6096));
#7245=DIRECTION('',(-0.0,1.0,0.0));
#7246=DIRECTION('',(1.0,0.0,0.0));
#7247=ORIENTED_EDGE('',*,*,#9260,.T.);
#7248=ORIENTED_EDGE('',*,*,#9261,.T.);
#7249=ORIENTED_EDGE('',*,*,#9262,.T.);
#7250=ORIENTED_EDGE('',*,*,#8748,.F.);
#7251=ORIENTED_EDGE('',*,*,#9263,.T.);
#7252=ORIENTED_EDGE('',*,*,#9264,.T.);
#7253=ORIENTED_EDGE('',*,*,#8872,.T.);
#7254=CARTESIAN_POINT('',(-9.0932,0.0,-11.3284));
#7255=DIRECTION('',(1.0,0.0,0.0));
#7256=DIRECTION('',(0.0,1.0,0.0));
#7257=ORIENTED_EDGE('',*,*,#9265,.T.);
#7258=ORIENTED_EDGE('',*,*,#9266,.T.);
#7259=ORIENTED_EDGE('',*,*,#8671,.T.);
#7260=ORIENTED_EDGE('',*,*,#9267,.T.);
#7261=ORIENTED_EDGE('',*,*,#9268,.T.);
#7262=ORIENTED_EDGE('',*,*,#9269,.T.);
#7263=ORIENTED_EDGE('',*,*,#8876,.T.);
#7264=CARTESIAN_POINT('',(-9.0932,0.0,-11.3284));
#7265=DIRECTION('',(1.0,0.0,0.0));
#7266=DIRECTION('',(0.0,1.0,0.0));
#7267=ORIENTED_EDGE('',*,*,#9264,.F.);
#7268=ORIENTED_EDGE('',*,*,#9270,.F.);
#7269=ORIENTED_EDGE('',*,*,#9249,.T.);
#7270=ORIENTED_EDGE('',*,*,#8873,.T.);
#7271=CARTESIAN_POINT('',(-10.0838,-1.6002,4.115308));
#7272=DIRECTION('',(0.0,-1.0,0.0));
#7273=DIRECTION('',(0.0,0.0,-1.0));
#7274=ORIENTED_EDGE('',*,*,#9250,.T.);
#7275=ORIENTED_EDGE('',*,*,#9270,.T.);
#7276=ORIENTED_EDGE('',*,*,#9263,.F.);
#7277=ORIENTED_EDGE('',*,*,#8747,.F.);
#7278=CARTESIAN_POINT('',(-10.0838,-5.1054,4.115308));
#7279=DIRECTION('',(-1.0,0.0,-0.0));
#7280=DIRECTION('',(0.0,0.0,-1.0));
#7281=ORIENTED_EDGE('',*,*,#9262,.F.);
#7282=ORIENTED_EDGE('',*,*,#9271,.F.);
#7283=ORIENTED_EDGE('',*,*,#9251,.T.);
#7284=ORIENTED_EDGE('',*,*,#8749,.T.);
#7285=CARTESIAN_POINT('',(-10.0838,-2.028014154839,6.274308));
#7286=DIRECTION('',(0.0,0.818627858363855,0.574324324324339));
#7287=DIRECTION('',(1.0,0.0,-0.0));
#7288=ORIENTED_EDGE('',*,*,#9271,.T.);
#7289=ORIENTED_EDGE('',*,*,#9261,.F.);
#7290=ORIENTED_EDGE('',*,*,#9259,.F.);
#7291=ORIENTED_EDGE('',*,*,#9252,.T.);
#7292=CARTESIAN_POINT('',(-10.0838,-5.1054,4.115308));
#7293=DIRECTION('',(-1.0,0.0,-0.0));
#7294=DIRECTION('',(0.0,0.0,-1.0));
#7295=ORIENTED_EDGE('',*,*,#9269,.F.);
#7296=ORIENTED_EDGE('',*,*,#9272,.F.);
#7297=ORIENTED_EDGE('',*,*,#9254,.T.);
#7298=ORIENTED_EDGE('',*,*,#8877,.T.);
#7299=CARTESIAN_POINT('',(-10.0838,1.3462,4.115308));
#7300=DIRECTION('',(0.0,-1.0,0.0));
#7301=DIRECTION('',(0.0,0.0,-1.0));
#7302=ORIENTED_EDGE('',*,*,#9272,.T.);
#7303=ORIENTED_EDGE('',*,*,#9268,.F.);
#7304=ORIENTED_EDGE('',*,*,#9273,.F.);
#7305=ORIENTED_EDGE('',*,*,#9255,.T.);
#7306=CARTESIAN_POINT('',(-10.0838,5.1054,4.115308));
#7307=DIRECTION('',(-1.0,0.0,-0.0));
#7308=DIRECTION('',(0.0,0.0,-1.0));
#7309=ORIENTED_EDGE('',*,*,#9256,.T.);
#7310=ORIENTED_EDGE('',*,*,#9273,.T.);
#7311=ORIENTED_EDGE('',*,*,#9267,.F.);
#7312=ORIENTED_EDGE('',*,*,#8670,.F.);
#7313=CARTESIAN_POINT('',(-10.0838,2.05105,6.307142730816));
#7314=DIRECTION('',(0.0,-0.818627858363855,0.574324324324339));
#7315=DIRECTION('',(-1.0,0.0,0.0));
#7316=ORIENTED_EDGE('',*,*,#9266,.F.);
#7317=ORIENTED_EDGE('',*,*,#9274,.F.);
#7318=ORIENTED_EDGE('',*,*,#9257,.T.);
#7319=ORIENTED_EDGE('',*,*,#8672,.T.);
#7320=CARTESIAN_POINT('',(-10.0838,5.1054,4.115308));
#7321=DIRECTION('',(-1.0,0.0,-0.0));
#7322=DIRECTION('',(0.0,0.0,-1.0));
#7323=ORIENTED_EDGE('',*,*,#9258,.T.);
#7324=ORIENTED_EDGE('',*,*,#9274,.T.);
#7325=ORIENTED_EDGE('',*,*,#9265,.F.);
#7326=ORIENTED_EDGE('',*,*,#8875,.F.);
#7327=CARTESIAN_POINT('',(-10.0838,1.6002,0.6096));
#7328=DIRECTION('',(-0.0,1.0,0.0));
#7329=DIRECTION('',(1.0,0.0,0.0));
#7330=ORIENTED_EDGE('',*,*,#9275,.F.);
#7331=ORIENTED_EDGE('',*,*,#9276,.F.);
#7332=ORIENTED_EDGE('',*,*,#8754,.T.);
#7333=ORIENTED_EDGE('',*,*,#9277,.F.);
#7334=ORIENTED_EDGE('',*,*,#9278,.F.);
#7335=ORIENTED_EDGE('',*,*,#9279,.F.);
#7336=ORIENTED_EDGE('',*,*,#8882,.F.);
#7337=CARTESIAN_POINT('',(-12.2428,0.0,-11.3284));
#7338=DIRECTION('',(1.0,0.0,0.0));
#7339=DIRECTION('',(0.0,1.0,0.0));
#7340=ORIENTED_EDGE('',*,*,#9280,.F.);
#7341=ORIENTED_EDGE('',*,*,#9281,.F.);
#7342=ORIENTED_EDGE('',*,*,#9282,.F.);
#7343=ORIENTED_EDGE('',*,*,#8677,.F.);
#7344=ORIENTED_EDGE('',*,*,#9283,.F.);
#7345=ORIENTED_EDGE('',*,*,#9284,.F.);
#7346=ORIENTED_EDGE('',*,*,#8886,.F.);
#7347=CARTESIAN_POINT('',(-12.2428,0.0,-11.3284));
#7348=DIRECTION('',(1.0,0.0,0.0));
#7349=DIRECTION('',(0.0,1.0,0.0));
#7350=ORIENTED_EDGE('',*,*,#9279,.T.);
#7351=ORIENTED_EDGE('',*,*,#9285,.T.);
#7352=ORIENTED_EDGE('',*,*,#9286,.F.);
#7353=ORIENTED_EDGE('',*,*,#8879,.F.);
#7354=CARTESIAN_POINT('',(-12.2428,-1.3462,0.6096));
#7355=DIRECTION('',(-0.0,1.0,0.0));
#7356=DIRECTION('',(1.0,0.0,0.0));
#7357=ORIENTED_EDGE('',*,*,#9286,.T.);
#7358=ORIENTED_EDGE('',*,*,#9287,.T.);
#7359=ORIENTED_EDGE('',*,*,#9288,.T.);
#7360=ORIENTED_EDGE('',*,*,#8752,.F.);
#7361=ORIENTED_EDGE('',*,*,#9289,.T.);
#7362=ORIENTED_EDGE('',*,*,#9290,.T.);
#7363=ORIENTED_EDGE('',*,*,#8880,.T.);
#7364=CARTESIAN_POINT('',(-11.2522,0.0,-11.3284));
#7365=DIRECTION('',(1.0,0.0,0.0));
#7366=DIRECTION('',(0.0,1.0,0.0));
#7367=ORIENTED_EDGE('',*,*,#9291,.T.);
#7368=ORIENTED_EDGE('',*,*,#9292,.T.);
#7369=ORIENTED_EDGE('',*,*,#8675,.T.);
#7370=ORIENTED_EDGE('',*,*,#9293,.T.);
#7371=ORIENTED_EDGE('',*,*,#9294,.T.);
#7372=ORIENTED_EDGE('',*,*,#9295,.T.);
#7373=ORIENTED_EDGE('',*,*,#8884,.T.);
#7374=CARTESIAN_POINT('',(-11.2522,0.0,-11.3284));
#7375=DIRECTION('',(1.0,0.0,0.0));
#7376=DIRECTION('',(0.0,1.0,0.0));
#7377=ORIENTED_EDGE('',*,*,#9290,.F.);
#7378=ORIENTED_EDGE('',*,*,#9296,.F.);
#7379=ORIENTED_EDGE('',*,*,#9275,.T.);
#7380=ORIENTED_EDGE('',*,*,#8881,.T.);
#7381=CARTESIAN_POINT('',(-12.2428,-1.6002,4.115308));
#7382=DIRECTION('',(0.0,-1.0,0.0));
#7383=DIRECTION('',(0.0,0.0,-1.0));
#7384=ORIENTED_EDGE('',*,*,#9276,.T.);
#7385=ORIENTED_EDGE('',*,*,#9296,.T.);
#7386=ORIENTED_EDGE('',*,*,#9289,.F.);
#7387=ORIENTED_EDGE('',*,*,#8751,.F.);
#7388=CARTESIAN_POINT('',(-12.2428,-5.1054,4.115308));
#7389=DIRECTION('',(-1.0,0.0,-0.0));
#7390=DIRECTION('',(0.0,0.0,-1.0));
#7391=ORIENTED_EDGE('',*,*,#9288,.F.);
#7392=ORIENTED_EDGE('',*,*,#9297,.F.);
#7393=ORIENTED_EDGE('',*,*,#9277,.T.);
#7394=ORIENTED_EDGE('',*,*,#8753,.T.);
#7395=CARTESIAN_POINT('',(-12.2428,-2.028014154839,6.274308));
#7396=DIRECTION('',(0.0,0.818627858363855,0.574324324324339));
#7397=DIRECTION('',(1.0,0.0,-0.0));
#7398=ORIENTED_EDGE('',*,*,#9297,.T.);
#7399=ORIENTED_EDGE('',*,*,#9287,.F.);
#7400=ORIENTED_EDGE('',*,*,#9285,.F.);
#7401=ORIENTED_EDGE('',*,*,#9278,.T.);
#7402=CARTESIAN_POINT('',(-12.2428,-5.1054,4.115308));
#7403=DIRECTION('',(-1.0,0.0,-0.0));
#7404=DIRECTION('',(0.0,0.0,-1.0));
#7405=ORIENTED_EDGE('',*,*,#9295,.F.);
#7406=ORIENTED_EDGE('',*,*,#9298,.F.);
#7407=ORIENTED_EDGE('',*,*,#9280,.T.);
#7408=ORIENTED_EDGE('',*,*,#8885,.T.);
#7409=CARTESIAN_POINT('',(-12.2428,1.3462,4.115308));
#7410=DIRECTION('',(0.0,-1.0,0.0));
#7411=DIRECTION('',(0.0,0.0,-1.0));
#7412=ORIENTED_EDGE('',*,*,#9298,.T.);
#7413=ORIENTED_EDGE('',*,*,#9294,.F.);
#7414=ORIENTED_EDGE('',*,*,#9299,.F.);
#7415=ORIENTED_EDGE('',*,*,#9281,.T.);
#7416=CARTESIAN_POINT('',(-12.2428,5.1054,4.115308));
#7417=DIRECTION('',(-1.0,0.0,-0.0));
#7418=DIRECTION('',(0.0,0.0,-1.0));
#7419=ORIENTED_EDGE('',*,*,#9282,.T.);
#7420=ORIENTED_EDGE('',*,*,#9299,.T.);
#7421=ORIENTED_EDGE('',*,*,#9293,.F.);
#7422=ORIENTED_EDGE('',*,*,#8674,.F.);
#7423=CARTESIAN_POINT('',(-12.2428,2.05105,6.307142730816));
#7424=DIRECTION('',(0.0,-0.818627858363855,0.574324324324339));
#7425=DIRECTION('',(-1.0,0.0,0.0));
#7426=ORIENTED_EDGE('',*,*,#9292,.F.);
#7427=ORIENTED_EDGE('',*,*,#9300,.F.);
#7428=ORIENTED_EDGE('',*,*,#9283,.T.);
#7429=ORIENTED_EDGE('',*,*,#8676,.T.);
#7430=CARTESIAN_POINT('',(-12.2428,5.1054,4.115308));
#7431=DIRECTION('',(-1.0,0.0,-0.0));
#7432=DIRECTION('',(0.0,0.0,-1.0));
#7433=ORIENTED_EDGE('',*,*,#9284,.T.);
#7434=ORIENTED_EDGE('',*,*,#9300,.T.);
#7435=ORIENTED_EDGE('',*,*,#9291,.F.);
#7436=ORIENTED_EDGE('',*,*,#8883,.F.);
#7437=CARTESIAN_POINT('',(-12.2428,1.6002,0.6096));
#7438=DIRECTION('',(-0.0,1.0,0.0));
#7439=DIRECTION('',(1.0,0.0,0.0));
#7440=ORIENTED_EDGE('',*,*,#9301,.F.);
#7441=ORIENTED_EDGE('',*,*,#9302,.F.);
#7442=ORIENTED_EDGE('',*,*,#8758,.T.);
#7443=ORIENTED_EDGE('',*,*,#9303,.F.);
#7444=ORIENTED_EDGE('',*,*,#9304,.F.);
#7445=ORIENTED_EDGE('',*,*,#9305,.F.);
#7446=ORIENTED_EDGE('',*,*,#8890,.F.);
#7447=CARTESIAN_POINT('',(-14.4018,0.0,-11.3284));
#7448=DIRECTION('',(1.0,0.0,0.0));
#7449=DIRECTION('',(0.0,1.0,0.0));
#7450=ORIENTED_EDGE('',*,*,#9306,.F.);
#7451=ORIENTED_EDGE('',*,*,#9307,.F.);
#7452=ORIENTED_EDGE('',*,*,#9308,.F.);
#7453=ORIENTED_EDGE('',*,*,#8681,.F.);
#7454=ORIENTED_EDGE('',*,*,#9309,.F.);
#7455=ORIENTED_EDGE('',*,*,#9310,.F.);
#7456=ORIENTED_EDGE('',*,*,#8894,.F.);
#7457=CARTESIAN_POINT('',(-14.4018,0.0,-11.3284));
#7458=DIRECTION('',(1.0,0.0,0.0));
#7459=DIRECTION('',(0.0,1.0,0.0));
#7460=ORIENTED_EDGE('',*,*,#9305,.T.);
#7461=ORIENTED_EDGE('',*,*,#9311,.T.);
#7462=ORIENTED_EDGE('',*,*,#9312,.F.);
#7463=ORIENTED_EDGE('',*,*,#8887,.F.);
#7464=CARTESIAN_POINT('',(-14.4018,-1.3462,0.6096));
#7465=DIRECTION('',(-0.0,1.0,0.0));
#7466=DIRECTION('',(1.0,0.0,0.0));
#7467=ORIENTED_EDGE('',*,*,#9312,.T.);
#7468=ORIENTED_EDGE('',*,*,#9313,.T.);
#7469=ORIENTED_EDGE('',*,*,#9314,.T.);
#7470=ORIENTED_EDGE('',*,*,#8756,.F.);
#7471=ORIENTED_EDGE('',*,*,#9315,.T.);
#7472=ORIENTED_EDGE('',*,*,#9316,.T.);
#7473=ORIENTED_EDGE('',*,*,#8888,.T.);
#7474=CARTESIAN_POINT('',(-13.4112,0.0,-11.3284));
#7475=DIRECTION('',(1.0,0.0,0.0));
#7476=DIRECTION('',(0.0,1.0,0.0));
#7477=ORIENTED_EDGE('',*,*,#9317,.T.);
#7478=ORIENTED_EDGE('',*,*,#9318,.T.);
#7479=ORIENTED_EDGE('',*,*,#8679,.T.);
#7480=ORIENTED_EDGE('',*,*,#9319,.T.);
#7481=ORIENTED_EDGE('',*,*,#9320,.T.);
#7482=ORIENTED_EDGE('',*,*,#9321,.T.);
#7483=ORIENTED_EDGE('',*,*,#8892,.T.);
#7484=CARTESIAN_POINT('',(-13.4112,0.0,-11.3284));
#7485=DIRECTION('',(1.0,0.0,0.0));
#7486=DIRECTION('',(0.0,1.0,0.0));
#7487=ORIENTED_EDGE('',*,*,#9316,.F.);
#7488=ORIENTED_EDGE('',*,*,#9322,.F.);
#7489=ORIENTED_EDGE('',*,*,#9301,.T.);
#7490=ORIENTED_EDGE('',*,*,#8889,.T.);
#7491=CARTESIAN_POINT('',(-14.4018,-1.6002,4.115308));
#7492=DIRECTION('',(0.0,-1.0,0.0));
#7493=DIRECTION('',(0.0,0.0,-1.0));
#7494=ORIENTED_EDGE('',*,*,#9302,.T.);
#7495=ORIENTED_EDGE('',*,*,#9322,.T.);
#7496=ORIENTED_EDGE('',*,*,#9315,.F.);
#7497=ORIENTED_EDGE('',*,*,#8755,.F.);
#7498=CARTESIAN_POINT('',(-14.4018,-5.1054,4.115308));
#7499=DIRECTION('',(-1.0,0.0,-0.0));
#7500=DIRECTION('',(0.0,0.0,-1.0));
#7501=ORIENTED_EDGE('',*,*,#9314,.F.);
#7502=ORIENTED_EDGE('',*,*,#9323,.F.);
#7503=ORIENTED_EDGE('',*,*,#9303,.T.);
#7504=ORIENTED_EDGE('',*,*,#8757,.T.);
#7505=CARTESIAN_POINT('',(-14.4018,-2.028014154839,6.274308));
#7506=DIRECTION('',(0.0,0.818627858363855,0.574324324324339));
#7507=DIRECTION('',(1.0,0.0,-0.0));
#7508=ORIENTED_EDGE('',*,*,#9323,.T.);
#7509=ORIENTED_EDGE('',*,*,#9313,.F.);
#7510=ORIENTED_EDGE('',*,*,#9311,.F.);
#7511=ORIENTED_EDGE('',*,*,#9304,.T.);
#7512=CARTESIAN_POINT('',(-14.4018,-5.1054,4.115308));
#7513=DIRECTION('',(-1.0,0.0,-0.0));
#7514=DIRECTION('',(0.0,0.0,-1.0));
#7515=ORIENTED_EDGE('',*,*,#9321,.F.);
#7516=ORIENTED_EDGE('',*,*,#9324,.F.);
#7517=ORIENTED_EDGE('',*,*,#9306,.T.);
#7518=ORIENTED_EDGE('',*,*,#8893,.T.);
#7519=CARTESIAN_POINT('',(-14.4018,1.3462,4.115308));
#7520=DIRECTION('',(0.0,-1.0,0.0));
#7521=DIRECTION('',(0.0,0.0,-1.0));
#7522=ORIENTED_EDGE('',*,*,#9324,.T.);
#7523=ORIENTED_EDGE('',*,*,#9320,.F.);
#7524=ORIENTED_EDGE('',*,*,#9325,.F.);
#7525=ORIENTED_EDGE('',*,*,#9307,.T.);
#7526=CARTESIAN_POINT('',(-14.4018,5.1054,4.115308));
#7527=DIRECTION('',(-1.0,0.0,-0.0));
#7528=DIRECTION('',(0.0,0.0,-1.0));
#7529=ORIENTED_EDGE('',*,*,#9308,.T.);
#7530=ORIENTED_EDGE('',*,*,#9325,.T.);
#7531=ORIENTED_EDGE('',*,*,#9319,.F.);
#7532=ORIENTED_EDGE('',*,*,#8678,.F.);
#7533=CARTESIAN_POINT('',(-14.4018,2.05105,6.307142730816));
#7534=DIRECTION('',(0.0,-0.818627858363855,0.574324324324339));
#7535=DIRECTION('',(-1.0,0.0,0.0));
#7536=ORIENTED_EDGE('',*,*,#9318,.F.);
#7537=ORIENTED_EDGE('',*,*,#9326,.F.);
#7538=ORIENTED_EDGE('',*,*,#9309,.T.);
#7539=ORIENTED_EDGE('',*,*,#8680,.T.);
#7540=CARTESIAN_POINT('',(-14.4018,5.1054,4.115308));
#7541=DIRECTION('',(-1.0,0.0,-0.0));
#7542=DIRECTION('',(0.0,0.0,-1.0));
#7543=ORIENTED_EDGE('',*,*,#9310,.T.);
#7544=ORIENTED_EDGE('',*,*,#9326,.T.);
#7545=ORIENTED_EDGE('',*,*,#9317,.F.);
#7546=ORIENTED_EDGE('',*,*,#8891,.F.);
#7547=CARTESIAN_POINT('',(-14.4018,1.6002,0.6096));
#7548=DIRECTION('',(-0.0,1.0,0.0));
#7549=DIRECTION('',(1.0,0.0,0.0));
#7550=ORIENTED_EDGE('',*,*,#9327,.F.);
#7551=ORIENTED_EDGE('',*,*,#9328,.F.);
#7552=ORIENTED_EDGE('',*,*,#8762,.T.);
#7553=ORIENTED_EDGE('',*,*,#9329,.F.);
#7554=ORIENTED_EDGE('',*,*,#9330,.F.);
#7555=ORIENTED_EDGE('',*,*,#9331,.F.);
#7556=ORIENTED_EDGE('',*,*,#8898,.F.);
#7557=CARTESIAN_POINT('',(-16.5608,0.0,-11.3284));
#7558=DIRECTION('',(1.0,0.0,0.0));
#7559=DIRECTION('',(0.0,1.0,0.0));
#7560=ORIENTED_EDGE('',*,*,#9332,.F.);
#7561=ORIENTED_EDGE('',*,*,#9333,.F.);
#7562=ORIENTED_EDGE('',*,*,#9334,.F.);
#7563=ORIENTED_EDGE('',*,*,#8685,.F.);
#7564=ORIENTED_EDGE('',*,*,#9335,.F.);
#7565=ORIENTED_EDGE('',*,*,#9336,.F.);
#7566=ORIENTED_EDGE('',*,*,#8902,.F.);
#7567=CARTESIAN_POINT('',(-16.5608,0.0,-11.3284));
#7568=DIRECTION('',(1.0,0.0,0.0));
#7569=DIRECTION('',(0.0,1.0,0.0));
#7570=ORIENTED_EDGE('',*,*,#9331,.T.);
#7571=ORIENTED_EDGE('',*,*,#9337,.T.);
#7572=ORIENTED_EDGE('',*,*,#9338,.F.);
#7573=ORIENTED_EDGE('',*,*,#8895,.F.);
#7574=CARTESIAN_POINT('',(-16.5608,-1.3462,0.6096));
#7575=DIRECTION('',(-0.0,1.0,0.0));
#7576=DIRECTION('',(1.0,0.0,0.0));
#7577=ORIENTED_EDGE('',*,*,#9338,.T.);
#7578=ORIENTED_EDGE('',*,*,#9339,.T.);
#7579=ORIENTED_EDGE('',*,*,#9340,.T.);
#7580=ORIENTED_EDGE('',*,*,#8760,.F.);
#7581=ORIENTED_EDGE('',*,*,#9341,.T.);
#7582=ORIENTED_EDGE('',*,*,#9342,.T.);
#7583=ORIENTED_EDGE('',*,*,#8896,.T.);
#7584=CARTESIAN_POINT('',(-15.5702,0.0,-11.3284));
#7585=DIRECTION('',(1.0,0.0,0.0));
#7586=DIRECTION('',(0.0,1.0,0.0));
#7587=ORIENTED_EDGE('',*,*,#9343,.T.);
#7588=ORIENTED_EDGE('',*,*,#9344,.T.);
#7589=ORIENTED_EDGE('',*,*,#8683,.T.);
#7590=ORIENTED_EDGE('',*,*,#9345,.T.);
#7591=ORIENTED_EDGE('',*,*,#9346,.T.);
#7592=ORIENTED_EDGE('',*,*,#9347,.T.);
#7593=ORIENTED_EDGE('',*,*,#8900,.T.);
#7594=CARTESIAN_POINT('',(-15.5702,0.0,-11.3284));
#7595=DIRECTION('',(1.0,0.0,0.0));
#7596=DIRECTION('',(0.0,1.0,0.0));
#7597=ORIENTED_EDGE('',*,*,#9342,.F.);
#7598=ORIENTED_EDGE('',*,*,#9348,.F.);
#7599=ORIENTED_EDGE('',*,*,#9327,.T.);
#7600=ORIENTED_EDGE('',*,*,#8897,.T.);
#7601=CARTESIAN_POINT('',(-16.5608,-1.6002,4.115308));
#7602=DIRECTION('',(0.0,-1.0,0.0));
#7603=DIRECTION('',(0.0,0.0,-1.0));
#7604=ORIENTED_EDGE('',*,*,#9328,.T.);
#7605=ORIENTED_EDGE('',*,*,#9348,.T.);
#7606=ORIENTED_EDGE('',*,*,#9341,.F.);
#7607=ORIENTED_EDGE('',*,*,#8759,.F.);
#7608=CARTESIAN_POINT('',(-16.5608,-5.1054,4.115308));
#7609=DIRECTION('',(-1.0,0.0,-0.0));
#7610=DIRECTION('',(0.0,0.0,-1.0));
#7611=ORIENTED_EDGE('',*,*,#9340,.F.);
#7612=ORIENTED_EDGE('',*,*,#9349,.F.);
#7613=ORIENTED_EDGE('',*,*,#9329,.T.);
#7614=ORIENTED_EDGE('',*,*,#8761,.T.);
#7615=CARTESIAN_POINT('',(-16.5608,-2.028014154839,6.274308));
#7616=DIRECTION('',(0.0,0.818627858363855,0.574324324324339));
#7617=DIRECTION('',(1.0,0.0,-0.0));
#7618=ORIENTED_EDGE('',*,*,#9349,.T.);
#7619=ORIENTED_EDGE('',*,*,#9339,.F.);
#7620=ORIENTED_EDGE('',*,*,#9337,.F.);
#7621=ORIENTED_EDGE('',*,*,#9330,.T.);
#7622=CARTESIAN_POINT('',(-16.5608,-5.1054,4.115308));
#7623=DIRECTION('',(-1.0,0.0,-0.0));
#7624=DIRECTION('',(0.0,0.0,-1.0));
#7625=ORIENTED_EDGE('',*,*,#9347,.F.);
#7626=ORIENTED_EDGE('',*,*,#9350,.F.);
#7627=ORIENTED_EDGE('',*,*,#9332,.T.);
#7628=ORIENTED_EDGE('',*,*,#8901,.T.);
#7629=CARTESIAN_POINT('',(-16.5608,1.3462,4.115308));
#7630=DIRECTION('',(0.0,-1.0,0.0));
#7631=DIRECTION('',(0.0,0.0,-1.0));
#7632=ORIENTED_EDGE('',*,*,#9350,.T.);
#7633=ORIENTED_EDGE('',*,*,#9346,.F.);
#7634=ORIENTED_EDGE('',*,*,#9351,.F.);
#7635=ORIENTED_EDGE('',*,*,#9333,.T.);
#7636=CARTESIAN_POINT('',(-16.5608,5.1054,4.115308));
#7637=DIRECTION('',(-1.0,0.0,-0.0));
#7638=DIRECTION('',(0.0,0.0,-1.0));
#7639=ORIENTED_EDGE('',*,*,#9334,.T.);
#7640=ORIENTED_EDGE('',*,*,#9351,.T.);
#7641=ORIENTED_EDGE('',*,*,#9345,.F.);
#7642=ORIENTED_EDGE('',*,*,#8682,.F.);
#7643=CARTESIAN_POINT('',(-16.5608,2.05105,6.307142730816));
#7644=DIRECTION('',(0.0,-0.818627858363855,0.574324324324339));
#7645=DIRECTION('',(-1.0,0.0,0.0));
#7646=ORIENTED_EDGE('',*,*,#9344,.F.);
#7647=ORIENTED_EDGE('',*,*,#9352,.F.);
#7648=ORIENTED_EDGE('',*,*,#9335,.T.);
#7649=ORIENTED_EDGE('',*,*,#8684,.T.);
#7650=CARTESIAN_POINT('',(-16.5608,5.1054,4.115308));
#7651=DIRECTION('',(-1.0,0.0,-0.0));
#7652=DIRECTION('',(0.0,0.0,-1.0));
#7653=ORIENTED_EDGE('',*,*,#9336,.T.);
#7654=ORIENTED_EDGE('',*,*,#9352,.T.);
#7655=ORIENTED_EDGE('',*,*,#9343,.F.);
#7656=ORIENTED_EDGE('',*,*,#8899,.F.);
#7657=CARTESIAN_POINT('',(-16.5608,1.6002,0.6096));
#7658=DIRECTION('',(-0.0,1.0,0.0));
#7659=DIRECTION('',(1.0,0.0,0.0));
#7660=ORIENTED_EDGE('',*,*,#9353,.F.);
#7661=ORIENTED_EDGE('',*,*,#9354,.F.);
#7662=ORIENTED_EDGE('',*,*,#8766,.T.);
#7663=ORIENTED_EDGE('',*,*,#9355,.F.);
#7664=ORIENTED_EDGE('',*,*,#9356,.F.);
#7665=ORIENTED_EDGE('',*,*,#9357,.F.);
#7666=ORIENTED_EDGE('',*,*,#8906,.F.);
#7667=CARTESIAN_POINT('',(-18.7198,0.0,-11.3284));
#7668=DIRECTION('',(1.0,0.0,0.0));
#7669=DIRECTION('',(0.0,1.0,0.0));
#7670=ORIENTED_EDGE('',*,*,#9358,.F.);
#7671=ORIENTED_EDGE('',*,*,#9359,.F.);
#7672=ORIENTED_EDGE('',*,*,#9360,.F.);
#7673=ORIENTED_EDGE('',*,*,#8689,.F.);
#7674=ORIENTED_EDGE('',*,*,#9361,.F.);
#7675=ORIENTED_EDGE('',*,*,#9362,.F.);
#7676=ORIENTED_EDGE('',*,*,#8910,.F.);
#7677=CARTESIAN_POINT('',(-18.7198,0.0,-11.3284));
#7678=DIRECTION('',(1.0,0.0,0.0));
#7679=DIRECTION('',(0.0,1.0,0.0));
#7680=ORIENTED_EDGE('',*,*,#9357,.T.);
#7681=ORIENTED_EDGE('',*,*,#9363,.T.);
#7682=ORIENTED_EDGE('',*,*,#9364,.F.);
#7683=ORIENTED_EDGE('',*,*,#8903,.F.);
#7684=CARTESIAN_POINT('',(-18.7198,-1.3462,0.6096));
#7685=DIRECTION('',(-0.0,1.0,0.0));
#7686=DIRECTION('',(1.0,0.0,0.0));
#7687=ORIENTED_EDGE('',*,*,#9364,.T.);
#7688=ORIENTED_EDGE('',*,*,#9365,.T.);
#7689=ORIENTED_EDGE('',*,*,#9366,.T.);
#7690=ORIENTED_EDGE('',*,*,#8764,.F.);
#7691=ORIENTED_EDGE('',*,*,#9367,.T.);
#7692=ORIENTED_EDGE('',*,*,#9368,.T.);
#7693=ORIENTED_EDGE('',*,*,#8904,.T.);
#7694=CARTESIAN_POINT('',(-17.7292,0.0,-11.3284));
#7695=DIRECTION('',(1.0,0.0,0.0));
#7696=DIRECTION('',(0.0,1.0,0.0));
#7697=ORIENTED_EDGE('',*,*,#9369,.T.);
#7698=ORIENTED_EDGE('',*,*,#9370,.T.);
#7699=ORIENTED_EDGE('',*,*,#8687,.T.);
#7700=ORIENTED_EDGE('',*,*,#9371,.T.);
#7701=ORIENTED_EDGE('',*,*,#9372,.T.);
#7702=ORIENTED_EDGE('',*,*,#9373,.T.);
#7703=ORIENTED_EDGE('',*,*,#8908,.T.);
#7704=CARTESIAN_POINT('',(-17.7292,0.0,-11.3284));
#7705=DIRECTION('',(1.0,0.0,0.0));
#7706=DIRECTION('',(0.0,1.0,0.0));
#7707=ORIENTED_EDGE('',*,*,#9368,.F.);
#7708=ORIENTED_EDGE('',*,*,#9374,.F.);
#7709=ORIENTED_EDGE('',*,*,#9353,.T.);
#7710=ORIENTED_EDGE('',*,*,#8905,.T.);
#7711=CARTESIAN_POINT('',(-18.7198,-1.6002,4.115308));
#7712=DIRECTION('',(0.0,-1.0,0.0));
#7713=DIRECTION('',(0.0,0.0,-1.0));
#7714=ORIENTED_EDGE('',*,*,#9354,.T.);
#7715=ORIENTED_EDGE('',*,*,#9374,.T.);
#7716=ORIENTED_EDGE('',*,*,#9367,.F.);
#7717=ORIENTED_EDGE('',*,*,#8763,.F.);
#7718=CARTESIAN_POINT('',(-18.7198,-5.1054,4.115308));
#7719=DIRECTION('',(-1.0,0.0,-0.0));
#7720=DIRECTION('',(0.0,0.0,-1.0));
#7721=ORIENTED_EDGE('',*,*,#9366,.F.);
#7722=ORIENTED_EDGE('',*,*,#9375,.F.);
#7723=ORIENTED_EDGE('',*,*,#9355,.T.);
#7724=ORIENTED_EDGE('',*,*,#8765,.T.);
#7725=CARTESIAN_POINT('',(-18.7198,-2.028014154839,6.274308));
#7726=DIRECTION('',(0.0,0.818627858363855,0.574324324324339));
#7727=DIRECTION('',(1.0,0.0,-0.0));
#7728=ORIENTED_EDGE('',*,*,#9375,.T.);
#7729=ORIENTED_EDGE('',*,*,#9365,.F.);
#7730=ORIENTED_EDGE('',*,*,#9363,.F.);
#7731=ORIENTED_EDGE('',*,*,#9356,.T.);
#7732=CARTESIAN_POINT('',(-18.7198,-5.1054,4.115308));
#7733=DIRECTION('',(-1.0,0.0,-0.0));
#7734=DIRECTION('',(0.0,0.0,-1.0));
#7735=ORIENTED_EDGE('',*,*,#9373,.F.);
#7736=ORIENTED_EDGE('',*,*,#9376,.F.);
#7737=ORIENTED_EDGE('',*,*,#9358,.T.);
#7738=ORIENTED_EDGE('',*,*,#8909,.T.);
#7739=CARTESIAN_POINT('',(-18.7198,1.3462,4.115308));
#7740=DIRECTION('',(0.0,-1.0,0.0));
#7741=DIRECTION('',(0.0,0.0,-1.0));
#7742=ORIENTED_EDGE('',*,*,#9376,.T.);
#7743=ORIENTED_EDGE('',*,*,#9372,.F.);
#7744=ORIENTED_EDGE('',*,*,#9377,.F.);
#7745=ORIENTED_EDGE('',*,*,#9359,.T.);
#7746=CARTESIAN_POINT('',(-18.7198,5.1054,4.115308));
#7747=DIRECTION('',(-1.0,0.0,-0.0));
#7748=DIRECTION('',(0.0,0.0,-1.0));
#7749=ORIENTED_EDGE('',*,*,#9360,.T.);
#7750=ORIENTED_EDGE('',*,*,#9377,.T.);
#7751=ORIENTED_EDGE('',*,*,#9371,.F.);
#7752=ORIENTED_EDGE('',*,*,#8686,.F.);
#7753=CARTESIAN_POINT('',(-18.7198,2.05105,6.307142730816));
#7754=DIRECTION('',(0.0,-0.818627858363855,0.574324324324339));
#7755=DIRECTION('',(-1.0,0.0,0.0));
#7756=ORIENTED_EDGE('',*,*,#9370,.F.);
#7757=ORIENTED_EDGE('',*,*,#9378,.F.);
#7758=ORIENTED_EDGE('',*,*,#9361,.T.);
#7759=ORIENTED_EDGE('',*,*,#8688,.T.);
#7760=CARTESIAN_POINT('',(-18.7198,5.1054,4.115308));
#7761=DIRECTION('',(-1.0,0.0,-0.0));
#7762=DIRECTION('',(0.0,0.0,-1.0));
#7763=ORIENTED_EDGE('',*,*,#9362,.T.);
#7764=ORIENTED_EDGE('',*,*,#9378,.T.);
#7765=ORIENTED_EDGE('',*,*,#9369,.F.);
#7766=ORIENTED_EDGE('',*,*,#8907,.F.);
#7767=CARTESIAN_POINT('',(-18.7198,1.6002,0.6096));
#7768=DIRECTION('',(-0.0,1.0,0.0));
#7769=DIRECTION('',(1.0,0.0,0.0));
#7770=ORIENTED_EDGE('',*,*,#9379,.T.);
#7771=ORIENTED_EDGE('',*,*,#9380,.F.);
#7772=ORIENTED_EDGE('',*,*,#9381,.F.);
#7773=ORIENTED_EDGE('',*,*,#7918,.T.);
#7774=CARTESIAN_POINT('',(18.436082,4.572,8.3312));
#7775=DIRECTION('',(-1.0,0.0,0.0));
#7776=DIRECTION('',(0.0,0.0,1.0));
#7777=ORIENTED_EDGE('',*,*,#9381,.T.);
#7778=ORIENTED_EDGE('',*,*,#9382,.F.);
#7779=ORIENTED_EDGE('',*,*,#9383,.F.);
#7780=ORIENTED_EDGE('',*,*,#7912,.T.);
#7781=CARTESIAN_POINT('',(18.277332,4.572,8.3312));
#7782=DIRECTION('',(0.0,-1.0,0.0));
#7783=DIRECTION('',(0.0,0.0,-1.0));
#7784=ORIENTED_EDGE('',*,*,#9383,.T.);
#7785=ORIENTED_EDGE('',*,*,#9384,.F.);
#7786=ORIENTED_EDGE('',*,*,#9385,.F.);
#7787=ORIENTED_EDGE('',*,*,#7913,.T.);
#7788=CARTESIAN_POINT('',(18.118582,4.382851086378,8.3312));
#7789=DIRECTION('',(0.765974216092578,-0.642871293713882,0.0));
#7790=DIRECTION('',(0.0,0.0,-1.0));
#7791=ORIENTED_EDGE('',*,*,#9385,.T.);
#7792=ORIENTED_EDGE('',*,*,#9386,.F.);
#7793=ORIENTED_EDGE('',*,*,#9387,.F.);
#7794=ORIENTED_EDGE('',*,*,#7914,.T.);
#7795=CARTESIAN_POINT('',(18.118582,4.166680823684,8.3312));
#7796=DIRECTION('',(1.0,0.0,0.0));
#7797=DIRECTION('',(0.0,1.0,0.0));
#7798=ORIENTED_EDGE('',*,*,#9387,.T.);
#7799=ORIENTED_EDGE('',*,*,#9388,.F.);
#7800=ORIENTED_EDGE('',*,*,#9389,.F.);
#7801=ORIENTED_EDGE('',*,*,#7915,.T.);
#7802=CARTESIAN_POINT('',(18.277332,4.355829813004,8.3312));
#7803=DIRECTION('',(-0.765974342782488,0.64287114276419,0.0));
#7804=DIRECTION('',(0.0,0.0,1.0));
#7805=ORIENTED_EDGE('',*,*,#9389,.T.);
#7806=ORIENTED_EDGE('',*,*,#9390,.F.);
#7807=ORIENTED_EDGE('',*,*,#9391,.F.);
#7808=ORIENTED_EDGE('',*,*,#7916,.T.);
#7809=CARTESIAN_POINT('',(18.277332,3.302,8.3312));
#7810=DIRECTION('',(1.0,0.0,0.0));
#7811=DIRECTION('',(0.0,1.0,0.0));
#7812=ORIENTED_EDGE('',*,*,#9391,.T.);
#7813=ORIENTED_EDGE('',*,*,#9392,.F.);
#7814=ORIENTED_EDGE('',*,*,#9379,.F.);
#7815=ORIENTED_EDGE('',*,*,#7917,.T.);
#7816=CARTESIAN_POINT('',(18.436082,3.302,8.3312));
#7817=DIRECTION('',(-0.0,1.0,0.0));
#7818=DIRECTION('',(1.0,0.0,0.0));
#7819=ORIENTED_EDGE('',*,*,#9393,.T.);
#7820=ORIENTED_EDGE('',*,*,#9394,.T.);
#7821=ORIENTED_EDGE('',*,*,#9395,.T.);
#7822=ORIENTED_EDGE('',*,*,#9396,.T.);
#7823=ORIENTED_EDGE('',*,*,#9390,.T.);
#7824=ORIENTED_EDGE('',*,*,#9388,.T.);
#7825=ORIENTED_EDGE('',*,*,#9386,.T.);
#7826=ORIENTED_EDGE('',*,*,#9384,.T.);
#7827=ORIENTED_EDGE('',*,*,#9382,.T.);
#7828=ORIENTED_EDGE('',*,*,#9380,.T.);
#7829=ORIENTED_EDGE('',*,*,#9392,.T.);
#7830=CARTESIAN_POINT('',(0.0,0.0,8.3058));
#7831=DIRECTION('',(0.0,0.0,1.0));
#7832=DIRECTION('',(1.0,0.0,0.0));
#7833=ORIENTED_EDGE('',*,*,#9397,.T.);
#7834=ORIENTED_EDGE('',*,*,#9396,.F.);
#7835=ORIENTED_EDGE('',*,*,#9398,.F.);
#7836=ORIENTED_EDGE('',*,*,#7911,.T.);
#7837=CARTESIAN_POINT('',(17.737582,4.699,8.3312));
#7838=DIRECTION('',(-1.0,0.0,0.0));
#7839=DIRECTION('',(0.0,0.0,1.0));
#7840=ORIENTED_EDGE('',*,*,#9398,.T.);
#7841=ORIENTED_EDGE('',*,*,#9395,.F.);
#7842=ORIENTED_EDGE('',*,*,#9399,.F.);
#7843=ORIENTED_EDGE('',*,*,#7908,.T.);
#7844=CARTESIAN_POINT('',(19.261582,4.699,8.3312));
#7845=DIRECTION('',(-0.0,1.0,0.0));
#7846=DIRECTION('',(1.0,0.0,0.0));
#7847=ORIENTED_EDGE('',*,*,#9399,.T.);
#7848=ORIENTED_EDGE('',*,*,#9394,.F.);
#7849=ORIENTED_EDGE('',*,*,#9400,.F.);
#7850=ORIENTED_EDGE('',*,*,#7909,.T.);
#7851=CARTESIAN_POINT('',(19.261582,3.175,8.3312));
#7852=DIRECTION('',(1.0,0.0,0.0));
#7853=DIRECTION('',(0.0,1.0,0.0));
#7854=ORIENTED_EDGE('',*,*,#9400,.T.);
#7855=ORIENTED_EDGE('',*,*,#9393,.F.);
#7856=ORIENTED_EDGE('',*,*,#9397,.F.);
#7857=ORIENTED_EDGE('',*,*,#7910,.T.);
#7858=CARTESIAN_POINT('',(17.737582,3.175,8.3312));
#7859=DIRECTION('',(0.0,-1.0,0.0));
#7860=DIRECTION('',(0.0,0.0,-1.0));
#7861=EDGE_CURVE('',#9401,#9402,#9403,.T.);
#7862=EDGE_CURVE('',#9404,#9402,#9405,.T.);
#7863=EDGE_CURVE('',#9404,#9406,#9407,.T.);
#7864=EDGE_CURVE('',#9401,#9406,#9408,.T.);
#7865=EDGE_CURVE('',#9409,#9410,#9411,.T.);
#7866=EDGE_CURVE('',#9402,#9409,#9412,.T.);
#7867=EDGE_CURVE('',#9410,#9401,#9413,.T.);
#7868=EDGE_CURVE('',#9414,#9415,#9416,.T.);
#7869=EDGE_CURVE('',#9414,#9417,#9418,.T.);
#7870=EDGE_CURVE('',#9419,#9417,#9420,.T.);
#7871=EDGE_CURVE('',#9421,#9419,#9422,.T.);
#7872=EDGE_CURVE('',#9421,#9423,#9424,.T.);
#7873=EDGE_CURVE('',#9415,#9423,#9425,.T.);
#7874=EDGE_CURVE('',#9426,#9427,#9428,.T.);
#7875=EDGE_CURVE('',#9429,#9426,#9430,.T.);
#7876=EDGE_CURVE('',#9429,#9431,#9432,.T.);
#7877=EDGE_CURVE('',#9433,#9431,#9434,.T.);
#7878=EDGE_CURVE('',#9433,#9435,#9436,.T.);
#7879=EDGE_CURVE('',#9435,#9427,#9437,.T.);
#7880=EDGE_CURVE('',#9438,#9439,#9440,.T.);
#7881=EDGE_CURVE('',#9441,#9438,#9442,.T.);
#7882=EDGE_CURVE('',#9441,#9443,#9444,.T.);
#7883=EDGE_CURVE('',#9439,#9443,#9445,.T.);
#7884=EDGE_CURVE('',#9446,#9447,#9448,.T.);
#7885=EDGE_CURVE('',#9449,#9446,#9450,.T.);
#7886=EDGE_CURVE('',#9449,#9451,#9452,.T.);
#7887=EDGE_CURVE('',#9447,#9451,#9453,.T.);
#7888=EDGE_CURVE('',#9454,#9455,#9456,.T.);
#7889=EDGE_CURVE('',#9457,#9454,#9458,.T.);
#7890=EDGE_CURVE('',#9459,#9457,#9460,.T.);
#7891=EDGE_CURVE('',#9459,#9455,#9461,.T.);
#7892=EDGE_CURVE('',#9462,#9463,#9464,.T.);
#7893=EDGE_CURVE('',#9462,#9465,#9466,.T.);
#7894=EDGE_CURVE('',#9465,#9467,#9468,.T.);
#7895=EDGE_CURVE('',#9463,#9467,#9469,.T.);
#7896=EDGE_CURVE('',#9470,#9471,#9472,.T.);
#7897=EDGE_CURVE('',#9471,#9473,#9474,.T.);
#7898=EDGE_CURVE('',#9473,#9475,#9476,.T.);
#7899=EDGE_CURVE('',#9475,#9477,#9478,.T.);
#7900=EDGE_CURVE('',#9477,#9463,#9479,.T.);
#7901=EDGE_CURVE('',#9467,#9457,#9480,.T.);
#7902=EDGE_CURVE('',#9454,#9481,#9482,.T.);
#7903=EDGE_CURVE('',#9481,#9470,#9483,.T.);
#7904=EDGE_CURVE('',#9484,#9485,#9486,.T.);
#7905=EDGE_CURVE('',#9485,#9487,#9488,.T.);
#7906=EDGE_CURVE('',#9487,#9489,#9490,.T.);
#7907=EDGE_CURVE('',#9489,#9484,#9491,.T.);
#7908=EDGE_CURVE('',#9492,#9493,#9494,.T.);
#7909=EDGE_CURVE('',#9495,#9492,#9496,.T.);
#7910=EDGE_CURVE('',#9497,#9495,#9498,.T.);
#7911=EDGE_CURVE('',#9493,#9497,#9499,.T.);
#7912=EDGE_CURVE('',#9500,#9501,#9502,.T.);
#7913=EDGE_CURVE('',#9503,#9500,#9504,.T.);
#7914=EDGE_CURVE('',#9505,#9503,#9506,.T.);
#7915=EDGE_CURVE('',#9507,#9505,#9508,.T.);
#7916=EDGE_CURVE('',#9509,#9507,#9510,.T.);
#7917=EDGE_CURVE('',#9511,#9509,#9512,.T.);
#7918=EDGE_CURVE('',#9501,#9511,#9513,.T.);
#7919=EDGE_CURVE('',#9514,#9470,#9515,.T.);
#7920=EDGE_CURVE('',#9516,#9481,#9517,.T.);
#7921=EDGE_CURVE('',#9516,#9514,#9518,.T.);
#7922=EDGE_CURVE('',#9438,#9447,#9519,.T.);
#7923=EDGE_CURVE('',#9520,#9451,#9521,.T.);
#7924=EDGE_CURVE('',#9520,#9522,#9523,.T.);
#7925=EDGE_CURVE('',#9522,#9524,#9525,.T.);
#7926=EDGE_CURVE('',#9524,#9526,#9527,.T.);
#7927=EDGE_CURVE('',#9528,#9526,#9529,.T.);
#7928=EDGE_CURVE('',#9528,#9410,#9530,.T.);
#7929=EDGE_CURVE('',#9531,#9406,#9532,.T.);
#7930=EDGE_CURVE('',#9531,#9533,#9534,.T.);
#7931=EDGE_CURVE('',#9533,#9535,#9536,.T.);
#7932=EDGE_CURVE('',#9535,#9537,#9538,.T.);
#7933=EDGE_CURVE('',#9441,#9537,#9539,.T.);
#7934=EDGE_CURVE('',#9465,#9459,#9540,.T.);
#7935=EDGE_CURVE('',#9541,#9462,#9542,.T.);
#7936=EDGE_CURVE('',#9543,#9541,#9544,.T.);
#7937=EDGE_CURVE('',#9545,#9543,#9546,.T.);
#7938=EDGE_CURVE('',#9547,#9545,#9548,.T.);
#7939=EDGE_CURVE('',#9514,#9547,#9549,.T.);
#7940=EDGE_CURVE('',#9455,#9516,#9550,.T.);
#7941=EDGE_CURVE('',#9547,#9471,#9551,.T.);
#7942=EDGE_CURVE('',#9545,#9473,#9552,.T.);
#7943=EDGE_CURVE('',#9543,#9475,#9553,.T.);
#7944=EDGE_CURVE('',#9541,#9477,#9554,.T.);
#7945=EDGE_CURVE('',#9537,#9555,#9556,.T.);
#7946=EDGE_CURVE('',#9557,#9555,#9558,.T.);
#7947=EDGE_CURVE('',#9559,#9557,#9560,.T.);
#7948=EDGE_CURVE('',#9559,#9561,#9562,.T.);
#7949=EDGE_CURVE('',#9443,#9561,#9563,.T.);
#7950=EDGE_CURVE('',#9564,#9565,#9566,.T.);
#7951=EDGE_CURVE('',#9565,#9567,#9568,.T.);
#7952=EDGE_CURVE('',#9567,#9569,#9570,.T.);
#7953=EDGE_CURVE('',#9569,#9571,#9572,.T.);
#7954=EDGE_CURVE('',#9571,#9449,#9573,.T.);
#7955=EDGE_CURVE('',#9446,#9439,#9574,.T.);
#7956=EDGE_CURVE('',#9561,#9564,#9575,.T.);
#7957=EDGE_CURVE('',#9576,#9577,#9578,.T.);
#7958=EDGE_CURVE('',#9577,#9576,#9579,.T.);
#7959=EDGE_CURVE('',#9580,#9404,#9581,.T.);
#7960=EDGE_CURVE('',#9409,#9582,#9583,.T.);
#7961=EDGE_CURVE('',#9582,#9584,#9585,.T.);
#7962=EDGE_CURVE('',#9584,#9586,#9587,.T.);
#7963=EDGE_CURVE('',#9586,#9588,#9589,.T.);
#7964=EDGE_CURVE('',#9588,#9590,#9591,.T.);
#7965=EDGE_CURVE('',#9590,#9592,#9593,.T.);
#7966=EDGE_CURVE('',#9592,#9580,#9594,.T.);
#7967=EDGE_CURVE('',#9595,#9596,#9597,.T.);
#7968=EDGE_CURVE('',#9596,#9595,#9598,.T.);
#7969=EDGE_CURVE('',#9564,#9599,#9600,.T.);
#7970=EDGE_CURVE('',#9559,#9599,#9601,.T.);
#7971=EDGE_CURVE('',#9602,#9557,#9603,.T.);
#7972=EDGE_CURVE('',#9599,#9602,#9604,.T.);
#7973=EDGE_CURVE('',#9419,#9602,#9605,.T.);
#7974=EDGE_CURVE('',#9565,#9417,#9606,.T.);
#7975=EDGE_CURVE('',#9607,#9414,#9608,.T.);
#7976=EDGE_CURVE('',#9607,#9567,#9609,.T.);
#7977=EDGE_CURVE('',#9610,#9607,#9611,.T.);
#7978=EDGE_CURVE('',#9612,#9610,#9613,.T.);
#7979=EDGE_CURVE('',#9614,#9612,#9615,.T.);
#7980=EDGE_CURVE('',#9614,#9569,#9616,.T.);
#7981=EDGE_CURVE('',#9571,#9617,#9618,.T.);
#7982=EDGE_CURVE('',#9614,#9617,#9619,.T.);
#7983=EDGE_CURVE('',#9620,#9612,#9621,.T.);
#7984=EDGE_CURVE('',#9617,#9620,#9622,.T.);
#7985=EDGE_CURVE('',#9623,#9620,#9624,.T.);
#7986=EDGE_CURVE('',#9520,#9623,#9625,.T.);
#7987=EDGE_CURVE('',#9626,#9627,#9628,.T.);
#7988=EDGE_CURVE('',#9627,#9522,#9629,.T.);
#7989=EDGE_CURVE('',#9630,#9623,#9631,.T.);
#7990=EDGE_CURVE('',#9632,#9630,#9633,.T.);
#7991=EDGE_CURVE('',#9634,#9632,#9635,.T.);
#7992=EDGE_CURVE('',#9634,#9636,#9637,.T.);
#7993=EDGE_CURVE('',#9626,#9636,#9638,.T.);
#7994=EDGE_CURVE('',#9639,#9636,#9640,.T.);
#7995=EDGE_CURVE('',#9641,#9639,#9642,.T.);
#7996=EDGE_CURVE('',#9626,#9641,#9643,.T.);
#7997=EDGE_CURVE('',#9644,#9645,#9646,.T.);
#7998=EDGE_CURVE('',#9647,#9644,#9648,.T.);
#7999=EDGE_CURVE('',#9649,#9647,#9650,.T.);
#8000=EDGE_CURVE('',#9645,#9649,#9651,.T.);
#8001=EDGE_CURVE('',#9641,#9652,#9653,.T.);
#8002=EDGE_CURVE('',#9654,#9652,#9655,.T.);
#8003=EDGE_CURVE('',#9656,#9654,#9657,.T.);
#8004=EDGE_CURVE('',#9656,#9626,#9658,.T.);
#8005=EDGE_CURVE('',#9659,#9660,#9661,.T.);
#8006=EDGE_CURVE('',#9662,#9659,#9663,.T.);
#8007=EDGE_CURVE('',#9662,#9664,#9665,.T.);
#8008=EDGE_CURVE('',#9664,#9660,#9666,.T.);
#8009=EDGE_CURVE('',#9667,#9668,#9669,.T.);
#8010=EDGE_CURVE('',#9670,#9668,#9671,.T.);
#8011=EDGE_CURVE('',#9672,#9670,#9673,.T.);
#8012=EDGE_CURVE('',#9667,#9672,#9674,.T.);
#8013=EDGE_CURVE('',#9656,#9675,#9676,.T.);
#8014=EDGE_CURVE('',#9677,#9675,#9678,.T.);
#8015=EDGE_CURVE('',#9677,#9679,#9680,.T.);
#8016=EDGE_CURVE('',#9627,#9679,#9681,.T.);
#8017=EDGE_CURVE('',#9682,#9645,#9683,.T.);
#8018=EDGE_CURVE('',#9684,#9682,#9685,.T.);
#8019=EDGE_CURVE('',#9686,#9684,#9687,.T.);
#8020=EDGE_CURVE('',#9688,#9686,#9689,.T.);
#8021=EDGE_CURVE('',#9688,#9690,#9691,.T.);
#8022=EDGE_CURVE('',#9690,#9645,#9692,.T.);
#8023=EDGE_CURVE('',#9664,#9693,#9694,.T.);
#8024=EDGE_CURVE('',#9695,#9693,#9696,.T.);
#8025=EDGE_CURVE('',#9660,#9695,#9697,.T.);
#8026=EDGE_CURVE('',#9421,#9555,#9698,.T.);
#8027=EDGE_CURVE('',#9659,#9535,#9699,.T.);
#8028=EDGE_CURVE('',#9423,#9695,#9700,.T.);
#8029=EDGE_CURVE('',#9701,#9702,#9703,.T.);
#8030=EDGE_CURVE('',#9702,#9429,#9704,.T.);
#8031=EDGE_CURVE('',#9426,#9701,#9705,.T.);
#8032=EDGE_CURVE('',#9415,#9693,#9706,.T.);
#8033=EDGE_CURVE('',#9632,#9415,#9707,.T.);
#8034=EDGE_CURVE('',#9654,#9415,#9708,.T.);
#8035=EDGE_CURVE('',#9652,#9709,#9710,.T.);
#8036=EDGE_CURVE('',#9709,#9634,#9711,.T.);
#8037=EDGE_CURVE('',#9426,#9712,#9713,.T.);
#8038=EDGE_CURVE('',#9712,#9714,#9715,.T.);
#8039=EDGE_CURVE('',#9714,#9716,#9717,.T.);
#8040=EDGE_CURVE('',#9716,#9718,#9719,.T.);
#8041=EDGE_CURVE('',#9718,#9720,#9721,.T.);
#8042=EDGE_CURVE('',#9426,#9720,#9722,.T.);
#8043=EDGE_CURVE('',#9688,#9723,#9724,.T.);
#8044=EDGE_CURVE('',#9725,#9723,#9726,.T.);
#8045=EDGE_CURVE('',#9727,#9725,#9728,.T.);
#8046=EDGE_CURVE('',#9729,#9727,#9730,.T.);
#8047=EDGE_CURVE('',#9731,#9729,#9732,.T.);
#8048=EDGE_CURVE('',#9731,#9733,#9734,.T.);
#8049=EDGE_CURVE('',#9733,#9668,#9735,.T.);
#8050=EDGE_CURVE('',#9667,#9701,#9736,.T.);
#8051=EDGE_CURVE('',#9690,#9720,#9737,.T.);
#8052=EDGE_CURVE('',#9644,#9718,#9738,.T.);
#8053=EDGE_CURVE('',#9647,#9716,#9739,.T.);
#8054=EDGE_CURVE('',#9714,#9649,#9740,.T.);
#8055=EDGE_CURVE('',#9741,#9712,#9742,.T.);
#8056=EDGE_CURVE('',#9741,#9743,#9744,.T.);
#8057=EDGE_CURVE('',#9526,#9743,#9745,.T.);
#8058=EDGE_CURVE('',#9682,#9524,#9746,.T.);
#8059=EDGE_CURVE('',#9679,#9684,#9747,.T.);
#8060=EDGE_CURVE('',#9748,#9679,#9749,.T.);
#8061=EDGE_CURVE('',#9750,#9748,#9751,.T.);
#8062=EDGE_CURVE('',#9684,#9750,#9752,.T.);
#8063=EDGE_CURVE('',#9686,#9753,#9754,.T.);
#8064=EDGE_CURVE('',#9750,#9755,#9756,.T.);
#8065=EDGE_CURVE('',#9753,#9755,#9757,.T.);
#8066=EDGE_CURVE('',#9755,#9758,#9759,.T.);
#8067=EDGE_CURVE('',#9760,#9758,#9761,.T.);
#8068=EDGE_CURVE('',#9760,#9762,#9763,.T.);
#8069=EDGE_CURVE('',#9762,#9764,#9765,.T.);
#8070=EDGE_CURVE('',#9764,#9766,#9767,.T.);
#8071=EDGE_CURVE('',#9768,#9766,#9769,.T.);
#8072=EDGE_CURVE('',#9770,#9768,#9771,.T.);
#8073=EDGE_CURVE('',#9770,#9772,#9773,.T.);
#8074=EDGE_CURVE('',#9772,#9725,#9774,.T.);
#8075=EDGE_CURVE('',#9723,#9753,#9775,.T.);
#8076=EDGE_CURVE('',#9776,#9777,#9778,.T.);
#8077=EDGE_CURVE('',#9777,#9776,#9779,.T.);
#8078=EDGE_CURVE('',#9675,#9762,#9780,.T.);
#8079=EDGE_CURVE('',#9677,#9760,#9781,.T.);
#8080=EDGE_CURVE('',#9782,#9783,#9784,.T.);
#8081=EDGE_CURVE('',#9783,#9782,#9785,.T.);
#8082=EDGE_CURVE('',#9748,#9758,#9786,.T.);
#8083=EDGE_CURVE('',#9787,#9788,#9789,.T.);
#8084=EDGE_CURVE('',#9788,#9790,#9791,.T.);
#8085=EDGE_CURVE('',#9792,#9790,#9793,.T.);
#8086=EDGE_CURVE('',#9787,#9792,#9794,.T.);
#8087=EDGE_CURVE('',#9795,#9792,#9796,.T.);
#8088=EDGE_CURVE('',#9797,#9795,#9798,.T.);
#8089=EDGE_CURVE('',#9787,#9797,#9799,.T.);
#8090=EDGE_CURVE('',#9797,#9800,#9801,.T.);
#8091=EDGE_CURVE('',#9788,#9800,#9802,.T.);
#8092=EDGE_CURVE('',#9800,#9803,#9804,.T.);
#8093=EDGE_CURVE('',#9803,#9790,#9805,.T.);
#8094=EDGE_CURVE('',#9795,#9803,#9806,.T.);
#8095=EDGE_CURVE('',#9807,#9808,#9809,.T.);
#8096=EDGE_CURVE('',#9810,#9807,#9811,.T.);
#8097=EDGE_CURVE('',#9812,#9810,#9813,.T.);
#8098=EDGE_CURVE('',#9808,#9812,#9814,.T.);
#8099=EDGE_CURVE('',#9815,#9816,#9817,.T.);
#8100=EDGE_CURVE('',#9818,#9815,#9819,.T.);
#8101=EDGE_CURVE('',#9820,#9818,#9821,.T.);
#8102=EDGE_CURVE('',#9816,#9820,#9822,.T.);
#8103=EDGE_CURVE('',#9823,#9824,#9825,.T.);
#8104=EDGE_CURVE('',#9826,#9823,#9827,.T.);
#8105=EDGE_CURVE('',#9828,#9826,#9829,.T.);
#8106=EDGE_CURVE('',#9824,#9828,#9830,.T.);
#8107=EDGE_CURVE('',#9831,#9832,#9833,.T.);
#8108=EDGE_CURVE('',#9834,#9831,#9835,.T.);
#8109=EDGE_CURVE('',#9836,#9834,#9837,.T.);
#8110=EDGE_CURVE('',#9832,#9836,#9838,.T.);
#8111=EDGE_CURVE('',#9839,#9840,#9841,.T.);
#8112=EDGE_CURVE('',#9842,#9839,#9843,.T.);
#8113=EDGE_CURVE('',#9844,#9842,#9845,.T.);
#8114=EDGE_CURVE('',#9840,#9844,#9846,.T.);
#8115=EDGE_CURVE('',#9847,#9848,#9849,.T.);
#8116=EDGE_CURVE('',#9850,#9847,#9851,.T.);
#8117=EDGE_CURVE('',#9852,#9850,#9853,.T.);
#8118=EDGE_CURVE('',#9848,#9852,#9854,.T.);
#8119=EDGE_CURVE('',#9855,#9856,#9857,.T.);
#8120=EDGE_CURVE('',#9858,#9855,#9859,.T.);
#8121=EDGE_CURVE('',#9860,#9858,#9861,.T.);
#8122=EDGE_CURVE('',#9856,#9860,#9862,.T.);
#8123=EDGE_CURVE('',#9863,#9864,#9865,.T.);
#8124=EDGE_CURVE('',#9866,#9863,#9867,.T.);
#8125=EDGE_CURVE('',#9868,#9866,#9869,.T.);
#8126=EDGE_CURVE('',#9864,#9868,#9870,.T.);
#8127=EDGE_CURVE('',#9871,#9872,#9873,.T.);
#8128=EDGE_CURVE('',#9874,#9871,#9875,.T.);
#8129=EDGE_CURVE('',#9876,#9874,#9877,.T.);
#8130=EDGE_CURVE('',#9872,#9876,#9878,.T.);
#8131=EDGE_CURVE('',#9879,#9880,#9881,.T.);
#8132=EDGE_CURVE('',#9882,#9879,#9883,.T.);
#8133=EDGE_CURVE('',#9884,#9882,#9885,.T.);
#8134=EDGE_CURVE('',#9880,#9884,#9886,.T.);
#8135=EDGE_CURVE('',#9887,#9888,#9889,.T.);
#8136=EDGE_CURVE('',#9890,#9887,#9891,.T.);
#8137=EDGE_CURVE('',#9892,#9890,#9893,.T.);
#8138=EDGE_CURVE('',#9888,#9892,#9894,.T.);
#8139=EDGE_CURVE('',#9895,#9896,#9897,.T.);
#8140=EDGE_CURVE('',#9898,#9895,#9899,.T.);
#8141=EDGE_CURVE('',#9900,#9898,#9901,.T.);
#8142=EDGE_CURVE('',#9896,#9900,#9902,.T.);
#8143=EDGE_CURVE('',#9903,#9904,#9905,.T.);
#8144=EDGE_CURVE('',#9906,#9903,#9907,.T.);
#8145=EDGE_CURVE('',#9908,#9906,#9909,.T.);
#8146=EDGE_CURVE('',#9904,#9908,#9910,.T.);
#8147=EDGE_CURVE('',#9911,#9912,#9913,.T.);
#8148=EDGE_CURVE('',#9914,#9911,#9915,.T.);
#8149=EDGE_CURVE('',#9916,#9914,#9917,.T.);
#8150=EDGE_CURVE('',#9912,#9916,#9918,.T.);
#8151=EDGE_CURVE('',#9919,#9920,#9921,.T.);
#8152=EDGE_CURVE('',#9922,#9919,#9923,.T.);
#8153=EDGE_CURVE('',#9924,#9922,#9925,.T.);
#8154=EDGE_CURVE('',#9920,#9924,#9926,.T.);
#8155=EDGE_CURVE('',#9927,#9928,#9929,.T.);
#8156=EDGE_CURVE('',#9930,#9927,#9931,.T.);
#8157=EDGE_CURVE('',#9932,#9930,#9933,.T.);
#8158=EDGE_CURVE('',#9928,#9932,#9934,.T.);
#8159=EDGE_CURVE('',#9935,#9936,#9937,.T.);
#8160=EDGE_CURVE('',#9938,#9935,#9939,.T.);
#8161=EDGE_CURVE('',#9940,#9938,#9941,.T.);
#8162=EDGE_CURVE('',#9936,#9940,#9942,.T.);
#8163=EDGE_CURVE('',#9943,#9944,#9945,.T.);
#8164=EDGE_CURVE('',#9946,#9943,#9947,.T.);
#8165=EDGE_CURVE('',#9948,#9946,#9949,.T.);
#8166=EDGE_CURVE('',#9944,#9948,#9950,.T.);
#8167=EDGE_CURVE('',#9951,#9952,#9953,.T.);
#8168=EDGE_CURVE('',#9954,#9951,#9955,.T.);
#8169=EDGE_CURVE('',#9956,#9954,#9957,.T.);
#8170=EDGE_CURVE('',#9952,#9956,#9958,.T.);
#8171=EDGE_CURVE('',#9959,#9960,#9961,.T.);
#8172=EDGE_CURVE('',#9962,#9959,#9963,.T.);
#8173=EDGE_CURVE('',#9964,#9962,#9965,.T.);
#8174=EDGE_CURVE('',#9960,#9964,#9966,.T.);
#8175=EDGE_CURVE('',#9967,#9968,#9969,.T.);
#8176=EDGE_CURVE('',#9970,#9967,#9971,.T.);
#8177=EDGE_CURVE('',#9972,#9970,#9973,.T.);
#8178=EDGE_CURVE('',#9968,#9972,#9974,.T.);
#8179=EDGE_CURVE('',#9975,#9976,#9977,.T.);
#8180=EDGE_CURVE('',#9978,#9975,#9979,.T.);
#8181=EDGE_CURVE('',#9980,#9978,#9981,.T.);
#8182=EDGE_CURVE('',#9976,#9980,#9982,.T.);
#8183=EDGE_CURVE('',#9983,#9984,#9985,.T.);
#8184=EDGE_CURVE('',#9986,#9983,#9987,.T.);
#8185=EDGE_CURVE('',#9988,#9986,#9989,.T.);
#8186=EDGE_CURVE('',#9984,#9988,#9990,.T.);
#8187=EDGE_CURVE('',#9991,#9992,#9993,.T.);
#8188=EDGE_CURVE('',#9994,#9991,#9995,.T.);
#8189=EDGE_CURVE('',#9996,#9994,#9997,.T.);
#8190=EDGE_CURVE('',#9992,#9996,#9998,.T.);
#8191=EDGE_CURVE('',#9999,#10000,#10001,.T.);
#8192=EDGE_CURVE('',#10002,#9999,#10003,.T.);
#8193=EDGE_CURVE('',#10004,#10002,#10005,.T.);
#8194=EDGE_CURVE('',#10000,#10004,#10006,.T.);
#8195=EDGE_CURVE('',#10007,#10008,#10009,.T.);
#8196=EDGE_CURVE('',#10010,#10007,#10011,.T.);
#8197=EDGE_CURVE('',#10012,#10010,#10013,.T.);
#8198=EDGE_CURVE('',#10008,#10012,#10014,.T.);
#8199=EDGE_CURVE('',#10015,#10016,#10017,.T.);
#8200=EDGE_CURVE('',#10018,#10015,#10019,.T.);
#8201=EDGE_CURVE('',#10020,#10018,#10021,.T.);
#8202=EDGE_CURVE('',#10016,#10020,#10022,.T.);
#8203=EDGE_CURVE('',#10023,#10024,#10025,.T.);
#8204=EDGE_CURVE('',#10026,#10023,#10027,.T.);
#8205=EDGE_CURVE('',#10028,#10026,#10029,.T.);
#8206=EDGE_CURVE('',#10024,#10028,#10030,.T.);
#8207=EDGE_CURVE('',#10031,#10032,#10033,.T.);
#8208=EDGE_CURVE('',#10034,#10031,#10035,.T.);
#8209=EDGE_CURVE('',#10036,#10034,#10037,.T.);
#8210=EDGE_CURVE('',#10032,#10036,#10038,.T.);
#8211=EDGE_CURVE('',#10039,#10040,#10041,.T.);
#8212=EDGE_CURVE('',#10042,#10039,#10043,.T.);
#8213=EDGE_CURVE('',#10044,#10042,#10045,.T.);
#8214=EDGE_CURVE('',#10040,#10044,#10046,.T.);
#8215=EDGE_CURVE('',#10047,#10048,#10049,.T.);
#8216=EDGE_CURVE('',#10050,#10047,#10051,.T.);
#8217=EDGE_CURVE('',#10052,#10050,#10053,.T.);
#8218=EDGE_CURVE('',#10048,#10052,#10054,.T.);
#8219=EDGE_CURVE('',#10055,#10056,#10057,.T.);
#8220=EDGE_CURVE('',#10058,#10055,#10059,.T.);
#8221=EDGE_CURVE('',#10060,#10058,#10061,.T.);
#8222=EDGE_CURVE('',#10056,#10060,#10062,.T.);
#8223=EDGE_CURVE('',#10063,#10064,#10065,.T.);
#8224=EDGE_CURVE('',#10066,#10063,#10067,.T.);
#8225=EDGE_CURVE('',#10068,#10066,#10069,.T.);
#8226=EDGE_CURVE('',#10064,#10068,#10070,.T.);
#8227=EDGE_CURVE('',#10071,#10072,#10073,.T.);
#8228=EDGE_CURVE('',#10074,#10071,#10075,.T.);
#8229=EDGE_CURVE('',#10076,#10074,#10077,.T.);
#8230=EDGE_CURVE('',#10072,#10076,#10078,.T.);
#8231=EDGE_CURVE('',#10079,#10080,#10081,.T.);
#8232=EDGE_CURVE('',#10082,#10079,#10083,.T.);
#8233=EDGE_CURVE('',#10084,#10082,#10085,.T.);
#8234=EDGE_CURVE('',#10080,#10084,#10086,.T.);
#8235=EDGE_CURVE('',#10087,#10088,#10089,.T.);
#8236=EDGE_CURVE('',#10090,#10087,#10091,.T.);
#8237=EDGE_CURVE('',#10092,#10090,#10093,.T.);
#8238=EDGE_CURVE('',#10088,#10092,#10094,.T.);
#8239=EDGE_CURVE('',#9812,#10095,#10096,.T.);
#8240=EDGE_CURVE('',#10097,#10095,#10098,.T.);
#8241=EDGE_CURVE('',#9808,#10097,#10099,.T.);
#8242=EDGE_CURVE('',#10100,#10097,#10101,.T.);
#8243=EDGE_CURVE('',#9807,#10100,#10102,.T.);
#8244=EDGE_CURVE('',#10103,#10100,#10104,.T.);
#8245=EDGE_CURVE('',#9810,#10103,#10105,.T.);
#8246=EDGE_CURVE('',#10095,#10103,#10106,.T.);
#8247=EDGE_CURVE('',#10107,#10108,#10109,.T.);
#8248=EDGE_CURVE('',#10108,#10110,#10111,.T.);
#8249=EDGE_CURVE('',#10110,#10112,#10113,.T.);
#8250=EDGE_CURVE('',#10112,#10107,#10114,.T.);
#8251=EDGE_CURVE('',#9820,#10107,#10115,.T.);
#8252=EDGE_CURVE('',#9816,#10112,#10116,.T.);
#8253=EDGE_CURVE('',#9815,#10110,#10117,.T.);
#8254=EDGE_CURVE('',#9818,#10108,#10118,.T.);
#8255=EDGE_CURVE('',#9828,#10119,#10120,.T.);
#8256=EDGE_CURVE('',#10121,#10119,#10122,.T.);
#8257=EDGE_CURVE('',#9824,#10121,#10123,.T.);
#8258=EDGE_CURVE('',#10124,#10121,#10125,.T.);
#8259=EDGE_CURVE('',#9823,#10124,#10126,.T.);
#8260=EDGE_CURVE('',#10127,#10124,#10128,.T.);
#8261=EDGE_CURVE('',#9826,#10127,#10129,.T.);
#8262=EDGE_CURVE('',#10119,#10127,#10130,.T.);
#8263=EDGE_CURVE('',#10131,#10132,#10133,.T.);
#8264=EDGE_CURVE('',#10132,#10134,#10135,.T.);
#8265=EDGE_CURVE('',#10134,#10136,#10137,.T.);
#8266=EDGE_CURVE('',#10136,#10131,#10138,.T.);
#8267=EDGE_CURVE('',#9836,#10131,#10139,.T.);
#8268=EDGE_CURVE('',#9832,#10136,#10140,.T.);
#8269=EDGE_CURVE('',#9831,#10134,#10141,.T.);
#8270=EDGE_CURVE('',#9834,#10132,#10142,.T.);
#8271=EDGE_CURVE('',#9844,#10143,#10144,.T.);
#8272=EDGE_CURVE('',#10145,#10143,#10146,.T.);
#8273=EDGE_CURVE('',#9840,#10145,#10147,.T.);
#8274=EDGE_CURVE('',#10148,#10145,#10149,.T.);
#8275=EDGE_CURVE('',#9839,#10148,#10150,.T.);
#8276=EDGE_CURVE('',#10151,#10148,#10152,.T.);
#8277=EDGE_CURVE('',#9842,#10151,#10153,.T.);
#8278=EDGE_CURVE('',#10143,#10151,#10154,.T.);
#8279=EDGE_CURVE('',#10155,#10156,#10157,.T.);
#8280=EDGE_CURVE('',#10156,#10158,#10159,.T.);
#8281=EDGE_CURVE('',#10158,#10160,#10161,.T.);
#8282=EDGE_CURVE('',#10160,#10155,#10162,.T.);
#8283=EDGE_CURVE('',#9852,#10155,#10163,.T.);
#8284=EDGE_CURVE('',#9848,#10160,#10164,.T.);
#8285=EDGE_CURVE('',#9847,#10158,#10165,.T.);
#8286=EDGE_CURVE('',#9850,#10156,#10166,.T.);
#8287=EDGE_CURVE('',#9860,#10167,#10168,.T.);
#8288=EDGE_CURVE('',#10169,#10167,#10170,.T.);
#8289=EDGE_CURVE('',#9856,#10169,#10171,.T.);
#8290=EDGE_CURVE('',#10172,#10169,#10173,.T.);
#8291=EDGE_CURVE('',#9855,#10172,#10174,.T.);
#8292=EDGE_CURVE('',#10175,#10172,#10176,.T.);
#8293=EDGE_CURVE('',#9858,#10175,#10177,.T.);
#8294=EDGE_CURVE('',#10167,#10175,#10178,.T.);
#8295=EDGE_CURVE('',#10179,#10180,#10181,.T.);
#8296=EDGE_CURVE('',#10180,#10182,#10183,.T.);
#8297=EDGE_CURVE('',#10182,#10184,#10185,.T.);
#8298=EDGE_CURVE('',#10184,#10179,#10186,.T.);
#8299=EDGE_CURVE('',#9868,#10179,#10187,.T.);
#8300=EDGE_CURVE('',#9864,#10184,#10188,.T.);
#8301=EDGE_CURVE('',#9863,#10182,#10189,.T.);
#8302=EDGE_CURVE('',#9866,#10180,#10190,.T.);
#8303=EDGE_CURVE('',#9876,#10191,#10192,.T.);
#8304=EDGE_CURVE('',#10193,#10191,#10194,.T.);
#8305=EDGE_CURVE('',#9872,#10193,#10195,.T.);
#8306=EDGE_CURVE('',#10196,#10193,#10197,.T.);
#8307=EDGE_CURVE('',#9871,#10196,#10198,.T.);
#8308=EDGE_CURVE('',#10199,#10196,#10200,.T.);
#8309=EDGE_CURVE('',#9874,#10199,#10201,.T.);
#8310=EDGE_CURVE('',#10191,#10199,#10202,.T.);
#8311=EDGE_CURVE('',#10203,#10204,#10205,.T.);
#8312=EDGE_CURVE('',#10204,#10206,#10207,.T.);
#8313=EDGE_CURVE('',#10206,#10208,#10209,.T.);
#8314=EDGE_CURVE('',#10208,#10203,#10210,.T.);
#8315=EDGE_CURVE('',#9884,#10203,#10211,.T.);
#8316=EDGE_CURVE('',#9880,#10208,#10212,.T.);
#8317=EDGE_CURVE('',#9879,#10206,#10213,.T.);
#8318=EDGE_CURVE('',#9882,#10204,#10214,.T.);
#8319=EDGE_CURVE('',#9892,#10215,#10216,.T.);
#8320=EDGE_CURVE('',#10217,#10215,#10218,.T.);
#8321=EDGE_CURVE('',#9888,#10217,#10219,.T.);
#8322=EDGE_CURVE('',#10220,#10217,#10221,.T.);
#8323=EDGE_CURVE('',#9887,#10220,#10222,.T.);
#8324=EDGE_CURVE('',#10223,#10220,#10224,.T.);
#8325=EDGE_CURVE('',#9890,#10223,#10225,.T.);
#8326=EDGE_CURVE('',#10215,#10223,#10226,.T.);
#8327=EDGE_CURVE('',#10227,#10228,#10229,.T.);
#8328=EDGE_CURVE('',#10228,#10230,#10231,.T.);
#8329=EDGE_CURVE('',#10230,#10232,#10233,.T.);
#8330=EDGE_CURVE('',#10232,#10227,#10234,.T.);
#8331=EDGE_CURVE('',#9900,#10227,#10235,.T.);
#8332=EDGE_CURVE('',#9896,#10232,#10236,.T.);
#8333=EDGE_CURVE('',#9895,#10230,#10237,.T.);
#8334=EDGE_CURVE('',#9898,#10228,#10238,.T.);
#8335=EDGE_CURVE('',#9908,#10239,#10240,.T.);
#8336=EDGE_CURVE('',#10241,#10239,#10242,.T.);
#8337=EDGE_CURVE('',#9904,#10241,#10243,.T.);
#8338=EDGE_CURVE('',#10244,#10241,#10245,.T.);
#8339=EDGE_CURVE('',#9903,#10244,#10246,.T.);
#8340=EDGE_CURVE('',#10247,#10244,#10248,.T.);
#8341=EDGE_CURVE('',#9906,#10247,#10249,.T.);
#8342=EDGE_CURVE('',#10239,#10247,#10250,.T.);
#8343=EDGE_CURVE('',#10251,#10252,#10253,.T.);
#8344=EDGE_CURVE('',#10252,#10254,#10255,.T.);
#8345=EDGE_CURVE('',#10254,#10256,#10257,.T.);
#8346=EDGE_CURVE('',#10256,#10251,#10258,.T.);
#8347=EDGE_CURVE('',#9916,#10251,#10259,.T.);
#8348=EDGE_CURVE('',#9912,#10256,#10260,.T.);
#8349=EDGE_CURVE('',#9911,#10254,#10261,.T.);
#8350=EDGE_CURVE('',#9914,#10252,#10262,.T.);
#8351=EDGE_CURVE('',#9924,#10263,#10264,.T.);
#8352=EDGE_CURVE('',#10265,#10263,#10266,.T.);
#8353=EDGE_CURVE('',#9920,#10265,#10267,.T.);
#8354=EDGE_CURVE('',#10268,#10265,#10269,.T.);
#8355=EDGE_CURVE('',#9919,#10268,#10270,.T.);
#8356=EDGE_CURVE('',#10271,#10268,#10272,.T.);
#8357=EDGE_CURVE('',#9922,#10271,#10273,.T.);
#8358=EDGE_CURVE('',#10263,#10271,#10274,.T.);
#8359=EDGE_CURVE('',#10275,#10276,#10277,.T.);
#8360=EDGE_CURVE('',#10276,#10278,#10279,.T.);
#8361=EDGE_CURVE('',#10278,#10280,#10281,.T.);
#8362=EDGE_CURVE('',#10280,#10275,#10282,.T.);
#8363=EDGE_CURVE('',#9932,#10275,#10283,.T.);
#8364=EDGE_CURVE('',#9928,#10280,#10284,.T.);
#8365=EDGE_CURVE('',#9927,#10278,#10285,.T.);
#8366=EDGE_CURVE('',#9930,#10276,#10286,.T.);
#8367=EDGE_CURVE('',#9940,#10287,#10288,.T.);
#8368=EDGE_CURVE('',#10289,#10287,#10290,.T.);
#8369=EDGE_CURVE('',#9936,#10289,#10291,.T.);
#8370=EDGE_CURVE('',#10292,#10289,#10293,.T.);
#8371=EDGE_CURVE('',#9935,#10292,#10294,.T.);
#8372=EDGE_CURVE('',#10295,#10292,#10296,.T.);
#8373=EDGE_CURVE('',#9938,#10295,#10297,.T.);
#8374=EDGE_CURVE('',#10287,#10295,#10298,.T.);
#8375=EDGE_CURVE('',#10299,#10300,#10301,.T.);
#8376=EDGE_CURVE('',#10300,#10302,#10303,.T.);
#8377=EDGE_CURVE('',#10302,#10304,#10305,.T.);
#8378=EDGE_CURVE('',#10304,#10299,#10306,.T.);
#8379=EDGE_CURVE('',#9948,#10299,#10307,.T.);
#8380=EDGE_CURVE('',#9944,#10304,#10308,.T.);
#8381=EDGE_CURVE('',#9943,#10302,#10309,.T.);
#8382=EDGE_CURVE('',#9946,#10300,#10310,.T.);
#8383=EDGE_CURVE('',#9956,#10311,#10312,.T.);
#8384=EDGE_CURVE('',#10313,#10311,#10314,.T.);
#8385=EDGE_CURVE('',#9952,#10313,#10315,.T.);
#8386=EDGE_CURVE('',#10316,#10313,#10317,.T.);
#8387=EDGE_CURVE('',#9951,#10316,#10318,.T.);
#8388=EDGE_CURVE('',#10319,#10316,#10320,.T.);
#8389=EDGE_CURVE('',#9954,#10319,#10321,.T.);
#8390=EDGE_CURVE('',#10311,#10319,#10322,.T.);
#8391=EDGE_CURVE('',#10323,#10324,#10325,.T.);
#8392=EDGE_CURVE('',#10324,#10326,#10327,.T.);
#8393=EDGE_CURVE('',#10326,#10328,#10329,.T.);
#8394=EDGE_CURVE('',#10328,#10323,#10330,.T.);
#8395=EDGE_CURVE('',#9964,#10323,#10331,.T.);
#8396=EDGE_CURVE('',#9960,#10328,#10332,.T.);
#8397=EDGE_CURVE('',#9959,#10326,#10333,.T.);
#8398=EDGE_CURVE('',#9962,#10324,#10334,.T.);
#8399=EDGE_CURVE('',#9972,#10335,#10336,.T.);
#8400=EDGE_CURVE('',#10337,#10335,#10338,.T.);
#8401=EDGE_CURVE('',#9968,#10337,#10339,.T.);
#8402=EDGE_CURVE('',#10340,#10337,#10341,.T.);
#8403=EDGE_CURVE('',#9967,#10340,#10342,.T.);
#8404=EDGE_CURVE('',#10343,#10340,#10344,.T.);
#8405=EDGE_CURVE('',#9970,#10343,#10345,.T.);
#8406=EDGE_CURVE('',#10335,#10343,#10346,.T.);
#8407=EDGE_CURVE('',#10347,#10348,#10349,.T.);
#8408=EDGE_CURVE('',#10348,#10350,#10351,.T.);
#8409=EDGE_CURVE('',#10350,#10352,#10353,.T.);
#8410=EDGE_CURVE('',#10352,#10347,#10354,.T.);
#8411=EDGE_CURVE('',#9980,#10347,#10355,.T.);
#8412=EDGE_CURVE('',#9976,#10352,#10356,.T.);
#8413=EDGE_CURVE('',#9975,#10350,#10357,.T.);
#8414=EDGE_CURVE('',#9978,#10348,#10358,.T.);
#8415=EDGE_CURVE('',#9988,#10359,#10360,.T.);
#8416=EDGE_CURVE('',#10361,#10359,#10362,.T.);
#8417=EDGE_CURVE('',#9984,#10361,#10363,.T.);
#8418=EDGE_CURVE('',#10364,#10361,#10365,.T.);
#8419=EDGE_CURVE('',#9983,#10364,#10366,.T.);
#8420=EDGE_CURVE('',#10367,#10364,#10368,.T.);
#8421=EDGE_CURVE('',#9986,#10367,#10369,.T.);
#8422=EDGE_CURVE('',#10359,#10367,#10370,.T.);
#8423=EDGE_CURVE('',#10371,#10372,#10373,.T.);
#8424=EDGE_CURVE('',#10372,#10374,#10375,.T.);
#8425=EDGE_CURVE('',#10374,#10376,#10377,.T.);
#8426=EDGE_CURVE('',#10376,#10371,#10378,.T.);
#8427=EDGE_CURVE('',#9996,#10371,#10379,.T.);
#8428=EDGE_CURVE('',#9992,#10376,#10380,.T.);
#8429=EDGE_CURVE('',#9991,#10374,#10381,.T.);
#8430=EDGE_CURVE('',#9994,#10372,#10382,.T.);
#8431=EDGE_CURVE('',#10004,#10383,#10384,.T.);
#8432=EDGE_CURVE('',#10385,#10383,#10386,.T.);
#8433=EDGE_CURVE('',#10000,#10385,#10387,.T.);
#8434=EDGE_CURVE('',#10388,#10385,#10389,.T.);
#8435=EDGE_CURVE('',#9999,#10388,#10390,.T.);
#8436=EDGE_CURVE('',#10391,#10388,#10392,.T.);
#8437=EDGE_CURVE('',#10002,#10391,#10393,.T.);
#8438=EDGE_CURVE('',#10383,#10391,#10394,.T.);
#8439=EDGE_CURVE('',#10395,#10396,#10397,.T.);
#8440=EDGE_CURVE('',#10396,#10398,#10399,.T.);
#8441=EDGE_CURVE('',#10398,#10400,#10401,.T.);
#8442=EDGE_CURVE('',#10400,#10395,#10402,.T.);
#8443=EDGE_CURVE('',#10012,#10395,#10403,.T.);
#8444=EDGE_CURVE('',#10008,#10400,#10404,.T.);
#8445=EDGE_CURVE('',#10007,#10398,#10405,.T.);
#8446=EDGE_CURVE('',#10010,#10396,#10406,.T.);
#8447=EDGE_CURVE('',#10020,#10407,#10408,.T.);
#8448=EDGE_CURVE('',#10409,#10407,#10410,.T.);
#8449=EDGE_CURVE('',#10016,#10409,#10411,.T.);
#8450=EDGE_CURVE('',#10412,#10409,#10413,.T.);
#8451=EDGE_CURVE('',#10015,#10412,#10414,.T.);
#8452=EDGE_CURVE('',#10415,#10412,#10416,.T.);
#8453=EDGE_CURVE('',#10018,#10415,#10417,.T.);
#8454=EDGE_CURVE('',#10407,#10415,#10418,.T.);
#8455=EDGE_CURVE('',#10419,#10420,#10421,.T.);
#8456=EDGE_CURVE('',#10420,#10422,#10423,.T.);
#8457=EDGE_CURVE('',#10422,#10424,#10425,.T.);
#8458=EDGE_CURVE('',#10424,#10419,#10426,.T.);
#8459=EDGE_CURVE('',#10028,#10419,#10427,.T.);
#8460=EDGE_CURVE('',#10024,#10424,#10428,.T.);
#8461=EDGE_CURVE('',#10023,#10422,#10429,.T.);
#8462=EDGE_CURVE('',#10026,#10420,#10430,.T.);
#8463=EDGE_CURVE('',#10036,#10431,#10432,.T.);
#8464=EDGE_CURVE('',#10433,#10431,#10434,.T.);
#8465=EDGE_CURVE('',#10032,#10433,#10435,.T.);
#8466=EDGE_CURVE('',#10436,#10433,#10437,.T.);
#8467=EDGE_CURVE('',#10031,#10436,#10438,.T.);
#8468=EDGE_CURVE('',#10439,#10436,#10440,.T.);
#8469=EDGE_CURVE('',#10034,#10439,#10441,.T.);
#8470=EDGE_CURVE('',#10431,#10439,#10442,.T.);
#8471=EDGE_CURVE('',#10443,#10444,#10445,.T.);
#8472=EDGE_CURVE('',#10444,#10446,#10447,.T.);
#8473=EDGE_CURVE('',#10446,#10448,#10449,.T.);
#8474=EDGE_CURVE('',#10448,#10443,#10450,.T.);
#8475=EDGE_CURVE('',#10044,#10443,#10451,.T.);
#8476=EDGE_CURVE('',#10040,#10448,#10452,.T.);
#8477=EDGE_CURVE('',#10039,#10446,#10453,.T.);
#8478=EDGE_CURVE('',#10042,#10444,#10454,.T.);
#8479=EDGE_CURVE('',#10052,#10455,#10456,.T.);
#8480=EDGE_CURVE('',#10457,#10455,#10458,.T.);
#8481=EDGE_CURVE('',#10048,#10457,#10459,.T.);
#8482=EDGE_CURVE('',#10460,#10457,#10461,.T.);
#8483=EDGE_CURVE('',#10047,#10460,#10462,.T.);
#8484=EDGE_CURVE('',#10463,#10460,#10464,.T.);
#8485=EDGE_CURVE('',#10050,#10463,#10465,.T.);
#8486=EDGE_CURVE('',#10455,#10463,#10466,.T.);
#8487=EDGE_CURVE('',#10467,#10468,#10469,.T.);
#8488=EDGE_CURVE('',#10468,#10470,#10471,.T.);
#8489=EDGE_CURVE('',#10470,#10472,#10473,.T.);
#8490=EDGE_CURVE('',#10472,#10467,#10474,.T.);
#8491=EDGE_CURVE('',#10060,#10467,#10475,.T.);
#8492=EDGE_CURVE('',#10056,#10472,#10476,.T.);
#8493=EDGE_CURVE('',#10055,#10470,#10477,.T.);
#8494=EDGE_CURVE('',#10058,#10468,#10478,.T.);
#8495=EDGE_CURVE('',#10068,#10479,#10480,.T.);
#8496=EDGE_CURVE('',#10481,#10479,#10482,.T.);
#8497=EDGE_CURVE('',#10064,#10481,#10483,.T.);
#8498=EDGE_CURVE('',#10484,#10481,#10485,.T.);
#8499=EDGE_CURVE('',#10063,#10484,#10486,.T.);
#8500=EDGE_CURVE('',#10487,#10484,#10488,.T.);
#8501=EDGE_CURVE('',#10066,#10487,#10489,.T.);
#8502=EDGE_CURVE('',#10479,#10487,#10490,.T.);
#8503=EDGE_CURVE('',#10491,#10492,#10493,.T.);
#8504=EDGE_CURVE('',#10492,#10494,#10495,.T.);
#8505=EDGE_CURVE('',#10494,#10496,#10497,.T.);
#8506=EDGE_CURVE('',#10496,#10491,#10498,.T.);
#8507=EDGE_CURVE('',#10076,#10491,#10499,.T.);
#8508=EDGE_CURVE('',#10072,#10496,#10500,.T.);
#8509=EDGE_CURVE('',#10071,#10494,#10501,.T.);
#8510=EDGE_CURVE('',#10074,#10492,#10502,.T.);
#8511=EDGE_CURVE('',#10084,#10503,#10504,.T.);
#8512=EDGE_CURVE('',#10505,#10503,#10506,.T.);
#8513=EDGE_CURVE('',#10080,#10505,#10507,.T.);
#8514=EDGE_CURVE('',#10508,#10505,#10509,.T.);
#8515=EDGE_CURVE('',#10079,#10508,#10510,.T.);
#8516=EDGE_CURVE('',#10511,#10508,#10512,.T.);
#8517=EDGE_CURVE('',#10082,#10511,#10513,.T.);
#8518=EDGE_CURVE('',#10503,#10511,#10514,.T.);
#8519=EDGE_CURVE('',#10515,#10516,#10517,.T.);
#8520=EDGE_CURVE('',#10516,#10518,#10519,.T.);
#8521=EDGE_CURVE('',#10518,#10520,#10521,.T.);
#8522=EDGE_CURVE('',#10520,#10515,#10522,.T.);
#8523=EDGE_CURVE('',#10092,#10515,#10523,.T.);
#8524=EDGE_CURVE('',#10088,#10520,#10524,.T.);
#8525=EDGE_CURVE('',#10087,#10518,#10525,.T.);
#8526=EDGE_CURVE('',#10090,#10516,#10526,.T.);
#8527=EDGE_CURVE('',#10527,#9662,#10528,.T.);
#8528=EDGE_CURVE('',#10529,#10527,#10530,.T.);
#8529=EDGE_CURVE('',#10529,#10531,#10532,.T.);
#8530=EDGE_CURVE('',#10533,#10531,#10534,.T.);
#8531=EDGE_CURVE('',#10533,#9764,#10535,.T.);
#8532=EDGE_CURVE('',#10536,#9727,#10537,.T.);
#8533=EDGE_CURVE('',#10536,#9772,#10538,.T.);
#8534=EDGE_CURVE('',#10539,#10540,#10541,.T.);
#8535=EDGE_CURVE('',#10540,#10539,#10542,.T.);
#8536=EDGE_CURVE('',#10533,#10543,#10544,.T.);
#8537=EDGE_CURVE('',#10543,#9766,#10545,.T.);
#8538=EDGE_CURVE('',#10546,#10547,#10548,.T.);
#8539=EDGE_CURVE('',#10547,#10546,#10549,.T.);
#8540=EDGE_CURVE('',#10550,#9770,#10551,.T.);
#8541=EDGE_CURVE('',#10552,#10550,#10553,.T.);
#8542=EDGE_CURVE('',#10554,#10552,#10555,.T.);
#8543=EDGE_CURVE('',#10554,#10556,#10557,.T.);
#8544=EDGE_CURVE('',#10536,#10556,#10558,.T.);
#8545=EDGE_CURVE('',#10556,#9729,#10559,.T.);
#8546=EDGE_CURVE('',#10560,#10561,#10562,.T.);
#8547=EDGE_CURVE('',#10561,#10560,#10563,.T.);
#8548=EDGE_CURVE('',#10531,#10564,#10565,.T.);
#8549=EDGE_CURVE('',#10543,#10564,#10566,.T.);
#8550=EDGE_CURVE('',#10567,#10568,#10569,.T.);
#8551=EDGE_CURVE('',#10568,#10567,#10570,.T.);
#8552=EDGE_CURVE('',#10554,#9731,#10571,.T.);
#8553=EDGE_CURVE('',#10529,#10572,#10573,.T.);
#8554=EDGE_CURVE('',#10572,#10564,#10574,.T.);
#8555=EDGE_CURVE('',#10552,#9733,#10575,.T.);
#8556=EDGE_CURVE('',#10527,#10576,#10577,.T.);
#8557=EDGE_CURVE('',#10572,#10576,#10578,.T.);
#8558=EDGE_CURVE('',#9670,#9533,#10579,.T.);
#8559=EDGE_CURVE('',#10550,#10580,#10581,.T.);
#8560=EDGE_CURVE('',#10576,#10580,#10582,.T.);
#8561=EDGE_CURVE('',#10580,#9768,#10583,.T.);
#8562=EDGE_CURVE('',#9672,#9702,#10584,.T.);
#8563=EDGE_CURVE('',#9531,#10585,#10586,.T.);
#8564=EDGE_CURVE('',#9431,#10585,#10587,.T.);
#8565=EDGE_CURVE('',#9427,#10588,#10589,.T.);
#8566=EDGE_CURVE('',#10590,#10588,#10591,.T.);
#8567=EDGE_CURVE('',#9741,#10590,#10592,.T.);
#8568=EDGE_CURVE('',#9610,#9630,#10593,.T.);
#8569=EDGE_CURVE('',#10590,#10594,#10595,.T.);
#8570=EDGE_CURVE('',#10594,#10596,#10597,.T.);
#8571=EDGE_CURVE('',#10596,#9743,#10598,.T.);
#8572=EDGE_CURVE('',#10585,#10599,#10600,.T.);
#8573=EDGE_CURVE('',#10599,#10601,#10602,.T.);
#8574=EDGE_CURVE('',#10601,#9433,#10603,.T.);
#8575=EDGE_CURVE('',#9528,#9582,#10604,.T.);
#8576=EDGE_CURVE('',#10605,#10596,#10606,.T.);
#8577=EDGE_CURVE('',#10605,#9584,#10607,.T.);
#8578=EDGE_CURVE('',#9586,#10608,#10609,.T.);
#8579=EDGE_CURVE('',#10605,#10608,#10610,.T.);
#8580=EDGE_CURVE('',#10608,#10594,#10611,.T.);
#8581=EDGE_CURVE('',#9588,#10588,#10612,.T.);
#8582=EDGE_CURVE('',#9435,#9590,#10613,.T.);
#8583=EDGE_CURVE('',#9580,#10614,#10615,.T.);
#8584=EDGE_CURVE('',#10614,#10599,#10616,.T.);
#8585=EDGE_CURVE('',#10617,#10601,#10618,.T.);
#8586=EDGE_CURVE('',#10617,#10614,#10619,.T.);
#8587=EDGE_CURVE('',#10617,#9592,#10620,.T.);
#8588=EDGE_CURVE('',#10561,#9596,#10621,.T.);
#8589=EDGE_CURVE('',#9595,#10560,#10622,.T.);
#8590=EDGE_CURVE('',#10568,#9577,#10623,.T.);
#8591=EDGE_CURVE('',#9576,#10567,#10624,.T.);
#8592=EDGE_CURVE('',#10546,#10625,#10626,.T.);
#8593=EDGE_CURVE('',#10627,#10625,#10628,.T.);
#8594=EDGE_CURVE('',#10547,#10627,#10629,.T.);
#8595=EDGE_CURVE('',#10625,#10627,#10630,.T.);
#8596=EDGE_CURVE('',#10631,#10632,#10633,.T.);
#8597=EDGE_CURVE('',#10632,#10631,#10634,.T.);
#8598=EDGE_CURVE('',#10635,#10636,#10637,.T.);
#8599=EDGE_CURVE('',#10636,#10635,#10638,.T.);
#8600=EDGE_CURVE('',#10639,#10640,#10641,.T.);
#8601=EDGE_CURVE('',#10640,#10639,#10642,.T.);
#8602=EDGE_CURVE('',#10539,#10635,#10643,.T.);
#8603=EDGE_CURVE('',#10540,#10636,#10644,.T.);
#8604=EDGE_CURVE('',#9783,#10632,#10645,.T.);
#8605=EDGE_CURVE('',#9782,#10631,#10646,.T.);
#8606=EDGE_CURVE('',#9777,#10640,#10647,.T.);
#8607=EDGE_CURVE('',#9776,#10639,#10648,.T.);
#8608=EDGE_CURVE('',#9639,#9709,#10649,.T.);
#8609=EDGE_CURVE('',#9484,#10650,#10651,.T.);
#8610=EDGE_CURVE('',#10652,#9489,#10653,.T.);
#8611=EDGE_CURVE('',#10652,#10650,#10654,.T.);
#8612=EDGE_CURVE('',#10655,#10652,#10656,.T.);
#8613=EDGE_CURVE('',#10657,#10655,#10658,.T.);
#8614=EDGE_CURVE('',#10657,#10650,#10659,.T.);
#8615=EDGE_CURVE('',#10660,#10657,#10661,.T.);
#8616=EDGE_CURVE('',#10660,#10662,#10663,.T.);
#8617=EDGE_CURVE('',#10662,#9485,#10664,.T.);
#8618=EDGE_CURVE('',#10665,#10666,#10667,.T.);
#8619=EDGE_CURVE('',#10668,#10666,#10669,.T.);
#8620=EDGE_CURVE('',#10670,#10668,#10671,.T.);
#8621=EDGE_CURVE('',#10670,#10665,#10672,.T.);
#8622=EDGE_CURVE('',#10673,#10674,#10675,.T.);
#8623=EDGE_CURVE('',#10676,#10674,#10677,.T.);
#8624=EDGE_CURVE('',#10678,#10676,#10679,.T.);
#8625=EDGE_CURVE('',#10678,#10673,#10680,.T.);
#8626=EDGE_CURVE('',#10681,#10682,#10683,.T.);
#8627=EDGE_CURVE('',#10684,#10682,#10685,.T.);
#8628=EDGE_CURVE('',#10686,#10684,#10687,.T.);
#8629=EDGE_CURVE('',#10686,#10681,#10688,.T.);
#8630=EDGE_CURVE('',#10689,#10690,#10691,.T.);
#8631=EDGE_CURVE('',#10692,#10690,#10693,.T.);
#8632=EDGE_CURVE('',#10694,#10692,#10695,.T.);
#8633=EDGE_CURVE('',#10694,#10689,#10696,.T.);
#8634=EDGE_CURVE('',#10697,#10698,#10699,.T.);
#8635=EDGE_CURVE('',#10700,#10698,#10701,.T.);
#8636=EDGE_CURVE('',#10702,#10700,#10703,.T.);
#8637=EDGE_CURVE('',#10702,#10697,#10704,.T.);
#8638=EDGE_CURVE('',#10705,#10706,#10707,.T.);
#8639=EDGE_CURVE('',#10708,#10706,#10709,.T.);
#8640=EDGE_CURVE('',#10710,#10708,#10711,.T.);
#8641=EDGE_CURVE('',#10710,#10705,#10712,.T.);
#8642=EDGE_CURVE('',#10713,#10714,#10715,.T.);
#8643=EDGE_CURVE('',#10716,#10714,#10717,.T.);
#8644=EDGE_CURVE('',#10718,#10716,#10719,.T.);
#8645=EDGE_CURVE('',#10718,#10713,#10720,.T.);
#8646=EDGE_CURVE('',#10721,#10722,#10723,.T.);
#8647=EDGE_CURVE('',#10724,#10722,#10725,.T.);
#8648=EDGE_CURVE('',#10726,#10724,#10727,.T.);
#8649=EDGE_CURVE('',#10726,#10721,#10728,.T.);
#8650=EDGE_CURVE('',#10729,#10730,#10731,.T.);
#8651=EDGE_CURVE('',#10732,#10730,#10733,.T.);
#8652=EDGE_CURVE('',#10734,#10732,#10735,.T.);
#8653=EDGE_CURVE('',#10734,#10729,#10736,.T.);
#8654=EDGE_CURVE('',#10737,#10738,#10739,.T.);
#8655=EDGE_CURVE('',#10740,#10738,#10741,.T.);
#8656=EDGE_CURVE('',#10742,#10740,#10743,.T.);
#8657=EDGE_CURVE('',#10742,#10737,#10744,.T.);
#8658=EDGE_CURVE('',#10745,#10746,#10747,.T.);
#8659=EDGE_CURVE('',#10748,#10746,#10749,.T.);
#8660=EDGE_CURVE('',#10750,#10748,#10751,.T.);
#8661=EDGE_CURVE('',#10750,#10745,#10752,.T.);
#8662=EDGE_CURVE('',#10753,#10754,#10755,.T.);
#8663=EDGE_CURVE('',#10756,#10754,#10757,.T.);
#8664=EDGE_CURVE('',#10758,#10756,#10759,.T.);
#8665=EDGE_CURVE('',#10758,#10753,#10760,.T.);
#8666=EDGE_CURVE('',#10761,#10762,#10763,.T.);
#8667=EDGE_CURVE('',#10764,#10762,#10765,.T.);
#8668=EDGE_CURVE('',#10766,#10764,#10767,.T.);
#8669=EDGE_CURVE('',#10766,#10761,#10768,.T.);
#8670=EDGE_CURVE('',#10769,#10770,#10771,.T.);
#8671=EDGE_CURVE('',#10772,#10770,#10773,.T.);
#8672=EDGE_CURVE('',#10774,#10772,#10775,.T.);
#8673=EDGE_CURVE('',#10774,#10769,#10776,.T.);
#8674=EDGE_CURVE('',#10777,#10778,#10779,.T.);
#8675=EDGE_CURVE('',#10780,#10778,#10781,.T.);
#8676=EDGE_CURVE('',#10782,#10780,#10783,.T.);
#8677=EDGE_CURVE('',#10782,#10777,#10784,.T.);
#8678=EDGE_CURVE('',#10785,#10786,#10787,.T.);
#8679=EDGE_CURVE('',#10788,#10786,#10789,.T.);
#8680=EDGE_CURVE('',#10790,#10788,#10791,.T.);
#8681=EDGE_CURVE('',#10790,#10785,#10792,.T.);
#8682=EDGE_CURVE('',#10793,#10794,#10795,.T.);
#8683=EDGE_CURVE('',#10796,#10794,#10797,.T.);
#8684=EDGE_CURVE('',#10798,#10796,#10799,.T.);
#8685=EDGE_CURVE('',#10798,#10793,#10800,.T.);
#8686=EDGE_CURVE('',#10801,#10802,#10803,.T.);
#8687=EDGE_CURVE('',#10804,#10802,#10805,.T.);
#8688=EDGE_CURVE('',#10806,#10804,#10807,.T.);
#8689=EDGE_CURVE('',#10806,#10801,#10808,.T.);
#8690=EDGE_CURVE('',#9487,#10809,#10810,.T.);
#8691=EDGE_CURVE('',#10662,#10809,#10811,.T.);
#8692=EDGE_CURVE('',#10812,#10660,#10813,.T.);
#8693=EDGE_CURVE('',#10812,#10809,#10814,.T.);
#8694=EDGE_CURVE('',#10655,#10812,#10815,.T.);
#8695=EDGE_CURVE('',#10816,#10817,#10818,.T.);
#8696=EDGE_CURVE('',#10817,#10819,#10820,.T.);
#8697=EDGE_CURVE('',#10821,#10819,#10822,.T.);
#8698=EDGE_CURVE('',#10816,#10821,#10823,.T.);
#8699=EDGE_CURVE('',#10824,#10825,#10826,.T.);
#8700=EDGE_CURVE('',#10825,#10827,#10828,.T.);
#8701=EDGE_CURVE('',#10829,#10827,#10830,.T.);
#8702=EDGE_CURVE('',#10824,#10829,#10831,.T.);
#8703=EDGE_CURVE('',#10832,#10833,#10834,.T.);
#8704=EDGE_CURVE('',#10833,#10835,#10836,.T.);
#8705=EDGE_CURVE('',#10837,#10835,#10838,.T.);
#8706=EDGE_CURVE('',#10832,#10837,#10839,.T.);
#8707=EDGE_CURVE('',#10840,#10841,#10842,.T.);
#8708=EDGE_CURVE('',#10841,#10843,#10844,.T.);
#8709=EDGE_CURVE('',#10845,#10843,#10846,.T.);
#8710=EDGE_CURVE('',#10840,#10845,#10847,.T.);
#8711=EDGE_CURVE('',#10848,#10849,#10850,.T.);
#8712=EDGE_CURVE('',#10849,#10851,#10852,.T.);
#8713=EDGE_CURVE('',#10853,#10851,#10854,.T.);
#8714=EDGE_CURVE('',#10848,#10853,#10855,.T.);
#8715=EDGE_CURVE('',#10856,#10857,#10858,.T.);
#8716=EDGE_CURVE('',#10857,#10859,#10860,.T.);
#8717=EDGE_CURVE('',#10861,#10859,#10862,.T.);
#8718=EDGE_CURVE('',#10856,#10861,#10863,.T.);
#8719=EDGE_CURVE('',#10864,#10865,#10866,.T.);
#8720=EDGE_CURVE('',#10865,#10867,#10868,.T.);
#8721=EDGE_CURVE('',#10869,#10867,#10870,.T.);
#8722=EDGE_CURVE('',#10864,#10869,#10871,.T.);
#8723=EDGE_CURVE('',#10872,#10873,#10874,.T.);
#8724=EDGE_CURVE('',#10873,#10875,#10876,.T.);
#8725=EDGE_CURVE('',#10877,#10875,#10878,.T.);
#8726=EDGE_CURVE('',#10872,#10877,#10879,.T.);
#8727=EDGE_CURVE('',#10880,#10881,#10882,.T.);
#8728=EDGE_CURVE('',#10881,#10883,#10884,.T.);
#8729=EDGE_CURVE('',#10885,#10883,#10886,.T.);
#8730=EDGE_CURVE('',#10880,#10885,#10887,.T.);
#8731=EDGE_CURVE('',#10888,#10889,#10890,.T.);
#8732=EDGE_CURVE('',#10889,#10891,#10892,.T.);
#8733=EDGE_CURVE('',#10893,#10891,#10894,.T.);
#8734=EDGE_CURVE('',#10888,#10893,#10895,.T.);
#8735=EDGE_CURVE('',#10896,#10897,#10898,.T.);
#8736=EDGE_CURVE('',#10897,#10899,#10900,.T.);
#8737=EDGE_CURVE('',#10901,#10899,#10902,.T.);
#8738=EDGE_CURVE('',#10896,#10901,#10903,.T.);
#8739=EDGE_CURVE('',#10904,#10905,#10906,.T.);
#8740=EDGE_CURVE('',#10905,#10907,#10908,.T.);
#8741=EDGE_CURVE('',#10909,#10907,#10910,.T.);
#8742=EDGE_CURVE('',#10904,#10909,#10911,.T.);
#8743=EDGE_CURVE('',#10912,#10913,#10914,.T.);
#8744=EDGE_CURVE('',#10913,#10915,#10916,.T.);
#8745=EDGE_CURVE('',#10917,#10915,#10918,.T.);
#8746=EDGE_CURVE('',#10912,#10917,#10919,.T.);
#8747=EDGE_CURVE('',#10920,#10921,#10922,.T.);
#8748=EDGE_CURVE('',#10921,#10923,#10924,.T.);
#8749=EDGE_CURVE('',#10925,#10923,#10926,.T.);
#8750=EDGE_CURVE('',#10920,#10925,#10927,.T.);
#8751=EDGE_CURVE('',#10928,#10929,#10930,.T.);
#8752=EDGE_CURVE('',#10929,#10931,#10932,.T.);
#8753=EDGE_CURVE('',#10933,#10931,#10934,.T.);
#8754=EDGE_CURVE('',#10928,#10933,#10935,.T.);
#8755=EDGE_CURVE('',#10936,#10937,#10938,.T.);
#8756=EDGE_CURVE('',#10937,#10939,#10940,.T.);
#8757=EDGE_CURVE('',#10941,#10939,#10942,.T.);
#8758=EDGE_CURVE('',#10936,#10941,#10943,.T.);
#8759=EDGE_CURVE('',#10944,#10945,#10946,.T.);
#8760=EDGE_CURVE('',#10945,#10947,#10948,.T.);
#8761=EDGE_CURVE('',#10949,#10947,#10950,.T.);
#8762=EDGE_CURVE('',#10944,#10949,#10951,.T.);
#8763=EDGE_CURVE('',#10952,#10953,#10954,.T.);
#8764=EDGE_CURVE('',#10953,#10955,#10956,.T.);
#8765=EDGE_CURVE('',#10957,#10955,#10958,.T.);
#8766=EDGE_CURVE('',#10952,#10957,#10959,.T.);
#8767=EDGE_CURVE('',#10960,#10961,#10962,.T.);
#8768=EDGE_CURVE('',#10963,#10961,#10964,.T.);
#8769=EDGE_CURVE('',#10965,#10963,#10966,.T.);
#8770=EDGE_CURVE('',#10965,#10960,#10967,.T.);
#8771=EDGE_CURVE('',#10968,#10969,#10970,.T.);
#8772=EDGE_CURVE('',#10971,#10969,#10972,.T.);
#8773=EDGE_CURVE('',#10973,#10971,#10974,.T.);
#8774=EDGE_CURVE('',#10973,#10968,#10975,.T.);
#8775=EDGE_CURVE('',#10976,#10977,#10978,.T.);
#8776=EDGE_CURVE('',#10979,#10977,#10980,.T.);
#8777=EDGE_CURVE('',#10981,#10979,#10982,.T.);
#8778=EDGE_CURVE('',#10981,#10976,#10983,.T.);
#8779=EDGE_CURVE('',#10984,#10985,#10986,.T.);
#8780=EDGE_CURVE('',#10987,#10985,#10988,.T.);
#8781=EDGE_CURVE('',#10989,#10987,#10990,.T.);
#8782=EDGE_CURVE('',#10989,#10984,#10991,.T.);
#8783=EDGE_CURVE('',#10992,#10993,#10994,.T.);
#8784=EDGE_CURVE('',#10995,#10993,#10996,.T.);
#8785=EDGE_CURVE('',#10997,#10995,#10998,.T.);
#8786=EDGE_CURVE('',#10997,#10992,#10999,.T.);
#8787=EDGE_CURVE('',#11000,#11001,#11002,.T.);
#8788=EDGE_CURVE('',#11003,#11001,#11004,.T.);
#8789=EDGE_CURVE('',#11005,#11003,#11006,.T.);
#8790=EDGE_CURVE('',#11005,#11000,#11007,.T.);
#8791=EDGE_CURVE('',#11008,#11009,#11010,.T.);
#8792=EDGE_CURVE('',#11011,#11009,#11012,.T.);
#8793=EDGE_CURVE('',#11013,#11011,#11014,.T.);
#8794=EDGE_CURVE('',#11013,#11008,#11015,.T.);
#8795=EDGE_CURVE('',#11016,#11017,#11018,.T.);
#8796=EDGE_CURVE('',#11019,#11017,#11020,.T.);
#8797=EDGE_CURVE('',#11021,#11019,#11022,.T.);
#8798=EDGE_CURVE('',#11021,#11016,#11023,.T.);
#8799=EDGE_CURVE('',#11024,#11025,#11026,.T.);
#8800=EDGE_CURVE('',#11027,#11025,#11028,.T.);
#8801=EDGE_CURVE('',#11029,#11027,#11030,.T.);
#8802=EDGE_CURVE('',#11029,#11024,#11031,.T.);
#8803=EDGE_CURVE('',#11032,#11033,#11034,.T.);
#8804=EDGE_CURVE('',#11035,#11033,#11036,.T.);
#8805=EDGE_CURVE('',#11037,#11035,#11038,.T.);
#8806=EDGE_CURVE('',#11037,#11032,#11039,.T.);
#8807=EDGE_CURVE('',#11040,#11041,#11042,.T.);
#8808=EDGE_CURVE('',#11043,#11041,#11044,.T.);
#8809=EDGE_CURVE('',#11045,#11043,#11046,.T.);
#8810=EDGE_CURVE('',#11045,#11040,#11047,.T.);
#8811=EDGE_CURVE('',#11048,#11049,#11050,.T.);
#8812=EDGE_CURVE('',#11051,#11049,#11052,.T.);
#8813=EDGE_CURVE('',#11053,#11051,#11054,.T.);
#8814=EDGE_CURVE('',#11053,#11048,#11055,.T.);
#8815=EDGE_CURVE('',#11056,#11057,#11058,.T.);
#8816=EDGE_CURVE('',#11059,#11057,#11060,.T.);
#8817=EDGE_CURVE('',#11061,#11059,#11062,.T.);
#8818=EDGE_CURVE('',#11061,#11056,#11063,.T.);
#8819=EDGE_CURVE('',#11064,#11065,#11066,.T.);
#8820=EDGE_CURVE('',#11067,#11065,#11068,.T.);
#8821=EDGE_CURVE('',#11069,#11067,#11070,.T.);
#8822=EDGE_CURVE('',#11069,#11064,#11071,.T.);
#8823=EDGE_CURVE('',#11072,#11073,#11074,.T.);
#8824=EDGE_CURVE('',#11075,#11073,#11076,.T.);
#8825=EDGE_CURVE('',#11077,#11075,#11078,.T.);
#8826=EDGE_CURVE('',#11077,#11072,#11079,.T.);
#8827=EDGE_CURVE('',#11080,#11081,#11082,.T.);
#8828=EDGE_CURVE('',#11083,#11081,#11084,.T.);
#8829=EDGE_CURVE('',#11085,#11083,#11086,.T.);
#8830=EDGE_CURVE('',#11085,#11080,#11087,.T.);
#8831=EDGE_CURVE('',#11088,#11089,#11090,.T.);
#8832=EDGE_CURVE('',#11091,#11089,#11092,.T.);
#8833=EDGE_CURVE('',#11093,#11091,#11094,.T.);
#8834=EDGE_CURVE('',#11093,#11088,#11095,.T.);
#8835=EDGE_CURVE('',#11096,#11097,#11098,.T.);
#8836=EDGE_CURVE('',#11099,#11097,#11100,.T.);
#8837=EDGE_CURVE('',#11101,#11099,#11102,.T.);
#8838=EDGE_CURVE('',#11101,#11096,#11103,.T.);
#8839=EDGE_CURVE('',#11104,#11105,#11106,.T.);
#8840=EDGE_CURVE('',#11107,#11105,#11108,.T.);
#8841=EDGE_CURVE('',#11109,#11107,#11110,.T.);
#8842=EDGE_CURVE('',#11109,#11104,#11111,.T.);
#8843=EDGE_CURVE('',#11112,#11113,#11114,.T.);
#8844=EDGE_CURVE('',#11115,#11113,#11116,.T.);
#8845=EDGE_CURVE('',#11117,#11115,#11118,.T.);
#8846=EDGE_CURVE('',#11117,#11112,#11119,.T.);
#8847=EDGE_CURVE('',#11120,#11121,#11122,.T.);
#8848=EDGE_CURVE('',#11123,#11121,#11124,.T.);
#8849=EDGE_CURVE('',#11125,#11123,#11126,.T.);
#8850=EDGE_CURVE('',#11125,#11120,#11127,.T.);
#8851=EDGE_CURVE('',#11128,#11129,#11130,.T.);
#8852=EDGE_CURVE('',#11131,#11129,#11132,.T.);
#8853=EDGE_CURVE('',#11133,#11131,#11134,.T.);
#8854=EDGE_CURVE('',#11133,#11128,#11135,.T.);
#8855=EDGE_CURVE('',#11136,#11137,#11138,.T.);
#8856=EDGE_CURVE('',#11139,#11137,#11140,.T.);
#8857=EDGE_CURVE('',#11141,#11139,#11142,.T.);
#8858=EDGE_CURVE('',#11141,#11136,#11143,.T.);
#8859=EDGE_CURVE('',#11144,#11145,#11146,.T.);
#8860=EDGE_CURVE('',#11147,#11145,#11148,.T.);
#8861=EDGE_CURVE('',#11149,#11147,#11150,.T.);
#8862=EDGE_CURVE('',#11149,#11144,#11151,.T.);
#8863=EDGE_CURVE('',#11152,#11153,#11154,.T.);
#8864=EDGE_CURVE('',#11155,#11153,#11156,.T.);
#8865=EDGE_CURVE('',#11157,#11155,#11158,.T.);
#8866=EDGE_CURVE('',#11157,#11152,#11159,.T.);
#8867=EDGE_CURVE('',#11160,#11161,#11162,.T.);
#8868=EDGE_CURVE('',#11163,#11161,#11164,.T.);
#8869=EDGE_CURVE('',#11165,#11163,#11166,.T.);
#8870=EDGE_CURVE('',#11165,#11160,#11167,.T.);
#8871=EDGE_CURVE('',#11168,#11169,#11170,.T.);
#8872=EDGE_CURVE('',#11171,#11169,#11172,.T.);
#8873=EDGE_CURVE('',#11173,#11171,#11174,.T.);
#8874=EDGE_CURVE('',#11173,#11168,#11175,.T.);
#8875=EDGE_CURVE('',#11176,#11177,#11178,.T.);
#8876=EDGE_CURVE('',#11179,#11177,#11180,.T.);
#8877=EDGE_CURVE('',#11181,#11179,#11182,.T.);
#8878=EDGE_CURVE('',#11181,#11176,#11183,.T.);
#8879=EDGE_CURVE('',#11184,#11185,#11186,.T.);
#8880=EDGE_CURVE('',#11187,#11185,#11188,.T.);
#8881=EDGE_CURVE('',#11189,#11187,#11190,.T.);
#8882=EDGE_CURVE('',#11189,#11184,#11191,.T.);
#8883=EDGE_CURVE('',#11192,#11193,#11194,.T.);
#8884=EDGE_CURVE('',#11195,#11193,#11196,.T.);
#8885=EDGE_CURVE('',#11197,#11195,#11198,.T.);
#8886=EDGE_CURVE('',#11197,#11192,#11199,.T.);
#8887=EDGE_CURVE('',#11200,#11201,#11202,.T.);
#8888=EDGE_CURVE('',#11203,#11201,#11204,.T.);
#8889=EDGE_CURVE('',#11205,#11203,#11206,.T.);
#8890=EDGE_CURVE('',#11205,#11200,#11207,.T.);
#8891=EDGE_CURVE('',#11208,#11209,#11210,.T.);
#8892=EDGE_CURVE('',#11211,#11209,#11212,.T.);
#8893=EDGE_CURVE('',#11213,#11211,#11214,.T.);
#8894=EDGE_CURVE('',#11213,#11208,#11215,.T.);
#8895=EDGE_CURVE('',#11216,#11217,#11218,.T.);
#8896=EDGE_CURVE('',#11219,#11217,#11220,.T.);
#8897=EDGE_CURVE('',#11221,#11219,#11222,.T.);
#8898=EDGE_CURVE('',#11221,#11216,#11223,.T.);
#8899=EDGE_CURVE('',#11224,#11225,#11226,.T.);
#8900=EDGE_CURVE('',#11227,#11225,#11228,.T.);
#8901=EDGE_CURVE('',#11229,#11227,#11230,.T.);
#8902=EDGE_CURVE('',#11229,#11224,#11231,.T.);
#8903=EDGE_CURVE('',#11232,#11233,#11234,.T.);
#8904=EDGE_CURVE('',#11235,#11233,#11236,.T.);
#8905=EDGE_CURVE('',#11237,#11235,#11238,.T.);
#8906=EDGE_CURVE('',#11237,#11232,#11239,.T.);
#8907=EDGE_CURVE('',#11240,#11241,#11242,.T.);
#8908=EDGE_CURVE('',#11243,#11241,#11244,.T.);
#8909=EDGE_CURVE('',#11245,#11243,#11246,.T.);
#8910=EDGE_CURVE('',#11245,#11240,#11247,.T.);
#8911=EDGE_CURVE('',#11248,#10965,#11249,.T.);
#8912=EDGE_CURVE('',#10816,#11248,#11250,.T.);
#8913=EDGE_CURVE('',#11251,#10821,#11252,.T.);
#8914=EDGE_CURVE('',#11253,#11251,#11254,.T.);
#8915=EDGE_CURVE('',#10960,#11253,#11255,.T.);
#8916=EDGE_CURVE('',#11256,#10973,#11257,.T.);
#8917=EDGE_CURVE('',#11258,#11256,#11259,.T.);
#8918=EDGE_CURVE('',#10665,#11258,#11260,.T.);
#8919=EDGE_CURVE('',#11261,#10670,#11262,.T.);
#8920=EDGE_CURVE('',#10968,#11261,#11263,.T.);
#8921=EDGE_CURVE('',#11253,#11264,#11265,.T.);
#8922=EDGE_CURVE('',#10961,#11264,#11266,.T.);
#8923=EDGE_CURVE('',#11264,#11267,#11268,.T.);
#8924=EDGE_CURVE('',#11267,#10819,#11269,.T.);
#8925=EDGE_CURVE('',#10817,#11270,#11271,.T.);
#8926=EDGE_CURVE('',#11270,#10963,#11272,.T.);
#8927=EDGE_CURVE('',#10969,#11273,#11274,.T.);
#8928=EDGE_CURVE('',#11273,#10668,#11275,.T.);
#8929=EDGE_CURVE('',#10666,#11276,#11277,.T.);
#8930=EDGE_CURVE('',#11276,#11278,#11279,.T.);
#8931=EDGE_CURVE('',#11278,#10971,#11280,.T.);
#8932=EDGE_CURVE('',#11248,#11270,#11281,.T.);
#8933=EDGE_CURVE('',#11251,#11267,#11282,.T.);
#8934=EDGE_CURVE('',#11256,#11278,#11283,.T.);
#8935=EDGE_CURVE('',#11258,#11276,#11284,.T.);
#8936=EDGE_CURVE('',#11261,#11273,#11285,.T.);
#8937=EDGE_CURVE('',#11286,#10981,#11287,.T.);
#8938=EDGE_CURVE('',#10824,#11286,#11288,.T.);
#8939=EDGE_CURVE('',#11289,#10829,#11290,.T.);
#8940=EDGE_CURVE('',#11291,#11289,#11292,.T.);
#8941=EDGE_CURVE('',#10976,#11291,#11293,.T.);
#8942=EDGE_CURVE('',#11294,#10989,#11295,.T.);
#8943=EDGE_CURVE('',#11296,#11294,#11297,.T.);
#8944=EDGE_CURVE('',#10673,#11296,#11298,.T.);
#8945=EDGE_CURVE('',#11299,#10678,#11300,.T.);
#8946=EDGE_CURVE('',#10984,#11299,#11301,.T.);
#8947=EDGE_CURVE('',#11291,#11302,#11303,.T.);
#8948=EDGE_CURVE('',#10977,#11302,#11304,.T.);
#8949=EDGE_CURVE('',#11302,#11305,#11306,.T.);
#8950=EDGE_CURVE('',#11305,#10827,#11307,.T.);
#8951=EDGE_CURVE('',#10825,#11308,#11309,.T.);
#8952=EDGE_CURVE('',#11308,#10979,#11310,.T.);
#8953=EDGE_CURVE('',#10985,#11311,#11312,.T.);
#8954=EDGE_CURVE('',#11311,#10676,#11313,.T.);
#8955=EDGE_CURVE('',#10674,#11314,#11315,.T.);
#8956=EDGE_CURVE('',#11314,#11316,#11317,.T.);
#8957=EDGE_CURVE('',#11316,#10987,#11318,.T.);
#8958=EDGE_CURVE('',#11286,#11308,#11319,.T.);
#8959=EDGE_CURVE('',#11289,#11305,#11320,.T.);
#8960=EDGE_CURVE('',#11294,#11316,#11321,.T.);
#8961=EDGE_CURVE('',#11296,#11314,#11322,.T.);
#8962=EDGE_CURVE('',#11299,#11311,#11323,.T.);
#8963=EDGE_CURVE('',#11324,#10997,#11325,.T.);
#8964=EDGE_CURVE('',#10832,#11324,#11326,.T.);
#8965=EDGE_CURVE('',#11327,#10837,#11328,.T.);
#8966=EDGE_CURVE('',#11329,#11327,#11330,.T.);
#8967=EDGE_CURVE('',#10992,#11329,#11331,.T.);
#8968=EDGE_CURVE('',#11332,#11005,#11333,.T.);
#8969=EDGE_CURVE('',#11334,#11332,#11335,.T.);
#8970=EDGE_CURVE('',#10681,#11334,#11336,.T.);
#8971=EDGE_CURVE('',#11337,#10686,#11338,.T.);
#8972=EDGE_CURVE('',#11000,#11337,#11339,.T.);
#8973=EDGE_CURVE('',#11329,#11340,#11341,.T.);
#8974=EDGE_CURVE('',#10993,#11340,#11342,.T.);
#8975=EDGE_CURVE('',#11340,#11343,#11344,.T.);
#8976=EDGE_CURVE('',#11343,#10835,#11345,.T.);
#8977=EDGE_CURVE('',#10833,#11346,#11347,.T.);
#8978=EDGE_CURVE('',#11346,#10995,#11348,.T.);
#8979=EDGE_CURVE('',#11001,#11349,#11350,.T.);
#8980=EDGE_CURVE('',#11349,#10684,#11351,.T.);
#8981=EDGE_CURVE('',#10682,#11352,#11353,.T.);
#8982=EDGE_CURVE('',#11352,#11354,#11355,.T.);
#8983=EDGE_CURVE('',#11354,#11003,#11356,.T.);
#8984=EDGE_CURVE('',#11324,#11346,#11357,.T.);
#8985=EDGE_CURVE('',#11327,#11343,#11358,.T.);
#8986=EDGE_CURVE('',#11332,#11354,#11359,.T.);
#8987=EDGE_CURVE('',#11334,#11352,#11360,.T.);
#8988=EDGE_CURVE('',#11337,#11349,#11361,.T.);
#8989=EDGE_CURVE('',#11362,#11013,#11363,.T.);
#8990=EDGE_CURVE('',#10840,#11362,#11364,.T.);
#8991=EDGE_CURVE('',#11365,#10845,#11366,.T.);
#8992=EDGE_CURVE('',#11367,#11365,#11368,.T.);
#8993=EDGE_CURVE('',#11008,#11367,#11369,.T.);
#8994=EDGE_CURVE('',#11370,#11021,#11371,.T.);
#8995=EDGE_CURVE('',#11372,#11370,#11373,.T.);
#8996=EDGE_CURVE('',#10689,#11372,#11374,.T.);
#8997=EDGE_CURVE('',#11375,#10694,#11376,.T.);
#8998=EDGE_CURVE('',#11016,#11375,#11377,.T.);
#8999=EDGE_CURVE('',#11367,#11378,#11379,.T.);
#9000=EDGE_CURVE('',#11009,#11378,#11380,.T.);
#9001=EDGE_CURVE('',#11378,#11381,#11382,.T.);
#9002=EDGE_CURVE('',#11381,#10843,#11383,.T.);
#9003=EDGE_CURVE('',#10841,#11384,#11385,.T.);
#9004=EDGE_CURVE('',#11384,#11011,#11386,.T.);
#9005=EDGE_CURVE('',#11017,#11387,#11388,.T.);
#9006=EDGE_CURVE('',#11387,#10692,#11389,.T.);
#9007=EDGE_CURVE('',#10690,#11390,#11391,.T.);
#9008=EDGE_CURVE('',#11390,#11392,#11393,.T.);
#9009=EDGE_CURVE('',#11392,#11019,#11394,.T.);
#9010=EDGE_CURVE('',#11362,#11384,#11395,.T.);
#9011=EDGE_CURVE('',#11365,#11381,#11396,.T.);
#9012=EDGE_CURVE('',#11370,#11392,#11397,.T.);
#9013=EDGE_CURVE('',#11372,#11390,#11398,.T.);
#9014=EDGE_CURVE('',#11375,#11387,#11399,.T.);
#9015=EDGE_CURVE('',#11400,#11029,#11401,.T.);
#9016=EDGE_CURVE('',#10848,#11400,#11402,.T.);
#9017=EDGE_CURVE('',#11403,#10853,#11404,.T.);
#9018=EDGE_CURVE('',#11405,#11403,#11406,.T.);
#9019=EDGE_CURVE('',#11024,#11405,#11407,.T.);
#9020=EDGE_CURVE('',#11408,#11037,#11409,.T.);
#9021=EDGE_CURVE('',#11410,#11408,#11411,.T.);
#9022=EDGE_CURVE('',#10697,#11410,#11412,.T.);
#9023=EDGE_CURVE('',#11413,#10702,#11414,.T.);
#9024=EDGE_CURVE('',#11032,#11413,#11415,.T.);
#9025=EDGE_CURVE('',#11405,#11416,#11417,.T.);
#9026=EDGE_CURVE('',#11025,#11416,#11418,.T.);
#9027=EDGE_CURVE('',#11416,#11419,#11420,.T.);
#9028=EDGE_CURVE('',#11419,#10851,#11421,.T.);
#9029=EDGE_CURVE('',#10849,#11422,#11423,.T.);
#9030=EDGE_CURVE('',#11422,#11027,#11424,.T.);
#9031=EDGE_CURVE('',#11033,#11425,#11426,.T.);
#9032=EDGE_CURVE('',#11425,#10700,#11427,.T.);
#9033=EDGE_CURVE('',#10698,#11428,#11429,.T.);
#9034=EDGE_CURVE('',#11428,#11430,#11431,.T.);
#9035=EDGE_CURVE('',#11430,#11035,#11432,.T.);
#9036=EDGE_CURVE('',#11400,#11422,#11433,.T.);
#9037=EDGE_CURVE('',#11403,#11419,#11434,.T.);
#9038=EDGE_CURVE('',#11408,#11430,#11435,.T.);
#9039=EDGE_CURVE('',#11410,#11428,#11436,.T.);
#9040=EDGE_CURVE('',#11413,#11425,#11437,.T.);
#9041=EDGE_CURVE('',#11438,#11045,#11439,.T.);
#9042=EDGE_CURVE('',#10856,#11438,#11440,.T.);
#9043=EDGE_CURVE('',#11441,#10861,#11442,.T.);
#9044=EDGE_CURVE('',#11443,#11441,#11444,.T.);
#9045=EDGE_CURVE('',#11040,#11443,#11445,.T.);
#9046=EDGE_CURVE('',#11446,#11053,#11447,.T.);
#9047=EDGE_CURVE('',#11448,#11446,#11449,.T.);
#9048=EDGE_CURVE('',#10705,#11448,#11450,.T.);
#9049=EDGE_CURVE('',#11451,#10710,#11452,.T.);
#9050=EDGE_CURVE('',#11048,#11451,#11453,.T.);
#9051=EDGE_CURVE('',#11443,#11454,#11455,.T.);
#9052=EDGE_CURVE('',#11041,#11454,#11456,.T.);
#9053=EDGE_CURVE('',#11454,#11457,#11458,.T.);
#9054=EDGE_CURVE('',#11457,#10859,#11459,.T.);
#9055=EDGE_CURVE('',#10857,#11460,#11461,.T.);
#9056=EDGE_CURVE('',#11460,#11043,#11462,.T.);
#9057=EDGE_CURVE('',#11049,#11463,#11464,.T.);
#9058=EDGE_CURVE('',#11463,#10708,#11465,.T.);
#9059=EDGE_CURVE('',#10706,#11466,#11467,.T.);
#9060=EDGE_CURVE('',#11466,#11468,#11469,.T.);
#9061=EDGE_CURVE('',#11468,#11051,#11470,.T.);
#9062=EDGE_CURVE('',#11438,#11460,#11471,.T.);
#9063=EDGE_CURVE('',#11441,#11457,#11472,.T.);
#9064=EDGE_CURVE('',#11446,#11468,#11473,.T.);
#9065=EDGE_CURVE('',#11448,#11466,#11474,.T.);
#9066=EDGE_CURVE('',#11451,#11463,#11475,.T.);
#9067=EDGE_CURVE('',#11476,#11061,#11477,.T.);
#9068=EDGE_CURVE('',#10864,#11476,#11478,.T.);
#9069=EDGE_CURVE('',#11479,#10869,#11480,.T.);
#9070=EDGE_CURVE('',#11481,#11479,#11482,.T.);
#9071=EDGE_CURVE('',#11056,#11481,#11483,.T.);
#9072=EDGE_CURVE('',#11484,#11069,#11485,.T.);
#9073=EDGE_CURVE('',#11486,#11484,#11487,.T.);
#9074=EDGE_CURVE('',#10713,#11486,#11488,.T.);
#9075=EDGE_CURVE('',#11489,#10718,#11490,.T.);
#9076=EDGE_CURVE('',#11064,#11489,#11491,.T.);
#9077=EDGE_CURVE('',#11481,#11492,#11493,.T.);
#9078=EDGE_CURVE('',#11057,#11492,#11494,.T.);
#9079=EDGE_CURVE('',#11492,#11495,#11496,.T.);
#9080=EDGE_CURVE('',#11495,#10867,#11497,.T.);
#9081=EDGE_CURVE('',#10865,#11498,#11499,.T.);
#9082=EDGE_CURVE('',#11498,#11059,#11500,.T.);
#9083=EDGE_CURVE('',#11065,#11501,#11502,.T.);
#9084=EDGE_CURVE('',#11501,#10716,#11503,.T.);
#9085=EDGE_CURVE('',#10714,#11504,#11505,.T.);
#9086=EDGE_CURVE('',#11504,#11506,#11507,.T.);
#9087=EDGE_CURVE('',#11506,#11067,#11508,.T.);
#9088=EDGE_CURVE('',#11476,#11498,#11509,.T.);
#9089=EDGE_CURVE('',#11479,#11495,#11510,.T.);
#9090=EDGE_CURVE('',#11484,#11506,#11511,.T.);
#9091=EDGE_CURVE('',#11486,#11504,#11512,.T.);
#9092=EDGE_CURVE('',#11489,#11501,#11513,.T.);
#9093=EDGE_CURVE('',#11514,#11077,#11515,.T.);
#9094=EDGE_CURVE('',#10872,#11514,#11516,.T.);
#9095=EDGE_CURVE('',#11517,#10877,#11518,.T.);
#9096=EDGE_CURVE('',#11519,#11517,#11520,.T.);
#9097=EDGE_CURVE('',#11072,#11519,#11521,.T.);
#9098=EDGE_CURVE('',#11522,#11085,#11523,.T.);
#9099=EDGE_CURVE('',#11524,#11522,#11525,.T.);
#9100=EDGE_CURVE('',#10721,#11524,#11526,.T.);
#9101=EDGE_CURVE('',#11527,#10726,#11528,.T.);
#9102=EDGE_CURVE('',#11080,#11527,#11529,.T.);
#9103=EDGE_CURVE('',#11519,#11530,#11531,.T.);
#9104=EDGE_CURVE('',#11073,#11530,#11532,.T.);
#9105=EDGE_CURVE('',#11530,#11533,#11534,.T.);
#9106=EDGE_CURVE('',#11533,#10875,#11535,.T.);
#9107=EDGE_CURVE('',#10873,#11536,#11537,.T.);
#9108=EDGE_CURVE('',#11536,#11075,#11538,.T.);
#9109=EDGE_CURVE('',#11081,#11539,#11540,.T.);
#9110=EDGE_CURVE('',#11539,#10724,#11541,.T.);
#9111=EDGE_CURVE('',#10722,#11542,#11543,.T.);
#9112=EDGE_CURVE('',#11542,#11544,#11545,.T.);
#9113=EDGE_CURVE('',#11544,#11083,#11546,.T.);
#9114=EDGE_CURVE('',#11514,#11536,#11547,.T.);
#9115=EDGE_CURVE('',#11517,#11533,#11548,.T.);
#9116=EDGE_CURVE('',#11522,#11544,#11549,.T.);
#9117=EDGE_CURVE('',#11524,#11542,#11550,.T.);
#9118=EDGE_CURVE('',#11527,#11539,#11551,.T.);
#9119=EDGE_CURVE('',#11552,#11093,#11553,.T.);
#9120=EDGE_CURVE('',#10880,#11552,#11554,.T.);
#9121=EDGE_CURVE('',#11555,#10885,#11556,.T.);
#9122=EDGE_CURVE('',#11557,#11555,#11558,.T.);
#9123=EDGE_CURVE('',#11088,#11557,#11559,.T.);
#9124=EDGE_CURVE('',#11560,#11101,#11561,.T.);
#9125=EDGE_CURVE('',#11562,#11560,#11563,.T.);
#9126=EDGE_CURVE('',#10729,#11562,#11564,.T.);
#9127=EDGE_CURVE('',#11565,#10734,#11566,.T.);
#9128=EDGE_CURVE('',#11096,#11565,#11567,.T.);
#9129=EDGE_CURVE('',#11557,#11568,#11569,.T.);
#9130=EDGE_CURVE('',#11089,#11568,#11570,.T.);
#9131=EDGE_CURVE('',#11568,#11571,#11572,.T.);
#9132=EDGE_CURVE('',#11571,#10883,#11573,.T.);
#9133=EDGE_CURVE('',#10881,#11574,#11575,.T.);
#9134=EDGE_CURVE('',#11574,#11091,#11576,.T.);
#9135=EDGE_CURVE('',#11097,#11577,#11578,.T.);
#9136=EDGE_CURVE('',#11577,#10732,#11579,.T.);
#9137=EDGE_CURVE('',#10730,#11580,#11581,.T.);
#9138=EDGE_CURVE('',#11580,#11582,#11583,.T.);
#9139=EDGE_CURVE('',#11582,#11099,#11584,.T.);
#9140=EDGE_CURVE('',#11552,#11574,#11585,.T.);
#9141=EDGE_CURVE('',#11555,#11571,#11586,.T.);
#9142=EDGE_CURVE('',#11560,#11582,#11587,.T.);
#9143=EDGE_CURVE('',#11562,#11580,#11588,.T.);
#9144=EDGE_CURVE('',#11565,#11577,#11589,.T.);
#9145=EDGE_CURVE('',#11590,#11109,#11591,.T.);
#9146=EDGE_CURVE('',#10888,#11590,#11592,.T.);
#9147=EDGE_CURVE('',#11593,#10893,#11594,.T.);
#9148=EDGE_CURVE('',#11595,#11593,#11596,.T.);
#9149=EDGE_CURVE('',#11104,#11595,#11597,.T.);
#9150=EDGE_CURVE('',#11598,#11117,#11599,.T.);
#9151=EDGE_CURVE('',#11600,#11598,#11601,.T.);
#9152=EDGE_CURVE('',#10737,#11600,#11602,.T.);
#9153=EDGE_CURVE('',#11603,#10742,#11604,.T.);
#9154=EDGE_CURVE('',#11112,#11603,#11605,.T.);
#9155=EDGE_CURVE('',#11595,#11606,#11607,.T.);
#9156=EDGE_CURVE('',#11105,#11606,#11608,.T.);
#9157=EDGE_CURVE('',#11606,#11609,#11610,.T.);
#9158=EDGE_CURVE('',#11609,#10891,#11611,.T.);
#9159=EDGE_CURVE('',#10889,#11612,#11613,.T.);
#9160=EDGE_CURVE('',#11612,#11107,#11614,.T.);
#9161=EDGE_CURVE('',#11113,#11615,#11616,.T.);
#9162=EDGE_CURVE('',#11615,#10740,#11617,.T.);
#9163=EDGE_CURVE('',#10738,#11618,#11619,.T.);
#9164=EDGE_CURVE('',#11618,#11620,#11621,.T.);
#9165=EDGE_CURVE('',#11620,#11115,#11622,.T.);
#9166=EDGE_CURVE('',#11590,#11612,#11623,.T.);
#9167=EDGE_CURVE('',#11593,#11609,#11624,.T.);
#9168=EDGE_CURVE('',#11598,#11620,#11625,.T.);
#9169=EDGE_CURVE('',#11600,#11618,#11626,.T.);
#9170=EDGE_CURVE('',#11603,#11615,#11627,.T.);
#9171=EDGE_CURVE('',#11628,#11125,#11629,.T.);
#9172=EDGE_CURVE('',#10896,#11628,#11630,.T.);
#9173=EDGE_CURVE('',#11631,#10901,#11632,.T.);
#9174=EDGE_CURVE('',#11633,#11631,#11634,.T.);
#9175=EDGE_CURVE('',#11120,#11633,#11635,.T.);
#9176=EDGE_CURVE('',#11636,#11133,#11637,.T.);
#9177=EDGE_CURVE('',#11638,#11636,#11639,.T.);
#9178=EDGE_CURVE('',#10745,#11638,#11640,.T.);
#9179=EDGE_CURVE('',#11641,#10750,#11642,.T.);
#9180=EDGE_CURVE('',#11128,#11641,#11643,.T.);
#9181=EDGE_CURVE('',#11633,#11644,#11645,.T.);
#9182=EDGE_CURVE('',#11121,#11644,#11646,.T.);
#9183=EDGE_CURVE('',#11644,#11647,#11648,.T.);
#9184=EDGE_CURVE('',#11647,#10899,#11649,.T.);
#9185=EDGE_CURVE('',#10897,#11650,#11651,.T.);
#9186=EDGE_CURVE('',#11650,#11123,#11652,.T.);
#9187=EDGE_CURVE('',#11129,#11653,#11654,.T.);
#9188=EDGE_CURVE('',#11653,#10748,#11655,.T.);
#9189=EDGE_CURVE('',#10746,#11656,#11657,.T.);
#9190=EDGE_CURVE('',#11656,#11658,#11659,.T.);
#9191=EDGE_CURVE('',#11658,#11131,#11660,.T.);
#9192=EDGE_CURVE('',#11628,#11650,#11661,.T.);
#9193=EDGE_CURVE('',#11631,#11647,#11662,.T.);
#9194=EDGE_CURVE('',#11636,#11658,#11663,.T.);
#9195=EDGE_CURVE('',#11638,#11656,#11664,.T.);
#9196=EDGE_CURVE('',#11641,#11653,#11665,.T.);
#9197=EDGE_CURVE('',#11666,#11141,#11667,.T.);
#9198=EDGE_CURVE('',#10904,#11666,#11668,.T.);
#9199=EDGE_CURVE('',#11669,#10909,#11670,.T.);
#9200=EDGE_CURVE('',#11671,#11669,#11672,.T.);
#9201=EDGE_CURVE('',#11136,#11671,#11673,.T.);
#9202=EDGE_CURVE('',#11674,#11149,#11675,.T.);
#9203=EDGE_CURVE('',#11676,#11674,#11677,.T.);
#9204=EDGE_CURVE('',#10753,#11676,#11678,.T.);
#9205=EDGE_CURVE('',#11679,#10758,#11680,.T.);
#9206=EDGE_CURVE('',#11144,#11679,#11681,.T.);
#9207=EDGE_CURVE('',#11671,#11682,#11683,.T.);
#9208=EDGE_CURVE('',#11137,#11682,#11684,.T.);
#9209=EDGE_CURVE('',#11682,#11685,#11686,.T.);
#9210=EDGE_CURVE('',#11685,#10907,#11687,.T.);
#9211=EDGE_CURVE('',#10905,#11688,#11689,.T.);
#9212=EDGE_CURVE('',#11688,#11139,#11690,.T.);
#9213=EDGE_CURVE('',#11145,#11691,#11692,.T.);
#9214=EDGE_CURVE('',#11691,#10756,#11693,.T.);
#9215=EDGE_CURVE('',#10754,#11694,#11695,.T.);
#9216=EDGE_CURVE('',#11694,#11696,#11697,.T.);
#9217=EDGE_CURVE('',#11696,#11147,#11698,.T.);
#9218=EDGE_CURVE('',#11666,#11688,#11699,.T.);
#9219=EDGE_CURVE('',#11669,#11685,#11700,.T.);
#9220=EDGE_CURVE('',#11674,#11696,#11701,.T.);
#9221=EDGE_CURVE('',#11676,#11694,#11702,.T.);
#9222=EDGE_CURVE('',#11679,#11691,#11703,.T.);
#9223=EDGE_CURVE('',#11704,#11157,#11705,.T.);
#9224=EDGE_CURVE('',#10912,#11704,#11706,.T.);
#9225=EDGE_CURVE('',#11707,#10917,#11708,.T.);
#9226=EDGE_CURVE('',#11709,#11707,#11710,.T.);
#9227=EDGE_CURVE('',#11152,#11709,#11711,.T.);
#9228=EDGE_CURVE('',#11712,#11165,#11713,.T.);
#9229=EDGE_CURVE('',#11714,#11712,#11715,.T.);
#9230=EDGE_CURVE('',#10761,#11714,#11716,.T.);
#9231=EDGE_CURVE('',#11717,#10766,#11718,.T.);
#9232=EDGE_CURVE('',#11160,#11717,#11719,.T.);
#9233=EDGE_CURVE('',#11709,#11720,#11721,.T.);
#9234=EDGE_CURVE('',#11153,#11720,#11722,.T.);
#9235=EDGE_CURVE('',#11720,#11723,#11724,.T.);
#9236=EDGE_CURVE('',#11723,#10915,#11725,.T.);
#9237=EDGE_CURVE('',#10913,#11726,#11727,.T.);
#9238=EDGE_CURVE('',#11726,#11155,#11728,.T.);
#9239=EDGE_CURVE('',#11161,#11729,#11730,.T.);
#9240=EDGE_CURVE('',#11729,#10764,#11731,.T.);
#9241=EDGE_CURVE('',#10762,#11732,#11733,.T.);
#9242=EDGE_CURVE('',#11732,#11734,#11735,.T.);
#9243=EDGE_CURVE('',#11734,#11163,#11736,.T.);
#9244=EDGE_CURVE('',#11704,#11726,#11737,.T.);
#9245=EDGE_CURVE('',#11707,#11723,#11738,.T.);
#9246=EDGE_CURVE('',#11712,#11734,#11739,.T.);
#9247=EDGE_CURVE('',#11714,#11732,#11740,.T.);
#9248=EDGE_CURVE('',#11717,#11729,#11741,.T.);
#9249=EDGE_CURVE('',#11742,#11173,#11743,.T.);
#9250=EDGE_CURVE('',#10920,#11742,#11744,.T.);
#9251=EDGE_CURVE('',#11745,#10925,#11746,.T.);
#9252=EDGE_CURVE('',#11747,#11745,#11748,.T.);
#9253=EDGE_CURVE('',#11168,#11747,#11749,.T.);
#9254=EDGE_CURVE('',#11750,#11181,#11751,.T.);
#9255=EDGE_CURVE('',#11752,#11750,#11753,.T.);
#9256=EDGE_CURVE('',#10769,#11752,#11754,.T.);
#9257=EDGE_CURVE('',#11755,#10774,#11756,.T.);
#9258=EDGE_CURVE('',#11176,#11755,#11757,.T.);
#9259=EDGE_CURVE('',#11747,#11758,#11759,.T.);
#9260=EDGE_CURVE('',#11169,#11758,#11760,.T.);
#9261=EDGE_CURVE('',#11758,#11761,#11762,.T.);
#9262=EDGE_CURVE('',#11761,#10923,#11763,.T.);
#9263=EDGE_CURVE('',#10921,#11764,#11765,.T.);
#9264=EDGE_CURVE('',#11764,#11171,#11766,.T.);
#9265=EDGE_CURVE('',#11177,#11767,#11768,.T.);
#9266=EDGE_CURVE('',#11767,#10772,#11769,.T.);
#9267=EDGE_CURVE('',#10770,#11770,#11771,.T.);
#9268=EDGE_CURVE('',#11770,#11772,#11773,.T.);
#9269=EDGE_CURVE('',#11772,#11179,#11774,.T.);
#9270=EDGE_CURVE('',#11742,#11764,#11775,.T.);
#9271=EDGE_CURVE('',#11745,#11761,#11776,.T.);
#9272=EDGE_CURVE('',#11750,#11772,#11777,.T.);
#9273=EDGE_CURVE('',#11752,#11770,#11778,.T.);
#9274=EDGE_CURVE('',#11755,#11767,#11779,.T.);
#9275=EDGE_CURVE('',#11780,#11189,#11781,.T.);
#9276=EDGE_CURVE('',#10928,#11780,#11782,.T.);
#9277=EDGE_CURVE('',#11783,#10933,#11784,.T.);
#9278=EDGE_CURVE('',#11785,#11783,#11786,.T.);
#9279=EDGE_CURVE('',#11184,#11785,#11787,.T.);
#9280=EDGE_CURVE('',#11788,#11197,#11789,.T.);
#9281=EDGE_CURVE('',#11790,#11788,#11791,.T.);
#9282=EDGE_CURVE('',#10777,#11790,#11792,.T.);
#9283=EDGE_CURVE('',#11793,#10782,#11794,.T.);
#9284=EDGE_CURVE('',#11192,#11793,#11795,.T.);
#9285=EDGE_CURVE('',#11785,#11796,#11797,.T.);
#9286=EDGE_CURVE('',#11185,#11796,#11798,.T.);
#9287=EDGE_CURVE('',#11796,#11799,#11800,.T.);
#9288=EDGE_CURVE('',#11799,#10931,#11801,.T.);
#9289=EDGE_CURVE('',#10929,#11802,#11803,.T.);
#9290=EDGE_CURVE('',#11802,#11187,#11804,.T.);
#9291=EDGE_CURVE('',#11193,#11805,#11806,.T.);
#9292=EDGE_CURVE('',#11805,#10780,#11807,.T.);
#9293=EDGE_CURVE('',#10778,#11808,#11809,.T.);
#9294=EDGE_CURVE('',#11808,#11810,#11811,.T.);
#9295=EDGE_CURVE('',#11810,#11195,#11812,.T.);
#9296=EDGE_CURVE('',#11780,#11802,#11813,.T.);
#9297=EDGE_CURVE('',#11783,#11799,#11814,.T.);
#9298=EDGE_CURVE('',#11788,#11810,#11815,.T.);
#9299=EDGE_CURVE('',#11790,#11808,#11816,.T.);
#9300=EDGE_CURVE('',#11793,#11805,#11817,.T.);
#9301=EDGE_CURVE('',#11818,#11205,#11819,.T.);
#9302=EDGE_CURVE('',#10936,#11818,#11820,.T.);
#9303=EDGE_CURVE('',#11821,#10941,#11822,.T.);
#9304=EDGE_CURVE('',#11823,#11821,#11824,.T.);
#9305=EDGE_CURVE('',#11200,#11823,#11825,.T.);
#9306=EDGE_CURVE('',#11826,#11213,#11827,.T.);
#9307=EDGE_CURVE('',#11828,#11826,#11829,.T.);
#9308=EDGE_CURVE('',#10785,#11828,#11830,.T.);
#9309=EDGE_CURVE('',#11831,#10790,#11832,.T.);
#9310=EDGE_CURVE('',#11208,#11831,#11833,.T.);
#9311=EDGE_CURVE('',#11823,#11834,#11835,.T.);
#9312=EDGE_CURVE('',#11201,#11834,#11836,.T.);
#9313=EDGE_CURVE('',#11834,#11837,#11838,.T.);
#9314=EDGE_CURVE('',#11837,#10939,#11839,.T.);
#9315=EDGE_CURVE('',#10937,#11840,#11841,.T.);
#9316=EDGE_CURVE('',#11840,#11203,#11842,.T.);
#9317=EDGE_CURVE('',#11209,#11843,#11844,.T.);
#9318=EDGE_CURVE('',#11843,#10788,#11845,.T.);
#9319=EDGE_CURVE('',#10786,#11846,#11847,.T.);
#9320=EDGE_CURVE('',#11846,#11848,#11849,.T.);
#9321=EDGE_CURVE('',#11848,#11211,#11850,.T.);
#9322=EDGE_CURVE('',#11818,#11840,#11851,.T.);
#9323=EDGE_CURVE('',#11821,#11837,#11852,.T.);
#9324=EDGE_CURVE('',#11826,#11848,#11853,.T.);
#9325=EDGE_CURVE('',#11828,#11846,#11854,.T.);
#9326=EDGE_CURVE('',#11831,#11843,#11855,.T.);
#9327=EDGE_CURVE('',#11856,#11221,#11857,.T.);
#9328=EDGE_CURVE('',#10944,#11856,#11858,.T.);
#9329=EDGE_CURVE('',#11859,#10949,#11860,.T.);
#9330=EDGE_CURVE('',#11861,#11859,#11862,.T.);
#9331=EDGE_CURVE('',#11216,#11861,#11863,.T.);
#9332=EDGE_CURVE('',#11864,#11229,#11865,.T.);
#9333=EDGE_CURVE('',#11866,#11864,#11867,.T.);
#9334=EDGE_CURVE('',#10793,#11866,#11868,.T.);
#9335=EDGE_CURVE('',#11869,#10798,#11870,.T.);
#9336=EDGE_CURVE('',#11224,#11869,#11871,.T.);
#9337=EDGE_CURVE('',#11861,#11872,#11873,.T.);
#9338=EDGE_CURVE('',#11217,#11872,#11874,.T.);
#9339=EDGE_CURVE('',#11872,#11875,#11876,.T.);
#9340=EDGE_CURVE('',#11875,#10947,#11877,.T.);
#9341=EDGE_CURVE('',#10945,#11878,#11879,.T.);
#9342=EDGE_CURVE('',#11878,#11219,#11880,.T.);
#9343=EDGE_CURVE('',#11225,#11881,#11882,.T.);
#9344=EDGE_CURVE('',#11881,#10796,#11883,.T.);
#9345=EDGE_CURVE('',#10794,#11884,#11885,.T.);
#9346=EDGE_CURVE('',#11884,#11886,#11887,.T.);
#9347=EDGE_CURVE('',#11886,#11227,#11888,.T.);
#9348=EDGE_CURVE('',#11856,#11878,#11889,.T.);
#9349=EDGE_CURVE('',#11859,#11875,#11890,.T.);
#9350=EDGE_CURVE('',#11864,#11886,#11891,.T.);
#9351=EDGE_CURVE('',#11866,#11884,#11892,.T.);
#9352=EDGE_CURVE('',#11869,#11881,#11893,.T.);
#9353=EDGE_CURVE('',#11894,#11237,#11895,.T.);
#9354=EDGE_CURVE('',#10952,#11894,#11896,.T.);
#9355=EDGE_CURVE('',#11897,#10957,#11898,.T.);
#9356=EDGE_CURVE('',#11899,#11897,#11900,.T.);
#9357=EDGE_CURVE('',#11232,#11899,#11901,.T.);
#9358=EDGE_CURVE('',#11902,#11245,#11903,.T.);
#9359=EDGE_CURVE('',#11904,#11902,#11905,.T.);
#9360=EDGE_CURVE('',#10801,#11904,#11906,.T.);
#9361=EDGE_CURVE('',#11907,#10806,#11908,.T.);
#9362=EDGE_CURVE('',#11240,#11907,#11909,.T.);
#9363=EDGE_CURVE('',#11899,#11910,#11911,.T.);
#9364=EDGE_CURVE('',#11233,#11910,#11912,.T.);
#9365=EDGE_CURVE('',#11910,#11913,#11914,.T.);
#9366=EDGE_CURVE('',#11913,#10955,#11915,.T.);
#9367=EDGE_CURVE('',#10953,#11916,#11917,.T.);
#9368=EDGE_CURVE('',#11916,#11235,#11918,.T.);
#9369=EDGE_CURVE('',#11241,#11919,#11920,.T.);
#9370=EDGE_CURVE('',#11919,#10804,#11921,.T.);
#9371=EDGE_CURVE('',#10802,#11922,#11923,.T.);
#9372=EDGE_CURVE('',#11922,#11924,#11925,.T.);
#9373=EDGE_CURVE('',#11924,#11243,#11926,.T.);
#9374=EDGE_CURVE('',#11894,#11916,#11927,.T.);
#9375=EDGE_CURVE('',#11897,#11913,#11928,.T.);
#9376=EDGE_CURVE('',#11902,#11924,#11929,.T.);
#9377=EDGE_CURVE('',#11904,#11922,#11930,.T.);
#9378=EDGE_CURVE('',#11907,#11919,#11931,.T.);
#9379=EDGE_CURVE('',#9511,#11932,#11933,.T.);
#9380=EDGE_CURVE('',#11934,#11932,#11935,.T.);
#9381=EDGE_CURVE('',#9501,#11934,#11936,.T.);
#9382=EDGE_CURVE('',#11937,#11934,#11938,.T.);
#9383=EDGE_CURVE('',#9500,#11937,#11939,.T.);
#9384=EDGE_CURVE('',#11940,#11937,#11941,.T.);
#9385=EDGE_CURVE('',#9503,#11940,#11942,.T.);
#9386=EDGE_CURVE('',#11943,#11940,#11944,.T.);
#9387=EDGE_CURVE('',#9505,#11943,#11945,.T.);
#9388=EDGE_CURVE('',#11946,#11943,#11947,.T.);
#9389=EDGE_CURVE('',#9507,#11946,#11948,.T.);
#9390=EDGE_CURVE('',#11949,#11946,#11950,.T.);
#9391=EDGE_CURVE('',#9509,#11949,#11951,.T.);
#9392=EDGE_CURVE('',#11932,#11949,#11952,.T.);
#9393=EDGE_CURVE('',#11953,#11954,#11955,.T.);
#9394=EDGE_CURVE('',#11954,#11956,#11957,.T.);
#9395=EDGE_CURVE('',#11956,#11958,#11959,.T.);
#9396=EDGE_CURVE('',#11958,#11953,#11960,.T.);
#9397=EDGE_CURVE('',#9497,#11953,#11961,.T.);
#9398=EDGE_CURVE('',#9493,#11958,#11962,.T.);
#9399=EDGE_CURVE('',#9492,#11956,#11963,.T.);
#9400=EDGE_CURVE('',#9495,#11954,#11964,.T.);
#9401=VERTEX_POINT('',#11965);
#9402=VERTEX_POINT('',#11966);
#9403=LINE('',#11967,#11968);
#9404=VERTEX_POINT('',#11969);
#9405=CIRCLE('',#11970,3.971834731875);
#9406=VERTEX_POINT('',#11971);
#9407=B_SPLINE_CURVE_WITH_KNOTS('',3,(#11972,#11973,#11974,#11975,#11976,#11977),.UNSPECIFIED.,.F.,.F.,(4,1,1,4),(0.0,0.3333333333333,0.6666666666667,1.0),.UNSPECIFIED.);
#9408=CIRCLE('',#11978,4.114757349696);
#9409=VERTEX_POINT('',#11979);
#9410=VERTEX_POINT('',#11980);
#9411=LINE('',#11981,#11982);
#9412=CIRCLE('',#11983,3.971834731875);
#9413=CIRCLE('',#11984,4.114757349696);
#9414=VERTEX_POINT('',#11985);
#9415=VERTEX_POINT('',#11986);
#9416=LINE('',#11987,#11988);
#9417=VERTEX_POINT('',#11989);
#9418=CIRCLE('',#11990,4.1148);
#9419=VERTEX_POINT('',#11991);
#9420=LINE('',#11992,#11993);
#9421=VERTEX_POINT('',#11994);
#9422=CIRCLE('',#11995,4.1148);
#9423=VERTEX_POINT('',#11996);
#9424=LINE('',#11997,#11998);
#9425=CIRCLE('',#11999,4.1148);
#9426=VERTEX_POINT('',#12000);
#9427=VERTEX_POINT('',#12001);
#9428=LINE('',#12002,#12003);
#9429=VERTEX_POINT('',#12004);
#9430=CIRCLE('',#12005,4.1148);
#9431=VERTEX_POINT('',#12006);
#9432=LINE('',#12007,#12008);
#9433=VERTEX_POINT('',#12009);
#9434=CIRCLE('',#12010,4.1148);
#9435=VERTEX_POINT('',#12011);
#9436=LINE('',#12012,#12013);
#9437=CIRCLE('',#12014,4.1148);
#9438=VERTEX_POINT('',#12015);
#9439=VERTEX_POINT('',#12016);
#9440=LINE('',#12017,#12018);
#9441=VERTEX_POINT('',#12019);
#9442=CIRCLE('',#12020,4.114750023292);
#9443=VERTEX_POINT('',#12021);
#9444=B_SPLINE_CURVE_WITH_KNOTS('',3,(#12022,#12023,#12024,#12025,#12026,#12027),.UNSPECIFIED.,.F.,.F.,(4,1,1,4),(0.0,0.3333333333333,0.6666666666667,1.0),.UNSPECIFIED.);
#9445=CIRCLE('',#12028,3.971827659947);
#9446=VERTEX_POINT('',#12029);
#9447=VERTEX_POINT('',#12030);
#9448=LINE('',#12031,#12032);
#9449=VERTEX_POINT('',#12033);
#9450=CIRCLE('',#12034,3.971827659947);
#9451=VERTEX_POINT('',#12035);
#9452=B_SPLINE_CURVE_WITH_KNOTS('',3,(#12036,#12037,#12038,#12039,#12040,#12041),.UNSPECIFIED.,.F.,.F.,(4,1,1,4),(0.0,0.3333333333333,0.6666666666667,1.0),.UNSPECIFIED.);
#9453=CIRCLE('',#12042,4.114750023292);
#9454=VERTEX_POINT('',#12043);
#9455=VERTEX_POINT('',#12044);
#9456=LINE('',#12045,#12046);
#9457=VERTEX_POINT('',#12047);
#9458=CIRCLE('',#12048,3.7465);
#9459=VERTEX_POINT('',#12049);
#9460=LINE('',#12050,#12051);
#9461=CIRCLE('',#12052,3.7465);
#9462=VERTEX_POINT('',#12053);
#9463=VERTEX_POINT('',#12054);
#9464=LINE('',#12055,#12056);
#9465=VERTEX_POINT('',#12057);
#9466=CIRCLE('',#12058,3.7465);
#9467=VERTEX_POINT('',#12059);
#9468=LINE('',#12060,#12061);
#9469=CIRCLE('',#12062,3.7465);
#9470=VERTEX_POINT('',#12063);
#9471=VERTEX_POINT('',#12064);
#9472=CIRCLE('',#12065,3.7465);
#9473=VERTEX_POINT('',#12066);
#9474=LINE('',#12067,#12068);
#9475=VERTEX_POINT('',#12069);
#9476=CIRCLE('',#12070,3.7465);
#9477=VERTEX_POINT('',#12071);
#9478=LINE('',#12072,#12073);
#9479=CIRCLE('',#12074,3.7465);
#9480=LINE('',#12075,#12076);
#9481=VERTEX_POINT('',#12077);
#9482=CIRCLE('',#12078,3.7465);
#9483=LINE('',#12079,#12080);
#9484=VERTEX_POINT('',#12081);
#9485=VERTEX_POINT('',#12082);
#9486=LINE('',#12083,#12084);
#9487=VERTEX_POINT('',#12085);
#9488=LINE('',#12086,#12087);
#9489=VERTEX_POINT('',#12088);
#9490=LINE('',#12089,#12090);
#9491=LINE('',#12091,#12092);
#9492=VERTEX_POINT('',#12093);
#9493=VERTEX_POINT('',#12094);
#9494=LINE('',#12095,#12096);
#9495=VERTEX_POINT('',#12097);
#9496=LINE('',#12098,#12099);
#9497=VERTEX_POINT('',#12100);
#9498=LINE('',#12101,#12102);
#9499=LINE('',#12103,#12104);
#9500=VERTEX_POINT('',#12105);
#9501=VERTEX_POINT('',#12106);
#9502=LINE('',#12107,#12108);
#9503=VERTEX_POINT('',#12109);
#9504=LINE('',#12110,#12111);
#9505=VERTEX_POINT('',#12112);
#9506=LINE('',#12113,#12114);
#9507=VERTEX_POINT('',#12115);
#9508=LINE('',#12116,#12117);
#9509=VERTEX_POINT('',#12118);
#9510=LINE('',#12119,#12120);
#9511=VERTEX_POINT('',#12121);
#9512=LINE('',#12122,#12123);
#9513=LINE('',#12124,#12125);
#9514=VERTEX_POINT('',#12126);
#9515=LINE('',#12127,#12128);
#9516=VERTEX_POINT('',#12129);
#9517=LINE('',#12130,#12131);
#9518=LINE('',#12132,#12133);
#9519=CIRCLE('',#12134,4.114750023292);
#9520=VERTEX_POINT('',#12135);
#9521=LINE('',#12136,#12137);
#9522=VERTEX_POINT('',#12138);
#9523=LINE('',#12139,#12140);
#9524=VERTEX_POINT('',#12141);
#9525=LINE('',#12142,#12143);
#9526=VERTEX_POINT('',#12144);
#9527=LINE('',#12145,#12146);
#9528=VERTEX_POINT('',#12147);
#9529=LINE('',#12148,#12149);
#9530=CIRCLE('',#12150,4.114757349696);
#9531=VERTEX_POINT('',#12151);
#9532=LINE('',#12152,#12153);
#9533=VERTEX_POINT('',#12154);
#9534=LINE('',#12155,#12156);
#9535=VERTEX_POINT('',#12157);
#9536=LINE('',#12158,#12159);
#9537=VERTEX_POINT('',#12160);
#9538=LINE('',#12161,#12162);
#9539=LINE('',#12163,#12164);
#9540=LINE('',#12165,#12166);
#9541=VERTEX_POINT('',#12167);
#9542=CIRCLE('',#12168,3.7465);
#9543=VERTEX_POINT('',#12169);
#9544=LINE('',#12170,#12171);
#9545=VERTEX_POINT('',#12172);
#9546=CIRCLE('',#12173,3.7465);
#9547=VERTEX_POINT('',#12174);
#9548=LINE('',#12175,#12176);
#9549=CIRCLE('',#12177,3.7465);
#9550=CIRCLE('',#12178,3.7465);
#9551=LINE('',#12179,#12180);
#9552=LINE('',#12181,#12182);
#9553=LINE('',#12183,#12184);
#9554=LINE('',#12185,#12186);
#9555=VERTEX_POINT('',#12187);
#9556=LINE('',#12188,#12189);
#9557=VERTEX_POINT('',#12190);
#9558=LINE('',#12191,#12192);
#9559=VERTEX_POINT('',#12193);
#9560=LINE('',#12194,#12195);
#9561=VERTEX_POINT('',#12196);
#9562=LINE('',#12197,#12198);
#9563=LINE('',#12199,#12200);
#9564=VERTEX_POINT('',#12201);
#9565=VERTEX_POINT('',#12202);
#9566=LINE('',#12203,#12204);
#9567=VERTEX_POINT('',#12205);
#9568=CIRCLE('',#12206,3.971827659947);
#9569=VERTEX_POINT('',#12207);
#9570=LINE('',#12208,#12209);
#9571=VERTEX_POINT('',#12210);
#9572=LINE('',#12211,#12212);
#9573=LINE('',#12213,#12214);
#9574=CIRCLE('',#12215,3.971827659947);
#9575=LINE('',#12216,#12217);
#9576=VERTEX_POINT('',#12218);
#9577=VERTEX_POINT('',#12219);
#9578=CIRCLE('',#12220,1.5875);
#9579=CIRCLE('',#12221,1.5875);
#9580=VERTEX_POINT('',#12222);
#9581=LINE('',#12223,#12224);
#9582=VERTEX_POINT('',#12225);
#9583=CIRCLE('',#12226,3.971834731875);
#9584=VERTEX_POINT('',#12227);
#9585=LINE('',#12228,#12229);
#9586=VERTEX_POINT('',#12230);
#9587=LINE('',#12231,#12232);
#9588=VERTEX_POINT('',#12233);
#9589=LINE('',#12234,#12235);
#9590=VERTEX_POINT('',#12236);
#9591=CIRCLE('',#12237,3.971834731875);
#9592=VERTEX_POINT('',#12238);
#9593=LINE('',#12239,#12240);
#9594=LINE('',#12241,#12242);
#9595=VERTEX_POINT('',#12243);
#9596=VERTEX_POINT('',#12244);
#9597=CIRCLE('',#12245,1.5875);
#9598=CIRCLE('',#12246,1.5875);
#9599=VERTEX_POINT('',#12247);
#9600=LINE('',#12248,#12249);
#9601=LINE('',#12250,#12251);
#9602=VERTEX_POINT('',#12252);
#9603=LINE('',#12253,#12254);
#9604=LINE('',#12255,#12256);
#9605=LINE('',#12257,#12258);
#9606=B_SPLINE_CURVE_WITH_KNOTS('',3,(#12259,#12260,#12261,#12262,#12263,#12264),.UNSPECIFIED.,.F.,.F.,(4,1,1,4),(0.0,0.3333333333333,0.6666666666667,1.0),.UNSPECIFIED.);
#9607=VERTEX_POINT('',#12265);
#9608=CIRCLE('',#12266,4.1148);
#9609=B_SPLINE_CURVE_WITH_KNOTS('',3,(#12267,#12268,#12269,#12270,#12271,#12272),.UNSPECIFIED.,.F.,.F.,(4,1,1,4),(0.0,0.3333333333333,0.6666666666667,1.0),.UNSPECIFIED.);
#9610=VERTEX_POINT('',#12273);
#9611=LINE('',#12274,#12275);
#9612=VERTEX_POINT('',#12276);
#9613=LINE('',#12277,#12278);
#9614=VERTEX_POINT('',#12279);
#9615=LINE('',#12280,#12281);
#9616=LINE('',#12282,#12283);
#9617=VERTEX_POINT('',#12284);
#9618=LINE('',#12285,#12286);
#9619=LINE('',#12287,#12288);
#9620=VERTEX_POINT('',#12289);
#9621=LINE('',#12290,#12291);
#9622=LINE('',#12292,#12293);
#9623=VERTEX_POINT('',#12294);
#9624=LINE('',#12295,#12296);
#9625=LINE('',#12297,#12298);
#9626=VERTEX_POINT('',#12299);
#9627=VERTEX_POINT('',#12300);
#9628=LINE('',#12301,#12302);
#9629=LINE('',#12303,#12304);
#9630=VERTEX_POINT('',#12305);
#9631=LINE('',#12306,#12307);
#9632=VERTEX_POINT('',#12308);
#9633=LINE('',#12309,#12310);
#9634=VERTEX_POINT('',#12311);
#9635=LINE('',#12312,#12313);
#9636=VERTEX_POINT('',#12314);
#9637=LINE('',#12315,#12316);
#9638=LINE('',#12317,#12318);
#9639=VERTEX_POINT('',#12319);
#9640=LINE('',#12320,#12321);
#9641=VERTEX_POINT('',#12322);
#9642=LINE('',#12323,#12324);
#9643=LINE('',#12325,#12326);
#9644=VERTEX_POINT('',#12327);
#9645=VERTEX_POINT('',#12328);
#9646=LINE('',#12329,#12330);
#9647=VERTEX_POINT('',#12331);
#9648=LINE('',#12332,#12333);
#9649=VERTEX_POINT('',#12334);
#9650=LINE('',#12335,#12336);
#9651=LINE('',#12337,#12338);
#9652=VERTEX_POINT('',#12339);
#9653=LINE('',#12340,#12341);
#9654=VERTEX_POINT('',#12342);
#9655=LINE('',#12343,#12344);
#9656=VERTEX_POINT('',#12345);
#9657=LINE('',#12346,#12347);
#9658=LINE('',#12348,#12349);
#9659=VERTEX_POINT('',#12350);
#9660=VERTEX_POINT('',#12351);
#9661=LINE('',#12352,#12353);
#9662=VERTEX_POINT('',#12354);
#9663=LINE('',#12355,#12356);
#9664=VERTEX_POINT('',#12357);
#9665=LINE('',#12358,#12359);
#9666=LINE('',#12360,#12361);
#9667=VERTEX_POINT('',#12362);
#9668=VERTEX_POINT('',#12363);
#9669=LINE('',#12364,#12365);
#9670=VERTEX_POINT('',#12366);
#9671=LINE('',#12367,#12368);
#9672=VERTEX_POINT('',#12369);
#9673=LINE('',#12370,#12371);
#9674=LINE('',#12372,#12373);
#9675=VERTEX_POINT('',#12374);
#9676=LINE('',#12375,#12376);
#9677=VERTEX_POINT('',#12377);
#9678=LINE('',#12378,#12379);
#9679=VERTEX_POINT('',#12380);
#9680=LINE('',#12381,#12382);
#9681=LINE('',#12383,#12384);
#9682=VERTEX_POINT('',#12385);
#9683=LINE('',#12386,#12387);
#9684=VERTEX_POINT('',#12388);
#9685=LINE('',#12389,#12390);
#9686=VERTEX_POINT('',#12391);
#9687=LINE('',#12392,#12393);
#9688=VERTEX_POINT('',#12394);
#9689=LINE('',#12395,#12396);
#9690=VERTEX_POINT('',#12397);
#9691=LINE('',#12398,#12399);
#9692=LINE('',#12400,#12401);
#9693=VERTEX_POINT('',#12402);
#9694=LINE('',#12403,#12404);
#9695=VERTEX_POINT('',#12405);
#9696=LINE('',#12406,#12407);
#9697=LINE('',#12408,#12409);
#9698=LINE('',#12410,#12411);
#9699=LINE('',#12412,#12413);
#9700=LINE('',#12414,#12415);
#9701=VERTEX_POINT('',#12416);
#9702=VERTEX_POINT('',#12417);
#9703=LINE('',#12418,#12419);
#9704=LINE('',#12420,#12421);
#9705=LINE('',#12422,#12423);
#9706=LINE('',#12424,#12425);
#9707=CIRCLE('',#12426,4.1148);
#9708=LINE('',#12427,#12428);
#9709=VERTEX_POINT('',#12429);
#9710=LINE('',#12430,#12431);
#9711=LINE('',#12432,#12433);
#9712=VERTEX_POINT('',#12434);
#9713=CIRCLE('',#12435,4.1148);
#9714=VERTEX_POINT('',#12436);
#9715=LINE('',#12437,#12438);
#9716=VERTEX_POINT('',#12439);
#9717=LINE('',#12440,#12441);
#9718=VERTEX_POINT('',#12442);
#9719=LINE('',#12443,#12444);
#9720=VERTEX_POINT('',#12445);
#9721=LINE('',#12446,#12447);
#9722=LINE('',#12448,#12449);
#9723=VERTEX_POINT('',#12450);
#9724=LINE('',#12451,#12452);
#9725=VERTEX_POINT('',#12453);
#9726=LINE('',#12454,#12455);
#9727=VERTEX_POINT('',#12456);
#9728=LINE('',#12457,#12458);
#9729=VERTEX_POINT('',#12459);
#9730=LINE('',#12460,#12461);
#9731=VERTEX_POINT('',#12462);
#9732=LINE('',#12463,#12464);
#9733=VERTEX_POINT('',#12465);
#9734=LINE('',#12466,#12467);
#9735=LINE('',#12468,#12469);
#9736=LINE('',#12470,#12471);
#9737=LINE('',#12472,#12473);
#9738=LINE('',#12474,#12475);
#9739=LINE('',#12476,#12477);
#9740=LINE('',#12478,#12479);
#9741=VERTEX_POINT('',#12480);
#9742=LINE('',#12481,#12482);
#9743=VERTEX_POINT('',#12483);
#9744=LINE('',#12484,#12485);
#9745=LINE('',#12486,#12487);
#9746=LINE('',#12488,#12489);
#9747=LINE('',#12490,#12491);
#9748=VERTEX_POINT('',#12492);
#9749=LINE('',#12493,#12494);
#9750=VERTEX_POINT('',#12495);
#9751=LINE('',#12496,#12497);
#9752=LINE('',#12498,#12499);
#9753=VERTEX_POINT('',#12500);
#9754=LINE('',#12501,#12502);
#9755=VERTEX_POINT('',#12503);
#9756=LINE('',#12504,#12505);
#9757=LINE('',#12506,#12507);
#9758=VERTEX_POINT('',#12508);
#9759=LINE('',#12509,#12510);
#9760=VERTEX_POINT('',#12511);
#9761=LINE('',#12512,#12513);
#9762=VERTEX_POINT('',#12514);
#9763=LINE('',#12515,#12516);
#9764=VERTEX_POINT('',#12517);
#9765=LINE('',#12518,#12519);
#9766=VERTEX_POINT('',#12520);
#9767=LINE('',#12521,#12522);
#9768=VERTEX_POINT('',#12523);
#9769=LINE('',#12524,#12525);
#9770=VERTEX_POINT('',#12526);
#9771=LINE('',#12527,#12528);
#9772=VERTEX_POINT('',#12529);
#9773=LINE('',#12530,#12531);
#9774=LINE('',#12532,#12533);
#9775=LINE('',#12534,#12535);
#9776=VERTEX_POINT('',#12536);
#9777=VERTEX_POINT('',#12537);
#9778=CIRCLE('',#12538,1.2954);
#9779=CIRCLE('',#12539,1.2954);
#9780=LINE('',#12540,#12541);
#9781=LINE('',#12542,#12543);
#9782=VERTEX_POINT('',#12544);
#9783=VERTEX_POINT('',#12545);
#9784=CIRCLE('',#12546,1.2954);
#9785=CIRCLE('',#12547,1.2954);
#9786=LINE('',#12548,#12549);
#9787=VERTEX_POINT('',#12550);
#9788=VERTEX_POINT('',#12551);
#9789=LINE('',#12552,#12553);
#9790=VERTEX_POINT('',#12554);
#9791=LINE('',#12555,#12556);
#9792=VERTEX_POINT('',#12557);
#9793=LINE('',#12558,#12559);
#9794=LINE('',#12560,#12561);
#9795=VERTEX_POINT('',#12562);
#9796=LINE('',#12563,#12564);
#9797=VERTEX_POINT('',#12565);
#9798=LINE('',#12566,#12567);
#9799=LINE('',#12568,#12569);
#9800=VERTEX_POINT('',#12570);
#9801=LINE('',#12571,#12572);
#9802=LINE('',#12573,#12574);
#9803=VERTEX_POINT('',#12575);
#9804=LINE('',#12576,#12577);
#9805=LINE('',#12578,#12579);
#9806=LINE('',#12580,#12581);
#9807=VERTEX_POINT('',#12582);
#9808=VERTEX_POINT('',#12583);
#9809=LINE('',#12584,#12585);
#9810=VERTEX_POINT('',#12586);
#9811=LINE('',#12587,#12588);
#9812=VERTEX_POINT('',#12589);
#9813=LINE('',#12590,#12591);
#9814=LINE('',#12592,#12593);
#9815=VERTEX_POINT('',#12594);
#9816=VERTEX_POINT('',#12595);
#9817=LINE('',#12596,#12597);
#9818=VERTEX_POINT('',#12598);
#9819=LINE('',#12599,#12600);
#9820=VERTEX_POINT('',#12601);
#9821=LINE('',#12602,#12603);
#9822=LINE('',#12604,#12605);
#9823=VERTEX_POINT('',#12606);
#9824=VERTEX_POINT('',#12607);
#9825=LINE('',#12608,#12609);
#9826=VERTEX_POINT('',#12610);
#9827=LINE('',#12611,#12612);
#9828=VERTEX_POINT('',#12613);
#9829=LINE('',#12614,#12615);
#9830=LINE('',#12616,#12617);
#9831=VERTEX_POINT('',#12618);
#9832=VERTEX_POINT('',#12619);
#9833=LINE('',#12620,#12621);
#9834=VERTEX_POINT('',#12622);
#9835=LINE('',#12623,#12624);
#9836=VERTEX_POINT('',#12625);
#9837=LINE('',#12626,#12627);
#9838=LINE('',#12628,#12629);
#9839=VERTEX_POINT('',#12630);
#9840=VERTEX_POINT('',#12631);
#9841=LINE('',#12632,#12633);
#9842=VERTEX_POINT('',#12634);
#9843=LINE('',#12635,#12636);
#9844=VERTEX_POINT('',#12637);
#9845=LINE('',#12638,#12639);
#9846=LINE('',#12640,#12641);
#9847=VERTEX_POINT('',#12642);
#9848=VERTEX_POINT('',#12643);
#9849=LINE('',#12644,#12645);
#9850=VERTEX_POINT('',#12646);
#9851=LINE('',#12647,#12648);
#9852=VERTEX_POINT('',#12649);
#9853=LINE('',#12650,#12651);
#9854=LINE('',#12652,#12653);
#9855=VERTEX_POINT('',#12654);
#9856=VERTEX_POINT('',#12655);
#9857=LINE('',#12656,#12657);
#9858=VERTEX_POINT('',#12658);
#9859=LINE('',#12659,#12660);
#9860=VERTEX_POINT('',#12661);
#9861=LINE('',#12662,#12663);
#9862=LINE('',#12664,#12665);
#9863=VERTEX_POINT('',#12666);
#9864=VERTEX_POINT('',#12667);
#9865=LINE('',#12668,#12669);
#9866=VERTEX_POINT('',#12670);
#9867=LINE('',#12671,#12672);
#9868=VERTEX_POINT('',#12673);
#9869=LINE('',#12674,#12675);
#9870=LINE('',#12676,#12677);
#9871=VERTEX_POINT('',#12678);
#9872=VERTEX_POINT('',#12679);
#9873=LINE('',#12680,#12681);
#9874=VERTEX_POINT('',#12682);
#9875=LINE('',#12683,#12684);
#9876=VERTEX_POINT('',#12685);
#9877=LINE('',#12686,#12687);
#9878=LINE('',#12688,#12689);
#9879=VERTEX_POINT('',#12690);
#9880=VERTEX_POINT('',#12691);
#9881=LINE('',#12692,#12693);
#9882=VERTEX_POINT('',#12694);
#9883=LINE('',#12695,#12696);
#9884=VERTEX_POINT('',#12697);
#9885=LINE('',#12698,#12699);
#9886=LINE('',#12700,#12701);
#9887=VERTEX_POINT('',#12702);
#9888=VERTEX_POINT('',#12703);
#9889=LINE('',#12704,#12705);
#9890=VERTEX_POINT('',#12706);
#9891=LINE('',#12707,#12708);
#9892=VERTEX_POINT('',#12709);
#9893=LINE('',#12710,#12711);
#9894=LINE('',#12712,#12713);
#9895=VERTEX_POINT('',#12714);
#9896=VERTEX_POINT('',#12715);
#9897=LINE('',#12716,#12717);
#9898=VERTEX_POINT('',#12718);
#9899=LINE('',#12719,#12720);
#9900=VERTEX_POINT('',#12721);
#9901=LINE('',#12722,#12723);
#9902=LINE('',#12724,#12725);
#9903=VERTEX_POINT('',#12726);
#9904=VERTEX_POINT('',#12727);
#9905=LINE('',#12728,#12729);
#9906=VERTEX_POINT('',#12730);
#9907=LINE('',#12731,#12732);
#9908=VERTEX_POINT('',#12733);
#9909=LINE('',#12734,#12735);
#9910=LINE('',#12736,#12737);
#9911=VERTEX_POINT('',#12738);
#9912=VERTEX_POINT('',#12739);
#9913=LINE('',#12740,#12741);
#9914=VERTEX_POINT('',#12742);
#9915=LINE('',#12743,#12744);
#9916=VERTEX_POINT('',#12745);
#9917=LINE('',#12746,#12747);
#9918=LINE('',#12748,#12749);
#9919=VERTEX_POINT('',#12750);
#9920=VERTEX_POINT('',#12751);
#9921=LINE('',#12752,#12753);
#9922=VERTEX_POINT('',#12754);
#9923=LINE('',#12755,#12756);
#9924=VERTEX_POINT('',#12757);
#9925=LINE('',#12758,#12759);
#9926=LINE('',#12760,#12761);
#9927=VERTEX_POINT('',#12762);
#9928=VERTEX_POINT('',#12763);
#9929=LINE('',#12764,#12765);
#9930=VERTEX_POINT('',#12766);
#9931=LINE('',#12767,#12768);
#9932=VERTEX_POINT('',#12769);
#9933=LINE('',#12770,#12771);
#9934=LINE('',#12772,#12773);
#9935=VERTEX_POINT('',#12774);
#9936=VERTEX_POINT('',#12775);
#9937=LINE('',#12776,#12777);
#9938=VERTEX_POINT('',#12778);
#9939=LINE('',#12779,#12780);
#9940=VERTEX_POINT('',#12781);
#9941=LINE('',#12782,#12783);
#9942=LINE('',#12784,#12785);
#9943=VERTEX_POINT('',#12786);
#9944=VERTEX_POINT('',#12787);
#9945=LINE('',#12788,#12789);
#9946=VERTEX_POINT('',#12790);
#9947=LINE('',#12791,#12792);
#9948=VERTEX_POINT('',#12793);
#9949=LINE('',#12794,#12795);
#9950=LINE('',#12796,#12797);
#9951=VERTEX_POINT('',#12798);
#9952=VERTEX_POINT('',#12799);
#9953=LINE('',#12800,#12801);
#9954=VERTEX_POINT('',#12802);
#9955=LINE('',#12803,#12804);
#9956=VERTEX_POINT('',#12805);
#9957=LINE('',#12806,#12807);
#9958=LINE('',#12808,#12809);
#9959=VERTEX_POINT('',#12810);
#9960=VERTEX_POINT('',#12811);
#9961=LINE('',#12812,#12813);
#9962=VERTEX_POINT('',#12814);
#9963=LINE('',#12815,#12816);
#9964=VERTEX_POINT('',#12817);
#9965=LINE('',#12818,#12819);
#9966=LINE('',#12820,#12821);
#9967=VERTEX_POINT('',#12822);
#9968=VERTEX_POINT('',#12823);
#9969=LINE('',#12824,#12825);
#9970=VERTEX_POINT('',#12826);
#9971=LINE('',#12827,#12828);
#9972=VERTEX_POINT('',#12829);
#9973=LINE('',#12830,#12831);
#9974=LINE('',#12832,#12833);
#9975=VERTEX_POINT('',#12834);
#9976=VERTEX_POINT('',#12835);
#9977=LINE('',#12836,#12837);
#9978=VERTEX_POINT('',#12838);
#9979=LINE('',#12839,#12840);
#9980=VERTEX_POINT('',#12841);
#9981=LINE('',#12842,#12843);
#9982=LINE('',#12844,#12845);
#9983=VERTEX_POINT('',#12846);
#9984=VERTEX_POINT('',#12847);
#9985=LINE('',#12848,#12849);
#9986=VERTEX_POINT('',#12850);
#9987=LINE('',#12851,#12852);
#9988=VERTEX_POINT('',#12853);
#9989=LINE('',#12854,#12855);
#9990=LINE('',#12856,#12857);
#9991=VERTEX_POINT('',#12858);
#9992=VERTEX_POINT('',#12859);
#9993=LINE('',#12860,#12861);
#9994=VERTEX_POINT('',#12862);
#9995=LINE('',#12863,#12864);
#9996=VERTEX_POINT('',#12865);
#9997=LINE('',#12866,#12867);
#9998=LINE('',#12868,#12869);
#9999=VERTEX_POINT('',#12870);
#10000=VERTEX_POINT('',#12871);
#10001=LINE('',#12872,#12873);
#10002=VERTEX_POINT('',#12874);
#10003=LINE('',#12875,#12876);
#10004=VERTEX_POINT('',#12877);
#10005=LINE('',#12878,#12879);
#10006=LINE('',#12880,#12881);
#10007=VERTEX_POINT('',#12882);
#10008=VERTEX_POINT('',#12883);
#10009=LINE('',#12884,#12885);
#10010=VERTEX_POINT('',#12886);
#10011=LINE('',#12887,#12888);
#10012=VERTEX_POINT('',#12889);
#10013=LINE('',#12890,#12891);
#10014=LINE('',#12892,#12893);
#10015=VERTEX_POINT('',#12894);
#10016=VERTEX_POINT('',#12895);
#10017=LINE('',#12896,#12897);
#10018=VERTEX_POINT('',#12898);
#10019=LINE('',#12899,#12900);
#10020=VERTEX_POINT('',#12901);
#10021=LINE('',#12902,#12903);
#10022=LINE('',#12904,#12905);
#10023=VERTEX_POINT('',#12906);
#10024=VERTEX_POINT('',#12907);
#10025=LINE('',#12908,#12909);
#10026=VERTEX_POINT('',#12910);
#10027=LINE('',#12911,#12912);
#10028=VERTEX_POINT('',#12913);
#10029=LINE('',#12914,#12915);
#10030=LINE('',#12916,#12917);
#10031=VERTEX_POINT('',#12918);
#10032=VERTEX_POINT('',#12919);
#10033=LINE('',#12920,#12921);
#10034=VERTEX_POINT('',#12922);
#10035=LINE('',#12923,#12924);
#10036=VERTEX_POINT('',#12925);
#10037=LINE('',#12926,#12927);
#10038=LINE('',#12928,#12929);
#10039=VERTEX_POINT('',#12930);
#10040=VERTEX_POINT('',#12931);
#10041=LINE('',#12932,#12933);
#10042=VERTEX_POINT('',#12934);
#10043=LINE('',#12935,#12936);
#10044=VERTEX_POINT('',#12937);
#10045=LINE('',#12938,#12939);
#10046=LINE('',#12940,#12941);
#10047=VERTEX_POINT('',#12942);
#10048=VERTEX_POINT('',#12943);
#10049=LINE('',#12944,#12945);
#10050=VERTEX_POINT('',#12946);
#10051=LINE('',#12947,#12948);
#10052=VERTEX_POINT('',#12949);
#10053=LINE('',#12950,#12951);
#10054=LINE('',#12952,#12953);
#10055=VERTEX_POINT('',#12954);
#10056=VERTEX_POINT('',#12955);
#10057=LINE('',#12956,#12957);
#10058=VERTEX_POINT('',#12958);
#10059=LINE('',#12959,#12960);
#10060=VERTEX_POINT('',#12961);
#10061=LINE('',#12962,#12963);
#10062=LINE('',#12964,#12965);
#10063=VERTEX_POINT('',#12966);
#10064=VERTEX_POINT('',#12967);
#10065=LINE('',#12968,#12969);
#10066=VERTEX_POINT('',#12970);
#10067=LINE('',#12971,#12972);
#10068=VERTEX_POINT('',#12973);
#10069=LINE('',#12974,#12975);
#10070=LINE('',#12976,#12977);
#10071=VERTEX_POINT('',#12978);
#10072=VERTEX_POINT('',#12979);
#10073=LINE('',#12980,#12981);
#10074=VERTEX_POINT('',#12982);
#10075=LINE('',#12983,#12984);
#10076=VERTEX_POINT('',#12985);
#10077=LINE('',#12986,#12987);
#10078=LINE('',#12988,#12989);
#10079=VERTEX_POINT('',#12990);
#10080=VERTEX_POINT('',#12991);
#10081=LINE('',#12992,#12993);
#10082=VERTEX_POINT('',#12994);
#10083=LINE('',#12995,#12996);
#10084=VERTEX_POINT('',#12997);
#10085=LINE('',#12998,#12999);
#10086=LINE('',#13000,#13001);
#10087=VERTEX_POINT('',#13002);
#10088=VERTEX_POINT('',#13003);
#10089=LINE('',#13004,#13005);
#10090=VERTEX_POINT('',#13006);
#10091=LINE('',#13007,#13008);
#10092=VERTEX_POINT('',#13009);
#10093=LINE('',#13010,#13011);
#10094=LINE('',#13012,#13013);
#10095=VERTEX_POINT('',#13014);
#10096=LINE('',#13015,#13016);
#10097=VERTEX_POINT('',#13017);
#10098=LINE('',#13018,#13019);
#10099=LINE('',#13020,#13021);
#10100=VERTEX_POINT('',#13022);
#10101=LINE('',#13023,#13024);
#10102=LINE('',#13025,#13026);
#10103=VERTEX_POINT('',#13027);
#10104=LINE('',#13028,#13029);
#10105=LINE('',#13030,#13031);
#10106=LINE('',#13032,#13033);
#10107=VERTEX_POINT('',#13034);
#10108=VERTEX_POINT('',#13035);
#10109=LINE('',#13036,#13037);
#10110=VERTEX_POINT('',#13038);
#10111=LINE('',#13039,#13040);
#10112=VERTEX_POINT('',#13041);
#10113=LINE('',#13042,#13043);
#10114=LINE('',#13044,#13045);
#10115=LINE('',#13046,#13047);
#10116=LINE('',#13048,#13049);
#10117=LINE('',#13050,#13051);
#10118=LINE('',#13052,#13053);
#10119=VERTEX_POINT('',#13054);
#10120=LINE('',#13055,#13056);
#10121=VERTEX_POINT('',#13057);
#10122=LINE('',#13058,#13059);
#10123=LINE('',#13060,#13061);
#10124=VERTEX_POINT('',#13062);
#10125=LINE('',#13063,#13064);
#10126=LINE('',#13065,#13066);
#10127=VERTEX_POINT('',#13067);
#10128=LINE('',#13068,#13069);
#10129=LINE('',#13070,#13071);
#10130=LINE('',#13072,#13073);
#10131=VERTEX_POINT('',#13074);
#10132=VERTEX_POINT('',#13075);
#10133=LINE('',#13076,#13077);
#10134=VERTEX_POINT('',#13078);
#10135=LINE('',#13079,#13080);
#10136=VERTEX_POINT('',#13081);
#10137=LINE('',#13082,#13083);
#10138=LINE('',#13084,#13085);
#10139=LINE('',#13086,#13087);
#10140=LINE('',#13088,#13089);
#10141=LINE('',#13090,#13091);
#10142=LINE('',#13092,#13093);
#10143=VERTEX_POINT('',#13094);
#10144=LINE('',#13095,#13096);
#10145=VERTEX_POINT('',#13097);
#10146=LINE('',#13098,#13099);
#10147=LINE('',#13100,#13101);
#10148=VERTEX_POINT('',#13102);
#10149=LINE('',#13103,#13104);
#10150=LINE('',#13105,#13106);
#10151=VERTEX_POINT('',#13107);
#10152=LINE('',#13108,#13109);
#10153=LINE('',#13110,#13111);
#10154=LINE('',#13112,#13113);
#10155=VERTEX_POINT('',#13114);
#10156=VERTEX_POINT('',#13115);
#10157=LINE('',#13116,#13117);
#10158=VERTEX_POINT('',#13118);
#10159=LINE('',#13119,#13120);
#10160=VERTEX_POINT('',#13121);
#10161=LINE('',#13122,#13123);
#10162=LINE('',#13124,#13125);
#10163=LINE('',#13126,#13127);
#10164=LINE('',#13128,#13129);
#10165=LINE('',#13130,#13131);
#10166=LINE('',#13132,#13133);
#10167=VERTEX_POINT('',#13134);
#10168=LINE('',#13135,#13136);
#10169=VERTEX_POINT('',#13137);
#10170=LINE('',#13138,#13139);
#10171=LINE('',#13140,#13141);
#10172=VERTEX_POINT('',#13142);
#10173=LINE('',#13143,#13144);
#10174=LINE('',#13145,#13146);
#10175=VERTEX_POINT('',#13147);
#10176=LINE('',#13148,#13149);
#10177=LINE('',#13150,#13151);
#10178=LINE('',#13152,#13153);
#10179=VERTEX_POINT('',#13154);
#10180=VERTEX_POINT('',#13155);
#10181=LINE('',#13156,#13157);
#10182=VERTEX_POINT('',#13158);
#10183=LINE('',#13159,#13160);
#10184=VERTEX_POINT('',#13161);
#10185=LINE('',#13162,#13163);
#10186=LINE('',#13164,#13165);
#10187=LINE('',#13166,#13167);
#10188=LINE('',#13168,#13169);
#10189=LINE('',#13170,#13171);
#10190=LINE('',#13172,#13173);
#10191=VERTEX_POINT('',#13174);
#10192=LINE('',#13175,#13176);
#10193=VERTEX_POINT('',#13177);
#10194=LINE('',#13178,#13179);
#10195=LINE('',#13180,#13181);
#10196=VERTEX_POINT('',#13182);
#10197=LINE('',#13183,#13184);
#10198=LINE('',#13185,#13186);
#10199=VERTEX_POINT('',#13187);
#10200=LINE('',#13188,#13189);
#10201=LINE('',#13190,#13191);
#10202=LINE('',#13192,#13193);
#10203=VERTEX_POINT('',#13194);
#10204=VERTEX_POINT('',#13195);
#10205=LINE('',#13196,#13197);
#10206=VERTEX_POINT('',#13198);
#10207=LINE('',#13199,#13200);
#10208=VERTEX_POINT('',#13201);
#10209=LINE('',#13202,#13203);
#10210=LINE('',#13204,#13205);
#10211=LINE('',#13206,#13207);
#10212=LINE('',#13208,#13209);
#10213=LINE('',#13210,#13211);
#10214=LINE('',#13212,#13213);
#10215=VERTEX_POINT('',#13214);
#10216=LINE('',#13215,#13216);
#10217=VERTEX_POINT('',#13217);
#10218=LINE('',#13218,#13219);
#10219=LINE('',#13220,#13221);
#10220=VERTEX_POINT('',#13222);
#10221=LINE('',#13223,#13224);
#10222=LINE('',#13225,#13226);
#10223=VERTEX_POINT('',#13227);
#10224=LINE('',#13228,#13229);
#10225=LINE('',#13230,#13231);
#10226=LINE('',#13232,#13233);
#10227=VERTEX_POINT('',#13234);
#10228=VERTEX_POINT('',#13235);
#10229=LINE('',#13236,#13237);
#10230=VERTEX_POINT('',#13238);
#10231=LINE('',#13239,#13240);
#10232=VERTEX_POINT('',#13241);
#10233=LINE('',#13242,#13243);
#10234=LINE('',#13244,#13245);
#10235=LINE('',#13246,#13247);
#10236=LINE('',#13248,#13249);
#10237=LINE('',#13250,#13251);
#10238=LINE('',#13252,#13253);
#10239=VERTEX_POINT('',#13254);
#10240=LINE('',#13255,#13256);
#10241=VERTEX_POINT('',#13257);
#10242=LINE('',#13258,#13259);
#10243=LINE('',#13260,#13261);
#10244=VERTEX_POINT('',#13262);
#10245=LINE('',#13263,#13264);
#10246=LINE('',#13265,#13266);
#10247=VERTEX_POINT('',#13267);
#10248=LINE('',#13268,#13269);
#10249=LINE('',#13270,#13271);
#10250=LINE('',#13272,#13273);
#10251=VERTEX_POINT('',#13274);
#10252=VERTEX_POINT('',#13275);
#10253=LINE('',#13276,#13277);
#10254=VERTEX_POINT('',#13278);
#10255=LINE('',#13279,#13280);
#10256=VERTEX_POINT('',#13281);
#10257=LINE('',#13282,#13283);
#10258=LINE('',#13284,#13285);
#10259=LINE('',#13286,#13287);
#10260=LINE('',#13288,#13289);
#10261=LINE('',#13290,#13291);
#10262=LINE('',#13292,#13293);
#10263=VERTEX_POINT('',#13294);
#10264=LINE('',#13295,#13296);
#10265=VERTEX_POINT('',#13297);
#10266=LINE('',#13298,#13299);
#10267=LINE('',#13300,#13301);
#10268=VERTEX_POINT('',#13302);
#10269=LINE('',#13303,#13304);
#10270=LINE('',#13305,#13306);
#10271=VERTEX_POINT('',#13307);
#10272=LINE('',#13308,#13309);
#10273=LINE('',#13310,#13311);
#10274=LINE('',#13312,#13313);
#10275=VERTEX_POINT('',#13314);
#10276=VERTEX_POINT('',#13315);
#10277=LINE('',#13316,#13317);
#10278=VERTEX_POINT('',#13318);
#10279=LINE('',#13319,#13320);
#10280=VERTEX_POINT('',#13321);
#10281=LINE('',#13322,#13323);
#10282=LINE('',#13324,#13325);
#10283=LINE('',#13326,#13327);
#10284=LINE('',#13328,#13329);
#10285=LINE('',#13330,#13331);
#10286=LINE('',#13332,#13333);
#10287=VERTEX_POINT('',#13334);
#10288=LINE('',#13335,#13336);
#10289=VERTEX_POINT('',#13337);
#10290=LINE('',#13338,#13339);
#10291=LINE('',#13340,#13341);
#10292=VERTEX_POINT('',#13342);
#10293=LINE('',#13343,#13344);
#10294=LINE('',#13345,#13346);
#10295=VERTEX_POINT('',#13347);
#10296=LINE('',#13348,#13349);
#10297=LINE('',#13350,#13351);
#10298=LINE('',#13352,#13353);
#10299=VERTEX_POINT('',#13354);
#10300=VERTEX_POINT('',#13355);
#10301=LINE('',#13356,#13357);
#10302=VERTEX_POINT('',#13358);
#10303=LINE('',#13359,#13360);
#10304=VERTEX_POINT('',#13361);
#10305=LINE('',#13362,#13363);
#10306=LINE('',#13364,#13365);
#10307=LINE('',#13366,#13367);
#10308=LINE('',#13368,#13369);
#10309=LINE('',#13370,#13371);
#10310=LINE('',#13372,#13373);
#10311=VERTEX_POINT('',#13374);
#10312=LINE('',#13375,#13376);
#10313=VERTEX_POINT('',#13377);
#10314=LINE('',#13378,#13379);
#10315=LINE('',#13380,#13381);
#10316=VERTEX_POINT('',#13382);
#10317=LINE('',#13383,#13384);
#10318=LINE('',#13385,#13386);
#10319=VERTEX_POINT('',#13387);
#10320=LINE('',#13388,#13389);
#10321=LINE('',#13390,#13391);
#10322=LINE('',#13392,#13393);
#10323=VERTEX_POINT('',#13394);
#10324=VERTEX_POINT('',#13395);
#10325=LINE('',#13396,#13397);
#10326=VERTEX_POINT('',#13398);
#10327=LINE('',#13399,#13400);
#10328=VERTEX_POINT('',#13401);
#10329=LINE('',#13402,#13403);
#10330=LINE('',#13404,#13405);
#10331=LINE('',#13406,#13407);
#10332=LINE('',#13408,#13409);
#10333=LINE('',#13410,#13411);
#10334=LINE('',#13412,#13413);
#10335=VERTEX_POINT('',#13414);
#10336=LINE('',#13415,#13416);
#10337=VERTEX_POINT('',#13417);
#10338=LINE('',#13418,#13419);
#10339=LINE('',#13420,#13421);
#10340=VERTEX_POINT('',#13422);
#10341=LINE('',#13423,#13424);
#10342=LINE('',#13425,#13426);
#10343=VERTEX_POINT('',#13427);
#10344=LINE('',#13428,#13429);
#10345=LINE('',#13430,#13431);
#10346=LINE('',#13432,#13433);
#10347=VERTEX_POINT('',#13434);
#10348=VERTEX_POINT('',#13435);
#10349=LINE('',#13436,#13437);
#10350=VERTEX_POINT('',#13438);
#10351=LINE('',#13439,#13440);
#10352=VERTEX_POINT('',#13441);
#10353=LINE('',#13442,#13443);
#10354=LINE('',#13444,#13445);
#10355=LINE('',#13446,#13447);
#10356=LINE('',#13448,#13449);
#10357=LINE('',#13450,#13451);
#10358=LINE('',#13452,#13453);
#10359=VERTEX_POINT('',#13454);
#10360=LINE('',#13455,#13456);
#10361=VERTEX_POINT('',#13457);
#10362=LINE('',#13458,#13459);
#10363=LINE('',#13460,#13461);
#10364=VERTEX_POINT('',#13462);
#10365=LINE('',#13463,#13464);
#10366=LINE('',#13465,#13466);
#10367=VERTEX_POINT('',#13467);
#10368=LINE('',#13468,#13469);
#10369=LINE('',#13470,#13471);
#10370=LINE('',#13472,#13473);
#10371=VERTEX_POINT('',#13474);
#10372=VERTEX_POINT('',#13475);
#10373=LINE('',#13476,#13477);
#10374=VERTEX_POINT('',#13478);
#10375=LINE('',#13479,#13480);
#10376=VERTEX_POINT('',#13481);
#10377=LINE('',#13482,#13483);
#10378=LINE('',#13484,#13485);
#10379=LINE('',#13486,#13487);
#10380=LINE('',#13488,#13489);
#10381=LINE('',#13490,#13491);
#10382=LINE('',#13492,#13493);
#10383=VERTEX_POINT('',#13494);
#10384=LINE('',#13495,#13496);
#10385=VERTEX_POINT('',#13497);
#10386=LINE('',#13498,#13499);
#10387=LINE('',#13500,#13501);
#10388=VERTEX_POINT('',#13502);
#10389=LINE('',#13503,#13504);
#10390=LINE('',#13505,#13506);
#10391=VERTEX_POINT('',#13507);
#10392=LINE('',#13508,#13509);
#10393=LINE('',#13510,#13511);
#10394=LINE('',#13512,#13513);
#10395=VERTEX_POINT('',#13514);
#10396=VERTEX_POINT('',#13515);
#10397=LINE('',#13516,#13517);
#10398=VERTEX_POINT('',#13518);
#10399=LINE('',#13519,#13520);
#10400=VERTEX_POINT('',#13521);
#10401=LINE('',#13522,#13523);
#10402=LINE('',#13524,#13525);
#10403=LINE('',#13526,#13527);
#10404=LINE('',#13528,#13529);
#10405=LINE('',#13530,#13531);
#10406=LINE('',#13532,#13533);
#10407=VERTEX_POINT('',#13534);
#10408=LINE('',#13535,#13536);
#10409=VERTEX_POINT('',#13537);
#10410=LINE('',#13538,#13539);
#10411=LINE('',#13540,#13541);
#10412=VERTEX_POINT('',#13542);
#10413=LINE('',#13543,#13544);
#10414=LINE('',#13545,#13546);
#10415=VERTEX_POINT('',#13547);
#10416=LINE('',#13548,#13549);
#10417=LINE('',#13550,#13551);
#10418=LINE('',#13552,#13553);
#10419=VERTEX_POINT('',#13554);
#10420=VERTEX_POINT('',#13555);
#10421=LINE('',#13556,#13557);
#10422=VERTEX_POINT('',#13558);
#10423=LINE('',#13559,#13560);
#10424=VERTEX_POINT('',#13561);
#10425=LINE('',#13562,#13563);
#10426=LINE('',#13564,#13565);
#10427=LINE('',#13566,#13567);
#10428=LINE('',#13568,#13569);
#10429=LINE('',#13570,#13571);
#10430=LINE('',#13572,#13573);
#10431=VERTEX_POINT('',#13574);
#10432=LINE('',#13575,#13576);
#10433=VERTEX_POINT('',#13577);
#10434=LINE('',#13578,#13579);
#10435=LINE('',#13580,#13581);
#10436=VERTEX_POINT('',#13582);
#10437=LINE('',#13583,#13584);
#10438=LINE('',#13585,#13586);
#10439=VERTEX_POINT('',#13587);
#10440=LINE('',#13588,#13589);
#10441=LINE('',#13590,#13591);
#10442=LINE('',#13592,#13593);
#10443=VERTEX_POINT('',#13594);
#10444=VERTEX_POINT('',#13595);
#10445=LINE('',#13596,#13597);
#10446=VERTEX_POINT('',#13598);
#10447=LINE('',#13599,#13600);
#10448=VERTEX_POINT('',#13601);
#10449=LINE('',#13602,#13603);
#10450=LINE('',#13604,#13605);
#10451=LINE('',#13606,#13607);
#10452=LINE('',#13608,#13609);
#10453=LINE('',#13610,#13611);
#10454=LINE('',#13612,#13613);
#10455=VERTEX_POINT('',#13614);
#10456=LINE('',#13615,#13616);
#10457=VERTEX_POINT('',#13617);
#10458=LINE('',#13618,#13619);
#10459=LINE('',#13620,#13621);
#10460=VERTEX_POINT('',#13622);
#10461=LINE('',#13623,#13624);
#10462=LINE('',#13625,#13626);
#10463=VERTEX_POINT('',#13627);
#10464=LINE('',#13628,#13629);
#10465=LINE('',#13630,#13631);
#10466=LINE('',#13632,#13633);
#10467=VERTEX_POINT('',#13634);
#10468=VERTEX_POINT('',#13635);
#10469=LINE('',#13636,#13637);
#10470=VERTEX_POINT('',#13638);
#10471=LINE('',#13639,#13640);
#10472=VERTEX_POINT('',#13641);
#10473=LINE('',#13642,#13643);
#10474=LINE('',#13644,#13645);
#10475=LINE('',#13646,#13647);
#10476=LINE('',#13648,#13649);
#10477=LINE('',#13650,#13651);
#10478=LINE('',#13652,#13653);
#10479=VERTEX_POINT('',#13654);
#10480=LINE('',#13655,#13656);
#10481=VERTEX_POINT('',#13657);
#10482=LINE('',#13658,#13659);
#10483=LINE('',#13660,#13661);
#10484=VERTEX_POINT('',#13662);
#10485=LINE('',#13663,#13664);
#10486=LINE('',#13665,#13666);
#10487=VERTEX_POINT('',#13667);
#10488=LINE('',#13668,#13669);
#10489=LINE('',#13670,#13671);
#10490=LINE('',#13672,#13673);
#10491=VERTEX_POINT('',#13674);
#10492=VERTEX_POINT('',#13675);
#10493=LINE('',#13676,#13677);
#10494=VERTEX_POINT('',#13678);
#10495=LINE('',#13679,#13680);
#10496=VERTEX_POINT('',#13681);
#10497=LINE('',#13682,#13683);
#10498=LINE('',#13684,#13685);
#10499=LINE('',#13686,#13687);
#10500=LINE('',#13688,#13689);
#10501=LINE('',#13690,#13691);
#10502=LINE('',#13692,#13693);
#10503=VERTEX_POINT('',#13694);
#10504=LINE('',#13695,#13696);
#10505=VERTEX_POINT('',#13697);
#10506=LINE('',#13698,#13699);
#10507=LINE('',#13700,#13701);
#10508=VERTEX_POINT('',#13702);
#10509=LINE('',#13703,#13704);
#10510=LINE('',#13705,#13706);
#10511=VERTEX_POINT('',#13707);
#10512=LINE('',#13708,#13709);
#10513=LINE('',#13710,#13711);
#10514=LINE('',#13712,#13713);
#10515=VERTEX_POINT('',#13714);
#10516=VERTEX_POINT('',#13715);
#10517=LINE('',#13716,#13717);
#10518=VERTEX_POINT('',#13718);
#10519=LINE('',#13719,#13720);
#10520=VERTEX_POINT('',#13721);
#10521=LINE('',#13722,#13723);
#10522=LINE('',#13724,#13725);
#10523=LINE('',#13726,#13727);
#10524=LINE('',#13728,#13729);
#10525=LINE('',#13730,#13731);
#10526=LINE('',#13732,#13733);
#10527=VERTEX_POINT('',#13734);
#10528=LINE('',#13735,#13736);
#10529=VERTEX_POINT('',#13737);
#10530=LINE('',#13738,#13739);
#10531=VERTEX_POINT('',#13740);
#10532=LINE('',#13741,#13742);
#10533=VERTEX_POINT('',#13743);
#10534=LINE('',#13744,#13745);
#10535=LINE('',#13746,#13747);
#10536=VERTEX_POINT('',#13748);
#10537=LINE('',#13749,#13750);
#10538=LINE('',#13751,#13752);
#10539=VERTEX_POINT('',#13753);
#10540=VERTEX_POINT('',#13754);
#10541=CIRCLE('',#13755,3.175);
#10542=CIRCLE('',#13756,3.175);
#10543=VERTEX_POINT('',#13757);
#10544=LINE('',#13758,#13759);
#10545=LINE('',#13760,#13761);
#10546=VERTEX_POINT('',#13762);
#10547=VERTEX_POINT('',#13763);
#10548=CIRCLE('',#13764,3.175);
#10549=CIRCLE('',#13765,3.175);
#10550=VERTEX_POINT('',#13766);
#10551=LINE('',#13767,#13768);
#10552=VERTEX_POINT('',#13769);
#10553=LINE('',#13770,#13771);
#10554=VERTEX_POINT('',#13772);
#10555=LINE('',#13773,#13774);
#10556=VERTEX_POINT('',#13775);
#10557=LINE('',#13776,#13777);
#10558=LINE('',#13778,#13779);
#10559=LINE('',#13780,#13781);
#10560=VERTEX_POINT('',#13782);
#10561=VERTEX_POINT('',#13783);
#10562=CIRCLE('',#13784,1.5875);
#10563=CIRCLE('',#13785,1.5875);
#10564=VERTEX_POINT('',#13786);
#10565=LINE('',#13787,#13788);
#10566=LINE('',#13789,#13790);
#10567=VERTEX_POINT('',#13791);
#10568=VERTEX_POINT('',#13792);
#10569=CIRCLE('',#13793,1.5875);
#10570=CIRCLE('',#13794,1.5875);
#10571=LINE('',#13795,#13796);
#10572=VERTEX_POINT('',#13797);
#10573=LINE('',#13798,#13799);
#10574=LINE('',#13800,#13801);
#10575=LINE('',#13802,#13803);
#10576=VERTEX_POINT('',#13804);
#10577=LINE('',#13805,#13806);
#10578=LINE('',#13807,#13808);
#10579=LINE('',#13809,#13810);
#10580=VERTEX_POINT('',#13811);
#10581=LINE('',#13812,#13813);
#10582=LINE('',#13814,#13815);
#10583=LINE('',#13816,#13817);
#10584=LINE('',#13818,#13819);
#10585=VERTEX_POINT('',#13820);
#10586=LINE('',#13821,#13822);
#10587=LINE('',#13823,#13824);
#10588=VERTEX_POINT('',#13825);
#10589=CIRCLE('',#13826,4.1148);
#10590=VERTEX_POINT('',#13827);
#10591=LINE('',#13828,#13829);
#10592=CIRCLE('',#13830,4.1148);
#10593=CIRCLE('',#13831,4.1148);
#10594=VERTEX_POINT('',#13832);
#10595=LINE('',#13833,#13834);
#10596=VERTEX_POINT('',#13835);
#10597=LINE('',#13836,#13837);
#10598=LINE('',#13838,#13839);
#10599=VERTEX_POINT('',#13840);
#10600=LINE('',#13841,#13842);
#10601=VERTEX_POINT('',#13843);
#10602=LINE('',#13844,#13845);
#10603=LINE('',#13846,#13847);
#10604=B_SPLINE_CURVE_WITH_KNOTS('',3,(#13848,#13849,#13850,#13851,#13852,#13853),.UNSPECIFIED.,.F.,.F.,(4,1,1,4),(0.0,0.3333333333333,0.6666666666667,1.0),.UNSPECIFIED.);
#10605=VERTEX_POINT('',#13854);
#10606=LINE('',#13855,#13856);
#10607=LINE('',#13857,#13858);
#10608=VERTEX_POINT('',#13859);
#10609=LINE('',#13860,#13861);
#10610=LINE('',#13862,#13863);
#10611=LINE('',#13864,#13865);
#10612=B_SPLINE_CURVE_WITH_KNOTS('',3,(#13866,#13867,#13868,#13869,#13870,#13871),.UNSPECIFIED.,.F.,.F.,(4,1,1,4),(0.0,0.3333333333333,0.6666666666667,1.0),.UNSPECIFIED.);
#10613=B_SPLINE_CURVE_WITH_KNOTS('',3,(#13872,#13873,#13874,#13875,#13876,#13877),.UNSPECIFIED.,.F.,.F.,(4,1,1,4),(0.0,0.3333333333333,0.6666666666667,1.0),.UNSPECIFIED.);
#10614=VERTEX_POINT('',#13878);
#10615=LINE('',#13879,#13880);
#10616=LINE('',#13881,#13882);
#10617=VERTEX_POINT('',#13883);
#10618=LINE('',#13884,#13885);
#10619=LINE('',#13886,#13887);
#10620=LINE('',#13888,#13889);
#10621=LINE('',#13890,#13891);
#10622=LINE('',#13892,#13893);
#10623=LINE('',#13894,#13895);
#10624=LINE('',#13896,#13897);
#10625=VERTEX_POINT('',#13898);
#10626=LINE('',#13899,#13900);
#10627=VERTEX_POINT('',#13901);
#10628=CIRCLE('',#13902,3.175);
#10629=LINE('',#13903,#13904);
#10630=CIRCLE('',#13905,3.175);
#10631=VERTEX_POINT('',#13906);
#10632=VERTEX_POINT('',#13907);
#10633=CIRCLE('',#13908,1.2954);
#10634=CIRCLE('',#13909,1.2954);
#10635=VERTEX_POINT('',#13910);
#10636=VERTEX_POINT('',#13911);
#10637=CIRCLE('',#13912,3.175);
#10638=CIRCLE('',#13913,3.175);
#10639=VERTEX_POINT('',#13914);
#10640=VERTEX_POINT('',#13915);
#10641=CIRCLE('',#13916,1.2954);
#10642=CIRCLE('',#13917,1.2954);
#10643=LINE('',#13918,#13919);
#10644=LINE('',#13920,#13921);
#10645=LINE('',#13922,#13923);
#10646=LINE('',#13924,#13925);
#10647=LINE('',#13926,#13927);
#10648=LINE('',#13928,#13929);
#10649=LINE('',#13930,#13931);
#10650=VERTEX_POINT('',#13932);
#10651=LINE('',#13933,#13934);
#10652=VERTEX_POINT('',#13935);
#10653=LINE('',#13936,#13937);
#10654=LINE('',#13938,#13939);
#10655=VERTEX_POINT('',#13940);
#10656=LINE('',#13941,#13942);
#10657=VERTEX_POINT('',#13943);
#10658=LINE('',#13944,#13945);
#10659=LINE('',#13946,#13947);
#10660=VERTEX_POINT('',#13948);
#10661=LINE('',#13949,#13950);
#10662=VERTEX_POINT('',#13951);
#10663=LINE('',#13952,#13953);
#10664=LINE('',#13954,#13955);
#10665=VERTEX_POINT('',#13956);
#10666=VERTEX_POINT('',#13957);
#10667=LINE('',#13958,#13959);
#10668=VERTEX_POINT('',#13960);
#10669=LINE('',#13961,#13962);
#10670=VERTEX_POINT('',#13963);
#10671=LINE('',#13964,#13965);
#10672=LINE('',#13966,#13967);
#10673=VERTEX_POINT('',#13968);
#10674=VERTEX_POINT('',#13969);
#10675=LINE('',#13970,#13971);
#10676=VERTEX_POINT('',#13972);
#10677=LINE('',#13973,#13974);
#10678=VERTEX_POINT('',#13975);
#10679=LINE('',#13976,#13977);
#10680=LINE('',#13978,#13979);
#10681=VERTEX_POINT('',#13980);
#10682=VERTEX_POINT('',#13981);
#10683=LINE('',#13982,#13983);
#10684=VERTEX_POINT('',#13984);
#10685=LINE('',#13985,#13986);
#10686=VERTEX_POINT('',#13987);
#10687=LINE('',#13988,#13989);
#10688=LINE('',#13990,#13991);
#10689=VERTEX_POINT('',#13992);
#10690=VERTEX_POINT('',#13993);
#10691=LINE('',#13994,#13995);
#10692=VERTEX_POINT('',#13996);
#10693=LINE('',#13997,#13998);
#10694=VERTEX_POINT('',#13999);
#10695=LINE('',#14000,#14001);
#10696=LINE('',#14002,#14003);
#10697=VERTEX_POINT('',#14004);
#10698=VERTEX_POINT('',#14005);
#10699=LINE('',#14006,#14007);
#10700=VERTEX_POINT('',#14008);
#10701=LINE('',#14009,#14010);
#10702=VERTEX_POINT('',#14011);
#10703=LINE('',#14012,#14013);
#10704=LINE('',#14014,#14015);
#10705=VERTEX_POINT('',#14016);
#10706=VERTEX_POINT('',#14017);
#10707=LINE('',#14018,#14019);
#10708=VERTEX_POINT('',#14020);
#10709=LINE('',#14021,#14022);
#10710=VERTEX_POINT('',#14023);
#10711=LINE('',#14024,#14025);
#10712=LINE('',#14026,#14027);
#10713=VERTEX_POINT('',#14028);
#10714=VERTEX_POINT('',#14029);
#10715=LINE('',#14030,#14031);
#10716=VERTEX_POINT('',#14032);
#10717=LINE('',#14033,#14034);
#10718=VERTEX_POINT('',#14035);
#10719=LINE('',#14036,#14037);
#10720=LINE('',#14038,#14039);
#10721=VERTEX_POINT('',#14040);
#10722=VERTEX_POINT('',#14041);
#10723=LINE('',#14042,#14043);
#10724=VERTEX_POINT('',#14044);
#10725=LINE('',#14045,#14046);
#10726=VERTEX_POINT('',#14047);
#10727=LINE('',#14048,#14049);
#10728=LINE('',#14050,#14051);
#10729=VERTEX_POINT('',#14052);
#10730=VERTEX_POINT('',#14053);
#10731=LINE('',#14054,#14055);
#10732=VERTEX_POINT('',#14056);
#10733=LINE('',#14057,#14058);
#10734=VERTEX_POINT('',#14059);
#10735=LINE('',#14060,#14061);
#10736=LINE('',#14062,#14063);
#10737=VERTEX_POINT('',#14064);
#10738=VERTEX_POINT('',#14065);
#10739=LINE('',#14066,#14067);
#10740=VERTEX_POINT('',#14068);
#10741=LINE('',#14069,#14070);
#10742=VERTEX_POINT('',#14071);
#10743=LINE('',#14072,#14073);
#10744=LINE('',#14074,#14075);
#10745=VERTEX_POINT('',#14076);
#10746=VERTEX_POINT('',#14077);
#10747=LINE('',#14078,#14079);
#10748=VERTEX_POINT('',#14080);
#10749=LINE('',#14081,#14082);
#10750=VERTEX_POINT('',#14083);
#10751=LINE('',#14084,#14085);
#10752=LINE('',#14086,#14087);
#10753=VERTEX_POINT('',#14088);
#10754=VERTEX_POINT('',#14089);
#10755=LINE('',#14090,#14091);
#10756=VERTEX_POINT('',#14092);
#10757=LINE('',#14093,#14094);
#10758=VERTEX_POINT('',#14095);
#10759=LINE('',#14096,#14097);
#10760=LINE('',#14098,#14099);
#10761=VERTEX_POINT('',#14100);
#10762=VERTEX_POINT('',#14101);
#10763=LINE('',#14102,#14103);
#10764=VERTEX_POINT('',#14104);
#10765=LINE('',#14105,#14106);
#10766=VERTEX_POINT('',#14107);
#10767=LINE('',#14108,#14109);
#10768=LINE('',#14110,#14111);
#10769=VERTEX_POINT('',#14112);
#10770=VERTEX_POINT('',#14113);
#10771=LINE('',#14114,#14115);
#10772=VERTEX_POINT('',#14116);
#10773=LINE('',#14117,#14118);
#10774=VERTEX_POINT('',#14119);
#10775=LINE('',#14120,#14121);
#10776=LINE('',#14122,#14123);
#10777=VERTEX_POINT('',#14124);
#10778=VERTEX_POINT('',#14125);
#10779=LINE('',#14126,#14127);
#10780=VERTEX_POINT('',#14128);
#10781=LINE('',#14129,#14130);
#10782=VERTEX_POINT('',#14131);
#10783=LINE('',#14132,#14133);
#10784=LINE('',#14134,#14135);
#10785=VERTEX_POINT('',#14136);
#10786=VERTEX_POINT('',#14137);
#10787=LINE('',#14138,#14139);
#10788=VERTEX_POINT('',#14140);
#10789=LINE('',#14141,#14142);
#10790=VERTEX_POINT('',#14143);
#10791=LINE('',#14144,#14145);
#10792=LINE('',#14146,#14147);
#10793=VERTEX_POINT('',#14148);
#10794=VERTEX_POINT('',#14149);
#10795=LINE('',#14150,#14151);
#10796=VERTEX_POINT('',#14152);
#10797=LINE('',#14153,#14154);
#10798=VERTEX_POINT('',#14155);
#10799=LINE('',#14156,#14157);
#10800=LINE('',#14158,#14159);
#10801=VERTEX_POINT('',#14160);
#10802=VERTEX_POINT('',#14161);
#10803=LINE('',#14162,#14163);
#10804=VERTEX_POINT('',#14164);
#10805=LINE('',#14165,#14166);
#10806=VERTEX_POINT('',#14167);
#10807=LINE('',#14168,#14169);
#10808=LINE('',#14170,#14171);
#10809=VERTEX_POINT('',#14172);
#10810=LINE('',#14173,#14174);
#10811=LINE('',#14175,#14176);
#10812=VERTEX_POINT('',#14177);
#10813=LINE('',#14178,#14179);
#10814=LINE('',#14180,#14181);
#10815=LINE('',#14182,#14183);
#10816=VERTEX_POINT('',#14184);
#10817=VERTEX_POINT('',#14185);
#10818=LINE('',#14186,#14187);
#10819=VERTEX_POINT('',#14188);
#10820=LINE('',#14189,#14190);
#10821=VERTEX_POINT('',#14191);
#10822=LINE('',#14192,#14193);
#10823=LINE('',#14194,#14195);
#10824=VERTEX_POINT('',#14196);
#10825=VERTEX_POINT('',#14197);
#10826=LINE('',#14198,#14199);
#10827=VERTEX_POINT('',#14200);
#10828=LINE('',#14201,#14202);
#10829=VERTEX_POINT('',#14203);
#10830=LINE('',#14204,#14205);
#10831=LINE('',#14206,#14207);
#10832=VERTEX_POINT('',#14208);
#10833=VERTEX_POINT('',#14209);
#10834=LINE('',#14210,#14211);
#10835=VERTEX_POINT('',#14212);
#10836=LINE('',#14213,#14214);
#10837=VERTEX_POINT('',#14215);
#10838=LINE('',#14216,#14217);
#10839=LINE('',#14218,#14219);
#10840=VERTEX_POINT('',#14220);
#10841=VERTEX_POINT('',#14221);
#10842=LINE('',#14222,#14223);
#10843=VERTEX_POINT('',#14224);
#10844=LINE('',#14225,#14226);
#10845=VERTEX_POINT('',#14227);
#10846=LINE('',#14228,#14229);
#10847=LINE('',#14230,#14231);
#10848=VERTEX_POINT('',#14232);
#10849=VERTEX_POINT('',#14233);
#10850=LINE('',#14234,#14235);
#10851=VERTEX_POINT('',#14236);
#10852=LINE('',#14237,#14238);
#10853=VERTEX_POINT('',#14239);
#10854=LINE('',#14240,#14241);
#10855=LINE('',#14242,#14243);
#10856=VERTEX_POINT('',#14244);
#10857=VERTEX_POINT('',#14245);
#10858=LINE('',#14246,#14247);
#10859=VERTEX_POINT('',#14248);
#10860=LINE('',#14249,#14250);
#10861=VERTEX_POINT('',#14251);
#10862=LINE('',#14252,#14253);
#10863=LINE('',#14254,#14255);
#10864=VERTEX_POINT('',#14256);
#10865=VERTEX_POINT('',#14257);
#10866=LINE('',#14258,#14259);
#10867=VERTEX_POINT('',#14260);
#10868=LINE('',#14261,#14262);
#10869=VERTEX_POINT('',#14263);
#10870=LINE('',#14264,#14265);
#10871=LINE('',#14266,#14267);
#10872=VERTEX_POINT('',#14268);
#10873=VERTEX_POINT('',#14269);
#10874=LINE('',#14270,#14271);
#10875=VERTEX_POINT('',#14272);
#10876=LINE('',#14273,#14274);
#10877=VERTEX_POINT('',#14275);
#10878=LINE('',#14276,#14277);
#10879=LINE('',#14278,#14279);
#10880=VERTEX_POINT('',#14280);
#10881=VERTEX_POINT('',#14281);
#10882=LINE('',#14282,#14283);
#10883=VERTEX_POINT('',#14284);
#10884=LINE('',#14285,#14286);
#10885=VERTEX_POINT('',#14287);
#10886=LINE('',#14288,#14289);
#10887=LINE('',#14290,#14291);
#10888=VERTEX_POINT('',#14292);
#10889=VERTEX_POINT('',#14293);
#10890=LINE('',#14294,#14295);
#10891=VERTEX_POINT('',#14296);
#10892=LINE('',#14297,#14298);
#10893=VERTEX_POINT('',#14299);
#10894=LINE('',#14300,#14301);
#10895=LINE('',#14302,#14303);
#10896=VERTEX_POINT('',#14304);
#10897=VERTEX_POINT('',#14305);
#10898=LINE('',#14306,#14307);
#10899=VERTEX_POINT('',#14308);
#10900=LINE('',#14309,#14310);
#10901=VERTEX_POINT('',#14311);
#10902=LINE('',#14312,#14313);
#10903=LINE('',#14314,#14315);
#10904=VERTEX_POINT('',#14316);
#10905=VERTEX_POINT('',#14317);
#10906=LINE('',#14318,#14319);
#10907=VERTEX_POINT('',#14320);
#10908=LINE('',#14321,#14322);
#10909=VERTEX_POINT('',#14323);
#10910=LINE('',#14324,#14325);
#10911=LINE('',#14326,#14327);
#10912=VERTEX_POINT('',#14328);
#10913=VERTEX_POINT('',#14329);
#10914=LINE('',#14330,#14331);
#10915=VERTEX_POINT('',#14332);
#10916=LINE('',#14333,#14334);
#10917=VERTEX_POINT('',#14335);
#10918=LINE('',#14336,#14337);
#10919=LINE('',#14338,#14339);
#10920=VERTEX_POINT('',#14340);
#10921=VERTEX_POINT('',#14341);
#10922=LINE('',#14342,#14343);
#10923=VERTEX_POINT('',#14344);
#10924=LINE('',#14345,#14346);
#10925=VERTEX_POINT('',#14347);
#10926=LINE('',#14348,#14349);
#10927=LINE('',#14350,#14351);
#10928=VERTEX_POINT('',#14352);
#10929=VERTEX_POINT('',#14353);
#10930=LINE('',#14354,#14355);
#10931=VERTEX_POINT('',#14356);
#10932=LINE('',#14357,#14358);
#10933=VERTEX_POINT('',#14359);
#10934=LINE('',#14360,#14361);
#10935=LINE('',#14362,#14363);
#10936=VERTEX_POINT('',#14364);
#10937=VERTEX_POINT('',#14365);
#10938=LINE('',#14366,#14367);
#10939=VERTEX_POINT('',#14368);
#10940=LINE('',#14369,#14370);
#10941=VERTEX_POINT('',#14371);
#10942=LINE('',#14372,#14373);
#10943=LINE('',#14374,#14375);
#10944=VERTEX_POINT('',#14376);
#10945=VERTEX_POINT('',#14377);
#10946=LINE('',#14378,#14379);
#10947=VERTEX_POINT('',#14380);
#10948=LINE('',#14381,#14382);
#10949=VERTEX_POINT('',#14383);
#10950=LINE('',#14384,#14385);
#10951=LINE('',#14386,#14387);
#10952=VERTEX_POINT('',#14388);
#10953=VERTEX_POINT('',#14389);
#10954=LINE('',#14390,#14391);
#10955=VERTEX_POINT('',#14392);
#10956=LINE('',#14393,#14394);
#10957=VERTEX_POINT('',#14395);
#10958=LINE('',#14396,#14397);
#10959=LINE('',#14398,#14399);
#10960=VERTEX_POINT('',#14400);
#10961=VERTEX_POINT('',#14401);
#10962=LINE('',#14402,#14403);
#10963=VERTEX_POINT('',#14404);
#10964=LINE('',#14405,#14406);
#10965=VERTEX_POINT('',#14407);
#10966=LINE('',#14408,#14409);
#10967=LINE('',#14410,#14411);
#10968=VERTEX_POINT('',#14412);
#10969=VERTEX_POINT('',#14413);
#10970=LINE('',#14414,#14415);
#10971=VERTEX_POINT('',#14416);
#10972=LINE('',#14417,#14418);
#10973=VERTEX_POINT('',#14419);
#10974=LINE('',#14420,#14421);
#10975=LINE('',#14422,#14423);
#10976=VERTEX_POINT('',#14424);
#10977=VERTEX_POINT('',#14425);
#10978=LINE('',#14426,#14427);
#10979=VERTEX_POINT('',#14428);
#10980=LINE('',#14429,#14430);
#10981=VERTEX_POINT('',#14431);
#10982=LINE('',#14432,#14433);
#10983=LINE('',#14434,#14435);
#10984=VERTEX_POINT('',#14436);
#10985=VERTEX_POINT('',#14437);
#10986=LINE('',#14438,#14439);
#10987=VERTEX_POINT('',#14440);
#10988=LINE('',#14441,#14442);
#10989=VERTEX_POINT('',#14443);
#10990=LINE('',#14444,#14445);
#10991=LINE('',#14446,#14447);
#10992=VERTEX_POINT('',#14448);
#10993=VERTEX_POINT('',#14449);
#10994=LINE('',#14450,#14451);
#10995=VERTEX_POINT('',#14452);
#10996=LINE('',#14453,#14454);
#10997=VERTEX_POINT('',#14455);
#10998=LINE('',#14456,#14457);
#10999=LINE('',#14458,#14459);
#11000=VERTEX_POINT('',#14460);
#11001=VERTEX_POINT('',#14461);
#11002=LINE('',#14462,#14463);
#11003=VERTEX_POINT('',#14464);
#11004=LINE('',#14465,#14466);
#11005=VERTEX_POINT('',#14467);
#11006=LINE('',#14468,#14469);
#11007=LINE('',#14470,#14471);
#11008=VERTEX_POINT('',#14472);
#11009=VERTEX_POINT('',#14473);
#11010=LINE('',#14474,#14475);
#11011=VERTEX_POINT('',#14476);
#11012=LINE('',#14477,#14478);
#11013=VERTEX_POINT('',#14479);
#11014=LINE('',#14480,#14481);
#11015=LINE('',#14482,#14483);
#11016=VERTEX_POINT('',#14484);
#11017=VERTEX_POINT('',#14485);
#11018=LINE('',#14486,#14487);
#11019=VERTEX_POINT('',#14488);
#11020=LINE('',#14489,#14490);
#11021=VERTEX_POINT('',#14491);
#11022=LINE('',#14492,#14493);
#11023=LINE('',#14494,#14495);
#11024=VERTEX_POINT('',#14496);
#11025=VERTEX_POINT('',#14497);
#11026=LINE('',#14498,#14499);
#11027=VERTEX_POINT('',#14500);
#11028=LINE('',#14501,#14502);
#11029=VERTEX_POINT('',#14503);
#11030=LINE('',#14504,#14505);
#11031=LINE('',#14506,#14507);
#11032=VERTEX_POINT('',#14508);
#11033=VERTEX_POINT('',#14509);
#11034=LINE('',#14510,#14511);
#11035=VERTEX_POINT('',#14512);
#11036=LINE('',#14513,#14514);
#11037=VERTEX_POINT('',#14515);
#11038=LINE('',#14516,#14517);
#11039=LINE('',#14518,#14519);
#11040=VERTEX_POINT('',#14520);
#11041=VERTEX_POINT('',#14521);
#11042=LINE('',#14522,#14523);
#11043=VERTEX_POINT('',#14524);
#11044=LINE('',#14525,#14526);
#11045=VERTEX_POINT('',#14527);
#11046=LINE('',#14528,#14529);
#11047=LINE('',#14530,#14531);
#11048=VERTEX_POINT('',#14532);
#11049=VERTEX_POINT('',#14533);
#11050=LINE('',#14534,#14535);
#11051=VERTEX_POINT('',#14536);
#11052=LINE('',#14537,#14538);
#11053=VERTEX_POINT('',#14539);
#11054=LINE('',#14540,#14541);
#11055=LINE('',#14542,#14543);
#11056=VERTEX_POINT('',#14544);
#11057=VERTEX_POINT('',#14545);
#11058=LINE('',#14546,#14547);
#11059=VERTEX_POINT('',#14548);
#11060=LINE('',#14549,#14550);
#11061=VERTEX_POINT('',#14551);
#11062=LINE('',#14552,#14553);
#11063=LINE('',#14554,#14555);
#11064=VERTEX_POINT('',#14556);
#11065=VERTEX_POINT('',#14557);
#11066=LINE('',#14558,#14559);
#11067=VERTEX_POINT('',#14560);
#11068=LINE('',#14561,#14562);
#11069=VERTEX_POINT('',#14563);
#11070=LINE('',#14564,#14565);
#11071=LINE('',#14566,#14567);
#11072=VERTEX_POINT('',#14568);
#11073=VERTEX_POINT('',#14569);
#11074=LINE('',#14570,#14571);
#11075=VERTEX_POINT('',#14572);
#11076=LINE('',#14573,#14574);
#11077=VERTEX_POINT('',#14575);
#11078=LINE('',#14576,#14577);
#11079=LINE('',#14578,#14579);
#11080=VERTEX_POINT('',#14580);
#11081=VERTEX_POINT('',#14581);
#11082=LINE('',#14582,#14583);
#11083=VERTEX_POINT('',#14584);
#11084=LINE('',#14585,#14586);
#11085=VERTEX_POINT('',#14587);
#11086=LINE('',#14588,#14589);
#11087=LINE('',#14590,#14591);
#11088=VERTEX_POINT('',#14592);
#11089=VERTEX_POINT('',#14593);
#11090=LINE('',#14594,#14595);
#11091=VERTEX_POINT('',#14596);
#11092=LINE('',#14597,#14598);
#11093=VERTEX_POINT('',#14599);
#11094=LINE('',#14600,#14601);
#11095=LINE('',#14602,#14603);
#11096=VERTEX_POINT('',#14604);
#11097=VERTEX_POINT('',#14605);
#11098=LINE('',#14606,#14607);
#11099=VERTEX_POINT('',#14608);
#11100=LINE('',#14609,#14610);
#11101=VERTEX_POINT('',#14611);
#11102=LINE('',#14612,#14613);
#11103=LINE('',#14614,#14615);
#11104=VERTEX_POINT('',#14616);
#11105=VERTEX_POINT('',#14617);
#11106=LINE('',#14618,#14619);
#11107=VERTEX_POINT('',#14620);
#11108=LINE('',#14621,#14622);
#11109=VERTEX_POINT('',#14623);
#11110=LINE('',#14624,#14625);
#11111=LINE('',#14626,#14627);
#11112=VERTEX_POINT('',#14628);
#11113=VERTEX_POINT('',#14629);
#11114=LINE('',#14630,#14631);
#11115=VERTEX_POINT('',#14632);
#11116=LINE('',#14633,#14634);
#11117=VERTEX_POINT('',#14635);
#11118=LINE('',#14636,#14637);
#11119=LINE('',#14638,#14639);
#11120=VERTEX_POINT('',#14640);
#11121=VERTEX_POINT('',#14641);
#11122=LINE('',#14642,#14643);
#11123=VERTEX_POINT('',#14644);
#11124=LINE('',#14645,#14646);
#11125=VERTEX_POINT('',#14647);
#11126=LINE('',#14648,#14649);
#11127=LINE('',#14650,#14651);
#11128=VERTEX_POINT('',#14652);
#11129=VERTEX_POINT('',#14653);
#11130=LINE('',#14654,#14655);
#11131=VERTEX_POINT('',#14656);
#11132=LINE('',#14657,#14658);
#11133=VERTEX_POINT('',#14659);
#11134=LINE('',#14660,#14661);
#11135=LINE('',#14662,#14663);
#11136=VERTEX_POINT('',#14664);
#11137=VERTEX_POINT('',#14665);
#11138=LINE('',#14666,#14667);
#11139=VERTEX_POINT('',#14668);
#11140=LINE('',#14669,#14670);
#11141=VERTEX_POINT('',#14671);
#11142=LINE('',#14672,#14673);
#11143=LINE('',#14674,#14675);
#11144=VERTEX_POINT('',#14676);
#11145=VERTEX_POINT('',#14677);
#11146=LINE('',#14678,#14679);
#11147=VERTEX_POINT('',#14680);
#11148=LINE('',#14681,#14682);
#11149=VERTEX_POINT('',#14683);
#11150=LINE('',#14684,#14685);
#11151=LINE('',#14686,#14687);
#11152=VERTEX_POINT('',#14688);
#11153=VERTEX_POINT('',#14689);
#11154=LINE('',#14690,#14691);
#11155=VERTEX_POINT('',#14692);
#11156=LINE('',#14693,#14694);
#11157=VERTEX_POINT('',#14695);
#11158=LINE('',#14696,#14697);
#11159=LINE('',#14698,#14699);
#11160=VERTEX_POINT('',#14700);
#11161=VERTEX_POINT('',#14701);
#11162=LINE('',#14702,#14703);
#11163=VERTEX_POINT('',#14704);
#11164=LINE('',#14705,#14706);
#11165=VERTEX_POINT('',#14707);
#11166=LINE('',#14708,#14709);
#11167=LINE('',#14710,#14711);
#11168=VERTEX_POINT('',#14712);
#11169=VERTEX_POINT('',#14713);
#11170=LINE('',#14714,#14715);
#11171=VERTEX_POINT('',#14716);
#11172=LINE('',#14717,#14718);
#11173=VERTEX_POINT('',#14719);
#11174=LINE('',#14720,#14721);
#11175=LINE('',#14722,#14723);
#11176=VERTEX_POINT('',#14724);
#11177=VERTEX_POINT('',#14725);
#11178=LINE('',#14726,#14727);
#11179=VERTEX_POINT('',#14728);
#11180=LINE('',#14729,#14730);
#11181=VERTEX_POINT('',#14731);
#11182=LINE('',#14732,#14733);
#11183=LINE('',#14734,#14735);
#11184=VERTEX_POINT('',#14736);
#11185=VERTEX_POINT('',#14737);
#11186=LINE('',#14738,#14739);
#11187=VERTEX_POINT('',#14740);
#11188=LINE('',#14741,#14742);
#11189=VERTEX_POINT('',#14743);
#11190=LINE('',#14744,#14745);
#11191=LINE('',#14746,#14747);
#11192=VERTEX_POINT('',#14748);
#11193=VERTEX_POINT('',#14749);
#11194=LINE('',#14750,#14751);
#11195=VERTEX_POINT('',#14752);
#11196=LINE('',#14753,#14754);
#11197=VERTEX_POINT('',#14755);
#11198=LINE('',#14756,#14757);
#11199=LINE('',#14758,#14759);
#11200=VERTEX_POINT('',#14760);
#11201=VERTEX_POINT('',#14761);
#11202=LINE('',#14762,#14763);
#11203=VERTEX_POINT('',#14764);
#11204=LINE('',#14765,#14766);
#11205=VERTEX_POINT('',#14767);
#11206=LINE('',#14768,#14769);
#11207=LINE('',#14770,#14771);
#11208=VERTEX_POINT('',#14772);
#11209=VERTEX_POINT('',#14773);
#11210=LINE('',#14774,#14775);
#11211=VERTEX_POINT('',#14776);
#11212=LINE('',#14777,#14778);
#11213=VERTEX_POINT('',#14779);
#11214=LINE('',#14780,#14781);
#11215=LINE('',#14782,#14783);
#11216=VERTEX_POINT('',#14784);
#11217=VERTEX_POINT('',#14785);
#11218=LINE('',#14786,#14787);
#11219=VERTEX_POINT('',#14788);
#11220=LINE('',#14789,#14790);
#11221=VERTEX_POINT('',#14791);
#11222=LINE('',#14792,#14793);
#11223=LINE('',#14794,#14795);
#11224=VERTEX_POINT('',#14796);
#11225=VERTEX_POINT('',#14797);
#11226=LINE('',#14798,#14799);
#11227=VERTEX_POINT('',#14800);
#11228=LINE('',#14801,#14802);
#11229=VERTEX_POINT('',#14803);
#11230=LINE('',#14804,#14805);
#11231=LINE('',#14806,#14807);
#11232=VERTEX_POINT('',#14808);
#11233=VERTEX_POINT('',#14809);
#11234=LINE('',#14810,#14811);
#11235=VERTEX_POINT('',#14812);
#11236=LINE('',#14813,#14814);
#11237=VERTEX_POINT('',#14815);
#11238=LINE('',#14816,#14817);
#11239=LINE('',#14818,#14819);
#11240=VERTEX_POINT('',#14820);
#11241=VERTEX_POINT('',#14821);
#11242=LINE('',#14822,#14823);
#11243=VERTEX_POINT('',#14824);
#11244=LINE('',#14825,#14826);
#11245=VERTEX_POINT('',#14827);
#11246=LINE('',#14828,#14829);
#11247=LINE('',#14830,#14831);
#11248=VERTEX_POINT('',#14832);
#11249=LINE('',#14833,#14834);
#11250=CIRCLE('',#14835,3.5052);
#11251=VERTEX_POINT('',#14836);
#11252=LINE('',#14837,#14838);
#11253=VERTEX_POINT('',#14839);
#11254=CIRCLE('',#14840,3.7592);
#11255=LINE('',#14841,#14842);
#11256=VERTEX_POINT('',#14843);
#11257=LINE('',#14844,#14845);
#11258=VERTEX_POINT('',#14846);
#11259=CIRCLE('',#14847,3.7592);
#11260=LINE('',#14848,#14849);
#11261=VERTEX_POINT('',#14850);
#11262=CIRCLE('',#14851,3.5052);
#11263=LINE('',#14852,#14853);
#11264=VERTEX_POINT('',#14854);
#11265=LINE('',#14855,#14856);
#11266=LINE('',#14857,#14858);
#11267=VERTEX_POINT('',#14859);
#11268=CIRCLE('',#14860,3.7592);
#11269=LINE('',#14861,#14862);
#11270=VERTEX_POINT('',#14863);
#11271=CIRCLE('',#14864,3.5052);
#11272=LINE('',#14865,#14866);
#11273=VERTEX_POINT('',#14867);
#11274=LINE('',#14868,#14869);
#11275=CIRCLE('',#14870,3.5052);
#11276=VERTEX_POINT('',#14871);
#11277=LINE('',#14872,#14873);
#11278=VERTEX_POINT('',#14874);
#11279=CIRCLE('',#14875,3.7592);
#11280=LINE('',#14876,#14877);
#11281=LINE('',#14878,#14879);
#11282=LINE('',#14880,#14881);
#11283=LINE('',#14882,#14883);
#11284=LINE('',#14884,#14885);
#11285=LINE('',#14886,#14887);
#11286=VERTEX_POINT('',#14888);
#11287=LINE('',#14889,#14890);
#11288=CIRCLE('',#14891,3.5052);
#11289=VERTEX_POINT('',#14892);
#11290=LINE('',#14893,#14894);
#11291=VERTEX_POINT('',#14895);
#11292=CIRCLE('',#14896,3.7592);
#11293=LINE('',#14897,#14898);
#11294=VERTEX_POINT('',#14899);
#11295=LINE('',#14900,#14901);
#11296=VERTEX_POINT('',#14902);
#11297=CIRCLE('',#14903,3.7592);
#11298=LINE('',#14904,#14905);
#11299=VERTEX_POINT('',#14906);
#11300=CIRCLE('',#14907,3.5052);
#11301=LINE('',#14908,#14909);
#11302=VERTEX_POINT('',#14910);
#11303=LINE('',#14911,#14912);
#11304=LINE('',#14913,#14914);
#11305=VERTEX_POINT('',#14915);
#11306=CIRCLE('',#14916,3.7592);
#11307=LINE('',#14917,#14918);
#11308=VERTEX_POINT('',#14919);
#11309=CIRCLE('',#14920,3.5052);
#11310=LINE('',#14921,#14922);
#11311=VERTEX_POINT('',#14923);
#11312=LINE('',#14924,#14925);
#11313=CIRCLE('',#14926,3.5052);
#11314=VERTEX_POINT('',#14927);
#11315=LINE('',#14928,#14929);
#11316=VERTEX_POINT('',#14930);
#11317=CIRCLE('',#14931,3.7592);
#11318=LINE('',#14932,#14933);
#11319=LINE('',#14934,#14935);
#11320=LINE('',#14936,#14937);
#11321=LINE('',#14938,#14939);
#11322=LINE('',#14940,#14941);
#11323=LINE('',#14942,#14943);
#11324=VERTEX_POINT('',#14944);
#11325=LINE('',#14945,#14946);
#11326=CIRCLE('',#14947,3.5052);
#11327=VERTEX_POINT('',#14948);
#11328=LINE('',#14949,#14950);
#11329=VERTEX_POINT('',#14951);
#11330=CIRCLE('',#14952,3.7592);
#11331=LINE('',#14953,#14954);
#11332=VERTEX_POINT('',#14955);
#11333=LINE('',#14956,#14957);
#11334=VERTEX_POINT('',#14958);
#11335=CIRCLE('',#14959,3.7592);
#11336=LINE('',#14960,#14961);
#11337=VERTEX_POINT('',#14962);
#11338=CIRCLE('',#14963,3.5052);
#11339=LINE('',#14964,#14965);
#11340=VERTEX_POINT('',#14966);
#11341=LINE('',#14967,#14968);
#11342=LINE('',#14969,#14970);
#11343=VERTEX_POINT('',#14971);
#11344=CIRCLE('',#14972,3.7592);
#11345=LINE('',#14973,#14974);
#11346=VERTEX_POINT('',#14975);
#11347=CIRCLE('',#14976,3.5052);
#11348=LINE('',#14977,#14978);
#11349=VERTEX_POINT('',#14979);
#11350=LINE('',#14980,#14981);
#11351=CIRCLE('',#14982,3.5052);
#11352=VERTEX_POINT('',#14983);
#11353=LINE('',#14984,#14985);
#11354=VERTEX_POINT('',#14986);
#11355=CIRCLE('',#14987,3.7592);
#11356=LINE('',#14988,#14989);
#11357=LINE('',#14990,#14991);
#11358=LINE('',#14992,#14993);
#11359=LINE('',#14994,#14995);
#11360=LINE('',#14996,#14997);
#11361=LINE('',#14998,#14999);
#11362=VERTEX_POINT('',#15000);
#11363=LINE('',#15001,#15002);
#11364=CIRCLE('',#15003,3.5052);
#11365=VERTEX_POINT('',#15004);
#11366=LINE('',#15005,#15006);
#11367=VERTEX_POINT('',#15007);
#11368=CIRCLE('',#15008,3.7592);
#11369=LINE('',#15009,#15010);
#11370=VERTEX_POINT('',#15011);
#11371=LINE('',#15012,#15013);
#11372=VERTEX_POINT('',#15014);
#11373=CIRCLE('',#15015,3.7592);
#11374=LINE('',#15016,#15017);
#11375=VERTEX_POINT('',#15018);
#11376=CIRCLE('',#15019,3.5052);
#11377=LINE('',#15020,#15021);
#11378=VERTEX_POINT('',#15022);
#11379=LINE('',#15023,#15024);
#11380=LINE('',#15025,#15026);
#11381=VERTEX_POINT('',#15027);
#11382=CIRCLE('',#15028,3.7592);
#11383=LINE('',#15029,#15030);
#11384=VERTEX_POINT('',#15031);
#11385=CIRCLE('',#15032,3.5052);
#11386=LINE('',#15033,#15034);
#11387=VERTEX_POINT('',#15035);
#11388=LINE('',#15036,#15037);
#11389=CIRCLE('',#15038,3.5052);
#11390=VERTEX_POINT('',#15039);
#11391=LINE('',#15040,#15041);
#11392=VERTEX_POINT('',#15042);
#11393=CIRCLE('',#15043,3.7592);
#11394=LINE('',#15044,#15045);
#11395=LINE('',#15046,#15047);
#11396=LINE('',#15048,#15049);
#11397=LINE('',#15050,#15051);
#11398=LINE('',#15052,#15053);
#11399=LINE('',#15054,#15055);
#11400=VERTEX_POINT('',#15056);
#11401=LINE('',#15057,#15058);
#11402=CIRCLE('',#15059,3.5052);
#11403=VERTEX_POINT('',#15060);
#11404=LINE('',#15061,#15062);
#11405=VERTEX_POINT('',#15063);
#11406=CIRCLE('',#15064,3.7592);
#11407=LINE('',#15065,#15066);
#11408=VERTEX_POINT('',#15067);
#11409=LINE('',#15068,#15069);
#11410=VERTEX_POINT('',#15070);
#11411=CIRCLE('',#15071,3.7592);
#11412=LINE('',#15072,#15073);
#11413=VERTEX_POINT('',#15074);
#11414=CIRCLE('',#15075,3.5052);
#11415=LINE('',#15076,#15077);
#11416=VERTEX_POINT('',#15078);
#11417=LINE('',#15079,#15080);
#11418=LINE('',#15081,#15082);
#11419=VERTEX_POINT('',#15083);
#11420=CIRCLE('',#15084,3.7592);
#11421=LINE('',#15085,#15086);
#11422=VERTEX_POINT('',#15087);
#11423=CIRCLE('',#15088,3.5052);
#11424=LINE('',#15089,#15090);
#11425=VERTEX_POINT('',#15091);
#11426=LINE('',#15092,#15093);
#11427=CIRCLE('',#15094,3.5052);
#11428=VERTEX_POINT('',#15095);
#11429=LINE('',#15096,#15097);
#11430=VERTEX_POINT('',#15098);
#11431=CIRCLE('',#15099,3.7592);
#11432=LINE('',#15100,#15101);
#11433=LINE('',#15102,#15103);
#11434=LINE('',#15104,#15105);
#11435=LINE('',#15106,#15107);
#11436=LINE('',#15108,#15109);
#11437=LINE('',#15110,#15111);
#11438=VERTEX_POINT('',#15112);
#11439=LINE('',#15113,#15114);
#11440=CIRCLE('',#15115,3.5052);
#11441=VERTEX_POINT('',#15116);
#11442=LINE('',#15117,#15118);
#11443=VERTEX_POINT('',#15119);
#11444=CIRCLE('',#15120,3.7592);
#11445=LINE('',#15121,#15122);
#11446=VERTEX_POINT('',#15123);
#11447=LINE('',#15124,#15125);
#11448=VERTEX_POINT('',#15126);
#11449=CIRCLE('',#15127,3.7592);
#11450=LINE('',#15128,#15129);
#11451=VERTEX_POINT('',#15130);
#11452=CIRCLE('',#15131,3.5052);
#11453=LINE('',#15132,#15133);
#11454=VERTEX_POINT('',#15134);
#11455=LINE('',#15135,#15136);
#11456=LINE('',#15137,#15138);
#11457=VERTEX_POINT('',#15139);
#11458=CIRCLE('',#15140,3.7592);
#11459=LINE('',#15141,#15142);
#11460=VERTEX_POINT('',#15143);
#11461=CIRCLE('',#15144,3.5052);
#11462=LINE('',#15145,#15146);
#11463=VERTEX_POINT('',#15147);
#11464=LINE('',#15148,#15149);
#11465=CIRCLE('',#15150,3.5052);
#11466=VERTEX_POINT('',#15151);
#11467=LINE('',#15152,#15153);
#11468=VERTEX_POINT('',#15154);
#11469=CIRCLE('',#15155,3.7592);
#11470=LINE('',#15156,#15157);
#11471=LINE('',#15158,#15159);
#11472=LINE('',#15160,#15161);
#11473=LINE('',#15162,#15163);
#11474=LINE('',#15164,#15165);
#11475=LINE('',#15166,#15167);
#11476=VERTEX_POINT('',#15168);
#11477=LINE('',#15169,#15170);
#11478=CIRCLE('',#15171,3.5052);
#11479=VERTEX_POINT('',#15172);
#11480=LINE('',#15173,#15174);
#11481=VERTEX_POINT('',#15175);
#11482=CIRCLE('',#15176,3.7592);
#11483=LINE('',#15177,#15178);
#11484=VERTEX_POINT('',#15179);
#11485=LINE('',#15180,#15181);
#11486=VERTEX_POINT('',#15182);
#11487=CIRCLE('',#15183,3.7592);
#11488=LINE('',#15184,#15185);
#11489=VERTEX_POINT('',#15186);
#11490=CIRCLE('',#15187,3.5052);
#11491=LINE('',#15188,#15189);
#11492=VERTEX_POINT('',#15190);
#11493=LINE('',#15191,#15192);
#11494=LINE('',#15193,#15194);
#11495=VERTEX_POINT('',#15195);
#11496=CIRCLE('',#15196,3.7592);
#11497=LINE('',#15197,#15198);
#11498=VERTEX_POINT('',#15199);
#11499=CIRCLE('',#15200,3.5052);
#11500=LINE('',#15201,#15202);
#11501=VERTEX_POINT('',#15203);
#11502=LINE('',#15204,#15205);
#11503=CIRCLE('',#15206,3.5052);
#11504=VERTEX_POINT('',#15207);
#11505=LINE('',#15208,#15209);
#11506=VERTEX_POINT('',#15210);
#11507=CIRCLE('',#15211,3.7592);
#11508=LINE('',#15212,#15213);
#11509=LINE('',#15214,#15215);
#11510=LINE('',#15216,#15217);
#11511=LINE('',#15218,#15219);
#11512=LINE('',#15220,#15221);
#11513=LINE('',#15222,#15223);
#11514=VERTEX_POINT('',#15224);
#11515=LINE('',#15225,#15226);
#11516=CIRCLE('',#15227,3.5052);
#11517=VERTEX_POINT('',#15228);
#11518=LINE('',#15229,#15230);
#11519=VERTEX_POINT('',#15231);
#11520=CIRCLE('',#15232,3.7592);
#11521=LINE('',#15233,#15234);
#11522=VERTEX_POINT('',#15235);
#11523=LINE('',#15236,#15237);
#11524=VERTEX_POINT('',#15238);
#11525=CIRCLE('',#15239,3.7592);
#11526=LINE('',#15240,#15241);
#11527=VERTEX_POINT('',#15242);
#11528=CIRCLE('',#15243,3.5052);
#11529=LINE('',#15244,#15245);
#11530=VERTEX_POINT('',#15246);
#11531=LINE('',#15247,#15248);
#11532=LINE('',#15249,#15250);
#11533=VERTEX_POINT('',#15251);
#11534=CIRCLE('',#15252,3.7592);
#11535=LINE('',#15253,#15254);
#11536=VERTEX_POINT('',#15255);
#11537=CIRCLE('',#15256,3.5052);
#11538=LINE('',#15257,#15258);
#11539=VERTEX_POINT('',#15259);
#11540=LINE('',#15260,#15261);
#11541=CIRCLE('',#15262,3.5052);
#11542=VERTEX_POINT('',#15263);
#11543=LINE('',#15264,#15265);
#11544=VERTEX_POINT('',#15266);
#11545=CIRCLE('',#15267,3.7592);
#11546=LINE('',#15268,#15269);
#11547=LINE('',#15270,#15271);
#11548=LINE('',#15272,#15273);
#11549=LINE('',#15274,#15275);
#11550=LINE('',#15276,#15277);
#11551=LINE('',#15278,#15279);
#11552=VERTEX_POINT('',#15280);
#11553=LINE('',#15281,#15282);
#11554=CIRCLE('',#15283,3.5052);
#11555=VERTEX_POINT('',#15284);
#11556=LINE('',#15285,#15286);
#11557=VERTEX_POINT('',#15287);
#11558=CIRCLE('',#15288,3.7592);
#11559=LINE('',#15289,#15290);
#11560=VERTEX_POINT('',#15291);
#11561=LINE('',#15292,#15293);
#11562=VERTEX_POINT('',#15294);
#11563=CIRCLE('',#15295,3.7592);
#11564=LINE('',#15296,#15297);
#11565=VERTEX_POINT('',#15298);
#11566=CIRCLE('',#15299,3.5052);
#11567=LINE('',#15300,#15301);
#11568=VERTEX_POINT('',#15302);
#11569=LINE('',#15303,#15304);
#11570=LINE('',#15305,#15306);
#11571=VERTEX_POINT('',#15307);
#11572=CIRCLE('',#15308,3.7592);
#11573=LINE('',#15309,#15310);
#11574=VERTEX_POINT('',#15311);
#11575=CIRCLE('',#15312,3.5052);
#11576=LINE('',#15313,#15314);
#11577=VERTEX_POINT('',#15315);
#11578=LINE('',#15316,#15317);
#11579=CIRCLE('',#15318,3.5052);
#11580=VERTEX_POINT('',#15319);
#11581=LINE('',#15320,#15321);
#11582=VERTEX_POINT('',#15322);
#11583=CIRCLE('',#15323,3.7592);
#11584=LINE('',#15324,#15325);
#11585=LINE('',#15326,#15327);
#11586=LINE('',#15328,#15329);
#11587=LINE('',#15330,#15331);
#11588=LINE('',#15332,#15333);
#11589=LINE('',#15334,#15335);
#11590=VERTEX_POINT('',#15336);
#11591=LINE('',#15337,#15338);
#11592=CIRCLE('',#15339,3.5052);
#11593=VERTEX_POINT('',#15340);
#11594=LINE('',#15341,#15342);
#11595=VERTEX_POINT('',#15343);
#11596=CIRCLE('',#15344,3.7592);
#11597=LINE('',#15345,#15346);
#11598=VERTEX_POINT('',#15347);
#11599=LINE('',#15348,#15349);
#11600=VERTEX_POINT('',#15350);
#11601=CIRCLE('',#15351,3.7592);
#11602=LINE('',#15352,#15353);
#11603=VERTEX_POINT('',#15354);
#11604=CIRCLE('',#15355,3.5052);
#11605=LINE('',#15356,#15357);
#11606=VERTEX_POINT('',#15358);
#11607=LINE('',#15359,#15360);
#11608=LINE('',#15361,#15362);
#11609=VERTEX_POINT('',#15363);
#11610=CIRCLE('',#15364,3.7592);
#11611=LINE('',#15365,#15366);
#11612=VERTEX_POINT('',#15367);
#11613=CIRCLE('',#15368,3.5052);
#11614=LINE('',#15369,#15370);
#11615=VERTEX_POINT('',#15371);
#11616=LINE('',#15372,#15373);
#11617=CIRCLE('',#15374,3.5052);
#11618=VERTEX_POINT('',#15375);
#11619=LINE('',#15376,#15377);
#11620=VERTEX_POINT('',#15378);
#11621=CIRCLE('',#15379,3.7592);
#11622=LINE('',#15380,#15381);
#11623=LINE('',#15382,#15383);
#11624=LINE('',#15384,#15385);
#11625=LINE('',#15386,#15387);
#11626=LINE('',#15388,#15389);
#11627=LINE('',#15390,#15391);
#11628=VERTEX_POINT('',#15392);
#11629=LINE('',#15393,#15394);
#11630=CIRCLE('',#15395,3.5052);
#11631=VERTEX_POINT('',#15396);
#11632=LINE('',#15397,#15398);
#11633=VERTEX_POINT('',#15399);
#11634=CIRCLE('',#15400,3.7592);
#11635=LINE('',#15401,#15402);
#11636=VERTEX_POINT('',#15403);
#11637=LINE('',#15404,#15405);
#11638=VERTEX_POINT('',#15406);
#11639=CIRCLE('',#15407,3.7592);
#11640=LINE('',#15408,#15409);
#11641=VERTEX_POINT('',#15410);
#11642=CIRCLE('',#15411,3.5052);
#11643=LINE('',#15412,#15413);
#11644=VERTEX_POINT('',#15414);
#11645=LINE('',#15415,#15416);
#11646=LINE('',#15417,#15418);
#11647=VERTEX_POINT('',#15419);
#11648=CIRCLE('',#15420,3.7592);
#11649=LINE('',#15421,#15422);
#11650=VERTEX_POINT('',#15423);
#11651=CIRCLE('',#15424,3.5052);
#11652=LINE('',#15425,#15426);
#11653=VERTEX_POINT('',#15427);
#11654=LINE('',#15428,#15429);
#11655=CIRCLE('',#15430,3.5052);
#11656=VERTEX_POINT('',#15431);
#11657=LINE('',#15432,#15433);
#11658=VERTEX_POINT('',#15434);
#11659=CIRCLE('',#15435,3.7592);
#11660=LINE('',#15436,#15437);
#11661=LINE('',#15438,#15439);
#11662=LINE('',#15440,#15441);
#11663=LINE('',#15442,#15443);
#11664=LINE('',#15444,#15445);
#11665=LINE('',#15446,#15447);
#11666=VERTEX_POINT('',#15448);
#11667=LINE('',#15449,#15450);
#11668=CIRCLE('',#15451,3.5052);
#11669=VERTEX_POINT('',#15452);
#11670=LINE('',#15453,#15454);
#11671=VERTEX_POINT('',#15455);
#11672=CIRCLE('',#15456,3.7592);
#11673=LINE('',#15457,#15458);
#11674=VERTEX_POINT('',#15459);
#11675=LINE('',#15460,#15461);
#11676=VERTEX_POINT('',#15462);
#11677=CIRCLE('',#15463,3.7592);
#11678=LINE('',#15464,#15465);
#11679=VERTEX_POINT('',#15466);
#11680=CIRCLE('',#15467,3.5052);
#11681=LINE('',#15468,#15469);
#11682=VERTEX_POINT('',#15470);
#11683=LINE('',#15471,#15472);
#11684=LINE('',#15473,#15474);
#11685=VERTEX_POINT('',#15475);
#11686=CIRCLE('',#15476,3.7592);
#11687=LINE('',#15477,#15478);
#11688=VERTEX_POINT('',#15479);
#11689=CIRCLE('',#15480,3.5052);
#11690=LINE('',#15481,#15482);
#11691=VERTEX_POINT('',#15483);
#11692=LINE('',#15484,#15485);
#11693=CIRCLE('',#15486,3.5052);
#11694=VERTEX_POINT('',#15487);
#11695=LINE('',#15488,#15489);
#11696=VERTEX_POINT('',#15490);
#11697=CIRCLE('',#15491,3.7592);
#11698=LINE('',#15492,#15493);
#11699=LINE('',#15494,#15495);
#11700=LINE('',#15496,#15497);
#11701=LINE('',#15498,#15499);
#11702=LINE('',#15500,#15501);
#11703=LINE('',#15502,#15503);
#11704=VERTEX_POINT('',#15504);
#11705=LINE('',#15505,#15506);
#11706=CIRCLE('',#15507,3.5052);
#11707=VERTEX_POINT('',#15508);
#11708=LINE('',#15509,#15510);
#11709=VERTEX_POINT('',#15511);
#11710=CIRCLE('',#15512,3.7592);
#11711=LINE('',#15513,#15514);
#11712=VERTEX_POINT('',#15515);
#11713=LINE('',#15516,#15517);
#11714=VERTEX_POINT('',#15518);
#11715=CIRCLE('',#15519,3.7592);
#11716=LINE('',#15520,#15521);
#11717=VERTEX_POINT('',#15522);
#11718=CIRCLE('',#15523,3.5052);
#11719=LINE('',#15524,#15525);
#11720=VERTEX_POINT('',#15526);
#11721=LINE('',#15527,#15528);
#11722=LINE('',#15529,#15530);
#11723=VERTEX_POINT('',#15531);
#11724=CIRCLE('',#15532,3.7592);
#11725=LINE('',#15533,#15534);
#11726=VERTEX_POINT('',#15535);
#11727=CIRCLE('',#15536,3.5052);
#11728=LINE('',#15537,#15538);
#11729=VERTEX_POINT('',#15539);
#11730=LINE('',#15540,#15541);
#11731=CIRCLE('',#15542,3.5052);
#11732=VERTEX_POINT('',#15543);
#11733=LINE('',#15544,#15545);
#11734=VERTEX_POINT('',#15546);
#11735=CIRCLE('',#15547,3.7592);
#11736=LINE('',#15548,#15549);
#11737=LINE('',#15550,#15551);
#11738=LINE('',#15552,#15553);
#11739=LINE('',#15554,#15555);
#11740=LINE('',#15556,#15557);
#11741=LINE('',#15558,#15559);
#11742=VERTEX_POINT('',#15560);
#11743=LINE('',#15561,#15562);
#11744=CIRCLE('',#15563,3.5052);
#11745=VERTEX_POINT('',#15564);
#11746=LINE('',#15565,#15566);
#11747=VERTEX_POINT('',#15567);
#11748=CIRCLE('',#15568,3.7592);
#11749=LINE('',#15569,#15570);
#11750=VERTEX_POINT('',#15571);
#11751=LINE('',#15572,#15573);
#11752=VERTEX_POINT('',#15574);
#11753=CIRCLE('',#15575,3.7592);
#11754=LINE('',#15576,#15577);
#11755=VERTEX_POINT('',#15578);
#11756=CIRCLE('',#15579,3.5052);
#11757=LINE('',#15580,#15581);
#11758=VERTEX_POINT('',#15582);
#11759=LINE('',#15583,#15584);
#11760=LINE('',#15585,#15586);
#11761=VERTEX_POINT('',#15587);
#11762=CIRCLE('',#15588,3.7592);
#11763=LINE('',#15589,#15590);
#11764=VERTEX_POINT('',#15591);
#11765=CIRCLE('',#15592,3.5052);
#11766=LINE('',#15593,#15594);
#11767=VERTEX_POINT('',#15595);
#11768=LINE('',#15596,#15597);
#11769=CIRCLE('',#15598,3.5052);
#11770=VERTEX_POINT('',#15599);
#11771=LINE('',#15600,#15601);
#11772=VERTEX_POINT('',#15602);
#11773=CIRCLE('',#15603,3.7592);
#11774=LINE('',#15604,#15605);
#11775=LINE('',#15606,#15607);
#11776=LINE('',#15608,#15609);
#11777=LINE('',#15610,#15611);
#11778=LINE('',#15612,#15613);
#11779=LINE('',#15614,#15615);
#11780=VERTEX_POINT('',#15616);
#11781=LINE('',#15617,#15618);
#11782=CIRCLE('',#15619,3.5052);
#11783=VERTEX_POINT('',#15620);
#11784=LINE('',#15621,#15622);
#11785=VERTEX_POINT('',#15623);
#11786=CIRCLE('',#15624,3.7592);
#11787=LINE('',#15625,#15626);
#11788=VERTEX_POINT('',#15627);
#11789=LINE('',#15628,#15629);
#11790=VERTEX_POINT('',#15630);
#11791=CIRCLE('',#15631,3.7592);
#11792=LINE('',#15632,#15633);
#11793=VERTEX_POINT('',#15634);
#11794=CIRCLE('',#15635,3.5052);
#11795=LINE('',#15636,#15637);
#11796=VERTEX_POINT('',#15638);
#11797=LINE('',#15639,#15640);
#11798=LINE('',#15641,#15642);
#11799=VERTEX_POINT('',#15643);
#11800=CIRCLE('',#15644,3.7592);
#11801=LINE('',#15645,#15646);
#11802=VERTEX_POINT('',#15647);
#11803=CIRCLE('',#15648,3.5052);
#11804=LINE('',#15649,#15650);
#11805=VERTEX_POINT('',#15651);
#11806=LINE('',#15652,#15653);
#11807=CIRCLE('',#15654,3.5052);
#11808=VERTEX_POINT('',#15655);
#11809=LINE('',#15656,#15657);
#11810=VERTEX_POINT('',#15658);
#11811=CIRCLE('',#15659,3.7592);
#11812=LINE('',#15660,#15661);
#11813=LINE('',#15662,#15663);
#11814=LINE('',#15664,#15665);
#11815=LINE('',#15666,#15667);
#11816=LINE('',#15668,#15669);
#11817=LINE('',#15670,#15671);
#11818=VERTEX_POINT('',#15672);
#11819=LINE('',#15673,#15674);
#11820=CIRCLE('',#15675,3.5052);
#11821=VERTEX_POINT('',#15676);
#11822=LINE('',#15677,#15678);
#11823=VERTEX_POINT('',#15679);
#11824=CIRCLE('',#15680,3.7592);
#11825=LINE('',#15681,#15682);
#11826=VERTEX_POINT('',#15683);
#11827=LINE('',#15684,#15685);
#11828=VERTEX_POINT('',#15686);
#11829=CIRCLE('',#15687,3.7592);
#11830=LINE('',#15688,#15689);
#11831=VERTEX_POINT('',#15690);
#11832=CIRCLE('',#15691,3.5052);
#11833=LINE('',#15692,#15693);
#11834=VERTEX_POINT('',#15694);
#11835=LINE('',#15695,#15696);
#11836=LINE('',#15697,#15698);
#11837=VERTEX_POINT('',#15699);
#11838=CIRCLE('',#15700,3.7592);
#11839=LINE('',#15701,#15702);
#11840=VERTEX_POINT('',#15703);
#11841=CIRCLE('',#15704,3.5052);
#11842=LINE('',#15705,#15706);
#11843=VERTEX_POINT('',#15707);
#11844=LINE('',#15708,#15709);
#11845=CIRCLE('',#15710,3.5052);
#11846=VERTEX_POINT('',#15711);
#11847=LINE('',#15712,#15713);
#11848=VERTEX_POINT('',#15714);
#11849=CIRCLE('',#15715,3.7592);
#11850=LINE('',#15716,#15717);
#11851=LINE('',#15718,#15719);
#11852=LINE('',#15720,#15721);
#11853=LINE('',#15722,#15723);
#11854=LINE('',#15724,#15725);
#11855=LINE('',#15726,#15727);
#11856=VERTEX_POINT('',#15728);
#11857=LINE('',#15729,#15730);
#11858=CIRCLE('',#15731,3.5052);
#11859=VERTEX_POINT('',#15732);
#11860=LINE('',#15733,#15734);
#11861=VERTEX_POINT('',#15735);
#11862=CIRCLE('',#15736,3.7592);
#11863=LINE('',#15737,#15738);
#11864=VERTEX_POINT('',#15739);
#11865=LINE('',#15740,#15741);
#11866=VERTEX_POINT('',#15742);
#11867=CIRCLE('',#15743,3.7592);
#11868=LINE('',#15744,#15745);
#11869=VERTEX_POINT('',#15746);
#11870=CIRCLE('',#15747,3.5052);
#11871=LINE('',#15748,#15749);
#11872=VERTEX_POINT('',#15750);
#11873=LINE('',#15751,#15752);
#11874=LINE('',#15753,#15754);
#11875=VERTEX_POINT('',#15755);
#11876=CIRCLE('',#15756,3.7592);
#11877=LINE('',#15757,#15758);
#11878=VERTEX_POINT('',#15759);
#11879=CIRCLE('',#15760,3.5052);
#11880=LINE('',#15761,#15762);
#11881=VERTEX_POINT('',#15763);
#11882=LINE('',#15764,#15765);
#11883=CIRCLE('',#15766,3.5052);
#11884=VERTEX_POINT('',#15767);
#11885=LINE('',#15768,#15769);
#11886=VERTEX_POINT('',#15770);
#11887=CIRCLE('',#15771,3.7592);
#11888=LINE('',#15772,#15773);
#11889=LINE('',#15774,#15775);
#11890=LINE('',#15776,#15777);
#11891=LINE('',#15778,#15779);
#11892=LINE('',#15780,#15781);
#11893=LINE('',#15782,#15783);
#11894=VERTEX_POINT('',#15784);
#11895=LINE('',#15785,#15786);
#11896=CIRCLE('',#15787,3.5052);
#11897=VERTEX_POINT('',#15788);
#11898=LINE('',#15789,#15790);
#11899=VERTEX_POINT('',#15791);
#11900=CIRCLE('',#15792,3.7592);
#11901=LINE('',#15793,#15794);
#11902=VERTEX_POINT('',#15795);
#11903=LINE('',#15796,#15797);
#11904=VERTEX_POINT('',#15798);
#11905=CIRCLE('',#15799,3.7592);
#11906=LINE('',#15800,#15801);
#11907=VERTEX_POINT('',#15802);
#11908=CIRCLE('',#15803,3.5052);
#11909=LINE('',#15804,#15805);
#11910=VERTEX_POINT('',#15806);
#11911=LINE('',#15807,#15808);
#11912=LINE('',#15809,#15810);
#11913=VERTEX_POINT('',#15811);
#11914=CIRCLE('',#15812,3.7592);
#11915=LINE('',#15813,#15814);
#11916=VERTEX_POINT('',#15815);
#11917=CIRCLE('',#15816,3.5052);
#11918=LINE('',#15817,#15818);
#11919=VERTEX_POINT('',#15819);
#11920=LINE('',#15820,#15821);
#11921=CIRCLE('',#15822,3.5052);
#11922=VERTEX_POINT('',#15823);
#11923=LINE('',#15824,#15825);
#11924=VERTEX_POINT('',#15826);
#11925=CIRCLE('',#15827,3.7592);
#11926=LINE('',#15828,#15829);
#11927=LINE('',#15830,#15831);
#11928=LINE('',#15832,#15833);
#11929=LINE('',#15834,#15835);
#11930=LINE('',#15836,#15837);
#11931=LINE('',#15838,#15839);
#11932=VERTEX_POINT('',#15840);
#11933=LINE('',#15841,#15842);
#11934=VERTEX_POINT('',#15843);
#11935=LINE('',#15844,#15845);
#11936=LINE('',#15846,#15847);
#11937=VERTEX_POINT('',#15848);
#11938=LINE('',#15849,#15850);
#11939=LINE('',#15851,#15852);
#11940=VERTEX_POINT('',#15853);
#11941=LINE('',#15854,#15855);
#11942=LINE('',#15856,#15857);
#11943=VERTEX_POINT('',#15858);
#11944=LINE('',#15859,#15860);
#11945=LINE('',#15861,#15862);
#11946=VERTEX_POINT('',#15863);
#11947=LINE('',#15864,#15865);
#11948=LINE('',#15866,#15867);
#11949=VERTEX_POINT('',#15868);
#11950=LINE('',#15869,#15870);
#11951=LINE('',#15871,#15872);
#11952=LINE('',#15873,#15874);
#11953=VERTEX_POINT('',#15875);
#11954=VERTEX_POINT('',#15876);
#11955=LINE('',#15877,#15878);
#11956=VERTEX_POINT('',#15879);
#11957=LINE('',#15880,#15881);
#11958=VERTEX_POINT('',#15882);
#11959=LINE('',#15883,#15884);
#11960=LINE('',#15885,#15886);
#11961=LINE('',#15887,#15888);
#11962=LINE('',#15889,#15890);
#11963=LINE('',#15891,#15892);
#11964=LINE('',#15893,#15894);
#11965=CARTESIAN_POINT('',(29.9847,4.11475734969603,0.0));
#11966=CARTESIAN_POINT('',(29.9847,3.97183473187503,0.5334));
#11967=CARTESIAN_POINT('',(29.9847,4.04334894338103,0.2665025627795));
#11968=VECTOR('',#15895,1.0);
#11969=CARTESIAN_POINT('',(32.24492578647,3.26601447203,0.5334));
#11970=AXIS2_PLACEMENT_3D('',#15896,#15897,#15898);
#11971=CARTESIAN_POINT('',(32.34758850026,3.368677185816,0.0));
#11972=CARTESIAN_POINT('',(32.24492578647,3.26601447203,0.5334));
#11973=CARTESIAN_POINT('',(32.25629085037,3.277379535934,0.4743849846716));
#11974=CARTESIAN_POINT('',(32.27904880263,3.300137488186,0.3561871249943));
#11975=CARTESIAN_POINT('',(32.31326982162,3.33435850718,0.1783855940262));
#11976=CARTESIAN_POINT('',(32.33613958366,3.357228269219,0.05951761023541));
#11977=CARTESIAN_POINT('',(32.34758850026,3.368677185816,0.0));
#11978=AXIS2_PLACEMENT_3D('',#15899,#15900,#15901);
#11979=CARTESIAN_POINT('',(29.9847,-3.97183473187497,0.5334));
#11980=CARTESIAN_POINT('',(29.9847,-4.11475734969597,0.0));
#11981=CARTESIAN_POINT('',(29.9847,-4.04334894338097,0.2665025627795));
#11982=VECTOR('',#15902,1.0);
#11983=AXIS2_PLACEMENT_3D('',#15903,#15904,#15905);
#11984=AXIS2_PLACEMENT_3D('',#15906,#15907,#15908);
#11985=CARTESIAN_POINT('',(-34.0995,-5.03917664913199E-16,-0.000186517880859327));
#11986=CARTESIAN_POINT('',(-34.0995,-1.324081925731E-14,-4.2164));
#11987=CARTESIAN_POINT('',(-34.0995,-5.039176649132E-16,-2.10829284468777));
#11988=VECTOR('',#15909,1.0);
#11989=CARTESIAN_POINT('',(-33.35340780496,2.362919119398,-0.0001865178808396));
#11990=AXIS2_PLACEMENT_3D('',#15910,#15911,#15912);
#11991=CARTESIAN_POINT('',(-33.35340780496,2.362919119398,-0.8636));
#11992=CARTESIAN_POINT('',(-33.35340780496,2.362919119398,-0.8636));
#11993=VECTOR('',#15913,0.8634134821192);
#11994=CARTESIAN_POINT('',(-32.89430298323,2.909602983226,-0.8636));
#11995=AXIS2_PLACEMENT_3D('',#15914,#15915,#15916);
#11996=CARTESIAN_POINT('',(-32.89430298323,2.909602983226,-4.2164));
#11997=CARTESIAN_POINT('',(-32.89430298323,2.909602983226,-0.8636));
#11998=VECTOR('',#15917,3.3528);
#11999=AXIS2_PLACEMENT_3D('',#15918,#15919,#15920);
#12000=CARTESIAN_POINT('',(34.0995,-1.38706955354E-14,-4.2164));
#12001=CARTESIAN_POINT('',(34.0995,5.03917664913203E-16,-0.000159174752074165));
#12002=CARTESIAN_POINT('',(34.0995,5.039176649132E-16,-2.1082791186995));
#12003=VECTOR('',#15921,1.0);
#12004=CARTESIAN_POINT('',(32.89430298323,2.909602983226,-4.2164));
#12005=AXIS2_PLACEMENT_3D('',#15922,#15923,#15924);
#12006=CARTESIAN_POINT('',(32.89430298323,2.909602983226,-0.8636));
#12007=CARTESIAN_POINT('',(32.89430298323,2.909602983226,-4.2164));
#12008=VECTOR('',#15925,3.3528);
#12009=CARTESIAN_POINT('',(33.35340780496,2.362919119398,-0.8636));
#12010=AXIS2_PLACEMENT_3D('',#15926,#15927,#15928);
#12011=CARTESIAN_POINT('',(33.35340780496,2.362919119398,-0.000159174751978));
#12012=CARTESIAN_POINT('',(33.35340780496,2.362919119398,-0.8636));
#12013=VECTOR('',#15929,0.863440825248);
#12014=AXIS2_PLACEMENT_3D('',#15930,#15931,#15932);
#12015=CARTESIAN_POINT('',(-29.9847,4.11475002329199,0.0));
#12016=CARTESIAN_POINT('',(-29.9847,3.97182765994699,0.5334));
#12017=CARTESIAN_POINT('',(-29.9847,4.04334174412099,0.2665025627795));
#12018=VECTOR('',#15933,1.0);
#12019=CARTESIAN_POINT('',(-32.34758324055,3.368671926105,0.0));
#12020=AXIS2_PLACEMENT_3D('',#15934,#15935,#15936);
#12021=CARTESIAN_POINT('',(-32.24492070371,3.266009389274,0.5334));
#12022=CARTESIAN_POINT('',(-32.34758324055,3.368671926105,0.0));
#12023=CARTESIAN_POINT('',(-32.33613462376,3.357223309322,0.05951615435407));
#12024=CARTESIAN_POINT('',(-32.31326527477,3.334353960334,0.1783821970128));
#12025=CARTESIAN_POINT('',(-32.27904431554,3.3001330011,0.3561837256016));
#12026=CARTESIAN_POINT('',(-32.25628602861,3.277374714173,0.4743835278105));
#12027=CARTESIAN_POINT('',(-32.24492070371,3.266009389274,0.5334));
#12028=AXIS2_PLACEMENT_3D('',#15937,#15938,#15939);
#12029=CARTESIAN_POINT('',(-29.9847,-3.97182765994701,0.5334));
#12030=CARTESIAN_POINT('',(-29.9847,-4.11475002329201,0.0));
#12031=CARTESIAN_POINT('',(-29.9847,-4.04334174412101,0.2665025627795));
#12032=VECTOR('',#15940,1.0);
#12033=CARTESIAN_POINT('',(-32.24489219515,-3.265985429452,0.5334));
#12034=AXIS2_PLACEMENT_3D('',#15941,#15942,#15943);
#12035=CARTESIAN_POINT('',(-32.34755384789,-3.368647082187,-4.796163466381E-14));
#12036=CARTESIAN_POINT('',(-32.24489219515,-3.265985429452,0.5334));
#12037=CARTESIAN_POINT('',(-32.25625723384,-3.27735046814,0.4743850405408));
#12038=CARTESIAN_POINT('',(-32.27900105109,-3.300088220402,0.3561870931192));
#12039=CARTESIAN_POINT('',(-32.31322145613,-3.334308625444,0.1783856278194));
#12040=CARTESIAN_POINT('',(-32.33610495693,-3.357198191232,0.05951755478392));
#12041=CARTESIAN_POINT('',(-32.34755384789,-3.368647082187,-4.796163466381E-14));
#12042=AXIS2_PLACEMENT_3D('',#15944,#15945,#15946);
#12043=CARTESIAN_POINT('',(-24.5745,2.1844,8.3312));
#12044=CARTESIAN_POINT('',(-24.5745,2.1844,0.0));
#12045=CARTESIAN_POINT('',(-24.5745,2.1844,0.0));
#12046=VECTOR('',#15947,1.0);
#12047=CARTESIAN_POINT('',(-20.828,5.9309,8.3312));
#12048=AXIS2_PLACEMENT_3D('',#15948,#15949,#15950);
#12049=CARTESIAN_POINT('',(-20.828,5.9309,0.0));
#12050=CARTESIAN_POINT('',(-20.828,5.9309,0.0));
#12051=VECTOR('',#15951,8.3312);
#12052=AXIS2_PLACEMENT_3D('',#15952,#15953,#15954);
#12053=CARTESIAN_POINT('',(24.5745,2.1844,0.0));
#12054=CARTESIAN_POINT('',(24.5745,2.1844,8.3312));
#12055=CARTESIAN_POINT('',(24.5745,2.1844,0.0));
#12056=VECTOR('',#15955,1.0);
#12057=CARTESIAN_POINT('',(20.828,5.9309,0.0));
#12058=AXIS2_PLACEMENT_3D('',#15956,#15957,#15958);
#12059=CARTESIAN_POINT('',(20.828,5.9309,8.3312));
#12060=CARTESIAN_POINT('',(20.828,5.9309,0.0));
#12061=VECTOR('',#15959,8.3312);
#12062=AXIS2_PLACEMENT_3D('',#15960,#15961,#15962);
#12063=CARTESIAN_POINT('',(-23.2762246763,-3.154065552477,8.3312));
#12064=CARTESIAN_POINT('',(-19.65738356811,-5.9309,8.3312));
#12065=AXIS2_PLACEMENT_3D('',#15963,#15964,#15965);
#12066=CARTESIAN_POINT('',(19.65738356811,-5.9309,8.3312));
#12067=CARTESIAN_POINT('',(-19.65738356811,-5.9309,8.3312));
#12068=VECTOR('',#15966,39.31476713621);
#12069=CARTESIAN_POINT('',(23.2762246763,-3.154065552477,8.3312));
#12070=AXIS2_PLACEMENT_3D('',#15967,#15968,#15969);
#12071=CARTESIAN_POINT('',(24.44684110819,1.214734447523,8.3312));
#12072=CARTESIAN_POINT('',(23.2762246763,-3.154065552477,8.3312));
#12073=VECTOR('',#15970,4.522914576976);
#12074=AXIS2_PLACEMENT_3D('',#15971,#15972,#15973);
#12075=CARTESIAN_POINT('',(20.828,5.9309,8.3312));
#12076=VECTOR('',#15974,41.656);
#12077=CARTESIAN_POINT('',(-24.44684110819,1.214734447523,8.3312));
#12078=AXIS2_PLACEMENT_3D('',#15975,#15976,#15977);
#12079=CARTESIAN_POINT('',(-24.44684110819,1.214734447523,8.3312));
#12080=VECTOR('',#15978,4.522914576976);
#12081=CARTESIAN_POINT('',(-21.9456,2.05105,8.3312));
#12082=CARTESIAN_POINT('',(21.9456,2.05105,8.3312));
#12083=CARTESIAN_POINT('',(-21.9456,2.05105,8.3312));
#12084=VECTOR('',#15979,43.8912);
#12085=CARTESIAN_POINT('',(21.9456,-2.05105,8.3312));
#12086=CARTESIAN_POINT('',(21.9456,2.05105,8.3312));
#12087=VECTOR('',#15980,4.1021);
#12088=CARTESIAN_POINT('',(-21.9456,-2.05105,8.3312));
#12089=CARTESIAN_POINT('',(21.9456,-2.05105,8.3312));
#12090=VECTOR('',#15981,43.8912);
#12091=CARTESIAN_POINT('',(-21.9456,-2.05105,8.3312));
#12092=VECTOR('',#15982,4.1021);
#12093=CARTESIAN_POINT('',(19.261582,4.699,8.3312));
#12094=CARTESIAN_POINT('',(17.737582,4.699,8.3312));
#12095=CARTESIAN_POINT('',(19.261582,4.699,8.3312));
#12096=VECTOR('',#15983,1.524);
#12097=CARTESIAN_POINT('',(19.261582,3.175,8.3312));
#12098=CARTESIAN_POINT('',(19.261582,3.175,8.3312));
#12099=VECTOR('',#15984,1.524);
#12100=CARTESIAN_POINT('',(17.737582,3.175,8.3312));
#12101=CARTESIAN_POINT('',(17.737582,3.175,8.3312));
#12102=VECTOR('',#15985,1.524);
#12103=CARTESIAN_POINT('',(17.737582,4.699,8.3312));
#12104=VECTOR('',#15986,1.524);
#12105=CARTESIAN_POINT('',(18.277332,4.572,8.3312));
#12106=CARTESIAN_POINT('',(18.436082,4.572,8.3312));
#12107=CARTESIAN_POINT('',(18.277332,4.572,8.3312));
#12108=VECTOR('',#15987,0.15875);
#12109=CARTESIAN_POINT('',(18.118582,4.382851086378,8.3312));
#12110=CARTESIAN_POINT('',(18.118582,4.382851086378,8.3312));
#12111=VECTOR('',#15988,0.2469390087134);
#12112=CARTESIAN_POINT('',(18.118582,4.166680823684,8.3312));
#12113=CARTESIAN_POINT('',(18.118582,4.166680823684,8.3312));
#12114=VECTOR('',#15989,0.2161702626944);
#12115=CARTESIAN_POINT('',(18.277332,4.355829813004,8.3312));
#12116=CARTESIAN_POINT('',(18.277332,4.355829813004,8.3312));
#12117=VECTOR('',#15990,0.246939066696);
#12118=CARTESIAN_POINT('',(18.277332,3.302,8.3312));
#12119=CARTESIAN_POINT('',(18.277332,3.302,8.3312));
#12120=VECTOR('',#15991,1.053829813004);
#12121=CARTESIAN_POINT('',(18.436082,3.302,8.3312));
#12122=CARTESIAN_POINT('',(18.436082,3.302,8.3312));
#12123=VECTOR('',#15992,0.15875);
#12124=CARTESIAN_POINT('',(18.436082,4.572,8.3312));
#12125=VECTOR('',#15993,1.27);
#12126=CARTESIAN_POINT('',(-23.2762246763,-3.154065552477,0.0));
#12127=CARTESIAN_POINT('',(-23.2762246763,-3.154065552477,0.0));
#12128=VECTOR('',#15994,8.3312);
#12129=CARTESIAN_POINT('',(-24.44684110819,1.214734447523,0.0));
#12130=CARTESIAN_POINT('',(-24.44684110819,1.214734447523,0.0));
#12131=VECTOR('',#15995,8.3312);
#12132=CARTESIAN_POINT('',(-24.44684110819,1.214734447523,0.0));
#12133=VECTOR('',#15996,4.522914576976);
#12134=AXIS2_PLACEMENT_3D('',#15997,#15998,#15999);
#12135=CARTESIAN_POINT('',(-32.39140864045,-3.412497326006,0.0));
#12136=CARTESIAN_POINT('',(-32.39140864045,-3.412497326006,0.0));
#12137=VECTOR('',#16000,0.06201682605045);
#12138=CARTESIAN_POINT('',(-28.18390596645,-7.62,0.0));
#12139=CARTESIAN_POINT('',(-32.39140864045,-3.412497326006,0.0));
#12140=VECTOR('',#16001,5.950307345283);
#12141=CARTESIAN_POINT('',(28.18390596645,-7.62,0.0));
#12142=CARTESIAN_POINT('',(-28.18390596645,-7.62,0.0));
#12143=VECTOR('',#16002,56.36781193291);
#12144=CARTESIAN_POINT('',(32.39140864045,-3.412497326006,0.0));
#12145=CARTESIAN_POINT('',(28.18390596645,-7.62,0.0));
#12146=VECTOR('',#16003,5.950307345283);
#12147=CARTESIAN_POINT('',(32.34755525027,-3.368649081523,-6.454096516488E-14));
#12148=CARTESIAN_POINT('',(32.34755525027,-3.368649081523,-6.454096516488E-14));
#12149=VECTOR('',#16004,0.06201442069501);
#12150=AXIS2_PLACEMENT_3D('',#16005,#16006,#16007);
#12151=CARTESIAN_POINT('',(32.39140864045,3.412497326006,0.0));
#12152=CARTESIAN_POINT('',(32.39140864045,3.412497326006,0.0));
#12153=VECTOR('',#16008,0.06197103656274);
#12154=CARTESIAN_POINT('',(28.18390596645,7.62,0.0));
#12155=CARTESIAN_POINT('',(32.39140864045,3.412497326006,0.0));
#12156=VECTOR('',#16009,5.950307345283);
#12157=CARTESIAN_POINT('',(-28.18390596645,7.62,0.0));
#12158=CARTESIAN_POINT('',(28.18390596645,7.62,0.0));
#12159=VECTOR('',#16010,56.36781193291);
#12160=CARTESIAN_POINT('',(-32.39140864045,3.412497326006,0.0));
#12161=CARTESIAN_POINT('',(-28.18390596645,7.62,0.0));
#12162=VECTOR('',#16011,5.950307345283);
#12163=CARTESIAN_POINT('',(-32.34758324055,3.368671926105,0.0));
#12164=VECTOR('',#16012,0.06197847491687);
#12165=CARTESIAN_POINT('',(20.828,5.9309,0.0));
#12166=VECTOR('',#16013,41.656);
#12167=CARTESIAN_POINT('',(24.44684110819,1.214734447523,0.0));
#12168=AXIS2_PLACEMENT_3D('',#16014,#16015,#16016);
#12169=CARTESIAN_POINT('',(23.2762246763,-3.154065552477,0.0));
#12170=CARTESIAN_POINT('',(23.2762246763,-3.154065552477,0.0));
#12171=VECTOR('',#16017,4.522914576976);
#12172=CARTESIAN_POINT('',(19.65738356811,-5.9309,0.0));
#12173=AXIS2_PLACEMENT_3D('',#16018,#16019,#16020);
#12174=CARTESIAN_POINT('',(-19.65738356811,-5.9309,0.0));
#12175=CARTESIAN_POINT('',(-19.65738356811,-5.9309,0.0));
#12176=VECTOR('',#16021,39.31476713621);
#12177=AXIS2_PLACEMENT_3D('',#16022,#16023,#16024);
#12178=AXIS2_PLACEMENT_3D('',#16025,#16026,#16027);
#12179=CARTESIAN_POINT('',(-19.65738356811,-5.9309,0.0));
#12180=VECTOR('',#16028,8.3312);
#12181=CARTESIAN_POINT('',(19.65738356811,-5.9309,0.0));
#12182=VECTOR('',#16029,8.3312);
#12183=CARTESIAN_POINT('',(23.2762246763,-3.154065552477,0.0));
#12184=VECTOR('',#16030,8.3312);
#12185=CARTESIAN_POINT('',(24.44684110819,1.214734447523,0.0));
#12186=VECTOR('',#16031,8.3312);
#12187=CARTESIAN_POINT('',(-32.39140864045,3.412497326006,-0.8636));
#12188=CARTESIAN_POINT('',(-32.39140864045,3.412497326006,0.0));
#12189=VECTOR('',#16032,0.8636);
#12190=CARTESIAN_POINT('',(-31.85259327318,2.873681958742,-0.8636));
#12191=CARTESIAN_POINT('',(-31.85259327318,2.873681958742,-0.8636));
#12192=VECTOR('',#16033,0.762);
#12193=CARTESIAN_POINT('',(-31.85259327318,2.873681958742,-0.0381));
#12194=CARTESIAN_POINT('',(-31.85259327318,2.873681958742,-0.0381));
#12195=VECTOR('',#16034,0.8255);
#12196=CARTESIAN_POINT('',(-31.44848174773,2.469570433294,0.5334));
#12197=CARTESIAN_POINT('',(-31.85259327318,2.873681958742,-0.0381));
#12198=VECTOR('',#16035,0.8082230508962);
#12199=CARTESIAN_POINT('',(-32.24492070371,3.266009389274,0.5334));
#12200=VECTOR('',#16036,1.126334773149);
#12201=CARTESIAN_POINT('',(-32.45427043329,1.463781747734,0.5334));
#12202=CARTESIAN_POINT('',(-33.25070938927,2.260220703714,0.5334));
#12203=CARTESIAN_POINT('',(-32.45427043329,1.463781747734,0.5334));
#12204=VECTOR('',#16037,1.126334773149);
#12205=CARTESIAN_POINT('',(-33.25012777671,-2.260997792907,0.5334));
#12206=AXIS2_PLACEMENT_3D('',#16038,#16039,#16040);
#12207=CARTESIAN_POINT('',(-32.45497237641,-1.463079804619,0.5334));
#12208=CARTESIAN_POINT('',(-33.25012777671,-2.260997792907,0.5334));
#12209=VECTOR('',#16041,1.126474689754);
#12210=CARTESIAN_POINT('',(-31.44848174773,-2.469570433294,0.5334));
#12211=CARTESIAN_POINT('',(-32.45497237641,-1.463079804619,0.5334));
#12212=VECTOR('',#16042,1.423392697474);
#12213=CARTESIAN_POINT('',(-31.44848174773,-2.469570433294,0.5334));
#12214=VECTOR('',#16043,1.126297672404);
#12215=AXIS2_PLACEMENT_3D('',#16044,#16045,#16046);
#12216=CARTESIAN_POINT('',(-31.44848174773,2.469570433294,0.5334));
#12217=VECTOR('',#16047,1.4224);
#12218=CARTESIAN_POINT('',(-31.5722,0.0,0.5334));
#12219=CARTESIAN_POINT('',(-28.3972,0.0,0.5334));
#12220=AXIS2_PLACEMENT_3D('',#16048,#16049,#16050);
#12221=AXIS2_PLACEMENT_3D('',#16051,#16052,#16053);
#12222=CARTESIAN_POINT('',(31.44848174773,2.469570433294,0.5334));
#12223=CARTESIAN_POINT('',(31.44848174773,2.469570433294,0.5334));
#12224=VECTOR('',#16054,1.126341961251);
#12225=CARTESIAN_POINT('',(32.24489353661,-3.265987367856,0.5333999999999));
#12226=AXIS2_PLACEMENT_3D('',#16055,#16056,#16057);
#12227=CARTESIAN_POINT('',(31.44848174773,-2.469570433294,0.5334));
#12228=CARTESIAN_POINT('',(32.24489353661,-3.265987367856,0.5333999999999));
#12229=VECTOR('',#16058,1.126299991614);
#12230=CARTESIAN_POINT('',(32.45497237641,-1.463079804619,0.5334));
#12231=CARTESIAN_POINT('',(31.44848174773,-2.469570433294,0.5334));
#12232=VECTOR('',#16059,1.423392697474);
#12233=CARTESIAN_POINT('',(33.25012971478,-2.260999134838,0.5333999999999));
#12234=CARTESIAN_POINT('',(32.45497237641,-1.463079804619,0.5334));
#12235=VECTOR('',#16060,1.126477008333);
#12236=CARTESIAN_POINT('',(33.25071447203,2.26022578647,0.5334));
#12237=AXIS2_PLACEMENT_3D('',#16061,#16062,#16063);
#12238=CARTESIAN_POINT('',(32.45427043329,1.463781747734,0.5334));
#12239=CARTESIAN_POINT('',(33.25071447203,2.26022578647,0.5334));
#12240=VECTOR('',#16064,1.126341961251);
#12241=CARTESIAN_POINT('',(32.45427043329,1.463781747734,0.5334));
#12242=VECTOR('',#16065,1.4224);
#12243=CARTESIAN_POINT('',(28.3972,0.0,0.5334));
#12244=CARTESIAN_POINT('',(31.5722,0.0,0.5334));
#12245=AXIS2_PLACEMENT_3D('',#16066,#16067,#16068);
#12246=AXIS2_PLACEMENT_3D('',#16069,#16070,#16071);
#12247=CARTESIAN_POINT('',(-32.85838195874,1.867893273182,-0.0381));
#12248=CARTESIAN_POINT('',(-32.45427043329,1.463781747734,0.5334));
#12249=VECTOR('',#16072,0.8082230508962);
#12250=CARTESIAN_POINT('',(-31.85259327318,2.873681958742,-0.0381));
#12251=VECTOR('',#16073,1.4224);
#12252=CARTESIAN_POINT('',(-32.85838195874,1.867893273182,-0.8636));
#12253=CARTESIAN_POINT('',(-32.85838195874,1.867893273182,-0.8636));
#12254=VECTOR('',#16074,1.4224);
#12255=CARTESIAN_POINT('',(-32.85838195874,1.867893273182,-0.0381));
#12256=VECTOR('',#16075,0.8255);
#12257=CARTESIAN_POINT('',(-33.35340780496,2.362919119398,-0.8636));
#12258=VECTOR('',#16076,0.7000722654434);
#12259=CARTESIAN_POINT('',(-33.25070938927,2.260220703714,0.5334));
#12260=CARTESIAN_POINT('',(-33.26207839098,2.27158970542,0.4743644353401));
#12261=CARTESIAN_POINT('',(-33.2848442381,2.294355552541,0.3561253603594));
#12262=CARTESIAN_POINT('',(-33.31907715772,2.328588472156,0.1782616558662));
#12263=CARTESIAN_POINT('',(-33.34195489231,2.351466206746,0.05935199101001));
#12264=CARTESIAN_POINT('',(-33.35340780496,2.362919119398,-0.0001865178808396));
#12265=CARTESIAN_POINT('',(-33.35271371524,-2.363940735819,-0.0003951010052655));
#12266=AXIS2_PLACEMENT_3D('',#16077,#16078,#16079);
#12267=CARTESIAN_POINT('',(-33.35271371524,-2.363940735819,-0.0003951010052655));
#12268=CARTESIAN_POINT('',(-33.34127405866,-2.352461268641,0.05916298157663));
#12269=CARTESIAN_POINT('',(-33.31840257659,-2.329516317916,0.1781138596637));
#12270=CARTESIAN_POINT('',(-33.28420621989,-2.295200956125,0.3560530261895));
#12271=CARTESIAN_POINT('',(-33.26148478131,-2.272394320478,0.4743401445186));
#12272=CARTESIAN_POINT('',(-33.25012777671,-2.260997792907,0.5334));
#12273=CARTESIAN_POINT('',(-33.35269848327,-2.363930044803,-0.8636));
#12274=CARTESIAN_POINT('',(-33.35269848327,-2.363930044803,-0.8636));
#12275=VECTOR('',#16080,0.8632048991953);
#12276=CARTESIAN_POINT('',(-32.85838195874,-1.867893273182,-0.8636));
#12277=CARTESIAN_POINT('',(-32.85838195874,-1.867893273182,-0.8636));
#12278=VECTOR('',#16081,0.700286587917);
#12279=CARTESIAN_POINT('',(-32.85838195874,-1.867893273182,-0.0381));
#12280=CARTESIAN_POINT('',(-32.85838195874,-1.867893273182,-0.0381));
#12281=VECTOR('',#16082,0.8255);
#12282=CARTESIAN_POINT('',(-32.85838195874,-1.867893273182,-0.0381));
#12283=VECTOR('',#16083,0.8082236605348);
#12284=CARTESIAN_POINT('',(-31.85259327318,-2.873681958742,-0.0381));
#12285=CARTESIAN_POINT('',(-31.44848174773,-2.469570433294,0.5334));
#12286=VECTOR('',#16084,0.8082230508962);
#12287=CARTESIAN_POINT('',(-32.85838195874,-1.867893273182,-0.0381));
#12288=VECTOR('',#16085,1.4224);
#12289=CARTESIAN_POINT('',(-31.85259327318,-2.873681958742,-0.8636));
#12290=CARTESIAN_POINT('',(-31.85259327318,-2.873681958742,-0.8636));
#12291=VECTOR('',#16086,1.4224);
#12292=CARTESIAN_POINT('',(-31.85259327318,-2.873681958742,-0.0381));
#12293=VECTOR('',#16087,0.8255);
#12294=CARTESIAN_POINT('',(-32.39140864045,-3.412497326006,-0.8636));
#12295=CARTESIAN_POINT('',(-32.39140864045,-3.412497326006,-0.8636));
#12296=VECTOR('',#16088,0.762);
#12297=CARTESIAN_POINT('',(-32.39140864045,-3.412497326006,0.0));
#12298=VECTOR('',#16089,0.8636);
#12299=CARTESIAN_POINT('',(-30.72390596645,-5.08,-1.4478));
#12300=CARTESIAN_POINT('',(-28.18390596645,-7.62,-1.4478));
#12301=CARTESIAN_POINT('',(-30.72390596645,-5.08,-1.4478));
#12302=VECTOR('',#16090,3.592102448428);
#12303=CARTESIAN_POINT('',(-28.18390596645,-7.62,-1.4478));
#12304=VECTOR('',#16091,1.4478);
#12305=CARTESIAN_POINT('',(-32.89430298323,-2.909602983226,-0.8636));
#12306=CARTESIAN_POINT('',(-32.89430298323,-2.909602983226,-0.8636));
#12307=VECTOR('',#16092,0.7112);
#12308=CARTESIAN_POINT('',(-32.89430298323,-2.909602983226,-4.2164));
#12309=CARTESIAN_POINT('',(-32.89430298323,-2.909602983226,-4.2164));
#12310=VECTOR('',#16093,3.3528);
#12311=CARTESIAN_POINT('',(-31.80340596645,-4.0005,-4.2164));
#12312=CARTESIAN_POINT('',(-31.80340596645,-4.0005,-4.2164));
#12313=VECTOR('',#16094,1.542761356274);
#12314=CARTESIAN_POINT('',(-31.80340596645,-4.0005,-1.4478));
#12315=CARTESIAN_POINT('',(-31.80340596645,-4.0005,-4.2164));
#12316=VECTOR('',#16095,2.7686);
#12317=CARTESIAN_POINT('',(-30.72390596645,-5.08,-1.4478));
#12318=VECTOR('',#16096,1.526643540582);
#12319=CARTESIAN_POINT('',(-21.8313,-4.0005,-1.4478));
#12320=CARTESIAN_POINT('',(-21.8313,-4.0005,-1.4478));
#12321=VECTOR('',#16097,9.972105966453);
#12322=CARTESIAN_POINT('',(-21.8313,-5.08,-1.4478));
#12323=CARTESIAN_POINT('',(-21.8313,-5.08,-1.4478));
#12324=VECTOR('',#16098,1.0795);
#12325=CARTESIAN_POINT('',(-30.72390596645,-5.08,-1.4478));
#12326=VECTOR('',#16099,8.892605966453);
#12327=CARTESIAN_POINT('',(21.8313,-5.08,-1.4478));
#12328=CARTESIAN_POINT('',(30.72390596645,-5.08,-1.4478));
#12329=CARTESIAN_POINT('',(21.8313,-5.08,-1.4478));
#12330=VECTOR('',#16100,8.892605966453);
#12331=CARTESIAN_POINT('',(21.8313,-4.0005,-1.4478));
#12332=CARTESIAN_POINT('',(21.8313,-4.0005,-1.4478));
#12333=VECTOR('',#16101,1.0795);
#12334=CARTESIAN_POINT('',(31.80340596645,-4.0005,-1.4478));
#12335=CARTESIAN_POINT('',(31.80340596645,-4.0005,-1.4478));
#12336=VECTOR('',#16102,9.972105966453);
#12337=CARTESIAN_POINT('',(30.72390596645,-5.08,-1.4478));
#12338=VECTOR('',#16103,1.526643540582);
#12339=CARTESIAN_POINT('',(-21.8313,-5.08,-4.2164));
#12340=CARTESIAN_POINT('',(-21.8313,-5.08,-1.4478));
#12341=VECTOR('',#16104,2.7686);
#12342=CARTESIAN_POINT('',(-34.0995,-5.08,-4.2164));
#12343=CARTESIAN_POINT('',(-34.0995,-5.08,-4.2164));
#12344=VECTOR('',#16105,12.2682);
#12345=CARTESIAN_POINT('',(-34.0995,-5.08,-1.4478));
#12346=CARTESIAN_POINT('',(-34.0995,-5.08,-1.4478));
#12347=VECTOR('',#16106,2.7686);
#12348=CARTESIAN_POINT('',(-34.0995,-5.08,-1.4478));
#12349=VECTOR('',#16107,3.375594033547);
#12350=CARTESIAN_POINT('',(-28.18390596645,7.62,-1.4478));
#12351=CARTESIAN_POINT('',(-31.80340596645,4.0005,-1.4478));
#12352=CARTESIAN_POINT('',(-28.18390596645,7.62,-1.4478));
#12353=VECTOR('',#16108,5.118745989009);
#12354=CARTESIAN_POINT('',(-34.0995,7.62,-1.4478));
#12355=CARTESIAN_POINT('',(-34.0995,7.62,-1.4478));
#12356=VECTOR('',#16109,5.915594033547);
#12357=CARTESIAN_POINT('',(-34.0995,4.0005,-1.4478));
#12358=CARTESIAN_POINT('',(-34.0995,7.62,-1.4478));
#12359=VECTOR('',#16110,3.6195);
#12360=CARTESIAN_POINT('',(-34.0995,4.0005,-1.4478));
#12361=VECTOR('',#16111,2.296094033547);
#12362=CARTESIAN_POINT('',(34.0995,4.0005,-1.4478));
#12363=CARTESIAN_POINT('',(34.0995,7.62,-1.4478));
#12364=CARTESIAN_POINT('',(34.0995,4.0005,-1.4478));
#12365=VECTOR('',#16112,3.6195);
#12366=CARTESIAN_POINT('',(28.18390596645,7.62,-1.4478));
#12367=CARTESIAN_POINT('',(28.18390596645,7.62,-1.4478));
#12368=VECTOR('',#16113,5.915594033547);
#12369=CARTESIAN_POINT('',(31.80340596645,4.0005,-1.4478));
#12370=CARTESIAN_POINT('',(31.80340596645,4.0005,-1.4478));
#12371=VECTOR('',#16114,5.118745989009);
#12372=CARTESIAN_POINT('',(34.0995,4.0005,-1.4478));
#12373=VECTOR('',#16115,2.296094033547);
#12374=CARTESIAN_POINT('',(-34.0995,-8.128,-1.4478));
#12375=CARTESIAN_POINT('',(-34.0995,-5.08,-1.4478));
#12376=VECTOR('',#16116,3.048);
#12377=CARTESIAN_POINT('',(-20.574,-8.128,-1.4478));
#12378=CARTESIAN_POINT('',(-20.574,-8.128,-1.4478));
#12379=VECTOR('',#16117,13.5255);
#12380=CARTESIAN_POINT('',(-20.574,-7.62,-1.4478));
#12381=CARTESIAN_POINT('',(-20.574,-8.128,-1.4478));
#12382=VECTOR('',#16118,0.508);
#12383=CARTESIAN_POINT('',(-28.18390596645,-7.62,-1.4478));
#12384=VECTOR('',#16119,7.609905966453);
#12385=CARTESIAN_POINT('',(28.18390596645,-7.62,-1.4478));
#12386=CARTESIAN_POINT('',(28.18390596645,-7.62,-1.4478));
#12387=VECTOR('',#16120,3.592102448428);
#12388=CARTESIAN_POINT('',(20.574,-7.62,-1.4478));
#12389=CARTESIAN_POINT('',(20.574,-7.62,-1.4478));
#12390=VECTOR('',#16121,7.609905966453);
#12391=CARTESIAN_POINT('',(20.574,-8.128,-1.4478));
#12392=CARTESIAN_POINT('',(20.574,-8.128,-1.4478));
#12393=VECTOR('',#16122,0.508);
#12394=CARTESIAN_POINT('',(34.0995,-8.128,-1.4478));
#12395=CARTESIAN_POINT('',(34.0995,-8.128,-1.4478));
#12396=VECTOR('',#16123,13.5255);
#12397=CARTESIAN_POINT('',(34.0995,-5.08,-1.4478));
#12398=CARTESIAN_POINT('',(34.0995,-8.128,-1.4478));
#12399=VECTOR('',#16124,3.048);
#12400=CARTESIAN_POINT('',(34.0995,-5.08,-1.4478));
#12401=VECTOR('',#16125,3.375594033547);
#12402=CARTESIAN_POINT('',(-34.0995,4.0005,-4.2164));
#12403=CARTESIAN_POINT('',(-34.0995,4.0005,-1.4478));
#12404=VECTOR('',#16126,2.7686);
#12405=CARTESIAN_POINT('',(-31.80340596645,4.0005,-4.2164));
#12406=CARTESIAN_POINT('',(-31.80340596645,4.0005,-4.2164));
#12407=VECTOR('',#16127,2.296094033547);
#12408=CARTESIAN_POINT('',(-31.80340596645,4.0005,-1.4478));
#12409=VECTOR('',#16128,2.7686);
#12410=CARTESIAN_POINT('',(-32.89430298323,2.909602983226,-0.8636));
#12411=VECTOR('',#16129,0.7112);
#12412=CARTESIAN_POINT('',(-28.18390596645,7.62,-1.4478));
#12413=VECTOR('',#16130,1.4478);
#12414=CARTESIAN_POINT('',(-32.89430298323,2.909602983226,-4.2164));
#12415=VECTOR('',#16131,1.542761356274);
#12416=CARTESIAN_POINT('',(34.0995,4.0005,-4.2164));
#12417=CARTESIAN_POINT('',(31.80340596645,4.0005,-4.2164));
#12418=CARTESIAN_POINT('',(34.0995,4.0005,-4.2164));
#12419=VECTOR('',#16132,2.296094033547);
#12420=CARTESIAN_POINT('',(31.80340596645,4.0005,-4.2164));
#12421=VECTOR('',#16133,1.542761356274);
#12422=CARTESIAN_POINT('',(34.0995,-1.38706955354E-14,-4.2164));
#12423=VECTOR('',#16134,4.0005);
#12424=CARTESIAN_POINT('',(-34.0995,-1.324081925731E-14,-4.2164));
#12425=VECTOR('',#16135,4.0005);
#12426=AXIS2_PLACEMENT_3D('',#16136,#16137,#16138);
#12427=CARTESIAN_POINT('',(-34.0995,-5.08,-4.2164));
#12428=VECTOR('',#16139,5.08);
#12429=CARTESIAN_POINT('',(-21.8313,-4.0005,-4.2164));
#12430=CARTESIAN_POINT('',(-21.8313,-5.08,-4.2164));
#12431=VECTOR('',#16140,1.0795);
#12432=CARTESIAN_POINT('',(-21.8313,-4.0005,-4.2164));
#12433=VECTOR('',#16141,9.972105966453);
#12434=CARTESIAN_POINT('',(32.89430298323,-2.909602983226,-4.2164));
#12435=AXIS2_PLACEMENT_3D('',#16142,#16143,#16144);
#12436=CARTESIAN_POINT('',(31.80340596645,-4.0005,-4.2164));
#12437=CARTESIAN_POINT('',(32.89430298323,-2.909602983226,-4.2164));
#12438=VECTOR('',#16145,1.542761356274);
#12439=CARTESIAN_POINT('',(21.8313,-4.0005,-4.2164));
#12440=CARTESIAN_POINT('',(31.80340596645,-4.0005,-4.2164));
#12441=VECTOR('',#16146,9.972105966453);
#12442=CARTESIAN_POINT('',(21.8313,-5.08,-4.2164));
#12443=CARTESIAN_POINT('',(21.8313,-4.0005,-4.2164));
#12444=VECTOR('',#16147,1.0795);
#12445=CARTESIAN_POINT('',(34.0995,-5.08,-4.2164));
#12446=CARTESIAN_POINT('',(21.8313,-5.08,-4.2164));
#12447=VECTOR('',#16148,12.2682);
#12448=CARTESIAN_POINT('',(34.0995,-1.38706955354E-14,-4.2164));
#12449=VECTOR('',#16149,5.08);
#12450=CARTESIAN_POINT('',(34.0995,-8.128,-16.8148));
#12451=CARTESIAN_POINT('',(34.0995,-8.128,-1.4478));
#12452=VECTOR('',#16150,15.367);
#12453=CARTESIAN_POINT('',(34.0995,-4.953,-16.8148));
#12454=CARTESIAN_POINT('',(34.0995,-4.953,-16.8148));
#12455=VECTOR('',#16151,3.175);
#12456=CARTESIAN_POINT('',(34.0995,-4.953,-5.9436));
#12457=CARTESIAN_POINT('',(34.0995,-4.953,-5.9436));
#12458=VECTOR('',#16152,10.8712);
#12459=CARTESIAN_POINT('',(34.0995,5.6007,-5.9436));
#12460=CARTESIAN_POINT('',(34.0995,5.6007,-5.9436));
#12461=VECTOR('',#16153,10.5537);
#12462=CARTESIAN_POINT('',(34.0995,5.6007,-2.9718));
#12463=CARTESIAN_POINT('',(34.0995,5.6007,-2.9718));
#12464=VECTOR('',#16154,2.9718);
#12465=CARTESIAN_POINT('',(34.0995,7.62,-2.9718));
#12466=CARTESIAN_POINT('',(34.0995,5.6007,-2.9718));
#12467=VECTOR('',#16155,2.0193);
#12468=CARTESIAN_POINT('',(34.0995,7.62,-2.9718));
#12469=VECTOR('',#16156,1.524);
#12470=CARTESIAN_POINT('',(34.0995,4.0005,-1.4478));
#12471=VECTOR('',#16157,2.7686);
#12472=CARTESIAN_POINT('',(34.0995,-5.08,-1.4478));
#12473=VECTOR('',#16158,2.7686);
#12474=CARTESIAN_POINT('',(21.8313,-5.08,-1.4478));
#12475=VECTOR('',#16159,2.7686);
#12476=CARTESIAN_POINT('',(21.8313,-4.0005,-1.4478));
#12477=VECTOR('',#16160,2.7686);
#12478=CARTESIAN_POINT('',(31.80340596645,-4.0005,-4.2164));
#12479=VECTOR('',#16161,2.7686);
#12480=CARTESIAN_POINT('',(32.89430298323,-2.909602983226,-0.8636));
#12481=CARTESIAN_POINT('',(32.89430298323,-2.909602983226,-0.8636));
#12482=VECTOR('',#16162,3.3528);
#12483=CARTESIAN_POINT('',(32.39140864045,-3.412497326006,-0.8636));
#12484=CARTESIAN_POINT('',(32.89430298323,-2.909602983226,-0.8636));
#12485=VECTOR('',#16163,0.7112);
#12486=CARTESIAN_POINT('',(32.39140864045,-3.412497326006,0.0));
#12487=VECTOR('',#16164,0.8636);
#12488=CARTESIAN_POINT('',(28.18390596645,-7.62,-1.4478));
#12489=VECTOR('',#16165,1.4478);
#12490=CARTESIAN_POINT('',(-20.574,-7.62,-1.4478));
#12491=VECTOR('',#16166,41.148);
#12492=CARTESIAN_POINT('',(-20.574,-7.366,-1.4478));
#12493=CARTESIAN_POINT('',(-20.574,-7.366,-1.4478));
#12494=VECTOR('',#16167,0.254);
#12495=CARTESIAN_POINT('',(20.574,-7.366,-1.4478));
#12496=CARTESIAN_POINT('',(20.574,-7.366,-1.4478));
#12497=VECTOR('',#16168,41.148);
#12498=CARTESIAN_POINT('',(20.574,-7.62,-1.4478));
#12499=VECTOR('',#16169,0.254);
#12500=CARTESIAN_POINT('',(20.574,-8.128,-16.8148));
#12501=CARTESIAN_POINT('',(20.574,-8.128,-1.4478));
#12502=VECTOR('',#16170,15.367);
#12503=CARTESIAN_POINT('',(20.574,-7.366,-16.8148));
#12504=CARTESIAN_POINT('',(20.574,-7.366,-1.4478));
#12505=VECTOR('',#16171,15.367);
#12506=CARTESIAN_POINT('',(20.574,-8.128,-16.8148));
#12507=VECTOR('',#16172,0.762);
#12508=CARTESIAN_POINT('',(-20.574,-7.366,-16.8148));
#12509=CARTESIAN_POINT('',(20.574,-7.366,-16.8148));
#12510=VECTOR('',#16173,41.148);
#12511=CARTESIAN_POINT('',(-20.574,-8.128,-16.8148));
#12512=CARTESIAN_POINT('',(-20.574,-8.128,-16.8148));
#12513=VECTOR('',#16174,0.762);
#12514=CARTESIAN_POINT('',(-34.0995,-8.128,-16.8148));
#12515=CARTESIAN_POINT('',(-20.574,-8.128,-16.8148));
#12516=VECTOR('',#16175,13.5255);
#12517=CARTESIAN_POINT('',(-34.0995,-4.953,-16.8148));
#12518=CARTESIAN_POINT('',(-34.0995,-8.128,-16.8148));
#12519=VECTOR('',#16176,3.175);
#12520=CARTESIAN_POINT('',(-24.257,-4.953,-16.8148));
#12521=CARTESIAN_POINT('',(-34.0995,-4.953,-16.8148));
#12522=VECTOR('',#16177,9.8425);
#12523=CARTESIAN_POINT('',(-24.257,-1.397,-16.8148));
#12524=CARTESIAN_POINT('',(-24.257,-1.397,-16.8148));
#12525=VECTOR('',#16178,3.556);
#12526=CARTESIAN_POINT('',(24.257,-1.397,-16.8148));
#12527=CARTESIAN_POINT('',(24.257,-1.397,-16.8148));
#12528=VECTOR('',#16179,48.514);
#12529=CARTESIAN_POINT('',(24.257,-4.953,-16.8148));
#12530=CARTESIAN_POINT('',(24.257,-1.397,-16.8148));
#12531=VECTOR('',#16180,3.556);
#12532=CARTESIAN_POINT('',(24.257,-4.953,-16.8148));
#12533=VECTOR('',#16181,9.8425);
#12534=CARTESIAN_POINT('',(34.0995,-8.128,-16.8148));
#12535=VECTOR('',#16182,13.5255);
#12536=CARTESIAN_POINT('',(31.2801,-8.128,-11.3157));
#12537=CARTESIAN_POINT('',(28.6893,-8.128,-11.3157));
#12538=AXIS2_PLACEMENT_3D('',#16183,#16184,#16185);
#12539=AXIS2_PLACEMENT_3D('',#16186,#16187,#16188);
#12540=CARTESIAN_POINT('',(-34.0995,-8.128,-1.4478));
#12541=VECTOR('',#16189,15.367);
#12542=CARTESIAN_POINT('',(-20.574,-8.128,-1.4478));
#12543=VECTOR('',#16190,15.367);
#12544=CARTESIAN_POINT('',(-28.6893,-8.128,-11.3157));
#12545=CARTESIAN_POINT('',(-31.2801,-8.128,-11.3157));
#12546=AXIS2_PLACEMENT_3D('',#16191,#16192,#16193);
#12547=AXIS2_PLACEMENT_3D('',#16194,#16195,#16196);
#12548=CARTESIAN_POINT('',(-20.574,-7.366,-1.4478));
#12549=VECTOR('',#16197,15.367);
#12550=CARTESIAN_POINT('',(20.1295,-7.366,-13.7922));
#12551=CARTESIAN_POINT('',(-20.1295,-7.366,-13.7922));
#12552=CARTESIAN_POINT('',(20.1295,-7.366,-13.7922));
#12553=VECTOR('',#16198,40.259);
#12554=CARTESIAN_POINT('',(-20.1295,-7.366,-8.8646));
#12555=CARTESIAN_POINT('',(-20.1295,-7.366,-13.7922));
#12556=VECTOR('',#16199,4.9276);
#12557=CARTESIAN_POINT('',(20.1295,-7.366,-8.8646));
#12558=CARTESIAN_POINT('',(20.1295,-7.366,-8.8646));
#12559=VECTOR('',#16200,40.259);
#12560=CARTESIAN_POINT('',(20.1295,-7.366,-13.7922));
#12561=VECTOR('',#16201,4.9276);
#12562=CARTESIAN_POINT('',(20.1295,-12.319,-8.8646));
#12563=CARTESIAN_POINT('',(20.1295,-12.319,-8.8646));
#12564=VECTOR('',#16202,4.953);
#12565=CARTESIAN_POINT('',(20.1295,-12.319,-13.7922));
#12566=CARTESIAN_POINT('',(20.1295,-12.319,-13.7922));
#12567=VECTOR('',#16203,4.9276);
#12568=CARTESIAN_POINT('',(20.1295,-7.366,-13.7922));
#12569=VECTOR('',#16204,4.953);
#12570=CARTESIAN_POINT('',(-20.1295,-12.319,-13.7922));
#12571=CARTESIAN_POINT('',(20.1295,-12.319,-13.7922));
#12572=VECTOR('',#16205,40.259);
#12573=CARTESIAN_POINT('',(-20.1295,-7.366,-13.7922));
#12574=VECTOR('',#16206,4.953);
#12575=CARTESIAN_POINT('',(-20.1295,-12.319,-8.8646));
#12576=CARTESIAN_POINT('',(-20.1295,-12.319,-13.7922));
#12577=VECTOR('',#16207,4.9276);
#12578=CARTESIAN_POINT('',(-20.1295,-12.319,-8.8646));
#12579=VECTOR('',#16208,4.953);
#12580=CARTESIAN_POINT('',(20.1295,-12.319,-8.8646));
#12581=VECTOR('',#16209,40.259);
#12582=CARTESIAN_POINT('',(18.7325,-12.319,-13.6017));
#12583=CARTESIAN_POINT('',(18.7325,-12.319,-13.3477));
#12584=CARTESIAN_POINT('',(18.7325,-12.319,-13.6017));
#12585=VECTOR('',#16210,0.254);
#12586=CARTESIAN_POINT('',(18.2245,-12.319,-13.6017));
#12587=CARTESIAN_POINT('',(18.2245,-12.319,-13.6017));
#12588=VECTOR('',#16211,0.508);
#12589=CARTESIAN_POINT('',(18.2245,-12.319,-13.3477));
#12590=CARTESIAN_POINT('',(18.2245,-12.319,-13.3477));
#12591=VECTOR('',#16212,0.254);
#12592=CARTESIAN_POINT('',(18.7325,-12.319,-13.3477));
#12593=VECTOR('',#16213,0.508);
#12594=CARTESIAN_POINT('',(18.2245,-12.319,-9.3091));
#12595=CARTESIAN_POINT('',(18.7325,-12.319,-9.3091));
#12596=CARTESIAN_POINT('',(18.2245,-12.319,-9.3091));
#12597=VECTOR('',#16214,0.508);
#12598=CARTESIAN_POINT('',(18.2245,-12.319,-9.0551));
#12599=CARTESIAN_POINT('',(18.2245,-12.319,-9.0551));
#12600=VECTOR('',#16215,0.254);
#12601=CARTESIAN_POINT('',(18.7325,-12.319,-9.0551));
#12602=CARTESIAN_POINT('',(18.7325,-12.319,-9.0551));
#12603=VECTOR('',#16216,0.508);
#12604=CARTESIAN_POINT('',(18.7325,-12.319,-9.3091));
#12605=VECTOR('',#16217,0.254);
#12606=CARTESIAN_POINT('',(16.5735,-12.319,-13.6017));
#12607=CARTESIAN_POINT('',(16.5735,-12.319,-13.3477));
#12608=CARTESIAN_POINT('',(16.5735,-12.319,-13.6017));
#12609=VECTOR('',#16218,0.254);
#12610=CARTESIAN_POINT('',(16.0655,-12.319,-13.6017));
#12611=CARTESIAN_POINT('',(16.0655,-12.319,-13.6017));
#12612=VECTOR('',#16219,0.508);
#12613=CARTESIAN_POINT('',(16.0655,-12.319,-13.3477));
#12614=CARTESIAN_POINT('',(16.0655,-12.319,-13.3477));
#12615=VECTOR('',#16220,0.254);
#12616=CARTESIAN_POINT('',(16.5735,-12.319,-13.3477));
#12617=VECTOR('',#16221,0.508);
#12618=CARTESIAN_POINT('',(16.0655,-12.319,-9.3091));
#12619=CARTESIAN_POINT('',(16.5735,-12.319,-9.3091));
#12620=CARTESIAN_POINT('',(16.0655,-12.319,-9.3091));
#12621=VECTOR('',#16222,0.508);
#12622=CARTESIAN_POINT('',(16.0655,-12.319,-9.0551));
#12623=CARTESIAN_POINT('',(16.0655,-12.319,-9.0551));
#12624=VECTOR('',#16223,0.254);
#12625=CARTESIAN_POINT('',(16.5735,-12.319,-9.0551));
#12626=CARTESIAN_POINT('',(16.5735,-12.319,-9.0551));
#12627=VECTOR('',#16224,0.508);
#12628=CARTESIAN_POINT('',(16.5735,-12.319,-9.3091));
#12629=VECTOR('',#16225,0.254);
#12630=CARTESIAN_POINT('',(14.4145,-12.319,-13.6017));
#12631=CARTESIAN_POINT('',(14.4145,-12.319,-13.3477));
#12632=CARTESIAN_POINT('',(14.4145,-12.319,-13.6017));
#12633=VECTOR('',#16226,0.254);
#12634=CARTESIAN_POINT('',(13.9065,-12.319,-13.6017));
#12635=CARTESIAN_POINT('',(13.9065,-12.319,-13.6017));
#12636=VECTOR('',#16227,0.508);
#12637=CARTESIAN_POINT('',(13.9065,-12.319,-13.3477));
#12638=CARTESIAN_POINT('',(13.9065,-12.319,-13.3477));
#12639=VECTOR('',#16228,0.254);
#12640=CARTESIAN_POINT('',(14.4145,-12.319,-13.3477));
#12641=VECTOR('',#16229,0.508);
#12642=CARTESIAN_POINT('',(13.9065,-12.319,-9.3091));
#12643=CARTESIAN_POINT('',(14.4145,-12.319,-9.3091));
#12644=CARTESIAN_POINT('',(13.9065,-12.319,-9.3091));
#12645=VECTOR('',#16230,0.508);
#12646=CARTESIAN_POINT('',(13.9065,-12.319,-9.0551));
#12647=CARTESIAN_POINT('',(13.9065,-12.319,-9.0551));
#12648=VECTOR('',#16231,0.254);
#12649=CARTESIAN_POINT('',(14.4145,-12.319,-9.0551));
#12650=CARTESIAN_POINT('',(14.4145,-12.319,-9.0551));
#12651=VECTOR('',#16232,0.508);
#12652=CARTESIAN_POINT('',(14.4145,-12.319,-9.3091));
#12653=VECTOR('',#16233,0.254);
#12654=CARTESIAN_POINT('',(12.2555,-12.319,-13.6017));
#12655=CARTESIAN_POINT('',(12.2555,-12.319,-13.3477));
#12656=CARTESIAN_POINT('',(12.2555,-12.319,-13.6017));
#12657=VECTOR('',#16234,0.254);
#12658=CARTESIAN_POINT('',(11.7475,-12.319,-13.6017));
#12659=CARTESIAN_POINT('',(11.7475,-12.319,-13.6017));
#12660=VECTOR('',#16235,0.508);
#12661=CARTESIAN_POINT('',(11.7475,-12.319,-13.3477));
#12662=CARTESIAN_POINT('',(11.7475,-12.319,-13.3477));
#12663=VECTOR('',#16236,0.254);
#12664=CARTESIAN_POINT('',(12.2555,-12.319,-13.3477));
#12665=VECTOR('',#16237,0.508);
#12666=CARTESIAN_POINT('',(11.7475,-12.319,-9.3091));
#12667=CARTESIAN_POINT('',(12.2555,-12.319,-9.3091));
#12668=CARTESIAN_POINT('',(11.7475,-12.319,-9.3091));
#12669=VECTOR('',#16238,0.508);
#12670=CARTESIAN_POINT('',(11.7475,-12.319,-9.0551));
#12671=CARTESIAN_POINT('',(11.7475,-12.319,-9.0551));
#12672=VECTOR('',#16239,0.254);
#12673=CARTESIAN_POINT('',(12.2555,-12.319,-9.0551));
#12674=CARTESIAN_POINT('',(12.2555,-12.319,-9.0551));
#12675=VECTOR('',#16240,0.508);
#12676=CARTESIAN_POINT('',(12.2555,-12.319,-9.3091));
#12677=VECTOR('',#16241,0.254);
#12678=CARTESIAN_POINT('',(10.0965,-12.319,-13.6017));
#12679=CARTESIAN_POINT('',(10.0965,-12.319,-13.3477));
#12680=CARTESIAN_POINT('',(10.0965,-12.319,-13.6017));
#12681=VECTOR('',#16242,0.254);
#12682=CARTESIAN_POINT('',(9.5885,-12.319,-13.6017));
#12683=CARTESIAN_POINT('',(9.5885,-12.319,-13.6017));
#12684=VECTOR('',#16243,0.508);
#12685=CARTESIAN_POINT('',(9.5885,-12.319,-13.3477));
#12686=CARTESIAN_POINT('',(9.5885,-12.319,-13.3477));
#12687=VECTOR('',#16244,0.254);
#12688=CARTESIAN_POINT('',(10.0965,-12.319,-13.3477));
#12689=VECTOR('',#16245,0.508);
#12690=CARTESIAN_POINT('',(9.5885,-12.319,-9.3091));
#12691=CARTESIAN_POINT('',(10.0965,-12.319,-9.3091));
#12692=CARTESIAN_POINT('',(9.5885,-12.319,-9.3091));
#12693=VECTOR('',#16246,0.508);
#12694=CARTESIAN_POINT('',(9.5885,-12.319,-9.0551));
#12695=CARTESIAN_POINT('',(9.5885,-12.319,-9.0551));
#12696=VECTOR('',#16247,0.254);
#12697=CARTESIAN_POINT('',(10.0965,-12.319,-9.0551));
#12698=CARTESIAN_POINT('',(10.0965,-12.319,-9.0551));
#12699=VECTOR('',#16248,0.508);
#12700=CARTESIAN_POINT('',(10.0965,-12.319,-9.3091));
#12701=VECTOR('',#16249,0.254);
#12702=CARTESIAN_POINT('',(7.9375,-12.319,-13.6017));
#12703=CARTESIAN_POINT('',(7.9375,-12.319,-13.3477));
#12704=CARTESIAN_POINT('',(7.9375,-12.319,-13.6017));
#12705=VECTOR('',#16250,0.254);
#12706=CARTESIAN_POINT('',(7.4295,-12.319,-13.6017));
#12707=CARTESIAN_POINT('',(7.4295,-12.319,-13.6017));
#12708=VECTOR('',#16251,0.508);
#12709=CARTESIAN_POINT('',(7.4295,-12.319,-13.3477));
#12710=CARTESIAN_POINT('',(7.4295,-12.319,-13.3477));
#12711=VECTOR('',#16252,0.254);
#12712=CARTESIAN_POINT('',(7.9375,-12.319,-13.3477));
#12713=VECTOR('',#16253,0.508);
#12714=CARTESIAN_POINT('',(7.4295,-12.319,-9.3091));
#12715=CARTESIAN_POINT('',(7.9375,-12.319,-9.3091));
#12716=CARTESIAN_POINT('',(7.4295,-12.319,-9.3091));
#12717=VECTOR('',#16254,0.508);
#12718=CARTESIAN_POINT('',(7.4295,-12.319,-9.0551));
#12719=CARTESIAN_POINT('',(7.4295,-12.319,-9.0551));
#12720=VECTOR('',#16255,0.254);
#12721=CARTESIAN_POINT('',(7.9375,-12.319,-9.0551));
#12722=CARTESIAN_POINT('',(7.9375,-12.319,-9.0551));
#12723=VECTOR('',#16256,0.508);
#12724=CARTESIAN_POINT('',(7.9375,-12.319,-9.3091));
#12725=VECTOR('',#16257,0.254);
#12726=CARTESIAN_POINT('',(5.7785,-12.319,-13.6017));
#12727=CARTESIAN_POINT('',(5.7785,-12.319,-13.3477));
#12728=CARTESIAN_POINT('',(5.7785,-12.319,-13.6017));
#12729=VECTOR('',#16258,0.254);
#12730=CARTESIAN_POINT('',(5.2705,-12.319,-13.6017));
#12731=CARTESIAN_POINT('',(5.2705,-12.319,-13.6017));
#12732=VECTOR('',#16259,0.508);
#12733=CARTESIAN_POINT('',(5.2705,-12.319,-13.3477));
#12734=CARTESIAN_POINT('',(5.2705,-12.319,-13.3477));
#12735=VECTOR('',#16260,0.254);
#12736=CARTESIAN_POINT('',(5.7785,-12.319,-13.3477));
#12737=VECTOR('',#16261,0.508);
#12738=CARTESIAN_POINT('',(5.2705,-12.319,-9.3091));
#12739=CARTESIAN_POINT('',(5.7785,-12.319,-9.3091));
#12740=CARTESIAN_POINT('',(5.2705,-12.319,-9.3091));
#12741=VECTOR('',#16262,0.508);
#12742=CARTESIAN_POINT('',(5.2705,-12.319,-9.0551));
#12743=CARTESIAN_POINT('',(5.2705,-12.319,-9.0551));
#12744=VECTOR('',#16263,0.254);
#12745=CARTESIAN_POINT('',(5.7785,-12.319,-9.0551));
#12746=CARTESIAN_POINT('',(5.7785,-12.319,-9.0551));
#12747=VECTOR('',#16264,0.508);
#12748=CARTESIAN_POINT('',(5.7785,-12.319,-9.3091));
#12749=VECTOR('',#16265,0.254);
#12750=CARTESIAN_POINT('',(3.6195,-12.319,-13.6017));
#12751=CARTESIAN_POINT('',(3.6195,-12.319,-13.3477));
#12752=CARTESIAN_POINT('',(3.6195,-12.319,-13.6017));
#12753=VECTOR('',#16266,0.254);
#12754=CARTESIAN_POINT('',(3.1115,-12.319,-13.6017));
#12755=CARTESIAN_POINT('',(3.1115,-12.319,-13.6017));
#12756=VECTOR('',#16267,0.508);
#12757=CARTESIAN_POINT('',(3.1115,-12.319,-13.3477));
#12758=CARTESIAN_POINT('',(3.1115,-12.319,-13.3477));
#12759=VECTOR('',#16268,0.254);
#12760=CARTESIAN_POINT('',(3.6195,-12.319,-13.3477));
#12761=VECTOR('',#16269,0.508);
#12762=CARTESIAN_POINT('',(3.1115,-12.319,-9.3091));
#12763=CARTESIAN_POINT('',(3.6195,-12.319,-9.3091));
#12764=CARTESIAN_POINT('',(3.1115,-12.319,-9.3091));
#12765=VECTOR('',#16270,0.508);
#12766=CARTESIAN_POINT('',(3.1115,-12.319,-9.0551));
#12767=CARTESIAN_POINT('',(3.1115,-12.319,-9.0551));
#12768=VECTOR('',#16271,0.254);
#12769=CARTESIAN_POINT('',(3.6195,-12.319,-9.0551));
#12770=CARTESIAN_POINT('',(3.6195,-12.319,-9.0551));
#12771=VECTOR('',#16272,0.508);
#12772=CARTESIAN_POINT('',(3.6195,-12.319,-9.3091));
#12773=VECTOR('',#16273,0.254);
#12774=CARTESIAN_POINT('',(1.4605,-12.319,-13.6017));
#12775=CARTESIAN_POINT('',(1.4605,-12.319,-13.3477));
#12776=CARTESIAN_POINT('',(1.4605,-12.319,-13.6017));
#12777=VECTOR('',#16274,0.254);
#12778=CARTESIAN_POINT('',(0.9525,-12.319,-13.6017));
#12779=CARTESIAN_POINT('',(0.9525,-12.319,-13.6017));
#12780=VECTOR('',#16275,0.508);
#12781=CARTESIAN_POINT('',(0.9525,-12.319,-13.3477));
#12782=CARTESIAN_POINT('',(0.9525,-12.319,-13.3477));
#12783=VECTOR('',#16276,0.254);
#12784=CARTESIAN_POINT('',(1.4605,-12.319,-13.3477));
#12785=VECTOR('',#16277,0.508);
#12786=CARTESIAN_POINT('',(0.9525,-12.319,-9.3091));
#12787=CARTESIAN_POINT('',(1.4605,-12.319,-9.3091));
#12788=CARTESIAN_POINT('',(0.9525,-12.319,-9.3091));
#12789=VECTOR('',#16278,0.508);
#12790=CARTESIAN_POINT('',(0.9525,-12.319,-9.0551));
#12791=CARTESIAN_POINT('',(0.9525,-12.319,-9.0551));
#12792=VECTOR('',#16279,0.254);
#12793=CARTESIAN_POINT('',(1.4605,-12.319,-9.0551));
#12794=CARTESIAN_POINT('',(1.4605,-12.319,-9.0551));
#12795=VECTOR('',#16280,0.508);
#12796=CARTESIAN_POINT('',(1.4605,-12.319,-9.3091));
#12797=VECTOR('',#16281,0.254);
#12798=CARTESIAN_POINT('',(-0.6985,-12.319,-13.6017));
#12799=CARTESIAN_POINT('',(-0.6985,-12.319,-13.3477));
#12800=CARTESIAN_POINT('',(-0.6985,-12.319,-13.6017));
#12801=VECTOR('',#16282,0.254);
#12802=CARTESIAN_POINT('',(-1.2065,-12.319,-13.6017));
#12803=CARTESIAN_POINT('',(-1.2065,-12.319,-13.6017));
#12804=VECTOR('',#16283,0.508);
#12805=CARTESIAN_POINT('',(-1.2065,-12.319,-13.3477));
#12806=CARTESIAN_POINT('',(-1.2065,-12.319,-13.3477));
#12807=VECTOR('',#16284,0.254);
#12808=CARTESIAN_POINT('',(-0.6985,-12.319,-13.3477));
#12809=VECTOR('',#16285,0.508);
#12810=CARTESIAN_POINT('',(-1.2065,-12.319,-9.3091));
#12811=CARTESIAN_POINT('',(-0.6985,-12.319,-9.3091));
#12812=CARTESIAN_POINT('',(-1.2065,-12.319,-9.3091));
#12813=VECTOR('',#16286,0.508);
#12814=CARTESIAN_POINT('',(-1.2065,-12.319,-9.0551));
#12815=CARTESIAN_POINT('',(-1.2065,-12.319,-9.0551));
#12816=VECTOR('',#16287,0.254);
#12817=CARTESIAN_POINT('',(-0.6985,-12.319,-9.0551));
#12818=CARTESIAN_POINT('',(-0.6985,-12.319,-9.0551));
#12819=VECTOR('',#16288,0.508);
#12820=CARTESIAN_POINT('',(-0.6985,-12.319,-9.3091));
#12821=VECTOR('',#16289,0.254);
#12822=CARTESIAN_POINT('',(-2.8575,-12.319,-13.6017));
#12823=CARTESIAN_POINT('',(-2.8575,-12.319,-13.3477));
#12824=CARTESIAN_POINT('',(-2.8575,-12.319,-13.6017));
#12825=VECTOR('',#16290,0.254);
#12826=CARTESIAN_POINT('',(-3.3655,-12.319,-13.6017));
#12827=CARTESIAN_POINT('',(-3.3655,-12.319,-13.6017));
#12828=VECTOR('',#16291,0.508);
#12829=CARTESIAN_POINT('',(-3.3655,-12.319,-13.3477));
#12830=CARTESIAN_POINT('',(-3.3655,-12.319,-13.3477));
#12831=VECTOR('',#16292,0.254);
#12832=CARTESIAN_POINT('',(-2.8575,-12.319,-13.3477));
#12833=VECTOR('',#16293,0.508);
#12834=CARTESIAN_POINT('',(-3.3655,-12.319,-9.3091));
#12835=CARTESIAN_POINT('',(-2.8575,-12.319,-9.3091));
#12836=CARTESIAN_POINT('',(-3.3655,-12.319,-9.3091));
#12837=VECTOR('',#16294,0.508);
#12838=CARTESIAN_POINT('',(-3.3655,-12.319,-9.0551));
#12839=CARTESIAN_POINT('',(-3.3655,-12.319,-9.0551));
#12840=VECTOR('',#16295,0.254);
#12841=CARTESIAN_POINT('',(-2.8575,-12.319,-9.0551));
#12842=CARTESIAN_POINT('',(-2.8575,-12.319,-9.0551));
#12843=VECTOR('',#16296,0.508);
#12844=CARTESIAN_POINT('',(-2.8575,-12.319,-9.3091));
#12845=VECTOR('',#16297,0.254);
#12846=CARTESIAN_POINT('',(-5.0165,-12.319,-13.6017));
#12847=CARTESIAN_POINT('',(-5.0165,-12.319,-13.3477));
#12848=CARTESIAN_POINT('',(-5.0165,-12.319,-13.6017));
#12849=VECTOR('',#16298,0.254);
#12850=CARTESIAN_POINT('',(-5.5245,-12.319,-13.6017));
#12851=CARTESIAN_POINT('',(-5.5245,-12.319,-13.6017));
#12852=VECTOR('',#16299,0.508);
#12853=CARTESIAN_POINT('',(-5.5245,-12.319,-13.3477));
#12854=CARTESIAN_POINT('',(-5.5245,-12.319,-13.3477));
#12855=VECTOR('',#16300,0.254);
#12856=CARTESIAN_POINT('',(-5.0165,-12.319,-13.3477));
#12857=VECTOR('',#16301,0.508);
#12858=CARTESIAN_POINT('',(-5.5245,-12.319,-9.3091));
#12859=CARTESIAN_POINT('',(-5.0165,-12.319,-9.3091));
#12860=CARTESIAN_POINT('',(-5.5245,-12.319,-9.3091));
#12861=VECTOR('',#16302,0.508);
#12862=CARTESIAN_POINT('',(-5.5245,-12.319,-9.0551));
#12863=CARTESIAN_POINT('',(-5.5245,-12.319,-9.0551));
#12864=VECTOR('',#16303,0.254);
#12865=CARTESIAN_POINT('',(-5.0165,-12.319,-9.0551));
#12866=CARTESIAN_POINT('',(-5.0165,-12.319,-9.0551));
#12867=VECTOR('',#16304,0.508);
#12868=CARTESIAN_POINT('',(-5.0165,-12.319,-9.3091));
#12869=VECTOR('',#16305,0.254);
#12870=CARTESIAN_POINT('',(-7.1755,-12.319,-13.6017));
#12871=CARTESIAN_POINT('',(-7.1755,-12.319,-13.3477));
#12872=CARTESIAN_POINT('',(-7.1755,-12.319,-13.6017));
#12873=VECTOR('',#16306,0.254);
#12874=CARTESIAN_POINT('',(-7.6835,-12.319,-13.6017));
#12875=CARTESIAN_POINT('',(-7.6835,-12.319,-13.6017));
#12876=VECTOR('',#16307,0.508);
#12877=CARTESIAN_POINT('',(-7.6835,-12.319,-13.3477));
#12878=CARTESIAN_POINT('',(-7.6835,-12.319,-13.3477));
#12879=VECTOR('',#16308,0.254);
#12880=CARTESIAN_POINT('',(-7.1755,-12.319,-13.3477));
#12881=VECTOR('',#16309,0.508);
#12882=CARTESIAN_POINT('',(-7.6835,-12.319,-9.3091));
#12883=CARTESIAN_POINT('',(-7.1755,-12.319,-9.3091));
#12884=CARTESIAN_POINT('',(-7.6835,-12.319,-9.3091));
#12885=VECTOR('',#16310,0.508);
#12886=CARTESIAN_POINT('',(-7.6835,-12.319,-9.0551));
#12887=CARTESIAN_POINT('',(-7.6835,-12.319,-9.0551));
#12888=VECTOR('',#16311,0.254);
#12889=CARTESIAN_POINT('',(-7.1755,-12.319,-9.0551));
#12890=CARTESIAN_POINT('',(-7.1755,-12.319,-9.0551));
#12891=VECTOR('',#16312,0.508);
#12892=CARTESIAN_POINT('',(-7.1755,-12.319,-9.3091));
#12893=VECTOR('',#16313,0.254);
#12894=CARTESIAN_POINT('',(-9.3345,-12.319,-13.6017));
#12895=CARTESIAN_POINT('',(-9.3345,-12.319,-13.3477));
#12896=CARTESIAN_POINT('',(-9.3345,-12.319,-13.6017));
#12897=VECTOR('',#16314,0.254);
#12898=CARTESIAN_POINT('',(-9.8425,-12.319,-13.6017));
#12899=CARTESIAN_POINT('',(-9.8425,-12.319,-13.6017));
#12900=VECTOR('',#16315,0.508);
#12901=CARTESIAN_POINT('',(-9.8425,-12.319,-13.3477));
#12902=CARTESIAN_POINT('',(-9.8425,-12.319,-13.3477));
#12903=VECTOR('',#16316,0.254);
#12904=CARTESIAN_POINT('',(-9.3345,-12.319,-13.3477));
#12905=VECTOR('',#16317,0.508);
#12906=CARTESIAN_POINT('',(-9.8425,-12.319,-9.3091));
#12907=CARTESIAN_POINT('',(-9.3345,-12.319,-9.3091));
#12908=CARTESIAN_POINT('',(-9.8425,-12.319,-9.3091));
#12909=VECTOR('',#16318,0.508);
#12910=CARTESIAN_POINT('',(-9.8425,-12.319,-9.0551));
#12911=CARTESIAN_POINT('',(-9.8425,-12.319,-9.0551));
#12912=VECTOR('',#16319,0.254);
#12913=CARTESIAN_POINT('',(-9.3345,-12.319,-9.0551));
#12914=CARTESIAN_POINT('',(-9.3345,-12.319,-9.0551));
#12915=VECTOR('',#16320,0.508);
#12916=CARTESIAN_POINT('',(-9.3345,-12.319,-9.3091));
#12917=VECTOR('',#16321,0.254);
#12918=CARTESIAN_POINT('',(-11.4935,-12.319,-13.6017));
#12919=CARTESIAN_POINT('',(-11.4935,-12.319,-13.3477));
#12920=CARTESIAN_POINT('',(-11.4935,-12.319,-13.6017));
#12921=VECTOR('',#16322,0.254);
#12922=CARTESIAN_POINT('',(-12.0015,-12.319,-13.6017));
#12923=CARTESIAN_POINT('',(-12.0015,-12.319,-13.6017));
#12924=VECTOR('',#16323,0.508);
#12925=CARTESIAN_POINT('',(-12.0015,-12.319,-13.3477));
#12926=CARTESIAN_POINT('',(-12.0015,-12.319,-13.3477));
#12927=VECTOR('',#16324,0.254);
#12928=CARTESIAN_POINT('',(-11.4935,-12.319,-13.3477));
#12929=VECTOR('',#16325,0.508);
#12930=CARTESIAN_POINT('',(-12.0015,-12.319,-9.3091));
#12931=CARTESIAN_POINT('',(-11.4935,-12.319,-9.3091));
#12932=CARTESIAN_POINT('',(-12.0015,-12.319,-9.3091));
#12933=VECTOR('',#16326,0.508);
#12934=CARTESIAN_POINT('',(-12.0015,-12.319,-9.0551));
#12935=CARTESIAN_POINT('',(-12.0015,-12.319,-9.0551));
#12936=VECTOR('',#16327,0.254);
#12937=CARTESIAN_POINT('',(-11.4935,-12.319,-9.0551));
#12938=CARTESIAN_POINT('',(-11.4935,-12.319,-9.0551));
#12939=VECTOR('',#16328,0.508);
#12940=CARTESIAN_POINT('',(-11.4935,-12.319,-9.3091));
#12941=VECTOR('',#16329,0.254);
#12942=CARTESIAN_POINT('',(-13.6525,-12.319,-13.6017));
#12943=CARTESIAN_POINT('',(-13.6525,-12.319,-13.3477));
#12944=CARTESIAN_POINT('',(-13.6525,-12.319,-13.6017));
#12945=VECTOR('',#16330,0.254);
#12946=CARTESIAN_POINT('',(-14.1605,-12.319,-13.6017));
#12947=CARTESIAN_POINT('',(-14.1605,-12.319,-13.6017));
#12948=VECTOR('',#16331,0.508);
#12949=CARTESIAN_POINT('',(-14.1605,-12.319,-13.3477));
#12950=CARTESIAN_POINT('',(-14.1605,-12.319,-13.3477));
#12951=VECTOR('',#16332,0.254);
#12952=CARTESIAN_POINT('',(-13.6525,-12.319,-13.3477));
#12953=VECTOR('',#16333,0.508);
#12954=CARTESIAN_POINT('',(-14.1605,-12.319,-9.3091));
#12955=CARTESIAN_POINT('',(-13.6525,-12.319,-9.3091));
#12956=CARTESIAN_POINT('',(-14.1605,-12.319,-9.3091));
#12957=VECTOR('',#16334,0.508);
#12958=CARTESIAN_POINT('',(-14.1605,-12.319,-9.0551));
#12959=CARTESIAN_POINT('',(-14.1605,-12.319,-9.0551));
#12960=VECTOR('',#16335,0.254);
#12961=CARTESIAN_POINT('',(-13.6525,-12.319,-9.0551));
#12962=CARTESIAN_POINT('',(-13.6525,-12.319,-9.0551));
#12963=VECTOR('',#16336,0.508);
#12964=CARTESIAN_POINT('',(-13.6525,-12.319,-9.3091));
#12965=VECTOR('',#16337,0.254);
#12966=CARTESIAN_POINT('',(-15.8115,-12.319,-13.6017));
#12967=CARTESIAN_POINT('',(-15.8115,-12.319,-13.3477));
#12968=CARTESIAN_POINT('',(-15.8115,-12.319,-13.6017));
#12969=VECTOR('',#16338,0.254);
#12970=CARTESIAN_POINT('',(-16.3195,-12.319,-13.6017));
#12971=CARTESIAN_POINT('',(-16.3195,-12.319,-13.6017));
#12972=VECTOR('',#16339,0.508);
#12973=CARTESIAN_POINT('',(-16.3195,-12.319,-13.3477));
#12974=CARTESIAN_POINT('',(-16.3195,-12.319,-13.3477));
#12975=VECTOR('',#16340,0.254);
#12976=CARTESIAN_POINT('',(-15.8115,-12.319,-13.3477));
#12977=VECTOR('',#16341,0.508);
#12978=CARTESIAN_POINT('',(-16.3195,-12.319,-9.3091));
#12979=CARTESIAN_POINT('',(-15.8115,-12.319,-9.3091));
#12980=CARTESIAN_POINT('',(-16.3195,-12.319,-9.3091));
#12981=VECTOR('',#16342,0.508);
#12982=CARTESIAN_POINT('',(-16.3195,-12.319,-9.0551));
#12983=CARTESIAN_POINT('',(-16.3195,-12.319,-9.0551));
#12984=VECTOR('',#16343,0.254);
#12985=CARTESIAN_POINT('',(-15.8115,-12.319,-9.0551));
#12986=CARTESIAN_POINT('',(-15.8115,-12.319,-9.0551));
#12987=VECTOR('',#16344,0.508);
#12988=CARTESIAN_POINT('',(-15.8115,-12.319,-9.3091));
#12989=VECTOR('',#16345,0.254);
#12990=CARTESIAN_POINT('',(-17.9705,-12.319,-13.6017));
#12991=CARTESIAN_POINT('',(-17.9705,-12.319,-13.3477));
#12992=CARTESIAN_POINT('',(-17.9705,-12.319,-13.6017));
#12993=VECTOR('',#16346,0.254);
#12994=CARTESIAN_POINT('',(-18.4785,-12.319,-13.6017));
#12995=CARTESIAN_POINT('',(-18.4785,-12.319,-13.6017));
#12996=VECTOR('',#16347,0.508);
#12997=CARTESIAN_POINT('',(-18.4785,-12.319,-13.3477));
#12998=CARTESIAN_POINT('',(-18.4785,-12.319,-13.3477));
#12999=VECTOR('',#16348,0.254);
#13000=CARTESIAN_POINT('',(-17.9705,-12.319,-13.3477));
#13001=VECTOR('',#16349,0.508);
#13002=CARTESIAN_POINT('',(-18.4785,-12.319,-9.3091));
#13003=CARTESIAN_POINT('',(-17.9705,-12.319,-9.3091));
#13004=CARTESIAN_POINT('',(-18.4785,-12.319,-9.3091));
#13005=VECTOR('',#16350,0.508);
#13006=CARTESIAN_POINT('',(-18.4785,-12.319,-9.0551));
#13007=CARTESIAN_POINT('',(-18.4785,-12.319,-9.0551));
#13008=VECTOR('',#16351,0.254);
#13009=CARTESIAN_POINT('',(-17.9705,-12.319,-9.0551));
#13010=CARTESIAN_POINT('',(-17.9705,-12.319,-9.0551));
#13011=VECTOR('',#16352,0.508);
#13012=CARTESIAN_POINT('',(-17.9705,-12.319,-9.3091));
#13013=VECTOR('',#16353,0.254);
#13014=CARTESIAN_POINT('',(18.2245,-12.8778,-13.3477));
#13015=CARTESIAN_POINT('',(18.2245,-12.319,-13.3477));
#13016=VECTOR('',#16354,0.5588);
#13017=CARTESIAN_POINT('',(18.7325,-12.8778,-13.3477));
#13018=CARTESIAN_POINT('',(18.7325,-12.8778,-13.3477));
#13019=VECTOR('',#16355,0.508);
#13020=CARTESIAN_POINT('',(18.7325,-12.319,-13.3477));
#13021=VECTOR('',#16356,0.5588);
#13022=CARTESIAN_POINT('',(18.7325,-12.8778,-13.6017));
#13023=CARTESIAN_POINT('',(18.7325,-12.8778,-13.6017));
#13024=VECTOR('',#16357,0.254);
#13025=CARTESIAN_POINT('',(18.7325,-12.319,-13.6017));
#13026=VECTOR('',#16358,0.5588);
#13027=CARTESIAN_POINT('',(18.2245,-12.8778,-13.6017));
#13028=CARTESIAN_POINT('',(18.2245,-12.8778,-13.6017));
#13029=VECTOR('',#16359,0.508);
#13030=CARTESIAN_POINT('',(18.2245,-12.319,-13.6017));
#13031=VECTOR('',#16360,0.5588);
#13032=CARTESIAN_POINT('',(18.2245,-12.8778,-13.3477));
#13033=VECTOR('',#16361,0.254);
#13034=CARTESIAN_POINT('',(18.7325,-12.8778,-9.0551));
#13035=CARTESIAN_POINT('',(18.2245,-12.8778,-9.0551));
#13036=CARTESIAN_POINT('',(18.7325,-12.8778,-9.0551));
#13037=VECTOR('',#16362,0.508);
#13038=CARTESIAN_POINT('',(18.2245,-12.8778,-9.3091));
#13039=CARTESIAN_POINT('',(18.2245,-12.8778,-9.0551));
#13040=VECTOR('',#16363,0.254);
#13041=CARTESIAN_POINT('',(18.7325,-12.8778,-9.3091));
#13042=CARTESIAN_POINT('',(18.2245,-12.8778,-9.3091));
#13043=VECTOR('',#16364,0.508);
#13044=CARTESIAN_POINT('',(18.7325,-12.8778,-9.3091));
#13045=VECTOR('',#16365,0.254);
#13046=CARTESIAN_POINT('',(18.7325,-12.319,-9.0551));
#13047=VECTOR('',#16366,0.5588);
#13048=CARTESIAN_POINT('',(18.7325,-12.319,-9.3091));
#13049=VECTOR('',#16367,0.5588);
#13050=CARTESIAN_POINT('',(18.2245,-12.319,-9.3091));
#13051=VECTOR('',#16368,0.5588);
#13052=CARTESIAN_POINT('',(18.2245,-12.319,-9.0551));
#13053=VECTOR('',#16369,0.5588);
#13054=CARTESIAN_POINT('',(16.0655,-12.8778,-13.3477));
#13055=CARTESIAN_POINT('',(16.0655,-12.319,-13.3477));
#13056=VECTOR('',#16370,0.5588);
#13057=CARTESIAN_POINT('',(16.5735,-12.8778,-13.3477));
#13058=CARTESIAN_POINT('',(16.5735,-12.8778,-13.3477));
#13059=VECTOR('',#16371,0.508);
#13060=CARTESIAN_POINT('',(16.5735,-12.319,-13.3477));
#13061=VECTOR('',#16372,0.5588);
#13062=CARTESIAN_POINT('',(16.5735,-12.8778,-13.6017));
#13063=CARTESIAN_POINT('',(16.5735,-12.8778,-13.6017));
#13064=VECTOR('',#16373,0.254);
#13065=CARTESIAN_POINT('',(16.5735,-12.319,-13.6017));
#13066=VECTOR('',#16374,0.5588);
#13067=CARTESIAN_POINT('',(16.0655,-12.8778,-13.6017));
#13068=CARTESIAN_POINT('',(16.0655,-12.8778,-13.6017));
#13069=VECTOR('',#16375,0.508);
#13070=CARTESIAN_POINT('',(16.0655,-12.319,-13.6017));
#13071=VECTOR('',#16376,0.5588);
#13072=CARTESIAN_POINT('',(16.0655,-12.8778,-13.3477));
#13073=VECTOR('',#16377,0.254);
#13074=CARTESIAN_POINT('',(16.5735,-12.8778,-9.0551));
#13075=CARTESIAN_POINT('',(16.0655,-12.8778,-9.0551));
#13076=CARTESIAN_POINT('',(16.5735,-12.8778,-9.0551));
#13077=VECTOR('',#16378,0.508);
#13078=CARTESIAN_POINT('',(16.0655,-12.8778,-9.3091));
#13079=CARTESIAN_POINT('',(16.0655,-12.8778,-9.0551));
#13080=VECTOR('',#16379,0.254);
#13081=CARTESIAN_POINT('',(16.5735,-12.8778,-9.3091));
#13082=CARTESIAN_POINT('',(16.0655,-12.8778,-9.3091));
#13083=VECTOR('',#16380,0.508);
#13084=CARTESIAN_POINT('',(16.5735,-12.8778,-9.3091));
#13085=VECTOR('',#16381,0.254);
#13086=CARTESIAN_POINT('',(16.5735,-12.319,-9.0551));
#13087=VECTOR('',#16382,0.5588);
#13088=CARTESIAN_POINT('',(16.5735,-12.319,-9.3091));
#13089=VECTOR('',#16383,0.5588);
#13090=CARTESIAN_POINT('',(16.0655,-12.319,-9.3091));
#13091=VECTOR('',#16384,0.5588);
#13092=CARTESIAN_POINT('',(16.0655,-12.319,-9.0551));
#13093=VECTOR('',#16385,0.5588);
#13094=CARTESIAN_POINT('',(13.9065,-12.8778,-13.3477));
#13095=CARTESIAN_POINT('',(13.9065,-12.319,-13.3477));
#13096=VECTOR('',#16386,0.5588);
#13097=CARTESIAN_POINT('',(14.4145,-12.8778,-13.3477));
#13098=CARTESIAN_POINT('',(14.4145,-12.8778,-13.3477));
#13099=VECTOR('',#16387,0.508);
#13100=CARTESIAN_POINT('',(14.4145,-12.319,-13.3477));
#13101=VECTOR('',#16388,0.5588);
#13102=CARTESIAN_POINT('',(14.4145,-12.8778,-13.6017));
#13103=CARTESIAN_POINT('',(14.4145,-12.8778,-13.6017));
#13104=VECTOR('',#16389,0.254);
#13105=CARTESIAN_POINT('',(14.4145,-12.319,-13.6017));
#13106=VECTOR('',#16390,0.5588);
#13107=CARTESIAN_POINT('',(13.9065,-12.8778,-13.6017));
#13108=CARTESIAN_POINT('',(13.9065,-12.8778,-13.6017));
#13109=VECTOR('',#16391,0.508);
#13110=CARTESIAN_POINT('',(13.9065,-12.319,-13.6017));
#13111=VECTOR('',#16392,0.5588);
#13112=CARTESIAN_POINT('',(13.9065,-12.8778,-13.3477));
#13113=VECTOR('',#16393,0.254);
#13114=CARTESIAN_POINT('',(14.4145,-12.8778,-9.0551));
#13115=CARTESIAN_POINT('',(13.9065,-12.8778,-9.0551));
#13116=CARTESIAN_POINT('',(14.4145,-12.8778,-9.0551));
#13117=VECTOR('',#16394,0.508);
#13118=CARTESIAN_POINT('',(13.9065,-12.8778,-9.3091));
#13119=CARTESIAN_POINT('',(13.9065,-12.8778,-9.0551));
#13120=VECTOR('',#16395,0.254);
#13121=CARTESIAN_POINT('',(14.4145,-12.8778,-9.3091));
#13122=CARTESIAN_POINT('',(13.9065,-12.8778,-9.3091));
#13123=VECTOR('',#16396,0.508);
#13124=CARTESIAN_POINT('',(14.4145,-12.8778,-9.3091));
#13125=VECTOR('',#16397,0.254);
#13126=CARTESIAN_POINT('',(14.4145,-12.319,-9.0551));
#13127=VECTOR('',#16398,0.5588);
#13128=CARTESIAN_POINT('',(14.4145,-12.319,-9.3091));
#13129=VECTOR('',#16399,0.5588);
#13130=CARTESIAN_POINT('',(13.9065,-12.319,-9.3091));
#13131=VECTOR('',#16400,0.5588);
#13132=CARTESIAN_POINT('',(13.9065,-12.319,-9.0551));
#13133=VECTOR('',#16401,0.5588);
#13134=CARTESIAN_POINT('',(11.7475,-12.8778,-13.3477));
#13135=CARTESIAN_POINT('',(11.7475,-12.319,-13.3477));
#13136=VECTOR('',#16402,0.5588);
#13137=CARTESIAN_POINT('',(12.2555,-12.8778,-13.3477));
#13138=CARTESIAN_POINT('',(12.2555,-12.8778,-13.3477));
#13139=VECTOR('',#16403,0.508);
#13140=CARTESIAN_POINT('',(12.2555,-12.319,-13.3477));
#13141=VECTOR('',#16404,0.5588);
#13142=CARTESIAN_POINT('',(12.2555,-12.8778,-13.6017));
#13143=CARTESIAN_POINT('',(12.2555,-12.8778,-13.6017));
#13144=VECTOR('',#16405,0.254);
#13145=CARTESIAN_POINT('',(12.2555,-12.319,-13.6017));
#13146=VECTOR('',#16406,0.5588);
#13147=CARTESIAN_POINT('',(11.7475,-12.8778,-13.6017));
#13148=CARTESIAN_POINT('',(11.7475,-12.8778,-13.6017));
#13149=VECTOR('',#16407,0.508);
#13150=CARTESIAN_POINT('',(11.7475,-12.319,-13.6017));
#13151=VECTOR('',#16408,0.5588);
#13152=CARTESIAN_POINT('',(11.7475,-12.8778,-13.3477));
#13153=VECTOR('',#16409,0.254);
#13154=CARTESIAN_POINT('',(12.2555,-12.8778,-9.0551));
#13155=CARTESIAN_POINT('',(11.7475,-12.8778,-9.0551));
#13156=CARTESIAN_POINT('',(12.2555,-12.8778,-9.0551));
#13157=VECTOR('',#16410,0.508);
#13158=CARTESIAN_POINT('',(11.7475,-12.8778,-9.3091));
#13159=CARTESIAN_POINT('',(11.7475,-12.8778,-9.0551));
#13160=VECTOR('',#16411,0.254);
#13161=CARTESIAN_POINT('',(12.2555,-12.8778,-9.3091));
#13162=CARTESIAN_POINT('',(11.7475,-12.8778,-9.3091));
#13163=VECTOR('',#16412,0.508);
#13164=CARTESIAN_POINT('',(12.2555,-12.8778,-9.3091));
#13165=VECTOR('',#16413,0.254);
#13166=CARTESIAN_POINT('',(12.2555,-12.319,-9.0551));
#13167=VECTOR('',#16414,0.5588);
#13168=CARTESIAN_POINT('',(12.2555,-12.319,-9.3091));
#13169=VECTOR('',#16415,0.5588);
#13170=CARTESIAN_POINT('',(11.7475,-12.319,-9.3091));
#13171=VECTOR('',#16416,0.5588);
#13172=CARTESIAN_POINT('',(11.7475,-12.319,-9.0551));
#13173=VECTOR('',#16417,0.5588);
#13174=CARTESIAN_POINT('',(9.5885,-12.8778,-13.3477));
#13175=CARTESIAN_POINT('',(9.5885,-12.319,-13.3477));
#13176=VECTOR('',#16418,0.5588);
#13177=CARTESIAN_POINT('',(10.0965,-12.8778,-13.3477));
#13178=CARTESIAN_POINT('',(10.0965,-12.8778,-13.3477));
#13179=VECTOR('',#16419,0.508);
#13180=CARTESIAN_POINT('',(10.0965,-12.319,-13.3477));
#13181=VECTOR('',#16420,0.5588);
#13182=CARTESIAN_POINT('',(10.0965,-12.8778,-13.6017));
#13183=CARTESIAN_POINT('',(10.0965,-12.8778,-13.6017));
#13184=VECTOR('',#16421,0.254);
#13185=CARTESIAN_POINT('',(10.0965,-12.319,-13.6017));
#13186=VECTOR('',#16422,0.5588);
#13187=CARTESIAN_POINT('',(9.5885,-12.8778,-13.6017));
#13188=CARTESIAN_POINT('',(9.5885,-12.8778,-13.6017));
#13189=VECTOR('',#16423,0.508);
#13190=CARTESIAN_POINT('',(9.5885,-12.319,-13.6017));
#13191=VECTOR('',#16424,0.5588);
#13192=CARTESIAN_POINT('',(9.5885,-12.8778,-13.3477));
#13193=VECTOR('',#16425,0.254);
#13194=CARTESIAN_POINT('',(10.0965,-12.8778,-9.0551));
#13195=CARTESIAN_POINT('',(9.5885,-12.8778,-9.0551));
#13196=CARTESIAN_POINT('',(10.0965,-12.8778,-9.0551));
#13197=VECTOR('',#16426,0.508);
#13198=CARTESIAN_POINT('',(9.5885,-12.8778,-9.3091));
#13199=CARTESIAN_POINT('',(9.5885,-12.8778,-9.0551));
#13200=VECTOR('',#16427,0.254);
#13201=CARTESIAN_POINT('',(10.0965,-12.8778,-9.3091));
#13202=CARTESIAN_POINT('',(9.5885,-12.8778,-9.3091));
#13203=VECTOR('',#16428,0.508);
#13204=CARTESIAN_POINT('',(10.0965,-12.8778,-9.3091));
#13205=VECTOR('',#16429,0.254);
#13206=CARTESIAN_POINT('',(10.0965,-12.319,-9.0551));
#13207=VECTOR('',#16430,0.5588);
#13208=CARTESIAN_POINT('',(10.0965,-12.319,-9.3091));
#13209=VECTOR('',#16431,0.5588);
#13210=CARTESIAN_POINT('',(9.5885,-12.319,-9.3091));
#13211=VECTOR('',#16432,0.5588);
#13212=CARTESIAN_POINT('',(9.5885,-12.319,-9.0551));
#13213=VECTOR('',#16433,0.5588);
#13214=CARTESIAN_POINT('',(7.4295,-12.8778,-13.3477));
#13215=CARTESIAN_POINT('',(7.4295,-12.319,-13.3477));
#13216=VECTOR('',#16434,0.5588);
#13217=CARTESIAN_POINT('',(7.9375,-12.8778,-13.3477));
#13218=CARTESIAN_POINT('',(7.9375,-12.8778,-13.3477));
#13219=VECTOR('',#16435,0.508);
#13220=CARTESIAN_POINT('',(7.9375,-12.319,-13.3477));
#13221=VECTOR('',#16436,0.5588);
#13222=CARTESIAN_POINT('',(7.9375,-12.8778,-13.6017));
#13223=CARTESIAN_POINT('',(7.9375,-12.8778,-13.6017));
#13224=VECTOR('',#16437,0.254);
#13225=CARTESIAN_POINT('',(7.9375,-12.319,-13.6017));
#13226=VECTOR('',#16438,0.5588);
#13227=CARTESIAN_POINT('',(7.4295,-12.8778,-13.6017));
#13228=CARTESIAN_POINT('',(7.4295,-12.8778,-13.6017));
#13229=VECTOR('',#16439,0.508);
#13230=CARTESIAN_POINT('',(7.4295,-12.319,-13.6017));
#13231=VECTOR('',#16440,0.5588);
#13232=CARTESIAN_POINT('',(7.4295,-12.8778,-13.3477));
#13233=VECTOR('',#16441,0.254);
#13234=CARTESIAN_POINT('',(7.9375,-12.8778,-9.0551));
#13235=CARTESIAN_POINT('',(7.4295,-12.8778,-9.0551));
#13236=CARTESIAN_POINT('',(7.9375,-12.8778,-9.0551));
#13237=VECTOR('',#16442,0.508);
#13238=CARTESIAN_POINT('',(7.4295,-12.8778,-9.3091));
#13239=CARTESIAN_POINT('',(7.4295,-12.8778,-9.0551));
#13240=VECTOR('',#16443,0.254);
#13241=CARTESIAN_POINT('',(7.9375,-12.8778,-9.3091));
#13242=CARTESIAN_POINT('',(7.4295,-12.8778,-9.3091));
#13243=VECTOR('',#16444,0.508);
#13244=CARTESIAN_POINT('',(7.9375,-12.8778,-9.3091));
#13245=VECTOR('',#16445,0.254);
#13246=CARTESIAN_POINT('',(7.9375,-12.319,-9.0551));
#13247=VECTOR('',#16446,0.5588);
#13248=CARTESIAN_POINT('',(7.9375,-12.319,-9.3091));
#13249=VECTOR('',#16447,0.5588);
#13250=CARTESIAN_POINT('',(7.4295,-12.319,-9.3091));
#13251=VECTOR('',#16448,0.5588);
#13252=CARTESIAN_POINT('',(7.4295,-12.319,-9.0551));
#13253=VECTOR('',#16449,0.5588);
#13254=CARTESIAN_POINT('',(5.2705,-12.8778,-13.3477));
#13255=CARTESIAN_POINT('',(5.2705,-12.319,-13.3477));
#13256=VECTOR('',#16450,0.5588);
#13257=CARTESIAN_POINT('',(5.7785,-12.8778,-13.3477));
#13258=CARTESIAN_POINT('',(5.7785,-12.8778,-13.3477));
#13259=VECTOR('',#16451,0.508);
#13260=CARTESIAN_POINT('',(5.7785,-12.319,-13.3477));
#13261=VECTOR('',#16452,0.5588);
#13262=CARTESIAN_POINT('',(5.7785,-12.8778,-13.6017));
#13263=CARTESIAN_POINT('',(5.7785,-12.8778,-13.6017));
#13264=VECTOR('',#16453,0.254);
#13265=CARTESIAN_POINT('',(5.7785,-12.319,-13.6017));
#13266=VECTOR('',#16454,0.5588);
#13267=CARTESIAN_POINT('',(5.2705,-12.8778,-13.6017));
#13268=CARTESIAN_POINT('',(5.2705,-12.8778,-13.6017));
#13269=VECTOR('',#16455,0.508);
#13270=CARTESIAN_POINT('',(5.2705,-12.319,-13.6017));
#13271=VECTOR('',#16456,0.5588);
#13272=CARTESIAN_POINT('',(5.2705,-12.8778,-13.3477));
#13273=VECTOR('',#16457,0.254);
#13274=CARTESIAN_POINT('',(5.7785,-12.8778,-9.0551));
#13275=CARTESIAN_POINT('',(5.2705,-12.8778,-9.0551));
#13276=CARTESIAN_POINT('',(5.7785,-12.8778,-9.0551));
#13277=VECTOR('',#16458,0.508);
#13278=CARTESIAN_POINT('',(5.2705,-12.8778,-9.3091));
#13279=CARTESIAN_POINT('',(5.2705,-12.8778,-9.0551));
#13280=VECTOR('',#16459,0.254);
#13281=CARTESIAN_POINT('',(5.7785,-12.8778,-9.3091));
#13282=CARTESIAN_POINT('',(5.2705,-12.8778,-9.3091));
#13283=VECTOR('',#16460,0.508);
#13284=CARTESIAN_POINT('',(5.7785,-12.8778,-9.3091));
#13285=VECTOR('',#16461,0.254);
#13286=CARTESIAN_POINT('',(5.7785,-12.319,-9.0551));
#13287=VECTOR('',#16462,0.5588);
#13288=CARTESIAN_POINT('',(5.7785,-12.319,-9.3091));
#13289=VECTOR('',#16463,0.5588);
#13290=CARTESIAN_POINT('',(5.2705,-12.319,-9.3091));
#13291=VECTOR('',#16464,0.5588);
#13292=CARTESIAN_POINT('',(5.2705,-12.319,-9.0551));
#13293=VECTOR('',#16465,0.5588);
#13294=CARTESIAN_POINT('',(3.1115,-12.8778,-13.3477));
#13295=CARTESIAN_POINT('',(3.1115,-12.319,-13.3477));
#13296=VECTOR('',#16466,0.5588);
#13297=CARTESIAN_POINT('',(3.6195,-12.8778,-13.3477));
#13298=CARTESIAN_POINT('',(3.6195,-12.8778,-13.3477));
#13299=VECTOR('',#16467,0.508);
#13300=CARTESIAN_POINT('',(3.6195,-12.319,-13.3477));
#13301=VECTOR('',#16468,0.5588);
#13302=CARTESIAN_POINT('',(3.6195,-12.8778,-13.6017));
#13303=CARTESIAN_POINT('',(3.6195,-12.8778,-13.6017));
#13304=VECTOR('',#16469,0.254);
#13305=CARTESIAN_POINT('',(3.6195,-12.319,-13.6017));
#13306=VECTOR('',#16470,0.5588);
#13307=CARTESIAN_POINT('',(3.1115,-12.8778,-13.6017));
#13308=CARTESIAN_POINT('',(3.1115,-12.8778,-13.6017));
#13309=VECTOR('',#16471,0.508);
#13310=CARTESIAN_POINT('',(3.1115,-12.319,-13.6017));
#13311=VECTOR('',#16472,0.5588);
#13312=CARTESIAN_POINT('',(3.1115,-12.8778,-13.3477));
#13313=VECTOR('',#16473,0.254);
#13314=CARTESIAN_POINT('',(3.6195,-12.8778,-9.0551));
#13315=CARTESIAN_POINT('',(3.1115,-12.8778,-9.0551));
#13316=CARTESIAN_POINT('',(3.6195,-12.8778,-9.0551));
#13317=VECTOR('',#16474,0.508);
#13318=CARTESIAN_POINT('',(3.1115,-12.8778,-9.3091));
#13319=CARTESIAN_POINT('',(3.1115,-12.8778,-9.0551));
#13320=VECTOR('',#16475,0.254);
#13321=CARTESIAN_POINT('',(3.6195,-12.8778,-9.3091));
#13322=CARTESIAN_POINT('',(3.1115,-12.8778,-9.3091));
#13323=VECTOR('',#16476,0.508);
#13324=CARTESIAN_POINT('',(3.6195,-12.8778,-9.3091));
#13325=VECTOR('',#16477,0.254);
#13326=CARTESIAN_POINT('',(3.6195,-12.319,-9.0551));
#13327=VECTOR('',#16478,0.5588);
#13328=CARTESIAN_POINT('',(3.6195,-12.319,-9.3091));
#13329=VECTOR('',#16479,0.5588);
#13330=CARTESIAN_POINT('',(3.1115,-12.319,-9.3091));
#13331=VECTOR('',#16480,0.5588);
#13332=CARTESIAN_POINT('',(3.1115,-12.319,-9.0551));
#13333=VECTOR('',#16481,0.5588);
#13334=CARTESIAN_POINT('',(0.9525,-12.8778,-13.3477));
#13335=CARTESIAN_POINT('',(0.9525,-12.319,-13.3477));
#13336=VECTOR('',#16482,0.5588);
#13337=CARTESIAN_POINT('',(1.4605,-12.8778,-13.3477));
#13338=CARTESIAN_POINT('',(1.4605,-12.8778,-13.3477));
#13339=VECTOR('',#16483,0.508);
#13340=CARTESIAN_POINT('',(1.4605,-12.319,-13.3477));
#13341=VECTOR('',#16484,0.5588);
#13342=CARTESIAN_POINT('',(1.4605,-12.8778,-13.6017));
#13343=CARTESIAN_POINT('',(1.4605,-12.8778,-13.6017));
#13344=VECTOR('',#16485,0.254);
#13345=CARTESIAN_POINT('',(1.4605,-12.319,-13.6017));
#13346=VECTOR('',#16486,0.5588);
#13347=CARTESIAN_POINT('',(0.9525,-12.8778,-13.6017));
#13348=CARTESIAN_POINT('',(0.9525,-12.8778,-13.6017));
#13349=VECTOR('',#16487,0.508);
#13350=CARTESIAN_POINT('',(0.9525,-12.319,-13.6017));
#13351=VECTOR('',#16488,0.5588);
#13352=CARTESIAN_POINT('',(0.9525,-12.8778,-13.3477));
#13353=VECTOR('',#16489,0.254);
#13354=CARTESIAN_POINT('',(1.4605,-12.8778,-9.0551));
#13355=CARTESIAN_POINT('',(0.9525,-12.8778,-9.0551));
#13356=CARTESIAN_POINT('',(1.4605,-12.8778,-9.0551));
#13357=VECTOR('',#16490,0.508);
#13358=CARTESIAN_POINT('',(0.9525,-12.8778,-9.3091));
#13359=CARTESIAN_POINT('',(0.9525,-12.8778,-9.0551));
#13360=VECTOR('',#16491,0.254);
#13361=CARTESIAN_POINT('',(1.4605,-12.8778,-9.3091));
#13362=CARTESIAN_POINT('',(0.9525,-12.8778,-9.3091));
#13363=VECTOR('',#16492,0.508);
#13364=CARTESIAN_POINT('',(1.4605,-12.8778,-9.3091));
#13365=VECTOR('',#16493,0.254);
#13366=CARTESIAN_POINT('',(1.4605,-12.319,-9.0551));
#13367=VECTOR('',#16494,0.5588);
#13368=CARTESIAN_POINT('',(1.4605,-12.319,-9.3091));
#13369=VECTOR('',#16495,0.5588);
#13370=CARTESIAN_POINT('',(0.9525,-12.319,-9.3091));
#13371=VECTOR('',#16496,0.5588);
#13372=CARTESIAN_POINT('',(0.9525,-12.319,-9.0551));
#13373=VECTOR('',#16497,0.5588);
#13374=CARTESIAN_POINT('',(-1.2065,-12.8778,-13.3477));
#13375=CARTESIAN_POINT('',(-1.2065,-12.319,-13.3477));
#13376=VECTOR('',#16498,0.5588);
#13377=CARTESIAN_POINT('',(-0.6985,-12.8778,-13.3477));
#13378=CARTESIAN_POINT('',(-0.6985,-12.8778,-13.3477));
#13379=VECTOR('',#16499,0.508);
#13380=CARTESIAN_POINT('',(-0.6985,-12.319,-13.3477));
#13381=VECTOR('',#16500,0.5588);
#13382=CARTESIAN_POINT('',(-0.6985,-12.8778,-13.6017));
#13383=CARTESIAN_POINT('',(-0.6985,-12.8778,-13.6017));
#13384=VECTOR('',#16501,0.254);
#13385=CARTESIAN_POINT('',(-0.6985,-12.319,-13.6017));
#13386=VECTOR('',#16502,0.5588);
#13387=CARTESIAN_POINT('',(-1.2065,-12.8778,-13.6017));
#13388=CARTESIAN_POINT('',(-1.2065,-12.8778,-13.6017));
#13389=VECTOR('',#16503,0.508);
#13390=CARTESIAN_POINT('',(-1.2065,-12.319,-13.6017));
#13391=VECTOR('',#16504,0.5588);
#13392=CARTESIAN_POINT('',(-1.2065,-12.8778,-13.3477));
#13393=VECTOR('',#16505,0.254);
#13394=CARTESIAN_POINT('',(-0.6985,-12.8778,-9.0551));
#13395=CARTESIAN_POINT('',(-1.2065,-12.8778,-9.0551));
#13396=CARTESIAN_POINT('',(-0.6985,-12.8778,-9.0551));
#13397=VECTOR('',#16506,0.508);
#13398=CARTESIAN_POINT('',(-1.2065,-12.8778,-9.3091));
#13399=CARTESIAN_POINT('',(-1.2065,-12.8778,-9.0551));
#13400=VECTOR('',#16507,0.254);
#13401=CARTESIAN_POINT('',(-0.6985,-12.8778,-9.3091));
#13402=CARTESIAN_POINT('',(-1.2065,-12.8778,-9.3091));
#13403=VECTOR('',#16508,0.508);
#13404=CARTESIAN_POINT('',(-0.6985,-12.8778,-9.3091));
#13405=VECTOR('',#16509,0.254);
#13406=CARTESIAN_POINT('',(-0.6985,-12.319,-9.0551));
#13407=VECTOR('',#16510,0.5588);
#13408=CARTESIAN_POINT('',(-0.6985,-12.319,-9.3091));
#13409=VECTOR('',#16511,0.5588);
#13410=CARTESIAN_POINT('',(-1.2065,-12.319,-9.3091));
#13411=VECTOR('',#16512,0.5588);
#13412=CARTESIAN_POINT('',(-1.2065,-12.319,-9.0551));
#13413=VECTOR('',#16513,0.5588);
#13414=CARTESIAN_POINT('',(-3.3655,-12.8778,-13.3477));
#13415=CARTESIAN_POINT('',(-3.3655,-12.319,-13.3477));
#13416=VECTOR('',#16514,0.5588);
#13417=CARTESIAN_POINT('',(-2.8575,-12.8778,-13.3477));
#13418=CARTESIAN_POINT('',(-2.8575,-12.8778,-13.3477));
#13419=VECTOR('',#16515,0.508);
#13420=CARTESIAN_POINT('',(-2.8575,-12.319,-13.3477));
#13421=VECTOR('',#16516,0.5588);
#13422=CARTESIAN_POINT('',(-2.8575,-12.8778,-13.6017));
#13423=CARTESIAN_POINT('',(-2.8575,-12.8778,-13.6017));
#13424=VECTOR('',#16517,0.254);
#13425=CARTESIAN_POINT('',(-2.8575,-12.319,-13.6017));
#13426=VECTOR('',#16518,0.5588);
#13427=CARTESIAN_POINT('',(-3.3655,-12.8778,-13.6017));
#13428=CARTESIAN_POINT('',(-3.3655,-12.8778,-13.6017));
#13429=VECTOR('',#16519,0.508);
#13430=CARTESIAN_POINT('',(-3.3655,-12.319,-13.6017));
#13431=VECTOR('',#16520,0.5588);
#13432=CARTESIAN_POINT('',(-3.3655,-12.8778,-13.3477));
#13433=VECTOR('',#16521,0.254);
#13434=CARTESIAN_POINT('',(-2.8575,-12.8778,-9.0551));
#13435=CARTESIAN_POINT('',(-3.3655,-12.8778,-9.0551));
#13436=CARTESIAN_POINT('',(-2.8575,-12.8778,-9.0551));
#13437=VECTOR('',#16522,0.508);
#13438=CARTESIAN_POINT('',(-3.3655,-12.8778,-9.3091));
#13439=CARTESIAN_POINT('',(-3.3655,-12.8778,-9.0551));
#13440=VECTOR('',#16523,0.254);
#13441=CARTESIAN_POINT('',(-2.8575,-12.8778,-9.3091));
#13442=CARTESIAN_POINT('',(-3.3655,-12.8778,-9.3091));
#13443=VECTOR('',#16524,0.508);
#13444=CARTESIAN_POINT('',(-2.8575,-12.8778,-9.3091));
#13445=VECTOR('',#16525,0.254);
#13446=CARTESIAN_POINT('',(-2.8575,-12.319,-9.0551));
#13447=VECTOR('',#16526,0.5588);
#13448=CARTESIAN_POINT('',(-2.8575,-12.319,-9.3091));
#13449=VECTOR('',#16527,0.5588);
#13450=CARTESIAN_POINT('',(-3.3655,-12.319,-9.3091));
#13451=VECTOR('',#16528,0.5588);
#13452=CARTESIAN_POINT('',(-3.3655,-12.319,-9.0551));
#13453=VECTOR('',#16529,0.5588);
#13454=CARTESIAN_POINT('',(-5.5245,-12.8778,-13.3477));
#13455=CARTESIAN_POINT('',(-5.5245,-12.319,-13.3477));
#13456=VECTOR('',#16530,0.5588);
#13457=CARTESIAN_POINT('',(-5.0165,-12.8778,-13.3477));
#13458=CARTESIAN_POINT('',(-5.0165,-12.8778,-13.3477));
#13459=VECTOR('',#16531,0.508);
#13460=CARTESIAN_POINT('',(-5.0165,-12.319,-13.3477));
#13461=VECTOR('',#16532,0.5588);
#13462=CARTESIAN_POINT('',(-5.0165,-12.8778,-13.6017));
#13463=CARTESIAN_POINT('',(-5.0165,-12.8778,-13.6017));
#13464=VECTOR('',#16533,0.254);
#13465=CARTESIAN_POINT('',(-5.0165,-12.319,-13.6017));
#13466=VECTOR('',#16534,0.5588);
#13467=CARTESIAN_POINT('',(-5.5245,-12.8778,-13.6017));
#13468=CARTESIAN_POINT('',(-5.5245,-12.8778,-13.6017));
#13469=VECTOR('',#16535,0.508);
#13470=CARTESIAN_POINT('',(-5.5245,-12.319,-13.6017));
#13471=VECTOR('',#16536,0.5588);
#13472=CARTESIAN_POINT('',(-5.5245,-12.8778,-13.3477));
#13473=VECTOR('',#16537,0.254);
#13474=CARTESIAN_POINT('',(-5.0165,-12.8778,-9.0551));
#13475=CARTESIAN_POINT('',(-5.5245,-12.8778,-9.0551));
#13476=CARTESIAN_POINT('',(-5.0165,-12.8778,-9.0551));
#13477=VECTOR('',#16538,0.508);
#13478=CARTESIAN_POINT('',(-5.5245,-12.8778,-9.3091));
#13479=CARTESIAN_POINT('',(-5.5245,-12.8778,-9.0551));
#13480=VECTOR('',#16539,0.254);
#13481=CARTESIAN_POINT('',(-5.0165,-12.8778,-9.3091));
#13482=CARTESIAN_POINT('',(-5.5245,-12.8778,-9.3091));
#13483=VECTOR('',#16540,0.508);
#13484=CARTESIAN_POINT('',(-5.0165,-12.8778,-9.3091));
#13485=VECTOR('',#16541,0.254);
#13486=CARTESIAN_POINT('',(-5.0165,-12.319,-9.0551));
#13487=VECTOR('',#16542,0.5588);
#13488=CARTESIAN_POINT('',(-5.0165,-12.319,-9.3091));
#13489=VECTOR('',#16543,0.5588);
#13490=CARTESIAN_POINT('',(-5.5245,-12.319,-9.3091));
#13491=VECTOR('',#16544,0.5588);
#13492=CARTESIAN_POINT('',(-5.5245,-12.319,-9.0551));
#13493=VECTOR('',#16545,0.5588);
#13494=CARTESIAN_POINT('',(-7.6835,-12.8778,-13.3477));
#13495=CARTESIAN_POINT('',(-7.6835,-12.319,-13.3477));
#13496=VECTOR('',#16546,0.5588);
#13497=CARTESIAN_POINT('',(-7.1755,-12.8778,-13.3477));
#13498=CARTESIAN_POINT('',(-7.1755,-12.8778,-13.3477));
#13499=VECTOR('',#16547,0.508);
#13500=CARTESIAN_POINT('',(-7.1755,-12.319,-13.3477));
#13501=VECTOR('',#16548,0.5588);
#13502=CARTESIAN_POINT('',(-7.1755,-12.8778,-13.6017));
#13503=CARTESIAN_POINT('',(-7.1755,-12.8778,-13.6017));
#13504=VECTOR('',#16549,0.254);
#13505=CARTESIAN_POINT('',(-7.1755,-12.319,-13.6017));
#13506=VECTOR('',#16550,0.5588);
#13507=CARTESIAN_POINT('',(-7.6835,-12.8778,-13.6017));
#13508=CARTESIAN_POINT('',(-7.6835,-12.8778,-13.6017));
#13509=VECTOR('',#16551,0.508);
#13510=CARTESIAN_POINT('',(-7.6835,-12.319,-13.6017));
#13511=VECTOR('',#16552,0.5588);
#13512=CARTESIAN_POINT('',(-7.6835,-12.8778,-13.3477));
#13513=VECTOR('',#16553,0.254);
#13514=CARTESIAN_POINT('',(-7.1755,-12.8778,-9.0551));
#13515=CARTESIAN_POINT('',(-7.6835,-12.8778,-9.0551));
#13516=CARTESIAN_POINT('',(-7.1755,-12.8778,-9.0551));
#13517=VECTOR('',#16554,0.508);
#13518=CARTESIAN_POINT('',(-7.6835,-12.8778,-9.3091));
#13519=CARTESIAN_POINT('',(-7.6835,-12.8778,-9.0551));
#13520=VECTOR('',#16555,0.254);
#13521=CARTESIAN_POINT('',(-7.1755,-12.8778,-9.3091));
#13522=CARTESIAN_POINT('',(-7.6835,-12.8778,-9.3091));
#13523=VECTOR('',#16556,0.508);
#13524=CARTESIAN_POINT('',(-7.1755,-12.8778,-9.3091));
#13525=VECTOR('',#16557,0.254);
#13526=CARTESIAN_POINT('',(-7.1755,-12.319,-9.0551));
#13527=VECTOR('',#16558,0.5588);
#13528=CARTESIAN_POINT('',(-7.1755,-12.319,-9.3091));
#13529=VECTOR('',#16559,0.5588);
#13530=CARTESIAN_POINT('',(-7.6835,-12.319,-9.3091));
#13531=VECTOR('',#16560,0.5588);
#13532=CARTESIAN_POINT('',(-7.6835,-12.319,-9.0551));
#13533=VECTOR('',#16561,0.5588);
#13534=CARTESIAN_POINT('',(-9.8425,-12.8778,-13.3477));
#13535=CARTESIAN_POINT('',(-9.8425,-12.319,-13.3477));
#13536=VECTOR('',#16562,0.5588);
#13537=CARTESIAN_POINT('',(-9.3345,-12.8778,-13.3477));
#13538=CARTESIAN_POINT('',(-9.3345,-12.8778,-13.3477));
#13539=VECTOR('',#16563,0.508);
#13540=CARTESIAN_POINT('',(-9.3345,-12.319,-13.3477));
#13541=VECTOR('',#16564,0.5588);
#13542=CARTESIAN_POINT('',(-9.3345,-12.8778,-13.6017));
#13543=CARTESIAN_POINT('',(-9.3345,-12.8778,-13.6017));
#13544=VECTOR('',#16565,0.254);
#13545=CARTESIAN_POINT('',(-9.3345,-12.319,-13.6017));
#13546=VECTOR('',#16566,0.5588);
#13547=CARTESIAN_POINT('',(-9.8425,-12.8778,-13.6017));
#13548=CARTESIAN_POINT('',(-9.8425,-12.8778,-13.6017));
#13549=VECTOR('',#16567,0.508);
#13550=CARTESIAN_POINT('',(-9.8425,-12.319,-13.6017));
#13551=VECTOR('',#16568,0.5588);
#13552=CARTESIAN_POINT('',(-9.8425,-12.8778,-13.3477));
#13553=VECTOR('',#16569,0.254);
#13554=CARTESIAN_POINT('',(-9.3345,-12.8778,-9.0551));
#13555=CARTESIAN_POINT('',(-9.8425,-12.8778,-9.0551));
#13556=CARTESIAN_POINT('',(-9.3345,-12.8778,-9.0551));
#13557=VECTOR('',#16570,0.508);
#13558=CARTESIAN_POINT('',(-9.8425,-12.8778,-9.3091));
#13559=CARTESIAN_POINT('',(-9.8425,-12.8778,-9.0551));
#13560=VECTOR('',#16571,0.254);
#13561=CARTESIAN_POINT('',(-9.3345,-12.8778,-9.3091));
#13562=CARTESIAN_POINT('',(-9.8425,-12.8778,-9.3091));
#13563=VECTOR('',#16572,0.508);
#13564=CARTESIAN_POINT('',(-9.3345,-12.8778,-9.3091));
#13565=VECTOR('',#16573,0.254);
#13566=CARTESIAN_POINT('',(-9.3345,-12.319,-9.0551));
#13567=VECTOR('',#16574,0.5588);
#13568=CARTESIAN_POINT('',(-9.3345,-12.319,-9.3091));
#13569=VECTOR('',#16575,0.5588);
#13570=CARTESIAN_POINT('',(-9.8425,-12.319,-9.3091));
#13571=VECTOR('',#16576,0.5588);
#13572=CARTESIAN_POINT('',(-9.8425,-12.319,-9.0551));
#13573=VECTOR('',#16577,0.5588);
#13574=CARTESIAN_POINT('',(-12.0015,-12.8778,-13.3477));
#13575=CARTESIAN_POINT('',(-12.0015,-12.319,-13.3477));
#13576=VECTOR('',#16578,0.5588);
#13577=CARTESIAN_POINT('',(-11.4935,-12.8778,-13.3477));
#13578=CARTESIAN_POINT('',(-11.4935,-12.8778,-13.3477));
#13579=VECTOR('',#16579,0.508);
#13580=CARTESIAN_POINT('',(-11.4935,-12.319,-13.3477));
#13581=VECTOR('',#16580,0.5588);
#13582=CARTESIAN_POINT('',(-11.4935,-12.8778,-13.6017));
#13583=CARTESIAN_POINT('',(-11.4935,-12.8778,-13.6017));
#13584=VECTOR('',#16581,0.254);
#13585=CARTESIAN_POINT('',(-11.4935,-12.319,-13.6017));
#13586=VECTOR('',#16582,0.5588);
#13587=CARTESIAN_POINT('',(-12.0015,-12.8778,-13.6017));
#13588=CARTESIAN_POINT('',(-12.0015,-12.8778,-13.6017));
#13589=VECTOR('',#16583,0.508);
#13590=CARTESIAN_POINT('',(-12.0015,-12.319,-13.6017));
#13591=VECTOR('',#16584,0.5588);
#13592=CARTESIAN_POINT('',(-12.0015,-12.8778,-13.3477));
#13593=VECTOR('',#16585,0.254);
#13594=CARTESIAN_POINT('',(-11.4935,-12.8778,-9.0551));
#13595=CARTESIAN_POINT('',(-12.0015,-12.8778,-9.0551));
#13596=CARTESIAN_POINT('',(-11.4935,-12.8778,-9.0551));
#13597=VECTOR('',#16586,0.508);
#13598=CARTESIAN_POINT('',(-12.0015,-12.8778,-9.3091));
#13599=CARTESIAN_POINT('',(-12.0015,-12.8778,-9.0551));
#13600=VECTOR('',#16587,0.254);
#13601=CARTESIAN_POINT('',(-11.4935,-12.8778,-9.3091));
#13602=CARTESIAN_POINT('',(-12.0015,-12.8778,-9.3091));
#13603=VECTOR('',#16588,0.508);
#13604=CARTESIAN_POINT('',(-11.4935,-12.8778,-9.3091));
#13605=VECTOR('',#16589,0.254);
#13606=CARTESIAN_POINT('',(-11.4935,-12.319,-9.0551));
#13607=VECTOR('',#16590,0.5588);
#13608=CARTESIAN_POINT('',(-11.4935,-12.319,-9.3091));
#13609=VECTOR('',#16591,0.5588);
#13610=CARTESIAN_POINT('',(-12.0015,-12.319,-9.3091));
#13611=VECTOR('',#16592,0.5588);
#13612=CARTESIAN_POINT('',(-12.0015,-12.319,-9.0551));
#13613=VECTOR('',#16593,0.5588);
#13614=CARTESIAN_POINT('',(-14.1605,-12.8778,-13.3477));
#13615=CARTESIAN_POINT('',(-14.1605,-12.319,-13.3477));
#13616=VECTOR('',#16594,0.5588);
#13617=CARTESIAN_POINT('',(-13.6525,-12.8778,-13.3477));
#13618=CARTESIAN_POINT('',(-13.6525,-12.8778,-13.3477));
#13619=VECTOR('',#16595,0.508);
#13620=CARTESIAN_POINT('',(-13.6525,-12.319,-13.3477));
#13621=VECTOR('',#16596,0.5588);
#13622=CARTESIAN_POINT('',(-13.6525,-12.8778,-13.6017));
#13623=CARTESIAN_POINT('',(-13.6525,-12.8778,-13.6017));
#13624=VECTOR('',#16597,0.254);
#13625=CARTESIAN_POINT('',(-13.6525,-12.319,-13.6017));
#13626=VECTOR('',#16598,0.5588);
#13627=CARTESIAN_POINT('',(-14.1605,-12.8778,-13.6017));
#13628=CARTESIAN_POINT('',(-14.1605,-12.8778,-13.6017));
#13629=VECTOR('',#16599,0.508);
#13630=CARTESIAN_POINT('',(-14.1605,-12.319,-13.6017));
#13631=VECTOR('',#16600,0.5588);
#13632=CARTESIAN_POINT('',(-14.1605,-12.8778,-13.3477));
#13633=VECTOR('',#16601,0.254);
#13634=CARTESIAN_POINT('',(-13.6525,-12.8778,-9.0551));
#13635=CARTESIAN_POINT('',(-14.1605,-12.8778,-9.0551));
#13636=CARTESIAN_POINT('',(-13.6525,-12.8778,-9.0551));
#13637=VECTOR('',#16602,0.508);
#13638=CARTESIAN_POINT('',(-14.1605,-12.8778,-9.3091));
#13639=CARTESIAN_POINT('',(-14.1605,-12.8778,-9.0551));
#13640=VECTOR('',#16603,0.254);
#13641=CARTESIAN_POINT('',(-13.6525,-12.8778,-9.3091));
#13642=CARTESIAN_POINT('',(-14.1605,-12.8778,-9.3091));
#13643=VECTOR('',#16604,0.508);
#13644=CARTESIAN_POINT('',(-13.6525,-12.8778,-9.3091));
#13645=VECTOR('',#16605,0.254);
#13646=CARTESIAN_POINT('',(-13.6525,-12.319,-9.0551));
#13647=VECTOR('',#16606,0.5588);
#13648=CARTESIAN_POINT('',(-13.6525,-12.319,-9.3091));
#13649=VECTOR('',#16607,0.5588);
#13650=CARTESIAN_POINT('',(-14.1605,-12.319,-9.3091));
#13651=VECTOR('',#16608,0.5588);
#13652=CARTESIAN_POINT('',(-14.1605,-12.319,-9.0551));
#13653=VECTOR('',#16609,0.5588);
#13654=CARTESIAN_POINT('',(-16.3195,-12.8778,-13.3477));
#13655=CARTESIAN_POINT('',(-16.3195,-12.319,-13.3477));
#13656=VECTOR('',#16610,0.5588);
#13657=CARTESIAN_POINT('',(-15.8115,-12.8778,-13.3477));
#13658=CARTESIAN_POINT('',(-15.8115,-12.8778,-13.3477));
#13659=VECTOR('',#16611,0.508);
#13660=CARTESIAN_POINT('',(-15.8115,-12.319,-13.3477));
#13661=VECTOR('',#16612,0.5588);
#13662=CARTESIAN_POINT('',(-15.8115,-12.8778,-13.6017));
#13663=CARTESIAN_POINT('',(-15.8115,-12.8778,-13.6017));
#13664=VECTOR('',#16613,0.254);
#13665=CARTESIAN_POINT('',(-15.8115,-12.319,-13.6017));
#13666=VECTOR('',#16614,0.5588);
#13667=CARTESIAN_POINT('',(-16.3195,-12.8778,-13.6017));
#13668=CARTESIAN_POINT('',(-16.3195,-12.8778,-13.6017));
#13669=VECTOR('',#16615,0.508);
#13670=CARTESIAN_POINT('',(-16.3195,-12.319,-13.6017));
#13671=VECTOR('',#16616,0.5588);
#13672=CARTESIAN_POINT('',(-16.3195,-12.8778,-13.3477));
#13673=VECTOR('',#16617,0.254);
#13674=CARTESIAN_POINT('',(-15.8115,-12.8778,-9.0551));
#13675=CARTESIAN_POINT('',(-16.3195,-12.8778,-9.0551));
#13676=CARTESIAN_POINT('',(-15.8115,-12.8778,-9.0551));
#13677=VECTOR('',#16618,0.508);
#13678=CARTESIAN_POINT('',(-16.3195,-12.8778,-9.3091));
#13679=CARTESIAN_POINT('',(-16.3195,-12.8778,-9.0551));
#13680=VECTOR('',#16619,0.254);
#13681=CARTESIAN_POINT('',(-15.8115,-12.8778,-9.3091));
#13682=CARTESIAN_POINT('',(-16.3195,-12.8778,-9.3091));
#13683=VECTOR('',#16620,0.508);
#13684=CARTESIAN_POINT('',(-15.8115,-12.8778,-9.3091));
#13685=VECTOR('',#16621,0.254);
#13686=CARTESIAN_POINT('',(-15.8115,-12.319,-9.0551));
#13687=VECTOR('',#16622,0.5588);
#13688=CARTESIAN_POINT('',(-15.8115,-12.319,-9.3091));
#13689=VECTOR('',#16623,0.5588);
#13690=CARTESIAN_POINT('',(-16.3195,-12.319,-9.3091));
#13691=VECTOR('',#16624,0.5588);
#13692=CARTESIAN_POINT('',(-16.3195,-12.319,-9.0551));
#13693=VECTOR('',#16625,0.5588);
#13694=CARTESIAN_POINT('',(-18.4785,-12.8778,-13.3477));
#13695=CARTESIAN_POINT('',(-18.4785,-12.319,-13.3477));
#13696=VECTOR('',#16626,0.5588);
#13697=CARTESIAN_POINT('',(-17.9705,-12.8778,-13.3477));
#13698=CARTESIAN_POINT('',(-17.9705,-12.8778,-13.3477));
#13699=VECTOR('',#16627,0.508);
#13700=CARTESIAN_POINT('',(-17.9705,-12.319,-13.3477));
#13701=VECTOR('',#16628,0.5588);
#13702=CARTESIAN_POINT('',(-17.9705,-12.8778,-13.6017));
#13703=CARTESIAN_POINT('',(-17.9705,-12.8778,-13.6017));
#13704=VECTOR('',#16629,0.254);
#13705=CARTESIAN_POINT('',(-17.9705,-12.319,-13.6017));
#13706=VECTOR('',#16630,0.5588);
#13707=CARTESIAN_POINT('',(-18.4785,-12.8778,-13.6017));
#13708=CARTESIAN_POINT('',(-18.4785,-12.8778,-13.6017));
#13709=VECTOR('',#16631,0.508);
#13710=CARTESIAN_POINT('',(-18.4785,-12.319,-13.6017));
#13711=VECTOR('',#16632,0.5588);
#13712=CARTESIAN_POINT('',(-18.4785,-12.8778,-13.3477));
#13713=VECTOR('',#16633,0.254);
#13714=CARTESIAN_POINT('',(-17.9705,-12.8778,-9.0551));
#13715=CARTESIAN_POINT('',(-18.4785,-12.8778,-9.0551));
#13716=CARTESIAN_POINT('',(-17.9705,-12.8778,-9.0551));
#13717=VECTOR('',#16634,0.508);
#13718=CARTESIAN_POINT('',(-18.4785,-12.8778,-9.3091));
#13719=CARTESIAN_POINT('',(-18.4785,-12.8778,-9.0551));
#13720=VECTOR('',#16635,0.254);
#13721=CARTESIAN_POINT('',(-17.9705,-12.8778,-9.3091));
#13722=CARTESIAN_POINT('',(-18.4785,-12.8778,-9.3091));
#13723=VECTOR('',#16636,0.508);
#13724=CARTESIAN_POINT('',(-17.9705,-12.8778,-9.3091));
#13725=VECTOR('',#16637,0.254);
#13726=CARTESIAN_POINT('',(-17.9705,-12.319,-9.0551));
#13727=VECTOR('',#16638,0.5588);
#13728=CARTESIAN_POINT('',(-17.9705,-12.319,-9.3091));
#13729=VECTOR('',#16639,0.5588);
#13730=CARTESIAN_POINT('',(-18.4785,-12.319,-9.3091));
#13731=VECTOR('',#16640,0.5588);
#13732=CARTESIAN_POINT('',(-18.4785,-12.319,-9.0551));
#13733=VECTOR('',#16641,0.5588);
#13734=CARTESIAN_POINT('',(-34.0995,7.62,-2.9718));
#13735=CARTESIAN_POINT('',(-34.0995,7.62,-2.9718));
#13736=VECTOR('',#16642,1.524);
#13737=CARTESIAN_POINT('',(-34.0995,5.6007,-2.9718));
#13738=CARTESIAN_POINT('',(-34.0995,5.6007,-2.9718));
#13739=VECTOR('',#16643,2.0193);
#13740=CARTESIAN_POINT('',(-34.0995,5.6007,-5.9436));
#13741=CARTESIAN_POINT('',(-34.0995,5.6007,-2.9718));
#13742=VECTOR('',#16644,2.9718);
#13743=CARTESIAN_POINT('',(-34.0995,-4.953,-5.9436));
#13744=CARTESIAN_POINT('',(-34.0995,-4.953,-5.9436));
#13745=VECTOR('',#16645,10.5537);
#13746=CARTESIAN_POINT('',(-34.0995,-4.953,-5.9436));
#13747=VECTOR('',#16646,10.8712);
#13748=CARTESIAN_POINT('',(24.257,-4.953,-5.9436));
#13749=CARTESIAN_POINT('',(24.257,-4.953,-5.9436));
#13750=VECTOR('',#16647,9.8425);
#13751=CARTESIAN_POINT('',(24.257,-4.953,-5.9436));
#13752=VECTOR('',#16648,10.8712);
#13753=CARTESIAN_POINT('',(26.8097,-4.953,-11.3157));
#13754=CARTESIAN_POINT('',(33.1597,-4.953,-11.3157));
#13755=AXIS2_PLACEMENT_3D('',#16649,#16650,#16651);
#13756=AXIS2_PLACEMENT_3D('',#16652,#16653,#16654);
#13757=CARTESIAN_POINT('',(-24.257,-4.953,-5.9436));
#13758=CARTESIAN_POINT('',(-34.0995,-4.953,-5.9436));
#13759=VECTOR('',#16655,9.8425);
#13760=CARTESIAN_POINT('',(-24.257,-4.953,-5.9436));
#13761=VECTOR('',#16656,10.8712);
#13762=CARTESIAN_POINT('',(-33.1597,-4.953,-11.3157));
#13763=CARTESIAN_POINT('',(-26.8097,-4.953,-11.3157));
#13764=AXIS2_PLACEMENT_3D('',#16657,#16658,#16659);
#13765=AXIS2_PLACEMENT_3D('',#16660,#16661,#16662);
#13766=CARTESIAN_POINT('',(24.257,7.62,-13.5128));
#13767=CARTESIAN_POINT('',(24.257,7.62,-13.5128));
#13768=VECTOR('',#16663,9.602577414424);
#13769=CARTESIAN_POINT('',(24.257,7.62,-2.9718));
#13770=CARTESIAN_POINT('',(24.257,7.62,-2.9718));
#13771=VECTOR('',#16664,10.541);
#13772=CARTESIAN_POINT('',(24.257,5.6007,-2.9718));
#13773=CARTESIAN_POINT('',(24.257,5.6007,-2.9718));
#13774=VECTOR('',#16665,2.0193);
#13775=CARTESIAN_POINT('',(24.257,5.6007,-5.9436));
#13776=CARTESIAN_POINT('',(24.257,5.6007,-2.9718));
#13777=VECTOR('',#16666,2.9718);
#13778=CARTESIAN_POINT('',(24.257,-4.953,-5.9436));
#13779=VECTOR('',#16667,10.5537);
#13780=CARTESIAN_POINT('',(24.257,5.6007,-5.9436));
#13781=VECTOR('',#16668,9.8425);
#13782=CARTESIAN_POINT('',(28.3972,0.0,-5.9436));
#13783=CARTESIAN_POINT('',(31.5722,0.0,-5.9436));
#13784=AXIS2_PLACEMENT_3D('',#16669,#16670,#16671);
#13785=AXIS2_PLACEMENT_3D('',#16672,#16673,#16674);
#13786=CARTESIAN_POINT('',(-24.257,5.6007,-5.9436));
#13787=CARTESIAN_POINT('',(-34.0995,5.6007,-5.9436));
#13788=VECTOR('',#16675,9.8425);
#13789=CARTESIAN_POINT('',(-24.257,-4.953,-5.9436));
#13790=VECTOR('',#16676,10.5537);
#13791=CARTESIAN_POINT('',(-31.5722,0.0,-5.9436));
#13792=CARTESIAN_POINT('',(-28.3972,0.0,-5.9436));
#13793=AXIS2_PLACEMENT_3D('',#16677,#16678,#16679);
#13794=AXIS2_PLACEMENT_3D('',#16680,#16681,#16682);
#13795=CARTESIAN_POINT('',(24.257,5.6007,-2.9718));
#13796=VECTOR('',#16683,9.8425);
#13797=CARTESIAN_POINT('',(-24.257,5.6007,-2.9718));
#13798=CARTESIAN_POINT('',(-34.0995,5.6007,-2.9718));
#13799=VECTOR('',#16684,9.8425);
#13800=CARTESIAN_POINT('',(-24.257,5.6007,-2.9718));
#13801=VECTOR('',#16685,2.9718);
#13802=CARTESIAN_POINT('',(24.257,7.62,-2.9718));
#13803=VECTOR('',#16686,9.8425);
#13804=CARTESIAN_POINT('',(-24.257,7.62,-2.9718));
#13805=CARTESIAN_POINT('',(-34.0995,7.62,-2.9718));
#13806=VECTOR('',#16687,9.8425);
#13807=CARTESIAN_POINT('',(-24.257,5.6007,-2.9718));
#13808=VECTOR('',#16688,2.0193);
#13809=CARTESIAN_POINT('',(28.18390596645,7.62,-1.4478));
#13810=VECTOR('',#16689,1.4478);
#13811=CARTESIAN_POINT('',(-24.257,7.62,-13.5128));
#13812=CARTESIAN_POINT('',(24.257,7.62,-13.5128));
#13813=VECTOR('',#16690,48.514);
#13814=CARTESIAN_POINT('',(-24.257,7.62,-2.9718));
#13815=VECTOR('',#16691,10.541);
#13816=CARTESIAN_POINT('',(-24.257,7.62,-13.5128));
#13817=VECTOR('',#16692,9.602577414424);
#13818=CARTESIAN_POINT('',(31.80340596645,4.0005,-1.4478));
#13819=VECTOR('',#16693,2.7686);
#13820=CARTESIAN_POINT('',(32.39140864045,3.412497326006,-0.8636));
#13821=CARTESIAN_POINT('',(32.39140864045,3.412497326006,0.0));
#13822=VECTOR('',#16694,0.8636);
#13823=CARTESIAN_POINT('',(32.89430298323,2.909602983226,-0.8636));
#13824=VECTOR('',#16695,0.7112);
#13825=CARTESIAN_POINT('',(33.3527157142,-2.363942138848,-0.0003951010088605));
#13826=AXIS2_PLACEMENT_3D('',#16696,#16697,#16698);
#13827=CARTESIAN_POINT('',(33.35269848327,-2.363930044803,-0.8636));
#13828=CARTESIAN_POINT('',(33.35269848327,-2.363930044803,-0.8636));
#13829=VECTOR('',#16699,0.8632048992478);
#13830=AXIS2_PLACEMENT_3D('',#16700,#16701,#16702);
#13831=AXIS2_PLACEMENT_3D('',#16703,#16704,#16705);
#13832=CARTESIAN_POINT('',(32.85838195874,-1.867893273182,-0.8636));
#13833=CARTESIAN_POINT('',(33.35269848327,-2.363930044803,-0.8636));
#13834=VECTOR('',#16706,0.700286587917);
#13835=CARTESIAN_POINT('',(31.85259327318,-2.873681958742,-0.8636));
#13836=CARTESIAN_POINT('',(32.85838195874,-1.867893273182,-0.8636));
#13837=VECTOR('',#16707,1.4224);
#13838=CARTESIAN_POINT('',(31.85259327318,-2.873681958742,-0.8636));
#13839=VECTOR('',#16708,0.762);
#13840=CARTESIAN_POINT('',(31.85259327318,2.873681958742,-0.8636));
#13841=CARTESIAN_POINT('',(32.39140864045,3.412497326006,-0.8636));
#13842=VECTOR('',#16709,0.762);
#13843=CARTESIAN_POINT('',(32.85838195874,1.867893273182,-0.8636));
#13844=CARTESIAN_POINT('',(31.85259327318,2.873681958742,-0.8636));
#13845=VECTOR('',#16710,1.4224);
#13846=CARTESIAN_POINT('',(32.85838195874,1.867893273182,-0.8636));
#13847=VECTOR('',#16711,0.7000722654434);
#13848=CARTESIAN_POINT('',(32.34755525027,-3.368649081523,-6.454096516488E-14));
#13849=CARTESIAN_POINT('',(32.33610662049,-3.357200451741,0.05951609108903));
#13850=CARTESIAN_POINT('',(32.31322164579,-3.334308616121,0.1783822339831));
#13851=CARTESIAN_POINT('',(32.2790012554,-3.300088225733,0.3561836881022));
#13852=CARTESIAN_POINT('',(32.2562588748,-3.277352706048,0.4743835903948));
#13853=CARTESIAN_POINT('',(32.24489353661,-3.265987367856,0.5333999999999));
#13854=CARTESIAN_POINT('',(31.85259327318,-2.873681958742,-0.0381));
#13855=CARTESIAN_POINT('',(31.85259327318,-2.873681958742,-0.0381));
#13856=VECTOR('',#16712,0.8255);
#13857=CARTESIAN_POINT('',(31.85259327318,-2.873681958742,-0.0381));
#13858=VECTOR('',#16713,0.8082230508962);
#13859=CARTESIAN_POINT('',(32.85838195874,-1.867893273182,-0.0381));
#13860=CARTESIAN_POINT('',(32.45497237641,-1.463079804619,0.5334));
#13861=VECTOR('',#16714,0.8082236605348);
#13862=CARTESIAN_POINT('',(31.85259327318,-2.873681958742,-0.0381));
#13863=VECTOR('',#16715,1.4224);
#13864=CARTESIAN_POINT('',(32.85838195874,-1.867893273182,-0.0381));
#13865=VECTOR('',#16716,0.8255);
#13866=CARTESIAN_POINT('',(33.25012971478,-2.260999134838,0.5333999999999));
#13867=CARTESIAN_POINT('',(33.26148645634,-2.272395398443,0.4743416176138));
#13868=CARTESIAN_POINT('',(33.28420491319,-2.295199845839,0.3560564421513));
#13869=CARTESIAN_POINT('',(33.31840125681,-2.329515194511,0.178117281973));
#13870=CARTESIAN_POINT('',(33.34127575729,-2.352462370298,0.059164439112));
#13871=CARTESIAN_POINT('',(33.3527157142,-2.363942138848,-0.0003951010088605));
#13872=CARTESIAN_POINT('',(33.35340780496,2.362919119398,-0.000159174751978));
#13873=CARTESIAN_POINT('',(33.34195574145,2.351467055888,0.05937481383358));
#13874=CARTESIAN_POINT('',(33.31907951572,2.328590830164,0.1782764262331));
#13875=CARTESIAN_POINT('',(33.28484829116,2.294359605597,0.3561310137185));
#13876=CARTESIAN_POINT('',(33.26208319388,2.271594508316,0.4743659901899));
#13877=CARTESIAN_POINT('',(33.25071447203,2.26022578647,0.5334));
#13878=CARTESIAN_POINT('',(31.85259327318,2.873681958742,-0.0381));
#13879=CARTESIAN_POINT('',(31.44848174773,2.469570433294,0.5334));
#13880=VECTOR('',#16717,0.8082230508962);
#13881=CARTESIAN_POINT('',(31.85259327318,2.873681958742,-0.0381));
#13882=VECTOR('',#16718,0.8255);
#13883=CARTESIAN_POINT('',(32.85838195874,1.867893273182,-0.0381));
#13884=CARTESIAN_POINT('',(32.85838195874,1.867893273182,-0.0381));
#13885=VECTOR('',#16719,0.8255);
#13886=CARTESIAN_POINT('',(32.85838195874,1.867893273182,-0.0381));
#13887=VECTOR('',#16720,1.4224);
#13888=CARTESIAN_POINT('',(32.85838195874,1.867893273182,-0.0381));
#13889=VECTOR('',#16721,0.8082230508962);
#13890=CARTESIAN_POINT('',(31.5722,0.0,-5.9436));
#13891=VECTOR('',#16722,6.477);
#13892=CARTESIAN_POINT('',(28.3972,0.0,0.5334));
#13893=VECTOR('',#16723,6.477);
#13894=CARTESIAN_POINT('',(-28.3972,0.0,-5.9436));
#13895=VECTOR('',#16724,6.477);
#13896=CARTESIAN_POINT('',(-31.5722,0.0,0.5334));
#13897=VECTOR('',#16725,6.477);
#13898=CARTESIAN_POINT('',(-33.1597,-3.429,-11.3157));
#13899=CARTESIAN_POINT('',(-33.1597,-4.953,-11.3157));
#13900=VECTOR('',#16726,1.524);
#13901=CARTESIAN_POINT('',(-26.8097,-3.429,-11.3157));
#13902=AXIS2_PLACEMENT_3D('',#16727,#16728,#16729);
#13903=CARTESIAN_POINT('',(-26.8097,-4.953,-11.3157));
#13904=VECTOR('',#16730,1.524);
#13905=AXIS2_PLACEMENT_3D('',#16731,#16732,#16733);
#13906=CARTESIAN_POINT('',(-28.6893,-3.429,-11.3157));
#13907=CARTESIAN_POINT('',(-31.2801,-3.429,-11.3157));
#13908=AXIS2_PLACEMENT_3D('',#16734,#16735,#16736);
#13909=AXIS2_PLACEMENT_3D('',#16737,#16738,#16739);
#13910=CARTESIAN_POINT('',(26.8097,-3.429,-11.3157));
#13911=CARTESIAN_POINT('',(33.1597,-3.429,-11.3157));
#13912=AXIS2_PLACEMENT_3D('',#16740,#16741,#16742);
#13913=AXIS2_PLACEMENT_3D('',#16743,#16744,#16745);
#13914=CARTESIAN_POINT('',(31.2801,-3.429,-11.3157));
#13915=CARTESIAN_POINT('',(28.6893,-3.429,-11.3157));
#13916=AXIS2_PLACEMENT_3D('',#16746,#16747,#16748);
#13917=AXIS2_PLACEMENT_3D('',#16749,#16750,#16751);
#13918=CARTESIAN_POINT('',(26.8097,-4.953,-11.3157));
#13919=VECTOR('',#16752,1.524);
#13920=CARTESIAN_POINT('',(33.1597,-4.953,-11.3157));
#13921=VECTOR('',#16753,1.524);
#13922=CARTESIAN_POINT('',(-31.2801,-8.128,-11.3157));
#13923=VECTOR('',#16754,4.699);
#13924=CARTESIAN_POINT('',(-28.6893,-8.128,-11.3157));
#13925=VECTOR('',#16755,4.699);
#13926=CARTESIAN_POINT('',(28.6893,-8.128,-11.3157));
#13927=VECTOR('',#16756,4.699);
#13928=CARTESIAN_POINT('',(31.2801,-8.128,-11.3157));
#13929=VECTOR('',#16757,4.699);
#13930=CARTESIAN_POINT('',(-21.8313,-4.0005,-1.4478));
#13931=VECTOR('',#16758,2.7686);
#13932=CARTESIAN_POINT('',(-21.0566,2.05105,7.4422));
#13933=CARTESIAN_POINT('',(-21.9456,2.05105,8.3312));
#13934=VECTOR('',#16759,1.25723585695);
#13935=CARTESIAN_POINT('',(-21.0566,-2.05105,7.4422));
#13936=CARTESIAN_POINT('',(-21.0566,-2.05105,7.4422));
#13937=VECTOR('',#16760,1.25723585695);
#13938=CARTESIAN_POINT('',(-21.0566,-2.05105,7.4422));
#13939=VECTOR('',#16761,4.1021);
#13940=CARTESIAN_POINT('',(-21.0566,-2.05105,0.6096));
#13941=CARTESIAN_POINT('',(-21.0566,-2.05105,0.6096));
#13942=VECTOR('',#16762,6.8326);
#13943=CARTESIAN_POINT('',(-21.0566,2.05105,0.6096));
#13944=CARTESIAN_POINT('',(-21.0566,2.05105,0.6096));
#13945=VECTOR('',#16763,4.1021);
#13946=CARTESIAN_POINT('',(-21.0566,2.05105,0.6096));
#13947=VECTOR('',#16764,6.8326);
#13948=CARTESIAN_POINT('',(21.0566,2.05105,0.6096));
#13949=CARTESIAN_POINT('',(21.0566,2.05105,0.6096));
#13950=VECTOR('',#16765,42.1132);
#13951=CARTESIAN_POINT('',(21.0566,2.05105,7.4422));
#13952=CARTESIAN_POINT('',(21.0566,2.05105,0.6096));
#13953=VECTOR('',#16766,6.8326);
#13954=CARTESIAN_POINT('',(21.0566,2.05105,7.4422));
#13955=VECTOR('',#16767,1.25723585695);
#13956=CARTESIAN_POINT('',(17.9832,2.05105,6.307142730816));
#13957=CARTESIAN_POINT('',(18.9738,2.05105,6.307142730816));
#13958=CARTESIAN_POINT('',(17.9832,2.05105,6.307142730816));
#13959=VECTOR('',#16768,0.9906);
#13960=CARTESIAN_POINT('',(18.9738,2.05105,5.835009461737));
#13961=CARTESIAN_POINT('',(18.9738,2.05105,5.835009461737));
#13962=VECTOR('',#16769,0.4721332690788);
#13963=CARTESIAN_POINT('',(17.9832,2.05105,5.835009461737));
#13964=CARTESIAN_POINT('',(17.9832,2.05105,5.835009461737));
#13965=VECTOR('',#16770,0.9906);
#13966=CARTESIAN_POINT('',(17.9832,2.05105,5.835009461737));
#13967=VECTOR('',#16771,0.4721332690788);
#13968=CARTESIAN_POINT('',(15.8242,2.05105,6.307142730816));
#13969=CARTESIAN_POINT('',(16.8148,2.05105,6.307142730816));
#13970=CARTESIAN_POINT('',(15.8242,2.05105,6.307142730816));
#13971=VECTOR('',#16772,0.9906);
#13972=CARTESIAN_POINT('',(16.8148,2.05105,5.835009461737));
#13973=CARTESIAN_POINT('',(16.8148,2.05105,5.835009461737));
#13974=VECTOR('',#16773,0.4721332690788);
#13975=CARTESIAN_POINT('',(15.8242,2.05105,5.835009461737));
#13976=CARTESIAN_POINT('',(15.8242,2.05105,5.835009461737));
#13977=VECTOR('',#16774,0.9906);
#13978=CARTESIAN_POINT('',(15.8242,2.05105,5.835009461737));
#13979=VECTOR('',#16775,0.4721332690788);
#13980=CARTESIAN_POINT('',(13.6652,2.05105,6.307142730816));
#13981=CARTESIAN_POINT('',(14.6558,2.05105,6.307142730816));
#13982=CARTESIAN_POINT('',(13.6652,2.05105,6.307142730816));
#13983=VECTOR('',#16776,0.9906);
#13984=CARTESIAN_POINT('',(14.6558,2.05105,5.835009461737));
#13985=CARTESIAN_POINT('',(14.6558,2.05105,5.835009461737));
#13986=VECTOR('',#16777,0.4721332690788);
#13987=CARTESIAN_POINT('',(13.6652,2.05105,5.835009461737));
#13988=CARTESIAN_POINT('',(13.6652,2.05105,5.835009461737));
#13989=VECTOR('',#16778,0.9906);
#13990=CARTESIAN_POINT('',(13.6652,2.05105,5.835009461737));
#13991=VECTOR('',#16779,0.4721332690788);
#13992=CARTESIAN_POINT('',(11.5062,2.05105,6.307142730816));
#13993=CARTESIAN_POINT('',(12.4968,2.05105,6.307142730816));
#13994=CARTESIAN_POINT('',(11.5062,2.05105,6.307142730816));
#13995=VECTOR('',#16780,0.9906);
#13996=CARTESIAN_POINT('',(12.4968,2.05105,5.835009461737));
#13997=CARTESIAN_POINT('',(12.4968,2.05105,5.835009461737));
#13998=VECTOR('',#16781,0.4721332690788);
#13999=CARTESIAN_POINT('',(11.5062,2.05105,5.835009461737));
#14000=CARTESIAN_POINT('',(11.5062,2.05105,5.835009461737));
#14001=VECTOR('',#16782,0.9906);
#14002=CARTESIAN_POINT('',(11.5062,2.05105,5.835009461737));
#14003=VECTOR('',#16783,0.4721332690788);
#14004=CARTESIAN_POINT('',(9.3472,2.05105,6.307142730816));
#14005=CARTESIAN_POINT('',(10.3378,2.05105,6.307142730816));
#14006=CARTESIAN_POINT('',(9.3472,2.05105,6.307142730816));
#14007=VECTOR('',#16784,0.9906);
#14008=CARTESIAN_POINT('',(10.3378,2.05105,5.835009461737));
#14009=CARTESIAN_POINT('',(10.3378,2.05105,5.835009461737));
#14010=VECTOR('',#16785,0.4721332690788);
#14011=CARTESIAN_POINT('',(9.3472,2.05105,5.835009461737));
#14012=CARTESIAN_POINT('',(9.3472,2.05105,5.835009461737));
#14013=VECTOR('',#16786,0.9906);
#14014=CARTESIAN_POINT('',(9.3472,2.05105,5.835009461737));
#14015=VECTOR('',#16787,0.4721332690788);
#14016=CARTESIAN_POINT('',(7.1882,2.05105,6.307142730816));
#14017=CARTESIAN_POINT('',(8.1788,2.05105,6.307142730816));
#14018=CARTESIAN_POINT('',(7.1882,2.05105,6.307142730816));
#14019=VECTOR('',#16788,0.9906);
#14020=CARTESIAN_POINT('',(8.1788,2.05105,5.835009461737));
#14021=CARTESIAN_POINT('',(8.1788,2.05105,5.835009461737));
#14022=VECTOR('',#16789,0.4721332690788);
#14023=CARTESIAN_POINT('',(7.1882,2.05105,5.835009461737));
#14024=CARTESIAN_POINT('',(7.1882,2.05105,5.835009461737));
#14025=VECTOR('',#16790,0.9906);
#14026=CARTESIAN_POINT('',(7.1882,2.05105,5.835009461737));
#14027=VECTOR('',#16791,0.4721332690788);
#14028=CARTESIAN_POINT('',(5.0292,2.05105,6.307142730816));
#14029=CARTESIAN_POINT('',(6.0198,2.05105,6.307142730816));
#14030=CARTESIAN_POINT('',(5.0292,2.05105,6.307142730816));
#14031=VECTOR('',#16792,0.9906);
#14032=CARTESIAN_POINT('',(6.0198,2.05105,5.835009461737));
#14033=CARTESIAN_POINT('',(6.0198,2.05105,5.835009461737));
#14034=VECTOR('',#16793,0.4721332690788);
#14035=CARTESIAN_POINT('',(5.0292,2.05105,5.835009461737));
#14036=CARTESIAN_POINT('',(5.0292,2.05105,5.835009461737));
#14037=VECTOR('',#16794,0.9906);
#14038=CARTESIAN_POINT('',(5.0292,2.05105,5.835009461737));
#14039=VECTOR('',#16795,0.4721332690788);
#14040=CARTESIAN_POINT('',(2.8702,2.05105,6.307142730816));
#14041=CARTESIAN_POINT('',(3.8608,2.05105,6.307142730816));
#14042=CARTESIAN_POINT('',(2.8702,2.05105,6.307142730816));
#14043=VECTOR('',#16796,0.9906);
#14044=CARTESIAN_POINT('',(3.8608,2.05105,5.835009461737));
#14045=CARTESIAN_POINT('',(3.8608,2.05105,5.835009461737));
#14046=VECTOR('',#16797,0.4721332690788);
#14047=CARTESIAN_POINT('',(2.8702,2.05105,5.835009461737));
#14048=CARTESIAN_POINT('',(2.8702,2.05105,5.835009461737));
#14049=VECTOR('',#16798,0.9906);
#14050=CARTESIAN_POINT('',(2.8702,2.05105,5.835009461737));
#14051=VECTOR('',#16799,0.4721332690788);
#14052=CARTESIAN_POINT('',(0.7112,2.05105,6.307142730816));
#14053=CARTESIAN_POINT('',(1.7018,2.05105,6.307142730816));
#14054=CARTESIAN_POINT('',(0.7112,2.05105,6.307142730816));
#14055=VECTOR('',#16800,0.9906);
#14056=CARTESIAN_POINT('',(1.7018,2.05105,5.835009461737));
#14057=CARTESIAN_POINT('',(1.7018,2.05105,5.835009461737));
#14058=VECTOR('',#16801,0.4721332690788);
#14059=CARTESIAN_POINT('',(0.7112,2.05105,5.835009461737));
#14060=CARTESIAN_POINT('',(0.7112,2.05105,5.835009461737));
#14061=VECTOR('',#16802,0.9906);
#14062=CARTESIAN_POINT('',(0.7112,2.05105,5.835009461737));
#14063=VECTOR('',#16803,0.4721332690788);
#14064=CARTESIAN_POINT('',(-1.4478,2.05105,6.307142730816));
#14065=CARTESIAN_POINT('',(-0.4572,2.05105,6.307142730816));
#14066=CARTESIAN_POINT('',(-1.4478,2.05105,6.307142730816));
#14067=VECTOR('',#16804,0.9906);
#14068=CARTESIAN_POINT('',(-0.4572,2.05105,5.835009461737));
#14069=CARTESIAN_POINT('',(-0.4572,2.05105,5.835009461737));
#14070=VECTOR('',#16805,0.4721332690788);
#14071=CARTESIAN_POINT('',(-1.4478,2.05105,5.835009461737));
#14072=CARTESIAN_POINT('',(-1.4478,2.05105,5.835009461737));
#14073=VECTOR('',#16806,0.9906);
#14074=CARTESIAN_POINT('',(-1.4478,2.05105,5.835009461737));
#14075=VECTOR('',#16807,0.4721332690788);
#14076=CARTESIAN_POINT('',(-3.6068,2.05105,6.307142730816));
#14077=CARTESIAN_POINT('',(-2.6162,2.05105,6.307142730816));
#14078=CARTESIAN_POINT('',(-3.6068,2.05105,6.307142730816));
#14079=VECTOR('',#16808,0.9906);
#14080=CARTESIAN_POINT('',(-2.6162,2.05105,5.835009461737));
#14081=CARTESIAN_POINT('',(-2.6162,2.05105,5.835009461737));
#14082=VECTOR('',#16809,0.4721332690788);
#14083=CARTESIAN_POINT('',(-3.6068,2.05105,5.835009461737));
#14084=CARTESIAN_POINT('',(-3.6068,2.05105,5.835009461737));
#14085=VECTOR('',#16810,0.9906);
#14086=CARTESIAN_POINT('',(-3.6068,2.05105,5.835009461737));
#14087=VECTOR('',#16811,0.4721332690788);
#14088=CARTESIAN_POINT('',(-5.7658,2.05105,6.307142730816));
#14089=CARTESIAN_POINT('',(-4.7752,2.05105,6.307142730816));
#14090=CARTESIAN_POINT('',(-5.7658,2.05105,6.307142730816));
#14091=VECTOR('',#16812,0.9906);
#14092=CARTESIAN_POINT('',(-4.7752,2.05105,5.835009461737));
#14093=CARTESIAN_POINT('',(-4.7752,2.05105,5.835009461737));
#14094=VECTOR('',#16813,0.4721332690788);
#14095=CARTESIAN_POINT('',(-5.7658,2.05105,5.835009461737));
#14096=CARTESIAN_POINT('',(-5.7658,2.05105,5.835009461737));
#14097=VECTOR('',#16814,0.9906);
#14098=CARTESIAN_POINT('',(-5.7658,2.05105,5.835009461737));
#14099=VECTOR('',#16815,0.4721332690788);
#14100=CARTESIAN_POINT('',(-7.9248,2.05105,6.307142730816));
#14101=CARTESIAN_POINT('',(-6.9342,2.05105,6.307142730816));
#14102=CARTESIAN_POINT('',(-7.9248,2.05105,6.307142730816));
#14103=VECTOR('',#16816,0.9906);
#14104=CARTESIAN_POINT('',(-6.9342,2.05105,5.835009461737));
#14105=CARTESIAN_POINT('',(-6.9342,2.05105,5.835009461737));
#14106=VECTOR('',#16817,0.4721332690788);
#14107=CARTESIAN_POINT('',(-7.9248,2.05105,5.835009461737));
#14108=CARTESIAN_POINT('',(-7.9248,2.05105,5.835009461737));
#14109=VECTOR('',#16818,0.9906);
#14110=CARTESIAN_POINT('',(-7.9248,2.05105,5.835009461737));
#14111=VECTOR('',#16819,0.4721332690788);
#14112=CARTESIAN_POINT('',(-10.0838,2.05105,6.307142730816));
#14113=CARTESIAN_POINT('',(-9.0932,2.05105,6.307142730816));
#14114=CARTESIAN_POINT('',(-10.0838,2.05105,6.307142730816));
#14115=VECTOR('',#16820,0.9906);
#14116=CARTESIAN_POINT('',(-9.0932,2.05105,5.835009461737));
#14117=CARTESIAN_POINT('',(-9.0932,2.05105,5.835009461737));
#14118=VECTOR('',#16821,0.4721332690788);
#14119=CARTESIAN_POINT('',(-10.0838,2.05105,5.835009461737));
#14120=CARTESIAN_POINT('',(-10.0838,2.05105,5.835009461737));
#14121=VECTOR('',#16822,0.9906);
#14122=CARTESIAN_POINT('',(-10.0838,2.05105,5.835009461737));
#14123=VECTOR('',#16823,0.4721332690788);
#14124=CARTESIAN_POINT('',(-12.2428,2.05105,6.307142730816));
#14125=CARTESIAN_POINT('',(-11.2522,2.05105,6.307142730816));
#14126=CARTESIAN_POINT('',(-12.2428,2.05105,6.307142730816));
#14127=VECTOR('',#16824,0.9906);
#14128=CARTESIAN_POINT('',(-11.2522,2.05105,5.835009461737));
#14129=CARTESIAN_POINT('',(-11.2522,2.05105,5.835009461737));
#14130=VECTOR('',#16825,0.4721332690788);
#14131=CARTESIAN_POINT('',(-12.2428,2.05105,5.835009461737));
#14132=CARTESIAN_POINT('',(-12.2428,2.05105,5.835009461737));
#14133=VECTOR('',#16826,0.9906);
#14134=CARTESIAN_POINT('',(-12.2428,2.05105,5.835009461737));
#14135=VECTOR('',#16827,0.4721332690788);
#14136=CARTESIAN_POINT('',(-14.4018,2.05105,6.307142730816));
#14137=CARTESIAN_POINT('',(-13.4112,2.05105,6.307142730816));
#14138=CARTESIAN_POINT('',(-14.4018,2.05105,6.307142730816));
#14139=VECTOR('',#16828,0.9906);
#14140=CARTESIAN_POINT('',(-13.4112,2.05105,5.835009461737));
#14141=CARTESIAN_POINT('',(-13.4112,2.05105,5.835009461737));
#14142=VECTOR('',#16829,0.4721332690788);
#14143=CARTESIAN_POINT('',(-14.4018,2.05105,5.835009461737));
#14144=CARTESIAN_POINT('',(-14.4018,2.05105,5.835009461737));
#14145=VECTOR('',#16830,0.9906);
#14146=CARTESIAN_POINT('',(-14.4018,2.05105,5.835009461737));
#14147=VECTOR('',#16831,0.4721332690788);
#14148=CARTESIAN_POINT('',(-16.5608,2.05105,6.307142730816));
#14149=CARTESIAN_POINT('',(-15.5702,2.05105,6.307142730816));
#14150=CARTESIAN_POINT('',(-16.5608,2.05105,6.307142730816));
#14151=VECTOR('',#16832,0.9906);
#14152=CARTESIAN_POINT('',(-15.5702,2.05105,5.835009461737));
#14153=CARTESIAN_POINT('',(-15.5702,2.05105,5.835009461737));
#14154=VECTOR('',#16833,0.4721332690788);
#14155=CARTESIAN_POINT('',(-16.5608,2.05105,5.835009461737));
#14156=CARTESIAN_POINT('',(-16.5608,2.05105,5.835009461737));
#14157=VECTOR('',#16834,0.9906);
#14158=CARTESIAN_POINT('',(-16.5608,2.05105,5.835009461737));
#14159=VECTOR('',#16835,0.4721332690788);
#14160=CARTESIAN_POINT('',(-18.7198,2.05105,6.307142730816));
#14161=CARTESIAN_POINT('',(-17.7292,2.05105,6.307142730816));
#14162=CARTESIAN_POINT('',(-18.7198,2.05105,6.307142730816));
#14163=VECTOR('',#16836,0.9906);
#14164=CARTESIAN_POINT('',(-17.7292,2.05105,5.835009461737));
#14165=CARTESIAN_POINT('',(-17.7292,2.05105,5.835009461737));
#14166=VECTOR('',#16837,0.4721332690788);
#14167=CARTESIAN_POINT('',(-18.7198,2.05105,5.835009461737));
#14168=CARTESIAN_POINT('',(-18.7198,2.05105,5.835009461737));
#14169=VECTOR('',#16838,0.9906);
#14170=CARTESIAN_POINT('',(-18.7198,2.05105,5.835009461737));
#14171=VECTOR('',#16839,0.4721332690788);
#14172=CARTESIAN_POINT('',(21.0566,-2.05105,7.4422));
#14173=CARTESIAN_POINT('',(21.9456,-2.05105,8.3312));
#14174=VECTOR('',#16840,1.25723585695);
#14175=CARTESIAN_POINT('',(21.0566,2.05105,7.4422));
#14176=VECTOR('',#16841,4.1021);
#14177=CARTESIAN_POINT('',(21.0566,-2.05105,0.6096));
#14178=CARTESIAN_POINT('',(21.0566,-2.05105,0.6096));
#14179=VECTOR('',#16842,4.1021);
#14180=CARTESIAN_POINT('',(21.0566,-2.05105,0.6096));
#14181=VECTOR('',#16843,6.8326);
#14182=CARTESIAN_POINT('',(-21.0566,-2.05105,0.6096));
#14183=VECTOR('',#16844,42.1132);
#14184=CARTESIAN_POINT('',(17.9832,-2.05105,5.835009461737));
#14185=CARTESIAN_POINT('',(18.9738,-2.05105,5.835009461737));
#14186=CARTESIAN_POINT('',(17.9832,-2.05105,5.835009461737));
#14187=VECTOR('',#16845,0.9906);
#14188=CARTESIAN_POINT('',(18.9738,-2.05105,6.307142730816));
#14189=CARTESIAN_POINT('',(18.9738,-2.05105,5.835009461737));
#14190=VECTOR('',#16846,0.4721332690788);
#14191=CARTESIAN_POINT('',(17.9832,-2.05105,6.307142730816));
#14192=CARTESIAN_POINT('',(17.9832,-2.05105,6.307142730816));
#14193=VECTOR('',#16847,0.9906);
#14194=CARTESIAN_POINT('',(17.9832,-2.05105,5.835009461737));
#14195=VECTOR('',#16848,0.4721332690788);
#14196=CARTESIAN_POINT('',(15.8242,-2.05105,5.835009461737));
#14197=CARTESIAN_POINT('',(16.8148,-2.05105,5.835009461737));
#14198=CARTESIAN_POINT('',(15.8242,-2.05105,5.835009461737));
#14199=VECTOR('',#16849,0.9906);
#14200=CARTESIAN_POINT('',(16.8148,-2.05105,6.307142730816));
#14201=CARTESIAN_POINT('',(16.8148,-2.05105,5.835009461737));
#14202=VECTOR('',#16850,0.4721332690788);
#14203=CARTESIAN_POINT('',(15.8242,-2.05105,6.307142730816));
#14204=CARTESIAN_POINT('',(15.8242,-2.05105,6.307142730816));
#14205=VECTOR('',#16851,0.9906);
#14206=CARTESIAN_POINT('',(15.8242,-2.05105,5.835009461737));
#14207=VECTOR('',#16852,0.4721332690788);
#14208=CARTESIAN_POINT('',(13.6652,-2.05105,5.835009461737));
#14209=CARTESIAN_POINT('',(14.6558,-2.05105,5.835009461737));
#14210=CARTESIAN_POINT('',(13.6652,-2.05105,5.835009461737));
#14211=VECTOR('',#16853,0.9906);
#14212=CARTESIAN_POINT('',(14.6558,-2.05105,6.307142730816));
#14213=CARTESIAN_POINT('',(14.6558,-2.05105,5.835009461737));
#14214=VECTOR('',#16854,0.4721332690788);
#14215=CARTESIAN_POINT('',(13.6652,-2.05105,6.307142730816));
#14216=CARTESIAN_POINT('',(13.6652,-2.05105,6.307142730816));
#14217=VECTOR('',#16855,0.9906);
#14218=CARTESIAN_POINT('',(13.6652,-2.05105,5.835009461737));
#14219=VECTOR('',#16856,0.4721332690788);
#14220=CARTESIAN_POINT('',(11.5062,-2.05105,5.835009461737));
#14221=CARTESIAN_POINT('',(12.4968,-2.05105,5.835009461737));
#14222=CARTESIAN_POINT('',(11.5062,-2.05105,5.835009461737));
#14223=VECTOR('',#16857,0.9906);
#14224=CARTESIAN_POINT('',(12.4968,-2.05105,6.307142730816));
#14225=CARTESIAN_POINT('',(12.4968,-2.05105,5.835009461737));
#14226=VECTOR('',#16858,0.4721332690788);
#14227=CARTESIAN_POINT('',(11.5062,-2.05105,6.307142730816));
#14228=CARTESIAN_POINT('',(11.5062,-2.05105,6.307142730816));
#14229=VECTOR('',#16859,0.9906);
#14230=CARTESIAN_POINT('',(11.5062,-2.05105,5.835009461737));
#14231=VECTOR('',#16860,0.4721332690788);
#14232=CARTESIAN_POINT('',(9.3472,-2.05105,5.835009461737));
#14233=CARTESIAN_POINT('',(10.3378,-2.05105,5.835009461737));
#14234=CARTESIAN_POINT('',(9.3472,-2.05105,5.835009461737));
#14235=VECTOR('',#16861,0.9906);
#14236=CARTESIAN_POINT('',(10.3378,-2.05105,6.307142730816));
#14237=CARTESIAN_POINT('',(10.3378,-2.05105,5.835009461737));
#14238=VECTOR('',#16862,0.4721332690788);
#14239=CARTESIAN_POINT('',(9.3472,-2.05105,6.307142730816));
#14240=CARTESIAN_POINT('',(9.3472,-2.05105,6.307142730816));
#14241=VECTOR('',#16863,0.9906);
#14242=CARTESIAN_POINT('',(9.3472,-2.05105,5.835009461737));
#14243=VECTOR('',#16864,0.4721332690788);
#14244=CARTESIAN_POINT('',(7.1882,-2.05105,5.835009461737));
#14245=CARTESIAN_POINT('',(8.1788,-2.05105,5.835009461737));
#14246=CARTESIAN_POINT('',(7.1882,-2.05105,5.835009461737));
#14247=VECTOR('',#16865,0.9906);
#14248=CARTESIAN_POINT('',(8.1788,-2.05105,6.307142730816));
#14249=CARTESIAN_POINT('',(8.1788,-2.05105,5.835009461737));
#14250=VECTOR('',#16866,0.4721332690788);
#14251=CARTESIAN_POINT('',(7.1882,-2.05105,6.307142730816));
#14252=CARTESIAN_POINT('',(7.1882,-2.05105,6.307142730816));
#14253=VECTOR('',#16867,0.9906);
#14254=CARTESIAN_POINT('',(7.1882,-2.05105,5.835009461737));
#14255=VECTOR('',#16868,0.4721332690788);
#14256=CARTESIAN_POINT('',(5.0292,-2.05105,5.835009461737));
#14257=CARTESIAN_POINT('',(6.0198,-2.05105,5.835009461737));
#14258=CARTESIAN_POINT('',(5.0292,-2.05105,5.835009461737));
#14259=VECTOR('',#16869,0.9906);
#14260=CARTESIAN_POINT('',(6.0198,-2.05105,6.307142730816));
#14261=CARTESIAN_POINT('',(6.0198,-2.05105,5.835009461737));
#14262=VECTOR('',#16870,0.4721332690788);
#14263=CARTESIAN_POINT('',(5.0292,-2.05105,6.307142730816));
#14264=CARTESIAN_POINT('',(5.0292,-2.05105,6.307142730816));
#14265=VECTOR('',#16871,0.9906);
#14266=CARTESIAN_POINT('',(5.0292,-2.05105,5.835009461737));
#14267=VECTOR('',#16872,0.4721332690788);
#14268=CARTESIAN_POINT('',(2.8702,-2.05105,5.835009461737));
#14269=CARTESIAN_POINT('',(3.8608,-2.05105,5.835009461737));
#14270=CARTESIAN_POINT('',(2.8702,-2.05105,5.835009461737));
#14271=VECTOR('',#16873,0.9906);
#14272=CARTESIAN_POINT('',(3.8608,-2.05105,6.307142730816));
#14273=CARTESIAN_POINT('',(3.8608,-2.05105,5.835009461737));
#14274=VECTOR('',#16874,0.4721332690788);
#14275=CARTESIAN_POINT('',(2.8702,-2.05105,6.307142730816));
#14276=CARTESIAN_POINT('',(2.8702,-2.05105,6.307142730816));
#14277=VECTOR('',#16875,0.9906);
#14278=CARTESIAN_POINT('',(2.8702,-2.05105,5.835009461737));
#14279=VECTOR('',#16876,0.4721332690788);
#14280=CARTESIAN_POINT('',(0.7112,-2.05105,5.835009461737));
#14281=CARTESIAN_POINT('',(1.7018,-2.05105,5.835009461737));
#14282=CARTESIAN_POINT('',(0.7112,-2.05105,5.835009461737));
#14283=VECTOR('',#16877,0.9906);
#14284=CARTESIAN_POINT('',(1.7018,-2.05105,6.307142730816));
#14285=CARTESIAN_POINT('',(1.7018,-2.05105,5.835009461737));
#14286=VECTOR('',#16878,0.4721332690788);
#14287=CARTESIAN_POINT('',(0.7112,-2.05105,6.307142730816));
#14288=CARTESIAN_POINT('',(0.7112,-2.05105,6.307142730816));
#14289=VECTOR('',#16879,0.9906);
#14290=CARTESIAN_POINT('',(0.7112,-2.05105,5.835009461737));
#14291=VECTOR('',#16880,0.4721332690788);
#14292=CARTESIAN_POINT('',(-1.4478,-2.05105,5.835009461737));
#14293=CARTESIAN_POINT('',(-0.4572,-2.05105,5.835009461737));
#14294=CARTESIAN_POINT('',(-1.4478,-2.05105,5.835009461737));
#14295=VECTOR('',#16881,0.9906);
#14296=CARTESIAN_POINT('',(-0.4572,-2.05105,6.307142730816));
#14297=CARTESIAN_POINT('',(-0.4572,-2.05105,5.835009461737));
#14298=VECTOR('',#16882,0.4721332690788);
#14299=CARTESIAN_POINT('',(-1.4478,-2.05105,6.307142730816));
#14300=CARTESIAN_POINT('',(-1.4478,-2.05105,6.307142730816));
#14301=VECTOR('',#16883,0.9906);
#14302=CARTESIAN_POINT('',(-1.4478,-2.05105,5.835009461737));
#14303=VECTOR('',#16884,0.4721332690788);
#14304=CARTESIAN_POINT('',(-3.6068,-2.05105,5.835009461737));
#14305=CARTESIAN_POINT('',(-2.6162,-2.05105,5.835009461737));
#14306=CARTESIAN_POINT('',(-3.6068,-2.05105,5.835009461737));
#14307=VECTOR('',#16885,0.9906);
#14308=CARTESIAN_POINT('',(-2.6162,-2.05105,6.307142730816));
#14309=CARTESIAN_POINT('',(-2.6162,-2.05105,5.835009461737));
#14310=VECTOR('',#16886,0.4721332690788);
#14311=CARTESIAN_POINT('',(-3.6068,-2.05105,6.307142730816));
#14312=CARTESIAN_POINT('',(-3.6068,-2.05105,6.307142730816));
#14313=VECTOR('',#16887,0.9906);
#14314=CARTESIAN_POINT('',(-3.6068,-2.05105,5.835009461737));
#14315=VECTOR('',#16888,0.4721332690788);
#14316=CARTESIAN_POINT('',(-5.7658,-2.05105,5.835009461737));
#14317=CARTESIAN_POINT('',(-4.7752,-2.05105,5.835009461737));
#14318=CARTESIAN_POINT('',(-5.7658,-2.05105,5.835009461737));
#14319=VECTOR('',#16889,0.9906);
#14320=CARTESIAN_POINT('',(-4.7752,-2.05105,6.307142730816));
#14321=CARTESIAN_POINT('',(-4.7752,-2.05105,5.835009461737));
#14322=VECTOR('',#16890,0.4721332690788);
#14323=CARTESIAN_POINT('',(-5.7658,-2.05105,6.307142730816));
#14324=CARTESIAN_POINT('',(-5.7658,-2.05105,6.307142730816));
#14325=VECTOR('',#16891,0.9906);
#14326=CARTESIAN_POINT('',(-5.7658,-2.05105,5.835009461737));
#14327=VECTOR('',#16892,0.4721332690788);
#14328=CARTESIAN_POINT('',(-7.9248,-2.05105,5.835009461737));
#14329=CARTESIAN_POINT('',(-6.9342,-2.05105,5.835009461737));
#14330=CARTESIAN_POINT('',(-7.9248,-2.05105,5.835009461737));
#14331=VECTOR('',#16893,0.9906);
#14332=CARTESIAN_POINT('',(-6.9342,-2.05105,6.307142730816));
#14333=CARTESIAN_POINT('',(-6.9342,-2.05105,5.835009461737));
#14334=VECTOR('',#16894,0.4721332690788);
#14335=CARTESIAN_POINT('',(-7.9248,-2.05105,6.307142730816));
#14336=CARTESIAN_POINT('',(-7.9248,-2.05105,6.307142730816));
#14337=VECTOR('',#16895,0.9906);
#14338=CARTESIAN_POINT('',(-7.9248,-2.05105,5.835009461737));
#14339=VECTOR('',#16896,0.4721332690788);
#14340=CARTESIAN_POINT('',(-10.0838,-2.05105,5.835009461737));
#14341=CARTESIAN_POINT('',(-9.0932,-2.05105,5.835009461737));
#14342=CARTESIAN_POINT('',(-10.0838,-2.05105,5.835009461737));
#14343=VECTOR('',#16897,0.9906);
#14344=CARTESIAN_POINT('',(-9.0932,-2.05105,6.307142730816));
#14345=CARTESIAN_POINT('',(-9.0932,-2.05105,5.835009461737));
#14346=VECTOR('',#16898,0.4721332690788);
#14347=CARTESIAN_POINT('',(-10.0838,-2.05105,6.307142730816));
#14348=CARTESIAN_POINT('',(-10.0838,-2.05105,6.307142730816));
#14349=VECTOR('',#16899,0.9906);
#14350=CARTESIAN_POINT('',(-10.0838,-2.05105,5.835009461737));
#14351=VECTOR('',#16900,0.4721332690788);
#14352=CARTESIAN_POINT('',(-12.2428,-2.05105,5.835009461737));
#14353=CARTESIAN_POINT('',(-11.2522,-2.05105,5.835009461737));
#14354=CARTESIAN_POINT('',(-12.2428,-2.05105,5.835009461737));
#14355=VECTOR('',#16901,0.9906);
#14356=CARTESIAN_POINT('',(-11.2522,-2.05105,6.307142730816));
#14357=CARTESIAN_POINT('',(-11.2522,-2.05105,5.835009461737));
#14358=VECTOR('',#16902,0.4721332690788);
#14359=CARTESIAN_POINT('',(-12.2428,-2.05105,6.307142730816));
#14360=CARTESIAN_POINT('',(-12.2428,-2.05105,6.307142730816));
#14361=VECTOR('',#16903,0.9906);
#14362=CARTESIAN_POINT('',(-12.2428,-2.05105,5.835009461737));
#14363=VECTOR('',#16904,0.4721332690788);
#14364=CARTESIAN_POINT('',(-14.4018,-2.05105,5.835009461737));
#14365=CARTESIAN_POINT('',(-13.4112,-2.05105,5.835009461737));
#14366=CARTESIAN_POINT('',(-14.4018,-2.05105,5.835009461737));
#14367=VECTOR('',#16905,0.9906);
#14368=CARTESIAN_POINT('',(-13.4112,-2.05105,6.307142730816));
#14369=CARTESIAN_POINT('',(-13.4112,-2.05105,5.835009461737));
#14370=VECTOR('',#16906,0.4721332690788);
#14371=CARTESIAN_POINT('',(-14.4018,-2.05105,6.307142730816));
#14372=CARTESIAN_POINT('',(-14.4018,-2.05105,6.307142730816));
#14373=VECTOR('',#16907,0.9906);
#14374=CARTESIAN_POINT('',(-14.4018,-2.05105,5.835009461737));
#14375=VECTOR('',#16908,0.4721332690788);
#14376=CARTESIAN_POINT('',(-16.5608,-2.05105,5.835009461737));
#14377=CARTESIAN_POINT('',(-15.5702,-2.05105,5.835009461737));
#14378=CARTESIAN_POINT('',(-16.5608,-2.05105,5.835009461737));
#14379=VECTOR('',#16909,0.9906);
#14380=CARTESIAN_POINT('',(-15.5702,-2.05105,6.307142730816));
#14381=CARTESIAN_POINT('',(-15.5702,-2.05105,5.835009461737));
#14382=VECTOR('',#16910,0.4721332690788);
#14383=CARTESIAN_POINT('',(-16.5608,-2.05105,6.307142730816));
#14384=CARTESIAN_POINT('',(-16.5608,-2.05105,6.307142730816));
#14385=VECTOR('',#16911,0.9906);
#14386=CARTESIAN_POINT('',(-16.5608,-2.05105,5.835009461737));
#14387=VECTOR('',#16912,0.4721332690788);
#14388=CARTESIAN_POINT('',(-18.7198,-2.05105,5.835009461737));
#14389=CARTESIAN_POINT('',(-17.7292,-2.05105,5.835009461737));
#14390=CARTESIAN_POINT('',(-18.7198,-2.05105,5.835009461737));
#14391=VECTOR('',#16913,0.9906);
#14392=CARTESIAN_POINT('',(-17.7292,-2.05105,6.307142730816));
#14393=CARTESIAN_POINT('',(-17.7292,-2.05105,5.835009461737));
#14394=VECTOR('',#16914,0.4721332690788);
#14395=CARTESIAN_POINT('',(-18.7198,-2.05105,6.307142730816));
#14396=CARTESIAN_POINT('',(-18.7198,-2.05105,6.307142730816));
#14397=VECTOR('',#16915,0.9906);
#14398=CARTESIAN_POINT('',(-18.7198,-2.05105,5.835009461737));
#14399=VECTOR('',#16916,0.4721332690788);
#14400=CARTESIAN_POINT('',(17.9832,-1.3462,0.6096));
#14401=CARTESIAN_POINT('',(18.9738,-1.3462,0.6096));
#14402=CARTESIAN_POINT('',(17.9832,-1.3462,0.6096));
#14403=VECTOR('',#16917,0.9906);
#14404=CARTESIAN_POINT('',(18.9738,-1.6002,0.6096));
#14405=CARTESIAN_POINT('',(18.9738,-1.6002,0.6096));
#14406=VECTOR('',#16918,0.254);
#14407=CARTESIAN_POINT('',(17.9832,-1.6002,0.6096));
#14408=CARTESIAN_POINT('',(17.9832,-1.6002,0.6096));
#14409=VECTOR('',#16919,0.9906);
#14410=CARTESIAN_POINT('',(17.9832,-1.6002,0.6096));
#14411=VECTOR('',#16920,0.254);
#14412=CARTESIAN_POINT('',(17.9832,1.6002,0.6096));
#14413=CARTESIAN_POINT('',(18.9738,1.6002,0.6096));
#14414=CARTESIAN_POINT('',(17.9832,1.6002,0.6096));
#14415=VECTOR('',#16921,0.9906);
#14416=CARTESIAN_POINT('',(18.9738,1.3462,0.6096));
#14417=CARTESIAN_POINT('',(18.9738,1.3462,0.6096));
#14418=VECTOR('',#16922,0.254);
#14419=CARTESIAN_POINT('',(17.9832,1.3462,0.6096));
#14420=CARTESIAN_POINT('',(17.9832,1.3462,0.6096));
#14421=VECTOR('',#16923,0.9906);
#14422=CARTESIAN_POINT('',(17.9832,1.3462,0.6096));
#14423=VECTOR('',#16924,0.254);
#14424=CARTESIAN_POINT('',(15.8242,-1.3462,0.6096));
#14425=CARTESIAN_POINT('',(16.8148,-1.3462,0.6096));
#14426=CARTESIAN_POINT('',(15.8242,-1.3462,0.6096));
#14427=VECTOR('',#16925,0.9906);
#14428=CARTESIAN_POINT('',(16.8148,-1.6002,0.6096));
#14429=CARTESIAN_POINT('',(16.8148,-1.6002,0.6096));
#14430=VECTOR('',#16926,0.254);
#14431=CARTESIAN_POINT('',(15.8242,-1.6002,0.6096));
#14432=CARTESIAN_POINT('',(15.8242,-1.6002,0.6096));
#14433=VECTOR('',#16927,0.9906);
#14434=CARTESIAN_POINT('',(15.8242,-1.6002,0.6096));
#14435=VECTOR('',#16928,0.254);
#14436=CARTESIAN_POINT('',(15.8242,1.6002,0.6096));
#14437=CARTESIAN_POINT('',(16.8148,1.6002,0.6096));
#14438=CARTESIAN_POINT('',(15.8242,1.6002,0.6096));
#14439=VECTOR('',#16929,0.9906);
#14440=CARTESIAN_POINT('',(16.8148,1.3462,0.6096));
#14441=CARTESIAN_POINT('',(16.8148,1.3462,0.6096));
#14442=VECTOR('',#16930,0.254);
#14443=CARTESIAN_POINT('',(15.8242,1.3462,0.6096));
#14444=CARTESIAN_POINT('',(15.8242,1.3462,0.6096));
#14445=VECTOR('',#16931,0.9906);
#14446=CARTESIAN_POINT('',(15.8242,1.3462,0.6096));
#14447=VECTOR('',#16932,0.254);
#14448=CARTESIAN_POINT('',(13.6652,-1.3462,0.6096));
#14449=CARTESIAN_POINT('',(14.6558,-1.3462,0.6096));
#14450=CARTESIAN_POINT('',(13.6652,-1.3462,0.6096));
#14451=VECTOR('',#16933,0.9906);
#14452=CARTESIAN_POINT('',(14.6558,-1.6002,0.6096));
#14453=CARTESIAN_POINT('',(14.6558,-1.6002,0.6096));
#14454=VECTOR('',#16934,0.254);
#14455=CARTESIAN_POINT('',(13.6652,-1.6002,0.6096));
#14456=CARTESIAN_POINT('',(13.6652,-1.6002,0.6096));
#14457=VECTOR('',#16935,0.9906);
#14458=CARTESIAN_POINT('',(13.6652,-1.6002,0.6096));
#14459=VECTOR('',#16936,0.254);
#14460=CARTESIAN_POINT('',(13.6652,1.6002,0.6096));
#14461=CARTESIAN_POINT('',(14.6558,1.6002,0.6096));
#14462=CARTESIAN_POINT('',(13.6652,1.6002,0.6096));
#14463=VECTOR('',#16937,0.9906);
#14464=CARTESIAN_POINT('',(14.6558,1.3462,0.6096));
#14465=CARTESIAN_POINT('',(14.6558,1.3462,0.6096));
#14466=VECTOR('',#16938,0.254);
#14467=CARTESIAN_POINT('',(13.6652,1.3462,0.6096));
#14468=CARTESIAN_POINT('',(13.6652,1.3462,0.6096));
#14469=VECTOR('',#16939,0.9906);
#14470=CARTESIAN_POINT('',(13.6652,1.3462,0.6096));
#14471=VECTOR('',#16940,0.254);
#14472=CARTESIAN_POINT('',(11.5062,-1.3462,0.6096));
#14473=CARTESIAN_POINT('',(12.4968,-1.3462,0.6096));
#14474=CARTESIAN_POINT('',(11.5062,-1.3462,0.6096));
#14475=VECTOR('',#16941,0.9906);
#14476=CARTESIAN_POINT('',(12.4968,-1.6002,0.6096));
#14477=CARTESIAN_POINT('',(12.4968,-1.6002,0.6096));
#14478=VECTOR('',#16942,0.254);
#14479=CARTESIAN_POINT('',(11.5062,-1.6002,0.6096));
#14480=CARTESIAN_POINT('',(11.5062,-1.6002,0.6096));
#14481=VECTOR('',#16943,0.9906);
#14482=CARTESIAN_POINT('',(11.5062,-1.6002,0.6096));
#14483=VECTOR('',#16944,0.254);
#14484=CARTESIAN_POINT('',(11.5062,1.6002,0.6096));
#14485=CARTESIAN_POINT('',(12.4968,1.6002,0.6096));
#14486=CARTESIAN_POINT('',(11.5062,1.6002,0.6096));
#14487=VECTOR('',#16945,0.9906);
#14488=CARTESIAN_POINT('',(12.4968,1.3462,0.6096));
#14489=CARTESIAN_POINT('',(12.4968,1.3462,0.6096));
#14490=VECTOR('',#16946,0.254);
#14491=CARTESIAN_POINT('',(11.5062,1.3462,0.6096));
#14492=CARTESIAN_POINT('',(11.5062,1.3462,0.6096));
#14493=VECTOR('',#16947,0.9906);
#14494=CARTESIAN_POINT('',(11.5062,1.3462,0.6096));
#14495=VECTOR('',#16948,0.254);
#14496=CARTESIAN_POINT('',(9.3472,-1.3462,0.6096));
#14497=CARTESIAN_POINT('',(10.3378,-1.3462,0.6096));
#14498=CARTESIAN_POINT('',(9.3472,-1.3462,0.6096));
#14499=VECTOR('',#16949,0.9906);
#14500=CARTESIAN_POINT('',(10.3378,-1.6002,0.6096));
#14501=CARTESIAN_POINT('',(10.3378,-1.6002,0.6096));
#14502=VECTOR('',#16950,0.254);
#14503=CARTESIAN_POINT('',(9.3472,-1.6002,0.6096));
#14504=CARTESIAN_POINT('',(9.3472,-1.6002,0.6096));
#14505=VECTOR('',#16951,0.9906);
#14506=CARTESIAN_POINT('',(9.3472,-1.6002,0.6096));
#14507=VECTOR('',#16952,0.254);
#14508=CARTESIAN_POINT('',(9.3472,1.6002,0.6096));
#14509=CARTESIAN_POINT('',(10.3378,1.6002,0.6096));
#14510=CARTESIAN_POINT('',(9.3472,1.6002,0.6096));
#14511=VECTOR('',#16953,0.9906);
#14512=CARTESIAN_POINT('',(10.3378,1.3462,0.6096));
#14513=CARTESIAN_POINT('',(10.3378,1.3462,0.6096));
#14514=VECTOR('',#16954,0.254);
#14515=CARTESIAN_POINT('',(9.3472,1.3462,0.6096));
#14516=CARTESIAN_POINT('',(9.3472,1.3462,0.6096));
#14517=VECTOR('',#16955,0.9906);
#14518=CARTESIAN_POINT('',(9.3472,1.3462,0.6096));
#14519=VECTOR('',#16956,0.254);
#14520=CARTESIAN_POINT('',(7.1882,-1.3462,0.6096));
#14521=CARTESIAN_POINT('',(8.1788,-1.3462,0.6096));
#14522=CARTESIAN_POINT('',(7.1882,-1.3462,0.6096));
#14523=VECTOR('',#16957,0.9906);
#14524=CARTESIAN_POINT('',(8.1788,-1.6002,0.6096));
#14525=CARTESIAN_POINT('',(8.1788,-1.6002,0.6096));
#14526=VECTOR('',#16958,0.254);
#14527=CARTESIAN_POINT('',(7.1882,-1.6002,0.6096));
#14528=CARTESIAN_POINT('',(7.1882,-1.6002,0.6096));
#14529=VECTOR('',#16959,0.9906);
#14530=CARTESIAN_POINT('',(7.1882,-1.6002,0.6096));
#14531=VECTOR('',#16960,0.254);
#14532=CARTESIAN_POINT('',(7.1882,1.6002,0.6096));
#14533=CARTESIAN_POINT('',(8.1788,1.6002,0.6096));
#14534=CARTESIAN_POINT('',(7.1882,1.6002,0.6096));
#14535=VECTOR('',#16961,0.9906);
#14536=CARTESIAN_POINT('',(8.1788,1.3462,0.6096));
#14537=CARTESIAN_POINT('',(8.1788,1.3462,0.6096));
#14538=VECTOR('',#16962,0.254);
#14539=CARTESIAN_POINT('',(7.1882,1.3462,0.6096));
#14540=CARTESIAN_POINT('',(7.1882,1.3462,0.6096));
#14541=VECTOR('',#16963,0.9906);
#14542=CARTESIAN_POINT('',(7.1882,1.3462,0.6096));
#14543=VECTOR('',#16964,0.254);
#14544=CARTESIAN_POINT('',(5.0292,-1.3462,0.6096));
#14545=CARTESIAN_POINT('',(6.0198,-1.3462,0.6096));
#14546=CARTESIAN_POINT('',(5.0292,-1.3462,0.6096));
#14547=VECTOR('',#16965,0.9906);
#14548=CARTESIAN_POINT('',(6.0198,-1.6002,0.6096));
#14549=CARTESIAN_POINT('',(6.0198,-1.6002,0.6096));
#14550=VECTOR('',#16966,0.254);
#14551=CARTESIAN_POINT('',(5.0292,-1.6002,0.6096));
#14552=CARTESIAN_POINT('',(5.0292,-1.6002,0.6096));
#14553=VECTOR('',#16967,0.9906);
#14554=CARTESIAN_POINT('',(5.0292,-1.6002,0.6096));
#14555=VECTOR('',#16968,0.254);
#14556=CARTESIAN_POINT('',(5.0292,1.6002,0.6096));
#14557=CARTESIAN_POINT('',(6.0198,1.6002,0.6096));
#14558=CARTESIAN_POINT('',(5.0292,1.6002,0.6096));
#14559=VECTOR('',#16969,0.9906);
#14560=CARTESIAN_POINT('',(6.0198,1.3462,0.6096));
#14561=CARTESIAN_POINT('',(6.0198,1.3462,0.6096));
#14562=VECTOR('',#16970,0.254);
#14563=CARTESIAN_POINT('',(5.0292,1.3462,0.6096));
#14564=CARTESIAN_POINT('',(5.0292,1.3462,0.6096));
#14565=VECTOR('',#16971,0.9906);
#14566=CARTESIAN_POINT('',(5.0292,1.3462,0.6096));
#14567=VECTOR('',#16972,0.254);
#14568=CARTESIAN_POINT('',(2.8702,-1.3462,0.6096));
#14569=CARTESIAN_POINT('',(3.8608,-1.3462,0.6096));
#14570=CARTESIAN_POINT('',(2.8702,-1.3462,0.6096));
#14571=VECTOR('',#16973,0.9906);
#14572=CARTESIAN_POINT('',(3.8608,-1.6002,0.6096));
#14573=CARTESIAN_POINT('',(3.8608,-1.6002,0.6096));
#14574=VECTOR('',#16974,0.254);
#14575=CARTESIAN_POINT('',(2.8702,-1.6002,0.6096));
#14576=CARTESIAN_POINT('',(2.8702,-1.6002,0.6096));
#14577=VECTOR('',#16975,0.9906);
#14578=CARTESIAN_POINT('',(2.8702,-1.6002,0.6096));
#14579=VECTOR('',#16976,0.254);
#14580=CARTESIAN_POINT('',(2.8702,1.6002,0.6096));
#14581=CARTESIAN_POINT('',(3.8608,1.6002,0.6096));
#14582=CARTESIAN_POINT('',(2.8702,1.6002,0.6096));
#14583=VECTOR('',#16977,0.9906);
#14584=CARTESIAN_POINT('',(3.8608,1.3462,0.6096));
#14585=CARTESIAN_POINT('',(3.8608,1.3462,0.6096));
#14586=VECTOR('',#16978,0.254);
#14587=CARTESIAN_POINT('',(2.8702,1.3462,0.6096));
#14588=CARTESIAN_POINT('',(2.8702,1.3462,0.6096));
#14589=VECTOR('',#16979,0.9906);
#14590=CARTESIAN_POINT('',(2.8702,1.3462,0.6096));
#14591=VECTOR('',#16980,0.254);
#14592=CARTESIAN_POINT('',(0.7112,-1.3462,0.6096));
#14593=CARTESIAN_POINT('',(1.7018,-1.3462,0.6096));
#14594=CARTESIAN_POINT('',(0.7112,-1.3462,0.6096));
#14595=VECTOR('',#16981,0.9906);
#14596=CARTESIAN_POINT('',(1.7018,-1.6002,0.6096));
#14597=CARTESIAN_POINT('',(1.7018,-1.6002,0.6096));
#14598=VECTOR('',#16982,0.254);
#14599=CARTESIAN_POINT('',(0.7112,-1.6002,0.6096));
#14600=CARTESIAN_POINT('',(0.7112,-1.6002,0.6096));
#14601=VECTOR('',#16983,0.9906);
#14602=CARTESIAN_POINT('',(0.7112,-1.6002,0.6096));
#14603=VECTOR('',#16984,0.254);
#14604=CARTESIAN_POINT('',(0.7112,1.6002,0.6096));
#14605=CARTESIAN_POINT('',(1.7018,1.6002,0.6096));
#14606=CARTESIAN_POINT('',(0.7112,1.6002,0.6096));
#14607=VECTOR('',#16985,0.9906);
#14608=CARTESIAN_POINT('',(1.7018,1.3462,0.6096));
#14609=CARTESIAN_POINT('',(1.7018,1.3462,0.6096));
#14610=VECTOR('',#16986,0.254);
#14611=CARTESIAN_POINT('',(0.7112,1.3462,0.6096));
#14612=CARTESIAN_POINT('',(0.7112,1.3462,0.6096));
#14613=VECTOR('',#16987,0.9906);
#14614=CARTESIAN_POINT('',(0.7112,1.3462,0.6096));
#14615=VECTOR('',#16988,0.254);
#14616=CARTESIAN_POINT('',(-1.4478,-1.3462,0.6096));
#14617=CARTESIAN_POINT('',(-0.4572,-1.3462,0.6096));
#14618=CARTESIAN_POINT('',(-1.4478,-1.3462,0.6096));
#14619=VECTOR('',#16989,0.9906);
#14620=CARTESIAN_POINT('',(-0.4572,-1.6002,0.6096));
#14621=CARTESIAN_POINT('',(-0.4572,-1.6002,0.6096));
#14622=VECTOR('',#16990,0.254);
#14623=CARTESIAN_POINT('',(-1.4478,-1.6002,0.6096));
#14624=CARTESIAN_POINT('',(-1.4478,-1.6002,0.6096));
#14625=VECTOR('',#16991,0.9906);
#14626=CARTESIAN_POINT('',(-1.4478,-1.6002,0.6096));
#14627=VECTOR('',#16992,0.254);
#14628=CARTESIAN_POINT('',(-1.4478,1.6002,0.6096));
#14629=CARTESIAN_POINT('',(-0.4572,1.6002,0.6096));
#14630=CARTESIAN_POINT('',(-1.4478,1.6002,0.6096));
#14631=VECTOR('',#16993,0.9906);
#14632=CARTESIAN_POINT('',(-0.4572,1.3462,0.6096));
#14633=CARTESIAN_POINT('',(-0.4572,1.3462,0.6096));
#14634=VECTOR('',#16994,0.254);
#14635=CARTESIAN_POINT('',(-1.4478,1.3462,0.6096));
#14636=CARTESIAN_POINT('',(-1.4478,1.3462,0.6096));
#14637=VECTOR('',#16995,0.9906);
#14638=CARTESIAN_POINT('',(-1.4478,1.3462,0.6096));
#14639=VECTOR('',#16996,0.254);
#14640=CARTESIAN_POINT('',(-3.6068,-1.3462,0.6096));
#14641=CARTESIAN_POINT('',(-2.6162,-1.3462,0.6096));
#14642=CARTESIAN_POINT('',(-3.6068,-1.3462,0.6096));
#14643=VECTOR('',#16997,0.9906);
#14644=CARTESIAN_POINT('',(-2.6162,-1.6002,0.6096));
#14645=CARTESIAN_POINT('',(-2.6162,-1.6002,0.6096));
#14646=VECTOR('',#16998,0.254);
#14647=CARTESIAN_POINT('',(-3.6068,-1.6002,0.6096));
#14648=CARTESIAN_POINT('',(-3.6068,-1.6002,0.6096));
#14649=VECTOR('',#16999,0.9906);
#14650=CARTESIAN_POINT('',(-3.6068,-1.6002,0.6096));
#14651=VECTOR('',#17000,0.254);
#14652=CARTESIAN_POINT('',(-3.6068,1.6002,0.6096));
#14653=CARTESIAN_POINT('',(-2.6162,1.6002,0.6096));
#14654=CARTESIAN_POINT('',(-3.6068,1.6002,0.6096));
#14655=VECTOR('',#17001,0.9906);
#14656=CARTESIAN_POINT('',(-2.6162,1.3462,0.6096));
#14657=CARTESIAN_POINT('',(-2.6162,1.3462,0.6096));
#14658=VECTOR('',#17002,0.254);
#14659=CARTESIAN_POINT('',(-3.6068,1.3462,0.6096));
#14660=CARTESIAN_POINT('',(-3.6068,1.3462,0.6096));
#14661=VECTOR('',#17003,0.9906);
#14662=CARTESIAN_POINT('',(-3.6068,1.3462,0.6096));
#14663=VECTOR('',#17004,0.254);
#14664=CARTESIAN_POINT('',(-5.7658,-1.3462,0.6096));
#14665=CARTESIAN_POINT('',(-4.7752,-1.3462,0.6096));
#14666=CARTESIAN_POINT('',(-5.7658,-1.3462,0.6096));
#14667=VECTOR('',#17005,0.9906);
#14668=CARTESIAN_POINT('',(-4.7752,-1.6002,0.6096));
#14669=CARTESIAN_POINT('',(-4.7752,-1.6002,0.6096));
#14670=VECTOR('',#17006,0.254);
#14671=CARTESIAN_POINT('',(-5.7658,-1.6002,0.6096));
#14672=CARTESIAN_POINT('',(-5.7658,-1.6002,0.6096));
#14673=VECTOR('',#17007,0.9906);
#14674=CARTESIAN_POINT('',(-5.7658,-1.6002,0.6096));
#14675=VECTOR('',#17008,0.254);
#14676=CARTESIAN_POINT('',(-5.7658,1.6002,0.6096));
#14677=CARTESIAN_POINT('',(-4.7752,1.6002,0.6096));
#14678=CARTESIAN_POINT('',(-5.7658,1.6002,0.6096));
#14679=VECTOR('',#17009,0.9906);
#14680=CARTESIAN_POINT('',(-4.7752,1.3462,0.6096));
#14681=CARTESIAN_POINT('',(-4.7752,1.3462,0.6096));
#14682=VECTOR('',#17010,0.254);
#14683=CARTESIAN_POINT('',(-5.7658,1.3462,0.6096));
#14684=CARTESIAN_POINT('',(-5.7658,1.3462,0.6096));
#14685=VECTOR('',#17011,0.9906);
#14686=CARTESIAN_POINT('',(-5.7658,1.3462,0.6096));
#14687=VECTOR('',#17012,0.254);
#14688=CARTESIAN_POINT('',(-7.9248,-1.3462,0.6096));
#14689=CARTESIAN_POINT('',(-6.9342,-1.3462,0.6096));
#14690=CARTESIAN_POINT('',(-7.9248,-1.3462,0.6096));
#14691=VECTOR('',#17013,0.9906);
#14692=CARTESIAN_POINT('',(-6.9342,-1.6002,0.6096));
#14693=CARTESIAN_POINT('',(-6.9342,-1.6002,0.6096));
#14694=VECTOR('',#17014,0.254);
#14695=CARTESIAN_POINT('',(-7.9248,-1.6002,0.6096));
#14696=CARTESIAN_POINT('',(-7.9248,-1.6002,0.6096));
#14697=VECTOR('',#17015,0.9906);
#14698=CARTESIAN_POINT('',(-7.9248,-1.6002,0.6096));
#14699=VECTOR('',#17016,0.254);
#14700=CARTESIAN_POINT('',(-7.9248,1.6002,0.6096));
#14701=CARTESIAN_POINT('',(-6.9342,1.6002,0.6096));
#14702=CARTESIAN_POINT('',(-7.9248,1.6002,0.6096));
#14703=VECTOR('',#17017,0.9906);
#14704=CARTESIAN_POINT('',(-6.9342,1.3462,0.6096));
#14705=CARTESIAN_POINT('',(-6.9342,1.3462,0.6096));
#14706=VECTOR('',#17018,0.254);
#14707=CARTESIAN_POINT('',(-7.9248,1.3462,0.6096));
#14708=CARTESIAN_POINT('',(-7.9248,1.3462,0.6096));
#14709=VECTOR('',#17019,0.9906);
#14710=CARTESIAN_POINT('',(-7.9248,1.3462,0.6096));
#14711=VECTOR('',#17020,0.254);
#14712=CARTESIAN_POINT('',(-10.0838,-1.3462,0.6096));
#14713=CARTESIAN_POINT('',(-9.0932,-1.3462,0.6096));
#14714=CARTESIAN_POINT('',(-10.0838,-1.3462,0.6096));
#14715=VECTOR('',#17021,0.9906);
#14716=CARTESIAN_POINT('',(-9.0932,-1.6002,0.6096));
#14717=CARTESIAN_POINT('',(-9.0932,-1.6002,0.6096));
#14718=VECTOR('',#17022,0.254);
#14719=CARTESIAN_POINT('',(-10.0838,-1.6002,0.6096));
#14720=CARTESIAN_POINT('',(-10.0838,-1.6002,0.6096));
#14721=VECTOR('',#17023,0.9906);
#14722=CARTESIAN_POINT('',(-10.0838,-1.6002,0.6096));
#14723=VECTOR('',#17024,0.254);
#14724=CARTESIAN_POINT('',(-10.0838,1.6002,0.6096));
#14725=CARTESIAN_POINT('',(-9.0932,1.6002,0.6096));
#14726=CARTESIAN_POINT('',(-10.0838,1.6002,0.6096));
#14727=VECTOR('',#17025,0.9906);
#14728=CARTESIAN_POINT('',(-9.0932,1.3462,0.6096));
#14729=CARTESIAN_POINT('',(-9.0932,1.3462,0.6096));
#14730=VECTOR('',#17026,0.254);
#14731=CARTESIAN_POINT('',(-10.0838,1.3462,0.6096));
#14732=CARTESIAN_POINT('',(-10.0838,1.3462,0.6096));
#14733=VECTOR('',#17027,0.9906);
#14734=CARTESIAN_POINT('',(-10.0838,1.3462,0.6096));
#14735=VECTOR('',#17028,0.254);
#14736=CARTESIAN_POINT('',(-12.2428,-1.3462,0.6096));
#14737=CARTESIAN_POINT('',(-11.2522,-1.3462,0.6096));
#14738=CARTESIAN_POINT('',(-12.2428,-1.3462,0.6096));
#14739=VECTOR('',#17029,0.9906);
#14740=CARTESIAN_POINT('',(-11.2522,-1.6002,0.6096));
#14741=CARTESIAN_POINT('',(-11.2522,-1.6002,0.6096));
#14742=VECTOR('',#17030,0.254);
#14743=CARTESIAN_POINT('',(-12.2428,-1.6002,0.6096));
#14744=CARTESIAN_POINT('',(-12.2428,-1.6002,0.6096));
#14745=VECTOR('',#17031,0.9906);
#14746=CARTESIAN_POINT('',(-12.2428,-1.6002,0.6096));
#14747=VECTOR('',#17032,0.254);
#14748=CARTESIAN_POINT('',(-12.2428,1.6002,0.6096));
#14749=CARTESIAN_POINT('',(-11.2522,1.6002,0.6096));
#14750=CARTESIAN_POINT('',(-12.2428,1.6002,0.6096));
#14751=VECTOR('',#17033,0.9906);
#14752=CARTESIAN_POINT('',(-11.2522,1.3462,0.6096));
#14753=CARTESIAN_POINT('',(-11.2522,1.3462,0.6096));
#14754=VECTOR('',#17034,0.254);
#14755=CARTESIAN_POINT('',(-12.2428,1.3462,0.6096));
#14756=CARTESIAN_POINT('',(-12.2428,1.3462,0.6096));
#14757=VECTOR('',#17035,0.9906);
#14758=CARTESIAN_POINT('',(-12.2428,1.3462,0.6096));
#14759=VECTOR('',#17036,0.254);
#14760=CARTESIAN_POINT('',(-14.4018,-1.3462,0.6096));
#14761=CARTESIAN_POINT('',(-13.4112,-1.3462,0.6096));
#14762=CARTESIAN_POINT('',(-14.4018,-1.3462,0.6096));
#14763=VECTOR('',#17037,0.9906);
#14764=CARTESIAN_POINT('',(-13.4112,-1.6002,0.6096));
#14765=CARTESIAN_POINT('',(-13.4112,-1.6002,0.6096));
#14766=VECTOR('',#17038,0.254);
#14767=CARTESIAN_POINT('',(-14.4018,-1.6002,0.6096));
#14768=CARTESIAN_POINT('',(-14.4018,-1.6002,0.6096));
#14769=VECTOR('',#17039,0.9906);
#14770=CARTESIAN_POINT('',(-14.4018,-1.6002,0.6096));
#14771=VECTOR('',#17040,0.254);
#14772=CARTESIAN_POINT('',(-14.4018,1.6002,0.6096));
#14773=CARTESIAN_POINT('',(-13.4112,1.6002,0.6096));
#14774=CARTESIAN_POINT('',(-14.4018,1.6002,0.6096));
#14775=VECTOR('',#17041,0.9906);
#14776=CARTESIAN_POINT('',(-13.4112,1.3462,0.6096));
#14777=CARTESIAN_POINT('',(-13.4112,1.3462,0.6096));
#14778=VECTOR('',#17042,0.254);
#14779=CARTESIAN_POINT('',(-14.4018,1.3462,0.6096));
#14780=CARTESIAN_POINT('',(-14.4018,1.3462,0.6096));
#14781=VECTOR('',#17043,0.9906);
#14782=CARTESIAN_POINT('',(-14.4018,1.3462,0.6096));
#14783=VECTOR('',#17044,0.254);
#14784=CARTESIAN_POINT('',(-16.5608,-1.3462,0.6096));
#14785=CARTESIAN_POINT('',(-15.5702,-1.3462,0.6096));
#14786=CARTESIAN_POINT('',(-16.5608,-1.3462,0.6096));
#14787=VECTOR('',#17045,0.9906);
#14788=CARTESIAN_POINT('',(-15.5702,-1.6002,0.6096));
#14789=CARTESIAN_POINT('',(-15.5702,-1.6002,0.6096));
#14790=VECTOR('',#17046,0.254);
#14791=CARTESIAN_POINT('',(-16.5608,-1.6002,0.6096));
#14792=CARTESIAN_POINT('',(-16.5608,-1.6002,0.6096));
#14793=VECTOR('',#17047,0.9906);
#14794=CARTESIAN_POINT('',(-16.5608,-1.6002,0.6096));
#14795=VECTOR('',#17048,0.254);
#14796=CARTESIAN_POINT('',(-16.5608,1.6002,0.6096));
#14797=CARTESIAN_POINT('',(-15.5702,1.6002,0.6096));
#14798=CARTESIAN_POINT('',(-16.5608,1.6002,0.6096));
#14799=VECTOR('',#17049,0.9906);
#14800=CARTESIAN_POINT('',(-15.5702,1.3462,0.6096));
#14801=CARTESIAN_POINT('',(-15.5702,1.3462,0.6096));
#14802=VECTOR('',#17050,0.254);
#14803=CARTESIAN_POINT('',(-16.5608,1.3462,0.6096));
#14804=CARTESIAN_POINT('',(-16.5608,1.3462,0.6096));
#14805=VECTOR('',#17051,0.9906);
#14806=CARTESIAN_POINT('',(-16.5608,1.3462,0.6096));
#14807=VECTOR('',#17052,0.254);
#14808=CARTESIAN_POINT('',(-18.7198,-1.3462,0.6096));
#14809=CARTESIAN_POINT('',(-17.7292,-1.3462,0.6096));
#14810=CARTESIAN_POINT('',(-18.7198,-1.3462,0.6096));
#14811=VECTOR('',#17053,0.9906);
#14812=CARTESIAN_POINT('',(-17.7292,-1.6002,0.6096));
#14813=CARTESIAN_POINT('',(-17.7292,-1.6002,0.6096));
#14814=VECTOR('',#17054,0.254);
#14815=CARTESIAN_POINT('',(-18.7198,-1.6002,0.6096));
#14816=CARTESIAN_POINT('',(-18.7198,-1.6002,0.6096));
#14817=VECTOR('',#17055,0.9906);
#14818=CARTESIAN_POINT('',(-18.7198,-1.6002,0.6096));
#14819=VECTOR('',#17056,0.254);
#14820=CARTESIAN_POINT('',(-18.7198,1.6002,0.6096));
#14821=CARTESIAN_POINT('',(-17.7292,1.6002,0.6096));
#14822=CARTESIAN_POINT('',(-18.7198,1.6002,0.6096));
#14823=VECTOR('',#17057,0.9906);
#14824=CARTESIAN_POINT('',(-17.7292,1.3462,0.6096));
#14825=CARTESIAN_POINT('',(-17.7292,1.3462,0.6096));
#14826=VECTOR('',#17058,0.254);
#14827=CARTESIAN_POINT('',(-18.7198,1.3462,0.6096));
#14828=CARTESIAN_POINT('',(-18.7198,1.3462,0.6096));
#14829=VECTOR('',#17059,0.9906);
#14830=CARTESIAN_POINT('',(-18.7198,1.3462,0.6096));
#14831=VECTOR('',#17060,0.254);
#14832=CARTESIAN_POINT('',(17.9832,-1.6002,4.115308));
#14833=CARTESIAN_POINT('',(17.9832,-1.6002,4.115308));
#14834=VECTOR('',#17061,3.505708);
#14835=AXIS2_PLACEMENT_3D('',#17062,#17063,#17064);
#14836=CARTESIAN_POINT('',(17.9832,-2.028014154839,6.274308));
#14837=CARTESIAN_POINT('',(17.9832,-2.028014154839,6.274308));
#14838=VECTOR('',#17065,0.04010947157519);
#14839=CARTESIAN_POINT('',(17.9832,-1.3462,4.115308));
#14840=AXIS2_PLACEMENT_3D('',#17066,#17067,#17068);
#14841=CARTESIAN_POINT('',(17.9832,-1.3462,0.6096));
#14842=VECTOR('',#17069,3.505708);
#14843=CARTESIAN_POINT('',(17.9832,1.3462,4.115308));
#14844=CARTESIAN_POINT('',(17.9832,1.3462,4.115308));
#14845=VECTOR('',#17070,3.505708);
#14846=CARTESIAN_POINT('',(17.9832,2.028014154839,6.274308));
#14847=AXIS2_PLACEMENT_3D('',#17071,#17072,#17073);
#14848=CARTESIAN_POINT('',(17.9832,2.05105,6.307142730816));
#14849=VECTOR('',#17074,0.04010947157519);
#14850=CARTESIAN_POINT('',(17.9832,1.6002,4.115308));
#14851=AXIS2_PLACEMENT_3D('',#17075,#17076,#17077);
#14852=CARTESIAN_POINT('',(17.9832,1.6002,0.6096));
#14853=VECTOR('',#17078,3.505708);
#14854=CARTESIAN_POINT('',(18.9738,-1.3462,4.115308));
#14855=CARTESIAN_POINT('',(17.9832,-1.3462,4.115308));
#14856=VECTOR('',#17079,0.9906);
#14857=CARTESIAN_POINT('',(18.9738,-1.3462,0.6096));
#14858=VECTOR('',#17080,3.505708);
#14859=CARTESIAN_POINT('',(18.9738,-2.028014154839,6.274308));
#14860=AXIS2_PLACEMENT_3D('',#17081,#17082,#17083);
#14861=CARTESIAN_POINT('',(18.9738,-2.028014154839,6.274308));
#14862=VECTOR('',#17084,0.04010947157519);
#14863=CARTESIAN_POINT('',(18.9738,-1.6002,4.115308));
#14864=AXIS2_PLACEMENT_3D('',#17085,#17086,#17087);
#14865=CARTESIAN_POINT('',(18.9738,-1.6002,4.115308));
#14866=VECTOR('',#17088,3.505708);
#14867=CARTESIAN_POINT('',(18.9738,1.6002,4.115308));
#14868=CARTESIAN_POINT('',(18.9738,1.6002,0.6096));
#14869=VECTOR('',#17089,3.505708);
#14870=AXIS2_PLACEMENT_3D('',#17090,#17091,#17092);
#14871=CARTESIAN_POINT('',(18.9738,2.028014154839,6.274308));
#14872=CARTESIAN_POINT('',(18.9738,2.05105,6.307142730816));
#14873=VECTOR('',#17093,0.04010947157519);
#14874=CARTESIAN_POINT('',(18.9738,1.3462,4.115308));
#14875=AXIS2_PLACEMENT_3D('',#17094,#17095,#17096);
#14876=CARTESIAN_POINT('',(18.9738,1.3462,4.115308));
#14877=VECTOR('',#17097,3.505708);
#14878=CARTESIAN_POINT('',(17.9832,-1.6002,4.115308));
#14879=VECTOR('',#17098,0.9906);
#14880=CARTESIAN_POINT('',(17.9832,-2.028014154839,6.274308));
#14881=VECTOR('',#17099,0.9906);
#14882=CARTESIAN_POINT('',(17.9832,1.3462,4.115308));
#14883=VECTOR('',#17100,0.9906);
#14884=CARTESIAN_POINT('',(17.9832,2.028014154839,6.274308));
#14885=VECTOR('',#17101,0.9906);
#14886=CARTESIAN_POINT('',(17.9832,1.6002,4.115308));
#14887=VECTOR('',#17102,0.9906);
#14888=CARTESIAN_POINT('',(15.8242,-1.6002,4.115308));
#14889=CARTESIAN_POINT('',(15.8242,-1.6002,4.115308));
#14890=VECTOR('',#17103,3.505708);
#14891=AXIS2_PLACEMENT_3D('',#17104,#17105,#17106);
#14892=CARTESIAN_POINT('',(15.8242,-2.028014154839,6.274308));
#14893=CARTESIAN_POINT('',(15.8242,-2.028014154839,6.274308));
#14894=VECTOR('',#17107,0.04010947157519);
#14895=CARTESIAN_POINT('',(15.8242,-1.3462,4.115308));
#14896=AXIS2_PLACEMENT_3D('',#17108,#17109,#17110);
#14897=CARTESIAN_POINT('',(15.8242,-1.3462,0.6096));
#14898=VECTOR('',#17111,3.505708);
#14899=CARTESIAN_POINT('',(15.8242,1.3462,4.115308));
#14900=CARTESIAN_POINT('',(15.8242,1.3462,4.115308));
#14901=VECTOR('',#17112,3.505708);
#14902=CARTESIAN_POINT('',(15.8242,2.028014154839,6.274308));
#14903=AXIS2_PLACEMENT_3D('',#17113,#17114,#17115);
#14904=CARTESIAN_POINT('',(15.8242,2.05105,6.307142730816));
#14905=VECTOR('',#17116,0.04010947157519);
#14906=CARTESIAN_POINT('',(15.8242,1.6002,4.115308));
#14907=AXIS2_PLACEMENT_3D('',#17117,#17118,#17119);
#14908=CARTESIAN_POINT('',(15.8242,1.6002,0.6096));
#14909=VECTOR('',#17120,3.505708);
#14910=CARTESIAN_POINT('',(16.8148,-1.3462,4.115308));
#14911=CARTESIAN_POINT('',(15.8242,-1.3462,4.115308));
#14912=VECTOR('',#17121,0.9906);
#14913=CARTESIAN_POINT('',(16.8148,-1.3462,0.6096));
#14914=VECTOR('',#17122,3.505708);
#14915=CARTESIAN_POINT('',(16.8148,-2.028014154839,6.274308));
#14916=AXIS2_PLACEMENT_3D('',#17123,#17124,#17125);
#14917=CARTESIAN_POINT('',(16.8148,-2.028014154839,6.274308));
#14918=VECTOR('',#17126,0.04010947157519);
#14919=CARTESIAN_POINT('',(16.8148,-1.6002,4.115308));
#14920=AXIS2_PLACEMENT_3D('',#17127,#17128,#17129);
#14921=CARTESIAN_POINT('',(16.8148,-1.6002,4.115308));
#14922=VECTOR('',#17130,3.505708);
#14923=CARTESIAN_POINT('',(16.8148,1.6002,4.115308));
#14924=CARTESIAN_POINT('',(16.8148,1.6002,0.6096));
#14925=VECTOR('',#17131,3.505708);
#14926=AXIS2_PLACEMENT_3D('',#17132,#17133,#17134);
#14927=CARTESIAN_POINT('',(16.8148,2.028014154839,6.274308));
#14928=CARTESIAN_POINT('',(16.8148,2.05105,6.307142730816));
#14929=VECTOR('',#17135,0.04010947157519);
#14930=CARTESIAN_POINT('',(16.8148,1.3462,4.115308));
#14931=AXIS2_PLACEMENT_3D('',#17136,#17137,#17138);
#14932=CARTESIAN_POINT('',(16.8148,1.3462,4.115308));
#14933=VECTOR('',#17139,3.505708);
#14934=CARTESIAN_POINT('',(15.8242,-1.6002,4.115308));
#14935=VECTOR('',#17140,0.9906);
#14936=CARTESIAN_POINT('',(15.8242,-2.028014154839,6.274308));
#14937=VECTOR('',#17141,0.9906);
#14938=CARTESIAN_POINT('',(15.8242,1.3462,4.115308));
#14939=VECTOR('',#17142,0.9906);
#14940=CARTESIAN_POINT('',(15.8242,2.028014154839,6.274308));
#14941=VECTOR('',#17143,0.9906);
#14942=CARTESIAN_POINT('',(15.8242,1.6002,4.115308));
#14943=VECTOR('',#17144,0.9906);
#14944=CARTESIAN_POINT('',(13.6652,-1.6002,4.115308));
#14945=CARTESIAN_POINT('',(13.6652,-1.6002,4.115308));
#14946=VECTOR('',#17145,3.505708);
#14947=AXIS2_PLACEMENT_3D('',#17146,#17147,#17148);
#14948=CARTESIAN_POINT('',(13.6652,-2.028014154839,6.274308));
#14949=CARTESIAN_POINT('',(13.6652,-2.028014154839,6.274308));
#14950=VECTOR('',#17149,0.04010947157519);
#14951=CARTESIAN_POINT('',(13.6652,-1.3462,4.115308));
#14952=AXIS2_PLACEMENT_3D('',#17150,#17151,#17152);
#14953=CARTESIAN_POINT('',(13.6652,-1.3462,0.6096));
#14954=VECTOR('',#17153,3.505708);
#14955=CARTESIAN_POINT('',(13.6652,1.3462,4.115308));
#14956=CARTESIAN_POINT('',(13.6652,1.3462,4.115308));
#14957=VECTOR('',#17154,3.505708);
#14958=CARTESIAN_POINT('',(13.6652,2.028014154839,6.274308));
#14959=AXIS2_PLACEMENT_3D('',#17155,#17156,#17157);
#14960=CARTESIAN_POINT('',(13.6652,2.05105,6.307142730816));
#14961=VECTOR('',#17158,0.04010947157519);
#14962=CARTESIAN_POINT('',(13.6652,1.6002,4.115308));
#14963=AXIS2_PLACEMENT_3D('',#17159,#17160,#17161);
#14964=CARTESIAN_POINT('',(13.6652,1.6002,0.6096));
#14965=VECTOR('',#17162,3.505708);
#14966=CARTESIAN_POINT('',(14.6558,-1.3462,4.115308));
#14967=CARTESIAN_POINT('',(13.6652,-1.3462,4.115308));
#14968=VECTOR('',#17163,0.9906);
#14969=CARTESIAN_POINT('',(14.6558,-1.3462,0.6096));
#14970=VECTOR('',#17164,3.505708);
#14971=CARTESIAN_POINT('',(14.6558,-2.028014154839,6.274308));
#14972=AXIS2_PLACEMENT_3D('',#17165,#17166,#17167);
#14973=CARTESIAN_POINT('',(14.6558,-2.028014154839,6.274308));
#14974=VECTOR('',#17168,0.04010947157519);
#14975=CARTESIAN_POINT('',(14.6558,-1.6002,4.115308));
#14976=AXIS2_PLACEMENT_3D('',#17169,#17170,#17171);
#14977=CARTESIAN_POINT('',(14.6558,-1.6002,4.115308));
#14978=VECTOR('',#17172,3.505708);
#14979=CARTESIAN_POINT('',(14.6558,1.6002,4.115308));
#14980=CARTESIAN_POINT('',(14.6558,1.6002,0.6096));
#14981=VECTOR('',#17173,3.505708);
#14982=AXIS2_PLACEMENT_3D('',#17174,#17175,#17176);
#14983=CARTESIAN_POINT('',(14.6558,2.028014154839,6.274308));
#14984=CARTESIAN_POINT('',(14.6558,2.05105,6.307142730816));
#14985=VECTOR('',#17177,0.04010947157519);
#14986=CARTESIAN_POINT('',(14.6558,1.3462,4.115308));
#14987=AXIS2_PLACEMENT_3D('',#17178,#17179,#17180);
#14988=CARTESIAN_POINT('',(14.6558,1.3462,4.115308));
#14989=VECTOR('',#17181,3.505708);
#14990=CARTESIAN_POINT('',(13.6652,-1.6002,4.115308));
#14991=VECTOR('',#17182,0.9906);
#14992=CARTESIAN_POINT('',(13.6652,-2.028014154839,6.274308));
#14993=VECTOR('',#17183,0.9906);
#14994=CARTESIAN_POINT('',(13.6652,1.3462,4.115308));
#14995=VECTOR('',#17184,0.9906);
#14996=CARTESIAN_POINT('',(13.6652,2.028014154839,6.274308));
#14997=VECTOR('',#17185,0.9906);
#14998=CARTESIAN_POINT('',(13.6652,1.6002,4.115308));
#14999=VECTOR('',#17186,0.9906);
#15000=CARTESIAN_POINT('',(11.5062,-1.6002,4.115308));
#15001=CARTESIAN_POINT('',(11.5062,-1.6002,4.115308));
#15002=VECTOR('',#17187,3.505708);
#15003=AXIS2_PLACEMENT_3D('',#17188,#17189,#17190);
#15004=CARTESIAN_POINT('',(11.5062,-2.028014154839,6.274308));
#15005=CARTESIAN_POINT('',(11.5062,-2.028014154839,6.274308));
#15006=VECTOR('',#17191,0.04010947157519);
#15007=CARTESIAN_POINT('',(11.5062,-1.3462,4.115308));
#15008=AXIS2_PLACEMENT_3D('',#17192,#17193,#17194);
#15009=CARTESIAN_POINT('',(11.5062,-1.3462,0.6096));
#15010=VECTOR('',#17195,3.505708);
#15011=CARTESIAN_POINT('',(11.5062,1.3462,4.115308));
#15012=CARTESIAN_POINT('',(11.5062,1.3462,4.115308));
#15013=VECTOR('',#17196,3.505708);
#15014=CARTESIAN_POINT('',(11.5062,2.028014154839,6.274308));
#15015=AXIS2_PLACEMENT_3D('',#17197,#17198,#17199);
#15016=CARTESIAN_POINT('',(11.5062,2.05105,6.307142730816));
#15017=VECTOR('',#17200,0.04010947157519);
#15018=CARTESIAN_POINT('',(11.5062,1.6002,4.115308));
#15019=AXIS2_PLACEMENT_3D('',#17201,#17202,#17203);
#15020=CARTESIAN_POINT('',(11.5062,1.6002,0.6096));
#15021=VECTOR('',#17204,3.505708);
#15022=CARTESIAN_POINT('',(12.4968,-1.3462,4.115308));
#15023=CARTESIAN_POINT('',(11.5062,-1.3462,4.115308));
#15024=VECTOR('',#17205,0.9906);
#15025=CARTESIAN_POINT('',(12.4968,-1.3462,0.6096));
#15026=VECTOR('',#17206,3.505708);
#15027=CARTESIAN_POINT('',(12.4968,-2.028014154839,6.274308));
#15028=AXIS2_PLACEMENT_3D('',#17207,#17208,#17209);
#15029=CARTESIAN_POINT('',(12.4968,-2.028014154839,6.274308));
#15030=VECTOR('',#17210,0.04010947157519);
#15031=CARTESIAN_POINT('',(12.4968,-1.6002,4.115308));
#15032=AXIS2_PLACEMENT_3D('',#17211,#17212,#17213);
#15033=CARTESIAN_POINT('',(12.4968,-1.6002,4.115308));
#15034=VECTOR('',#17214,3.505708);
#15035=CARTESIAN_POINT('',(12.4968,1.6002,4.115308));
#15036=CARTESIAN_POINT('',(12.4968,1.6002,0.6096));
#15037=VECTOR('',#17215,3.505708);
#15038=AXIS2_PLACEMENT_3D('',#17216,#17217,#17218);
#15039=CARTESIAN_POINT('',(12.4968,2.028014154839,6.274308));
#15040=CARTESIAN_POINT('',(12.4968,2.05105,6.307142730816));
#15041=VECTOR('',#17219,0.04010947157519);
#15042=CARTESIAN_POINT('',(12.4968,1.3462,4.115308));
#15043=AXIS2_PLACEMENT_3D('',#17220,#17221,#17222);
#15044=CARTESIAN_POINT('',(12.4968,1.3462,4.115308));
#15045=VECTOR('',#17223,3.505708);
#15046=CARTESIAN_POINT('',(11.5062,-1.6002,4.115308));
#15047=VECTOR('',#17224,0.9906);
#15048=CARTESIAN_POINT('',(11.5062,-2.028014154839,6.274308));
#15049=VECTOR('',#17225,0.9906);
#15050=CARTESIAN_POINT('',(11.5062,1.3462,4.115308));
#15051=VECTOR('',#17226,0.9906);
#15052=CARTESIAN_POINT('',(11.5062,2.028014154839,6.274308));
#15053=VECTOR('',#17227,0.9906);
#15054=CARTESIAN_POINT('',(11.5062,1.6002,4.115308));
#15055=VECTOR('',#17228,0.9906);
#15056=CARTESIAN_POINT('',(9.3472,-1.6002,4.115308));
#15057=CARTESIAN_POINT('',(9.3472,-1.6002,4.115308));
#15058=VECTOR('',#17229,3.505708);
#15059=AXIS2_PLACEMENT_3D('',#17230,#17231,#17232);
#15060=CARTESIAN_POINT('',(9.3472,-2.028014154839,6.274308));
#15061=CARTESIAN_POINT('',(9.3472,-2.028014154839,6.274308));
#15062=VECTOR('',#17233,0.04010947157519);
#15063=CARTESIAN_POINT('',(9.3472,-1.3462,4.115308));
#15064=AXIS2_PLACEMENT_3D('',#17234,#17235,#17236);
#15065=CARTESIAN_POINT('',(9.3472,-1.3462,0.6096));
#15066=VECTOR('',#17237,3.505708);
#15067=CARTESIAN_POINT('',(9.3472,1.3462,4.115308));
#15068=CARTESIAN_POINT('',(9.3472,1.3462,4.115308));
#15069=VECTOR('',#17238,3.505708);
#15070=CARTESIAN_POINT('',(9.3472,2.028014154839,6.274308));
#15071=AXIS2_PLACEMENT_3D('',#17239,#17240,#17241);
#15072=CARTESIAN_POINT('',(9.3472,2.05105,6.307142730816));
#15073=VECTOR('',#17242,0.04010947157519);
#15074=CARTESIAN_POINT('',(9.3472,1.6002,4.115308));
#15075=AXIS2_PLACEMENT_3D('',#17243,#17244,#17245);
#15076=CARTESIAN_POINT('',(9.3472,1.6002,0.6096));
#15077=VECTOR('',#17246,3.505708);
#15078=CARTESIAN_POINT('',(10.3378,-1.3462,4.115308));
#15079=CARTESIAN_POINT('',(9.3472,-1.3462,4.115308));
#15080=VECTOR('',#17247,0.9906);
#15081=CARTESIAN_POINT('',(10.3378,-1.3462,0.6096));
#15082=VECTOR('',#17248,3.505708);
#15083=CARTESIAN_POINT('',(10.3378,-2.028014154839,6.274308));
#15084=AXIS2_PLACEMENT_3D('',#17249,#17250,#17251);
#15085=CARTESIAN_POINT('',(10.3378,-2.028014154839,6.274308));
#15086=VECTOR('',#17252,0.04010947157519);
#15087=CARTESIAN_POINT('',(10.3378,-1.6002,4.115308));
#15088=AXIS2_PLACEMENT_3D('',#17253,#17254,#17255);
#15089=CARTESIAN_POINT('',(10.3378,-1.6002,4.115308));
#15090=VECTOR('',#17256,3.505708);
#15091=CARTESIAN_POINT('',(10.3378,1.6002,4.115308));
#15092=CARTESIAN_POINT('',(10.3378,1.6002,0.6096));
#15093=VECTOR('',#17257,3.505708);
#15094=AXIS2_PLACEMENT_3D('',#17258,#17259,#17260);
#15095=CARTESIAN_POINT('',(10.3378,2.028014154839,6.274308));
#15096=CARTESIAN_POINT('',(10.3378,2.05105,6.307142730816));
#15097=VECTOR('',#17261,0.04010947157519);
#15098=CARTESIAN_POINT('',(10.3378,1.3462,4.115308));
#15099=AXIS2_PLACEMENT_3D('',#17262,#17263,#17264);
#15100=CARTESIAN_POINT('',(10.3378,1.3462,4.115308));
#15101=VECTOR('',#17265,3.505708);
#15102=CARTESIAN_POINT('',(9.3472,-1.6002,4.115308));
#15103=VECTOR('',#17266,0.9906);
#15104=CARTESIAN_POINT('',(9.3472,-2.028014154839,6.274308));
#15105=VECTOR('',#17267,0.9906);
#15106=CARTESIAN_POINT('',(9.3472,1.3462,4.115308));
#15107=VECTOR('',#17268,0.9906);
#15108=CARTESIAN_POINT('',(9.3472,2.028014154839,6.274308));
#15109=VECTOR('',#17269,0.9906);
#15110=CARTESIAN_POINT('',(9.3472,1.6002,4.115308));
#15111=VECTOR('',#17270,0.9906);
#15112=CARTESIAN_POINT('',(7.1882,-1.6002,4.115308));
#15113=CARTESIAN_POINT('',(7.1882,-1.6002,4.115308));
#15114=VECTOR('',#17271,3.505708);
#15115=AXIS2_PLACEMENT_3D('',#17272,#17273,#17274);
#15116=CARTESIAN_POINT('',(7.1882,-2.028014154839,6.274308));
#15117=CARTESIAN_POINT('',(7.1882,-2.028014154839,6.274308));
#15118=VECTOR('',#17275,0.04010947157519);
#15119=CARTESIAN_POINT('',(7.1882,-1.3462,4.115308));
#15120=AXIS2_PLACEMENT_3D('',#17276,#17277,#17278);
#15121=CARTESIAN_POINT('',(7.1882,-1.3462,0.6096));
#15122=VECTOR('',#17279,3.505708);
#15123=CARTESIAN_POINT('',(7.1882,1.3462,4.115308));
#15124=CARTESIAN_POINT('',(7.1882,1.3462,4.115308));
#15125=VECTOR('',#17280,3.505708);
#15126=CARTESIAN_POINT('',(7.1882,2.028014154839,6.274308));
#15127=AXIS2_PLACEMENT_3D('',#17281,#17282,#17283);
#15128=CARTESIAN_POINT('',(7.1882,2.05105,6.307142730816));
#15129=VECTOR('',#17284,0.04010947157519);
#15130=CARTESIAN_POINT('',(7.1882,1.6002,4.115308));
#15131=AXIS2_PLACEMENT_3D('',#17285,#17286,#17287);
#15132=CARTESIAN_POINT('',(7.1882,1.6002,0.6096));
#15133=VECTOR('',#17288,3.505708);
#15134=CARTESIAN_POINT('',(8.1788,-1.3462,4.115308));
#15135=CARTESIAN_POINT('',(7.1882,-1.3462,4.115308));
#15136=VECTOR('',#17289,0.9906);
#15137=CARTESIAN_POINT('',(8.1788,-1.3462,0.6096));
#15138=VECTOR('',#17290,3.505708);
#15139=CARTESIAN_POINT('',(8.1788,-2.028014154839,6.274308));
#15140=AXIS2_PLACEMENT_3D('',#17291,#17292,#17293);
#15141=CARTESIAN_POINT('',(8.1788,-2.028014154839,6.274308));
#15142=VECTOR('',#17294,0.04010947157519);
#15143=CARTESIAN_POINT('',(8.1788,-1.6002,4.115308));
#15144=AXIS2_PLACEMENT_3D('',#17295,#17296,#17297);
#15145=CARTESIAN_POINT('',(8.1788,-1.6002,4.115308));
#15146=VECTOR('',#17298,3.505708);
#15147=CARTESIAN_POINT('',(8.1788,1.6002,4.115308));
#15148=CARTESIAN_POINT('',(8.1788,1.6002,0.6096));
#15149=VECTOR('',#17299,3.505708);
#15150=AXIS2_PLACEMENT_3D('',#17300,#17301,#17302);
#15151=CARTESIAN_POINT('',(8.1788,2.028014154839,6.274308));
#15152=CARTESIAN_POINT('',(8.1788,2.05105,6.307142730816));
#15153=VECTOR('',#17303,0.04010947157519);
#15154=CARTESIAN_POINT('',(8.1788,1.3462,4.115308));
#15155=AXIS2_PLACEMENT_3D('',#17304,#17305,#17306);
#15156=CARTESIAN_POINT('',(8.1788,1.3462,4.115308));
#15157=VECTOR('',#17307,3.505708);
#15158=CARTESIAN_POINT('',(7.1882,-1.6002,4.115308));
#15159=VECTOR('',#17308,0.9906);
#15160=CARTESIAN_POINT('',(7.1882,-2.028014154839,6.274308));
#15161=VECTOR('',#17309,0.9906);
#15162=CARTESIAN_POINT('',(7.1882,1.3462,4.115308));
#15163=VECTOR('',#17310,0.9906);
#15164=CARTESIAN_POINT('',(7.1882,2.028014154839,6.274308));
#15165=VECTOR('',#17311,0.9906);
#15166=CARTESIAN_POINT('',(7.1882,1.6002,4.115308));
#15167=VECTOR('',#17312,0.9906);
#15168=CARTESIAN_POINT('',(5.0292,-1.6002,4.115308));
#15169=CARTESIAN_POINT('',(5.0292,-1.6002,4.115308));
#15170=VECTOR('',#17313,3.505708);
#15171=AXIS2_PLACEMENT_3D('',#17314,#17315,#17316);
#15172=CARTESIAN_POINT('',(5.0292,-2.028014154839,6.274308));
#15173=CARTESIAN_POINT('',(5.0292,-2.028014154839,6.274308));
#15174=VECTOR('',#17317,0.04010947157519);
#15175=CARTESIAN_POINT('',(5.0292,-1.3462,4.115308));
#15176=AXIS2_PLACEMENT_3D('',#17318,#17319,#17320);
#15177=CARTESIAN_POINT('',(5.0292,-1.3462,0.6096));
#15178=VECTOR('',#17321,3.505708);
#15179=CARTESIAN_POINT('',(5.0292,1.3462,4.115308));
#15180=CARTESIAN_POINT('',(5.0292,1.3462,4.115308));
#15181=VECTOR('',#17322,3.505708);
#15182=CARTESIAN_POINT('',(5.0292,2.028014154839,6.274308));
#15183=AXIS2_PLACEMENT_3D('',#17323,#17324,#17325);
#15184=CARTESIAN_POINT('',(5.0292,2.05105,6.307142730816));
#15185=VECTOR('',#17326,0.04010947157519);
#15186=CARTESIAN_POINT('',(5.0292,1.6002,4.115308));
#15187=AXIS2_PLACEMENT_3D('',#17327,#17328,#17329);
#15188=CARTESIAN_POINT('',(5.0292,1.6002,0.6096));
#15189=VECTOR('',#17330,3.505708);
#15190=CARTESIAN_POINT('',(6.0198,-1.3462,4.115308));
#15191=CARTESIAN_POINT('',(5.0292,-1.3462,4.115308));
#15192=VECTOR('',#17331,0.9906);
#15193=CARTESIAN_POINT('',(6.0198,-1.3462,0.6096));
#15194=VECTOR('',#17332,3.505708);
#15195=CARTESIAN_POINT('',(6.0198,-2.028014154839,6.274308));
#15196=AXIS2_PLACEMENT_3D('',#17333,#17334,#17335);
#15197=CARTESIAN_POINT('',(6.0198,-2.028014154839,6.274308));
#15198=VECTOR('',#17336,0.04010947157519);
#15199=CARTESIAN_POINT('',(6.0198,-1.6002,4.115308));
#15200=AXIS2_PLACEMENT_3D('',#17337,#17338,#17339);
#15201=CARTESIAN_POINT('',(6.0198,-1.6002,4.115308));
#15202=VECTOR('',#17340,3.505708);
#15203=CARTESIAN_POINT('',(6.0198,1.6002,4.115308));
#15204=CARTESIAN_POINT('',(6.0198,1.6002,0.6096));
#15205=VECTOR('',#17341,3.505708);
#15206=AXIS2_PLACEMENT_3D('',#17342,#17343,#17344);
#15207=CARTESIAN_POINT('',(6.0198,2.028014154839,6.274308));
#15208=CARTESIAN_POINT('',(6.0198,2.05105,6.307142730816));
#15209=VECTOR('',#17345,0.04010947157519);
#15210=CARTESIAN_POINT('',(6.0198,1.3462,4.115308));
#15211=AXIS2_PLACEMENT_3D('',#17346,#17347,#17348);
#15212=CARTESIAN_POINT('',(6.0198,1.3462,4.115308));
#15213=VECTOR('',#17349,3.505708);
#15214=CARTESIAN_POINT('',(5.0292,-1.6002,4.115308));
#15215=VECTOR('',#17350,0.9906);
#15216=CARTESIAN_POINT('',(5.0292,-2.028014154839,6.274308));
#15217=VECTOR('',#17351,0.9906);
#15218=CARTESIAN_POINT('',(5.0292,1.3462,4.115308));
#15219=VECTOR('',#17352,0.9906);
#15220=CARTESIAN_POINT('',(5.0292,2.028014154839,6.274308));
#15221=VECTOR('',#17353,0.9906);
#15222=CARTESIAN_POINT('',(5.0292,1.6002,4.115308));
#15223=VECTOR('',#17354,0.9906);
#15224=CARTESIAN_POINT('',(2.8702,-1.6002,4.115308));
#15225=CARTESIAN_POINT('',(2.8702,-1.6002,4.115308));
#15226=VECTOR('',#17355,3.505708);
#15227=AXIS2_PLACEMENT_3D('',#17356,#17357,#17358);
#15228=CARTESIAN_POINT('',(2.8702,-2.028014154839,6.274308));
#15229=CARTESIAN_POINT('',(2.8702,-2.028014154839,6.274308));
#15230=VECTOR('',#17359,0.04010947157519);
#15231=CARTESIAN_POINT('',(2.8702,-1.3462,4.115308));
#15232=AXIS2_PLACEMENT_3D('',#17360,#17361,#17362);
#15233=CARTESIAN_POINT('',(2.8702,-1.3462,0.6096));
#15234=VECTOR('',#17363,3.505708);
#15235=CARTESIAN_POINT('',(2.8702,1.3462,4.115308));
#15236=CARTESIAN_POINT('',(2.8702,1.3462,4.115308));
#15237=VECTOR('',#17364,3.505708);
#15238=CARTESIAN_POINT('',(2.8702,2.028014154839,6.274308));
#15239=AXIS2_PLACEMENT_3D('',#17365,#17366,#17367);
#15240=CARTESIAN_POINT('',(2.8702,2.05105,6.307142730816));
#15241=VECTOR('',#17368,0.04010947157519);
#15242=CARTESIAN_POINT('',(2.8702,1.6002,4.115308));
#15243=AXIS2_PLACEMENT_3D('',#17369,#17370,#17371);
#15244=CARTESIAN_POINT('',(2.8702,1.6002,0.6096));
#15245=VECTOR('',#17372,3.505708);
#15246=CARTESIAN_POINT('',(3.8608,-1.3462,4.115308));
#15247=CARTESIAN_POINT('',(2.8702,-1.3462,4.115308));
#15248=VECTOR('',#17373,0.9906);
#15249=CARTESIAN_POINT('',(3.8608,-1.3462,0.6096));
#15250=VECTOR('',#17374,3.505708);
#15251=CARTESIAN_POINT('',(3.8608,-2.028014154839,6.274308));
#15252=AXIS2_PLACEMENT_3D('',#17375,#17376,#17377);
#15253=CARTESIAN_POINT('',(3.8608,-2.028014154839,6.274308));
#15254=VECTOR('',#17378,0.04010947157519);
#15255=CARTESIAN_POINT('',(3.8608,-1.6002,4.115308));
#15256=AXIS2_PLACEMENT_3D('',#17379,#17380,#17381);
#15257=CARTESIAN_POINT('',(3.8608,-1.6002,4.115308));
#15258=VECTOR('',#17382,3.505708);
#15259=CARTESIAN_POINT('',(3.8608,1.6002,4.115308));
#15260=CARTESIAN_POINT('',(3.8608,1.6002,0.6096));
#15261=VECTOR('',#17383,3.505708);
#15262=AXIS2_PLACEMENT_3D('',#17384,#17385,#17386);
#15263=CARTESIAN_POINT('',(3.8608,2.028014154839,6.274308));
#15264=CARTESIAN_POINT('',(3.8608,2.05105,6.307142730816));
#15265=VECTOR('',#17387,0.04010947157519);
#15266=CARTESIAN_POINT('',(3.8608,1.3462,4.115308));
#15267=AXIS2_PLACEMENT_3D('',#17388,#17389,#17390);
#15268=CARTESIAN_POINT('',(3.8608,1.3462,4.115308));
#15269=VECTOR('',#17391,3.505708);
#15270=CARTESIAN_POINT('',(2.8702,-1.6002,4.115308));
#15271=VECTOR('',#17392,0.9906);
#15272=CARTESIAN_POINT('',(2.8702,-2.028014154839,6.274308));
#15273=VECTOR('',#17393,0.9906);
#15274=CARTESIAN_POINT('',(2.8702,1.3462,4.115308));
#15275=VECTOR('',#17394,0.9906);
#15276=CARTESIAN_POINT('',(2.8702,2.028014154839,6.274308));
#15277=VECTOR('',#17395,0.9906);
#15278=CARTESIAN_POINT('',(2.8702,1.6002,4.115308));
#15279=VECTOR('',#17396,0.9906);
#15280=CARTESIAN_POINT('',(0.7112,-1.6002,4.115308));
#15281=CARTESIAN_POINT('',(0.7112,-1.6002,4.115308));
#15282=VECTOR('',#17397,3.505708);
#15283=AXIS2_PLACEMENT_3D('',#17398,#17399,#17400);
#15284=CARTESIAN_POINT('',(0.7112,-2.028014154839,6.274308));
#15285=CARTESIAN_POINT('',(0.7112,-2.028014154839,6.274308));
#15286=VECTOR('',#17401,0.04010947157519);
#15287=CARTESIAN_POINT('',(0.7112,-1.3462,4.115308));
#15288=AXIS2_PLACEMENT_3D('',#17402,#17403,#17404);
#15289=CARTESIAN_POINT('',(0.7112,-1.3462,0.6096));
#15290=VECTOR('',#17405,3.505708);
#15291=CARTESIAN_POINT('',(0.7112,1.3462,4.115308));
#15292=CARTESIAN_POINT('',(0.7112,1.3462,4.115308));
#15293=VECTOR('',#17406,3.505708);
#15294=CARTESIAN_POINT('',(0.7112,2.028014154839,6.274308));
#15295=AXIS2_PLACEMENT_3D('',#17407,#17408,#17409);
#15296=CARTESIAN_POINT('',(0.7112,2.05105,6.307142730816));
#15297=VECTOR('',#17410,0.04010947157519);
#15298=CARTESIAN_POINT('',(0.7112,1.6002,4.115308));
#15299=AXIS2_PLACEMENT_3D('',#17411,#17412,#17413);
#15300=CARTESIAN_POINT('',(0.7112,1.6002,0.6096));
#15301=VECTOR('',#17414,3.505708);
#15302=CARTESIAN_POINT('',(1.7018,-1.3462,4.115308));
#15303=CARTESIAN_POINT('',(0.7112,-1.3462,4.115308));
#15304=VECTOR('',#17415,0.9906);
#15305=CARTESIAN_POINT('',(1.7018,-1.3462,0.6096));
#15306=VECTOR('',#17416,3.505708);
#15307=CARTESIAN_POINT('',(1.7018,-2.028014154839,6.274308));
#15308=AXIS2_PLACEMENT_3D('',#17417,#17418,#17419);
#15309=CARTESIAN_POINT('',(1.7018,-2.028014154839,6.274308));
#15310=VECTOR('',#17420,0.04010947157519);
#15311=CARTESIAN_POINT('',(1.7018,-1.6002,4.115308));
#15312=AXIS2_PLACEMENT_3D('',#17421,#17422,#17423);
#15313=CARTESIAN_POINT('',(1.7018,-1.6002,4.115308));
#15314=VECTOR('',#17424,3.505708);
#15315=CARTESIAN_POINT('',(1.7018,1.6002,4.115308));
#15316=CARTESIAN_POINT('',(1.7018,1.6002,0.6096));
#15317=VECTOR('',#17425,3.505708);
#15318=AXIS2_PLACEMENT_3D('',#17426,#17427,#17428);
#15319=CARTESIAN_POINT('',(1.7018,2.028014154839,6.274308));
#15320=CARTESIAN_POINT('',(1.7018,2.05105,6.307142730816));
#15321=VECTOR('',#17429,0.04010947157519);
#15322=CARTESIAN_POINT('',(1.7018,1.3462,4.115308));
#15323=AXIS2_PLACEMENT_3D('',#17430,#17431,#17432);
#15324=CARTESIAN_POINT('',(1.7018,1.3462,4.115308));
#15325=VECTOR('',#17433,3.505708);
#15326=CARTESIAN_POINT('',(0.7112,-1.6002,4.115308));
#15327=VECTOR('',#17434,0.9906);
#15328=CARTESIAN_POINT('',(0.7112,-2.028014154839,6.274308));
#15329=VECTOR('',#17435,0.9906);
#15330=CARTESIAN_POINT('',(0.7112,1.3462,4.115308));
#15331=VECTOR('',#17436,0.9906);
#15332=CARTESIAN_POINT('',(0.7112,2.028014154839,6.274308));
#15333=VECTOR('',#17437,0.9906);
#15334=CARTESIAN_POINT('',(0.7112,1.6002,4.115308));
#15335=VECTOR('',#17438,0.9906);
#15336=CARTESIAN_POINT('',(-1.4478,-1.6002,4.115308));
#15337=CARTESIAN_POINT('',(-1.4478,-1.6002,4.115308));
#15338=VECTOR('',#17439,3.505708);
#15339=AXIS2_PLACEMENT_3D('',#17440,#17441,#17442);
#15340=CARTESIAN_POINT('',(-1.4478,-2.028014154839,6.274308));
#15341=CARTESIAN_POINT('',(-1.4478,-2.028014154839,6.274308));
#15342=VECTOR('',#17443,0.04010947157519);
#15343=CARTESIAN_POINT('',(-1.4478,-1.3462,4.115308));
#15344=AXIS2_PLACEMENT_3D('',#17444,#17445,#17446);
#15345=CARTESIAN_POINT('',(-1.4478,-1.3462,0.6096));
#15346=VECTOR('',#17447,3.505708);
#15347=CARTESIAN_POINT('',(-1.4478,1.3462,4.115308));
#15348=CARTESIAN_POINT('',(-1.4478,1.3462,4.115308));
#15349=VECTOR('',#17448,3.505708);
#15350=CARTESIAN_POINT('',(-1.4478,2.028014154839,6.274308));
#15351=AXIS2_PLACEMENT_3D('',#17449,#17450,#17451);
#15352=CARTESIAN_POINT('',(-1.4478,2.05105,6.307142730816));
#15353=VECTOR('',#17452,0.04010947157519);
#15354=CARTESIAN_POINT('',(-1.4478,1.6002,4.115308));
#15355=AXIS2_PLACEMENT_3D('',#17453,#17454,#17455);
#15356=CARTESIAN_POINT('',(-1.4478,1.6002,0.6096));
#15357=VECTOR('',#17456,3.505708);
#15358=CARTESIAN_POINT('',(-0.4572,-1.3462,4.115308));
#15359=CARTESIAN_POINT('',(-1.4478,-1.3462,4.115308));
#15360=VECTOR('',#17457,0.9906);
#15361=CARTESIAN_POINT('',(-0.4572,-1.3462,0.6096));
#15362=VECTOR('',#17458,3.505708);
#15363=CARTESIAN_POINT('',(-0.4572,-2.028014154839,6.274308));
#15364=AXIS2_PLACEMENT_3D('',#17459,#17460,#17461);
#15365=CARTESIAN_POINT('',(-0.4572,-2.028014154839,6.274308));
#15366=VECTOR('',#17462,0.04010947157519);
#15367=CARTESIAN_POINT('',(-0.4572,-1.6002,4.115308));
#15368=AXIS2_PLACEMENT_3D('',#17463,#17464,#17465);
#15369=CARTESIAN_POINT('',(-0.4572,-1.6002,4.115308));
#15370=VECTOR('',#17466,3.505708);
#15371=CARTESIAN_POINT('',(-0.4572,1.6002,4.115308));
#15372=CARTESIAN_POINT('',(-0.4572,1.6002,0.6096));
#15373=VECTOR('',#17467,3.505708);
#15374=AXIS2_PLACEMENT_3D('',#17468,#17469,#17470);
#15375=CARTESIAN_POINT('',(-0.4572,2.028014154839,6.274308));
#15376=CARTESIAN_POINT('',(-0.4572,2.05105,6.307142730816));
#15377=VECTOR('',#17471,0.04010947157519);
#15378=CARTESIAN_POINT('',(-0.4572,1.3462,4.115308));
#15379=AXIS2_PLACEMENT_3D('',#17472,#17473,#17474);
#15380=CARTESIAN_POINT('',(-0.4572,1.3462,4.115308));
#15381=VECTOR('',#17475,3.505708);
#15382=CARTESIAN_POINT('',(-1.4478,-1.6002,4.115308));
#15383=VECTOR('',#17476,0.9906);
#15384=CARTESIAN_POINT('',(-1.4478,-2.028014154839,6.274308));
#15385=VECTOR('',#17477,0.9906);
#15386=CARTESIAN_POINT('',(-1.4478,1.3462,4.115308));
#15387=VECTOR('',#17478,0.9906);
#15388=CARTESIAN_POINT('',(-1.4478,2.028014154839,6.274308));
#15389=VECTOR('',#17479,0.9906);
#15390=CARTESIAN_POINT('',(-1.4478,1.6002,4.115308));
#15391=VECTOR('',#17480,0.9906);
#15392=CARTESIAN_POINT('',(-3.6068,-1.6002,4.115308));
#15393=CARTESIAN_POINT('',(-3.6068,-1.6002,4.115308));
#15394=VECTOR('',#17481,3.505708);
#15395=AXIS2_PLACEMENT_3D('',#17482,#17483,#17484);
#15396=CARTESIAN_POINT('',(-3.6068,-2.028014154839,6.274308));
#15397=CARTESIAN_POINT('',(-3.6068,-2.028014154839,6.274308));
#15398=VECTOR('',#17485,0.04010947157519);
#15399=CARTESIAN_POINT('',(-3.6068,-1.3462,4.115308));
#15400=AXIS2_PLACEMENT_3D('',#17486,#17487,#17488);
#15401=CARTESIAN_POINT('',(-3.6068,-1.3462,0.6096));
#15402=VECTOR('',#17489,3.505708);
#15403=CARTESIAN_POINT('',(-3.6068,1.3462,4.115308));
#15404=CARTESIAN_POINT('',(-3.6068,1.3462,4.115308));
#15405=VECTOR('',#17490,3.505708);
#15406=CARTESIAN_POINT('',(-3.6068,2.028014154839,6.274308));
#15407=AXIS2_PLACEMENT_3D('',#17491,#17492,#17493);
#15408=CARTESIAN_POINT('',(-3.6068,2.05105,6.307142730816));
#15409=VECTOR('',#17494,0.04010947157519);
#15410=CARTESIAN_POINT('',(-3.6068,1.6002,4.115308));
#15411=AXIS2_PLACEMENT_3D('',#17495,#17496,#17497);
#15412=CARTESIAN_POINT('',(-3.6068,1.6002,0.6096));
#15413=VECTOR('',#17498,3.505708);
#15414=CARTESIAN_POINT('',(-2.6162,-1.3462,4.115308));
#15415=CARTESIAN_POINT('',(-3.6068,-1.3462,4.115308));
#15416=VECTOR('',#17499,0.9906);
#15417=CARTESIAN_POINT('',(-2.6162,-1.3462,0.6096));
#15418=VECTOR('',#17500,3.505708);
#15419=CARTESIAN_POINT('',(-2.6162,-2.028014154839,6.274308));
#15420=AXIS2_PLACEMENT_3D('',#17501,#17502,#17503);
#15421=CARTESIAN_POINT('',(-2.6162,-2.028014154839,6.274308));
#15422=VECTOR('',#17504,0.04010947157519);
#15423=CARTESIAN_POINT('',(-2.6162,-1.6002,4.115308));
#15424=AXIS2_PLACEMENT_3D('',#17505,#17506,#17507);
#15425=CARTESIAN_POINT('',(-2.6162,-1.6002,4.115308));
#15426=VECTOR('',#17508,3.505708);
#15427=CARTESIAN_POINT('',(-2.6162,1.6002,4.115308));
#15428=CARTESIAN_POINT('',(-2.6162,1.6002,0.6096));
#15429=VECTOR('',#17509,3.505708);
#15430=AXIS2_PLACEMENT_3D('',#17510,#17511,#17512);
#15431=CARTESIAN_POINT('',(-2.6162,2.028014154839,6.274308));
#15432=CARTESIAN_POINT('',(-2.6162,2.05105,6.307142730816));
#15433=VECTOR('',#17513,0.04010947157519);
#15434=CARTESIAN_POINT('',(-2.6162,1.3462,4.115308));
#15435=AXIS2_PLACEMENT_3D('',#17514,#17515,#17516);
#15436=CARTESIAN_POINT('',(-2.6162,1.3462,4.115308));
#15437=VECTOR('',#17517,3.505708);
#15438=CARTESIAN_POINT('',(-3.6068,-1.6002,4.115308));
#15439=VECTOR('',#17518,0.9906);
#15440=CARTESIAN_POINT('',(-3.6068,-2.028014154839,6.274308));
#15441=VECTOR('',#17519,0.9906);
#15442=CARTESIAN_POINT('',(-3.6068,1.3462,4.115308));
#15443=VECTOR('',#17520,0.9906);
#15444=CARTESIAN_POINT('',(-3.6068,2.028014154839,6.274308));
#15445=VECTOR('',#17521,0.9906);
#15446=CARTESIAN_POINT('',(-3.6068,1.6002,4.115308));
#15447=VECTOR('',#17522,0.9906);
#15448=CARTESIAN_POINT('',(-5.7658,-1.6002,4.115308));
#15449=CARTESIAN_POINT('',(-5.7658,-1.6002,4.115308));
#15450=VECTOR('',#17523,3.505708);
#15451=AXIS2_PLACEMENT_3D('',#17524,#17525,#17526);
#15452=CARTESIAN_POINT('',(-5.7658,-2.028014154839,6.274308));
#15453=CARTESIAN_POINT('',(-5.7658,-2.028014154839,6.274308));
#15454=VECTOR('',#17527,0.04010947157519);
#15455=CARTESIAN_POINT('',(-5.7658,-1.3462,4.115308));
#15456=AXIS2_PLACEMENT_3D('',#17528,#17529,#17530);
#15457=CARTESIAN_POINT('',(-5.7658,-1.3462,0.6096));
#15458=VECTOR('',#17531,3.505708);
#15459=CARTESIAN_POINT('',(-5.7658,1.3462,4.115308));
#15460=CARTESIAN_POINT('',(-5.7658,1.3462,4.115308));
#15461=VECTOR('',#17532,3.505708);
#15462=CARTESIAN_POINT('',(-5.7658,2.028014154839,6.274308));
#15463=AXIS2_PLACEMENT_3D('',#17533,#17534,#17535);
#15464=CARTESIAN_POINT('',(-5.7658,2.05105,6.307142730816));
#15465=VECTOR('',#17536,0.04010947157519);
#15466=CARTESIAN_POINT('',(-5.7658,1.6002,4.115308));
#15467=AXIS2_PLACEMENT_3D('',#17537,#17538,#17539);
#15468=CARTESIAN_POINT('',(-5.7658,1.6002,0.6096));
#15469=VECTOR('',#17540,3.505708);
#15470=CARTESIAN_POINT('',(-4.7752,-1.3462,4.115308));
#15471=CARTESIAN_POINT('',(-5.7658,-1.3462,4.115308));
#15472=VECTOR('',#17541,0.9906);
#15473=CARTESIAN_POINT('',(-4.7752,-1.3462,0.6096));
#15474=VECTOR('',#17542,3.505708);
#15475=CARTESIAN_POINT('',(-4.7752,-2.028014154839,6.274308));
#15476=AXIS2_PLACEMENT_3D('',#17543,#17544,#17545);
#15477=CARTESIAN_POINT('',(-4.7752,-2.028014154839,6.274308));
#15478=VECTOR('',#17546,0.04010947157519);
#15479=CARTESIAN_POINT('',(-4.7752,-1.6002,4.115308));
#15480=AXIS2_PLACEMENT_3D('',#17547,#17548,#17549);
#15481=CARTESIAN_POINT('',(-4.7752,-1.6002,4.115308));
#15482=VECTOR('',#17550,3.505708);
#15483=CARTESIAN_POINT('',(-4.7752,1.6002,4.115308));
#15484=CARTESIAN_POINT('',(-4.7752,1.6002,0.6096));
#15485=VECTOR('',#17551,3.505708);
#15486=AXIS2_PLACEMENT_3D('',#17552,#17553,#17554);
#15487=CARTESIAN_POINT('',(-4.7752,2.028014154839,6.274308));
#15488=CARTESIAN_POINT('',(-4.7752,2.05105,6.307142730816));
#15489=VECTOR('',#17555,0.04010947157519);
#15490=CARTESIAN_POINT('',(-4.7752,1.3462,4.115308));
#15491=AXIS2_PLACEMENT_3D('',#17556,#17557,#17558);
#15492=CARTESIAN_POINT('',(-4.7752,1.3462,4.115308));
#15493=VECTOR('',#17559,3.505708);
#15494=CARTESIAN_POINT('',(-5.7658,-1.6002,4.115308));
#15495=VECTOR('',#17560,0.9906);
#15496=CARTESIAN_POINT('',(-5.7658,-2.028014154839,6.274308));
#15497=VECTOR('',#17561,0.9906);
#15498=CARTESIAN_POINT('',(-5.7658,1.3462,4.115308));
#15499=VECTOR('',#17562,0.9906);
#15500=CARTESIAN_POINT('',(-5.7658,2.028014154839,6.274308));
#15501=VECTOR('',#17563,0.9906);
#15502=CARTESIAN_POINT('',(-5.7658,1.6002,4.115308));
#15503=VECTOR('',#17564,0.9906);
#15504=CARTESIAN_POINT('',(-7.9248,-1.6002,4.115308));
#15505=CARTESIAN_POINT('',(-7.9248,-1.6002,4.115308));
#15506=VECTOR('',#17565,3.505708);
#15507=AXIS2_PLACEMENT_3D('',#17566,#17567,#17568);
#15508=CARTESIAN_POINT('',(-7.9248,-2.028014154839,6.274308));
#15509=CARTESIAN_POINT('',(-7.9248,-2.028014154839,6.274308));
#15510=VECTOR('',#17569,0.04010947157519);
#15511=CARTESIAN_POINT('',(-7.9248,-1.3462,4.115308));
#15512=AXIS2_PLACEMENT_3D('',#17570,#17571,#17572);
#15513=CARTESIAN_POINT('',(-7.9248,-1.3462,0.6096));
#15514=VECTOR('',#17573,3.505708);
#15515=CARTESIAN_POINT('',(-7.9248,1.3462,4.115308));
#15516=CARTESIAN_POINT('',(-7.9248,1.3462,4.115308));
#15517=VECTOR('',#17574,3.505708);
#15518=CARTESIAN_POINT('',(-7.9248,2.028014154839,6.274308));
#15519=AXIS2_PLACEMENT_3D('',#17575,#17576,#17577);
#15520=CARTESIAN_POINT('',(-7.9248,2.05105,6.307142730816));
#15521=VECTOR('',#17578,0.04010947157519);
#15522=CARTESIAN_POINT('',(-7.9248,1.6002,4.115308));
#15523=AXIS2_PLACEMENT_3D('',#17579,#17580,#17581);
#15524=CARTESIAN_POINT('',(-7.9248,1.6002,0.6096));
#15525=VECTOR('',#17582,3.505708);
#15526=CARTESIAN_POINT('',(-6.9342,-1.3462,4.115308));
#15527=CARTESIAN_POINT('',(-7.9248,-1.3462,4.115308));
#15528=VECTOR('',#17583,0.9906);
#15529=CARTESIAN_POINT('',(-6.9342,-1.3462,0.6096));
#15530=VECTOR('',#17584,3.505708);
#15531=CARTESIAN_POINT('',(-6.9342,-2.028014154839,6.274308));
#15532=AXIS2_PLACEMENT_3D('',#17585,#17586,#17587);
#15533=CARTESIAN_POINT('',(-6.9342,-2.028014154839,6.274308));
#15534=VECTOR('',#17588,0.04010947157519);
#15535=CARTESIAN_POINT('',(-6.9342,-1.6002,4.115308));
#15536=AXIS2_PLACEMENT_3D('',#17589,#17590,#17591);
#15537=CARTESIAN_POINT('',(-6.9342,-1.6002,4.115308));
#15538=VECTOR('',#17592,3.505708);
#15539=CARTESIAN_POINT('',(-6.9342,1.6002,4.115308));
#15540=CARTESIAN_POINT('',(-6.9342,1.6002,0.6096));
#15541=VECTOR('',#17593,3.505708);
#15542=AXIS2_PLACEMENT_3D('',#17594,#17595,#17596);
#15543=CARTESIAN_POINT('',(-6.9342,2.028014154839,6.274308));
#15544=CARTESIAN_POINT('',(-6.9342,2.05105,6.307142730816));
#15545=VECTOR('',#17597,0.04010947157519);
#15546=CARTESIAN_POINT('',(-6.9342,1.3462,4.115308));
#15547=AXIS2_PLACEMENT_3D('',#17598,#17599,#17600);
#15548=CARTESIAN_POINT('',(-6.9342,1.3462,4.115308));
#15549=VECTOR('',#17601,3.505708);
#15550=CARTESIAN_POINT('',(-7.9248,-1.6002,4.115308));
#15551=VECTOR('',#17602,0.9906);
#15552=CARTESIAN_POINT('',(-7.9248,-2.028014154839,6.274308));
#15553=VECTOR('',#17603,0.9906);
#15554=CARTESIAN_POINT('',(-7.9248,1.3462,4.115308));
#15555=VECTOR('',#17604,0.9906);
#15556=CARTESIAN_POINT('',(-7.9248,2.028014154839,6.274308));
#15557=VECTOR('',#17605,0.9906);
#15558=CARTESIAN_POINT('',(-7.9248,1.6002,4.115308));
#15559=VECTOR('',#17606,0.9906);
#15560=CARTESIAN_POINT('',(-10.0838,-1.6002,4.115308));
#15561=CARTESIAN_POINT('',(-10.0838,-1.6002,4.115308));
#15562=VECTOR('',#17607,3.505708);
#15563=AXIS2_PLACEMENT_3D('',#17608,#17609,#17610);
#15564=CARTESIAN_POINT('',(-10.0838,-2.028014154839,6.274308));
#15565=CARTESIAN_POINT('',(-10.0838,-2.028014154839,6.274308));
#15566=VECTOR('',#17611,0.04010947157519);
#15567=CARTESIAN_POINT('',(-10.0838,-1.3462,4.115308));
#15568=AXIS2_PLACEMENT_3D('',#17612,#17613,#17614);
#15569=CARTESIAN_POINT('',(-10.0838,-1.3462,0.6096));
#15570=VECTOR('',#17615,3.505708);
#15571=CARTESIAN_POINT('',(-10.0838,1.3462,4.115308));
#15572=CARTESIAN_POINT('',(-10.0838,1.3462,4.115308));
#15573=VECTOR('',#17616,3.505708);
#15574=CARTESIAN_POINT('',(-10.0838,2.028014154839,6.274308));
#15575=AXIS2_PLACEMENT_3D('',#17617,#17618,#17619);
#15576=CARTESIAN_POINT('',(-10.0838,2.05105,6.307142730816));
#15577=VECTOR('',#17620,0.04010947157519);
#15578=CARTESIAN_POINT('',(-10.0838,1.6002,4.115308));
#15579=AXIS2_PLACEMENT_3D('',#17621,#17622,#17623);
#15580=CARTESIAN_POINT('',(-10.0838,1.6002,0.6096));
#15581=VECTOR('',#17624,3.505708);
#15582=CARTESIAN_POINT('',(-9.0932,-1.3462,4.115308));
#15583=CARTESIAN_POINT('',(-10.0838,-1.3462,4.115308));
#15584=VECTOR('',#17625,0.9906);
#15585=CARTESIAN_POINT('',(-9.0932,-1.3462,0.6096));
#15586=VECTOR('',#17626,3.505708);
#15587=CARTESIAN_POINT('',(-9.0932,-2.028014154839,6.274308));
#15588=AXIS2_PLACEMENT_3D('',#17627,#17628,#17629);
#15589=CARTESIAN_POINT('',(-9.0932,-2.028014154839,6.274308));
#15590=VECTOR('',#17630,0.04010947157519);
#15591=CARTESIAN_POINT('',(-9.0932,-1.6002,4.115308));
#15592=AXIS2_PLACEMENT_3D('',#17631,#17632,#17633);
#15593=CARTESIAN_POINT('',(-9.0932,-1.6002,4.115308));
#15594=VECTOR('',#17634,3.505708);
#15595=CARTESIAN_POINT('',(-9.0932,1.6002,4.115308));
#15596=CARTESIAN_POINT('',(-9.0932,1.6002,0.6096));
#15597=VECTOR('',#17635,3.505708);
#15598=AXIS2_PLACEMENT_3D('',#17636,#17637,#17638);
#15599=CARTESIAN_POINT('',(-9.0932,2.028014154839,6.274308));
#15600=CARTESIAN_POINT('',(-9.0932,2.05105,6.307142730816));
#15601=VECTOR('',#17639,0.04010947157519);
#15602=CARTESIAN_POINT('',(-9.0932,1.3462,4.115308));
#15603=AXIS2_PLACEMENT_3D('',#17640,#17641,#17642);
#15604=CARTESIAN_POINT('',(-9.0932,1.3462,4.115308));
#15605=VECTOR('',#17643,3.505708);
#15606=CARTESIAN_POINT('',(-10.0838,-1.6002,4.115308));
#15607=VECTOR('',#17644,0.9906);
#15608=CARTESIAN_POINT('',(-10.0838,-2.028014154839,6.274308));
#15609=VECTOR('',#17645,0.9906);
#15610=CARTESIAN_POINT('',(-10.0838,1.3462,4.115308));
#15611=VECTOR('',#17646,0.9906);
#15612=CARTESIAN_POINT('',(-10.0838,2.028014154839,6.274308));
#15613=VECTOR('',#17647,0.9906);
#15614=CARTESIAN_POINT('',(-10.0838,1.6002,4.115308));
#15615=VECTOR('',#17648,0.9906);
#15616=CARTESIAN_POINT('',(-12.2428,-1.6002,4.115308));
#15617=CARTESIAN_POINT('',(-12.2428,-1.6002,4.115308));
#15618=VECTOR('',#17649,3.505708);
#15619=AXIS2_PLACEMENT_3D('',#17650,#17651,#17652);
#15620=CARTESIAN_POINT('',(-12.2428,-2.028014154839,6.274308));
#15621=CARTESIAN_POINT('',(-12.2428,-2.028014154839,6.274308));
#15622=VECTOR('',#17653,0.04010947157519);
#15623=CARTESIAN_POINT('',(-12.2428,-1.3462,4.115308));
#15624=AXIS2_PLACEMENT_3D('',#17654,#17655,#17656);
#15625=CARTESIAN_POINT('',(-12.2428,-1.3462,0.6096));
#15626=VECTOR('',#17657,3.505708);
#15627=CARTESIAN_POINT('',(-12.2428,1.3462,4.115308));
#15628=CARTESIAN_POINT('',(-12.2428,1.3462,4.115308));
#15629=VECTOR('',#17658,3.505708);
#15630=CARTESIAN_POINT('',(-12.2428,2.028014154839,6.274308));
#15631=AXIS2_PLACEMENT_3D('',#17659,#17660,#17661);
#15632=CARTESIAN_POINT('',(-12.2428,2.05105,6.307142730816));
#15633=VECTOR('',#17662,0.04010947157519);
#15634=CARTESIAN_POINT('',(-12.2428,1.6002,4.115308));
#15635=AXIS2_PLACEMENT_3D('',#17663,#17664,#17665);
#15636=CARTESIAN_POINT('',(-12.2428,1.6002,0.6096));
#15637=VECTOR('',#17666,3.505708);
#15638=CARTESIAN_POINT('',(-11.2522,-1.3462,4.115308));
#15639=CARTESIAN_POINT('',(-12.2428,-1.3462,4.115308));
#15640=VECTOR('',#17667,0.9906);
#15641=CARTESIAN_POINT('',(-11.2522,-1.3462,0.6096));
#15642=VECTOR('',#17668,3.505708);
#15643=CARTESIAN_POINT('',(-11.2522,-2.028014154839,6.274308));
#15644=AXIS2_PLACEMENT_3D('',#17669,#17670,#17671);
#15645=CARTESIAN_POINT('',(-11.2522,-2.028014154839,6.274308));
#15646=VECTOR('',#17672,0.04010947157519);
#15647=CARTESIAN_POINT('',(-11.2522,-1.6002,4.115308));
#15648=AXIS2_PLACEMENT_3D('',#17673,#17674,#17675);
#15649=CARTESIAN_POINT('',(-11.2522,-1.6002,4.115308));
#15650=VECTOR('',#17676,3.505708);
#15651=CARTESIAN_POINT('',(-11.2522,1.6002,4.115308));
#15652=CARTESIAN_POINT('',(-11.2522,1.6002,0.6096));
#15653=VECTOR('',#17677,3.505708);
#15654=AXIS2_PLACEMENT_3D('',#17678,#17679,#17680);
#15655=CARTESIAN_POINT('',(-11.2522,2.028014154839,6.274308));
#15656=CARTESIAN_POINT('',(-11.2522,2.05105,6.307142730816));
#15657=VECTOR('',#17681,0.04010947157519);
#15658=CARTESIAN_POINT('',(-11.2522,1.3462,4.115308));
#15659=AXIS2_PLACEMENT_3D('',#17682,#17683,#17684);
#15660=CARTESIAN_POINT('',(-11.2522,1.3462,4.115308));
#15661=VECTOR('',#17685,3.505708);
#15662=CARTESIAN_POINT('',(-12.2428,-1.6002,4.115308));
#15663=VECTOR('',#17686,0.9906);
#15664=CARTESIAN_POINT('',(-12.2428,-2.028014154839,6.274308));
#15665=VECTOR('',#17687,0.9906);
#15666=CARTESIAN_POINT('',(-12.2428,1.3462,4.115308));
#15667=VECTOR('',#17688,0.9906);
#15668=CARTESIAN_POINT('',(-12.2428,2.028014154839,6.274308));
#15669=VECTOR('',#17689,0.9906);
#15670=CARTESIAN_POINT('',(-12.2428,1.6002,4.115308));
#15671=VECTOR('',#17690,0.9906);
#15672=CARTESIAN_POINT('',(-14.4018,-1.6002,4.115308));
#15673=CARTESIAN_POINT('',(-14.4018,-1.6002,4.115308));
#15674=VECTOR('',#17691,3.505708);
#15675=AXIS2_PLACEMENT_3D('',#17692,#17693,#17694);
#15676=CARTESIAN_POINT('',(-14.4018,-2.028014154839,6.274308));
#15677=CARTESIAN_POINT('',(-14.4018,-2.028014154839,6.274308));
#15678=VECTOR('',#17695,0.04010947157519);
#15679=CARTESIAN_POINT('',(-14.4018,-1.3462,4.115308));
#15680=AXIS2_PLACEMENT_3D('',#17696,#17697,#17698);
#15681=CARTESIAN_POINT('',(-14.4018,-1.3462,0.6096));
#15682=VECTOR('',#17699,3.505708);
#15683=CARTESIAN_POINT('',(-14.4018,1.3462,4.115308));
#15684=CARTESIAN_POINT('',(-14.4018,1.3462,4.115308));
#15685=VECTOR('',#17700,3.505708);
#15686=CARTESIAN_POINT('',(-14.4018,2.028014154839,6.274308));
#15687=AXIS2_PLACEMENT_3D('',#17701,#17702,#17703);
#15688=CARTESIAN_POINT('',(-14.4018,2.05105,6.307142730816));
#15689=VECTOR('',#17704,0.04010947157519);
#15690=CARTESIAN_POINT('',(-14.4018,1.6002,4.115308));
#15691=AXIS2_PLACEMENT_3D('',#17705,#17706,#17707);
#15692=CARTESIAN_POINT('',(-14.4018,1.6002,0.6096));
#15693=VECTOR('',#17708,3.505708);
#15694=CARTESIAN_POINT('',(-13.4112,-1.3462,4.115308));
#15695=CARTESIAN_POINT('',(-14.4018,-1.3462,4.115308));
#15696=VECTOR('',#17709,0.9906);
#15697=CARTESIAN_POINT('',(-13.4112,-1.3462,0.6096));
#15698=VECTOR('',#17710,3.505708);
#15699=CARTESIAN_POINT('',(-13.4112,-2.028014154839,6.274308));
#15700=AXIS2_PLACEMENT_3D('',#17711,#17712,#17713);
#15701=CARTESIAN_POINT('',(-13.4112,-2.028014154839,6.274308));
#15702=VECTOR('',#17714,0.04010947157519);
#15703=CARTESIAN_POINT('',(-13.4112,-1.6002,4.115308));
#15704=AXIS2_PLACEMENT_3D('',#17715,#17716,#17717);
#15705=CARTESIAN_POINT('',(-13.4112,-1.6002,4.115308));
#15706=VECTOR('',#17718,3.505708);
#15707=CARTESIAN_POINT('',(-13.4112,1.6002,4.115308));
#15708=CARTESIAN_POINT('',(-13.4112,1.6002,0.6096));
#15709=VECTOR('',#17719,3.505708);
#15710=AXIS2_PLACEMENT_3D('',#17720,#17721,#17722);
#15711=CARTESIAN_POINT('',(-13.4112,2.028014154839,6.274308));
#15712=CARTESIAN_POINT('',(-13.4112,2.05105,6.307142730816));
#15713=VECTOR('',#17723,0.04010947157519);
#15714=CARTESIAN_POINT('',(-13.4112,1.3462,4.115308));
#15715=AXIS2_PLACEMENT_3D('',#17724,#17725,#17726);
#15716=CARTESIAN_POINT('',(-13.4112,1.3462,4.115308));
#15717=VECTOR('',#17727,3.505708);
#15718=CARTESIAN_POINT('',(-14.4018,-1.6002,4.115308));
#15719=VECTOR('',#17728,0.9906);
#15720=CARTESIAN_POINT('',(-14.4018,-2.028014154839,6.274308));
#15721=VECTOR('',#17729,0.9906);
#15722=CARTESIAN_POINT('',(-14.4018,1.3462,4.115308));
#15723=VECTOR('',#17730,0.9906);
#15724=CARTESIAN_POINT('',(-14.4018,2.028014154839,6.274308));
#15725=VECTOR('',#17731,0.9906);
#15726=CARTESIAN_POINT('',(-14.4018,1.6002,4.115308));
#15727=VECTOR('',#17732,0.9906);
#15728=CARTESIAN_POINT('',(-16.5608,-1.6002,4.115308));
#15729=CARTESIAN_POINT('',(-16.5608,-1.6002,4.115308));
#15730=VECTOR('',#17733,3.505708);
#15731=AXIS2_PLACEMENT_3D('',#17734,#17735,#17736);
#15732=CARTESIAN_POINT('',(-16.5608,-2.028014154839,6.274308));
#15733=CARTESIAN_POINT('',(-16.5608,-2.028014154839,6.274308));
#15734=VECTOR('',#17737,0.04010947157519);
#15735=CARTESIAN_POINT('',(-16.5608,-1.3462,4.115308));
#15736=AXIS2_PLACEMENT_3D('',#17738,#17739,#17740);
#15737=CARTESIAN_POINT('',(-16.5608,-1.3462,0.6096));
#15738=VECTOR('',#17741,3.505708);
#15739=CARTESIAN_POINT('',(-16.5608,1.3462,4.115308));
#15740=CARTESIAN_POINT('',(-16.5608,1.3462,4.115308));
#15741=VECTOR('',#17742,3.505708);
#15742=CARTESIAN_POINT('',(-16.5608,2.028014154839,6.274308));
#15743=AXIS2_PLACEMENT_3D('',#17743,#17744,#17745);
#15744=CARTESIAN_POINT('',(-16.5608,2.05105,6.307142730816));
#15745=VECTOR('',#17746,0.04010947157519);
#15746=CARTESIAN_POINT('',(-16.5608,1.6002,4.115308));
#15747=AXIS2_PLACEMENT_3D('',#17747,#17748,#17749);
#15748=CARTESIAN_POINT('',(-16.5608,1.6002,0.6096));
#15749=VECTOR('',#17750,3.505708);
#15750=CARTESIAN_POINT('',(-15.5702,-1.3462,4.115308));
#15751=CARTESIAN_POINT('',(-16.5608,-1.3462,4.115308));
#15752=VECTOR('',#17751,0.9906);
#15753=CARTESIAN_POINT('',(-15.5702,-1.3462,0.6096));
#15754=VECTOR('',#17752,3.505708);
#15755=CARTESIAN_POINT('',(-15.5702,-2.028014154839,6.274308));
#15756=AXIS2_PLACEMENT_3D('',#17753,#17754,#17755);
#15757=CARTESIAN_POINT('',(-15.5702,-2.028014154839,6.274308));
#15758=VECTOR('',#17756,0.04010947157519);
#15759=CARTESIAN_POINT('',(-15.5702,-1.6002,4.115308));
#15760=AXIS2_PLACEMENT_3D('',#17757,#17758,#17759);
#15761=CARTESIAN_POINT('',(-15.5702,-1.6002,4.115308));
#15762=VECTOR('',#17760,3.505708);
#15763=CARTESIAN_POINT('',(-15.5702,1.6002,4.115308));
#15764=CARTESIAN_POINT('',(-15.5702,1.6002,0.6096));
#15765=VECTOR('',#17761,3.505708);
#15766=AXIS2_PLACEMENT_3D('',#17762,#17763,#17764);
#15767=CARTESIAN_POINT('',(-15.5702,2.028014154839,6.274308));
#15768=CARTESIAN_POINT('',(-15.5702,2.05105,6.307142730816));
#15769=VECTOR('',#17765,0.04010947157519);
#15770=CARTESIAN_POINT('',(-15.5702,1.3462,4.115308));
#15771=AXIS2_PLACEMENT_3D('',#17766,#17767,#17768);
#15772=CARTESIAN_POINT('',(-15.5702,1.3462,4.115308));
#15773=VECTOR('',#17769,3.505708);
#15774=CARTESIAN_POINT('',(-16.5608,-1.6002,4.115308));
#15775=VECTOR('',#17770,0.9906);
#15776=CARTESIAN_POINT('',(-16.5608,-2.028014154839,6.274308));
#15777=VECTOR('',#17771,0.9906);
#15778=CARTESIAN_POINT('',(-16.5608,1.3462,4.115308));
#15779=VECTOR('',#17772,0.9906);
#15780=CARTESIAN_POINT('',(-16.5608,2.028014154839,6.274308));
#15781=VECTOR('',#17773,0.9906);
#15782=CARTESIAN_POINT('',(-16.5608,1.6002,4.115308));
#15783=VECTOR('',#17774,0.9906);
#15784=CARTESIAN_POINT('',(-18.7198,-1.6002,4.115308));
#15785=CARTESIAN_POINT('',(-18.7198,-1.6002,4.115308));
#15786=VECTOR('',#17775,3.505708);
#15787=AXIS2_PLACEMENT_3D('',#17776,#17777,#17778);
#15788=CARTESIAN_POINT('',(-18.7198,-2.028014154839,6.274308));
#15789=CARTESIAN_POINT('',(-18.7198,-2.028014154839,6.274308));
#15790=VECTOR('',#17779,0.04010947157519);
#15791=CARTESIAN_POINT('',(-18.7198,-1.3462,4.115308));
#15792=AXIS2_PLACEMENT_3D('',#17780,#17781,#17782);
#15793=CARTESIAN_POINT('',(-18.7198,-1.3462,0.6096));
#15794=VECTOR('',#17783,3.505708);
#15795=CARTESIAN_POINT('',(-18.7198,1.3462,4.115308));
#15796=CARTESIAN_POINT('',(-18.7198,1.3462,4.115308));
#15797=VECTOR('',#17784,3.505708);
#15798=CARTESIAN_POINT('',(-18.7198,2.028014154839,6.274308));
#15799=AXIS2_PLACEMENT_3D('',#17785,#17786,#17787);
#15800=CARTESIAN_POINT('',(-18.7198,2.05105,6.307142730816));
#15801=VECTOR('',#17788,0.04010947157519);
#15802=CARTESIAN_POINT('',(-18.7198,1.6002,4.115308));
#15803=AXIS2_PLACEMENT_3D('',#17789,#17790,#17791);
#15804=CARTESIAN_POINT('',(-18.7198,1.6002,0.6096));
#15805=VECTOR('',#17792,3.505708);
#15806=CARTESIAN_POINT('',(-17.7292,-1.3462,4.115308));
#15807=CARTESIAN_POINT('',(-18.7198,-1.3462,4.115308));
#15808=VECTOR('',#17793,0.9906);
#15809=CARTESIAN_POINT('',(-17.7292,-1.3462,0.6096));
#15810=VECTOR('',#17794,3.505708);
#15811=CARTESIAN_POINT('',(-17.7292,-2.028014154839,6.274308));
#15812=AXIS2_PLACEMENT_3D('',#17795,#17796,#17797);
#15813=CARTESIAN_POINT('',(-17.7292,-2.028014154839,6.274308));
#15814=VECTOR('',#17798,0.04010947157519);
#15815=CARTESIAN_POINT('',(-17.7292,-1.6002,4.115308));
#15816=AXIS2_PLACEMENT_3D('',#17799,#17800,#17801);
#15817=CARTESIAN_POINT('',(-17.7292,-1.6002,4.115308));
#15818=VECTOR('',#17802,3.505708);
#15819=CARTESIAN_POINT('',(-17.7292,1.6002,4.115308));
#15820=CARTESIAN_POINT('',(-17.7292,1.6002,0.6096));
#15821=VECTOR('',#17803,3.505708);
#15822=AXIS2_PLACEMENT_3D('',#17804,#17805,#17806);
#15823=CARTESIAN_POINT('',(-17.7292,2.028014154839,6.274308));
#15824=CARTESIAN_POINT('',(-17.7292,2.05105,6.307142730816));
#15825=VECTOR('',#17807,0.04010947157519);
#15826=CARTESIAN_POINT('',(-17.7292,1.3462,4.115308));
#15827=AXIS2_PLACEMENT_3D('',#17808,#17809,#17810);
#15828=CARTESIAN_POINT('',(-17.7292,1.3462,4.115308));
#15829=VECTOR('',#17811,3.505708);
#15830=CARTESIAN_POINT('',(-18.7198,-1.6002,4.115308));
#15831=VECTOR('',#17812,0.9906);
#15832=CARTESIAN_POINT('',(-18.7198,-2.028014154839,6.274308));
#15833=VECTOR('',#17813,0.9906);
#15834=CARTESIAN_POINT('',(-18.7198,1.3462,4.115308));
#15835=VECTOR('',#17814,0.9906);
#15836=CARTESIAN_POINT('',(-18.7198,2.028014154839,6.274308));
#15837=VECTOR('',#17815,0.9906);
#15838=CARTESIAN_POINT('',(-18.7198,1.6002,4.115308));
#15839=VECTOR('',#17816,0.9906);
#15840=CARTESIAN_POINT('',(18.436082,3.302,8.3058));
#15841=CARTESIAN_POINT('',(18.436082,3.302,8.3312));
#15842=VECTOR('',#17817,0.0254);
#15843=CARTESIAN_POINT('',(18.436082,4.572,8.3058));
#15844=CARTESIAN_POINT('',(18.436082,4.572,8.3058));
#15845=VECTOR('',#17818,1.27);
#15846=CARTESIAN_POINT('',(18.436082,4.572,8.3312));
#15847=VECTOR('',#17819,0.0254);
#15848=CARTESIAN_POINT('',(18.277332,4.572,8.3058));
#15849=CARTESIAN_POINT('',(18.277332,4.572,8.3058));
#15850=VECTOR('',#17820,0.15875);
#15851=CARTESIAN_POINT('',(18.277332,4.572,8.3312));
#15852=VECTOR('',#17821,0.0254);
#15853=CARTESIAN_POINT('',(18.118582,4.382851086378,8.3058));
#15854=CARTESIAN_POINT('',(18.118582,4.382851086378,8.3058));
#15855=VECTOR('',#17822,0.2469390087134);
#15856=CARTESIAN_POINT('',(18.118582,4.382851086378,8.3312));
#15857=VECTOR('',#17823,0.0254);
#15858=CARTESIAN_POINT('',(18.118582,4.166680823684,8.3058));
#15859=CARTESIAN_POINT('',(18.118582,4.166680823684,8.3058));
#15860=VECTOR('',#17824,0.2161702626944);
#15861=CARTESIAN_POINT('',(18.118582,4.166680823684,8.3312));
#15862=VECTOR('',#17825,0.0254);
#15863=CARTESIAN_POINT('',(18.277332,4.355829813004,8.3058));
#15864=CARTESIAN_POINT('',(18.277332,4.355829813004,8.3058));
#15865=VECTOR('',#17826,0.246939066696);
#15866=CARTESIAN_POINT('',(18.277332,4.355829813004,8.3312));
#15867=VECTOR('',#17827,0.0254);
#15868=CARTESIAN_POINT('',(18.277332,3.302,8.3058));
#15869=CARTESIAN_POINT('',(18.277332,3.302,8.3058));
#15870=VECTOR('',#17828,1.053829813004);
#15871=CARTESIAN_POINT('',(18.277332,3.302,8.3312));
#15872=VECTOR('',#17829,0.0254);
#15873=CARTESIAN_POINT('',(18.436082,3.302,8.3058));
#15874=VECTOR('',#17830,0.15875);
#15875=CARTESIAN_POINT('',(17.737582,3.175,8.3058));
#15876=CARTESIAN_POINT('',(19.261582,3.175,8.3058));
#15877=CARTESIAN_POINT('',(17.737582,3.175,8.3058));
#15878=VECTOR('',#17831,1.524);
#15879=CARTESIAN_POINT('',(19.261582,4.699,8.3058));
#15880=CARTESIAN_POINT('',(19.261582,3.175,8.3058));
#15881=VECTOR('',#17832,1.524);
#15882=CARTESIAN_POINT('',(17.737582,4.699,8.3058));
#15883=CARTESIAN_POINT('',(19.261582,4.699,8.3058));
#15884=VECTOR('',#17833,1.524);
#15885=CARTESIAN_POINT('',(17.737582,4.699,8.3058));
#15886=VECTOR('',#17834,1.524);
#15887=CARTESIAN_POINT('',(17.737582,3.175,8.3312));
#15888=VECTOR('',#17835,0.0254);
#15889=CARTESIAN_POINT('',(17.737582,4.699,8.3312));
#15890=VECTOR('',#17836,0.0254);
#15891=CARTESIAN_POINT('',(19.261582,4.699,8.3312));
#15892=VECTOR('',#17837,0.0254);
#15893=CARTESIAN_POINT('',(19.261582,3.175,8.3312));
#15894=VECTOR('',#17838,0.0254);
#15895=DIRECTION('',(-0.0,-0.258816542120996,0.965926496957471));
#15896=CARTESIAN_POINT('',(29.9847,3.352873534368E-14,0.5334));
#15897=DIRECTION('',(0.0,-0.0,1.0));
#15898=DIRECTION('',(0.569063402444895,0.822293648277693,0.0));
#15899=CARTESIAN_POINT('',(29.9847,3.352873534368E-14,0.0));
#15900=DIRECTION('',(0.0,0.0,-1.0));
#15901=DIRECTION('',(0.574245144106967,-0.818683403074454,0.0));
#15902=DIRECTION('',(0.0,-0.258816542120996,-0.965926496957471));
#15903=CARTESIAN_POINT('',(29.9847,3.352873534368E-14,0.5334));
#15904=DIRECTION('',(0.0,-0.0,1.0));
#15905=DIRECTION('',(0.569063402444895,0.822293648277693,0.0));
#15906=CARTESIAN_POINT('',(29.9847,3.352873534368E-14,0.0));
#15907=DIRECTION('',(0.0,0.0,-1.0));
#15908=DIRECTION('',(0.574245144106967,-0.818683403074454,0.0));
#15909=DIRECTION('',(0.0,0.0,-1.0));
#15910=CARTESIAN_POINT('',(-29.9847,-1.032507412901E-14,-0.0001865178808593));
#15911=DIRECTION('',(-0.0,0.0,-1.0));
#15912=DIRECTION('',(-0.818508428906765,-0.574494518519175,0.0));
#15913=DIRECTION('',(0.0,0.0,1.0));
#15914=CARTESIAN_POINT('',(-29.9847,0.0,-0.8636));
#15915=DIRECTION('',(0.0,0.0,1.0));
#15916=DIRECTION('',(-0.707106781186548,0.707106781186548,0.0));
#15917=DIRECTION('',(0.0,0.0,-1.0));
#15918=CARTESIAN_POINT('',(-29.9847,0.0,-4.2164));
#15919=DIRECTION('',(-0.0,0.0,-1.0));
#15920=DIRECTION('',(-1.0,-1.299387043154E-14,0.0));
#15921=DIRECTION('',(-0.0,-0.0,1.0));
#15922=CARTESIAN_POINT('',(29.9847,0.0,-4.2164));
#15923=DIRECTION('',(0.0,0.0,-1.0));
#15924=DIRECTION('',(0.707106781186498,0.707106781186597,0.0));
#15925=DIRECTION('',(0.0,0.0,1.0));
#15926=CARTESIAN_POINT('',(29.9847,0.0,-0.8636));
#15927=DIRECTION('',(0.0,-0.0,1.0));
#15928=DIRECTION('',(0.818680811936813,0.574248838193409,0.0));
#15929=DIRECTION('',(0.0,0.0,1.0));
#15930=CARTESIAN_POINT('',(29.9847,3.352873534368E-14,-0.0001591747520742));
#15931=DIRECTION('',(0.0,0.0,-1.0));
#15932=DIRECTION('',(0.818680811936893,0.574248838193295,0.0));
#15933=DIRECTION('',(-0.0,-0.258816112162161,0.965926612163297));
#15934=CARTESIAN_POINT('',(-29.9847,-1.032507412901E-14,0.0));
#15935=DIRECTION('',(0.0,0.0,-1.0));
#15936=DIRECTION('',(-0.574247093303379,0.81868203585557,0.0));
#15937=CARTESIAN_POINT('',(-29.9847,-1.032507412901E-14,0.5334));
#15938=DIRECTION('',(0.0,0.0,1.0));
#15939=DIRECTION('',(-0.569061105436009,-0.822295237904214,0.0));
#15940=DIRECTION('',(0.0,-0.258816112162161,-0.965926612163297));
#15941=CARTESIAN_POINT('',(-29.9847,-1.032507412901E-14,0.5334));
#15942=DIRECTION('',(0.0,0.0,1.0));
#15943=DIRECTION('',(-0.569061105436009,-0.822295237904214,0.0));
#15944=CARTESIAN_POINT('',(-29.9847,-1.032507412901E-14,0.0));
#15945=DIRECTION('',(0.0,0.0,-1.0));
#15946=DIRECTION('',(-0.574247093303379,0.81868203585557,0.0));
#15947=DIRECTION('',(0.0,0.0,-1.0));
#15948=CARTESIAN_POINT('',(-20.828,2.1844,8.3312));
#15949=DIRECTION('',(0.0,-0.0,1.0));
#15950=DIRECTION('',(0.0,1.0,0.0));
#15951=DIRECTION('',(0.0,0.0,1.0));
#15952=CARTESIAN_POINT('',(-20.828,2.1844,0.0));
#15953=DIRECTION('',(0.0,-0.0,1.0));
#15954=DIRECTION('',(0.0,1.0,0.0));
#15955=DIRECTION('',(-0.0,-0.0,1.0));
#15956=CARTESIAN_POINT('',(20.828,2.1844,0.0));
#15957=DIRECTION('',(0.0,0.0,1.0));
#15958=DIRECTION('',(0.965925826289076,-0.258819045102493,0.0));
#15959=DIRECTION('',(0.0,0.0,1.0));
#15960=CARTESIAN_POINT('',(20.828,2.1844,8.3312));
#15961=DIRECTION('',(0.0,0.0,1.0));
#15962=DIRECTION('',(0.965925826289076,-0.258819045102493,0.0));
#15963=CARTESIAN_POINT('',(-19.65738356811,-2.1844,8.3312));
#15964=DIRECTION('',(0.0,0.0,1.0));
#15965=DIRECTION('',(-0.965925826289076,-0.258819045102493,0.0));
#15966=DIRECTION('',(1.0,0.0,0.0));
#15967=CARTESIAN_POINT('',(19.65738356811,-2.1844,8.3312));
#15968=DIRECTION('',(0.0,0.0,1.0));
#15969=DIRECTION('',(0.0,-1.0,0.0));
#15970=DIRECTION('',(0.258819045102493,0.965925826289076,0.0));
#15971=CARTESIAN_POINT('',(20.828,2.1844,8.3312));
#15972=DIRECTION('',(0.0,0.0,1.0));
#15973=DIRECTION('',(0.965925826289076,-0.258819045102493,0.0));
#15974=DIRECTION('',(-1.0,0.0,0.0));
#15975=CARTESIAN_POINT('',(-20.828,2.1844,8.3312));
#15976=DIRECTION('',(0.0,-0.0,1.0));
#15977=DIRECTION('',(0.0,1.0,0.0));
#15978=DIRECTION('',(0.258819045102493,-0.965925826289076,0.0));
#15979=DIRECTION('',(1.0,0.0,0.0));
#15980=DIRECTION('',(0.0,-1.0,0.0));
#15981=DIRECTION('',(-1.0,0.0,0.0));
#15982=DIRECTION('',(0.0,1.0,0.0));
#15983=DIRECTION('',(-1.0,0.0,0.0));
#15984=DIRECTION('',(0.0,1.0,0.0));
#15985=DIRECTION('',(1.0,0.0,0.0));
#15986=DIRECTION('',(0.0,-1.0,0.0));
#15987=DIRECTION('',(1.0,0.0,0.0));
#15988=DIRECTION('',(0.642871293713882,0.765974216092578,0.0));
#15989=DIRECTION('',(0.0,1.0,0.0));
#15990=DIRECTION('',(-0.64287114276419,-0.765974342782488,0.0));
#15991=DIRECTION('',(0.0,1.0,0.0));
#15992=DIRECTION('',(-1.0,0.0,0.0));
#15993=DIRECTION('',(0.0,-1.0,0.0));
#15994=DIRECTION('',(0.0,0.0,1.0));
#15995=DIRECTION('',(0.0,0.0,1.0));
#15996=DIRECTION('',(0.258819045102493,-0.965925826289076,0.0));
#15997=CARTESIAN_POINT('',(-29.9847,-1.032507412901E-14,0.0));
#15998=DIRECTION('',(0.0,0.0,-1.0));
#15999=DIRECTION('',(-0.574247093303379,0.81868203585557,0.0));
#16000=DIRECTION('',(0.707143453670531,0.707070106800531,-7.73364870765734E-13));
#16001=DIRECTION('',(0.707106781186548,-0.707106781186548,0.0));
#16002=DIRECTION('',(1.0,0.0,0.0));
#16003=DIRECTION('',(0.707106781186548,0.707106781186548,0.0));
#16004=DIRECTION('',(0.707148267829695,-0.707065292109195,1.04074124117499E-12));
#16005=CARTESIAN_POINT('',(29.9847,3.352873534368E-14,0.0));
#16006=DIRECTION('',(0.0,0.0,-1.0));
#16007=DIRECTION('',(0.574245144106967,-0.818683403074454,0.0));
#16008=DIRECTION('',(-0.707106781186498,-0.707106781186598,0.0));
#16009=DIRECTION('',(-0.707106781186548,0.707106781186548,0.0));
#16010=DIRECTION('',(-1.0,0.0,0.0));
#16011=DIRECTION('',(-0.707106781186548,-0.707106781186548,0.0));
#16012=DIRECTION('',(-0.707106781186597,0.707106781186498,0.0));
#16013=DIRECTION('',(-1.0,0.0,0.0));
#16014=CARTESIAN_POINT('',(20.828,2.1844,0.0));
#16015=DIRECTION('',(0.0,0.0,1.0));
#16016=DIRECTION('',(0.965925826289076,-0.258819045102493,0.0));
#16017=DIRECTION('',(0.258819045102493,0.965925826289076,0.0));
#16018=CARTESIAN_POINT('',(19.65738356811,-2.1844,0.0));
#16019=DIRECTION('',(0.0,0.0,1.0));
#16020=DIRECTION('',(0.0,-1.0,0.0));
#16021=DIRECTION('',(1.0,0.0,0.0));
#16022=CARTESIAN_POINT('',(-19.65738356811,-2.1844,0.0));
#16023=DIRECTION('',(0.0,0.0,1.0));
#16024=DIRECTION('',(-0.965925826289076,-0.258819045102493,0.0));
#16025=CARTESIAN_POINT('',(-20.828,2.1844,0.0));
#16026=DIRECTION('',(0.0,-0.0,1.0));
#16027=DIRECTION('',(0.0,1.0,0.0));
#16028=DIRECTION('',(0.0,0.0,1.0));
#16029=DIRECTION('',(0.0,0.0,1.0));
#16030=DIRECTION('',(0.0,0.0,1.0));
#16031=DIRECTION('',(0.0,0.0,1.0));
#16032=DIRECTION('',(0.0,0.0,-1.0));
#16033=DIRECTION('',(-0.707106781186498,0.707106781186598,0.0));
#16034=DIRECTION('',(0.0,0.0,-1.0));
#16035=DIRECTION('',(0.500000000000017,-0.500000000000017,0.707106781186524));
#16036=DIRECTION('',(0.707106781186498,-0.707106781186598,0.0));
#16037=DIRECTION('',(-0.707106781186548,0.707106781186548,0.0));
#16038=CARTESIAN_POINT('',(-29.9847,-1.032507412901E-14,0.5334));
#16039=DIRECTION('',(0.0,0.0,1.0));
#16040=DIRECTION('',(-0.822293832687908,0.569063135973005,0.0));
#16041=DIRECTION('',(0.705879508461003,0.708331927513403,4.19854092410702E-14));
#16042=DIRECTION('',(0.707106781186548,-0.707106781186548,0.0));
#16043=DIRECTION('',(-0.707104761850664,-0.707108800516664,-4.16962896153479E-14));
#16044=CARTESIAN_POINT('',(-29.9847,-1.032507412901E-14,0.5334));
#16045=DIRECTION('',(0.0,0.0,1.0));
#16046=DIRECTION('',(-0.569061105436009,-0.822295237904214,0.0));
#16047=DIRECTION('',(-0.707106781186547,-0.707106781186547,0.0));
#16048=CARTESIAN_POINT('',(-29.9847,0.0,0.5334));
#16049=DIRECTION('',(0.0,0.0,1.0));
#16050=DIRECTION('',(-1.0,0.0,0.0));
#16051=CARTESIAN_POINT('',(-29.9847,0.0,0.5334));
#16052=DIRECTION('',(0.0,0.0,1.0));
#16053=DIRECTION('',(1.0,0.0,0.0));
#16054=DIRECTION('',(0.707106781186498,0.707106781186597,0.0));
#16055=CARTESIAN_POINT('',(29.9847,3.352873534368E-14,0.5334));
#16056=DIRECTION('',(0.0,-0.0,1.0));
#16057=DIRECTION('',(0.569063402444895,0.822293648277693,0.0));
#16058=DIRECTION('',(-0.707104496848608,0.707109065517108,5.73692448852506E-14));
#16059=DIRECTION('',(0.707106781186548,0.707106781186548,0.0));
#16060=DIRECTION('',(0.705879776052687,-0.708331660848087,-5.76559010615589E-14));
#16061=CARTESIAN_POINT('',(29.9847,3.352873534368E-14,0.5334));
#16062=DIRECTION('',(0.0,0.0,1.0));
#16063=DIRECTION('',(0.822154834584405,-0.569263935244004,0.0));
#16064=DIRECTION('',(-0.707106781186548,-0.707106781186548,0.0));
#16065=DIRECTION('',(-0.707106781186547,0.707106781186547,0.0));
#16066=CARTESIAN_POINT('',(29.9847,0.0,0.5334));
#16067=DIRECTION('',(0.0,0.0,1.0));
#16068=DIRECTION('',(-1.0,0.0,0.0));
#16069=CARTESIAN_POINT('',(29.9847,0.0,0.5334));
#16070=DIRECTION('',(0.0,0.0,1.0));
#16071=DIRECTION('',(1.0,0.0,0.0));
#16072=DIRECTION('',(-0.500000000000017,0.500000000000017,-0.707106781186524));
#16073=DIRECTION('',(-0.707106781186547,-0.707106781186547,0.0));
#16074=DIRECTION('',(0.707106781186598,0.707106781186498,0.0));
#16075=DIRECTION('',(0.0,0.0,-1.0));
#16076=DIRECTION('',(0.707106781186498,-0.707106781186598,0.0));
#16077=CARTESIAN_POINT('',(-29.9847,-1.032507412901E-14,-0.0001865178808593));
#16078=DIRECTION('',(-0.0,0.0,-1.0));
#16079=DIRECTION('',(-0.818508428906765,-0.574494518519175,0.0));
#16080=DIRECTION('',(-1.76458409715903E-05,-1.23852590842702E-05,0.999999999767615));
#16081=DIRECTION('',(-0.705877469385538,-0.708333959523238,0.0));
#16082=DIRECTION('',(0.0,0.0,-1.0));
#16083=DIRECTION('',(0.499131121780588,0.500868123924988,0.707106247819883));
#16084=DIRECTION('',(-0.500000000000017,-0.500000000000017,-0.707106781186524));
#16085=DIRECTION('',(0.707106781186547,-0.707106781186547,0.0));
#16086=DIRECTION('',(-0.707106781186598,0.707106781186498,0.0));
#16087=DIRECTION('',(0.0,0.0,-1.0));
#16088=DIRECTION('',(0.707106781186498,0.707106781186598,0.0));
#16089=DIRECTION('',(0.0,0.0,-1.0));
#16090=DIRECTION('',(0.707106781186548,-0.707106781186548,0.0));
#16091=DIRECTION('',(0.0,0.0,1.0));
#16092=DIRECTION('',(0.707106781186498,-0.707106781186598,0.0));
#16093=DIRECTION('',(0.0,0.0,1.0));
#16094=DIRECTION('',(-0.707106781186548,0.707106781186548,0.0));
#16095=DIRECTION('',(0.0,0.0,1.0));
#16096=DIRECTION('',(-0.707106781186548,0.707106781186548,0.0));
#16097=DIRECTION('',(-1.0,0.0,0.0));
#16098=DIRECTION('',(0.0,1.0,0.0));
#16099=DIRECTION('',(1.0,0.0,0.0));
#16100=DIRECTION('',(1.0,0.0,0.0));
#16101=DIRECTION('',(0.0,-1.0,0.0));
#16102=DIRECTION('',(-1.0,0.0,0.0));
#16103=DIRECTION('',(0.707106781186548,0.707106781186548,0.0));
#16104=DIRECTION('',(0.0,0.0,-1.0));
#16105=DIRECTION('',(1.0,0.0,0.0));
#16106=DIRECTION('',(0.0,0.0,-1.0));
#16107=DIRECTION('',(1.0,0.0,0.0));
#16108=DIRECTION('',(-0.707106781186548,-0.707106781186548,0.0));
#16109=DIRECTION('',(1.0,0.0,0.0));
#16110=DIRECTION('',(0.0,-1.0,0.0));
#16111=DIRECTION('',(1.0,0.0,0.0));
#16112=DIRECTION('',(0.0,1.0,0.0));
#16113=DIRECTION('',(1.0,0.0,0.0));
#16114=DIRECTION('',(-0.707106781186548,0.707106781186548,0.0));
#16115=DIRECTION('',(-1.0,0.0,0.0));
#16116=DIRECTION('',(0.0,-1.0,0.0));
#16117=DIRECTION('',(-1.0,0.0,0.0));
#16118=DIRECTION('',(0.0,1.0,0.0));
#16119=DIRECTION('',(1.0,0.0,0.0));
#16120=DIRECTION('',(0.707106781186548,0.707106781186548,0.0));
#16121=DIRECTION('',(1.0,0.0,0.0));
#16122=DIRECTION('',(0.0,1.0,0.0));
#16123=DIRECTION('',(-1.0,0.0,0.0));
#16124=DIRECTION('',(0.0,1.0,0.0));
#16125=DIRECTION('',(-1.0,0.0,0.0));
#16126=DIRECTION('',(0.0,0.0,-1.0));
#16127=DIRECTION('',(-1.0,0.0,0.0));
#16128=DIRECTION('',(0.0,0.0,-1.0));
#16129=DIRECTION('',(0.707106781186547,0.707106781186547,0.0));
#16130=DIRECTION('',(0.0,0.0,1.0));
#16131=DIRECTION('',(0.707106781186548,0.707106781186548,0.0));
#16132=DIRECTION('',(-1.0,0.0,0.0));
#16133=DIRECTION('',(0.707106781186548,-0.707106781186548,0.0));
#16134=DIRECTION('',(0.0,1.0,0.0));
#16135=DIRECTION('',(0.0,1.0,0.0));
#16136=CARTESIAN_POINT('',(-29.9847,0.0,-4.2164));
#16137=DIRECTION('',(-0.0,0.0,-1.0));
#16138=DIRECTION('',(-0.707106781186498,-0.707106781186597,0.0));
#16139=DIRECTION('',(0.0,1.0,0.0));
#16140=DIRECTION('',(0.0,1.0,0.0));
#16141=DIRECTION('',(-1.0,0.0,0.0));
#16142=CARTESIAN_POINT('',(29.9847,0.0,-4.2164));
#16143=DIRECTION('',(0.0,0.0,-1.0));
#16144=DIRECTION('',(1.0,0.0,0.0));
#16145=DIRECTION('',(-0.707106781186548,-0.707106781186548,0.0));
#16146=DIRECTION('',(-1.0,0.0,0.0));
#16147=DIRECTION('',(0.0,-1.0,0.0));
#16148=DIRECTION('',(1.0,0.0,0.0));
#16149=DIRECTION('',(0.0,-1.0,0.0));
#16150=DIRECTION('',(0.0,0.0,-1.0));
#16151=DIRECTION('',(0.0,-1.0,0.0));
#16152=DIRECTION('',(0.0,0.0,-1.0));
#16153=DIRECTION('',(0.0,-1.0,0.0));
#16154=DIRECTION('',(0.0,0.0,-1.0));
#16155=DIRECTION('',(0.0,1.0,0.0));
#16156=DIRECTION('',(0.0,0.0,1.0));
#16157=DIRECTION('',(0.0,0.0,-1.0));
#16158=DIRECTION('',(0.0,0.0,-1.0));
#16159=DIRECTION('',(0.0,0.0,-1.0));
#16160=DIRECTION('',(0.0,0.0,-1.0));
#16161=DIRECTION('',(0.0,0.0,1.0));
#16162=DIRECTION('',(0.0,0.0,-1.0));
#16163=DIRECTION('',(-0.707106781186547,-0.707106781186547,0.0));
#16164=DIRECTION('',(0.0,0.0,-1.0));
#16165=DIRECTION('',(0.0,0.0,1.0));
#16166=DIRECTION('',(1.0,0.0,0.0));
#16167=DIRECTION('',(-1.398706172756E-14,-1.0,0.0));
#16168=DIRECTION('',(-1.0,0.0,0.0));
#16169=DIRECTION('',(-1.398706172756E-14,1.0,0.0));
#16170=DIRECTION('',(0.0,0.0,-1.0));
#16171=DIRECTION('',(0.0,0.0,-1.0));
#16172=DIRECTION('',(0.0,1.0,0.0));
#16173=DIRECTION('',(-1.0,0.0,0.0));
#16174=DIRECTION('',(0.0,1.0,0.0));
#16175=DIRECTION('',(-1.0,0.0,0.0));
#16176=DIRECTION('',(0.0,1.0,0.0));
#16177=DIRECTION('',(1.0,0.0,0.0));
#16178=DIRECTION('',(0.0,-1.0,0.0));
#16179=DIRECTION('',(-1.0,0.0,0.0));
#16180=DIRECTION('',(0.0,-1.0,0.0));
#16181=DIRECTION('',(1.0,0.0,0.0));
#16182=DIRECTION('',(-1.0,0.0,0.0));
#16183=CARTESIAN_POINT('',(29.9847,-8.128,-11.3157));
#16184=DIRECTION('',(-0.0,1.0,0.0));
#16185=DIRECTION('',(1.0,0.0,0.0));
#16186=CARTESIAN_POINT('',(29.9847,-8.128,-11.3157));
#16187=DIRECTION('',(0.0,1.0,0.0));
#16188=DIRECTION('',(-1.0,0.0,0.0));
#16189=DIRECTION('',(0.0,0.0,-1.0));
#16190=DIRECTION('',(0.0,0.0,-1.0));
#16191=CARTESIAN_POINT('',(-29.9847,-8.128,-11.3157));
#16192=DIRECTION('',(-0.0,1.0,0.0));
#16193=DIRECTION('',(1.0,0.0,0.0));
#16194=CARTESIAN_POINT('',(-29.9847,-8.128,-11.3157));
#16195=DIRECTION('',(0.0,1.0,0.0));
#16196=DIRECTION('',(-1.0,0.0,0.0));
#16197=DIRECTION('',(0.0,0.0,-1.0));
#16198=DIRECTION('',(-1.0,0.0,0.0));
#16199=DIRECTION('',(0.0,0.0,1.0));
#16200=DIRECTION('',(-1.0,0.0,0.0));
#16201=DIRECTION('',(0.0,0.0,1.0));
#16202=DIRECTION('',(0.0,1.0,0.0));
#16203=DIRECTION('',(0.0,0.0,1.0));
#16204=DIRECTION('',(0.0,-1.0,0.0));
#16205=DIRECTION('',(-1.0,0.0,0.0));
#16206=DIRECTION('',(0.0,-1.0,0.0));
#16207=DIRECTION('',(0.0,0.0,1.0));
#16208=DIRECTION('',(0.0,1.0,0.0));
#16209=DIRECTION('',(-1.0,0.0,0.0));
#16210=DIRECTION('',(0.0,0.0,1.0));
#16211=DIRECTION('',(1.0,0.0,0.0));
#16212=DIRECTION('',(0.0,0.0,-1.0));
#16213=DIRECTION('',(-1.0,0.0,0.0));
#16214=DIRECTION('',(1.0,0.0,0.0));
#16215=DIRECTION('',(0.0,0.0,-1.0));
#16216=DIRECTION('',(-1.0,0.0,0.0));
#16217=DIRECTION('',(0.0,0.0,1.0));
#16218=DIRECTION('',(0.0,0.0,1.0));
#16219=DIRECTION('',(1.0,0.0,0.0));
#16220=DIRECTION('',(0.0,0.0,-1.0));
#16221=DIRECTION('',(-1.0,0.0,0.0));
#16222=DIRECTION('',(1.0,0.0,0.0));
#16223=DIRECTION('',(0.0,0.0,-1.0));
#16224=DIRECTION('',(-1.0,0.0,0.0));
#16225=DIRECTION('',(0.0,0.0,1.0));
#16226=DIRECTION('',(0.0,0.0,1.0));
#16227=DIRECTION('',(1.0,0.0,0.0));
#16228=DIRECTION('',(0.0,0.0,-1.0));
#16229=DIRECTION('',(-1.0,0.0,0.0));
#16230=DIRECTION('',(1.0,0.0,0.0));
#16231=DIRECTION('',(0.0,0.0,-1.0));
#16232=DIRECTION('',(-1.0,0.0,0.0));
#16233=DIRECTION('',(0.0,0.0,1.0));
#16234=DIRECTION('',(0.0,0.0,1.0));
#16235=DIRECTION('',(1.0,0.0,0.0));
#16236=DIRECTION('',(0.0,0.0,-1.0));
#16237=DIRECTION('',(-1.0,0.0,0.0));
#16238=DIRECTION('',(1.0,0.0,0.0));
#16239=DIRECTION('',(0.0,0.0,-1.0));
#16240=DIRECTION('',(-1.0,0.0,0.0));
#16241=DIRECTION('',(0.0,0.0,1.0));
#16242=DIRECTION('',(0.0,0.0,1.0));
#16243=DIRECTION('',(1.0,0.0,0.0));
#16244=DIRECTION('',(0.0,0.0,-1.0));
#16245=DIRECTION('',(-1.0,0.0,0.0));
#16246=DIRECTION('',(1.0,0.0,0.0));
#16247=DIRECTION('',(0.0,0.0,-1.0));
#16248=DIRECTION('',(-1.0,0.0,0.0));
#16249=DIRECTION('',(0.0,0.0,1.0));
#16250=DIRECTION('',(0.0,0.0,1.0));
#16251=DIRECTION('',(1.0,0.0,0.0));
#16252=DIRECTION('',(0.0,0.0,-1.0));
#16253=DIRECTION('',(-1.0,0.0,0.0));
#16254=DIRECTION('',(1.0,0.0,0.0));
#16255=DIRECTION('',(0.0,0.0,-1.0));
#16256=DIRECTION('',(-1.0,0.0,0.0));
#16257=DIRECTION('',(0.0,0.0,1.0));
#16258=DIRECTION('',(0.0,0.0,1.0));
#16259=DIRECTION('',(1.0,0.0,0.0));
#16260=DIRECTION('',(0.0,0.0,-1.0));
#16261=DIRECTION('',(-1.0,0.0,0.0));
#16262=DIRECTION('',(1.0,0.0,0.0));
#16263=DIRECTION('',(0.0,0.0,-1.0));
#16264=DIRECTION('',(-1.0,0.0,0.0));
#16265=DIRECTION('',(0.0,0.0,1.0));
#16266=DIRECTION('',(0.0,0.0,1.0));
#16267=DIRECTION('',(1.0,0.0,0.0));
#16268=DIRECTION('',(0.0,0.0,-1.0));
#16269=DIRECTION('',(-1.0,0.0,0.0));
#16270=DIRECTION('',(1.0,0.0,0.0));
#16271=DIRECTION('',(0.0,0.0,-1.0));
#16272=DIRECTION('',(-1.0,0.0,0.0));
#16273=DIRECTION('',(0.0,0.0,1.0));
#16274=DIRECTION('',(0.0,0.0,1.0));
#16275=DIRECTION('',(1.0,0.0,0.0));
#16276=DIRECTION('',(0.0,0.0,-1.0));
#16277=DIRECTION('',(-1.0,0.0,0.0));
#16278=DIRECTION('',(1.0,0.0,0.0));
#16279=DIRECTION('',(0.0,0.0,-1.0));
#16280=DIRECTION('',(-1.0,0.0,0.0));
#16281=DIRECTION('',(0.0,0.0,1.0));
#16282=DIRECTION('',(0.0,0.0,1.0));
#16283=DIRECTION('',(1.0,0.0,0.0));
#16284=DIRECTION('',(0.0,0.0,-1.0));
#16285=DIRECTION('',(-1.0,0.0,0.0));
#16286=DIRECTION('',(1.0,0.0,0.0));
#16287=DIRECTION('',(0.0,0.0,-1.0));
#16288=DIRECTION('',(-1.0,0.0,0.0));
#16289=DIRECTION('',(0.0,0.0,1.0));
#16290=DIRECTION('',(0.0,0.0,1.0));
#16291=DIRECTION('',(1.0,0.0,0.0));
#16292=DIRECTION('',(0.0,0.0,-1.0));
#16293=DIRECTION('',(-1.0,0.0,0.0));
#16294=DIRECTION('',(1.0,0.0,0.0));
#16295=DIRECTION('',(0.0,0.0,-1.0));
#16296=DIRECTION('',(-1.0,0.0,0.0));
#16297=DIRECTION('',(0.0,0.0,1.0));
#16298=DIRECTION('',(0.0,0.0,1.0));
#16299=DIRECTION('',(1.0,0.0,0.0));
#16300=DIRECTION('',(0.0,0.0,-1.0));
#16301=DIRECTION('',(-1.0,0.0,0.0));
#16302=DIRECTION('',(1.0,0.0,0.0));
#16303=DIRECTION('',(0.0,0.0,-1.0));
#16304=DIRECTION('',(-1.0,0.0,0.0));
#16305=DIRECTION('',(0.0,0.0,1.0));
#16306=DIRECTION('',(0.0,0.0,1.0));
#16307=DIRECTION('',(1.0,0.0,0.0));
#16308=DIRECTION('',(0.0,0.0,-1.0));
#16309=DIRECTION('',(-1.0,0.0,0.0));
#16310=DIRECTION('',(1.0,0.0,0.0));
#16311=DIRECTION('',(0.0,0.0,-1.0));
#16312=DIRECTION('',(-1.0,0.0,0.0));
#16313=DIRECTION('',(0.0,0.0,1.0));
#16314=DIRECTION('',(0.0,0.0,1.0));
#16315=DIRECTION('',(1.0,0.0,0.0));
#16316=DIRECTION('',(0.0,0.0,-1.0));
#16317=DIRECTION('',(-1.0,0.0,0.0));
#16318=DIRECTION('',(1.0,0.0,0.0));
#16319=DIRECTION('',(0.0,0.0,-1.0));
#16320=DIRECTION('',(-1.0,0.0,0.0));
#16321=DIRECTION('',(0.0,0.0,1.0));
#16322=DIRECTION('',(0.0,0.0,1.0));
#16323=DIRECTION('',(1.0,0.0,0.0));
#16324=DIRECTION('',(0.0,0.0,-1.0));
#16325=DIRECTION('',(-1.0,0.0,0.0));
#16326=DIRECTION('',(1.0,0.0,0.0));
#16327=DIRECTION('',(0.0,0.0,-1.0));
#16328=DIRECTION('',(-1.0,0.0,0.0));
#16329=DIRECTION('',(0.0,0.0,1.0));
#16330=DIRECTION('',(0.0,0.0,1.0));
#16331=DIRECTION('',(1.0,0.0,0.0));
#16332=DIRECTION('',(0.0,0.0,-1.0));
#16333=DIRECTION('',(-1.0,0.0,0.0));
#16334=DIRECTION('',(1.0,0.0,0.0));
#16335=DIRECTION('',(0.0,0.0,-1.0));
#16336=DIRECTION('',(-1.0,0.0,0.0));
#16337=DIRECTION('',(0.0,0.0,1.0));
#16338=DIRECTION('',(0.0,0.0,1.0));
#16339=DIRECTION('',(1.0,0.0,0.0));
#16340=DIRECTION('',(0.0,0.0,-1.0));
#16341=DIRECTION('',(-1.0,0.0,0.0));
#16342=DIRECTION('',(1.0,0.0,0.0));
#16343=DIRECTION('',(0.0,0.0,-1.0));
#16344=DIRECTION('',(-1.0,0.0,0.0));
#16345=DIRECTION('',(0.0,0.0,1.0));
#16346=DIRECTION('',(-1.398706172756E-14,0.0,1.0));
#16347=DIRECTION('',(1.0,0.0,0.0));
#16348=DIRECTION('',(0.0,0.0,-1.0));
#16349=DIRECTION('',(-1.0,0.0,0.0));
#16350=DIRECTION('',(1.0,0.0,0.0));
#16351=DIRECTION('',(0.0,0.0,-1.0));
#16352=DIRECTION('',(-1.0,0.0,0.0));
#16353=DIRECTION('',(-1.398706172756E-14,0.0,1.0));
#16354=DIRECTION('',(0.0,-1.0,0.0));
#16355=DIRECTION('',(-1.0,0.0,0.0));
#16356=DIRECTION('',(0.0,-1.0,0.0));
#16357=DIRECTION('',(0.0,0.0,1.0));
#16358=DIRECTION('',(0.0,-1.0,0.0));
#16359=DIRECTION('',(1.0,0.0,0.0));
#16360=DIRECTION('',(0.0,-1.0,0.0));
#16361=DIRECTION('',(0.0,0.0,-1.0));
#16362=DIRECTION('',(-1.0,0.0,0.0));
#16363=DIRECTION('',(0.0,0.0,-1.0));
#16364=DIRECTION('',(1.0,0.0,0.0));
#16365=DIRECTION('',(0.0,0.0,1.0));
#16366=DIRECTION('',(0.0,-1.0,0.0));
#16367=DIRECTION('',(0.0,-1.0,0.0));
#16368=DIRECTION('',(0.0,-1.0,0.0));
#16369=DIRECTION('',(0.0,-1.0,0.0));
#16370=DIRECTION('',(0.0,-1.0,0.0));
#16371=DIRECTION('',(-1.0,0.0,0.0));
#16372=DIRECTION('',(0.0,-1.0,0.0));
#16373=DIRECTION('',(0.0,0.0,1.0));
#16374=DIRECTION('',(0.0,-1.0,0.0));
#16375=DIRECTION('',(1.0,0.0,0.0));
#16376=DIRECTION('',(0.0,-1.0,0.0));
#16377=DIRECTION('',(0.0,0.0,-1.0));
#16378=DIRECTION('',(-1.0,0.0,0.0));
#16379=DIRECTION('',(0.0,0.0,-1.0));
#16380=DIRECTION('',(1.0,0.0,0.0));
#16381=DIRECTION('',(0.0,0.0,1.0));
#16382=DIRECTION('',(0.0,-1.0,0.0));
#16383=DIRECTION('',(0.0,-1.0,0.0));
#16384=DIRECTION('',(0.0,-1.0,0.0));
#16385=DIRECTION('',(0.0,-1.0,0.0));
#16386=DIRECTION('',(0.0,-1.0,0.0));
#16387=DIRECTION('',(-1.0,0.0,0.0));
#16388=DIRECTION('',(0.0,-1.0,0.0));
#16389=DIRECTION('',(0.0,0.0,1.0));
#16390=DIRECTION('',(0.0,-1.0,0.0));
#16391=DIRECTION('',(1.0,0.0,0.0));
#16392=DIRECTION('',(0.0,-1.0,0.0));
#16393=DIRECTION('',(0.0,0.0,-1.0));
#16394=DIRECTION('',(-1.0,0.0,0.0));
#16395=DIRECTION('',(0.0,0.0,-1.0));
#16396=DIRECTION('',(1.0,0.0,0.0));
#16397=DIRECTION('',(0.0,0.0,1.0));
#16398=DIRECTION('',(0.0,-1.0,0.0));
#16399=DIRECTION('',(0.0,-1.0,0.0));
#16400=DIRECTION('',(0.0,-1.0,0.0));
#16401=DIRECTION('',(0.0,-1.0,0.0));
#16402=DIRECTION('',(0.0,-1.0,0.0));
#16403=DIRECTION('',(-1.0,0.0,0.0));
#16404=DIRECTION('',(0.0,-1.0,0.0));
#16405=DIRECTION('',(0.0,0.0,1.0));
#16406=DIRECTION('',(0.0,-1.0,0.0));
#16407=DIRECTION('',(1.0,0.0,0.0));
#16408=DIRECTION('',(0.0,-1.0,0.0));
#16409=DIRECTION('',(0.0,0.0,-1.0));
#16410=DIRECTION('',(-1.0,0.0,0.0));
#16411=DIRECTION('',(0.0,0.0,-1.0));
#16412=DIRECTION('',(1.0,0.0,0.0));
#16413=DIRECTION('',(0.0,0.0,1.0));
#16414=DIRECTION('',(0.0,-1.0,0.0));
#16415=DIRECTION('',(0.0,-1.0,0.0));
#16416=DIRECTION('',(0.0,-1.0,0.0));
#16417=DIRECTION('',(0.0,-1.0,0.0));
#16418=DIRECTION('',(0.0,-1.0,0.0));
#16419=DIRECTION('',(-1.0,0.0,0.0));
#16420=DIRECTION('',(0.0,-1.0,0.0));
#16421=DIRECTION('',(0.0,0.0,1.0));
#16422=DIRECTION('',(0.0,-1.0,0.0));
#16423=DIRECTION('',(1.0,0.0,0.0));
#16424=DIRECTION('',(0.0,-1.0,0.0));
#16425=DIRECTION('',(0.0,0.0,-1.0));
#16426=DIRECTION('',(-1.0,0.0,0.0));
#16427=DIRECTION('',(0.0,0.0,-1.0));
#16428=DIRECTION('',(1.0,0.0,0.0));
#16429=DIRECTION('',(0.0,0.0,1.0));
#16430=DIRECTION('',(0.0,-1.0,0.0));
#16431=DIRECTION('',(0.0,-1.0,0.0));
#16432=DIRECTION('',(0.0,-1.0,0.0));
#16433=DIRECTION('',(0.0,-1.0,0.0));
#16434=DIRECTION('',(0.0,-1.0,0.0));
#16435=DIRECTION('',(-1.0,0.0,0.0));
#16436=DIRECTION('',(0.0,-1.0,0.0));
#16437=DIRECTION('',(0.0,0.0,1.0));
#16438=DIRECTION('',(0.0,-1.0,0.0));
#16439=DIRECTION('',(1.0,0.0,0.0));
#16440=DIRECTION('',(0.0,-1.0,0.0));
#16441=DIRECTION('',(0.0,0.0,-1.0));
#16442=DIRECTION('',(-1.0,0.0,0.0));
#16443=DIRECTION('',(0.0,0.0,-1.0));
#16444=DIRECTION('',(1.0,0.0,0.0));
#16445=DIRECTION('',(0.0,0.0,1.0));
#16446=DIRECTION('',(0.0,-1.0,0.0));
#16447=DIRECTION('',(0.0,-1.0,0.0));
#16448=DIRECTION('',(0.0,-1.0,0.0));
#16449=DIRECTION('',(0.0,-1.0,0.0));
#16450=DIRECTION('',(0.0,-1.0,0.0));
#16451=DIRECTION('',(-1.0,0.0,0.0));
#16452=DIRECTION('',(0.0,-1.0,0.0));
#16453=DIRECTION('',(0.0,0.0,1.0));
#16454=DIRECTION('',(0.0,-1.0,0.0));
#16455=DIRECTION('',(1.0,0.0,0.0));
#16456=DIRECTION('',(0.0,-1.0,0.0));
#16457=DIRECTION('',(0.0,0.0,-1.0));
#16458=DIRECTION('',(-1.0,0.0,0.0));
#16459=DIRECTION('',(0.0,0.0,-1.0));
#16460=DIRECTION('',(1.0,0.0,0.0));
#16461=DIRECTION('',(0.0,0.0,1.0));
#16462=DIRECTION('',(0.0,-1.0,0.0));
#16463=DIRECTION('',(0.0,-1.0,0.0));
#16464=DIRECTION('',(0.0,-1.0,0.0));
#16465=DIRECTION('',(0.0,-1.0,0.0));
#16466=DIRECTION('',(0.0,-1.0,0.0));
#16467=DIRECTION('',(-1.0,0.0,0.0));
#16468=DIRECTION('',(0.0,-1.0,0.0));
#16469=DIRECTION('',(0.0,0.0,1.0));
#16470=DIRECTION('',(0.0,-1.0,0.0));
#16471=DIRECTION('',(1.0,0.0,0.0));
#16472=DIRECTION('',(0.0,-1.0,0.0));
#16473=DIRECTION('',(0.0,0.0,-1.0));
#16474=DIRECTION('',(-1.0,0.0,0.0));
#16475=DIRECTION('',(0.0,0.0,-1.0));
#16476=DIRECTION('',(1.0,0.0,0.0));
#16477=DIRECTION('',(0.0,0.0,1.0));
#16478=DIRECTION('',(0.0,-1.0,0.0));
#16479=DIRECTION('',(0.0,-1.0,0.0));
#16480=DIRECTION('',(0.0,-1.0,0.0));
#16481=DIRECTION('',(0.0,-1.0,0.0));
#16482=DIRECTION('',(0.0,-1.0,0.0));
#16483=DIRECTION('',(-1.0,0.0,0.0));
#16484=DIRECTION('',(0.0,-1.0,0.0));
#16485=DIRECTION('',(0.0,0.0,1.0));
#16486=DIRECTION('',(0.0,-1.0,0.0));
#16487=DIRECTION('',(1.0,0.0,0.0));
#16488=DIRECTION('',(0.0,-1.0,0.0));
#16489=DIRECTION('',(0.0,0.0,-1.0));
#16490=DIRECTION('',(-1.0,0.0,0.0));
#16491=DIRECTION('',(0.0,0.0,-1.0));
#16492=DIRECTION('',(1.0,0.0,0.0));
#16493=DIRECTION('',(0.0,0.0,1.0));
#16494=DIRECTION('',(0.0,-1.0,0.0));
#16495=DIRECTION('',(0.0,-1.0,0.0));
#16496=DIRECTION('',(0.0,-1.0,0.0));
#16497=DIRECTION('',(0.0,-1.0,0.0));
#16498=DIRECTION('',(0.0,-1.0,0.0));
#16499=DIRECTION('',(-1.0,0.0,0.0));
#16500=DIRECTION('',(0.0,-1.0,0.0));
#16501=DIRECTION('',(0.0,0.0,1.0));
#16502=DIRECTION('',(0.0,-1.0,0.0));
#16503=DIRECTION('',(1.0,0.0,0.0));
#16504=DIRECTION('',(0.0,-1.0,0.0));
#16505=DIRECTION('',(0.0,0.0,-1.0));
#16506=DIRECTION('',(-1.0,0.0,0.0));
#16507=DIRECTION('',(0.0,0.0,-1.0));
#16508=DIRECTION('',(1.0,0.0,0.0));
#16509=DIRECTION('',(0.0,0.0,1.0));
#16510=DIRECTION('',(0.0,-1.0,0.0));
#16511=DIRECTION('',(0.0,-1.0,0.0));
#16512=DIRECTION('',(0.0,-1.0,0.0));
#16513=DIRECTION('',(0.0,-1.0,0.0));
#16514=DIRECTION('',(0.0,-1.0,0.0));
#16515=DIRECTION('',(-1.0,0.0,0.0));
#16516=DIRECTION('',(0.0,-1.0,0.0));
#16517=DIRECTION('',(0.0,0.0,1.0));
#16518=DIRECTION('',(0.0,-1.0,0.0));
#16519=DIRECTION('',(1.0,0.0,0.0));
#16520=DIRECTION('',(0.0,-1.0,0.0));
#16521=DIRECTION('',(0.0,0.0,-1.0));
#16522=DIRECTION('',(-1.0,0.0,0.0));
#16523=DIRECTION('',(0.0,0.0,-1.0));
#16524=DIRECTION('',(1.0,0.0,0.0));
#16525=DIRECTION('',(0.0,0.0,1.0));
#16526=DIRECTION('',(0.0,-1.0,0.0));
#16527=DIRECTION('',(0.0,-1.0,0.0));
#16528=DIRECTION('',(0.0,-1.0,0.0));
#16529=DIRECTION('',(0.0,-1.0,0.0));
#16530=DIRECTION('',(0.0,-1.0,0.0));
#16531=DIRECTION('',(-1.0,0.0,0.0));
#16532=DIRECTION('',(0.0,-1.0,0.0));
#16533=DIRECTION('',(0.0,0.0,1.0));
#16534=DIRECTION('',(0.0,-1.0,0.0));
#16535=DIRECTION('',(1.0,0.0,0.0));
#16536=DIRECTION('',(0.0,-1.0,0.0));
#16537=DIRECTION('',(0.0,0.0,-1.0));
#16538=DIRECTION('',(-1.0,0.0,0.0));
#16539=DIRECTION('',(0.0,0.0,-1.0));
#16540=DIRECTION('',(1.0,0.0,0.0));
#16541=DIRECTION('',(0.0,0.0,1.0));
#16542=DIRECTION('',(0.0,-1.0,0.0));
#16543=DIRECTION('',(0.0,-1.0,0.0));
#16544=DIRECTION('',(0.0,-1.0,0.0));
#16545=DIRECTION('',(0.0,-1.0,0.0));
#16546=DIRECTION('',(0.0,-1.0,0.0));
#16547=DIRECTION('',(-1.0,0.0,0.0));
#16548=DIRECTION('',(0.0,-1.0,0.0));
#16549=DIRECTION('',(0.0,0.0,1.0));
#16550=DIRECTION('',(0.0,-1.0,0.0));
#16551=DIRECTION('',(1.0,0.0,0.0));
#16552=DIRECTION('',(0.0,-1.0,0.0));
#16553=DIRECTION('',(0.0,0.0,-1.0));
#16554=DIRECTION('',(-1.0,0.0,0.0));
#16555=DIRECTION('',(0.0,0.0,-1.0));
#16556=DIRECTION('',(1.0,0.0,0.0));
#16557=DIRECTION('',(0.0,0.0,1.0));
#16558=DIRECTION('',(0.0,-1.0,0.0));
#16559=DIRECTION('',(0.0,-1.0,0.0));
#16560=DIRECTION('',(0.0,-1.0,0.0));
#16561=DIRECTION('',(0.0,-1.0,0.0));
#16562=DIRECTION('',(0.0,-1.0,0.0));
#16563=DIRECTION('',(-1.0,0.0,0.0));
#16564=DIRECTION('',(0.0,-1.0,0.0));
#16565=DIRECTION('',(0.0,0.0,1.0));
#16566=DIRECTION('',(0.0,-1.0,0.0));
#16567=DIRECTION('',(1.0,0.0,0.0));
#16568=DIRECTION('',(0.0,-1.0,0.0));
#16569=DIRECTION('',(0.0,0.0,-1.0));
#16570=DIRECTION('',(-1.0,0.0,0.0));
#16571=DIRECTION('',(0.0,0.0,-1.0));
#16572=DIRECTION('',(1.0,0.0,0.0));
#16573=DIRECTION('',(0.0,0.0,1.0));
#16574=DIRECTION('',(0.0,-1.0,0.0));
#16575=DIRECTION('',(0.0,-1.0,0.0));
#16576=DIRECTION('',(0.0,-1.0,0.0));
#16577=DIRECTION('',(0.0,-1.0,0.0));
#16578=DIRECTION('',(0.0,-1.0,0.0));
#16579=DIRECTION('',(-1.0,0.0,0.0));
#16580=DIRECTION('',(0.0,-1.0,0.0));
#16581=DIRECTION('',(0.0,0.0,1.0));
#16582=DIRECTION('',(0.0,-1.0,0.0));
#16583=DIRECTION('',(1.0,0.0,0.0));
#16584=DIRECTION('',(0.0,-1.0,0.0));
#16585=DIRECTION('',(0.0,0.0,-1.0));
#16586=DIRECTION('',(-1.0,0.0,0.0));
#16587=DIRECTION('',(0.0,0.0,-1.0));
#16588=DIRECTION('',(1.0,0.0,0.0));
#16589=DIRECTION('',(0.0,0.0,1.0));
#16590=DIRECTION('',(0.0,-1.0,0.0));
#16591=DIRECTION('',(0.0,-1.0,0.0));
#16592=DIRECTION('',(0.0,-1.0,0.0));
#16593=DIRECTION('',(0.0,-1.0,0.0));
#16594=DIRECTION('',(0.0,-1.0,0.0));
#16595=DIRECTION('',(-1.0,0.0,0.0));
#16596=DIRECTION('',(0.0,-1.0,0.0));
#16597=DIRECTION('',(0.0,0.0,1.0));
#16598=DIRECTION('',(0.0,-1.0,0.0));
#16599=DIRECTION('',(1.0,0.0,0.0));
#16600=DIRECTION('',(0.0,-1.0,0.0));
#16601=DIRECTION('',(0.0,0.0,-1.0));
#16602=DIRECTION('',(-1.0,0.0,0.0));
#16603=DIRECTION('',(0.0,0.0,-1.0));
#16604=DIRECTION('',(1.0,0.0,0.0));
#16605=DIRECTION('',(0.0,0.0,1.0));
#16606=DIRECTION('',(0.0,-1.0,0.0));
#16607=DIRECTION('',(0.0,-1.0,0.0));
#16608=DIRECTION('',(0.0,-1.0,0.0));
#16609=DIRECTION('',(0.0,-1.0,0.0));
#16610=DIRECTION('',(0.0,-1.0,0.0));
#16611=DIRECTION('',(-1.0,0.0,0.0));
#16612=DIRECTION('',(0.0,-1.0,0.0));
#16613=DIRECTION('',(0.0,0.0,1.0));
#16614=DIRECTION('',(0.0,-1.0,0.0));
#16615=DIRECTION('',(1.0,0.0,0.0));
#16616=DIRECTION('',(0.0,-1.0,0.0));
#16617=DIRECTION('',(0.0,0.0,-1.0));
#16618=DIRECTION('',(-1.0,0.0,0.0));
#16619=DIRECTION('',(0.0,0.0,-1.0));
#16620=DIRECTION('',(1.0,0.0,0.0));
#16621=DIRECTION('',(0.0,0.0,1.0));
#16622=DIRECTION('',(0.0,-1.0,0.0));
#16623=DIRECTION('',(0.0,-1.0,0.0));
#16624=DIRECTION('',(0.0,-1.0,0.0));
#16625=DIRECTION('',(0.0,-1.0,0.0));
#16626=DIRECTION('',(0.0,-1.0,0.0));
#16627=DIRECTION('',(-1.0,0.0,0.0));
#16628=DIRECTION('',(0.0,-1.0,0.0));
#16629=DIRECTION('',(0.0,0.0,1.0));
#16630=DIRECTION('',(0.0,-1.0,0.0));
#16631=DIRECTION('',(1.0,0.0,0.0));
#16632=DIRECTION('',(0.0,-1.0,0.0));
#16633=DIRECTION('',(0.0,0.0,-1.0));
#16634=DIRECTION('',(-1.0,0.0,0.0));
#16635=DIRECTION('',(0.0,0.0,-1.0));
#16636=DIRECTION('',(1.0,0.0,0.0));
#16637=DIRECTION('',(0.0,0.0,1.0));
#16638=DIRECTION('',(0.0,-1.0,0.0));
#16639=DIRECTION('',(0.0,-1.0,0.0));
#16640=DIRECTION('',(0.0,-1.0,0.0));
#16641=DIRECTION('',(0.0,-1.0,0.0));
#16642=DIRECTION('',(0.0,0.0,1.0));
#16643=DIRECTION('',(0.0,1.0,0.0));
#16644=DIRECTION('',(0.0,0.0,-1.0));
#16645=DIRECTION('',(0.0,1.0,0.0));
#16646=DIRECTION('',(0.0,0.0,-1.0));
#16647=DIRECTION('',(1.0,0.0,0.0));
#16648=DIRECTION('',(0.0,0.0,-1.0));
#16649=CARTESIAN_POINT('',(29.9847,-4.953,-11.3157));
#16650=DIRECTION('',(0.0,1.0,0.0));
#16651=DIRECTION('',(-1.0,0.0,0.0));
#16652=CARTESIAN_POINT('',(29.9847,-4.953,-11.3157));
#16653=DIRECTION('',(-0.0,1.0,0.0));
#16654=DIRECTION('',(1.0,0.0,0.0));
#16655=DIRECTION('',(1.0,0.0,0.0));
#16656=DIRECTION('',(0.0,0.0,-1.0));
#16657=CARTESIAN_POINT('',(-29.9847,-4.953,-11.3157));
#16658=DIRECTION('',(0.0,1.0,0.0));
#16659=DIRECTION('',(-1.0,0.0,0.0));
#16660=CARTESIAN_POINT('',(-29.9847,-4.953,-11.3157));
#16661=DIRECTION('',(-0.0,1.0,0.0));
#16662=DIRECTION('',(1.0,0.0,0.0));
#16663=DIRECTION('',(0.0,-0.939018724957708,-0.343866011956403));
#16664=DIRECTION('',(0.0,0.0,-1.0));
#16665=DIRECTION('',(0.0,1.0,0.0));
#16666=DIRECTION('',(0.0,0.0,-1.0));
#16667=DIRECTION('',(0.0,1.0,0.0));
#16668=DIRECTION('',(1.0,0.0,0.0));
#16669=CARTESIAN_POINT('',(29.9847,0.0,-5.9436));
#16670=DIRECTION('',(0.0,0.0,1.0));
#16671=DIRECTION('',(-1.0,0.0,0.0));
#16672=CARTESIAN_POINT('',(29.9847,0.0,-5.9436));
#16673=DIRECTION('',(0.0,0.0,1.0));
#16674=DIRECTION('',(1.0,0.0,0.0));
#16675=DIRECTION('',(1.0,0.0,0.0));
#16676=DIRECTION('',(0.0,1.0,0.0));
#16677=CARTESIAN_POINT('',(-29.9847,0.0,-5.9436));
#16678=DIRECTION('',(0.0,0.0,1.0));
#16679=DIRECTION('',(-1.0,0.0,0.0));
#16680=CARTESIAN_POINT('',(-29.9847,0.0,-5.9436));
#16681=DIRECTION('',(0.0,0.0,1.0));
#16682=DIRECTION('',(1.0,0.0,0.0));
#16683=DIRECTION('',(1.0,0.0,0.0));
#16684=DIRECTION('',(1.0,0.0,0.0));
#16685=DIRECTION('',(0.0,0.0,-1.0));
#16686=DIRECTION('',(1.0,0.0,0.0));
#16687=DIRECTION('',(1.0,0.0,0.0));
#16688=DIRECTION('',(0.0,1.0,0.0));
#16689=DIRECTION('',(0.0,0.0,1.0));
#16690=DIRECTION('',(-1.0,0.0,0.0));
#16691=DIRECTION('',(0.0,0.0,-1.0));
#16692=DIRECTION('',(0.0,-0.939018724957708,-0.343866011956403));
#16693=DIRECTION('',(0.0,0.0,-1.0));
#16694=DIRECTION('',(0.0,0.0,-1.0));
#16695=DIRECTION('',(-0.707106781186547,0.707106781186547,0.0));
#16696=CARTESIAN_POINT('',(29.9847,3.352873534368E-14,-0.0001591747520742));
#16697=DIRECTION('',(0.0,0.0,-1.0));
#16698=DIRECTION('',(0.818680811936893,0.574248838193295,0.0));
#16699=DIRECTION('',(1.99615823434804E-05,-1.40106311039403E-05,0.999999999702619));
#16700=CARTESIAN_POINT('',(29.9847,0.0,-0.8636));
#16701=DIRECTION('',(0.0,0.0,1.0));
#16702=DIRECTION('',(0.707106781186548,-0.707106781186548,0.0));
#16703=CARTESIAN_POINT('',(-29.9847,0.0,-0.8636));
#16704=DIRECTION('',(0.0,0.0,1.0));
#16705=DIRECTION('',(-0.818508428906765,-0.574494518519175,0.0));
#16706=DIRECTION('',(-0.705877469385538,0.708333959523238,0.0));
#16707=DIRECTION('',(-0.707106781186598,-0.707106781186498,0.0));
#16708=DIRECTION('',(0.707106781186498,-0.707106781186598,0.0));
#16709=DIRECTION('',(-0.707106781186498,-0.707106781186598,0.0));
#16710=DIRECTION('',(0.707106781186598,-0.707106781186498,0.0));
#16711=DIRECTION('',(0.707106781186498,0.707106781186598,0.0));
#16712=DIRECTION('',(0.0,0.0,-1.0));
#16713=DIRECTION('',(-0.500000000000017,0.500000000000017,0.707106781186524));
#16714=DIRECTION('',(0.499131121780588,-0.500868123924988,-0.707106247819883));
#16715=DIRECTION('',(0.707106781186598,0.707106781186498,0.0));
#16716=DIRECTION('',(0.0,0.0,-1.0));
#16717=DIRECTION('',(0.500000000000017,0.500000000000017,-0.707106781186524));
#16718=DIRECTION('',(0.0,0.0,-1.0));
#16719=DIRECTION('',(0.0,0.0,-1.0));
#16720=DIRECTION('',(-0.707106781186598,0.707106781186498,0.0));
#16721=DIRECTION('',(-0.500000000000017,-0.500000000000017,0.707106781186524));
#16722=DIRECTION('',(0.0,0.0,1.0));
#16723=DIRECTION('',(0.0,0.0,-1.0));
#16724=DIRECTION('',(0.0,0.0,1.0));
#16725=DIRECTION('',(0.0,0.0,-1.0));
#16726=DIRECTION('',(0.0,1.0,0.0));
#16727=CARTESIAN_POINT('',(-29.9847,-3.429,-11.3157));
#16728=DIRECTION('',(-0.0,1.0,0.0));
#16729=DIRECTION('',(1.0,0.0,0.0));
#16730=DIRECTION('',(0.0,1.0,0.0));
#16731=CARTESIAN_POINT('',(-29.9847,-3.429,-11.3157));
#16732=DIRECTION('',(0.0,1.0,0.0));
#16733=DIRECTION('',(-1.0,0.0,0.0));
#16734=CARTESIAN_POINT('',(-29.9847,-3.429,-11.3157));
#16735=DIRECTION('',(-0.0,1.0,0.0));
#16736=DIRECTION('',(1.0,0.0,0.0));
#16737=CARTESIAN_POINT('',(-29.9847,-3.429,-11.3157));
#16738=DIRECTION('',(0.0,1.0,0.0));
#16739=DIRECTION('',(-1.0,0.0,0.0));
#16740=CARTESIAN_POINT('',(29.9847,-3.429,-11.3157));
#16741=DIRECTION('',(0.0,1.0,0.0));
#16742=DIRECTION('',(-1.0,0.0,0.0));
#16743=CARTESIAN_POINT('',(29.9847,-3.429,-11.3157));
#16744=DIRECTION('',(-0.0,1.0,0.0));
#16745=DIRECTION('',(1.0,0.0,0.0));
#16746=CARTESIAN_POINT('',(29.9847,-3.429,-11.3157));
#16747=DIRECTION('',(-0.0,1.0,0.0));
#16748=DIRECTION('',(1.0,0.0,0.0));
#16749=CARTESIAN_POINT('',(29.9847,-3.429,-11.3157));
#16750=DIRECTION('',(0.0,1.0,0.0));
#16751=DIRECTION('',(-1.0,0.0,0.0));
#16752=DIRECTION('',(0.0,1.0,0.0));
#16753=DIRECTION('',(0.0,1.0,0.0));
#16754=DIRECTION('',(0.0,1.0,0.0));
#16755=DIRECTION('',(0.0,1.0,0.0));
#16756=DIRECTION('',(0.0,1.0,0.0));
#16757=DIRECTION('',(0.0,1.0,0.0));
#16758=DIRECTION('',(0.0,0.0,-1.0));
#16759=DIRECTION('',(0.707106781186548,0.0,-0.707106781186548));
#16760=DIRECTION('',(-0.707106781186548,0.0,0.707106781186548));
#16761=DIRECTION('',(0.0,1.0,0.0));
#16762=DIRECTION('',(0.0,0.0,1.0));
#16763=DIRECTION('',(0.0,-1.0,0.0));
#16764=DIRECTION('',(0.0,0.0,1.0));
#16765=DIRECTION('',(-1.0,0.0,0.0));
#16766=DIRECTION('',(0.0,0.0,1.0));
#16767=DIRECTION('',(0.707106781186548,0.0,0.707106781186548));
#16768=DIRECTION('',(1.0,0.0,0.0));
#16769=DIRECTION('',(0.0,0.0,1.0));
#16770=DIRECTION('',(1.0,0.0,0.0));
#16771=DIRECTION('',(0.0,0.0,1.0));
#16772=DIRECTION('',(1.0,0.0,0.0));
#16773=DIRECTION('',(0.0,0.0,1.0));
#16774=DIRECTION('',(1.0,0.0,0.0));
#16775=DIRECTION('',(0.0,0.0,1.0));
#16776=DIRECTION('',(1.0,0.0,0.0));
#16777=DIRECTION('',(0.0,0.0,1.0));
#16778=DIRECTION('',(1.0,0.0,0.0));
#16779=DIRECTION('',(0.0,0.0,1.0));
#16780=DIRECTION('',(1.0,0.0,0.0));
#16781=DIRECTION('',(0.0,0.0,1.0));
#16782=DIRECTION('',(1.0,0.0,0.0));
#16783=DIRECTION('',(0.0,0.0,1.0));
#16784=DIRECTION('',(1.0,0.0,0.0));
#16785=DIRECTION('',(0.0,0.0,1.0));
#16786=DIRECTION('',(1.0,0.0,0.0));
#16787=DIRECTION('',(0.0,0.0,1.0));
#16788=DIRECTION('',(1.0,0.0,0.0));
#16789=DIRECTION('',(0.0,0.0,1.0));
#16790=DIRECTION('',(1.0,0.0,0.0));
#16791=DIRECTION('',(0.0,0.0,1.0));
#16792=DIRECTION('',(1.0,0.0,0.0));
#16793=DIRECTION('',(0.0,0.0,1.0));
#16794=DIRECTION('',(1.0,0.0,0.0));
#16795=DIRECTION('',(0.0,0.0,1.0));
#16796=DIRECTION('',(1.0,0.0,0.0));
#16797=DIRECTION('',(0.0,0.0,1.0));
#16798=DIRECTION('',(1.0,0.0,0.0));
#16799=DIRECTION('',(0.0,0.0,1.0));
#16800=DIRECTION('',(1.0,0.0,0.0));
#16801=DIRECTION('',(0.0,0.0,1.0));
#16802=DIRECTION('',(1.0,0.0,0.0));
#16803=DIRECTION('',(0.0,0.0,1.0));
#16804=DIRECTION('',(1.0,0.0,0.0));
#16805=DIRECTION('',(0.0,0.0,1.0));
#16806=DIRECTION('',(1.0,0.0,0.0));
#16807=DIRECTION('',(0.0,0.0,1.0));
#16808=DIRECTION('',(1.0,0.0,0.0));
#16809=DIRECTION('',(0.0,0.0,1.0));
#16810=DIRECTION('',(1.0,0.0,0.0));
#16811=DIRECTION('',(0.0,0.0,1.0));
#16812=DIRECTION('',(1.0,0.0,0.0));
#16813=DIRECTION('',(0.0,0.0,1.0));
#16814=DIRECTION('',(1.0,0.0,0.0));
#16815=DIRECTION('',(0.0,0.0,1.0));
#16816=DIRECTION('',(1.0,0.0,0.0));
#16817=DIRECTION('',(0.0,0.0,1.0));
#16818=DIRECTION('',(1.0,0.0,0.0));
#16819=DIRECTION('',(0.0,0.0,1.0));
#16820=DIRECTION('',(1.0,0.0,0.0));
#16821=DIRECTION('',(0.0,0.0,1.0));
#16822=DIRECTION('',(1.0,0.0,0.0));
#16823=DIRECTION('',(0.0,0.0,1.0));
#16824=DIRECTION('',(1.0,0.0,0.0));
#16825=DIRECTION('',(0.0,0.0,1.0));
#16826=DIRECTION('',(1.0,0.0,0.0));
#16827=DIRECTION('',(0.0,0.0,1.0));
#16828=DIRECTION('',(1.0,0.0,0.0));
#16829=DIRECTION('',(0.0,0.0,1.0));
#16830=DIRECTION('',(1.0,0.0,0.0));
#16831=DIRECTION('',(0.0,0.0,1.0));
#16832=DIRECTION('',(1.0,0.0,0.0));
#16833=DIRECTION('',(0.0,0.0,1.0));
#16834=DIRECTION('',(1.0,0.0,0.0));
#16835=DIRECTION('',(0.0,0.0,1.0));
#16836=DIRECTION('',(1.0,0.0,0.0));
#16837=DIRECTION('',(0.0,0.0,1.0));
#16838=DIRECTION('',(1.0,0.0,0.0));
#16839=DIRECTION('',(0.0,0.0,1.0));
#16840=DIRECTION('',(-0.707106781186548,0.0,-0.707106781186548));
#16841=DIRECTION('',(0.0,-1.0,0.0));
#16842=DIRECTION('',(0.0,1.0,0.0));
#16843=DIRECTION('',(0.0,0.0,1.0));
#16844=DIRECTION('',(1.0,0.0,0.0));
#16845=DIRECTION('',(1.0,0.0,0.0));
#16846=DIRECTION('',(0.0,0.0,1.0));
#16847=DIRECTION('',(1.0,0.0,0.0));
#16848=DIRECTION('',(0.0,0.0,1.0));
#16849=DIRECTION('',(1.0,0.0,0.0));
#16850=DIRECTION('',(0.0,0.0,1.0));
#16851=DIRECTION('',(1.0,0.0,0.0));
#16852=DIRECTION('',(0.0,0.0,1.0));
#16853=DIRECTION('',(1.0,0.0,0.0));
#16854=DIRECTION('',(0.0,0.0,1.0));
#16855=DIRECTION('',(1.0,0.0,0.0));
#16856=DIRECTION('',(0.0,0.0,1.0));
#16857=DIRECTION('',(1.0,0.0,0.0));
#16858=DIRECTION('',(0.0,0.0,1.0));
#16859=DIRECTION('',(1.0,0.0,0.0));
#16860=DIRECTION('',(0.0,0.0,1.0));
#16861=DIRECTION('',(1.0,0.0,0.0));
#16862=DIRECTION('',(0.0,0.0,1.0));
#16863=DIRECTION('',(1.0,0.0,0.0));
#16864=DIRECTION('',(0.0,0.0,1.0));
#16865=DIRECTION('',(1.0,0.0,0.0));
#16866=DIRECTION('',(0.0,0.0,1.0));
#16867=DIRECTION('',(1.0,0.0,0.0));
#16868=DIRECTION('',(0.0,0.0,1.0));
#16869=DIRECTION('',(1.0,0.0,0.0));
#16870=DIRECTION('',(0.0,0.0,1.0));
#16871=DIRECTION('',(1.0,0.0,0.0));
#16872=DIRECTION('',(0.0,0.0,1.0));
#16873=DIRECTION('',(1.0,0.0,0.0));
#16874=DIRECTION('',(0.0,0.0,1.0));
#16875=DIRECTION('',(1.0,0.0,0.0));
#16876=DIRECTION('',(0.0,0.0,1.0));
#16877=DIRECTION('',(1.0,0.0,0.0));
#16878=DIRECTION('',(0.0,0.0,1.0));
#16879=DIRECTION('',(1.0,0.0,0.0));
#16880=DIRECTION('',(0.0,0.0,1.0));
#16881=DIRECTION('',(1.0,0.0,0.0));
#16882=DIRECTION('',(0.0,0.0,1.0));
#16883=DIRECTION('',(1.0,0.0,0.0));
#16884=DIRECTION('',(0.0,0.0,1.0));
#16885=DIRECTION('',(1.0,0.0,0.0));
#16886=DIRECTION('',(0.0,0.0,1.0));
#16887=DIRECTION('',(1.0,0.0,0.0));
#16888=DIRECTION('',(0.0,0.0,1.0));
#16889=DIRECTION('',(1.0,0.0,0.0));
#16890=DIRECTION('',(0.0,0.0,1.0));
#16891=DIRECTION('',(1.0,0.0,0.0));
#16892=DIRECTION('',(0.0,0.0,1.0));
#16893=DIRECTION('',(1.0,0.0,0.0));
#16894=DIRECTION('',(0.0,0.0,1.0));
#16895=DIRECTION('',(1.0,0.0,0.0));
#16896=DIRECTION('',(0.0,0.0,1.0));
#16897=DIRECTION('',(1.0,0.0,0.0));
#16898=DIRECTION('',(0.0,0.0,1.0));
#16899=DIRECTION('',(1.0,0.0,0.0));
#16900=DIRECTION('',(0.0,0.0,1.0));
#16901=DIRECTION('',(1.0,0.0,0.0));
#16902=DIRECTION('',(0.0,0.0,1.0));
#16903=DIRECTION('',(1.0,0.0,0.0));
#16904=DIRECTION('',(0.0,0.0,1.0));
#16905=DIRECTION('',(1.0,0.0,0.0));
#16906=DIRECTION('',(0.0,0.0,1.0));
#16907=DIRECTION('',(1.0,0.0,0.0));
#16908=DIRECTION('',(0.0,0.0,1.0));
#16909=DIRECTION('',(1.0,0.0,0.0));
#16910=DIRECTION('',(0.0,0.0,1.0));
#16911=DIRECTION('',(1.0,0.0,0.0));
#16912=DIRECTION('',(0.0,0.0,1.0));
#16913=DIRECTION('',(1.0,0.0,0.0));
#16914=DIRECTION('',(0.0,0.0,1.0));
#16915=DIRECTION('',(1.0,0.0,0.0));
#16916=DIRECTION('',(0.0,0.0,1.0));
#16917=DIRECTION('',(1.0,0.0,0.0));
#16918=DIRECTION('',(0.0,1.0,0.0));
#16919=DIRECTION('',(1.0,0.0,0.0));
#16920=DIRECTION('',(0.0,1.0,0.0));
#16921=DIRECTION('',(1.0,0.0,0.0));
#16922=DIRECTION('',(0.0,1.0,0.0));
#16923=DIRECTION('',(1.0,0.0,0.0));
#16924=DIRECTION('',(0.0,1.0,0.0));
#16925=DIRECTION('',(1.0,0.0,0.0));
#16926=DIRECTION('',(0.0,1.0,0.0));
#16927=DIRECTION('',(1.0,0.0,0.0));
#16928=DIRECTION('',(0.0,1.0,0.0));
#16929=DIRECTION('',(1.0,0.0,0.0));
#16930=DIRECTION('',(0.0,1.0,0.0));
#16931=DIRECTION('',(1.0,0.0,0.0));
#16932=DIRECTION('',(0.0,1.0,0.0));
#16933=DIRECTION('',(1.0,0.0,0.0));
#16934=DIRECTION('',(0.0,1.0,0.0));
#16935=DIRECTION('',(1.0,0.0,0.0));
#16936=DIRECTION('',(0.0,1.0,0.0));
#16937=DIRECTION('',(1.0,0.0,0.0));
#16938=DIRECTION('',(0.0,1.0,0.0));
#16939=DIRECTION('',(1.0,0.0,0.0));
#16940=DIRECTION('',(0.0,1.0,0.0));
#16941=DIRECTION('',(1.0,0.0,0.0));
#16942=DIRECTION('',(0.0,1.0,0.0));
#16943=DIRECTION('',(1.0,0.0,0.0));
#16944=DIRECTION('',(0.0,1.0,0.0));
#16945=DIRECTION('',(1.0,0.0,0.0));
#16946=DIRECTION('',(0.0,1.0,0.0));
#16947=DIRECTION('',(1.0,0.0,0.0));
#16948=DIRECTION('',(0.0,1.0,0.0));
#16949=DIRECTION('',(1.0,0.0,0.0));
#16950=DIRECTION('',(0.0,1.0,0.0));
#16951=DIRECTION('',(1.0,0.0,0.0));
#16952=DIRECTION('',(0.0,1.0,0.0));
#16953=DIRECTION('',(1.0,0.0,0.0));
#16954=DIRECTION('',(0.0,1.0,0.0));
#16955=DIRECTION('',(1.0,0.0,0.0));
#16956=DIRECTION('',(0.0,1.0,0.0));
#16957=DIRECTION('',(1.0,0.0,0.0));
#16958=DIRECTION('',(0.0,1.0,0.0));
#16959=DIRECTION('',(1.0,0.0,0.0));
#16960=DIRECTION('',(0.0,1.0,0.0));
#16961=DIRECTION('',(1.0,0.0,0.0));
#16962=DIRECTION('',(0.0,1.0,0.0));
#16963=DIRECTION('',(1.0,0.0,0.0));
#16964=DIRECTION('',(0.0,1.0,0.0));
#16965=DIRECTION('',(1.0,0.0,0.0));
#16966=DIRECTION('',(0.0,1.0,0.0));
#16967=DIRECTION('',(1.0,0.0,0.0));
#16968=DIRECTION('',(0.0,1.0,0.0));
#16969=DIRECTION('',(1.0,0.0,0.0));
#16970=DIRECTION('',(0.0,1.0,0.0));
#16971=DIRECTION('',(1.0,0.0,0.0));
#16972=DIRECTION('',(0.0,1.0,0.0));
#16973=DIRECTION('',(1.0,0.0,0.0));
#16974=DIRECTION('',(0.0,1.0,0.0));
#16975=DIRECTION('',(1.0,0.0,0.0));
#16976=DIRECTION('',(0.0,1.0,0.0));
#16977=DIRECTION('',(1.0,0.0,0.0));
#16978=DIRECTION('',(0.0,1.0,0.0));
#16979=DIRECTION('',(1.0,0.0,0.0));
#16980=DIRECTION('',(0.0,1.0,0.0));
#16981=DIRECTION('',(1.0,0.0,0.0));
#16982=DIRECTION('',(0.0,1.0,0.0));
#16983=DIRECTION('',(1.0,0.0,0.0));
#16984=DIRECTION('',(0.0,1.0,0.0));
#16985=DIRECTION('',(1.0,0.0,0.0));
#16986=DIRECTION('',(0.0,1.0,0.0));
#16987=DIRECTION('',(1.0,0.0,0.0));
#16988=DIRECTION('',(0.0,1.0,0.0));
#16989=DIRECTION('',(1.0,0.0,0.0));
#16990=DIRECTION('',(0.0,1.0,0.0));
#16991=DIRECTION('',(1.0,0.0,0.0));
#16992=DIRECTION('',(0.0,1.0,0.0));
#16993=DIRECTION('',(1.0,0.0,0.0));
#16994=DIRECTION('',(0.0,1.0,0.0));
#16995=DIRECTION('',(1.0,0.0,0.0));
#16996=DIRECTION('',(0.0,1.0,0.0));
#16997=DIRECTION('',(1.0,0.0,0.0));
#16998=DIRECTION('',(0.0,1.0,0.0));
#16999=DIRECTION('',(1.0,0.0,0.0));
#17000=DIRECTION('',(0.0,1.0,0.0));
#17001=DIRECTION('',(1.0,0.0,0.0));
#17002=DIRECTION('',(0.0,1.0,0.0));
#17003=DIRECTION('',(1.0,0.0,0.0));
#17004=DIRECTION('',(0.0,1.0,0.0));
#17005=DIRECTION('',(1.0,0.0,0.0));
#17006=DIRECTION('',(0.0,1.0,0.0));
#17007=DIRECTION('',(1.0,0.0,0.0));
#17008=DIRECTION('',(0.0,1.0,0.0));
#17009=DIRECTION('',(1.0,0.0,0.0));
#17010=DIRECTION('',(0.0,1.0,0.0));
#17011=DIRECTION('',(1.0,0.0,0.0));
#17012=DIRECTION('',(0.0,1.0,0.0));
#17013=DIRECTION('',(1.0,0.0,0.0));
#17014=DIRECTION('',(0.0,1.0,0.0));
#17015=DIRECTION('',(1.0,0.0,0.0));
#17016=DIRECTION('',(0.0,1.0,0.0));
#17017=DIRECTION('',(1.0,0.0,0.0));
#17018=DIRECTION('',(0.0,1.0,0.0));
#17019=DIRECTION('',(1.0,0.0,0.0));
#17020=DIRECTION('',(0.0,1.0,0.0));
#17021=DIRECTION('',(1.0,0.0,0.0));
#17022=DIRECTION('',(0.0,1.0,0.0));
#17023=DIRECTION('',(1.0,0.0,0.0));
#17024=DIRECTION('',(0.0,1.0,0.0));
#17025=DIRECTION('',(1.0,0.0,0.0));
#17026=DIRECTION('',(0.0,1.0,0.0));
#17027=DIRECTION('',(1.0,0.0,0.0));
#17028=DIRECTION('',(0.0,1.0,0.0));
#17029=DIRECTION('',(1.0,0.0,0.0));
#17030=DIRECTION('',(0.0,1.0,0.0));
#17031=DIRECTION('',(1.0,0.0,0.0));
#17032=DIRECTION('',(0.0,1.0,0.0));
#17033=DIRECTION('',(1.0,0.0,0.0));
#17034=DIRECTION('',(0.0,1.0,0.0));
#17035=DIRECTION('',(1.0,0.0,0.0));
#17036=DIRECTION('',(0.0,1.0,0.0));
#17037=DIRECTION('',(1.0,0.0,0.0));
#17038=DIRECTION('',(0.0,1.0,0.0));
#17039=DIRECTION('',(1.0,0.0,0.0));
#17040=DIRECTION('',(0.0,1.0,0.0));
#17041=DIRECTION('',(1.0,0.0,0.0));
#17042=DIRECTION('',(0.0,1.0,0.0));
#17043=DIRECTION('',(1.0,0.0,0.0));
#17044=DIRECTION('',(0.0,1.0,0.0));
#17045=DIRECTION('',(1.0,0.0,0.0));
#17046=DIRECTION('',(0.0,1.0,0.0));
#17047=DIRECTION('',(1.0,0.0,0.0));
#17048=DIRECTION('',(0.0,1.0,0.0));
#17049=DIRECTION('',(1.0,0.0,0.0));
#17050=DIRECTION('',(0.0,1.0,0.0));
#17051=DIRECTION('',(1.0,0.0,0.0));
#17052=DIRECTION('',(0.0,1.0,0.0));
#17053=DIRECTION('',(1.0,0.0,0.0));
#17054=DIRECTION('',(0.0,1.0,0.0));
#17055=DIRECTION('',(1.0,0.0,0.0));
#17056=DIRECTION('',(0.0,1.0,0.0));
#17057=DIRECTION('',(1.0,0.0,0.0));
#17058=DIRECTION('',(0.0,1.0,0.0));
#17059=DIRECTION('',(1.0,0.0,0.0));
#17060=DIRECTION('',(0.0,1.0,0.0));
#17061=DIRECTION('',(0.0,0.0,-1.0));
#17062=CARTESIAN_POINT('',(17.9832,-5.1054,4.115308));
#17063=DIRECTION('',(-1.0,0.0,0.0));
#17064=DIRECTION('',(0.0,0.871376811594222,0.490614362015512));
#17065=DIRECTION('',(0.0,-0.574324324324292,0.818627858363888));
#17066=CARTESIAN_POINT('',(17.9832,-5.1054,4.115308));
#17067=DIRECTION('',(1.0,0.0,0.0));
#17068=DIRECTION('',(0.0,1.0,0.0));
#17069=DIRECTION('',(0.0,0.0,1.0));
#17070=DIRECTION('',(0.0,0.0,-1.0));
#17071=CARTESIAN_POINT('',(17.9832,5.1054,4.115308));
#17072=DIRECTION('',(1.0,0.0,0.0));
#17073=DIRECTION('',(0.0,-0.818627858363888,0.574324324324292));
#17074=DIRECTION('',(0.0,-0.574324324324406,-0.818627858363808));
#17075=CARTESIAN_POINT('',(17.9832,5.1054,4.115308));
#17076=DIRECTION('',(-1.0,0.0,0.0));
#17077=DIRECTION('',(0.0,-1.0,0.0));
#17078=DIRECTION('',(0.0,0.0,1.0));
#17079=DIRECTION('',(1.0,0.0,0.0));
#17080=DIRECTION('',(0.0,0.0,1.0));
#17081=CARTESIAN_POINT('',(18.9738,-5.1054,4.115308));
#17082=DIRECTION('',(1.0,0.0,0.0));
#17083=DIRECTION('',(0.0,1.0,0.0));
#17084=DIRECTION('',(0.0,-0.574324324324292,0.818627858363888));
#17085=CARTESIAN_POINT('',(18.9738,-5.1054,4.115308));
#17086=DIRECTION('',(-1.0,0.0,0.0));
#17087=DIRECTION('',(0.0,0.871376811594222,0.490614362015512));
#17088=DIRECTION('',(0.0,0.0,-1.0));
#17089=DIRECTION('',(0.0,0.0,1.0));
#17090=CARTESIAN_POINT('',(18.9738,5.1054,4.115308));
#17091=DIRECTION('',(-1.0,0.0,0.0));
#17092=DIRECTION('',(0.0,-1.0,0.0));
#17093=DIRECTION('',(0.0,-0.574324324324406,-0.818627858363808));
#17094=CARTESIAN_POINT('',(18.9738,5.1054,4.115308));
#17095=DIRECTION('',(1.0,0.0,0.0));
#17096=DIRECTION('',(0.0,-0.818627858363888,0.574324324324292));
#17097=DIRECTION('',(0.0,0.0,-1.0));
#17098=DIRECTION('',(1.0,0.0,0.0));
#17099=DIRECTION('',(1.0,0.0,0.0));
#17100=DIRECTION('',(1.0,0.0,0.0));
#17101=DIRECTION('',(1.0,0.0,0.0));
#17102=DIRECTION('',(1.0,0.0,0.0));
#17103=DIRECTION('',(0.0,0.0,-1.0));
#17104=CARTESIAN_POINT('',(15.8242,-5.1054,4.115308));
#17105=DIRECTION('',(-1.0,0.0,0.0));
#17106=DIRECTION('',(0.0,0.871376811594222,0.490614362015512));
#17107=DIRECTION('',(1.32863144512198E-13,-0.574324324324292,0.818627858363888));
#17108=CARTESIAN_POINT('',(15.8242,-5.1054,4.115308));
#17109=DIRECTION('',(1.0,0.0,0.0));
#17110=DIRECTION('',(0.0,1.0,0.0));
#17111=DIRECTION('',(0.0,0.0,1.0));
#17112=DIRECTION('',(0.0,0.0,-1.0));
#17113=CARTESIAN_POINT('',(15.8242,5.1054,4.115308));
#17114=DIRECTION('',(1.0,0.0,0.0));
#17115=DIRECTION('',(0.0,-0.818627858363888,0.574324324324292));
#17116=DIRECTION('',(0.0,-0.574324324324406,-0.818627858363808));
#17117=CARTESIAN_POINT('',(15.8242,5.1054,4.115308));
#17118=DIRECTION('',(-1.0,0.0,0.0));
#17119=DIRECTION('',(0.0,-1.0,0.0));
#17120=DIRECTION('',(0.0,0.0,1.0));
#17121=DIRECTION('',(1.0,0.0,0.0));
#17122=DIRECTION('',(0.0,0.0,1.0));
#17123=CARTESIAN_POINT('',(16.8148,-5.1054,4.115308));
#17124=DIRECTION('',(1.0,0.0,0.0));
#17125=DIRECTION('',(0.0,1.0,0.0));
#17126=DIRECTION('',(8.85754296747687E-14,-0.574324324324292,0.818627858363888));
#17127=CARTESIAN_POINT('',(16.8148,-5.1054,4.115308));
#17128=DIRECTION('',(-1.0,0.0,0.0));
#17129=DIRECTION('',(0.0,0.871376811594222,0.490614362015512));
#17130=DIRECTION('',(0.0,0.0,-1.0));
#17131=DIRECTION('',(0.0,0.0,1.0));
#17132=CARTESIAN_POINT('',(16.8148,5.1054,4.115308));
#17133=DIRECTION('',(-1.0,0.0,0.0));
#17134=DIRECTION('',(0.0,-1.0,0.0));
#17135=DIRECTION('',(0.0,-0.574324324324406,-0.818627858363808));
#17136=CARTESIAN_POINT('',(16.8148,5.1054,4.115308));
#17137=DIRECTION('',(1.0,0.0,0.0));
#17138=DIRECTION('',(0.0,-0.818627858363888,0.574324324324292));
#17139=DIRECTION('',(0.0,0.0,-1.0));
#17140=DIRECTION('',(1.0,0.0,0.0));
#17141=DIRECTION('',(1.0,0.0,0.0));
#17142=DIRECTION('',(1.0,0.0,0.0));
#17143=DIRECTION('',(1.0,0.0,0.0));
#17144=DIRECTION('',(1.0,0.0,0.0));
#17145=DIRECTION('',(0.0,0.0,-1.0));
#17146=CARTESIAN_POINT('',(13.6652,-5.1054,4.115308));
#17147=DIRECTION('',(-1.0,0.0,0.0));
#17148=DIRECTION('',(0.0,0.871376811594222,0.490614362015512));
#17149=DIRECTION('',(0.0,-0.574324324324292,0.818627858363888));
#17150=CARTESIAN_POINT('',(13.6652,-5.1054,4.115308));
#17151=DIRECTION('',(1.0,0.0,0.0));
#17152=DIRECTION('',(0.0,1.0,0.0));
#17153=DIRECTION('',(0.0,0.0,1.0));
#17154=DIRECTION('',(0.0,0.0,-1.0));
#17155=CARTESIAN_POINT('',(13.6652,5.1054,4.115308));
#17156=DIRECTION('',(1.0,0.0,0.0));
#17157=DIRECTION('',(0.0,-0.818627858363888,0.574324324324292));
#17158=DIRECTION('',(0.0,-0.574324324324406,-0.818627858363808));
#17159=CARTESIAN_POINT('',(13.6652,5.1054,4.115308));
#17160=DIRECTION('',(-1.0,0.0,0.0));
#17161=DIRECTION('',(0.0,-1.0,0.0));
#17162=DIRECTION('',(0.0,0.0,1.0));
#17163=DIRECTION('',(1.0,0.0,0.0));
#17164=DIRECTION('',(0.0,0.0,1.0));
#17165=CARTESIAN_POINT('',(14.6558,-5.1054,4.115308));
#17166=DIRECTION('',(1.0,0.0,0.0));
#17167=DIRECTION('',(0.0,1.0,0.0));
#17168=DIRECTION('',(0.0,-0.574324324324292,0.818627858363888));
#17169=CARTESIAN_POINT('',(14.6558,-5.1054,4.115308));
#17170=DIRECTION('',(-1.0,0.0,0.0));
#17171=DIRECTION('',(0.0,0.871376811594222,0.490614362015512));
#17172=DIRECTION('',(0.0,0.0,-1.0));
#17173=DIRECTION('',(0.0,0.0,1.0));
#17174=CARTESIAN_POINT('',(14.6558,5.1054,4.115308));
#17175=DIRECTION('',(-1.0,0.0,0.0));
#17176=DIRECTION('',(0.0,-1.0,0.0));
#17177=DIRECTION('',(0.0,-0.574324324324406,-0.818627858363808));
#17178=CARTESIAN_POINT('',(14.6558,5.1054,4.115308));
#17179=DIRECTION('',(1.0,0.0,0.0));
#17180=DIRECTION('',(0.0,-0.818627858363888,0.574324324324292));
#17181=DIRECTION('',(0.0,0.0,-1.0));
#17182=DIRECTION('',(1.0,0.0,0.0));
#17183=DIRECTION('',(1.0,0.0,0.0));
#17184=DIRECTION('',(1.0,0.0,0.0));
#17185=DIRECTION('',(1.0,0.0,0.0));
#17186=DIRECTION('',(1.0,0.0,0.0));
#17187=DIRECTION('',(0.0,0.0,-1.0));
#17188=CARTESIAN_POINT('',(11.5062,-5.1054,4.115308));
#17189=DIRECTION('',(-1.0,0.0,0.0));
#17190=DIRECTION('',(0.0,0.871376811594222,0.490614362015512));
#17191=DIRECTION('',(0.0,-0.574324324324292,0.818627858363888));
#17192=CARTESIAN_POINT('',(11.5062,-5.1054,4.115308));
#17193=DIRECTION('',(1.0,0.0,0.0));
#17194=DIRECTION('',(0.0,1.0,0.0));
#17195=DIRECTION('',(0.0,0.0,1.0));
#17196=DIRECTION('',(0.0,0.0,-1.0));
#17197=CARTESIAN_POINT('',(11.5062,5.1054,4.115308));
#17198=DIRECTION('',(1.0,0.0,0.0));
#17199=DIRECTION('',(0.0,-0.818627858363888,0.574324324324292));
#17200=DIRECTION('',(0.0,-0.574324324324406,-0.818627858363808));
#17201=CARTESIAN_POINT('',(11.5062,5.1054,4.115308));
#17202=DIRECTION('',(-1.0,0.0,0.0));
#17203=DIRECTION('',(0.0,-1.0,0.0));
#17204=DIRECTION('',(0.0,0.0,1.0));
#17205=DIRECTION('',(1.0,0.0,0.0));
#17206=DIRECTION('',(0.0,0.0,1.0));
#17207=CARTESIAN_POINT('',(12.4968,-5.1054,4.115308));
#17208=DIRECTION('',(1.0,0.0,0.0));
#17209=DIRECTION('',(0.0,1.0,0.0));
#17210=DIRECTION('',(0.0,-0.574324324324292,0.818627858363888));
#17211=CARTESIAN_POINT('',(12.4968,-5.1054,4.115308));
#17212=DIRECTION('',(-1.0,0.0,0.0));
#17213=DIRECTION('',(0.0,0.871376811594222,0.490614362015512));
#17214=DIRECTION('',(0.0,0.0,-1.0));
#17215=DIRECTION('',(0.0,0.0,1.0));
#17216=CARTESIAN_POINT('',(12.4968,5.1054,4.115308));
#17217=DIRECTION('',(-1.0,0.0,0.0));
#17218=DIRECTION('',(0.0,-1.0,0.0));
#17219=DIRECTION('',(0.0,-0.574324324324406,-0.818627858363808));
#17220=CARTESIAN_POINT('',(12.4968,5.1054,4.115308));
#17221=DIRECTION('',(1.0,0.0,0.0));
#17222=DIRECTION('',(0.0,-0.818627858363888,0.574324324324292));
#17223=DIRECTION('',(0.0,0.0,-1.0));
#17224=DIRECTION('',(1.0,0.0,0.0));
#17225=DIRECTION('',(1.0,0.0,0.0));
#17226=DIRECTION('',(1.0,0.0,0.0));
#17227=DIRECTION('',(1.0,0.0,0.0));
#17228=DIRECTION('',(1.0,0.0,0.0));
#17229=DIRECTION('',(0.0,0.0,-1.0));
#17230=CARTESIAN_POINT('',(9.3472,-5.1054,4.115308));
#17231=DIRECTION('',(-1.0,0.0,0.0));
#17232=DIRECTION('',(0.0,0.871376811594222,0.490614362015512));
#17233=DIRECTION('',(0.0,-0.574324324324292,0.818627858363888));
#17234=CARTESIAN_POINT('',(9.3472,-5.1054,4.115308));
#17235=DIRECTION('',(1.0,0.0,0.0));
#17236=DIRECTION('',(0.0,1.0,0.0));
#17237=DIRECTION('',(0.0,0.0,1.0));
#17238=DIRECTION('',(0.0,0.0,-1.0));
#17239=CARTESIAN_POINT('',(9.3472,5.1054,4.115308));
#17240=DIRECTION('',(1.0,0.0,0.0));
#17241=DIRECTION('',(0.0,-0.818627858363888,0.574324324324292));
#17242=DIRECTION('',(0.0,-0.574324324324406,-0.818627858363808));
#17243=CARTESIAN_POINT('',(9.3472,5.1054,4.115308));
#17244=DIRECTION('',(-1.0,0.0,0.0));
#17245=DIRECTION('',(0.0,-1.0,0.0));
#17246=DIRECTION('',(0.0,0.0,1.0));
#17247=DIRECTION('',(1.0,0.0,0.0));
#17248=DIRECTION('',(0.0,0.0,1.0));
#17249=CARTESIAN_POINT('',(10.3378,-5.1054,4.115308));
#17250=DIRECTION('',(1.0,0.0,0.0));
#17251=DIRECTION('',(0.0,1.0,0.0));
#17252=DIRECTION('',(0.0,-0.574324324324292,0.818627858363888));
#17253=CARTESIAN_POINT('',(10.3378,-5.1054,4.115308));
#17254=DIRECTION('',(-1.0,0.0,0.0));
#17255=DIRECTION('',(0.0,0.871376811594222,0.490614362015512));
#17256=DIRECTION('',(0.0,0.0,-1.0));
#17257=DIRECTION('',(0.0,0.0,1.0));
#17258=CARTESIAN_POINT('',(10.3378,5.1054,4.115308));
#17259=DIRECTION('',(-1.0,0.0,0.0));
#17260=DIRECTION('',(0.0,-1.0,0.0));
#17261=DIRECTION('',(0.0,-0.574324324324406,-0.818627858363808));
#17262=CARTESIAN_POINT('',(10.3378,5.1054,4.115308));
#17263=DIRECTION('',(1.0,0.0,0.0));
#17264=DIRECTION('',(0.0,-0.818627858363888,0.574324324324292));
#17265=DIRECTION('',(0.0,0.0,-1.0));
#17266=DIRECTION('',(1.0,0.0,0.0));
#17267=DIRECTION('',(1.0,0.0,0.0));
#17268=DIRECTION('',(1.0,0.0,0.0));
#17269=DIRECTION('',(1.0,0.0,0.0));
#17270=DIRECTION('',(1.0,0.0,0.0));
#17271=DIRECTION('',(0.0,0.0,-1.0));
#17272=CARTESIAN_POINT('',(7.1882,-5.1054,4.115308));
#17273=DIRECTION('',(-1.0,0.0,0.0));
#17274=DIRECTION('',(0.0,0.871376811594222,0.490614362015512));
#17275=DIRECTION('',(0.0,-0.574324324324292,0.818627858363888));
#17276=CARTESIAN_POINT('',(7.1882,-5.1054,4.115308));
#17277=DIRECTION('',(1.0,0.0,0.0));
#17278=DIRECTION('',(0.0,1.0,0.0));
#17279=DIRECTION('',(0.0,0.0,1.0));
#17280=DIRECTION('',(0.0,0.0,-1.0));
#17281=CARTESIAN_POINT('',(7.1882,5.1054,4.115308));
#17282=DIRECTION('',(1.0,0.0,0.0));
#17283=DIRECTION('',(0.0,-0.818627858363888,0.574324324324292));
#17284=DIRECTION('',(0.0,-0.574324324324406,-0.818627858363808));
#17285=CARTESIAN_POINT('',(7.1882,5.1054,4.115308));
#17286=DIRECTION('',(-1.0,0.0,0.0));
#17287=DIRECTION('',(0.0,-1.0,0.0));
#17288=DIRECTION('',(0.0,0.0,1.0));
#17289=DIRECTION('',(1.0,0.0,0.0));
#17290=DIRECTION('',(0.0,0.0,1.0));
#17291=CARTESIAN_POINT('',(8.1788,-5.1054,4.115308));
#17292=DIRECTION('',(1.0,0.0,0.0));
#17293=DIRECTION('',(0.0,1.0,0.0));
#17294=DIRECTION('',(0.0,-0.574324324324292,0.818627858363888));
#17295=CARTESIAN_POINT('',(8.1788,-5.1054,4.115308));
#17296=DIRECTION('',(-1.0,0.0,0.0));
#17297=DIRECTION('',(0.0,0.871376811594222,0.490614362015512));
#17298=DIRECTION('',(0.0,0.0,-1.0));
#17299=DIRECTION('',(0.0,0.0,1.0));
#17300=CARTESIAN_POINT('',(8.1788,5.1054,4.115308));
#17301=DIRECTION('',(-1.0,0.0,0.0));
#17302=DIRECTION('',(0.0,-1.0,0.0));
#17303=DIRECTION('',(0.0,-0.574324324324406,-0.818627858363808));
#17304=CARTESIAN_POINT('',(8.1788,5.1054,4.115308));
#17305=DIRECTION('',(1.0,0.0,0.0));
#17306=DIRECTION('',(0.0,-0.818627858363888,0.574324324324292));
#17307=DIRECTION('',(0.0,0.0,-1.0));
#17308=DIRECTION('',(1.0,0.0,0.0));
#17309=DIRECTION('',(1.0,0.0,0.0));
#17310=DIRECTION('',(1.0,0.0,0.0));
#17311=DIRECTION('',(1.0,0.0,0.0));
#17312=DIRECTION('',(1.0,0.0,0.0));
#17313=DIRECTION('',(0.0,0.0,-1.0));
#17314=CARTESIAN_POINT('',(5.0292,-5.1054,4.115308));
#17315=DIRECTION('',(-1.0,0.0,0.0));
#17316=DIRECTION('',(0.0,0.871376811594222,0.490614362015512));
#17317=DIRECTION('',(0.0,-0.574324324324292,0.818627858363888));
#17318=CARTESIAN_POINT('',(5.0292,-5.1054,4.115308));
#17319=DIRECTION('',(1.0,0.0,0.0));
#17320=DIRECTION('',(0.0,1.0,0.0));
#17321=DIRECTION('',(0.0,0.0,1.0));
#17322=DIRECTION('',(0.0,0.0,-1.0));
#17323=CARTESIAN_POINT('',(5.0292,5.1054,4.115308));
#17324=DIRECTION('',(1.0,0.0,0.0));
#17325=DIRECTION('',(0.0,-0.818627858363888,0.574324324324292));
#17326=DIRECTION('',(0.0,-0.574324324324406,-0.818627858363808));
#17327=CARTESIAN_POINT('',(5.0292,5.1054,4.115308));
#17328=DIRECTION('',(-1.0,0.0,0.0));
#17329=DIRECTION('',(0.0,-1.0,0.0));
#17330=DIRECTION('',(0.0,0.0,1.0));
#17331=DIRECTION('',(1.0,0.0,0.0));
#17332=DIRECTION('',(0.0,0.0,1.0));
#17333=CARTESIAN_POINT('',(6.0198,-5.1054,4.115308));
#17334=DIRECTION('',(1.0,0.0,0.0));
#17335=DIRECTION('',(0.0,1.0,0.0));
#17336=DIRECTION('',(0.0,-0.574324324324292,0.818627858363888));
#17337=CARTESIAN_POINT('',(6.0198,-5.1054,4.115308));
#17338=DIRECTION('',(-1.0,0.0,0.0));
#17339=DIRECTION('',(0.0,0.871376811594222,0.490614362015512));
#17340=DIRECTION('',(0.0,0.0,-1.0));
#17341=DIRECTION('',(0.0,0.0,1.0));
#17342=CARTESIAN_POINT('',(6.0198,5.1054,4.115308));
#17343=DIRECTION('',(-1.0,0.0,0.0));
#17344=DIRECTION('',(0.0,-1.0,0.0));
#17345=DIRECTION('',(0.0,-0.574324324324406,-0.818627858363808));
#17346=CARTESIAN_POINT('',(6.0198,5.1054,4.115308));
#17347=DIRECTION('',(1.0,0.0,0.0));
#17348=DIRECTION('',(0.0,-0.818627858363888,0.574324324324292));
#17349=DIRECTION('',(0.0,0.0,-1.0));
#17350=DIRECTION('',(1.0,0.0,0.0));
#17351=DIRECTION('',(1.0,0.0,0.0));
#17352=DIRECTION('',(1.0,0.0,0.0));
#17353=DIRECTION('',(1.0,0.0,0.0));
#17354=DIRECTION('',(1.0,0.0,0.0));
#17355=DIRECTION('',(0.0,0.0,-1.0));
#17356=CARTESIAN_POINT('',(2.8702,-5.1054,4.115308));
#17357=DIRECTION('',(-1.0,0.0,0.0));
#17358=DIRECTION('',(0.0,0.871376811594222,0.490614362015512));
#17359=DIRECTION('',(-2.21438574186897E-14,-0.574324324324292,0.818627858363888));
#17360=CARTESIAN_POINT('',(2.8702,-5.1054,4.115308));
#17361=DIRECTION('',(1.0,0.0,0.0));
#17362=DIRECTION('',(0.0,1.0,0.0));
#17363=DIRECTION('',(0.0,0.0,1.0));
#17364=DIRECTION('',(0.0,0.0,-1.0));
#17365=CARTESIAN_POINT('',(2.8702,5.1054,4.115308));
#17366=DIRECTION('',(1.0,0.0,0.0));
#17367=DIRECTION('',(0.0,-0.818627858363888,0.574324324324292));
#17368=DIRECTION('',(2.21438574186902E-14,-0.574324324324406,-0.818627858363808));
#17369=CARTESIAN_POINT('',(2.8702,5.1054,4.115308));
#17370=DIRECTION('',(-1.0,0.0,0.0));
#17371=DIRECTION('',(0.0,-1.0,0.0));
#17372=DIRECTION('',(0.0,0.0,1.0));
#17373=DIRECTION('',(1.0,0.0,0.0));
#17374=DIRECTION('',(0.0,0.0,1.0));
#17375=CARTESIAN_POINT('',(3.8608,-5.1054,4.115308));
#17376=DIRECTION('',(1.0,0.0,0.0));
#17377=DIRECTION('',(0.0,1.0,0.0));
#17378=DIRECTION('',(1.10719287093498E-14,-0.574324324324292,0.818627858363888));
#17379=CARTESIAN_POINT('',(3.8608,-5.1054,4.115308));
#17380=DIRECTION('',(-1.0,0.0,0.0));
#17381=DIRECTION('',(0.0,0.871376811594222,0.490614362015512));
#17382=DIRECTION('',(0.0,0.0,-1.0));
#17383=DIRECTION('',(0.0,0.0,1.0));
#17384=CARTESIAN_POINT('',(3.8608,5.1054,4.115308));
#17385=DIRECTION('',(-1.0,0.0,0.0));
#17386=DIRECTION('',(0.0,-1.0,0.0));
#17387=DIRECTION('',(-1.10719287093501E-14,-0.574324324324406,-0.818627858363808));
#17388=CARTESIAN_POINT('',(3.8608,5.1054,4.115308));
#17389=DIRECTION('',(1.0,0.0,0.0));
#17390=DIRECTION('',(0.0,-0.818627858363888,0.574324324324292));
#17391=DIRECTION('',(0.0,0.0,-1.0));
#17392=DIRECTION('',(1.0,0.0,0.0));
#17393=DIRECTION('',(1.0,0.0,0.0));
#17394=DIRECTION('',(1.0,0.0,0.0));
#17395=DIRECTION('',(1.0,0.0,0.0));
#17396=DIRECTION('',(1.0,0.0,0.0));
#17397=DIRECTION('',(0.0,0.0,-1.0));
#17398=CARTESIAN_POINT('',(0.7112,-5.1054,4.115308));
#17399=DIRECTION('',(-1.0,0.0,0.0));
#17400=DIRECTION('',(0.0,0.871376811594222,0.490614362015512));
#17401=DIRECTION('',(0.0,-0.574324324324292,0.818627858363888));
#17402=CARTESIAN_POINT('',(0.7112,-5.1054,4.115308));
#17403=DIRECTION('',(1.0,0.0,0.0));
#17404=DIRECTION('',(0.0,1.0,0.0));
#17405=DIRECTION('',(0.0,0.0,1.0));
#17406=DIRECTION('',(0.0,0.0,-1.0));
#17407=CARTESIAN_POINT('',(0.7112,5.1054,4.115308));
#17408=DIRECTION('',(1.0,0.0,0.0));
#17409=DIRECTION('',(0.0,-0.818627858363888,0.574324324324292));
#17410=DIRECTION('',(0.0,-0.574324324324406,-0.818627858363808));
#17411=CARTESIAN_POINT('',(0.7112,5.1054,4.115308));
#17412=DIRECTION('',(-1.0,0.0,0.0));
#17413=DIRECTION('',(0.0,-1.0,0.0));
#17414=DIRECTION('',(0.0,0.0,1.0));
#17415=DIRECTION('',(1.0,0.0,0.0));
#17416=DIRECTION('',(0.0,0.0,1.0));
#17417=CARTESIAN_POINT('',(1.7018,-5.1054,4.115308));
#17418=DIRECTION('',(1.0,0.0,0.0));
#17419=DIRECTION('',(0.0,1.0,0.0));
#17420=DIRECTION('',(1.10719287093498E-14,-0.574324324324292,0.818627858363888));
#17421=CARTESIAN_POINT('',(1.7018,-5.1054,4.115308));
#17422=DIRECTION('',(-1.0,0.0,0.0));
#17423=DIRECTION('',(0.0,0.871376811594222,0.490614362015512));
#17424=DIRECTION('',(0.0,0.0,-1.0));
#17425=DIRECTION('',(0.0,0.0,1.0));
#17426=CARTESIAN_POINT('',(1.7018,5.1054,4.115308));
#17427=DIRECTION('',(-1.0,0.0,0.0));
#17428=DIRECTION('',(0.0,-1.0,0.0));
#17429=DIRECTION('',(-1.66078930640202E-14,-0.574324324324406,-0.818627858363808));
#17430=CARTESIAN_POINT('',(1.7018,5.1054,4.115308));
#17431=DIRECTION('',(1.0,0.0,0.0));
#17432=DIRECTION('',(0.0,-0.818627858363888,0.574324324324292));
#17433=DIRECTION('',(0.0,0.0,-1.0));
#17434=DIRECTION('',(1.0,0.0,0.0));
#17435=DIRECTION('',(1.0,0.0,0.0));
#17436=DIRECTION('',(1.0,0.0,0.0));
#17437=DIRECTION('',(1.0,0.0,0.0));
#17438=DIRECTION('',(1.0,0.0,0.0));
#17439=DIRECTION('',(0.0,0.0,-1.0));
#17440=CARTESIAN_POINT('',(-1.4478,-5.1054,4.115308));
#17441=DIRECTION('',(-1.0,0.0,0.0));
#17442=DIRECTION('',(0.0,0.871376811594222,0.490614362015512));
#17443=DIRECTION('',(0.0,-0.574324324324292,0.818627858363888));
#17444=CARTESIAN_POINT('',(-1.4478,-5.1054,4.115308));
#17445=DIRECTION('',(1.0,0.0,0.0));
#17446=DIRECTION('',(0.0,1.0,0.0));
#17447=DIRECTION('',(0.0,0.0,1.0));
#17448=DIRECTION('',(0.0,0.0,-1.0));
#17449=CARTESIAN_POINT('',(-1.4478,5.1054,4.115308));
#17450=DIRECTION('',(1.0,0.0,0.0));
#17451=DIRECTION('',(0.0,-0.818627858363888,0.574324324324292));
#17452=DIRECTION('',(0.0,-0.574324324324406,-0.818627858363808));
#17453=CARTESIAN_POINT('',(-1.4478,5.1054,4.115308));
#17454=DIRECTION('',(-1.0,0.0,0.0));
#17455=DIRECTION('',(0.0,-1.0,0.0));
#17456=DIRECTION('',(0.0,0.0,1.0));
#17457=DIRECTION('',(1.0,0.0,0.0));
#17458=DIRECTION('',(0.0,0.0,1.0));
#17459=CARTESIAN_POINT('',(-0.4572,-5.1054,4.115308));
#17460=DIRECTION('',(1.0,0.0,0.0));
#17461=DIRECTION('',(0.0,1.0,0.0));
#17462=DIRECTION('',(1.10719287093498E-14,-0.574324324324292,0.818627858363888));
#17463=CARTESIAN_POINT('',(-0.4572,-5.1054,4.115308));
#17464=DIRECTION('',(-1.0,0.0,0.0));
#17465=DIRECTION('',(0.0,0.871376811594222,0.490614362015512));
#17466=DIRECTION('',(0.0,0.0,-1.0));
#17467=DIRECTION('',(0.0,0.0,1.0));
#17468=CARTESIAN_POINT('',(-0.4572,5.1054,4.115308));
#17469=DIRECTION('',(-1.0,0.0,0.0));
#17470=DIRECTION('',(0.0,-1.0,0.0));
#17471=DIRECTION('',(-1.10719287093501E-14,-0.574324324324406,-0.818627858363808));
#17472=CARTESIAN_POINT('',(-0.4572,5.1054,4.115308));
#17473=DIRECTION('',(1.0,0.0,0.0));
#17474=DIRECTION('',(0.0,-0.818627858363888,0.574324324324292));
#17475=DIRECTION('',(0.0,0.0,-1.0));
#17476=DIRECTION('',(1.0,0.0,0.0));
#17477=DIRECTION('',(1.0,0.0,0.0));
#17478=DIRECTION('',(1.0,0.0,0.0));
#17479=DIRECTION('',(1.0,0.0,0.0));
#17480=DIRECTION('',(1.0,0.0,0.0));
#17481=DIRECTION('',(0.0,0.0,-1.0));
#17482=CARTESIAN_POINT('',(-3.6068,-5.1054,4.115308));
#17483=DIRECTION('',(-1.0,0.0,0.0));
#17484=DIRECTION('',(0.0,0.871376811594222,0.490614362015512));
#17485=DIRECTION('',(0.0,-0.574324324324292,0.818627858363888));
#17486=CARTESIAN_POINT('',(-3.6068,-5.1054,4.115308));
#17487=DIRECTION('',(1.0,0.0,0.0));
#17488=DIRECTION('',(0.0,1.0,0.0));
#17489=DIRECTION('',(0.0,0.0,1.0));
#17490=DIRECTION('',(0.0,0.0,-1.0));
#17491=CARTESIAN_POINT('',(-3.6068,5.1054,4.115308));
#17492=DIRECTION('',(1.0,0.0,0.0));
#17493=DIRECTION('',(0.0,-0.818627858363888,0.574324324324292));
#17494=DIRECTION('',(0.0,-0.574324324324406,-0.818627858363808));
#17495=CARTESIAN_POINT('',(-3.6068,5.1054,4.115308));
#17496=DIRECTION('',(-1.0,0.0,0.0));
#17497=DIRECTION('',(0.0,-1.0,0.0));
#17498=DIRECTION('',(0.0,0.0,1.0));
#17499=DIRECTION('',(1.0,0.0,0.0));
#17500=DIRECTION('',(0.0,0.0,1.0));
#17501=CARTESIAN_POINT('',(-2.6162,-5.1054,4.115308));
#17502=DIRECTION('',(1.0,0.0,0.0));
#17503=DIRECTION('',(0.0,1.0,0.0));
#17504=DIRECTION('',(1.10719287093498E-14,-0.574324324324292,0.818627858363888));
#17505=CARTESIAN_POINT('',(-2.6162,-5.1054,4.115308));
#17506=DIRECTION('',(-1.0,0.0,0.0));
#17507=DIRECTION('',(0.0,0.871376811594222,0.490614362015512));
#17508=DIRECTION('',(0.0,0.0,-1.0));
#17509=DIRECTION('',(0.0,0.0,1.0));
#17510=CARTESIAN_POINT('',(-2.6162,5.1054,4.115308));
#17511=DIRECTION('',(-1.0,0.0,0.0));
#17512=DIRECTION('',(0.0,-1.0,0.0));
#17513=DIRECTION('',(-1.10719287093501E-14,-0.574324324324406,-0.818627858363808));
#17514=CARTESIAN_POINT('',(-2.6162,5.1054,4.115308));
#17515=DIRECTION('',(1.0,0.0,0.0));
#17516=DIRECTION('',(0.0,-0.818627858363888,0.574324324324292));
#17517=DIRECTION('',(0.0,0.0,-1.0));
#17518=DIRECTION('',(1.0,0.0,0.0));
#17519=DIRECTION('',(1.0,0.0,0.0));
#17520=DIRECTION('',(1.0,0.0,0.0));
#17521=DIRECTION('',(1.0,0.0,0.0));
#17522=DIRECTION('',(1.0,0.0,0.0));
#17523=DIRECTION('',(0.0,0.0,-1.0));
#17524=CARTESIAN_POINT('',(-5.7658,-5.1054,4.115308));
#17525=DIRECTION('',(-1.0,0.0,0.0));
#17526=DIRECTION('',(0.0,0.871376811594222,0.490614362015512));
#17527=DIRECTION('',(0.0,-0.574324324324292,0.818627858363888));
#17528=CARTESIAN_POINT('',(-5.7658,-5.1054,4.115308));
#17529=DIRECTION('',(1.0,0.0,0.0));
#17530=DIRECTION('',(0.0,1.0,0.0));
#17531=DIRECTION('',(0.0,0.0,1.0));
#17532=DIRECTION('',(0.0,0.0,-1.0));
#17533=CARTESIAN_POINT('',(-5.7658,5.1054,4.115308));
#17534=DIRECTION('',(1.0,0.0,0.0));
#17535=DIRECTION('',(0.0,-0.818627858363888,0.574324324324292));
#17536=DIRECTION('',(0.0,-0.574324324324406,-0.818627858363808));
#17537=CARTESIAN_POINT('',(-5.7658,5.1054,4.115308));
#17538=DIRECTION('',(-1.0,0.0,0.0));
#17539=DIRECTION('',(0.0,-1.0,0.0));
#17540=DIRECTION('',(0.0,0.0,1.0));
#17541=DIRECTION('',(1.0,0.0,0.0));
#17542=DIRECTION('',(0.0,0.0,1.0));
#17543=CARTESIAN_POINT('',(-4.7752,-5.1054,4.115308));
#17544=DIRECTION('',(1.0,0.0,0.0));
#17545=DIRECTION('',(0.0,1.0,0.0));
#17546=DIRECTION('',(0.0,-0.574324324324292,0.818627858363888));
#17547=CARTESIAN_POINT('',(-4.7752,-5.1054,4.115308));
#17548=DIRECTION('',(-1.0,0.0,0.0));
#17549=DIRECTION('',(0.0,0.871376811594222,0.490614362015512));
#17550=DIRECTION('',(0.0,0.0,-1.0));
#17551=DIRECTION('',(0.0,0.0,1.0));
#17552=CARTESIAN_POINT('',(-4.7752,5.1054,4.115308));
#17553=DIRECTION('',(-1.0,0.0,0.0));
#17554=DIRECTION('',(0.0,-1.0,0.0));
#17555=DIRECTION('',(0.0,-0.574324324324406,-0.818627858363808));
#17556=CARTESIAN_POINT('',(-4.7752,5.1054,4.115308));
#17557=DIRECTION('',(1.0,0.0,0.0));
#17558=DIRECTION('',(0.0,-0.818627858363888,0.574324324324292));
#17559=DIRECTION('',(0.0,0.0,-1.0));
#17560=DIRECTION('',(1.0,0.0,0.0));
#17561=DIRECTION('',(1.0,0.0,0.0));
#17562=DIRECTION('',(1.0,0.0,0.0));
#17563=DIRECTION('',(1.0,0.0,0.0));
#17564=DIRECTION('',(1.0,0.0,0.0));
#17565=DIRECTION('',(0.0,0.0,-1.0));
#17566=CARTESIAN_POINT('',(-7.9248,-5.1054,4.115308));
#17567=DIRECTION('',(-1.0,0.0,0.0));
#17568=DIRECTION('',(0.0,0.871376811594222,0.490614362015512));
#17569=DIRECTION('',(0.0,-0.574324324324292,0.818627858363888));
#17570=CARTESIAN_POINT('',(-7.9248,-5.1054,4.115308));
#17571=DIRECTION('',(1.0,0.0,0.0));
#17572=DIRECTION('',(0.0,1.0,0.0));
#17573=DIRECTION('',(0.0,0.0,1.0));
#17574=DIRECTION('',(0.0,0.0,-1.0));
#17575=CARTESIAN_POINT('',(-7.9248,5.1054,4.115308));
#17576=DIRECTION('',(1.0,0.0,0.0));
#17577=DIRECTION('',(0.0,-0.818627858363888,0.574324324324292));
#17578=DIRECTION('',(0.0,-0.574324324324406,-0.818627858363808));
#17579=CARTESIAN_POINT('',(-7.9248,5.1054,4.115308));
#17580=DIRECTION('',(-1.0,0.0,0.0));
#17581=DIRECTION('',(0.0,-1.0,0.0));
#17582=DIRECTION('',(0.0,0.0,1.0));
#17583=DIRECTION('',(1.0,0.0,0.0));
#17584=DIRECTION('',(0.0,0.0,1.0));
#17585=CARTESIAN_POINT('',(-6.9342,-5.1054,4.115308));
#17586=DIRECTION('',(1.0,0.0,0.0));
#17587=DIRECTION('',(0.0,1.0,0.0));
#17588=DIRECTION('',(0.0,-0.574324324324292,0.818627858363888));
#17589=CARTESIAN_POINT('',(-6.9342,-5.1054,4.115308));
#17590=DIRECTION('',(-1.0,0.0,0.0));
#17591=DIRECTION('',(0.0,0.871376811594222,0.490614362015512));
#17592=DIRECTION('',(0.0,0.0,-1.0));
#17593=DIRECTION('',(0.0,0.0,1.0));
#17594=CARTESIAN_POINT('',(-6.9342,5.1054,4.115308));
#17595=DIRECTION('',(-1.0,0.0,0.0));
#17596=DIRECTION('',(0.0,-1.0,0.0));
#17597=DIRECTION('',(0.0,-0.574324324324406,-0.818627858363808));
#17598=CARTESIAN_POINT('',(-6.9342,5.1054,4.115308));
#17599=DIRECTION('',(1.0,0.0,0.0));
#17600=DIRECTION('',(0.0,-0.818627858363888,0.574324324324292));
#17601=DIRECTION('',(0.0,0.0,-1.0));
#17602=DIRECTION('',(1.0,0.0,0.0));
#17603=DIRECTION('',(1.0,0.0,0.0));
#17604=DIRECTION('',(1.0,0.0,0.0));
#17605=DIRECTION('',(1.0,0.0,0.0));
#17606=DIRECTION('',(1.0,0.0,0.0));
#17607=DIRECTION('',(0.0,0.0,-1.0));
#17608=CARTESIAN_POINT('',(-10.0838,-5.1054,4.115308));
#17609=DIRECTION('',(-1.0,0.0,0.0));
#17610=DIRECTION('',(0.0,0.871376811594222,0.490614362015512));
#17611=DIRECTION('',(0.0,-0.574324324324292,0.818627858363888));
#17612=CARTESIAN_POINT('',(-10.0838,-5.1054,4.115308));
#17613=DIRECTION('',(1.0,0.0,0.0));
#17614=DIRECTION('',(0.0,1.0,0.0));
#17615=DIRECTION('',(0.0,0.0,1.0));
#17616=DIRECTION('',(0.0,0.0,-1.0));
#17617=CARTESIAN_POINT('',(-10.0838,5.1054,4.115308));
#17618=DIRECTION('',(1.0,0.0,0.0));
#17619=DIRECTION('',(0.0,-0.818627858363888,0.574324324324292));
#17620=DIRECTION('',(0.0,-0.574324324324406,-0.818627858363808));
#17621=CARTESIAN_POINT('',(-10.0838,5.1054,4.115308));
#17622=DIRECTION('',(-1.0,0.0,0.0));
#17623=DIRECTION('',(0.0,-1.0,0.0));
#17624=DIRECTION('',(0.0,0.0,1.0));
#17625=DIRECTION('',(1.0,0.0,0.0));
#17626=DIRECTION('',(0.0,0.0,1.0));
#17627=CARTESIAN_POINT('',(-9.0932,-5.1054,4.115308));
#17628=DIRECTION('',(1.0,0.0,0.0));
#17629=DIRECTION('',(0.0,1.0,0.0));
#17630=DIRECTION('',(0.0,-0.574324324324292,0.818627858363888));
#17631=CARTESIAN_POINT('',(-9.0932,-5.1054,4.115308));
#17632=DIRECTION('',(-1.0,0.0,0.0));
#17633=DIRECTION('',(0.0,0.871376811594222,0.490614362015512));
#17634=DIRECTION('',(0.0,0.0,-1.0));
#17635=DIRECTION('',(0.0,0.0,1.0));
#17636=CARTESIAN_POINT('',(-9.0932,5.1054,4.115308));
#17637=DIRECTION('',(-1.0,0.0,0.0));
#17638=DIRECTION('',(0.0,-1.0,0.0));
#17639=DIRECTION('',(0.0,-0.574324324324406,-0.818627858363808));
#17640=CARTESIAN_POINT('',(-9.0932,5.1054,4.115308));
#17641=DIRECTION('',(1.0,0.0,0.0));
#17642=DIRECTION('',(0.0,-0.818627858363888,0.574324324324292));
#17643=DIRECTION('',(0.0,0.0,-1.0));
#17644=DIRECTION('',(1.0,0.0,0.0));
#17645=DIRECTION('',(1.0,0.0,0.0));
#17646=DIRECTION('',(1.0,0.0,0.0));
#17647=DIRECTION('',(1.0,0.0,0.0));
#17648=DIRECTION('',(1.0,0.0,0.0));
#17649=DIRECTION('',(0.0,0.0,-1.0));
#17650=CARTESIAN_POINT('',(-12.2428,-5.1054,4.115308));
#17651=DIRECTION('',(-1.0,0.0,0.0));
#17652=DIRECTION('',(0.0,0.871376811594222,0.490614362015512));
#17653=DIRECTION('',(0.0,-0.574324324324292,0.818627858363888));
#17654=CARTESIAN_POINT('',(-12.2428,-5.1054,4.115308));
#17655=DIRECTION('',(1.0,0.0,0.0));
#17656=DIRECTION('',(0.0,1.0,0.0));
#17657=DIRECTION('',(0.0,0.0,1.0));
#17658=DIRECTION('',(0.0,0.0,-1.0));
#17659=CARTESIAN_POINT('',(-12.2428,5.1054,4.115308));
#17660=DIRECTION('',(1.0,0.0,0.0));
#17661=DIRECTION('',(0.0,-0.818627858363888,0.574324324324292));
#17662=DIRECTION('',(0.0,-0.574324324324406,-0.818627858363808));
#17663=CARTESIAN_POINT('',(-12.2428,5.1054,4.115308));
#17664=DIRECTION('',(-1.0,0.0,0.0));
#17665=DIRECTION('',(0.0,-1.0,0.0));
#17666=DIRECTION('',(0.0,0.0,1.0));
#17667=DIRECTION('',(1.0,0.0,0.0));
#17668=DIRECTION('',(0.0,0.0,1.0));
#17669=CARTESIAN_POINT('',(-11.2522,-5.1054,4.115308));
#17670=DIRECTION('',(1.0,0.0,0.0));
#17671=DIRECTION('',(0.0,1.0,0.0));
#17672=DIRECTION('',(0.0,-0.574324324324292,0.818627858363888));
#17673=CARTESIAN_POINT('',(-11.2522,-5.1054,4.115308));
#17674=DIRECTION('',(-1.0,0.0,0.0));
#17675=DIRECTION('',(0.0,0.871376811594222,0.490614362015512));
#17676=DIRECTION('',(0.0,0.0,-1.0));
#17677=DIRECTION('',(0.0,0.0,1.0));
#17678=CARTESIAN_POINT('',(-11.2522,5.1054,4.115308));
#17679=DIRECTION('',(-1.0,0.0,0.0));
#17680=DIRECTION('',(0.0,-1.0,0.0));
#17681=DIRECTION('',(0.0,-0.574324324324406,-0.818627858363808));
#17682=CARTESIAN_POINT('',(-11.2522,5.1054,4.115308));
#17683=DIRECTION('',(1.0,0.0,0.0));
#17684=DIRECTION('',(0.0,-0.818627858363888,0.574324324324292));
#17685=DIRECTION('',(0.0,0.0,-1.0));
#17686=DIRECTION('',(1.0,0.0,0.0));
#17687=DIRECTION('',(1.0,0.0,0.0));
#17688=DIRECTION('',(1.0,0.0,0.0));
#17689=DIRECTION('',(1.0,0.0,0.0));
#17690=DIRECTION('',(1.0,0.0,0.0));
#17691=DIRECTION('',(0.0,0.0,-1.0));
#17692=CARTESIAN_POINT('',(-14.4018,-5.1054,4.115308));
#17693=DIRECTION('',(-1.0,0.0,0.0));
#17694=DIRECTION('',(0.0,0.871376811594222,0.490614362015512));
#17695=DIRECTION('',(0.0,-0.574324324324292,0.818627858363888));
#17696=CARTESIAN_POINT('',(-14.4018,-5.1054,4.115308));
#17697=DIRECTION('',(1.0,0.0,0.0));
#17698=DIRECTION('',(0.0,1.0,0.0));
#17699=DIRECTION('',(0.0,0.0,1.0));
#17700=DIRECTION('',(0.0,0.0,-1.0));
#17701=CARTESIAN_POINT('',(-14.4018,5.1054,4.115308));
#17702=DIRECTION('',(1.0,0.0,0.0));
#17703=DIRECTION('',(0.0,-0.818627858363888,0.574324324324292));
#17704=DIRECTION('',(0.0,-0.574324324324406,-0.818627858363808));
#17705=CARTESIAN_POINT('',(-14.4018,5.1054,4.115308));
#17706=DIRECTION('',(-1.0,0.0,0.0));
#17707=DIRECTION('',(0.0,-1.0,0.0));
#17708=DIRECTION('',(0.0,0.0,1.0));
#17709=DIRECTION('',(1.0,0.0,0.0));
#17710=DIRECTION('',(0.0,0.0,1.0));
#17711=CARTESIAN_POINT('',(-13.4112,-5.1054,4.115308));
#17712=DIRECTION('',(1.0,0.0,0.0));
#17713=DIRECTION('',(0.0,1.0,0.0));
#17714=DIRECTION('',(0.0,-0.574324324324292,0.818627858363888));
#17715=CARTESIAN_POINT('',(-13.4112,-5.1054,4.115308));
#17716=DIRECTION('',(-1.0,0.0,0.0));
#17717=DIRECTION('',(0.0,0.871376811594222,0.490614362015512));
#17718=DIRECTION('',(0.0,0.0,-1.0));
#17719=DIRECTION('',(0.0,0.0,1.0));
#17720=CARTESIAN_POINT('',(-13.4112,5.1054,4.115308));
#17721=DIRECTION('',(-1.0,0.0,0.0));
#17722=DIRECTION('',(0.0,-1.0,0.0));
#17723=DIRECTION('',(0.0,-0.574324324324406,-0.818627858363808));
#17724=CARTESIAN_POINT('',(-13.4112,5.1054,4.115308));
#17725=DIRECTION('',(1.0,0.0,0.0));
#17726=DIRECTION('',(0.0,-0.818627858363888,0.574324324324292));
#17727=DIRECTION('',(0.0,0.0,-1.0));
#17728=DIRECTION('',(1.0,0.0,0.0));
#17729=DIRECTION('',(1.0,0.0,0.0));
#17730=DIRECTION('',(1.0,0.0,0.0));
#17731=DIRECTION('',(1.0,0.0,0.0));
#17732=DIRECTION('',(1.0,0.0,0.0));
#17733=DIRECTION('',(0.0,0.0,-1.0));
#17734=CARTESIAN_POINT('',(-16.5608,-5.1054,4.115308));
#17735=DIRECTION('',(-1.0,0.0,0.0));
#17736=DIRECTION('',(0.0,0.871376811594222,0.490614362015512));
#17737=DIRECTION('',(0.0,-0.574324324324292,0.818627858363888));
#17738=CARTESIAN_POINT('',(-16.5608,-5.1054,4.115308));
#17739=DIRECTION('',(1.0,0.0,0.0));
#17740=DIRECTION('',(0.0,1.0,0.0));
#17741=DIRECTION('',(0.0,0.0,1.0));
#17742=DIRECTION('',(0.0,0.0,-1.0));
#17743=CARTESIAN_POINT('',(-16.5608,5.1054,4.115308));
#17744=DIRECTION('',(1.0,0.0,0.0));
#17745=DIRECTION('',(0.0,-0.818627858363888,0.574324324324292));
#17746=DIRECTION('',(8.85754296747709E-14,-0.574324324324406,-0.818627858363808));
#17747=CARTESIAN_POINT('',(-16.5608,5.1054,4.115308));
#17748=DIRECTION('',(-1.0,0.0,0.0));
#17749=DIRECTION('',(0.0,-1.0,0.0));
#17750=DIRECTION('',(0.0,0.0,1.0));
#17751=DIRECTION('',(1.0,0.0,0.0));
#17752=DIRECTION('',(0.0,0.0,1.0));
#17753=CARTESIAN_POINT('',(-15.5702,-5.1054,4.115308));
#17754=DIRECTION('',(1.0,0.0,0.0));
#17755=DIRECTION('',(0.0,1.0,0.0));
#17756=DIRECTION('',(0.0,-0.574324324324292,0.818627858363888));
#17757=CARTESIAN_POINT('',(-15.5702,-5.1054,4.115308));
#17758=DIRECTION('',(-1.0,0.0,0.0));
#17759=DIRECTION('',(0.0,0.871376811594222,0.490614362015512));
#17760=DIRECTION('',(0.0,0.0,-1.0));
#17761=DIRECTION('',(0.0,0.0,1.0));
#17762=CARTESIAN_POINT('',(-15.5702,5.1054,4.115308));
#17763=DIRECTION('',(-1.0,0.0,0.0));
#17764=DIRECTION('',(0.0,-1.0,0.0));
#17765=DIRECTION('',(1.32863144512201E-13,-0.574324324324406,-0.818627858363808));
#17766=CARTESIAN_POINT('',(-15.5702,5.1054,4.115308));
#17767=DIRECTION('',(1.0,0.0,0.0));
#17768=DIRECTION('',(0.0,-0.818627858363888,0.574324324324292));
#17769=DIRECTION('',(0.0,0.0,-1.0));
#17770=DIRECTION('',(1.0,0.0,0.0));
#17771=DIRECTION('',(1.0,0.0,0.0));
#17772=DIRECTION('',(1.0,0.0,0.0));
#17773=DIRECTION('',(1.0,0.0,0.0));
#17774=DIRECTION('',(1.0,0.0,0.0));
#17775=DIRECTION('',(0.0,0.0,-1.0));
#17776=CARTESIAN_POINT('',(-18.7198,-5.1054,4.115308));
#17777=DIRECTION('',(-1.0,0.0,0.0));
#17778=DIRECTION('',(0.0,0.871376811594222,0.490614362015512));
#17779=DIRECTION('',(0.0,-0.574324324324292,0.818627858363888));
#17780=CARTESIAN_POINT('',(-18.7198,-5.1054,4.115308));
#17781=DIRECTION('',(1.0,0.0,0.0));
#17782=DIRECTION('',(0.0,1.0,0.0));
#17783=DIRECTION('',(0.0,0.0,1.0));
#17784=DIRECTION('',(0.0,0.0,-1.0));
#17785=CARTESIAN_POINT('',(-18.7198,5.1054,4.115308));
#17786=DIRECTION('',(1.0,0.0,0.0));
#17787=DIRECTION('',(0.0,-0.818627858363888,0.574324324324292));
#17788=DIRECTION('',(0.0,-0.574324324324406,-0.818627858363808));
#17789=CARTESIAN_POINT('',(-18.7198,5.1054,4.115308));
#17790=DIRECTION('',(-1.0,0.0,0.0));
#17791=DIRECTION('',(0.0,-1.0,0.0));
#17792=DIRECTION('',(0.0,0.0,1.0));
#17793=DIRECTION('',(1.0,0.0,0.0));
#17794=DIRECTION('',(0.0,0.0,1.0));
#17795=CARTESIAN_POINT('',(-17.7292,-5.1054,4.115308));
#17796=DIRECTION('',(1.0,0.0,0.0));
#17797=DIRECTION('',(0.0,1.0,0.0));
#17798=DIRECTION('',(0.0,-0.574324324324292,0.818627858363888));
#17799=CARTESIAN_POINT('',(-17.7292,-5.1054,4.115308));
#17800=DIRECTION('',(-1.0,0.0,0.0));
#17801=DIRECTION('',(0.0,0.871376811594222,0.490614362015512));
#17802=DIRECTION('',(0.0,0.0,-1.0));
#17803=DIRECTION('',(0.0,0.0,1.0));
#17804=CARTESIAN_POINT('',(-17.7292,5.1054,4.115308));
#17805=DIRECTION('',(-1.0,0.0,0.0));
#17806=DIRECTION('',(0.0,-1.0,0.0));
#17807=DIRECTION('',(0.0,-0.574324324324406,-0.818627858363808));
#17808=CARTESIAN_POINT('',(-17.7292,5.1054,4.115308));
#17809=DIRECTION('',(1.0,0.0,0.0));
#17810=DIRECTION('',(0.0,-0.818627858363888,0.574324324324292));
#17811=DIRECTION('',(0.0,0.0,-1.0));
#17812=DIRECTION('',(1.0,0.0,0.0));
#17813=DIRECTION('',(1.0,0.0,0.0));
#17814=DIRECTION('',(1.0,0.0,0.0));
#17815=DIRECTION('',(1.0,0.0,0.0));
#17816=DIRECTION('',(1.0,0.0,0.0));
#17817=DIRECTION('',(0.0,0.0,-1.0));
#17818=DIRECTION('',(0.0,-1.0,0.0));
#17819=DIRECTION('',(0.0,0.0,-1.0));
#17820=DIRECTION('',(1.0,0.0,0.0));
#17821=DIRECTION('',(0.0,0.0,-1.0));
#17822=DIRECTION('',(0.642871293713882,0.765974216092578,0.0));
#17823=DIRECTION('',(0.0,0.0,-1.0));
#17824=DIRECTION('',(0.0,1.0,0.0));
#17825=DIRECTION('',(0.0,0.0,-1.0));
#17826=DIRECTION('',(-0.64287114276419,-0.765974342782488,0.0));
#17827=DIRECTION('',(0.0,0.0,-1.0));
#17828=DIRECTION('',(0.0,1.0,0.0));
#17829=DIRECTION('',(0.0,0.0,-1.0));
#17830=DIRECTION('',(-1.0,0.0,0.0));
#17831=DIRECTION('',(1.0,0.0,0.0));
#17832=DIRECTION('',(0.0,1.0,0.0));
#17833=DIRECTION('',(-1.0,0.0,0.0));
#17834=DIRECTION('',(0.0,-1.0,0.0));
#17835=DIRECTION('',(0.0,0.0,-1.0));
#17836=DIRECTION('',(0.0,0.0,-1.0));
#17837=DIRECTION('',(0.0,0.0,-1.0));
#17838=DIRECTION('',(0.0,0.0,-1.0));
#17839=PRESENTATION_LAYER_ASSIGNMENT('','',(#24,#46,#47,#48,#49,#50,#51,#52,#53,#54,#55,#56,#57,#58,#59,#60,#61,#62,#63,#64,#65,#66,#67,#68,#69,#70,#71,#72,#73,#74,#75,#76,#77,#78,#79,#80,#81,#82,#83,#84,#85,#86,#87,#88,#89,#90,#91,#92,#93,#94,#95,#96,#97,#98,#99,#100,#101,#102,#103,#104,#105,#106,#107,#108,#109,#110,#111,#112,#113,#114,#115,#116,#117,#118,#119,#120,#121,#122,#123,#124,#125,#126,#127,#128,#129,#130,#131,#132,#133,#134,#135,#136,#137,#138,#139,#140,#141,#142,#143,#144,#145,#146,#147,#148,#149,#150,#151,#152,#153,#154,#155,#156,#157,#158,#159,#160,#161,#162,#163,#164,#165,#166,#167,#168,#169,#170,#171,#172,#173,#174,#175,#176,#177,#178,#179,#180,#181,#182,#183,#184,#185,#186,#187,#188,#189,#190,#191,#192,#193,#194,#195,#196,#197,#198,#199,#200,#201,#202,#203,#204,#205,#206,#207,#208,#209,#210,#211,#212,#213,#214,#215,#216,#217,#218,#219,#220,#221,#222,#223,#224,#225,#226,#227,#228,#229,#230,#231,#232,#233,#234,#235,#236,#237,#238,#239,#240,#241,#242,#243,#244,#245,#246,#247,#248,#249,#250,#251,#252,#253,#254,#255,#256,#257,#258,#259,#260,#261,#262,#263,#264,#265,#266,#267,#268,#269,#270,#271,#272,#273,#274,#275,#276,#277,#278,#279,#280,#281,#282,#283,#284,#285,#286,#287,#288,#289,#290,#291,#292,#293,#294,#295,#296,#297,#298,#299,#300,#301,#302,#303,#304,#305,#306,#307,#308,#309,#310,#311,#312,#313,#314,#315,#316,#317,#318,#319,#320,#321,#322,#323,#324,#325,#326,#327,#328,#329,#330,#331,#332,#333,#334,#335,#336,#337,#338,#339,#340,#341,#342,#343,#344,#345,#346,#347,#348,#349,#350,#351,#352,#353,#354,#355,#356,#357,#358,#359,#360,#361,#362,#363,#364,#365,#366,#367,#368,#369,#370,#371,#372,#373,#374,#375,#376,#377,#378,#379,#380,#381,#382,#383,#384,#385,#386,#387,#388,#389,#390,#391,#392,#393,#394,#395,#396,#397,#398,#399,#400,#401,#402,#403,#404,#405,#406,#407,#408,#409,#410,#411,#412,#413,#414,#415,#416,#417,#418,#419,#420,#421,#422,#423,#424,#425,#426,#427,#428,#429,#430,#431,#432,#433,#434,#435,#436,#437,#438,#439,#440,#441,#442,#443,#444,#445,#446,#447,#448,#449,#450,#451,#452,#453,#454,#455,#456,#457,#458,#459,#460,#461,#462,#463,#464,#465,#466,#467,#468,#469,#470,#471,#472,#473,#474,#475,#476,#477,#478,#479,#480,#481,#482,#483,#484,#485,#486,#487,#488,#489,#490,#491,#492,#493,#494,#495,#496,#497,#498,#499,#500,#501,#502,#503,#504,#505,#506,#507,#508,#509,#510,#511,#512,#513,#514,#515,#516,#517,#518,#519,#520,#521,#522,#523,#524,#525,#526,#527,#528,#529,#530,#531,#532,#533,#534,#535,#536,#537,#538,#539,#540,#541,#542,#543,#544,#545,#546,#547,#548,#549,#550,#551,#552,#553,#554,#555,#556,#557,#558,#559,#560,#561,#562,#563,#564,#565,#566,#567,#568,#569,#570,#571,#572,#573,#574,#575,#576,#577,#578,#579,#580,#581,#582,#583,#584,#585,#586,#587,#588,#589,#590,#591,#592,#593,#594,#595,#596,#597,#598,#599,#600,#601,#602,#603,#604,#605,#606,#7862,#7863,#7864,#7866,#7867,#7869,#7870,#7871,#7872,#7873,#7875,#7876,#7877,#7878,#7879,#7881,#7882,#7883,#7885,#7886,#7887,#7889,#7890,#7891,#7893,#7894,#7895,#7896,#7897,#7898,#7899,#7900,#7901,#7902,#7903,#7904,#7905,#7906,#7907,#7908,#7909,#7910,#7911,#7912,#7913,#7914,#7915,#7916,#7917,#7918,#7919,#7920,#7921,#7922,#7923,#7924,#7925,#7926,#7927,#7928,#7929,#7930,#7931,#7932,#7933,#7934,#7935,#7936,#7937,#7938,#7939,#7940,#7941,#7942,#7943,#7944,#7945,#7946,#7947,#7948,#7949,#7950,#7951,#7952,#7953,#7954,#7955,#7956,#7957,#7958,#7959,#7960,#7961,#7962,#7963,#7964,#7965,#7966,#7967,#7968,#7969,#7970,#7971,#7972,#7973,#7974,#7975,#7976,#7977,#7978,#7979,#7980,#7981,#7982,#7983,#7984,#7985,#7986,#7987,#7988,#7989,#7990,#7991,#7992,#7993,#7994,#7995,#7996,#7997,#7998,#7999,#8000,#8001,#8002,#8003,#8004,#8005,#8006,#8007,#8008,#8009,#8010,#8011,#8012,#8013,#8014,#8015,#8016,#8017,#8018,#8019,#8020,#8021,#8022,#8023,#8024,#8025,#8026,#8027,#8028,#8029,#8030,#8031,#8032,#8033,#8034,#8035,#8036,#8037,#8038,#8039,#8040,#8041,#8042,#8043,#8044,#8045,#8046,#8047,#8048,#8049,#8050,#8051,#8052,#8053,#8054,#8055,#8056,#8057,#8058,#8059,#8060,#8061,#8062,#8063,#8064,#8065,#8066,#8067,#8068,#8069,#8070,#8071,#8072,#8073,#8074,#8075,#8076,#8077,#8078,#8079,#8080,#8081,#8082,#8083,#8084,#8085,#8086,#8087,#8088,#8089,#8090,#8091,#8092,#8093,#8094,#8095,#8096,#8097,#8098,#8099,#8100,#8101,#8102,#8103,#8104,#8105,#8106,#8107,#8108,#8109,#8110,#8111,#8112,#8113,#8114,#8115,#8116,#8117,#8118,#8119,#8120,#8121,#8122,#8123,#8124,#8125,#8126,#8127,#8128,#8129,#8130,#8131,#8132,#8133,#8134,#8135,#8136,#8137,#8138,#8139,#8140,#8141,#8142,#8143,#8144,#8145,#8146,#8147,#8148,#8149,#8150,#8151,#8152,#8153,#8154,#8155,#8156,#8157,#8158,#8159,#8160,#8161,#8162,#8163,#8164,#8165,#8166,#8167,#8168,#8169,#8170,#8171,#8172,#8173,#8174,#8175,#8176,#8177,#8178,#8179,#8180,#8181,#8182,#8183,#8184,#8185,#8186,#8187,#8188,#8189,#8190,#8191,#8192,#8193,#8194,#8195,#8196,#8197,#8198,#8199,#8200,#8201,#8202,#8203,#8204,#8205,#8206,#8207,#8208,#8209,#8210,#8211,#8212,#8213,#8214,#8215,#8216,#8217,#8218,#8219,#8220,#8221,#8222,#8223,#8224,#8225,#8226,#8227,#8228,#8229,#8230,#8231,#8232,#8233,#8234,#8235,#8236,#8237,#8238,#8239,#8240,#8241,#8242,#8243,#8244,#8245,#8246,#8247,#8248,#8249,#8250,#8251,#8252,#8253,#8254,#8255,#8256,#8257,#8258,#8259,#8260,#8261,#8262,#8263,#8264,#8265,#8266,#8267,#8268,#8269,#8270,#8271,#8272,#8273,#8274,#8275,#8276,#8277,#8278,#8279,#8280,#8281,#8282,#8283,#8284,#8285,#8286,#8287,#8288,#8289,#8290,#8291,#8292,#8293,#8294,#8295,#8296,#8297,#8298,#8299,#8300,#8301,#8302,#8303,#8304,#8305,#8306,#8307,#8308,#8309,#8310,#8311,#8312,#8313,#8314,#8315,#8316,#8317,#8318,#8319,#8320,#8321,#8322,#8323,#8324,#8325,#8326,#8327,#8328,#8329,#8330,#8331,#8332,#8333,#8334,#8335,#8336,#8337,#8338,#8339,#8340,#8341,#8342,#8343,#8344,#8345,#8346,#8347,#8348,#8349,#8350,#8351,#8352,#8353,#8354,#8355,#8356,#8357,#8358,#8359,#8360,#8361,#8362,#8363,#8364,#8365,#8366,#8367,#8368,#8369,#8370,#8371,#8372,#8373,#8374,#8375,#8376,#8377,#8378,#8379,#8380,#8381,#8382,#8383,#8384,#8385,#8386,#8387,#8388,#8389,#8390,#8391,#8392,#8393,#8394,#8395,#8396,#8397,#8398,#8399,#8400,#8401,#8402,#8403,#8404,#8405,#8406,#8407,#8408,#8409,#8410,#8411,#8412,#8413,#8414,#8415,#8416,#8417,#8418,#8419,#8420,#8421,#8422,#8423,#8424,#8425,#8426,#8427,#8428,#8429,#8430,#8431,#8432,#8433,#8434,#8435,#8436,#8437,#8438,#8439,#8440,#8441,#8442,#8443,#8444,#8445,#8446,#8447,#8448,#8449,#8450,#8451,#8452,#8453,#8454,#8455,#8456,#8457,#8458,#8459,#8460,#8461,#8462,#8463,#8464,#8465,#8466,#8467,#8468,#8469,#8470,#8471,#8472,#8473,#8474,#8475,#8476,#8477,#8478,#8479,#8480,#8481,#8482,#8483,#8484,#8485,#8486,#8487,#8488,#8489,#8490,#8491,#8492,#8493,#8494,#8495,#8496,#8497,#8498,#8499,#8500,#8501,#8502,#8503,#8504,#8505,#8506,#8507,#8508,#8509,#8510,#8511,#8512,#8513,#8514,#8515,#8516,#8517,#8518,#8519,#8520,#8521,#8522,#8523,#8524,#8525,#8526,#8527,#8528,#8529,#8530,#8531,#8532,#8533,#8534,#8535,#8536,#8537,#8538,#8539,#8540,#8541,#8542,#8543,#8544,#8545,#8546,#8547,#8548,#8549,#8550,#8551,#8552,#8553,#8554,#8555,#8556,#8557,#8558,#8559,#8560,#8561,#8562,#8563,#8564,#8565,#8566,#8567,#8568,#8569,#8570,#8571,#8572,#8573,#8574,#8575,#8576,#8577,#8578,#8579,#8580,#8581,#8582,#8583,#8584,#8585,#8586,#8587,#8588,#8589,#8590,#8591,#8592,#8593,#8594,#8595,#8596,#8597,#8598,#8599,#8600,#8601,#8602,#8603,#8604,#8605,#8606,#8607,#8608,#8609,#8610,#8611,#8612,#8613,#8614,#8615,#8616,#8617,#8618,#8619,#8620,#8621,#8622,#8623,#8624,#8625,#8626,#8627,#8628,#8629,#8630,#8631,#8632,#8633,#8634,#8635,#8636,#8637,#8638,#8639,#8640,#8641,#8642,#8643,#8644,#8645,#8646,#8647,#8648,#8649,#8650,#8651,#8652,#8653,#8654,#8655,#8656,#8657,#8658,#8659,#8660,#8661,#8662,#8663,#8664,#8665,#8666,#8667,#8668,#8669,#8670,#8671,#8672,#8673,#8674,#8675,#8676,#8677,#8678,#8679,#8680,#8681,#8682,#8683,#8684,#8685,#8686,#8687,#8688,#8689,#8690,#8691,#8692,#8693,#8694,#8695,#8696,#8697,#8698,#8699,#8700,#8701,#8702,#8703,#8704,#8705,#8706,#8707,#8708,#8709,#8710,#8711,#8712,#8713,#8714,#8715,#8716,#8717,#8718,#8719,#8720,#8721,#8722,#8723,#8724,#8725,#8726,#8727,#8728,#8729,#8730,#8731,#8732,#8733,#8734,#8735,#8736,#8737,#8738,#8739,#8740,#8741,#8742,#8743,#8744,#8745,#8746,#8747,#8748,#8749,#8750,#8751,#8752,#8753,#8754,#8755,#8756,#8757,#8758,#8759,#8760,#8761,#8762,#8763,#8764,#8765,#8766,#8767,#8768,#8769,#8770,#8771,#8772,#8773,#8774,#8775,#8776,#8777,#8778,#8779,#8780,#8781,#8782,#8783,#8784,#8785,#8786,#8787,#8788,#8789,#8790,#8791,#8792,#8793,#8794,#8795,#8796,#8797,#8798,#8799,#8800,#8801,#8802,#8803,#8804,#8805,#8806,#8807,#8808,#8809,#8810,#8811,#8812,#8813,#8814,#8815,#8816,#8817,#8818,#8819,#8820,#8821,#8822,#8823,#8824,#8825,#8826,#8827,#8828,#8829,#8830,#8831,#8832,#8833,#8834,#8835,#8836,#8837,#8838,#8839,#8840,#8841,#8842,#8843,#8844,#8845,#8846,#8847,#8848,#8849,#8850,#8851,#8852,#8853,#8854,#8855,#8856,#8857,#8858,#8859,#8860,#8861,#8862,#8863,#8864,#8865,#8866,#8867,#8868,#8869,#8870,#8871,#8872,#8873,#8874,#8875,#8876,#8877,#8878,#8879,#8880,#8881,#8882,#8883,#8884,#8885,#8886,#8887,#8888,#8889,#8890,#8891,#8892,#8893,#8894,#8895,#8896,#8897,#8898,#8899,#8900,#8901,#8902,#8903,#8904,#8905,#8906,#8907,#8908,#8909,#8910,#8911,#8912,#8913,#8914,#8915,#8916,#8917,#8918,#8919,#8920,#8921,#8922,#8923,#8924,#8925,#8926,#8927,#8928,#8929,#8930,#8931,#8932,#8933,#8934,#8935,#8936,#8937,#8938,#8939,#8940,#8941,#8942,#8943,#8944,#8945,#8946,#8947,#8948,#8949,#8950,#8951,#8952,#8953,#8954,#8955,#8956,#8957,#8958,#8959,#8960,#8961,#8962,#8963,#8964,#8965,#8966,#8967,#8968,#8969,#8970,#8971,#8972,#8973,#8974,#8975,#8976,#8977,#8978,#8979,#8980,#8981,#8982,#8983,#8984,#8985,#8986,#8987,#8988,#8989,#8990,#8991,#8992,#8993,#8994,#8995,#8996,#8997,#8998,#8999,#9000,#9001,#9002,#9003,#9004,#9005,#9006,#9007,#9008,#9009,#9010,#9011,#9012,#9013,#9014,#9015,#9016,#9017,#9018,#9019,#9020,#9021,#9022,#9023,#9024,#9025,#9026,#9027,#9028,#9029,#9030,#9031,#9032,#9033,#9034,#9035,#9036,#9037,#9038,#9039,#9040,#9041,#9042,#9043,#9044,#9045,#9046,#9047,#9048,#9049,#9050,#9051,#9052,#9053,#9054,#9055,#9056,#9057,#9058,#9059,#9060,#9061,#9062,#9063,#9064,#9065,#9066,#9067,#9068,#9069,#9070,#9071,#9072,#9073,#9074,#9075,#9076,#9077,#9078,#9079,#9080,#9081,#9082,#9083,#9084,#9085,#9086,#9087,#9088,#9089,#9090,#9091,#9092,#9093,#9094,#9095,#9096,#9097,#9098,#9099,#9100,#9101,#9102,#9103,#9104,#9105,#9106,#9107,#9108,#9109,#9110,#9111,#9112,#9113,#9114,#9115,#9116,#9117,#9118,#9119,#9120,#9121,#9122,#9123,#9124,#9125,#9126,#9127,#9128,#9129,#9130,#9131,#9132,#9133,#9134,#9135,#9136,#9137,#9138,#9139,#9140,#9141,#9142,#9143,#9144,#9145,#9146,#9147,#9148,#9149,#9150,#9151,#9152,#9153,#9154,#9155,#9156,#9157,#9158,#9159,#9160,#9161,#9162,#9163,#9164,#9165,#9166,#9167,#9168,#9169,#9170,#9171,#9172,#9173,#9174,#9175,#9176,#9177,#9178,#9179,#9180,#9181,#9182,#9183,#9184,#9185,#9186,#9187,#9188,#9189,#9190,#9191,#9192,#9193,#9194,#9195,#9196,#9197,#9198,#9199,#9200,#9201,#9202,#9203,#9204,#9205,#9206,#9207,#9208,#9209,#9210,#9211,#9212,#9213,#9214,#9215,#9216,#9217,#9218,#9219,#9220,#9221,#9222,#9223,#9224,#9225,#9226,#9227,#9228,#9229,#9230,#9231,#9232,#9233,#9234,#9235,#9236,#9237,#9238,#9239,#9240,#9241,#9242,#9243,#9244,#9245,#9246,#9247,#9248,#9249,#9250,#9251,#9252,#9253,#9254,#9255,#9256,#9257,#9258,#9259,#9260,#9261,#9262,#9263,#9264,#9265,#9266,#9267,#9268,#9269,#9270,#9271,#9272,#9273,#9274,#9275,#9276,#9277,#9278,#9279,#9280,#9281,#9282,#9283,#9284,#9285,#9286,#9287,#9288,#9289,#9290,#9291,#9292,#9293,#9294,#9295,#9296,#9297,#9298,#9299,#9300,#9301,#9302,#9303,#9304,#9305,#9306,#9307,#9308,#9309,#9310,#9311,#9312,#9313,#9314,#9315,#9316,#9317,#9318,#9319,#9320,#9321,#9322,#9323,#9324,#9325,#9326,#9327,#9328,#9329,#9330,#9331,#9332,#9333,#9334,#9335,#9336,#9337,#9338,#9339,#9340,#9341,#9342,#9343,#9344,#9345,#9346,#9347,#9348,#9349,#9350,#9351,#9352,#9353,#9354,#9355,#9356,#9357,#9358,#9359,#9360,#9361,#9362,#9363,#9364,#9365,#9366,#9367,#9368,#9369,#9370,#9371,#9372,#9373,#9374,#9375,#9376,#9377,#9378,#9379,#9380,#9381,#9382,#9383,#9384,#9385,#9386,#9387,#9388,#9389,#9390,#9391,#9392,#9393,#9394,#9395,#9396,#9397,#9398,#9399,#9400,#9404,#9406,#9415,#9417,#9419,#9421,#9423,#9426,#9429,#9431,#9433,#9435,#9441,#9443,#9449,#9451,#9457,#9459,#9465,#9467,#9470,#9471,#9473,#9475,#9477,#9481,#9484,#9485,#9487,#9489,#9492,#9493,#9495,#9497,#9500,#9501,#9503,#9505,#9507,#9509,#9511,#9514,#9516,#9520,#9522,#9524,#9526,#9528,#9531,#9533,#9535,#9537,#9541,#9543,#9545,#9547,#9555,#9557,#9559,#9561,#9564,#9565,#9567,#9569,#9571,#9576,#9577,#9580,#9582,#9584,#9586,#9588,#9590,#9592,#9595,#9596,#9599,#9602,#9607,#9610,#9612,#9614,#9617,#9620,#9623,#9626,#9627,#9630,#9632,#9634,#9636,#9639,#9641,#9644,#9645,#9647,#9649,#9652,#9654,#9656,#9659,#9660,#9662,#9664,#9667,#9668,#9670,#9672,#9675,#9677,#9679,#9682,#9684,#9686,#9688,#9690,#9693,#9695,#9701,#9702,#9709,#9712,#9714,#9716,#9718,#9720,#9723,#9725,#9727,#9729,#9731,#9733,#9741,#9743,#9748,#9750,#9753,#9755,#9758,#9760,#9762,#9764,#9766,#9768,#9770,#9772,#9776,#9777,#9782,#9783,#9787,#9788,#9790,#9792,#9795,#9797,#9800,#9803,#9807,#9808,#9810,#9812,#9815,#9816,#9818,#9820,#9823,#9824,#9826,#9828,#9831,#9832,#9834,#9836,#9839,#9840,#9842,#9844,#9847,#9848,#9850,#9852,#9855,#9856,#9858,#9860,#9863,#9864,#9866,#9868,#9871,#9872,#9874,#9876,#9879,#9880,#9882,#9884,#9887,#9888,#9890,#9892,#9895,#9896,#9898,#9900,#9903,#9904,#9906,#9908,#9911,#9912,#9914,#9916,#9919,#9920,#9922,#9924,#9927,#9928,#9930,#9932,#9935,#9936,#9938,#9940,#9943,#9944,#9946,#9948,#9951,#9952,#9954,#9956,#9959,#9960,#9962,#9964,#9967,#9968,#9970,#9972,#9975,#9976,#9978,#9980,#9983,#9984,#9986,#9988,#9991,#9992,#9994,#9996,#9999,#10000,#10002,#10004,#10007,#10008,#10010,#10012,#10015,#10016,#10018,#10020,#10023,#10024,#10026,#10028,#10031,#10032,#10034,#10036,#10039,#10040,#10042,#10044,#10047,#10048,#10050,#10052,#10055,#10056,#10058,#10060,#10063,#10064,#10066,#10068,#10071,#10072,#10074,#10076,#10079,#10080,#10082,#10084,#10087,#10088,#10090,#10092,#10095,#10097,#10100,#10103,#10107,#10108,#10110,#10112,#10119,#10121,#10124,#10127,#10131,#10132,#10134,#10136,#10143,#10145,#10148,#10151,#10155,#10156,#10158,#10160,#10167,#10169,#10172,#10175,#10179,#10180,#10182,#10184,#10191,#10193,#10196,#10199,#10203,#10204,#10206,#10208,#10215,#10217,#10220,#10223,#10227,#10228,#10230,#10232,#10239,#10241,#10244,#10247,#10251,#10252,#10254,#10256,#10263,#10265,#10268,#10271,#10275,#10276,#10278,#10280,#10287,#10289,#10292,#10295,#10299,#10300,#10302,#10304,#10311,#10313,#10316,#10319,#10323,#10324,#10326,#10328,#10335,#10337,#10340,#10343,#10347,#10348,#10350,#10352,#10359,#10361,#10364,#10367,#10371,#10372,#10374,#10376,#10383,#10385,#10388,#10391,#10395,#10396,#10398,#10400,#10407,#10409,#10412,#10415,#10419,#10420,#10422,#10424,#10431,#10433,#10436,#10439,#10443,#10444,#10446,#10448,#10455,#10457,#10460,#10463,#10467,#10468,#10470,#10472,#10479,#10481,#10484,#10487,#10491,#10492,#10494,#10496,#10503,#10505,#10508,#10511,#10515,#10516,#10518,#10520,#10527,#10529,#10531,#10533,#10536,#10539,#10540,#10543,#10546,#10547,#10550,#10552,#10554,#10556,#10560,#10561,#10564,#10567,#10568,#10572,#10576,#10580,#10585,#10588,#10590,#10594,#10596,#10599,#10601,#10605,#10608,#10614,#10617,#10625,#10627,#10631,#10632,#10635,#10636,#10639,#10640,#10650,#10652,#10655,#10657,#10660,#10662,#10665,#10666,#10668,#10670,#10673,#10674,#10676,#10678,#10681,#10682,#10684,#10686,#10689,#10690,#10692,#10694,#10697,#10698,#10700,#10702,#10705,#10706,#10708,#10710,#10713,#10714,#10716,#10718,#10721,#10722,#10724,#10726,#10729,#10730,#10732,#10734,#10737,#10738,#10740,#10742,#10745,#10746,#10748,#10750,#10753,#10754,#10756,#10758,#10761,#10762,#10764,#10766,#10769,#10770,#10772,#10774,#10777,#10778,#10780,#10782,#10785,#10786,#10788,#10790,#10793,#10794,#10796,#10798,#10801,#10802,#10804,#10806,#10809,#10812,#10816,#10817,#10819,#10821,#10824,#10825,#10827,#10829,#10832,#10833,#10835,#10837,#10840,#10841,#10843,#10845,#10848,#10849,#10851,#10853,#10856,#10857,#10859,#10861,#10864,#10865,#10867,#10869,#10872,#10873,#10875,#10877,#10880,#10881,#10883,#10885,#10888,#10889,#10891,#10893,#10896,#10897,#10899,#10901,#10904,#10905,#10907,#10909,#10912,#10913,#10915,#10917,#10920,#10921,#10923,#10925,#10928,#10929,#10931,#10933,#10936,#10937,#10939,#10941,#10944,#10945,#10947,#10949,#10952,#10953,#10955,#10957,#10960,#10961,#10963,#10965,#10968,#10969,#10971,#10973,#10976,#10977,#10979,#10981,#10984,#10985,#10987,#10989,#10992,#10993,#10995,#10997,#11000,#11001,#11003,#11005,#11008,#11009,#11011,#11013,#11016,#11017,#11019,#11021,#11024,#11025,#11027,#11029,#11032,#11033,#11035,#11037,#11040,#11041,#11043,#11045,#11048,#11049,#11051,#11053,#11056,#11057,#11059,#11061,#11064,#11065,#11067,#11069,#11072,#11073,#11075,#11077,#11080,#11081,#11083,#11085,#11088,#11089,#11091,#11093,#11096,#11097,#11099,#11101,#11104,#11105,#11107,#11109,#11112,#11113,#11115,#11117,#11120,#11121,#11123,#11125,#11128,#11129,#11131,#11133,#11136,#11137,#11139,#11141,#11144,#11145,#11147,#11149,#11152,#11153,#11155,#11157,#11160,#11161,#11163,#11165,#11168,#11169,#11171,#11173,#11176,#11177,#11179,#11181,#11184,#11185,#11187,#11189,#11192,#11193,#11195,#11197,#11200,#11201,#11203,#11205,#11208,#11209,#11211,#11213,#11216,#11217,#11219,#11221,#11224,#11225,#11227,#11229,#11232,#11233,#11235,#11237,#11240,#11241,#11243,#11245,#11248,#11251,#11253,#11256,#11258,#11261,#11264,#11267,#11270,#11273,#11276,#11278,#11286,#11289,#11291,#11294,#11296,#11299,#11302,#11305,#11308,#11311,#11314,#11316,#11324,#11327,#11329,#11332,#11334,#11337,#11340,#11343,#11346,#11349,#11352,#11354,#11362,#11365,#11367,#11370,#11372,#11375,#11378,#11381,#11384,#11387,#11390,#11392,#11400,#11403,#11405,#11408,#11410,#11413,#11416,#11419,#11422,#11425,#11428,#11430,#11438,#11441,#11443,#11446,#11448,#11451,#11454,#11457,#11460,#11463,#11466,#11468,#11476,#11479,#11481,#11484,#11486,#11489,#11492,#11495,#11498,#11501,#11504,#11506,#11514,#11517,#11519,#11522,#11524,#11527,#11530,#11533,#11536,#11539,#11542,#11544,#11552,#11555,#11557,#11560,#11562,#11565,#11568,#11571,#11574,#11577,#11580,#11582,#11590,#11593,#11595,#11598,#11600,#11603,#11606,#11609,#11612,#11615,#11618,#11620,#11628,#11631,#11633,#11636,#11638,#11641,#11644,#11647,#11650,#11653,#11656,#11658,#11666,#11669,#11671,#11674,#11676,#11679,#11682,#11685,#11688,#11691,#11694,#11696,#11704,#11707,#11709,#11712,#11714,#11717,#11720,#11723,#11726,#11729,#11732,#11734,#11742,#11745,#11747,#11750,#11752,#11755,#11758,#11761,#11764,#11767,#11770,#11772,#11780,#11783,#11785,#11788,#11790,#11793,#11796,#11799,#11802,#11805,#11808,#11810,#11818,#11821,#11823,#11826,#11828,#11831,#11834,#11837,#11840,#11843,#11846,#11848,#11856,#11859,#11861,#11864,#11866,#11869,#11872,#11875,#11878,#11881,#11884,#11886,#11894,#11897,#11899,#11902,#11904,#11907,#11910,#11913,#11916,#11919,#11922,#11924,#11932,#11934,#11937,#11940,#11943,#11946,#11949,#11953,#11954,#11956,#11958));
ENDSEC;
END-ISO-10303-21;
