ISO-10303-21;
HEADER;
FILE_DESCRIPTION(('FreeCAD Model'),'2;1');
FILE_NAME('Open CASCADE Shape Model','2025-12-21T15:28:57',(''),(''),
  'Open CASCADE STEP processor 7.8','FreeCAD','Unknown');
FILE_SCHEMA((
'AP242_MANAGED_MODEL_BASED_3D_ENGINEERING_MIM_LF. {1 0 10303 442 1 1 4 
}'));
ENDSEC;
DATA;
#1 = APPLICATION_PROTOCOL_DEFINITION('international standard',
  'ap242_managed_model_based_3d_engineering',2013,#2);
#2 = APPLICATION_CONTEXT('Managed model based 3d engineering');
#3 = SHAPE_DEFINITION_REPRESENTATION(#4,#10);
#4 = PRODUCT_DEFINITION_SHAPE('','',#5);
#5 = PRODUCT_DEFINITION('design','',#6,#9);
#6 = PRODUCT_DEFINITION_FORMATION('','',#7);
#7 = PRODUCT('Unnamed','Unnamed','',(#8));
#8 = PRODUCT_CONTEXT('',#2,'mechanical');
#9 = PRODUCT_DEFINITION_CONTEXT('part definition',#2,'design');
#10 = SHAPE_REPRESENTATION('',(#11,#15,#19,#23,#27,#31,#35,#39,#43,#47,
    #51,#55,#59,#63,#67,#71),#75);
#11 = AXIS2_PLACEMENT_3D('',#12,#13,#14);
#12 = CARTESIAN_POINT('',(0.,0.,0.));
#13 = DIRECTION('',(0.,0.,1.));
#14 = DIRECTION('',(1.,0.,-0.));
#15 = AXIS2_PLACEMENT_3D('',#16,#17,#18);
#16 = CARTESIAN_POINT('',(0.,0.,0.));
#17 = DIRECTION('',(0.,0.,1.));
#18 = DIRECTION('',(1.,0.,0.));
#19 = AXIS2_PLACEMENT_3D('',#20,#21,#22);
#20 = CARTESIAN_POINT('',(0.,0.,0.));
#21 = DIRECTION('',(0.,0.,1.));
#22 = DIRECTION('',(1.,0.,0.));
#23 = AXIS2_PLACEMENT_3D('',#24,#25,#26);
#24 = CARTESIAN_POINT('',(0.,0.,0.));
#25 = DIRECTION('',(0.,0.,1.));
#26 = DIRECTION('',(1.,0.,0.));
#27 = AXIS2_PLACEMENT_3D('',#28,#29,#30);
#28 = CARTESIAN_POINT('',(0.,0.,0.));
#29 = DIRECTION('',(0.,0.,1.));
#30 = DIRECTION('',(1.,0.,0.));
#31 = AXIS2_PLACEMENT_3D('',#32,#33,#34);
#32 = CARTESIAN_POINT('',(0.,0.,0.));
#33 = DIRECTION('',(0.,0.,1.));
#34 = DIRECTION('',(1.,0.,0.));
#35 = AXIS2_PLACEMENT_3D('',#36,#37,#38);
#36 = CARTESIAN_POINT('',(0.,0.,0.));
#37 = DIRECTION('',(0.,0.,1.));
#38 = DIRECTION('',(1.,0.,0.));
#39 = AXIS2_PLACEMENT_3D('',#40,#41,#42);
#40 = CARTESIAN_POINT('',(0.,0.,0.));
#41 = DIRECTION('',(0.,0.,1.));
#42 = DIRECTION('',(1.,0.,0.));
#43 = AXIS2_PLACEMENT_3D('',#44,#45,#46);
#44 = CARTESIAN_POINT('',(0.,0.,0.));
#45 = DIRECTION('',(0.,0.,1.));
#46 = DIRECTION('',(1.,0.,0.));
#47 = AXIS2_PLACEMENT_3D('',#48,#49,#50);
#48 = CARTESIAN_POINT('',(0.,0.,0.));
#49 = DIRECTION('',(0.,0.,1.));
#50 = DIRECTION('',(1.,0.,0.));
#51 = AXIS2_PLACEMENT_3D('',#52,#53,#54);
#52 = CARTESIAN_POINT('',(0.,0.,0.));
#53 = DIRECTION('',(0.,0.,1.));
#54 = DIRECTION('',(1.,0.,0.));
#55 = AXIS2_PLACEMENT_3D('',#56,#57,#58);
#56 = CARTESIAN_POINT('',(0.,0.,0.));
#57 = DIRECTION('',(0.,0.,1.));
#58 = DIRECTION('',(1.,0.,0.));
#59 = AXIS2_PLACEMENT_3D('',#60,#61,#62);
#60 = CARTESIAN_POINT('',(0.,0.,0.));
#61 = DIRECTION('',(0.,0.,1.));
#62 = DIRECTION('',(1.,0.,0.));
#63 = AXIS2_PLACEMENT_3D('',#64,#65,#66);
#64 = CARTESIAN_POINT('',(0.,0.,0.));
#65 = DIRECTION('',(0.,0.,1.));
#66 = DIRECTION('',(1.,0.,0.));
#67 = AXIS2_PLACEMENT_3D('',#68,#69,#70);
#68 = CARTESIAN_POINT('',(0.,0.,0.));
#69 = DIRECTION('',(0.,0.,1.));
#70 = DIRECTION('',(1.,0.,0.));
#71 = AXIS2_PLACEMENT_3D('',#72,#73,#74);
#72 = CARTESIAN_POINT('',(0.,0.,0.));
#73 = DIRECTION('',(0.,0.,1.));
#74 = DIRECTION('',(1.,0.,0.));
#75 = ( GEOMETRIC_REPRESENTATION_CONTEXT(3) 
GLOBAL_UNCERTAINTY_ASSIGNED_CONTEXT((#79)) GLOBAL_UNIT_ASSIGNED_CONTEXT(
(#76,#77,#78)) REPRESENTATION_CONTEXT('Context #1',
  '3D Context with UNIT and UNCERTAINTY') );
#76 = ( LENGTH_UNIT() NAMED_UNIT(*) SI_UNIT(.MILLI.,.METRE.) );
#77 = ( NAMED_UNIT(*) PLANE_ANGLE_UNIT() SI_UNIT($,.RADIAN.) );
#78 = ( NAMED_UNIT(*) SI_UNIT($,.STERADIAN.) SOLID_ANGLE_UNIT() );
#79 = UNCERTAINTY_MEASURE_WITH_UNIT(LENGTH_MEASURE(2.E-05),#76,
  'distance_accuracy_value','confusion accuracy');
#80 = PRODUCT_RELATED_PRODUCT_CATEGORY('part',$,(#7));
#81 = SHAPE_DEFINITION_REPRESENTATION(#82,#88);
#82 = PRODUCT_DEFINITION_SHAPE('','',#83);
#83 = PRODUCT_DEFINITION('design','',#84,#87);
#84 = PRODUCT_DEFINITION_FORMATION('','',#85);
#85 = PRODUCT('LinkGroup001.0','LinkGroup001.0','',(#86));
#86 = PRODUCT_CONTEXT('',#2,'mechanical');
#87 = PRODUCT_DEFINITION_CONTEXT('part definition',#2,'design');
#88 = MANIFOLD_SURFACE_SHAPE_REPRESENTATION('',(#11,#89),#389);
#89 = SHELL_BASED_SURFACE_MODEL('',(#90));
#90 = OPEN_SHELL('',(#91,#195,#226,#321,#343,#360,#377));
#91 = ADVANCED_FACE('',(#92),#190,.T.);
#92 = FACE_BOUND('',#93,.F.);
#93 = EDGE_LOOP('',(#94,#104,#112,#120,#128,#136,#144,#152,#160,#168,
    #176,#184));
#94 = ORIENTED_EDGE('',*,*,#95,.T.);
#95 = EDGE_CURVE('',#96,#98,#100,.T.);
#96 = VERTEX_POINT('',#97);
#97 = CARTESIAN_POINT('',(-4.152900490071,3.352799200337,1.868999991489)
  );
#98 = VERTEX_POINT('',#99);
#99 = CARTESIAN_POINT('',(-4.152900461306,3.352799232453,1.678499991489)
  );
#100 = LINE('',#101,#102);
#101 = CARTESIAN_POINT('',(-4.152900490071,3.352799200337,1.868999991489
    ));
#102 = VECTOR('',#103,1.);
#103 = DIRECTION('',(1.509957643573E-07,1.685874035928E-07,-1.));
#104 = ORIENTED_EDGE('',*,*,#105,.T.);
#105 = EDGE_CURVE('',#98,#106,#108,.T.);
#106 = VERTEX_POINT('',#107);
#107 = CARTESIAN_POINT('',(-4.152900445762,3.174999232453,1.678499961514
    ));
#108 = LINE('',#109,#110);
#109 = CARTESIAN_POINT('',(-4.152900461306,3.352799232453,1.678499991489
    ));
#110 = VECTOR('',#111,1.);
#111 = DIRECTION('',(8.742277990872E-08,-1.,-1.685873903924E-07));
#112 = ORIENTED_EDGE('',*,*,#113,.T.);
#113 = EDGE_CURVE('',#106,#114,#116,.T.);
#114 = VERTEX_POINT('',#115);
#115 = CARTESIAN_POINT('',(-4.152900390967,3.174999293632,1.31560540971)
  );
#116 = LINE('',#117,#118);
#117 = CARTESIAN_POINT('',(-4.152900445762,3.174999232453,1.678499961514
    ));
#118 = VECTOR('',#119,1.);
#119 = DIRECTION('',(1.509957643573E-07,1.685874035928E-07,-1.));
#120 = ORIENTED_EDGE('',*,*,#121,.F.);
#121 = EDGE_CURVE('',#122,#114,#124,.T.);
#122 = VERTEX_POINT('',#123);
#123 = CARTESIAN_POINT('',(-4.152900320209,3.581399412302,0.611700030028
    ));
#124 = LINE('',#125,#126);
#125 = CARTESIAN_POINT('',(-4.152900320209,3.581399412302,0.611700030028
    ));
#126 = VECTOR('',#127,1.);
#127 = DIRECTION('',(-8.705477784289E-08,-0.500000146001,0.866025319491)
  );
#128 = ORIENTED_EDGE('',*,*,#129,.F.);
#129 = EDGE_CURVE('',#130,#122,#132,.T.);
#130 = VERTEX_POINT('',#131);
#131 = CARTESIAN_POINT('',(-4.152899731491,3.581400069607,
    -3.287199969972));
#132 = LINE('',#133,#134);
#133 = CARTESIAN_POINT('',(-4.152899731491,3.581400069607,
    -3.287199969972));
#134 = VECTOR('',#135,1.);
#135 = DIRECTION('',(-1.509957643573E-07,-1.685874035928E-07,1.));
#136 = ORIENTED_EDGE('',*,*,#137,.F.);
#137 = EDGE_CURVE('',#138,#130,#140,.T.);
#138 = VERTEX_POINT('',#139);
#139 = CARTESIAN_POINT('',(-4.152899775902,4.089400069607,
    -3.287199884329));
#140 = LINE('',#141,#142);
#141 = CARTESIAN_POINT('',(-4.152899775902,4.089400069607,
    -3.287199884329));
#142 = VECTOR('',#143,1.);
#143 = DIRECTION('',(8.742277990872E-08,-1.,-1.685873903924E-07));
#144 = ORIENTED_EDGE('',*,*,#145,.T.);
#145 = EDGE_CURVE('',#138,#146,#148,.T.);
#146 = VERTEX_POINT('',#147);
#147 = CARTESIAN_POINT('',(-4.15290036462,4.089399412302,0.611700115671)
  );
#148 = LINE('',#149,#150);
#149 = CARTESIAN_POINT('',(-4.152899775902,4.089400069607,
    -3.287199884329));
#150 = VECTOR('',#151,1.);
#151 = DIRECTION('',(-1.509957643573E-07,-1.685874035928E-07,1.));
#152 = ORIENTED_EDGE('',*,*,#153,.F.);
#153 = EDGE_CURVE('',#154,#146,#156,.T.);
#154 = VERTEX_POINT('',#155);
#155 = CARTESIAN_POINT('',(-4.152900506435,4.495799293632,1.315605632381
    ));
#156 = LINE('',#157,#158);
#157 = CARTESIAN_POINT('',(-4.152900506435,4.495799293632,1.315605632381
    ));
#158 = VECTOR('',#159,1.);
#159 = DIRECTION('',(1.744775577516E-07,-0.499999853999,-0.866025488078)
  );
#160 = ORIENTED_EDGE('',*,*,#161,.T.);
#161 = EDGE_CURVE('',#154,#162,#164,.T.);
#162 = VERTEX_POINT('',#163);
#163 = CARTESIAN_POINT('',(-4.15290056123,4.495799232453,1.678500184185)
  );
#164 = LINE('',#165,#166);
#165 = CARTESIAN_POINT('',(-4.152900506435,4.495799293632,1.315605632381
    ));
#166 = VECTOR('',#167,1.);
#167 = DIRECTION('',(-1.509957643573E-07,-1.685874035928E-07,1.));
#168 = ORIENTED_EDGE('',*,*,#169,.T.);
#169 = EDGE_CURVE('',#162,#170,#172,.T.);
#170 = VERTEX_POINT('',#171);
#171 = CARTESIAN_POINT('',(-4.152900545687,4.317999232453,1.67850015421)
  );
#172 = LINE('',#173,#174);
#173 = CARTESIAN_POINT('',(-4.15290056123,4.495799232453,1.678500184185)
  );
#174 = VECTOR('',#175,1.);
#175 = DIRECTION('',(8.742277990872E-08,-1.,-1.685873903924E-07));
#176 = ORIENTED_EDGE('',*,*,#177,.T.);
#177 = EDGE_CURVE('',#170,#178,#180,.T.);
#178 = VERTEX_POINT('',#179);
#179 = CARTESIAN_POINT('',(-4.152900574451,4.317999200337,1.86900015421)
  );
#180 = LINE('',#181,#182);
#181 = CARTESIAN_POINT('',(-4.152900545687,4.317999232453,1.67850015421)
  );
#182 = VECTOR('',#183,1.);
#183 = DIRECTION('',(-1.509957643573E-07,-1.685874035928E-07,1.));
#184 = ORIENTED_EDGE('',*,*,#185,.T.);
#185 = EDGE_CURVE('',#178,#96,#186,.T.);
#186 = LINE('',#187,#188);
#187 = CARTESIAN_POINT('',(-4.152900574451,4.317999200337,1.86900015421)
  );
#188 = VECTOR('',#189,1.);
#189 = DIRECTION('',(8.742277990872E-08,-1.,-1.685873903924E-07));
#190 = PLANE('',#191);
#191 = AXIS2_PLACEMENT_3D('',#192,#193,#194);
#192 = CARTESIAN_POINT('',(-4.152900574451,4.317999200337,1.86900015421)
  );
#193 = DIRECTION('',(-1.,-8.742275445273E-08,-1.509957790957E-07));
#194 = DIRECTION('',(1.509957643573E-07,1.685874035928E-07,-1.));
#195 = ADVANCED_FACE('',(#196),#221,.T.);
#196 = FACE_BOUND('',#197,.F.);
#197 = EDGE_LOOP('',(#198,#199,#207,#215));
#198 = ORIENTED_EDGE('',*,*,#121,.T.);
#199 = ORIENTED_EDGE('',*,*,#200,.T.);
#200 = EDGE_CURVE('',#114,#201,#203,.T.);
#201 = VERTEX_POINT('',#202);
#202 = CARTESIAN_POINT('',(-3.848100390967,3.174999320279,1.315605455734
    ));
#203 = LINE('',#204,#205);
#204 = CARTESIAN_POINT('',(-4.152900390967,3.174999293632,1.31560540971)
  );
#205 = VECTOR('',#206,1.);
#206 = DIRECTION('',(1.,8.742275445273E-08,1.509957790957E-07));
#207 = ORIENTED_EDGE('',*,*,#208,.T.);
#208 = EDGE_CURVE('',#201,#209,#211,.T.);
#209 = VERTEX_POINT('',#210);
#210 = CARTESIAN_POINT('',(-3.848100320209,3.581399438948,0.611700076052
    ));
#211 = LINE('',#212,#213);
#212 = CARTESIAN_POINT('',(-3.848100390967,3.174999320279,1.315605455734
    ));
#213 = VECTOR('',#214,1.);
#214 = DIRECTION('',(8.705477784289E-08,0.500000146001,-0.866025319491)
  );
#215 = ORIENTED_EDGE('',*,*,#216,.F.);
#216 = EDGE_CURVE('',#122,#209,#217,.T.);
#217 = LINE('',#218,#219);
#218 = CARTESIAN_POINT('',(-4.152900320209,3.581399412302,0.611700030028
    ));
#219 = VECTOR('',#220,1.);
#220 = DIRECTION('',(1.,8.742275445273E-08,1.509957790957E-07));
#221 = PLANE('',#222);
#222 = AXIS2_PLACEMENT_3D('',#223,#224,#225);
#223 = CARTESIAN_POINT('',(-4.152900320209,3.581399412302,0.611700030028
    ));
#224 = DIRECTION('',(1.51208230449E-07,-0.866025319491,-0.500000146001)
  );
#225 = DIRECTION('',(-8.705477784289E-08,-0.500000146001,0.866025319491)
  );
#226 = ADVANCED_FACE('',(#227),#316,.T.);
#227 = FACE_BOUND('',#228,.F.);
#228 = EDGE_LOOP('',(#229,#230,#238,#246,#254,#262,#270,#278,#286,#294,
    #302,#310));
#229 = ORIENTED_EDGE('',*,*,#208,.F.);
#230 = ORIENTED_EDGE('',*,*,#231,.T.);
#231 = EDGE_CURVE('',#201,#232,#234,.T.);
#232 = VERTEX_POINT('',#233);
#233 = CARTESIAN_POINT('',(-3.848100445762,3.174999259099,1.678500007538
    ));
#234 = LINE('',#235,#236);
#235 = CARTESIAN_POINT('',(-3.848100390967,3.174999320279,1.315605455734
    ));
#236 = VECTOR('',#237,1.);
#237 = DIRECTION('',(-1.509957643573E-07,-1.685874035928E-07,1.));
#238 = ORIENTED_EDGE('',*,*,#239,.T.);
#239 = EDGE_CURVE('',#232,#240,#242,.T.);
#240 = VERTEX_POINT('',#241);
#241 = CARTESIAN_POINT('',(-3.848100461306,3.352799259099,1.678500037513
    ));
#242 = LINE('',#243,#244);
#243 = CARTESIAN_POINT('',(-3.848100445762,3.174999259099,1.678500007538
    ));
#244 = VECTOR('',#245,1.);
#245 = DIRECTION('',(-8.742277990872E-08,1.,1.685873903924E-07));
#246 = ORIENTED_EDGE('',*,*,#247,.T.);
#247 = EDGE_CURVE('',#240,#248,#250,.T.);
#248 = VERTEX_POINT('',#249);
#249 = CARTESIAN_POINT('',(-3.848100490071,3.352799226983,1.869000037513
    ));
#250 = LINE('',#251,#252);
#251 = CARTESIAN_POINT('',(-3.848100461306,3.352799259099,1.678500037513
    ));
#252 = VECTOR('',#253,1.);
#253 = DIRECTION('',(-1.509957643573E-07,-1.685874035928E-07,1.));
#254 = ORIENTED_EDGE('',*,*,#255,.T.);
#255 = EDGE_CURVE('',#248,#256,#258,.T.);
#256 = VERTEX_POINT('',#257);
#257 = CARTESIAN_POINT('',(-3.848100574451,4.317999226983,1.869000200233
    ));
#258 = LINE('',#259,#260);
#259 = CARTESIAN_POINT('',(-3.848100490071,3.352799226983,1.869000037513
    ));
#260 = VECTOR('',#261,1.);
#261 = DIRECTION('',(-8.742277990872E-08,1.,1.685873903924E-07));
#262 = ORIENTED_EDGE('',*,*,#263,.T.);
#263 = EDGE_CURVE('',#256,#264,#266,.T.);
#264 = VERTEX_POINT('',#265);
#265 = CARTESIAN_POINT('',(-3.848100545687,4.317999259099,1.678500200233
    ));
#266 = LINE('',#267,#268);
#267 = CARTESIAN_POINT('',(-3.848100574451,4.317999226983,1.869000200233
    ));
#268 = VECTOR('',#269,1.);
#269 = DIRECTION('',(1.509957643573E-07,1.685874035928E-07,-1.));
#270 = ORIENTED_EDGE('',*,*,#271,.T.);
#271 = EDGE_CURVE('',#264,#272,#274,.T.);
#272 = VERTEX_POINT('',#273);
#273 = CARTESIAN_POINT('',(-3.84810056123,4.495799259099,1.678500230208)
  );
#274 = LINE('',#275,#276);
#275 = CARTESIAN_POINT('',(-3.848100545687,4.317999259099,1.678500200233
    ));
#276 = VECTOR('',#277,1.);
#277 = DIRECTION('',(-8.742277990872E-08,1.,1.685873903924E-07));
#278 = ORIENTED_EDGE('',*,*,#279,.T.);
#279 = EDGE_CURVE('',#272,#280,#282,.T.);
#280 = VERTEX_POINT('',#281);
#281 = CARTESIAN_POINT('',(-3.848100506435,4.495799320279,1.315605678404
    ));
#282 = LINE('',#283,#284);
#283 = CARTESIAN_POINT('',(-3.84810056123,4.495799259099,1.678500230208)
  );
#284 = VECTOR('',#285,1.);
#285 = DIRECTION('',(1.509957643573E-07,1.685874035928E-07,-1.));
#286 = ORIENTED_EDGE('',*,*,#287,.F.);
#287 = EDGE_CURVE('',#288,#280,#290,.T.);
#288 = VERTEX_POINT('',#289);
#289 = CARTESIAN_POINT('',(-3.84810036462,4.089399438948,0.611700161694)
  );
#290 = LINE('',#291,#292);
#291 = CARTESIAN_POINT('',(-3.84810036462,4.089399438948,0.611700161694)
  );
#292 = VECTOR('',#293,1.);
#293 = DIRECTION('',(-1.744775577516E-07,0.499999853999,0.866025488078)
  );
#294 = ORIENTED_EDGE('',*,*,#295,.F.);
#295 = EDGE_CURVE('',#296,#288,#298,.T.);
#296 = VERTEX_POINT('',#297);
#297 = CARTESIAN_POINT('',(-3.848099775902,4.089400096254,
    -3.287199838306));
#298 = LINE('',#299,#300);
#299 = CARTESIAN_POINT('',(-3.848099775902,4.089400096254,
    -3.287199838306));
#300 = VECTOR('',#301,1.);
#301 = DIRECTION('',(-1.509957643573E-07,-1.685874035928E-07,1.));
#302 = ORIENTED_EDGE('',*,*,#303,.T.);
#303 = EDGE_CURVE('',#296,#304,#306,.T.);
#304 = VERTEX_POINT('',#305);
#305 = CARTESIAN_POINT('',(-3.848099731491,3.581400096254,
    -3.287199923948));
#306 = LINE('',#307,#308);
#307 = CARTESIAN_POINT('',(-3.848099775902,4.089400096254,
    -3.287199838306));
#308 = VECTOR('',#309,1.);
#309 = DIRECTION('',(8.742277990872E-08,-1.,-1.685873903924E-07));
#310 = ORIENTED_EDGE('',*,*,#311,.T.);
#311 = EDGE_CURVE('',#304,#209,#312,.T.);
#312 = LINE('',#313,#314);
#313 = CARTESIAN_POINT('',(-3.848099731491,3.581400096254,
    -3.287199923948));
#314 = VECTOR('',#315,1.);
#315 = DIRECTION('',(-1.509957643573E-07,-1.685874035928E-07,1.));
#316 = PLANE('',#317);
#317 = AXIS2_PLACEMENT_3D('',#318,#319,#320);
#318 = CARTESIAN_POINT('',(-3.848099795887,4.318000096254,
    -3.287199799767));
#319 = DIRECTION('',(1.,8.742275445273E-08,1.509957790957E-07));
#320 = DIRECTION('',(-1.509957643573E-07,-1.685874035928E-07,1.));
#321 = ADVANCED_FACE('',(#322),#338,.F.);
#322 = FACE_BOUND('',#323,.F.);
#323 = EDGE_LOOP('',(#324,#325,#331,#332));
#324 = ORIENTED_EDGE('',*,*,#287,.T.);
#325 = ORIENTED_EDGE('',*,*,#326,.T.);
#326 = EDGE_CURVE('',#280,#154,#327,.T.);
#327 = LINE('',#328,#329);
#328 = CARTESIAN_POINT('',(-3.848100506435,4.495799320279,1.315605678404
    ));
#329 = VECTOR('',#330,1.);
#330 = DIRECTION('',(-1.,-8.742275445273E-08,-1.509957790957E-07));
#331 = ORIENTED_EDGE('',*,*,#153,.T.);
#332 = ORIENTED_EDGE('',*,*,#333,.T.);
#333 = EDGE_CURVE('',#146,#288,#334,.T.);
#334 = LINE('',#335,#336);
#335 = CARTESIAN_POINT('',(-4.15290036462,4.089399412302,0.611700115671)
  );
#336 = VECTOR('',#337,1.);
#337 = DIRECTION('',(1.,8.742275445273E-08,1.509957790957E-07));
#338 = PLANE('',#339);
#339 = AXIS2_PLACEMENT_3D('',#340,#341,#342);
#340 = CARTESIAN_POINT('',(-4.15290036462,4.089399412302,0.611700115671)
  );
#341 = DIRECTION('',(2.124660917607E-10,-0.866025488078,0.499999853999)
  );
#342 = DIRECTION('',(-1.744775577516E-07,0.499999853999,0.866025488078)
  );
#343 = ADVANCED_FACE('',(#344),#355,.F.);
#344 = FACE_BOUND('',#345,.F.);
#345 = EDGE_LOOP('',(#346,#347,#353,#354));
#346 = ORIENTED_EDGE('',*,*,#145,.F.);
#347 = ORIENTED_EDGE('',*,*,#348,.T.);
#348 = EDGE_CURVE('',#138,#296,#349,.T.);
#349 = LINE('',#350,#351);
#350 = CARTESIAN_POINT('',(-4.152899775902,4.089400069607,
    -3.287199884329));
#351 = VECTOR('',#352,1.);
#352 = DIRECTION('',(1.,8.742275445273E-08,1.509957790957E-07));
#353 = ORIENTED_EDGE('',*,*,#295,.T.);
#354 = ORIENTED_EDGE('',*,*,#333,.F.);
#355 = PLANE('',#356);
#356 = AXIS2_PLACEMENT_3D('',#357,#358,#359);
#357 = CARTESIAN_POINT('',(-4.152899775902,4.089400069607,
    -3.287199884329));
#358 = DIRECTION('',(8.742277990872E-08,-1.,-1.685873903924E-07));
#359 = DIRECTION('',(-1.509957643573E-07,-1.685874035928E-07,1.));
#360 = ADVANCED_FACE('',(#361),#372,.T.);
#361 = FACE_BOUND('',#362,.F.);
#362 = EDGE_LOOP('',(#363,#369,#370,#371));
#363 = ORIENTED_EDGE('',*,*,#364,.T.);
#364 = EDGE_CURVE('',#130,#304,#365,.T.);
#365 = LINE('',#366,#367);
#366 = CARTESIAN_POINT('',(-4.152899731491,3.581400069607,
    -3.287199969972));
#367 = VECTOR('',#368,1.);
#368 = DIRECTION('',(1.,8.742275445273E-08,1.509957790957E-07));
#369 = ORIENTED_EDGE('',*,*,#303,.F.);
#370 = ORIENTED_EDGE('',*,*,#348,.F.);
#371 = ORIENTED_EDGE('',*,*,#137,.T.);
#372 = PLANE('',#373);
#373 = AXIS2_PLACEMENT_3D('',#374,#375,#376);
#374 = CARTESIAN_POINT('',(-4.152899795887,4.318000069607,-3.28719984579
    ));
#375 = DIRECTION('',(1.509957643573E-07,1.685874035928E-07,-1.));
#376 = DIRECTION('',(1.,8.742275445273E-08,1.509957790957E-07));
#377 = ADVANCED_FACE('',(#378),#384,.T.);
#378 = FACE_BOUND('',#379,.F.);
#379 = EDGE_LOOP('',(#380,#381,#382,#383));
#380 = ORIENTED_EDGE('',*,*,#129,.T.);
#381 = ORIENTED_EDGE('',*,*,#216,.T.);
#382 = ORIENTED_EDGE('',*,*,#311,.F.);
#383 = ORIENTED_EDGE('',*,*,#364,.F.);
#384 = PLANE('',#385);
#385 = AXIS2_PLACEMENT_3D('',#386,#387,#388);
#386 = CARTESIAN_POINT('',(-4.152899731491,3.581400069607,
    -3.287199969972));
#387 = DIRECTION('',(8.742277990872E-08,-1.,-1.685873903924E-07));
#388 = DIRECTION('',(-1.509957643573E-07,-1.685874035928E-07,1.));
#389 = ( GEOMETRIC_REPRESENTATION_CONTEXT(3) 
GLOBAL_UNCERTAINTY_ASSIGNED_CONTEXT((#393)) GLOBAL_UNIT_ASSIGNED_CONTEXT
((#390,#391,#392)) REPRESENTATION_CONTEXT('Context #1',
  '3D Context with UNIT and UNCERTAINTY') );
#390 = ( LENGTH_UNIT() NAMED_UNIT(*) SI_UNIT(.MILLI.,.METRE.) );
#391 = ( NAMED_UNIT(*) PLANE_ANGLE_UNIT() SI_UNIT($,.RADIAN.) );
#392 = ( NAMED_UNIT(*) SI_UNIT($,.STERADIAN.) SOLID_ANGLE_UNIT() );
#393 = UNCERTAINTY_MEASURE_WITH_UNIT(LENGTH_MEASURE(1.E-07),#390,
  'distance_accuracy_value','confusion accuracy');
#394 = CONTEXT_DEPENDENT_SHAPE_REPRESENTATION(#395,#397);
#395 = ( REPRESENTATION_RELATIONSHIP('','',#88,#10) 
REPRESENTATION_RELATIONSHIP_WITH_TRANSFORMATION(#396) 
SHAPE_REPRESENTATION_RELATIONSHIP() );
#396 = ITEM_DEFINED_TRANSFORMATION('','',#11,#15);
#397 = PRODUCT_DEFINITION_SHAPE('Placement','Placement of an item',#398
  );
#398 = NEXT_ASSEMBLY_USAGE_OCCURRENCE('1','LinkGroup001.0','',#5,#83,$);
#399 = PRODUCT_RELATED_PRODUCT_CATEGORY('part',$,(#85));
#400 = SHAPE_DEFINITION_REPRESENTATION(#401,#407);
#401 = PRODUCT_DEFINITION_SHAPE('','',#402);
#402 = PRODUCT_DEFINITION('design','',#403,#406);
#403 = PRODUCT_DEFINITION_FORMATION('','',#404);
#404 = PRODUCT('LinkGroup001.1','LinkGroup001.1','',(#405));
#405 = PRODUCT_CONTEXT('',#2,'mechanical');
#406 = PRODUCT_DEFINITION_CONTEXT('part definition',#2,'design');
#407 = MANIFOLD_SURFACE_SHAPE_REPRESENTATION('',(#11,#408),#708);
#408 = SHELL_BASED_SURFACE_MODEL('',(#409));
#409 = OPEN_SHELL('',(#410,#514,#545,#640,#662,#679,#696));
#410 = ADVANCED_FACE('',(#411),#509,.T.);
#411 = FACE_BOUND('',#412,.F.);
#412 = EDGE_LOOP('',(#413,#423,#431,#439,#447,#455,#463,#471,#479,#487,
    #495,#503));
#413 = ORIENTED_EDGE('',*,*,#414,.T.);
#414 = EDGE_CURVE('',#415,#417,#419,.T.);
#415 = VERTEX_POINT('',#416);
#416 = CARTESIAN_POINT('',(4.152899425549,4.317999926453,1.869001408351)
  );
#417 = VERTEX_POINT('',#418);
#418 = CARTESIAN_POINT('',(4.152899454313,4.317999958569,1.678501408351)
  );
#419 = LINE('',#420,#421);
#420 = CARTESIAN_POINT('',(4.152899425549,4.317999926453,1.869001408351)
  );
#421 = VECTOR('',#422,1.);
#422 = DIRECTION('',(1.509957643573E-07,1.685874035928E-07,-1.));
#423 = ORIENTED_EDGE('',*,*,#424,.T.);
#424 = EDGE_CURVE('',#417,#425,#427,.T.);
#425 = VERTEX_POINT('',#426);
#426 = CARTESIAN_POINT('',(4.152899438769,4.495799958569,1.678501438325)
  );
#427 = LINE('',#428,#429);
#428 = CARTESIAN_POINT('',(4.152899454313,4.317999958569,1.678501408351)
  );
#429 = VECTOR('',#430,1.);
#430 = DIRECTION('',(-8.742277990872E-08,1.,1.685873903924E-07));
#431 = ORIENTED_EDGE('',*,*,#432,.T.);
#432 = EDGE_CURVE('',#425,#433,#435,.T.);
#433 = VERTEX_POINT('',#434);
#434 = CARTESIAN_POINT('',(4.152899493565,4.495800019748,1.315606886521)
  );
#435 = LINE('',#436,#437);
#436 = CARTESIAN_POINT('',(4.152899438769,4.495799958569,1.678501438325)
  );
#437 = VECTOR('',#438,1.);
#438 = DIRECTION('',(1.509957643573E-07,1.685874035928E-07,-1.));
#439 = ORIENTED_EDGE('',*,*,#440,.F.);
#440 = EDGE_CURVE('',#441,#433,#443,.T.);
#441 = VERTEX_POINT('',#442);
#442 = CARTESIAN_POINT('',(4.15289963538,4.089400138418,0.611701369812)
  );
#443 = LINE('',#444,#445);
#444 = CARTESIAN_POINT('',(4.15289963538,4.089400138418,0.611701369812)
  );
#445 = VECTOR('',#446,1.);
#446 = DIRECTION('',(-1.744775577516E-07,0.499999853999,0.866025488078)
  );
#447 = ORIENTED_EDGE('',*,*,#448,.F.);
#448 = EDGE_CURVE('',#449,#441,#451,.T.);
#449 = VERTEX_POINT('',#450);
#450 = CARTESIAN_POINT('',(4.152900224098,4.089400795723,-3.287198630188
    ));
#451 = LINE('',#452,#453);
#452 = CARTESIAN_POINT('',(4.152900224098,4.089400795723,-3.287198630188
    ));
#453 = VECTOR('',#454,1.);
#454 = DIRECTION('',(-1.509957643573E-07,-1.685874035928E-07,1.));
#455 = ORIENTED_EDGE('',*,*,#456,.F.);
#456 = EDGE_CURVE('',#457,#449,#459,.T.);
#457 = VERTEX_POINT('',#458);
#458 = CARTESIAN_POINT('',(4.152900268509,3.581400795723,-3.287198715831
    ));
#459 = LINE('',#460,#461);
#460 = CARTESIAN_POINT('',(4.152900268509,3.581400795723,-3.287198715831
    ));
#461 = VECTOR('',#462,1.);
#462 = DIRECTION('',(-8.742277990872E-08,1.,1.685873903924E-07));
#463 = ORIENTED_EDGE('',*,*,#464,.T.);
#464 = EDGE_CURVE('',#457,#465,#467,.T.);
#465 = VERTEX_POINT('',#466);
#466 = CARTESIAN_POINT('',(4.152899679791,3.581400138418,0.611701284169)
  );
#467 = LINE('',#468,#469);
#468 = CARTESIAN_POINT('',(4.152900268509,3.581400795723,-3.287198715831
    ));
#469 = VECTOR('',#470,1.);
#470 = DIRECTION('',(-1.509957643573E-07,-1.685874035928E-07,1.));
#471 = ORIENTED_EDGE('',*,*,#472,.F.);
#472 = EDGE_CURVE('',#473,#465,#475,.T.);
#473 = VERTEX_POINT('',#474);
#474 = CARTESIAN_POINT('',(4.152899609033,3.175000019748,1.315606663851)
  );
#475 = LINE('',#476,#477);
#476 = CARTESIAN_POINT('',(4.152899609033,3.175000019748,1.315606663851)
  );
#477 = VECTOR('',#478,1.);
#478 = DIRECTION('',(8.705477784289E-08,0.500000146001,-0.866025319491)
  );
#479 = ORIENTED_EDGE('',*,*,#480,.T.);
#480 = EDGE_CURVE('',#473,#481,#483,.T.);
#481 = VERTEX_POINT('',#482);
#482 = CARTESIAN_POINT('',(4.152899554237,3.174999958569,1.678501215655)
  );
#483 = LINE('',#484,#485);
#484 = CARTESIAN_POINT('',(4.152899609033,3.175000019748,1.315606663851)
  );
#485 = VECTOR('',#486,1.);
#486 = DIRECTION('',(-1.509957643573E-07,-1.685874035928E-07,1.));
#487 = ORIENTED_EDGE('',*,*,#488,.T.);
#488 = EDGE_CURVE('',#481,#489,#491,.T.);
#489 = VERTEX_POINT('',#490);
#490 = CARTESIAN_POINT('',(4.152899538694,3.352799958569,1.67850124563)
  );
#491 = LINE('',#492,#493);
#492 = CARTESIAN_POINT('',(4.152899554237,3.174999958569,1.678501215655)
  );
#493 = VECTOR('',#494,1.);
#494 = DIRECTION('',(-8.742277990872E-08,1.,1.685873903924E-07));
#495 = ORIENTED_EDGE('',*,*,#496,.T.);
#496 = EDGE_CURVE('',#489,#497,#499,.T.);
#497 = VERTEX_POINT('',#498);
#498 = CARTESIAN_POINT('',(4.152899509929,3.352799926453,1.86900124563)
  );
#499 = LINE('',#500,#501);
#500 = CARTESIAN_POINT('',(4.152899538694,3.352799958569,1.67850124563)
  );
#501 = VECTOR('',#502,1.);
#502 = DIRECTION('',(-1.509957643573E-07,-1.685874035928E-07,1.));
#503 = ORIENTED_EDGE('',*,*,#504,.T.);
#504 = EDGE_CURVE('',#497,#415,#505,.T.);
#505 = LINE('',#506,#507);
#506 = CARTESIAN_POINT('',(4.152899509929,3.352799926453,1.86900124563)
  );
#507 = VECTOR('',#508,1.);
#508 = DIRECTION('',(-8.742277990872E-08,1.,1.685873903924E-07));
#509 = PLANE('',#510);
#510 = AXIS2_PLACEMENT_3D('',#511,#512,#513);
#511 = CARTESIAN_POINT('',(4.152899509929,3.352799926453,1.86900124563)
  );
#512 = DIRECTION('',(1.,8.742275445273E-08,1.509957790957E-07));
#513 = DIRECTION('',(1.509957643573E-07,1.685874035928E-07,-1.));
#514 = ADVANCED_FACE('',(#515),#540,.T.);
#515 = FACE_BOUND('',#516,.F.);
#516 = EDGE_LOOP('',(#517,#518,#526,#534));
#517 = ORIENTED_EDGE('',*,*,#440,.T.);
#518 = ORIENTED_EDGE('',*,*,#519,.T.);
#519 = EDGE_CURVE('',#433,#520,#522,.T.);
#520 = VERTEX_POINT('',#521);
#521 = CARTESIAN_POINT('',(3.848099493565,4.495799993102,1.315606840498)
  );
#522 = LINE('',#523,#524);
#523 = CARTESIAN_POINT('',(4.152899493565,4.495800019748,1.315606886521)
  );
#524 = VECTOR('',#525,1.);
#525 = DIRECTION('',(-1.,-8.742275445273E-08,-1.509957790957E-07));
#526 = ORIENTED_EDGE('',*,*,#527,.T.);
#527 = EDGE_CURVE('',#520,#528,#530,.T.);
#528 = VERTEX_POINT('',#529);
#529 = CARTESIAN_POINT('',(3.84809963538,4.089400111771,0.611701323788)
  );
#530 = LINE('',#531,#532);
#531 = CARTESIAN_POINT('',(3.848099493565,4.495799993102,1.315606840498)
  );
#532 = VECTOR('',#533,1.);
#533 = DIRECTION('',(1.744775577516E-07,-0.499999853999,-0.866025488078)
  );
#534 = ORIENTED_EDGE('',*,*,#535,.F.);
#535 = EDGE_CURVE('',#441,#528,#536,.T.);
#536 = LINE('',#537,#538);
#537 = CARTESIAN_POINT('',(4.15289963538,4.089400138418,0.611701369812)
  );
#538 = VECTOR('',#539,1.);
#539 = DIRECTION('',(-1.,-8.742275445273E-08,-1.509957790957E-07));
#540 = PLANE('',#541);
#541 = AXIS2_PLACEMENT_3D('',#542,#543,#544);
#542 = CARTESIAN_POINT('',(4.15289963538,4.089400138418,0.611701369812)
  );
#543 = DIRECTION('',(-2.124660917607E-10,0.866025488078,-0.499999853999)
  );
#544 = DIRECTION('',(-1.744775577516E-07,0.499999853999,0.866025488078)
  );
#545 = ADVANCED_FACE('',(#546),#635,.T.);
#546 = FACE_BOUND('',#547,.F.);
#547 = EDGE_LOOP('',(#548,#549,#557,#565,#573,#581,#589,#597,#605,#613,
    #621,#629));
#548 = ORIENTED_EDGE('',*,*,#527,.F.);
#549 = ORIENTED_EDGE('',*,*,#550,.T.);
#550 = EDGE_CURVE('',#520,#551,#553,.T.);
#551 = VERTEX_POINT('',#552);
#552 = CARTESIAN_POINT('',(3.848099438769,4.495799931922,1.678501392302)
  );
#553 = LINE('',#554,#555);
#554 = CARTESIAN_POINT('',(3.848099493565,4.495799993102,1.315606840498)
  );
#555 = VECTOR('',#556,1.);
#556 = DIRECTION('',(-1.509957643573E-07,-1.685874035928E-07,1.));
#557 = ORIENTED_EDGE('',*,*,#558,.T.);
#558 = EDGE_CURVE('',#551,#559,#561,.T.);
#559 = VERTEX_POINT('',#560);
#560 = CARTESIAN_POINT('',(3.848099454313,4.317999931922,1.678501362327)
  );
#561 = LINE('',#562,#563);
#562 = CARTESIAN_POINT('',(3.848099438769,4.495799931922,1.678501392302)
  );
#563 = VECTOR('',#564,1.);
#564 = DIRECTION('',(8.742277990872E-08,-1.,-1.685873903924E-07));
#565 = ORIENTED_EDGE('',*,*,#566,.T.);
#566 = EDGE_CURVE('',#559,#567,#569,.T.);
#567 = VERTEX_POINT('',#568);
#568 = CARTESIAN_POINT('',(3.848099425549,4.317999899806,1.869001362327)
  );
#569 = LINE('',#570,#571);
#570 = CARTESIAN_POINT('',(3.848099454313,4.317999931922,1.678501362327)
  );
#571 = VECTOR('',#572,1.);
#572 = DIRECTION('',(-1.509957643573E-07,-1.685874035928E-07,1.));
#573 = ORIENTED_EDGE('',*,*,#574,.T.);
#574 = EDGE_CURVE('',#567,#575,#577,.T.);
#575 = VERTEX_POINT('',#576);
#576 = CARTESIAN_POINT('',(3.848099509929,3.352799899806,1.869001199606)
  );
#577 = LINE('',#578,#579);
#578 = CARTESIAN_POINT('',(3.848099425549,4.317999899806,1.869001362327)
  );
#579 = VECTOR('',#580,1.);
#580 = DIRECTION('',(8.742277990872E-08,-1.,-1.685873903924E-07));
#581 = ORIENTED_EDGE('',*,*,#582,.T.);
#582 = EDGE_CURVE('',#575,#583,#585,.T.);
#583 = VERTEX_POINT('',#584);
#584 = CARTESIAN_POINT('',(3.848099538694,3.352799931922,1.678501199606)
  );
#585 = LINE('',#586,#587);
#586 = CARTESIAN_POINT('',(3.848099509929,3.352799899806,1.869001199606)
  );
#587 = VECTOR('',#588,1.);
#588 = DIRECTION('',(1.509957643573E-07,1.685874035928E-07,-1.));
#589 = ORIENTED_EDGE('',*,*,#590,.T.);
#590 = EDGE_CURVE('',#583,#591,#593,.T.);
#591 = VERTEX_POINT('',#592);
#592 = CARTESIAN_POINT('',(3.848099554237,3.174999931922,1.678501169632)
  );
#593 = LINE('',#594,#595);
#594 = CARTESIAN_POINT('',(3.848099538694,3.352799931922,1.678501199606)
  );
#595 = VECTOR('',#596,1.);
#596 = DIRECTION('',(8.742277990872E-08,-1.,-1.685873903924E-07));
#597 = ORIENTED_EDGE('',*,*,#598,.T.);
#598 = EDGE_CURVE('',#591,#599,#601,.T.);
#599 = VERTEX_POINT('',#600);
#600 = CARTESIAN_POINT('',(3.848099609033,3.174999993102,1.315606617828)
  );
#601 = LINE('',#602,#603);
#602 = CARTESIAN_POINT('',(3.848099554237,3.174999931922,1.678501169632)
  );
#603 = VECTOR('',#604,1.);
#604 = DIRECTION('',(1.509957643573E-07,1.685874035928E-07,-1.));
#605 = ORIENTED_EDGE('',*,*,#606,.F.);
#606 = EDGE_CURVE('',#607,#599,#609,.T.);
#607 = VERTEX_POINT('',#608);
#608 = CARTESIAN_POINT('',(3.848099679791,3.581400111771,0.611701238146)
  );
#609 = LINE('',#610,#611);
#610 = CARTESIAN_POINT('',(3.848099679791,3.581400111771,0.611701238146)
  );
#611 = VECTOR('',#612,1.);
#612 = DIRECTION('',(-8.705477784289E-08,-0.500000146001,0.866025319491)
  );
#613 = ORIENTED_EDGE('',*,*,#614,.F.);
#614 = EDGE_CURVE('',#615,#607,#617,.T.);
#615 = VERTEX_POINT('',#616);
#616 = CARTESIAN_POINT('',(3.848100268509,3.581400769077,-3.287198761854
    ));
#617 = LINE('',#618,#619);
#618 = CARTESIAN_POINT('',(3.848100268509,3.581400769077,-3.287198761854
    ));
#619 = VECTOR('',#620,1.);
#620 = DIRECTION('',(-1.509957643573E-07,-1.685874035928E-07,1.));
#621 = ORIENTED_EDGE('',*,*,#622,.T.);
#622 = EDGE_CURVE('',#615,#623,#625,.T.);
#623 = VERTEX_POINT('',#624);
#624 = CARTESIAN_POINT('',(3.848100224098,4.089400769077,-3.287198676212
    ));
#625 = LINE('',#626,#627);
#626 = CARTESIAN_POINT('',(3.848100268509,3.581400769077,-3.287198761854
    ));
#627 = VECTOR('',#628,1.);
#628 = DIRECTION('',(-8.742277990872E-08,1.,1.685873903924E-07));
#629 = ORIENTED_EDGE('',*,*,#630,.T.);
#630 = EDGE_CURVE('',#623,#528,#631,.T.);
#631 = LINE('',#632,#633);
#632 = CARTESIAN_POINT('',(3.848100224098,4.089400769077,-3.287198676212
    ));
#633 = VECTOR('',#634,1.);
#634 = DIRECTION('',(-1.509957643573E-07,-1.685874035928E-07,1.));
#635 = PLANE('',#636);
#636 = AXIS2_PLACEMENT_3D('',#637,#638,#639);
#637 = CARTESIAN_POINT('',(3.848100288493,3.352800769077,-3.287198800393
    ));
#638 = DIRECTION('',(-1.,-8.742275445273E-08,-1.509957790957E-07));
#639 = DIRECTION('',(-1.509957643573E-07,-1.685874035928E-07,1.));
#640 = ADVANCED_FACE('',(#641),#657,.F.);
#641 = FACE_BOUND('',#642,.F.);
#642 = EDGE_LOOP('',(#643,#644,#650,#651));
#643 = ORIENTED_EDGE('',*,*,#606,.T.);
#644 = ORIENTED_EDGE('',*,*,#645,.T.);
#645 = EDGE_CURVE('',#599,#473,#646,.T.);
#646 = LINE('',#647,#648);
#647 = CARTESIAN_POINT('',(3.848099609033,3.174999993102,1.315606617828)
  );
#648 = VECTOR('',#649,1.);
#649 = DIRECTION('',(1.,8.742275445273E-08,1.509957790957E-07));
#650 = ORIENTED_EDGE('',*,*,#472,.T.);
#651 = ORIENTED_EDGE('',*,*,#652,.T.);
#652 = EDGE_CURVE('',#465,#607,#653,.T.);
#653 = LINE('',#654,#655);
#654 = CARTESIAN_POINT('',(4.152899679791,3.581400138418,0.611701284169)
  );
#655 = VECTOR('',#656,1.);
#656 = DIRECTION('',(-1.,-8.742275445273E-08,-1.509957790957E-07));
#657 = PLANE('',#658);
#658 = AXIS2_PLACEMENT_3D('',#659,#660,#661);
#659 = CARTESIAN_POINT('',(4.152899679791,3.581400138418,0.611701284169)
  );
#660 = DIRECTION('',(-1.51208230449E-07,0.866025319491,0.500000146001));
#661 = DIRECTION('',(-8.705477784289E-08,-0.500000146001,0.866025319491)
  );
#662 = ADVANCED_FACE('',(#663),#674,.F.);
#663 = FACE_BOUND('',#664,.F.);
#664 = EDGE_LOOP('',(#665,#666,#672,#673));
#665 = ORIENTED_EDGE('',*,*,#464,.F.);
#666 = ORIENTED_EDGE('',*,*,#667,.T.);
#667 = EDGE_CURVE('',#457,#615,#668,.T.);
#668 = LINE('',#669,#670);
#669 = CARTESIAN_POINT('',(4.152900268509,3.581400795723,-3.287198715831
    ));
#670 = VECTOR('',#671,1.);
#671 = DIRECTION('',(-1.,-8.742275445273E-08,-1.509957790957E-07));
#672 = ORIENTED_EDGE('',*,*,#614,.T.);
#673 = ORIENTED_EDGE('',*,*,#652,.F.);
#674 = PLANE('',#675);
#675 = AXIS2_PLACEMENT_3D('',#676,#677,#678);
#676 = CARTESIAN_POINT('',(4.152900268509,3.581400795723,-3.287198715831
    ));
#677 = DIRECTION('',(-8.742277990872E-08,1.,1.685873903924E-07));
#678 = DIRECTION('',(-1.509957643573E-07,-1.685874035928E-07,1.));
#679 = ADVANCED_FACE('',(#680),#691,.T.);
#680 = FACE_BOUND('',#681,.F.);
#681 = EDGE_LOOP('',(#682,#688,#689,#690));
#682 = ORIENTED_EDGE('',*,*,#683,.T.);
#683 = EDGE_CURVE('',#449,#623,#684,.T.);
#684 = LINE('',#685,#686);
#685 = CARTESIAN_POINT('',(4.152900224098,4.089400795723,-3.287198630188
    ));
#686 = VECTOR('',#687,1.);
#687 = DIRECTION('',(-1.,-8.742275445273E-08,-1.509957790957E-07));
#688 = ORIENTED_EDGE('',*,*,#622,.F.);
#689 = ORIENTED_EDGE('',*,*,#667,.F.);
#690 = ORIENTED_EDGE('',*,*,#456,.T.);
#691 = PLANE('',#692);
#692 = AXIS2_PLACEMENT_3D('',#693,#694,#695);
#693 = CARTESIAN_POINT('',(4.152900288493,3.352800795723,-3.28719875437)
  );
#694 = DIRECTION('',(1.509957643573E-07,1.685874035928E-07,-1.));
#695 = DIRECTION('',(-1.,-8.742275445273E-08,-1.509957790957E-07));
#696 = ADVANCED_FACE('',(#697),#703,.T.);
#697 = FACE_BOUND('',#698,.F.);
#698 = EDGE_LOOP('',(#699,#700,#701,#702));
#699 = ORIENTED_EDGE('',*,*,#448,.T.);
#700 = ORIENTED_EDGE('',*,*,#535,.T.);
#701 = ORIENTED_EDGE('',*,*,#630,.F.);
#702 = ORIENTED_EDGE('',*,*,#683,.F.);
#703 = PLANE('',#704);
#704 = AXIS2_PLACEMENT_3D('',#705,#706,#707);
#705 = CARTESIAN_POINT('',(4.152900224098,4.089400795723,-3.287198630188
    ));
#706 = DIRECTION('',(-8.742277990872E-08,1.,1.685873903924E-07));
#707 = DIRECTION('',(-1.509957643573E-07,-1.685874035928E-07,1.));
#708 = ( GEOMETRIC_REPRESENTATION_CONTEXT(3) 
GLOBAL_UNCERTAINTY_ASSIGNED_CONTEXT((#712)) GLOBAL_UNIT_ASSIGNED_CONTEXT
((#709,#710,#711)) REPRESENTATION_CONTEXT('Context #1',
  '3D Context with UNIT and UNCERTAINTY') );
#709 = ( LENGTH_UNIT() NAMED_UNIT(*) SI_UNIT(.MILLI.,.METRE.) );
#710 = ( NAMED_UNIT(*) PLANE_ANGLE_UNIT() SI_UNIT($,.RADIAN.) );
#711 = ( NAMED_UNIT(*) SI_UNIT($,.STERADIAN.) SOLID_ANGLE_UNIT() );
#712 = UNCERTAINTY_MEASURE_WITH_UNIT(LENGTH_MEASURE(1.E-07),#709,
  'distance_accuracy_value','confusion accuracy');
#713 = CONTEXT_DEPENDENT_SHAPE_REPRESENTATION(#714,#716);
#714 = ( REPRESENTATION_RELATIONSHIP('','',#407,#10) 
REPRESENTATION_RELATIONSHIP_WITH_TRANSFORMATION(#715) 
SHAPE_REPRESENTATION_RELATIONSHIP() );
#715 = ITEM_DEFINED_TRANSFORMATION('','',#11,#19);
#716 = PRODUCT_DEFINITION_SHAPE('Placement','Placement of an item',#717
  );
#717 = NEXT_ASSEMBLY_USAGE_OCCURRENCE('2','LinkGroup001.1','',#5,#402,$
  );
#718 = PRODUCT_RELATED_PRODUCT_CATEGORY('part',$,(#404));
#719 = SHAPE_DEFINITION_REPRESENTATION(#720,#726);
#720 = PRODUCT_DEFINITION_SHAPE('','',#721);
#721 = PRODUCT_DEFINITION('design','',#722,#725);
#722 = PRODUCT_DEFINITION_FORMATION('','',#723);
#723 = PRODUCT('LinkGroup001.2','LinkGroup001.2','',(#724));
#724 = PRODUCT_CONTEXT('',#2,'mechanical');
#725 = PRODUCT_DEFINITION_CONTEXT('part definition',#2,'design');
#726 = MANIFOLD_SURFACE_SHAPE_REPRESENTATION('',(#11,#727),#1027);
#727 = SHELL_BASED_SURFACE_MODEL('',(#728));
#728 = OPEN_SHELL('',(#729,#833,#864,#959,#981,#998,#1015));
#729 = ADVANCED_FACE('',(#730),#828,.T.);
#730 = FACE_BOUND('',#731,.F.);
#731 = EDGE_LOOP('',(#732,#742,#750,#758,#766,#774,#782,#790,#798,#806,
    #814,#822));
#732 = ORIENTED_EDGE('',*,*,#733,.T.);
#733 = EDGE_CURVE('',#734,#736,#738,.T.);
#734 = VERTEX_POINT('',#735);
#735 = CARTESIAN_POINT('',(-4.152900268017,0.812799200337,1.868999563277
    ));
#736 = VERTEX_POINT('',#737);
#737 = CARTESIAN_POINT('',(-4.152900239252,0.812799232453,1.678499563277
    ));
#738 = LINE('',#739,#740);
#739 = CARTESIAN_POINT('',(-4.152900268017,0.812799200337,1.868999563277
    ));
#740 = VECTOR('',#741,1.);
#741 = DIRECTION('',(1.509957643573E-07,1.685874035928E-07,-1.));
#742 = ORIENTED_EDGE('',*,*,#743,.T.);
#743 = EDGE_CURVE('',#736,#744,#746,.T.);
#744 = VERTEX_POINT('',#745);
#745 = CARTESIAN_POINT('',(-4.152900223709,0.634999232453,1.678499533302
    ));
#746 = LINE('',#747,#748);
#747 = CARTESIAN_POINT('',(-4.152900239252,0.812799232453,1.678499563277
    ));
#748 = VECTOR('',#749,1.);
#749 = DIRECTION('',(8.742277990872E-08,-1.,-1.685873903924E-07));
#750 = ORIENTED_EDGE('',*,*,#751,.T.);
#751 = EDGE_CURVE('',#744,#752,#754,.T.);
#752 = VERTEX_POINT('',#753);
#753 = CARTESIAN_POINT('',(-4.152900168913,0.634999293632,1.315604981498
    ));
#754 = LINE('',#755,#756);
#755 = CARTESIAN_POINT('',(-4.152900223709,0.634999232453,1.678499533302
    ));
#756 = VECTOR('',#757,1.);
#757 = DIRECTION('',(1.509957643573E-07,1.685874035928E-07,-1.));
#758 = ORIENTED_EDGE('',*,*,#759,.F.);
#759 = EDGE_CURVE('',#760,#752,#762,.T.);
#760 = VERTEX_POINT('',#761);
#761 = CARTESIAN_POINT('',(-4.152900098155,1.041399412302,0.611699601816
    ));
#762 = LINE('',#763,#764);
#763 = CARTESIAN_POINT('',(-4.152900098155,1.041399412302,0.611699601816
    ));
#764 = VECTOR('',#765,1.);
#765 = DIRECTION('',(-8.705477784289E-08,-0.500000146001,0.866025319491)
  );
#766 = ORIENTED_EDGE('',*,*,#767,.F.);
#767 = EDGE_CURVE('',#768,#760,#770,.T.);
#768 = VERTEX_POINT('',#769);
#769 = CARTESIAN_POINT('',(-4.152899509437,1.041400069607,
    -3.287200398184));
#770 = LINE('',#771,#772);
#771 = CARTESIAN_POINT('',(-4.152899509437,1.041400069607,
    -3.287200398184));
#772 = VECTOR('',#773,1.);
#773 = DIRECTION('',(-1.509957643573E-07,-1.685874035928E-07,1.));
#774 = ORIENTED_EDGE('',*,*,#775,.F.);
#775 = EDGE_CURVE('',#776,#768,#778,.T.);
#776 = VERTEX_POINT('',#777);
#777 = CARTESIAN_POINT('',(-4.152899553848,1.549400069607,
    -3.287200312541));
#778 = LINE('',#779,#780);
#779 = CARTESIAN_POINT('',(-4.152899553848,1.549400069607,
    -3.287200312541));
#780 = VECTOR('',#781,1.);
#781 = DIRECTION('',(8.742277990872E-08,-1.,-1.685873903924E-07));
#782 = ORIENTED_EDGE('',*,*,#783,.T.);
#783 = EDGE_CURVE('',#776,#784,#786,.T.);
#784 = VERTEX_POINT('',#785);
#785 = CARTESIAN_POINT('',(-4.152900142566,1.549399412302,0.611699687459
    ));
#786 = LINE('',#787,#788);
#787 = CARTESIAN_POINT('',(-4.152899553848,1.549400069607,
    -3.287200312541));
#788 = VECTOR('',#789,1.);
#789 = DIRECTION('',(-1.509957643573E-07,-1.685874035928E-07,1.));
#790 = ORIENTED_EDGE('',*,*,#791,.F.);
#791 = EDGE_CURVE('',#792,#784,#794,.T.);
#792 = VERTEX_POINT('',#793);
#793 = CARTESIAN_POINT('',(-4.152900284381,1.955799293632,1.315605204169
    ));
#794 = LINE('',#795,#796);
#795 = CARTESIAN_POINT('',(-4.152900284381,1.955799293632,1.315605204169
    ));
#796 = VECTOR('',#797,1.);
#797 = DIRECTION('',(1.744775577516E-07,-0.499999853999,-0.866025488078)
  );
#798 = ORIENTED_EDGE('',*,*,#799,.T.);
#799 = EDGE_CURVE('',#792,#800,#802,.T.);
#800 = VERTEX_POINT('',#801);
#801 = CARTESIAN_POINT('',(-4.152900339177,1.955799232453,1.678499755973
    ));
#802 = LINE('',#803,#804);
#803 = CARTESIAN_POINT('',(-4.152900284381,1.955799293632,1.315605204169
    ));
#804 = VECTOR('',#805,1.);
#805 = DIRECTION('',(-1.509957643573E-07,-1.685874035928E-07,1.));
#806 = ORIENTED_EDGE('',*,*,#807,.T.);
#807 = EDGE_CURVE('',#800,#808,#810,.T.);
#808 = VERTEX_POINT('',#809);
#809 = CARTESIAN_POINT('',(-4.152900323633,1.777999232453,1.678499725998
    ));
#810 = LINE('',#811,#812);
#811 = CARTESIAN_POINT('',(-4.152900339177,1.955799232453,1.678499755973
    ));
#812 = VECTOR('',#813,1.);
#813 = DIRECTION('',(8.742277990872E-08,-1.,-1.685873903924E-07));
#814 = ORIENTED_EDGE('',*,*,#815,.T.);
#815 = EDGE_CURVE('',#808,#816,#818,.T.);
#816 = VERTEX_POINT('',#817);
#817 = CARTESIAN_POINT('',(-4.152900352397,1.777999200337,1.868999725998
    ));
#818 = LINE('',#819,#820);
#819 = CARTESIAN_POINT('',(-4.152900323633,1.777999232453,1.678499725998
    ));
#820 = VECTOR('',#821,1.);
#821 = DIRECTION('',(-1.509957643573E-07,-1.685874035928E-07,1.));
#822 = ORIENTED_EDGE('',*,*,#823,.T.);
#823 = EDGE_CURVE('',#816,#734,#824,.T.);
#824 = LINE('',#825,#826);
#825 = CARTESIAN_POINT('',(-4.152900352397,1.777999200337,1.868999725998
    ));
#826 = VECTOR('',#827,1.);
#827 = DIRECTION('',(8.742277990872E-08,-1.,-1.685873903924E-07));
#828 = PLANE('',#829);
#829 = AXIS2_PLACEMENT_3D('',#830,#831,#832);
#830 = CARTESIAN_POINT('',(-4.152900352397,1.777999200337,1.868999725998
    ));
#831 = DIRECTION('',(-1.,-8.742275445273E-08,-1.509957790957E-07));
#832 = DIRECTION('',(1.509957643573E-07,1.685874035928E-07,-1.));
#833 = ADVANCED_FACE('',(#834),#859,.T.);
#834 = FACE_BOUND('',#835,.F.);
#835 = EDGE_LOOP('',(#836,#837,#845,#853));
#836 = ORIENTED_EDGE('',*,*,#759,.T.);
#837 = ORIENTED_EDGE('',*,*,#838,.T.);
#838 = EDGE_CURVE('',#752,#839,#841,.T.);
#839 = VERTEX_POINT('',#840);
#840 = CARTESIAN_POINT('',(-3.848100168913,0.634999320279,1.315605027522
    ));
#841 = LINE('',#842,#843);
#842 = CARTESIAN_POINT('',(-4.152900168913,0.634999293632,1.315604981498
    ));
#843 = VECTOR('',#844,1.);
#844 = DIRECTION('',(1.,8.742275445273E-08,1.509957790957E-07));
#845 = ORIENTED_EDGE('',*,*,#846,.T.);
#846 = EDGE_CURVE('',#839,#847,#849,.T.);
#847 = VERTEX_POINT('',#848);
#848 = CARTESIAN_POINT('',(-3.848100098155,1.041399438948,0.61169964784)
  );
#849 = LINE('',#850,#851);
#850 = CARTESIAN_POINT('',(-3.848100168913,0.634999320279,1.315605027522
    ));
#851 = VECTOR('',#852,1.);
#852 = DIRECTION('',(8.705477784289E-08,0.500000146001,-0.866025319491)
  );
#853 = ORIENTED_EDGE('',*,*,#854,.F.);
#854 = EDGE_CURVE('',#760,#847,#855,.T.);
#855 = LINE('',#856,#857);
#856 = CARTESIAN_POINT('',(-4.152900098155,1.041399412302,0.611699601816
    ));
#857 = VECTOR('',#858,1.);
#858 = DIRECTION('',(1.,8.742275445273E-08,1.509957790957E-07));
#859 = PLANE('',#860);
#860 = AXIS2_PLACEMENT_3D('',#861,#862,#863);
#861 = CARTESIAN_POINT('',(-4.152900098155,1.041399412302,0.611699601816
    ));
#862 = DIRECTION('',(1.51208230449E-07,-0.866025319491,-0.500000146001)
  );
#863 = DIRECTION('',(-8.705477784289E-08,-0.500000146001,0.866025319491)
  );
#864 = ADVANCED_FACE('',(#865),#954,.T.);
#865 = FACE_BOUND('',#866,.F.);
#866 = EDGE_LOOP('',(#867,#868,#876,#884,#892,#900,#908,#916,#924,#932,
    #940,#948));
#867 = ORIENTED_EDGE('',*,*,#846,.F.);
#868 = ORIENTED_EDGE('',*,*,#869,.T.);
#869 = EDGE_CURVE('',#839,#870,#872,.T.);
#870 = VERTEX_POINT('',#871);
#871 = CARTESIAN_POINT('',(-3.848100223709,0.634999259099,1.678499579326
    ));
#872 = LINE('',#873,#874);
#873 = CARTESIAN_POINT('',(-3.848100168913,0.634999320279,1.315605027522
    ));
#874 = VECTOR('',#875,1.);
#875 = DIRECTION('',(-1.509957643573E-07,-1.685874035928E-07,1.));
#876 = ORIENTED_EDGE('',*,*,#877,.T.);
#877 = EDGE_CURVE('',#870,#878,#880,.T.);
#878 = VERTEX_POINT('',#879);
#879 = CARTESIAN_POINT('',(-3.848100239252,0.812799259099,1.678499609301
    ));
#880 = LINE('',#881,#882);
#881 = CARTESIAN_POINT('',(-3.848100223709,0.634999259099,1.678499579326
    ));
#882 = VECTOR('',#883,1.);
#883 = DIRECTION('',(-8.742277990872E-08,1.,1.685873903924E-07));
#884 = ORIENTED_EDGE('',*,*,#885,.T.);
#885 = EDGE_CURVE('',#878,#886,#888,.T.);
#886 = VERTEX_POINT('',#887);
#887 = CARTESIAN_POINT('',(-3.848100268017,0.812799226983,1.868999609301
    ));
#888 = LINE('',#889,#890);
#889 = CARTESIAN_POINT('',(-3.848100239252,0.812799259099,1.678499609301
    ));
#890 = VECTOR('',#891,1.);
#891 = DIRECTION('',(-1.509957643573E-07,-1.685874035928E-07,1.));
#892 = ORIENTED_EDGE('',*,*,#893,.T.);
#893 = EDGE_CURVE('',#886,#894,#896,.T.);
#894 = VERTEX_POINT('',#895);
#895 = CARTESIAN_POINT('',(-3.848100352397,1.777999226983,1.868999772021
    ));
#896 = LINE('',#897,#898);
#897 = CARTESIAN_POINT('',(-3.848100268017,0.812799226983,1.868999609301
    ));
#898 = VECTOR('',#899,1.);
#899 = DIRECTION('',(-8.742277990872E-08,1.,1.685873903924E-07));
#900 = ORIENTED_EDGE('',*,*,#901,.T.);
#901 = EDGE_CURVE('',#894,#902,#904,.T.);
#902 = VERTEX_POINT('',#903);
#903 = CARTESIAN_POINT('',(-3.848100323633,1.777999259099,1.678499772021
    ));
#904 = LINE('',#905,#906);
#905 = CARTESIAN_POINT('',(-3.848100352397,1.777999226983,1.868999772021
    ));
#906 = VECTOR('',#907,1.);
#907 = DIRECTION('',(1.509957643573E-07,1.685874035928E-07,-1.));
#908 = ORIENTED_EDGE('',*,*,#909,.T.);
#909 = EDGE_CURVE('',#902,#910,#912,.T.);
#910 = VERTEX_POINT('',#911);
#911 = CARTESIAN_POINT('',(-3.848100339177,1.955799259099,1.678499801996
    ));
#912 = LINE('',#913,#914);
#913 = CARTESIAN_POINT('',(-3.848100323633,1.777999259099,1.678499772021
    ));
#914 = VECTOR('',#915,1.);
#915 = DIRECTION('',(-8.742277990872E-08,1.,1.685873903924E-07));
#916 = ORIENTED_EDGE('',*,*,#917,.T.);
#917 = EDGE_CURVE('',#910,#918,#920,.T.);
#918 = VERTEX_POINT('',#919);
#919 = CARTESIAN_POINT('',(-3.848100284381,1.955799320279,1.315605250192
    ));
#920 = LINE('',#921,#922);
#921 = CARTESIAN_POINT('',(-3.848100339177,1.955799259099,1.678499801996
    ));
#922 = VECTOR('',#923,1.);
#923 = DIRECTION('',(1.509957643573E-07,1.685874035928E-07,-1.));
#924 = ORIENTED_EDGE('',*,*,#925,.F.);
#925 = EDGE_CURVE('',#926,#918,#928,.T.);
#926 = VERTEX_POINT('',#927);
#927 = CARTESIAN_POINT('',(-3.848100142566,1.549399438948,0.611699733482
    ));
#928 = LINE('',#929,#930);
#929 = CARTESIAN_POINT('',(-3.848100142566,1.549399438948,0.611699733482
    ));
#930 = VECTOR('',#931,1.);
#931 = DIRECTION('',(-1.744775577516E-07,0.499999853999,0.866025488078)
  );
#932 = ORIENTED_EDGE('',*,*,#933,.F.);
#933 = EDGE_CURVE('',#934,#926,#936,.T.);
#934 = VERTEX_POINT('',#935);
#935 = CARTESIAN_POINT('',(-3.848099553848,1.549400096254,
    -3.287200266518));
#936 = LINE('',#937,#938);
#937 = CARTESIAN_POINT('',(-3.848099553848,1.549400096254,
    -3.287200266518));
#938 = VECTOR('',#939,1.);
#939 = DIRECTION('',(-1.509957643573E-07,-1.685874035928E-07,1.));
#940 = ORIENTED_EDGE('',*,*,#941,.T.);
#941 = EDGE_CURVE('',#934,#942,#944,.T.);
#942 = VERTEX_POINT('',#943);
#943 = CARTESIAN_POINT('',(-3.848099509437,1.041400096254,-3.28720035216
    ));
#944 = LINE('',#945,#946);
#945 = CARTESIAN_POINT('',(-3.848099553848,1.549400096254,
    -3.287200266518));
#946 = VECTOR('',#947,1.);
#947 = DIRECTION('',(8.742277990872E-08,-1.,-1.685873903924E-07));
#948 = ORIENTED_EDGE('',*,*,#949,.T.);
#949 = EDGE_CURVE('',#942,#847,#950,.T.);
#950 = LINE('',#951,#952);
#951 = CARTESIAN_POINT('',(-3.848099509437,1.041400096254,-3.28720035216
    ));
#952 = VECTOR('',#953,1.);
#953 = DIRECTION('',(-1.509957643573E-07,-1.685874035928E-07,1.));
#954 = PLANE('',#955);
#955 = AXIS2_PLACEMENT_3D('',#956,#957,#958);
#956 = CARTESIAN_POINT('',(-3.848099573833,1.778000096254,
    -3.287200227979));
#957 = DIRECTION('',(1.,8.742275445273E-08,1.509957790957E-07));
#958 = DIRECTION('',(-1.509957643573E-07,-1.685874035928E-07,1.));
#959 = ADVANCED_FACE('',(#960),#976,.F.);
#960 = FACE_BOUND('',#961,.F.);
#961 = EDGE_LOOP('',(#962,#963,#969,#970));
#962 = ORIENTED_EDGE('',*,*,#925,.T.);
#963 = ORIENTED_EDGE('',*,*,#964,.T.);
#964 = EDGE_CURVE('',#918,#792,#965,.T.);
#965 = LINE('',#966,#967);
#966 = CARTESIAN_POINT('',(-3.848100284381,1.955799320279,1.315605250192
    ));
#967 = VECTOR('',#968,1.);
#968 = DIRECTION('',(-1.,-8.742275445273E-08,-1.509957790957E-07));
#969 = ORIENTED_EDGE('',*,*,#791,.T.);
#970 = ORIENTED_EDGE('',*,*,#971,.T.);
#971 = EDGE_CURVE('',#784,#926,#972,.T.);
#972 = LINE('',#973,#974);
#973 = CARTESIAN_POINT('',(-4.152900142566,1.549399412302,0.611699687459
    ));
#974 = VECTOR('',#975,1.);
#975 = DIRECTION('',(1.,8.742275445273E-08,1.509957790957E-07));
#976 = PLANE('',#977);
#977 = AXIS2_PLACEMENT_3D('',#978,#979,#980);
#978 = CARTESIAN_POINT('',(-4.152900142566,1.549399412302,0.611699687459
    ));
#979 = DIRECTION('',(2.124660917607E-10,-0.866025488078,0.499999853999)
  );
#980 = DIRECTION('',(-1.744775577516E-07,0.499999853999,0.866025488078)
  );
#981 = ADVANCED_FACE('',(#982),#993,.F.);
#982 = FACE_BOUND('',#983,.F.);
#983 = EDGE_LOOP('',(#984,#985,#991,#992));
#984 = ORIENTED_EDGE('',*,*,#783,.F.);
#985 = ORIENTED_EDGE('',*,*,#986,.T.);
#986 = EDGE_CURVE('',#776,#934,#987,.T.);
#987 = LINE('',#988,#989);
#988 = CARTESIAN_POINT('',(-4.152899553848,1.549400069607,
    -3.287200312541));
#989 = VECTOR('',#990,1.);
#990 = DIRECTION('',(1.,8.742275445273E-08,1.509957790957E-07));
#991 = ORIENTED_EDGE('',*,*,#933,.T.);
#992 = ORIENTED_EDGE('',*,*,#971,.F.);
#993 = PLANE('',#994);
#994 = AXIS2_PLACEMENT_3D('',#995,#996,#997);
#995 = CARTESIAN_POINT('',(-4.152899553848,1.549400069607,
    -3.287200312541));
#996 = DIRECTION('',(8.742277990872E-08,-1.,-1.685873903924E-07));
#997 = DIRECTION('',(-1.509957643573E-07,-1.685874035928E-07,1.));
#998 = ADVANCED_FACE('',(#999),#1010,.T.);
#999 = FACE_BOUND('',#1000,.F.);
#1000 = EDGE_LOOP('',(#1001,#1007,#1008,#1009));
#1001 = ORIENTED_EDGE('',*,*,#1002,.T.);
#1002 = EDGE_CURVE('',#768,#942,#1003,.T.);
#1003 = LINE('',#1004,#1005);
#1004 = CARTESIAN_POINT('',(-4.152899509437,1.041400069607,
    -3.287200398184));
#1005 = VECTOR('',#1006,1.);
#1006 = DIRECTION('',(1.,8.742275445273E-08,1.509957790957E-07));
#1007 = ORIENTED_EDGE('',*,*,#941,.F.);
#1008 = ORIENTED_EDGE('',*,*,#986,.F.);
#1009 = ORIENTED_EDGE('',*,*,#775,.T.);
#1010 = PLANE('',#1011);
#1011 = AXIS2_PLACEMENT_3D('',#1012,#1013,#1014);
#1012 = CARTESIAN_POINT('',(-4.152899573833,1.778000069607,
    -3.287200274002));
#1013 = DIRECTION('',(1.509957643573E-07,1.685874035928E-07,-1.));
#1014 = DIRECTION('',(1.,8.742275445273E-08,1.509957790957E-07));
#1015 = ADVANCED_FACE('',(#1016),#1022,.T.);
#1016 = FACE_BOUND('',#1017,.F.);
#1017 = EDGE_LOOP('',(#1018,#1019,#1020,#1021));
#1018 = ORIENTED_EDGE('',*,*,#767,.T.);
#1019 = ORIENTED_EDGE('',*,*,#854,.T.);
#1020 = ORIENTED_EDGE('',*,*,#949,.F.);
#1021 = ORIENTED_EDGE('',*,*,#1002,.F.);
#1022 = PLANE('',#1023);
#1023 = AXIS2_PLACEMENT_3D('',#1024,#1025,#1026);
#1024 = CARTESIAN_POINT('',(-4.152899509437,1.041400069607,
    -3.287200398184));
#1025 = DIRECTION('',(8.742277990872E-08,-1.,-1.685873903924E-07));
#1026 = DIRECTION('',(-1.509957643573E-07,-1.685874035928E-07,1.));
#1027 = ( GEOMETRIC_REPRESENTATION_CONTEXT(3) 
GLOBAL_UNCERTAINTY_ASSIGNED_CONTEXT((#1031)) 
GLOBAL_UNIT_ASSIGNED_CONTEXT((#1028,#1029,#1030)) REPRESENTATION_CONTEXT
('Context #1','3D Context with UNIT and UNCERTAINTY') );
#1028 = ( LENGTH_UNIT() NAMED_UNIT(*) SI_UNIT(.MILLI.,.METRE.) );
#1029 = ( NAMED_UNIT(*) PLANE_ANGLE_UNIT() SI_UNIT($,.RADIAN.) );
#1030 = ( NAMED_UNIT(*) SI_UNIT($,.STERADIAN.) SOLID_ANGLE_UNIT() );
#1031 = UNCERTAINTY_MEASURE_WITH_UNIT(LENGTH_MEASURE(1.E-07),#1028,
  'distance_accuracy_value','confusion accuracy');
#1032 = CONTEXT_DEPENDENT_SHAPE_REPRESENTATION(#1033,#1035);
#1033 = ( REPRESENTATION_RELATIONSHIP('','',#726,#10) 
REPRESENTATION_RELATIONSHIP_WITH_TRANSFORMATION(#1034) 
SHAPE_REPRESENTATION_RELATIONSHIP() );
#1034 = ITEM_DEFINED_TRANSFORMATION('','',#11,#23);
#1035 = PRODUCT_DEFINITION_SHAPE('Placement','Placement of an item',
  #1036);
#1036 = NEXT_ASSEMBLY_USAGE_OCCURRENCE('3','LinkGroup001.2','',#5,#721,$
  );
#1037 = PRODUCT_RELATED_PRODUCT_CATEGORY('part',$,(#723));
#1038 = SHAPE_DEFINITION_REPRESENTATION(#1039,#1045);
#1039 = PRODUCT_DEFINITION_SHAPE('','',#1040);
#1040 = PRODUCT_DEFINITION('design','',#1041,#1044);
#1041 = PRODUCT_DEFINITION_FORMATION('','',#1042);
#1042 = PRODUCT('LinkGroup001.3','LinkGroup001.3','',(#1043));
#1043 = PRODUCT_CONTEXT('',#2,'mechanical');
#1044 = PRODUCT_DEFINITION_CONTEXT('part definition',#2,'design');
#1045 = MANIFOLD_SURFACE_SHAPE_REPRESENTATION('',(#11,#1046),#1346);
#1046 = SHELL_BASED_SURFACE_MODEL('',(#1047));
#1047 = OPEN_SHELL('',(#1048,#1152,#1183,#1278,#1300,#1317,#1334));
#1048 = ADVANCED_FACE('',(#1049),#1147,.T.);
#1049 = FACE_BOUND('',#1050,.F.);
#1050 = EDGE_LOOP('',(#1051,#1061,#1069,#1077,#1085,#1093,#1101,#1109,
    #1117,#1125,#1133,#1141));
#1051 = ORIENTED_EDGE('',*,*,#1052,.T.);
#1052 = EDGE_CURVE('',#1053,#1055,#1057,.T.);
#1053 = VERTEX_POINT('',#1054);
#1054 = CARTESIAN_POINT('',(4.152899647602,1.777999926453,1.869000980139
    ));
#1055 = VERTEX_POINT('',#1056);
#1056 = CARTESIAN_POINT('',(4.152899676367,1.777999958569,1.678500980139
    ));
#1057 = LINE('',#1058,#1059);
#1058 = CARTESIAN_POINT('',(4.152899647602,1.777999926453,1.869000980139
    ));
#1059 = VECTOR('',#1060,1.);
#1060 = DIRECTION('',(1.509957643573E-07,1.685874035928E-07,-1.));
#1061 = ORIENTED_EDGE('',*,*,#1062,.T.);
#1062 = EDGE_CURVE('',#1055,#1063,#1065,.T.);
#1063 = VERTEX_POINT('',#1064);
#1064 = CARTESIAN_POINT('',(4.152899660823,1.955799958569,1.678501010113
    ));
#1065 = LINE('',#1066,#1067);
#1066 = CARTESIAN_POINT('',(4.152899676367,1.777999958569,1.678500980139
    ));
#1067 = VECTOR('',#1068,1.);
#1068 = DIRECTION('',(-8.742277990872E-08,1.,1.685873903924E-07));
#1069 = ORIENTED_EDGE('',*,*,#1070,.T.);
#1070 = EDGE_CURVE('',#1063,#1071,#1073,.T.);
#1071 = VERTEX_POINT('',#1072);
#1072 = CARTESIAN_POINT('',(4.152899715619,1.955800019748,1.315606458309
    ));
#1073 = LINE('',#1074,#1075);
#1074 = CARTESIAN_POINT('',(4.152899660823,1.955799958569,1.678501010113
    ));
#1075 = VECTOR('',#1076,1.);
#1076 = DIRECTION('',(1.509957643573E-07,1.685874035928E-07,-1.));
#1077 = ORIENTED_EDGE('',*,*,#1078,.F.);
#1078 = EDGE_CURVE('',#1079,#1071,#1081,.T.);
#1079 = VERTEX_POINT('',#1080);
#1080 = CARTESIAN_POINT('',(4.152899857434,1.549400138418,0.6117009416)
  );
#1081 = LINE('',#1082,#1083);
#1082 = CARTESIAN_POINT('',(4.152899857434,1.549400138418,0.6117009416)
  );
#1083 = VECTOR('',#1084,1.);
#1084 = DIRECTION('',(-1.744775577516E-07,0.499999853999,0.866025488078)
  );
#1085 = ORIENTED_EDGE('',*,*,#1086,.F.);
#1086 = EDGE_CURVE('',#1087,#1079,#1089,.T.);
#1087 = VERTEX_POINT('',#1088);
#1088 = CARTESIAN_POINT('',(4.152900446152,1.549400795723,-3.2871990584)
  );
#1089 = LINE('',#1090,#1091);
#1090 = CARTESIAN_POINT('',(4.152900446152,1.549400795723,-3.2871990584)
  );
#1091 = VECTOR('',#1092,1.);
#1092 = DIRECTION('',(-1.509957643573E-07,-1.685874035928E-07,1.));
#1093 = ORIENTED_EDGE('',*,*,#1094,.F.);
#1094 = EDGE_CURVE('',#1095,#1087,#1097,.T.);
#1095 = VERTEX_POINT('',#1096);
#1096 = CARTESIAN_POINT('',(4.152900490562,1.041400795723,
    -3.287199144043));
#1097 = LINE('',#1098,#1099);
#1098 = CARTESIAN_POINT('',(4.152900490562,1.041400795723,
    -3.287199144043));
#1099 = VECTOR('',#1100,1.);
#1100 = DIRECTION('',(-8.742277990872E-08,1.,1.685873903924E-07));
#1101 = ORIENTED_EDGE('',*,*,#1102,.T.);
#1102 = EDGE_CURVE('',#1095,#1103,#1105,.T.);
#1103 = VERTEX_POINT('',#1104);
#1104 = CARTESIAN_POINT('',(4.152899901845,1.041400138418,0.611700855957
    ));
#1105 = LINE('',#1106,#1107);
#1106 = CARTESIAN_POINT('',(4.152900490562,1.041400795723,
    -3.287199144043));
#1107 = VECTOR('',#1108,1.);
#1108 = DIRECTION('',(-1.509957643573E-07,-1.685874035928E-07,1.));
#1109 = ORIENTED_EDGE('',*,*,#1110,.F.);
#1110 = EDGE_CURVE('',#1111,#1103,#1113,.T.);
#1111 = VERTEX_POINT('',#1112);
#1112 = CARTESIAN_POINT('',(4.152899831087,0.635000019748,1.315606235639
    ));
#1113 = LINE('',#1114,#1115);
#1114 = CARTESIAN_POINT('',(4.152899831087,0.635000019748,1.315606235639
    ));
#1115 = VECTOR('',#1116,1.);
#1116 = DIRECTION('',(8.705477784289E-08,0.500000146001,-0.866025319491)
  );
#1117 = ORIENTED_EDGE('',*,*,#1118,.T.);
#1118 = EDGE_CURVE('',#1111,#1119,#1121,.T.);
#1119 = VERTEX_POINT('',#1120);
#1120 = CARTESIAN_POINT('',(4.152899776291,0.634999958569,1.678500787443
    ));
#1121 = LINE('',#1122,#1123);
#1122 = CARTESIAN_POINT('',(4.152899831087,0.635000019748,1.315606235639
    ));
#1123 = VECTOR('',#1124,1.);
#1124 = DIRECTION('',(-1.509957643573E-07,-1.685874035928E-07,1.));
#1125 = ORIENTED_EDGE('',*,*,#1126,.T.);
#1126 = EDGE_CURVE('',#1119,#1127,#1129,.T.);
#1127 = VERTEX_POINT('',#1128);
#1128 = CARTESIAN_POINT('',(4.152899760748,0.812799958569,1.678500817418
    ));
#1129 = LINE('',#1130,#1131);
#1130 = CARTESIAN_POINT('',(4.152899776291,0.634999958569,1.678500787443
    ));
#1131 = VECTOR('',#1132,1.);
#1132 = DIRECTION('',(-8.742277990872E-08,1.,1.685873903924E-07));
#1133 = ORIENTED_EDGE('',*,*,#1134,.T.);
#1134 = EDGE_CURVE('',#1127,#1135,#1137,.T.);
#1135 = VERTEX_POINT('',#1136);
#1136 = CARTESIAN_POINT('',(4.152899731983,0.812799926453,1.869000817418
    ));
#1137 = LINE('',#1138,#1139);
#1138 = CARTESIAN_POINT('',(4.152899760748,0.812799958569,1.678500817418
    ));
#1139 = VECTOR('',#1140,1.);
#1140 = DIRECTION('',(-1.509957643573E-07,-1.685874035928E-07,1.));
#1141 = ORIENTED_EDGE('',*,*,#1142,.T.);
#1142 = EDGE_CURVE('',#1135,#1053,#1143,.T.);
#1143 = LINE('',#1144,#1145);
#1144 = CARTESIAN_POINT('',(4.152899731983,0.812799926453,1.869000817418
    ));
#1145 = VECTOR('',#1146,1.);
#1146 = DIRECTION('',(-8.742277990872E-08,1.,1.685873903924E-07));
#1147 = PLANE('',#1148);
#1148 = AXIS2_PLACEMENT_3D('',#1149,#1150,#1151);
#1149 = CARTESIAN_POINT('',(4.152899731983,0.812799926453,1.869000817418
    ));
#1150 = DIRECTION('',(1.,8.742275445273E-08,1.509957790957E-07));
#1151 = DIRECTION('',(1.509957643573E-07,1.685874035928E-07,-1.));
#1152 = ADVANCED_FACE('',(#1153),#1178,.T.);
#1153 = FACE_BOUND('',#1154,.F.);
#1154 = EDGE_LOOP('',(#1155,#1156,#1164,#1172));
#1155 = ORIENTED_EDGE('',*,*,#1078,.T.);
#1156 = ORIENTED_EDGE('',*,*,#1157,.T.);
#1157 = EDGE_CURVE('',#1071,#1158,#1160,.T.);
#1158 = VERTEX_POINT('',#1159);
#1159 = CARTESIAN_POINT('',(3.848099715619,1.955799993102,1.315606412286
    ));
#1160 = LINE('',#1161,#1162);
#1161 = CARTESIAN_POINT('',(4.152899715619,1.955800019748,1.315606458309
    ));
#1162 = VECTOR('',#1163,1.);
#1163 = DIRECTION('',(-1.,-8.742275445273E-08,-1.509957790957E-07));
#1164 = ORIENTED_EDGE('',*,*,#1165,.T.);
#1165 = EDGE_CURVE('',#1158,#1166,#1168,.T.);
#1166 = VERTEX_POINT('',#1167);
#1167 = CARTESIAN_POINT('',(3.848099857434,1.549400111771,0.611700895576
    ));
#1168 = LINE('',#1169,#1170);
#1169 = CARTESIAN_POINT('',(3.848099715619,1.955799993102,1.315606412286
    ));
#1170 = VECTOR('',#1171,1.);
#1171 = DIRECTION('',(1.744775577516E-07,-0.499999853999,-0.866025488078
    ));
#1172 = ORIENTED_EDGE('',*,*,#1173,.F.);
#1173 = EDGE_CURVE('',#1079,#1166,#1174,.T.);
#1174 = LINE('',#1175,#1176);
#1175 = CARTESIAN_POINT('',(4.152899857434,1.549400138418,0.6117009416)
  );
#1176 = VECTOR('',#1177,1.);
#1177 = DIRECTION('',(-1.,-8.742275445273E-08,-1.509957790957E-07));
#1178 = PLANE('',#1179);
#1179 = AXIS2_PLACEMENT_3D('',#1180,#1181,#1182);
#1180 = CARTESIAN_POINT('',(4.152899857434,1.549400138418,0.6117009416)
  );
#1181 = DIRECTION('',(-2.124660917607E-10,0.866025488078,-0.499999853999
    ));
#1182 = DIRECTION('',(-1.744775577516E-07,0.499999853999,0.866025488078)
  );
#1183 = ADVANCED_FACE('',(#1184),#1273,.T.);
#1184 = FACE_BOUND('',#1185,.F.);
#1185 = EDGE_LOOP('',(#1186,#1187,#1195,#1203,#1211,#1219,#1227,#1235,
    #1243,#1251,#1259,#1267));
#1186 = ORIENTED_EDGE('',*,*,#1165,.F.);
#1187 = ORIENTED_EDGE('',*,*,#1188,.T.);
#1188 = EDGE_CURVE('',#1158,#1189,#1191,.T.);
#1189 = VERTEX_POINT('',#1190);
#1190 = CARTESIAN_POINT('',(3.848099660823,1.955799931922,1.67850096409)
  );
#1191 = LINE('',#1192,#1193);
#1192 = CARTESIAN_POINT('',(3.848099715619,1.955799993102,1.315606412286
    ));
#1193 = VECTOR('',#1194,1.);
#1194 = DIRECTION('',(-1.509957643573E-07,-1.685874035928E-07,1.));
#1195 = ORIENTED_EDGE('',*,*,#1196,.T.);
#1196 = EDGE_CURVE('',#1189,#1197,#1199,.T.);
#1197 = VERTEX_POINT('',#1198);
#1198 = CARTESIAN_POINT('',(3.848099676367,1.777999931922,1.678500934115
    ));
#1199 = LINE('',#1200,#1201);
#1200 = CARTESIAN_POINT('',(3.848099660823,1.955799931922,1.67850096409)
  );
#1201 = VECTOR('',#1202,1.);
#1202 = DIRECTION('',(8.742277990872E-08,-1.,-1.685873903924E-07));
#1203 = ORIENTED_EDGE('',*,*,#1204,.T.);
#1204 = EDGE_CURVE('',#1197,#1205,#1207,.T.);
#1205 = VERTEX_POINT('',#1206);
#1206 = CARTESIAN_POINT('',(3.848099647602,1.777999899806,1.869000934115
    ));
#1207 = LINE('',#1208,#1209);
#1208 = CARTESIAN_POINT('',(3.848099676367,1.777999931922,1.678500934115
    ));
#1209 = VECTOR('',#1210,1.);
#1210 = DIRECTION('',(-1.509957643573E-07,-1.685874035928E-07,1.));
#1211 = ORIENTED_EDGE('',*,*,#1212,.T.);
#1212 = EDGE_CURVE('',#1205,#1213,#1215,.T.);
#1213 = VERTEX_POINT('',#1214);
#1214 = CARTESIAN_POINT('',(3.848099731983,0.812799899806,1.869000771395
    ));
#1215 = LINE('',#1216,#1217);
#1216 = CARTESIAN_POINT('',(3.848099647602,1.777999899806,1.869000934115
    ));
#1217 = VECTOR('',#1218,1.);
#1218 = DIRECTION('',(8.742277990872E-08,-1.,-1.685873903924E-07));
#1219 = ORIENTED_EDGE('',*,*,#1220,.T.);
#1220 = EDGE_CURVE('',#1213,#1221,#1223,.T.);
#1221 = VERTEX_POINT('',#1222);
#1222 = CARTESIAN_POINT('',(3.848099760748,0.812799931922,1.678500771395
    ));
#1223 = LINE('',#1224,#1225);
#1224 = CARTESIAN_POINT('',(3.848099731983,0.812799899806,1.869000771395
    ));
#1225 = VECTOR('',#1226,1.);
#1226 = DIRECTION('',(1.509957643573E-07,1.685874035928E-07,-1.));
#1227 = ORIENTED_EDGE('',*,*,#1228,.T.);
#1228 = EDGE_CURVE('',#1221,#1229,#1231,.T.);
#1229 = VERTEX_POINT('',#1230);
#1230 = CARTESIAN_POINT('',(3.848099776291,0.634999931922,1.67850074142)
  );
#1231 = LINE('',#1232,#1233);
#1232 = CARTESIAN_POINT('',(3.848099760748,0.812799931922,1.678500771395
    ));
#1233 = VECTOR('',#1234,1.);
#1234 = DIRECTION('',(8.742277990872E-08,-1.,-1.685873903924E-07));
#1235 = ORIENTED_EDGE('',*,*,#1236,.T.);
#1236 = EDGE_CURVE('',#1229,#1237,#1239,.T.);
#1237 = VERTEX_POINT('',#1238);
#1238 = CARTESIAN_POINT('',(3.848099831087,0.634999993102,1.315606189616
    ));
#1239 = LINE('',#1240,#1241);
#1240 = CARTESIAN_POINT('',(3.848099776291,0.634999931922,1.67850074142)
  );
#1241 = VECTOR('',#1242,1.);
#1242 = DIRECTION('',(1.509957643573E-07,1.685874035928E-07,-1.));
#1243 = ORIENTED_EDGE('',*,*,#1244,.F.);
#1244 = EDGE_CURVE('',#1245,#1237,#1247,.T.);
#1245 = VERTEX_POINT('',#1246);
#1246 = CARTESIAN_POINT('',(3.848099901845,1.041400111771,0.611700809934
    ));
#1247 = LINE('',#1248,#1249);
#1248 = CARTESIAN_POINT('',(3.848099901845,1.041400111771,0.611700809934
    ));
#1249 = VECTOR('',#1250,1.);
#1250 = DIRECTION('',(-8.705477784289E-08,-0.500000146001,0.866025319491
    ));
#1251 = ORIENTED_EDGE('',*,*,#1252,.F.);
#1252 = EDGE_CURVE('',#1253,#1245,#1255,.T.);
#1253 = VERTEX_POINT('',#1254);
#1254 = CARTESIAN_POINT('',(3.848100490562,1.041400769077,
    -3.287199190066));
#1255 = LINE('',#1256,#1257);
#1256 = CARTESIAN_POINT('',(3.848100490562,1.041400769077,
    -3.287199190066));
#1257 = VECTOR('',#1258,1.);
#1258 = DIRECTION('',(-1.509957643573E-07,-1.685874035928E-07,1.));
#1259 = ORIENTED_EDGE('',*,*,#1260,.T.);
#1260 = EDGE_CURVE('',#1253,#1261,#1263,.T.);
#1261 = VERTEX_POINT('',#1262);
#1262 = CARTESIAN_POINT('',(3.848100446152,1.549400769077,
    -3.287199104424));
#1263 = LINE('',#1264,#1265);
#1264 = CARTESIAN_POINT('',(3.848100490562,1.041400769077,
    -3.287199190066));
#1265 = VECTOR('',#1266,1.);
#1266 = DIRECTION('',(-8.742277990872E-08,1.,1.685873903924E-07));
#1267 = ORIENTED_EDGE('',*,*,#1268,.T.);
#1268 = EDGE_CURVE('',#1261,#1166,#1269,.T.);
#1269 = LINE('',#1270,#1271);
#1270 = CARTESIAN_POINT('',(3.848100446152,1.549400769077,
    -3.287199104424));
#1271 = VECTOR('',#1272,1.);
#1272 = DIRECTION('',(-1.509957643573E-07,-1.685874035928E-07,1.));
#1273 = PLANE('',#1274);
#1274 = AXIS2_PLACEMENT_3D('',#1275,#1276,#1277);
#1275 = CARTESIAN_POINT('',(3.848100510547,0.812800769077,
    -3.287199228605));
#1276 = DIRECTION('',(-1.,-8.742275445273E-08,-1.509957790957E-07));
#1277 = DIRECTION('',(-1.509957643573E-07,-1.685874035928E-07,1.));
#1278 = ADVANCED_FACE('',(#1279),#1295,.F.);
#1279 = FACE_BOUND('',#1280,.F.);
#1280 = EDGE_LOOP('',(#1281,#1282,#1288,#1289));
#1281 = ORIENTED_EDGE('',*,*,#1244,.T.);
#1282 = ORIENTED_EDGE('',*,*,#1283,.T.);
#1283 = EDGE_CURVE('',#1237,#1111,#1284,.T.);
#1284 = LINE('',#1285,#1286);
#1285 = CARTESIAN_POINT('',(3.848099831087,0.634999993102,1.315606189616
    ));
#1286 = VECTOR('',#1287,1.);
#1287 = DIRECTION('',(1.,8.742275445273E-08,1.509957790957E-07));
#1288 = ORIENTED_EDGE('',*,*,#1110,.T.);
#1289 = ORIENTED_EDGE('',*,*,#1290,.T.);
#1290 = EDGE_CURVE('',#1103,#1245,#1291,.T.);
#1291 = LINE('',#1292,#1293);
#1292 = CARTESIAN_POINT('',(4.152899901845,1.041400138418,0.611700855957
    ));
#1293 = VECTOR('',#1294,1.);
#1294 = DIRECTION('',(-1.,-8.742275445273E-08,-1.509957790957E-07));
#1295 = PLANE('',#1296);
#1296 = AXIS2_PLACEMENT_3D('',#1297,#1298,#1299);
#1297 = CARTESIAN_POINT('',(4.152899901845,1.041400138418,0.611700855957
    ));
#1298 = DIRECTION('',(-1.51208230449E-07,0.866025319491,0.500000146001)
  );
#1299 = DIRECTION('',(-8.705477784289E-08,-0.500000146001,0.866025319491
    ));
#1300 = ADVANCED_FACE('',(#1301),#1312,.F.);
#1301 = FACE_BOUND('',#1302,.F.);
#1302 = EDGE_LOOP('',(#1303,#1304,#1310,#1311));
#1303 = ORIENTED_EDGE('',*,*,#1102,.F.);
#1304 = ORIENTED_EDGE('',*,*,#1305,.T.);
#1305 = EDGE_CURVE('',#1095,#1253,#1306,.T.);
#1306 = LINE('',#1307,#1308);
#1307 = CARTESIAN_POINT('',(4.152900490562,1.041400795723,
    -3.287199144043));
#1308 = VECTOR('',#1309,1.);
#1309 = DIRECTION('',(-1.,-8.742275445273E-08,-1.509957790957E-07));
#1310 = ORIENTED_EDGE('',*,*,#1252,.T.);
#1311 = ORIENTED_EDGE('',*,*,#1290,.F.);
#1312 = PLANE('',#1313);
#1313 = AXIS2_PLACEMENT_3D('',#1314,#1315,#1316);
#1314 = CARTESIAN_POINT('',(4.152900490562,1.041400795723,
    -3.287199144043));
#1315 = DIRECTION('',(-8.742277990872E-08,1.,1.685873903924E-07));
#1316 = DIRECTION('',(-1.509957643573E-07,-1.685874035928E-07,1.));
#1317 = ADVANCED_FACE('',(#1318),#1329,.T.);
#1318 = FACE_BOUND('',#1319,.F.);
#1319 = EDGE_LOOP('',(#1320,#1326,#1327,#1328));
#1320 = ORIENTED_EDGE('',*,*,#1321,.T.);
#1321 = EDGE_CURVE('',#1087,#1261,#1322,.T.);
#1322 = LINE('',#1323,#1324);
#1323 = CARTESIAN_POINT('',(4.152900446152,1.549400795723,-3.2871990584)
  );
#1324 = VECTOR('',#1325,1.);
#1325 = DIRECTION('',(-1.,-8.742275445273E-08,-1.509957790957E-07));
#1326 = ORIENTED_EDGE('',*,*,#1260,.F.);
#1327 = ORIENTED_EDGE('',*,*,#1305,.F.);
#1328 = ORIENTED_EDGE('',*,*,#1094,.T.);
#1329 = PLANE('',#1330);
#1330 = AXIS2_PLACEMENT_3D('',#1331,#1332,#1333);
#1331 = CARTESIAN_POINT('',(4.152900510547,0.812800795723,
    -3.287199182582));
#1332 = DIRECTION('',(1.509957643573E-07,1.685874035928E-07,-1.));
#1333 = DIRECTION('',(-1.,-8.742275445273E-08,-1.509957790957E-07));
#1334 = ADVANCED_FACE('',(#1335),#1341,.T.);
#1335 = FACE_BOUND('',#1336,.F.);
#1336 = EDGE_LOOP('',(#1337,#1338,#1339,#1340));
#1337 = ORIENTED_EDGE('',*,*,#1086,.T.);
#1338 = ORIENTED_EDGE('',*,*,#1173,.T.);
#1339 = ORIENTED_EDGE('',*,*,#1268,.F.);
#1340 = ORIENTED_EDGE('',*,*,#1321,.F.);
#1341 = PLANE('',#1342);
#1342 = AXIS2_PLACEMENT_3D('',#1343,#1344,#1345);
#1343 = CARTESIAN_POINT('',(4.152900446152,1.549400795723,-3.2871990584)
  );
#1344 = DIRECTION('',(-8.742277990872E-08,1.,1.685873903924E-07));
#1345 = DIRECTION('',(-1.509957643573E-07,-1.685874035928E-07,1.));
#1346 = ( GEOMETRIC_REPRESENTATION_CONTEXT(3) 
GLOBAL_UNCERTAINTY_ASSIGNED_CONTEXT((#1350)) 
GLOBAL_UNIT_ASSIGNED_CONTEXT((#1347,#1348,#1349)) REPRESENTATION_CONTEXT
('Context #1','3D Context with UNIT and UNCERTAINTY') );
#1347 = ( LENGTH_UNIT() NAMED_UNIT(*) SI_UNIT(.MILLI.,.METRE.) );
#1348 = ( NAMED_UNIT(*) PLANE_ANGLE_UNIT() SI_UNIT($,.RADIAN.) );
#1349 = ( NAMED_UNIT(*) SI_UNIT($,.STERADIAN.) SOLID_ANGLE_UNIT() );
#1350 = UNCERTAINTY_MEASURE_WITH_UNIT(LENGTH_MEASURE(1.E-07),#1347,
  'distance_accuracy_value','confusion accuracy');
#1351 = CONTEXT_DEPENDENT_SHAPE_REPRESENTATION(#1352,#1354);
#1352 = ( REPRESENTATION_RELATIONSHIP('','',#1045,#10) 
REPRESENTATION_RELATIONSHIP_WITH_TRANSFORMATION(#1353) 
SHAPE_REPRESENTATION_RELATIONSHIP() );
#1353 = ITEM_DEFINED_TRANSFORMATION('','',#11,#27);
#1354 = PRODUCT_DEFINITION_SHAPE('Placement','Placement of an item',
  #1355);
#1355 = NEXT_ASSEMBLY_USAGE_OCCURRENCE('4','LinkGroup001.3','',#5,#1040,
  $);
#1356 = PRODUCT_RELATED_PRODUCT_CATEGORY('part',$,(#1042));
#1357 = SHAPE_DEFINITION_REPRESENTATION(#1358,#1364);
#1358 = PRODUCT_DEFINITION_SHAPE('','',#1359);
#1359 = PRODUCT_DEFINITION('design','',#1360,#1363);
#1360 = PRODUCT_DEFINITION_FORMATION('','',#1361);
#1361 = PRODUCT('LinkGroup001.4','LinkGroup001.4','',(#1362));
#1362 = PRODUCT_CONTEXT('',#2,'mechanical');
#1363 = PRODUCT_DEFINITION_CONTEXT('part definition',#2,'design');
#1364 = MANIFOLD_SURFACE_SHAPE_REPRESENTATION('',(#11,#1365),#1665);
#1365 = SHELL_BASED_SURFACE_MODEL('',(#1366));
#1366 = OPEN_SHELL('',(#1367,#1471,#1502,#1597,#1619,#1636,#1653));
#1367 = ADVANCED_FACE('',(#1368),#1466,.T.);
#1368 = FACE_BOUND('',#1369,.F.);
#1369 = EDGE_LOOP('',(#1370,#1380,#1388,#1396,#1404,#1412,#1420,#1428,
    #1436,#1444,#1452,#1460));
#1370 = ORIENTED_EDGE('',*,*,#1371,.T.);
#1371 = EDGE_CURVE('',#1372,#1374,#1376,.T.);
#1372 = VERTEX_POINT('',#1373);
#1373 = CARTESIAN_POINT('',(-4.152900045963,-1.727200799663,
    1.868999135065));
#1374 = VERTEX_POINT('',#1375);
#1375 = CARTESIAN_POINT('',(-4.152900017198,-1.727200767547,
    1.678499135065));
#1376 = LINE('',#1377,#1378);
#1377 = CARTESIAN_POINT('',(-4.152900045963,-1.727200799663,
    1.868999135065));
#1378 = VECTOR('',#1379,1.);
#1379 = DIRECTION('',(1.509957643573E-07,1.685874035928E-07,-1.));
#1380 = ORIENTED_EDGE('',*,*,#1381,.T.);
#1381 = EDGE_CURVE('',#1374,#1382,#1384,.T.);
#1382 = VERTEX_POINT('',#1383);
#1383 = CARTESIAN_POINT('',(-4.152900001655,-1.905000767547,
    1.67849910509));
#1384 = LINE('',#1385,#1386);
#1385 = CARTESIAN_POINT('',(-4.152900017198,-1.727200767547,
    1.678499135065));
#1386 = VECTOR('',#1387,1.);
#1387 = DIRECTION('',(8.742277990872E-08,-1.,-1.685873903924E-07));
#1388 = ORIENTED_EDGE('',*,*,#1389,.T.);
#1389 = EDGE_CURVE('',#1382,#1390,#1392,.T.);
#1390 = VERTEX_POINT('',#1391);
#1391 = CARTESIAN_POINT('',(-4.152899946859,-1.905000706368,
    1.315604553286));
#1392 = LINE('',#1393,#1394);
#1393 = CARTESIAN_POINT('',(-4.152900001655,-1.905000767547,
    1.67849910509));
#1394 = VECTOR('',#1395,1.);
#1395 = DIRECTION('',(1.509957643573E-07,1.685874035928E-07,-1.));
#1396 = ORIENTED_EDGE('',*,*,#1397,.F.);
#1397 = EDGE_CURVE('',#1398,#1390,#1400,.T.);
#1398 = VERTEX_POINT('',#1399);
#1399 = CARTESIAN_POINT('',(-4.152899876101,-1.498600587698,
    0.611699173604));
#1400 = LINE('',#1401,#1402);
#1401 = CARTESIAN_POINT('',(-4.152899876101,-1.498600587698,
    0.611699173604));
#1402 = VECTOR('',#1403,1.);
#1403 = DIRECTION('',(-8.705477784289E-08,-0.500000146001,0.866025319491
    ));
#1404 = ORIENTED_EDGE('',*,*,#1405,.F.);
#1405 = EDGE_CURVE('',#1406,#1398,#1408,.T.);
#1406 = VERTEX_POINT('',#1407);
#1407 = CARTESIAN_POINT('',(-4.152899287384,-1.498599930393,
    -3.287200826395));
#1408 = LINE('',#1409,#1410);
#1409 = CARTESIAN_POINT('',(-4.152899287384,-1.498599930393,
    -3.287200826395));
#1410 = VECTOR('',#1411,1.);
#1411 = DIRECTION('',(-1.509957643573E-07,-1.685874035928E-07,1.));
#1412 = ORIENTED_EDGE('',*,*,#1413,.F.);
#1413 = EDGE_CURVE('',#1414,#1406,#1416,.T.);
#1414 = VERTEX_POINT('',#1415);
#1415 = CARTESIAN_POINT('',(-4.152899331794,-0.990599930393,
    -3.287200740753));
#1416 = LINE('',#1417,#1418);
#1417 = CARTESIAN_POINT('',(-4.152899331794,-0.990599930393,
    -3.287200740753));
#1418 = VECTOR('',#1419,1.);
#1419 = DIRECTION('',(8.742277990872E-08,-1.,-1.685873903924E-07));
#1420 = ORIENTED_EDGE('',*,*,#1421,.T.);
#1421 = EDGE_CURVE('',#1414,#1422,#1424,.T.);
#1422 = VERTEX_POINT('',#1423);
#1423 = CARTESIAN_POINT('',(-4.152899920512,-0.990600587698,
    0.611699259247));
#1424 = LINE('',#1425,#1426);
#1425 = CARTESIAN_POINT('',(-4.152899331794,-0.990599930393,
    -3.287200740753));
#1426 = VECTOR('',#1427,1.);
#1427 = DIRECTION('',(-1.509957643573E-07,-1.685874035928E-07,1.));
#1428 = ORIENTED_EDGE('',*,*,#1429,.F.);
#1429 = EDGE_CURVE('',#1430,#1422,#1432,.T.);
#1430 = VERTEX_POINT('',#1431);
#1431 = CARTESIAN_POINT('',(-4.152900062327,-0.584200706368,
    1.315604775957));
#1432 = LINE('',#1433,#1434);
#1433 = CARTESIAN_POINT('',(-4.152900062327,-0.584200706368,
    1.315604775957));
#1434 = VECTOR('',#1435,1.);
#1435 = DIRECTION('',(1.744775577516E-07,-0.499999853999,-0.866025488078
    ));
#1436 = ORIENTED_EDGE('',*,*,#1437,.T.);
#1437 = EDGE_CURVE('',#1430,#1438,#1440,.T.);
#1438 = VERTEX_POINT('',#1439);
#1439 = CARTESIAN_POINT('',(-4.152900117123,-0.584200767547,
    1.678499327761));
#1440 = LINE('',#1441,#1442);
#1441 = CARTESIAN_POINT('',(-4.152900062327,-0.584200706368,
    1.315604775957));
#1442 = VECTOR('',#1443,1.);
#1443 = DIRECTION('',(-1.509957643573E-07,-1.685874035928E-07,1.));
#1444 = ORIENTED_EDGE('',*,*,#1445,.T.);
#1445 = EDGE_CURVE('',#1438,#1446,#1448,.T.);
#1446 = VERTEX_POINT('',#1447);
#1447 = CARTESIAN_POINT('',(-4.152900101579,-0.762000767547,
    1.678499297786));
#1448 = LINE('',#1449,#1450);
#1449 = CARTESIAN_POINT('',(-4.152900117123,-0.584200767547,
    1.678499327761));
#1450 = VECTOR('',#1451,1.);
#1451 = DIRECTION('',(8.742277990872E-08,-1.,-1.685873903924E-07));
#1452 = ORIENTED_EDGE('',*,*,#1453,.T.);
#1453 = EDGE_CURVE('',#1446,#1454,#1456,.T.);
#1454 = VERTEX_POINT('',#1455);
#1455 = CARTESIAN_POINT('',(-4.152900130344,-0.762000799663,
    1.868999297786));
#1456 = LINE('',#1457,#1458);
#1457 = CARTESIAN_POINT('',(-4.152900101579,-0.762000767547,
    1.678499297786));
#1458 = VECTOR('',#1459,1.);
#1459 = DIRECTION('',(-1.509957643573E-07,-1.685874035928E-07,1.));
#1460 = ORIENTED_EDGE('',*,*,#1461,.T.);
#1461 = EDGE_CURVE('',#1454,#1372,#1462,.T.);
#1462 = LINE('',#1463,#1464);
#1463 = CARTESIAN_POINT('',(-4.152900130344,-0.762000799663,
    1.868999297786));
#1464 = VECTOR('',#1465,1.);
#1465 = DIRECTION('',(8.742277990872E-08,-1.,-1.685873903924E-07));
#1466 = PLANE('',#1467);
#1467 = AXIS2_PLACEMENT_3D('',#1468,#1469,#1470);
#1468 = CARTESIAN_POINT('',(-4.152900130344,-0.762000799663,
    1.868999297786));
#1469 = DIRECTION('',(-1.,-8.742275445273E-08,-1.509957790957E-07));
#1470 = DIRECTION('',(1.509957643573E-07,1.685874035928E-07,-1.));
#1471 = ADVANCED_FACE('',(#1472),#1497,.T.);
#1472 = FACE_BOUND('',#1473,.F.);
#1473 = EDGE_LOOP('',(#1474,#1475,#1483,#1491));
#1474 = ORIENTED_EDGE('',*,*,#1397,.T.);
#1475 = ORIENTED_EDGE('',*,*,#1476,.T.);
#1476 = EDGE_CURVE('',#1390,#1477,#1479,.T.);
#1477 = VERTEX_POINT('',#1478);
#1478 = CARTESIAN_POINT('',(-3.848099946859,-1.905000679721,
    1.31560459931));
#1479 = LINE('',#1480,#1481);
#1480 = CARTESIAN_POINT('',(-4.152899946859,-1.905000706368,
    1.315604553286));
#1481 = VECTOR('',#1482,1.);
#1482 = DIRECTION('',(1.,8.742275445273E-08,1.509957790957E-07));
#1483 = ORIENTED_EDGE('',*,*,#1484,.T.);
#1484 = EDGE_CURVE('',#1477,#1485,#1487,.T.);
#1485 = VERTEX_POINT('',#1486);
#1486 = CARTESIAN_POINT('',(-3.848099876101,-1.498600561052,
    0.611699219628));
#1487 = LINE('',#1488,#1489);
#1488 = CARTESIAN_POINT('',(-3.848099946859,-1.905000679721,
    1.31560459931));
#1489 = VECTOR('',#1490,1.);
#1490 = DIRECTION('',(8.705477784289E-08,0.500000146001,-0.866025319491)
  );
#1491 = ORIENTED_EDGE('',*,*,#1492,.F.);
#1492 = EDGE_CURVE('',#1398,#1485,#1493,.T.);
#1493 = LINE('',#1494,#1495);
#1494 = CARTESIAN_POINT('',(-4.152899876101,-1.498600587698,
    0.611699173604));
#1495 = VECTOR('',#1496,1.);
#1496 = DIRECTION('',(1.,8.742275445273E-08,1.509957790957E-07));
#1497 = PLANE('',#1498);
#1498 = AXIS2_PLACEMENT_3D('',#1499,#1500,#1501);
#1499 = CARTESIAN_POINT('',(-4.152899876101,-1.498600587698,
    0.611699173604));
#1500 = DIRECTION('',(1.51208230449E-07,-0.866025319491,-0.500000146001)
  );
#1501 = DIRECTION('',(-8.705477784289E-08,-0.500000146001,0.866025319491
    ));
#1502 = ADVANCED_FACE('',(#1503),#1592,.T.);
#1503 = FACE_BOUND('',#1504,.F.);
#1504 = EDGE_LOOP('',(#1505,#1506,#1514,#1522,#1530,#1538,#1546,#1554,
    #1562,#1570,#1578,#1586));
#1505 = ORIENTED_EDGE('',*,*,#1484,.F.);
#1506 = ORIENTED_EDGE('',*,*,#1507,.T.);
#1507 = EDGE_CURVE('',#1477,#1508,#1510,.T.);
#1508 = VERTEX_POINT('',#1509);
#1509 = CARTESIAN_POINT('',(-3.848100001655,-1.905000740901,
    1.678499151114));
#1510 = LINE('',#1511,#1512);
#1511 = CARTESIAN_POINT('',(-3.848099946859,-1.905000679721,
    1.31560459931));
#1512 = VECTOR('',#1513,1.);
#1513 = DIRECTION('',(-1.509957643573E-07,-1.685874035928E-07,1.));
#1514 = ORIENTED_EDGE('',*,*,#1515,.T.);
#1515 = EDGE_CURVE('',#1508,#1516,#1518,.T.);
#1516 = VERTEX_POINT('',#1517);
#1517 = CARTESIAN_POINT('',(-3.848100017198,-1.727200740901,
    1.678499181089));
#1518 = LINE('',#1519,#1520);
#1519 = CARTESIAN_POINT('',(-3.848100001655,-1.905000740901,
    1.678499151114));
#1520 = VECTOR('',#1521,1.);
#1521 = DIRECTION('',(-8.742277990872E-08,1.,1.685873903924E-07));
#1522 = ORIENTED_EDGE('',*,*,#1523,.T.);
#1523 = EDGE_CURVE('',#1516,#1524,#1526,.T.);
#1524 = VERTEX_POINT('',#1525);
#1525 = CARTESIAN_POINT('',(-3.848100045963,-1.727200773017,
    1.868999181089));
#1526 = LINE('',#1527,#1528);
#1527 = CARTESIAN_POINT('',(-3.848100017198,-1.727200740901,
    1.678499181089));
#1528 = VECTOR('',#1529,1.);
#1529 = DIRECTION('',(-1.509957643573E-07,-1.685874035928E-07,1.));
#1530 = ORIENTED_EDGE('',*,*,#1531,.T.);
#1531 = EDGE_CURVE('',#1524,#1532,#1534,.T.);
#1532 = VERTEX_POINT('',#1533);
#1533 = CARTESIAN_POINT('',(-3.848100130344,-0.762000773017,
    1.868999343809));
#1534 = LINE('',#1535,#1536);
#1535 = CARTESIAN_POINT('',(-3.848100045963,-1.727200773017,
    1.868999181089));
#1536 = VECTOR('',#1537,1.);
#1537 = DIRECTION('',(-8.742277990872E-08,1.,1.685873903924E-07));
#1538 = ORIENTED_EDGE('',*,*,#1539,.T.);
#1539 = EDGE_CURVE('',#1532,#1540,#1542,.T.);
#1540 = VERTEX_POINT('',#1541);
#1541 = CARTESIAN_POINT('',(-3.848100101579,-0.762000740901,
    1.678499343809));
#1542 = LINE('',#1543,#1544);
#1543 = CARTESIAN_POINT('',(-3.848100130344,-0.762000773017,
    1.868999343809));
#1544 = VECTOR('',#1545,1.);
#1545 = DIRECTION('',(1.509957643573E-07,1.685874035928E-07,-1.));
#1546 = ORIENTED_EDGE('',*,*,#1547,.T.);
#1547 = EDGE_CURVE('',#1540,#1548,#1550,.T.);
#1548 = VERTEX_POINT('',#1549);
#1549 = CARTESIAN_POINT('',(-3.848100117123,-0.584200740901,
    1.678499373784));
#1550 = LINE('',#1551,#1552);
#1551 = CARTESIAN_POINT('',(-3.848100101579,-0.762000740901,
    1.678499343809));
#1552 = VECTOR('',#1553,1.);
#1553 = DIRECTION('',(-8.742277990872E-08,1.,1.685873903924E-07));
#1554 = ORIENTED_EDGE('',*,*,#1555,.T.);
#1555 = EDGE_CURVE('',#1548,#1556,#1558,.T.);
#1556 = VERTEX_POINT('',#1557);
#1557 = CARTESIAN_POINT('',(-3.848100062327,-0.584200679721,
    1.31560482198));
#1558 = LINE('',#1559,#1560);
#1559 = CARTESIAN_POINT('',(-3.848100117123,-0.584200740901,
    1.678499373784));
#1560 = VECTOR('',#1561,1.);
#1561 = DIRECTION('',(1.509957643573E-07,1.685874035928E-07,-1.));
#1562 = ORIENTED_EDGE('',*,*,#1563,.F.);
#1563 = EDGE_CURVE('',#1564,#1556,#1566,.T.);
#1564 = VERTEX_POINT('',#1565);
#1565 = CARTESIAN_POINT('',(-3.848099920512,-0.990600561052,
    0.61169930527));
#1566 = LINE('',#1567,#1568);
#1567 = CARTESIAN_POINT('',(-3.848099920512,-0.990600561052,
    0.61169930527));
#1568 = VECTOR('',#1569,1.);
#1569 = DIRECTION('',(-1.744775577516E-07,0.499999853999,0.866025488078)
  );
#1570 = ORIENTED_EDGE('',*,*,#1571,.F.);
#1571 = EDGE_CURVE('',#1572,#1564,#1574,.T.);
#1572 = VERTEX_POINT('',#1573);
#1573 = CARTESIAN_POINT('',(-3.848099331794,-0.990599903746,
    -3.28720069473));
#1574 = LINE('',#1575,#1576);
#1575 = CARTESIAN_POINT('',(-3.848099331794,-0.990599903746,
    -3.28720069473));
#1576 = VECTOR('',#1577,1.);
#1577 = DIRECTION('',(-1.509957643573E-07,-1.685874035928E-07,1.));
#1578 = ORIENTED_EDGE('',*,*,#1579,.T.);
#1579 = EDGE_CURVE('',#1572,#1580,#1582,.T.);
#1580 = VERTEX_POINT('',#1581);
#1581 = CARTESIAN_POINT('',(-3.848099287384,-1.498599903746,
    -3.287200780372));
#1582 = LINE('',#1583,#1584);
#1583 = CARTESIAN_POINT('',(-3.848099331794,-0.990599903746,
    -3.28720069473));
#1584 = VECTOR('',#1585,1.);
#1585 = DIRECTION('',(8.742277990872E-08,-1.,-1.685873903924E-07));
#1586 = ORIENTED_EDGE('',*,*,#1587,.T.);
#1587 = EDGE_CURVE('',#1580,#1485,#1588,.T.);
#1588 = LINE('',#1589,#1590);
#1589 = CARTESIAN_POINT('',(-3.848099287384,-1.498599903746,
    -3.287200780372));
#1590 = VECTOR('',#1591,1.);
#1591 = DIRECTION('',(-1.509957643573E-07,-1.685874035928E-07,1.));
#1592 = PLANE('',#1593);
#1593 = AXIS2_PLACEMENT_3D('',#1594,#1595,#1596);
#1594 = CARTESIAN_POINT('',(-3.848099351779,-0.761999903746,
    -3.28720065619));
#1595 = DIRECTION('',(1.,8.742275445273E-08,1.509957790957E-07));
#1596 = DIRECTION('',(-1.509957643573E-07,-1.685874035928E-07,1.));
#1597 = ADVANCED_FACE('',(#1598),#1614,.F.);
#1598 = FACE_BOUND('',#1599,.F.);
#1599 = EDGE_LOOP('',(#1600,#1601,#1607,#1608));
#1600 = ORIENTED_EDGE('',*,*,#1563,.T.);
#1601 = ORIENTED_EDGE('',*,*,#1602,.T.);
#1602 = EDGE_CURVE('',#1556,#1430,#1603,.T.);
#1603 = LINE('',#1604,#1605);
#1604 = CARTESIAN_POINT('',(-3.848100062327,-0.584200679721,
    1.31560482198));
#1605 = VECTOR('',#1606,1.);
#1606 = DIRECTION('',(-1.,-8.742275445273E-08,-1.509957790957E-07));
#1607 = ORIENTED_EDGE('',*,*,#1429,.T.);
#1608 = ORIENTED_EDGE('',*,*,#1609,.T.);
#1609 = EDGE_CURVE('',#1422,#1564,#1610,.T.);
#1610 = LINE('',#1611,#1612);
#1611 = CARTESIAN_POINT('',(-4.152899920512,-0.990600587698,
    0.611699259247));
#1612 = VECTOR('',#1613,1.);
#1613 = DIRECTION('',(1.,8.742275445273E-08,1.509957790957E-07));
#1614 = PLANE('',#1615);
#1615 = AXIS2_PLACEMENT_3D('',#1616,#1617,#1618);
#1616 = CARTESIAN_POINT('',(-4.152899920512,-0.990600587698,
    0.611699259247));
#1617 = DIRECTION('',(2.124660917607E-10,-0.866025488078,0.499999853999)
  );
#1618 = DIRECTION('',(-1.744775577516E-07,0.499999853999,0.866025488078)
  );
#1619 = ADVANCED_FACE('',(#1620),#1631,.F.);
#1620 = FACE_BOUND('',#1621,.F.);
#1621 = EDGE_LOOP('',(#1622,#1623,#1629,#1630));
#1622 = ORIENTED_EDGE('',*,*,#1421,.F.);
#1623 = ORIENTED_EDGE('',*,*,#1624,.T.);
#1624 = EDGE_CURVE('',#1414,#1572,#1625,.T.);
#1625 = LINE('',#1626,#1627);
#1626 = CARTESIAN_POINT('',(-4.152899331794,-0.990599930393,
    -3.287200740753));
#1627 = VECTOR('',#1628,1.);
#1628 = DIRECTION('',(1.,8.742275445273E-08,1.509957790957E-07));
#1629 = ORIENTED_EDGE('',*,*,#1571,.T.);
#1630 = ORIENTED_EDGE('',*,*,#1609,.F.);
#1631 = PLANE('',#1632);
#1632 = AXIS2_PLACEMENT_3D('',#1633,#1634,#1635);
#1633 = CARTESIAN_POINT('',(-4.152899331794,-0.990599930393,
    -3.287200740753));
#1634 = DIRECTION('',(8.742277990872E-08,-1.,-1.685873903924E-07));
#1635 = DIRECTION('',(-1.509957643573E-07,-1.685874035928E-07,1.));
#1636 = ADVANCED_FACE('',(#1637),#1648,.T.);
#1637 = FACE_BOUND('',#1638,.F.);
#1638 = EDGE_LOOP('',(#1639,#1645,#1646,#1647));
#1639 = ORIENTED_EDGE('',*,*,#1640,.T.);
#1640 = EDGE_CURVE('',#1406,#1580,#1641,.T.);
#1641 = LINE('',#1642,#1643);
#1642 = CARTESIAN_POINT('',(-4.152899287384,-1.498599930393,
    -3.287200826395));
#1643 = VECTOR('',#1644,1.);
#1644 = DIRECTION('',(1.,8.742275445273E-08,1.509957790957E-07));
#1645 = ORIENTED_EDGE('',*,*,#1579,.F.);
#1646 = ORIENTED_EDGE('',*,*,#1624,.F.);
#1647 = ORIENTED_EDGE('',*,*,#1413,.T.);
#1648 = PLANE('',#1649);
#1649 = AXIS2_PLACEMENT_3D('',#1650,#1651,#1652);
#1650 = CARTESIAN_POINT('',(-4.152899351779,-0.761999930393,
    -3.287200702214));
#1651 = DIRECTION('',(1.509957643573E-07,1.685874035928E-07,-1.));
#1652 = DIRECTION('',(1.,8.742275445273E-08,1.509957790957E-07));
#1653 = ADVANCED_FACE('',(#1654),#1660,.T.);
#1654 = FACE_BOUND('',#1655,.F.);
#1655 = EDGE_LOOP('',(#1656,#1657,#1658,#1659));
#1656 = ORIENTED_EDGE('',*,*,#1405,.T.);
#1657 = ORIENTED_EDGE('',*,*,#1492,.T.);
#1658 = ORIENTED_EDGE('',*,*,#1587,.F.);
#1659 = ORIENTED_EDGE('',*,*,#1640,.F.);
#1660 = PLANE('',#1661);
#1661 = AXIS2_PLACEMENT_3D('',#1662,#1663,#1664);
#1662 = CARTESIAN_POINT('',(-4.152899287384,-1.498599930393,
    -3.287200826395));
#1663 = DIRECTION('',(8.742277990872E-08,-1.,-1.685873903924E-07));
#1664 = DIRECTION('',(-1.509957643573E-07,-1.685874035928E-07,1.));
#1665 = ( GEOMETRIC_REPRESENTATION_CONTEXT(3) 
GLOBAL_UNCERTAINTY_ASSIGNED_CONTEXT((#1669)) 
GLOBAL_UNIT_ASSIGNED_CONTEXT((#1666,#1667,#1668)) REPRESENTATION_CONTEXT
('Context #1','3D Context with UNIT and UNCERTAINTY') );
#1666 = ( LENGTH_UNIT() NAMED_UNIT(*) SI_UNIT(.MILLI.,.METRE.) );
#1667 = ( NAMED_UNIT(*) PLANE_ANGLE_UNIT() SI_UNIT($,.RADIAN.) );
#1668 = ( NAMED_UNIT(*) SI_UNIT($,.STERADIAN.) SOLID_ANGLE_UNIT() );
#1669 = UNCERTAINTY_MEASURE_WITH_UNIT(LENGTH_MEASURE(1.E-07),#1666,
  'distance_accuracy_value','confusion accuracy');
#1670 = CONTEXT_DEPENDENT_SHAPE_REPRESENTATION(#1671,#1673);
#1671 = ( REPRESENTATION_RELATIONSHIP('','',#1364,#10) 
REPRESENTATION_RELATIONSHIP_WITH_TRANSFORMATION(#1672) 
SHAPE_REPRESENTATION_RELATIONSHIP() );
#1672 = ITEM_DEFINED_TRANSFORMATION('','',#11,#31);
#1673 = PRODUCT_DEFINITION_SHAPE('Placement','Placement of an item',
  #1674);
#1674 = NEXT_ASSEMBLY_USAGE_OCCURRENCE('5','LinkGroup001.4','',#5,#1359,
  $);
#1675 = PRODUCT_RELATED_PRODUCT_CATEGORY('part',$,(#1361));
#1676 = SHAPE_DEFINITION_REPRESENTATION(#1677,#1683);
#1677 = PRODUCT_DEFINITION_SHAPE('','',#1678);
#1678 = PRODUCT_DEFINITION('design','',#1679,#1682);
#1679 = PRODUCT_DEFINITION_FORMATION('','',#1680);
#1680 = PRODUCT('LinkGroup001.5','LinkGroup001.5','',(#1681));
#1681 = PRODUCT_CONTEXT('',#2,'mechanical');
#1682 = PRODUCT_DEFINITION_CONTEXT('part definition',#2,'design');
#1683 = MANIFOLD_SURFACE_SHAPE_REPRESENTATION('',(#11,#1684),#1984);
#1684 = SHELL_BASED_SURFACE_MODEL('',(#1685));
#1685 = OPEN_SHELL('',(#1686,#1790,#1821,#1916,#1938,#1955,#1972));
#1686 = ADVANCED_FACE('',(#1687),#1785,.T.);
#1687 = FACE_BOUND('',#1688,.F.);
#1688 = EDGE_LOOP('',(#1689,#1699,#1707,#1715,#1723,#1731,#1739,#1747,
    #1755,#1763,#1771,#1779));
#1689 = ORIENTED_EDGE('',*,*,#1690,.T.);
#1690 = EDGE_CURVE('',#1691,#1693,#1695,.T.);
#1691 = VERTEX_POINT('',#1692);
#1692 = CARTESIAN_POINT('',(4.152899869656,-0.762000073547,
    1.869000551927));
#1693 = VERTEX_POINT('',#1694);
#1694 = CARTESIAN_POINT('',(4.152899898421,-0.762000041431,
    1.678500551927));
#1695 = LINE('',#1696,#1697);
#1696 = CARTESIAN_POINT('',(4.152899869656,-0.762000073547,
    1.869000551927));
#1697 = VECTOR('',#1698,1.);
#1698 = DIRECTION('',(1.509957643573E-07,1.685874035928E-07,-1.));
#1699 = ORIENTED_EDGE('',*,*,#1700,.T.);
#1700 = EDGE_CURVE('',#1693,#1701,#1703,.T.);
#1701 = VERTEX_POINT('',#1702);
#1702 = CARTESIAN_POINT('',(4.152899882877,-0.584200041431,
    1.678500581901));
#1703 = LINE('',#1704,#1705);
#1704 = CARTESIAN_POINT('',(4.152899898421,-0.762000041431,
    1.678500551927));
#1705 = VECTOR('',#1706,1.);
#1706 = DIRECTION('',(-8.742277990872E-08,1.,1.685873903924E-07));
#1707 = ORIENTED_EDGE('',*,*,#1708,.T.);
#1708 = EDGE_CURVE('',#1701,#1709,#1711,.T.);
#1709 = VERTEX_POINT('',#1710);
#1710 = CARTESIAN_POINT('',(4.152899937673,-0.584199980252,
    1.315606030097));
#1711 = LINE('',#1712,#1713);
#1712 = CARTESIAN_POINT('',(4.152899882877,-0.584200041431,
    1.678500581901));
#1713 = VECTOR('',#1714,1.);
#1714 = DIRECTION('',(1.509957643573E-07,1.685874035928E-07,-1.));
#1715 = ORIENTED_EDGE('',*,*,#1716,.F.);
#1716 = EDGE_CURVE('',#1717,#1709,#1719,.T.);
#1717 = VERTEX_POINT('',#1718);
#1718 = CARTESIAN_POINT('',(4.152900079488,-0.990599861582,
    0.611700513388));
#1719 = LINE('',#1720,#1721);
#1720 = CARTESIAN_POINT('',(4.152900079488,-0.990599861582,
    0.611700513388));
#1721 = VECTOR('',#1722,1.);
#1722 = DIRECTION('',(-1.744775577516E-07,0.499999853999,0.866025488078)
  );
#1723 = ORIENTED_EDGE('',*,*,#1724,.F.);
#1724 = EDGE_CURVE('',#1725,#1717,#1727,.T.);
#1725 = VERTEX_POINT('',#1726);
#1726 = CARTESIAN_POINT('',(4.152900668205,-0.990599204277,
    -3.287199486612));
#1727 = LINE('',#1728,#1729);
#1728 = CARTESIAN_POINT('',(4.152900668205,-0.990599204277,
    -3.287199486612));
#1729 = VECTOR('',#1730,1.);
#1730 = DIRECTION('',(-1.509957643573E-07,-1.685874035928E-07,1.));
#1731 = ORIENTED_EDGE('',*,*,#1732,.F.);
#1732 = EDGE_CURVE('',#1733,#1725,#1735,.T.);
#1733 = VERTEX_POINT('',#1734);
#1734 = CARTESIAN_POINT('',(4.152900712616,-1.498599204277,
    -3.287199572255));
#1735 = LINE('',#1736,#1737);
#1736 = CARTESIAN_POINT('',(4.152900712616,-1.498599204277,
    -3.287199572255));
#1737 = VECTOR('',#1738,1.);
#1738 = DIRECTION('',(-8.742277990872E-08,1.,1.685873903924E-07));
#1739 = ORIENTED_EDGE('',*,*,#1740,.T.);
#1740 = EDGE_CURVE('',#1733,#1741,#1743,.T.);
#1741 = VERTEX_POINT('',#1742);
#1742 = CARTESIAN_POINT('',(4.152900123899,-1.498599861582,
    0.611700427745));
#1743 = LINE('',#1744,#1745);
#1744 = CARTESIAN_POINT('',(4.152900712616,-1.498599204277,
    -3.287199572255));
#1745 = VECTOR('',#1746,1.);
#1746 = DIRECTION('',(-1.509957643573E-07,-1.685874035928E-07,1.));
#1747 = ORIENTED_EDGE('',*,*,#1748,.F.);
#1748 = EDGE_CURVE('',#1749,#1741,#1751,.T.);
#1749 = VERTEX_POINT('',#1750);
#1750 = CARTESIAN_POINT('',(4.152900053141,-1.904999980252,
    1.315605807427));
#1751 = LINE('',#1752,#1753);
#1752 = CARTESIAN_POINT('',(4.152900053141,-1.904999980252,
    1.315605807427));
#1753 = VECTOR('',#1754,1.);
#1754 = DIRECTION('',(8.705477784289E-08,0.500000146001,-0.866025319491)
  );
#1755 = ORIENTED_EDGE('',*,*,#1756,.T.);
#1756 = EDGE_CURVE('',#1749,#1757,#1759,.T.);
#1757 = VERTEX_POINT('',#1758);
#1758 = CARTESIAN_POINT('',(4.152899998345,-1.905000041431,
    1.678500359231));
#1759 = LINE('',#1760,#1761);
#1760 = CARTESIAN_POINT('',(4.152900053141,-1.904999980252,
    1.315605807427));
#1761 = VECTOR('',#1762,1.);
#1762 = DIRECTION('',(-1.509957643573E-07,-1.685874035928E-07,1.));
#1763 = ORIENTED_EDGE('',*,*,#1764,.T.);
#1764 = EDGE_CURVE('',#1757,#1765,#1767,.T.);
#1765 = VERTEX_POINT('',#1766);
#1766 = CARTESIAN_POINT('',(4.152899982801,-1.727200041431,
    1.678500389206));
#1767 = LINE('',#1768,#1769);
#1768 = CARTESIAN_POINT('',(4.152899998345,-1.905000041431,
    1.678500359231));
#1769 = VECTOR('',#1770,1.);
#1770 = DIRECTION('',(-8.742277990872E-08,1.,1.685873903924E-07));
#1771 = ORIENTED_EDGE('',*,*,#1772,.T.);
#1772 = EDGE_CURVE('',#1765,#1773,#1775,.T.);
#1773 = VERTEX_POINT('',#1774);
#1774 = CARTESIAN_POINT('',(4.152899954037,-1.727200073547,
    1.869000389206));
#1775 = LINE('',#1776,#1777);
#1776 = CARTESIAN_POINT('',(4.152899982801,-1.727200041431,
    1.678500389206));
#1777 = VECTOR('',#1778,1.);
#1778 = DIRECTION('',(-1.509957643573E-07,-1.685874035928E-07,1.));
#1779 = ORIENTED_EDGE('',*,*,#1780,.T.);
#1780 = EDGE_CURVE('',#1773,#1691,#1781,.T.);
#1781 = LINE('',#1782,#1783);
#1782 = CARTESIAN_POINT('',(4.152899954037,-1.727200073547,
    1.869000389206));
#1783 = VECTOR('',#1784,1.);
#1784 = DIRECTION('',(-8.742277990872E-08,1.,1.685873903924E-07));
#1785 = PLANE('',#1786);
#1786 = AXIS2_PLACEMENT_3D('',#1787,#1788,#1789);
#1787 = CARTESIAN_POINT('',(4.152899954037,-1.727200073547,
    1.869000389206));
#1788 = DIRECTION('',(1.,8.742275445273E-08,1.509957790957E-07));
#1789 = DIRECTION('',(1.509957643573E-07,1.685874035928E-07,-1.));
#1790 = ADVANCED_FACE('',(#1791),#1816,.T.);
#1791 = FACE_BOUND('',#1792,.F.);
#1792 = EDGE_LOOP('',(#1793,#1794,#1802,#1810));
#1793 = ORIENTED_EDGE('',*,*,#1716,.T.);
#1794 = ORIENTED_EDGE('',*,*,#1795,.T.);
#1795 = EDGE_CURVE('',#1709,#1796,#1798,.T.);
#1796 = VERTEX_POINT('',#1797);
#1797 = CARTESIAN_POINT('',(3.848099937673,-0.584200006898,
    1.315605984074));
#1798 = LINE('',#1799,#1800);
#1799 = CARTESIAN_POINT('',(4.152899937673,-0.584199980252,
    1.315606030097));
#1800 = VECTOR('',#1801,1.);
#1801 = DIRECTION('',(-1.,-8.742275445273E-08,-1.509957790957E-07));
#1802 = ORIENTED_EDGE('',*,*,#1803,.T.);
#1803 = EDGE_CURVE('',#1796,#1804,#1806,.T.);
#1804 = VERTEX_POINT('',#1805);
#1805 = CARTESIAN_POINT('',(3.848100079488,-0.990599888229,
    0.611700467364));
#1806 = LINE('',#1807,#1808);
#1807 = CARTESIAN_POINT('',(3.848099937673,-0.584200006898,
    1.315605984074));
#1808 = VECTOR('',#1809,1.);
#1809 = DIRECTION('',(1.744775577516E-07,-0.499999853999,-0.866025488078
    ));
#1810 = ORIENTED_EDGE('',*,*,#1811,.F.);
#1811 = EDGE_CURVE('',#1717,#1804,#1812,.T.);
#1812 = LINE('',#1813,#1814);
#1813 = CARTESIAN_POINT('',(4.152900079488,-0.990599861582,
    0.611700513388));
#1814 = VECTOR('',#1815,1.);
#1815 = DIRECTION('',(-1.,-8.742275445273E-08,-1.509957790957E-07));
#1816 = PLANE('',#1817);
#1817 = AXIS2_PLACEMENT_3D('',#1818,#1819,#1820);
#1818 = CARTESIAN_POINT('',(4.152900079488,-0.990599861582,
    0.611700513388));
#1819 = DIRECTION('',(-2.124660917607E-10,0.866025488078,-0.499999853999
    ));
#1820 = DIRECTION('',(-1.744775577516E-07,0.499999853999,0.866025488078)
  );
#1821 = ADVANCED_FACE('',(#1822),#1911,.T.);
#1822 = FACE_BOUND('',#1823,.F.);
#1823 = EDGE_LOOP('',(#1824,#1825,#1833,#1841,#1849,#1857,#1865,#1873,
    #1881,#1889,#1897,#1905));
#1824 = ORIENTED_EDGE('',*,*,#1803,.F.);
#1825 = ORIENTED_EDGE('',*,*,#1826,.T.);
#1826 = EDGE_CURVE('',#1796,#1827,#1829,.T.);
#1827 = VERTEX_POINT('',#1828);
#1828 = CARTESIAN_POINT('',(3.848099882877,-0.584200068078,
    1.678500535878));
#1829 = LINE('',#1830,#1831);
#1830 = CARTESIAN_POINT('',(3.848099937673,-0.584200006898,
    1.315605984074));
#1831 = VECTOR('',#1832,1.);
#1832 = DIRECTION('',(-1.509957643573E-07,-1.685874035928E-07,1.));
#1833 = ORIENTED_EDGE('',*,*,#1834,.T.);
#1834 = EDGE_CURVE('',#1827,#1835,#1837,.T.);
#1835 = VERTEX_POINT('',#1836);
#1836 = CARTESIAN_POINT('',(3.848099898421,-0.762000068078,
    1.678500505903));
#1837 = LINE('',#1838,#1839);
#1838 = CARTESIAN_POINT('',(3.848099882877,-0.584200068078,
    1.678500535878));
#1839 = VECTOR('',#1840,1.);
#1840 = DIRECTION('',(8.742277990872E-08,-1.,-1.685873903924E-07));
#1841 = ORIENTED_EDGE('',*,*,#1842,.T.);
#1842 = EDGE_CURVE('',#1835,#1843,#1845,.T.);
#1843 = VERTEX_POINT('',#1844);
#1844 = CARTESIAN_POINT('',(3.848099869656,-0.762000100194,
    1.869000505903));
#1845 = LINE('',#1846,#1847);
#1846 = CARTESIAN_POINT('',(3.848099898421,-0.762000068078,
    1.678500505903));
#1847 = VECTOR('',#1848,1.);
#1848 = DIRECTION('',(-1.509957643573E-07,-1.685874035928E-07,1.));
#1849 = ORIENTED_EDGE('',*,*,#1850,.T.);
#1850 = EDGE_CURVE('',#1843,#1851,#1853,.T.);
#1851 = VERTEX_POINT('',#1852);
#1852 = CARTESIAN_POINT('',(3.848099954037,-1.727200100194,
    1.869000343183));
#1853 = LINE('',#1854,#1855);
#1854 = CARTESIAN_POINT('',(3.848099869656,-0.762000100194,
    1.869000505903));
#1855 = VECTOR('',#1856,1.);
#1856 = DIRECTION('',(8.742277990872E-08,-1.,-1.685873903924E-07));
#1857 = ORIENTED_EDGE('',*,*,#1858,.T.);
#1858 = EDGE_CURVE('',#1851,#1859,#1861,.T.);
#1859 = VERTEX_POINT('',#1860);
#1860 = CARTESIAN_POINT('',(3.848099982801,-1.727200068078,
    1.678500343183));
#1861 = LINE('',#1862,#1863);
#1862 = CARTESIAN_POINT('',(3.848099954037,-1.727200100194,
    1.869000343183));
#1863 = VECTOR('',#1864,1.);
#1864 = DIRECTION('',(1.509957643573E-07,1.685874035928E-07,-1.));
#1865 = ORIENTED_EDGE('',*,*,#1866,.T.);
#1866 = EDGE_CURVE('',#1859,#1867,#1869,.T.);
#1867 = VERTEX_POINT('',#1868);
#1868 = CARTESIAN_POINT('',(3.848099998345,-1.905000068078,
    1.678500313208));
#1869 = LINE('',#1870,#1871);
#1870 = CARTESIAN_POINT('',(3.848099982801,-1.727200068078,
    1.678500343183));
#1871 = VECTOR('',#1872,1.);
#1872 = DIRECTION('',(8.742277990872E-08,-1.,-1.685873903924E-07));
#1873 = ORIENTED_EDGE('',*,*,#1874,.T.);
#1874 = EDGE_CURVE('',#1867,#1875,#1877,.T.);
#1875 = VERTEX_POINT('',#1876);
#1876 = CARTESIAN_POINT('',(3.848100053141,-1.905000006898,
    1.315605761404));
#1877 = LINE('',#1878,#1879);
#1878 = CARTESIAN_POINT('',(3.848099998345,-1.905000068078,
    1.678500313208));
#1879 = VECTOR('',#1880,1.);
#1880 = DIRECTION('',(1.509957643573E-07,1.685874035928E-07,-1.));
#1881 = ORIENTED_EDGE('',*,*,#1882,.F.);
#1882 = EDGE_CURVE('',#1883,#1875,#1885,.T.);
#1883 = VERTEX_POINT('',#1884);
#1884 = CARTESIAN_POINT('',(3.848100123899,-1.498599888229,
    0.611700381722));
#1885 = LINE('',#1886,#1887);
#1886 = CARTESIAN_POINT('',(3.848100123899,-1.498599888229,
    0.611700381722));
#1887 = VECTOR('',#1888,1.);
#1888 = DIRECTION('',(-8.705477784289E-08,-0.500000146001,0.866025319491
    ));
#1889 = ORIENTED_EDGE('',*,*,#1890,.F.);
#1890 = EDGE_CURVE('',#1891,#1883,#1893,.T.);
#1891 = VERTEX_POINT('',#1892);
#1892 = CARTESIAN_POINT('',(3.848100712616,-1.498599230923,
    -3.287199618278));
#1893 = LINE('',#1894,#1895);
#1894 = CARTESIAN_POINT('',(3.848100712616,-1.498599230923,
    -3.287199618278));
#1895 = VECTOR('',#1896,1.);
#1896 = DIRECTION('',(-1.509957643573E-07,-1.685874035928E-07,1.));
#1897 = ORIENTED_EDGE('',*,*,#1898,.T.);
#1898 = EDGE_CURVE('',#1891,#1899,#1901,.T.);
#1899 = VERTEX_POINT('',#1900);
#1900 = CARTESIAN_POINT('',(3.848100668205,-0.990599230923,
    -3.287199532636));
#1901 = LINE('',#1902,#1903);
#1902 = CARTESIAN_POINT('',(3.848100712616,-1.498599230923,
    -3.287199618278));
#1903 = VECTOR('',#1904,1.);
#1904 = DIRECTION('',(-8.742277990872E-08,1.,1.685873903924E-07));
#1905 = ORIENTED_EDGE('',*,*,#1906,.T.);
#1906 = EDGE_CURVE('',#1899,#1804,#1907,.T.);
#1907 = LINE('',#1908,#1909);
#1908 = CARTESIAN_POINT('',(3.848100668205,-0.990599230923,
    -3.287199532636));
#1909 = VECTOR('',#1910,1.);
#1910 = DIRECTION('',(-1.509957643573E-07,-1.685874035928E-07,1.));
#1911 = PLANE('',#1912);
#1912 = AXIS2_PLACEMENT_3D('',#1913,#1914,#1915);
#1913 = CARTESIAN_POINT('',(3.848100732601,-1.727199230923,
    -3.287199656817));
#1914 = DIRECTION('',(-1.,-8.742275445273E-08,-1.509957790957E-07));
#1915 = DIRECTION('',(-1.509957643573E-07,-1.685874035928E-07,1.));
#1916 = ADVANCED_FACE('',(#1917),#1933,.F.);
#1917 = FACE_BOUND('',#1918,.F.);
#1918 = EDGE_LOOP('',(#1919,#1920,#1926,#1927));
#1919 = ORIENTED_EDGE('',*,*,#1882,.T.);
#1920 = ORIENTED_EDGE('',*,*,#1921,.T.);
#1921 = EDGE_CURVE('',#1875,#1749,#1922,.T.);
#1922 = LINE('',#1923,#1924);
#1923 = CARTESIAN_POINT('',(3.848100053141,-1.905000006898,
    1.315605761404));
#1924 = VECTOR('',#1925,1.);
#1925 = DIRECTION('',(1.,8.742275445273E-08,1.509957790957E-07));
#1926 = ORIENTED_EDGE('',*,*,#1748,.T.);
#1927 = ORIENTED_EDGE('',*,*,#1928,.T.);
#1928 = EDGE_CURVE('',#1741,#1883,#1929,.T.);
#1929 = LINE('',#1930,#1931);
#1930 = CARTESIAN_POINT('',(4.152900123899,-1.498599861582,
    0.611700427745));
#1931 = VECTOR('',#1932,1.);
#1932 = DIRECTION('',(-1.,-8.742275445273E-08,-1.509957790957E-07));
#1933 = PLANE('',#1934);
#1934 = AXIS2_PLACEMENT_3D('',#1935,#1936,#1937);
#1935 = CARTESIAN_POINT('',(4.152900123899,-1.498599861582,
    0.611700427745));
#1936 = DIRECTION('',(-1.51208230449E-07,0.866025319491,0.500000146001)
  );
#1937 = DIRECTION('',(-8.705477784289E-08,-0.500000146001,0.866025319491
    ));
#1938 = ADVANCED_FACE('',(#1939),#1950,.F.);
#1939 = FACE_BOUND('',#1940,.F.);
#1940 = EDGE_LOOP('',(#1941,#1942,#1948,#1949));
#1941 = ORIENTED_EDGE('',*,*,#1740,.F.);
#1942 = ORIENTED_EDGE('',*,*,#1943,.T.);
#1943 = EDGE_CURVE('',#1733,#1891,#1944,.T.);
#1944 = LINE('',#1945,#1946);
#1945 = CARTESIAN_POINT('',(4.152900712616,-1.498599204277,
    -3.287199572255));
#1946 = VECTOR('',#1947,1.);
#1947 = DIRECTION('',(-1.,-8.742275445273E-08,-1.509957790957E-07));
#1948 = ORIENTED_EDGE('',*,*,#1890,.T.);
#1949 = ORIENTED_EDGE('',*,*,#1928,.F.);
#1950 = PLANE('',#1951);
#1951 = AXIS2_PLACEMENT_3D('',#1952,#1953,#1954);
#1952 = CARTESIAN_POINT('',(4.152900712616,-1.498599204277,
    -3.287199572255));
#1953 = DIRECTION('',(-8.742277990872E-08,1.,1.685873903924E-07));
#1954 = DIRECTION('',(-1.509957643573E-07,-1.685874035928E-07,1.));
#1955 = ADVANCED_FACE('',(#1956),#1967,.T.);
#1956 = FACE_BOUND('',#1957,.F.);
#1957 = EDGE_LOOP('',(#1958,#1964,#1965,#1966));
#1958 = ORIENTED_EDGE('',*,*,#1959,.T.);
#1959 = EDGE_CURVE('',#1725,#1899,#1960,.T.);
#1960 = LINE('',#1961,#1962);
#1961 = CARTESIAN_POINT('',(4.152900668205,-0.990599204277,
    -3.287199486612));
#1962 = VECTOR('',#1963,1.);
#1963 = DIRECTION('',(-1.,-8.742275445273E-08,-1.509957790957E-07));
#1964 = ORIENTED_EDGE('',*,*,#1898,.F.);
#1965 = ORIENTED_EDGE('',*,*,#1943,.F.);
#1966 = ORIENTED_EDGE('',*,*,#1732,.T.);
#1967 = PLANE('',#1968);
#1968 = AXIS2_PLACEMENT_3D('',#1969,#1970,#1971);
#1969 = CARTESIAN_POINT('',(4.152900732601,-1.727199204277,
    -3.287199610794));
#1970 = DIRECTION('',(1.509957643573E-07,1.685874035928E-07,-1.));
#1971 = DIRECTION('',(-1.,-8.742275445273E-08,-1.509957790957E-07));
#1972 = ADVANCED_FACE('',(#1973),#1979,.T.);
#1973 = FACE_BOUND('',#1974,.F.);
#1974 = EDGE_LOOP('',(#1975,#1976,#1977,#1978));
#1975 = ORIENTED_EDGE('',*,*,#1724,.T.);
#1976 = ORIENTED_EDGE('',*,*,#1811,.T.);
#1977 = ORIENTED_EDGE('',*,*,#1906,.F.);
#1978 = ORIENTED_EDGE('',*,*,#1959,.F.);
#1979 = PLANE('',#1980);
#1980 = AXIS2_PLACEMENT_3D('',#1981,#1982,#1983);
#1981 = CARTESIAN_POINT('',(4.152900668205,-0.990599204277,
    -3.287199486612));
#1982 = DIRECTION('',(-8.742277990872E-08,1.,1.685873903924E-07));
#1983 = DIRECTION('',(-1.509957643573E-07,-1.685874035928E-07,1.));
#1984 = ( GEOMETRIC_REPRESENTATION_CONTEXT(3) 
GLOBAL_UNCERTAINTY_ASSIGNED_CONTEXT((#1988)) 
GLOBAL_UNIT_ASSIGNED_CONTEXT((#1985,#1986,#1987)) REPRESENTATION_CONTEXT
('Context #1','3D Context with UNIT and UNCERTAINTY') );
#1985 = ( LENGTH_UNIT() NAMED_UNIT(*) SI_UNIT(.MILLI.,.METRE.) );
#1986 = ( NAMED_UNIT(*) PLANE_ANGLE_UNIT() SI_UNIT($,.RADIAN.) );
#1987 = ( NAMED_UNIT(*) SI_UNIT($,.STERADIAN.) SOLID_ANGLE_UNIT() );
#1988 = UNCERTAINTY_MEASURE_WITH_UNIT(LENGTH_MEASURE(1.E-07),#1985,
  'distance_accuracy_value','confusion accuracy');
#1989 = CONTEXT_DEPENDENT_SHAPE_REPRESENTATION(#1990,#1992);
#1990 = ( REPRESENTATION_RELATIONSHIP('','',#1683,#10) 
REPRESENTATION_RELATIONSHIP_WITH_TRANSFORMATION(#1991) 
SHAPE_REPRESENTATION_RELATIONSHIP() );
#1991 = ITEM_DEFINED_TRANSFORMATION('','',#11,#35);
#1992 = PRODUCT_DEFINITION_SHAPE('Placement','Placement of an item',
  #1993);
#1993 = NEXT_ASSEMBLY_USAGE_OCCURRENCE('6','LinkGroup001.5','',#5,#1678,
  $);
#1994 = PRODUCT_RELATED_PRODUCT_CATEGORY('part',$,(#1680));
#1995 = SHAPE_DEFINITION_REPRESENTATION(#1996,#2002);
#1996 = PRODUCT_DEFINITION_SHAPE('','',#1997);
#1997 = PRODUCT_DEFINITION('design','',#1998,#2001);
#1998 = PRODUCT_DEFINITION_FORMATION('','',#1999);
#1999 = PRODUCT('LinkGroup001.6','LinkGroup001.6','',(#2000));
#2000 = PRODUCT_CONTEXT('',#2,'mechanical');
#2001 = PRODUCT_DEFINITION_CONTEXT('part definition',#2,'design');
#2002 = MANIFOLD_SURFACE_SHAPE_REPRESENTATION('',(#11,#2003),#2303);
#2003 = SHELL_BASED_SURFACE_MODEL('',(#2004));
#2004 = OPEN_SHELL('',(#2005,#2109,#2140,#2235,#2257,#2274,#2291));
#2005 = ADVANCED_FACE('',(#2006),#2104,.T.);
#2006 = FACE_BOUND('',#2007,.F.);
#2007 = EDGE_LOOP('',(#2008,#2018,#2026,#2034,#2042,#2050,#2058,#2066,
    #2074,#2082,#2090,#2098));
#2008 = ORIENTED_EDGE('',*,*,#2009,.T.);
#2009 = EDGE_CURVE('',#2010,#2012,#2014,.T.);
#2010 = VERTEX_POINT('',#2011);
#2011 = CARTESIAN_POINT('',(-4.152899823909,-4.267200799663,
    1.868998706853));
#2012 = VERTEX_POINT('',#2013);
#2013 = CARTESIAN_POINT('',(-4.152899795145,-4.267200767547,
    1.678498706853));
#2014 = LINE('',#2015,#2016);
#2015 = CARTESIAN_POINT('',(-4.152899823909,-4.267200799663,
    1.868998706853));
#2016 = VECTOR('',#2017,1.);
#2017 = DIRECTION('',(1.509957643573E-07,1.685874035928E-07,-1.));
#2018 = ORIENTED_EDGE('',*,*,#2019,.T.);
#2019 = EDGE_CURVE('',#2012,#2020,#2022,.T.);
#2020 = VERTEX_POINT('',#2021);
#2021 = CARTESIAN_POINT('',(-4.152899779601,-4.445000767547,
    1.678498676879));
#2022 = LINE('',#2023,#2024);
#2023 = CARTESIAN_POINT('',(-4.152899795145,-4.267200767547,
    1.678498706853));
#2024 = VECTOR('',#2025,1.);
#2025 = DIRECTION('',(8.742277990872E-08,-1.,-1.685873903924E-07));
#2026 = ORIENTED_EDGE('',*,*,#2027,.T.);
#2027 = EDGE_CURVE('',#2020,#2028,#2030,.T.);
#2028 = VERTEX_POINT('',#2029);
#2029 = CARTESIAN_POINT('',(-4.152899724805,-4.445000706368,
    1.315604125074));
#2030 = LINE('',#2031,#2032);
#2031 = CARTESIAN_POINT('',(-4.152899779601,-4.445000767547,
    1.678498676879));
#2032 = VECTOR('',#2033,1.);
#2033 = DIRECTION('',(1.509957643573E-07,1.685874035928E-07,-1.));
#2034 = ORIENTED_EDGE('',*,*,#2035,.F.);
#2035 = EDGE_CURVE('',#2036,#2028,#2038,.T.);
#2036 = VERTEX_POINT('',#2037);
#2037 = CARTESIAN_POINT('',(-4.152899654047,-4.038600587698,
    0.611698745392));
#2038 = LINE('',#2039,#2040);
#2039 = CARTESIAN_POINT('',(-4.152899654047,-4.038600587698,
    0.611698745392));
#2040 = VECTOR('',#2041,1.);
#2041 = DIRECTION('',(-8.705477784289E-08,-0.500000146001,0.866025319491
    ));
#2042 = ORIENTED_EDGE('',*,*,#2043,.F.);
#2043 = EDGE_CURVE('',#2044,#2036,#2046,.T.);
#2044 = VERTEX_POINT('',#2045);
#2045 = CARTESIAN_POINT('',(-4.15289906533,-4.038599930393,
    -3.287201254607));
#2046 = LINE('',#2047,#2048);
#2047 = CARTESIAN_POINT('',(-4.15289906533,-4.038599930393,
    -3.287201254607));
#2048 = VECTOR('',#2049,1.);
#2049 = DIRECTION('',(-1.509957643573E-07,-1.685874035928E-07,1.));
#2050 = ORIENTED_EDGE('',*,*,#2051,.F.);
#2051 = EDGE_CURVE('',#2052,#2044,#2054,.T.);
#2052 = VERTEX_POINT('',#2053);
#2053 = CARTESIAN_POINT('',(-4.152899109741,-3.530599930393,
    -3.287201168965));
#2054 = LINE('',#2055,#2056);
#2055 = CARTESIAN_POINT('',(-4.152899109741,-3.530599930393,
    -3.287201168965));
#2056 = VECTOR('',#2057,1.);
#2057 = DIRECTION('',(8.742277990872E-08,-1.,-1.685873903924E-07));
#2058 = ORIENTED_EDGE('',*,*,#2059,.T.);
#2059 = EDGE_CURVE('',#2052,#2060,#2062,.T.);
#2060 = VERTEX_POINT('',#2061);
#2061 = CARTESIAN_POINT('',(-4.152899698458,-3.530600587698,
    0.611698831035));
#2062 = LINE('',#2063,#2064);
#2063 = CARTESIAN_POINT('',(-4.152899109741,-3.530599930393,
    -3.287201168965));
#2064 = VECTOR('',#2065,1.);
#2065 = DIRECTION('',(-1.509957643573E-07,-1.685874035928E-07,1.));
#2066 = ORIENTED_EDGE('',*,*,#2067,.F.);
#2067 = EDGE_CURVE('',#2068,#2060,#2070,.T.);
#2068 = VERTEX_POINT('',#2069);
#2069 = CARTESIAN_POINT('',(-4.152899840273,-3.124200706368,
    1.315604347745));
#2070 = LINE('',#2071,#2072);
#2071 = CARTESIAN_POINT('',(-4.152899840273,-3.124200706368,
    1.315604347745));
#2072 = VECTOR('',#2073,1.);
#2073 = DIRECTION('',(1.744775577516E-07,-0.499999853999,-0.866025488078
    ));
#2074 = ORIENTED_EDGE('',*,*,#2075,.T.);
#2075 = EDGE_CURVE('',#2068,#2076,#2078,.T.);
#2076 = VERTEX_POINT('',#2077);
#2077 = CARTESIAN_POINT('',(-4.152899895069,-3.124200767547,
    1.678498899549));
#2078 = LINE('',#2079,#2080);
#2079 = CARTESIAN_POINT('',(-4.152899840273,-3.124200706368,
    1.315604347745));
#2080 = VECTOR('',#2081,1.);
#2081 = DIRECTION('',(-1.509957643573E-07,-1.685874035928E-07,1.));
#2082 = ORIENTED_EDGE('',*,*,#2083,.T.);
#2083 = EDGE_CURVE('',#2076,#2084,#2086,.T.);
#2084 = VERTEX_POINT('',#2085);
#2085 = CARTESIAN_POINT('',(-4.152899879525,-3.302000767547,
    1.678498869574));
#2086 = LINE('',#2087,#2088);
#2087 = CARTESIAN_POINT('',(-4.152899895069,-3.124200767547,
    1.678498899549));
#2088 = VECTOR('',#2089,1.);
#2089 = DIRECTION('',(8.742277990872E-08,-1.,-1.685873903924E-07));
#2090 = ORIENTED_EDGE('',*,*,#2091,.T.);
#2091 = EDGE_CURVE('',#2084,#2092,#2094,.T.);
#2092 = VERTEX_POINT('',#2093);
#2093 = CARTESIAN_POINT('',(-4.15289990829,-3.302000799663,
    1.868998869574));
#2094 = LINE('',#2095,#2096);
#2095 = CARTESIAN_POINT('',(-4.152899879525,-3.302000767547,
    1.678498869574));
#2096 = VECTOR('',#2097,1.);
#2097 = DIRECTION('',(-1.509957643573E-07,-1.685874035928E-07,1.));
#2098 = ORIENTED_EDGE('',*,*,#2099,.T.);
#2099 = EDGE_CURVE('',#2092,#2010,#2100,.T.);
#2100 = LINE('',#2101,#2102);
#2101 = CARTESIAN_POINT('',(-4.15289990829,-3.302000799663,
    1.868998869574));
#2102 = VECTOR('',#2103,1.);
#2103 = DIRECTION('',(8.742277990872E-08,-1.,-1.685873903924E-07));
#2104 = PLANE('',#2105);
#2105 = AXIS2_PLACEMENT_3D('',#2106,#2107,#2108);
#2106 = CARTESIAN_POINT('',(-4.15289990829,-3.302000799663,
    1.868998869574));
#2107 = DIRECTION('',(-1.,-8.742275445273E-08,-1.509957790957E-07));
#2108 = DIRECTION('',(1.509957643573E-07,1.685874035928E-07,-1.));
#2109 = ADVANCED_FACE('',(#2110),#2135,.T.);
#2110 = FACE_BOUND('',#2111,.F.);
#2111 = EDGE_LOOP('',(#2112,#2113,#2121,#2129));
#2112 = ORIENTED_EDGE('',*,*,#2035,.T.);
#2113 = ORIENTED_EDGE('',*,*,#2114,.T.);
#2114 = EDGE_CURVE('',#2028,#2115,#2117,.T.);
#2115 = VERTEX_POINT('',#2116);
#2116 = CARTESIAN_POINT('',(-3.848099724805,-4.445000679721,
    1.315604171098));
#2117 = LINE('',#2118,#2119);
#2118 = CARTESIAN_POINT('',(-4.152899724805,-4.445000706368,
    1.315604125074));
#2119 = VECTOR('',#2120,1.);
#2120 = DIRECTION('',(1.,8.742275445273E-08,1.509957790957E-07));
#2121 = ORIENTED_EDGE('',*,*,#2122,.T.);
#2122 = EDGE_CURVE('',#2115,#2123,#2125,.T.);
#2123 = VERTEX_POINT('',#2124);
#2124 = CARTESIAN_POINT('',(-3.848099654047,-4.038600561052,
    0.611698791416));
#2125 = LINE('',#2126,#2127);
#2126 = CARTESIAN_POINT('',(-3.848099724805,-4.445000679721,
    1.315604171098));
#2127 = VECTOR('',#2128,1.);
#2128 = DIRECTION('',(8.705477784289E-08,0.500000146001,-0.866025319491)
  );
#2129 = ORIENTED_EDGE('',*,*,#2130,.F.);
#2130 = EDGE_CURVE('',#2036,#2123,#2131,.T.);
#2131 = LINE('',#2132,#2133);
#2132 = CARTESIAN_POINT('',(-4.152899654047,-4.038600587698,
    0.611698745392));
#2133 = VECTOR('',#2134,1.);
#2134 = DIRECTION('',(1.,8.742275445273E-08,1.509957790957E-07));
#2135 = PLANE('',#2136);
#2136 = AXIS2_PLACEMENT_3D('',#2137,#2138,#2139);
#2137 = CARTESIAN_POINT('',(-4.152899654047,-4.038600587698,
    0.611698745392));
#2138 = DIRECTION('',(1.51208230449E-07,-0.866025319491,-0.500000146001)
  );
#2139 = DIRECTION('',(-8.705477784289E-08,-0.500000146001,0.866025319491
    ));
#2140 = ADVANCED_FACE('',(#2141),#2230,.T.);
#2141 = FACE_BOUND('',#2142,.F.);
#2142 = EDGE_LOOP('',(#2143,#2144,#2152,#2160,#2168,#2176,#2184,#2192,
    #2200,#2208,#2216,#2224));
#2143 = ORIENTED_EDGE('',*,*,#2122,.F.);
#2144 = ORIENTED_EDGE('',*,*,#2145,.T.);
#2145 = EDGE_CURVE('',#2115,#2146,#2148,.T.);
#2146 = VERTEX_POINT('',#2147);
#2147 = CARTESIAN_POINT('',(-3.848099779601,-4.445000740901,
    1.678498722902));
#2148 = LINE('',#2149,#2150);
#2149 = CARTESIAN_POINT('',(-3.848099724805,-4.445000679721,
    1.315604171098));
#2150 = VECTOR('',#2151,1.);
#2151 = DIRECTION('',(-1.509957643573E-07,-1.685874035928E-07,1.));
#2152 = ORIENTED_EDGE('',*,*,#2153,.T.);
#2153 = EDGE_CURVE('',#2146,#2154,#2156,.T.);
#2154 = VERTEX_POINT('',#2155);
#2155 = CARTESIAN_POINT('',(-3.848099795145,-4.267200740901,
    1.678498752877));
#2156 = LINE('',#2157,#2158);
#2157 = CARTESIAN_POINT('',(-3.848099779601,-4.445000740901,
    1.678498722902));
#2158 = VECTOR('',#2159,1.);
#2159 = DIRECTION('',(-8.742277990872E-08,1.,1.685873903924E-07));
#2160 = ORIENTED_EDGE('',*,*,#2161,.T.);
#2161 = EDGE_CURVE('',#2154,#2162,#2164,.T.);
#2162 = VERTEX_POINT('',#2163);
#2163 = CARTESIAN_POINT('',(-3.848099823909,-4.267200773017,
    1.868998752877));
#2164 = LINE('',#2165,#2166);
#2165 = CARTESIAN_POINT('',(-3.848099795145,-4.267200740901,
    1.678498752877));
#2166 = VECTOR('',#2167,1.);
#2167 = DIRECTION('',(-1.509957643573E-07,-1.685874035928E-07,1.));
#2168 = ORIENTED_EDGE('',*,*,#2169,.T.);
#2169 = EDGE_CURVE('',#2162,#2170,#2172,.T.);
#2170 = VERTEX_POINT('',#2171);
#2171 = CARTESIAN_POINT('',(-3.84809990829,-3.302000773017,
    1.868998915597));
#2172 = LINE('',#2173,#2174);
#2173 = CARTESIAN_POINT('',(-3.848099823909,-4.267200773017,
    1.868998752877));
#2174 = VECTOR('',#2175,1.);
#2175 = DIRECTION('',(-8.742277990872E-08,1.,1.685873903924E-07));
#2176 = ORIENTED_EDGE('',*,*,#2177,.T.);
#2177 = EDGE_CURVE('',#2170,#2178,#2180,.T.);
#2178 = VERTEX_POINT('',#2179);
#2179 = CARTESIAN_POINT('',(-3.848099879525,-3.302000740901,
    1.678498915597));
#2180 = LINE('',#2181,#2182);
#2181 = CARTESIAN_POINT('',(-3.84809990829,-3.302000773017,
    1.868998915597));
#2182 = VECTOR('',#2183,1.);
#2183 = DIRECTION('',(1.509957643573E-07,1.685874035928E-07,-1.));
#2184 = ORIENTED_EDGE('',*,*,#2185,.T.);
#2185 = EDGE_CURVE('',#2178,#2186,#2188,.T.);
#2186 = VERTEX_POINT('',#2187);
#2187 = CARTESIAN_POINT('',(-3.848099895069,-3.124200740901,
    1.678498945572));
#2188 = LINE('',#2189,#2190);
#2189 = CARTESIAN_POINT('',(-3.848099879525,-3.302000740901,
    1.678498915597));
#2190 = VECTOR('',#2191,1.);
#2191 = DIRECTION('',(-8.742277990872E-08,1.,1.685873903924E-07));
#2192 = ORIENTED_EDGE('',*,*,#2193,.T.);
#2193 = EDGE_CURVE('',#2186,#2194,#2196,.T.);
#2194 = VERTEX_POINT('',#2195);
#2195 = CARTESIAN_POINT('',(-3.848099840273,-3.124200679721,
    1.315604393768));
#2196 = LINE('',#2197,#2198);
#2197 = CARTESIAN_POINT('',(-3.848099895069,-3.124200740901,
    1.678498945572));
#2198 = VECTOR('',#2199,1.);
#2199 = DIRECTION('',(1.509957643573E-07,1.685874035928E-07,-1.));
#2200 = ORIENTED_EDGE('',*,*,#2201,.F.);
#2201 = EDGE_CURVE('',#2202,#2194,#2204,.T.);
#2202 = VERTEX_POINT('',#2203);
#2203 = CARTESIAN_POINT('',(-3.848099698458,-3.530600561052,
    0.611698877058));
#2204 = LINE('',#2205,#2206);
#2205 = CARTESIAN_POINT('',(-3.848099698458,-3.530600561052,
    0.611698877058));
#2206 = VECTOR('',#2207,1.);
#2207 = DIRECTION('',(-1.744775577516E-07,0.499999853999,0.866025488078)
  );
#2208 = ORIENTED_EDGE('',*,*,#2209,.F.);
#2209 = EDGE_CURVE('',#2210,#2202,#2212,.T.);
#2210 = VERTEX_POINT('',#2211);
#2211 = CARTESIAN_POINT('',(-3.848099109741,-3.530599903746,
    -3.287201122942));
#2212 = LINE('',#2213,#2214);
#2213 = CARTESIAN_POINT('',(-3.848099109741,-3.530599903746,
    -3.287201122942));
#2214 = VECTOR('',#2215,1.);
#2215 = DIRECTION('',(-1.509957643573E-07,-1.685874035928E-07,1.));
#2216 = ORIENTED_EDGE('',*,*,#2217,.T.);
#2217 = EDGE_CURVE('',#2210,#2218,#2220,.T.);
#2218 = VERTEX_POINT('',#2219);
#2219 = CARTESIAN_POINT('',(-3.84809906533,-4.038599903746,
    -3.287201208584));
#2220 = LINE('',#2221,#2222);
#2221 = CARTESIAN_POINT('',(-3.848099109741,-3.530599903746,
    -3.287201122942));
#2222 = VECTOR('',#2223,1.);
#2223 = DIRECTION('',(8.742277990872E-08,-1.,-1.685873903924E-07));
#2224 = ORIENTED_EDGE('',*,*,#2225,.T.);
#2225 = EDGE_CURVE('',#2218,#2123,#2226,.T.);
#2226 = LINE('',#2227,#2228);
#2227 = CARTESIAN_POINT('',(-3.84809906533,-4.038599903746,
    -3.287201208584));
#2228 = VECTOR('',#2229,1.);
#2229 = DIRECTION('',(-1.509957643573E-07,-1.685874035928E-07,1.));
#2230 = PLANE('',#2231);
#2231 = AXIS2_PLACEMENT_3D('',#2232,#2233,#2234);
#2232 = CARTESIAN_POINT('',(-3.848099129725,-3.301999903746,
    -3.287201084402));
#2233 = DIRECTION('',(1.,8.742275445273E-08,1.509957790957E-07));
#2234 = DIRECTION('',(-1.509957643573E-07,-1.685874035928E-07,1.));
#2235 = ADVANCED_FACE('',(#2236),#2252,.F.);
#2236 = FACE_BOUND('',#2237,.F.);
#2237 = EDGE_LOOP('',(#2238,#2239,#2245,#2246));
#2238 = ORIENTED_EDGE('',*,*,#2201,.T.);
#2239 = ORIENTED_EDGE('',*,*,#2240,.T.);
#2240 = EDGE_CURVE('',#2194,#2068,#2241,.T.);
#2241 = LINE('',#2242,#2243);
#2242 = CARTESIAN_POINT('',(-3.848099840273,-3.124200679721,
    1.315604393768));
#2243 = VECTOR('',#2244,1.);
#2244 = DIRECTION('',(-1.,-8.742275445273E-08,-1.509957790957E-07));
#2245 = ORIENTED_EDGE('',*,*,#2067,.T.);
#2246 = ORIENTED_EDGE('',*,*,#2247,.T.);
#2247 = EDGE_CURVE('',#2060,#2202,#2248,.T.);
#2248 = LINE('',#2249,#2250);
#2249 = CARTESIAN_POINT('',(-4.152899698458,-3.530600587698,
    0.611698831035));
#2250 = VECTOR('',#2251,1.);
#2251 = DIRECTION('',(1.,8.742275445273E-08,1.509957790957E-07));
#2252 = PLANE('',#2253);
#2253 = AXIS2_PLACEMENT_3D('',#2254,#2255,#2256);
#2254 = CARTESIAN_POINT('',(-4.152899698458,-3.530600587698,
    0.611698831035));
#2255 = DIRECTION('',(2.124660917607E-10,-0.866025488078,0.499999853999)
  );
#2256 = DIRECTION('',(-1.744775577516E-07,0.499999853999,0.866025488078)
  );
#2257 = ADVANCED_FACE('',(#2258),#2269,.F.);
#2258 = FACE_BOUND('',#2259,.F.);
#2259 = EDGE_LOOP('',(#2260,#2261,#2267,#2268));
#2260 = ORIENTED_EDGE('',*,*,#2059,.F.);
#2261 = ORIENTED_EDGE('',*,*,#2262,.T.);
#2262 = EDGE_CURVE('',#2052,#2210,#2263,.T.);
#2263 = LINE('',#2264,#2265);
#2264 = CARTESIAN_POINT('',(-4.152899109741,-3.530599930393,
    -3.287201168965));
#2265 = VECTOR('',#2266,1.);
#2266 = DIRECTION('',(1.,8.742275445273E-08,1.509957790957E-07));
#2267 = ORIENTED_EDGE('',*,*,#2209,.T.);
#2268 = ORIENTED_EDGE('',*,*,#2247,.F.);
#2269 = PLANE('',#2270);
#2270 = AXIS2_PLACEMENT_3D('',#2271,#2272,#2273);
#2271 = CARTESIAN_POINT('',(-4.152899109741,-3.530599930393,
    -3.287201168965));
#2272 = DIRECTION('',(8.742277990872E-08,-1.,-1.685873903924E-07));
#2273 = DIRECTION('',(-1.509957643573E-07,-1.685874035928E-07,1.));
#2274 = ADVANCED_FACE('',(#2275),#2286,.T.);
#2275 = FACE_BOUND('',#2276,.F.);
#2276 = EDGE_LOOP('',(#2277,#2283,#2284,#2285));
#2277 = ORIENTED_EDGE('',*,*,#2278,.T.);
#2278 = EDGE_CURVE('',#2044,#2218,#2279,.T.);
#2279 = LINE('',#2280,#2281);
#2280 = CARTESIAN_POINT('',(-4.15289906533,-4.038599930393,
    -3.287201254607));
#2281 = VECTOR('',#2282,1.);
#2282 = DIRECTION('',(1.,8.742275445273E-08,1.509957790957E-07));
#2283 = ORIENTED_EDGE('',*,*,#2217,.F.);
#2284 = ORIENTED_EDGE('',*,*,#2262,.F.);
#2285 = ORIENTED_EDGE('',*,*,#2051,.T.);
#2286 = PLANE('',#2287);
#2287 = AXIS2_PLACEMENT_3D('',#2288,#2289,#2290);
#2288 = CARTESIAN_POINT('',(-4.152899129725,-3.301999930393,
    -3.287201130426));
#2289 = DIRECTION('',(1.509957643573E-07,1.685874035928E-07,-1.));
#2290 = DIRECTION('',(1.,8.742275445273E-08,1.509957790957E-07));
#2291 = ADVANCED_FACE('',(#2292),#2298,.T.);
#2292 = FACE_BOUND('',#2293,.F.);
#2293 = EDGE_LOOP('',(#2294,#2295,#2296,#2297));
#2294 = ORIENTED_EDGE('',*,*,#2043,.T.);
#2295 = ORIENTED_EDGE('',*,*,#2130,.T.);
#2296 = ORIENTED_EDGE('',*,*,#2225,.F.);
#2297 = ORIENTED_EDGE('',*,*,#2278,.F.);
#2298 = PLANE('',#2299);
#2299 = AXIS2_PLACEMENT_3D('',#2300,#2301,#2302);
#2300 = CARTESIAN_POINT('',(-4.15289906533,-4.038599930393,
    -3.287201254607));
#2301 = DIRECTION('',(8.742277990872E-08,-1.,-1.685873903924E-07));
#2302 = DIRECTION('',(-1.509957643573E-07,-1.685874035928E-07,1.));
#2303 = ( GEOMETRIC_REPRESENTATION_CONTEXT(3) 
GLOBAL_UNCERTAINTY_ASSIGNED_CONTEXT((#2307)) 
GLOBAL_UNIT_ASSIGNED_CONTEXT((#2304,#2305,#2306)) REPRESENTATION_CONTEXT
('Context #1','3D Context with UNIT and UNCERTAINTY') );
#2304 = ( LENGTH_UNIT() NAMED_UNIT(*) SI_UNIT(.MILLI.,.METRE.) );
#2305 = ( NAMED_UNIT(*) PLANE_ANGLE_UNIT() SI_UNIT($,.RADIAN.) );
#2306 = ( NAMED_UNIT(*) SI_UNIT($,.STERADIAN.) SOLID_ANGLE_UNIT() );
#2307 = UNCERTAINTY_MEASURE_WITH_UNIT(LENGTH_MEASURE(1.E-07),#2304,
  'distance_accuracy_value','confusion accuracy');
#2308 = CONTEXT_DEPENDENT_SHAPE_REPRESENTATION(#2309,#2311);
#2309 = ( REPRESENTATION_RELATIONSHIP('','',#2002,#10) 
REPRESENTATION_RELATIONSHIP_WITH_TRANSFORMATION(#2310) 
SHAPE_REPRESENTATION_RELATIONSHIP() );
#2310 = ITEM_DEFINED_TRANSFORMATION('','',#11,#39);
#2311 = PRODUCT_DEFINITION_SHAPE('Placement','Placement of an item',
  #2312);
#2312 = NEXT_ASSEMBLY_USAGE_OCCURRENCE('7','LinkGroup001.6','',#5,#1997,
  $);
#2313 = PRODUCT_RELATED_PRODUCT_CATEGORY('part',$,(#1999));
#2314 = SHAPE_DEFINITION_REPRESENTATION(#2315,#2321);
#2315 = PRODUCT_DEFINITION_SHAPE('','',#2316);
#2316 = PRODUCT_DEFINITION('design','',#2317,#2320);
#2317 = PRODUCT_DEFINITION_FORMATION('','',#2318);
#2318 = PRODUCT('LinkGroup001.7','LinkGroup001.7','',(#2319));
#2319 = PRODUCT_CONTEXT('',#2,'mechanical');
#2320 = PRODUCT_DEFINITION_CONTEXT('part definition',#2,'design');
#2321 = MANIFOLD_SURFACE_SHAPE_REPRESENTATION('',(#11,#2322),#2622);
#2322 = SHELL_BASED_SURFACE_MODEL('',(#2323));
#2323 = OPEN_SHELL('',(#2324,#2428,#2459,#2554,#2576,#2593,#2610));
#2324 = ADVANCED_FACE('',(#2325),#2423,.T.);
#2325 = FACE_BOUND('',#2326,.F.);
#2326 = EDGE_LOOP('',(#2327,#2337,#2345,#2353,#2361,#2369,#2377,#2385,
    #2393,#2401,#2409,#2417));
#2327 = ORIENTED_EDGE('',*,*,#2328,.T.);
#2328 = EDGE_CURVE('',#2329,#2331,#2333,.T.);
#2329 = VERTEX_POINT('',#2330);
#2330 = CARTESIAN_POINT('',(4.15290009171,-3.302000073547,1.869000123715
    ));
#2331 = VERTEX_POINT('',#2332);
#2332 = CARTESIAN_POINT('',(4.152900120475,-3.302000041431,
    1.678500123715));
#2333 = LINE('',#2334,#2335);
#2334 = CARTESIAN_POINT('',(4.15290009171,-3.302000073547,1.869000123715
    ));
#2335 = VECTOR('',#2336,1.);
#2336 = DIRECTION('',(1.509957643573E-07,1.685874035928E-07,-1.));
#2337 = ORIENTED_EDGE('',*,*,#2338,.T.);
#2338 = EDGE_CURVE('',#2331,#2339,#2341,.T.);
#2339 = VERTEX_POINT('',#2340);
#2340 = CARTESIAN_POINT('',(4.152900104931,-3.124200041431,
    1.678500153689));
#2341 = LINE('',#2342,#2343);
#2342 = CARTESIAN_POINT('',(4.152900120475,-3.302000041431,
    1.678500123715));
#2343 = VECTOR('',#2344,1.);
#2344 = DIRECTION('',(-8.742277990872E-08,1.,1.685873903924E-07));
#2345 = ORIENTED_EDGE('',*,*,#2346,.T.);
#2346 = EDGE_CURVE('',#2339,#2347,#2349,.T.);
#2347 = VERTEX_POINT('',#2348);
#2348 = CARTESIAN_POINT('',(4.152900159727,-3.124199980252,
    1.315605601885));
#2349 = LINE('',#2350,#2351);
#2350 = CARTESIAN_POINT('',(4.152900104931,-3.124200041431,
    1.678500153689));
#2351 = VECTOR('',#2352,1.);
#2352 = DIRECTION('',(1.509957643573E-07,1.685874035928E-07,-1.));
#2353 = ORIENTED_EDGE('',*,*,#2354,.F.);
#2354 = EDGE_CURVE('',#2355,#2347,#2357,.T.);
#2355 = VERTEX_POINT('',#2356);
#2356 = CARTESIAN_POINT('',(4.152900301542,-3.530599861582,
    0.611700085176));
#2357 = LINE('',#2358,#2359);
#2358 = CARTESIAN_POINT('',(4.152900301542,-3.530599861582,
    0.611700085176));
#2359 = VECTOR('',#2360,1.);
#2360 = DIRECTION('',(-1.744775577516E-07,0.499999853999,0.866025488078)
  );
#2361 = ORIENTED_EDGE('',*,*,#2362,.F.);
#2362 = EDGE_CURVE('',#2363,#2355,#2365,.T.);
#2363 = VERTEX_POINT('',#2364);
#2364 = CARTESIAN_POINT('',(4.152900890259,-3.530599204277,
    -3.287199914824));
#2365 = LINE('',#2366,#2367);
#2366 = CARTESIAN_POINT('',(4.152900890259,-3.530599204277,
    -3.287199914824));
#2367 = VECTOR('',#2368,1.);
#2368 = DIRECTION('',(-1.509957643573E-07,-1.685874035928E-07,1.));
#2369 = ORIENTED_EDGE('',*,*,#2370,.F.);
#2370 = EDGE_CURVE('',#2371,#2363,#2373,.T.);
#2371 = VERTEX_POINT('',#2372);
#2372 = CARTESIAN_POINT('',(4.15290093467,-4.038599204277,
    -3.287200000467));
#2373 = LINE('',#2374,#2375);
#2374 = CARTESIAN_POINT('',(4.15290093467,-4.038599204277,
    -3.287200000467));
#2375 = VECTOR('',#2376,1.);
#2376 = DIRECTION('',(-8.742277990872E-08,1.,1.685873903924E-07));
#2377 = ORIENTED_EDGE('',*,*,#2378,.T.);
#2378 = EDGE_CURVE('',#2371,#2379,#2381,.T.);
#2379 = VERTEX_POINT('',#2380);
#2380 = CARTESIAN_POINT('',(4.152900345953,-4.038599861582,
    0.611699999533));
#2381 = LINE('',#2382,#2383);
#2382 = CARTESIAN_POINT('',(4.15290093467,-4.038599204277,
    -3.287200000467));
#2383 = VECTOR('',#2384,1.);
#2384 = DIRECTION('',(-1.509957643573E-07,-1.685874035928E-07,1.));
#2385 = ORIENTED_EDGE('',*,*,#2386,.F.);
#2386 = EDGE_CURVE('',#2387,#2379,#2389,.T.);
#2387 = VERTEX_POINT('',#2388);
#2388 = CARTESIAN_POINT('',(4.152900275195,-4.444999980252,
    1.315605379215));
#2389 = LINE('',#2390,#2391);
#2390 = CARTESIAN_POINT('',(4.152900275195,-4.444999980252,
    1.315605379215));
#2391 = VECTOR('',#2392,1.);
#2392 = DIRECTION('',(8.705477784289E-08,0.500000146001,-0.866025319491)
  );
#2393 = ORIENTED_EDGE('',*,*,#2394,.T.);
#2394 = EDGE_CURVE('',#2387,#2395,#2397,.T.);
#2395 = VERTEX_POINT('',#2396);
#2396 = CARTESIAN_POINT('',(4.152900220399,-4.445000041431,
    1.678499931019));
#2397 = LINE('',#2398,#2399);
#2398 = CARTESIAN_POINT('',(4.152900275195,-4.444999980252,
    1.315605379215));
#2399 = VECTOR('',#2400,1.);
#2400 = DIRECTION('',(-1.509957643573E-07,-1.685874035928E-07,1.));
#2401 = ORIENTED_EDGE('',*,*,#2402,.T.);
#2402 = EDGE_CURVE('',#2395,#2403,#2405,.T.);
#2403 = VERTEX_POINT('',#2404);
#2404 = CARTESIAN_POINT('',(4.152900204855,-4.267200041431,
    1.678499960994));
#2405 = LINE('',#2406,#2407);
#2406 = CARTESIAN_POINT('',(4.152900220399,-4.445000041431,
    1.678499931019));
#2407 = VECTOR('',#2408,1.);
#2408 = DIRECTION('',(-8.742277990872E-08,1.,1.685873903924E-07));
#2409 = ORIENTED_EDGE('',*,*,#2410,.T.);
#2410 = EDGE_CURVE('',#2403,#2411,#2413,.T.);
#2411 = VERTEX_POINT('',#2412);
#2412 = CARTESIAN_POINT('',(4.152900176091,-4.267200073547,
    1.868999960994));
#2413 = LINE('',#2414,#2415);
#2414 = CARTESIAN_POINT('',(4.152900204855,-4.267200041431,
    1.678499960994));
#2415 = VECTOR('',#2416,1.);
#2416 = DIRECTION('',(-1.509957643573E-07,-1.685874035928E-07,1.));
#2417 = ORIENTED_EDGE('',*,*,#2418,.T.);
#2418 = EDGE_CURVE('',#2411,#2329,#2419,.T.);
#2419 = LINE('',#2420,#2421);
#2420 = CARTESIAN_POINT('',(4.152900176091,-4.267200073547,
    1.868999960994));
#2421 = VECTOR('',#2422,1.);
#2422 = DIRECTION('',(-8.742277990872E-08,1.,1.685873903924E-07));
#2423 = PLANE('',#2424);
#2424 = AXIS2_PLACEMENT_3D('',#2425,#2426,#2427);
#2425 = CARTESIAN_POINT('',(4.152900176091,-4.267200073547,
    1.868999960994));
#2426 = DIRECTION('',(1.,8.742275445273E-08,1.509957790957E-07));
#2427 = DIRECTION('',(1.509957643573E-07,1.685874035928E-07,-1.));
#2428 = ADVANCED_FACE('',(#2429),#2454,.T.);
#2429 = FACE_BOUND('',#2430,.F.);
#2430 = EDGE_LOOP('',(#2431,#2432,#2440,#2448));
#2431 = ORIENTED_EDGE('',*,*,#2354,.T.);
#2432 = ORIENTED_EDGE('',*,*,#2433,.T.);
#2433 = EDGE_CURVE('',#2347,#2434,#2436,.T.);
#2434 = VERTEX_POINT('',#2435);
#2435 = CARTESIAN_POINT('',(3.848100159727,-3.124200006898,
    1.315605555862));
#2436 = LINE('',#2437,#2438);
#2437 = CARTESIAN_POINT('',(4.152900159727,-3.124199980252,
    1.315605601885));
#2438 = VECTOR('',#2439,1.);
#2439 = DIRECTION('',(-1.,-8.742275445273E-08,-1.509957790957E-07));
#2440 = ORIENTED_EDGE('',*,*,#2441,.T.);
#2441 = EDGE_CURVE('',#2434,#2442,#2444,.T.);
#2442 = VERTEX_POINT('',#2443);
#2443 = CARTESIAN_POINT('',(3.848100301542,-3.530599888229,
    0.611700039152));
#2444 = LINE('',#2445,#2446);
#2445 = CARTESIAN_POINT('',(3.848100159727,-3.124200006898,
    1.315605555862));
#2446 = VECTOR('',#2447,1.);
#2447 = DIRECTION('',(1.744775577516E-07,-0.499999853999,-0.866025488078
    ));
#2448 = ORIENTED_EDGE('',*,*,#2449,.F.);
#2449 = EDGE_CURVE('',#2355,#2442,#2450,.T.);
#2450 = LINE('',#2451,#2452);
#2451 = CARTESIAN_POINT('',(4.152900301542,-3.530599861582,
    0.611700085176));
#2452 = VECTOR('',#2453,1.);
#2453 = DIRECTION('',(-1.,-8.742275445273E-08,-1.509957790957E-07));
#2454 = PLANE('',#2455);
#2455 = AXIS2_PLACEMENT_3D('',#2456,#2457,#2458);
#2456 = CARTESIAN_POINT('',(4.152900301542,-3.530599861582,
    0.611700085176));
#2457 = DIRECTION('',(-2.124660917607E-10,0.866025488078,-0.499999853999
    ));
#2458 = DIRECTION('',(-1.744775577516E-07,0.499999853999,0.866025488078)
  );
#2459 = ADVANCED_FACE('',(#2460),#2549,.T.);
#2460 = FACE_BOUND('',#2461,.F.);
#2461 = EDGE_LOOP('',(#2462,#2463,#2471,#2479,#2487,#2495,#2503,#2511,
    #2519,#2527,#2535,#2543));
#2462 = ORIENTED_EDGE('',*,*,#2441,.F.);
#2463 = ORIENTED_EDGE('',*,*,#2464,.T.);
#2464 = EDGE_CURVE('',#2434,#2465,#2467,.T.);
#2465 = VERTEX_POINT('',#2466);
#2466 = CARTESIAN_POINT('',(3.848100104931,-3.124200068078,
    1.678500107666));
#2467 = LINE('',#2468,#2469);
#2468 = CARTESIAN_POINT('',(3.848100159727,-3.124200006898,
    1.315605555862));
#2469 = VECTOR('',#2470,1.);
#2470 = DIRECTION('',(-1.509957643573E-07,-1.685874035928E-07,1.));
#2471 = ORIENTED_EDGE('',*,*,#2472,.T.);
#2472 = EDGE_CURVE('',#2465,#2473,#2475,.T.);
#2473 = VERTEX_POINT('',#2474);
#2474 = CARTESIAN_POINT('',(3.848100120475,-3.302000068078,
    1.678500077691));
#2475 = LINE('',#2476,#2477);
#2476 = CARTESIAN_POINT('',(3.848100104931,-3.124200068078,
    1.678500107666));
#2477 = VECTOR('',#2478,1.);
#2478 = DIRECTION('',(8.742277990872E-08,-1.,-1.685873903924E-07));
#2479 = ORIENTED_EDGE('',*,*,#2480,.T.);
#2480 = EDGE_CURVE('',#2473,#2481,#2483,.T.);
#2481 = VERTEX_POINT('',#2482);
#2482 = CARTESIAN_POINT('',(3.84810009171,-3.302000100194,1.869000077691
    ));
#2483 = LINE('',#2484,#2485);
#2484 = CARTESIAN_POINT('',(3.848100120475,-3.302000068078,
    1.678500077691));
#2485 = VECTOR('',#2486,1.);
#2486 = DIRECTION('',(-1.509957643573E-07,-1.685874035928E-07,1.));
#2487 = ORIENTED_EDGE('',*,*,#2488,.T.);
#2488 = EDGE_CURVE('',#2481,#2489,#2491,.T.);
#2489 = VERTEX_POINT('',#2490);
#2490 = CARTESIAN_POINT('',(3.848100176091,-4.267200100194,
    1.868999914971));
#2491 = LINE('',#2492,#2493);
#2492 = CARTESIAN_POINT('',(3.84810009171,-3.302000100194,1.869000077691
    ));
#2493 = VECTOR('',#2494,1.);
#2494 = DIRECTION('',(8.742277990872E-08,-1.,-1.685873903924E-07));
#2495 = ORIENTED_EDGE('',*,*,#2496,.T.);
#2496 = EDGE_CURVE('',#2489,#2497,#2499,.T.);
#2497 = VERTEX_POINT('',#2498);
#2498 = CARTESIAN_POINT('',(3.848100204855,-4.267200068078,
    1.678499914971));
#2499 = LINE('',#2500,#2501);
#2500 = CARTESIAN_POINT('',(3.848100176091,-4.267200100194,
    1.868999914971));
#2501 = VECTOR('',#2502,1.);
#2502 = DIRECTION('',(1.509957643573E-07,1.685874035928E-07,-1.));
#2503 = ORIENTED_EDGE('',*,*,#2504,.T.);
#2504 = EDGE_CURVE('',#2497,#2505,#2507,.T.);
#2505 = VERTEX_POINT('',#2506);
#2506 = CARTESIAN_POINT('',(3.848100220399,-4.445000068078,
    1.678499884996));
#2507 = LINE('',#2508,#2509);
#2508 = CARTESIAN_POINT('',(3.848100204855,-4.267200068078,
    1.678499914971));
#2509 = VECTOR('',#2510,1.);
#2510 = DIRECTION('',(8.742277990872E-08,-1.,-1.685873903924E-07));
#2511 = ORIENTED_EDGE('',*,*,#2512,.T.);
#2512 = EDGE_CURVE('',#2505,#2513,#2515,.T.);
#2513 = VERTEX_POINT('',#2514);
#2514 = CARTESIAN_POINT('',(3.848100275195,-4.445000006898,
    1.315605333192));
#2515 = LINE('',#2516,#2517);
#2516 = CARTESIAN_POINT('',(3.848100220399,-4.445000068078,
    1.678499884996));
#2517 = VECTOR('',#2518,1.);
#2518 = DIRECTION('',(1.509957643573E-07,1.685874035928E-07,-1.));
#2519 = ORIENTED_EDGE('',*,*,#2520,.F.);
#2520 = EDGE_CURVE('',#2521,#2513,#2523,.T.);
#2521 = VERTEX_POINT('',#2522);
#2522 = CARTESIAN_POINT('',(3.848100345953,-4.038599888229,0.61169995351
    ));
#2523 = LINE('',#2524,#2525);
#2524 = CARTESIAN_POINT('',(3.848100345953,-4.038599888229,0.61169995351
    ));
#2525 = VECTOR('',#2526,1.);
#2526 = DIRECTION('',(-8.705477784289E-08,-0.500000146001,0.866025319491
    ));
#2527 = ORIENTED_EDGE('',*,*,#2528,.F.);
#2528 = EDGE_CURVE('',#2529,#2521,#2531,.T.);
#2529 = VERTEX_POINT('',#2530);
#2530 = CARTESIAN_POINT('',(3.84810093467,-4.038599230923,-3.28720004649
    ));
#2531 = LINE('',#2532,#2533);
#2532 = CARTESIAN_POINT('',(3.84810093467,-4.038599230923,-3.28720004649
    ));
#2533 = VECTOR('',#2534,1.);
#2534 = DIRECTION('',(-1.509957643573E-07,-1.685874035928E-07,1.));
#2535 = ORIENTED_EDGE('',*,*,#2536,.T.);
#2536 = EDGE_CURVE('',#2529,#2537,#2539,.T.);
#2537 = VERTEX_POINT('',#2538);
#2538 = CARTESIAN_POINT('',(3.848100890259,-3.530599230923,
    -3.287199960848));
#2539 = LINE('',#2540,#2541);
#2540 = CARTESIAN_POINT('',(3.84810093467,-4.038599230923,-3.28720004649
    ));
#2541 = VECTOR('',#2542,1.);
#2542 = DIRECTION('',(-8.742277990872E-08,1.,1.685873903924E-07));
#2543 = ORIENTED_EDGE('',*,*,#2544,.T.);
#2544 = EDGE_CURVE('',#2537,#2442,#2545,.T.);
#2545 = LINE('',#2546,#2547);
#2546 = CARTESIAN_POINT('',(3.848100890259,-3.530599230923,
    -3.287199960848));
#2547 = VECTOR('',#2548,1.);
#2548 = DIRECTION('',(-1.509957643573E-07,-1.685874035928E-07,1.));
#2549 = PLANE('',#2550);
#2550 = AXIS2_PLACEMENT_3D('',#2551,#2552,#2553);
#2551 = CARTESIAN_POINT('',(3.848100954655,-4.267199230923,
    -3.287200085029));
#2552 = DIRECTION('',(-1.,-8.742275445273E-08,-1.509957790957E-07));
#2553 = DIRECTION('',(-1.509957643573E-07,-1.685874035928E-07,1.));
#2554 = ADVANCED_FACE('',(#2555),#2571,.F.);
#2555 = FACE_BOUND('',#2556,.F.);
#2556 = EDGE_LOOP('',(#2557,#2558,#2564,#2565));
#2557 = ORIENTED_EDGE('',*,*,#2520,.T.);
#2558 = ORIENTED_EDGE('',*,*,#2559,.T.);
#2559 = EDGE_CURVE('',#2513,#2387,#2560,.T.);
#2560 = LINE('',#2561,#2562);
#2561 = CARTESIAN_POINT('',(3.848100275195,-4.445000006898,
    1.315605333192));
#2562 = VECTOR('',#2563,1.);
#2563 = DIRECTION('',(1.,8.742275445273E-08,1.509957790957E-07));
#2564 = ORIENTED_EDGE('',*,*,#2386,.T.);
#2565 = ORIENTED_EDGE('',*,*,#2566,.T.);
#2566 = EDGE_CURVE('',#2379,#2521,#2567,.T.);
#2567 = LINE('',#2568,#2569);
#2568 = CARTESIAN_POINT('',(4.152900345953,-4.038599861582,
    0.611699999533));
#2569 = VECTOR('',#2570,1.);
#2570 = DIRECTION('',(-1.,-8.742275445273E-08,-1.509957790957E-07));
#2571 = PLANE('',#2572);
#2572 = AXIS2_PLACEMENT_3D('',#2573,#2574,#2575);
#2573 = CARTESIAN_POINT('',(4.152900345953,-4.038599861582,
    0.611699999533));
#2574 = DIRECTION('',(-1.51208230449E-07,0.866025319491,0.500000146001)
  );
#2575 = DIRECTION('',(-8.705477784289E-08,-0.500000146001,0.866025319491
    ));
#2576 = ADVANCED_FACE('',(#2577),#2588,.F.);
#2577 = FACE_BOUND('',#2578,.F.);
#2578 = EDGE_LOOP('',(#2579,#2580,#2586,#2587));
#2579 = ORIENTED_EDGE('',*,*,#2378,.F.);
#2580 = ORIENTED_EDGE('',*,*,#2581,.T.);
#2581 = EDGE_CURVE('',#2371,#2529,#2582,.T.);
#2582 = LINE('',#2583,#2584);
#2583 = CARTESIAN_POINT('',(4.15290093467,-4.038599204277,
    -3.287200000467));
#2584 = VECTOR('',#2585,1.);
#2585 = DIRECTION('',(-1.,-8.742275445273E-08,-1.509957790957E-07));
#2586 = ORIENTED_EDGE('',*,*,#2528,.T.);
#2587 = ORIENTED_EDGE('',*,*,#2566,.F.);
#2588 = PLANE('',#2589);
#2589 = AXIS2_PLACEMENT_3D('',#2590,#2591,#2592);
#2590 = CARTESIAN_POINT('',(4.15290093467,-4.038599204277,
    -3.287200000467));
#2591 = DIRECTION('',(-8.742277990872E-08,1.,1.685873903924E-07));
#2592 = DIRECTION('',(-1.509957643573E-07,-1.685874035928E-07,1.));
#2593 = ADVANCED_FACE('',(#2594),#2605,.T.);
#2594 = FACE_BOUND('',#2595,.F.);
#2595 = EDGE_LOOP('',(#2596,#2602,#2603,#2604));
#2596 = ORIENTED_EDGE('',*,*,#2597,.T.);
#2597 = EDGE_CURVE('',#2363,#2537,#2598,.T.);
#2598 = LINE('',#2599,#2600);
#2599 = CARTESIAN_POINT('',(4.152900890259,-3.530599204277,
    -3.287199914824));
#2600 = VECTOR('',#2601,1.);
#2601 = DIRECTION('',(-1.,-8.742275445273E-08,-1.509957790957E-07));
#2602 = ORIENTED_EDGE('',*,*,#2536,.F.);
#2603 = ORIENTED_EDGE('',*,*,#2581,.F.);
#2604 = ORIENTED_EDGE('',*,*,#2370,.T.);
#2605 = PLANE('',#2606);
#2606 = AXIS2_PLACEMENT_3D('',#2607,#2608,#2609);
#2607 = CARTESIAN_POINT('',(4.152900954655,-4.267199204277,
    -3.287200039006));
#2608 = DIRECTION('',(1.509957643573E-07,1.685874035928E-07,-1.));
#2609 = DIRECTION('',(-1.,-8.742275445273E-08,-1.509957790957E-07));
#2610 = ADVANCED_FACE('',(#2611),#2617,.T.);
#2611 = FACE_BOUND('',#2612,.F.);
#2612 = EDGE_LOOP('',(#2613,#2614,#2615,#2616));
#2613 = ORIENTED_EDGE('',*,*,#2362,.T.);
#2614 = ORIENTED_EDGE('',*,*,#2449,.T.);
#2615 = ORIENTED_EDGE('',*,*,#2544,.F.);
#2616 = ORIENTED_EDGE('',*,*,#2597,.F.);
#2617 = PLANE('',#2618);
#2618 = AXIS2_PLACEMENT_3D('',#2619,#2620,#2621);
#2619 = CARTESIAN_POINT('',(4.152900890259,-3.530599204277,
    -3.287199914824));
#2620 = DIRECTION('',(-8.742277990872E-08,1.,1.685873903924E-07));
#2621 = DIRECTION('',(-1.509957643573E-07,-1.685874035928E-07,1.));
#2622 = ( GEOMETRIC_REPRESENTATION_CONTEXT(3) 
GLOBAL_UNCERTAINTY_ASSIGNED_CONTEXT((#2626)) 
GLOBAL_UNIT_ASSIGNED_CONTEXT((#2623,#2624,#2625)) REPRESENTATION_CONTEXT
('Context #1','3D Context with UNIT and UNCERTAINTY') );
#2623 = ( LENGTH_UNIT() NAMED_UNIT(*) SI_UNIT(.MILLI.,.METRE.) );
#2624 = ( NAMED_UNIT(*) PLANE_ANGLE_UNIT() SI_UNIT($,.RADIAN.) );
#2625 = ( NAMED_UNIT(*) SI_UNIT($,.STERADIAN.) SOLID_ANGLE_UNIT() );
#2626 = UNCERTAINTY_MEASURE_WITH_UNIT(LENGTH_MEASURE(1.E-07),#2623,
  'distance_accuracy_value','confusion accuracy');
#2627 = CONTEXT_DEPENDENT_SHAPE_REPRESENTATION(#2628,#2630);
#2628 = ( REPRESENTATION_RELATIONSHIP('','',#2321,#10) 
REPRESENTATION_RELATIONSHIP_WITH_TRANSFORMATION(#2629) 
SHAPE_REPRESENTATION_RELATIONSHIP() );
#2629 = ITEM_DEFINED_TRANSFORMATION('','',#11,#43);
#2630 = PRODUCT_DEFINITION_SHAPE('Placement','Placement of an item',
  #2631);
#2631 = NEXT_ASSEMBLY_USAGE_OCCURRENCE('8','LinkGroup001.7','',#5,#2316,
  $);
#2632 = PRODUCT_RELATED_PRODUCT_CATEGORY('part',$,(#2318));
#2633 = SHAPE_DEFINITION_REPRESENTATION(#2634,#2640);
#2634 = PRODUCT_DEFINITION_SHAPE('','',#2635);
#2635 = PRODUCT_DEFINITION('design','',#2636,#2639);
#2636 = PRODUCT_DEFINITION_FORMATION('','',#2637);
#2637 = PRODUCT('LinkGroup001.8','LinkGroup001.8','',(#2638));
#2638 = PRODUCT_CONTEXT('',#2,'mechanical');
#2639 = PRODUCT_DEFINITION_CONTEXT('part definition',#2,'design');
#2640 = MANIFOLD_SURFACE_SHAPE_REPRESENTATION('',(#11,#2641),#5207);
#2641 = SHELL_BASED_SURFACE_MODEL('',(#2642));
#2642 = OPEN_SHELL('',(#2643,#2683,#2723,#2854,#2883,#2964,#2995,#3026,
    #3157,#3188,#3228,#3252,#3283,#3398,#3422,#3530,#3547,#3626,#3657,
    #3679,#3786,#3817,#3857,#3954,#4051,#4075,#4177,#4194,#4211,#4223,
    #4240,#4252,#4283,#4368,#4392,#4487,#4499,#4516,#4533,#4545,#4557,
    #4581,#4703,#4725,#4765,#4777,#4799,#4914,#4931,#4943,#5051,#5063,
    #5075,#5092,#5104));
#2643 = ADVANCED_FACE('',(#2644),#2678,.T.);
#2644 = FACE_BOUND('',#2645,.F.);
#2645 = EDGE_LOOP('',(#2646,#2656,#2664,#2672));
#2646 = ORIENTED_EDGE('',*,*,#2647,.F.);
#2647 = EDGE_CURVE('',#2648,#2650,#2652,.T.);
#2648 = VERTEX_POINT('',#2649);
#2649 = CARTESIAN_POINT('',(-2.36220029828,-2.921001041352,
    4.231199204194));
#2650 = VERTEX_POINT('',#2651);
#2651 = CARTESIAN_POINT('',(-3.68300029828,-2.92100115682,4.231199004759
    ));
#2652 = LINE('',#2653,#2654);
#2653 = CARTESIAN_POINT('',(-2.36220029828,-2.921001041352,
    4.231199204194));
#2654 = VECTOR('',#2655,1.);
#2655 = DIRECTION('',(-1.,-8.742275445273E-08,-1.509957790957E-07));
#2656 = ORIENTED_EDGE('',*,*,#2657,.T.);
#2657 = EDGE_CURVE('',#2648,#2658,#2660,.T.);
#2658 = VERTEX_POINT('',#2659);
#2659 = CARTESIAN_POINT('',(-2.362200147283,-4.648201041352,
    4.23119891301));
#2660 = LINE('',#2661,#2662);
#2661 = CARTESIAN_POINT('',(-2.36220029828,-2.921001041352,
    4.231199204194));
#2662 = VECTOR('',#2663,1.);
#2663 = DIRECTION('',(8.742277990872E-08,-1.,-1.685873903924E-07));
#2664 = ORIENTED_EDGE('',*,*,#2665,.T.);
#2665 = EDGE_CURVE('',#2658,#2666,#2668,.T.);
#2666 = VERTEX_POINT('',#2667);
#2667 = CARTESIAN_POINT('',(-3.683000147283,-4.64820115682,
    4.231198713574));
#2668 = LINE('',#2669,#2670);
#2669 = CARTESIAN_POINT('',(-2.362200147283,-4.648201041352,
    4.23119891301));
#2670 = VECTOR('',#2671,1.);
#2671 = DIRECTION('',(-1.,-8.742275445273E-08,-1.509957790957E-07));
#2672 = ORIENTED_EDGE('',*,*,#2673,.F.);
#2673 = EDGE_CURVE('',#2650,#2666,#2674,.T.);
#2674 = LINE('',#2675,#2676);
#2675 = CARTESIAN_POINT('',(-3.68300029828,-2.92100115682,4.231199004759
    ));
#2676 = VECTOR('',#2677,1.);
#2677 = DIRECTION('',(8.742277990872E-08,-1.,-1.685873903924E-07));
#2678 = PLANE('',#2679);
#2679 = AXIS2_PLACEMENT_3D('',#2680,#2681,#2682);
#2680 = CARTESIAN_POINT('',(-2.362200555863,2.539895864767E-02,
    4.23119970092));
#2681 = DIRECTION('',(-1.509957643573E-07,-1.685874035928E-07,1.));
#2682 = DIRECTION('',(-1.,-8.742275445273E-08,-1.509957790957E-07));
#2683 = ADVANCED_FACE('',(#2684),#2718,.T.);
#2684 = FACE_BOUND('',#2685,.F.);
#2685 = EDGE_LOOP('',(#2686,#2696,#2704,#2712));
#2686 = ORIENTED_EDGE('',*,*,#2687,.F.);
#2687 = EDGE_CURVE('',#2688,#2690,#2692,.T.);
#2688 = VERTEX_POINT('',#2689);
#2689 = CARTESIAN_POINT('',(-2.362200520334,-0.381001041352,
    4.231199632406));
#2690 = VERTEX_POINT('',#2691);
#2691 = CARTESIAN_POINT('',(-3.683000520334,-0.38100115682,
    4.231199432971));
#2692 = LINE('',#2693,#2694);
#2693 = CARTESIAN_POINT('',(-2.362200520334,-0.381001041352,
    4.231199632406));
#2694 = VECTOR('',#2695,1.);
#2695 = DIRECTION('',(-1.,-8.742275445273E-08,-1.509957790957E-07));
#2696 = ORIENTED_EDGE('',*,*,#2697,.T.);
#2697 = EDGE_CURVE('',#2688,#2698,#2700,.T.);
#2698 = VERTEX_POINT('',#2699);
#2699 = CARTESIAN_POINT('',(-2.362200369337,-2.108201041352,
    4.231199341222));
#2700 = LINE('',#2701,#2702);
#2701 = CARTESIAN_POINT('',(-2.362200520334,-0.381001041352,
    4.231199632406));
#2702 = VECTOR('',#2703,1.);
#2703 = DIRECTION('',(8.742277990872E-08,-1.,-1.685873903924E-07));
#2704 = ORIENTED_EDGE('',*,*,#2705,.T.);
#2705 = EDGE_CURVE('',#2698,#2706,#2708,.T.);
#2706 = VERTEX_POINT('',#2707);
#2707 = CARTESIAN_POINT('',(-3.683000369337,-2.10820115682,
    4.231199141786));
#2708 = LINE('',#2709,#2710);
#2709 = CARTESIAN_POINT('',(-2.362200369337,-2.108201041352,
    4.231199341222));
#2710 = VECTOR('',#2711,1.);
#2711 = DIRECTION('',(-1.,-8.742275445273E-08,-1.509957790957E-07));
#2712 = ORIENTED_EDGE('',*,*,#2713,.F.);
#2713 = EDGE_CURVE('',#2690,#2706,#2714,.T.);
#2714 = LINE('',#2715,#2716);
#2715 = CARTESIAN_POINT('',(-3.683000520334,-0.38100115682,
    4.231199432971));
#2716 = VECTOR('',#2717,1.);
#2717 = DIRECTION('',(8.742277990872E-08,-1.,-1.685873903924E-07));
#2718 = PLANE('',#2719);
#2719 = AXIS2_PLACEMENT_3D('',#2720,#2721,#2722);
#2720 = CARTESIAN_POINT('',(-2.362200555863,2.539895864767E-02,
    4.23119970092));
#2721 = DIRECTION('',(-1.509957643573E-07,-1.685874035928E-07,1.));
#2722 = DIRECTION('',(-1.,-8.742275445273E-08,-1.509957790957E-07));
#2723 = ADVANCED_FACE('',(#2724),#2849,.F.);
#2724 = FACE_BOUND('',#2725,.F.);
#2725 = EDGE_LOOP('',(#2726,#2727,#2735,#2743,#2751,#2759,#2768,#2777,
    #2785,#2794,#2802,#2810,#2818,#2827,#2835,#2843));
#2726 = ORIENTED_EDGE('',*,*,#2647,.T.);
#2727 = ORIENTED_EDGE('',*,*,#2728,.T.);
#2728 = EDGE_CURVE('',#2650,#2729,#2731,.T.);
#2729 = VERTEX_POINT('',#2730);
#2730 = CARTESIAN_POINT('',(-3.683000449932,-2.92100132614,
    5.235541755048));
#2731 = LINE('',#2732,#2733);
#2732 = CARTESIAN_POINT('',(-3.68300029828,-2.92100115682,4.231199004759
    ));
#2733 = VECTOR('',#2734,1.);
#2734 = DIRECTION('',(-1.509957643573E-07,-1.685874035928E-07,1.));
#2735 = ORIENTED_EDGE('',*,*,#2736,.T.);
#2736 = EDGE_CURVE('',#2729,#2737,#2739,.T.);
#2737 = VERTEX_POINT('',#2738);
#2738 = CARTESIAN_POINT('',(-2.209800835221,-2.921001627526,
    7.787199227205));
#2739 = LINE('',#2740,#2741);
#2740 = CARTESIAN_POINT('',(-3.683000449932,-2.92100132614,
    5.235541755048));
#2741 = VECTOR('',#2742,1.);
#2742 = DIRECTION('',(0.499999869234,-1.022895970431E-07,0.866025479282)
  );
#2743 = ORIENTED_EDGE('',*,*,#2744,.T.);
#2744 = EDGE_CURVE('',#2737,#2745,#2747,.T.);
#2745 = VERTEX_POINT('',#2746);
#2746 = CARTESIAN_POINT('',(-2.209800773856,-2.921001559012,
    7.380799227205));
#2747 = LINE('',#2748,#2749);
#2748 = CARTESIAN_POINT('',(-2.209800835221,-2.921001627526,
    7.787199227205));
#2749 = VECTOR('',#2750,1.);
#2750 = DIRECTION('',(1.509957643573E-07,1.685874035928E-07,-1.));
#2751 = ORIENTED_EDGE('',*,*,#2752,.T.);
#2752 = EDGE_CURVE('',#2745,#2753,#2755,.T.);
#2753 = VERTEX_POINT('',#2754);
#2754 = CARTESIAN_POINT('',(-1.828800773856,-2.921001525704,
    7.380799284735));
#2755 = LINE('',#2756,#2757);
#2756 = CARTESIAN_POINT('',(-2.209800773856,-2.921001559012,
    7.380799227205));
#2757 = VECTOR('',#2758,1.);
#2758 = DIRECTION('',(1.,8.742275445273E-08,1.509957790957E-07));
#2759 = ORIENTED_EDGE('',*,*,#2760,.T.);
#2760 = EDGE_CURVE('',#2753,#2761,#2763,.T.);
#2761 = VERTEX_POINT('',#2762);
#2762 = CARTESIAN_POINT('',(-1.279905285034,-2.921001400602,
    6.923374588855));
#2763 = CIRCLE('',#2764,0.381);
#2764 = AXIS2_PLACEMENT_3D('',#2765,#2766,#2767);
#2765 = CARTESIAN_POINT('',(-1.469590509837,-2.92100147289,
    7.253799338974));
#2766 = DIRECTION('',(8.742277990872E-08,-1.,-1.685873903924E-07));
#2767 = DIRECTION('',(-0.942809091914,-1.386187645356E-07,0.333333190973
    ));
#2768 = ORIENTED_EDGE('',*,*,#2769,.T.);
#2769 = EDGE_CURVE('',#2761,#2770,#2772,.T.);
#2770 = VERTEX_POINT('',#2771);
#2771 = CARTESIAN_POINT('',(-4.062885884712E-02,-2.921001347966,
    7.253799554741));
#2772 = CIRCLE('',#2773,2.4892);
#2773 = AXIS2_PLACEMENT_3D('',#2774,#2775,#2776);
#2774 = CARTESIAN_POINT('',(-4.062848298847E-02,-2.921000928319,
    4.764599554741));
#2775 = DIRECTION('',(-8.742277990872E-08,1.,1.685873903924E-07));
#2776 = DIRECTION('',(-0.497861482422,-1.897329553899E-07,0.867256561993
    ));
#2777 = ORIENTED_EDGE('',*,*,#2778,.T.);
#2778 = EDGE_CURVE('',#2770,#2779,#2781,.T.);
#2779 = VERTEX_POINT('',#2780);
#2780 = CARTESIAN_POINT('',(2.76859924532,-2.921001102376,7.253799978923
    ));
#2781 = LINE('',#2782,#2783);
#2782 = CARTESIAN_POINT('',(-4.062885884712E-02,-2.921001347966,
    7.253799554741));
#2783 = VECTOR('',#2784,1.);
#2784 = DIRECTION('',(1.,8.742275445273E-08,1.509957790957E-07));
#2785 = ORIENTED_EDGE('',*,*,#2786,.T.);
#2786 = EDGE_CURVE('',#2779,#2787,#2789,.T.);
#2787 = VERTEX_POINT('',#2788);
#2788 = CARTESIAN_POINT('',(3.276599322026,-2.921000972323,
    6.745800055629));
#2789 = CIRCLE('',#2790,0.508);
#2790 = AXIS2_PLACEMENT_3D('',#2791,#2792,#2793);
#2791 = CARTESIAN_POINT('',(2.768599322026,-2.921001016733,
    6.745799978923));
#2792 = DIRECTION('',(-8.742277990872E-08,1.,1.685873903924E-07));
#2793 = DIRECTION('',(-1.509957643573E-07,-1.685874035928E-07,1.));
#2794 = ORIENTED_EDGE('',*,*,#2795,.T.);
#2795 = EDGE_CURVE('',#2787,#2796,#2798,.T.);
#2796 = VERTEX_POINT('',#2797);
#2797 = CARTESIAN_POINT('',(3.276599812943,-2.921000424211,
    3.494600055629));
#2798 = LINE('',#2799,#2800);
#2799 = CARTESIAN_POINT('',(3.276599322026,-2.921000972323,
    6.745800055629));
#2800 = VECTOR('',#2801,1.);
#2801 = DIRECTION('',(1.509957643573E-07,1.685874035928E-07,-1.));
#2802 = ORIENTED_EDGE('',*,*,#2803,.T.);
#2803 = EDGE_CURVE('',#2796,#2804,#2806,.T.);
#2804 = VERTEX_POINT('',#2805);
#2805 = CARTESIAN_POINT('',(1.650999812943,-2.921000566326,3.49459981017
    ));
#2806 = LINE('',#2807,#2808);
#2807 = CARTESIAN_POINT('',(3.276599812943,-2.921000424211,
    3.494600055629));
#2808 = VECTOR('',#2809,1.);
#2809 = DIRECTION('',(-1.,-8.742275445273E-08,-1.509957790957E-07));
#2810 = ORIENTED_EDGE('',*,*,#2811,.T.);
#2811 = EDGE_CURVE('',#2804,#2812,#2814,.T.);
#2812 = VERTEX_POINT('',#2813);
#2813 = CARTESIAN_POINT('',(1.650999621179,-2.921000780432,4.76459981017
    ));
#2814 = LINE('',#2815,#2816);
#2815 = CARTESIAN_POINT('',(1.650999812943,-2.921000566326,3.49459981017
    ));
#2816 = VECTOR('',#2817,1.);
#2817 = DIRECTION('',(-1.509957643573E-07,-1.685874035928E-07,1.));
#2818 = ORIENTED_EDGE('',*,*,#2819,.T.);
#2819 = EDGE_CURVE('',#2812,#2820,#2822,.T.);
#2820 = VERTEX_POINT('',#2821);
#2821 = CARTESIAN_POINT('',(-1.651000378821,-2.921001069102,
    4.764599311582));
#2822 = CIRCLE('',#2823,1.651);
#2823 = AXIS2_PLACEMENT_3D('',#2824,#2825,#2826);
#2824 = CARTESIAN_POINT('',(-3.788212165559E-07,-2.921000924767,
    4.764599560876));
#2825 = DIRECTION('',(8.742277990872E-08,-1.,-1.685873903924E-07));
#2826 = DIRECTION('',(1.,8.742275445273E-08,1.509957790957E-07));
#2827 = ORIENTED_EDGE('',*,*,#2828,.T.);
#2828 = EDGE_CURVE('',#2820,#2829,#2831,.T.);
#2829 = VERTEX_POINT('',#2830);
#2830 = CARTESIAN_POINT('',(-1.651000187057,-2.921000854996,
    3.494599311582));
#2831 = LINE('',#2832,#2833);
#2832 = CARTESIAN_POINT('',(-1.651000378821,-2.921001069102,
    4.764599311582));
#2833 = VECTOR('',#2834,1.);
#2834 = DIRECTION('',(1.509957643573E-07,1.685874035928E-07,-1.));
#2835 = ORIENTED_EDGE('',*,*,#2836,.T.);
#2836 = EDGE_CURVE('',#2829,#2837,#2839,.T.);
#2837 = VERTEX_POINT('',#2838);
#2838 = CARTESIAN_POINT('',(-2.362200187057,-2.921000917171,
    3.494599204194));
#2839 = LINE('',#2840,#2841);
#2840 = CARTESIAN_POINT('',(-1.651000187057,-2.921000854996,
    3.494599311582));
#2841 = VECTOR('',#2842,1.);
#2842 = DIRECTION('',(-1.,-8.742275445273E-08,-1.509957790957E-07));
#2843 = ORIENTED_EDGE('',*,*,#2844,.T.);
#2844 = EDGE_CURVE('',#2837,#2648,#2845,.T.);
#2845 = LINE('',#2846,#2847);
#2846 = CARTESIAN_POINT('',(-2.362200187057,-2.921000917171,
    3.494599204194));
#2847 = VECTOR('',#2848,1.);
#2848 = DIRECTION('',(-1.509957643573E-07,-1.685874035928E-07,1.));
#2849 = PLANE('',#2850);
#2850 = AXIS2_PLACEMENT_3D('',#2851,#2852,#2853);
#2851 = CARTESIAN_POINT('',(4.825999164779,-2.921001012437,
    7.787200289582));
#2852 = DIRECTION('',(-8.742277990872E-08,1.,1.685873903924E-07));
#2853 = DIRECTION('',(-1.,-8.742275445273E-08,-1.509957790957E-07));
#2854 = ADVANCED_FACE('',(#2855),#2878,.T.);
#2855 = FACE_BOUND('',#2856,.F.);
#2856 = EDGE_LOOP('',(#2857,#2863,#2871,#2877));
#2857 = ORIENTED_EDGE('',*,*,#2858,.T.);
#2858 = EDGE_CURVE('',#2650,#2706,#2859,.T.);
#2859 = LINE('',#2860,#2861);
#2860 = CARTESIAN_POINT('',(-3.68300029828,-2.92100115682,4.231199004759
    ));
#2861 = VECTOR('',#2862,1.);
#2862 = DIRECTION('',(-8.742277990872E-08,1.,1.685873903924E-07));
#2863 = ORIENTED_EDGE('',*,*,#2864,.T.);
#2864 = EDGE_CURVE('',#2706,#2865,#2867,.T.);
#2865 = VERTEX_POINT('',#2866);
#2866 = CARTESIAN_POINT('',(-3.683000520989,-2.10820132614,
    5.235541892076));
#2867 = LINE('',#2868,#2869);
#2868 = CARTESIAN_POINT('',(-3.683000369337,-2.10820115682,
    4.231199141786));
#2869 = VECTOR('',#2870,1.);
#2870 = DIRECTION('',(-1.509957643573E-07,-1.685874035928E-07,1.));
#2871 = ORIENTED_EDGE('',*,*,#2872,.F.);
#2872 = EDGE_CURVE('',#2729,#2865,#2873,.T.);
#2873 = LINE('',#2874,#2875);
#2874 = CARTESIAN_POINT('',(-3.683000449932,-2.92100132614,
    5.235541755048));
#2875 = VECTOR('',#2876,1.);
#2876 = DIRECTION('',(-8.742277990872E-08,1.,1.685873903924E-07));
#2877 = ORIENTED_EDGE('',*,*,#2728,.F.);
#2878 = PLANE('',#2879);
#2879 = AXIS2_PLACEMENT_3D('',#2880,#2881,#2882);
#2880 = CARTESIAN_POINT('',(-3.68300029828,-2.92100115682,4.231199004759
    ));
#2881 = DIRECTION('',(-1.,-8.742275445273E-08,-1.509957790957E-07));
#2882 = DIRECTION('',(-1.509957643573E-07,-1.685874035928E-07,1.));
#2883 = ADVANCED_FACE('',(#2884),#2959,.T.);
#2884 = FACE_BOUND('',#2885,.F.);
#2885 = EDGE_LOOP('',(#2886,#2896,#2904,#2912,#2918,#2919,#2920,#2921,
    #2929,#2937,#2945,#2953));
#2886 = ORIENTED_EDGE('',*,*,#2887,.F.);
#2887 = EDGE_CURVE('',#2888,#2890,#2892,.T.);
#2888 = VERTEX_POINT('',#2889);
#2889 = CARTESIAN_POINT('',(-3.683000813445,2.97179884318,4.23119999821)
  );
#2890 = VERTEX_POINT('',#2891);
#2891 = CARTESIAN_POINT('',(-3.683000964442,4.69899884318,4.231200289394
    ));
#2892 = LINE('',#2893,#2894);
#2893 = CARTESIAN_POINT('',(-3.683000813445,2.97179884318,4.23119999821)
  );
#2894 = VECTOR('',#2895,1.);
#2895 = DIRECTION('',(-8.742277990872E-08,1.,1.685873903924E-07));
#2896 = ORIENTED_EDGE('',*,*,#2897,.F.);
#2897 = EDGE_CURVE('',#2898,#2888,#2900,.T.);
#2898 = VERTEX_POINT('',#2899);
#2899 = CARTESIAN_POINT('',(-3.683000742388,2.15899884318,4.231199861182
    ));
#2900 = LINE('',#2901,#2902);
#2901 = CARTESIAN_POINT('',(-3.683000742388,2.15899884318,4.231199861182
    ));
#2902 = VECTOR('',#2903,1.);
#2903 = DIRECTION('',(-8.742277990872E-08,1.,1.685873903924E-07));
#2904 = ORIENTED_EDGE('',*,*,#2905,.F.);
#2905 = EDGE_CURVE('',#2906,#2898,#2908,.T.);
#2906 = VERTEX_POINT('',#2907);
#2907 = CARTESIAN_POINT('',(-3.683000591391,0.43179884318,4.231199569998
    ));
#2908 = LINE('',#2909,#2910);
#2909 = CARTESIAN_POINT('',(-3.683000591391,0.43179884318,4.231199569998
    ));
#2910 = VECTOR('',#2911,1.);
#2911 = DIRECTION('',(-8.742277990872E-08,1.,1.685873903924E-07));
#2912 = ORIENTED_EDGE('',*,*,#2913,.T.);
#2913 = EDGE_CURVE('',#2906,#2690,#2914,.T.);
#2914 = LINE('',#2915,#2916);
#2915 = CARTESIAN_POINT('',(-3.683000591391,0.43179884318,4.231199569998
    ));
#2916 = VECTOR('',#2917,1.);
#2917 = DIRECTION('',(8.742277990872E-08,-1.,-1.685873903924E-07));
#2918 = ORIENTED_EDGE('',*,*,#2713,.T.);
#2919 = ORIENTED_EDGE('',*,*,#2858,.F.);
#2920 = ORIENTED_EDGE('',*,*,#2673,.T.);
#2921 = ORIENTED_EDGE('',*,*,#2922,.F.);
#2922 = EDGE_CURVE('',#2923,#2666,#2925,.T.);
#2923 = VERTEX_POINT('',#2924);
#2924 = CARTESIAN_POINT('',(-3.683000022933,-6.07060115682,
    4.231198473776));
#2925 = LINE('',#2926,#2927);
#2926 = CARTESIAN_POINT('',(-3.683000022933,-6.07060115682,
    4.231198473776));
#2927 = VECTOR('',#2928,1.);
#2928 = DIRECTION('',(-8.742277990872E-08,1.,1.685873903924E-07));
#2929 = ORIENTED_EDGE('',*,*,#2930,.F.);
#2930 = EDGE_CURVE('',#2931,#2923,#2933,.T.);
#2931 = VERTEX_POINT('',#2932);
#2932 = CARTESIAN_POINT('',(-4.825999850345,-6.070601064049,
    3.088198301188));
#2933 = LINE('',#2934,#2935);
#2934 = CARTESIAN_POINT('',(-4.825999850345,-6.070601064049,
    3.088198301188));
#2935 = VECTOR('',#2936,1.);
#2936 = DIRECTION('',(0.707106674416,-5.739207379959E-08,0.707106887957)
  );
#2937 = ORIENTED_EDGE('',*,*,#2938,.F.);
#2938 = EDGE_CURVE('',#2939,#2931,#2941,.T.);
#2939 = VERTEX_POINT('',#2940);
#2940 = CARTESIAN_POINT('',(-4.826000916204,6.121398935951,
    3.088200356605));
#2941 = LINE('',#2942,#2943);
#2942 = CARTESIAN_POINT('',(-4.826000916204,6.121398935951,
    3.088200356605));
#2943 = VECTOR('',#2944,1.);
#2944 = DIRECTION('',(8.742277990872E-08,-1.,-1.685873903924E-07));
#2945 = ORIENTED_EDGE('',*,*,#2946,.T.);
#2946 = EDGE_CURVE('',#2939,#2947,#2949,.T.);
#2947 = VERTEX_POINT('',#2948);
#2948 = CARTESIAN_POINT('',(-3.683001088792,6.12139884318,4.231200529193
    ));
#2949 = LINE('',#2950,#2951);
#2950 = CARTESIAN_POINT('',(-4.826000916204,6.121398935951,
    3.088200356605));
#2951 = VECTOR('',#2952,1.);
#2952 = DIRECTION('',(0.707106674416,-5.739207379959E-08,0.707106887957)
  );
#2953 = ORIENTED_EDGE('',*,*,#2954,.T.);
#2954 = EDGE_CURVE('',#2947,#2890,#2955,.T.);
#2955 = LINE('',#2956,#2957);
#2956 = CARTESIAN_POINT('',(-3.683001088792,6.12139884318,4.231200529193
    ));
#2957 = VECTOR('',#2958,1.);
#2958 = DIRECTION('',(8.742277990872E-08,-1.,-1.685873903924E-07));
#2959 = PLANE('',#2960);
#2960 = AXIS2_PLACEMENT_3D('',#2961,#2962,#2963);
#2961 = CARTESIAN_POINT('',(-3.683000555862,2.539884317969E-02,
    4.231199501484));
#2962 = DIRECTION('',(-0.707106887957,-1.810265188067E-07,0.707106674416
    ));
#2963 = DIRECTION('',(-0.707106674416,5.739207379959E-08,-0.707106887957
    ));
#2964 = ADVANCED_FACE('',(#2965),#2990,.F.);
#2965 = FACE_BOUND('',#2966,.F.);
#2966 = EDGE_LOOP('',(#2967,#2975,#2976,#2984));
#2967 = ORIENTED_EDGE('',*,*,#2968,.T.);
#2968 = EDGE_CURVE('',#2969,#2906,#2971,.T.);
#2969 = VERTEX_POINT('',#2970);
#2970 = CARTESIAN_POINT('',(-2.362200591391,0.431798958648,
    4.231199769434));
#2971 = LINE('',#2972,#2973);
#2972 = CARTESIAN_POINT('',(-2.362200591391,0.431798958648,
    4.231199769434));
#2973 = VECTOR('',#2974,1.);
#2974 = DIRECTION('',(-1.,-8.742275445273E-08,-1.509957790957E-07));
#2975 = ORIENTED_EDGE('',*,*,#2905,.T.);
#2976 = ORIENTED_EDGE('',*,*,#2977,.F.);
#2977 = EDGE_CURVE('',#2978,#2898,#2980,.T.);
#2978 = VERTEX_POINT('',#2979);
#2979 = CARTESIAN_POINT('',(-2.362200742388,2.158998958648,
    4.231200060618));
#2980 = LINE('',#2981,#2982);
#2981 = CARTESIAN_POINT('',(-2.362200742388,2.158998958648,
    4.231200060618));
#2982 = VECTOR('',#2983,1.);
#2983 = DIRECTION('',(-1.,-8.742275445273E-08,-1.509957790957E-07));
#2984 = ORIENTED_EDGE('',*,*,#2985,.T.);
#2985 = EDGE_CURVE('',#2978,#2969,#2986,.T.);
#2986 = LINE('',#2987,#2988);
#2987 = CARTESIAN_POINT('',(-2.362200742388,2.158998958648,
    4.231200060618));
#2988 = VECTOR('',#2989,1.);
#2989 = DIRECTION('',(8.742277990872E-08,-1.,-1.685873903924E-07));
#2990 = PLANE('',#2991);
#2991 = AXIS2_PLACEMENT_3D('',#2992,#2993,#2994);
#2992 = CARTESIAN_POINT('',(-2.362200555863,2.539895864767E-02,
    4.23119970092));
#2993 = DIRECTION('',(1.509957643573E-07,1.685874035928E-07,-1.));
#2994 = DIRECTION('',(-1.,-8.742275445273E-08,-1.509957790957E-07));
#2995 = ADVANCED_FACE('',(#2996),#3021,.F.);
#2996 = FACE_BOUND('',#2997,.F.);
#2997 = EDGE_LOOP('',(#2998,#3006,#3007,#3015));
#2998 = ORIENTED_EDGE('',*,*,#2999,.T.);
#2999 = EDGE_CURVE('',#3000,#2888,#3002,.T.);
#3000 = VERTEX_POINT('',#3001);
#3001 = CARTESIAN_POINT('',(-2.362200813445,2.971798958648,
    4.231200197646));
#3002 = LINE('',#3003,#3004);
#3003 = CARTESIAN_POINT('',(-2.362200813445,2.971798958648,
    4.231200197646));
#3004 = VECTOR('',#3005,1.);
#3005 = DIRECTION('',(-1.,-8.742275445273E-08,-1.509957790957E-07));
#3006 = ORIENTED_EDGE('',*,*,#2887,.T.);
#3007 = ORIENTED_EDGE('',*,*,#3008,.F.);
#3008 = EDGE_CURVE('',#3009,#2890,#3011,.T.);
#3009 = VERTEX_POINT('',#3010);
#3010 = CARTESIAN_POINT('',(-2.362200964442,4.698998958648,4.23120048883
    ));
#3011 = LINE('',#3012,#3013);
#3012 = CARTESIAN_POINT('',(-2.362200964442,4.698998958648,4.23120048883
    ));
#3013 = VECTOR('',#3014,1.);
#3014 = DIRECTION('',(-1.,-8.742275445273E-08,-1.509957790957E-07));
#3015 = ORIENTED_EDGE('',*,*,#3016,.T.);
#3016 = EDGE_CURVE('',#3009,#3000,#3017,.T.);
#3017 = LINE('',#3018,#3019);
#3018 = CARTESIAN_POINT('',(-2.362200964442,4.698998958648,4.23120048883
    ));
#3019 = VECTOR('',#3020,1.);
#3020 = DIRECTION('',(8.742277990872E-08,-1.,-1.685873903924E-07));
#3021 = PLANE('',#3022);
#3022 = AXIS2_PLACEMENT_3D('',#3023,#3024,#3025);
#3023 = CARTESIAN_POINT('',(-2.362200555863,2.539895864767E-02,
    4.23119970092));
#3024 = DIRECTION('',(1.509957643573E-07,1.685874035928E-07,-1.));
#3025 = DIRECTION('',(-1.,-8.742275445273E-08,-1.509957790957E-07));
#3026 = ADVANCED_FACE('',(#3027),#3152,.T.);
#3027 = FACE_BOUND('',#3028,.F.);
#3028 = EDGE_LOOP('',(#3029,#3039,#3047,#3053,#3054,#3062,#3070,#3078,
    #3087,#3095,#3103,#3111,#3120,#3128,#3137,#3146));
#3029 = ORIENTED_EDGE('',*,*,#3030,.F.);
#3030 = EDGE_CURVE('',#3031,#3033,#3035,.T.);
#3031 = VERTEX_POINT('',#3032);
#3032 = CARTESIAN_POINT('',(-2.209801128332,0.431798372474,
    7.787199792445));
#3033 = VERTEX_POINT('',#3034);
#3034 = CARTESIAN_POINT('',(-2.209801066967,0.431798440988,
    7.380799792445));
#3035 = LINE('',#3036,#3037);
#3036 = CARTESIAN_POINT('',(-2.209801128332,0.431798372474,
    7.787199792445));
#3037 = VECTOR('',#3038,1.);
#3038 = DIRECTION('',(1.509957643573E-07,1.685874035928E-07,-1.));
#3039 = ORIENTED_EDGE('',*,*,#3040,.F.);
#3040 = EDGE_CURVE('',#3041,#3031,#3043,.T.);
#3041 = VERTEX_POINT('',#3042);
#3042 = CARTESIAN_POINT('',(-3.683000743043,0.43179867386,5.235542320288
    ));
#3043 = LINE('',#3044,#3045);
#3044 = CARTESIAN_POINT('',(-3.683000743043,0.43179867386,5.235542320288
    ));
#3045 = VECTOR('',#3046,1.);
#3046 = DIRECTION('',(0.499999869234,-1.022895970431E-07,0.866025479282)
  );
#3047 = ORIENTED_EDGE('',*,*,#3048,.F.);
#3048 = EDGE_CURVE('',#2906,#3041,#3049,.T.);
#3049 = LINE('',#3050,#3051);
#3050 = CARTESIAN_POINT('',(-3.683000591391,0.43179884318,4.231199569998
    ));
#3051 = VECTOR('',#3052,1.);
#3052 = DIRECTION('',(-1.509957643573E-07,-1.685874035928E-07,1.));
#3053 = ORIENTED_EDGE('',*,*,#2968,.F.);
#3054 = ORIENTED_EDGE('',*,*,#3055,.T.);
#3055 = EDGE_CURVE('',#2969,#3056,#3058,.T.);
#3056 = VERTEX_POINT('',#3057);
#3057 = CARTESIAN_POINT('',(-2.362200480168,0.431799082829,
    3.494599769434));
#3058 = LINE('',#3059,#3060);
#3059 = CARTESIAN_POINT('',(-2.362200591391,0.431798958648,
    4.231199769434));
#3060 = VECTOR('',#3061,1.);
#3061 = DIRECTION('',(1.509957643573E-07,1.685874035928E-07,-1.));
#3062 = ORIENTED_EDGE('',*,*,#3063,.T.);
#3063 = EDGE_CURVE('',#3056,#3064,#3066,.T.);
#3064 = VERTEX_POINT('',#3065);
#3065 = CARTESIAN_POINT('',(-1.651000480168,0.431799145004,
    3.494599876822));
#3066 = LINE('',#3067,#3068);
#3067 = CARTESIAN_POINT('',(-2.362200480168,0.431799082829,
    3.494599769434));
#3068 = VECTOR('',#3069,1.);
#3069 = DIRECTION('',(1.,8.742275445273E-08,1.509957790957E-07));
#3070 = ORIENTED_EDGE('',*,*,#3071,.T.);
#3071 = EDGE_CURVE('',#3064,#3072,#3074,.T.);
#3072 = VERTEX_POINT('',#3073);
#3073 = CARTESIAN_POINT('',(-1.651000671932,0.431798930898,
    4.764599876822));
#3074 = LINE('',#3075,#3076);
#3075 = CARTESIAN_POINT('',(-1.651000480168,0.431799145004,
    3.494599876822));
#3076 = VECTOR('',#3077,1.);
#3077 = DIRECTION('',(-1.509957643573E-07,-1.685874035928E-07,1.));
#3078 = ORIENTED_EDGE('',*,*,#3079,.T.);
#3079 = EDGE_CURVE('',#3072,#3080,#3082,.T.);
#3080 = VERTEX_POINT('',#3081);
#3081 = CARTESIAN_POINT('',(1.650999328068,0.431799219568,4.76460037541)
  );
#3082 = CIRCLE('',#3083,1.651);
#3083 = AXIS2_PLACEMENT_3D('',#3084,#3085,#3086);
#3084 = CARTESIAN_POINT('',(-6.719323130338E-07,0.431799075233,
    4.764600126116));
#3085 = DIRECTION('',(-8.742277990872E-08,1.,1.685873903924E-07));
#3086 = DIRECTION('',(-1.,-8.742275445273E-08,-1.509957790957E-07));
#3087 = ORIENTED_EDGE('',*,*,#3088,.T.);
#3088 = EDGE_CURVE('',#3080,#3089,#3091,.T.);
#3089 = VERTEX_POINT('',#3090);
#3090 = CARTESIAN_POINT('',(1.650999519832,0.431799433674,3.49460037541)
  );
#3091 = LINE('',#3092,#3093);
#3092 = CARTESIAN_POINT('',(1.650999328068,0.431799219568,4.76460037541)
  );
#3093 = VECTOR('',#3094,1.);
#3094 = DIRECTION('',(1.509957643573E-07,1.685874035928E-07,-1.));
#3095 = ORIENTED_EDGE('',*,*,#3096,.T.);
#3096 = EDGE_CURVE('',#3089,#3097,#3099,.T.);
#3097 = VERTEX_POINT('',#3098);
#3098 = CARTESIAN_POINT('',(3.276599519832,0.431799575789,3.494600620869
    ));
#3099 = LINE('',#3100,#3101);
#3100 = CARTESIAN_POINT('',(1.650999519832,0.431799433674,3.49460037541)
  );
#3101 = VECTOR('',#3102,1.);
#3102 = DIRECTION('',(1.,8.742275445273E-08,1.509957790957E-07));
#3103 = ORIENTED_EDGE('',*,*,#3104,.T.);
#3104 = EDGE_CURVE('',#3097,#3105,#3107,.T.);
#3105 = VERTEX_POINT('',#3106);
#3106 = CARTESIAN_POINT('',(3.276599028915,0.431799027677,6.745800620869
    ));
#3107 = LINE('',#3108,#3109);
#3108 = CARTESIAN_POINT('',(3.276599519832,0.431799575789,3.494600620869
    ));
#3109 = VECTOR('',#3110,1.);
#3110 = DIRECTION('',(-1.509957643573E-07,-1.685874035928E-07,1.));
#3111 = ORIENTED_EDGE('',*,*,#3112,.T.);
#3112 = EDGE_CURVE('',#3105,#3113,#3115,.T.);
#3113 = VERTEX_POINT('',#3114);
#3114 = CARTESIAN_POINT('',(2.768598952209,0.431798897624,7.253800544163
    ));
#3115 = CIRCLE('',#3116,0.508);
#3116 = AXIS2_PLACEMENT_3D('',#3117,#3118,#3119);
#3117 = CARTESIAN_POINT('',(2.768599028915,0.431798983266,6.745800544163
    ));
#3118 = DIRECTION('',(8.742277990872E-08,-1.,-1.685873903924E-07));
#3119 = DIRECTION('',(1.,8.742275445273E-08,1.509957790957E-07));
#3120 = ORIENTED_EDGE('',*,*,#3121,.T.);
#3121 = EDGE_CURVE('',#3113,#3122,#3124,.T.);
#3122 = VERTEX_POINT('',#3123);
#3123 = CARTESIAN_POINT('',(-4.062915195822E-02,0.431798652034,
    7.253800119981));
#3124 = LINE('',#3125,#3126);
#3125 = CARTESIAN_POINT('',(2.768598952209,0.431798897624,7.253800544163
    ));
#3126 = VECTOR('',#3127,1.);
#3127 = DIRECTION('',(-1.,-8.742275445273E-08,-1.509957790957E-07));
#3128 = ORIENTED_EDGE('',*,*,#3129,.T.);
#3129 = EDGE_CURVE('',#3122,#3130,#3132,.T.);
#3130 = VERTEX_POINT('',#3131);
#3131 = CARTESIAN_POINT('',(-1.279905578145,0.431798599398,
    6.923375154095));
#3132 = CIRCLE('',#3133,2.4892);
#3133 = AXIS2_PLACEMENT_3D('',#3134,#3135,#3136);
#3134 = CARTESIAN_POINT('',(-4.062877609956E-02,0.431799071681,
    4.764600119981));
#3135 = DIRECTION('',(8.742277990872E-08,-1.,-1.685873903924E-07));
#3136 = DIRECTION('',(-1.509957643573E-07,-1.685874035928E-07,1.));
#3137 = ORIENTED_EDGE('',*,*,#3138,.T.);
#3138 = EDGE_CURVE('',#3130,#3139,#3141,.T.);
#3139 = VERTEX_POINT('',#3140);
#3140 = CARTESIAN_POINT('',(-1.828801066967,0.431798474296,
    7.380799849975));
#3141 = CIRCLE('',#3142,0.381);
#3142 = AXIS2_PLACEMENT_3D('',#3143,#3144,#3145);
#3143 = CARTESIAN_POINT('',(-1.469590802948,0.43179852711,7.253799904214
    ));
#3144 = DIRECTION('',(-8.742277990872E-08,1.,1.685873903924E-07));
#3145 = DIRECTION('',(0.497861482422,1.897329553899E-07,-0.867256561993)
  );
#3146 = ORIENTED_EDGE('',*,*,#3147,.F.);
#3147 = EDGE_CURVE('',#3033,#3139,#3148,.T.);
#3148 = LINE('',#3149,#3150);
#3149 = CARTESIAN_POINT('',(-2.209801066967,0.431798440988,
    7.380799792445));
#3150 = VECTOR('',#3151,1.);
#3151 = DIRECTION('',(1.,8.742275445273E-08,1.509957790957E-07));
#3152 = PLANE('',#3153);
#3153 = AXIS2_PLACEMENT_3D('',#3154,#3155,#3156);
#3154 = CARTESIAN_POINT('',(4.825998871668,0.431798987563,7.787200854821
    ));
#3155 = DIRECTION('',(-8.742277990872E-08,1.,1.685873903924E-07));
#3156 = DIRECTION('',(-1.,-8.742275445273E-08,-1.509957790957E-07));
#3157 = ADVANCED_FACE('',(#3158),#3183,.F.);
#3158 = FACE_BOUND('',#3159,.F.);
#3159 = EDGE_LOOP('',(#3160,#3161,#3169,#3177));
#3160 = ORIENTED_EDGE('',*,*,#3030,.T.);
#3161 = ORIENTED_EDGE('',*,*,#3162,.T.);
#3162 = EDGE_CURVE('',#3033,#3163,#3165,.T.);
#3163 = VERTEX_POINT('',#3164);
#3164 = CARTESIAN_POINT('',(-2.209801217964,2.158998440988,
    7.380800083629));
#3165 = LINE('',#3166,#3167);
#3166 = CARTESIAN_POINT('',(-2.209801066967,0.431798440988,
    7.380799792445));
#3167 = VECTOR('',#3168,1.);
#3168 = DIRECTION('',(-8.742277990872E-08,1.,1.685873903924E-07));
#3169 = ORIENTED_EDGE('',*,*,#3170,.F.);
#3170 = EDGE_CURVE('',#3171,#3163,#3173,.T.);
#3171 = VERTEX_POINT('',#3172);
#3172 = CARTESIAN_POINT('',(-2.209801279329,2.158998372474,
    7.787200083629));
#3173 = LINE('',#3174,#3175);
#3174 = CARTESIAN_POINT('',(-2.209801279329,2.158998372474,
    7.787200083629));
#3175 = VECTOR('',#3176,1.);
#3176 = DIRECTION('',(1.509957643573E-07,1.685874035928E-07,-1.));
#3177 = ORIENTED_EDGE('',*,*,#3178,.F.);
#3178 = EDGE_CURVE('',#3031,#3171,#3179,.T.);
#3179 = LINE('',#3180,#3181);
#3180 = CARTESIAN_POINT('',(-2.209801128332,0.431798372474,
    7.787199792445));
#3181 = VECTOR('',#3182,1.);
#3182 = DIRECTION('',(-8.742277990872E-08,1.,1.685873903924E-07));
#3183 = PLANE('',#3184);
#3184 = AXIS2_PLACEMENT_3D('',#3185,#3186,#3187);
#3185 = CARTESIAN_POINT('',(-2.209801092803,2.539837247409E-02,
    7.787199723931));
#3186 = DIRECTION('',(1.,8.742275445273E-08,1.509957790957E-07));
#3187 = DIRECTION('',(1.509957643573E-07,1.685874035928E-07,-1.));
#3188 = ADVANCED_FACE('',(#3189),#3223,.F.);
#3189 = FACE_BOUND('',#3190,.F.);
#3190 = EDGE_LOOP('',(#3191,#3201,#3209,#3217));
#3191 = ORIENTED_EDGE('',*,*,#3192,.T.);
#3192 = EDGE_CURVE('',#3193,#3195,#3197,.T.);
#3193 = VERTEX_POINT('',#3194);
#3194 = CARTESIAN_POINT('',(-2.209801350386,2.971798372474,
    7.787200220657));
#3195 = VERTEX_POINT('',#3196);
#3196 = CARTESIAN_POINT('',(-2.209801289021,2.971798440988,
    7.380800220657));
#3197 = LINE('',#3198,#3199);
#3198 = CARTESIAN_POINT('',(-2.209801350386,2.971798372474,
    7.787200220657));
#3199 = VECTOR('',#3200,1.);
#3200 = DIRECTION('',(1.509957643573E-07,1.685874035928E-07,-1.));
#3201 = ORIENTED_EDGE('',*,*,#3202,.T.);
#3202 = EDGE_CURVE('',#3195,#3203,#3205,.T.);
#3203 = VERTEX_POINT('',#3204);
#3204 = CARTESIAN_POINT('',(-2.209801440018,4.698998440988,
    7.380800511841));
#3205 = LINE('',#3206,#3207);
#3206 = CARTESIAN_POINT('',(-2.209801289021,2.971798440988,
    7.380800220657));
#3207 = VECTOR('',#3208,1.);
#3208 = DIRECTION('',(-8.742277990872E-08,1.,1.685873903924E-07));
#3209 = ORIENTED_EDGE('',*,*,#3210,.F.);
#3210 = EDGE_CURVE('',#3211,#3203,#3213,.T.);
#3211 = VERTEX_POINT('',#3212);
#3212 = CARTESIAN_POINT('',(-2.209801501383,4.698998372474,
    7.787200511841));
#3213 = LINE('',#3214,#3215);
#3214 = CARTESIAN_POINT('',(-2.209801501383,4.698998372474,
    7.787200511841));
#3215 = VECTOR('',#3216,1.);
#3216 = DIRECTION('',(1.509957643573E-07,1.685874035928E-07,-1.));
#3217 = ORIENTED_EDGE('',*,*,#3218,.F.);
#3218 = EDGE_CURVE('',#3193,#3211,#3219,.T.);
#3219 = LINE('',#3220,#3221);
#3220 = CARTESIAN_POINT('',(-2.209801350386,2.971798372474,
    7.787200220657));
#3221 = VECTOR('',#3222,1.);
#3222 = DIRECTION('',(-8.742277990872E-08,1.,1.685873903924E-07));
#3223 = PLANE('',#3224);
#3224 = AXIS2_PLACEMENT_3D('',#3225,#3226,#3227);
#3225 = CARTESIAN_POINT('',(-2.209801092803,2.539837247409E-02,
    7.787199723931));
#3226 = DIRECTION('',(1.,8.742275445273E-08,1.509957790957E-07));
#3227 = DIRECTION('',(1.509957643573E-07,1.685874035928E-07,-1.));
#3228 = ADVANCED_FACE('',(#3229),#3247,.F.);
#3229 = FACE_BOUND('',#3230,.F.);
#3230 = EDGE_LOOP('',(#3231,#3232,#3240,#3246));
#3231 = ORIENTED_EDGE('',*,*,#3147,.T.);
#3232 = ORIENTED_EDGE('',*,*,#3233,.T.);
#3233 = EDGE_CURVE('',#3139,#3234,#3236,.T.);
#3234 = VERTEX_POINT('',#3235);
#3235 = CARTESIAN_POINT('',(-1.828801217964,2.158998474296,
    7.380800141159));
#3236 = LINE('',#3237,#3238);
#3237 = CARTESIAN_POINT('',(-1.828801066967,0.431798474296,
    7.380799849975));
#3238 = VECTOR('',#3239,1.);
#3239 = DIRECTION('',(-8.742277990872E-08,1.,1.685873903924E-07));
#3240 = ORIENTED_EDGE('',*,*,#3241,.F.);
#3241 = EDGE_CURVE('',#3163,#3234,#3242,.T.);
#3242 = LINE('',#3243,#3244);
#3243 = CARTESIAN_POINT('',(-2.209801217964,2.158998440988,
    7.380800083629));
#3244 = VECTOR('',#3245,1.);
#3245 = DIRECTION('',(1.,8.742275445273E-08,1.509957790957E-07));
#3246 = ORIENTED_EDGE('',*,*,#3162,.F.);
#3247 = PLANE('',#3248);
#3248 = AXIS2_PLACEMENT_3D('',#3249,#3250,#3251);
#3249 = CARTESIAN_POINT('',(-2.209801031439,2.539844098801E-02,
    7.380799723931));
#3250 = DIRECTION('',(-1.509957643573E-07,-1.685874035928E-07,1.));
#3251 = DIRECTION('',(1.,8.742275445273E-08,1.509957790957E-07));
#3252 = ADVANCED_FACE('',(#3253),#3278,.F.);
#3253 = FACE_BOUND('',#3254,.F.);
#3254 = EDGE_LOOP('',(#3255,#3263,#3271,#3277));
#3255 = ORIENTED_EDGE('',*,*,#3256,.T.);
#3256 = EDGE_CURVE('',#3195,#3257,#3259,.T.);
#3257 = VERTEX_POINT('',#3258);
#3258 = CARTESIAN_POINT('',(-1.828801289021,2.971798474296,
    7.380800278187));
#3259 = LINE('',#3260,#3261);
#3260 = CARTESIAN_POINT('',(-2.209801289021,2.971798440988,
    7.380800220657));
#3261 = VECTOR('',#3262,1.);
#3262 = DIRECTION('',(1.,8.742275445273E-08,1.509957790957E-07));
#3263 = ORIENTED_EDGE('',*,*,#3264,.T.);
#3264 = EDGE_CURVE('',#3257,#3265,#3267,.T.);
#3265 = VERTEX_POINT('',#3266);
#3266 = CARTESIAN_POINT('',(-1.828801440018,4.698998474296,
    7.380800569371));
#3267 = LINE('',#3268,#3269);
#3268 = CARTESIAN_POINT('',(-1.828801289021,2.971798474296,
    7.380800278187));
#3269 = VECTOR('',#3270,1.);
#3270 = DIRECTION('',(-8.742277990872E-08,1.,1.685873903924E-07));
#3271 = ORIENTED_EDGE('',*,*,#3272,.F.);
#3272 = EDGE_CURVE('',#3203,#3265,#3273,.T.);
#3273 = LINE('',#3274,#3275);
#3274 = CARTESIAN_POINT('',(-2.209801440018,4.698998440988,
    7.380800511841));
#3275 = VECTOR('',#3276,1.);
#3276 = DIRECTION('',(1.,8.742275445273E-08,1.509957790957E-07));
#3277 = ORIENTED_EDGE('',*,*,#3202,.F.);
#3278 = PLANE('',#3279);
#3279 = AXIS2_PLACEMENT_3D('',#3280,#3281,#3282);
#3280 = CARTESIAN_POINT('',(-2.209801031439,2.539844098801E-02,
    7.380799723931));
#3281 = DIRECTION('',(-1.509957643573E-07,-1.685874035928E-07,1.));
#3282 = DIRECTION('',(1.,8.742275445273E-08,1.509957790957E-07));
#3283 = ADVANCED_FACE('',(#3284),#3393,.F.);
#3284 = FACE_BOUND('',#3285,.F.);
#3285 = EDGE_LOOP('',(#3286,#3287,#3288,#3297,#3306,#3314,#3323,#3331,
    #3339,#3347,#3356,#3364,#3372,#3378,#3379,#3387));
#3286 = ORIENTED_EDGE('',*,*,#3170,.T.);
#3287 = ORIENTED_EDGE('',*,*,#3241,.T.);
#3288 = ORIENTED_EDGE('',*,*,#3289,.T.);
#3289 = EDGE_CURVE('',#3234,#3290,#3292,.T.);
#3290 = VERTEX_POINT('',#3291);
#3291 = CARTESIAN_POINT('',(-1.279905729142,2.158998599398,
    6.923375445279));
#3292 = CIRCLE('',#3293,0.381);
#3293 = AXIS2_PLACEMENT_3D('',#3294,#3295,#3296);
#3294 = CARTESIAN_POINT('',(-1.469590953945,2.15899852711,7.253800195398
    ));
#3295 = DIRECTION('',(8.742277990872E-08,-1.,-1.685873903924E-07));
#3296 = DIRECTION('',(-0.942809091914,-1.386187645356E-07,0.333333190973
    ));
#3297 = ORIENTED_EDGE('',*,*,#3298,.T.);
#3298 = EDGE_CURVE('',#3290,#3299,#3301,.T.);
#3299 = VERTEX_POINT('',#3300);
#3300 = CARTESIAN_POINT('',(-4.062930295485E-02,2.158998652034,
    7.253800411165));
#3301 = CIRCLE('',#3302,2.4892);
#3302 = AXIS2_PLACEMENT_3D('',#3303,#3304,#3305);
#3303 = CARTESIAN_POINT('',(-4.062892709619E-02,2.158999071681,
    4.764600411165));
#3304 = DIRECTION('',(-8.742277990872E-08,1.,1.685873903924E-07));
#3305 = DIRECTION('',(-0.497861482422,-1.897329553899E-07,0.867256561993
    ));
#3306 = ORIENTED_EDGE('',*,*,#3307,.T.);
#3307 = EDGE_CURVE('',#3299,#3308,#3310,.T.);
#3308 = VERTEX_POINT('',#3309);
#3309 = CARTESIAN_POINT('',(2.768598801212,2.158998897624,7.253800835347
    ));
#3310 = LINE('',#3311,#3312);
#3311 = CARTESIAN_POINT('',(-4.062930295485E-02,2.158998652034,
    7.253800411165));
#3312 = VECTOR('',#3313,1.);
#3313 = DIRECTION('',(1.,8.742275445273E-08,1.509957790957E-07));
#3314 = ORIENTED_EDGE('',*,*,#3315,.T.);
#3315 = EDGE_CURVE('',#3308,#3316,#3318,.T.);
#3316 = VERTEX_POINT('',#3317);
#3317 = CARTESIAN_POINT('',(3.276598877918,2.158999027677,6.745800912053
    ));
#3318 = CIRCLE('',#3319,0.508);
#3319 = AXIS2_PLACEMENT_3D('',#3320,#3321,#3322);
#3320 = CARTESIAN_POINT('',(2.768598877918,2.158998983266,6.745800835347
    ));
#3321 = DIRECTION('',(-8.742277990872E-08,1.,1.685873903924E-07));
#3322 = DIRECTION('',(-1.509957643573E-07,-1.685874035928E-07,1.));
#3323 = ORIENTED_EDGE('',*,*,#3324,.T.);
#3324 = EDGE_CURVE('',#3316,#3325,#3327,.T.);
#3325 = VERTEX_POINT('',#3326);
#3326 = CARTESIAN_POINT('',(3.276599368836,2.158999575789,3.494600912053
    ));
#3327 = LINE('',#3328,#3329);
#3328 = CARTESIAN_POINT('',(3.276598877918,2.158999027677,6.745800912053
    ));
#3329 = VECTOR('',#3330,1.);
#3330 = DIRECTION('',(1.509957643573E-07,1.685874035928E-07,-1.));
#3331 = ORIENTED_EDGE('',*,*,#3332,.T.);
#3332 = EDGE_CURVE('',#3325,#3333,#3335,.T.);
#3333 = VERTEX_POINT('',#3334);
#3334 = CARTESIAN_POINT('',(1.650999368836,2.158999433674,3.494600666594
    ));
#3335 = LINE('',#3336,#3337);
#3336 = CARTESIAN_POINT('',(3.276599368836,2.158999575789,3.494600912053
    ));
#3337 = VECTOR('',#3338,1.);
#3338 = DIRECTION('',(-1.,-8.742275445273E-08,-1.509957790957E-07));
#3339 = ORIENTED_EDGE('',*,*,#3340,.T.);
#3340 = EDGE_CURVE('',#3333,#3341,#3343,.T.);
#3341 = VERTEX_POINT('',#3342);
#3342 = CARTESIAN_POINT('',(1.650999177071,2.158999219568,4.764600666594
    ));
#3343 = LINE('',#3344,#3345);
#3344 = CARTESIAN_POINT('',(1.650999368836,2.158999433674,3.494600666594
    ));
#3345 = VECTOR('',#3346,1.);
#3346 = DIRECTION('',(-1.509957643573E-07,-1.685874035928E-07,1.));
#3347 = ORIENTED_EDGE('',*,*,#3348,.T.);
#3348 = EDGE_CURVE('',#3341,#3349,#3351,.T.);
#3349 = VERTEX_POINT('',#3350);
#3350 = CARTESIAN_POINT('',(-1.651000822929,2.158998930898,
    4.764600168006));
#3351 = CIRCLE('',#3352,1.651);
#3352 = AXIS2_PLACEMENT_3D('',#3353,#3354,#3355);
#3353 = CARTESIAN_POINT('',(-8.229289384922E-07,2.158999075233,
    4.7646004173));
#3354 = DIRECTION('',(8.742277990872E-08,-1.,-1.685873903924E-07));
#3355 = DIRECTION('',(1.,8.742275445273E-08,1.509957790957E-07));
#3356 = ORIENTED_EDGE('',*,*,#3357,.T.);
#3357 = EDGE_CURVE('',#3349,#3358,#3360,.T.);
#3358 = VERTEX_POINT('',#3359);
#3359 = CARTESIAN_POINT('',(-1.651000631164,2.158999145004,
    3.494600168006));
#3360 = LINE('',#3361,#3362);
#3361 = CARTESIAN_POINT('',(-1.651000822929,2.158998930898,
    4.764600168006));
#3362 = VECTOR('',#3363,1.);
#3363 = DIRECTION('',(1.509957643573E-07,1.685874035928E-07,-1.));
#3364 = ORIENTED_EDGE('',*,*,#3365,.T.);
#3365 = EDGE_CURVE('',#3358,#3366,#3368,.T.);
#3366 = VERTEX_POINT('',#3367);
#3367 = CARTESIAN_POINT('',(-2.362200631164,2.158999082829,
    3.494600060618));
#3368 = LINE('',#3369,#3370);
#3369 = CARTESIAN_POINT('',(-1.651000631164,2.158999145004,
    3.494600168006));
#3370 = VECTOR('',#3371,1.);
#3371 = DIRECTION('',(-1.,-8.742275445273E-08,-1.509957790957E-07));
#3372 = ORIENTED_EDGE('',*,*,#3373,.T.);
#3373 = EDGE_CURVE('',#3366,#2978,#3374,.T.);
#3374 = LINE('',#3375,#3376);
#3375 = CARTESIAN_POINT('',(-2.362200631164,2.158999082829,
    3.494600060618));
#3376 = VECTOR('',#3377,1.);
#3377 = DIRECTION('',(-1.509957643573E-07,-1.685874035928E-07,1.));
#3378 = ORIENTED_EDGE('',*,*,#2977,.T.);
#3379 = ORIENTED_EDGE('',*,*,#3380,.T.);
#3380 = EDGE_CURVE('',#2898,#3381,#3383,.T.);
#3381 = VERTEX_POINT('',#3382);
#3382 = CARTESIAN_POINT('',(-3.683000894039,2.15899867386,5.235542611472
    ));
#3383 = LINE('',#3384,#3385);
#3384 = CARTESIAN_POINT('',(-3.683000742388,2.15899884318,4.231199861182
    ));
#3385 = VECTOR('',#3386,1.);
#3386 = DIRECTION('',(-1.509957643573E-07,-1.685874035928E-07,1.));
#3387 = ORIENTED_EDGE('',*,*,#3388,.T.);
#3388 = EDGE_CURVE('',#3381,#3171,#3389,.T.);
#3389 = LINE('',#3390,#3391);
#3390 = CARTESIAN_POINT('',(-3.683000894039,2.15899867386,5.235542611472
    ));
#3391 = VECTOR('',#3392,1.);
#3392 = DIRECTION('',(0.499999869234,-1.022895970431E-07,0.866025479282)
  );
#3393 = PLANE('',#3394);
#3394 = AXIS2_PLACEMENT_3D('',#3395,#3396,#3397);
#3395 = CARTESIAN_POINT('',(4.825998720671,2.158998987563,7.787201146005
    ));
#3396 = DIRECTION('',(-8.742277990872E-08,1.,1.685873903924E-07));
#3397 = DIRECTION('',(-1.,-8.742275445273E-08,-1.509957790957E-07));
#3398 = ADVANCED_FACE('',(#3399),#3417,.T.);
#3399 = FACE_BOUND('',#3400,.F.);
#3400 = EDGE_LOOP('',(#3401,#3402,#3403,#3411));
#3401 = ORIENTED_EDGE('',*,*,#3380,.F.);
#3402 = ORIENTED_EDGE('',*,*,#2897,.T.);
#3403 = ORIENTED_EDGE('',*,*,#3404,.T.);
#3404 = EDGE_CURVE('',#2888,#3405,#3407,.T.);
#3405 = VERTEX_POINT('',#3406);
#3406 = CARTESIAN_POINT('',(-3.683000965096,2.97179867386,5.2355427485)
  );
#3407 = LINE('',#3408,#3409);
#3408 = CARTESIAN_POINT('',(-3.683000813445,2.97179884318,4.23119999821)
  );
#3409 = VECTOR('',#3410,1.);
#3410 = DIRECTION('',(-1.509957643573E-07,-1.685874035928E-07,1.));
#3411 = ORIENTED_EDGE('',*,*,#3412,.F.);
#3412 = EDGE_CURVE('',#3381,#3405,#3413,.T.);
#3413 = LINE('',#3414,#3415);
#3414 = CARTESIAN_POINT('',(-3.683000894039,2.15899867386,5.235542611472
    ));
#3415 = VECTOR('',#3416,1.);
#3416 = DIRECTION('',(-8.742277990872E-08,1.,1.685873903924E-07));
#3417 = PLANE('',#3418);
#3418 = AXIS2_PLACEMENT_3D('',#3419,#3420,#3421);
#3419 = CARTESIAN_POINT('',(-3.683000742388,2.15899884318,4.231199861182
    ));
#3420 = DIRECTION('',(-1.,-8.742275445273E-08,-1.509957790957E-07));
#3421 = DIRECTION('',(-1.509957643573E-07,-1.685874035928E-07,1.));
#3422 = ADVANCED_FACE('',(#3423),#3525,.T.);
#3423 = FACE_BOUND('',#3424,.F.);
#3424 = EDGE_LOOP('',(#3425,#3426,#3432,#3433,#3434,#3442,#3450,#3458,
    #3467,#3475,#3483,#3491,#3500,#3508,#3517,#3524));
#3425 = ORIENTED_EDGE('',*,*,#3192,.F.);
#3426 = ORIENTED_EDGE('',*,*,#3427,.F.);
#3427 = EDGE_CURVE('',#3405,#3193,#3428,.T.);
#3428 = LINE('',#3429,#3430);
#3429 = CARTESIAN_POINT('',(-3.683000965096,2.97179867386,5.2355427485)
  );
#3430 = VECTOR('',#3431,1.);
#3431 = DIRECTION('',(0.499999869234,-1.022895970431E-07,0.866025479282)
  );
#3432 = ORIENTED_EDGE('',*,*,#3404,.F.);
#3433 = ORIENTED_EDGE('',*,*,#2999,.F.);
#3434 = ORIENTED_EDGE('',*,*,#3435,.T.);
#3435 = EDGE_CURVE('',#3000,#3436,#3438,.T.);
#3436 = VERTEX_POINT('',#3437);
#3437 = CARTESIAN_POINT('',(-2.362200702222,2.971799082829,
    3.494600197646));
#3438 = LINE('',#3439,#3440);
#3439 = CARTESIAN_POINT('',(-2.362200813445,2.971798958648,
    4.231200197646));
#3440 = VECTOR('',#3441,1.);
#3441 = DIRECTION('',(1.509957643573E-07,1.685874035928E-07,-1.));
#3442 = ORIENTED_EDGE('',*,*,#3443,.T.);
#3443 = EDGE_CURVE('',#3436,#3444,#3446,.T.);
#3444 = VERTEX_POINT('',#3445);
#3445 = CARTESIAN_POINT('',(-1.651000702222,2.971799145004,
    3.494600305034));
#3446 = LINE('',#3447,#3448);
#3447 = CARTESIAN_POINT('',(-2.362200702222,2.971799082829,
    3.494600197646));
#3448 = VECTOR('',#3449,1.);
#3449 = DIRECTION('',(1.,8.742275445273E-08,1.509957790957E-07));
#3450 = ORIENTED_EDGE('',*,*,#3451,.T.);
#3451 = EDGE_CURVE('',#3444,#3452,#3454,.T.);
#3452 = VERTEX_POINT('',#3453);
#3453 = CARTESIAN_POINT('',(-1.651000893986,2.971798930898,
    4.764600305034));
#3454 = LINE('',#3455,#3456);
#3455 = CARTESIAN_POINT('',(-1.651000702222,2.971799145004,
    3.494600305034));
#3456 = VECTOR('',#3457,1.);
#3457 = DIRECTION('',(-1.509957643573E-07,-1.685874035928E-07,1.));
#3458 = ORIENTED_EDGE('',*,*,#3459,.T.);
#3459 = EDGE_CURVE('',#3452,#3460,#3462,.T.);
#3460 = VERTEX_POINT('',#3461);
#3461 = CARTESIAN_POINT('',(1.650999106014,2.971799219568,4.764600803622
    ));
#3462 = CIRCLE('',#3463,1.651);
#3463 = AXIS2_PLACEMENT_3D('',#3464,#3465,#3466);
#3464 = CARTESIAN_POINT('',(-8.93986174002E-07,2.971799075233,
    4.764600554328));
#3465 = DIRECTION('',(-8.742277990872E-08,1.,1.685873903924E-07));
#3466 = DIRECTION('',(-1.,-8.742275445273E-08,-1.509957790957E-07));
#3467 = ORIENTED_EDGE('',*,*,#3468,.T.);
#3468 = EDGE_CURVE('',#3460,#3469,#3471,.T.);
#3469 = VERTEX_POINT('',#3470);
#3470 = CARTESIAN_POINT('',(1.650999297778,2.971799433674,3.494600803622
    ));
#3471 = LINE('',#3472,#3473);
#3472 = CARTESIAN_POINT('',(1.650999106014,2.971799219568,4.764600803622
    ));
#3473 = VECTOR('',#3474,1.);
#3474 = DIRECTION('',(1.509957643573E-07,1.685874035928E-07,-1.));
#3475 = ORIENTED_EDGE('',*,*,#3476,.T.);
#3476 = EDGE_CURVE('',#3469,#3477,#3479,.T.);
#3477 = VERTEX_POINT('',#3478);
#3478 = CARTESIAN_POINT('',(3.276599297778,2.971799575789,3.494601049081
    ));
#3479 = LINE('',#3480,#3481);
#3480 = CARTESIAN_POINT('',(1.650999297778,2.971799433674,3.494600803622
    ));
#3481 = VECTOR('',#3482,1.);
#3482 = DIRECTION('',(1.,8.742275445273E-08,1.509957790957E-07));
#3483 = ORIENTED_EDGE('',*,*,#3484,.T.);
#3484 = EDGE_CURVE('',#3477,#3485,#3487,.T.);
#3485 = VERTEX_POINT('',#3486);
#3486 = CARTESIAN_POINT('',(3.276598806861,2.971799027677,6.74580104908)
  );
#3487 = LINE('',#3488,#3489);
#3488 = CARTESIAN_POINT('',(3.276599297778,2.971799575789,3.494601049081
    ));
#3489 = VECTOR('',#3490,1.);
#3490 = DIRECTION('',(-1.509957643573E-07,-1.685874035928E-07,1.));
#3491 = ORIENTED_EDGE('',*,*,#3492,.T.);
#3492 = EDGE_CURVE('',#3485,#3493,#3495,.T.);
#3493 = VERTEX_POINT('',#3494);
#3494 = CARTESIAN_POINT('',(2.768598730155,2.971798897624,7.253800972375
    ));
#3495 = CIRCLE('',#3496,0.508);
#3496 = AXIS2_PLACEMENT_3D('',#3497,#3498,#3499);
#3497 = CARTESIAN_POINT('',(2.768598806861,2.971798983266,6.745800972375
    ));
#3498 = DIRECTION('',(8.742277990872E-08,-1.,-1.685873903924E-07));
#3499 = DIRECTION('',(1.,8.742275445273E-08,1.509957790957E-07));
#3500 = ORIENTED_EDGE('',*,*,#3501,.T.);
#3501 = EDGE_CURVE('',#3493,#3502,#3504,.T.);
#3502 = VERTEX_POINT('',#3503);
#3503 = CARTESIAN_POINT('',(-4.062937401208E-02,2.971798652034,
    7.253800548193));
#3504 = LINE('',#3505,#3506);
#3505 = CARTESIAN_POINT('',(2.768598730155,2.971798897624,7.253800972375
    ));
#3506 = VECTOR('',#3507,1.);
#3507 = DIRECTION('',(-1.,-8.742275445273E-08,-1.509957790957E-07));
#3508 = ORIENTED_EDGE('',*,*,#3509,.T.);
#3509 = EDGE_CURVE('',#3502,#3510,#3512,.T.);
#3510 = VERTEX_POINT('',#3511);
#3511 = CARTESIAN_POINT('',(-1.279905800199,2.971798599398,
    6.923375582307));
#3512 = CIRCLE('',#3513,2.4892);
#3513 = AXIS2_PLACEMENT_3D('',#3514,#3515,#3516);
#3514 = CARTESIAN_POINT('',(-4.062899815342E-02,2.971799071681,
    4.764600548193));
#3515 = DIRECTION('',(8.742277990872E-08,-1.,-1.685873903924E-07));
#3516 = DIRECTION('',(-1.509957643573E-07,-1.685874035928E-07,1.));
#3517 = ORIENTED_EDGE('',*,*,#3518,.T.);
#3518 = EDGE_CURVE('',#3510,#3257,#3519,.T.);
#3519 = CIRCLE('',#3520,0.381);
#3520 = AXIS2_PLACEMENT_3D('',#3521,#3522,#3523);
#3521 = CARTESIAN_POINT('',(-1.469591025002,2.97179852711,7.253800332426
    ));
#3522 = DIRECTION('',(-8.742277990872E-08,1.,1.685873903924E-07));
#3523 = DIRECTION('',(0.497861482422,1.897329553899E-07,-0.867256561993)
  );
#3524 = ORIENTED_EDGE('',*,*,#3256,.F.);
#3525 = PLANE('',#3526);
#3526 = AXIS2_PLACEMENT_3D('',#3527,#3528,#3529);
#3527 = CARTESIAN_POINT('',(4.825998649614,2.971798987563,7.787201283033
    ));
#3528 = DIRECTION('',(-8.742277990872E-08,1.,1.685873903924E-07));
#3529 = DIRECTION('',(-1.,-8.742275445273E-08,-1.509957790957E-07));
#3530 = ADVANCED_FACE('',(#3531),#3542,.T.);
#3531 = FACE_BOUND('',#3532,.F.);
#3532 = EDGE_LOOP('',(#3533,#3534,#3535,#3536));
#3533 = ORIENTED_EDGE('',*,*,#3388,.F.);
#3534 = ORIENTED_EDGE('',*,*,#3412,.T.);
#3535 = ORIENTED_EDGE('',*,*,#3427,.T.);
#3536 = ORIENTED_EDGE('',*,*,#3537,.F.);
#3537 = EDGE_CURVE('',#3171,#3193,#3538,.T.);
#3538 = LINE('',#3539,#3540);
#3539 = CARTESIAN_POINT('',(-2.209801279329,2.158998372474,
    7.787200083629));
#3540 = VECTOR('',#3541,1.);
#3541 = DIRECTION('',(-8.742277990872E-08,1.,1.685873903924E-07));
#3542 = PLANE('',#3543);
#3543 = AXIS2_PLACEMENT_3D('',#3544,#3545,#3546);
#3544 = CARTESIAN_POINT('',(-3.683000894039,2.15899867386,5.235542611472
    ));
#3545 = DIRECTION('',(-0.866025479282,-1.600040280213E-07,0.499999869234
    ));
#3546 = DIRECTION('',(0.499999869234,-1.022895970431E-07,0.866025479282)
  );
#3547 = ADVANCED_FACE('',(#3548),#3621,.T.);
#3548 = FACE_BOUND('',#3549,.F.);
#3549 = EDGE_LOOP('',(#3550,#3551,#3552,#3553,#3561,#3569,#3577,#3585,
    #3593,#3599,#3607,#3615));
#3550 = ORIENTED_EDGE('',*,*,#3178,.T.);
#3551 = ORIENTED_EDGE('',*,*,#3537,.T.);
#3552 = ORIENTED_EDGE('',*,*,#3218,.T.);
#3553 = ORIENTED_EDGE('',*,*,#3554,.T.);
#3554 = EDGE_CURVE('',#3211,#3555,#3557,.T.);
#3555 = VERTEX_POINT('',#3556);
#3556 = CARTESIAN_POINT('',(-2.209801625733,6.121398372474,7.78720075164
    ));
#3557 = LINE('',#3558,#3559);
#3558 = CARTESIAN_POINT('',(-2.209801501383,4.698998372474,
    7.787200511841));
#3559 = VECTOR('',#3560,1.);
#3560 = DIRECTION('',(-8.742277990872E-08,1.,1.685873903924E-07));
#3561 = ORIENTED_EDGE('',*,*,#3562,.T.);
#3562 = EDGE_CURVE('',#3555,#3563,#3565,.T.);
#3563 = VERTEX_POINT('',#3564);
#3564 = CARTESIAN_POINT('',(4.444998374267,6.121398954255,7.787201756487
    ));
#3565 = LINE('',#3566,#3567);
#3566 = CARTESIAN_POINT('',(-2.209801625733,6.121398372474,7.78720075164
    ));
#3567 = VECTOR('',#3568,1.);
#3568 = DIRECTION('',(1.,8.742275445273E-08,1.509957790957E-07));
#3569 = ORIENTED_EDGE('',*,*,#3570,.F.);
#3570 = EDGE_CURVE('',#3571,#3563,#3573,.T.);
#3571 = VERTEX_POINT('',#3572);
#3572 = CARTESIAN_POINT('',(4.444999440126,-6.070601045745,
    7.787199701069));
#3573 = LINE('',#3574,#3575);
#3574 = CARTESIAN_POINT('',(4.444999440126,-6.070601045745,
    7.787199701069));
#3575 = VECTOR('',#3576,1.);
#3576 = DIRECTION('',(-8.742277990872E-08,1.,1.685873903924E-07));
#3577 = ORIENTED_EDGE('',*,*,#3578,.F.);
#3578 = EDGE_CURVE('',#3579,#3571,#3581,.T.);
#3579 = VERTEX_POINT('',#3580);
#3580 = CARTESIAN_POINT('',(-2.209800559874,-6.070601627526,
    7.787198696223));
#3581 = LINE('',#3582,#3583);
#3582 = CARTESIAN_POINT('',(-2.209800559874,-6.070601627526,
    7.787198696223));
#3583 = VECTOR('',#3584,1.);
#3584 = DIRECTION('',(1.,8.742275445273E-08,1.509957790957E-07));
#3585 = ORIENTED_EDGE('',*,*,#3586,.F.);
#3586 = EDGE_CURVE('',#3587,#3579,#3589,.T.);
#3587 = VERTEX_POINT('',#3588);
#3588 = CARTESIAN_POINT('',(-2.209800684224,-4.648201627526,
    7.787198936021));
#3589 = LINE('',#3590,#3591);
#3590 = CARTESIAN_POINT('',(-2.209800684224,-4.648201627526,
    7.787198936021));
#3591 = VECTOR('',#3592,1.);
#3592 = DIRECTION('',(8.742277990872E-08,-1.,-1.685873903924E-07));
#3593 = ORIENTED_EDGE('',*,*,#3594,.F.);
#3594 = EDGE_CURVE('',#2737,#3587,#3595,.T.);
#3595 = LINE('',#3596,#3597);
#3596 = CARTESIAN_POINT('',(-2.209800835221,-2.921001627526,
    7.787199227205));
#3597 = VECTOR('',#3598,1.);
#3598 = DIRECTION('',(8.742277990872E-08,-1.,-1.685873903924E-07));
#3599 = ORIENTED_EDGE('',*,*,#3600,.T.);
#3600 = EDGE_CURVE('',#2737,#3601,#3603,.T.);
#3601 = VERTEX_POINT('',#3602);
#3602 = CARTESIAN_POINT('',(-2.209800906278,-2.108201627526,
    7.787199364233));
#3603 = LINE('',#3604,#3605);
#3604 = CARTESIAN_POINT('',(-2.209800835221,-2.921001627526,
    7.787199227205));
#3605 = VECTOR('',#3606,1.);
#3606 = DIRECTION('',(-8.742277990872E-08,1.,1.685873903924E-07));
#3607 = ORIENTED_EDGE('',*,*,#3608,.F.);
#3608 = EDGE_CURVE('',#3609,#3601,#3611,.T.);
#3609 = VERTEX_POINT('',#3610);
#3610 = CARTESIAN_POINT('',(-2.209801057275,-0.381001627526,
    7.787199655417));
#3611 = LINE('',#3612,#3613);
#3612 = CARTESIAN_POINT('',(-2.209801057275,-0.381001627526,
    7.787199655417));
#3613 = VECTOR('',#3614,1.);
#3614 = DIRECTION('',(8.742277990872E-08,-1.,-1.685873903924E-07));
#3615 = ORIENTED_EDGE('',*,*,#3616,.T.);
#3616 = EDGE_CURVE('',#3609,#3031,#3617,.T.);
#3617 = LINE('',#3618,#3619);
#3618 = CARTESIAN_POINT('',(-2.209801057275,-0.381001627526,
    7.787199655417));
#3619 = VECTOR('',#3620,1.);
#3620 = DIRECTION('',(-8.742277990872E-08,1.,1.685873903924E-07));
#3621 = PLANE('',#3622);
#3622 = AXIS2_PLACEMENT_3D('',#3623,#3624,#3625);
#3623 = CARTESIAN_POINT('',(4.825998907196,2.53989875631E-02,
    7.787200786307));
#3624 = DIRECTION('',(-1.509957643573E-07,-1.685874035928E-07,1.));
#3625 = DIRECTION('',(-1.,-8.742275445273E-08,-1.509957790957E-07));
#3626 = ADVANCED_FACE('',(#3627),#3652,.F.);
#3627 = FACE_BOUND('',#3628,.F.);
#3628 = EDGE_LOOP('',(#3629,#3639,#3645,#3646));
#3629 = ORIENTED_EDGE('',*,*,#3630,.F.);
#3630 = EDGE_CURVE('',#3631,#3633,#3635,.T.);
#3631 = VERTEX_POINT('',#3632);
#3632 = CARTESIAN_POINT('',(-3.683001240443,6.12139867386,5.235543279483
    ));
#3633 = VERTEX_POINT('',#3634);
#3634 = CARTESIAN_POINT('',(-3.683001116093,4.69899867386,5.235543039684
    ));
#3635 = LINE('',#3636,#3637);
#3636 = CARTESIAN_POINT('',(-3.683001240443,6.12139867386,5.235543279483
    ));
#3637 = VECTOR('',#3638,1.);
#3638 = DIRECTION('',(8.742277990872E-08,-1.,-1.685873903924E-07));
#3639 = ORIENTED_EDGE('',*,*,#3640,.T.);
#3640 = EDGE_CURVE('',#3631,#3555,#3641,.T.);
#3641 = LINE('',#3642,#3643);
#3642 = CARTESIAN_POINT('',(-3.683001240443,6.12139867386,5.235543279483
    ));
#3643 = VECTOR('',#3644,1.);
#3644 = DIRECTION('',(0.499999869234,-1.022895970431E-07,0.866025479282)
  );
#3645 = ORIENTED_EDGE('',*,*,#3554,.F.);
#3646 = ORIENTED_EDGE('',*,*,#3647,.F.);
#3647 = EDGE_CURVE('',#3633,#3211,#3648,.T.);
#3648 = LINE('',#3649,#3650);
#3649 = CARTESIAN_POINT('',(-3.683001116093,4.69899867386,5.235543039684
    ));
#3650 = VECTOR('',#3651,1.);
#3651 = DIRECTION('',(0.499999869234,-1.022895970431E-07,0.866025479282)
  );
#3652 = PLANE('',#3653);
#3653 = AXIS2_PLACEMENT_3D('',#3654,#3655,#3656);
#3654 = CARTESIAN_POINT('',(-3.683001240443,6.12139867386,5.235543279483
    ));
#3655 = DIRECTION('',(0.866025479282,1.600040280213E-07,-0.499999869234)
  );
#3656 = DIRECTION('',(0.499999869234,-1.022895970431E-07,0.866025479282)
  );
#3657 = ADVANCED_FACE('',(#3658),#3674,.F.);
#3658 = FACE_BOUND('',#3659,.F.);
#3659 = EDGE_LOOP('',(#3660,#3661,#3667,#3668));
#3660 = ORIENTED_EDGE('',*,*,#2954,.F.);
#3661 = ORIENTED_EDGE('',*,*,#3662,.T.);
#3662 = EDGE_CURVE('',#2947,#3631,#3663,.T.);
#3663 = LINE('',#3664,#3665);
#3664 = CARTESIAN_POINT('',(-3.683001088792,6.12139884318,4.231200529193
    ));
#3665 = VECTOR('',#3666,1.);
#3666 = DIRECTION('',(-1.509957643573E-07,-1.685874035928E-07,1.));
#3667 = ORIENTED_EDGE('',*,*,#3630,.T.);
#3668 = ORIENTED_EDGE('',*,*,#3669,.F.);
#3669 = EDGE_CURVE('',#2890,#3633,#3670,.T.);
#3670 = LINE('',#3671,#3672);
#3671 = CARTESIAN_POINT('',(-3.683000964442,4.69899884318,4.231200289394
    ));
#3672 = VECTOR('',#3673,1.);
#3673 = DIRECTION('',(-1.509957643573E-07,-1.685874035928E-07,1.));
#3674 = PLANE('',#3675);
#3675 = AXIS2_PLACEMENT_3D('',#3676,#3677,#3678);
#3676 = CARTESIAN_POINT('',(-3.683001088792,6.12139884318,4.231200529193
    ));
#3677 = DIRECTION('',(1.,8.742275445273E-08,1.509957790957E-07));
#3678 = DIRECTION('',(-1.509957643573E-07,-1.685874035928E-07,1.));
#3679 = ADVANCED_FACE('',(#3680),#3781,.T.);
#3680 = FACE_BOUND('',#3681,.F.);
#3681 = EDGE_LOOP('',(#3682,#3692,#3700,#3707,#3708,#3709,#3710,#3711,
    #3719,#3727,#3735,#3743,#3751,#3759,#3767,#3775));
#3682 = ORIENTED_EDGE('',*,*,#3683,.F.);
#3683 = EDGE_CURVE('',#3684,#3686,#3688,.T.);
#3684 = VERTEX_POINT('',#3685);
#3685 = CARTESIAN_POINT('',(4.825999448149,6.121400186557,0.675201814016
    ));
#3686 = VERTEX_POINT('',#3687);
#3687 = CARTESIAN_POINT('',(2.920999448149,6.121400020016,0.675201526369
    ));
#3688 = LINE('',#3689,#3690);
#3689 = CARTESIAN_POINT('',(4.825999448149,6.121400186557,0.675201814016
    ));
#3690 = VECTOR('',#3691,1.);
#3691 = DIRECTION('',(-1.,-8.742275445273E-08,-1.509957790957E-07));
#3692 = ORIENTED_EDGE('',*,*,#3693,.F.);
#3693 = EDGE_CURVE('',#3694,#3684,#3696,.T.);
#3694 = VERTEX_POINT('',#3695);
#3695 = CARTESIAN_POINT('',(4.825998431797,6.121399051795,7.406201814016
    ));
#3696 = LINE('',#3697,#3698);
#3697 = CARTESIAN_POINT('',(4.825998431797,6.121399051795,7.406201814016
    ));
#3698 = VECTOR('',#3699,1.);
#3699 = DIRECTION('',(1.509957643573E-07,1.685874035928E-07,-1.));
#3700 = ORIENTED_EDGE('',*,*,#3701,.F.);
#3701 = EDGE_CURVE('',#3563,#3694,#3702,.T.);
#3702 = CIRCLE('',#3703,0.381);
#3703 = AXIS2_PLACEMENT_3D('',#3704,#3705,#3706);
#3704 = CARTESIAN_POINT('',(4.444998431797,6.121399018487,7.406201756487
    ));
#3705 = DIRECTION('',(-8.742277990872E-08,1.,1.685873903924E-07));
#3706 = DIRECTION('',(-1.509957643573E-07,-1.685874035928E-07,1.));
#3707 = ORIENTED_EDGE('',*,*,#3562,.F.);
#3708 = ORIENTED_EDGE('',*,*,#3640,.F.);
#3709 = ORIENTED_EDGE('',*,*,#3662,.F.);
#3710 = ORIENTED_EDGE('',*,*,#2946,.F.);
#3711 = ORIENTED_EDGE('',*,*,#3712,.F.);
#3712 = EDGE_CURVE('',#3713,#2939,#3715,.T.);
#3713 = VERTEX_POINT('',#3714);
#3714 = CARTESIAN_POINT('',(-4.826000551851,6.121399342752,
    0.675200356605));
#3715 = LINE('',#3716,#3717);
#3716 = CARTESIAN_POINT('',(-4.826000551851,6.121399342752,
    0.675200356605));
#3717 = VECTOR('',#3718,1.);
#3718 = DIRECTION('',(-1.509957643573E-07,-1.685874035928E-07,1.));
#3719 = ORIENTED_EDGE('',*,*,#3720,.F.);
#3720 = EDGE_CURVE('',#3721,#3713,#3723,.T.);
#3721 = VERTEX_POINT('',#3722);
#3722 = CARTESIAN_POINT('',(-2.921000551851,6.121399509293,
    0.675200644252));
#3723 = LINE('',#3724,#3725);
#3724 = CARTESIAN_POINT('',(-2.921000551851,6.121399509293,
    0.675200644252));
#3725 = VECTOR('',#3726,1.);
#3726 = DIRECTION('',(-1.,-8.742275445273E-08,-1.509957790957E-07));
#3727 = ORIENTED_EDGE('',*,*,#3728,.T.);
#3728 = EDGE_CURVE('',#3721,#3729,#3731,.T.);
#3729 = VERTEX_POINT('',#3730);
#3730 = CARTESIAN_POINT('',(-2.921000455969,6.121399616346,
    4.020064425206E-02));
#3731 = LINE('',#3732,#3733);
#3732 = CARTESIAN_POINT('',(-2.921000551851,6.121399509293,
    0.675200644252));
#3733 = VECTOR('',#3734,1.);
#3734 = DIRECTION('',(1.509957643573E-07,1.685874035928E-07,-1.));
#3735 = ORIENTED_EDGE('',*,*,#3736,.F.);
#3736 = EDGE_CURVE('',#3737,#3729,#3739,.T.);
#3737 = VERTEX_POINT('',#3738);
#3738 = CARTESIAN_POINT('',(-1.651000455969,6.121399727372,
    4.02008360167E-02));
#3739 = LINE('',#3740,#3741);
#3740 = CARTESIAN_POINT('',(-1.651000455969,6.121399727372,
    4.02008360167E-02));
#3741 = VECTOR('',#3742,1.);
#3742 = DIRECTION('',(-1.,-8.742275445273E-08,-1.509957790957E-07));
#3743 = ORIENTED_EDGE('',*,*,#3744,.F.);
#3744 = EDGE_CURVE('',#3745,#3737,#3747,.T.);
#3745 = VERTEX_POINT('',#3746);
#3746 = CARTESIAN_POINT('',(-1.651000551851,6.121399620319,
    0.675200836017));
#3747 = LINE('',#3748,#3749);
#3748 = CARTESIAN_POINT('',(-1.651000551851,6.121399620319,
    0.675200836017));
#3749 = VECTOR('',#3750,1.);
#3750 = DIRECTION('',(1.509957643573E-07,1.685874035928E-07,-1.));
#3751 = ORIENTED_EDGE('',*,*,#3752,.F.);
#3752 = EDGE_CURVE('',#3753,#3745,#3755,.T.);
#3753 = VERTEX_POINT('',#3754);
#3754 = CARTESIAN_POINT('',(1.650999448149,6.121399908989,0.675201334605
    ));
#3755 = LINE('',#3756,#3757);
#3756 = CARTESIAN_POINT('',(1.650999448149,6.121399908989,0.675201334605
    ));
#3757 = VECTOR('',#3758,1.);
#3758 = DIRECTION('',(-1.,-8.742275445273E-08,-1.509957790957E-07));
#3759 = ORIENTED_EDGE('',*,*,#3760,.T.);
#3760 = EDGE_CURVE('',#3753,#3761,#3763,.T.);
#3761 = VERTEX_POINT('',#3762);
#3762 = CARTESIAN_POINT('',(1.650999544031,6.121400016042,
    4.020133460476E-02));
#3763 = LINE('',#3764,#3765);
#3764 = CARTESIAN_POINT('',(1.650999448149,6.121399908989,0.675201334605
    ));
#3765 = VECTOR('',#3766,1.);
#3766 = DIRECTION('',(1.509957643573E-07,1.685874035928E-07,-1.));
#3767 = ORIENTED_EDGE('',*,*,#3768,.T.);
#3768 = EDGE_CURVE('',#3761,#3769,#3771,.T.);
#3769 = VERTEX_POINT('',#3770);
#3770 = CARTESIAN_POINT('',(2.920999544031,6.121400127069,
    4.02015263694E-02));
#3771 = LINE('',#3772,#3773);
#3772 = CARTESIAN_POINT('',(1.650999544031,6.121400016042,
    4.020133460476E-02));
#3773 = VECTOR('',#3774,1.);
#3774 = DIRECTION('',(1.,8.742275445273E-08,1.509957790957E-07));
#3775 = ORIENTED_EDGE('',*,*,#3776,.F.);
#3776 = EDGE_CURVE('',#3686,#3769,#3777,.T.);
#3777 = LINE('',#3778,#3779);
#3778 = CARTESIAN_POINT('',(2.920999448149,6.121400020016,0.675201526369
    ));
#3779 = VECTOR('',#3780,1.);
#3780 = DIRECTION('',(1.509957643573E-07,1.685874035928E-07,-1.));
#3781 = PLANE('',#3782);
#3782 = AXIS2_PLACEMENT_3D('',#3783,#3784,#3785);
#3783 = CARTESIAN_POINT('',(4.825999448149,6.121400186557,0.675201814016
    ));
#3784 = DIRECTION('',(-8.742277990872E-08,1.,1.685873903924E-07));
#3785 = DIRECTION('',(1.,8.742275445273E-08,1.509957790957E-07));
#3786 = ADVANCED_FACE('',(#3787),#3812,.T.);
#3787 = FACE_BOUND('',#3788,.F.);
#3788 = EDGE_LOOP('',(#3789,#3797,#3798,#3806));
#3789 = ORIENTED_EDGE('',*,*,#3790,.F.);
#3790 = EDGE_CURVE('',#3753,#3791,#3793,.T.);
#3791 = VERTEX_POINT('',#3792);
#3792 = CARTESIAN_POINT('',(1.650999495891,5.575299908989,0.675201242539
    ));
#3793 = LINE('',#3794,#3795);
#3794 = CARTESIAN_POINT('',(1.650999448149,6.121399908989,0.675201334605
    ));
#3795 = VECTOR('',#3796,1.);
#3796 = DIRECTION('',(8.742277990872E-08,-1.,-1.685873903924E-07));
#3797 = ORIENTED_EDGE('',*,*,#3752,.T.);
#3798 = ORIENTED_EDGE('',*,*,#3799,.T.);
#3799 = EDGE_CURVE('',#3745,#3800,#3802,.T.);
#3800 = VERTEX_POINT('',#3801);
#3801 = CARTESIAN_POINT('',(-1.651000504109,5.575299620319,
    0.675200743951));
#3802 = LINE('',#3803,#3804);
#3803 = CARTESIAN_POINT('',(-1.651000551851,6.121399620319,
    0.675200836017));
#3804 = VECTOR('',#3805,1.);
#3805 = DIRECTION('',(8.742277990872E-08,-1.,-1.685873903924E-07));
#3806 = ORIENTED_EDGE('',*,*,#3807,.F.);
#3807 = EDGE_CURVE('',#3791,#3800,#3808,.T.);
#3808 = LINE('',#3809,#3810);
#3809 = CARTESIAN_POINT('',(1.650999495891,5.575299908989,0.675201242539
    ));
#3810 = VECTOR('',#3811,1.);
#3811 = DIRECTION('',(-1.,-8.742275445273E-08,-1.509957790957E-07));
#3812 = PLANE('',#3813);
#3813 = AXIS2_PLACEMENT_3D('',#3814,#3815,#3816);
#3814 = CARTESIAN_POINT('',(-4.826000018922,2.539934275229E-02,
    0.675199328896));
#3815 = DIRECTION('',(1.509957643573E-07,1.685874035928E-07,-1.));
#3816 = DIRECTION('',(1.,8.742275445273E-08,1.509957790957E-07));
#3817 = ADVANCED_FACE('',(#3818),#3852,.T.);
#3818 = FACE_BOUND('',#3819,.F.);
#3819 = EDGE_LOOP('',(#3820,#3830,#3838,#3846));
#3820 = ORIENTED_EDGE('',*,*,#3821,.T.);
#3821 = EDGE_CURVE('',#3822,#3824,#3826,.T.);
#3822 = VERTEX_POINT('',#3823);
#3823 = CARTESIAN_POINT('',(1.651000514008,-6.07060009101,0.675199279187
    ));
#3824 = VERTEX_POINT('',#3825);
#3825 = CARTESIAN_POINT('',(1.651000466266,-5.52450009101,0.675199371253
    ));
#3826 = LINE('',#3827,#3828);
#3827 = CARTESIAN_POINT('',(1.651000514008,-6.07060009101,0.675199279187
    ));
#3828 = VECTOR('',#3829,1.);
#3829 = DIRECTION('',(-8.742277990872E-08,1.,1.685873903924E-07));
#3830 = ORIENTED_EDGE('',*,*,#3831,.T.);
#3831 = EDGE_CURVE('',#3824,#3832,#3834,.T.);
#3832 = VERTEX_POINT('',#3833);
#3833 = CARTESIAN_POINT('',(-1.650999533734,-5.52450037968,
    0.675198872665));
#3834 = LINE('',#3835,#3836);
#3835 = CARTESIAN_POINT('',(1.651000466266,-5.52450009101,0.675199371253
    ));
#3836 = VECTOR('',#3837,1.);
#3837 = DIRECTION('',(-1.,-8.742275445273E-08,-1.509957790957E-07));
#3838 = ORIENTED_EDGE('',*,*,#3839,.F.);
#3839 = EDGE_CURVE('',#3840,#3832,#3842,.T.);
#3840 = VERTEX_POINT('',#3841);
#3841 = CARTESIAN_POINT('',(-1.650999485992,-6.07060037968,
    0.675198780599));
#3842 = LINE('',#3843,#3844);
#3843 = CARTESIAN_POINT('',(-1.650999485992,-6.07060037968,
    0.675198780599));
#3844 = VECTOR('',#3845,1.);
#3845 = DIRECTION('',(-8.742277990872E-08,1.,1.685873903924E-07));
#3846 = ORIENTED_EDGE('',*,*,#3847,.F.);
#3847 = EDGE_CURVE('',#3822,#3840,#3848,.T.);
#3848 = LINE('',#3849,#3850);
#3849 = CARTESIAN_POINT('',(1.651000514008,-6.07060009101,0.675199279187
    ));
#3850 = VECTOR('',#3851,1.);
#3851 = DIRECTION('',(-1.,-8.742275445273E-08,-1.509957790957E-07));
#3852 = PLANE('',#3853);
#3853 = AXIS2_PLACEMENT_3D('',#3854,#3855,#3856);
#3854 = CARTESIAN_POINT('',(-4.826000018922,2.539934275229E-02,
    0.675199328896));
#3855 = DIRECTION('',(1.509957643573E-07,1.685874035928E-07,-1.));
#3856 = DIRECTION('',(1.,8.742275445273E-08,1.509957790957E-07));
#3857 = ADVANCED_FACE('',(#3858),#3949,.T.);
#3858 = FACE_BOUND('',#3859,.F.);
#3859 = EDGE_LOOP('',(#3860,#3870,#3879,#3887,#3895,#3901,#3902,#3910,
    #3918,#3926,#3934,#3942));
#3860 = ORIENTED_EDGE('',*,*,#3861,.T.);
#3861 = EDGE_CURVE('',#3862,#3864,#3866,.T.);
#3862 = VERTEX_POINT('',#3863);
#3863 = CARTESIAN_POINT('',(-4.317999731348,-3.264055513927,
    0.675198851042));
#3864 = VERTEX_POINT('',#3865);
#3865 = CARTESIAN_POINT('',(-4.318000306495,3.314854288252,
    0.675199960163));
#3866 = LINE('',#3867,#3868);
#3867 = CARTESIAN_POINT('',(-4.317999731348,-3.264055513927,
    0.675198851042));
#3868 = VECTOR('',#3869,1.);
#3869 = DIRECTION('',(-8.742277990872E-08,1.,1.685873903924E-07));
#3870 = ORIENTED_EDGE('',*,*,#3871,.T.);
#3871 = EDGE_CURVE('',#3864,#3872,#3874,.T.);
#3872 = VERTEX_POINT('',#3873);
#3873 = CARTESIAN_POINT('',(-4.31800039751,4.355944486074,0.675200135678
    ));
#3874 = CIRCLE('',#3875,0.6604);
#3875 = AXIS2_PLACEMENT_3D('',#3876,#3877,#3878);
#3876 = CARTESIAN_POINT('',(-4.724400352002,3.835399351634,
    0.675199986555));
#3877 = DIRECTION('',(-1.509957643573E-07,-1.685874035928E-07,1.));
#3878 = DIRECTION('',(0.615384684294,-0.788226928198,-3.996465048822E-08
    ));
#3879 = ORIENTED_EDGE('',*,*,#3880,.T.);
#3880 = EDGE_CURVE('',#3872,#3881,#3883,.T.);
#3881 = VERTEX_POINT('',#3882);
#3882 = CARTESIAN_POINT('',(-4.318000504109,5.575299387163,
    0.675200341245));
#3883 = LINE('',#3884,#3885);
#3884 = CARTESIAN_POINT('',(-4.31800039751,4.355944486074,0.675200135678
    ));
#3885 = VECTOR('',#3886,1.);
#3886 = DIRECTION('',(-8.742277990872E-08,1.,1.685873903924E-07));
#3887 = ORIENTED_EDGE('',*,*,#3888,.F.);
#3888 = EDGE_CURVE('',#3889,#3881,#3891,.T.);
#3889 = VERTEX_POINT('',#3890);
#3890 = CARTESIAN_POINT('',(-2.921000504109,5.575299509293,
    0.675200552186));
#3891 = LINE('',#3892,#3893);
#3892 = CARTESIAN_POINT('',(-2.921000504109,5.575299509293,
    0.675200552186));
#3893 = VECTOR('',#3894,1.);
#3894 = DIRECTION('',(-1.,-8.742275445273E-08,-1.509957790957E-07));
#3895 = ORIENTED_EDGE('',*,*,#3896,.F.);
#3896 = EDGE_CURVE('',#3721,#3889,#3897,.T.);
#3897 = LINE('',#3898,#3899);
#3898 = CARTESIAN_POINT('',(-2.921000551851,6.121399509293,
    0.675200644252));
#3899 = VECTOR('',#3900,1.);
#3900 = DIRECTION('',(8.742277990872E-08,-1.,-1.685873903924E-07));
#3901 = ORIENTED_EDGE('',*,*,#3720,.T.);
#3902 = ORIENTED_EDGE('',*,*,#3903,.T.);
#3903 = EDGE_CURVE('',#3713,#3904,#3906,.T.);
#3904 = VERTEX_POINT('',#3905);
#3905 = CARTESIAN_POINT('',(-4.825999485992,-6.070600657248,
    0.675198301188));
#3906 = LINE('',#3907,#3908);
#3907 = CARTESIAN_POINT('',(-4.826000551851,6.121399342752,
    0.675200356605));
#3908 = VECTOR('',#3909,1.);
#3909 = DIRECTION('',(8.742277990872E-08,-1.,-1.685873903924E-07));
#3910 = ORIENTED_EDGE('',*,*,#3911,.F.);
#3911 = EDGE_CURVE('',#3912,#3904,#3914,.T.);
#3912 = VERTEX_POINT('',#3913);
#3913 = CARTESIAN_POINT('',(-2.920999485992,-6.070600490707,
    0.675198588835));
#3914 = LINE('',#3915,#3916);
#3915 = CARTESIAN_POINT('',(-2.920999485992,-6.070600490707,
    0.675198588835));
#3916 = VECTOR('',#3917,1.);
#3917 = DIRECTION('',(-1.,-8.742275445273E-08,-1.509957790957E-07));
#3918 = ORIENTED_EDGE('',*,*,#3919,.T.);
#3919 = EDGE_CURVE('',#3912,#3920,#3922,.T.);
#3920 = VERTEX_POINT('',#3921);
#3921 = CARTESIAN_POINT('',(-2.920999533734,-5.524500490707,0.6751986809
    ));
#3922 = LINE('',#3923,#3924);
#3923 = CARTESIAN_POINT('',(-2.920999485992,-6.070600490707,
    0.675198588835));
#3924 = VECTOR('',#3925,1.);
#3925 = DIRECTION('',(-8.742277990872E-08,1.,1.685873903924E-07));
#3926 = ORIENTED_EDGE('',*,*,#3927,.T.);
#3927 = EDGE_CURVE('',#3920,#3928,#3930,.T.);
#3928 = VERTEX_POINT('',#3929);
#3929 = CARTESIAN_POINT('',(-4.317999533734,-5.524500612837,
    0.675198469959));
#3930 = LINE('',#3931,#3932);
#3931 = CARTESIAN_POINT('',(-2.920999533734,-5.524500490707,0.6751986809
    ));
#3932 = VECTOR('',#3933,1.);
#3933 = DIRECTION('',(-1.,-8.742275445273E-08,-1.509957790957E-07));
#3934 = ORIENTED_EDGE('',*,*,#3935,.T.);
#3935 = EDGE_CURVE('',#3928,#3936,#3938,.T.);
#3936 = VERTEX_POINT('',#3937);
#3937 = CARTESIAN_POINT('',(-4.317999640333,-4.305145711747,
    0.675198675527));
#3938 = LINE('',#3939,#3940);
#3939 = CARTESIAN_POINT('',(-4.317999533734,-5.524500612837,
    0.675198469959));
#3940 = VECTOR('',#3941,1.);
#3941 = DIRECTION('',(-8.742277990872E-08,1.,1.685873903924E-07));
#3942 = ORIENTED_EDGE('',*,*,#3943,.T.);
#3943 = EDGE_CURVE('',#3936,#3862,#3944,.T.);
#3944 = CIRCLE('',#3945,0.6604);
#3945 = AXIS2_PLACEMENT_3D('',#3946,#3947,#3948);
#3946 = CARTESIAN_POINT('',(-4.724399685841,-3.784600648365,
    0.67519870192));
#3947 = DIRECTION('',(-1.509957643573E-07,-1.685874035928E-07,1.));
#3948 = DIRECTION('',(0.615384684294,-0.788226928198,-3.996465048822E-08
    ));
#3949 = PLANE('',#3950);
#3950 = AXIS2_PLACEMENT_3D('',#3951,#3952,#3953);
#3951 = CARTESIAN_POINT('',(-4.826000018922,2.539934275229E-02,
    0.675199328896));
#3952 = DIRECTION('',(1.509957643573E-07,1.685874035928E-07,-1.));
#3953 = DIRECTION('',(1.,8.742275445273E-08,1.509957790957E-07));
#3954 = ADVANCED_FACE('',(#3955),#4046,.T.);
#3955 = FACE_BOUND('',#3956,.F.);
#3956 = EDGE_LOOP('',(#3957,#3965,#3966,#3974,#3982,#3990,#3999,#4007,
    #4016,#4024,#4032,#4040));
#3957 = ORIENTED_EDGE('',*,*,#3958,.F.);
#3958 = EDGE_CURVE('',#3684,#3959,#3961,.T.);
#3959 = VERTEX_POINT('',#3960);
#3960 = CARTESIAN_POINT('',(4.826000514008,-6.070599813443,
    0.675199758599));
#3961 = LINE('',#3962,#3963);
#3962 = CARTESIAN_POINT('',(4.825999448149,6.121400186557,0.675201814016
    ));
#3963 = VECTOR('',#3964,1.);
#3964 = DIRECTION('',(8.742277990872E-08,-1.,-1.685873903924E-07));
#3965 = ORIENTED_EDGE('',*,*,#3683,.T.);
#3966 = ORIENTED_EDGE('',*,*,#3967,.T.);
#3967 = EDGE_CURVE('',#3686,#3968,#3970,.T.);
#3968 = VERTEX_POINT('',#3969);
#3969 = CARTESIAN_POINT('',(2.920999495891,5.575300020016,0.675201434304
    ));
#3970 = LINE('',#3971,#3972);
#3971 = CARTESIAN_POINT('',(2.920999448149,6.121400020016,0.675201526369
    ));
#3972 = VECTOR('',#3973,1.);
#3973 = DIRECTION('',(8.742277990872E-08,-1.,-1.685873903924E-07));
#3974 = ORIENTED_EDGE('',*,*,#3975,.F.);
#3975 = EDGE_CURVE('',#3976,#3968,#3978,.T.);
#3976 = VERTEX_POINT('',#3977);
#3977 = CARTESIAN_POINT('',(4.317999495891,5.575300142146,0.675201645245
    ));
#3978 = LINE('',#3979,#3980);
#3979 = CARTESIAN_POINT('',(4.317999495891,5.575300142146,0.675201645245
    ));
#3980 = VECTOR('',#3981,1.);
#3981 = DIRECTION('',(-1.,-8.742275445273E-08,-1.509957790957E-07));
#3982 = ORIENTED_EDGE('',*,*,#3983,.T.);
#3983 = EDGE_CURVE('',#3976,#3984,#3986,.T.);
#3984 = VERTEX_POINT('',#3985);
#3985 = CARTESIAN_POINT('',(4.31799960249,4.355945241057,0.675201439677)
  );
#3986 = LINE('',#3987,#3988);
#3987 = CARTESIAN_POINT('',(4.317999495891,5.575300142146,0.675201645245
    ));
#3988 = VECTOR('',#3989,1.);
#3989 = DIRECTION('',(8.742277990872E-08,-1.,-1.685873903924E-07));
#3990 = ORIENTED_EDGE('',*,*,#3991,.T.);
#3991 = EDGE_CURVE('',#3984,#3992,#3994,.T.);
#3992 = VERTEX_POINT('',#3993);
#3993 = CARTESIAN_POINT('',(4.317999693505,3.314855043235,0.675201264162
    ));
#3994 = CIRCLE('',#3995,0.6604);
#3995 = AXIS2_PLACEMENT_3D('',#3996,#3997,#3998);
#3996 = CARTESIAN_POINT('',(4.724399647998,3.835400177674,0.675201413284
    ));
#3997 = DIRECTION('',(-1.509957643573E-07,-1.685874035928E-07,1.));
#3998 = DIRECTION('',(-0.615384684294,0.788226928198,3.996465048822E-08)
  );
#3999 = ORIENTED_EDGE('',*,*,#4000,.T.);
#4000 = EDGE_CURVE('',#3992,#4001,#4003,.T.);
#4001 = VERTEX_POINT('',#4002);
#4002 = CARTESIAN_POINT('',(4.318000268652,-3.264054758944,
    0.675200155041));
#4003 = LINE('',#4004,#4005);
#4004 = CARTESIAN_POINT('',(4.317999693505,3.314855043235,0.675201264162
    ));
#4005 = VECTOR('',#4006,1.);
#4006 = DIRECTION('',(8.742277990872E-08,-1.,-1.685873903924E-07));
#4007 = ORIENTED_EDGE('',*,*,#4008,.T.);
#4008 = EDGE_CURVE('',#4001,#4009,#4011,.T.);
#4009 = VERTEX_POINT('',#4010);
#4010 = CARTESIAN_POINT('',(4.318000359667,-4.305144956764,
    0.675199979526));
#4011 = CIRCLE('',#4012,0.6604);
#4012 = AXIS2_PLACEMENT_3D('',#4013,#4014,#4015);
#4013 = CARTESIAN_POINT('',(4.724400314159,-3.784599822325,
    0.675200128648));
#4014 = DIRECTION('',(-1.509957643573E-07,-1.685874035928E-07,1.));
#4015 = DIRECTION('',(-0.615384684294,0.788226928198,3.996465048822E-08)
  );
#4016 = ORIENTED_EDGE('',*,*,#4017,.T.);
#4017 = EDGE_CURVE('',#4009,#4018,#4020,.T.);
#4018 = VERTEX_POINT('',#4019);
#4019 = CARTESIAN_POINT('',(4.318000466266,-5.524499857854,
    0.675199773959));
#4020 = LINE('',#4021,#4022);
#4021 = CARTESIAN_POINT('',(4.318000359667,-4.305144956764,
    0.675199979526));
#4022 = VECTOR('',#4023,1.);
#4023 = DIRECTION('',(8.742277990872E-08,-1.,-1.685873903924E-07));
#4024 = ORIENTED_EDGE('',*,*,#4025,.T.);
#4025 = EDGE_CURVE('',#4018,#4026,#4028,.T.);
#4026 = VERTEX_POINT('',#4027);
#4027 = CARTESIAN_POINT('',(2.921000466266,-5.524499979984,
    0.675199563017));
#4028 = LINE('',#4029,#4030);
#4029 = CARTESIAN_POINT('',(4.318000466266,-5.524499857854,
    0.675199773959));
#4030 = VECTOR('',#4031,1.);
#4031 = DIRECTION('',(-1.,-8.742275445273E-08,-1.509957790957E-07));
#4032 = ORIENTED_EDGE('',*,*,#4033,.F.);
#4033 = EDGE_CURVE('',#4034,#4026,#4036,.T.);
#4034 = VERTEX_POINT('',#4035);
#4035 = CARTESIAN_POINT('',(2.921000514008,-6.070599979984,
    0.675199470952));
#4036 = LINE('',#4037,#4038);
#4037 = CARTESIAN_POINT('',(2.921000514008,-6.070599979984,
    0.675199470952));
#4038 = VECTOR('',#4039,1.);
#4039 = DIRECTION('',(-8.742277990872E-08,1.,1.685873903924E-07));
#4040 = ORIENTED_EDGE('',*,*,#4041,.F.);
#4041 = EDGE_CURVE('',#3959,#4034,#4042,.T.);
#4042 = LINE('',#4043,#4044);
#4043 = CARTESIAN_POINT('',(4.826000514008,-6.070599813443,
    0.675199758599));
#4044 = VECTOR('',#4045,1.);
#4045 = DIRECTION('',(-1.,-8.742275445273E-08,-1.509957790957E-07));
#4046 = PLANE('',#4047);
#4047 = AXIS2_PLACEMENT_3D('',#4048,#4049,#4050);
#4048 = CARTESIAN_POINT('',(-4.826000018922,2.539934275229E-02,
    0.675199328896));
#4049 = DIRECTION('',(1.509957643573E-07,1.685874035928E-07,-1.));
#4050 = DIRECTION('',(1.,8.742275445273E-08,1.509957790957E-07));
#4051 = ADVANCED_FACE('',(#4052),#4070,.T.);
#4052 = FACE_BOUND('',#4053,.F.);
#4053 = EDGE_LOOP('',(#4054,#4055,#4063,#4069));
#4054 = ORIENTED_EDGE('',*,*,#3790,.T.);
#4055 = ORIENTED_EDGE('',*,*,#4056,.T.);
#4056 = EDGE_CURVE('',#3791,#4057,#4059,.T.);
#4057 = VERTEX_POINT('',#4058);
#4058 = CARTESIAN_POINT('',(1.650999591773,5.575300016042,
    4.020124253918E-02));
#4059 = LINE('',#4060,#4061);
#4060 = CARTESIAN_POINT('',(1.650999495891,5.575299908989,0.675201242539
    ));
#4061 = VECTOR('',#4062,1.);
#4062 = DIRECTION('',(1.509957643573E-07,1.685874035928E-07,-1.));
#4063 = ORIENTED_EDGE('',*,*,#4064,.T.);
#4064 = EDGE_CURVE('',#4057,#3761,#4065,.T.);
#4065 = LINE('',#4066,#4067);
#4066 = CARTESIAN_POINT('',(1.650999591773,5.575300016042,
    4.020124253918E-02));
#4067 = VECTOR('',#4068,1.);
#4068 = DIRECTION('',(-8.742277990872E-08,1.,1.685873903924E-07));
#4069 = ORIENTED_EDGE('',*,*,#3760,.F.);
#4070 = PLANE('',#4071);
#4071 = AXIS2_PLACEMENT_3D('',#4072,#4073,#4074);
#4072 = CARTESIAN_POINT('',(1.650999495891,5.575299908989,0.675201242539
    ));
#4073 = DIRECTION('',(-1.,-8.742275445273E-08,-1.509957790957E-07));
#4074 = DIRECTION('',(-8.742277990872E-08,1.,1.685873903924E-07));
#4075 = ADVANCED_FACE('',(#4076),#4172,.F.);
#4076 = FACE_BOUND('',#4077,.F.);
#4077 = EDGE_LOOP('',(#4078,#4079,#4087,#4095,#4101,#4102,#4110,#4118,
    #4126,#4134,#4142,#4150,#4156,#4157,#4165,#4171));
#4078 = ORIENTED_EDGE('',*,*,#3807,.T.);
#4079 = ORIENTED_EDGE('',*,*,#4080,.T.);
#4080 = EDGE_CURVE('',#3800,#4081,#4083,.T.);
#4081 = VERTEX_POINT('',#4082);
#4082 = CARTESIAN_POINT('',(-1.651000408227,5.575299727372,
    4.020074395112E-02));
#4083 = LINE('',#4084,#4085);
#4084 = CARTESIAN_POINT('',(-1.651000504109,5.575299620319,
    0.675200743951));
#4085 = VECTOR('',#4086,1.);
#4086 = DIRECTION('',(1.509957643573E-07,1.685874035928E-07,-1.));
#4087 = ORIENTED_EDGE('',*,*,#4088,.F.);
#4088 = EDGE_CURVE('',#4089,#4081,#4091,.T.);
#4089 = VERTEX_POINT('',#4090);
#4090 = CARTESIAN_POINT('',(-2.921000408227,5.575299616346,
    4.020055218648E-02));
#4091 = LINE('',#4092,#4093);
#4092 = CARTESIAN_POINT('',(-2.921000408227,5.575299616346,
    4.020055218648E-02));
#4093 = VECTOR('',#4094,1.);
#4094 = DIRECTION('',(1.,8.742275445273E-08,1.509957790957E-07));
#4095 = ORIENTED_EDGE('',*,*,#4096,.F.);
#4096 = EDGE_CURVE('',#3889,#4089,#4097,.T.);
#4097 = LINE('',#4098,#4099);
#4098 = CARTESIAN_POINT('',(-2.921000504109,5.575299509293,
    0.675200552186));
#4099 = VECTOR('',#4100,1.);
#4100 = DIRECTION('',(1.509957643573E-07,1.685874035928E-07,-1.));
#4101 = ORIENTED_EDGE('',*,*,#3888,.T.);
#4102 = ORIENTED_EDGE('',*,*,#4103,.T.);
#4103 = EDGE_CURVE('',#3881,#4104,#4106,.T.);
#4104 = VERTEX_POINT('',#4105);
#4105 = CARTESIAN_POINT('',(-4.318000599992,5.57529928011,1.310200341245
    ));
#4106 = LINE('',#4107,#4108);
#4107 = CARTESIAN_POINT('',(-4.318000504109,5.575299387163,
    0.675200341245));
#4108 = VECTOR('',#4109,1.);
#4109 = DIRECTION('',(-1.509957643573E-07,-1.685874035928E-07,1.));
#4110 = ORIENTED_EDGE('',*,*,#4111,.T.);
#4111 = EDGE_CURVE('',#4104,#4112,#4114,.T.);
#4112 = VERTEX_POINT('',#4113);
#4113 = CARTESIAN_POINT('',(-3.581400599992,5.575299344506,
    1.310200452469));
#4114 = LINE('',#4115,#4116);
#4115 = CARTESIAN_POINT('',(-4.318000599992,5.57529928011,1.310200341245
    ));
#4116 = VECTOR('',#4117,1.);
#4117 = DIRECTION('',(1.,8.742275445273E-08,1.509957790957E-07));
#4118 = ORIENTED_EDGE('',*,*,#4119,.T.);
#4119 = EDGE_CURVE('',#4112,#4120,#4122,.T.);
#4120 = VERTEX_POINT('',#4121);
#4121 = CARTESIAN_POINT('',(-3.581400929827,5.575298976243,
    3.494600452469));
#4122 = LINE('',#4123,#4124);
#4123 = CARTESIAN_POINT('',(-3.581400599992,5.575299344506,
    1.310200452469));
#4124 = VECTOR('',#4125,1.);
#4125 = DIRECTION('',(-1.509957643573E-07,-1.685874035928E-07,1.));
#4126 = ORIENTED_EDGE('',*,*,#4127,.T.);
#4127 = EDGE_CURVE('',#4120,#4128,#4130,.T.);
#4128 = VERTEX_POINT('',#4129);
#4129 = CARTESIAN_POINT('',(3.581399070173,5.575299602435,3.494601534021
    ));
#4130 = LINE('',#4131,#4132);
#4131 = CARTESIAN_POINT('',(-3.581400929827,5.575298976243,
    3.494600452469));
#4132 = VECTOR('',#4133,1.);
#4133 = DIRECTION('',(1.,8.742275445273E-08,1.509957790957E-07));
#4134 = ORIENTED_EDGE('',*,*,#4135,.T.);
#4135 = EDGE_CURVE('',#4128,#4136,#4138,.T.);
#4136 = VERTEX_POINT('',#4137);
#4137 = CARTESIAN_POINT('',(3.581399400008,5.575299970697,1.310201534021
    ));
#4138 = LINE('',#4139,#4140);
#4139 = CARTESIAN_POINT('',(3.581399070173,5.575299602435,3.494601534021
    ));
#4140 = VECTOR('',#4141,1.);
#4141 = DIRECTION('',(1.509957643573E-07,1.685874035928E-07,-1.));
#4142 = ORIENTED_EDGE('',*,*,#4143,.T.);
#4143 = EDGE_CURVE('',#4136,#4144,#4146,.T.);
#4144 = VERTEX_POINT('',#4145);
#4145 = CARTESIAN_POINT('',(4.317999400008,5.575300035093,1.310201645245
    ));
#4146 = LINE('',#4147,#4148);
#4147 = CARTESIAN_POINT('',(3.581399400008,5.575299970697,1.310201534021
    ));
#4148 = VECTOR('',#4149,1.);
#4149 = DIRECTION('',(1.,8.742275445273E-08,1.509957790957E-07));
#4150 = ORIENTED_EDGE('',*,*,#4151,.T.);
#4151 = EDGE_CURVE('',#4144,#3976,#4152,.T.);
#4152 = LINE('',#4153,#4154);
#4153 = CARTESIAN_POINT('',(4.317999400008,5.575300035093,1.310201645245
    ));
#4154 = VECTOR('',#4155,1.);
#4155 = DIRECTION('',(1.509957643573E-07,1.685874035928E-07,-1.));
#4156 = ORIENTED_EDGE('',*,*,#3975,.T.);
#4157 = ORIENTED_EDGE('',*,*,#4158,.T.);
#4158 = EDGE_CURVE('',#3968,#4159,#4161,.T.);
#4159 = VERTEX_POINT('',#4160);
#4160 = CARTESIAN_POINT('',(2.920999591773,5.575300127069,
    4.020143430382E-02));
#4161 = LINE('',#4162,#4163);
#4162 = CARTESIAN_POINT('',(2.920999495891,5.575300020016,0.675201434304
    ));
#4163 = VECTOR('',#4164,1.);
#4164 = DIRECTION('',(1.509957643573E-07,1.685874035928E-07,-1.));
#4165 = ORIENTED_EDGE('',*,*,#4166,.T.);
#4166 = EDGE_CURVE('',#4159,#4057,#4167,.T.);
#4167 = LINE('',#4168,#4169);
#4168 = CARTESIAN_POINT('',(2.920999591773,5.575300127069,
    4.020143430382E-02));
#4169 = VECTOR('',#4170,1.);
#4170 = DIRECTION('',(-1.,-8.742275445273E-08,-1.509957790957E-07));
#4171 = ORIENTED_EDGE('',*,*,#4056,.F.);
#4172 = PLANE('',#4173);
#4173 = AXIS2_PLACEMENT_3D('',#4174,#4175,#4176);
#4174 = CARTESIAN_POINT('',(4.825999495891,5.575300186557,0.675201721951
    ));
#4175 = DIRECTION('',(-8.742277990872E-08,1.,1.685873903924E-07));
#4176 = DIRECTION('',(1.,8.742275445273E-08,1.509957790957E-07));
#4177 = ADVANCED_FACE('',(#4178),#4189,.F.);
#4178 = FACE_BOUND('',#4179,.F.);
#4179 = EDGE_LOOP('',(#4180,#4181,#4182,#4188));
#4180 = ORIENTED_EDGE('',*,*,#3799,.F.);
#4181 = ORIENTED_EDGE('',*,*,#3744,.T.);
#4182 = ORIENTED_EDGE('',*,*,#4183,.F.);
#4183 = EDGE_CURVE('',#4081,#3737,#4184,.T.);
#4184 = LINE('',#4185,#4186);
#4185 = CARTESIAN_POINT('',(-1.651000408227,5.575299727372,
    4.020074395112E-02));
#4186 = VECTOR('',#4187,1.);
#4187 = DIRECTION('',(-8.742277990872E-08,1.,1.685873903924E-07));
#4188 = ORIENTED_EDGE('',*,*,#4080,.F.);
#4189 = PLANE('',#4190);
#4190 = AXIS2_PLACEMENT_3D('',#4191,#4192,#4193);
#4191 = CARTESIAN_POINT('',(-1.651000504109,5.575299620319,
    0.675200743951));
#4192 = DIRECTION('',(-1.,-8.742275445273E-08,-1.509957790957E-07));
#4193 = DIRECTION('',(-8.742277990872E-08,1.,1.685873903924E-07));
#4194 = ADVANCED_FACE('',(#4195),#4206,.F.);
#4195 = FACE_BOUND('',#4196,.F.);
#4196 = EDGE_LOOP('',(#4197,#4198,#4199,#4205));
#4197 = ORIENTED_EDGE('',*,*,#4183,.T.);
#4198 = ORIENTED_EDGE('',*,*,#3736,.T.);
#4199 = ORIENTED_EDGE('',*,*,#4200,.T.);
#4200 = EDGE_CURVE('',#3729,#4089,#4201,.T.);
#4201 = LINE('',#4202,#4203);
#4202 = CARTESIAN_POINT('',(-2.921000455969,6.121399616346,
    4.020064425206E-02));
#4203 = VECTOR('',#4204,1.);
#4204 = DIRECTION('',(8.742277990872E-08,-1.,-1.685873903924E-07));
#4205 = ORIENTED_EDGE('',*,*,#4088,.T.);
#4206 = PLANE('',#4207);
#4207 = AXIS2_PLACEMENT_3D('',#4208,#4209,#4210);
#4208 = CARTESIAN_POINT('',(4.826000076961,2.540029360972E-02,
    4.020078630763E-02));
#4209 = DIRECTION('',(-1.509957643573E-07,-1.685874035928E-07,1.));
#4210 = DIRECTION('',(-1.,-8.742275445273E-08,-1.509957790957E-07));
#4211 = ADVANCED_FACE('',(#4212),#4218,.F.);
#4212 = FACE_BOUND('',#4213,.F.);
#4213 = EDGE_LOOP('',(#4214,#4215,#4216,#4217));
#4214 = ORIENTED_EDGE('',*,*,#3896,.T.);
#4215 = ORIENTED_EDGE('',*,*,#4096,.T.);
#4216 = ORIENTED_EDGE('',*,*,#4200,.F.);
#4217 = ORIENTED_EDGE('',*,*,#3728,.F.);
#4218 = PLANE('',#4219);
#4219 = AXIS2_PLACEMENT_3D('',#4220,#4221,#4222);
#4220 = CARTESIAN_POINT('',(-2.921000551851,6.121399509293,
    0.675200644252));
#4221 = DIRECTION('',(1.,8.742275445273E-08,1.509957790957E-07));
#4222 = DIRECTION('',(8.742277990872E-08,-1.,-1.685873903924E-07));
#4223 = ADVANCED_FACE('',(#4224),#4235,.T.);
#4224 = FACE_BOUND('',#4225,.F.);
#4225 = EDGE_LOOP('',(#4226,#4227,#4228,#4234));
#4226 = ORIENTED_EDGE('',*,*,#3967,.F.);
#4227 = ORIENTED_EDGE('',*,*,#3776,.T.);
#4228 = ORIENTED_EDGE('',*,*,#4229,.T.);
#4229 = EDGE_CURVE('',#3769,#4159,#4230,.T.);
#4230 = LINE('',#4231,#4232);
#4231 = CARTESIAN_POINT('',(2.920999544031,6.121400127069,
    4.02015263694E-02));
#4232 = VECTOR('',#4233,1.);
#4233 = DIRECTION('',(8.742277990872E-08,-1.,-1.685873903924E-07));
#4234 = ORIENTED_EDGE('',*,*,#4158,.F.);
#4235 = PLANE('',#4236);
#4236 = AXIS2_PLACEMENT_3D('',#4237,#4238,#4239);
#4237 = CARTESIAN_POINT('',(2.920999448149,6.121400020016,0.675201526369
    ));
#4238 = DIRECTION('',(1.,8.742275445273E-08,1.509957790957E-07));
#4239 = DIRECTION('',(8.742277990872E-08,-1.,-1.685873903924E-07));
#4240 = ADVANCED_FACE('',(#4241),#4247,.T.);
#4241 = FACE_BOUND('',#4242,.F.);
#4242 = EDGE_LOOP('',(#4243,#4244,#4245,#4246));
#4243 = ORIENTED_EDGE('',*,*,#4064,.F.);
#4244 = ORIENTED_EDGE('',*,*,#4166,.F.);
#4245 = ORIENTED_EDGE('',*,*,#4229,.F.);
#4246 = ORIENTED_EDGE('',*,*,#3768,.F.);
#4247 = PLANE('',#4248);
#4248 = AXIS2_PLACEMENT_3D('',#4249,#4250,#4251);
#4249 = CARTESIAN_POINT('',(-4.825999923039,2.539944980529E-02,
    4.019932889637E-02));
#4250 = DIRECTION('',(1.509957643573E-07,1.685874035928E-07,-1.));
#4251 = DIRECTION('',(1.,8.742275445273E-08,1.509957790957E-07));
#4252 = ADVANCED_FACE('',(#4253),#4278,.F.);
#4253 = FACE_BOUND('',#4254,.F.);
#4254 = EDGE_LOOP('',(#4255,#4256,#4264,#4272));
#4255 = ORIENTED_EDGE('',*,*,#3821,.F.);
#4256 = ORIENTED_EDGE('',*,*,#4257,.T.);
#4257 = EDGE_CURVE('',#3822,#4258,#4260,.T.);
#4258 = VERTEX_POINT('',#4259);
#4259 = CARTESIAN_POINT('',(1.65100060989,-6.070599983957,
    4.019927918729E-02));
#4260 = LINE('',#4261,#4262);
#4261 = CARTESIAN_POINT('',(1.651000514008,-6.07060009101,0.675199279187
    ));
#4262 = VECTOR('',#4263,1.);
#4263 = DIRECTION('',(1.509957643573E-07,1.685874035928E-07,-1.));
#4264 = ORIENTED_EDGE('',*,*,#4265,.F.);
#4265 = EDGE_CURVE('',#4266,#4258,#4268,.T.);
#4266 = VERTEX_POINT('',#4267);
#4267 = CARTESIAN_POINT('',(1.651000562148,-5.524499983957,
    4.019937125287E-02));
#4268 = LINE('',#4269,#4270);
#4269 = CARTESIAN_POINT('',(1.651000562148,-5.524499983957,
    4.019937125287E-02));
#4270 = VECTOR('',#4271,1.);
#4271 = DIRECTION('',(8.742277990872E-08,-1.,-1.685873903924E-07));
#4272 = ORIENTED_EDGE('',*,*,#4273,.F.);
#4273 = EDGE_CURVE('',#3824,#4266,#4274,.T.);
#4274 = LINE('',#4275,#4276);
#4275 = CARTESIAN_POINT('',(1.651000466266,-5.52450009101,0.675199371253
    ));
#4276 = VECTOR('',#4277,1.);
#4277 = DIRECTION('',(1.509957643573E-07,1.685874035928E-07,-1.));
#4278 = PLANE('',#4279);
#4279 = AXIS2_PLACEMENT_3D('',#4280,#4281,#4282);
#4280 = CARTESIAN_POINT('',(1.651000466266,-5.52450009101,0.675199371253
    ));
#4281 = DIRECTION('',(1.,8.742275445273E-08,1.509957790957E-07));
#4282 = DIRECTION('',(8.742277990872E-08,-1.,-1.685873903924E-07));
#4283 = ADVANCED_FACE('',(#4284),#4363,.F.);
#4284 = FACE_BOUND('',#4285,.F.);
#4285 = EDGE_LOOP('',(#4286,#4287,#4295,#4301,#4302,#4303,#4311,#4319,
    #4325,#4326,#4332,#4333,#4341,#4347,#4348,#4357));
#4286 = ORIENTED_EDGE('',*,*,#4041,.T.);
#4287 = ORIENTED_EDGE('',*,*,#4288,.T.);
#4288 = EDGE_CURVE('',#4034,#4289,#4291,.T.);
#4289 = VERTEX_POINT('',#4290);
#4290 = CARTESIAN_POINT('',(2.92100060989,-6.070599872931,
    4.019947095193E-02));
#4291 = LINE('',#4292,#4293);
#4292 = CARTESIAN_POINT('',(2.921000514008,-6.070599979984,
    0.675199470952));
#4293 = VECTOR('',#4294,1.);
#4294 = DIRECTION('',(1.509957643573E-07,1.685874035928E-07,-1.));
#4295 = ORIENTED_EDGE('',*,*,#4296,.F.);
#4296 = EDGE_CURVE('',#4258,#4289,#4297,.T.);
#4297 = LINE('',#4298,#4299);
#4298 = CARTESIAN_POINT('',(1.65100060989,-6.070599983957,
    4.019927918729E-02));
#4299 = VECTOR('',#4300,1.);
#4300 = DIRECTION('',(1.,8.742275445273E-08,1.509957790957E-07));
#4301 = ORIENTED_EDGE('',*,*,#4257,.F.);
#4302 = ORIENTED_EDGE('',*,*,#3847,.T.);
#4303 = ORIENTED_EDGE('',*,*,#4304,.T.);
#4304 = EDGE_CURVE('',#3840,#4305,#4307,.T.);
#4305 = VERTEX_POINT('',#4306);
#4306 = CARTESIAN_POINT('',(-1.65099939011,-6.070600272627,
    4.019878059923E-02));
#4307 = LINE('',#4308,#4309);
#4308 = CARTESIAN_POINT('',(-1.650999485992,-6.07060037968,
    0.675198780599));
#4309 = VECTOR('',#4310,1.);
#4310 = DIRECTION('',(1.509957643573E-07,1.685874035928E-07,-1.));
#4311 = ORIENTED_EDGE('',*,*,#4312,.T.);
#4312 = EDGE_CURVE('',#4305,#4313,#4315,.T.);
#4313 = VERTEX_POINT('',#4314);
#4314 = CARTESIAN_POINT('',(-2.92099939011,-6.070600383654,
    4.019858883459E-02));
#4315 = LINE('',#4316,#4317);
#4316 = CARTESIAN_POINT('',(-1.65099939011,-6.070600272627,
    4.019878059923E-02));
#4317 = VECTOR('',#4318,1.);
#4318 = DIRECTION('',(-1.,-8.742275445273E-08,-1.509957790957E-07));
#4319 = ORIENTED_EDGE('',*,*,#4320,.F.);
#4320 = EDGE_CURVE('',#3912,#4313,#4321,.T.);
#4321 = LINE('',#4322,#4323);
#4322 = CARTESIAN_POINT('',(-2.920999485992,-6.070600490707,
    0.675198588835));
#4323 = VECTOR('',#4324,1.);
#4324 = DIRECTION('',(1.509957643573E-07,1.685874035928E-07,-1.));
#4325 = ORIENTED_EDGE('',*,*,#3911,.T.);
#4326 = ORIENTED_EDGE('',*,*,#4327,.T.);
#4327 = EDGE_CURVE('',#3904,#2931,#4328,.T.);
#4328 = LINE('',#4329,#4330);
#4329 = CARTESIAN_POINT('',(-4.825999485992,-6.070600657248,
    0.675198301188));
#4330 = VECTOR('',#4331,1.);
#4331 = DIRECTION('',(-1.509957643573E-07,-1.685874035928E-07,1.));
#4332 = ORIENTED_EDGE('',*,*,#2930,.T.);
#4333 = ORIENTED_EDGE('',*,*,#4334,.T.);
#4334 = EDGE_CURVE('',#2923,#4335,#4337,.T.);
#4335 = VERTEX_POINT('',#4336);
#4336 = CARTESIAN_POINT('',(-3.683000174585,-6.07060132614,
    5.235541224065));
#4337 = LINE('',#4338,#4339);
#4338 = CARTESIAN_POINT('',(-3.683000022933,-6.07060115682,
    4.231198473776));
#4339 = VECTOR('',#4340,1.);
#4340 = DIRECTION('',(-1.509957643573E-07,-1.685874035928E-07,1.));
#4341 = ORIENTED_EDGE('',*,*,#4342,.T.);
#4342 = EDGE_CURVE('',#4335,#3579,#4343,.T.);
#4343 = LINE('',#4344,#4345);
#4344 = CARTESIAN_POINT('',(-3.683000174585,-6.07060132614,
    5.235541224065));
#4345 = VECTOR('',#4346,1.);
#4346 = DIRECTION('',(0.499999869234,-1.022895970431E-07,0.866025479282)
  );
#4347 = ORIENTED_EDGE('',*,*,#3578,.T.);
#4348 = ORIENTED_EDGE('',*,*,#4349,.T.);
#4349 = EDGE_CURVE('',#3571,#4350,#4352,.T.);
#4350 = VERTEX_POINT('',#4351);
#4351 = CARTESIAN_POINT('',(4.825999497655,-6.070600948205,
    7.406199758599));
#4352 = CIRCLE('',#4353,0.381);
#4353 = AXIS2_PLACEMENT_3D('',#4354,#4355,#4356);
#4354 = CARTESIAN_POINT('',(4.444999497655,-6.070600981513,
    7.406199701069));
#4355 = DIRECTION('',(-8.742277990872E-08,1.,1.685873903924E-07));
#4356 = DIRECTION('',(-1.509957643573E-07,-1.685874035928E-07,1.));
#4357 = ORIENTED_EDGE('',*,*,#4358,.T.);
#4358 = EDGE_CURVE('',#4350,#3959,#4359,.T.);
#4359 = LINE('',#4360,#4361);
#4360 = CARTESIAN_POINT('',(4.825999497655,-6.070600948205,
    7.406199758599));
#4361 = VECTOR('',#4362,1.);
#4362 = DIRECTION('',(1.509957643573E-07,1.685874035928E-07,-1.));
#4363 = PLANE('',#4364);
#4364 = AXIS2_PLACEMENT_3D('',#4365,#4366,#4367);
#4365 = CARTESIAN_POINT('',(4.826000514008,-6.070599813443,
    0.675199758599));
#4366 = DIRECTION('',(-8.742277990872E-08,1.,1.685873903924E-07));
#4367 = DIRECTION('',(1.,8.742275445273E-08,1.509957790957E-07));
#4368 = ADVANCED_FACE('',(#4369),#4387,.F.);
#4369 = FACE_BOUND('',#4370,.F.);
#4370 = EDGE_LOOP('',(#4371,#4372,#4380,#4386));
#4371 = ORIENTED_EDGE('',*,*,#4033,.T.);
#4372 = ORIENTED_EDGE('',*,*,#4373,.T.);
#4373 = EDGE_CURVE('',#4026,#4374,#4376,.T.);
#4374 = VERTEX_POINT('',#4375);
#4375 = CARTESIAN_POINT('',(2.921000562148,-5.524499872931,
    4.019956301751E-02));
#4376 = LINE('',#4377,#4378);
#4377 = CARTESIAN_POINT('',(2.921000466266,-5.524499979984,
    0.675199563017));
#4378 = VECTOR('',#4379,1.);
#4379 = DIRECTION('',(1.509957643573E-07,1.685874035928E-07,-1.));
#4380 = ORIENTED_EDGE('',*,*,#4381,.F.);
#4381 = EDGE_CURVE('',#4289,#4374,#4382,.T.);
#4382 = LINE('',#4383,#4384);
#4383 = CARTESIAN_POINT('',(2.92100060989,-6.070599872931,
    4.019947095193E-02));
#4384 = VECTOR('',#4385,1.);
#4385 = DIRECTION('',(-8.742277990872E-08,1.,1.685873903924E-07));
#4386 = ORIENTED_EDGE('',*,*,#4288,.F.);
#4387 = PLANE('',#4388);
#4388 = AXIS2_PLACEMENT_3D('',#4389,#4390,#4391);
#4389 = CARTESIAN_POINT('',(2.921000514008,-6.070599979984,
    0.675199470952));
#4390 = DIRECTION('',(-1.,-8.742275445273E-08,-1.509957790957E-07));
#4391 = DIRECTION('',(-8.742277990872E-08,1.,1.685873903924E-07));
#4392 = ADVANCED_FACE('',(#4393),#4482,.T.);
#4393 = FACE_BOUND('',#4394,.F.);
#4394 = EDGE_LOOP('',(#4395,#4396,#4397,#4403,#4404,#4405,#4413,#4421,
    #4429,#4437,#4445,#4453,#4459,#4460,#4468,#4476));
#4395 = ORIENTED_EDGE('',*,*,#3831,.F.);
#4396 = ORIENTED_EDGE('',*,*,#4273,.T.);
#4397 = ORIENTED_EDGE('',*,*,#4398,.F.);
#4398 = EDGE_CURVE('',#4374,#4266,#4399,.T.);
#4399 = LINE('',#4400,#4401);
#4400 = CARTESIAN_POINT('',(2.921000562148,-5.524499872931,
    4.019956301751E-02));
#4401 = VECTOR('',#4402,1.);
#4402 = DIRECTION('',(-1.,-8.742275445273E-08,-1.509957790957E-07));
#4403 = ORIENTED_EDGE('',*,*,#4373,.F.);
#4404 = ORIENTED_EDGE('',*,*,#4025,.F.);
#4405 = ORIENTED_EDGE('',*,*,#4406,.T.);
#4406 = EDGE_CURVE('',#4018,#4407,#4409,.T.);
#4407 = VERTEX_POINT('',#4408);
#4408 = CARTESIAN_POINT('',(4.318000370384,-5.524499964907,
    1.310199773959));
#4409 = LINE('',#4410,#4411);
#4410 = CARTESIAN_POINT('',(4.318000466266,-5.524499857854,
    0.675199773959));
#4411 = VECTOR('',#4412,1.);
#4412 = DIRECTION('',(-1.509957643573E-07,-1.685874035928E-07,1.));
#4413 = ORIENTED_EDGE('',*,*,#4414,.T.);
#4414 = EDGE_CURVE('',#4407,#4415,#4417,.T.);
#4415 = VERTEX_POINT('',#4416);
#4416 = CARTESIAN_POINT('',(3.581400370384,-5.524500029303,
    1.310199662735));
#4417 = LINE('',#4418,#4419);
#4418 = CARTESIAN_POINT('',(4.318000370384,-5.524499964907,
    1.310199773959));
#4419 = VECTOR('',#4420,1.);
#4420 = DIRECTION('',(-1.,-8.742275445273E-08,-1.509957790957E-07));
#4421 = ORIENTED_EDGE('',*,*,#4422,.T.);
#4422 = EDGE_CURVE('',#4415,#4423,#4425,.T.);
#4423 = VERTEX_POINT('',#4424);
#4424 = CARTESIAN_POINT('',(3.581400040549,-5.524500397565,
    3.494599662735));
#4425 = LINE('',#4426,#4427);
#4426 = CARTESIAN_POINT('',(3.581400370384,-5.524500029303,
    1.310199662735));
#4427 = VECTOR('',#4428,1.);
#4428 = DIRECTION('',(-1.509957643573E-07,-1.685874035928E-07,1.));
#4429 = ORIENTED_EDGE('',*,*,#4430,.T.);
#4430 = EDGE_CURVE('',#4423,#4431,#4433,.T.);
#4431 = VERTEX_POINT('',#4432);
#4432 = CARTESIAN_POINT('',(-3.581399959451,-5.524501023757,
    3.494598581182));
#4433 = LINE('',#4434,#4435);
#4434 = CARTESIAN_POINT('',(3.581400040549,-5.524500397565,
    3.494599662735));
#4435 = VECTOR('',#4436,1.);
#4436 = DIRECTION('',(-1.,-8.742275445273E-08,-1.509957790957E-07));
#4437 = ORIENTED_EDGE('',*,*,#4438,.T.);
#4438 = EDGE_CURVE('',#4431,#4439,#4441,.T.);
#4439 = VERTEX_POINT('',#4440);
#4440 = CARTESIAN_POINT('',(-3.581399629616,-5.524500655494,
    1.310198581183));
#4441 = LINE('',#4442,#4443);
#4442 = CARTESIAN_POINT('',(-3.581399959451,-5.524501023757,
    3.494598581182));
#4443 = VECTOR('',#4444,1.);
#4444 = DIRECTION('',(1.509957643573E-07,1.685874035928E-07,-1.));
#4445 = ORIENTED_EDGE('',*,*,#4446,.T.);
#4446 = EDGE_CURVE('',#4439,#4447,#4449,.T.);
#4447 = VERTEX_POINT('',#4448);
#4448 = CARTESIAN_POINT('',(-4.317999629616,-5.52450071989,
    1.310198469959));
#4449 = LINE('',#4450,#4451);
#4450 = CARTESIAN_POINT('',(-3.581399629616,-5.524500655494,
    1.310198581183));
#4451 = VECTOR('',#4452,1.);
#4452 = DIRECTION('',(-1.,-8.742275445273E-08,-1.509957790957E-07));
#4453 = ORIENTED_EDGE('',*,*,#4454,.T.);
#4454 = EDGE_CURVE('',#4447,#3928,#4455,.T.);
#4455 = LINE('',#4456,#4457);
#4456 = CARTESIAN_POINT('',(-4.317999629616,-5.52450071989,
    1.310198469959));
#4457 = VECTOR('',#4458,1.);
#4458 = DIRECTION('',(1.509957643573E-07,1.685874035928E-07,-1.));
#4459 = ORIENTED_EDGE('',*,*,#3927,.F.);
#4460 = ORIENTED_EDGE('',*,*,#4461,.T.);
#4461 = EDGE_CURVE('',#3920,#4462,#4464,.T.);
#4462 = VERTEX_POINT('',#4463);
#4463 = CARTESIAN_POINT('',(-2.920999437852,-5.524500383654,
    4.019868090017E-02));
#4464 = LINE('',#4465,#4466);
#4465 = CARTESIAN_POINT('',(-2.920999533734,-5.524500490707,0.6751986809
    ));
#4466 = VECTOR('',#4467,1.);
#4467 = DIRECTION('',(1.509957643573E-07,1.685874035928E-07,-1.));
#4468 = ORIENTED_EDGE('',*,*,#4469,.T.);
#4469 = EDGE_CURVE('',#4462,#4470,#4472,.T.);
#4470 = VERTEX_POINT('',#4471);
#4471 = CARTESIAN_POINT('',(-1.650999437852,-5.524500272627,
    4.019887266481E-02));
#4472 = LINE('',#4473,#4474);
#4473 = CARTESIAN_POINT('',(-2.920999437852,-5.524500383654,
    4.019868090017E-02));
#4474 = VECTOR('',#4475,1.);
#4475 = DIRECTION('',(1.,8.742275445273E-08,1.509957790957E-07));
#4476 = ORIENTED_EDGE('',*,*,#4477,.F.);
#4477 = EDGE_CURVE('',#3832,#4470,#4478,.T.);
#4478 = LINE('',#4479,#4480);
#4479 = CARTESIAN_POINT('',(-1.650999533734,-5.52450037968,
    0.675198872665));
#4480 = VECTOR('',#4481,1.);
#4481 = DIRECTION('',(1.509957643573E-07,1.685874035928E-07,-1.));
#4482 = PLANE('',#4483);
#4483 = AXIS2_PLACEMENT_3D('',#4484,#4485,#4486);
#4484 = CARTESIAN_POINT('',(4.826000466266,-5.524499813443,
    0.675199850664));
#4485 = DIRECTION('',(-8.742277990872E-08,1.,1.685873903924E-07));
#4486 = DIRECTION('',(1.,8.742275445273E-08,1.509957790957E-07));
#4487 = ADVANCED_FACE('',(#4488),#4494,.F.);
#4488 = FACE_BOUND('',#4489,.F.);
#4489 = EDGE_LOOP('',(#4490,#4491,#4492,#4493));
#4490 = ORIENTED_EDGE('',*,*,#4265,.T.);
#4491 = ORIENTED_EDGE('',*,*,#4296,.T.);
#4492 = ORIENTED_EDGE('',*,*,#4381,.T.);
#4493 = ORIENTED_EDGE('',*,*,#4398,.T.);
#4494 = PLANE('',#4495);
#4495 = AXIS2_PLACEMENT_3D('',#4496,#4497,#4498);
#4496 = CARTESIAN_POINT('',(-4.825999923039,2.539944980529E-02,
    4.019932889637E-02));
#4497 = DIRECTION('',(-1.509957643573E-07,-1.685874035928E-07,1.));
#4498 = DIRECTION('',(1.,8.742275445273E-08,1.509957790957E-07));
#4499 = ADVANCED_FACE('',(#4500),#4511,.T.);
#4500 = FACE_BOUND('',#4501,.F.);
#4501 = EDGE_LOOP('',(#4502,#4503,#4504,#4510));
#4502 = ORIENTED_EDGE('',*,*,#3919,.F.);
#4503 = ORIENTED_EDGE('',*,*,#4320,.T.);
#4504 = ORIENTED_EDGE('',*,*,#4505,.T.);
#4505 = EDGE_CURVE('',#4313,#4462,#4506,.T.);
#4506 = LINE('',#4507,#4508);
#4507 = CARTESIAN_POINT('',(-2.92099939011,-6.070600383654,
    4.019858883459E-02));
#4508 = VECTOR('',#4509,1.);
#4509 = DIRECTION('',(-8.742277990872E-08,1.,1.685873903924E-07));
#4510 = ORIENTED_EDGE('',*,*,#4461,.F.);
#4511 = PLANE('',#4512);
#4512 = AXIS2_PLACEMENT_3D('',#4513,#4514,#4515);
#4513 = CARTESIAN_POINT('',(-2.920999485992,-6.070600490707,
    0.675198588835));
#4514 = DIRECTION('',(-1.,-8.742275445273E-08,-1.509957790957E-07));
#4515 = DIRECTION('',(-8.742277990872E-08,1.,1.685873903924E-07));
#4516 = ADVANCED_FACE('',(#4517),#4528,.T.);
#4517 = FACE_BOUND('',#4518,.F.);
#4518 = EDGE_LOOP('',(#4519,#4525,#4526,#4527));
#4519 = ORIENTED_EDGE('',*,*,#4520,.F.);
#4520 = EDGE_CURVE('',#4470,#4305,#4521,.T.);
#4521 = LINE('',#4522,#4523);
#4522 = CARTESIAN_POINT('',(-1.650999437852,-5.524500272627,
    4.019887266481E-02));
#4523 = VECTOR('',#4524,1.);
#4524 = DIRECTION('',(8.742277990872E-08,-1.,-1.685873903924E-07));
#4525 = ORIENTED_EDGE('',*,*,#4469,.F.);
#4526 = ORIENTED_EDGE('',*,*,#4505,.F.);
#4527 = ORIENTED_EDGE('',*,*,#4312,.F.);
#4528 = PLANE('',#4529);
#4529 = AXIS2_PLACEMENT_3D('',#4530,#4531,#4532);
#4530 = CARTESIAN_POINT('',(4.826000076961,2.540029360972E-02,
    4.020078630763E-02));
#4531 = DIRECTION('',(1.509957643573E-07,1.685874035928E-07,-1.));
#4532 = DIRECTION('',(-1.,-8.742275445273E-08,-1.509957790957E-07));
#4533 = ADVANCED_FACE('',(#4534),#4540,.T.);
#4534 = FACE_BOUND('',#4535,.F.);
#4535 = EDGE_LOOP('',(#4536,#4537,#4538,#4539));
#4536 = ORIENTED_EDGE('',*,*,#3839,.T.);
#4537 = ORIENTED_EDGE('',*,*,#4477,.T.);
#4538 = ORIENTED_EDGE('',*,*,#4520,.T.);
#4539 = ORIENTED_EDGE('',*,*,#4304,.F.);
#4540 = PLANE('',#4541);
#4541 = AXIS2_PLACEMENT_3D('',#4542,#4543,#4544);
#4542 = CARTESIAN_POINT('',(-1.650999533734,-5.52450037968,
    0.675198872665));
#4543 = DIRECTION('',(1.,8.742275445273E-08,1.509957790957E-07));
#4544 = DIRECTION('',(8.742277990872E-08,-1.,-1.685873903924E-07));
#4545 = ADVANCED_FACE('',(#4546),#4552,.T.);
#4546 = FACE_BOUND('',#4547,.F.);
#4547 = EDGE_LOOP('',(#4548,#4549,#4550,#4551));
#4548 = ORIENTED_EDGE('',*,*,#3903,.F.);
#4549 = ORIENTED_EDGE('',*,*,#3712,.T.);
#4550 = ORIENTED_EDGE('',*,*,#2938,.T.);
#4551 = ORIENTED_EDGE('',*,*,#4327,.F.);
#4552 = PLANE('',#4553);
#4553 = AXIS2_PLACEMENT_3D('',#4554,#4555,#4556);
#4554 = CARTESIAN_POINT('',(-4.826000383274,2.539893595089E-02,
    3.088199328896));
#4555 = DIRECTION('',(-1.,-8.742275445273E-08,-1.509957790957E-07));
#4556 = DIRECTION('',(1.509957643573E-07,1.685874035928E-07,-1.));
#4557 = ADVANCED_FACE('',(#4558),#4576,.T.);
#4558 = FACE_BOUND('',#4559,.F.);
#4559 = EDGE_LOOP('',(#4560,#4561,#4569,#4575));
#4560 = ORIENTED_EDGE('',*,*,#2922,.T.);
#4561 = ORIENTED_EDGE('',*,*,#4562,.T.);
#4562 = EDGE_CURVE('',#2666,#4563,#4565,.T.);
#4563 = VERTEX_POINT('',#4564);
#4564 = CARTESIAN_POINT('',(-3.683000298935,-4.64820132614,
    5.235541463864));
#4565 = LINE('',#4566,#4567);
#4566 = CARTESIAN_POINT('',(-3.683000147283,-4.64820115682,
    4.231198713574));
#4567 = VECTOR('',#4568,1.);
#4568 = DIRECTION('',(-1.509957643573E-07,-1.685874035928E-07,1.));
#4569 = ORIENTED_EDGE('',*,*,#4570,.F.);
#4570 = EDGE_CURVE('',#4335,#4563,#4571,.T.);
#4571 = LINE('',#4572,#4573);
#4572 = CARTESIAN_POINT('',(-3.683000174585,-6.07060132614,
    5.235541224065));
#4573 = VECTOR('',#4574,1.);
#4574 = DIRECTION('',(-8.742277990872E-08,1.,1.685873903924E-07));
#4575 = ORIENTED_EDGE('',*,*,#4334,.F.);
#4576 = PLANE('',#4577);
#4577 = AXIS2_PLACEMENT_3D('',#4578,#4579,#4580);
#4578 = CARTESIAN_POINT('',(-3.683000022933,-6.07060115682,
    4.231198473776));
#4579 = DIRECTION('',(-1.,-8.742275445273E-08,-1.509957790957E-07));
#4580 = DIRECTION('',(-1.509957643573E-07,-1.685874035928E-07,1.));
#4581 = ADVANCED_FACE('',(#4582),#4698,.T.);
#4582 = FACE_BOUND('',#4583,.F.);
#4583 = EDGE_LOOP('',(#4584,#4585,#4593,#4601,#4609,#4618,#4626,#4634,
    #4642,#4651,#4659,#4668,#4677,#4685,#4691,#4697));
#4584 = ORIENTED_EDGE('',*,*,#2665,.F.);
#4585 = ORIENTED_EDGE('',*,*,#4586,.T.);
#4586 = EDGE_CURVE('',#2658,#4587,#4589,.T.);
#4587 = VERTEX_POINT('',#4588);
#4588 = CARTESIAN_POINT('',(-2.36220003606,-4.648200917171,3.49459891301
    ));
#4589 = LINE('',#4590,#4591);
#4590 = CARTESIAN_POINT('',(-2.362200147283,-4.648201041352,
    4.23119891301));
#4591 = VECTOR('',#4592,1.);
#4592 = DIRECTION('',(1.509957643573E-07,1.685874035928E-07,-1.));
#4593 = ORIENTED_EDGE('',*,*,#4594,.T.);
#4594 = EDGE_CURVE('',#4587,#4595,#4597,.T.);
#4595 = VERTEX_POINT('',#4596);
#4596 = CARTESIAN_POINT('',(-1.65100003606,-4.648200854996,
    3.494599020398));
#4597 = LINE('',#4598,#4599);
#4598 = CARTESIAN_POINT('',(-2.36220003606,-4.648200917171,3.49459891301
    ));
#4599 = VECTOR('',#4600,1.);
#4600 = DIRECTION('',(1.,8.742275445273E-08,1.509957790957E-07));
#4601 = ORIENTED_EDGE('',*,*,#4602,.T.);
#4602 = EDGE_CURVE('',#4595,#4603,#4605,.T.);
#4603 = VERTEX_POINT('',#4604);
#4604 = CARTESIAN_POINT('',(-1.651000227825,-4.648201069102,
    4.764599020398));
#4605 = LINE('',#4606,#4607);
#4606 = CARTESIAN_POINT('',(-1.65100003606,-4.648200854996,
    3.494599020398));
#4607 = VECTOR('',#4608,1.);
#4608 = DIRECTION('',(-1.509957643573E-07,-1.685874035928E-07,1.));
#4609 = ORIENTED_EDGE('',*,*,#4610,.T.);
#4610 = EDGE_CURVE('',#4603,#4611,#4613,.T.);
#4611 = VERTEX_POINT('',#4612);
#4612 = CARTESIAN_POINT('',(1.650999772175,-4.648200780432,
    4.764599518986));
#4613 = CIRCLE('',#4614,1.651);
#4614 = AXIS2_PLACEMENT_3D('',#4615,#4616,#4617);
#4615 = CARTESIAN_POINT('',(-2.278245910976E-07,-4.648200924767,
    4.764599269692));
#4616 = DIRECTION('',(-8.742277990872E-08,1.,1.685873903924E-07));
#4617 = DIRECTION('',(-1.,-8.742275445273E-08,-1.509957790957E-07));
#4618 = ORIENTED_EDGE('',*,*,#4619,.T.);
#4619 = EDGE_CURVE('',#4611,#4620,#4622,.T.);
#4620 = VERTEX_POINT('',#4621);
#4621 = CARTESIAN_POINT('',(1.65099996394,-4.648200566326,3.494599518986
    ));
#4622 = LINE('',#4623,#4624);
#4623 = CARTESIAN_POINT('',(1.650999772175,-4.648200780432,
    4.764599518986));
#4624 = VECTOR('',#4625,1.);
#4625 = DIRECTION('',(1.509957643573E-07,1.685874035928E-07,-1.));
#4626 = ORIENTED_EDGE('',*,*,#4627,.T.);
#4627 = EDGE_CURVE('',#4620,#4628,#4630,.T.);
#4628 = VERTEX_POINT('',#4629);
#4629 = CARTESIAN_POINT('',(3.27659996394,-4.648200424211,3.494599764445
    ));
#4630 = LINE('',#4631,#4632);
#4631 = CARTESIAN_POINT('',(1.65099996394,-4.648200566326,3.494599518986
    ));
#4632 = VECTOR('',#4633,1.);
#4633 = DIRECTION('',(1.,8.742275445273E-08,1.509957790957E-07));
#4634 = ORIENTED_EDGE('',*,*,#4635,.T.);
#4635 = EDGE_CURVE('',#4628,#4636,#4638,.T.);
#4636 = VERTEX_POINT('',#4637);
#4637 = CARTESIAN_POINT('',(3.276599473023,-4.648200972323,
    6.745799764445));
#4638 = LINE('',#4639,#4640);
#4639 = CARTESIAN_POINT('',(3.27659996394,-4.648200424211,3.494599764445
    ));
#4640 = VECTOR('',#4641,1.);
#4641 = DIRECTION('',(-1.509957643573E-07,-1.685874035928E-07,1.));
#4642 = ORIENTED_EDGE('',*,*,#4643,.T.);
#4643 = EDGE_CURVE('',#4636,#4644,#4646,.T.);
#4644 = VERTEX_POINT('',#4645);
#4645 = CARTESIAN_POINT('',(2.768599396317,-4.648201102376,
    7.253799687739));
#4646 = CIRCLE('',#4647,0.508);
#4647 = AXIS2_PLACEMENT_3D('',#4648,#4649,#4650);
#4648 = CARTESIAN_POINT('',(2.768599473023,-4.648201016733,
    6.745799687739));
#4649 = DIRECTION('',(8.742277990872E-08,-1.,-1.685873903924E-07));
#4650 = DIRECTION('',(1.,8.742275445273E-08,1.509957790957E-07));
#4651 = ORIENTED_EDGE('',*,*,#4652,.T.);
#4652 = EDGE_CURVE('',#4644,#4653,#4655,.T.);
#4653 = VERTEX_POINT('',#4654);
#4654 = CARTESIAN_POINT('',(-4.06287078505E-02,-4.648201347966,
    7.253799263557));
#4655 = LINE('',#4656,#4657);
#4656 = CARTESIAN_POINT('',(2.768599396317,-4.648201102376,
    7.253799687739));
#4657 = VECTOR('',#4658,1.);
#4658 = DIRECTION('',(-1.,-8.742275445273E-08,-1.509957790957E-07));
#4659 = ORIENTED_EDGE('',*,*,#4660,.T.);
#4660 = EDGE_CURVE('',#4653,#4661,#4663,.T.);
#4661 = VERTEX_POINT('',#4662);
#4662 = CARTESIAN_POINT('',(-1.279905134037,-4.648201400602,
    6.923374297671));
#4663 = CIRCLE('',#4664,2.4892);
#4664 = AXIS2_PLACEMENT_3D('',#4665,#4666,#4667);
#4665 = CARTESIAN_POINT('',(-4.062833199184E-02,-4.648200928319,
    4.764599263557));
#4666 = DIRECTION('',(8.742277990872E-08,-1.,-1.685873903924E-07));
#4667 = DIRECTION('',(-1.509957643573E-07,-1.685874035928E-07,1.));
#4668 = ORIENTED_EDGE('',*,*,#4669,.T.);
#4669 = EDGE_CURVE('',#4661,#4670,#4672,.T.);
#4670 = VERTEX_POINT('',#4671);
#4671 = CARTESIAN_POINT('',(-1.82880062286,-4.648201525704,
    7.380798993551));
#4672 = CIRCLE('',#4673,0.381);
#4673 = AXIS2_PLACEMENT_3D('',#4674,#4675,#4676);
#4674 = CARTESIAN_POINT('',(-1.46959035884,-4.64820147289,7.25379904779)
  );
#4675 = DIRECTION('',(-8.742277990872E-08,1.,1.685873903924E-07));
#4676 = DIRECTION('',(0.497861482422,1.897329553899E-07,-0.867256561993)
  );
#4677 = ORIENTED_EDGE('',*,*,#4678,.F.);
#4678 = EDGE_CURVE('',#4679,#4670,#4681,.T.);
#4679 = VERTEX_POINT('',#4680);
#4680 = CARTESIAN_POINT('',(-2.20980062286,-4.648201559012,
    7.380798936021));
#4681 = LINE('',#4682,#4683);
#4682 = CARTESIAN_POINT('',(-2.20980062286,-4.648201559012,
    7.380798936021));
#4683 = VECTOR('',#4684,1.);
#4684 = DIRECTION('',(1.,8.742275445273E-08,1.509957790957E-07));
#4685 = ORIENTED_EDGE('',*,*,#4686,.F.);
#4686 = EDGE_CURVE('',#3587,#4679,#4687,.T.);
#4687 = LINE('',#4688,#4689);
#4688 = CARTESIAN_POINT('',(-2.209800684224,-4.648201627526,
    7.787198936021));
#4689 = VECTOR('',#4690,1.);
#4690 = DIRECTION('',(1.509957643573E-07,1.685874035928E-07,-1.));
#4691 = ORIENTED_EDGE('',*,*,#4692,.F.);
#4692 = EDGE_CURVE('',#4563,#3587,#4693,.T.);
#4693 = LINE('',#4694,#4695);
#4694 = CARTESIAN_POINT('',(-3.683000298935,-4.64820132614,
    5.235541463864));
#4695 = VECTOR('',#4696,1.);
#4696 = DIRECTION('',(0.499999869234,-1.022895970431E-07,0.866025479282)
  );
#4697 = ORIENTED_EDGE('',*,*,#4562,.F.);
#4698 = PLANE('',#4699);
#4699 = AXIS2_PLACEMENT_3D('',#4700,#4701,#4702);
#4700 = CARTESIAN_POINT('',(-4.825999974695,-4.648201064049,
    3.088198540986));
#4701 = DIRECTION('',(-8.742277990872E-08,1.,1.685873903924E-07));
#4702 = DIRECTION('',(-1.,-8.742275445273E-08,-1.509957790957E-07));
#4703 = ADVANCED_FACE('',(#4704),#4720,.T.);
#4704 = FACE_BOUND('',#4705,.F.);
#4705 = EDGE_LOOP('',(#4706,#4707,#4713,#4714));
#4706 = ORIENTED_EDGE('',*,*,#2752,.F.);
#4707 = ORIENTED_EDGE('',*,*,#4708,.T.);
#4708 = EDGE_CURVE('',#2745,#4679,#4709,.T.);
#4709 = LINE('',#4710,#4711);
#4710 = CARTESIAN_POINT('',(-2.209800773856,-2.921001559012,
    7.380799227205));
#4711 = VECTOR('',#4712,1.);
#4712 = DIRECTION('',(8.742277990872E-08,-1.,-1.685873903924E-07));
#4713 = ORIENTED_EDGE('',*,*,#4678,.T.);
#4714 = ORIENTED_EDGE('',*,*,#4715,.T.);
#4715 = EDGE_CURVE('',#4670,#2753,#4716,.T.);
#4716 = LINE('',#4717,#4718);
#4717 = CARTESIAN_POINT('',(-1.82880062286,-4.648201525704,
    7.380798993551));
#4718 = VECTOR('',#4719,1.);
#4719 = DIRECTION('',(-8.742277990872E-08,1.,1.685873903924E-07));
#4720 = PLANE('',#4721);
#4721 = AXIS2_PLACEMENT_3D('',#4722,#4723,#4724);
#4722 = CARTESIAN_POINT('',(-2.209801031439,2.539844098801E-02,
    7.380799723931));
#4723 = DIRECTION('',(1.509957643573E-07,1.685874035928E-07,-1.));
#4724 = DIRECTION('',(1.,8.742275445273E-08,1.509957790957E-07));
#4725 = ADVANCED_FACE('',(#4726),#4760,.T.);
#4726 = FACE_BOUND('',#4727,.F.);
#4727 = EDGE_LOOP('',(#4728,#4738,#4746,#4754));
#4728 = ORIENTED_EDGE('',*,*,#4729,.F.);
#4729 = EDGE_CURVE('',#4730,#4732,#4734,.T.);
#4730 = VERTEX_POINT('',#4731);
#4731 = CARTESIAN_POINT('',(-2.20980099591,-0.381001559012,
    7.380799655417));
#4732 = VERTEX_POINT('',#4733);
#4733 = CARTESIAN_POINT('',(-1.82880099591,-0.381001525704,
    7.380799712947));
#4734 = LINE('',#4735,#4736);
#4735 = CARTESIAN_POINT('',(-2.20980099591,-0.381001559012,
    7.380799655417));
#4736 = VECTOR('',#4737,1.);
#4737 = DIRECTION('',(1.,8.742275445273E-08,1.509957790957E-07));
#4738 = ORIENTED_EDGE('',*,*,#4739,.T.);
#4739 = EDGE_CURVE('',#4730,#4740,#4742,.T.);
#4740 = VERTEX_POINT('',#4741);
#4741 = CARTESIAN_POINT('',(-2.209800844914,-2.108201559012,
    7.380799364233));
#4742 = LINE('',#4743,#4744);
#4743 = CARTESIAN_POINT('',(-2.20980099591,-0.381001559012,
    7.380799655417));
#4744 = VECTOR('',#4745,1.);
#4745 = DIRECTION('',(8.742277990872E-08,-1.,-1.685873903924E-07));
#4746 = ORIENTED_EDGE('',*,*,#4747,.T.);
#4747 = EDGE_CURVE('',#4740,#4748,#4750,.T.);
#4748 = VERTEX_POINT('',#4749);
#4749 = CARTESIAN_POINT('',(-1.828800844914,-2.108201525704,
    7.380799421763));
#4750 = LINE('',#4751,#4752);
#4751 = CARTESIAN_POINT('',(-2.209800844914,-2.108201559012,
    7.380799364233));
#4752 = VECTOR('',#4753,1.);
#4753 = DIRECTION('',(1.,8.742275445273E-08,1.509957790957E-07));
#4754 = ORIENTED_EDGE('',*,*,#4755,.T.);
#4755 = EDGE_CURVE('',#4748,#4732,#4756,.T.);
#4756 = LINE('',#4757,#4758);
#4757 = CARTESIAN_POINT('',(-1.828800844914,-2.108201525704,
    7.380799421763));
#4758 = VECTOR('',#4759,1.);
#4759 = DIRECTION('',(-8.742277990872E-08,1.,1.685873903924E-07));
#4760 = PLANE('',#4761);
#4761 = AXIS2_PLACEMENT_3D('',#4762,#4763,#4764);
#4762 = CARTESIAN_POINT('',(-2.209801031439,2.539844098801E-02,
    7.380799723931));
#4763 = DIRECTION('',(1.509957643573E-07,1.685874035928E-07,-1.));
#4764 = DIRECTION('',(1.,8.742275445273E-08,1.509957790957E-07));
#4765 = ADVANCED_FACE('',(#4766),#4772,.T.);
#4766 = FACE_BOUND('',#4767,.F.);
#4767 = EDGE_LOOP('',(#4768,#4769,#4770,#4771));
#4768 = ORIENTED_EDGE('',*,*,#2744,.F.);
#4769 = ORIENTED_EDGE('',*,*,#3594,.T.);
#4770 = ORIENTED_EDGE('',*,*,#4686,.T.);
#4771 = ORIENTED_EDGE('',*,*,#4708,.F.);
#4772 = PLANE('',#4773);
#4773 = AXIS2_PLACEMENT_3D('',#4774,#4775,#4776);
#4774 = CARTESIAN_POINT('',(-2.209801092803,2.539837247409E-02,
    7.787199723931));
#4775 = DIRECTION('',(-1.,-8.742275445273E-08,-1.509957790957E-07));
#4776 = DIRECTION('',(1.509957643573E-07,1.685874035928E-07,-1.));
#4777 = ADVANCED_FACE('',(#4778),#4794,.T.);
#4778 = FACE_BOUND('',#4779,.F.);
#4779 = EDGE_LOOP('',(#4780,#4786,#4787,#4793));
#4780 = ORIENTED_EDGE('',*,*,#4781,.F.);
#4781 = EDGE_CURVE('',#3609,#4730,#4782,.T.);
#4782 = LINE('',#4783,#4784);
#4783 = CARTESIAN_POINT('',(-2.209801057275,-0.381001627526,
    7.787199655417));
#4784 = VECTOR('',#4785,1.);
#4785 = DIRECTION('',(1.509957643573E-07,1.685874035928E-07,-1.));
#4786 = ORIENTED_EDGE('',*,*,#3608,.T.);
#4787 = ORIENTED_EDGE('',*,*,#4788,.T.);
#4788 = EDGE_CURVE('',#3601,#4740,#4789,.T.);
#4789 = LINE('',#4790,#4791);
#4790 = CARTESIAN_POINT('',(-2.209800906278,-2.108201627526,
    7.787199364233));
#4791 = VECTOR('',#4792,1.);
#4792 = DIRECTION('',(1.509957643573E-07,1.685874035928E-07,-1.));
#4793 = ORIENTED_EDGE('',*,*,#4739,.F.);
#4794 = PLANE('',#4795);
#4795 = AXIS2_PLACEMENT_3D('',#4796,#4797,#4798);
#4796 = CARTESIAN_POINT('',(-2.209801092803,2.539837247409E-02,
    7.787199723931));
#4797 = DIRECTION('',(-1.,-8.742275445273E-08,-1.509957790957E-07));
#4798 = DIRECTION('',(1.509957643573E-07,1.685874035928E-07,-1.));
#4799 = ADVANCED_FACE('',(#4800),#4909,.F.);
#4800 = FACE_BOUND('',#4801,.F.);
#4801 = EDGE_LOOP('',(#4802,#4803,#4811,#4817,#4818,#4819,#4828,#4837,
    #4845,#4854,#4862,#4870,#4878,#4887,#4895,#4903));
#4802 = ORIENTED_EDGE('',*,*,#2687,.T.);
#4803 = ORIENTED_EDGE('',*,*,#4804,.T.);
#4804 = EDGE_CURVE('',#2690,#4805,#4807,.T.);
#4805 = VERTEX_POINT('',#4806);
#4806 = CARTESIAN_POINT('',(-3.683000671985,-0.38100132614,5.23554218326
    ));
#4807 = LINE('',#4808,#4809);
#4808 = CARTESIAN_POINT('',(-3.683000520334,-0.38100115682,
    4.231199432971));
#4809 = VECTOR('',#4810,1.);
#4810 = DIRECTION('',(-1.509957643573E-07,-1.685874035928E-07,1.));
#4811 = ORIENTED_EDGE('',*,*,#4812,.T.);
#4812 = EDGE_CURVE('',#4805,#3609,#4813,.T.);
#4813 = LINE('',#4814,#4815);
#4814 = CARTESIAN_POINT('',(-3.683000671985,-0.38100132614,5.23554218326
    ));
#4815 = VECTOR('',#4816,1.);
#4816 = DIRECTION('',(0.499999869234,-1.022895970431E-07,0.866025479282)
  );
#4817 = ORIENTED_EDGE('',*,*,#4781,.T.);
#4818 = ORIENTED_EDGE('',*,*,#4729,.T.);
#4819 = ORIENTED_EDGE('',*,*,#4820,.T.);
#4820 = EDGE_CURVE('',#4732,#4821,#4823,.T.);
#4821 = VERTEX_POINT('',#4822);
#4822 = CARTESIAN_POINT('',(-1.279905507088,-0.381001400602,
    6.923375017067));
#4823 = CIRCLE('',#4824,0.381);
#4824 = AXIS2_PLACEMENT_3D('',#4825,#4826,#4827);
#4825 = CARTESIAN_POINT('',(-1.469590731891,-0.38100147289,
    7.253799767186));
#4826 = DIRECTION('',(8.742277990872E-08,-1.,-1.685873903924E-07));
#4827 = DIRECTION('',(-0.942809091914,-1.386187645356E-07,0.333333190973
    ));
#4828 = ORIENTED_EDGE('',*,*,#4829,.T.);
#4829 = EDGE_CURVE('',#4821,#4830,#4832,.T.);
#4830 = VERTEX_POINT('',#4831);
#4831 = CARTESIAN_POINT('',(-4.062908090098E-02,-0.381001347966,
    7.253799982953));
#4832 = CIRCLE('',#4833,2.4892);
#4833 = AXIS2_PLACEMENT_3D('',#4834,#4835,#4836);
#4834 = CARTESIAN_POINT('',(-4.062870504233E-02,-0.381000928319,
    4.764599982953));
#4835 = DIRECTION('',(-8.742277990872E-08,1.,1.685873903924E-07));
#4836 = DIRECTION('',(-0.497861482422,-1.897329553899E-07,0.867256561993
    ));
#4837 = ORIENTED_EDGE('',*,*,#4838,.T.);
#4838 = EDGE_CURVE('',#4830,#4839,#4841,.T.);
#4839 = VERTEX_POINT('',#4840);
#4840 = CARTESIAN_POINT('',(2.768599023266,-0.381001102376,
    7.253800407135));
#4841 = LINE('',#4842,#4843);
#4842 = CARTESIAN_POINT('',(-4.062908090098E-02,-0.381001347966,
    7.253799982953));
#4843 = VECTOR('',#4844,1.);
#4844 = DIRECTION('',(1.,8.742275445273E-08,1.509957790957E-07));
#4845 = ORIENTED_EDGE('',*,*,#4846,.T.);
#4846 = EDGE_CURVE('',#4839,#4847,#4849,.T.);
#4847 = VERTEX_POINT('',#4848);
#4848 = CARTESIAN_POINT('',(3.276599099972,-0.381000972323,
    6.745800483841));
#4849 = CIRCLE('',#4850,0.508);
#4850 = AXIS2_PLACEMENT_3D('',#4851,#4852,#4853);
#4851 = CARTESIAN_POINT('',(2.768599099972,-0.381001016734,
    6.745800407135));
#4852 = DIRECTION('',(-8.742277990872E-08,1.,1.685873903924E-07));
#4853 = DIRECTION('',(-1.509957643573E-07,-1.685874035928E-07,1.));
#4854 = ORIENTED_EDGE('',*,*,#4855,.T.);
#4855 = EDGE_CURVE('',#4847,#4856,#4858,.T.);
#4856 = VERTEX_POINT('',#4857);
#4857 = CARTESIAN_POINT('',(3.276599590889,-0.381000424211,
    3.494600483841));
#4858 = LINE('',#4859,#4860);
#4859 = CARTESIAN_POINT('',(3.276599099972,-0.381000972323,
    6.745800483841));
#4860 = VECTOR('',#4861,1.);
#4861 = DIRECTION('',(1.509957643573E-07,1.685874035928E-07,-1.));
#4862 = ORIENTED_EDGE('',*,*,#4863,.T.);
#4863 = EDGE_CURVE('',#4856,#4864,#4866,.T.);
#4864 = VERTEX_POINT('',#4865);
#4865 = CARTESIAN_POINT('',(1.65099959089,-0.381000566326,3.494600238382
    ));
#4866 = LINE('',#4867,#4868);
#4867 = CARTESIAN_POINT('',(3.276599590889,-0.381000424211,
    3.494600483841));
#4868 = VECTOR('',#4869,1.);
#4869 = DIRECTION('',(-1.,-8.742275445273E-08,-1.509957790957E-07));
#4870 = ORIENTED_EDGE('',*,*,#4871,.T.);
#4871 = EDGE_CURVE('',#4864,#4872,#4874,.T.);
#4872 = VERTEX_POINT('',#4873);
#4873 = CARTESIAN_POINT('',(1.650999399125,-0.381000780432,
    4.764600238382));
#4874 = LINE('',#4875,#4876);
#4875 = CARTESIAN_POINT('',(1.65099959089,-0.381000566326,3.494600238382
    ));
#4876 = VECTOR('',#4877,1.);
#4877 = DIRECTION('',(-1.509957643573E-07,-1.685874035928E-07,1.));
#4878 = ORIENTED_EDGE('',*,*,#4879,.T.);
#4879 = EDGE_CURVE('',#4872,#4880,#4882,.T.);
#4880 = VERTEX_POINT('',#4881);
#4881 = CARTESIAN_POINT('',(-1.651000600875,-0.381001069102,
    4.764599739794));
#4882 = CIRCLE('',#4883,1.651);
#4883 = AXIS2_PLACEMENT_3D('',#4884,#4885,#4886);
#4884 = CARTESIAN_POINT('',(-6.00875077524E-07,-0.381000924767,
    4.764599989088));
#4885 = DIRECTION('',(8.742277990872E-08,-1.,-1.685873903924E-07));
#4886 = DIRECTION('',(1.,8.742275445273E-08,1.509957790957E-07));
#4887 = ORIENTED_EDGE('',*,*,#4888,.T.);
#4888 = EDGE_CURVE('',#4880,#4889,#4891,.T.);
#4889 = VERTEX_POINT('',#4890);
#4890 = CARTESIAN_POINT('',(-1.65100040911,-0.381000854996,
    3.494599739794));
#4891 = LINE('',#4892,#4893);
#4892 = CARTESIAN_POINT('',(-1.651000600875,-0.381001069102,
    4.764599739794));
#4893 = VECTOR('',#4894,1.);
#4894 = DIRECTION('',(1.509957643573E-07,1.685874035928E-07,-1.));
#4895 = ORIENTED_EDGE('',*,*,#4896,.T.);
#4896 = EDGE_CURVE('',#4889,#4897,#4899,.T.);
#4897 = VERTEX_POINT('',#4898);
#4898 = CARTESIAN_POINT('',(-2.36220040911,-0.381000917171,
    3.494599632406));
#4899 = LINE('',#4900,#4901);
#4900 = CARTESIAN_POINT('',(-1.65100040911,-0.381000854996,
    3.494599739794));
#4901 = VECTOR('',#4902,1.);
#4902 = DIRECTION('',(-1.,-8.742275445273E-08,-1.509957790957E-07));
#4903 = ORIENTED_EDGE('',*,*,#4904,.T.);
#4904 = EDGE_CURVE('',#4897,#2688,#4905,.T.);
#4905 = LINE('',#4906,#4907);
#4906 = CARTESIAN_POINT('',(-2.36220040911,-0.381000917171,
    3.494599632406));
#4907 = VECTOR('',#4908,1.);
#4908 = DIRECTION('',(-1.509957643573E-07,-1.685874035928E-07,1.));
#4909 = PLANE('',#4910);
#4910 = AXIS2_PLACEMENT_3D('',#4911,#4912,#4913);
#4911 = CARTESIAN_POINT('',(4.825998942725,-0.381001012437,
    7.787200717794));
#4912 = DIRECTION('',(-8.742277990872E-08,1.,1.685873903924E-07));
#4913 = DIRECTION('',(-1.,-8.742275445273E-08,-1.509957790957E-07));
#4914 = ADVANCED_FACE('',(#4915),#4926,.F.);
#4915 = FACE_BOUND('',#4916,.F.);
#4916 = EDGE_LOOP('',(#4917,#4918,#4924,#4925));
#4917 = ORIENTED_EDGE('',*,*,#3048,.T.);
#4918 = ORIENTED_EDGE('',*,*,#4919,.T.);
#4919 = EDGE_CURVE('',#3041,#4805,#4920,.T.);
#4920 = LINE('',#4921,#4922);
#4921 = CARTESIAN_POINT('',(-3.683000743043,0.43179867386,5.235542320288
    ));
#4922 = VECTOR('',#4923,1.);
#4923 = DIRECTION('',(8.742277990872E-08,-1.,-1.685873903924E-07));
#4924 = ORIENTED_EDGE('',*,*,#4804,.F.);
#4925 = ORIENTED_EDGE('',*,*,#2913,.F.);
#4926 = PLANE('',#4927);
#4927 = AXIS2_PLACEMENT_3D('',#4928,#4929,#4930);
#4928 = CARTESIAN_POINT('',(-3.683000591391,0.43179884318,4.231199569998
    ));
#4929 = DIRECTION('',(1.,8.742275445273E-08,1.509957790957E-07));
#4930 = DIRECTION('',(-1.509957643573E-07,-1.685874035928E-07,1.));
#4931 = ADVANCED_FACE('',(#4932),#4938,.F.);
#4932 = FACE_BOUND('',#4933,.F.);
#4933 = EDGE_LOOP('',(#4934,#4935,#4936,#4937));
#4934 = ORIENTED_EDGE('',*,*,#3040,.T.);
#4935 = ORIENTED_EDGE('',*,*,#3616,.F.);
#4936 = ORIENTED_EDGE('',*,*,#4812,.F.);
#4937 = ORIENTED_EDGE('',*,*,#4919,.F.);
#4938 = PLANE('',#4939);
#4939 = AXIS2_PLACEMENT_3D('',#4940,#4941,#4942);
#4940 = CARTESIAN_POINT('',(-3.683000743043,0.43179867386,5.235542320288
    ));
#4941 = DIRECTION('',(0.866025479282,1.600040280213E-07,-0.499999869234)
  );
#4942 = DIRECTION('',(0.499999869234,-1.022895970431E-07,0.866025479282)
  );
#4943 = ADVANCED_FACE('',(#4944),#5046,.T.);
#4944 = FACE_BOUND('',#4945,.F.);
#4945 = EDGE_LOOP('',(#4946,#4947,#4955,#4963,#4971,#4980,#4988,#4996,
    #5004,#5013,#5021,#5030,#5037,#5038,#5039,#5045));
#4946 = ORIENTED_EDGE('',*,*,#2705,.F.);
#4947 = ORIENTED_EDGE('',*,*,#4948,.T.);
#4948 = EDGE_CURVE('',#2698,#4949,#4951,.T.);
#4949 = VERTEX_POINT('',#4950);
#4950 = CARTESIAN_POINT('',(-2.362200258114,-2.108200917171,
    3.494599341222));
#4951 = LINE('',#4952,#4953);
#4952 = CARTESIAN_POINT('',(-2.362200369337,-2.108201041352,
    4.231199341222));
#4953 = VECTOR('',#4954,1.);
#4954 = DIRECTION('',(1.509957643573E-07,1.685874035928E-07,-1.));
#4955 = ORIENTED_EDGE('',*,*,#4956,.T.);
#4956 = EDGE_CURVE('',#4949,#4957,#4959,.T.);
#4957 = VERTEX_POINT('',#4958);
#4958 = CARTESIAN_POINT('',(-1.651000258114,-2.108200854996,
    3.49459944861));
#4959 = LINE('',#4960,#4961);
#4960 = CARTESIAN_POINT('',(-2.362200258114,-2.108200917171,
    3.494599341222));
#4961 = VECTOR('',#4962,1.);
#4962 = DIRECTION('',(1.,8.742275445273E-08,1.509957790957E-07));
#4963 = ORIENTED_EDGE('',*,*,#4964,.T.);
#4964 = EDGE_CURVE('',#4957,#4965,#4967,.T.);
#4965 = VERTEX_POINT('',#4966);
#4966 = CARTESIAN_POINT('',(-1.651000449878,-2.108201069102,
    4.76459944861));
#4967 = LINE('',#4968,#4969);
#4968 = CARTESIAN_POINT('',(-1.651000258114,-2.108200854996,
    3.49459944861));
#4969 = VECTOR('',#4970,1.);
#4970 = DIRECTION('',(-1.509957643573E-07,-1.685874035928E-07,1.));
#4971 = ORIENTED_EDGE('',*,*,#4972,.T.);
#4972 = EDGE_CURVE('',#4965,#4973,#4975,.T.);
#4973 = VERTEX_POINT('',#4974);
#4974 = CARTESIAN_POINT('',(1.650999550122,-2.108200780432,
    4.764599947198));
#4975 = CIRCLE('',#4976,1.651);
#4976 = AXIS2_PLACEMENT_3D('',#4977,#4978,#4979);
#4977 = CARTESIAN_POINT('',(-4.498784520657E-07,-2.108200924767,
    4.764599697904));
#4978 = DIRECTION('',(-8.742277990872E-08,1.,1.685873903924E-07));
#4979 = DIRECTION('',(-1.,-8.742275445273E-08,-1.509957790957E-07));
#4980 = ORIENTED_EDGE('',*,*,#4981,.T.);
#4981 = EDGE_CURVE('',#4973,#4982,#4984,.T.);
#4982 = VERTEX_POINT('',#4983);
#4983 = CARTESIAN_POINT('',(1.650999741886,-2.108200566326,
    3.494599947198));
#4984 = LINE('',#4985,#4986);
#4985 = CARTESIAN_POINT('',(1.650999550122,-2.108200780432,
    4.764599947198));
#4986 = VECTOR('',#4987,1.);
#4987 = DIRECTION('',(1.509957643573E-07,1.685874035928E-07,-1.));
#4988 = ORIENTED_EDGE('',*,*,#4989,.T.);
#4989 = EDGE_CURVE('',#4982,#4990,#4992,.T.);
#4990 = VERTEX_POINT('',#4991);
#4991 = CARTESIAN_POINT('',(3.276599741886,-2.108200424211,
    3.494600192657));
#4992 = LINE('',#4993,#4994);
#4993 = CARTESIAN_POINT('',(1.650999741886,-2.108200566326,
    3.494599947198));
#4994 = VECTOR('',#4995,1.);
#4995 = DIRECTION('',(1.,8.742275445273E-08,1.509957790957E-07));
#4996 = ORIENTED_EDGE('',*,*,#4997,.T.);
#4997 = EDGE_CURVE('',#4990,#4998,#5000,.T.);
#4998 = VERTEX_POINT('',#4999);
#4999 = CARTESIAN_POINT('',(3.276599250969,-2.108200972323,
    6.745800192657));
#5000 = LINE('',#5001,#5002);
#5001 = CARTESIAN_POINT('',(3.276599741886,-2.108200424211,
    3.494600192657));
#5002 = VECTOR('',#5003,1.);
#5003 = DIRECTION('',(-1.509957643573E-07,-1.685874035928E-07,1.));
#5004 = ORIENTED_EDGE('',*,*,#5005,.T.);
#5005 = EDGE_CURVE('',#4998,#5006,#5008,.T.);
#5006 = VERTEX_POINT('',#5007);
#5007 = CARTESIAN_POINT('',(2.768599174263,-2.108201102376,
    7.253800115951));
#5008 = CIRCLE('',#5009,0.508);
#5009 = AXIS2_PLACEMENT_3D('',#5010,#5011,#5012);
#5010 = CARTESIAN_POINT('',(2.768599250969,-2.108201016734,
    6.745800115951));
#5011 = DIRECTION('',(8.742277990872E-08,-1.,-1.685873903924E-07));
#5012 = DIRECTION('',(1.,8.742275445273E-08,1.509957790957E-07));
#5013 = ORIENTED_EDGE('',*,*,#5014,.T.);
#5014 = EDGE_CURVE('',#5006,#5015,#5017,.T.);
#5015 = VERTEX_POINT('',#5016);
#5016 = CARTESIAN_POINT('',(-4.062892990436E-02,-2.108201347966,
    7.253799691769));
#5017 = LINE('',#5018,#5019);
#5018 = CARTESIAN_POINT('',(2.768599174263,-2.108201102376,
    7.253800115951));
#5019 = VECTOR('',#5020,1.);
#5020 = DIRECTION('',(-1.,-8.742275445273E-08,-1.509957790957E-07));
#5021 = ORIENTED_EDGE('',*,*,#5022,.T.);
#5022 = EDGE_CURVE('',#5015,#5023,#5025,.T.);
#5023 = VERTEX_POINT('',#5024);
#5024 = CARTESIAN_POINT('',(-1.279905356091,-2.108201400602,
    6.923374725883));
#5025 = CIRCLE('',#5026,2.4892);
#5026 = AXIS2_PLACEMENT_3D('',#5027,#5028,#5029);
#5027 = CARTESIAN_POINT('',(-4.06285540457E-02,-2.108200928319,
    4.764599691769));
#5028 = DIRECTION('',(8.742277990872E-08,-1.,-1.685873903924E-07));
#5029 = DIRECTION('',(-1.509957643573E-07,-1.685874035928E-07,1.));
#5030 = ORIENTED_EDGE('',*,*,#5031,.T.);
#5031 = EDGE_CURVE('',#5023,#4748,#5032,.T.);
#5032 = CIRCLE('',#5033,0.381);
#5033 = AXIS2_PLACEMENT_3D('',#5034,#5035,#5036);
#5034 = CARTESIAN_POINT('',(-1.469590580894,-2.10820147289,
    7.253799476002));
#5035 = DIRECTION('',(-8.742277990872E-08,1.,1.685873903924E-07));
#5036 = DIRECTION('',(0.497861482422,1.897329553899E-07,-0.867256561993)
  );
#5037 = ORIENTED_EDGE('',*,*,#4747,.F.);
#5038 = ORIENTED_EDGE('',*,*,#4788,.F.);
#5039 = ORIENTED_EDGE('',*,*,#5040,.F.);
#5040 = EDGE_CURVE('',#2865,#3601,#5041,.T.);
#5041 = LINE('',#5042,#5043);
#5042 = CARTESIAN_POINT('',(-3.683000520989,-2.10820132614,
    5.235541892076));
#5043 = VECTOR('',#5044,1.);
#5044 = DIRECTION('',(0.499999869234,-1.022895970431E-07,0.866025479282)
  );
#5045 = ORIENTED_EDGE('',*,*,#2864,.F.);
#5046 = PLANE('',#5047);
#5047 = AXIS2_PLACEMENT_3D('',#5048,#5049,#5050);
#5048 = CARTESIAN_POINT('',(4.825999093722,-2.108201012437,
    7.787200426609));
#5049 = DIRECTION('',(-8.742277990872E-08,1.,1.685873903924E-07));
#5050 = DIRECTION('',(-1.,-8.742275445273E-08,-1.509957790957E-07));
#5051 = ADVANCED_FACE('',(#5052),#5058,.T.);
#5052 = FACE_BOUND('',#5053,.F.);
#5053 = EDGE_LOOP('',(#5054,#5055,#5056,#5057));
#5054 = ORIENTED_EDGE('',*,*,#3600,.F.);
#5055 = ORIENTED_EDGE('',*,*,#2736,.F.);
#5056 = ORIENTED_EDGE('',*,*,#2872,.T.);
#5057 = ORIENTED_EDGE('',*,*,#5040,.T.);
#5058 = PLANE('',#5059);
#5059 = AXIS2_PLACEMENT_3D('',#5060,#5061,#5062);
#5060 = CARTESIAN_POINT('',(-3.683000449932,-2.92100132614,
    5.235541755048));
#5061 = DIRECTION('',(-0.866025479282,-1.600040280213E-07,0.499999869234
    ));
#5062 = DIRECTION('',(0.499999869234,-1.022895970431E-07,0.866025479282)
  );
#5063 = ADVANCED_FACE('',(#5064),#5070,.T.);
#5064 = FACE_BOUND('',#5065,.F.);
#5065 = EDGE_LOOP('',(#5066,#5067,#5068,#5069));
#5066 = ORIENTED_EDGE('',*,*,#4570,.T.);
#5067 = ORIENTED_EDGE('',*,*,#4692,.T.);
#5068 = ORIENTED_EDGE('',*,*,#3586,.T.);
#5069 = ORIENTED_EDGE('',*,*,#4342,.F.);
#5070 = PLANE('',#5071);
#5071 = AXIS2_PLACEMENT_3D('',#5072,#5073,#5074);
#5072 = CARTESIAN_POINT('',(-3.683000174585,-6.07060132614,
    5.235541224065));
#5073 = DIRECTION('',(-0.866025479282,-1.600040280213E-07,0.499999869234
    ));
#5074 = DIRECTION('',(0.499999869234,-1.022895970431E-07,0.866025479282)
  );
#5075 = ADVANCED_FACE('',(#5076),#5087,.T.);
#5076 = FACE_BOUND('',#5077,.T.);
#5077 = EDGE_LOOP('',(#5078,#5079,#5085,#5086));
#5078 = ORIENTED_EDGE('',*,*,#4349,.T.);
#5079 = ORIENTED_EDGE('',*,*,#5080,.F.);
#5080 = EDGE_CURVE('',#3694,#4350,#5081,.T.);
#5081 = LINE('',#5082,#5083);
#5082 = CARTESIAN_POINT('',(4.825998431797,6.121399051795,7.406201814016
    ));
#5083 = VECTOR('',#5084,1.);
#5084 = DIRECTION('',(8.742277990872E-08,-1.,-1.685873903924E-07));
#5085 = ORIENTED_EDGE('',*,*,#3701,.F.);
#5086 = ORIENTED_EDGE('',*,*,#3570,.F.);
#5087 = CYLINDRICAL_SURFACE('',#5088,0.381);
#5088 = AXIS2_PLACEMENT_3D('',#5089,#5090,#5091);
#5089 = CARTESIAN_POINT('',(4.444999451721,-5.545173468667,7.40619978965
    ));
#5090 = DIRECTION('',(-8.742277990872E-08,1.,1.685873903924E-07));
#5091 = DIRECTION('',(-1.509957643573E-07,-1.685874035928E-07,1.));
#5092 = ADVANCED_FACE('',(#5093),#5099,.T.);
#5093 = FACE_BOUND('',#5094,.F.);
#5094 = EDGE_LOOP('',(#5095,#5096,#5097,#5098));
#5095 = ORIENTED_EDGE('',*,*,#5080,.F.);
#5096 = ORIENTED_EDGE('',*,*,#3693,.T.);
#5097 = ORIENTED_EDGE('',*,*,#3958,.T.);
#5098 = ORIENTED_EDGE('',*,*,#4358,.F.);
#5099 = PLANE('',#5100);
#5100 = AXIS2_PLACEMENT_3D('',#5101,#5102,#5103);
#5101 = CARTESIAN_POINT('',(4.825999981078,2.540018655672E-02,
    0.675200786308));
#5102 = DIRECTION('',(1.,8.742275445273E-08,1.509957790957E-07));
#5103 = DIRECTION('',(-1.509957643573E-07,-1.685874035928E-07,1.));
#5104 = ADVANCED_FACE('',(#5105),#5202,.F.);
#5105 = FACE_BOUND('',#5106,.F.);
#5106 = EDGE_LOOP('',(#5107,#5108,#5109,#5110,#5111,#5112,#5121,#5130,
    #5138,#5147,#5155,#5163,#5171,#5180,#5188,#5196));
#5107 = ORIENTED_EDGE('',*,*,#3008,.T.);
#5108 = ORIENTED_EDGE('',*,*,#3669,.T.);
#5109 = ORIENTED_EDGE('',*,*,#3647,.T.);
#5110 = ORIENTED_EDGE('',*,*,#3210,.T.);
#5111 = ORIENTED_EDGE('',*,*,#3272,.T.);
#5112 = ORIENTED_EDGE('',*,*,#5113,.T.);
#5113 = EDGE_CURVE('',#3265,#5114,#5116,.T.);
#5114 = VERTEX_POINT('',#5115);
#5115 = CARTESIAN_POINT('',(-1.279905951196,4.698998599398,
    6.923375873491));
#5116 = CIRCLE('',#5117,0.381);
#5117 = AXIS2_PLACEMENT_3D('',#5118,#5119,#5120);
#5118 = CARTESIAN_POINT('',(-1.469591175999,4.69899852711,7.25380062361)
  );
#5119 = DIRECTION('',(8.742277990872E-08,-1.,-1.685873903924E-07));
#5120 = DIRECTION('',(-0.942809091914,-1.386187645356E-07,0.333333190973
    ));
#5121 = ORIENTED_EDGE('',*,*,#5122,.T.);
#5122 = EDGE_CURVE('',#5114,#5123,#5125,.T.);
#5123 = VERTEX_POINT('',#5124);
#5124 = CARTESIAN_POINT('',(-4.062952500871E-02,4.698998652034,
    7.253800839377));
#5125 = CIRCLE('',#5126,2.4892);
#5126 = AXIS2_PLACEMENT_3D('',#5127,#5128,#5129);
#5127 = CARTESIAN_POINT('',(-4.062914915005E-02,4.698999071681,
    4.764600839377));
#5128 = DIRECTION('',(-8.742277990872E-08,1.,1.685873903924E-07));
#5129 = DIRECTION('',(-0.497861482422,-1.897329553899E-07,0.867256561993
    ));
#5130 = ORIENTED_EDGE('',*,*,#5131,.T.);
#5131 = EDGE_CURVE('',#5123,#5132,#5134,.T.);
#5132 = VERTEX_POINT('',#5133);
#5133 = CARTESIAN_POINT('',(2.768598579159,4.698998897624,7.253801263559
    ));
#5134 = LINE('',#5135,#5136);
#5135 = CARTESIAN_POINT('',(-4.062952500871E-02,4.698998652034,
    7.253800839377));
#5136 = VECTOR('',#5137,1.);
#5137 = DIRECTION('',(1.,8.742275445273E-08,1.509957790957E-07));
#5138 = ORIENTED_EDGE('',*,*,#5139,.T.);
#5139 = EDGE_CURVE('',#5132,#5140,#5142,.T.);
#5140 = VERTEX_POINT('',#5141);
#5141 = CARTESIAN_POINT('',(3.276598655864,4.698999027677,6.745801340265
    ));
#5142 = CIRCLE('',#5143,0.508);
#5143 = AXIS2_PLACEMENT_3D('',#5144,#5145,#5146);
#5144 = CARTESIAN_POINT('',(2.768598655864,4.698998983266,6.745801263559
    ));
#5145 = DIRECTION('',(-8.742277990872E-08,1.,1.685873903924E-07));
#5146 = DIRECTION('',(-1.509957643573E-07,-1.685874035928E-07,1.));
#5147 = ORIENTED_EDGE('',*,*,#5148,.T.);
#5148 = EDGE_CURVE('',#5140,#5149,#5151,.T.);
#5149 = VERTEX_POINT('',#5150);
#5150 = CARTESIAN_POINT('',(3.276599146782,4.698999575788,3.494601340265
    ));
#5151 = LINE('',#5152,#5153);
#5152 = CARTESIAN_POINT('',(3.276598655864,4.698999027677,6.745801340265
    ));
#5153 = VECTOR('',#5154,1.);
#5154 = DIRECTION('',(1.509957643573E-07,1.685874035928E-07,-1.));
#5155 = ORIENTED_EDGE('',*,*,#5156,.T.);
#5156 = EDGE_CURVE('',#5149,#5157,#5159,.T.);
#5157 = VERTEX_POINT('',#5158);
#5158 = CARTESIAN_POINT('',(1.650999146782,4.698999433674,3.494601094806
    ));
#5159 = LINE('',#5160,#5161);
#5160 = CARTESIAN_POINT('',(3.276599146782,4.698999575788,3.494601340265
    ));
#5161 = VECTOR('',#5162,1.);
#5162 = DIRECTION('',(-1.,-8.742275445273E-08,-1.509957790957E-07));
#5163 = ORIENTED_EDGE('',*,*,#5164,.T.);
#5164 = EDGE_CURVE('',#5157,#5165,#5167,.T.);
#5165 = VERTEX_POINT('',#5166);
#5166 = CARTESIAN_POINT('',(1.650998955017,4.698999219568,4.764601094806
    ));
#5167 = LINE('',#5168,#5169);
#5168 = CARTESIAN_POINT('',(1.650999146782,4.698999433674,3.494601094806
    ));
#5169 = VECTOR('',#5170,1.);
#5170 = DIRECTION('',(-1.509957643573E-07,-1.685874035928E-07,1.));
#5171 = ORIENTED_EDGE('',*,*,#5172,.T.);
#5172 = EDGE_CURVE('',#5165,#5173,#5175,.T.);
#5173 = VERTEX_POINT('',#5174);
#5174 = CARTESIAN_POINT('',(-1.651001044983,4.698998930898,
    4.764600596218));
#5175 = CIRCLE('',#5176,1.651);
#5176 = AXIS2_PLACEMENT_3D('',#5177,#5178,#5179);
#5177 = CARTESIAN_POINT('',(-1.04498279946E-06,4.698999075233,
    4.764600845512));
#5178 = DIRECTION('',(8.742277990872E-08,-1.,-1.685873903924E-07));
#5179 = DIRECTION('',(1.,8.742275445273E-08,1.509957790957E-07));
#5180 = ORIENTED_EDGE('',*,*,#5181,.T.);
#5181 = EDGE_CURVE('',#5173,#5182,#5184,.T.);
#5182 = VERTEX_POINT('',#5183);
#5183 = CARTESIAN_POINT('',(-1.651000853218,4.698999145004,
    3.494600596218));
#5184 = LINE('',#5185,#5186);
#5185 = CARTESIAN_POINT('',(-1.651001044983,4.698998930898,
    4.764600596218));
#5186 = VECTOR('',#5187,1.);
#5187 = DIRECTION('',(1.509957643573E-07,1.685874035928E-07,-1.));
#5188 = ORIENTED_EDGE('',*,*,#5189,.T.);
#5189 = EDGE_CURVE('',#5182,#5190,#5192,.T.);
#5190 = VERTEX_POINT('',#5191);
#5191 = CARTESIAN_POINT('',(-2.362200853218,4.698999082829,3.49460048883
    ));
#5192 = LINE('',#5193,#5194);
#5193 = CARTESIAN_POINT('',(-1.651000853218,4.698999145004,
    3.494600596218));
#5194 = VECTOR('',#5195,1.);
#5195 = DIRECTION('',(-1.,-8.742275445273E-08,-1.509957790957E-07));
#5196 = ORIENTED_EDGE('',*,*,#5197,.T.);
#5197 = EDGE_CURVE('',#5190,#3009,#5198,.T.);
#5198 = LINE('',#5199,#5200);
#5199 = CARTESIAN_POINT('',(-2.362200853218,4.698999082829,3.49460048883
    ));
#5200 = VECTOR('',#5201,1.);
#5201 = DIRECTION('',(-1.509957643573E-07,-1.685874035928E-07,1.));
#5202 = PLANE('',#5203);
#5203 = AXIS2_PLACEMENT_3D('',#5204,#5205,#5206);
#5204 = CARTESIAN_POINT('',(-4.826000791853,4.698998935951,
    3.088200116806));
#5205 = DIRECTION('',(-8.742277990872E-08,1.,1.685873903924E-07));
#5206 = DIRECTION('',(-1.,-8.742275445273E-08,-1.509957790957E-07));
#5207 = ( GEOMETRIC_REPRESENTATION_CONTEXT(3) 
GLOBAL_UNCERTAINTY_ASSIGNED_CONTEXT((#5211)) 
GLOBAL_UNIT_ASSIGNED_CONTEXT((#5208,#5209,#5210)) REPRESENTATION_CONTEXT
('Context #1','3D Context with UNIT and UNCERTAINTY') );
#5208 = ( LENGTH_UNIT() NAMED_UNIT(*) SI_UNIT(.MILLI.,.METRE.) );
#5209 = ( NAMED_UNIT(*) PLANE_ANGLE_UNIT() SI_UNIT($,.RADIAN.) );
#5210 = ( NAMED_UNIT(*) SI_UNIT($,.STERADIAN.) SOLID_ANGLE_UNIT() );
#5211 = UNCERTAINTY_MEASURE_WITH_UNIT(LENGTH_MEASURE(1.E-07),#5208,
  'distance_accuracy_value','confusion accuracy');
#5212 = CONTEXT_DEPENDENT_SHAPE_REPRESENTATION(#5213,#5215);
#5213 = ( REPRESENTATION_RELATIONSHIP('','',#2640,#10) 
REPRESENTATION_RELATIONSHIP_WITH_TRANSFORMATION(#5214) 
SHAPE_REPRESENTATION_RELATIONSHIP() );
#5214 = ITEM_DEFINED_TRANSFORMATION('','',#11,#47);
#5215 = PRODUCT_DEFINITION_SHAPE('Placement','Placement of an item',
  #5216);
#5216 = NEXT_ASSEMBLY_USAGE_OCCURRENCE('9','LinkGroup001.8','',#5,#2635,
  $);
#5217 = PRODUCT_RELATED_PRODUCT_CATEGORY('part',$,(#2637));
#5218 = SHAPE_DEFINITION_REPRESENTATION(#5219,#5225);
#5219 = PRODUCT_DEFINITION_SHAPE('','',#5220);
#5220 = PRODUCT_DEFINITION('design','',#5221,#5224);
#5221 = PRODUCT_DEFINITION_FORMATION('','',#5222);
#5222 = PRODUCT('LinkGroup001.9','LinkGroup001.9','',(#5223));
#5223 = PRODUCT_CONTEXT('',#2,'mechanical');
#5224 = PRODUCT_DEFINITION_CONTEXT('part definition',#2,'design');
#5225 = MANIFOLD_SURFACE_SHAPE_REPRESENTATION('',(#11,#5226),#5268);
#5226 = SHELL_BASED_SURFACE_MODEL('',(#5227));
#5227 = OPEN_SHELL('',(#5228));
#5228 = ADVANCED_FACE('',(#5229),#5263,.T.);
#5229 = FACE_BOUND('',#5230,.F.);
#5230 = EDGE_LOOP('',(#5231,#5241,#5249,#5257));
#5231 = ORIENTED_EDGE('',*,*,#5232,.T.);
#5232 = EDGE_CURVE('',#5233,#5235,#5237,.T.);
#5233 = VERTEX_POINT('',#5234);
#5234 = CARTESIAN_POINT('',(-4.317999533734,-5.524500612837,
    0.675198469959));
#5235 = VERTEX_POINT('',#5236);
#5236 = CARTESIAN_POINT('',(4.318000466266,-5.524499857854,
    0.675199773959));
#5237 = LINE('',#5238,#5239);
#5238 = CARTESIAN_POINT('',(-4.317999533734,-5.524500612837,
    0.675198469959));
#5239 = VECTOR('',#5240,1.);
#5240 = DIRECTION('',(1.,8.742275445273E-08,1.509957790957E-07));
#5241 = ORIENTED_EDGE('',*,*,#5242,.T.);
#5242 = EDGE_CURVE('',#5235,#5243,#5245,.T.);
#5243 = VERTEX_POINT('',#5244);
#5244 = CARTESIAN_POINT('',(4.317999495891,5.575300142146,0.675201645245
    ));
#5245 = LINE('',#5246,#5247);
#5246 = CARTESIAN_POINT('',(4.318000466266,-5.524499857854,
    0.675199773959));
#5247 = VECTOR('',#5248,1.);
#5248 = DIRECTION('',(-8.742277990872E-08,1.,1.685873903924E-07));
#5249 = ORIENTED_EDGE('',*,*,#5250,.T.);
#5250 = EDGE_CURVE('',#5243,#5251,#5253,.T.);
#5251 = VERTEX_POINT('',#5252);
#5252 = CARTESIAN_POINT('',(-4.318000504109,5.575299387163,
    0.675200341245));
#5253 = LINE('',#5254,#5255);
#5254 = CARTESIAN_POINT('',(4.317999495891,5.575300142146,0.675201645245
    ));
#5255 = VECTOR('',#5256,1.);
#5256 = DIRECTION('',(-1.,-8.742275445273E-08,-1.509957790957E-07));
#5257 = ORIENTED_EDGE('',*,*,#5258,.T.);
#5258 = EDGE_CURVE('',#5251,#5233,#5259,.T.);
#5259 = LINE('',#5260,#5261);
#5260 = CARTESIAN_POINT('',(-4.318000504109,5.575299387163,
    0.675200341245));
#5261 = VECTOR('',#5262,1.);
#5262 = DIRECTION('',(8.742277990872E-08,-1.,-1.685873903924E-07));
#5263 = PLANE('',#5264);
#5264 = AXIS2_PLACEMENT_3D('',#5265,#5266,#5267);
#5265 = CARTESIAN_POINT('',(4.318000466266,-5.524499857854,
    0.675199773959));
#5266 = DIRECTION('',(1.509957643573E-07,1.685874035928E-07,-1.));
#5267 = DIRECTION('',(-1.,-8.742275445273E-08,-1.509957790957E-07));
#5268 = ( GEOMETRIC_REPRESENTATION_CONTEXT(3) 
GLOBAL_UNCERTAINTY_ASSIGNED_CONTEXT((#5272)) 
GLOBAL_UNIT_ASSIGNED_CONTEXT((#5269,#5270,#5271)) REPRESENTATION_CONTEXT
('Context #1','3D Context with UNIT and UNCERTAINTY') );
#5269 = ( LENGTH_UNIT() NAMED_UNIT(*) SI_UNIT(.MILLI.,.METRE.) );
#5270 = ( NAMED_UNIT(*) PLANE_ANGLE_UNIT() SI_UNIT($,.RADIAN.) );
#5271 = ( NAMED_UNIT(*) SI_UNIT($,.STERADIAN.) SOLID_ANGLE_UNIT() );
#5272 = UNCERTAINTY_MEASURE_WITH_UNIT(LENGTH_MEASURE(1.E-07),#5269,
  'distance_accuracy_value','confusion accuracy');
#5273 = CONTEXT_DEPENDENT_SHAPE_REPRESENTATION(#5274,#5276);
#5274 = ( REPRESENTATION_RELATIONSHIP('','',#5225,#10) 
REPRESENTATION_RELATIONSHIP_WITH_TRANSFORMATION(#5275) 
SHAPE_REPRESENTATION_RELATIONSHIP() );
#5275 = ITEM_DEFINED_TRANSFORMATION('','',#11,#51);
#5276 = PRODUCT_DEFINITION_SHAPE('Placement','Placement of an item',
  #5277);
#5277 = NEXT_ASSEMBLY_USAGE_OCCURRENCE('10','LinkGroup001.9','',#5,#5220
  ,$);
#5278 = PRODUCT_RELATED_PRODUCT_CATEGORY('part',$,(#5222));
#5279 = SHAPE_DEFINITION_REPRESENTATION(#5280,#5286);
#5280 = PRODUCT_DEFINITION_SHAPE('','',#5281);
#5281 = PRODUCT_DEFINITION('design','',#5282,#5285);
#5282 = PRODUCT_DEFINITION_FORMATION('','',#5283);
#5283 = PRODUCT('LinkGroup001.10','LinkGroup001.10','',(#5284));
#5284 = PRODUCT_CONTEXT('',#2,'mechanical');
#5285 = PRODUCT_DEFINITION_CONTEXT('part definition',#2,'design');
#5286 = SHAPE_REPRESENTATION('',(#11,#5287,#5623,#5689),#5755);
#5287 = SHELL_BASED_SURFACE_MODEL('',(#5288));
#5288 = OPEN_SHELL('',(#5289,#5331,#5364,#5395,#5444,#5489,#5564,#5580,
    #5606));
#5289 = ADVANCED_FACE('',(#5290),#5326,.T.);
#5290 = FACE_BOUND('',#5291,.T.);
#5291 = EDGE_LOOP('',(#5292,#5303,#5311,#5320));
#5292 = ORIENTED_EDGE('',*,*,#5293,.F.);
#5293 = EDGE_CURVE('',#5294,#5296,#5298,.T.);
#5294 = VERTEX_POINT('',#5295);
#5295 = CARTESIAN_POINT('',(-1.887979889871,3.086098704491,5.98467834113
    ));
#5296 = VERTEX_POINT('',#5297);
#5297 = CARTESIAN_POINT('',(-2.024932083357,3.086098733655,
    5.740668260176));
#5298 = CIRCLE('',#5299,2.2479);
#5299 = AXIS2_PLACEMENT_3D('',#5300,#5301,#5302);
#5300 = CARTESIAN_POINT('',(-9.039785977455E-07,3.086099075233,
    4.764600573597));
#5301 = DIRECTION('',(8.742277990872E-08,-1.,-1.685873903924E-07));
#5302 = DIRECTION('',(-0.839885664795,-1.64928198879E-07,0.54276336471)
  );
#5303 = ORIENTED_EDGE('',*,*,#5304,.F.);
#5304 = EDGE_CURVE('',#5305,#5294,#5307,.T.);
#5305 = VERTEX_POINT('',#5306);
#5306 = CARTESIAN_POINT('',(-1.887980020883,4.584698704491,
    5.984678593775));
#5307 = LINE('',#5308,#5309);
#5308 = CARTESIAN_POINT('',(-1.887980020883,4.584698704491,
    5.984678593775));
#5309 = VECTOR('',#5310,1.);
#5310 = DIRECTION('',(8.742277990872E-08,-1.,-1.685873903924E-07));
#5311 = ORIENTED_EDGE('',*,*,#5312,.F.);
#5312 = EDGE_CURVE('',#5313,#5305,#5315,.T.);
#5313 = VERTEX_POINT('',#5314);
#5314 = CARTESIAN_POINT('',(-2.024932214368,4.584698733655,
    5.740668512821));
#5315 = CIRCLE('',#5316,2.2479);
#5316 = AXIS2_PLACEMENT_3D('',#5317,#5318,#5319);
#5317 = CARTESIAN_POINT('',(-1.034990375717E-06,4.584699075233,
    4.764600826242));
#5318 = DIRECTION('',(-8.742277990872E-08,1.,1.685873903924E-07));
#5319 = DIRECTION('',(-0.900810169215,-1.519541869975E-07,0.434213126286
    ));
#5320 = ORIENTED_EDGE('',*,*,#5321,.T.);
#5321 = EDGE_CURVE('',#5313,#5296,#5322,.T.);
#5322 = LINE('',#5323,#5324);
#5323 = CARTESIAN_POINT('',(-2.024932214368,4.584698733655,
    5.740668512821));
#5324 = VECTOR('',#5325,1.);
#5325 = DIRECTION('',(8.742277990872E-08,-1.,-1.685873903924E-07));
#5326 = CYLINDRICAL_SURFACE('',#5327,2.2479);
#5327 = AXIS2_PLACEMENT_3D('',#5328,#5329,#5330);
#5328 = CARTESIAN_POINT('',(-1.034990375717E-06,4.584699075233,
    4.764600826242));
#5329 = DIRECTION('',(8.742277990872E-08,-1.,-1.685873903924E-07));
#5330 = DIRECTION('',(0.998629542657,9.612612758364E-08,
    -5.233580545409E-02));
#5331 = ADVANCED_FACE('',(#5332),#5359,.F.);
#5332 = FACE_BOUND('',#5333,.F.);
#5333 = EDGE_LOOP('',(#5334,#5343,#5344,#5353));
#5334 = ORIENTED_EDGE('',*,*,#5335,.T.);
#5335 = EDGE_CURVE('',#5336,#5313,#5338,.T.);
#5336 = VERTEX_POINT('',#5337);
#5337 = CARTESIAN_POINT('',(-2.388080830717,4.584698738161,
    5.525625858184));
#5338 = CIRCLE('',#5339,0.381);
#5339 = AXIS2_PLACEMENT_3D('',#5340,#5341,#5342);
#5340 = CARTESIAN_POINT('',(-2.368140888839,4.584698675761,
    5.906103713936));
#5341 = DIRECTION('',(8.742277990872E-08,-1.,-1.685873903924E-07));
#5342 = DIRECTION('',(-5.233580545411E-02,1.637810069637E-07,
    -0.998629542657));
#5343 = ORIENTED_EDGE('',*,*,#5321,.T.);
#5344 = ORIENTED_EDGE('',*,*,#5345,.T.);
#5345 = EDGE_CURVE('',#5296,#5346,#5348,.T.);
#5346 = VERTEX_POINT('',#5347);
#5347 = CARTESIAN_POINT('',(-2.388080699706,3.086098738161,
    5.525625605538));
#5348 = CIRCLE('',#5349,0.381);
#5349 = AXIS2_PLACEMENT_3D('',#5350,#5351,#5352);
#5350 = CARTESIAN_POINT('',(-2.368140757827,3.086098675761,
    5.906103461291));
#5351 = DIRECTION('',(-8.742277990872E-08,1.,1.685873903924E-07));
#5352 = DIRECTION('',(0.900810169215,1.519541869975E-07,-0.434213126286)
  );
#5353 = ORIENTED_EDGE('',*,*,#5354,.F.);
#5354 = EDGE_CURVE('',#5336,#5346,#5355,.T.);
#5355 = LINE('',#5356,#5357);
#5356 = CARTESIAN_POINT('',(-2.388080830717,4.584698738161,
    5.525625858184));
#5357 = VECTOR('',#5358,1.);
#5358 = DIRECTION('',(8.742277990872E-08,-1.,-1.685873903924E-07));
#5359 = CYLINDRICAL_SURFACE('',#5360,0.381);
#5360 = AXIS2_PLACEMENT_3D('',#5361,#5362,#5363);
#5361 = CARTESIAN_POINT('',(-2.368140889784,4.59550299465,5.906103715757
    ));
#5362 = DIRECTION('',(8.742277990872E-08,-1.,-1.685873903924E-07));
#5363 = DIRECTION('',(-5.233580545411E-02,1.637810069637E-07,
    -0.998629542657));
#5364 = ADVANCED_FACE('',(#5365),#5390,.T.);
#5365 = FACE_BOUND('',#5366,.F.);
#5366 = EDGE_LOOP('',(#5367,#5375,#5376,#5384));
#5367 = ORIENTED_EDGE('',*,*,#5368,.T.);
#5368 = EDGE_CURVE('',#5369,#5336,#5371,.T.);
#5369 = VERTEX_POINT('',#5370);
#5370 = CARTESIAN_POINT('',(-3.898372303159,4.529692044383,
    5.604776642629));
#5371 = LINE('',#5372,#5373);
#5372 = CARTESIAN_POINT('',(-3.898372303159,4.529692044383,
    5.604776642629));
#5373 = VECTOR('',#5374,1.);
#5374 = DIRECTION('',(0.997969667245,3.63472964573E-02,
    -5.230121698793E-02));
#5375 = ORIENTED_EDGE('',*,*,#5354,.T.);
#5376 = ORIENTED_EDGE('',*,*,#5377,.F.);
#5377 = EDGE_CURVE('',#5378,#5346,#5380,.T.);
#5378 = VERTEX_POINT('',#5379);
#5379 = CARTESIAN_POINT('',(-3.898372181765,3.141105141184,
    5.604776408531));
#5380 = LINE('',#5381,#5382);
#5381 = CARTESIAN_POINT('',(-3.898372181765,3.141105141184,
    5.604776408531));
#5382 = VECTOR('',#5383,1.);
#5383 = DIRECTION('',(0.997969673601,-3.634710433208E-02,
    -5.230122924329E-02));
#5384 = ORIENTED_EDGE('',*,*,#5385,.F.);
#5385 = EDGE_CURVE('',#5369,#5378,#5386,.T.);
#5386 = LINE('',#5387,#5388);
#5387 = CARTESIAN_POINT('',(-3.898372303159,4.529692044383,
    5.604776642629));
#5388 = VECTOR('',#5389,1.);
#5389 = DIRECTION('',(8.742277990872E-08,-1.,-1.685873903924E-07));
#5390 = PLANE('',#5391);
#5391 = AXIS2_PLACEMENT_3D('',#5392,#5393,#5394);
#5392 = CARTESIAN_POINT('',(-2.120158928205,4.584698763951,
    5.511584706818));
#5393 = DIRECTION('',(5.233580545411E-02,-1.637810069637E-07,
    0.998629542657));
#5394 = DIRECTION('',(-0.998629542657,-9.612612758364E-08,
    5.233580545409E-02));
#5395 = ADVANCED_FACE('',(#5396),#5439,.T.);
#5396 = FACE_BOUND('',#5397,.F.);
#5397 = EDGE_LOOP('',(#5398,#5408,#5417,#5425,#5431,#5432));
#5398 = ORIENTED_EDGE('',*,*,#5399,.F.);
#5399 = EDGE_CURVE('',#5400,#5402,#5404,.T.);
#5400 = VERTEX_POINT('',#5401);
#5401 = CARTESIAN_POINT('',(-4.229218825426,4.519950244424,
    4.409708977879));
#5402 = VERTEX_POINT('',#5403);
#5403 = CARTESIAN_POINT('',(-4.168954669523,4.519950055832,
    5.559620896218));
#5404 = LINE('',#5405,#5406);
#5405 = CARTESIAN_POINT('',(-4.229218825426,4.519950244424,
    4.409708977879));
#5406 = VECTOR('',#5407,1.);
#5407 = DIRECTION('',(5.233580545411E-02,-1.637810069637E-07,
    0.998629542657));
#5408 = ORIENTED_EDGE('',*,*,#5409,.F.);
#5409 = EDGE_CURVE('',#5410,#5400,#5412,.T.);
#5410 = VERTEX_POINT('',#5411);
#5411 = CARTESIAN_POINT('',(-3.964838776085,4.529692252385,
    4.336517123454));
#5412 = B_SPLINE_CURVE_WITH_KNOTS('',3,(#5413,#5414,#5415,#5416),
  .UNSPECIFIED.,.F.,.F.,(4,4),(0.,1.),.PIECEWISE_BEZIER_KNOTS.);
#5413 = CARTESIAN_POINT('',(-3.964838776085,4.529692252385,
    4.336517123454));
#5414 = CARTESIAN_POINT('',(-4.05835727709,4.52628619227,4.341418205696)
  );
#5415 = CARTESIAN_POINT('',(-4.146484594006,4.523038837625,
    4.365813198745));
#5416 = CARTESIAN_POINT('',(-4.229218825426,4.519950244424,
    4.409708977879));
#5417 = ORIENTED_EDGE('',*,*,#5418,.T.);
#5418 = EDGE_CURVE('',#5410,#5419,#5421,.T.);
#5419 = VERTEX_POINT('',#5420);
#5420 = CARTESIAN_POINT('',(-2.454547303644,4.584698946163,
    4.257366339009));
#5421 = LINE('',#5422,#5423);
#5422 = CARTESIAN_POINT('',(-3.964838776085,4.529692252385,
    4.336517123454));
#5423 = VECTOR('',#5424,1.);
#5424 = DIRECTION('',(0.997969667245,3.63472964573E-02,
    -5.230121698793E-02));
#5425 = ORIENTED_EDGE('',*,*,#5426,.T.);
#5426 = EDGE_CURVE('',#5419,#5336,#5427,.T.);
#5427 = LINE('',#5428,#5429);
#5428 = CARTESIAN_POINT('',(-2.454547303644,4.584698946163,
    4.257366339009));
#5429 = VECTOR('',#5430,1.);
#5430 = DIRECTION('',(5.233580545411E-02,-1.637810069637E-07,
    0.998629542657));
#5431 = ORIENTED_EDGE('',*,*,#5368,.F.);
#5432 = ORIENTED_EDGE('',*,*,#5433,.F.);
#5433 = EDGE_CURVE('',#5402,#5369,#5434,.T.);
#5434 = B_SPLINE_CURVE_WITH_KNOTS('',3,(#5435,#5436,#5437,#5438),
  .UNSPECIFIED.,.F.,.F.,(4,4),(0.,1.),.PIECEWISE_BEZIER_KNOTS.);
#5435 = CARTESIAN_POINT('',(-4.168954669523,4.519950055832,
    5.559620896218));
#5436 = CARTESIAN_POINT('',(-4.08208531706,4.523038636092,5.594628154854
    ));
#5437 = CARTESIAN_POINT('',(-3.991890804161,4.526285984268,5.60967772487
    ));
#5438 = CARTESIAN_POINT('',(-3.898372303159,4.529692044383,
    5.604776642629));
#5439 = PLANE('',#5440);
#5440 = AXIS2_PLACEMENT_3D('',#5441,#5442,#5443);
#5441 = CARTESIAN_POINT('',(-2.388080830717,4.584698738161,
    5.525625858184));
#5442 = DIRECTION('',(-3.629747547203E-02,0.999339218704,
    1.902428484649E-03));
#5443 = DIRECTION('',(-0.997969667245,-3.63472964573E-02,
    5.230121698793E-02));
#5444 = ADVANCED_FACE('',(#5445),#5484,.T.);
#5445 = FACE_BOUND('',#5446,.T.);
#5446 = EDGE_LOOP('',(#5447,#5448,#5467));
#5447 = ORIENTED_EDGE('',*,*,#5399,.F.);
#5448 = ORIENTED_EDGE('',*,*,#5449,.F.);
#5449 = EDGE_CURVE('',#5450,#5400,#5452,.T.);
#5450 = VERTEX_POINT('',#5451);
#5451 = CARTESIAN_POINT('',(-4.565735265071,4.139201871177,
    5.003880053673));
#5452 = B_SPLINE_CURVE_WITH_KNOTS('',3,(#5453,#5454,#5455,#5456,#5457,
    #5458,#5459,#5460,#5461,#5462,#5463,#5464,#5465,#5466),
  .UNSPECIFIED.,.F.,.F.,(4,1,1,1,1,1,1,1,1,1,1,4),(0.,9.090909090909E-02
    ,0.181818181818,0.272727272727,0.363636363636,0.454545454545,
    0.545454545455,0.636363636364,0.727272727273,0.818181818182,
    0.909090909091,1.),.UNSPECIFIED.);
#5453 = CARTESIAN_POINT('',(-4.565735265071,4.139201871177,
    5.003880053673));
#5454 = CARTESIAN_POINT('',(-4.567233624268,4.161378329086,
    4.975289615165));
#5455 = CARTESIAN_POINT('',(-4.566300458537,4.204407416898,
    4.919608735278));
#5456 = CARTESIAN_POINT('',(-4.554778329565,4.264391616068,
    4.840758887136));
#5457 = CARTESIAN_POINT('',(-4.535046766479,4.318007489135,
    4.768561798014));
#5458 = CARTESIAN_POINT('',(-4.508931609499,4.364819851524,
    4.703388954987));
#5459 = CARTESIAN_POINT('',(-4.479041295727,4.403576488579,
    4.647008036387));
#5460 = CARTESIAN_POINT('',(-4.447704131092,4.434611085839,
    4.599351300989));
#5461 = CARTESIAN_POINT('',(-4.414314859587,4.460494416384,
    4.556873681465));
#5462 = CARTESIAN_POINT('',(-4.375973791429,4.483281599634,
    4.515813675886));
#5463 = CARTESIAN_POINT('',(-4.33174464511,4.502131309911,4.476338386041
    ));
#5464 = CARTESIAN_POINT('',(-4.282243087102,4.515294770577,
    4.440049442537));
#5465 = CARTESIAN_POINT('',(-4.247248551041,4.519277167669,
    4.419274895635));
#5466 = CARTESIAN_POINT('',(-4.229218825426,4.519950244424,
    4.409708977879));
#5467 = ORIENTED_EDGE('',*,*,#5468,.F.);
#5468 = EDGE_CURVE('',#5402,#5450,#5469,.T.);
#5469 = B_SPLINE_CURVE_WITH_KNOTS('',3,(#5470,#5471,#5472,#5473,#5474,
    #5475,#5476,#5477,#5478,#5479,#5480,#5481,#5482,#5483),
  .UNSPECIFIED.,.F.,.F.,(4,1,1,1,1,1,1,1,1,1,1,4),(0.,9.090909090909E-02
    ,0.181818181818,0.272727272727,0.363636363636,0.454545454545,
    0.545454545455,0.636363636364,0.727272727273,0.818181818182,
    0.909090909091,1.),.UNSPECIFIED.);
#5470 = CARTESIAN_POINT('',(-4.168954669523,4.519950055832,
    5.559620896218));
#5471 = CARTESIAN_POINT('',(-4.18793009366,4.519275397638,5.551974038475
    ));
#5472 = CARTESIAN_POINT('',(-4.224973046321,4.515276943752,
    5.534932570042));
#5473 = CARTESIAN_POINT('',(-4.278012723127,4.502090978519,
    5.503990529097));
#5474 = CARTESIAN_POINT('',(-4.326158562478,4.483208694088,
    5.469311564764));
#5475 = CARTESIAN_POINT('',(-4.368641150113,4.460365931221,
    5.432408012493));
#5476 = CARTESIAN_POINT('',(-4.406458101165,4.434320292545,
    5.393428562421));
#5477 = CARTESIAN_POINT('',(-4.442702696488,4.403107646045,
    5.349082406526));
#5478 = CARTESIAN_POINT('',(-4.478260213452,4.364281190903,
    5.296065098807));
#5479 = CARTESIAN_POINT('',(-4.510888739146,4.317536740339,
    5.234085765374));
#5480 = CARTESIAN_POINT('',(-4.537907841283,4.264072881734,
    5.164551492049));
#5481 = CARTESIAN_POINT('',(-4.557510521436,4.204275571614,
    5.087579688363));
#5482 = CARTESIAN_POINT('',(-4.564239634818,4.161337987293,
    5.032418502076));
#5483 = CARTESIAN_POINT('',(-4.565735265071,4.139201871177,
    5.003880053673));
#5484 = CYLINDRICAL_SURFACE('',#5485,0.381);
#5485 = AXIS2_PLACEMENT_3D('',#5486,#5487,#5488);
#5486 = CARTESIAN_POINT('',(-4.061565180016,4.139201520716,7.34413526514
    ));
#5487 = DIRECTION('',(5.233580545411E-02,-1.637810069637E-07,
    0.998629542657));
#5488 = DIRECTION('',(0.998629542657,9.612612758364E-08,
    -5.233580545409E-02));
#5489 = ADVANCED_FACE('',(#5490),#5559,.T.);
#5490 = FACE_BOUND('',#5491,.T.);
#5491 = EDGE_LOOP('',(#5492,#5501,#5502,#5503,#5504,#5505,#5506,#5514,
    #5523,#5542));
#5492 = ORIENTED_EDGE('',*,*,#5493,.F.);
#5493 = EDGE_CURVE('',#5378,#5494,#5496,.T.);
#5494 = VERTEX_POINT('',#5495);
#5495 = CARTESIAN_POINT('',(-4.168954549832,3.150847097651,
    5.559620665404));
#5496 = B_SPLINE_CURVE_WITH_KNOTS('',3,(#5497,#5498,#5499,#5500),
  .UNSPECIFIED.,.F.,.F.,(4,4),(0.,1.),.PIECEWISE_BEZIER_KNOTS.);
#5497 = CARTESIAN_POINT('',(-3.898372181765,3.141105141184,
    5.604776408531));
#5498 = CARTESIAN_POINT('',(-3.991890683363,3.144511183296,5.60967749192
    ));
#5499 = CARTESIAN_POINT('',(-4.08208519683,3.147758520776,5.594627922999
    ));
#5500 = CARTESIAN_POINT('',(-4.168954549832,3.150847097651,
    5.559620665404));
#5501 = ORIENTED_EDGE('',*,*,#5385,.F.);
#5502 = ORIENTED_EDGE('',*,*,#5433,.F.);
#5503 = ORIENTED_EDGE('',*,*,#5468,.T.);
#5504 = ORIENTED_EDGE('',*,*,#5449,.T.);
#5505 = ORIENTED_EDGE('',*,*,#5409,.F.);
#5506 = ORIENTED_EDGE('',*,*,#5507,.T.);
#5507 = EDGE_CURVE('',#5410,#5508,#5510,.T.);
#5508 = VERTEX_POINT('',#5509);
#5509 = CARTESIAN_POINT('',(-3.964838654691,3.141105349186,
    4.336516889356));
#5510 = LINE('',#5511,#5512);
#5511 = CARTESIAN_POINT('',(-3.964838776085,4.529692252385,
    4.336517123454));
#5512 = VECTOR('',#5513,1.);
#5513 = DIRECTION('',(8.742277990872E-08,-1.,-1.685873903924E-07));
#5514 = ORIENTED_EDGE('',*,*,#5515,.F.);
#5515 = EDGE_CURVE('',#5516,#5508,#5518,.T.);
#5516 = VERTEX_POINT('',#5517);
#5517 = CARTESIAN_POINT('',(-4.229218705735,3.150847286243,
    4.409708747065));
#5518 = B_SPLINE_CURVE_WITH_KNOTS('',3,(#5519,#5520,#5521,#5522),
  .UNSPECIFIED.,.F.,.F.,(4,4),(0.,1.),.PIECEWISE_BEZIER_KNOTS.);
#5519 = CARTESIAN_POINT('',(-4.229218705735,3.150847286243,
    4.409708747065));
#5520 = CARTESIAN_POINT('',(-4.146484473775,3.147758722308,4.36581296689
    ));
#5521 = CARTESIAN_POINT('',(-4.058357156291,3.144511391298,
    4.341417972746));
#5522 = CARTESIAN_POINT('',(-3.964838654691,3.141105349186,
    4.336516889356));
#5523 = ORIENTED_EDGE('',*,*,#5524,.T.);
#5524 = EDGE_CURVE('',#5516,#5525,#5527,.T.);
#5525 = VERTEX_POINT('',#5526);
#5526 = CARTESIAN_POINT('',(-4.565735211953,3.531595400312,
    5.003879951239));
#5527 = B_SPLINE_CURVE_WITH_KNOTS('',3,(#5528,#5529,#5530,#5531,#5532,
    #5533,#5534,#5535,#5536,#5537,#5538,#5539,#5540,#5541),
  .UNSPECIFIED.,.F.,.F.,(4,1,1,1,1,1,1,1,1,1,1,4),(0.,9.090909090909E-02
    ,0.181818181818,0.272727272727,0.363636363636,0.454545454545,
    0.545454545455,0.636363636364,0.727272727273,0.818181818182,
    0.909090909091,1.),.UNSPECIFIED.);
#5528 = CARTESIAN_POINT('',(-4.229218705735,3.150847286243,
    4.409708747065));
#5529 = CARTESIAN_POINT('',(-4.247319902911,3.151523024731,
    4.419312585203));
#5530 = CARTESIAN_POINT('',(-4.282436361809,3.155531959997,
    4.440170198645));
#5531 = CARTESIAN_POINT('',(-4.332040853782,3.168762484418,
    4.476572204566));
#5532 = CARTESIAN_POINT('',(-4.376361539875,3.187706184143,
    4.516185578846));
#5533 = CARTESIAN_POINT('',(-4.414797682617,3.210622660479,
    4.557426257073));
#5534 = CARTESIAN_POINT('',(-4.448314604826,3.236711041998,
    4.600186369145));
#5535 = CARTESIAN_POINT('',(-4.479690965151,3.267952631142,
    4.648099973676));
#5536 = CARTESIAN_POINT('',(-4.509474544531,3.30681278901,4.704572693825
    ));
#5537 = CARTESIAN_POINT('',(-4.535385664485,3.353559480227,
    4.769609994838));
#5538 = CARTESIAN_POINT('',(-4.554921981795,3.406983409181,
    4.841523097562));
#5539 = CARTESIAN_POINT('',(-4.566315098712,3.466692137849,
    4.920000162063));
#5540 = CARTESIAN_POINT('',(-4.567226564387,3.509522598185,
    4.975423128854));
#5541 = CARTESIAN_POINT('',(-4.565735211953,3.531595400312,
    5.003879951239));
#5542 = ORIENTED_EDGE('',*,*,#5543,.T.);
#5543 = EDGE_CURVE('',#5525,#5494,#5544,.T.);
#5544 = B_SPLINE_CURVE_WITH_KNOTS('',3,(#5545,#5546,#5547,#5548,#5549,
    #5550,#5551,#5552,#5553,#5554,#5555,#5556,#5557,#5558),
  .UNSPECIFIED.,.F.,.F.,(4,1,1,1,1,1,1,1,1,1,1,4),(0.,9.090909090909E-02
    ,0.181818181818,0.272727272727,0.363636363636,0.454545454545,
    0.545454545455,0.636363636364,0.727272727273,0.818181818182,
    0.909090909091,1.),.UNSPECIFIED.);
#5545 = CARTESIAN_POINT('',(-4.565735211953,3.531595400312,
    5.003879951239));
#5546 = CARTESIAN_POINT('',(-4.564232511834,3.50935469461,5.032553219592
    ));
#5547 = CARTESIAN_POINT('',(-4.557454310746,3.466217116943,
    5.087970382214));
#5548 = CARTESIAN_POINT('',(-4.537683474628,3.406144210683,
    5.165299659969));
#5549 = CARTESIAN_POINT('',(-4.510440047145,3.352489185899,
    5.235095077706));
#5550 = CARTESIAN_POINT('',(-4.477594739409,3.305680423355,
    5.297186250703));
#5551 = CARTESIAN_POINT('',(-4.441941580583,3.266958526526,
    5.350099766702));
#5552 = CARTESIAN_POINT('',(-4.405762744882,3.23595261161,5.394194932981
    ));
#5553 = CARTESIAN_POINT('',(-4.368102716539,3.21011212583,5.432906597479
    ));
#5554 = CARTESIAN_POINT('',(-4.325734706993,3.187398927672,
    5.469639811999));
#5555 = CARTESIAN_POINT('',(-4.277694431832,3.168610327321,
    5.504191318049));
#5556 = CARTESIAN_POINT('',(-4.224768600693,3.155491116949,
    5.535032100914));
#5557 = CARTESIAN_POINT('',(-4.187855185313,3.151519096045,
    5.552003946824));
#5558 = CARTESIAN_POINT('',(-4.168954549832,3.150847097651,
    5.559620665404));
#5559 = CYLINDRICAL_SURFACE('',#5560,0.635);
#5560 = AXIS2_PLACEMENT_3D('',#5561,#5562,#5563);
#5561 = CARTESIAN_POINT('',(-3.931605544432,4.584698696785,
    4.970646892315));
#5562 = DIRECTION('',(8.742277990872E-08,-1.,-1.685873903924E-07));
#5563 = DIRECTION('',(0.998629542657,9.612612758364E-08,
    -5.233580545409E-02));
#5564 = ADVANCED_FACE('',(#5565),#5575,.T.);
#5565 = FACE_BOUND('',#5566,.T.);
#5566 = EDGE_LOOP('',(#5567,#5568,#5574));
#5567 = ORIENTED_EDGE('',*,*,#5524,.F.);
#5568 = ORIENTED_EDGE('',*,*,#5569,.F.);
#5569 = EDGE_CURVE('',#5494,#5516,#5570,.T.);
#5570 = LINE('',#5571,#5572);
#5571 = CARTESIAN_POINT('',(-4.168954549832,3.150847097651,
    5.559620665404));
#5572 = VECTOR('',#5573,1.);
#5573 = DIRECTION('',(-5.233580545411E-02,1.637810069637E-07,
    -0.998629542657));
#5574 = ORIENTED_EDGE('',*,*,#5543,.F.);
#5575 = CYLINDRICAL_SURFACE('',#5576,0.381);
#5576 = AXIS2_PLACEMENT_3D('',#5577,#5578,#5579);
#5577 = CARTESIAN_POINT('',(-4.061565126898,3.53159504985,7.344135162706
    ));
#5578 = DIRECTION('',(-5.233580545411E-02,1.637810069637E-07,
    -0.998629542657));
#5579 = DIRECTION('',(0.998629542657,9.612612758364E-08,
    -5.233580545409E-02));
#5580 = ADVANCED_FACE('',(#5581),#5601,.F.);
#5581 = FACE_BOUND('',#5582,.F.);
#5582 = EDGE_LOOP('',(#5583,#5584,#5585,#5586,#5594,#5600));
#5583 = ORIENTED_EDGE('',*,*,#5569,.F.);
#5584 = ORIENTED_EDGE('',*,*,#5493,.F.);
#5585 = ORIENTED_EDGE('',*,*,#5377,.T.);
#5586 = ORIENTED_EDGE('',*,*,#5587,.T.);
#5587 = EDGE_CURVE('',#5346,#5588,#5590,.T.);
#5588 = VERTEX_POINT('',#5589);
#5589 = CARTESIAN_POINT('',(-2.454547172632,3.086098946163,
    4.257366086364));
#5590 = LINE('',#5591,#5592);
#5591 = CARTESIAN_POINT('',(-2.388080699706,3.086098738161,
    5.525625605538));
#5592 = VECTOR('',#5593,1.);
#5593 = DIRECTION('',(-5.233580545411E-02,1.637810069637E-07,
    -0.998629542657));
#5594 = ORIENTED_EDGE('',*,*,#5595,.F.);
#5595 = EDGE_CURVE('',#5508,#5588,#5596,.T.);
#5596 = LINE('',#5597,#5598);
#5597 = CARTESIAN_POINT('',(-3.964838654691,3.141105349186,
    4.336516889356));
#5598 = VECTOR('',#5599,1.);
#5599 = DIRECTION('',(0.997969673601,-3.634710433208E-02,
    -5.230122924329E-02));
#5600 = ORIENTED_EDGE('',*,*,#5515,.F.);
#5601 = PLANE('',#5602);
#5602 = AXIS2_PLACEMENT_3D('',#5603,#5604,#5605);
#5603 = CARTESIAN_POINT('',(-2.388080699706,3.086098738161,
    5.525625605538));
#5604 = DIRECTION('',(3.6297300742E-02,0.999339225692,
    -1.902091532666E-03));
#5605 = DIRECTION('',(-0.997969673601,3.634710433208E-02,
    5.230122924329E-02));
#5606 = ADVANCED_FACE('',(#5607),#5618,.T.);
#5607 = FACE_BOUND('',#5608,.F.);
#5608 = EDGE_LOOP('',(#5609,#5610,#5611,#5612));
#5609 = ORIENTED_EDGE('',*,*,#5418,.F.);
#5610 = ORIENTED_EDGE('',*,*,#5507,.T.);
#5611 = ORIENTED_EDGE('',*,*,#5595,.T.);
#5612 = ORIENTED_EDGE('',*,*,#5613,.T.);
#5613 = EDGE_CURVE('',#5588,#5419,#5614,.T.);
#5614 = LINE('',#5615,#5616);
#5615 = CARTESIAN_POINT('',(-2.454547172632,3.086098946163,
    4.257366086364));
#5616 = VECTOR('',#5617,1.);
#5617 = DIRECTION('',(-8.742277990872E-08,1.,1.685873903924E-07));
#5618 = PLANE('',#5619);
#5619 = AXIS2_PLACEMENT_3D('',#5620,#5621,#5622);
#5620 = CARTESIAN_POINT('',(-3.964838780894,4.584698800785,
    4.336517132728));
#5621 = DIRECTION('',(-5.233580545411E-02,1.637810069637E-07,
    -0.998629542657));
#5622 = DIRECTION('',(0.998629542657,9.612612758364E-08,
    -5.233580545409E-02));
#5623 = SHELL_BASED_SURFACE_MODEL('',(#5624));
#5624 = OPEN_SHELL('',(#5625));
#5625 = ADVANCED_FACE('',(#5626),#5684,.T.);
#5626 = FACE_BOUND('',#5627,.T.);
#5627 = EDGE_LOOP('',(#5628,#5645,#5654,#5662,#5671));
#5628 = ORIENTED_EDGE('',*,*,#5629,.F.);
#5629 = EDGE_CURVE('',#5630,#5632,#5634,.T.);
#5630 = VERTEX_POINT('',#5631);
#5631 = CARTESIAN_POINT('',(0.198031877948,4.58469947004,2.525440855317)
  );
#5632 = VERTEX_POINT('',#5633);
#5633 = CARTESIAN_POINT('',(0.701999330557,3.835399496618,2.629126516339
    ));
#5634 = B_SPLINE_CURVE_WITH_KNOTS('',3,(#5635,#5636,#5637,#5638,#5639,
    #5640,#5641,#5642,#5643,#5644),.UNSPECIFIED.,.F.,.F.,(4,1,1,1,1,1,1,
    4),(0.,0.142857142857,0.285714285714,0.428571428571,0.571428571429,
    0.714285714286,0.857142857143,1.),.UNSPECIFIED.);
#5635 = CARTESIAN_POINT('',(0.198031877948,4.58469947004,2.525440855317)
  );
#5636 = CARTESIAN_POINT('',(0.240459673361,4.566972981664,2.529193196832
    ));
#5637 = CARTESIAN_POINT('',(0.321419534011,4.525041565599,2.538743115846
    ));
#5638 = CARTESIAN_POINT('',(0.433674565164,4.440463676547,2.558079436199
    ));
#5639 = CARTESIAN_POINT('',(0.528385537428,4.340147306194,2.579086881843
    ));
#5640 = CARTESIAN_POINT('',(0.605911169269,4.223815986698,2.599531989773
    ));
#5641 = CARTESIAN_POINT('',(0.661351554077,4.099030884877,2.616029917802
    ));
#5642 = CARTESIAN_POINT('',(0.695012863045,3.966162869659,2.626806246096
    ));
#5643 = CARTESIAN_POINT('',(0.701999326735,3.879116656844,2.629126523709
    ));
#5644 = CARTESIAN_POINT('',(0.701999330557,3.835399496618,2.629126516339
    ));
#5645 = ORIENTED_EDGE('',*,*,#5646,.F.);
#5646 = EDGE_CURVE('',#5647,#5630,#5649,.T.);
#5647 = VERTEX_POINT('',#5648);
#5648 = CARTESIAN_POINT('',(0.879355010466,4.584699500876,2.695836133166
    ));
#5649 = CIRCLE('',#5650,2.2479);
#5650 = AXIS2_PLACEMENT_3D('',#5651,#5652,#5653);
#5651 = CARTESIAN_POINT('',(-1.034990375717E-06,4.584699075233,
    4.764600826242));
#5652 = DIRECTION('',(-8.742277990872E-08,1.,1.685873903924E-07));
#5653 = DIRECTION('',(0.391190019777,1.893515685595E-07,-0.920309930636)
  );
#5654 = ORIENTED_EDGE('',*,*,#5655,.F.);
#5655 = EDGE_CURVE('',#5656,#5647,#5658,.T.);
#5656 = VERTEX_POINT('',#5657);
#5657 = CARTESIAN_POINT('',(0.879355141477,3.086099500877,2.695835880521
    ));
#5658 = LINE('',#5659,#5660);
#5659 = CARTESIAN_POINT('',(0.879355141477,3.086099500877,2.695835880521
    ));
#5660 = VECTOR('',#5661,1.);
#5661 = DIRECTION('',(-8.742277990872E-08,1.,1.685873903924E-07));
#5662 = ORIENTED_EDGE('',*,*,#5663,.F.);
#5663 = EDGE_CURVE('',#5664,#5656,#5666,.T.);
#5664 = VERTEX_POINT('',#5665);
#5665 = CARTESIAN_POINT('',(0.19803200896,3.08609947004,2.525440602672)
  );
#5666 = CIRCLE('',#5667,2.2479);
#5667 = AXIS2_PLACEMENT_3D('',#5668,#5669,#5670);
#5668 = CARTESIAN_POINT('',(-9.039785977455E-07,3.086099075233,
    4.764600573597));
#5669 = DIRECTION('',(8.742277990872E-08,-1.,-1.685873903924E-07));
#5670 = DIRECTION('',(8.809685170101E-02,1.756335797552E-07,
    -0.996111913753));
#5671 = ORIENTED_EDGE('',*,*,#5672,.F.);
#5672 = EDGE_CURVE('',#5632,#5664,#5673,.T.);
#5673 = B_SPLINE_CURVE_WITH_KNOTS('',3,(#5674,#5675,#5676,#5677,#5678,
    #5679,#5680,#5681,#5682,#5683),.UNSPECIFIED.,.F.,.F.,(4,1,1,1,1,1,1,
    4),(0.,0.142857142857,0.285714285714,0.428571428571,0.571428571429,
    0.714285714286,0.857142857143,1.),.UNSPECIFIED.);
#5674 = CARTESIAN_POINT('',(0.701999330557,3.835399496618,2.629126516339
    ));
#5675 = CARTESIAN_POINT('',(0.701999334377,3.791704088468,2.629126508972
    ));
#5676 = CARTESIAN_POINT('',(0.695020151359,3.704690030475,2.626808632522
    ));
#5677 = CARTESIAN_POINT('',(0.661373248487,3.571829536316,2.616036533745
    ));
#5678 = CARTESIAN_POINT('',(0.605937980489,3.447031006544,2.599539512081
    ));
#5679 = CARTESIAN_POINT('',(0.52840799934,3.330672663823,2.579091382503)
  );
#5680 = CARTESIAN_POINT('',(0.433631278968,3.230294772889,2.558070411327
    ));
#5681 = CARTESIAN_POINT('',(0.321410633462,3.145755066483,2.538742216081
    ));
#5682 = CARTESIAN_POINT('',(0.240455239039,3.10382405845,2.529192546676)
  );
#5683 = CARTESIAN_POINT('',(0.19803200896,3.08609947004,2.525440602672)
  );
#5684 = CYLINDRICAL_SURFACE('',#5685,2.2479);
#5685 = AXIS2_PLACEMENT_3D('',#5686,#5687,#5688);
#5686 = CARTESIAN_POINT('',(-1.034990375717E-06,4.584699075233,
    4.764600826242));
#5687 = DIRECTION('',(8.742277990872E-08,-1.,-1.685873903924E-07));
#5688 = DIRECTION('',(0.998629542657,9.612612758364E-08,
    -5.233580545409E-02));
#5689 = SHELL_BASED_SURFACE_MODEL('',(#5690));
#5690 = OPEN_SHELL('',(#5691));
#5691 = ADVANCED_FACE('',(#5692),#5750,.T.);
#5692 = FACE_BOUND('',#5693,.T.);
#5693 = EDGE_LOOP('',(#5694,#5705,#5713,#5722,#5737));
#5694 = ORIENTED_EDGE('',*,*,#5695,.F.);
#5695 = EDGE_CURVE('',#5696,#5698,#5700,.T.);
#5696 = VERTEX_POINT('',#5697);
#5697 = CARTESIAN_POINT('',(-2.115865924578,3.086099018226,
    4.005542193363));
#5698 = VERTEX_POINT('',#5699);
#5699 = CARTESIAN_POINT('',(-0.431004256419,3.08609940949,2.558406901187
    ));
#5700 = CIRCLE('',#5701,2.2479);
#5701 = AXIS2_PLACEMENT_3D('',#5702,#5703,#5704);
#5702 = CARTESIAN_POINT('',(-9.039785977455E-07,3.086099075233,
    4.764600573597));
#5703 = DIRECTION('',(8.742277990872E-08,-1.,-1.685873903924E-07));
#5704 = DIRECTION('',(-0.941262965701,-2.536017195307E-08,
    -0.337674442917));
#5705 = ORIENTED_EDGE('',*,*,#5706,.F.);
#5706 = EDGE_CURVE('',#5707,#5696,#5709,.T.);
#5707 = VERTEX_POINT('',#5708);
#5708 = CARTESIAN_POINT('',(-2.11586605559,4.584699018226,4.005542446008
    ));
#5709 = LINE('',#5710,#5711);
#5710 = CARTESIAN_POINT('',(-2.11586605559,4.584699018226,4.005542446008
    ));
#5711 = VECTOR('',#5712,1.);
#5712 = DIRECTION('',(8.742277990872E-08,-1.,-1.685873903924E-07));
#5713 = ORIENTED_EDGE('',*,*,#5714,.F.);
#5714 = EDGE_CURVE('',#5715,#5707,#5717,.T.);
#5715 = VERTEX_POINT('',#5716);
#5716 = CARTESIAN_POINT('',(-0.431004387431,4.58469940949,2.558407153832
    ));
#5717 = CIRCLE('',#5718,2.2479);
#5718 = AXIS2_PLACEMENT_3D('',#5719,#5720,#5721);
#5719 = CARTESIAN_POINT('',(-1.034990375717E-06,4.584699075233,
    4.764600826242));
#5720 = DIRECTION('',(-8.742277990872E-08,1.,1.685873903924E-07));
#5721 = DIRECTION('',(-0.191735999128,1.486974165717E-07,-0.98144653784)
  );
#5722 = ORIENTED_EDGE('',*,*,#5723,.F.);
#5723 = EDGE_CURVE('',#5724,#5715,#5726,.T.);
#5724 = VERTEX_POINT('',#5725);
#5725 = CARTESIAN_POINT('',(-0.921372853986,3.835399340355,
    2.714203601685));
#5726 = B_SPLINE_CURVE_WITH_KNOTS('',3,(#5727,#5728,#5729,#5730,#5731,
    #5732,#5733,#5734,#5735,#5736),.UNSPECIFIED.,.F.,.F.,(4,1,1,1,1,1,1,
    4),(0.,0.142857142857,0.285714285714,0.428571428571,0.571428571429,
    0.714285714286,0.857142857143,1.),.UNSPECIFIED.);
#5727 = CARTESIAN_POINT('',(-0.921372853986,3.835399340355,
    2.714203601685));
#5728 = CARTESIAN_POINT('',(-0.921372857806,3.879095126874,
    2.714203609052));
#5729 = CARTESIAN_POINT('',(-0.914674144782,3.966109301932,
    2.711168911887));
#5730 = CARTESIAN_POINT('',(-0.882337423448,4.098969030831,
    2.696938789217));
#5731 = CARTESIAN_POINT('',(-0.828932970405,4.223762909179,
    2.674738715554));
#5732 = CARTESIAN_POINT('',(-0.75396360984,4.340125170488,2.646297897641
    ));
#5733 = CARTESIAN_POINT('',(-0.661903503147,4.44050268694,2.615485345894
    ));
#5734 = CARTESIAN_POINT('',(-0.552321223464,4.525040911396,
    2.584533571676));
#5735 = CARTESIAN_POINT('',(-0.472805105972,4.566973941549,
    2.566573365224));
#5736 = CARTESIAN_POINT('',(-0.431004387431,4.58469940949,2.558407153832
    ));
#5737 = ORIENTED_EDGE('',*,*,#5738,.F.);
#5738 = EDGE_CURVE('',#5698,#5724,#5739,.T.);
#5739 = B_SPLINE_CURVE_WITH_KNOTS('',3,(#5740,#5741,#5742,#5743,#5744,
    #5745,#5746,#5747,#5748,#5749),.UNSPECIFIED.,.F.,.F.,(4,1,1,1,1,1,1,
    4),(0.,0.142857142857,0.285714285714,0.428571428571,0.571428571429,
    0.714285714286,0.857142857143,1.),.UNSPECIFIED.);
#5740 = CARTESIAN_POINT('',(-0.431004256419,3.08609940949,2.558406901187
    ));
#5741 = CARTESIAN_POINT('',(-0.472805168192,3.103824947994,2.5665731557)
  );
#5742 = CARTESIAN_POINT('',(-0.55232066502,3.145754184249,2.584532551754
    ));
#5743 = CARTESIAN_POINT('',(-0.661942871953,3.230333454919,
    2.615497501611));
#5744 = CARTESIAN_POINT('',(-0.753939401055,3.330650257876,
    2.646289962192));
#5745 = CARTESIAN_POINT('',(-0.828901756579,3.446977478771,
    2.674726034382));
#5746 = CARTESIAN_POINT('',(-0.882317056309,3.571768043904,
    2.696929948769));
#5747 = CARTESIAN_POINT('',(-0.914667345868,3.704637190685,
    2.711165790913));
#5748 = CARTESIAN_POINT('',(-0.921372850164,3.791682888767,
    2.714203594315));
#5749 = CARTESIAN_POINT('',(-0.921372853986,3.835399340355,
    2.714203601685));
#5750 = CYLINDRICAL_SURFACE('',#5751,2.2479);
#5751 = AXIS2_PLACEMENT_3D('',#5752,#5753,#5754);
#5752 = CARTESIAN_POINT('',(-1.034990375717E-06,4.584699075233,
    4.764600826242));
#5753 = DIRECTION('',(8.742277990872E-08,-1.,-1.685873903924E-07));
#5754 = DIRECTION('',(0.998629542657,9.612612758364E-08,
    -5.233580545409E-02));
#5755 = ( GEOMETRIC_REPRESENTATION_CONTEXT(3) 
GLOBAL_UNCERTAINTY_ASSIGNED_CONTEXT((#5759)) 
GLOBAL_UNIT_ASSIGNED_CONTEXT((#5756,#5757,#5758)) REPRESENTATION_CONTEXT
('Context #1','3D Context with UNIT and UNCERTAINTY') );
#5756 = ( LENGTH_UNIT() NAMED_UNIT(*) SI_UNIT(.MILLI.,.METRE.) );
#5757 = ( NAMED_UNIT(*) PLANE_ANGLE_UNIT() SI_UNIT($,.RADIAN.) );
#5758 = ( NAMED_UNIT(*) SI_UNIT($,.STERADIAN.) SOLID_ANGLE_UNIT() );
#5759 = UNCERTAINTY_MEASURE_WITH_UNIT(LENGTH_MEASURE(2.E-04),#5756,
  'distance_accuracy_value','confusion accuracy');
#5760 = CONTEXT_DEPENDENT_SHAPE_REPRESENTATION(#5761,#5763);
#5761 = ( REPRESENTATION_RELATIONSHIP('','',#5286,#10) 
REPRESENTATION_RELATIONSHIP_WITH_TRANSFORMATION(#5762) 
SHAPE_REPRESENTATION_RELATIONSHIP() );
#5762 = ITEM_DEFINED_TRANSFORMATION('','',#11,#55);
#5763 = PRODUCT_DEFINITION_SHAPE('Placement','Placement of an item',
  #5764);
#5764 = NEXT_ASSEMBLY_USAGE_OCCURRENCE('11','LinkGroup001.10','',#5,
  #5281,$);
#5765 = PRODUCT_RELATED_PRODUCT_CATEGORY('part',$,(#5283));
#5766 = SHAPE_DEFINITION_REPRESENTATION(#5767,#5773);
#5767 = PRODUCT_DEFINITION_SHAPE('','',#5768);
#5768 = PRODUCT_DEFINITION('design','',#5769,#5772);
#5769 = PRODUCT_DEFINITION_FORMATION('','',#5770);
#5770 = PRODUCT('LinkGroup001.11','LinkGroup001.11','',(#5771));
#5771 = PRODUCT_CONTEXT('',#2,'mechanical');
#5772 = PRODUCT_DEFINITION_CONTEXT('part definition',#2,'design');
#5773 = SHAPE_REPRESENTATION('',(#11,#5774,#6110,#6176),#6242);
#5774 = SHELL_BASED_SURFACE_MODEL('',(#5775));
#5775 = OPEN_SHELL('',(#5776,#5818,#5851,#5882,#5931,#5976,#6051,#6067,
    #6093));
#5776 = ADVANCED_FACE('',(#5777),#5813,.T.);
#5777 = FACE_BOUND('',#5778,.T.);
#5778 = EDGE_LOOP('',(#5779,#5790,#5798,#5807));
#5779 = ORIENTED_EDGE('',*,*,#5780,.F.);
#5780 = EDGE_CURVE('',#5781,#5783,#5785,.T.);
#5781 = VERTEX_POINT('',#5782);
#5782 = CARTESIAN_POINT('',(-1.887979667818,0.546098704491,
    5.984677912918));
#5783 = VERTEX_POINT('',#5784);
#5784 = CARTESIAN_POINT('',(-2.024931861303,0.546098733655,
    5.740667831964));
#5785 = CIRCLE('',#5786,2.2479);
#5786 = AXIS2_PLACEMENT_3D('',#5787,#5788,#5789);
#5787 = CARTESIAN_POINT('',(-6.819247367774E-07,0.546099075233,
    4.764600145385));
#5788 = DIRECTION('',(8.742277990872E-08,-1.,-1.685873903924E-07));
#5789 = DIRECTION('',(-0.839885664795,-1.64928198879E-07,0.54276336471)
  );
#5790 = ORIENTED_EDGE('',*,*,#5791,.F.);
#5791 = EDGE_CURVE('',#5792,#5781,#5794,.T.);
#5792 = VERTEX_POINT('',#5793);
#5793 = CARTESIAN_POINT('',(-1.887979798829,2.044698704491,
    5.984678165563));
#5794 = LINE('',#5795,#5796);
#5795 = CARTESIAN_POINT('',(-1.887979798829,2.044698704491,
    5.984678165563));
#5796 = VECTOR('',#5797,1.);
#5797 = DIRECTION('',(8.742277990872E-08,-1.,-1.685873903924E-07));
#5798 = ORIENTED_EDGE('',*,*,#5799,.F.);
#5799 = EDGE_CURVE('',#5800,#5792,#5802,.T.);
#5800 = VERTEX_POINT('',#5801);
#5801 = CARTESIAN_POINT('',(-2.024931992315,2.044698733655,
    5.740668084609));
#5802 = CIRCLE('',#5803,2.2479);
#5803 = AXIS2_PLACEMENT_3D('',#5804,#5805,#5806);
#5804 = CARTESIAN_POINT('',(-8.129365147486E-07,2.044699075233,
    4.76460039803));
#5805 = DIRECTION('',(-8.742277990872E-08,1.,1.685873903924E-07));
#5806 = DIRECTION('',(-0.900810169215,-1.519541869975E-07,0.434213126286
    ));
#5807 = ORIENTED_EDGE('',*,*,#5808,.T.);
#5808 = EDGE_CURVE('',#5800,#5783,#5809,.T.);
#5809 = LINE('',#5810,#5811);
#5810 = CARTESIAN_POINT('',(-2.024931992315,2.044698733655,
    5.740668084609));
#5811 = VECTOR('',#5812,1.);
#5812 = DIRECTION('',(8.742277990872E-08,-1.,-1.685873903924E-07));
#5813 = CYLINDRICAL_SURFACE('',#5814,2.2479);
#5814 = AXIS2_PLACEMENT_3D('',#5815,#5816,#5817);
#5815 = CARTESIAN_POINT('',(-8.129365147486E-07,2.044699075233,
    4.76460039803));
#5816 = DIRECTION('',(8.742277990872E-08,-1.,-1.685873903924E-07));
#5817 = DIRECTION('',(0.998629542657,9.612612758364E-08,
    -5.233580545409E-02));
#5818 = ADVANCED_FACE('',(#5819),#5846,.F.);
#5819 = FACE_BOUND('',#5820,.F.);
#5820 = EDGE_LOOP('',(#5821,#5830,#5831,#5840));
#5821 = ORIENTED_EDGE('',*,*,#5822,.T.);
#5822 = EDGE_CURVE('',#5823,#5800,#5825,.T.);
#5823 = VERTEX_POINT('',#5824);
#5824 = CARTESIAN_POINT('',(-2.388080608663,2.044698738161,
    5.525625429972));
#5825 = CIRCLE('',#5826,0.381);
#5826 = AXIS2_PLACEMENT_3D('',#5827,#5828,#5829);
#5827 = CARTESIAN_POINT('',(-2.368140666785,2.044698675761,
    5.906103285724));
#5828 = DIRECTION('',(8.742277990872E-08,-1.,-1.685873903924E-07));
#5829 = DIRECTION('',(-5.233580545411E-02,1.637810069637E-07,
    -0.998629542657));
#5830 = ORIENTED_EDGE('',*,*,#5808,.T.);
#5831 = ORIENTED_EDGE('',*,*,#5832,.T.);
#5832 = EDGE_CURVE('',#5783,#5833,#5835,.T.);
#5833 = VERTEX_POINT('',#5834);
#5834 = CARTESIAN_POINT('',(-2.388080477652,0.546098738161,
    5.525625177326));
#5835 = CIRCLE('',#5836,0.381);
#5836 = AXIS2_PLACEMENT_3D('',#5837,#5838,#5839);
#5837 = CARTESIAN_POINT('',(-2.368140535773,0.546098675761,
    5.906103033079));
#5838 = DIRECTION('',(-8.742277990872E-08,1.,1.685873903924E-07));
#5839 = DIRECTION('',(0.900810169215,1.519541869975E-07,-0.434213126286)
  );
#5840 = ORIENTED_EDGE('',*,*,#5841,.F.);
#5841 = EDGE_CURVE('',#5823,#5833,#5842,.T.);
#5842 = LINE('',#5843,#5844);
#5843 = CARTESIAN_POINT('',(-2.388080608663,2.044698738161,
    5.525625429972));
#5844 = VECTOR('',#5845,1.);
#5845 = DIRECTION('',(8.742277990872E-08,-1.,-1.685873903924E-07));
#5846 = CYLINDRICAL_SURFACE('',#5847,0.381);
#5847 = AXIS2_PLACEMENT_3D('',#5848,#5849,#5850);
#5848 = CARTESIAN_POINT('',(-2.36814066773,2.05550299465,5.906103287545)
  );
#5849 = DIRECTION('',(8.742277990872E-08,-1.,-1.685873903924E-07));
#5850 = DIRECTION('',(-5.233580545411E-02,1.637810069637E-07,
    -0.998629542657));
#5851 = ADVANCED_FACE('',(#5852),#5877,.T.);
#5852 = FACE_BOUND('',#5853,.F.);
#5853 = EDGE_LOOP('',(#5854,#5862,#5863,#5871));
#5854 = ORIENTED_EDGE('',*,*,#5855,.T.);
#5855 = EDGE_CURVE('',#5856,#5823,#5858,.T.);
#5856 = VERTEX_POINT('',#5857);
#5857 = CARTESIAN_POINT('',(-3.898372081106,1.989692044383,
    5.604776214417));
#5858 = LINE('',#5859,#5860);
#5859 = CARTESIAN_POINT('',(-3.898372081106,1.989692044383,
    5.604776214417));
#5860 = VECTOR('',#5861,1.);
#5861 = DIRECTION('',(0.997969667245,3.63472964573E-02,
    -5.230121698793E-02));
#5862 = ORIENTED_EDGE('',*,*,#5841,.T.);
#5863 = ORIENTED_EDGE('',*,*,#5864,.F.);
#5864 = EDGE_CURVE('',#5865,#5833,#5867,.T.);
#5865 = VERTEX_POINT('',#5866);
#5866 = CARTESIAN_POINT('',(-3.898371959711,0.601105141183,
    5.604775980319));
#5867 = LINE('',#5868,#5869);
#5868 = CARTESIAN_POINT('',(-3.898371959711,0.601105141183,
    5.604775980319));
#5869 = VECTOR('',#5870,1.);
#5870 = DIRECTION('',(0.997969673601,-3.634710433208E-02,
    -5.230122924329E-02));
#5871 = ORIENTED_EDGE('',*,*,#5872,.F.);
#5872 = EDGE_CURVE('',#5856,#5865,#5873,.T.);
#5873 = LINE('',#5874,#5875);
#5874 = CARTESIAN_POINT('',(-3.898372081106,1.989692044383,
    5.604776214417));
#5875 = VECTOR('',#5876,1.);
#5876 = DIRECTION('',(8.742277990872E-08,-1.,-1.685873903924E-07));
#5877 = PLANE('',#5878);
#5878 = AXIS2_PLACEMENT_3D('',#5879,#5880,#5881);
#5879 = CARTESIAN_POINT('',(-2.120158706151,2.044698763951,
    5.511584278606));
#5880 = DIRECTION('',(5.233580545411E-02,-1.637810069637E-07,
    0.998629542657));
#5881 = DIRECTION('',(-0.998629542657,-9.612612758364E-08,
    5.233580545409E-02));
#5882 = ADVANCED_FACE('',(#5883),#5926,.T.);
#5883 = FACE_BOUND('',#5884,.F.);
#5884 = EDGE_LOOP('',(#5885,#5895,#5904,#5912,#5918,#5919));
#5885 = ORIENTED_EDGE('',*,*,#5886,.F.);
#5886 = EDGE_CURVE('',#5887,#5889,#5891,.T.);
#5887 = VERTEX_POINT('',#5888);
#5888 = CARTESIAN_POINT('',(-4.229218603372,1.979950244424,
    4.409708549667));
#5889 = VERTEX_POINT('',#5890);
#5890 = CARTESIAN_POINT('',(-4.168954447469,1.979950055832,
    5.559620468006));
#5891 = LINE('',#5892,#5893);
#5892 = CARTESIAN_POINT('',(-4.229218603372,1.979950244424,
    4.409708549667));
#5893 = VECTOR('',#5894,1.);
#5894 = DIRECTION('',(5.233580545411E-02,-1.637810069637E-07,
    0.998629542657));
#5895 = ORIENTED_EDGE('',*,*,#5896,.F.);
#5896 = EDGE_CURVE('',#5897,#5887,#5899,.T.);
#5897 = VERTEX_POINT('',#5898);
#5898 = CARTESIAN_POINT('',(-3.964838554031,1.989692252385,
    4.336516695242));
#5899 = B_SPLINE_CURVE_WITH_KNOTS('',3,(#5900,#5901,#5902,#5903),
  .UNSPECIFIED.,.F.,.F.,(4,4),(0.,1.),.PIECEWISE_BEZIER_KNOTS.);
#5900 = CARTESIAN_POINT('',(-3.964838554031,1.989692252385,
    4.336516695242));
#5901 = CARTESIAN_POINT('',(-4.058357055036,1.98628619227,4.341417777484
    ));
#5902 = CARTESIAN_POINT('',(-4.146484371952,1.983038837625,
    4.365812770533));
#5903 = CARTESIAN_POINT('',(-4.229218603372,1.979950244424,
    4.409708549667));
#5904 = ORIENTED_EDGE('',*,*,#5905,.T.);
#5905 = EDGE_CURVE('',#5897,#5906,#5908,.T.);
#5906 = VERTEX_POINT('',#5907);
#5907 = CARTESIAN_POINT('',(-2.45454708159,2.044698946163,4.257365910797
    ));
#5908 = LINE('',#5909,#5910);
#5909 = CARTESIAN_POINT('',(-3.964838554031,1.989692252385,
    4.336516695242));
#5910 = VECTOR('',#5911,1.);
#5911 = DIRECTION('',(0.997969667245,3.63472964573E-02,
    -5.230121698793E-02));
#5912 = ORIENTED_EDGE('',*,*,#5913,.T.);
#5913 = EDGE_CURVE('',#5906,#5823,#5914,.T.);
#5914 = LINE('',#5915,#5916);
#5915 = CARTESIAN_POINT('',(-2.45454708159,2.044698946163,4.257365910797
    ));
#5916 = VECTOR('',#5917,1.);
#5917 = DIRECTION('',(5.233580545411E-02,-1.637810069637E-07,
    0.998629542657));
#5918 = ORIENTED_EDGE('',*,*,#5855,.F.);
#5919 = ORIENTED_EDGE('',*,*,#5920,.F.);
#5920 = EDGE_CURVE('',#5889,#5856,#5921,.T.);
#5921 = B_SPLINE_CURVE_WITH_KNOTS('',3,(#5922,#5923,#5924,#5925),
  .UNSPECIFIED.,.F.,.F.,(4,4),(0.,1.),.PIECEWISE_BEZIER_KNOTS.);
#5922 = CARTESIAN_POINT('',(-4.168954447469,1.979950055832,
    5.559620468006));
#5923 = CARTESIAN_POINT('',(-4.082085095006,1.983038636092,
    5.594627726642));
#5924 = CARTESIAN_POINT('',(-3.991890582108,1.986285984268,
    5.609677296658));
#5925 = CARTESIAN_POINT('',(-3.898372081106,1.989692044383,
    5.604776214417));
#5926 = PLANE('',#5927);
#5927 = AXIS2_PLACEMENT_3D('',#5928,#5929,#5930);
#5928 = CARTESIAN_POINT('',(-2.388080608663,2.044698738161,
    5.525625429972));
#5929 = DIRECTION('',(-3.629747547203E-02,0.999339218704,
    1.902428484649E-03));
#5930 = DIRECTION('',(-0.997969667245,-3.63472964573E-02,
    5.230121698793E-02));
#5931 = ADVANCED_FACE('',(#5932),#5971,.T.);
#5932 = FACE_BOUND('',#5933,.T.);
#5933 = EDGE_LOOP('',(#5934,#5935,#5954));
#5934 = ORIENTED_EDGE('',*,*,#5886,.F.);
#5935 = ORIENTED_EDGE('',*,*,#5936,.F.);
#5936 = EDGE_CURVE('',#5937,#5887,#5939,.T.);
#5937 = VERTEX_POINT('',#5938);
#5938 = CARTESIAN_POINT('',(-4.565735043017,1.599201871177,
    5.003879625461));
#5939 = B_SPLINE_CURVE_WITH_KNOTS('',3,(#5940,#5941,#5942,#5943,#5944,
    #5945,#5946,#5947,#5948,#5949,#5950,#5951,#5952,#5953),
  .UNSPECIFIED.,.F.,.F.,(4,1,1,1,1,1,1,1,1,1,1,4),(0.,9.090909090909E-02
    ,0.181818181818,0.272727272727,0.363636363636,0.454545454545,
    0.545454545455,0.636363636364,0.727272727273,0.818181818182,
    0.909090909091,1.),.UNSPECIFIED.);
#5940 = CARTESIAN_POINT('',(-4.565735043017,1.599201871177,
    5.003879625461));
#5941 = CARTESIAN_POINT('',(-4.567233402214,1.621378329086,
    4.975289186953));
#5942 = CARTESIAN_POINT('',(-4.566300236483,1.664407416898,
    4.919608307066));
#5943 = CARTESIAN_POINT('',(-4.554778107511,1.724391616068,
    4.840758458924));
#5944 = CARTESIAN_POINT('',(-4.535046544426,1.778007489136,
    4.768561369802));
#5945 = CARTESIAN_POINT('',(-4.508931387446,1.824819851524,
    4.703388526775));
#5946 = CARTESIAN_POINT('',(-4.479041073674,1.863576488579,
    4.647007608175));
#5947 = CARTESIAN_POINT('',(-4.447703909038,1.894611085839,
    4.599350872777));
#5948 = CARTESIAN_POINT('',(-4.414314637533,1.920494416384,
    4.556873253253));
#5949 = CARTESIAN_POINT('',(-4.375973569375,1.943281599634,
    4.515813247674));
#5950 = CARTESIAN_POINT('',(-4.331744423056,1.962131309911,
    4.476337957829));
#5951 = CARTESIAN_POINT('',(-4.282242865048,1.975294770577,
    4.440049014325));
#5952 = CARTESIAN_POINT('',(-4.247248328988,1.979277167669,
    4.419274467423));
#5953 = CARTESIAN_POINT('',(-4.229218603372,1.979950244424,
    4.409708549667));
#5954 = ORIENTED_EDGE('',*,*,#5955,.F.);
#5955 = EDGE_CURVE('',#5889,#5937,#5956,.T.);
#5956 = B_SPLINE_CURVE_WITH_KNOTS('',3,(#5957,#5958,#5959,#5960,#5961,
    #5962,#5963,#5964,#5965,#5966,#5967,#5968,#5969,#5970),
  .UNSPECIFIED.,.F.,.F.,(4,1,1,1,1,1,1,1,1,1,1,4),(0.,9.090909090909E-02
    ,0.181818181818,0.272727272727,0.363636363636,0.454545454545,
    0.545454545455,0.636363636364,0.727272727273,0.818181818182,
    0.909090909091,1.),.UNSPECIFIED.);
#5957 = CARTESIAN_POINT('',(-4.168954447469,1.979950055832,
    5.559620468006));
#5958 = CARTESIAN_POINT('',(-4.187929871607,1.979275397638,
    5.551973610263));
#5959 = CARTESIAN_POINT('',(-4.224972824268,1.975276943752,5.53493214183
    ));
#5960 = CARTESIAN_POINT('',(-4.278012501073,1.962090978519,
    5.503990100885));
#5961 = CARTESIAN_POINT('',(-4.326158340424,1.943208694088,
    5.469311136552));
#5962 = CARTESIAN_POINT('',(-4.368640928059,1.920365931221,
    5.432407584281));
#5963 = CARTESIAN_POINT('',(-4.406457879111,1.894320292545,
    5.393428134209));
#5964 = CARTESIAN_POINT('',(-4.442702474434,1.863107646045,
    5.349081978314));
#5965 = CARTESIAN_POINT('',(-4.478259991398,1.824281190903,
    5.296064670595));
#5966 = CARTESIAN_POINT('',(-4.510888517092,1.777536740339,
    5.234085337162));
#5967 = CARTESIAN_POINT('',(-4.53790761923,1.724072881734,5.164551063838
    ));
#5968 = CARTESIAN_POINT('',(-4.557510299382,1.664275571614,
    5.087579260151));
#5969 = CARTESIAN_POINT('',(-4.564239412764,1.621337987293,
    5.032418073864));
#5970 = CARTESIAN_POINT('',(-4.565735043017,1.599201871177,
    5.003879625461));
#5971 = CYLINDRICAL_SURFACE('',#5972,0.381);
#5972 = AXIS2_PLACEMENT_3D('',#5973,#5974,#5975);
#5973 = CARTESIAN_POINT('',(-4.061564957962,1.599201520716,
    7.344134836928));
#5974 = DIRECTION('',(5.233580545411E-02,-1.637810069637E-07,
    0.998629542657));
#5975 = DIRECTION('',(0.998629542657,9.612612758364E-08,
    -5.233580545409E-02));
#5976 = ADVANCED_FACE('',(#5977),#6046,.T.);
#5977 = FACE_BOUND('',#5978,.T.);
#5978 = EDGE_LOOP('',(#5979,#5988,#5989,#5990,#5991,#5992,#5993,#6001,
    #6010,#6029));
#5979 = ORIENTED_EDGE('',*,*,#5980,.F.);
#5980 = EDGE_CURVE('',#5865,#5981,#5983,.T.);
#5981 = VERTEX_POINT('',#5982);
#5982 = CARTESIAN_POINT('',(-4.168954327778,0.61084709765,5.559620237192
    ));
#5983 = B_SPLINE_CURVE_WITH_KNOTS('',3,(#5984,#5985,#5986,#5987),
  .UNSPECIFIED.,.F.,.F.,(4,4),(0.,1.),.PIECEWISE_BEZIER_KNOTS.);
#5984 = CARTESIAN_POINT('',(-3.898371959711,0.601105141183,
    5.604775980319));
#5985 = CARTESIAN_POINT('',(-3.991890461309,0.604511183296,
    5.609677063708));
#5986 = CARTESIAN_POINT('',(-4.082084974776,0.607758520775,
    5.594627494787));
#5987 = CARTESIAN_POINT('',(-4.168954327778,0.61084709765,5.559620237192
    ));
#5988 = ORIENTED_EDGE('',*,*,#5872,.F.);
#5989 = ORIENTED_EDGE('',*,*,#5920,.F.);
#5990 = ORIENTED_EDGE('',*,*,#5955,.T.);
#5991 = ORIENTED_EDGE('',*,*,#5936,.T.);
#5992 = ORIENTED_EDGE('',*,*,#5896,.F.);
#5993 = ORIENTED_EDGE('',*,*,#5994,.T.);
#5994 = EDGE_CURVE('',#5897,#5995,#5997,.T.);
#5995 = VERTEX_POINT('',#5996);
#5996 = CARTESIAN_POINT('',(-3.964838432637,0.601105349185,
    4.336516461144));
#5997 = LINE('',#5998,#5999);
#5998 = CARTESIAN_POINT('',(-3.964838554031,1.989692252385,
    4.336516695242));
#5999 = VECTOR('',#6000,1.);
#6000 = DIRECTION('',(8.742277990872E-08,-1.,-1.685873903924E-07));
#6001 = ORIENTED_EDGE('',*,*,#6002,.F.);
#6002 = EDGE_CURVE('',#6003,#5995,#6005,.T.);
#6003 = VERTEX_POINT('',#6004);
#6004 = CARTESIAN_POINT('',(-4.229218483681,0.610847286243,
    4.409708318853));
#6005 = B_SPLINE_CURVE_WITH_KNOTS('',3,(#6006,#6007,#6008,#6009),
  .UNSPECIFIED.,.F.,.F.,(4,4),(0.,1.),.PIECEWISE_BEZIER_KNOTS.);
#6006 = CARTESIAN_POINT('',(-4.229218483681,0.610847286243,
    4.409708318853));
#6007 = CARTESIAN_POINT('',(-4.146484251721,0.607758722308,
    4.365812538678));
#6008 = CARTESIAN_POINT('',(-4.058356934237,0.604511391298,
    4.341417544534));
#6009 = CARTESIAN_POINT('',(-3.964838432637,0.601105349185,
    4.336516461144));
#6010 = ORIENTED_EDGE('',*,*,#6011,.T.);
#6011 = EDGE_CURVE('',#6003,#6012,#6014,.T.);
#6012 = VERTEX_POINT('',#6013);
#6013 = CARTESIAN_POINT('',(-4.565734989899,0.991595400312,
    5.003879523027));
#6014 = B_SPLINE_CURVE_WITH_KNOTS('',3,(#6015,#6016,#6017,#6018,#6019,
    #6020,#6021,#6022,#6023,#6024,#6025,#6026,#6027,#6028),
  .UNSPECIFIED.,.F.,.F.,(4,1,1,1,1,1,1,1,1,1,1,4),(0.,9.090909090909E-02
    ,0.181818181818,0.272727272727,0.363636363636,0.454545454545,
    0.545454545455,0.636363636364,0.727272727273,0.818181818182,
    0.909090909091,1.),.UNSPECIFIED.);
#6015 = CARTESIAN_POINT('',(-4.229218483681,0.610847286243,
    4.409708318853));
#6016 = CARTESIAN_POINT('',(-4.247319680857,0.61152302473,4.419312156991
    ));
#6017 = CARTESIAN_POINT('',(-4.282436139755,0.615531959996,
    4.440169770433));
#6018 = CARTESIAN_POINT('',(-4.332040631728,0.628762484418,
    4.476571776354));
#6019 = CARTESIAN_POINT('',(-4.376361317821,0.647706184144,
    4.516185150634));
#6020 = CARTESIAN_POINT('',(-4.414797460563,0.670622660479,
    4.557425828861));
#6021 = CARTESIAN_POINT('',(-4.448314382772,0.696711041999,
    4.600185940933));
#6022 = CARTESIAN_POINT('',(-4.479690743097,0.727952631141,
    4.648099545464));
#6023 = CARTESIAN_POINT('',(-4.509474322477,0.76681278901,4.704572265613
    ));
#6024 = CARTESIAN_POINT('',(-4.535385442431,0.813559480227,
    4.769609566626));
#6025 = CARTESIAN_POINT('',(-4.554921759741,0.866983409181,4.84152266935
    ));
#6026 = CARTESIAN_POINT('',(-4.566314876658,0.926692137849,
    4.919999733851));
#6027 = CARTESIAN_POINT('',(-4.567226342333,0.969522598185,
    4.975422700642));
#6028 = CARTESIAN_POINT('',(-4.565734989899,0.991595400312,
    5.003879523027));
#6029 = ORIENTED_EDGE('',*,*,#6030,.T.);
#6030 = EDGE_CURVE('',#6012,#5981,#6031,.T.);
#6031 = B_SPLINE_CURVE_WITH_KNOTS('',3,(#6032,#6033,#6034,#6035,#6036,
    #6037,#6038,#6039,#6040,#6041,#6042,#6043,#6044,#6045),
  .UNSPECIFIED.,.F.,.F.,(4,1,1,1,1,1,1,1,1,1,1,4),(0.,9.090909090909E-02
    ,0.181818181818,0.272727272727,0.363636363636,0.454545454545,
    0.545454545455,0.636363636364,0.727272727273,0.818181818182,
    0.909090909091,1.),.UNSPECIFIED.);
#6032 = CARTESIAN_POINT('',(-4.565734989899,0.991595400312,
    5.003879523027));
#6033 = CARTESIAN_POINT('',(-4.56423228978,0.969354694609,5.03255279138)
  );
#6034 = CARTESIAN_POINT('',(-4.557454088693,0.926217116943,
    5.087969954002));
#6035 = CARTESIAN_POINT('',(-4.537683252574,0.866144210683,
    5.165299231757));
#6036 = CARTESIAN_POINT('',(-4.510439825091,0.8124891859,5.235094649494)
  );
#6037 = CARTESIAN_POINT('',(-4.477594517355,0.765680423354,
    5.297185822491));
#6038 = CARTESIAN_POINT('',(-4.441941358529,0.726958526526,5.35009933849
    ));
#6039 = CARTESIAN_POINT('',(-4.405762522828,0.69595261161,5.394194504769
    ));
#6040 = CARTESIAN_POINT('',(-4.368102494485,0.670112125831,
    5.432906169267));
#6041 = CARTESIAN_POINT('',(-4.325734484939,0.647398927671,
    5.469639383787));
#6042 = CARTESIAN_POINT('',(-4.277694209778,0.628610327322,
    5.504190889837));
#6043 = CARTESIAN_POINT('',(-4.22476837864,0.61549111695,5.535031672702)
  );
#6044 = CARTESIAN_POINT('',(-4.18785496326,0.611519096045,5.552003518612
    ));
#6045 = CARTESIAN_POINT('',(-4.168954327778,0.61084709765,5.559620237192
    ));
#6046 = CYLINDRICAL_SURFACE('',#6047,0.635);
#6047 = AXIS2_PLACEMENT_3D('',#6048,#6049,#6050);
#6048 = CARTESIAN_POINT('',(-3.931605322378,2.044698696785,
    4.970646464103));
#6049 = DIRECTION('',(8.742277990872E-08,-1.,-1.685873903924E-07));
#6050 = DIRECTION('',(0.998629542657,9.612612758364E-08,
    -5.233580545409E-02));
#6051 = ADVANCED_FACE('',(#6052),#6062,.T.);
#6052 = FACE_BOUND('',#6053,.T.);
#6053 = EDGE_LOOP('',(#6054,#6055,#6061));
#6054 = ORIENTED_EDGE('',*,*,#6011,.F.);
#6055 = ORIENTED_EDGE('',*,*,#6056,.F.);
#6056 = EDGE_CURVE('',#5981,#6003,#6057,.T.);
#6057 = LINE('',#6058,#6059);
#6058 = CARTESIAN_POINT('',(-4.168954327778,0.61084709765,5.559620237192
    ));
#6059 = VECTOR('',#6060,1.);
#6060 = DIRECTION('',(-5.233580545411E-02,1.637810069637E-07,
    -0.998629542657));
#6061 = ORIENTED_EDGE('',*,*,#6030,.F.);
#6062 = CYLINDRICAL_SURFACE('',#6063,0.381);
#6063 = AXIS2_PLACEMENT_3D('',#6064,#6065,#6066);
#6064 = CARTESIAN_POINT('',(-4.061564904844,0.99159504985,7.344134734494
    ));
#6065 = DIRECTION('',(-5.233580545411E-02,1.637810069637E-07,
    -0.998629542657));
#6066 = DIRECTION('',(0.998629542657,9.612612758364E-08,
    -5.233580545409E-02));
#6067 = ADVANCED_FACE('',(#6068),#6088,.F.);
#6068 = FACE_BOUND('',#6069,.F.);
#6069 = EDGE_LOOP('',(#6070,#6071,#6072,#6073,#6081,#6087));
#6070 = ORIENTED_EDGE('',*,*,#6056,.F.);
#6071 = ORIENTED_EDGE('',*,*,#5980,.F.);
#6072 = ORIENTED_EDGE('',*,*,#5864,.T.);
#6073 = ORIENTED_EDGE('',*,*,#6074,.T.);
#6074 = EDGE_CURVE('',#5833,#6075,#6077,.T.);
#6075 = VERTEX_POINT('',#6076);
#6076 = CARTESIAN_POINT('',(-2.454546950578,0.546098946163,
    4.257365658152));
#6077 = LINE('',#6078,#6079);
#6078 = CARTESIAN_POINT('',(-2.388080477652,0.546098738161,
    5.525625177326));
#6079 = VECTOR('',#6080,1.);
#6080 = DIRECTION('',(-5.233580545411E-02,1.637810069637E-07,
    -0.998629542657));
#6081 = ORIENTED_EDGE('',*,*,#6082,.F.);
#6082 = EDGE_CURVE('',#5995,#6075,#6083,.T.);
#6083 = LINE('',#6084,#6085);
#6084 = CARTESIAN_POINT('',(-3.964838432637,0.601105349185,
    4.336516461144));
#6085 = VECTOR('',#6086,1.);
#6086 = DIRECTION('',(0.997969673601,-3.634710433208E-02,
    -5.230122924329E-02));
#6087 = ORIENTED_EDGE('',*,*,#6002,.F.);
#6088 = PLANE('',#6089);
#6089 = AXIS2_PLACEMENT_3D('',#6090,#6091,#6092);
#6090 = CARTESIAN_POINT('',(-2.388080477652,0.546098738161,
    5.525625177326));
#6091 = DIRECTION('',(3.6297300742E-02,0.999339225692,
    -1.902091532666E-03));
#6092 = DIRECTION('',(-0.997969673601,3.634710433208E-02,
    5.230122924329E-02));
#6093 = ADVANCED_FACE('',(#6094),#6105,.T.);
#6094 = FACE_BOUND('',#6095,.F.);
#6095 = EDGE_LOOP('',(#6096,#6097,#6098,#6099));
#6096 = ORIENTED_EDGE('',*,*,#5905,.F.);
#6097 = ORIENTED_EDGE('',*,*,#5994,.T.);
#6098 = ORIENTED_EDGE('',*,*,#6082,.T.);
#6099 = ORIENTED_EDGE('',*,*,#6100,.T.);
#6100 = EDGE_CURVE('',#6075,#5906,#6101,.T.);
#6101 = LINE('',#6102,#6103);
#6102 = CARTESIAN_POINT('',(-2.454546950578,0.546098946163,
    4.257365658152));
#6103 = VECTOR('',#6104,1.);
#6104 = DIRECTION('',(-8.742277990872E-08,1.,1.685873903924E-07));
#6105 = PLANE('',#6106);
#6106 = AXIS2_PLACEMENT_3D('',#6107,#6108,#6109);
#6107 = CARTESIAN_POINT('',(-3.96483855884,2.044698800786,4.336516704516
    ));
#6108 = DIRECTION('',(-5.233580545411E-02,1.637810069637E-07,
    -0.998629542657));
#6109 = DIRECTION('',(0.998629542657,9.612612758364E-08,
    -5.233580545409E-02));
#6110 = SHELL_BASED_SURFACE_MODEL('',(#6111));
#6111 = OPEN_SHELL('',(#6112));
#6112 = ADVANCED_FACE('',(#6113),#6171,.T.);
#6113 = FACE_BOUND('',#6114,.T.);
#6114 = EDGE_LOOP('',(#6115,#6132,#6141,#6149,#6158));
#6115 = ORIENTED_EDGE('',*,*,#6116,.F.);
#6116 = EDGE_CURVE('',#6117,#6119,#6121,.T.);
#6117 = VERTEX_POINT('',#6118);
#6118 = CARTESIAN_POINT('',(0.198032100002,2.04469947004,2.525440427105)
  );
#6119 = VERTEX_POINT('',#6120);
#6120 = CARTESIAN_POINT('',(0.701999552611,1.295399496618,2.629126088127
    ));
#6121 = B_SPLINE_CURVE_WITH_KNOTS('',3,(#6122,#6123,#6124,#6125,#6126,
    #6127,#6128,#6129,#6130,#6131),.UNSPECIFIED.,.F.,.F.,(4,1,1,1,1,1,1,
    4),(0.,0.142857142857,0.285714285714,0.428571428571,0.571428571429,
    0.714285714286,0.857142857143,1.),.UNSPECIFIED.);
#6122 = CARTESIAN_POINT('',(0.198032100002,2.04469947004,2.525440427105)
  );
#6123 = CARTESIAN_POINT('',(0.240459895414,2.026972981664,2.52919276862)
  );
#6124 = CARTESIAN_POINT('',(0.321419756064,1.985041565599,2.538742687634
    ));
#6125 = CARTESIAN_POINT('',(0.433674787217,1.900463676547,2.558079007987
    ));
#6126 = CARTESIAN_POINT('',(0.528385759482,1.800147306194,2.579086453631
    ));
#6127 = CARTESIAN_POINT('',(0.605911391323,1.683815986698,2.599531561561
    ));
#6128 = CARTESIAN_POINT('',(0.661351776131,1.559030884877,2.61602948959)
  );
#6129 = CARTESIAN_POINT('',(0.695013085099,1.426162869659,2.626805817884
    ));
#6130 = CARTESIAN_POINT('',(0.701999548789,1.339116656844,2.629126095497
    ));
#6131 = CARTESIAN_POINT('',(0.701999552611,1.295399496618,2.629126088127
    ));
#6132 = ORIENTED_EDGE('',*,*,#6133,.F.);
#6133 = EDGE_CURVE('',#6134,#6117,#6136,.T.);
#6134 = VERTEX_POINT('',#6135);
#6135 = CARTESIAN_POINT('',(0.87935523252,2.044699500877,2.695835704954)
  );
#6136 = CIRCLE('',#6137,2.2479);
#6137 = AXIS2_PLACEMENT_3D('',#6138,#6139,#6140);
#6138 = CARTESIAN_POINT('',(-8.129365147486E-07,2.044699075233,
    4.76460039803));
#6139 = DIRECTION('',(-8.742277990872E-08,1.,1.685873903924E-07));
#6140 = DIRECTION('',(0.391190019777,1.893515685595E-07,-0.920309930636)
  );
#6141 = ORIENTED_EDGE('',*,*,#6142,.F.);
#6142 = EDGE_CURVE('',#6143,#6134,#6145,.T.);
#6143 = VERTEX_POINT('',#6144);
#6144 = CARTESIAN_POINT('',(0.879355363531,0.546099500877,2.695835452309
    ));
#6145 = LINE('',#6146,#6147);
#6146 = CARTESIAN_POINT('',(0.879355363531,0.546099500877,2.695835452309
    ));
#6147 = VECTOR('',#6148,1.);
#6148 = DIRECTION('',(-8.742277990872E-08,1.,1.685873903924E-07));
#6149 = ORIENTED_EDGE('',*,*,#6150,.F.);
#6150 = EDGE_CURVE('',#6151,#6143,#6153,.T.);
#6151 = VERTEX_POINT('',#6152);
#6152 = CARTESIAN_POINT('',(0.198032231014,0.54609947004,2.52544017446)
  );
#6153 = CIRCLE('',#6154,2.2479);
#6154 = AXIS2_PLACEMENT_3D('',#6155,#6156,#6157);
#6155 = CARTESIAN_POINT('',(-6.819247367774E-07,0.546099075233,
    4.764600145385));
#6156 = DIRECTION('',(8.742277990872E-08,-1.,-1.685873903924E-07));
#6157 = DIRECTION('',(8.809685170101E-02,1.756335797552E-07,
    -0.996111913753));
#6158 = ORIENTED_EDGE('',*,*,#6159,.F.);
#6159 = EDGE_CURVE('',#6119,#6151,#6160,.T.);
#6160 = B_SPLINE_CURVE_WITH_KNOTS('',3,(#6161,#6162,#6163,#6164,#6165,
    #6166,#6167,#6168,#6169,#6170),.UNSPECIFIED.,.F.,.F.,(4,1,1,1,1,1,1,
    4),(0.,0.142857142857,0.285714285714,0.428571428571,0.571428571429,
    0.714285714286,0.857142857143,1.),.UNSPECIFIED.);
#6161 = CARTESIAN_POINT('',(0.701999552611,1.295399496618,2.629126088127
    ));
#6162 = CARTESIAN_POINT('',(0.701999556431,1.251704088467,2.62912608076)
  );
#6163 = CARTESIAN_POINT('',(0.695020373413,1.164690030475,2.62680820431)
  );
#6164 = CARTESIAN_POINT('',(0.661373470541,1.031829536316,2.616036105533
    ));
#6165 = CARTESIAN_POINT('',(0.605938202543,0.907031006543,2.599539083869
    ));
#6166 = CARTESIAN_POINT('',(0.528408221393,0.790672663821,2.579090954291
    ));
#6167 = CARTESIAN_POINT('',(0.433631501022,0.690294772889,2.558069983115
    ));
#6168 = CARTESIAN_POINT('',(0.321410855516,0.605755066483,2.538741787869
    ));
#6169 = CARTESIAN_POINT('',(0.240455461093,0.563824058449,2.529192118464
    ));
#6170 = CARTESIAN_POINT('',(0.198032231014,0.54609947004,2.52544017446)
  );
#6171 = CYLINDRICAL_SURFACE('',#6172,2.2479);
#6172 = AXIS2_PLACEMENT_3D('',#6173,#6174,#6175);
#6173 = CARTESIAN_POINT('',(-8.129365147486E-07,2.044699075233,
    4.76460039803));
#6174 = DIRECTION('',(8.742277990872E-08,-1.,-1.685873903924E-07));
#6175 = DIRECTION('',(0.998629542657,9.612612758364E-08,
    -5.233580545409E-02));
#6176 = SHELL_BASED_SURFACE_MODEL('',(#6177));
#6177 = OPEN_SHELL('',(#6178));
#6178 = ADVANCED_FACE('',(#6179),#6237,.T.);
#6179 = FACE_BOUND('',#6180,.T.);
#6180 = EDGE_LOOP('',(#6181,#6192,#6200,#6209,#6224));
#6181 = ORIENTED_EDGE('',*,*,#6182,.F.);
#6182 = EDGE_CURVE('',#6183,#6185,#6187,.T.);
#6183 = VERTEX_POINT('',#6184);
#6184 = CARTESIAN_POINT('',(-2.115865702524,0.546099018226,
    4.005541765151));
#6185 = VERTEX_POINT('',#6186);
#6186 = CARTESIAN_POINT('',(-0.431004034365,0.54609940949,2.558406472975
    ));
#6187 = CIRCLE('',#6188,2.2479);
#6188 = AXIS2_PLACEMENT_3D('',#6189,#6190,#6191);
#6189 = CARTESIAN_POINT('',(-6.819247367774E-07,0.546099075233,
    4.764600145385));
#6190 = DIRECTION('',(8.742277990872E-08,-1.,-1.685873903924E-07));
#6191 = DIRECTION('',(-0.941262965701,-2.536017195307E-08,
    -0.337674442917));
#6192 = ORIENTED_EDGE('',*,*,#6193,.F.);
#6193 = EDGE_CURVE('',#6194,#6183,#6196,.T.);
#6194 = VERTEX_POINT('',#6195);
#6195 = CARTESIAN_POINT('',(-2.115865833536,2.044699018226,
    4.005542017796));
#6196 = LINE('',#6197,#6198);
#6197 = CARTESIAN_POINT('',(-2.115865833536,2.044699018226,
    4.005542017796));
#6198 = VECTOR('',#6199,1.);
#6199 = DIRECTION('',(8.742277990872E-08,-1.,-1.685873903924E-07));
#6200 = ORIENTED_EDGE('',*,*,#6201,.F.);
#6201 = EDGE_CURVE('',#6202,#6194,#6204,.T.);
#6202 = VERTEX_POINT('',#6203);
#6203 = CARTESIAN_POINT('',(-0.431004165377,2.04469940949,2.55840672562)
  );
#6204 = CIRCLE('',#6205,2.2479);
#6205 = AXIS2_PLACEMENT_3D('',#6206,#6207,#6208);
#6206 = CARTESIAN_POINT('',(-8.129365147486E-07,2.044699075233,
    4.76460039803));
#6207 = DIRECTION('',(-8.742277990872E-08,1.,1.685873903924E-07));
#6208 = DIRECTION('',(-0.191735999128,1.486974165717E-07,-0.98144653784)
  );
#6209 = ORIENTED_EDGE('',*,*,#6210,.F.);
#6210 = EDGE_CURVE('',#6211,#6202,#6213,.T.);
#6211 = VERTEX_POINT('',#6212);
#6212 = CARTESIAN_POINT('',(-0.921372631932,1.295399340355,
    2.714203173473));
#6213 = B_SPLINE_CURVE_WITH_KNOTS('',3,(#6214,#6215,#6216,#6217,#6218,
    #6219,#6220,#6221,#6222,#6223),.UNSPECIFIED.,.F.,.F.,(4,1,1,1,1,1,1,
    4),(0.,0.142857142857,0.285714285714,0.428571428571,0.571428571429,
    0.714285714286,0.857142857143,1.),.UNSPECIFIED.);
#6214 = CARTESIAN_POINT('',(-0.921372631932,1.295399340355,
    2.714203173473));
#6215 = CARTESIAN_POINT('',(-0.921372635752,1.339095126874,2.71420318084
    ));
#6216 = CARTESIAN_POINT('',(-0.914673922728,1.426109301932,
    2.711168483675));
#6217 = CARTESIAN_POINT('',(-0.882337201394,1.558969030832,
    2.696938361005));
#6218 = CARTESIAN_POINT('',(-0.828932748352,1.683762909179,
    2.674738287342));
#6219 = CARTESIAN_POINT('',(-0.753963387787,1.800125170488,
    2.646297469429));
#6220 = CARTESIAN_POINT('',(-0.661903281094,1.90050268694,2.615484917682
    ));
#6221 = CARTESIAN_POINT('',(-0.55232100141,1.985040911396,2.584533143464
    ));
#6222 = CARTESIAN_POINT('',(-0.472804883918,2.026973941549,
    2.566572937012));
#6223 = CARTESIAN_POINT('',(-0.431004165377,2.04469940949,2.55840672562)
  );
#6224 = ORIENTED_EDGE('',*,*,#6225,.F.);
#6225 = EDGE_CURVE('',#6185,#6211,#6226,.T.);
#6226 = B_SPLINE_CURVE_WITH_KNOTS('',3,(#6227,#6228,#6229,#6230,#6231,
    #6232,#6233,#6234,#6235,#6236),.UNSPECIFIED.,.F.,.F.,(4,1,1,1,1,1,1,
    4),(0.,0.142857142857,0.285714285714,0.428571428571,0.571428571429,
    0.714285714286,0.857142857143,1.),.UNSPECIFIED.);
#6227 = CARTESIAN_POINT('',(-0.431004034365,0.54609940949,2.558406472975
    ));
#6228 = CARTESIAN_POINT('',(-0.472804946138,0.563824947994,
    2.566572727488));
#6229 = CARTESIAN_POINT('',(-0.552320442966,0.605754184248,
    2.584532123542));
#6230 = CARTESIAN_POINT('',(-0.661942649899,0.690333454918,
    2.615497073399));
#6231 = CARTESIAN_POINT('',(-0.753939179001,0.790650257875,2.64628953398
    ));
#6232 = CARTESIAN_POINT('',(-0.828901534525,0.90697747877,2.67472560617)
  );
#6233 = CARTESIAN_POINT('',(-0.882316834255,1.031768043905,
    2.696929520557));
#6234 = CARTESIAN_POINT('',(-0.914667123814,1.164637190685,
    2.711165362701));
#6235 = CARTESIAN_POINT('',(-0.92137262811,1.251682888766,2.714203166103
    ));
#6236 = CARTESIAN_POINT('',(-0.921372631932,1.295399340355,
    2.714203173473));
#6237 = CYLINDRICAL_SURFACE('',#6238,2.2479);
#6238 = AXIS2_PLACEMENT_3D('',#6239,#6240,#6241);
#6239 = CARTESIAN_POINT('',(-8.129365147486E-07,2.044699075233,
    4.76460039803));
#6240 = DIRECTION('',(8.742277990872E-08,-1.,-1.685873903924E-07));
#6241 = DIRECTION('',(0.998629542657,9.612612758364E-08,
    -5.233580545409E-02));
#6242 = ( GEOMETRIC_REPRESENTATION_CONTEXT(3) 
GLOBAL_UNCERTAINTY_ASSIGNED_CONTEXT((#6246)) 
GLOBAL_UNIT_ASSIGNED_CONTEXT((#6243,#6244,#6245)) REPRESENTATION_CONTEXT
('Context #1','3D Context with UNIT and UNCERTAINTY') );
#6243 = ( LENGTH_UNIT() NAMED_UNIT(*) SI_UNIT(.MILLI.,.METRE.) );
#6244 = ( NAMED_UNIT(*) PLANE_ANGLE_UNIT() SI_UNIT($,.RADIAN.) );
#6245 = ( NAMED_UNIT(*) SI_UNIT($,.STERADIAN.) SOLID_ANGLE_UNIT() );
#6246 = UNCERTAINTY_MEASURE_WITH_UNIT(LENGTH_MEASURE(2.E-04),#6243,
  'distance_accuracy_value','confusion accuracy');
#6247 = CONTEXT_DEPENDENT_SHAPE_REPRESENTATION(#6248,#6250);
#6248 = ( REPRESENTATION_RELATIONSHIP('','',#5773,#10) 
REPRESENTATION_RELATIONSHIP_WITH_TRANSFORMATION(#6249) 
SHAPE_REPRESENTATION_RELATIONSHIP() );
#6249 = ITEM_DEFINED_TRANSFORMATION('','',#11,#59);
#6250 = PRODUCT_DEFINITION_SHAPE('Placement','Placement of an item',
  #6251);
#6251 = NEXT_ASSEMBLY_USAGE_OCCURRENCE('12','LinkGroup001.11','',#5,
  #5768,$);
#6252 = PRODUCT_RELATED_PRODUCT_CATEGORY('part',$,(#5770));
#6253 = SHAPE_DEFINITION_REPRESENTATION(#6254,#6260);
#6254 = PRODUCT_DEFINITION_SHAPE('','',#6255);
#6255 = PRODUCT_DEFINITION('design','',#6256,#6259);
#6256 = PRODUCT_DEFINITION_FORMATION('','',#6257);
#6257 = PRODUCT('LinkGroup001.12','LinkGroup001.12','',(#6258));
#6258 = PRODUCT_CONTEXT('',#2,'mechanical');
#6259 = PRODUCT_DEFINITION_CONTEXT('part definition',#2,'design');
#6260 = SHAPE_REPRESENTATION('',(#11,#6261,#6597,#6663),#6729);
#6261 = SHELL_BASED_SURFACE_MODEL('',(#6262));
#6262 = OPEN_SHELL('',(#6263,#6305,#6338,#6369,#6418,#6463,#6538,#6554,
    #6580));
#6263 = ADVANCED_FACE('',(#6264),#6300,.T.);
#6264 = FACE_BOUND('',#6265,.T.);
#6265 = EDGE_LOOP('',(#6266,#6277,#6285,#6294));
#6266 = ORIENTED_EDGE('',*,*,#6267,.F.);
#6267 = EDGE_CURVE('',#6268,#6270,#6272,.T.);
#6268 = VERTEX_POINT('',#6269);
#6269 = CARTESIAN_POINT('',(-1.887979445764,-1.993901295509,
    5.984677484706));
#6270 = VERTEX_POINT('',#6271);
#6271 = CARTESIAN_POINT('',(-2.024931639249,-1.993901266345,
    5.740667403752));
#6272 = CIRCLE('',#6273,2.2479);
#6273 = AXIS2_PLACEMENT_3D('',#6274,#6275,#6276);
#6274 = CARTESIAN_POINT('',(-4.598708758093E-07,-1.993900924767,
    4.764599717173));
#6275 = DIRECTION('',(8.742277990872E-08,-1.,-1.685873903924E-07));
#6276 = DIRECTION('',(-0.839885664795,-1.64928198879E-07,0.54276336471)
  );
#6277 = ORIENTED_EDGE('',*,*,#6278,.F.);
#6278 = EDGE_CURVE('',#6279,#6268,#6281,.T.);
#6279 = VERTEX_POINT('',#6280);
#6280 = CARTESIAN_POINT('',(-1.887979576776,-0.495301295509,
    5.984677737351));
#6281 = LINE('',#6282,#6283);
#6282 = CARTESIAN_POINT('',(-1.887979576776,-0.495301295509,
    5.984677737351));
#6283 = VECTOR('',#6284,1.);
#6284 = DIRECTION('',(8.742277990872E-08,-1.,-1.685873903924E-07));
#6285 = ORIENTED_EDGE('',*,*,#6286,.F.);
#6286 = EDGE_CURVE('',#6287,#6279,#6289,.T.);
#6287 = VERTEX_POINT('',#6288);
#6288 = CARTESIAN_POINT('',(-2.024931770261,-0.495301266345,
    5.740667656397));
#6289 = CIRCLE('',#6290,2.2479);
#6290 = AXIS2_PLACEMENT_3D('',#6291,#6292,#6293);
#6291 = CARTESIAN_POINT('',(-5.908826537805E-07,-0.495300924767,
    4.764599969818));
#6292 = DIRECTION('',(-8.742277990872E-08,1.,1.685873903924E-07));
#6293 = DIRECTION('',(-0.900810169215,-1.519541869975E-07,0.434213126286
    ));
#6294 = ORIENTED_EDGE('',*,*,#6295,.T.);
#6295 = EDGE_CURVE('',#6287,#6270,#6296,.T.);
#6296 = LINE('',#6297,#6298);
#6297 = CARTESIAN_POINT('',(-2.024931770261,-0.495301266345,
    5.740667656397));
#6298 = VECTOR('',#6299,1.);
#6299 = DIRECTION('',(8.742277990872E-08,-1.,-1.685873903924E-07));
#6300 = CYLINDRICAL_SURFACE('',#6301,2.2479);
#6301 = AXIS2_PLACEMENT_3D('',#6302,#6303,#6304);
#6302 = CARTESIAN_POINT('',(-5.908826537805E-07,-0.495300924767,
    4.764599969818));
#6303 = DIRECTION('',(8.742277990872E-08,-1.,-1.685873903924E-07));
#6304 = DIRECTION('',(0.998629542657,9.612612758364E-08,
    -5.233580545409E-02));
#6305 = ADVANCED_FACE('',(#6306),#6333,.F.);
#6306 = FACE_BOUND('',#6307,.F.);
#6307 = EDGE_LOOP('',(#6308,#6317,#6318,#6327));
#6308 = ORIENTED_EDGE('',*,*,#6309,.T.);
#6309 = EDGE_CURVE('',#6310,#6287,#6312,.T.);
#6310 = VERTEX_POINT('',#6311);
#6311 = CARTESIAN_POINT('',(-2.38808038661,-0.495301261839,5.52562500176
    ));
#6312 = CIRCLE('',#6313,0.381);
#6313 = AXIS2_PLACEMENT_3D('',#6314,#6315,#6316);
#6314 = CARTESIAN_POINT('',(-2.368140444731,-0.495301324239,
    5.906102857512));
#6315 = DIRECTION('',(8.742277990872E-08,-1.,-1.685873903924E-07));
#6316 = DIRECTION('',(-5.233580545411E-02,1.637810069637E-07,
    -0.998629542657));
#6317 = ORIENTED_EDGE('',*,*,#6295,.T.);
#6318 = ORIENTED_EDGE('',*,*,#6319,.T.);
#6319 = EDGE_CURVE('',#6270,#6320,#6322,.T.);
#6320 = VERTEX_POINT('',#6321);
#6321 = CARTESIAN_POINT('',(-2.388080255598,-1.993901261839,
    5.525624749115));
#6322 = CIRCLE('',#6323,0.381);
#6323 = AXIS2_PLACEMENT_3D('',#6324,#6325,#6326);
#6324 = CARTESIAN_POINT('',(-2.36814031372,-1.993901324239,
    5.906102604867));
#6325 = DIRECTION('',(-8.742277990872E-08,1.,1.685873903924E-07));
#6326 = DIRECTION('',(0.900810169215,1.519541869975E-07,-0.434213126286)
  );
#6327 = ORIENTED_EDGE('',*,*,#6328,.F.);
#6328 = EDGE_CURVE('',#6310,#6320,#6329,.T.);
#6329 = LINE('',#6330,#6331);
#6330 = CARTESIAN_POINT('',(-2.38808038661,-0.495301261839,5.52562500176
    ));
#6331 = VECTOR('',#6332,1.);
#6332 = DIRECTION('',(8.742277990872E-08,-1.,-1.685873903924E-07));
#6333 = CYLINDRICAL_SURFACE('',#6334,0.381);
#6334 = AXIS2_PLACEMENT_3D('',#6335,#6336,#6337);
#6335 = CARTESIAN_POINT('',(-2.368140445676,-0.48449700535,
    5.906102859333));
#6336 = DIRECTION('',(8.742277990872E-08,-1.,-1.685873903924E-07));
#6337 = DIRECTION('',(-5.233580545411E-02,1.637810069637E-07,
    -0.998629542657));
#6338 = ADVANCED_FACE('',(#6339),#6364,.T.);
#6339 = FACE_BOUND('',#6340,.F.);
#6340 = EDGE_LOOP('',(#6341,#6349,#6350,#6358));
#6341 = ORIENTED_EDGE('',*,*,#6342,.T.);
#6342 = EDGE_CURVE('',#6343,#6310,#6345,.T.);
#6343 = VERTEX_POINT('',#6344);
#6344 = CARTESIAN_POINT('',(-3.898371859052,-0.550307955615,
    5.604775786205));
#6345 = LINE('',#6346,#6347);
#6346 = CARTESIAN_POINT('',(-3.898371859052,-0.550307955615,
    5.604775786205));
#6347 = VECTOR('',#6348,1.);
#6348 = DIRECTION('',(0.997969667245,3.63472964573E-02,
    -5.230121698793E-02));
#6349 = ORIENTED_EDGE('',*,*,#6328,.T.);
#6350 = ORIENTED_EDGE('',*,*,#6351,.F.);
#6351 = EDGE_CURVE('',#6352,#6320,#6354,.T.);
#6352 = VERTEX_POINT('',#6353);
#6353 = CARTESIAN_POINT('',(-3.898371737658,-1.938894858817,
    5.604775552107));
#6354 = LINE('',#6355,#6356);
#6355 = CARTESIAN_POINT('',(-3.898371737658,-1.938894858817,
    5.604775552107));
#6356 = VECTOR('',#6357,1.);
#6357 = DIRECTION('',(0.997969673601,-3.634710433208E-02,
    -5.230122924329E-02));
#6358 = ORIENTED_EDGE('',*,*,#6359,.F.);
#6359 = EDGE_CURVE('',#6343,#6352,#6360,.T.);
#6360 = LINE('',#6361,#6362);
#6361 = CARTESIAN_POINT('',(-3.898371859052,-0.550307955615,
    5.604775786205));
#6362 = VECTOR('',#6363,1.);
#6363 = DIRECTION('',(8.742277990872E-08,-1.,-1.685873903924E-07));
#6364 = PLANE('',#6365);
#6365 = AXIS2_PLACEMENT_3D('',#6366,#6367,#6368);
#6366 = CARTESIAN_POINT('',(-2.120158484097,-0.495301236049,
    5.511583850394));
#6367 = DIRECTION('',(5.233580545411E-02,-1.637810069637E-07,
    0.998629542657));
#6368 = DIRECTION('',(-0.998629542657,-9.612612758364E-08,
    5.233580545409E-02));
#6369 = ADVANCED_FACE('',(#6370),#6413,.T.);
#6370 = FACE_BOUND('',#6371,.F.);
#6371 = EDGE_LOOP('',(#6372,#6382,#6391,#6399,#6405,#6406));
#6372 = ORIENTED_EDGE('',*,*,#6373,.F.);
#6373 = EDGE_CURVE('',#6374,#6376,#6378,.T.);
#6374 = VERTEX_POINT('',#6375);
#6375 = CARTESIAN_POINT('',(-4.229218381318,-0.560049755576,
    4.409708121455));
#6376 = VERTEX_POINT('',#6377);
#6377 = CARTESIAN_POINT('',(-4.168954225415,-0.560049944168,
    5.559620039794));
#6378 = LINE('',#6379,#6380);
#6379 = CARTESIAN_POINT('',(-4.229218381318,-0.560049755576,
    4.409708121455));
#6380 = VECTOR('',#6381,1.);
#6381 = DIRECTION('',(5.233580545411E-02,-1.637810069637E-07,
    0.998629542657));
#6382 = ORIENTED_EDGE('',*,*,#6383,.F.);
#6383 = EDGE_CURVE('',#6384,#6374,#6386,.T.);
#6384 = VERTEX_POINT('',#6385);
#6385 = CARTESIAN_POINT('',(-3.964838331977,-0.550307747614,
    4.336516267031));
#6386 = B_SPLINE_CURVE_WITH_KNOTS('',3,(#6387,#6388,#6389,#6390),
  .UNSPECIFIED.,.F.,.F.,(4,4),(0.,1.),.PIECEWISE_BEZIER_KNOTS.);
#6387 = CARTESIAN_POINT('',(-3.964838331977,-0.550307747614,
    4.336516267031));
#6388 = CARTESIAN_POINT('',(-4.058356832982,-0.553713807731,
    4.341417349272));
#6389 = CARTESIAN_POINT('',(-4.146484149898,-0.556961162375,
    4.365812342321));
#6390 = CARTESIAN_POINT('',(-4.229218381318,-0.560049755576,
    4.409708121455));
#6391 = ORIENTED_EDGE('',*,*,#6392,.T.);
#6392 = EDGE_CURVE('',#6384,#6393,#6395,.T.);
#6393 = VERTEX_POINT('',#6394);
#6394 = CARTESIAN_POINT('',(-2.454546859536,-0.495301053837,
    4.257365482585));
#6395 = LINE('',#6396,#6397);
#6396 = CARTESIAN_POINT('',(-3.964838331977,-0.550307747614,
    4.336516267031));
#6397 = VECTOR('',#6398,1.);
#6398 = DIRECTION('',(0.997969667245,3.63472964573E-02,
    -5.230121698793E-02));
#6399 = ORIENTED_EDGE('',*,*,#6400,.T.);
#6400 = EDGE_CURVE('',#6393,#6310,#6401,.T.);
#6401 = LINE('',#6402,#6403);
#6402 = CARTESIAN_POINT('',(-2.454546859536,-0.495301053837,
    4.257365482585));
#6403 = VECTOR('',#6404,1.);
#6404 = DIRECTION('',(5.233580545411E-02,-1.637810069637E-07,
    0.998629542657));
#6405 = ORIENTED_EDGE('',*,*,#6342,.F.);
#6406 = ORIENTED_EDGE('',*,*,#6407,.F.);
#6407 = EDGE_CURVE('',#6376,#6343,#6408,.T.);
#6408 = B_SPLINE_CURVE_WITH_KNOTS('',3,(#6409,#6410,#6411,#6412),
  .UNSPECIFIED.,.F.,.F.,(4,4),(0.,1.),.PIECEWISE_BEZIER_KNOTS.);
#6409 = CARTESIAN_POINT('',(-4.168954225415,-0.560049944168,
    5.559620039794));
#6410 = CARTESIAN_POINT('',(-4.082084872953,-0.556961363908,
    5.59462729843));
#6411 = CARTESIAN_POINT('',(-3.991890360054,-0.553714015733,
    5.609676868446));
#6412 = CARTESIAN_POINT('',(-3.898371859052,-0.550307955615,
    5.604775786205));
#6413 = PLANE('',#6414);
#6414 = AXIS2_PLACEMENT_3D('',#6415,#6416,#6417);
#6415 = CARTESIAN_POINT('',(-2.38808038661,-0.495301261839,5.52562500176
    ));
#6416 = DIRECTION('',(-3.629747547203E-02,0.999339218704,
    1.902428484649E-03));
#6417 = DIRECTION('',(-0.997969667245,-3.63472964573E-02,
    5.230121698793E-02));
#6418 = ADVANCED_FACE('',(#6419),#6458,.T.);
#6419 = FACE_BOUND('',#6420,.T.);
#6420 = EDGE_LOOP('',(#6421,#6422,#6441));
#6421 = ORIENTED_EDGE('',*,*,#6373,.F.);
#6422 = ORIENTED_EDGE('',*,*,#6423,.F.);
#6423 = EDGE_CURVE('',#6424,#6374,#6426,.T.);
#6424 = VERTEX_POINT('',#6425);
#6425 = CARTESIAN_POINT('',(-4.565734820964,-0.940798128823,
    5.003879197249));
#6426 = B_SPLINE_CURVE_WITH_KNOTS('',3,(#6427,#6428,#6429,#6430,#6431,
    #6432,#6433,#6434,#6435,#6436,#6437,#6438,#6439,#6440),
  .UNSPECIFIED.,.F.,.F.,(4,1,1,1,1,1,1,1,1,1,1,4),(0.,9.090909090909E-02
    ,0.181818181818,0.272727272727,0.363636363636,0.454545454545,
    0.545454545455,0.636363636364,0.727272727273,0.818181818182,
    0.909090909091,1.),.UNSPECIFIED.);
#6427 = CARTESIAN_POINT('',(-4.565734820964,-0.940798128823,
    5.003879197249));
#6428 = CARTESIAN_POINT('',(-4.567233180161,-0.918621670912,
    4.975288758741));
#6429 = CARTESIAN_POINT('',(-4.56630001443,-0.875592583103,
    4.919607878854));
#6430 = CARTESIAN_POINT('',(-4.554777885458,-0.815608383932,
    4.840758030712));
#6431 = CARTESIAN_POINT('',(-4.535046322372,-0.761992510864,
    4.76856094159));
#6432 = CARTESIAN_POINT('',(-4.508931165392,-0.715180148476,
    4.703388098563));
#6433 = CARTESIAN_POINT('',(-4.47904085162,-0.676423511422,
    4.647007179963));
#6434 = CARTESIAN_POINT('',(-4.447703686984,-0.64538891416,
    4.599350444565));
#6435 = CARTESIAN_POINT('',(-4.414314415479,-0.619505583617,
    4.556872825041));
#6436 = CARTESIAN_POINT('',(-4.375973347321,-0.596718400365,
    4.515812819462));
#6437 = CARTESIAN_POINT('',(-4.331744201002,-0.577868690088,
    4.476337529617));
#6438 = CARTESIAN_POINT('',(-4.282242642995,-0.564705229424,
    4.440048586113));
#6439 = CARTESIAN_POINT('',(-4.247248106934,-0.560722832331,
    4.419274039211));
#6440 = CARTESIAN_POINT('',(-4.229218381318,-0.560049755576,
    4.409708121455));
#6441 = ORIENTED_EDGE('',*,*,#6442,.F.);
#6442 = EDGE_CURVE('',#6376,#6424,#6443,.T.);
#6443 = B_SPLINE_CURVE_WITH_KNOTS('',3,(#6444,#6445,#6446,#6447,#6448,
    #6449,#6450,#6451,#6452,#6453,#6454,#6455,#6456,#6457),
  .UNSPECIFIED.,.F.,.F.,(4,1,1,1,1,1,1,1,1,1,1,4),(0.,9.090909090909E-02
    ,0.181818181818,0.272727272727,0.363636363636,0.454545454545,
    0.545454545455,0.636363636364,0.727272727273,0.818181818182,
    0.909090909091,1.),.UNSPECIFIED.);
#6444 = CARTESIAN_POINT('',(-4.168954225415,-0.560049944168,
    5.559620039794));
#6445 = CARTESIAN_POINT('',(-4.187929649553,-0.560724602363,
    5.551973182051));
#6446 = CARTESIAN_POINT('',(-4.224972602214,-0.564723056248,
    5.534931713618));
#6447 = CARTESIAN_POINT('',(-4.278012279019,-0.57790902148,
    5.503989672673));
#6448 = CARTESIAN_POINT('',(-4.32615811837,-0.596791305911,5.46931070834
    ));
#6449 = CARTESIAN_POINT('',(-4.368640706005,-0.61963406878,
    5.432407156069));
#6450 = CARTESIAN_POINT('',(-4.406457657057,-0.645679707454,
    5.393427705997));
#6451 = CARTESIAN_POINT('',(-4.44270225238,-0.676892353954,
    5.349081550102));
#6452 = CARTESIAN_POINT('',(-4.478259769344,-0.715718809098,
    5.296064242383));
#6453 = CARTESIAN_POINT('',(-4.510888295039,-0.762463259661,
    5.23408490895));
#6454 = CARTESIAN_POINT('',(-4.537907397176,-0.815927118267,
    5.164550635626));
#6455 = CARTESIAN_POINT('',(-4.557510077328,-0.875724428387,
    5.087578831939));
#6456 = CARTESIAN_POINT('',(-4.56423919071,-0.918662012706,
    5.032417645652));
#6457 = CARTESIAN_POINT('',(-4.565734820964,-0.940798128823,
    5.003879197249));
#6458 = CYLINDRICAL_SURFACE('',#6459,0.381);
#6459 = AXIS2_PLACEMENT_3D('',#6460,#6461,#6462);
#6460 = CARTESIAN_POINT('',(-4.061564735909,-0.940798479284,
    7.344134408716));
#6461 = DIRECTION('',(5.233580545411E-02,-1.637810069637E-07,
    0.998629542657));
#6462 = DIRECTION('',(0.998629542657,9.612612758364E-08,
    -5.233580545409E-02));
#6463 = ADVANCED_FACE('',(#6464),#6533,.T.);
#6464 = FACE_BOUND('',#6465,.T.);
#6465 = EDGE_LOOP('',(#6466,#6475,#6476,#6477,#6478,#6479,#6480,#6488,
    #6497,#6516));
#6466 = ORIENTED_EDGE('',*,*,#6467,.F.);
#6467 = EDGE_CURVE('',#6352,#6468,#6470,.T.);
#6468 = VERTEX_POINT('',#6469);
#6469 = CARTESIAN_POINT('',(-4.168954105724,-1.92915290235,5.55961980898
    ));
#6470 = B_SPLINE_CURVE_WITH_KNOTS('',3,(#6471,#6472,#6473,#6474),
  .UNSPECIFIED.,.F.,.F.,(4,4),(0.,1.),.PIECEWISE_BEZIER_KNOTS.);
#6471 = CARTESIAN_POINT('',(-3.898371737658,-1.938894858817,
    5.604775552107));
#6472 = CARTESIAN_POINT('',(-3.991890239255,-1.935488816704,
    5.609676635496));
#6473 = CARTESIAN_POINT('',(-4.082084752722,-1.932241479225,
    5.594627066575));
#6474 = CARTESIAN_POINT('',(-4.168954105724,-1.92915290235,5.55961980898
    ));
#6475 = ORIENTED_EDGE('',*,*,#6359,.F.);
#6476 = ORIENTED_EDGE('',*,*,#6407,.F.);
#6477 = ORIENTED_EDGE('',*,*,#6442,.T.);
#6478 = ORIENTED_EDGE('',*,*,#6423,.T.);
#6479 = ORIENTED_EDGE('',*,*,#6383,.F.);
#6480 = ORIENTED_EDGE('',*,*,#6481,.T.);
#6481 = EDGE_CURVE('',#6384,#6482,#6484,.T.);
#6482 = VERTEX_POINT('',#6483);
#6483 = CARTESIAN_POINT('',(-3.964838210583,-1.938894650815,
    4.336516032932));
#6484 = LINE('',#6485,#6486);
#6485 = CARTESIAN_POINT('',(-3.964838331977,-0.550307747614,
    4.336516267031));
#6486 = VECTOR('',#6487,1.);
#6487 = DIRECTION('',(8.742277990872E-08,-1.,-1.685873903924E-07));
#6488 = ORIENTED_EDGE('',*,*,#6489,.F.);
#6489 = EDGE_CURVE('',#6490,#6482,#6492,.T.);
#6490 = VERTEX_POINT('',#6491);
#6491 = CARTESIAN_POINT('',(-4.229218261627,-1.929152713757,
    4.409707890641));
#6492 = B_SPLINE_CURVE_WITH_KNOTS('',3,(#6493,#6494,#6495,#6496),
  .UNSPECIFIED.,.F.,.F.,(4,4),(0.,1.),.PIECEWISE_BEZIER_KNOTS.);
#6493 = CARTESIAN_POINT('',(-4.229218261627,-1.929152713757,
    4.409707890641));
#6494 = CARTESIAN_POINT('',(-4.146484029667,-1.932241277692,
    4.365812110466));
#6495 = CARTESIAN_POINT('',(-4.058356712183,-1.935488608702,
    4.341417116322));
#6496 = CARTESIAN_POINT('',(-3.964838210583,-1.938894650815,
    4.336516032932));
#6497 = ORIENTED_EDGE('',*,*,#6498,.T.);
#6498 = EDGE_CURVE('',#6490,#6499,#6501,.T.);
#6499 = VERTEX_POINT('',#6500);
#6500 = CARTESIAN_POINT('',(-4.565734767845,-1.548404599688,
    5.003879094815));
#6501 = B_SPLINE_CURVE_WITH_KNOTS('',3,(#6502,#6503,#6504,#6505,#6506,
    #6507,#6508,#6509,#6510,#6511,#6512,#6513,#6514,#6515),
  .UNSPECIFIED.,.F.,.F.,(4,1,1,1,1,1,1,1,1,1,1,4),(0.,9.090909090909E-02
    ,0.181818181818,0.272727272727,0.363636363636,0.454545454545,
    0.545454545455,0.636363636364,0.727272727273,0.818181818182,
    0.909090909091,1.),.UNSPECIFIED.);
#6502 = CARTESIAN_POINT('',(-4.229218261627,-1.929152713757,
    4.409707890641));
#6503 = CARTESIAN_POINT('',(-4.247319458803,-1.92847697527,
    4.419311728779));
#6504 = CARTESIAN_POINT('',(-4.282435917701,-1.924468040004,
    4.440169342221));
#6505 = CARTESIAN_POINT('',(-4.332040409674,-1.911237515582,
    4.476571348142));
#6506 = CARTESIAN_POINT('',(-4.376361095767,-1.892293815856,
    4.516184722422));
#6507 = CARTESIAN_POINT('',(-4.41479723851,-1.869377339521,
    4.557425400649));
#6508 = CARTESIAN_POINT('',(-4.448314160718,-1.843288958001,
    4.600185512721));
#6509 = CARTESIAN_POINT('',(-4.479690521043,-1.812047368859,
    4.648099117252));
#6510 = CARTESIAN_POINT('',(-4.509474100423,-1.77318721099,
    4.704571837401));
#6511 = CARTESIAN_POINT('',(-4.535385220377,-1.726440519773,
    4.769609138414));
#6512 = CARTESIAN_POINT('',(-4.554921537687,-1.673016590819,
    4.841522241138));
#6513 = CARTESIAN_POINT('',(-4.566314654604,-1.613307862151,
    4.919999305639));
#6514 = CARTESIAN_POINT('',(-4.567226120279,-1.570477401815,
    4.97542227243));
#6515 = CARTESIAN_POINT('',(-4.565734767845,-1.548404599688,
    5.003879094815));
#6516 = ORIENTED_EDGE('',*,*,#6517,.T.);
#6517 = EDGE_CURVE('',#6499,#6468,#6518,.T.);
#6518 = B_SPLINE_CURVE_WITH_KNOTS('',3,(#6519,#6520,#6521,#6522,#6523,
    #6524,#6525,#6526,#6527,#6528,#6529,#6530,#6531,#6532),
  .UNSPECIFIED.,.F.,.F.,(4,1,1,1,1,1,1,1,1,1,1,4),(0.,9.090909090909E-02
    ,0.181818181818,0.272727272727,0.363636363636,0.454545454545,
    0.545454545455,0.636363636364,0.727272727273,0.818181818182,
    0.909090909091,1.),.UNSPECIFIED.);
#6519 = CARTESIAN_POINT('',(-4.565734767845,-1.548404599688,
    5.003879094815));
#6520 = CARTESIAN_POINT('',(-4.564232067726,-1.570645305391,
    5.032552363168));
#6521 = CARTESIAN_POINT('',(-4.557453866639,-1.613782883057,
    5.08796952579));
#6522 = CARTESIAN_POINT('',(-4.53768303052,-1.673855789317,
    5.165298803545));
#6523 = CARTESIAN_POINT('',(-4.510439603037,-1.7275108141,5.235094221282
    ));
#6524 = CARTESIAN_POINT('',(-4.477594295301,-1.774319576646,
    5.297185394279));
#6525 = CARTESIAN_POINT('',(-4.441941136475,-1.813041473474,
    5.350098910278));
#6526 = CARTESIAN_POINT('',(-4.405762300774,-1.84404738839,
    5.394194076557));
#6527 = CARTESIAN_POINT('',(-4.368102272431,-1.869887874169,
    5.432905741055));
#6528 = CARTESIAN_POINT('',(-4.325734262885,-1.892601072329,
    5.469638955575));
#6529 = CARTESIAN_POINT('',(-4.277693987724,-1.911389672678,
    5.504190461625));
#6530 = CARTESIAN_POINT('',(-4.224768156586,-1.92450888305,5.53503124449
    ));
#6531 = CARTESIAN_POINT('',(-4.187854741206,-1.928480903955,5.5520030904
    ));
#6532 = CARTESIAN_POINT('',(-4.168954105724,-1.92915290235,5.55961980898
    ));
#6533 = CYLINDRICAL_SURFACE('',#6534,0.635);
#6534 = AXIS2_PLACEMENT_3D('',#6535,#6536,#6537);
#6535 = CARTESIAN_POINT('',(-3.931605100325,-0.495301303215,
    4.970646035891));
#6536 = DIRECTION('',(8.742277990872E-08,-1.,-1.685873903924E-07));
#6537 = DIRECTION('',(0.998629542657,9.612612758364E-08,
    -5.233580545409E-02));
#6538 = ADVANCED_FACE('',(#6539),#6549,.T.);
#6539 = FACE_BOUND('',#6540,.T.);
#6540 = EDGE_LOOP('',(#6541,#6542,#6548));
#6541 = ORIENTED_EDGE('',*,*,#6498,.F.);
#6542 = ORIENTED_EDGE('',*,*,#6543,.F.);
#6543 = EDGE_CURVE('',#6468,#6490,#6544,.T.);
#6544 = LINE('',#6545,#6546);
#6545 = CARTESIAN_POINT('',(-4.168954105724,-1.92915290235,5.55961980898
    ));
#6546 = VECTOR('',#6547,1.);
#6547 = DIRECTION('',(-5.233580545411E-02,1.637810069637E-07,
    -0.998629542657));
#6548 = ORIENTED_EDGE('',*,*,#6517,.F.);
#6549 = CYLINDRICAL_SURFACE('',#6550,0.381);
#6550 = AXIS2_PLACEMENT_3D('',#6551,#6552,#6553);
#6551 = CARTESIAN_POINT('',(-4.06156468279,-1.54840495015,7.344134306282
    ));
#6552 = DIRECTION('',(-5.233580545411E-02,1.637810069637E-07,
    -0.998629542657));
#6553 = DIRECTION('',(0.998629542657,9.612612758364E-08,
    -5.233580545409E-02));
#6554 = ADVANCED_FACE('',(#6555),#6575,.F.);
#6555 = FACE_BOUND('',#6556,.F.);
#6556 = EDGE_LOOP('',(#6557,#6558,#6559,#6560,#6568,#6574));
#6557 = ORIENTED_EDGE('',*,*,#6543,.F.);
#6558 = ORIENTED_EDGE('',*,*,#6467,.F.);
#6559 = ORIENTED_EDGE('',*,*,#6351,.T.);
#6560 = ORIENTED_EDGE('',*,*,#6561,.T.);
#6561 = EDGE_CURVE('',#6320,#6562,#6564,.T.);
#6562 = VERTEX_POINT('',#6563);
#6563 = CARTESIAN_POINT('',(-2.454546728524,-1.993901053837,
    4.25736522994));
#6564 = LINE('',#6565,#6566);
#6565 = CARTESIAN_POINT('',(-2.388080255598,-1.993901261839,
    5.525624749115));
#6566 = VECTOR('',#6567,1.);
#6567 = DIRECTION('',(-5.233580545411E-02,1.637810069637E-07,
    -0.998629542657));
#6568 = ORIENTED_EDGE('',*,*,#6569,.F.);
#6569 = EDGE_CURVE('',#6482,#6562,#6570,.T.);
#6570 = LINE('',#6571,#6572);
#6571 = CARTESIAN_POINT('',(-3.964838210583,-1.938894650815,
    4.336516032932));
#6572 = VECTOR('',#6573,1.);
#6573 = DIRECTION('',(0.997969673601,-3.634710433208E-02,
    -5.230122924329E-02));
#6574 = ORIENTED_EDGE('',*,*,#6489,.F.);
#6575 = PLANE('',#6576);
#6576 = AXIS2_PLACEMENT_3D('',#6577,#6578,#6579);
#6577 = CARTESIAN_POINT('',(-2.388080255598,-1.993901261839,
    5.525624749115));
#6578 = DIRECTION('',(3.6297300742E-02,0.999339225692,
    -1.902091532666E-03));
#6579 = DIRECTION('',(-0.997969673601,3.634710433208E-02,
    5.230122924329E-02));
#6580 = ADVANCED_FACE('',(#6581),#6592,.T.);
#6581 = FACE_BOUND('',#6582,.F.);
#6582 = EDGE_LOOP('',(#6583,#6584,#6585,#6586));
#6583 = ORIENTED_EDGE('',*,*,#6392,.F.);
#6584 = ORIENTED_EDGE('',*,*,#6481,.T.);
#6585 = ORIENTED_EDGE('',*,*,#6569,.T.);
#6586 = ORIENTED_EDGE('',*,*,#6587,.T.);
#6587 = EDGE_CURVE('',#6562,#6393,#6588,.T.);
#6588 = LINE('',#6589,#6590);
#6589 = CARTESIAN_POINT('',(-2.454546728524,-1.993901053837,
    4.25736522994));
#6590 = VECTOR('',#6591,1.);
#6591 = DIRECTION('',(-8.742277990872E-08,1.,1.685873903924E-07));
#6592 = PLANE('',#6593);
#6593 = AXIS2_PLACEMENT_3D('',#6594,#6595,#6596);
#6594 = CARTESIAN_POINT('',(-3.964838336786,-0.495301199214,
    4.336516276304));
#6595 = DIRECTION('',(-5.233580545411E-02,1.637810069637E-07,
    -0.998629542657));
#6596 = DIRECTION('',(0.998629542657,9.612612758364E-08,
    -5.233580545409E-02));
#6597 = SHELL_BASED_SURFACE_MODEL('',(#6598));
#6598 = OPEN_SHELL('',(#6599));
#6599 = ADVANCED_FACE('',(#6600),#6658,.T.);
#6600 = FACE_BOUND('',#6601,.T.);
#6601 = EDGE_LOOP('',(#6602,#6619,#6628,#6636,#6645));
#6602 = ORIENTED_EDGE('',*,*,#6603,.F.);
#6603 = EDGE_CURVE('',#6604,#6606,#6608,.T.);
#6604 = VERTEX_POINT('',#6605);
#6605 = CARTESIAN_POINT('',(0.198032322056,-0.49530052996,2.525439998893
    ));
#6606 = VERTEX_POINT('',#6607);
#6607 = CARTESIAN_POINT('',(0.701999774665,-1.244600503382,
    2.629125659915));
#6608 = B_SPLINE_CURVE_WITH_KNOTS('',3,(#6609,#6610,#6611,#6612,#6613,
    #6614,#6615,#6616,#6617,#6618),.UNSPECIFIED.,.F.,.F.,(4,1,1,1,1,1,1,
    4),(0.,0.142857142857,0.285714285714,0.428571428571,0.571428571429,
    0.714285714286,0.857142857143,1.),.UNSPECIFIED.);
#6609 = CARTESIAN_POINT('',(0.198032322056,-0.49530052996,2.525439998893
    ));
#6610 = CARTESIAN_POINT('',(0.240460117468,-0.513027018337,
    2.529192340408));
#6611 = CARTESIAN_POINT('',(0.321419978118,-0.554958434401,
    2.538742259422));
#6612 = CARTESIAN_POINT('',(0.433675009271,-0.639536323454,
    2.558078579775));
#6613 = CARTESIAN_POINT('',(0.528385981536,-0.739852693805,
    2.579086025419));
#6614 = CARTESIAN_POINT('',(0.605911613377,-0.856184013302,
    2.599531133349));
#6615 = CARTESIAN_POINT('',(0.661351998185,-0.980969115123,
    2.616029061378));
#6616 = CARTESIAN_POINT('',(0.695013307152,-1.113837130341,
    2.626805389672));
#6617 = CARTESIAN_POINT('',(0.701999770843,-1.200883343156,
    2.629125667285));
#6618 = CARTESIAN_POINT('',(0.701999774665,-1.244600503382,
    2.629125659915));
#6619 = ORIENTED_EDGE('',*,*,#6620,.F.);
#6620 = EDGE_CURVE('',#6621,#6604,#6623,.T.);
#6621 = VERTEX_POINT('',#6622);
#6622 = CARTESIAN_POINT('',(0.879355454573,-0.495300499123,
    2.695835276742));
#6623 = CIRCLE('',#6624,2.2479);
#6624 = AXIS2_PLACEMENT_3D('',#6625,#6626,#6627);
#6625 = CARTESIAN_POINT('',(-5.908826537805E-07,-0.495300924767,
    4.764599969818));
#6626 = DIRECTION('',(-8.742277990872E-08,1.,1.685873903924E-07));
#6627 = DIRECTION('',(0.391190019777,1.893515685595E-07,-0.920309930636)
  );
#6628 = ORIENTED_EDGE('',*,*,#6629,.F.);
#6629 = EDGE_CURVE('',#6630,#6621,#6632,.T.);
#6630 = VERTEX_POINT('',#6631);
#6631 = CARTESIAN_POINT('',(0.879355585585,-1.993900499123,
    2.695835024097));
#6632 = LINE('',#6633,#6634);
#6633 = CARTESIAN_POINT('',(0.879355585585,-1.993900499123,
    2.695835024097));
#6634 = VECTOR('',#6635,1.);
#6635 = DIRECTION('',(-8.742277990872E-08,1.,1.685873903924E-07));
#6636 = ORIENTED_EDGE('',*,*,#6637,.F.);
#6637 = EDGE_CURVE('',#6638,#6630,#6640,.T.);
#6638 = VERTEX_POINT('',#6639);
#6639 = CARTESIAN_POINT('',(0.198032453068,-1.99390052996,2.525439746248
    ));
#6640 = CIRCLE('',#6641,2.2479);
#6641 = AXIS2_PLACEMENT_3D('',#6642,#6643,#6644);
#6642 = CARTESIAN_POINT('',(-4.598708758093E-07,-1.993900924767,
    4.764599717173));
#6643 = DIRECTION('',(8.742277990872E-08,-1.,-1.685873903924E-07));
#6644 = DIRECTION('',(8.809685170101E-02,1.756335797552E-07,
    -0.996111913753));
#6645 = ORIENTED_EDGE('',*,*,#6646,.F.);
#6646 = EDGE_CURVE('',#6606,#6638,#6647,.T.);
#6647 = B_SPLINE_CURVE_WITH_KNOTS('',3,(#6648,#6649,#6650,#6651,#6652,
    #6653,#6654,#6655,#6656,#6657),.UNSPECIFIED.,.F.,.F.,(4,1,1,1,1,1,1,
    4),(0.,0.142857142857,0.285714285714,0.428571428571,0.571428571429,
    0.714285714286,0.857142857143,1.),.UNSPECIFIED.);
#6648 = CARTESIAN_POINT('',(0.701999774665,-1.244600503382,
    2.629125659915));
#6649 = CARTESIAN_POINT('',(0.701999778485,-1.288295911533,
    2.629125652548));
#6650 = CARTESIAN_POINT('',(0.695020595467,-1.375309969525,
    2.626807776098));
#6651 = CARTESIAN_POINT('',(0.661373692594,-1.508170463684,
    2.616035677321));
#6652 = CARTESIAN_POINT('',(0.605938424596,-1.632968993457,
    2.599538655657));
#6653 = CARTESIAN_POINT('',(0.528408443447,-1.749327336179,
    2.579090526079));
#6654 = CARTESIAN_POINT('',(0.433631723076,-1.849705227111,
    2.558069554903));
#6655 = CARTESIAN_POINT('',(0.32141107757,-1.934244933517,2.538741359657
    ));
#6656 = CARTESIAN_POINT('',(0.240455683147,-1.976175941551,
    2.529191690252));
#6657 = CARTESIAN_POINT('',(0.198032453068,-1.99390052996,2.525439746248
    ));
#6658 = CYLINDRICAL_SURFACE('',#6659,2.2479);
#6659 = AXIS2_PLACEMENT_3D('',#6660,#6661,#6662);
#6660 = CARTESIAN_POINT('',(-5.908826537805E-07,-0.495300924767,
    4.764599969818));
#6661 = DIRECTION('',(8.742277990872E-08,-1.,-1.685873903924E-07));
#6662 = DIRECTION('',(0.998629542657,9.612612758364E-08,
    -5.233580545409E-02));
#6663 = SHELL_BASED_SURFACE_MODEL('',(#6664));
#6664 = OPEN_SHELL('',(#6665));
#6665 = ADVANCED_FACE('',(#6666),#6724,.T.);
#6666 = FACE_BOUND('',#6667,.T.);
#6667 = EDGE_LOOP('',(#6668,#6679,#6687,#6696,#6711));
#6668 = ORIENTED_EDGE('',*,*,#6669,.F.);
#6669 = EDGE_CURVE('',#6670,#6672,#6674,.T.);
#6670 = VERTEX_POINT('',#6671);
#6671 = CARTESIAN_POINT('',(-2.11586548047,-1.993900981774,
    4.005541336939));
#6672 = VERTEX_POINT('',#6673);
#6673 = CARTESIAN_POINT('',(-0.431003812311,-1.99390059051,
    2.558406044763));
#6674 = CIRCLE('',#6675,2.2479);
#6675 = AXIS2_PLACEMENT_3D('',#6676,#6677,#6678);
#6676 = CARTESIAN_POINT('',(-4.598708758093E-07,-1.993900924767,
    4.764599717173));
#6677 = DIRECTION('',(8.742277990872E-08,-1.,-1.685873903924E-07));
#6678 = DIRECTION('',(-0.941262965701,-2.536017195307E-08,
    -0.337674442917));
#6679 = ORIENTED_EDGE('',*,*,#6680,.F.);
#6680 = EDGE_CURVE('',#6681,#6670,#6683,.T.);
#6681 = VERTEX_POINT('',#6682);
#6682 = CARTESIAN_POINT('',(-2.115865611482,-0.495300981774,
    4.005541589584));
#6683 = LINE('',#6684,#6685);
#6684 = CARTESIAN_POINT('',(-2.115865611482,-0.495300981774,
    4.005541589584));
#6685 = VECTOR('',#6686,1.);
#6686 = DIRECTION('',(8.742277990872E-08,-1.,-1.685873903924E-07));
#6687 = ORIENTED_EDGE('',*,*,#6688,.F.);
#6688 = EDGE_CURVE('',#6689,#6681,#6691,.T.);
#6689 = VERTEX_POINT('',#6690);
#6690 = CARTESIAN_POINT('',(-0.431003943323,-0.49530059051,
    2.558406297408));
#6691 = CIRCLE('',#6692,2.2479);
#6692 = AXIS2_PLACEMENT_3D('',#6693,#6694,#6695);
#6693 = CARTESIAN_POINT('',(-5.908826537805E-07,-0.495300924767,
    4.764599969818));
#6694 = DIRECTION('',(-8.742277990872E-08,1.,1.685873903924E-07));
#6695 = DIRECTION('',(-0.191735999128,1.486974165717E-07,-0.98144653784)
  );
#6696 = ORIENTED_EDGE('',*,*,#6697,.F.);
#6697 = EDGE_CURVE('',#6698,#6689,#6700,.T.);
#6698 = VERTEX_POINT('',#6699);
#6699 = CARTESIAN_POINT('',(-0.921372409878,-1.244600659645,
    2.714202745261));
#6700 = B_SPLINE_CURVE_WITH_KNOTS('',3,(#6701,#6702,#6703,#6704,#6705,
    #6706,#6707,#6708,#6709,#6710),.UNSPECIFIED.,.F.,.F.,(4,1,1,1,1,1,1,
    4),(0.,0.142857142857,0.285714285714,0.428571428571,0.571428571429,
    0.714285714286,0.857142857143,1.),.UNSPECIFIED.);
#6701 = CARTESIAN_POINT('',(-0.921372409878,-1.244600659645,
    2.714202745261));
#6702 = CARTESIAN_POINT('',(-0.921372413698,-1.200904873127,
    2.714202752628));
#6703 = CARTESIAN_POINT('',(-0.914673700674,-1.113890698068,
    2.711168055463));
#6704 = CARTESIAN_POINT('',(-0.88233697934,-0.981030969169,
    2.696937932793));
#6705 = CARTESIAN_POINT('',(-0.828932526298,-0.856237090821,
    2.67473785913));
#6706 = CARTESIAN_POINT('',(-0.753963165733,-0.739874829512,
    2.646297041217));
#6707 = CARTESIAN_POINT('',(-0.66190305904,-0.63949731306,2.61548448947)
  );
#6708 = CARTESIAN_POINT('',(-0.552320779356,-0.554959088603,
    2.584532715252));
#6709 = CARTESIAN_POINT('',(-0.472804661864,-0.513026058452,2.5665725088
    ));
#6710 = CARTESIAN_POINT('',(-0.431003943323,-0.49530059051,
    2.558406297408));
#6711 = ORIENTED_EDGE('',*,*,#6712,.F.);
#6712 = EDGE_CURVE('',#6672,#6698,#6713,.T.);
#6713 = B_SPLINE_CURVE_WITH_KNOTS('',3,(#6714,#6715,#6716,#6717,#6718,
    #6719,#6720,#6721,#6722,#6723),.UNSPECIFIED.,.F.,.F.,(4,1,1,1,1,1,1,
    4),(0.,0.142857142857,0.285714285714,0.428571428571,0.571428571429,
    0.714285714286,0.857142857143,1.),.UNSPECIFIED.);
#6714 = CARTESIAN_POINT('',(-0.431003812311,-1.99390059051,
    2.558406044763));
#6715 = CARTESIAN_POINT('',(-0.472804724084,-1.976175052006,
    2.566572299276));
#6716 = CARTESIAN_POINT('',(-0.552320220912,-1.934245815752,
    2.58453169533));
#6717 = CARTESIAN_POINT('',(-0.661942427845,-1.849666545082,
    2.615496645187));
#6718 = CARTESIAN_POINT('',(-0.753938956947,-1.749349742125,
    2.646289105768));
#6719 = CARTESIAN_POINT('',(-0.828901312471,-1.63302252123,
    2.674725177958));
#6720 = CARTESIAN_POINT('',(-0.882316612201,-1.508231956095,
    2.696929092345));
#6721 = CARTESIAN_POINT('',(-0.914666901761,-1.375362809315,
    2.711164934489));
#6722 = CARTESIAN_POINT('',(-0.921372406057,-1.288317111234,
    2.714202737891));
#6723 = CARTESIAN_POINT('',(-0.921372409878,-1.244600659645,
    2.714202745261));
#6724 = CYLINDRICAL_SURFACE('',#6725,2.2479);
#6725 = AXIS2_PLACEMENT_3D('',#6726,#6727,#6728);
#6726 = CARTESIAN_POINT('',(-5.908826537805E-07,-0.495300924767,
    4.764599969818));
#6727 = DIRECTION('',(8.742277990872E-08,-1.,-1.685873903924E-07));
#6728 = DIRECTION('',(0.998629542657,9.612612758364E-08,
    -5.233580545409E-02));
#6729 = ( GEOMETRIC_REPRESENTATION_CONTEXT(3) 
GLOBAL_UNCERTAINTY_ASSIGNED_CONTEXT((#6733)) 
GLOBAL_UNIT_ASSIGNED_CONTEXT((#6730,#6731,#6732)) REPRESENTATION_CONTEXT
('Context #1','3D Context with UNIT and UNCERTAINTY') );
#6730 = ( LENGTH_UNIT() NAMED_UNIT(*) SI_UNIT(.MILLI.,.METRE.) );
#6731 = ( NAMED_UNIT(*) PLANE_ANGLE_UNIT() SI_UNIT($,.RADIAN.) );
#6732 = ( NAMED_UNIT(*) SI_UNIT($,.STERADIAN.) SOLID_ANGLE_UNIT() );
#6733 = UNCERTAINTY_MEASURE_WITH_UNIT(LENGTH_MEASURE(2.E-04),#6730,
  'distance_accuracy_value','confusion accuracy');
#6734 = CONTEXT_DEPENDENT_SHAPE_REPRESENTATION(#6735,#6737);
#6735 = ( REPRESENTATION_RELATIONSHIP('','',#6260,#10) 
REPRESENTATION_RELATIONSHIP_WITH_TRANSFORMATION(#6736) 
SHAPE_REPRESENTATION_RELATIONSHIP() );
#6736 = ITEM_DEFINED_TRANSFORMATION('','',#11,#63);
#6737 = PRODUCT_DEFINITION_SHAPE('Placement','Placement of an item',
  #6738);
#6738 = NEXT_ASSEMBLY_USAGE_OCCURRENCE('13','LinkGroup001.12','',#5,
  #6255,$);
#6739 = PRODUCT_RELATED_PRODUCT_CATEGORY('part',$,(#6257));
#6740 = SHAPE_DEFINITION_REPRESENTATION(#6741,#6747);
#6741 = PRODUCT_DEFINITION_SHAPE('','',#6742);
#6742 = PRODUCT_DEFINITION('design','',#6743,#6746);
#6743 = PRODUCT_DEFINITION_FORMATION('','',#6744);
#6744 = PRODUCT('LinkGroup001.13','LinkGroup001.13','',(#6745));
#6745 = PRODUCT_CONTEXT('',#2,'mechanical');
#6746 = PRODUCT_DEFINITION_CONTEXT('part definition',#2,'design');
#6747 = SHAPE_REPRESENTATION('',(#11,#6748,#7084,#7150),#7216);
#6748 = SHELL_BASED_SURFACE_MODEL('',(#6749));
#6749 = OPEN_SHELL('',(#6750,#6792,#6825,#6856,#6905,#6950,#7025,#7041,
    #7067));
#6750 = ADVANCED_FACE('',(#6751),#6787,.T.);
#6751 = FACE_BOUND('',#6752,.T.);
#6752 = EDGE_LOOP('',(#6753,#6764,#6772,#6781));
#6753 = ORIENTED_EDGE('',*,*,#6754,.F.);
#6754 = EDGE_CURVE('',#6755,#6757,#6759,.T.);
#6755 = VERTEX_POINT('',#6756);
#6756 = CARTESIAN_POINT('',(-1.88797922371,-4.533901295509,
    5.984677056494));
#6757 = VERTEX_POINT('',#6758);
#6758 = CARTESIAN_POINT('',(-2.024931417195,-4.533901266345,
    5.74066697554));
#6759 = CIRCLE('',#6760,2.2479);
#6760 = AXIS2_PLACEMENT_3D('',#6761,#6762,#6763);
#6761 = CARTESIAN_POINT('',(-2.378170148411E-07,-4.533900924767,
    4.764599288961));
#6762 = DIRECTION('',(8.742277990872E-08,-1.,-1.685873903924E-07));
#6763 = DIRECTION('',(-0.839885664795,-1.64928198879E-07,0.54276336471)
  );
#6764 = ORIENTED_EDGE('',*,*,#6765,.F.);
#6765 = EDGE_CURVE('',#6766,#6755,#6768,.T.);
#6766 = VERTEX_POINT('',#6767);
#6767 = CARTESIAN_POINT('',(-1.887979354722,-3.035301295509,
    5.984677309139));
#6768 = LINE('',#6769,#6770);
#6769 = CARTESIAN_POINT('',(-1.887979354722,-3.035301295509,
    5.984677309139));
#6770 = VECTOR('',#6771,1.);
#6771 = DIRECTION('',(8.742277990872E-08,-1.,-1.685873903924E-07));
#6772 = ORIENTED_EDGE('',*,*,#6773,.F.);
#6773 = EDGE_CURVE('',#6774,#6766,#6776,.T.);
#6774 = VERTEX_POINT('',#6775);
#6775 = CARTESIAN_POINT('',(-2.024931548207,-3.035301266345,
    5.740667228185));
#6776 = CIRCLE('',#6777,2.2479);
#6777 = AXIS2_PLACEMENT_3D('',#6778,#6779,#6780);
#6778 = CARTESIAN_POINT('',(-3.688287928123E-07,-3.035300924767,
    4.764599541606));
#6779 = DIRECTION('',(-8.742277990872E-08,1.,1.685873903924E-07));
#6780 = DIRECTION('',(-0.900810169215,-1.519541869975E-07,0.434213126286
    ));
#6781 = ORIENTED_EDGE('',*,*,#6782,.T.);
#6782 = EDGE_CURVE('',#6774,#6757,#6783,.T.);
#6783 = LINE('',#6784,#6785);
#6784 = CARTESIAN_POINT('',(-2.024931548207,-3.035301266345,
    5.740667228185));
#6785 = VECTOR('',#6786,1.);
#6786 = DIRECTION('',(8.742277990872E-08,-1.,-1.685873903924E-07));
#6787 = CYLINDRICAL_SURFACE('',#6788,2.2479);
#6788 = AXIS2_PLACEMENT_3D('',#6789,#6790,#6791);
#6789 = CARTESIAN_POINT('',(-3.688287928123E-07,-3.035300924767,
    4.764599541606));
#6790 = DIRECTION('',(8.742277990872E-08,-1.,-1.685873903924E-07));
#6791 = DIRECTION('',(0.998629542657,9.612612758364E-08,
    -5.233580545409E-02));
#6792 = ADVANCED_FACE('',(#6793),#6820,.F.);
#6793 = FACE_BOUND('',#6794,.F.);
#6794 = EDGE_LOOP('',(#6795,#6804,#6805,#6814));
#6795 = ORIENTED_EDGE('',*,*,#6796,.T.);
#6796 = EDGE_CURVE('',#6797,#6774,#6799,.T.);
#6797 = VERTEX_POINT('',#6798);
#6798 = CARTESIAN_POINT('',(-2.388080164556,-3.035301261839,
    5.525624573548));
#6799 = CIRCLE('',#6800,0.381);
#6800 = AXIS2_PLACEMENT_3D('',#6801,#6802,#6803);
#6801 = CARTESIAN_POINT('',(-2.368140222678,-3.035301324239,5.9061024293
    ));
#6802 = DIRECTION('',(8.742277990872E-08,-1.,-1.685873903924E-07));
#6803 = DIRECTION('',(-5.233580545411E-02,1.637810069637E-07,
    -0.998629542657));
#6804 = ORIENTED_EDGE('',*,*,#6782,.T.);
#6805 = ORIENTED_EDGE('',*,*,#6806,.T.);
#6806 = EDGE_CURVE('',#6757,#6807,#6809,.T.);
#6807 = VERTEX_POINT('',#6808);
#6808 = CARTESIAN_POINT('',(-2.388080033544,-4.533901261839,
    5.525624320903));
#6809 = CIRCLE('',#6810,0.381);
#6810 = AXIS2_PLACEMENT_3D('',#6811,#6812,#6813);
#6811 = CARTESIAN_POINT('',(-2.368140091666,-4.533901324239,
    5.906102176655));
#6812 = DIRECTION('',(-8.742277990872E-08,1.,1.685873903924E-07));
#6813 = DIRECTION('',(0.900810169215,1.519541869975E-07,-0.434213126286)
  );
#6814 = ORIENTED_EDGE('',*,*,#6815,.F.);
#6815 = EDGE_CURVE('',#6797,#6807,#6816,.T.);
#6816 = LINE('',#6817,#6818);
#6817 = CARTESIAN_POINT('',(-2.388080164556,-3.035301261839,
    5.525624573548));
#6818 = VECTOR('',#6819,1.);
#6819 = DIRECTION('',(8.742277990872E-08,-1.,-1.685873903924E-07));
#6820 = CYLINDRICAL_SURFACE('',#6821,0.381);
#6821 = AXIS2_PLACEMENT_3D('',#6822,#6823,#6824);
#6822 = CARTESIAN_POINT('',(-2.368140223622,-3.02449700535,
    5.906102431121));
#6823 = DIRECTION('',(8.742277990872E-08,-1.,-1.685873903924E-07));
#6824 = DIRECTION('',(-5.233580545411E-02,1.637810069637E-07,
    -0.998629542657));
#6825 = ADVANCED_FACE('',(#6826),#6851,.T.);
#6826 = FACE_BOUND('',#6827,.F.);
#6827 = EDGE_LOOP('',(#6828,#6836,#6837,#6845));
#6828 = ORIENTED_EDGE('',*,*,#6829,.T.);
#6829 = EDGE_CURVE('',#6830,#6797,#6832,.T.);
#6830 = VERTEX_POINT('',#6831);
#6831 = CARTESIAN_POINT('',(-3.898371636998,-3.090307955615,
    5.604775357993));
#6832 = LINE('',#6833,#6834);
#6833 = CARTESIAN_POINT('',(-3.898371636998,-3.090307955615,
    5.604775357993));
#6834 = VECTOR('',#6835,1.);
#6835 = DIRECTION('',(0.997969667245,3.63472964573E-02,
    -5.230121698793E-02));
#6836 = ORIENTED_EDGE('',*,*,#6815,.T.);
#6837 = ORIENTED_EDGE('',*,*,#6838,.F.);
#6838 = EDGE_CURVE('',#6839,#6807,#6841,.T.);
#6839 = VERTEX_POINT('',#6840);
#6840 = CARTESIAN_POINT('',(-3.898371515604,-4.478894858817,
    5.604775123895));
#6841 = LINE('',#6842,#6843);
#6842 = CARTESIAN_POINT('',(-3.898371515604,-4.478894858817,
    5.604775123895));
#6843 = VECTOR('',#6844,1.);
#6844 = DIRECTION('',(0.997969673601,-3.634710433208E-02,
    -5.230122924329E-02));
#6845 = ORIENTED_EDGE('',*,*,#6846,.F.);
#6846 = EDGE_CURVE('',#6830,#6839,#6847,.T.);
#6847 = LINE('',#6848,#6849);
#6848 = CARTESIAN_POINT('',(-3.898371636998,-3.090307955615,
    5.604775357993));
#6849 = VECTOR('',#6850,1.);
#6850 = DIRECTION('',(8.742277990872E-08,-1.,-1.685873903924E-07));
#6851 = PLANE('',#6852);
#6852 = AXIS2_PLACEMENT_3D('',#6853,#6854,#6855);
#6853 = CARTESIAN_POINT('',(-2.120158262043,-3.035301236049,
    5.511583422182));
#6854 = DIRECTION('',(5.233580545411E-02,-1.637810069637E-07,
    0.998629542657));
#6855 = DIRECTION('',(-0.998629542657,-9.612612758364E-08,
    5.233580545409E-02));
#6856 = ADVANCED_FACE('',(#6857),#6900,.T.);
#6857 = FACE_BOUND('',#6858,.F.);
#6858 = EDGE_LOOP('',(#6859,#6869,#6878,#6886,#6892,#6893));
#6859 = ORIENTED_EDGE('',*,*,#6860,.F.);
#6860 = EDGE_CURVE('',#6861,#6863,#6865,.T.);
#6861 = VERTEX_POINT('',#6862);
#6862 = CARTESIAN_POINT('',(-4.229218159264,-3.100049755576,
    4.409707693243));
#6863 = VERTEX_POINT('',#6864);
#6864 = CARTESIAN_POINT('',(-4.168954003361,-3.100049944168,
    5.559619611582));
#6865 = LINE('',#6866,#6867);
#6866 = CARTESIAN_POINT('',(-4.229218159264,-3.100049755576,
    4.409707693243));
#6867 = VECTOR('',#6868,1.);
#6868 = DIRECTION('',(5.233580545411E-02,-1.637810069637E-07,
    0.998629542657));
#6869 = ORIENTED_EDGE('',*,*,#6870,.F.);
#6870 = EDGE_CURVE('',#6871,#6861,#6873,.T.);
#6871 = VERTEX_POINT('',#6872);
#6872 = CARTESIAN_POINT('',(-3.964838109923,-3.090307747614,
    4.336515838819));
#6873 = B_SPLINE_CURVE_WITH_KNOTS('',3,(#6874,#6875,#6876,#6877),
  .UNSPECIFIED.,.F.,.F.,(4,4),(0.,1.),.PIECEWISE_BEZIER_KNOTS.);
#6874 = CARTESIAN_POINT('',(-3.964838109923,-3.090307747614,
    4.336515838819));
#6875 = CARTESIAN_POINT('',(-4.058356610928,-3.093713807731,
    4.34141692106));
#6876 = CARTESIAN_POINT('',(-4.146483927844,-3.096961162375,
    4.365811914109));
#6877 = CARTESIAN_POINT('',(-4.229218159264,-3.100049755576,
    4.409707693243));
#6878 = ORIENTED_EDGE('',*,*,#6879,.T.);
#6879 = EDGE_CURVE('',#6871,#6880,#6882,.T.);
#6880 = VERTEX_POINT('',#6881);
#6881 = CARTESIAN_POINT('',(-2.454546637482,-3.035301053837,
    4.257365054373));
#6882 = LINE('',#6883,#6884);
#6883 = CARTESIAN_POINT('',(-3.964838109923,-3.090307747614,
    4.336515838819));
#6884 = VECTOR('',#6885,1.);
#6885 = DIRECTION('',(0.997969667245,3.63472964573E-02,
    -5.230121698793E-02));
#6886 = ORIENTED_EDGE('',*,*,#6887,.T.);
#6887 = EDGE_CURVE('',#6880,#6797,#6888,.T.);
#6888 = LINE('',#6889,#6890);
#6889 = CARTESIAN_POINT('',(-2.454546637482,-3.035301053837,
    4.257365054373));
#6890 = VECTOR('',#6891,1.);
#6891 = DIRECTION('',(5.233580545411E-02,-1.637810069637E-07,
    0.998629542657));
#6892 = ORIENTED_EDGE('',*,*,#6829,.F.);
#6893 = ORIENTED_EDGE('',*,*,#6894,.F.);
#6894 = EDGE_CURVE('',#6863,#6830,#6895,.T.);
#6895 = B_SPLINE_CURVE_WITH_KNOTS('',3,(#6896,#6897,#6898,#6899),
  .UNSPECIFIED.,.F.,.F.,(4,4),(0.,1.),.PIECEWISE_BEZIER_KNOTS.);
#6896 = CARTESIAN_POINT('',(-4.168954003361,-3.100049944168,
    5.559619611582));
#6897 = CARTESIAN_POINT('',(-4.082084650899,-3.096961363908,
    5.594626870218));
#6898 = CARTESIAN_POINT('',(-3.991890138,-3.093714015733,5.609676440234)
  );
#6899 = CARTESIAN_POINT('',(-3.898371636998,-3.090307955615,
    5.604775357993));
#6900 = PLANE('',#6901);
#6901 = AXIS2_PLACEMENT_3D('',#6902,#6903,#6904);
#6902 = CARTESIAN_POINT('',(-2.388080164556,-3.035301261839,
    5.525624573548));
#6903 = DIRECTION('',(-3.629747547203E-02,0.999339218704,
    1.902428484649E-03));
#6904 = DIRECTION('',(-0.997969667245,-3.63472964573E-02,
    5.230121698793E-02));
#6905 = ADVANCED_FACE('',(#6906),#6945,.T.);
#6906 = FACE_BOUND('',#6907,.T.);
#6907 = EDGE_LOOP('',(#6908,#6909,#6928));
#6908 = ORIENTED_EDGE('',*,*,#6860,.F.);
#6909 = ORIENTED_EDGE('',*,*,#6910,.F.);
#6910 = EDGE_CURVE('',#6911,#6861,#6913,.T.);
#6911 = VERTEX_POINT('',#6912);
#6912 = CARTESIAN_POINT('',(-4.56573459891,-3.480798128823,
    5.003878769037));
#6913 = B_SPLINE_CURVE_WITH_KNOTS('',3,(#6914,#6915,#6916,#6917,#6918,
    #6919,#6920,#6921,#6922,#6923,#6924,#6925,#6926,#6927),
  .UNSPECIFIED.,.F.,.F.,(4,1,1,1,1,1,1,1,1,1,1,4),(0.,9.090909090909E-02
    ,0.181818181818,0.272727272727,0.363636363636,0.454545454545,
    0.545454545455,0.636363636364,0.727272727273,0.818181818182,
    0.909090909091,1.),.UNSPECIFIED.);
#6914 = CARTESIAN_POINT('',(-4.56573459891,-3.480798128823,
    5.003878769037));
#6915 = CARTESIAN_POINT('',(-4.567232958107,-3.458621670912,
    4.975288330529));
#6916 = CARTESIAN_POINT('',(-4.566299792376,-3.415592583103,
    4.919607450642));
#6917 = CARTESIAN_POINT('',(-4.554777663404,-3.355608383932,4.8407576025
    ));
#6918 = CARTESIAN_POINT('',(-4.535046100318,-3.301992510864,
    4.768560513378));
#6919 = CARTESIAN_POINT('',(-4.508930943338,-3.255180148476,
    4.703387670351));
#6920 = CARTESIAN_POINT('',(-4.479040629566,-3.216423511422,
    4.647006751752));
#6921 = CARTESIAN_POINT('',(-4.44770346493,-3.18538891416,4.599350016353
    ));
#6922 = CARTESIAN_POINT('',(-4.414314193425,-3.159505583617,
    4.556872396829));
#6923 = CARTESIAN_POINT('',(-4.375973125267,-3.136718400365,
    4.51581239125));
#6924 = CARTESIAN_POINT('',(-4.331743978948,-3.117868690088,
    4.476337101405));
#6925 = CARTESIAN_POINT('',(-4.282242420941,-3.104705229424,
    4.440048157901));
#6926 = CARTESIAN_POINT('',(-4.24724788488,-3.100722832331,
    4.419273610999));
#6927 = CARTESIAN_POINT('',(-4.229218159264,-3.100049755576,
    4.409707693243));
#6928 = ORIENTED_EDGE('',*,*,#6929,.F.);
#6929 = EDGE_CURVE('',#6863,#6911,#6930,.T.);
#6930 = B_SPLINE_CURVE_WITH_KNOTS('',3,(#6931,#6932,#6933,#6934,#6935,
    #6936,#6937,#6938,#6939,#6940,#6941,#6942,#6943,#6944),
  .UNSPECIFIED.,.F.,.F.,(4,1,1,1,1,1,1,1,1,1,1,4),(0.,9.090909090909E-02
    ,0.181818181818,0.272727272727,0.363636363636,0.454545454545,
    0.545454545455,0.636363636364,0.727272727273,0.818181818182,
    0.909090909091,1.),.UNSPECIFIED.);
#6931 = CARTESIAN_POINT('',(-4.168954003361,-3.100049944168,
    5.559619611582));
#6932 = CARTESIAN_POINT('',(-4.187929427499,-3.100724602363,
    5.551972753839));
#6933 = CARTESIAN_POINT('',(-4.22497238016,-3.104723056248,
    5.534931285406));
#6934 = CARTESIAN_POINT('',(-4.278012056965,-3.11790902148,
    5.503989244462));
#6935 = CARTESIAN_POINT('',(-4.326157896316,-3.136791305911,
    5.469310280128));
#6936 = CARTESIAN_POINT('',(-4.368640483952,-3.15963406878,
    5.432406727857));
#6937 = CARTESIAN_POINT('',(-4.406457435004,-3.185679707454,
    5.393427277785));
#6938 = CARTESIAN_POINT('',(-4.442702030326,-3.216892353954,
    5.34908112189));
#6939 = CARTESIAN_POINT('',(-4.47825954729,-3.255718809098,
    5.296063814171));
#6940 = CARTESIAN_POINT('',(-4.510888072985,-3.302463259661,
    5.234084480738));
#6941 = CARTESIAN_POINT('',(-4.537907175122,-3.355927118267,
    5.164550207414));
#6942 = CARTESIAN_POINT('',(-4.557509855274,-3.415724428387,
    5.087578403727));
#6943 = CARTESIAN_POINT('',(-4.564238968656,-3.458662012706,
    5.03241721744));
#6944 = CARTESIAN_POINT('',(-4.56573459891,-3.480798128823,
    5.003878769037));
#6945 = CYLINDRICAL_SURFACE('',#6946,0.381);
#6946 = AXIS2_PLACEMENT_3D('',#6947,#6948,#6949);
#6947 = CARTESIAN_POINT('',(-4.061564513855,-3.480798479284,
    7.344133980504));
#6948 = DIRECTION('',(5.233580545411E-02,-1.637810069637E-07,
    0.998629542657));
#6949 = DIRECTION('',(0.998629542657,9.612612758364E-08,
    -5.233580545409E-02));
#6950 = ADVANCED_FACE('',(#6951),#7020,.T.);
#6951 = FACE_BOUND('',#6952,.T.);
#6952 = EDGE_LOOP('',(#6953,#6962,#6963,#6964,#6965,#6966,#6967,#6975,
    #6984,#7003));
#6953 = ORIENTED_EDGE('',*,*,#6954,.F.);
#6954 = EDGE_CURVE('',#6839,#6955,#6957,.T.);
#6955 = VERTEX_POINT('',#6956);
#6956 = CARTESIAN_POINT('',(-4.168953883671,-4.46915290235,
    5.559619380768));
#6957 = B_SPLINE_CURVE_WITH_KNOTS('',3,(#6958,#6959,#6960,#6961),
  .UNSPECIFIED.,.F.,.F.,(4,4),(0.,1.),.PIECEWISE_BEZIER_KNOTS.);
#6958 = CARTESIAN_POINT('',(-3.898371515604,-4.478894858817,
    5.604775123895));
#6959 = CARTESIAN_POINT('',(-3.991890017201,-4.475488816704,
    5.609676207284));
#6960 = CARTESIAN_POINT('',(-4.082084530668,-4.472241479225,
    5.594626638363));
#6961 = CARTESIAN_POINT('',(-4.168953883671,-4.46915290235,
    5.559619380768));
#6962 = ORIENTED_EDGE('',*,*,#6846,.F.);
#6963 = ORIENTED_EDGE('',*,*,#6894,.F.);
#6964 = ORIENTED_EDGE('',*,*,#6929,.T.);
#6965 = ORIENTED_EDGE('',*,*,#6910,.T.);
#6966 = ORIENTED_EDGE('',*,*,#6870,.F.);
#6967 = ORIENTED_EDGE('',*,*,#6968,.T.);
#6968 = EDGE_CURVE('',#6871,#6969,#6971,.T.);
#6969 = VERTEX_POINT('',#6970);
#6970 = CARTESIAN_POINT('',(-3.964837988529,-4.478894650815,
    4.33651560472));
#6971 = LINE('',#6972,#6973);
#6972 = CARTESIAN_POINT('',(-3.964838109923,-3.090307747614,
    4.336515838819));
#6973 = VECTOR('',#6974,1.);
#6974 = DIRECTION('',(8.742277990872E-08,-1.,-1.685873903924E-07));
#6975 = ORIENTED_EDGE('',*,*,#6976,.F.);
#6976 = EDGE_CURVE('',#6977,#6969,#6979,.T.);
#6977 = VERTEX_POINT('',#6978);
#6978 = CARTESIAN_POINT('',(-4.229218039573,-4.469152713757,
    4.409707462429));
#6979 = B_SPLINE_CURVE_WITH_KNOTS('',3,(#6980,#6981,#6982,#6983),
  .UNSPECIFIED.,.F.,.F.,(4,4),(0.,1.),.PIECEWISE_BEZIER_KNOTS.);
#6980 = CARTESIAN_POINT('',(-4.229218039573,-4.469152713757,
    4.409707462429));
#6981 = CARTESIAN_POINT('',(-4.146483807613,-4.472241277692,
    4.365811682254));
#6982 = CARTESIAN_POINT('',(-4.058356490129,-4.475488608702,
    4.34141668811));
#6983 = CARTESIAN_POINT('',(-3.964837988529,-4.478894650815,
    4.33651560472));
#6984 = ORIENTED_EDGE('',*,*,#6985,.T.);
#6985 = EDGE_CURVE('',#6977,#6986,#6988,.T.);
#6986 = VERTEX_POINT('',#6987);
#6987 = CARTESIAN_POINT('',(-4.565734545791,-4.088404599688,
    5.003878666603));
#6988 = B_SPLINE_CURVE_WITH_KNOTS('',3,(#6989,#6990,#6991,#6992,#6993,
    #6994,#6995,#6996,#6997,#6998,#6999,#7000,#7001,#7002),
  .UNSPECIFIED.,.F.,.F.,(4,1,1,1,1,1,1,1,1,1,1,4),(0.,9.090909090909E-02
    ,0.181818181818,0.272727272727,0.363636363636,0.454545454545,
    0.545454545455,0.636363636364,0.727272727273,0.818181818182,
    0.909090909091,1.),.UNSPECIFIED.);
#6989 = CARTESIAN_POINT('',(-4.229218039573,-4.469152713757,
    4.409707462429));
#6990 = CARTESIAN_POINT('',(-4.24731923675,-4.46847697527,4.419311300567
    ));
#6991 = CARTESIAN_POINT('',(-4.282435695648,-4.464468040004,
    4.440168914009));
#6992 = CARTESIAN_POINT('',(-4.33204018762,-4.451237515582,4.47657091993
    ));
#6993 = CARTESIAN_POINT('',(-4.376360873713,-4.432293815856,
    4.51618429421));
#6994 = CARTESIAN_POINT('',(-4.414797016456,-4.409377339521,
    4.557424972437));
#6995 = CARTESIAN_POINT('',(-4.448313938665,-4.383288958001,
    4.600185084509));
#6996 = CARTESIAN_POINT('',(-4.479690298989,-4.352047368859,
    4.64809868904));
#6997 = CARTESIAN_POINT('',(-4.509473878369,-4.31318721099,
    4.704571409189));
#6998 = CARTESIAN_POINT('',(-4.535384998323,-4.266440519773,
    4.769608710202));
#6999 = CARTESIAN_POINT('',(-4.554921315633,-4.213016590819,
    4.841521812926));
#7000 = CARTESIAN_POINT('',(-4.56631443255,-4.153307862151,
    4.919998877427));
#7001 = CARTESIAN_POINT('',(-4.567225898225,-4.110477401815,
    4.975421844218));
#7002 = CARTESIAN_POINT('',(-4.565734545791,-4.088404599688,
    5.003878666603));
#7003 = ORIENTED_EDGE('',*,*,#7004,.T.);
#7004 = EDGE_CURVE('',#6986,#6955,#7005,.T.);
#7005 = B_SPLINE_CURVE_WITH_KNOTS('',3,(#7006,#7007,#7008,#7009,#7010,
    #7011,#7012,#7013,#7014,#7015,#7016,#7017,#7018,#7019),
  .UNSPECIFIED.,.F.,.F.,(4,1,1,1,1,1,1,1,1,1,1,4),(0.,9.090909090909E-02
    ,0.181818181818,0.272727272727,0.363636363636,0.454545454545,
    0.545454545455,0.636363636364,0.727272727273,0.818181818182,
    0.909090909091,1.),.UNSPECIFIED.);
#7006 = CARTESIAN_POINT('',(-4.565734545791,-4.088404599688,
    5.003878666603));
#7007 = CARTESIAN_POINT('',(-4.564231845672,-4.110645305391,
    5.032551934956));
#7008 = CARTESIAN_POINT('',(-4.557453644585,-4.153782883057,
    5.087969097578));
#7009 = CARTESIAN_POINT('',(-4.537682808466,-4.213855789317,
    5.165298375333));
#7010 = CARTESIAN_POINT('',(-4.510439380983,-4.267510814099,
    5.23509379307));
#7011 = CARTESIAN_POINT('',(-4.477594073247,-4.314319576646,
    5.297184966068));
#7012 = CARTESIAN_POINT('',(-4.441940914421,-4.353041473474,
    5.350098482066));
#7013 = CARTESIAN_POINT('',(-4.40576207872,-4.38404738839,5.394193648345
    ));
#7014 = CARTESIAN_POINT('',(-4.368102050377,-4.409887874169,
    5.432905312843));
#7015 = CARTESIAN_POINT('',(-4.325734040831,-4.432601072329,
    5.469638527363));
#7016 = CARTESIAN_POINT('',(-4.27769376567,-4.451389672678,
    5.504190033413));
#7017 = CARTESIAN_POINT('',(-4.224767934532,-4.46450888305,
    5.535030816278));
#7018 = CARTESIAN_POINT('',(-4.187854519152,-4.468480903955,
    5.552002662188));
#7019 = CARTESIAN_POINT('',(-4.168953883671,-4.46915290235,
    5.559619380768));
#7020 = CYLINDRICAL_SURFACE('',#7021,0.635);
#7021 = AXIS2_PLACEMENT_3D('',#7022,#7023,#7024);
#7022 = CARTESIAN_POINT('',(-3.931604878271,-3.035301303215,
    4.970645607679));
#7023 = DIRECTION('',(8.742277990872E-08,-1.,-1.685873903924E-07));
#7024 = DIRECTION('',(0.998629542657,9.612612758364E-08,
    -5.233580545409E-02));
#7025 = ADVANCED_FACE('',(#7026),#7036,.T.);
#7026 = FACE_BOUND('',#7027,.T.);
#7027 = EDGE_LOOP('',(#7028,#7029,#7035));
#7028 = ORIENTED_EDGE('',*,*,#6985,.F.);
#7029 = ORIENTED_EDGE('',*,*,#7030,.F.);
#7030 = EDGE_CURVE('',#6955,#6977,#7031,.T.);
#7031 = LINE('',#7032,#7033);
#7032 = CARTESIAN_POINT('',(-4.168953883671,-4.46915290235,
    5.559619380768));
#7033 = VECTOR('',#7034,1.);
#7034 = DIRECTION('',(-5.233580545411E-02,1.637810069637E-07,
    -0.998629542657));
#7035 = ORIENTED_EDGE('',*,*,#7004,.F.);
#7036 = CYLINDRICAL_SURFACE('',#7037,0.381);
#7037 = AXIS2_PLACEMENT_3D('',#7038,#7039,#7040);
#7038 = CARTESIAN_POINT('',(-4.061564460736,-4.08840495015,7.34413387807
    ));
#7039 = DIRECTION('',(-5.233580545411E-02,1.637810069637E-07,
    -0.998629542657));
#7040 = DIRECTION('',(0.998629542657,9.612612758364E-08,
    -5.233580545409E-02));
#7041 = ADVANCED_FACE('',(#7042),#7062,.F.);
#7042 = FACE_BOUND('',#7043,.F.);
#7043 = EDGE_LOOP('',(#7044,#7045,#7046,#7047,#7055,#7061));
#7044 = ORIENTED_EDGE('',*,*,#7030,.F.);
#7045 = ORIENTED_EDGE('',*,*,#6954,.F.);
#7046 = ORIENTED_EDGE('',*,*,#6838,.T.);
#7047 = ORIENTED_EDGE('',*,*,#7048,.T.);
#7048 = EDGE_CURVE('',#6807,#7049,#7051,.T.);
#7049 = VERTEX_POINT('',#7050);
#7050 = CARTESIAN_POINT('',(-2.45454650647,-4.533901053837,
    4.257364801728));
#7051 = LINE('',#7052,#7053);
#7052 = CARTESIAN_POINT('',(-2.388080033544,-4.533901261839,
    5.525624320903));
#7053 = VECTOR('',#7054,1.);
#7054 = DIRECTION('',(-5.233580545411E-02,1.637810069637E-07,
    -0.998629542657));
#7055 = ORIENTED_EDGE('',*,*,#7056,.F.);
#7056 = EDGE_CURVE('',#6969,#7049,#7057,.T.);
#7057 = LINE('',#7058,#7059);
#7058 = CARTESIAN_POINT('',(-3.964837988529,-4.478894650815,
    4.33651560472));
#7059 = VECTOR('',#7060,1.);
#7060 = DIRECTION('',(0.997969673601,-3.634710433208E-02,
    -5.230122924329E-02));
#7061 = ORIENTED_EDGE('',*,*,#6976,.F.);
#7062 = PLANE('',#7063);
#7063 = AXIS2_PLACEMENT_3D('',#7064,#7065,#7066);
#7064 = CARTESIAN_POINT('',(-2.388080033544,-4.533901261839,
    5.525624320903));
#7065 = DIRECTION('',(3.6297300742E-02,0.999339225692,
    -1.902091532666E-03));
#7066 = DIRECTION('',(-0.997969673601,3.634710433208E-02,
    5.230122924329E-02));
#7067 = ADVANCED_FACE('',(#7068),#7079,.T.);
#7068 = FACE_BOUND('',#7069,.F.);
#7069 = EDGE_LOOP('',(#7070,#7071,#7072,#7073));
#7070 = ORIENTED_EDGE('',*,*,#6879,.F.);
#7071 = ORIENTED_EDGE('',*,*,#6968,.T.);
#7072 = ORIENTED_EDGE('',*,*,#7056,.T.);
#7073 = ORIENTED_EDGE('',*,*,#7074,.T.);
#7074 = EDGE_CURVE('',#7049,#6880,#7075,.T.);
#7075 = LINE('',#7076,#7077);
#7076 = CARTESIAN_POINT('',(-2.45454650647,-4.533901053837,
    4.257364801728));
#7077 = VECTOR('',#7078,1.);
#7078 = DIRECTION('',(-8.742277990872E-08,1.,1.685873903924E-07));
#7079 = PLANE('',#7080);
#7080 = AXIS2_PLACEMENT_3D('',#7081,#7082,#7083);
#7081 = CARTESIAN_POINT('',(-3.964838114732,-3.035301199214,
    4.336515848092));
#7082 = DIRECTION('',(-5.233580545411E-02,1.637810069637E-07,
    -0.998629542657));
#7083 = DIRECTION('',(0.998629542657,9.612612758364E-08,
    -5.233580545409E-02));
#7084 = SHELL_BASED_SURFACE_MODEL('',(#7085));
#7085 = OPEN_SHELL('',(#7086));
#7086 = ADVANCED_FACE('',(#7087),#7145,.T.);
#7087 = FACE_BOUND('',#7088,.T.);
#7088 = EDGE_LOOP('',(#7089,#7106,#7115,#7123,#7132));
#7089 = ORIENTED_EDGE('',*,*,#7090,.F.);
#7090 = EDGE_CURVE('',#7091,#7093,#7095,.T.);
#7091 = VERTEX_POINT('',#7092);
#7092 = CARTESIAN_POINT('',(0.19803254411,-3.03530052996,2.525439570681)
  );
#7093 = VERTEX_POINT('',#7094);
#7094 = CARTESIAN_POINT('',(0.701999996719,-3.784600503382,
    2.629125231703));
#7095 = B_SPLINE_CURVE_WITH_KNOTS('',3,(#7096,#7097,#7098,#7099,#7100,
    #7101,#7102,#7103,#7104,#7105),.UNSPECIFIED.,.F.,.F.,(4,1,1,1,1,1,1,
    4),(0.,0.142857142857,0.285714285714,0.428571428571,0.571428571429,
    0.714285714286,0.857142857143,1.),.UNSPECIFIED.);
#7096 = CARTESIAN_POINT('',(0.19803254411,-3.03530052996,2.525439570681)
  );
#7097 = CARTESIAN_POINT('',(0.240460339522,-3.053027018337,
    2.529191912196));
#7098 = CARTESIAN_POINT('',(0.321420200172,-3.094958434401,2.53874183121
    ));
#7099 = CARTESIAN_POINT('',(0.433675231325,-3.179536323454,
    2.558078151563));
#7100 = CARTESIAN_POINT('',(0.52838620359,-3.279852693805,2.579085597207
    ));
#7101 = CARTESIAN_POINT('',(0.605911835431,-3.396184013302,
    2.599530705137));
#7102 = CARTESIAN_POINT('',(0.661352220238,-3.520969115123,
    2.616028633166));
#7103 = CARTESIAN_POINT('',(0.695013529206,-3.653837130341,2.62680496146
    ));
#7104 = CARTESIAN_POINT('',(0.701999992897,-3.740883343156,
    2.629125239073));
#7105 = CARTESIAN_POINT('',(0.701999996719,-3.784600503382,
    2.629125231703));
#7106 = ORIENTED_EDGE('',*,*,#7107,.F.);
#7107 = EDGE_CURVE('',#7108,#7091,#7110,.T.);
#7108 = VERTEX_POINT('',#7109);
#7109 = CARTESIAN_POINT('',(0.879355676627,-3.035300499123,2.69583484853
    ));
#7110 = CIRCLE('',#7111,2.2479);
#7111 = AXIS2_PLACEMENT_3D('',#7112,#7113,#7114);
#7112 = CARTESIAN_POINT('',(-3.688287928123E-07,-3.035300924767,
    4.764599541606));
#7113 = DIRECTION('',(-8.742277990872E-08,1.,1.685873903924E-07));
#7114 = DIRECTION('',(0.391190019777,1.893515685595E-07,-0.920309930636)
  );
#7115 = ORIENTED_EDGE('',*,*,#7116,.F.);
#7116 = EDGE_CURVE('',#7117,#7108,#7119,.T.);
#7117 = VERTEX_POINT('',#7118);
#7118 = CARTESIAN_POINT('',(0.879355807639,-4.533900499123,
    2.695834595885));
#7119 = LINE('',#7120,#7121);
#7120 = CARTESIAN_POINT('',(0.879355807639,-4.533900499123,
    2.695834595885));
#7121 = VECTOR('',#7122,1.);
#7122 = DIRECTION('',(-8.742277990872E-08,1.,1.685873903924E-07));
#7123 = ORIENTED_EDGE('',*,*,#7124,.F.);
#7124 = EDGE_CURVE('',#7125,#7117,#7127,.T.);
#7125 = VERTEX_POINT('',#7126);
#7126 = CARTESIAN_POINT('',(0.198032675122,-4.53390052996,2.525439318036
    ));
#7127 = CIRCLE('',#7128,2.2479);
#7128 = AXIS2_PLACEMENT_3D('',#7129,#7130,#7131);
#7129 = CARTESIAN_POINT('',(-2.378170148411E-07,-4.533900924767,
    4.764599288961));
#7130 = DIRECTION('',(8.742277990872E-08,-1.,-1.685873903924E-07));
#7131 = DIRECTION('',(8.809685170101E-02,1.756335797552E-07,
    -0.996111913753));
#7132 = ORIENTED_EDGE('',*,*,#7133,.F.);
#7133 = EDGE_CURVE('',#7093,#7125,#7134,.T.);
#7134 = B_SPLINE_CURVE_WITH_KNOTS('',3,(#7135,#7136,#7137,#7138,#7139,
    #7140,#7141,#7142,#7143,#7144),.UNSPECIFIED.,.F.,.F.,(4,1,1,1,1,1,1,
    4),(0.,0.142857142857,0.285714285714,0.428571428571,0.571428571429,
    0.714285714286,0.857142857143,1.),.UNSPECIFIED.);
#7135 = CARTESIAN_POINT('',(0.701999996719,-3.784600503382,
    2.629125231703));
#7136 = CARTESIAN_POINT('',(0.702000000539,-3.828295911533,
    2.629125224336));
#7137 = CARTESIAN_POINT('',(0.695020817521,-3.915309969525,
    2.626807347886));
#7138 = CARTESIAN_POINT('',(0.661373914648,-4.048170463684,
    2.616035249109));
#7139 = CARTESIAN_POINT('',(0.60593864665,-4.172968993457,2.599538227445
    ));
#7140 = CARTESIAN_POINT('',(0.528408665501,-4.289327336179,
    2.579090097867));
#7141 = CARTESIAN_POINT('',(0.43363194513,-4.389705227111,2.558069126691
    ));
#7142 = CARTESIAN_POINT('',(0.321411299624,-4.474244933517,
    2.538740931445));
#7143 = CARTESIAN_POINT('',(0.240455905201,-4.516175941551,2.52919126204
    ));
#7144 = CARTESIAN_POINT('',(0.198032675122,-4.53390052996,2.525439318036
    ));
#7145 = CYLINDRICAL_SURFACE('',#7146,2.2479);
#7146 = AXIS2_PLACEMENT_3D('',#7147,#7148,#7149);
#7147 = CARTESIAN_POINT('',(-3.688287928123E-07,-3.035300924767,
    4.764599541606));
#7148 = DIRECTION('',(8.742277990872E-08,-1.,-1.685873903924E-07));
#7149 = DIRECTION('',(0.998629542657,9.612612758364E-08,
    -5.233580545409E-02));
#7150 = SHELL_BASED_SURFACE_MODEL('',(#7151));
#7151 = OPEN_SHELL('',(#7152));
#7152 = ADVANCED_FACE('',(#7153),#7211,.T.);
#7153 = FACE_BOUND('',#7154,.T.);
#7154 = EDGE_LOOP('',(#7155,#7166,#7174,#7183,#7198));
#7155 = ORIENTED_EDGE('',*,*,#7156,.F.);
#7156 = EDGE_CURVE('',#7157,#7159,#7161,.T.);
#7157 = VERTEX_POINT('',#7158);
#7158 = CARTESIAN_POINT('',(-2.115865258416,-4.533900981774,
    4.005540908727));
#7159 = VERTEX_POINT('',#7160);
#7160 = CARTESIAN_POINT('',(-0.431003590258,-4.53390059051,
    2.558405616551));
#7161 = CIRCLE('',#7162,2.2479);
#7162 = AXIS2_PLACEMENT_3D('',#7163,#7164,#7165);
#7163 = CARTESIAN_POINT('',(-2.378170148411E-07,-4.533900924767,
    4.764599288961));
#7164 = DIRECTION('',(8.742277990872E-08,-1.,-1.685873903924E-07));
#7165 = DIRECTION('',(-0.941262965701,-2.536017195307E-08,
    -0.337674442917));
#7166 = ORIENTED_EDGE('',*,*,#7167,.F.);
#7167 = EDGE_CURVE('',#7168,#7157,#7170,.T.);
#7168 = VERTEX_POINT('',#7169);
#7169 = CARTESIAN_POINT('',(-2.115865389428,-3.035300981774,
    4.005541161372));
#7170 = LINE('',#7171,#7172);
#7171 = CARTESIAN_POINT('',(-2.115865389428,-3.035300981774,
    4.005541161372));
#7172 = VECTOR('',#7173,1.);
#7173 = DIRECTION('',(8.742277990872E-08,-1.,-1.685873903924E-07));
#7174 = ORIENTED_EDGE('',*,*,#7175,.F.);
#7175 = EDGE_CURVE('',#7176,#7168,#7178,.T.);
#7176 = VERTEX_POINT('',#7177);
#7177 = CARTESIAN_POINT('',(-0.431003721269,-3.03530059051,
    2.558405869196));
#7178 = CIRCLE('',#7179,2.2479);
#7179 = AXIS2_PLACEMENT_3D('',#7180,#7181,#7182);
#7180 = CARTESIAN_POINT('',(-3.688287928123E-07,-3.035300924767,
    4.764599541606));
#7181 = DIRECTION('',(-8.742277990872E-08,1.,1.685873903924E-07));
#7182 = DIRECTION('',(-0.191735999128,1.486974165717E-07,-0.98144653784)
  );
#7183 = ORIENTED_EDGE('',*,*,#7184,.F.);
#7184 = EDGE_CURVE('',#7185,#7176,#7187,.T.);
#7185 = VERTEX_POINT('',#7186);
#7186 = CARTESIAN_POINT('',(-0.921372187824,-3.784600659645,
    2.714202317049));
#7187 = B_SPLINE_CURVE_WITH_KNOTS('',3,(#7188,#7189,#7190,#7191,#7192,
    #7193,#7194,#7195,#7196,#7197),.UNSPECIFIED.,.F.,.F.,(4,1,1,1,1,1,1,
    4),(0.,0.142857142857,0.285714285714,0.428571428571,0.571428571429,
    0.714285714286,0.857142857143,1.),.UNSPECIFIED.);
#7188 = CARTESIAN_POINT('',(-0.921372187824,-3.784600659645,
    2.714202317049));
#7189 = CARTESIAN_POINT('',(-0.921372191644,-3.740904873127,
    2.714202324416));
#7190 = CARTESIAN_POINT('',(-0.91467347862,-3.653890698068,
    2.711167627251));
#7191 = CARTESIAN_POINT('',(-0.882336757286,-3.521030969169,
    2.696937504581));
#7192 = CARTESIAN_POINT('',(-0.828932304244,-3.396237090821,
    2.674737430918));
#7193 = CARTESIAN_POINT('',(-0.753962943679,-3.279874829512,
    2.646296613005));
#7194 = CARTESIAN_POINT('',(-0.661902836986,-3.17949731306,
    2.615484061258));
#7195 = CARTESIAN_POINT('',(-0.552320557302,-3.094959088603,
    2.58453228704));
#7196 = CARTESIAN_POINT('',(-0.47280443981,-3.053026058452,
    2.566572080588));
#7197 = CARTESIAN_POINT('',(-0.431003721269,-3.03530059051,
    2.558405869196));
#7198 = ORIENTED_EDGE('',*,*,#7199,.F.);
#7199 = EDGE_CURVE('',#7159,#7185,#7200,.T.);
#7200 = B_SPLINE_CURVE_WITH_KNOTS('',3,(#7201,#7202,#7203,#7204,#7205,
    #7206,#7207,#7208,#7209,#7210),.UNSPECIFIED.,.F.,.F.,(4,1,1,1,1,1,1,
    4),(0.,0.142857142857,0.285714285714,0.428571428571,0.571428571429,
    0.714285714286,0.857142857143,1.),.UNSPECIFIED.);
#7201 = CARTESIAN_POINT('',(-0.431003590258,-4.53390059051,
    2.558405616551));
#7202 = CARTESIAN_POINT('',(-0.472804502031,-4.516175052006,
    2.566571871064));
#7203 = CARTESIAN_POINT('',(-0.552319998858,-4.474245815752,
    2.584531267118));
#7204 = CARTESIAN_POINT('',(-0.661942205791,-4.389666545082,
    2.615496216975));
#7205 = CARTESIAN_POINT('',(-0.753938734893,-4.289349742125,
    2.646288677556));
#7206 = CARTESIAN_POINT('',(-0.828901090417,-4.17302252123,
    2.674724749746));
#7207 = CARTESIAN_POINT('',(-0.882316390147,-4.048231956095,
    2.696928664133));
#7208 = CARTESIAN_POINT('',(-0.914666679707,-3.915362809315,
    2.711164506277));
#7209 = CARTESIAN_POINT('',(-0.921372184003,-3.828317111234,
    2.714202309679));
#7210 = CARTESIAN_POINT('',(-0.921372187824,-3.784600659645,
    2.714202317049));
#7211 = CYLINDRICAL_SURFACE('',#7212,2.2479);
#7212 = AXIS2_PLACEMENT_3D('',#7213,#7214,#7215);
#7213 = CARTESIAN_POINT('',(-3.688287928123E-07,-3.035300924767,
    4.764599541606));
#7214 = DIRECTION('',(8.742277990872E-08,-1.,-1.685873903924E-07));
#7215 = DIRECTION('',(0.998629542657,9.612612758364E-08,
    -5.233580545409E-02));
#7216 = ( GEOMETRIC_REPRESENTATION_CONTEXT(3) 
GLOBAL_UNCERTAINTY_ASSIGNED_CONTEXT((#7220)) 
GLOBAL_UNIT_ASSIGNED_CONTEXT((#7217,#7218,#7219)) REPRESENTATION_CONTEXT
('Context #1','3D Context with UNIT and UNCERTAINTY') );
#7217 = ( LENGTH_UNIT() NAMED_UNIT(*) SI_UNIT(.MILLI.,.METRE.) );
#7218 = ( NAMED_UNIT(*) PLANE_ANGLE_UNIT() SI_UNIT($,.RADIAN.) );
#7219 = ( NAMED_UNIT(*) SI_UNIT($,.STERADIAN.) SOLID_ANGLE_UNIT() );
#7220 = UNCERTAINTY_MEASURE_WITH_UNIT(LENGTH_MEASURE(2.E-04),#7217,
  'distance_accuracy_value','confusion accuracy');
#7221 = CONTEXT_DEPENDENT_SHAPE_REPRESENTATION(#7222,#7224);
#7222 = ( REPRESENTATION_RELATIONSHIP('','',#6747,#10) 
REPRESENTATION_RELATIONSHIP_WITH_TRANSFORMATION(#7223) 
SHAPE_REPRESENTATION_RELATIONSHIP() );
#7223 = ITEM_DEFINED_TRANSFORMATION('','',#11,#67);
#7224 = PRODUCT_DEFINITION_SHAPE('Placement','Placement of an item',
  #7225);
#7225 = NEXT_ASSEMBLY_USAGE_OCCURRENCE('14','LinkGroup001.13','',#5,
  #6742,$);
#7226 = PRODUCT_RELATED_PRODUCT_CATEGORY('part',$,(#6744));
#7227 = SHAPE_DEFINITION_REPRESENTATION(#7228,#7234);
#7228 = PRODUCT_DEFINITION_SHAPE('','',#7229);
#7229 = PRODUCT_DEFINITION('design','',#7230,#7233);
#7230 = PRODUCT_DEFINITION_FORMATION('','',#7231);
#7231 = PRODUCT('LinkGroup001.14','LinkGroup001.14','',(#7232));
#7232 = PRODUCT_CONTEXT('',#2,'mechanical');
#7233 = PRODUCT_DEFINITION_CONTEXT('part definition',#2,'design');
#7234 = MANIFOLD_SURFACE_SHAPE_REPRESENTATION('',(#11,#7235),#7277);
#7235 = SHELL_BASED_SURFACE_MODEL('',(#7236));
#7236 = OPEN_SHELL('',(#7237));
#7237 = ADVANCED_FACE('',(#7238),#7272,.T.);
#7238 = FACE_BOUND('',#7239,.F.);
#7239 = EDGE_LOOP('',(#7240,#7250,#7258,#7266));
#7240 = ORIENTED_EDGE('',*,*,#7241,.T.);
#7241 = EDGE_CURVE('',#7242,#7244,#7246,.T.);
#7242 = VERTEX_POINT('',#7243);
#7243 = CARTESIAN_POINT('',(-1.981200764001,5.740399317397,
    2.300800721926));
#7244 = VERTEX_POINT('',#7245);
#7245 = CARTESIAN_POINT('',(-1.98120153106,5.740398460973,7.380800721926
    ));
#7246 = LINE('',#7247,#7248);
#7247 = CARTESIAN_POINT('',(-1.981200764001,5.740399317397,
    2.300800721926));
#7248 = VECTOR('',#7249,1.);
#7249 = DIRECTION('',(-1.509957643573E-07,-1.685874035928E-07,1.));
#7250 = ORIENTED_EDGE('',*,*,#7251,.T.);
#7251 = EDGE_CURVE('',#7244,#7252,#7254,.T.);
#7252 = VERTEX_POINT('',#7253);
#7253 = CARTESIAN_POINT('',(-1.981200531818,-5.689601539027,
    7.380798794972));
#7254 = LINE('',#7255,#7256);
#7255 = CARTESIAN_POINT('',(-1.98120153106,5.740398460973,7.380800721926
    ));
#7256 = VECTOR('',#7257,1.);
#7257 = DIRECTION('',(8.742277990872E-08,-1.,-1.685873903924E-07));
#7258 = ORIENTED_EDGE('',*,*,#7259,.T.);
#7259 = EDGE_CURVE('',#7252,#7260,#7262,.T.);
#7260 = VERTEX_POINT('',#7261);
#7261 = CARTESIAN_POINT('',(-1.981199764759,-5.689600682603,
    2.300798794972));
#7262 = LINE('',#7263,#7264);
#7263 = CARTESIAN_POINT('',(-1.981200531818,-5.689601539027,
    7.380798794972));
#7264 = VECTOR('',#7265,1.);
#7265 = DIRECTION('',(1.509957643573E-07,1.685874035928E-07,-1.));
#7266 = ORIENTED_EDGE('',*,*,#7267,.T.);
#7267 = EDGE_CURVE('',#7260,#7242,#7268,.T.);
#7268 = LINE('',#7269,#7270);
#7269 = CARTESIAN_POINT('',(-1.981199764759,-5.689600682603,
    2.300798794972));
#7270 = VECTOR('',#7271,1.);
#7271 = DIRECTION('',(-8.742277990872E-08,1.,1.685873903924E-07));
#7272 = PLANE('',#7273);
#7273 = AXIS2_PLACEMENT_3D('',#7274,#7275,#7276);
#7274 = CARTESIAN_POINT('',(-1.98120153106,5.740398460973,7.380800721926
    ));
#7275 = DIRECTION('',(-1.,-8.742275445273E-08,-1.509957790957E-07));
#7276 = DIRECTION('',(1.509957643573E-07,1.685874035928E-07,-1.));
#7277 = ( GEOMETRIC_REPRESENTATION_CONTEXT(3) 
GLOBAL_UNCERTAINTY_ASSIGNED_CONTEXT((#7281)) 
GLOBAL_UNIT_ASSIGNED_CONTEXT((#7278,#7279,#7280)) REPRESENTATION_CONTEXT
('Context #1','3D Context with UNIT and UNCERTAINTY') );
#7278 = ( LENGTH_UNIT() NAMED_UNIT(*) SI_UNIT(.MILLI.,.METRE.) );
#7279 = ( NAMED_UNIT(*) PLANE_ANGLE_UNIT() SI_UNIT($,.RADIAN.) );
#7280 = ( NAMED_UNIT(*) SI_UNIT($,.STERADIAN.) SOLID_ANGLE_UNIT() );
#7281 = UNCERTAINTY_MEASURE_WITH_UNIT(LENGTH_MEASURE(1.E-07),#7278,
  'distance_accuracy_value','confusion accuracy');
#7282 = CONTEXT_DEPENDENT_SHAPE_REPRESENTATION(#7283,#7285);
#7283 = ( REPRESENTATION_RELATIONSHIP('','',#7234,#10) 
REPRESENTATION_RELATIONSHIP_WITH_TRANSFORMATION(#7284) 
SHAPE_REPRESENTATION_RELATIONSHIP() );
#7284 = ITEM_DEFINED_TRANSFORMATION('','',#11,#71);
#7285 = PRODUCT_DEFINITION_SHAPE('Placement','Placement of an item',
  #7286);
#7286 = NEXT_ASSEMBLY_USAGE_OCCURRENCE('15','LinkGroup001.14','',#5,
  #7229,$);
#7287 = PRODUCT_RELATED_PRODUCT_CATEGORY('part',$,(#7231));
#7288 = MECHANICAL_DESIGN_GEOMETRIC_PRESENTATION_REPRESENTATION('',(
    #7289,#7300,#7309),#7216);
#7289 = STYLED_ITEM('color',(#7290),#6748);
#7290 = PRESENTATION_STYLE_ASSIGNMENT((#7291,#7297));
#7291 = SURFACE_STYLE_USAGE(.BOTH.,#7292);
#7292 = SURFACE_SIDE_STYLE('',(#7293));
#7293 = SURFACE_STYLE_FILL_AREA(#7294);
#7294 = FILL_AREA_STYLE('',(#7295));
#7295 = FILL_AREA_STYLE_COLOUR('',#7296);
#7296 = COLOUR_RGB('',0.968627457133,0.968627457133,0.968627457133);
#7297 = CURVE_STYLE('',#7298,POSITIVE_LENGTH_MEASURE(0.1),#7299);
#7298 = DRAUGHTING_PRE_DEFINED_CURVE_FONT('continuous');
#7299 = COLOUR_RGB('',9.803921802644E-02,9.803921802644E-02,
  9.803921802644E-02);
#7300 = STYLED_ITEM('color',(#7301),#7084);
#7301 = PRESENTATION_STYLE_ASSIGNMENT((#7302,#7307));
#7302 = SURFACE_STYLE_USAGE(.BOTH.,#7303);
#7303 = SURFACE_SIDE_STYLE('',(#7304));
#7304 = SURFACE_STYLE_FILL_AREA(#7305);
#7305 = FILL_AREA_STYLE('',(#7306));
#7306 = FILL_AREA_STYLE_COLOUR('',#7296);
#7307 = CURVE_STYLE('',#7308,POSITIVE_LENGTH_MEASURE(0.1),#7299);
#7308 = DRAUGHTING_PRE_DEFINED_CURVE_FONT('continuous');
#7309 = STYLED_ITEM('color',(#7310),#7150);
#7310 = PRESENTATION_STYLE_ASSIGNMENT((#7311,#7316));
#7311 = SURFACE_STYLE_USAGE(.BOTH.,#7312);
#7312 = SURFACE_SIDE_STYLE('',(#7313));
#7313 = SURFACE_STYLE_FILL_AREA(#7314);
#7314 = FILL_AREA_STYLE('',(#7315));
#7315 = FILL_AREA_STYLE_COLOUR('',#7296);
#7316 = CURVE_STYLE('',#7317,POSITIVE_LENGTH_MEASURE(0.1),#7299);
#7317 = DRAUGHTING_PRE_DEFINED_CURVE_FONT('continuous');
#7318 = MECHANICAL_DESIGN_GEOMETRIC_PRESENTATION_REPRESENTATION('',(
    #7319),#1346);
#7319 = STYLED_ITEM('color',(#7320),#1046);
#7320 = PRESENTATION_STYLE_ASSIGNMENT((#7321,#7327));
#7321 = SURFACE_STYLE_USAGE(.BOTH.,#7322);
#7322 = SURFACE_SIDE_STYLE('',(#7323));
#7323 = SURFACE_STYLE_FILL_AREA(#7324);
#7324 = FILL_AREA_STYLE('',(#7325));
#7325 = FILL_AREA_STYLE_COLOUR('',#7326);
#7326 = COLOUR_RGB('',0.800000010877,0.800000010877,0.90196104065);
#7327 = CURVE_STYLE('',#7328,POSITIVE_LENGTH_MEASURE(0.1),#7299);
#7328 = DRAUGHTING_PRE_DEFINED_CURVE_FONT('continuous');
#7329 = MECHANICAL_DESIGN_GEOMETRIC_PRESENTATION_REPRESENTATION('',(
    #7330),#1027);
#7330 = STYLED_ITEM('color',(#7331),#727);
#7331 = PRESENTATION_STYLE_ASSIGNMENT((#7332,#7337));
#7332 = SURFACE_STYLE_USAGE(.BOTH.,#7333);
#7333 = SURFACE_SIDE_STYLE('',(#7334));
#7334 = SURFACE_STYLE_FILL_AREA(#7335);
#7335 = FILL_AREA_STYLE('',(#7336));
#7336 = FILL_AREA_STYLE_COLOUR('',#7326);
#7337 = CURVE_STYLE('',#7338,POSITIVE_LENGTH_MEASURE(0.1),#7299);
#7338 = DRAUGHTING_PRE_DEFINED_CURVE_FONT('continuous');
#7339 = MECHANICAL_DESIGN_GEOMETRIC_PRESENTATION_REPRESENTATION('',(
    #7340),#2303);
#7340 = STYLED_ITEM('color',(#7341),#2003);
#7341 = PRESENTATION_STYLE_ASSIGNMENT((#7342,#7347));
#7342 = SURFACE_STYLE_USAGE(.BOTH.,#7343);
#7343 = SURFACE_SIDE_STYLE('',(#7344));
#7344 = SURFACE_STYLE_FILL_AREA(#7345);
#7345 = FILL_AREA_STYLE('',(#7346));
#7346 = FILL_AREA_STYLE_COLOUR('',#7326);
#7347 = CURVE_STYLE('',#7348,POSITIVE_LENGTH_MEASURE(0.1),#7299);
#7348 = DRAUGHTING_PRE_DEFINED_CURVE_FONT('continuous');
#7349 = MECHANICAL_DESIGN_GEOMETRIC_PRESENTATION_REPRESENTATION('',(
    #7350),#5268);
#7350 = STYLED_ITEM('color',(#7351),#5226);
#7351 = PRESENTATION_STYLE_ASSIGNMENT((#7352,#7358));
#7352 = SURFACE_STYLE_USAGE(.BOTH.,#7353);
#7353 = SURFACE_SIDE_STYLE('',(#7354));
#7354 = SURFACE_STYLE_FILL_AREA(#7355);
#7355 = FILL_AREA_STYLE('',(#7356));
#7356 = FILL_AREA_STYLE_COLOUR('',#7357);
#7357 = COLOUR_RGB('',0.156862749342,0.156862749342,0.156862749342);
#7358 = CURVE_STYLE('',#7359,POSITIVE_LENGTH_MEASURE(0.1),#7299);
#7359 = DRAUGHTING_PRE_DEFINED_CURVE_FONT('continuous');
#7360 = MECHANICAL_DESIGN_GEOMETRIC_PRESENTATION_REPRESENTATION('',(
    #7361),#1984);
#7361 = STYLED_ITEM('color',(#7362),#1684);
#7362 = PRESENTATION_STYLE_ASSIGNMENT((#7363,#7368));
#7363 = SURFACE_STYLE_USAGE(.BOTH.,#7364);
#7364 = SURFACE_SIDE_STYLE('',(#7365));
#7365 = SURFACE_STYLE_FILL_AREA(#7366);
#7366 = FILL_AREA_STYLE('',(#7367));
#7367 = FILL_AREA_STYLE_COLOUR('',#7326);
#7368 = CURVE_STYLE('',#7369,POSITIVE_LENGTH_MEASURE(0.1),#7299);
#7369 = DRAUGHTING_PRE_DEFINED_CURVE_FONT('continuous');
#7370 = MECHANICAL_DESIGN_GEOMETRIC_PRESENTATION_REPRESENTATION('',(
    #7371,#7380,#7389),#6729);
#7371 = STYLED_ITEM('color',(#7372),#6261);
#7372 = PRESENTATION_STYLE_ASSIGNMENT((#7373,#7378));
#7373 = SURFACE_STYLE_USAGE(.BOTH.,#7374);
#7374 = SURFACE_SIDE_STYLE('',(#7375));
#7375 = SURFACE_STYLE_FILL_AREA(#7376);
#7376 = FILL_AREA_STYLE('',(#7377));
#7377 = FILL_AREA_STYLE_COLOUR('',#7296);
#7378 = CURVE_STYLE('',#7379,POSITIVE_LENGTH_MEASURE(0.1),#7299);
#7379 = DRAUGHTING_PRE_DEFINED_CURVE_FONT('continuous');
#7380 = STYLED_ITEM('color',(#7381),#6597);
#7381 = PRESENTATION_STYLE_ASSIGNMENT((#7382,#7387));
#7382 = SURFACE_STYLE_USAGE(.BOTH.,#7383);
#7383 = SURFACE_SIDE_STYLE('',(#7384));
#7384 = SURFACE_STYLE_FILL_AREA(#7385);
#7385 = FILL_AREA_STYLE('',(#7386));
#7386 = FILL_AREA_STYLE_COLOUR('',#7296);
#7387 = CURVE_STYLE('',#7388,POSITIVE_LENGTH_MEASURE(0.1),#7299);
#7388 = DRAUGHTING_PRE_DEFINED_CURVE_FONT('continuous');
#7389 = STYLED_ITEM('color',(#7390),#6663);
#7390 = PRESENTATION_STYLE_ASSIGNMENT((#7391,#7396));
#7391 = SURFACE_STYLE_USAGE(.BOTH.,#7392);
#7392 = SURFACE_SIDE_STYLE('',(#7393));
#7393 = SURFACE_STYLE_FILL_AREA(#7394);
#7394 = FILL_AREA_STYLE('',(#7395));
#7395 = FILL_AREA_STYLE_COLOUR('',#7296);
#7396 = CURVE_STYLE('',#7397,POSITIVE_LENGTH_MEASURE(0.1),#7299);
#7397 = DRAUGHTING_PRE_DEFINED_CURVE_FONT('continuous');
#7398 = MECHANICAL_DESIGN_GEOMETRIC_PRESENTATION_REPRESENTATION('',(
    #7399),#708);
#7399 = STYLED_ITEM('color',(#7400),#408);
#7400 = PRESENTATION_STYLE_ASSIGNMENT((#7401,#7406));
#7401 = SURFACE_STYLE_USAGE(.BOTH.,#7402);
#7402 = SURFACE_SIDE_STYLE('',(#7403));
#7403 = SURFACE_STYLE_FILL_AREA(#7404);
#7404 = FILL_AREA_STYLE('',(#7405));
#7405 = FILL_AREA_STYLE_COLOUR('',#7326);
#7406 = CURVE_STYLE('',#7407,POSITIVE_LENGTH_MEASURE(0.1),#7299);
#7407 = DRAUGHTING_PRE_DEFINED_CURVE_FONT('continuous');
#7408 = MECHANICAL_DESIGN_GEOMETRIC_PRESENTATION_REPRESENTATION('',(
    #7409),#389);
#7409 = STYLED_ITEM('color',(#7410),#89);
#7410 = PRESENTATION_STYLE_ASSIGNMENT((#7411,#7416));
#7411 = SURFACE_STYLE_USAGE(.BOTH.,#7412);
#7412 = SURFACE_SIDE_STYLE('',(#7413));
#7413 = SURFACE_STYLE_FILL_AREA(#7414);
#7414 = FILL_AREA_STYLE('',(#7415));
#7415 = FILL_AREA_STYLE_COLOUR('',#7326);
#7416 = CURVE_STYLE('',#7417,POSITIVE_LENGTH_MEASURE(0.1),#7299);
#7417 = DRAUGHTING_PRE_DEFINED_CURVE_FONT('continuous');
#7418 = MECHANICAL_DESIGN_GEOMETRIC_PRESENTATION_REPRESENTATION('',(
    #7419),#5207);
#7419 = STYLED_ITEM('color',(#7420),#2641);
#7420 = PRESENTATION_STYLE_ASSIGNMENT((#7421,#7427));
#7421 = SURFACE_STYLE_USAGE(.BOTH.,#7422);
#7422 = SURFACE_SIDE_STYLE('',(#7423));
#7423 = SURFACE_STYLE_FILL_AREA(#7424);
#7424 = FILL_AREA_STYLE('',(#7425));
#7425 = FILL_AREA_STYLE_COLOUR('',#7426);
#7426 = DRAUGHTING_PRE_DEFINED_COLOUR('red');
#7427 = CURVE_STYLE('',#7428,POSITIVE_LENGTH_MEASURE(0.1),#7299);
#7428 = DRAUGHTING_PRE_DEFINED_CURVE_FONT('continuous');
#7429 = MECHANICAL_DESIGN_GEOMETRIC_PRESENTATION_REPRESENTATION('',(
    #7430),#7277);
#7430 = STYLED_ITEM('color',(#7431),#7235);
#7431 = PRESENTATION_STYLE_ASSIGNMENT((#7432,#7437));
#7432 = SURFACE_STYLE_USAGE(.BOTH.,#7433);
#7433 = SURFACE_SIDE_STYLE('',(#7434));
#7434 = SURFACE_STYLE_FILL_AREA(#7435);
#7435 = FILL_AREA_STYLE('',(#7436));
#7436 = FILL_AREA_STYLE_COLOUR('',#7296);
#7437 = CURVE_STYLE('',#7438,POSITIVE_LENGTH_MEASURE(0.1),#7299);
#7438 = DRAUGHTING_PRE_DEFINED_CURVE_FONT('continuous');
#7439 = MECHANICAL_DESIGN_GEOMETRIC_PRESENTATION_REPRESENTATION('',(
    #7440,#7449,#7458),#5755);
#7440 = STYLED_ITEM('color',(#7441),#5287);
#7441 = PRESENTATION_STYLE_ASSIGNMENT((#7442,#7447));
#7442 = SURFACE_STYLE_USAGE(.BOTH.,#7443);
#7443 = SURFACE_SIDE_STYLE('',(#7444));
#7444 = SURFACE_STYLE_FILL_AREA(#7445);
#7445 = FILL_AREA_STYLE('',(#7446));
#7446 = FILL_AREA_STYLE_COLOUR('',#7296);
#7447 = CURVE_STYLE('',#7448,POSITIVE_LENGTH_MEASURE(0.1),#7299);
#7448 = DRAUGHTING_PRE_DEFINED_CURVE_FONT('continuous');
#7449 = STYLED_ITEM('color',(#7450),#5623);
#7450 = PRESENTATION_STYLE_ASSIGNMENT((#7451,#7456));
#7451 = SURFACE_STYLE_USAGE(.BOTH.,#7452);
#7452 = SURFACE_SIDE_STYLE('',(#7453));
#7453 = SURFACE_STYLE_FILL_AREA(#7454);
#7454 = FILL_AREA_STYLE('',(#7455));
#7455 = FILL_AREA_STYLE_COLOUR('',#7296);
#7456 = CURVE_STYLE('',#7457,POSITIVE_LENGTH_MEASURE(0.1),#7299);
#7457 = DRAUGHTING_PRE_DEFINED_CURVE_FONT('continuous');
#7458 = STYLED_ITEM('color',(#7459),#5689);
#7459 = PRESENTATION_STYLE_ASSIGNMENT((#7460,#7465));
#7460 = SURFACE_STYLE_USAGE(.BOTH.,#7461);
#7461 = SURFACE_SIDE_STYLE('',(#7462));
#7462 = SURFACE_STYLE_FILL_AREA(#7463);
#7463 = FILL_AREA_STYLE('',(#7464));
#7464 = FILL_AREA_STYLE_COLOUR('',#7296);
#7465 = CURVE_STYLE('',#7466,POSITIVE_LENGTH_MEASURE(0.1),#7299);
#7466 = DRAUGHTING_PRE_DEFINED_CURVE_FONT('continuous');
#7467 = MECHANICAL_DESIGN_GEOMETRIC_PRESENTATION_REPRESENTATION('',(
    #7468),#2622);
#7468 = STYLED_ITEM('color',(#7469),#2322);
#7469 = PRESENTATION_STYLE_ASSIGNMENT((#7470,#7475));
#7470 = SURFACE_STYLE_USAGE(.BOTH.,#7471);
#7471 = SURFACE_SIDE_STYLE('',(#7472));
#7472 = SURFACE_STYLE_FILL_AREA(#7473);
#7473 = FILL_AREA_STYLE('',(#7474));
#7474 = FILL_AREA_STYLE_COLOUR('',#7326);
#7475 = CURVE_STYLE('',#7476,POSITIVE_LENGTH_MEASURE(0.1),#7299);
#7476 = DRAUGHTING_PRE_DEFINED_CURVE_FONT('continuous');
#7477 = MECHANICAL_DESIGN_GEOMETRIC_PRESENTATION_REPRESENTATION('',(
    #7478),#1665);
#7478 = STYLED_ITEM('color',(#7479),#1365);
#7479 = PRESENTATION_STYLE_ASSIGNMENT((#7480,#7485));
#7480 = SURFACE_STYLE_USAGE(.BOTH.,#7481);
#7481 = SURFACE_SIDE_STYLE('',(#7482));
#7482 = SURFACE_STYLE_FILL_AREA(#7483);
#7483 = FILL_AREA_STYLE('',(#7484));
#7484 = FILL_AREA_STYLE_COLOUR('',#7326);
#7485 = CURVE_STYLE('',#7486,POSITIVE_LENGTH_MEASURE(0.1),#7299);
#7486 = DRAUGHTING_PRE_DEFINED_CURVE_FONT('continuous');
#7487 = MECHANICAL_DESIGN_GEOMETRIC_PRESENTATION_REPRESENTATION('',(
    #7488,#7497,#7506),#6242);
#7488 = STYLED_ITEM('color',(#7489),#5774);
#7489 = PRESENTATION_STYLE_ASSIGNMENT((#7490,#7495));
#7490 = SURFACE_STYLE_USAGE(.BOTH.,#7491);
#7491 = SURFACE_SIDE_STYLE('',(#7492));
#7492 = SURFACE_STYLE_FILL_AREA(#7493);
#7493 = FILL_AREA_STYLE('',(#7494));
#7494 = FILL_AREA_STYLE_COLOUR('',#7296);
#7495 = CURVE_STYLE('',#7496,POSITIVE_LENGTH_MEASURE(0.1),#7299);
#7496 = DRAUGHTING_PRE_DEFINED_CURVE_FONT('continuous');
#7497 = STYLED_ITEM('color',(#7498),#6110);
#7498 = PRESENTATION_STYLE_ASSIGNMENT((#7499,#7504));
#7499 = SURFACE_STYLE_USAGE(.BOTH.,#7500);
#7500 = SURFACE_SIDE_STYLE('',(#7501));
#7501 = SURFACE_STYLE_FILL_AREA(#7502);
#7502 = FILL_AREA_STYLE('',(#7503));
#7503 = FILL_AREA_STYLE_COLOUR('',#7296);
#7504 = CURVE_STYLE('',#7505,POSITIVE_LENGTH_MEASURE(0.1),#7299);
#7505 = DRAUGHTING_PRE_DEFINED_CURVE_FONT('continuous');
#7506 = STYLED_ITEM('color',(#7507),#6176);
#7507 = PRESENTATION_STYLE_ASSIGNMENT((#7508,#7513));
#7508 = SURFACE_STYLE_USAGE(.BOTH.,#7509);
#7509 = SURFACE_SIDE_STYLE('',(#7510));
#7510 = SURFACE_STYLE_FILL_AREA(#7511);
#7511 = FILL_AREA_STYLE('',(#7512));
#7512 = FILL_AREA_STYLE_COLOUR('',#7296);
#7513 = CURVE_STYLE('',#7514,POSITIVE_LENGTH_MEASURE(0.1),#7299);
#7514 = DRAUGHTING_PRE_DEFINED_CURVE_FONT('continuous');
ENDSEC;
END-ISO-10303-21;
