ISO-10303-21;
HEADER;
FILE_DESCRIPTION((''),'2;1');
FILE_NAME('76PSB04ST_SW0002','2019-10-29T',('erenkor'),(''),
'PRO/ENGINEER BY PARAMETRIC TECHNOLOGY CORPORATION, 2016100',
'PRO/ENGINEER BY PARAMETRIC TECHNOLOGY CORPORATION, 2016100','');
FILE_SCHEMA(('CONFIG_CONTROL_DESIGN'));
ENDSEC;
DATA;
#1=DIRECTION('',(0.E0,-1.E0,0.E0));
#2=VECTOR('',#1,7.5E-3);
#3=CARTESIAN_POINT('',(1.635E-1,-6.4E-2,-1.9E-2));
#4=LINE('',#3,#2);
#5=DIRECTION('',(0.E0,0.E0,-1.E0));
#6=VECTOR('',#5,7.E-3);
#7=CARTESIAN_POINT('',(1.635E-1,-7.15E-2,-1.9E-2));
#8=LINE('',#7,#6);
#9=DIRECTION('',(0.E0,-1.E0,0.E0));
#10=VECTOR('',#9,1.428718707890E-2);
#11=CARTESIAN_POINT('',(1.635E-1,-7.15E-2,-2.6E-2));
#12=LINE('',#11,#10);
#13=DIRECTION('',(0.E0,1.E0,0.E0));
#14=VECTOR('',#13,1.535E-1);
#15=CARTESIAN_POINT('',(1.635E-1,-2.67E-1,-1.E-2));
#16=LINE('',#15,#14);
#17=DIRECTION('',(0.E0,1.E0,0.E0));
#18=VECTOR('',#17,1.535E-1);
#19=CARTESIAN_POINT('',(1.635E-1,-2.67E-1,1.E-2));
#20=LINE('',#19,#18);
#21=DIRECTION('',(0.E0,1.E0,0.E0));
#22=VECTOR('',#21,1.428718707890E-2);
#23=CARTESIAN_POINT('',(1.635E-1,-8.578718707890E-2,2.6E-2));
#24=LINE('',#23,#22);
#25=DIRECTION('',(0.E0,0.E0,-1.E0));
#26=VECTOR('',#25,7.E-3);
#27=CARTESIAN_POINT('',(1.635E-1,-7.15E-2,2.6E-2));
#28=LINE('',#27,#26);
#29=DIRECTION('',(0.E0,1.E0,0.E0));
#30=VECTOR('',#29,7.5E-3);
#31=CARTESIAN_POINT('',(1.635E-1,-7.15E-2,1.9E-2));
#32=LINE('',#31,#30);
#33=DIRECTION('',(0.E0,0.E0,-1.E0));
#34=VECTOR('',#33,3.8E-2);
#35=CARTESIAN_POINT('',(1.635E-1,-6.4E-2,1.9E-2));
#36=LINE('',#35,#34);
#37=DIRECTION('',(0.E0,8.660254037844E-1,-5.E-1));
#38=VECTOR('',#37,3.2E-2);
#39=CARTESIAN_POINT('',(1.635E-1,-1.135E-1,-1.E-2));
#40=LINE('',#39,#38);
#41=DIRECTION('',(-1.E0,0.E0,0.E0));
#42=VECTOR('',#41,1.2E-2);
#43=CARTESIAN_POINT('',(1.635E-1,-8.578718707890E-2,-2.6E-2));
#44=LINE('',#43,#42);
#45=DIRECTION('',(0.E0,-8.660254037844E-1,5.E-1));
#46=VECTOR('',#45,3.2E-2);
#47=CARTESIAN_POINT('',(1.515E-1,-8.578718707890E-2,-2.6E-2));
#48=LINE('',#47,#46);
#49=DIRECTION('',(-1.E0,0.E0,0.E0));
#50=VECTOR('',#49,1.2E-2);
#51=CARTESIAN_POINT('',(1.635E-1,-1.135E-1,-1.E-2));
#52=LINE('',#51,#50);
#53=DIRECTION('',(0.E0,1.E0,0.E0));
#54=VECTOR('',#53,1.428718707890E-2);
#55=CARTESIAN_POINT('',(1.515E-1,-8.578718707890E-2,-2.6E-2));
#56=LINE('',#55,#54);
#57=DIRECTION('',(0.E0,0.E0,1.E0));
#58=VECTOR('',#57,7.E-3);
#59=CARTESIAN_POINT('',(1.515E-1,-7.15E-2,-2.6E-2));
#60=LINE('',#59,#58);
#61=DIRECTION('',(0.E0,1.E0,0.E0));
#62=VECTOR('',#61,7.5E-3);
#63=CARTESIAN_POINT('',(1.515E-1,-7.15E-2,-1.9E-2));
#64=LINE('',#63,#62);
#65=DIRECTION('',(0.E0,0.E0,1.E0));
#66=VECTOR('',#65,3.8E-2);
#67=CARTESIAN_POINT('',(1.515E-1,-6.4E-2,-1.9E-2));
#68=LINE('',#67,#66);
#69=DIRECTION('',(0.E0,-1.E0,0.E0));
#70=VECTOR('',#69,7.5E-3);
#71=CARTESIAN_POINT('',(1.515E-1,-6.4E-2,1.9E-2));
#72=LINE('',#71,#70);
#73=DIRECTION('',(0.E0,0.E0,1.E0));
#74=VECTOR('',#73,7.E-3);
#75=CARTESIAN_POINT('',(1.515E-1,-7.15E-2,1.9E-2));
#76=LINE('',#75,#74);
#77=DIRECTION('',(0.E0,-1.E0,0.E0));
#78=VECTOR('',#77,1.428718707890E-2);
#79=CARTESIAN_POINT('',(1.515E-1,-7.15E-2,2.6E-2));
#80=LINE('',#79,#78);
#81=DIRECTION('',(0.E0,1.E0,0.E0));
#82=VECTOR('',#81,1.535E-1);
#83=CARTESIAN_POINT('',(1.515E-1,-2.67E-1,1.E-2));
#84=LINE('',#83,#82);
#85=DIRECTION('',(0.E0,0.E0,-1.E0));
#86=VECTOR('',#85,2.E-2);
#87=CARTESIAN_POINT('',(1.515E-1,-2.67E-1,1.E-2));
#88=LINE('',#87,#86);
#89=DIRECTION('',(0.E0,1.E0,0.E0));
#90=VECTOR('',#89,1.535E-1);
#91=CARTESIAN_POINT('',(1.515E-1,-2.67E-1,-1.E-2));
#92=LINE('',#91,#90);
#93=DIRECTION('',(0.E0,8.660254037844E-1,5.E-1));
#94=VECTOR('',#93,3.2E-2);
#95=CARTESIAN_POINT('',(1.515E-1,-1.135E-1,1.E-2));
#96=LINE('',#95,#94);
#97=DIRECTION('',(1.E0,0.E0,0.E0));
#98=VECTOR('',#97,1.2E-2);
#99=CARTESIAN_POINT('',(1.515E-1,-8.578718707890E-2,2.6E-2));
#100=LINE('',#99,#98);
#101=DIRECTION('',(0.E0,-8.660254037844E-1,-5.E-1));
#102=VECTOR('',#101,3.2E-2);
#103=CARTESIAN_POINT('',(1.635E-1,-8.578718707890E-2,2.6E-2));
#104=LINE('',#103,#102);
#105=DIRECTION('',(-1.E0,0.E0,0.E0));
#106=VECTOR('',#105,1.2E-2);
#107=CARTESIAN_POINT('',(1.635E-1,-1.135E-1,1.E-2));
#108=LINE('',#107,#106);
#109=DIRECTION('',(-1.E0,0.E0,0.E0));
#110=VECTOR('',#109,1.2E-2);
#111=CARTESIAN_POINT('',(1.635E-1,-2.67E-1,-1.E-2));
#112=LINE('',#111,#110);
#113=DIRECTION('',(-1.E0,0.E0,0.E0));
#114=VECTOR('',#113,1.2E-2);
#115=CARTESIAN_POINT('',(1.635E-1,-2.67E-1,1.E-2));
#116=LINE('',#115,#114);
#117=DIRECTION('',(0.E0,0.E0,-1.E0));
#118=VECTOR('',#117,2.E-2);
#119=CARTESIAN_POINT('',(1.635E-1,-2.67E-1,1.E-2));
#120=LINE('',#119,#118);
#121=CARTESIAN_POINT('',(1.635E-1,-6.4E-2,1.9E-2));
#122=CARTESIAN_POINT('',(1.635E-1,-6.4E-2,-1.9E-2));
#123=VERTEX_POINT('',#121);
#124=VERTEX_POINT('',#122);
#125=CARTESIAN_POINT('',(1.515E-1,-6.4E-2,1.9E-2));
#126=CARTESIAN_POINT('',(1.515E-1,-6.4E-2,-1.9E-2));
#127=VERTEX_POINT('',#125);
#128=VERTEX_POINT('',#126);
#129=CARTESIAN_POINT('',(1.635E-1,-2.67E-1,1.E-2));
#130=CARTESIAN_POINT('',(1.635E-1,-1.135E-1,1.E-2));
#131=VERTEX_POINT('',#129);
#132=VERTEX_POINT('',#130);
#133=CARTESIAN_POINT('',(1.515E-1,-2.67E-1,1.E-2));
#134=VERTEX_POINT('',#133);
#135=CARTESIAN_POINT('',(1.515E-1,-1.135E-1,1.E-2));
#136=VERTEX_POINT('',#135);
#137=CARTESIAN_POINT('',(1.635E-1,-8.578718707890E-2,2.6E-2));
#138=CARTESIAN_POINT('',(1.635E-1,-7.15E-2,2.6E-2));
#139=VERTEX_POINT('',#137);
#140=VERTEX_POINT('',#138);
#141=CARTESIAN_POINT('',(1.515E-1,-8.578718707890E-2,2.6E-2));
#142=CARTESIAN_POINT('',(1.515E-1,-7.15E-2,2.6E-2));
#143=VERTEX_POINT('',#141);
#144=VERTEX_POINT('',#142);
#145=CARTESIAN_POINT('',(1.635E-1,-7.15E-2,1.9E-2));
#146=VERTEX_POINT('',#145);
#147=CARTESIAN_POINT('',(1.515E-1,-7.15E-2,1.9E-2));
#148=VERTEX_POINT('',#147);
#149=CARTESIAN_POINT('',(1.635E-1,-2.67E-1,-1.E-2));
#150=CARTESIAN_POINT('',(1.635E-1,-1.135E-1,-1.E-2));
#151=VERTEX_POINT('',#149);
#152=VERTEX_POINT('',#150);
#153=CARTESIAN_POINT('',(1.515E-1,-2.67E-1,-1.E-2));
#154=VERTEX_POINT('',#153);
#155=CARTESIAN_POINT('',(1.515E-1,-1.135E-1,-1.E-2));
#156=VERTEX_POINT('',#155);
#157=CARTESIAN_POINT('',(1.635E-1,-8.578718707890E-2,-2.6E-2));
#158=CARTESIAN_POINT('',(1.635E-1,-7.15E-2,-2.6E-2));
#159=VERTEX_POINT('',#157);
#160=VERTEX_POINT('',#158);
#161=CARTESIAN_POINT('',(1.515E-1,-8.578718707890E-2,-2.6E-2));
#162=CARTESIAN_POINT('',(1.515E-1,-7.15E-2,-2.6E-2));
#163=VERTEX_POINT('',#161);
#164=VERTEX_POINT('',#162);
#165=CARTESIAN_POINT('',(1.635E-1,-7.15E-2,-1.9E-2));
#166=VERTEX_POINT('',#165);
#167=CARTESIAN_POINT('',(1.515E-1,-7.15E-2,-1.9E-2));
#168=VERTEX_POINT('',#167);
#169=CARTESIAN_POINT('',(1.635E-1,-6.4E-2,1.9E-2));
#170=DIRECTION('',(1.E0,0.E0,0.E0));
#171=DIRECTION('',(0.E0,-1.E0,0.E0));
#172=AXIS2_PLACEMENT_3D('',#169,#170,#171);
#173=PLANE('',#172);
#175=ORIENTED_EDGE('',*,*,#174,.T.);
#177=ORIENTED_EDGE('',*,*,#176,.T.);
#179=ORIENTED_EDGE('',*,*,#178,.T.);
#181=ORIENTED_EDGE('',*,*,#180,.F.);
#183=ORIENTED_EDGE('',*,*,#182,.F.);
#185=ORIENTED_EDGE('',*,*,#184,.F.);
#187=ORIENTED_EDGE('',*,*,#186,.T.);
#189=ORIENTED_EDGE('',*,*,#188,.F.);
#191=ORIENTED_EDGE('',*,*,#190,.T.);
#193=ORIENTED_EDGE('',*,*,#192,.T.);
#195=ORIENTED_EDGE('',*,*,#194,.T.);
#197=ORIENTED_EDGE('',*,*,#196,.T.);
#198=EDGE_LOOP('',(#175,#177,#179,#181,#183,#185,#187,#189,#191,#193,#195,
#197));
#199=FACE_OUTER_BOUND('',#198,.F.);
#200=ADVANCED_FACE('',(#199),#173,.T.);
#201=CARTESIAN_POINT('',(1.635E-1,-1.135E-1,-1.E-2));
#202=DIRECTION('',(0.E0,-5.E-1,-8.660254037844E-1));
#203=DIRECTION('',(0.E0,8.660254037844E-1,-5.E-1));
#204=AXIS2_PLACEMENT_3D('',#201,#202,#203);
#205=PLANE('',#204);
#206=ORIENTED_EDGE('',*,*,#180,.T.);
#208=ORIENTED_EDGE('',*,*,#207,.T.);
#210=ORIENTED_EDGE('',*,*,#209,.T.);
#212=ORIENTED_EDGE('',*,*,#211,.F.);
#213=EDGE_LOOP('',(#206,#208,#210,#212));
#214=FACE_OUTER_BOUND('',#213,.F.);
#215=ADVANCED_FACE('',(#214),#205,.T.);
#216=CARTESIAN_POINT('',(1.515E-1,-2.67E-1,1.9E-2));
#217=DIRECTION('',(-1.E0,0.E0,0.E0));
#218=DIRECTION('',(0.E0,1.E0,0.E0));
#219=AXIS2_PLACEMENT_3D('',#216,#217,#218);
#220=PLANE('',#219);
#221=ORIENTED_EDGE('',*,*,#209,.F.);
#223=ORIENTED_EDGE('',*,*,#222,.T.);
#225=ORIENTED_EDGE('',*,*,#224,.T.);
#227=ORIENTED_EDGE('',*,*,#226,.T.);
#229=ORIENTED_EDGE('',*,*,#228,.T.);
#231=ORIENTED_EDGE('',*,*,#230,.T.);
#233=ORIENTED_EDGE('',*,*,#232,.T.);
#235=ORIENTED_EDGE('',*,*,#234,.T.);
#237=ORIENTED_EDGE('',*,*,#236,.F.);
#239=ORIENTED_EDGE('',*,*,#238,.F.);
#241=ORIENTED_EDGE('',*,*,#240,.T.);
#243=ORIENTED_EDGE('',*,*,#242,.T.);
#244=EDGE_LOOP('',(#221,#223,#225,#227,#229,#231,#233,#235,#237,#239,#241,
#243));
#245=FACE_OUTER_BOUND('',#244,.F.);
#246=ADVANCED_FACE('',(#245),#220,.T.);
#247=CARTESIAN_POINT('',(1.635E-1,-1.135E-1,1.E-2));
#248=DIRECTION('',(0.E0,5.E-1,-8.660254037844E-1));
#249=DIRECTION('',(0.E0,8.660254037844E-1,5.E-1));
#250=AXIS2_PLACEMENT_3D('',#247,#248,#249);
#251=PLANE('',#250);
#252=ORIENTED_EDGE('',*,*,#236,.T.);
#254=ORIENTED_EDGE('',*,*,#253,.T.);
#255=ORIENTED_EDGE('',*,*,#188,.T.);
#257=ORIENTED_EDGE('',*,*,#256,.T.);
#258=EDGE_LOOP('',(#252,#254,#255,#257));
#259=FACE_OUTER_BOUND('',#258,.F.);
#260=ADVANCED_FACE('',(#259),#251,.F.);
#261=CARTESIAN_POINT('',(1.635E-1,-2.67E-1,1.E-2));
#262=DIRECTION('',(0.E0,0.E0,-1.E0));
#263=DIRECTION('',(0.E0,1.E0,0.E0));
#264=AXIS2_PLACEMENT_3D('',#261,#262,#263);
#265=PLANE('',#264);
#266=ORIENTED_EDGE('',*,*,#186,.F.);
#268=ORIENTED_EDGE('',*,*,#267,.T.);
#269=ORIENTED_EDGE('',*,*,#238,.T.);
#270=ORIENTED_EDGE('',*,*,#256,.F.);
#271=EDGE_LOOP('',(#266,#268,#269,#270));
#272=FACE_OUTER_BOUND('',#271,.F.);
#273=ADVANCED_FACE('',(#272),#265,.F.);
#274=CARTESIAN_POINT('',(1.635E-1,-2.67E-1,1.9E-2));
#275=DIRECTION('',(0.E0,-1.E0,0.E0));
#276=DIRECTION('',(-1.E0,0.E0,0.E0));
#277=AXIS2_PLACEMENT_3D('',#274,#275,#276);
#278=PLANE('',#277);
#280=ORIENTED_EDGE('',*,*,#279,.T.);
#281=ORIENTED_EDGE('',*,*,#240,.F.);
#282=ORIENTED_EDGE('',*,*,#267,.F.);
#283=ORIENTED_EDGE('',*,*,#184,.T.);
#284=EDGE_LOOP('',(#280,#281,#282,#283));
#285=FACE_OUTER_BOUND('',#284,.F.);
#286=ADVANCED_FACE('',(#285),#278,.T.);
#287=CARTESIAN_POINT('',(1.635E-1,-2.67E-1,-1.E-2));
#288=DIRECTION('',(0.E0,0.E0,-1.E0));
#289=DIRECTION('',(0.E0,1.E0,0.E0));
#290=AXIS2_PLACEMENT_3D('',#287,#288,#289);
#291=PLANE('',#290);
#292=ORIENTED_EDGE('',*,*,#182,.T.);
#293=ORIENTED_EDGE('',*,*,#211,.T.);
#294=ORIENTED_EDGE('',*,*,#242,.F.);
#295=ORIENTED_EDGE('',*,*,#279,.F.);
#296=EDGE_LOOP('',(#292,#293,#294,#295));
#297=FACE_OUTER_BOUND('',#296,.F.);
#298=ADVANCED_FACE('',(#297),#291,.T.);
#299=OPEN_SHELL('',(#200,#215,#246,#260,#273,#286,#298));
#300=DIRECTION('',(0.E0,-1.E0,0.E0));
#301=VECTOR('',#300,7.5E-3);
#302=CARTESIAN_POINT('',(-1.635E-1,-6.4E-2,1.9E-2));
#303=LINE('',#302,#301);
#304=DIRECTION('',(0.E0,0.E0,1.E0));
#305=VECTOR('',#304,7.E-3);
#306=CARTESIAN_POINT('',(-1.635E-1,-7.15E-2,1.9E-2));
#307=LINE('',#306,#305);
#308=DIRECTION('',(0.E0,-1.E0,0.E0));
#309=VECTOR('',#308,1.428718707890E-2);
#310=CARTESIAN_POINT('',(-1.635E-1,-7.15E-2,2.6E-2));
#311=LINE('',#310,#309);
#312=DIRECTION('',(0.E0,1.E0,0.E0));
#313=VECTOR('',#312,1.535E-1);
#314=CARTESIAN_POINT('',(-1.635E-1,-2.67E-1,1.E-2));
#315=LINE('',#314,#313);
#316=DIRECTION('',(0.E0,1.E0,0.E0));
#317=VECTOR('',#316,1.535E-1);
#318=CARTESIAN_POINT('',(-1.635E-1,-2.67E-1,-1.E-2));
#319=LINE('',#318,#317);
#320=DIRECTION('',(0.E0,1.E0,0.E0));
#321=VECTOR('',#320,1.428718707890E-2);
#322=CARTESIAN_POINT('',(-1.635E-1,-8.578718707890E-2,-2.6E-2));
#323=LINE('',#322,#321);
#324=DIRECTION('',(0.E0,0.E0,1.E0));
#325=VECTOR('',#324,7.E-3);
#326=CARTESIAN_POINT('',(-1.635E-1,-7.15E-2,-2.6E-2));
#327=LINE('',#326,#325);
#328=DIRECTION('',(0.E0,1.E0,0.E0));
#329=VECTOR('',#328,7.5E-3);
#330=CARTESIAN_POINT('',(-1.635E-1,-7.15E-2,-1.9E-2));
#331=LINE('',#330,#329);
#332=DIRECTION('',(0.E0,0.E0,1.E0));
#333=VECTOR('',#332,3.8E-2);
#334=CARTESIAN_POINT('',(-1.635E-1,-6.4E-2,-1.9E-2));
#335=LINE('',#334,#333);
#336=DIRECTION('',(0.E0,8.660254037844E-1,5.E-1));
#337=VECTOR('',#336,3.2E-2);
#338=CARTESIAN_POINT('',(-1.635E-1,-1.135E-1,1.E-2));
#339=LINE('',#338,#337);
#340=DIRECTION('',(1.E0,0.E0,0.E0));
#341=VECTOR('',#340,1.2E-2);
#342=CARTESIAN_POINT('',(-1.635E-1,-8.578718707890E-2,2.6E-2));
#343=LINE('',#342,#341);
#344=DIRECTION('',(0.E0,-8.660254037844E-1,-5.E-1));
#345=VECTOR('',#344,3.2E-2);
#346=CARTESIAN_POINT('',(-1.515E-1,-8.578718707890E-2,2.6E-2));
#347=LINE('',#346,#345);
#348=DIRECTION('',(1.E0,0.E0,0.E0));
#349=VECTOR('',#348,1.2E-2);
#350=CARTESIAN_POINT('',(-1.635E-1,-1.135E-1,1.E-2));
#351=LINE('',#350,#349);
#352=DIRECTION('',(0.E0,1.E0,0.E0));
#353=VECTOR('',#352,1.428718707890E-2);
#354=CARTESIAN_POINT('',(-1.515E-1,-8.578718707890E-2,2.6E-2));
#355=LINE('',#354,#353);
#356=DIRECTION('',(0.E0,0.E0,-1.E0));
#357=VECTOR('',#356,7.E-3);
#358=CARTESIAN_POINT('',(-1.515E-1,-7.15E-2,2.6E-2));
#359=LINE('',#358,#357);
#360=DIRECTION('',(0.E0,1.E0,0.E0));
#361=VECTOR('',#360,7.5E-3);
#362=CARTESIAN_POINT('',(-1.515E-1,-7.15E-2,1.9E-2));
#363=LINE('',#362,#361);
#364=DIRECTION('',(0.E0,0.E0,-1.E0));
#365=VECTOR('',#364,3.8E-2);
#366=CARTESIAN_POINT('',(-1.515E-1,-6.4E-2,1.9E-2));
#367=LINE('',#366,#365);
#368=DIRECTION('',(0.E0,-1.E0,0.E0));
#369=VECTOR('',#368,7.5E-3);
#370=CARTESIAN_POINT('',(-1.515E-1,-6.4E-2,-1.9E-2));
#371=LINE('',#370,#369);
#372=DIRECTION('',(0.E0,0.E0,-1.E0));
#373=VECTOR('',#372,7.E-3);
#374=CARTESIAN_POINT('',(-1.515E-1,-7.15E-2,-1.9E-2));
#375=LINE('',#374,#373);
#376=DIRECTION('',(0.E0,-1.E0,0.E0));
#377=VECTOR('',#376,1.428718707890E-2);
#378=CARTESIAN_POINT('',(-1.515E-1,-7.15E-2,-2.6E-2));
#379=LINE('',#378,#377);
#380=DIRECTION('',(0.E0,1.E0,0.E0));
#381=VECTOR('',#380,1.535E-1);
#382=CARTESIAN_POINT('',(-1.515E-1,-2.67E-1,-1.E-2));
#383=LINE('',#382,#381);
#384=DIRECTION('',(0.E0,0.E0,1.E0));
#385=VECTOR('',#384,2.E-2);
#386=CARTESIAN_POINT('',(-1.515E-1,-2.67E-1,-1.E-2));
#387=LINE('',#386,#385);
#388=DIRECTION('',(0.E0,1.E0,0.E0));
#389=VECTOR('',#388,1.535E-1);
#390=CARTESIAN_POINT('',(-1.515E-1,-2.67E-1,1.E-2));
#391=LINE('',#390,#389);
#392=DIRECTION('',(0.E0,8.660254037844E-1,-5.E-1));
#393=VECTOR('',#392,3.2E-2);
#394=CARTESIAN_POINT('',(-1.515E-1,-1.135E-1,-1.E-2));
#395=LINE('',#394,#393);
#396=DIRECTION('',(-1.E0,0.E0,0.E0));
#397=VECTOR('',#396,1.2E-2);
#398=CARTESIAN_POINT('',(-1.515E-1,-8.578718707890E-2,-2.6E-2));
#399=LINE('',#398,#397);
#400=DIRECTION('',(0.E0,-8.660254037844E-1,5.E-1));
#401=VECTOR('',#400,3.2E-2);
#402=CARTESIAN_POINT('',(-1.635E-1,-8.578718707890E-2,-2.6E-2));
#403=LINE('',#402,#401);
#404=DIRECTION('',(1.E0,0.E0,0.E0));
#405=VECTOR('',#404,1.2E-2);
#406=CARTESIAN_POINT('',(-1.635E-1,-1.135E-1,-1.E-2));
#407=LINE('',#406,#405);
#408=DIRECTION('',(1.E0,0.E0,0.E0));
#409=VECTOR('',#408,1.2E-2);
#410=CARTESIAN_POINT('',(-1.635E-1,-2.67E-1,1.E-2));
#411=LINE('',#410,#409);
#412=DIRECTION('',(1.E0,0.E0,0.E0));
#413=VECTOR('',#412,1.2E-2);
#414=CARTESIAN_POINT('',(-1.635E-1,-2.67E-1,-1.E-2));
#415=LINE('',#414,#413);
#416=DIRECTION('',(0.E0,0.E0,1.E0));
#417=VECTOR('',#416,2.E-2);
#418=CARTESIAN_POINT('',(-1.635E-1,-2.67E-1,-1.E-2));
#419=LINE('',#418,#417);
#420=CARTESIAN_POINT('',(-1.635E-1,-6.4E-2,-1.9E-2));
#421=CARTESIAN_POINT('',(-1.635E-1,-6.4E-2,1.9E-2));
#422=VERTEX_POINT('',#420);
#423=VERTEX_POINT('',#421);
#424=CARTESIAN_POINT('',(-1.515E-1,-6.4E-2,-1.9E-2));
#425=CARTESIAN_POINT('',(-1.515E-1,-6.4E-2,1.9E-2));
#426=VERTEX_POINT('',#424);
#427=VERTEX_POINT('',#425);
#428=CARTESIAN_POINT('',(-1.635E-1,-2.67E-1,-1.E-2));
#429=CARTESIAN_POINT('',(-1.635E-1,-1.135E-1,-1.E-2));
#430=VERTEX_POINT('',#428);
#431=VERTEX_POINT('',#429);
#432=CARTESIAN_POINT('',(-1.515E-1,-2.67E-1,-1.E-2));
#433=VERTEX_POINT('',#432);
#434=CARTESIAN_POINT('',(-1.515E-1,-1.135E-1,-1.E-2));
#435=VERTEX_POINT('',#434);
#436=CARTESIAN_POINT('',(-1.635E-1,-8.578718707890E-2,-2.6E-2));
#437=CARTESIAN_POINT('',(-1.635E-1,-7.15E-2,-2.6E-2));
#438=VERTEX_POINT('',#436);
#439=VERTEX_POINT('',#437);
#440=CARTESIAN_POINT('',(-1.515E-1,-8.578718707890E-2,-2.6E-2));
#441=CARTESIAN_POINT('',(-1.515E-1,-7.15E-2,-2.6E-2));
#442=VERTEX_POINT('',#440);
#443=VERTEX_POINT('',#441);
#444=CARTESIAN_POINT('',(-1.635E-1,-7.15E-2,-1.9E-2));
#445=VERTEX_POINT('',#444);
#446=CARTESIAN_POINT('',(-1.515E-1,-7.15E-2,-1.9E-2));
#447=VERTEX_POINT('',#446);
#448=CARTESIAN_POINT('',(-1.635E-1,-2.67E-1,1.E-2));
#449=CARTESIAN_POINT('',(-1.635E-1,-1.135E-1,1.E-2));
#450=VERTEX_POINT('',#448);
#451=VERTEX_POINT('',#449);
#452=CARTESIAN_POINT('',(-1.515E-1,-2.67E-1,1.E-2));
#453=VERTEX_POINT('',#452);
#454=CARTESIAN_POINT('',(-1.515E-1,-1.135E-1,1.E-2));
#455=VERTEX_POINT('',#454);
#456=CARTESIAN_POINT('',(-1.635E-1,-8.578718707890E-2,2.6E-2));
#457=CARTESIAN_POINT('',(-1.635E-1,-7.15E-2,2.6E-2));
#458=VERTEX_POINT('',#456);
#459=VERTEX_POINT('',#457);
#460=CARTESIAN_POINT('',(-1.515E-1,-8.578718707890E-2,2.6E-2));
#461=CARTESIAN_POINT('',(-1.515E-1,-7.15E-2,2.6E-2));
#462=VERTEX_POINT('',#460);
#463=VERTEX_POINT('',#461);
#464=CARTESIAN_POINT('',(-1.635E-1,-7.15E-2,1.9E-2));
#465=VERTEX_POINT('',#464);
#466=CARTESIAN_POINT('',(-1.515E-1,-7.15E-2,1.9E-2));
#467=VERTEX_POINT('',#466);
#468=CARTESIAN_POINT('',(-1.635E-1,-6.4E-2,-1.9E-2));
#469=DIRECTION('',(-1.E0,0.E0,0.E0));
#470=DIRECTION('',(0.E0,-1.E0,0.E0));
#471=AXIS2_PLACEMENT_3D('',#468,#469,#470);
#472=PLANE('',#471);
#474=ORIENTED_EDGE('',*,*,#473,.T.);
#476=ORIENTED_EDGE('',*,*,#475,.T.);
#478=ORIENTED_EDGE('',*,*,#477,.T.);
#480=ORIENTED_EDGE('',*,*,#479,.F.);
#482=ORIENTED_EDGE('',*,*,#481,.F.);
#484=ORIENTED_EDGE('',*,*,#483,.F.);
#486=ORIENTED_EDGE('',*,*,#485,.T.);
#488=ORIENTED_EDGE('',*,*,#487,.F.);
#490=ORIENTED_EDGE('',*,*,#489,.T.);
#492=ORIENTED_EDGE('',*,*,#491,.T.);
#494=ORIENTED_EDGE('',*,*,#493,.T.);
#496=ORIENTED_EDGE('',*,*,#495,.T.);
#497=EDGE_LOOP('',(#474,#476,#478,#480,#482,#484,#486,#488,#490,#492,#494,
#496));
#498=FACE_OUTER_BOUND('',#497,.F.);
#499=ADVANCED_FACE('',(#498),#472,.T.);
#500=CARTESIAN_POINT('',(-1.635E-1,-1.135E-1,1.E-2));
#501=DIRECTION('',(0.E0,-5.E-1,8.660254037844E-1));
#502=DIRECTION('',(0.E0,8.660254037844E-1,5.E-1));
#503=AXIS2_PLACEMENT_3D('',#500,#501,#502);
#504=PLANE('',#503);
#505=ORIENTED_EDGE('',*,*,#479,.T.);
#507=ORIENTED_EDGE('',*,*,#506,.T.);
#509=ORIENTED_EDGE('',*,*,#508,.T.);
#511=ORIENTED_EDGE('',*,*,#510,.F.);
#512=EDGE_LOOP('',(#505,#507,#509,#511));
#513=FACE_OUTER_BOUND('',#512,.F.);
#514=ADVANCED_FACE('',(#513),#504,.T.);
#515=CARTESIAN_POINT('',(-1.515E-1,-2.67E-1,-1.9E-2));
#516=DIRECTION('',(1.E0,0.E0,0.E0));
#517=DIRECTION('',(0.E0,1.E0,0.E0));
#518=AXIS2_PLACEMENT_3D('',#515,#516,#517);
#519=PLANE('',#518);
#520=ORIENTED_EDGE('',*,*,#508,.F.);
#522=ORIENTED_EDGE('',*,*,#521,.T.);
#524=ORIENTED_EDGE('',*,*,#523,.T.);
#526=ORIENTED_EDGE('',*,*,#525,.T.);
#528=ORIENTED_EDGE('',*,*,#527,.T.);
#530=ORIENTED_EDGE('',*,*,#529,.T.);
#532=ORIENTED_EDGE('',*,*,#531,.T.);
#534=ORIENTED_EDGE('',*,*,#533,.T.);
#536=ORIENTED_EDGE('',*,*,#535,.F.);
#538=ORIENTED_EDGE('',*,*,#537,.F.);
#540=ORIENTED_EDGE('',*,*,#539,.T.);
#542=ORIENTED_EDGE('',*,*,#541,.T.);
#543=EDGE_LOOP('',(#520,#522,#524,#526,#528,#530,#532,#534,#536,#538,#540,
#542));
#544=FACE_OUTER_BOUND('',#543,.F.);
#545=ADVANCED_FACE('',(#544),#519,.T.);
#546=CARTESIAN_POINT('',(-1.635E-1,-1.135E-1,-1.E-2));
#547=DIRECTION('',(0.E0,5.E-1,8.660254037844E-1));
#548=DIRECTION('',(0.E0,8.660254037844E-1,-5.E-1));
#549=AXIS2_PLACEMENT_3D('',#546,#547,#548);
#550=PLANE('',#549);
#551=ORIENTED_EDGE('',*,*,#535,.T.);
#553=ORIENTED_EDGE('',*,*,#552,.T.);
#554=ORIENTED_EDGE('',*,*,#487,.T.);
#556=ORIENTED_EDGE('',*,*,#555,.T.);
#557=EDGE_LOOP('',(#551,#553,#554,#556));
#558=FACE_OUTER_BOUND('',#557,.F.);
#559=ADVANCED_FACE('',(#558),#550,.F.);
#560=CARTESIAN_POINT('',(-1.635E-1,-2.67E-1,-1.E-2));
#561=DIRECTION('',(0.E0,0.E0,1.E0));
#562=DIRECTION('',(0.E0,1.E0,0.E0));
#563=AXIS2_PLACEMENT_3D('',#560,#561,#562);
#564=PLANE('',#563);
#565=ORIENTED_EDGE('',*,*,#485,.F.);
#567=ORIENTED_EDGE('',*,*,#566,.T.);
#568=ORIENTED_EDGE('',*,*,#537,.T.);
#569=ORIENTED_EDGE('',*,*,#555,.F.);
#570=EDGE_LOOP('',(#565,#567,#568,#569));
#571=FACE_OUTER_BOUND('',#570,.F.);
#572=ADVANCED_FACE('',(#571),#564,.F.);
#573=CARTESIAN_POINT('',(-1.635E-1,-2.67E-1,-1.9E-2));
#574=DIRECTION('',(0.E0,-1.E0,0.E0));
#575=DIRECTION('',(1.E0,0.E0,0.E0));
#576=AXIS2_PLACEMENT_3D('',#573,#574,#575);
#577=PLANE('',#576);
#579=ORIENTED_EDGE('',*,*,#578,.T.);
#580=ORIENTED_EDGE('',*,*,#539,.F.);
#581=ORIENTED_EDGE('',*,*,#566,.F.);
#582=ORIENTED_EDGE('',*,*,#483,.T.);
#583=EDGE_LOOP('',(#579,#580,#581,#582));
#584=FACE_OUTER_BOUND('',#583,.F.);
#585=ADVANCED_FACE('',(#584),#577,.T.);
#586=CARTESIAN_POINT('',(-1.635E-1,-2.67E-1,1.E-2));
#587=DIRECTION('',(0.E0,0.E0,1.E0));
#588=DIRECTION('',(0.E0,1.E0,0.E0));
#589=AXIS2_PLACEMENT_3D('',#586,#587,#588);
#590=PLANE('',#589);
#591=ORIENTED_EDGE('',*,*,#481,.T.);
#592=ORIENTED_EDGE('',*,*,#510,.T.);
#593=ORIENTED_EDGE('',*,*,#541,.F.);
#594=ORIENTED_EDGE('',*,*,#578,.F.);
#595=EDGE_LOOP('',(#591,#592,#593,#594));
#596=FACE_OUTER_BOUND('',#595,.F.);
#597=ADVANCED_FACE('',(#596),#590,.T.);
#598=OPEN_SHELL('',(#499,#514,#545,#559,#572,#585,#597));
#599=DIRECTION('',(0.E0,-1.E0,0.E0));
#600=VECTOR('',#599,7.5E-3);
#601=CARTESIAN_POINT('',(1.635E-1,-6.4E-2,-1.19E-1));
#602=LINE('',#601,#600);
#603=DIRECTION('',(0.E0,0.E0,-1.E0));
#604=VECTOR('',#603,7.E-3);
#605=CARTESIAN_POINT('',(1.635E-1,-7.15E-2,-1.19E-1));
#606=LINE('',#605,#604);
#607=DIRECTION('',(0.E0,-1.E0,0.E0));
#608=VECTOR('',#607,1.428718707890E-2);
#609=CARTESIAN_POINT('',(1.635E-1,-7.15E-2,-1.26E-1));
#610=LINE('',#609,#608);
#611=DIRECTION('',(0.E0,1.E0,0.E0));
#612=VECTOR('',#611,1.535E-1);
#613=CARTESIAN_POINT('',(1.635E-1,-2.67E-1,-1.1E-1));
#614=LINE('',#613,#612);
#615=DIRECTION('',(0.E0,1.E0,0.E0));
#616=VECTOR('',#615,1.535E-1);
#617=CARTESIAN_POINT('',(1.635E-1,-2.67E-1,-9.E-2));
#618=LINE('',#617,#616);
#619=DIRECTION('',(0.E0,1.E0,0.E0));
#620=VECTOR('',#619,1.428718707890E-2);
#621=CARTESIAN_POINT('',(1.635E-1,-8.578718707890E-2,-7.4E-2));
#622=LINE('',#621,#620);
#623=DIRECTION('',(0.E0,0.E0,-1.E0));
#624=VECTOR('',#623,7.E-3);
#625=CARTESIAN_POINT('',(1.635E-1,-7.15E-2,-7.4E-2));
#626=LINE('',#625,#624);
#627=DIRECTION('',(0.E0,1.E0,0.E0));
#628=VECTOR('',#627,7.5E-3);
#629=CARTESIAN_POINT('',(1.635E-1,-7.15E-2,-8.1E-2));
#630=LINE('',#629,#628);
#631=DIRECTION('',(0.E0,0.E0,-1.E0));
#632=VECTOR('',#631,3.8E-2);
#633=CARTESIAN_POINT('',(1.635E-1,-6.4E-2,-8.1E-2));
#634=LINE('',#633,#632);
#635=DIRECTION('',(0.E0,8.660254037844E-1,-5.E-1));
#636=VECTOR('',#635,3.2E-2);
#637=CARTESIAN_POINT('',(1.635E-1,-1.135E-1,-1.1E-1));
#638=LINE('',#637,#636);
#639=DIRECTION('',(-1.E0,0.E0,0.E0));
#640=VECTOR('',#639,1.2E-2);
#641=CARTESIAN_POINT('',(1.635E-1,-8.578718707890E-2,-1.26E-1));
#642=LINE('',#641,#640);
#643=DIRECTION('',(0.E0,-8.660254037844E-1,5.E-1));
#644=VECTOR('',#643,3.2E-2);
#645=CARTESIAN_POINT('',(1.515E-1,-8.578718707890E-2,-1.26E-1));
#646=LINE('',#645,#644);
#647=DIRECTION('',(-1.E0,0.E0,0.E0));
#648=VECTOR('',#647,1.2E-2);
#649=CARTESIAN_POINT('',(1.635E-1,-1.135E-1,-1.1E-1));
#650=LINE('',#649,#648);
#651=DIRECTION('',(0.E0,1.E0,0.E0));
#652=VECTOR('',#651,1.428718707890E-2);
#653=CARTESIAN_POINT('',(1.515E-1,-8.578718707890E-2,-1.26E-1));
#654=LINE('',#653,#652);
#655=DIRECTION('',(0.E0,0.E0,1.E0));
#656=VECTOR('',#655,7.E-3);
#657=CARTESIAN_POINT('',(1.515E-1,-7.15E-2,-1.26E-1));
#658=LINE('',#657,#656);
#659=DIRECTION('',(0.E0,1.E0,0.E0));
#660=VECTOR('',#659,7.5E-3);
#661=CARTESIAN_POINT('',(1.515E-1,-7.15E-2,-1.19E-1));
#662=LINE('',#661,#660);
#663=DIRECTION('',(0.E0,0.E0,1.E0));
#664=VECTOR('',#663,3.8E-2);
#665=CARTESIAN_POINT('',(1.515E-1,-6.4E-2,-1.19E-1));
#666=LINE('',#665,#664);
#667=DIRECTION('',(0.E0,-1.E0,0.E0));
#668=VECTOR('',#667,7.5E-3);
#669=CARTESIAN_POINT('',(1.515E-1,-6.4E-2,-8.1E-2));
#670=LINE('',#669,#668);
#671=DIRECTION('',(0.E0,0.E0,1.E0));
#672=VECTOR('',#671,7.E-3);
#673=CARTESIAN_POINT('',(1.515E-1,-7.15E-2,-8.1E-2));
#674=LINE('',#673,#672);
#675=DIRECTION('',(0.E0,-1.E0,0.E0));
#676=VECTOR('',#675,1.428718707890E-2);
#677=CARTESIAN_POINT('',(1.515E-1,-7.15E-2,-7.4E-2));
#678=LINE('',#677,#676);
#679=DIRECTION('',(0.E0,1.E0,0.E0));
#680=VECTOR('',#679,1.535E-1);
#681=CARTESIAN_POINT('',(1.515E-1,-2.67E-1,-9.E-2));
#682=LINE('',#681,#680);
#683=DIRECTION('',(0.E0,0.E0,-1.E0));
#684=VECTOR('',#683,2.E-2);
#685=CARTESIAN_POINT('',(1.515E-1,-2.67E-1,-9.E-2));
#686=LINE('',#685,#684);
#687=DIRECTION('',(0.E0,1.E0,0.E0));
#688=VECTOR('',#687,1.535E-1);
#689=CARTESIAN_POINT('',(1.515E-1,-2.67E-1,-1.1E-1));
#690=LINE('',#689,#688);
#691=DIRECTION('',(0.E0,8.660254037844E-1,5.E-1));
#692=VECTOR('',#691,3.2E-2);
#693=CARTESIAN_POINT('',(1.515E-1,-1.135E-1,-9.E-2));
#694=LINE('',#693,#692);
#695=DIRECTION('',(1.E0,0.E0,0.E0));
#696=VECTOR('',#695,1.2E-2);
#697=CARTESIAN_POINT('',(1.515E-1,-8.578718707890E-2,-7.4E-2));
#698=LINE('',#697,#696);
#699=DIRECTION('',(0.E0,-8.660254037844E-1,-5.E-1));
#700=VECTOR('',#699,3.2E-2);
#701=CARTESIAN_POINT('',(1.635E-1,-8.578718707890E-2,-7.4E-2));
#702=LINE('',#701,#700);
#703=DIRECTION('',(-1.E0,0.E0,0.E0));
#704=VECTOR('',#703,1.2E-2);
#705=CARTESIAN_POINT('',(1.635E-1,-1.135E-1,-9.E-2));
#706=LINE('',#705,#704);
#707=DIRECTION('',(-1.E0,0.E0,0.E0));
#708=VECTOR('',#707,1.2E-2);
#709=CARTESIAN_POINT('',(1.635E-1,-2.67E-1,-1.1E-1));
#710=LINE('',#709,#708);
#711=DIRECTION('',(-1.E0,0.E0,0.E0));
#712=VECTOR('',#711,1.2E-2);
#713=CARTESIAN_POINT('',(1.635E-1,-2.67E-1,-9.E-2));
#714=LINE('',#713,#712);
#715=DIRECTION('',(0.E0,0.E0,-1.E0));
#716=VECTOR('',#715,2.E-2);
#717=CARTESIAN_POINT('',(1.635E-1,-2.67E-1,-9.E-2));
#718=LINE('',#717,#716);
#719=CARTESIAN_POINT('',(1.635E-1,-6.4E-2,-8.1E-2));
#720=CARTESIAN_POINT('',(1.635E-1,-6.4E-2,-1.19E-1));
#721=VERTEX_POINT('',#719);
#722=VERTEX_POINT('',#720);
#723=CARTESIAN_POINT('',(1.515E-1,-6.4E-2,-8.1E-2));
#724=CARTESIAN_POINT('',(1.515E-1,-6.4E-2,-1.19E-1));
#725=VERTEX_POINT('',#723);
#726=VERTEX_POINT('',#724);
#727=CARTESIAN_POINT('',(1.635E-1,-2.67E-1,-9.E-2));
#728=CARTESIAN_POINT('',(1.635E-1,-1.135E-1,-9.E-2));
#729=VERTEX_POINT('',#727);
#730=VERTEX_POINT('',#728);
#731=CARTESIAN_POINT('',(1.515E-1,-2.67E-1,-9.E-2));
#732=VERTEX_POINT('',#731);
#733=CARTESIAN_POINT('',(1.515E-1,-1.135E-1,-9.E-2));
#734=VERTEX_POINT('',#733);
#735=CARTESIAN_POINT('',(1.635E-1,-8.578718707890E-2,-7.4E-2));
#736=CARTESIAN_POINT('',(1.635E-1,-7.15E-2,-7.4E-2));
#737=VERTEX_POINT('',#735);
#738=VERTEX_POINT('',#736);
#739=CARTESIAN_POINT('',(1.515E-1,-8.578718707890E-2,-7.4E-2));
#740=CARTESIAN_POINT('',(1.515E-1,-7.15E-2,-7.4E-2));
#741=VERTEX_POINT('',#739);
#742=VERTEX_POINT('',#740);
#743=CARTESIAN_POINT('',(1.635E-1,-7.15E-2,-8.1E-2));
#744=VERTEX_POINT('',#743);
#745=CARTESIAN_POINT('',(1.515E-1,-7.15E-2,-8.1E-2));
#746=VERTEX_POINT('',#745);
#747=CARTESIAN_POINT('',(1.635E-1,-2.67E-1,-1.1E-1));
#748=CARTESIAN_POINT('',(1.635E-1,-1.135E-1,-1.1E-1));
#749=VERTEX_POINT('',#747);
#750=VERTEX_POINT('',#748);
#751=CARTESIAN_POINT('',(1.515E-1,-2.67E-1,-1.1E-1));
#752=VERTEX_POINT('',#751);
#753=CARTESIAN_POINT('',(1.515E-1,-1.135E-1,-1.1E-1));
#754=VERTEX_POINT('',#753);
#755=CARTESIAN_POINT('',(1.635E-1,-8.578718707890E-2,-1.26E-1));
#756=CARTESIAN_POINT('',(1.635E-1,-7.15E-2,-1.26E-1));
#757=VERTEX_POINT('',#755);
#758=VERTEX_POINT('',#756);
#759=CARTESIAN_POINT('',(1.515E-1,-8.578718707890E-2,-1.26E-1));
#760=CARTESIAN_POINT('',(1.515E-1,-7.15E-2,-1.26E-1));
#761=VERTEX_POINT('',#759);
#762=VERTEX_POINT('',#760);
#763=CARTESIAN_POINT('',(1.635E-1,-7.15E-2,-1.19E-1));
#764=VERTEX_POINT('',#763);
#765=CARTESIAN_POINT('',(1.515E-1,-7.15E-2,-1.19E-1));
#766=VERTEX_POINT('',#765);
#767=CARTESIAN_POINT('',(1.635E-1,-6.4E-2,-8.1E-2));
#768=DIRECTION('',(1.E0,0.E0,0.E0));
#769=DIRECTION('',(0.E0,-1.E0,0.E0));
#770=AXIS2_PLACEMENT_3D('',#767,#768,#769);
#771=PLANE('',#770);
#773=ORIENTED_EDGE('',*,*,#772,.T.);
#775=ORIENTED_EDGE('',*,*,#774,.T.);
#777=ORIENTED_EDGE('',*,*,#776,.T.);
#779=ORIENTED_EDGE('',*,*,#778,.F.);
#781=ORIENTED_EDGE('',*,*,#780,.F.);
#783=ORIENTED_EDGE('',*,*,#782,.F.);
#785=ORIENTED_EDGE('',*,*,#784,.T.);
#787=ORIENTED_EDGE('',*,*,#786,.F.);
#789=ORIENTED_EDGE('',*,*,#788,.T.);
#791=ORIENTED_EDGE('',*,*,#790,.T.);
#793=ORIENTED_EDGE('',*,*,#792,.T.);
#795=ORIENTED_EDGE('',*,*,#794,.T.);
#796=EDGE_LOOP('',(#773,#775,#777,#779,#781,#783,#785,#787,#789,#791,#793,
#795));
#797=FACE_OUTER_BOUND('',#796,.F.);
#798=ADVANCED_FACE('',(#797),#771,.T.);
#799=CARTESIAN_POINT('',(1.635E-1,-1.135E-1,-1.1E-1));
#800=DIRECTION('',(0.E0,-5.E-1,-8.660254037844E-1));
#801=DIRECTION('',(0.E0,8.660254037844E-1,-5.E-1));
#802=AXIS2_PLACEMENT_3D('',#799,#800,#801);
#803=PLANE('',#802);
#804=ORIENTED_EDGE('',*,*,#778,.T.);
#806=ORIENTED_EDGE('',*,*,#805,.T.);
#808=ORIENTED_EDGE('',*,*,#807,.T.);
#810=ORIENTED_EDGE('',*,*,#809,.F.);
#811=EDGE_LOOP('',(#804,#806,#808,#810));
#812=FACE_OUTER_BOUND('',#811,.F.);
#813=ADVANCED_FACE('',(#812),#803,.T.);
#814=CARTESIAN_POINT('',(1.515E-1,-2.67E-1,-8.1E-2));
#815=DIRECTION('',(-1.E0,0.E0,0.E0));
#816=DIRECTION('',(0.E0,1.E0,0.E0));
#817=AXIS2_PLACEMENT_3D('',#814,#815,#816);
#818=PLANE('',#817);
#819=ORIENTED_EDGE('',*,*,#807,.F.);
#821=ORIENTED_EDGE('',*,*,#820,.T.);
#823=ORIENTED_EDGE('',*,*,#822,.T.);
#825=ORIENTED_EDGE('',*,*,#824,.T.);
#827=ORIENTED_EDGE('',*,*,#826,.T.);
#829=ORIENTED_EDGE('',*,*,#828,.T.);
#831=ORIENTED_EDGE('',*,*,#830,.T.);
#833=ORIENTED_EDGE('',*,*,#832,.T.);
#835=ORIENTED_EDGE('',*,*,#834,.F.);
#837=ORIENTED_EDGE('',*,*,#836,.F.);
#839=ORIENTED_EDGE('',*,*,#838,.T.);
#841=ORIENTED_EDGE('',*,*,#840,.T.);
#842=EDGE_LOOP('',(#819,#821,#823,#825,#827,#829,#831,#833,#835,#837,#839,
#841));
#843=FACE_OUTER_BOUND('',#842,.F.);
#844=ADVANCED_FACE('',(#843),#818,.T.);
#845=CARTESIAN_POINT('',(1.635E-1,-1.135E-1,-9.E-2));
#846=DIRECTION('',(0.E0,5.E-1,-8.660254037844E-1));
#847=DIRECTION('',(0.E0,8.660254037844E-1,5.E-1));
#848=AXIS2_PLACEMENT_3D('',#845,#846,#847);
#849=PLANE('',#848);
#850=ORIENTED_EDGE('',*,*,#834,.T.);
#852=ORIENTED_EDGE('',*,*,#851,.T.);
#853=ORIENTED_EDGE('',*,*,#786,.T.);
#855=ORIENTED_EDGE('',*,*,#854,.T.);
#856=EDGE_LOOP('',(#850,#852,#853,#855));
#857=FACE_OUTER_BOUND('',#856,.F.);
#858=ADVANCED_FACE('',(#857),#849,.F.);
#859=CARTESIAN_POINT('',(1.635E-1,-2.67E-1,-9.E-2));
#860=DIRECTION('',(0.E0,0.E0,-1.E0));
#861=DIRECTION('',(0.E0,1.E0,0.E0));
#862=AXIS2_PLACEMENT_3D('',#859,#860,#861);
#863=PLANE('',#862);
#864=ORIENTED_EDGE('',*,*,#784,.F.);
#866=ORIENTED_EDGE('',*,*,#865,.T.);
#867=ORIENTED_EDGE('',*,*,#836,.T.);
#868=ORIENTED_EDGE('',*,*,#854,.F.);
#869=EDGE_LOOP('',(#864,#866,#867,#868));
#870=FACE_OUTER_BOUND('',#869,.F.);
#871=ADVANCED_FACE('',(#870),#863,.F.);
#872=CARTESIAN_POINT('',(1.635E-1,-2.67E-1,-8.1E-2));
#873=DIRECTION('',(0.E0,-1.E0,0.E0));
#874=DIRECTION('',(-1.E0,0.E0,0.E0));
#875=AXIS2_PLACEMENT_3D('',#872,#873,#874);
#876=PLANE('',#875);
#878=ORIENTED_EDGE('',*,*,#877,.T.);
#879=ORIENTED_EDGE('',*,*,#838,.F.);
#880=ORIENTED_EDGE('',*,*,#865,.F.);
#881=ORIENTED_EDGE('',*,*,#782,.T.);
#882=EDGE_LOOP('',(#878,#879,#880,#881));
#883=FACE_OUTER_BOUND('',#882,.F.);
#884=ADVANCED_FACE('',(#883),#876,.T.);
#885=CARTESIAN_POINT('',(1.635E-1,-2.67E-1,-1.1E-1));
#886=DIRECTION('',(0.E0,0.E0,-1.E0));
#887=DIRECTION('',(0.E0,1.E0,0.E0));
#888=AXIS2_PLACEMENT_3D('',#885,#886,#887);
#889=PLANE('',#888);
#890=ORIENTED_EDGE('',*,*,#780,.T.);
#891=ORIENTED_EDGE('',*,*,#809,.T.);
#892=ORIENTED_EDGE('',*,*,#840,.F.);
#893=ORIENTED_EDGE('',*,*,#877,.F.);
#894=EDGE_LOOP('',(#890,#891,#892,#893));
#895=FACE_OUTER_BOUND('',#894,.F.);
#896=ADVANCED_FACE('',(#895),#889,.T.);
#897=OPEN_SHELL('',(#798,#813,#844,#858,#871,#884,#896));
#898=DIRECTION('',(0.E0,-1.E0,0.E0));
#899=VECTOR('',#898,7.5E-3);
#900=CARTESIAN_POINT('',(-1.635E-1,-6.4E-2,-8.1E-2));
#901=LINE('',#900,#899);
#902=DIRECTION('',(0.E0,0.E0,1.E0));
#903=VECTOR('',#902,7.E-3);
#904=CARTESIAN_POINT('',(-1.635E-1,-7.15E-2,-8.1E-2));
#905=LINE('',#904,#903);
#906=DIRECTION('',(0.E0,-1.E0,0.E0));
#907=VECTOR('',#906,1.428718707890E-2);
#908=CARTESIAN_POINT('',(-1.635E-1,-7.15E-2,-7.4E-2));
#909=LINE('',#908,#907);
#910=DIRECTION('',(0.E0,1.E0,0.E0));
#911=VECTOR('',#910,1.535E-1);
#912=CARTESIAN_POINT('',(-1.635E-1,-2.67E-1,-9.E-2));
#913=LINE('',#912,#911);
#914=DIRECTION('',(0.E0,1.E0,0.E0));
#915=VECTOR('',#914,1.535E-1);
#916=CARTESIAN_POINT('',(-1.635E-1,-2.67E-1,-1.1E-1));
#917=LINE('',#916,#915);
#918=DIRECTION('',(0.E0,1.E0,0.E0));
#919=VECTOR('',#918,1.428718707890E-2);
#920=CARTESIAN_POINT('',(-1.635E-1,-8.578718707890E-2,-1.26E-1));
#921=LINE('',#920,#919);
#922=DIRECTION('',(0.E0,0.E0,1.E0));
#923=VECTOR('',#922,7.E-3);
#924=CARTESIAN_POINT('',(-1.635E-1,-7.15E-2,-1.26E-1));
#925=LINE('',#924,#923);
#926=DIRECTION('',(0.E0,1.E0,0.E0));
#927=VECTOR('',#926,7.5E-3);
#928=CARTESIAN_POINT('',(-1.635E-1,-7.15E-2,-1.19E-1));
#929=LINE('',#928,#927);
#930=DIRECTION('',(0.E0,0.E0,1.E0));
#931=VECTOR('',#930,3.8E-2);
#932=CARTESIAN_POINT('',(-1.635E-1,-6.4E-2,-1.19E-1));
#933=LINE('',#932,#931);
#934=DIRECTION('',(0.E0,8.660254037844E-1,5.E-1));
#935=VECTOR('',#934,3.2E-2);
#936=CARTESIAN_POINT('',(-1.635E-1,-1.135E-1,-9.E-2));
#937=LINE('',#936,#935);
#938=DIRECTION('',(1.E0,0.E0,0.E0));
#939=VECTOR('',#938,1.2E-2);
#940=CARTESIAN_POINT('',(-1.635E-1,-8.578718707890E-2,-7.4E-2));
#941=LINE('',#940,#939);
#942=DIRECTION('',(0.E0,-8.660254037844E-1,-5.E-1));
#943=VECTOR('',#942,3.2E-2);
#944=CARTESIAN_POINT('',(-1.515E-1,-8.578718707890E-2,-7.4E-2));
#945=LINE('',#944,#943);
#946=DIRECTION('',(1.E0,0.E0,0.E0));
#947=VECTOR('',#946,1.2E-2);
#948=CARTESIAN_POINT('',(-1.635E-1,-1.135E-1,-9.E-2));
#949=LINE('',#948,#947);
#950=DIRECTION('',(0.E0,1.E0,0.E0));
#951=VECTOR('',#950,1.428718707890E-2);
#952=CARTESIAN_POINT('',(-1.515E-1,-8.578718707890E-2,-7.4E-2));
#953=LINE('',#952,#951);
#954=DIRECTION('',(0.E0,0.E0,-1.E0));
#955=VECTOR('',#954,7.E-3);
#956=CARTESIAN_POINT('',(-1.515E-1,-7.15E-2,-7.4E-2));
#957=LINE('',#956,#955);
#958=DIRECTION('',(0.E0,1.E0,0.E0));
#959=VECTOR('',#958,7.5E-3);
#960=CARTESIAN_POINT('',(-1.515E-1,-7.15E-2,-8.1E-2));
#961=LINE('',#960,#959);
#962=DIRECTION('',(0.E0,0.E0,-1.E0));
#963=VECTOR('',#962,3.8E-2);
#964=CARTESIAN_POINT('',(-1.515E-1,-6.4E-2,-8.1E-2));
#965=LINE('',#964,#963);
#966=DIRECTION('',(0.E0,-1.E0,0.E0));
#967=VECTOR('',#966,7.5E-3);
#968=CARTESIAN_POINT('',(-1.515E-1,-6.4E-2,-1.19E-1));
#969=LINE('',#968,#967);
#970=DIRECTION('',(0.E0,0.E0,-1.E0));
#971=VECTOR('',#970,7.E-3);
#972=CARTESIAN_POINT('',(-1.515E-1,-7.15E-2,-1.19E-1));
#973=LINE('',#972,#971);
#974=DIRECTION('',(0.E0,-1.E0,0.E0));
#975=VECTOR('',#974,1.428718707890E-2);
#976=CARTESIAN_POINT('',(-1.515E-1,-7.15E-2,-1.26E-1));
#977=LINE('',#976,#975);
#978=DIRECTION('',(0.E0,1.E0,0.E0));
#979=VECTOR('',#978,1.535E-1);
#980=CARTESIAN_POINT('',(-1.515E-1,-2.67E-1,-1.1E-1));
#981=LINE('',#980,#979);
#982=DIRECTION('',(0.E0,0.E0,1.E0));
#983=VECTOR('',#982,2.E-2);
#984=CARTESIAN_POINT('',(-1.515E-1,-2.67E-1,-1.1E-1));
#985=LINE('',#984,#983);
#986=DIRECTION('',(0.E0,1.E0,0.E0));
#987=VECTOR('',#986,1.535E-1);
#988=CARTESIAN_POINT('',(-1.515E-1,-2.67E-1,-9.E-2));
#989=LINE('',#988,#987);
#990=DIRECTION('',(0.E0,8.660254037844E-1,-5.E-1));
#991=VECTOR('',#990,3.2E-2);
#992=CARTESIAN_POINT('',(-1.515E-1,-1.135E-1,-1.1E-1));
#993=LINE('',#992,#991);
#994=DIRECTION('',(-1.E0,0.E0,0.E0));
#995=VECTOR('',#994,1.2E-2);
#996=CARTESIAN_POINT('',(-1.515E-1,-8.578718707890E-2,-1.26E-1));
#997=LINE('',#996,#995);
#998=DIRECTION('',(0.E0,-8.660254037844E-1,5.E-1));
#999=VECTOR('',#998,3.2E-2);
#1000=CARTESIAN_POINT('',(-1.635E-1,-8.578718707890E-2,-1.26E-1));
#1001=LINE('',#1000,#999);
#1002=DIRECTION('',(1.E0,0.E0,0.E0));
#1003=VECTOR('',#1002,1.2E-2);
#1004=CARTESIAN_POINT('',(-1.635E-1,-1.135E-1,-1.1E-1));
#1005=LINE('',#1004,#1003);
#1006=DIRECTION('',(1.E0,0.E0,0.E0));
#1007=VECTOR('',#1006,1.2E-2);
#1008=CARTESIAN_POINT('',(-1.635E-1,-2.67E-1,-9.E-2));
#1009=LINE('',#1008,#1007);
#1010=DIRECTION('',(1.E0,0.E0,0.E0));
#1011=VECTOR('',#1010,1.2E-2);
#1012=CARTESIAN_POINT('',(-1.635E-1,-2.67E-1,-1.1E-1));
#1013=LINE('',#1012,#1011);
#1014=DIRECTION('',(0.E0,0.E0,1.E0));
#1015=VECTOR('',#1014,2.E-2);
#1016=CARTESIAN_POINT('',(-1.635E-1,-2.67E-1,-1.1E-1));
#1017=LINE('',#1016,#1015);
#1018=CARTESIAN_POINT('',(-1.635E-1,-6.4E-2,-1.19E-1));
#1019=CARTESIAN_POINT('',(-1.635E-1,-6.4E-2,-8.1E-2));
#1020=VERTEX_POINT('',#1018);
#1021=VERTEX_POINT('',#1019);
#1022=CARTESIAN_POINT('',(-1.515E-1,-6.4E-2,-1.19E-1));
#1023=CARTESIAN_POINT('',(-1.515E-1,-6.4E-2,-8.1E-2));
#1024=VERTEX_POINT('',#1022);
#1025=VERTEX_POINT('',#1023);
#1026=CARTESIAN_POINT('',(-1.635E-1,-2.67E-1,-1.1E-1));
#1027=CARTESIAN_POINT('',(-1.635E-1,-1.135E-1,-1.1E-1));
#1028=VERTEX_POINT('',#1026);
#1029=VERTEX_POINT('',#1027);
#1030=CARTESIAN_POINT('',(-1.515E-1,-2.67E-1,-1.1E-1));
#1031=VERTEX_POINT('',#1030);
#1032=CARTESIAN_POINT('',(-1.515E-1,-1.135E-1,-1.1E-1));
#1033=VERTEX_POINT('',#1032);
#1034=CARTESIAN_POINT('',(-1.635E-1,-8.578718707890E-2,-1.26E-1));
#1035=CARTESIAN_POINT('',(-1.635E-1,-7.15E-2,-1.26E-1));
#1036=VERTEX_POINT('',#1034);
#1037=VERTEX_POINT('',#1035);
#1038=CARTESIAN_POINT('',(-1.515E-1,-8.578718707890E-2,-1.26E-1));
#1039=CARTESIAN_POINT('',(-1.515E-1,-7.15E-2,-1.26E-1));
#1040=VERTEX_POINT('',#1038);
#1041=VERTEX_POINT('',#1039);
#1042=CARTESIAN_POINT('',(-1.635E-1,-7.15E-2,-1.19E-1));
#1043=VERTEX_POINT('',#1042);
#1044=CARTESIAN_POINT('',(-1.515E-1,-7.15E-2,-1.19E-1));
#1045=VERTEX_POINT('',#1044);
#1046=CARTESIAN_POINT('',(-1.635E-1,-2.67E-1,-9.E-2));
#1047=CARTESIAN_POINT('',(-1.635E-1,-1.135E-1,-9.E-2));
#1048=VERTEX_POINT('',#1046);
#1049=VERTEX_POINT('',#1047);
#1050=CARTESIAN_POINT('',(-1.515E-1,-2.67E-1,-9.E-2));
#1051=VERTEX_POINT('',#1050);
#1052=CARTESIAN_POINT('',(-1.515E-1,-1.135E-1,-9.E-2));
#1053=VERTEX_POINT('',#1052);
#1054=CARTESIAN_POINT('',(-1.635E-1,-8.578718707890E-2,-7.4E-2));
#1055=CARTESIAN_POINT('',(-1.635E-1,-7.15E-2,-7.4E-2));
#1056=VERTEX_POINT('',#1054);
#1057=VERTEX_POINT('',#1055);
#1058=CARTESIAN_POINT('',(-1.515E-1,-8.578718707890E-2,-7.4E-2));
#1059=CARTESIAN_POINT('',(-1.515E-1,-7.15E-2,-7.4E-2));
#1060=VERTEX_POINT('',#1058);
#1061=VERTEX_POINT('',#1059);
#1062=CARTESIAN_POINT('',(-1.635E-1,-7.15E-2,-8.1E-2));
#1063=VERTEX_POINT('',#1062);
#1064=CARTESIAN_POINT('',(-1.515E-1,-7.15E-2,-8.1E-2));
#1065=VERTEX_POINT('',#1064);
#1066=CARTESIAN_POINT('',(-1.635E-1,-6.4E-2,-1.19E-1));
#1067=DIRECTION('',(-1.E0,0.E0,0.E0));
#1068=DIRECTION('',(0.E0,-1.E0,0.E0));
#1069=AXIS2_PLACEMENT_3D('',#1066,#1067,#1068);
#1070=PLANE('',#1069);
#1072=ORIENTED_EDGE('',*,*,#1071,.T.);
#1074=ORIENTED_EDGE('',*,*,#1073,.T.);
#1076=ORIENTED_EDGE('',*,*,#1075,.T.);
#1078=ORIENTED_EDGE('',*,*,#1077,.F.);
#1080=ORIENTED_EDGE('',*,*,#1079,.F.);
#1082=ORIENTED_EDGE('',*,*,#1081,.F.);
#1084=ORIENTED_EDGE('',*,*,#1083,.T.);
#1086=ORIENTED_EDGE('',*,*,#1085,.F.);
#1088=ORIENTED_EDGE('',*,*,#1087,.T.);
#1090=ORIENTED_EDGE('',*,*,#1089,.T.);
#1092=ORIENTED_EDGE('',*,*,#1091,.T.);
#1094=ORIENTED_EDGE('',*,*,#1093,.T.);
#1095=EDGE_LOOP('',(#1072,#1074,#1076,#1078,#1080,#1082,#1084,#1086,#1088,#1090,
#1092,#1094));
#1096=FACE_OUTER_BOUND('',#1095,.F.);
#1097=ADVANCED_FACE('',(#1096),#1070,.T.);
#1098=CARTESIAN_POINT('',(-1.635E-1,-1.135E-1,-9.E-2));
#1099=DIRECTION('',(0.E0,-5.E-1,8.660254037844E-1));
#1100=DIRECTION('',(0.E0,8.660254037844E-1,5.E-1));
#1101=AXIS2_PLACEMENT_3D('',#1098,#1099,#1100);
#1102=PLANE('',#1101);
#1103=ORIENTED_EDGE('',*,*,#1077,.T.);
#1105=ORIENTED_EDGE('',*,*,#1104,.T.);
#1107=ORIENTED_EDGE('',*,*,#1106,.T.);
#1109=ORIENTED_EDGE('',*,*,#1108,.F.);
#1110=EDGE_LOOP('',(#1103,#1105,#1107,#1109));
#1111=FACE_OUTER_BOUND('',#1110,.F.);
#1112=ADVANCED_FACE('',(#1111),#1102,.T.);
#1113=CARTESIAN_POINT('',(-1.515E-1,-2.67E-1,-1.19E-1));
#1114=DIRECTION('',(1.E0,0.E0,0.E0));
#1115=DIRECTION('',(0.E0,1.E0,0.E0));
#1116=AXIS2_PLACEMENT_3D('',#1113,#1114,#1115);
#1117=PLANE('',#1116);
#1118=ORIENTED_EDGE('',*,*,#1106,.F.);
#1120=ORIENTED_EDGE('',*,*,#1119,.T.);
#1122=ORIENTED_EDGE('',*,*,#1121,.T.);
#1124=ORIENTED_EDGE('',*,*,#1123,.T.);
#1126=ORIENTED_EDGE('',*,*,#1125,.T.);
#1128=ORIENTED_EDGE('',*,*,#1127,.T.);
#1130=ORIENTED_EDGE('',*,*,#1129,.T.);
#1132=ORIENTED_EDGE('',*,*,#1131,.T.);
#1134=ORIENTED_EDGE('',*,*,#1133,.F.);
#1136=ORIENTED_EDGE('',*,*,#1135,.F.);
#1138=ORIENTED_EDGE('',*,*,#1137,.T.);
#1140=ORIENTED_EDGE('',*,*,#1139,.T.);
#1141=EDGE_LOOP('',(#1118,#1120,#1122,#1124,#1126,#1128,#1130,#1132,#1134,#1136,
#1138,#1140));
#1142=FACE_OUTER_BOUND('',#1141,.F.);
#1143=ADVANCED_FACE('',(#1142),#1117,.T.);
#1144=CARTESIAN_POINT('',(-1.635E-1,-1.135E-1,-1.1E-1));
#1145=DIRECTION('',(0.E0,5.E-1,8.660254037844E-1));
#1146=DIRECTION('',(0.E0,8.660254037844E-1,-5.E-1));
#1147=AXIS2_PLACEMENT_3D('',#1144,#1145,#1146);
#1148=PLANE('',#1147);
#1149=ORIENTED_EDGE('',*,*,#1133,.T.);
#1151=ORIENTED_EDGE('',*,*,#1150,.T.);
#1152=ORIENTED_EDGE('',*,*,#1085,.T.);
#1154=ORIENTED_EDGE('',*,*,#1153,.T.);
#1155=EDGE_LOOP('',(#1149,#1151,#1152,#1154));
#1156=FACE_OUTER_BOUND('',#1155,.F.);
#1157=ADVANCED_FACE('',(#1156),#1148,.F.);
#1158=CARTESIAN_POINT('',(-1.635E-1,-2.67E-1,-1.1E-1));
#1159=DIRECTION('',(0.E0,0.E0,1.E0));
#1160=DIRECTION('',(0.E0,1.E0,0.E0));
#1161=AXIS2_PLACEMENT_3D('',#1158,#1159,#1160);
#1162=PLANE('',#1161);
#1163=ORIENTED_EDGE('',*,*,#1083,.F.);
#1165=ORIENTED_EDGE('',*,*,#1164,.T.);
#1166=ORIENTED_EDGE('',*,*,#1135,.T.);
#1167=ORIENTED_EDGE('',*,*,#1153,.F.);
#1168=EDGE_LOOP('',(#1163,#1165,#1166,#1167));
#1169=FACE_OUTER_BOUND('',#1168,.F.);
#1170=ADVANCED_FACE('',(#1169),#1162,.F.);
#1171=CARTESIAN_POINT('',(-1.635E-1,-2.67E-1,-1.19E-1));
#1172=DIRECTION('',(0.E0,-1.E0,0.E0));
#1173=DIRECTION('',(1.E0,0.E0,0.E0));
#1174=AXIS2_PLACEMENT_3D('',#1171,#1172,#1173);
#1175=PLANE('',#1174);
#1177=ORIENTED_EDGE('',*,*,#1176,.T.);
#1178=ORIENTED_EDGE('',*,*,#1137,.F.);
#1179=ORIENTED_EDGE('',*,*,#1164,.F.);
#1180=ORIENTED_EDGE('',*,*,#1081,.T.);
#1181=EDGE_LOOP('',(#1177,#1178,#1179,#1180));
#1182=FACE_OUTER_BOUND('',#1181,.F.);
#1183=ADVANCED_FACE('',(#1182),#1175,.T.);
#1184=CARTESIAN_POINT('',(-1.635E-1,-2.67E-1,-9.E-2));
#1185=DIRECTION('',(0.E0,0.E0,1.E0));
#1186=DIRECTION('',(0.E0,1.E0,0.E0));
#1187=AXIS2_PLACEMENT_3D('',#1184,#1185,#1186);
#1188=PLANE('',#1187);
#1189=ORIENTED_EDGE('',*,*,#1079,.T.);
#1190=ORIENTED_EDGE('',*,*,#1108,.T.);
#1191=ORIENTED_EDGE('',*,*,#1139,.F.);
#1192=ORIENTED_EDGE('',*,*,#1176,.F.);
#1193=EDGE_LOOP('',(#1189,#1190,#1191,#1192));
#1194=FACE_OUTER_BOUND('',#1193,.F.);
#1195=ADVANCED_FACE('',(#1194),#1188,.T.);
#1196=OPEN_SHELL('',(#1097,#1112,#1143,#1157,#1170,#1183,#1195));
#1197=DIRECTION('',(0.E0,-1.E0,0.E0));
#1198=VECTOR('',#1197,7.5E-3);
#1199=CARTESIAN_POINT('',(1.635E-1,-6.4E-2,-2.19E-1));
#1200=LINE('',#1199,#1198);
#1201=DIRECTION('',(0.E0,0.E0,-1.E0));
#1202=VECTOR('',#1201,7.E-3);
#1203=CARTESIAN_POINT('',(1.635E-1,-7.15E-2,-2.19E-1));
#1204=LINE('',#1203,#1202);
#1205=DIRECTION('',(0.E0,-1.E0,0.E0));
#1206=VECTOR('',#1205,1.428718707890E-2);
#1207=CARTESIAN_POINT('',(1.635E-1,-7.15E-2,-2.26E-1));
#1208=LINE('',#1207,#1206);
#1209=DIRECTION('',(0.E0,1.E0,0.E0));
#1210=VECTOR('',#1209,1.535E-1);
#1211=CARTESIAN_POINT('',(1.635E-1,-2.67E-1,-2.1E-1));
#1212=LINE('',#1211,#1210);
#1213=DIRECTION('',(0.E0,1.E0,0.E0));
#1214=VECTOR('',#1213,1.535E-1);
#1215=CARTESIAN_POINT('',(1.635E-1,-2.67E-1,-1.9E-1));
#1216=LINE('',#1215,#1214);
#1217=DIRECTION('',(0.E0,1.E0,0.E0));
#1218=VECTOR('',#1217,1.428718707890E-2);
#1219=CARTESIAN_POINT('',(1.635E-1,-8.578718707890E-2,-1.74E-1));
#1220=LINE('',#1219,#1218);
#1221=DIRECTION('',(0.E0,0.E0,-1.E0));
#1222=VECTOR('',#1221,7.E-3);
#1223=CARTESIAN_POINT('',(1.635E-1,-7.15E-2,-1.74E-1));
#1224=LINE('',#1223,#1222);
#1225=DIRECTION('',(0.E0,1.E0,0.E0));
#1226=VECTOR('',#1225,7.5E-3);
#1227=CARTESIAN_POINT('',(1.635E-1,-7.15E-2,-1.81E-1));
#1228=LINE('',#1227,#1226);
#1229=DIRECTION('',(0.E0,0.E0,-1.E0));
#1230=VECTOR('',#1229,3.8E-2);
#1231=CARTESIAN_POINT('',(1.635E-1,-6.4E-2,-1.81E-1));
#1232=LINE('',#1231,#1230);
#1233=DIRECTION('',(0.E0,8.660254037844E-1,-5.E-1));
#1234=VECTOR('',#1233,3.2E-2);
#1235=CARTESIAN_POINT('',(1.635E-1,-1.135E-1,-2.1E-1));
#1236=LINE('',#1235,#1234);
#1237=DIRECTION('',(-1.E0,0.E0,0.E0));
#1238=VECTOR('',#1237,1.2E-2);
#1239=CARTESIAN_POINT('',(1.635E-1,-8.578718707890E-2,-2.26E-1));
#1240=LINE('',#1239,#1238);
#1241=DIRECTION('',(0.E0,-8.660254037844E-1,5.E-1));
#1242=VECTOR('',#1241,3.2E-2);
#1243=CARTESIAN_POINT('',(1.515E-1,-8.578718707890E-2,-2.26E-1));
#1244=LINE('',#1243,#1242);
#1245=DIRECTION('',(-1.E0,0.E0,0.E0));
#1246=VECTOR('',#1245,1.2E-2);
#1247=CARTESIAN_POINT('',(1.635E-1,-1.135E-1,-2.1E-1));
#1248=LINE('',#1247,#1246);
#1249=DIRECTION('',(0.E0,1.E0,0.E0));
#1250=VECTOR('',#1249,1.428718707890E-2);
#1251=CARTESIAN_POINT('',(1.515E-1,-8.578718707890E-2,-2.26E-1));
#1252=LINE('',#1251,#1250);
#1253=DIRECTION('',(0.E0,0.E0,1.E0));
#1254=VECTOR('',#1253,7.E-3);
#1255=CARTESIAN_POINT('',(1.515E-1,-7.15E-2,-2.26E-1));
#1256=LINE('',#1255,#1254);
#1257=DIRECTION('',(0.E0,1.E0,0.E0));
#1258=VECTOR('',#1257,7.5E-3);
#1259=CARTESIAN_POINT('',(1.515E-1,-7.15E-2,-2.19E-1));
#1260=LINE('',#1259,#1258);
#1261=DIRECTION('',(0.E0,0.E0,1.E0));
#1262=VECTOR('',#1261,3.8E-2);
#1263=CARTESIAN_POINT('',(1.515E-1,-6.4E-2,-2.19E-1));
#1264=LINE('',#1263,#1262);
#1265=DIRECTION('',(0.E0,-1.E0,0.E0));
#1266=VECTOR('',#1265,7.5E-3);
#1267=CARTESIAN_POINT('',(1.515E-1,-6.4E-2,-1.81E-1));
#1268=LINE('',#1267,#1266);
#1269=DIRECTION('',(0.E0,0.E0,1.E0));
#1270=VECTOR('',#1269,7.E-3);
#1271=CARTESIAN_POINT('',(1.515E-1,-7.15E-2,-1.81E-1));
#1272=LINE('',#1271,#1270);
#1273=DIRECTION('',(0.E0,-1.E0,0.E0));
#1274=VECTOR('',#1273,1.428718707890E-2);
#1275=CARTESIAN_POINT('',(1.515E-1,-7.15E-2,-1.74E-1));
#1276=LINE('',#1275,#1274);
#1277=DIRECTION('',(0.E0,1.E0,0.E0));
#1278=VECTOR('',#1277,1.535E-1);
#1279=CARTESIAN_POINT('',(1.515E-1,-2.67E-1,-1.9E-1));
#1280=LINE('',#1279,#1278);
#1281=DIRECTION('',(0.E0,0.E0,-1.E0));
#1282=VECTOR('',#1281,2.E-2);
#1283=CARTESIAN_POINT('',(1.515E-1,-2.67E-1,-1.9E-1));
#1284=LINE('',#1283,#1282);
#1285=DIRECTION('',(0.E0,1.E0,0.E0));
#1286=VECTOR('',#1285,1.535E-1);
#1287=CARTESIAN_POINT('',(1.515E-1,-2.67E-1,-2.1E-1));
#1288=LINE('',#1287,#1286);
#1289=DIRECTION('',(0.E0,8.660254037844E-1,5.E-1));
#1290=VECTOR('',#1289,3.2E-2);
#1291=CARTESIAN_POINT('',(1.515E-1,-1.135E-1,-1.9E-1));
#1292=LINE('',#1291,#1290);
#1293=DIRECTION('',(1.E0,0.E0,0.E0));
#1294=VECTOR('',#1293,1.2E-2);
#1295=CARTESIAN_POINT('',(1.515E-1,-8.578718707890E-2,-1.74E-1));
#1296=LINE('',#1295,#1294);
#1297=DIRECTION('',(0.E0,-8.660254037844E-1,-5.E-1));
#1298=VECTOR('',#1297,3.2E-2);
#1299=CARTESIAN_POINT('',(1.635E-1,-8.578718707890E-2,-1.74E-1));
#1300=LINE('',#1299,#1298);
#1301=DIRECTION('',(-1.E0,0.E0,0.E0));
#1302=VECTOR('',#1301,1.2E-2);
#1303=CARTESIAN_POINT('',(1.635E-1,-1.135E-1,-1.9E-1));
#1304=LINE('',#1303,#1302);
#1305=DIRECTION('',(-1.E0,0.E0,0.E0));
#1306=VECTOR('',#1305,1.2E-2);
#1307=CARTESIAN_POINT('',(1.635E-1,-2.67E-1,-2.1E-1));
#1308=LINE('',#1307,#1306);
#1309=DIRECTION('',(-1.E0,0.E0,0.E0));
#1310=VECTOR('',#1309,1.2E-2);
#1311=CARTESIAN_POINT('',(1.635E-1,-2.67E-1,-1.9E-1));
#1312=LINE('',#1311,#1310);
#1313=DIRECTION('',(0.E0,0.E0,-1.E0));
#1314=VECTOR('',#1313,2.E-2);
#1315=CARTESIAN_POINT('',(1.635E-1,-2.67E-1,-1.9E-1));
#1316=LINE('',#1315,#1314);
#1317=CARTESIAN_POINT('',(1.635E-1,-6.4E-2,-1.81E-1));
#1318=CARTESIAN_POINT('',(1.635E-1,-6.4E-2,-2.19E-1));
#1319=VERTEX_POINT('',#1317);
#1320=VERTEX_POINT('',#1318);
#1321=CARTESIAN_POINT('',(1.515E-1,-6.4E-2,-1.81E-1));
#1322=CARTESIAN_POINT('',(1.515E-1,-6.4E-2,-2.19E-1));
#1323=VERTEX_POINT('',#1321);
#1324=VERTEX_POINT('',#1322);
#1325=CARTESIAN_POINT('',(1.635E-1,-2.67E-1,-1.9E-1));
#1326=CARTESIAN_POINT('',(1.635E-1,-1.135E-1,-1.9E-1));
#1327=VERTEX_POINT('',#1325);
#1328=VERTEX_POINT('',#1326);
#1329=CARTESIAN_POINT('',(1.515E-1,-2.67E-1,-1.9E-1));
#1330=VERTEX_POINT('',#1329);
#1331=CARTESIAN_POINT('',(1.515E-1,-1.135E-1,-1.9E-1));
#1332=VERTEX_POINT('',#1331);
#1333=CARTESIAN_POINT('',(1.635E-1,-8.578718707890E-2,-1.74E-1));
#1334=CARTESIAN_POINT('',(1.635E-1,-7.15E-2,-1.74E-1));
#1335=VERTEX_POINT('',#1333);
#1336=VERTEX_POINT('',#1334);
#1337=CARTESIAN_POINT('',(1.515E-1,-8.578718707890E-2,-1.74E-1));
#1338=CARTESIAN_POINT('',(1.515E-1,-7.15E-2,-1.74E-1));
#1339=VERTEX_POINT('',#1337);
#1340=VERTEX_POINT('',#1338);
#1341=CARTESIAN_POINT('',(1.635E-1,-7.15E-2,-1.81E-1));
#1342=VERTEX_POINT('',#1341);
#1343=CARTESIAN_POINT('',(1.515E-1,-7.15E-2,-1.81E-1));
#1344=VERTEX_POINT('',#1343);
#1345=CARTESIAN_POINT('',(1.635E-1,-2.67E-1,-2.1E-1));
#1346=CARTESIAN_POINT('',(1.635E-1,-1.135E-1,-2.1E-1));
#1347=VERTEX_POINT('',#1345);
#1348=VERTEX_POINT('',#1346);
#1349=CARTESIAN_POINT('',(1.515E-1,-2.67E-1,-2.1E-1));
#1350=VERTEX_POINT('',#1349);
#1351=CARTESIAN_POINT('',(1.515E-1,-1.135E-1,-2.1E-1));
#1352=VERTEX_POINT('',#1351);
#1353=CARTESIAN_POINT('',(1.635E-1,-8.578718707890E-2,-2.26E-1));
#1354=CARTESIAN_POINT('',(1.635E-1,-7.15E-2,-2.26E-1));
#1355=VERTEX_POINT('',#1353);
#1356=VERTEX_POINT('',#1354);
#1357=CARTESIAN_POINT('',(1.515E-1,-8.578718707890E-2,-2.26E-1));
#1358=CARTESIAN_POINT('',(1.515E-1,-7.15E-2,-2.26E-1));
#1359=VERTEX_POINT('',#1357);
#1360=VERTEX_POINT('',#1358);
#1361=CARTESIAN_POINT('',(1.635E-1,-7.15E-2,-2.19E-1));
#1362=VERTEX_POINT('',#1361);
#1363=CARTESIAN_POINT('',(1.515E-1,-7.15E-2,-2.19E-1));
#1364=VERTEX_POINT('',#1363);
#1365=CARTESIAN_POINT('',(1.635E-1,-6.4E-2,-1.81E-1));
#1366=DIRECTION('',(1.E0,0.E0,0.E0));
#1367=DIRECTION('',(0.E0,-1.E0,0.E0));
#1368=AXIS2_PLACEMENT_3D('',#1365,#1366,#1367);
#1369=PLANE('',#1368);
#1371=ORIENTED_EDGE('',*,*,#1370,.T.);
#1373=ORIENTED_EDGE('',*,*,#1372,.T.);
#1375=ORIENTED_EDGE('',*,*,#1374,.T.);
#1377=ORIENTED_EDGE('',*,*,#1376,.F.);
#1379=ORIENTED_EDGE('',*,*,#1378,.F.);
#1381=ORIENTED_EDGE('',*,*,#1380,.F.);
#1383=ORIENTED_EDGE('',*,*,#1382,.T.);
#1385=ORIENTED_EDGE('',*,*,#1384,.F.);
#1387=ORIENTED_EDGE('',*,*,#1386,.T.);
#1389=ORIENTED_EDGE('',*,*,#1388,.T.);
#1391=ORIENTED_EDGE('',*,*,#1390,.T.);
#1393=ORIENTED_EDGE('',*,*,#1392,.T.);
#1394=EDGE_LOOP('',(#1371,#1373,#1375,#1377,#1379,#1381,#1383,#1385,#1387,#1389,
#1391,#1393));
#1395=FACE_OUTER_BOUND('',#1394,.F.);
#1396=ADVANCED_FACE('',(#1395),#1369,.T.);
#1397=CARTESIAN_POINT('',(1.635E-1,-1.135E-1,-2.1E-1));
#1398=DIRECTION('',(0.E0,-5.E-1,-8.660254037844E-1));
#1399=DIRECTION('',(0.E0,8.660254037844E-1,-5.E-1));
#1400=AXIS2_PLACEMENT_3D('',#1397,#1398,#1399);
#1401=PLANE('',#1400);
#1402=ORIENTED_EDGE('',*,*,#1376,.T.);
#1404=ORIENTED_EDGE('',*,*,#1403,.T.);
#1406=ORIENTED_EDGE('',*,*,#1405,.T.);
#1408=ORIENTED_EDGE('',*,*,#1407,.F.);
#1409=EDGE_LOOP('',(#1402,#1404,#1406,#1408));
#1410=FACE_OUTER_BOUND('',#1409,.F.);
#1411=ADVANCED_FACE('',(#1410),#1401,.T.);
#1412=CARTESIAN_POINT('',(1.515E-1,-2.67E-1,-1.81E-1));
#1413=DIRECTION('',(-1.E0,0.E0,0.E0));
#1414=DIRECTION('',(0.E0,1.E0,0.E0));
#1415=AXIS2_PLACEMENT_3D('',#1412,#1413,#1414);
#1416=PLANE('',#1415);
#1417=ORIENTED_EDGE('',*,*,#1405,.F.);
#1419=ORIENTED_EDGE('',*,*,#1418,.T.);
#1421=ORIENTED_EDGE('',*,*,#1420,.T.);
#1423=ORIENTED_EDGE('',*,*,#1422,.T.);
#1425=ORIENTED_EDGE('',*,*,#1424,.T.);
#1427=ORIENTED_EDGE('',*,*,#1426,.T.);
#1429=ORIENTED_EDGE('',*,*,#1428,.T.);
#1431=ORIENTED_EDGE('',*,*,#1430,.T.);
#1433=ORIENTED_EDGE('',*,*,#1432,.F.);
#1435=ORIENTED_EDGE('',*,*,#1434,.F.);
#1437=ORIENTED_EDGE('',*,*,#1436,.T.);
#1439=ORIENTED_EDGE('',*,*,#1438,.T.);
#1440=EDGE_LOOP('',(#1417,#1419,#1421,#1423,#1425,#1427,#1429,#1431,#1433,#1435,
#1437,#1439));
#1441=FACE_OUTER_BOUND('',#1440,.F.);
#1442=ADVANCED_FACE('',(#1441),#1416,.T.);
#1443=CARTESIAN_POINT('',(1.635E-1,-1.135E-1,-1.9E-1));
#1444=DIRECTION('',(0.E0,5.E-1,-8.660254037844E-1));
#1445=DIRECTION('',(0.E0,8.660254037844E-1,5.E-1));
#1446=AXIS2_PLACEMENT_3D('',#1443,#1444,#1445);
#1447=PLANE('',#1446);
#1448=ORIENTED_EDGE('',*,*,#1432,.T.);
#1450=ORIENTED_EDGE('',*,*,#1449,.T.);
#1451=ORIENTED_EDGE('',*,*,#1384,.T.);
#1453=ORIENTED_EDGE('',*,*,#1452,.T.);
#1454=EDGE_LOOP('',(#1448,#1450,#1451,#1453));
#1455=FACE_OUTER_BOUND('',#1454,.F.);
#1456=ADVANCED_FACE('',(#1455),#1447,.F.);
#1457=CARTESIAN_POINT('',(1.635E-1,-2.67E-1,-1.9E-1));
#1458=DIRECTION('',(0.E0,0.E0,-1.E0));
#1459=DIRECTION('',(0.E0,1.E0,0.E0));
#1460=AXIS2_PLACEMENT_3D('',#1457,#1458,#1459);
#1461=PLANE('',#1460);
#1462=ORIENTED_EDGE('',*,*,#1382,.F.);
#1464=ORIENTED_EDGE('',*,*,#1463,.T.);
#1465=ORIENTED_EDGE('',*,*,#1434,.T.);
#1466=ORIENTED_EDGE('',*,*,#1452,.F.);
#1467=EDGE_LOOP('',(#1462,#1464,#1465,#1466));
#1468=FACE_OUTER_BOUND('',#1467,.F.);
#1469=ADVANCED_FACE('',(#1468),#1461,.F.);
#1470=CARTESIAN_POINT('',(1.635E-1,-2.67E-1,-1.81E-1));
#1471=DIRECTION('',(0.E0,-1.E0,0.E0));
#1472=DIRECTION('',(-1.E0,0.E0,0.E0));
#1473=AXIS2_PLACEMENT_3D('',#1470,#1471,#1472);
#1474=PLANE('',#1473);
#1476=ORIENTED_EDGE('',*,*,#1475,.T.);
#1477=ORIENTED_EDGE('',*,*,#1436,.F.);
#1478=ORIENTED_EDGE('',*,*,#1463,.F.);
#1479=ORIENTED_EDGE('',*,*,#1380,.T.);
#1480=EDGE_LOOP('',(#1476,#1477,#1478,#1479));
#1481=FACE_OUTER_BOUND('',#1480,.F.);
#1482=ADVANCED_FACE('',(#1481),#1474,.T.);
#1483=CARTESIAN_POINT('',(1.635E-1,-2.67E-1,-2.1E-1));
#1484=DIRECTION('',(0.E0,0.E0,-1.E0));
#1485=DIRECTION('',(0.E0,1.E0,0.E0));
#1486=AXIS2_PLACEMENT_3D('',#1483,#1484,#1485);
#1487=PLANE('',#1486);
#1488=ORIENTED_EDGE('',*,*,#1378,.T.);
#1489=ORIENTED_EDGE('',*,*,#1407,.T.);
#1490=ORIENTED_EDGE('',*,*,#1438,.F.);
#1491=ORIENTED_EDGE('',*,*,#1475,.F.);
#1492=EDGE_LOOP('',(#1488,#1489,#1490,#1491));
#1493=FACE_OUTER_BOUND('',#1492,.F.);
#1494=ADVANCED_FACE('',(#1493),#1487,.T.);
#1495=OPEN_SHELL('',(#1396,#1411,#1442,#1456,#1469,#1482,#1494));
#1496=DIRECTION('',(0.E0,-1.E0,0.E0));
#1497=VECTOR('',#1496,7.5E-3);
#1498=CARTESIAN_POINT('',(-1.635E-1,-6.4E-2,-1.81E-1));
#1499=LINE('',#1498,#1497);
#1500=DIRECTION('',(0.E0,0.E0,1.E0));
#1501=VECTOR('',#1500,7.E-3);
#1502=CARTESIAN_POINT('',(-1.635E-1,-7.15E-2,-1.81E-1));
#1503=LINE('',#1502,#1501);
#1504=DIRECTION('',(0.E0,-1.E0,0.E0));
#1505=VECTOR('',#1504,1.428718707890E-2);
#1506=CARTESIAN_POINT('',(-1.635E-1,-7.15E-2,-1.74E-1));
#1507=LINE('',#1506,#1505);
#1508=DIRECTION('',(0.E0,1.E0,0.E0));
#1509=VECTOR('',#1508,1.535E-1);
#1510=CARTESIAN_POINT('',(-1.635E-1,-2.67E-1,-1.9E-1));
#1511=LINE('',#1510,#1509);
#1512=DIRECTION('',(0.E0,1.E0,0.E0));
#1513=VECTOR('',#1512,1.535E-1);
#1514=CARTESIAN_POINT('',(-1.635E-1,-2.67E-1,-2.1E-1));
#1515=LINE('',#1514,#1513);
#1516=DIRECTION('',(0.E0,1.E0,0.E0));
#1517=VECTOR('',#1516,1.428718707890E-2);
#1518=CARTESIAN_POINT('',(-1.635E-1,-8.578718707890E-2,-2.26E-1));
#1519=LINE('',#1518,#1517);
#1520=DIRECTION('',(0.E0,0.E0,1.E0));
#1521=VECTOR('',#1520,7.E-3);
#1522=CARTESIAN_POINT('',(-1.635E-1,-7.15E-2,-2.26E-1));
#1523=LINE('',#1522,#1521);
#1524=DIRECTION('',(0.E0,1.E0,0.E0));
#1525=VECTOR('',#1524,7.5E-3);
#1526=CARTESIAN_POINT('',(-1.635E-1,-7.15E-2,-2.19E-1));
#1527=LINE('',#1526,#1525);
#1528=DIRECTION('',(0.E0,0.E0,1.E0));
#1529=VECTOR('',#1528,3.8E-2);
#1530=CARTESIAN_POINT('',(-1.635E-1,-6.4E-2,-2.19E-1));
#1531=LINE('',#1530,#1529);
#1532=DIRECTION('',(0.E0,8.660254037844E-1,5.E-1));
#1533=VECTOR('',#1532,3.2E-2);
#1534=CARTESIAN_POINT('',(-1.635E-1,-1.135E-1,-1.9E-1));
#1535=LINE('',#1534,#1533);
#1536=DIRECTION('',(1.E0,0.E0,0.E0));
#1537=VECTOR('',#1536,1.2E-2);
#1538=CARTESIAN_POINT('',(-1.635E-1,-8.578718707890E-2,-1.74E-1));
#1539=LINE('',#1538,#1537);
#1540=DIRECTION('',(0.E0,-8.660254037844E-1,-5.E-1));
#1541=VECTOR('',#1540,3.2E-2);
#1542=CARTESIAN_POINT('',(-1.515E-1,-8.578718707890E-2,-1.74E-1));
#1543=LINE('',#1542,#1541);
#1544=DIRECTION('',(1.E0,0.E0,0.E0));
#1545=VECTOR('',#1544,1.2E-2);
#1546=CARTESIAN_POINT('',(-1.635E-1,-1.135E-1,-1.9E-1));
#1547=LINE('',#1546,#1545);
#1548=DIRECTION('',(0.E0,1.E0,0.E0));
#1549=VECTOR('',#1548,1.428718707890E-2);
#1550=CARTESIAN_POINT('',(-1.515E-1,-8.578718707890E-2,-1.74E-1));
#1551=LINE('',#1550,#1549);
#1552=DIRECTION('',(0.E0,0.E0,-1.E0));
#1553=VECTOR('',#1552,7.E-3);
#1554=CARTESIAN_POINT('',(-1.515E-1,-7.15E-2,-1.74E-1));
#1555=LINE('',#1554,#1553);
#1556=DIRECTION('',(0.E0,1.E0,0.E0));
#1557=VECTOR('',#1556,7.5E-3);
#1558=CARTESIAN_POINT('',(-1.515E-1,-7.15E-2,-1.81E-1));
#1559=LINE('',#1558,#1557);
#1560=DIRECTION('',(0.E0,0.E0,-1.E0));
#1561=VECTOR('',#1560,3.8E-2);
#1562=CARTESIAN_POINT('',(-1.515E-1,-6.4E-2,-1.81E-1));
#1563=LINE('',#1562,#1561);
#1564=DIRECTION('',(0.E0,-1.E0,0.E0));
#1565=VECTOR('',#1564,7.5E-3);
#1566=CARTESIAN_POINT('',(-1.515E-1,-6.4E-2,-2.19E-1));
#1567=LINE('',#1566,#1565);
#1568=DIRECTION('',(0.E0,0.E0,-1.E0));
#1569=VECTOR('',#1568,7.E-3);
#1570=CARTESIAN_POINT('',(-1.515E-1,-7.15E-2,-2.19E-1));
#1571=LINE('',#1570,#1569);
#1572=DIRECTION('',(0.E0,-1.E0,0.E0));
#1573=VECTOR('',#1572,1.428718707890E-2);
#1574=CARTESIAN_POINT('',(-1.515E-1,-7.15E-2,-2.26E-1));
#1575=LINE('',#1574,#1573);
#1576=DIRECTION('',(0.E0,1.E0,0.E0));
#1577=VECTOR('',#1576,1.535E-1);
#1578=CARTESIAN_POINT('',(-1.515E-1,-2.67E-1,-2.1E-1));
#1579=LINE('',#1578,#1577);
#1580=DIRECTION('',(0.E0,0.E0,1.E0));
#1581=VECTOR('',#1580,2.E-2);
#1582=CARTESIAN_POINT('',(-1.515E-1,-2.67E-1,-2.1E-1));
#1583=LINE('',#1582,#1581);
#1584=DIRECTION('',(0.E0,1.E0,0.E0));
#1585=VECTOR('',#1584,1.535E-1);
#1586=CARTESIAN_POINT('',(-1.515E-1,-2.67E-1,-1.9E-1));
#1587=LINE('',#1586,#1585);
#1588=DIRECTION('',(0.E0,8.660254037844E-1,-5.E-1));
#1589=VECTOR('',#1588,3.2E-2);
#1590=CARTESIAN_POINT('',(-1.515E-1,-1.135E-1,-2.1E-1));
#1591=LINE('',#1590,#1589);
#1592=DIRECTION('',(-1.E0,0.E0,0.E0));
#1593=VECTOR('',#1592,1.2E-2);
#1594=CARTESIAN_POINT('',(-1.515E-1,-8.578718707890E-2,-2.26E-1));
#1595=LINE('',#1594,#1593);
#1596=DIRECTION('',(0.E0,-8.660254037844E-1,5.E-1));
#1597=VECTOR('',#1596,3.2E-2);
#1598=CARTESIAN_POINT('',(-1.635E-1,-8.578718707890E-2,-2.26E-1));
#1599=LINE('',#1598,#1597);
#1600=DIRECTION('',(1.E0,0.E0,0.E0));
#1601=VECTOR('',#1600,1.2E-2);
#1602=CARTESIAN_POINT('',(-1.635E-1,-1.135E-1,-2.1E-1));
#1603=LINE('',#1602,#1601);
#1604=DIRECTION('',(1.E0,0.E0,0.E0));
#1605=VECTOR('',#1604,1.2E-2);
#1606=CARTESIAN_POINT('',(-1.635E-1,-2.67E-1,-1.9E-1));
#1607=LINE('',#1606,#1605);
#1608=DIRECTION('',(1.E0,0.E0,0.E0));
#1609=VECTOR('',#1608,1.2E-2);
#1610=CARTESIAN_POINT('',(-1.635E-1,-2.67E-1,-2.1E-1));
#1611=LINE('',#1610,#1609);
#1612=DIRECTION('',(0.E0,0.E0,1.E0));
#1613=VECTOR('',#1612,2.E-2);
#1614=CARTESIAN_POINT('',(-1.635E-1,-2.67E-1,-2.1E-1));
#1615=LINE('',#1614,#1613);
#1616=CARTESIAN_POINT('',(-1.635E-1,-6.4E-2,-2.19E-1));
#1617=CARTESIAN_POINT('',(-1.635E-1,-6.4E-2,-1.81E-1));
#1618=VERTEX_POINT('',#1616);
#1619=VERTEX_POINT('',#1617);
#1620=CARTESIAN_POINT('',(-1.515E-1,-6.4E-2,-2.19E-1));
#1621=CARTESIAN_POINT('',(-1.515E-1,-6.4E-2,-1.81E-1));
#1622=VERTEX_POINT('',#1620);
#1623=VERTEX_POINT('',#1621);
#1624=CARTESIAN_POINT('',(-1.635E-1,-2.67E-1,-2.1E-1));
#1625=CARTESIAN_POINT('',(-1.635E-1,-1.135E-1,-2.1E-1));
#1626=VERTEX_POINT('',#1624);
#1627=VERTEX_POINT('',#1625);
#1628=CARTESIAN_POINT('',(-1.515E-1,-2.67E-1,-2.1E-1));
#1629=VERTEX_POINT('',#1628);
#1630=CARTESIAN_POINT('',(-1.515E-1,-1.135E-1,-2.1E-1));
#1631=VERTEX_POINT('',#1630);
#1632=CARTESIAN_POINT('',(-1.635E-1,-8.578718707890E-2,-2.26E-1));
#1633=CARTESIAN_POINT('',(-1.635E-1,-7.15E-2,-2.26E-1));
#1634=VERTEX_POINT('',#1632);
#1635=VERTEX_POINT('',#1633);
#1636=CARTESIAN_POINT('',(-1.515E-1,-8.578718707890E-2,-2.26E-1));
#1637=CARTESIAN_POINT('',(-1.515E-1,-7.15E-2,-2.26E-1));
#1638=VERTEX_POINT('',#1636);
#1639=VERTEX_POINT('',#1637);
#1640=CARTESIAN_POINT('',(-1.635E-1,-7.15E-2,-2.19E-1));
#1641=VERTEX_POINT('',#1640);
#1642=CARTESIAN_POINT('',(-1.515E-1,-7.15E-2,-2.19E-1));
#1643=VERTEX_POINT('',#1642);
#1644=CARTESIAN_POINT('',(-1.635E-1,-2.67E-1,-1.9E-1));
#1645=CARTESIAN_POINT('',(-1.635E-1,-1.135E-1,-1.9E-1));
#1646=VERTEX_POINT('',#1644);
#1647=VERTEX_POINT('',#1645);
#1648=CARTESIAN_POINT('',(-1.515E-1,-2.67E-1,-1.9E-1));
#1649=VERTEX_POINT('',#1648);
#1650=CARTESIAN_POINT('',(-1.515E-1,-1.135E-1,-1.9E-1));
#1651=VERTEX_POINT('',#1650);
#1652=CARTESIAN_POINT('',(-1.635E-1,-8.578718707890E-2,-1.74E-1));
#1653=CARTESIAN_POINT('',(-1.635E-1,-7.15E-2,-1.74E-1));
#1654=VERTEX_POINT('',#1652);
#1655=VERTEX_POINT('',#1653);
#1656=CARTESIAN_POINT('',(-1.515E-1,-8.578718707890E-2,-1.74E-1));
#1657=CARTESIAN_POINT('',(-1.515E-1,-7.15E-2,-1.74E-1));
#1658=VERTEX_POINT('',#1656);
#1659=VERTEX_POINT('',#1657);
#1660=CARTESIAN_POINT('',(-1.635E-1,-7.15E-2,-1.81E-1));
#1661=VERTEX_POINT('',#1660);
#1662=CARTESIAN_POINT('',(-1.515E-1,-7.15E-2,-1.81E-1));
#1663=VERTEX_POINT('',#1662);
#1664=CARTESIAN_POINT('',(-1.635E-1,-6.4E-2,-2.19E-1));
#1665=DIRECTION('',(-1.E0,0.E0,0.E0));
#1666=DIRECTION('',(0.E0,-1.E0,0.E0));
#1667=AXIS2_PLACEMENT_3D('',#1664,#1665,#1666);
#1668=PLANE('',#1667);
#1670=ORIENTED_EDGE('',*,*,#1669,.T.);
#1672=ORIENTED_EDGE('',*,*,#1671,.T.);
#1674=ORIENTED_EDGE('',*,*,#1673,.T.);
#1676=ORIENTED_EDGE('',*,*,#1675,.F.);
#1678=ORIENTED_EDGE('',*,*,#1677,.F.);
#1680=ORIENTED_EDGE('',*,*,#1679,.F.);
#1682=ORIENTED_EDGE('',*,*,#1681,.T.);
#1684=ORIENTED_EDGE('',*,*,#1683,.F.);
#1686=ORIENTED_EDGE('',*,*,#1685,.T.);
#1688=ORIENTED_EDGE('',*,*,#1687,.T.);
#1690=ORIENTED_EDGE('',*,*,#1689,.T.);
#1692=ORIENTED_EDGE('',*,*,#1691,.T.);
#1693=EDGE_LOOP('',(#1670,#1672,#1674,#1676,#1678,#1680,#1682,#1684,#1686,#1688,
#1690,#1692));
#1694=FACE_OUTER_BOUND('',#1693,.F.);
#1695=ADVANCED_FACE('',(#1694),#1668,.T.);
#1696=CARTESIAN_POINT('',(-1.635E-1,-1.135E-1,-1.9E-1));
#1697=DIRECTION('',(0.E0,-5.E-1,8.660254037844E-1));
#1698=DIRECTION('',(0.E0,8.660254037844E-1,5.E-1));
#1699=AXIS2_PLACEMENT_3D('',#1696,#1697,#1698);
#1700=PLANE('',#1699);
#1701=ORIENTED_EDGE('',*,*,#1675,.T.);
#1703=ORIENTED_EDGE('',*,*,#1702,.T.);
#1705=ORIENTED_EDGE('',*,*,#1704,.T.);
#1707=ORIENTED_EDGE('',*,*,#1706,.F.);
#1708=EDGE_LOOP('',(#1701,#1703,#1705,#1707));
#1709=FACE_OUTER_BOUND('',#1708,.F.);
#1710=ADVANCED_FACE('',(#1709),#1700,.T.);
#1711=CARTESIAN_POINT('',(-1.515E-1,-2.67E-1,-2.19E-1));
#1712=DIRECTION('',(1.E0,0.E0,0.E0));
#1713=DIRECTION('',(0.E0,1.E0,0.E0));
#1714=AXIS2_PLACEMENT_3D('',#1711,#1712,#1713);
#1715=PLANE('',#1714);
#1716=ORIENTED_EDGE('',*,*,#1704,.F.);
#1718=ORIENTED_EDGE('',*,*,#1717,.T.);
#1720=ORIENTED_EDGE('',*,*,#1719,.T.);
#1722=ORIENTED_EDGE('',*,*,#1721,.T.);
#1724=ORIENTED_EDGE('',*,*,#1723,.T.);
#1726=ORIENTED_EDGE('',*,*,#1725,.T.);
#1728=ORIENTED_EDGE('',*,*,#1727,.T.);
#1730=ORIENTED_EDGE('',*,*,#1729,.T.);
#1732=ORIENTED_EDGE('',*,*,#1731,.F.);
#1734=ORIENTED_EDGE('',*,*,#1733,.F.);
#1736=ORIENTED_EDGE('',*,*,#1735,.T.);
#1738=ORIENTED_EDGE('',*,*,#1737,.T.);
#1739=EDGE_LOOP('',(#1716,#1718,#1720,#1722,#1724,#1726,#1728,#1730,#1732,#1734,
#1736,#1738));
#1740=FACE_OUTER_BOUND('',#1739,.F.);
#1741=ADVANCED_FACE('',(#1740),#1715,.T.);
#1742=CARTESIAN_POINT('',(-1.635E-1,-1.135E-1,-2.1E-1));
#1743=DIRECTION('',(0.E0,5.E-1,8.660254037844E-1));
#1744=DIRECTION('',(0.E0,8.660254037844E-1,-5.E-1));
#1745=AXIS2_PLACEMENT_3D('',#1742,#1743,#1744);
#1746=PLANE('',#1745);
#1747=ORIENTED_EDGE('',*,*,#1731,.T.);
#1749=ORIENTED_EDGE('',*,*,#1748,.T.);
#1750=ORIENTED_EDGE('',*,*,#1683,.T.);
#1752=ORIENTED_EDGE('',*,*,#1751,.T.);
#1753=EDGE_LOOP('',(#1747,#1749,#1750,#1752));
#1754=FACE_OUTER_BOUND('',#1753,.F.);
#1755=ADVANCED_FACE('',(#1754),#1746,.F.);
#1756=CARTESIAN_POINT('',(-1.635E-1,-2.67E-1,-2.1E-1));
#1757=DIRECTION('',(0.E0,0.E0,1.E0));
#1758=DIRECTION('',(0.E0,1.E0,0.E0));
#1759=AXIS2_PLACEMENT_3D('',#1756,#1757,#1758);
#1760=PLANE('',#1759);
#1761=ORIENTED_EDGE('',*,*,#1681,.F.);
#1763=ORIENTED_EDGE('',*,*,#1762,.T.);
#1764=ORIENTED_EDGE('',*,*,#1733,.T.);
#1765=ORIENTED_EDGE('',*,*,#1751,.F.);
#1766=EDGE_LOOP('',(#1761,#1763,#1764,#1765));
#1767=FACE_OUTER_BOUND('',#1766,.F.);
#1768=ADVANCED_FACE('',(#1767),#1760,.F.);
#1769=CARTESIAN_POINT('',(-1.635E-1,-2.67E-1,-2.19E-1));
#1770=DIRECTION('',(0.E0,-1.E0,0.E0));
#1771=DIRECTION('',(1.E0,0.E0,0.E0));
#1772=AXIS2_PLACEMENT_3D('',#1769,#1770,#1771);
#1773=PLANE('',#1772);
#1775=ORIENTED_EDGE('',*,*,#1774,.T.);
#1776=ORIENTED_EDGE('',*,*,#1735,.F.);
#1777=ORIENTED_EDGE('',*,*,#1762,.F.);
#1778=ORIENTED_EDGE('',*,*,#1679,.T.);
#1779=EDGE_LOOP('',(#1775,#1776,#1777,#1778));
#1780=FACE_OUTER_BOUND('',#1779,.F.);
#1781=ADVANCED_FACE('',(#1780),#1773,.T.);
#1782=CARTESIAN_POINT('',(-1.635E-1,-2.67E-1,-1.9E-1));
#1783=DIRECTION('',(0.E0,0.E0,1.E0));
#1784=DIRECTION('',(0.E0,1.E0,0.E0));
#1785=AXIS2_PLACEMENT_3D('',#1782,#1783,#1784);
#1786=PLANE('',#1785);
#1787=ORIENTED_EDGE('',*,*,#1677,.T.);
#1788=ORIENTED_EDGE('',*,*,#1706,.T.);
#1789=ORIENTED_EDGE('',*,*,#1737,.F.);
#1790=ORIENTED_EDGE('',*,*,#1774,.F.);
#1791=EDGE_LOOP('',(#1787,#1788,#1789,#1790));
#1792=FACE_OUTER_BOUND('',#1791,.F.);
#1793=ADVANCED_FACE('',(#1792),#1786,.T.);
#1794=OPEN_SHELL('',(#1695,#1710,#1741,#1755,#1768,#1781,#1793));
#1795=DIRECTION('',(0.E0,-1.E0,0.E0));
#1796=VECTOR('',#1795,7.5E-3);
#1797=CARTESIAN_POINT('',(1.635E-1,-6.4E-2,-3.19E-1));
#1798=LINE('',#1797,#1796);
#1799=DIRECTION('',(0.E0,0.E0,-1.E0));
#1800=VECTOR('',#1799,7.E-3);
#1801=CARTESIAN_POINT('',(1.635E-1,-7.15E-2,-3.19E-1));
#1802=LINE('',#1801,#1800);
#1803=DIRECTION('',(0.E0,-1.E0,0.E0));
#1804=VECTOR('',#1803,1.428718707890E-2);
#1805=CARTESIAN_POINT('',(1.635E-1,-7.15E-2,-3.26E-1));
#1806=LINE('',#1805,#1804);
#1807=DIRECTION('',(0.E0,1.E0,0.E0));
#1808=VECTOR('',#1807,1.535E-1);
#1809=CARTESIAN_POINT('',(1.635E-1,-2.67E-1,-3.1E-1));
#1810=LINE('',#1809,#1808);
#1811=DIRECTION('',(0.E0,1.E0,0.E0));
#1812=VECTOR('',#1811,1.535E-1);
#1813=CARTESIAN_POINT('',(1.635E-1,-2.67E-1,-2.9E-1));
#1814=LINE('',#1813,#1812);
#1815=DIRECTION('',(0.E0,1.E0,0.E0));
#1816=VECTOR('',#1815,1.428718707890E-2);
#1817=CARTESIAN_POINT('',(1.635E-1,-8.578718707890E-2,-2.74E-1));
#1818=LINE('',#1817,#1816);
#1819=DIRECTION('',(0.E0,0.E0,-1.E0));
#1820=VECTOR('',#1819,7.E-3);
#1821=CARTESIAN_POINT('',(1.635E-1,-7.15E-2,-2.74E-1));
#1822=LINE('',#1821,#1820);
#1823=DIRECTION('',(0.E0,1.E0,0.E0));
#1824=VECTOR('',#1823,7.5E-3);
#1825=CARTESIAN_POINT('',(1.635E-1,-7.15E-2,-2.81E-1));
#1826=LINE('',#1825,#1824);
#1827=DIRECTION('',(0.E0,0.E0,-1.E0));
#1828=VECTOR('',#1827,3.8E-2);
#1829=CARTESIAN_POINT('',(1.635E-1,-6.4E-2,-2.81E-1));
#1830=LINE('',#1829,#1828);
#1831=DIRECTION('',(0.E0,8.660254037844E-1,-5.E-1));
#1832=VECTOR('',#1831,3.2E-2);
#1833=CARTESIAN_POINT('',(1.635E-1,-1.135E-1,-3.1E-1));
#1834=LINE('',#1833,#1832);
#1835=DIRECTION('',(-1.E0,0.E0,0.E0));
#1836=VECTOR('',#1835,1.2E-2);
#1837=CARTESIAN_POINT('',(1.635E-1,-8.578718707890E-2,-3.26E-1));
#1838=LINE('',#1837,#1836);
#1839=DIRECTION('',(0.E0,-8.660254037844E-1,5.E-1));
#1840=VECTOR('',#1839,3.2E-2);
#1841=CARTESIAN_POINT('',(1.515E-1,-8.578718707890E-2,-3.26E-1));
#1842=LINE('',#1841,#1840);
#1843=DIRECTION('',(-1.E0,0.E0,0.E0));
#1844=VECTOR('',#1843,1.2E-2);
#1845=CARTESIAN_POINT('',(1.635E-1,-1.135E-1,-3.1E-1));
#1846=LINE('',#1845,#1844);
#1847=DIRECTION('',(0.E0,1.E0,0.E0));
#1848=VECTOR('',#1847,1.428718707890E-2);
#1849=CARTESIAN_POINT('',(1.515E-1,-8.578718707890E-2,-3.26E-1));
#1850=LINE('',#1849,#1848);
#1851=DIRECTION('',(0.E0,0.E0,1.E0));
#1852=VECTOR('',#1851,7.E-3);
#1853=CARTESIAN_POINT('',(1.515E-1,-7.15E-2,-3.26E-1));
#1854=LINE('',#1853,#1852);
#1855=DIRECTION('',(0.E0,1.E0,0.E0));
#1856=VECTOR('',#1855,7.5E-3);
#1857=CARTESIAN_POINT('',(1.515E-1,-7.15E-2,-3.19E-1));
#1858=LINE('',#1857,#1856);
#1859=DIRECTION('',(0.E0,0.E0,1.E0));
#1860=VECTOR('',#1859,3.8E-2);
#1861=CARTESIAN_POINT('',(1.515E-1,-6.4E-2,-3.19E-1));
#1862=LINE('',#1861,#1860);
#1863=DIRECTION('',(0.E0,-1.E0,0.E0));
#1864=VECTOR('',#1863,7.5E-3);
#1865=CARTESIAN_POINT('',(1.515E-1,-6.4E-2,-2.81E-1));
#1866=LINE('',#1865,#1864);
#1867=DIRECTION('',(0.E0,0.E0,1.E0));
#1868=VECTOR('',#1867,7.E-3);
#1869=CARTESIAN_POINT('',(1.515E-1,-7.15E-2,-2.81E-1));
#1870=LINE('',#1869,#1868);
#1871=DIRECTION('',(0.E0,-1.E0,0.E0));
#1872=VECTOR('',#1871,1.428718707890E-2);
#1873=CARTESIAN_POINT('',(1.515E-1,-7.15E-2,-2.74E-1));
#1874=LINE('',#1873,#1872);
#1875=DIRECTION('',(0.E0,1.E0,0.E0));
#1876=VECTOR('',#1875,1.535E-1);
#1877=CARTESIAN_POINT('',(1.515E-1,-2.67E-1,-2.9E-1));
#1878=LINE('',#1877,#1876);
#1879=DIRECTION('',(0.E0,0.E0,-1.E0));
#1880=VECTOR('',#1879,2.E-2);
#1881=CARTESIAN_POINT('',(1.515E-1,-2.67E-1,-2.9E-1));
#1882=LINE('',#1881,#1880);
#1883=DIRECTION('',(0.E0,1.E0,0.E0));
#1884=VECTOR('',#1883,1.535E-1);
#1885=CARTESIAN_POINT('',(1.515E-1,-2.67E-1,-3.1E-1));
#1886=LINE('',#1885,#1884);
#1887=DIRECTION('',(0.E0,8.660254037844E-1,5.E-1));
#1888=VECTOR('',#1887,3.2E-2);
#1889=CARTESIAN_POINT('',(1.515E-1,-1.135E-1,-2.9E-1));
#1890=LINE('',#1889,#1888);
#1891=DIRECTION('',(1.E0,0.E0,0.E0));
#1892=VECTOR('',#1891,1.2E-2);
#1893=CARTESIAN_POINT('',(1.515E-1,-8.578718707890E-2,-2.74E-1));
#1894=LINE('',#1893,#1892);
#1895=DIRECTION('',(0.E0,-8.660254037844E-1,-5.E-1));
#1896=VECTOR('',#1895,3.2E-2);
#1897=CARTESIAN_POINT('',(1.635E-1,-8.578718707890E-2,-2.74E-1));
#1898=LINE('',#1897,#1896);
#1899=DIRECTION('',(-1.E0,0.E0,0.E0));
#1900=VECTOR('',#1899,1.2E-2);
#1901=CARTESIAN_POINT('',(1.635E-1,-1.135E-1,-2.9E-1));
#1902=LINE('',#1901,#1900);
#1903=DIRECTION('',(-1.E0,0.E0,0.E0));
#1904=VECTOR('',#1903,1.2E-2);
#1905=CARTESIAN_POINT('',(1.635E-1,-2.67E-1,-3.1E-1));
#1906=LINE('',#1905,#1904);
#1907=DIRECTION('',(-1.E0,0.E0,0.E0));
#1908=VECTOR('',#1907,1.2E-2);
#1909=CARTESIAN_POINT('',(1.635E-1,-2.67E-1,-2.9E-1));
#1910=LINE('',#1909,#1908);
#1911=DIRECTION('',(0.E0,0.E0,-1.E0));
#1912=VECTOR('',#1911,2.E-2);
#1913=CARTESIAN_POINT('',(1.635E-1,-2.67E-1,-2.9E-1));
#1914=LINE('',#1913,#1912);
#1915=CARTESIAN_POINT('',(1.635E-1,-6.4E-2,-2.81E-1));
#1916=CARTESIAN_POINT('',(1.635E-1,-6.4E-2,-3.19E-1));
#1917=VERTEX_POINT('',#1915);
#1918=VERTEX_POINT('',#1916);
#1919=CARTESIAN_POINT('',(1.515E-1,-6.4E-2,-2.81E-1));
#1920=CARTESIAN_POINT('',(1.515E-1,-6.4E-2,-3.19E-1));
#1921=VERTEX_POINT('',#1919);
#1922=VERTEX_POINT('',#1920);
#1923=CARTESIAN_POINT('',(1.635E-1,-2.67E-1,-2.9E-1));
#1924=CARTESIAN_POINT('',(1.635E-1,-1.135E-1,-2.9E-1));
#1925=VERTEX_POINT('',#1923);
#1926=VERTEX_POINT('',#1924);
#1927=CARTESIAN_POINT('',(1.515E-1,-2.67E-1,-2.9E-1));
#1928=VERTEX_POINT('',#1927);
#1929=CARTESIAN_POINT('',(1.515E-1,-1.135E-1,-2.9E-1));
#1930=VERTEX_POINT('',#1929);
#1931=CARTESIAN_POINT('',(1.635E-1,-8.578718707890E-2,-2.74E-1));
#1932=CARTESIAN_POINT('',(1.635E-1,-7.15E-2,-2.74E-1));
#1933=VERTEX_POINT('',#1931);
#1934=VERTEX_POINT('',#1932);
#1935=CARTESIAN_POINT('',(1.515E-1,-8.578718707890E-2,-2.74E-1));
#1936=CARTESIAN_POINT('',(1.515E-1,-7.15E-2,-2.74E-1));
#1937=VERTEX_POINT('',#1935);
#1938=VERTEX_POINT('',#1936);
#1939=CARTESIAN_POINT('',(1.635E-1,-7.15E-2,-2.81E-1));
#1940=VERTEX_POINT('',#1939);
#1941=CARTESIAN_POINT('',(1.515E-1,-7.15E-2,-2.81E-1));
#1942=VERTEX_POINT('',#1941);
#1943=CARTESIAN_POINT('',(1.635E-1,-2.67E-1,-3.1E-1));
#1944=CARTESIAN_POINT('',(1.635E-1,-1.135E-1,-3.1E-1));
#1945=VERTEX_POINT('',#1943);
#1946=VERTEX_POINT('',#1944);
#1947=CARTESIAN_POINT('',(1.515E-1,-2.67E-1,-3.1E-1));
#1948=VERTEX_POINT('',#1947);
#1949=CARTESIAN_POINT('',(1.515E-1,-1.135E-1,-3.1E-1));
#1950=VERTEX_POINT('',#1949);
#1951=CARTESIAN_POINT('',(1.635E-1,-8.578718707890E-2,-3.26E-1));
#1952=CARTESIAN_POINT('',(1.635E-1,-7.15E-2,-3.26E-1));
#1953=VERTEX_POINT('',#1951);
#1954=VERTEX_POINT('',#1952);
#1955=CARTESIAN_POINT('',(1.515E-1,-8.578718707890E-2,-3.26E-1));
#1956=CARTESIAN_POINT('',(1.515E-1,-7.15E-2,-3.26E-1));
#1957=VERTEX_POINT('',#1955);
#1958=VERTEX_POINT('',#1956);
#1959=CARTESIAN_POINT('',(1.635E-1,-7.15E-2,-3.19E-1));
#1960=VERTEX_POINT('',#1959);
#1961=CARTESIAN_POINT('',(1.515E-1,-7.15E-2,-3.19E-1));
#1962=VERTEX_POINT('',#1961);
#1963=CARTESIAN_POINT('',(1.635E-1,-6.4E-2,-2.81E-1));
#1964=DIRECTION('',(1.E0,0.E0,0.E0));
#1965=DIRECTION('',(0.E0,-1.E0,0.E0));
#1966=AXIS2_PLACEMENT_3D('',#1963,#1964,#1965);
#1967=PLANE('',#1966);
#1969=ORIENTED_EDGE('',*,*,#1968,.T.);
#1971=ORIENTED_EDGE('',*,*,#1970,.T.);
#1973=ORIENTED_EDGE('',*,*,#1972,.T.);
#1975=ORIENTED_EDGE('',*,*,#1974,.F.);
#1977=ORIENTED_EDGE('',*,*,#1976,.F.);
#1979=ORIENTED_EDGE('',*,*,#1978,.F.);
#1981=ORIENTED_EDGE('',*,*,#1980,.T.);
#1983=ORIENTED_EDGE('',*,*,#1982,.F.);
#1985=ORIENTED_EDGE('',*,*,#1984,.T.);
#1987=ORIENTED_EDGE('',*,*,#1986,.T.);
#1989=ORIENTED_EDGE('',*,*,#1988,.T.);
#1991=ORIENTED_EDGE('',*,*,#1990,.T.);
#1992=EDGE_LOOP('',(#1969,#1971,#1973,#1975,#1977,#1979,#1981,#1983,#1985,#1987,
#1989,#1991));
#1993=FACE_OUTER_BOUND('',#1992,.F.);
#1994=ADVANCED_FACE('',(#1993),#1967,.T.);
#1995=CARTESIAN_POINT('',(1.635E-1,-1.135E-1,-3.1E-1));
#1996=DIRECTION('',(0.E0,-5.E-1,-8.660254037844E-1));
#1997=DIRECTION('',(0.E0,8.660254037844E-1,-5.E-1));
#1998=AXIS2_PLACEMENT_3D('',#1995,#1996,#1997);
#1999=PLANE('',#1998);
#2000=ORIENTED_EDGE('',*,*,#1974,.T.);
#2002=ORIENTED_EDGE('',*,*,#2001,.T.);
#2004=ORIENTED_EDGE('',*,*,#2003,.T.);
#2006=ORIENTED_EDGE('',*,*,#2005,.F.);
#2007=EDGE_LOOP('',(#2000,#2002,#2004,#2006));
#2008=FACE_OUTER_BOUND('',#2007,.F.);
#2009=ADVANCED_FACE('',(#2008),#1999,.T.);
#2010=CARTESIAN_POINT('',(1.515E-1,-2.67E-1,-2.81E-1));
#2011=DIRECTION('',(-1.E0,0.E0,0.E0));
#2012=DIRECTION('',(0.E0,1.E0,0.E0));
#2013=AXIS2_PLACEMENT_3D('',#2010,#2011,#2012);
#2014=PLANE('',#2013);
#2015=ORIENTED_EDGE('',*,*,#2003,.F.);
#2017=ORIENTED_EDGE('',*,*,#2016,.T.);
#2019=ORIENTED_EDGE('',*,*,#2018,.T.);
#2021=ORIENTED_EDGE('',*,*,#2020,.T.);
#2023=ORIENTED_EDGE('',*,*,#2022,.T.);
#2025=ORIENTED_EDGE('',*,*,#2024,.T.);
#2027=ORIENTED_EDGE('',*,*,#2026,.T.);
#2029=ORIENTED_EDGE('',*,*,#2028,.T.);
#2031=ORIENTED_EDGE('',*,*,#2030,.F.);
#2033=ORIENTED_EDGE('',*,*,#2032,.F.);
#2035=ORIENTED_EDGE('',*,*,#2034,.T.);
#2037=ORIENTED_EDGE('',*,*,#2036,.T.);
#2038=EDGE_LOOP('',(#2015,#2017,#2019,#2021,#2023,#2025,#2027,#2029,#2031,#2033,
#2035,#2037));
#2039=FACE_OUTER_BOUND('',#2038,.F.);
#2040=ADVANCED_FACE('',(#2039),#2014,.T.);
#2041=CARTESIAN_POINT('',(1.635E-1,-1.135E-1,-2.9E-1));
#2042=DIRECTION('',(0.E0,5.E-1,-8.660254037844E-1));
#2043=DIRECTION('',(0.E0,8.660254037844E-1,5.E-1));
#2044=AXIS2_PLACEMENT_3D('',#2041,#2042,#2043);
#2045=PLANE('',#2044);
#2046=ORIENTED_EDGE('',*,*,#2030,.T.);
#2048=ORIENTED_EDGE('',*,*,#2047,.T.);
#2049=ORIENTED_EDGE('',*,*,#1982,.T.);
#2051=ORIENTED_EDGE('',*,*,#2050,.T.);
#2052=EDGE_LOOP('',(#2046,#2048,#2049,#2051));
#2053=FACE_OUTER_BOUND('',#2052,.F.);
#2054=ADVANCED_FACE('',(#2053),#2045,.F.);
#2055=CARTESIAN_POINT('',(1.635E-1,-2.67E-1,-2.9E-1));
#2056=DIRECTION('',(0.E0,0.E0,-1.E0));
#2057=DIRECTION('',(0.E0,1.E0,0.E0));
#2058=AXIS2_PLACEMENT_3D('',#2055,#2056,#2057);
#2059=PLANE('',#2058);
#2060=ORIENTED_EDGE('',*,*,#1980,.F.);
#2062=ORIENTED_EDGE('',*,*,#2061,.T.);
#2063=ORIENTED_EDGE('',*,*,#2032,.T.);
#2064=ORIENTED_EDGE('',*,*,#2050,.F.);
#2065=EDGE_LOOP('',(#2060,#2062,#2063,#2064));
#2066=FACE_OUTER_BOUND('',#2065,.F.);
#2067=ADVANCED_FACE('',(#2066),#2059,.F.);
#2068=CARTESIAN_POINT('',(1.635E-1,-2.67E-1,-2.81E-1));
#2069=DIRECTION('',(0.E0,-1.E0,0.E0));
#2070=DIRECTION('',(-1.E0,0.E0,0.E0));
#2071=AXIS2_PLACEMENT_3D('',#2068,#2069,#2070);
#2072=PLANE('',#2071);
#2074=ORIENTED_EDGE('',*,*,#2073,.T.);
#2075=ORIENTED_EDGE('',*,*,#2034,.F.);
#2076=ORIENTED_EDGE('',*,*,#2061,.F.);
#2077=ORIENTED_EDGE('',*,*,#1978,.T.);
#2078=EDGE_LOOP('',(#2074,#2075,#2076,#2077));
#2079=FACE_OUTER_BOUND('',#2078,.F.);
#2080=ADVANCED_FACE('',(#2079),#2072,.T.);
#2081=CARTESIAN_POINT('',(1.635E-1,-2.67E-1,-3.1E-1));
#2082=DIRECTION('',(0.E0,0.E0,-1.E0));
#2083=DIRECTION('',(0.E0,1.E0,0.E0));
#2084=AXIS2_PLACEMENT_3D('',#2081,#2082,#2083);
#2085=PLANE('',#2084);
#2086=ORIENTED_EDGE('',*,*,#1976,.T.);
#2087=ORIENTED_EDGE('',*,*,#2005,.T.);
#2088=ORIENTED_EDGE('',*,*,#2036,.F.);
#2089=ORIENTED_EDGE('',*,*,#2073,.F.);
#2090=EDGE_LOOP('',(#2086,#2087,#2088,#2089));
#2091=FACE_OUTER_BOUND('',#2090,.F.);
#2092=ADVANCED_FACE('',(#2091),#2085,.T.);
#2093=OPEN_SHELL('',(#1994,#2009,#2040,#2054,#2067,#2080,#2092));
#2094=DIRECTION('',(0.E0,-1.E0,0.E0));
#2095=VECTOR('',#2094,7.5E-3);
#2096=CARTESIAN_POINT('',(-1.635E-1,-6.4E-2,-2.81E-1));
#2097=LINE('',#2096,#2095);
#2098=DIRECTION('',(0.E0,0.E0,1.E0));
#2099=VECTOR('',#2098,7.E-3);
#2100=CARTESIAN_POINT('',(-1.635E-1,-7.15E-2,-2.81E-1));
#2101=LINE('',#2100,#2099);
#2102=DIRECTION('',(0.E0,-1.E0,0.E0));
#2103=VECTOR('',#2102,1.428718707890E-2);
#2104=CARTESIAN_POINT('',(-1.635E-1,-7.15E-2,-2.74E-1));
#2105=LINE('',#2104,#2103);
#2106=DIRECTION('',(0.E0,1.E0,0.E0));
#2107=VECTOR('',#2106,1.535E-1);
#2108=CARTESIAN_POINT('',(-1.635E-1,-2.67E-1,-2.9E-1));
#2109=LINE('',#2108,#2107);
#2110=DIRECTION('',(0.E0,1.E0,0.E0));
#2111=VECTOR('',#2110,1.535E-1);
#2112=CARTESIAN_POINT('',(-1.635E-1,-2.67E-1,-3.1E-1));
#2113=LINE('',#2112,#2111);
#2114=DIRECTION('',(0.E0,1.E0,0.E0));
#2115=VECTOR('',#2114,1.428718707890E-2);
#2116=CARTESIAN_POINT('',(-1.635E-1,-8.578718707890E-2,-3.26E-1));
#2117=LINE('',#2116,#2115);
#2118=DIRECTION('',(0.E0,0.E0,1.E0));
#2119=VECTOR('',#2118,7.E-3);
#2120=CARTESIAN_POINT('',(-1.635E-1,-7.15E-2,-3.26E-1));
#2121=LINE('',#2120,#2119);
#2122=DIRECTION('',(0.E0,1.E0,0.E0));
#2123=VECTOR('',#2122,7.5E-3);
#2124=CARTESIAN_POINT('',(-1.635E-1,-7.15E-2,-3.19E-1));
#2125=LINE('',#2124,#2123);
#2126=DIRECTION('',(0.E0,0.E0,1.E0));
#2127=VECTOR('',#2126,3.8E-2);
#2128=CARTESIAN_POINT('',(-1.635E-1,-6.4E-2,-3.19E-1));
#2129=LINE('',#2128,#2127);
#2130=DIRECTION('',(0.E0,8.660254037844E-1,5.E-1));
#2131=VECTOR('',#2130,3.2E-2);
#2132=CARTESIAN_POINT('',(-1.635E-1,-1.135E-1,-2.9E-1));
#2133=LINE('',#2132,#2131);
#2134=DIRECTION('',(1.E0,0.E0,0.E0));
#2135=VECTOR('',#2134,1.2E-2);
#2136=CARTESIAN_POINT('',(-1.635E-1,-8.578718707890E-2,-2.74E-1));
#2137=LINE('',#2136,#2135);
#2138=DIRECTION('',(0.E0,-8.660254037844E-1,-5.E-1));
#2139=VECTOR('',#2138,3.2E-2);
#2140=CARTESIAN_POINT('',(-1.515E-1,-8.578718707890E-2,-2.74E-1));
#2141=LINE('',#2140,#2139);
#2142=DIRECTION('',(1.E0,0.E0,0.E0));
#2143=VECTOR('',#2142,1.2E-2);
#2144=CARTESIAN_POINT('',(-1.635E-1,-1.135E-1,-2.9E-1));
#2145=LINE('',#2144,#2143);
#2146=DIRECTION('',(0.E0,1.E0,0.E0));
#2147=VECTOR('',#2146,1.428718707890E-2);
#2148=CARTESIAN_POINT('',(-1.515E-1,-8.578718707890E-2,-2.74E-1));
#2149=LINE('',#2148,#2147);
#2150=DIRECTION('',(0.E0,0.E0,-1.E0));
#2151=VECTOR('',#2150,7.E-3);
#2152=CARTESIAN_POINT('',(-1.515E-1,-7.15E-2,-2.74E-1));
#2153=LINE('',#2152,#2151);
#2154=DIRECTION('',(0.E0,1.E0,0.E0));
#2155=VECTOR('',#2154,7.5E-3);
#2156=CARTESIAN_POINT('',(-1.515E-1,-7.15E-2,-2.81E-1));
#2157=LINE('',#2156,#2155);
#2158=DIRECTION('',(0.E0,0.E0,-1.E0));
#2159=VECTOR('',#2158,3.8E-2);
#2160=CARTESIAN_POINT('',(-1.515E-1,-6.4E-2,-2.81E-1));
#2161=LINE('',#2160,#2159);
#2162=DIRECTION('',(0.E0,-1.E0,0.E0));
#2163=VECTOR('',#2162,7.5E-3);
#2164=CARTESIAN_POINT('',(-1.515E-1,-6.4E-2,-3.19E-1));
#2165=LINE('',#2164,#2163);
#2166=DIRECTION('',(0.E0,0.E0,-1.E0));
#2167=VECTOR('',#2166,7.E-3);
#2168=CARTESIAN_POINT('',(-1.515E-1,-7.15E-2,-3.19E-1));
#2169=LINE('',#2168,#2167);
#2170=DIRECTION('',(0.E0,-1.E0,0.E0));
#2171=VECTOR('',#2170,1.428718707890E-2);
#2172=CARTESIAN_POINT('',(-1.515E-1,-7.15E-2,-3.26E-1));
#2173=LINE('',#2172,#2171);
#2174=DIRECTION('',(0.E0,1.E0,0.E0));
#2175=VECTOR('',#2174,1.535E-1);
#2176=CARTESIAN_POINT('',(-1.515E-1,-2.67E-1,-3.1E-1));
#2177=LINE('',#2176,#2175);
#2178=DIRECTION('',(0.E0,0.E0,1.E0));
#2179=VECTOR('',#2178,2.E-2);
#2180=CARTESIAN_POINT('',(-1.515E-1,-2.67E-1,-3.1E-1));
#2181=LINE('',#2180,#2179);
#2182=DIRECTION('',(0.E0,1.E0,0.E0));
#2183=VECTOR('',#2182,1.535E-1);
#2184=CARTESIAN_POINT('',(-1.515E-1,-2.67E-1,-2.9E-1));
#2185=LINE('',#2184,#2183);
#2186=DIRECTION('',(0.E0,8.660254037844E-1,-5.E-1));
#2187=VECTOR('',#2186,3.2E-2);
#2188=CARTESIAN_POINT('',(-1.515E-1,-1.135E-1,-3.1E-1));
#2189=LINE('',#2188,#2187);
#2190=DIRECTION('',(-1.E0,0.E0,0.E0));
#2191=VECTOR('',#2190,1.2E-2);
#2192=CARTESIAN_POINT('',(-1.515E-1,-8.578718707890E-2,-3.26E-1));
#2193=LINE('',#2192,#2191);
#2194=DIRECTION('',(0.E0,-8.660254037844E-1,5.E-1));
#2195=VECTOR('',#2194,3.2E-2);
#2196=CARTESIAN_POINT('',(-1.635E-1,-8.578718707890E-2,-3.26E-1));
#2197=LINE('',#2196,#2195);
#2198=DIRECTION('',(1.E0,0.E0,0.E0));
#2199=VECTOR('',#2198,1.2E-2);
#2200=CARTESIAN_POINT('',(-1.635E-1,-1.135E-1,-3.1E-1));
#2201=LINE('',#2200,#2199);
#2202=DIRECTION('',(1.E0,0.E0,0.E0));
#2203=VECTOR('',#2202,1.2E-2);
#2204=CARTESIAN_POINT('',(-1.635E-1,-2.67E-1,-2.9E-1));
#2205=LINE('',#2204,#2203);
#2206=DIRECTION('',(1.E0,0.E0,0.E0));
#2207=VECTOR('',#2206,1.2E-2);
#2208=CARTESIAN_POINT('',(-1.635E-1,-2.67E-1,-3.1E-1));
#2209=LINE('',#2208,#2207);
#2210=DIRECTION('',(0.E0,0.E0,1.E0));
#2211=VECTOR('',#2210,2.E-2);
#2212=CARTESIAN_POINT('',(-1.635E-1,-2.67E-1,-3.1E-1));
#2213=LINE('',#2212,#2211);
#2214=CARTESIAN_POINT('',(-1.635E-1,-6.4E-2,-3.19E-1));
#2215=CARTESIAN_POINT('',(-1.635E-1,-6.4E-2,-2.81E-1));
#2216=VERTEX_POINT('',#2214);
#2217=VERTEX_POINT('',#2215);
#2218=CARTESIAN_POINT('',(-1.515E-1,-6.4E-2,-3.19E-1));
#2219=CARTESIAN_POINT('',(-1.515E-1,-6.4E-2,-2.81E-1));
#2220=VERTEX_POINT('',#2218);
#2221=VERTEX_POINT('',#2219);
#2222=CARTESIAN_POINT('',(-1.635E-1,-2.67E-1,-3.1E-1));
#2223=CARTESIAN_POINT('',(-1.635E-1,-1.135E-1,-3.1E-1));
#2224=VERTEX_POINT('',#2222);
#2225=VERTEX_POINT('',#2223);
#2226=CARTESIAN_POINT('',(-1.515E-1,-2.67E-1,-3.1E-1));
#2227=VERTEX_POINT('',#2226);
#2228=CARTESIAN_POINT('',(-1.515E-1,-1.135E-1,-3.1E-1));
#2229=VERTEX_POINT('',#2228);
#2230=CARTESIAN_POINT('',(-1.635E-1,-8.578718707890E-2,-3.26E-1));
#2231=CARTESIAN_POINT('',(-1.635E-1,-7.15E-2,-3.26E-1));
#2232=VERTEX_POINT('',#2230);
#2233=VERTEX_POINT('',#2231);
#2234=CARTESIAN_POINT('',(-1.515E-1,-8.578718707890E-2,-3.26E-1));
#2235=CARTESIAN_POINT('',(-1.515E-1,-7.15E-2,-3.26E-1));
#2236=VERTEX_POINT('',#2234);
#2237=VERTEX_POINT('',#2235);
#2238=CARTESIAN_POINT('',(-1.635E-1,-7.15E-2,-3.19E-1));
#2239=VERTEX_POINT('',#2238);
#2240=CARTESIAN_POINT('',(-1.515E-1,-7.15E-2,-3.19E-1));
#2241=VERTEX_POINT('',#2240);
#2242=CARTESIAN_POINT('',(-1.635E-1,-2.67E-1,-2.9E-1));
#2243=CARTESIAN_POINT('',(-1.635E-1,-1.135E-1,-2.9E-1));
#2244=VERTEX_POINT('',#2242);
#2245=VERTEX_POINT('',#2243);
#2246=CARTESIAN_POINT('',(-1.515E-1,-2.67E-1,-2.9E-1));
#2247=VERTEX_POINT('',#2246);
#2248=CARTESIAN_POINT('',(-1.515E-1,-1.135E-1,-2.9E-1));
#2249=VERTEX_POINT('',#2248);
#2250=CARTESIAN_POINT('',(-1.635E-1,-8.578718707890E-2,-2.74E-1));
#2251=CARTESIAN_POINT('',(-1.635E-1,-7.15E-2,-2.74E-1));
#2252=VERTEX_POINT('',#2250);
#2253=VERTEX_POINT('',#2251);
#2254=CARTESIAN_POINT('',(-1.515E-1,-8.578718707890E-2,-2.74E-1));
#2255=CARTESIAN_POINT('',(-1.515E-1,-7.15E-2,-2.74E-1));
#2256=VERTEX_POINT('',#2254);
#2257=VERTEX_POINT('',#2255);
#2258=CARTESIAN_POINT('',(-1.635E-1,-7.15E-2,-2.81E-1));
#2259=VERTEX_POINT('',#2258);
#2260=CARTESIAN_POINT('',(-1.515E-1,-7.15E-2,-2.81E-1));
#2261=VERTEX_POINT('',#2260);
#2262=CARTESIAN_POINT('',(-1.635E-1,-6.4E-2,-3.19E-1));
#2263=DIRECTION('',(-1.E0,0.E0,0.E0));
#2264=DIRECTION('',(0.E0,-1.E0,0.E0));
#2265=AXIS2_PLACEMENT_3D('',#2262,#2263,#2264);
#2266=PLANE('',#2265);
#2268=ORIENTED_EDGE('',*,*,#2267,.T.);
#2270=ORIENTED_EDGE('',*,*,#2269,.T.);
#2272=ORIENTED_EDGE('',*,*,#2271,.T.);
#2274=ORIENTED_EDGE('',*,*,#2273,.F.);
#2276=ORIENTED_EDGE('',*,*,#2275,.F.);
#2278=ORIENTED_EDGE('',*,*,#2277,.F.);
#2280=ORIENTED_EDGE('',*,*,#2279,.T.);
#2282=ORIENTED_EDGE('',*,*,#2281,.F.);
#2284=ORIENTED_EDGE('',*,*,#2283,.T.);
#2286=ORIENTED_EDGE('',*,*,#2285,.T.);
#2288=ORIENTED_EDGE('',*,*,#2287,.T.);
#2290=ORIENTED_EDGE('',*,*,#2289,.T.);
#2291=EDGE_LOOP('',(#2268,#2270,#2272,#2274,#2276,#2278,#2280,#2282,#2284,#2286,
#2288,#2290));
#2292=FACE_OUTER_BOUND('',#2291,.F.);
#2293=ADVANCED_FACE('',(#2292),#2266,.T.);
#2294=CARTESIAN_POINT('',(-1.635E-1,-1.135E-1,-2.9E-1));
#2295=DIRECTION('',(0.E0,-5.E-1,8.660254037844E-1));
#2296=DIRECTION('',(0.E0,8.660254037844E-1,5.E-1));
#2297=AXIS2_PLACEMENT_3D('',#2294,#2295,#2296);
#2298=PLANE('',#2297);
#2299=ORIENTED_EDGE('',*,*,#2273,.T.);
#2301=ORIENTED_EDGE('',*,*,#2300,.T.);
#2303=ORIENTED_EDGE('',*,*,#2302,.T.);
#2305=ORIENTED_EDGE('',*,*,#2304,.F.);
#2306=EDGE_LOOP('',(#2299,#2301,#2303,#2305));
#2307=FACE_OUTER_BOUND('',#2306,.F.);
#2308=ADVANCED_FACE('',(#2307),#2298,.T.);
#2309=CARTESIAN_POINT('',(-1.515E-1,-2.67E-1,-3.19E-1));
#2310=DIRECTION('',(1.E0,0.E0,0.E0));
#2311=DIRECTION('',(0.E0,1.E0,0.E0));
#2312=AXIS2_PLACEMENT_3D('',#2309,#2310,#2311);
#2313=PLANE('',#2312);
#2314=ORIENTED_EDGE('',*,*,#2302,.F.);
#2316=ORIENTED_EDGE('',*,*,#2315,.T.);
#2318=ORIENTED_EDGE('',*,*,#2317,.T.);
#2320=ORIENTED_EDGE('',*,*,#2319,.T.);
#2322=ORIENTED_EDGE('',*,*,#2321,.T.);
#2324=ORIENTED_EDGE('',*,*,#2323,.T.);
#2326=ORIENTED_EDGE('',*,*,#2325,.T.);
#2328=ORIENTED_EDGE('',*,*,#2327,.T.);
#2330=ORIENTED_EDGE('',*,*,#2329,.F.);
#2332=ORIENTED_EDGE('',*,*,#2331,.F.);
#2334=ORIENTED_EDGE('',*,*,#2333,.T.);
#2336=ORIENTED_EDGE('',*,*,#2335,.T.);
#2337=EDGE_LOOP('',(#2314,#2316,#2318,#2320,#2322,#2324,#2326,#2328,#2330,#2332,
#2334,#2336));
#2338=FACE_OUTER_BOUND('',#2337,.F.);
#2339=ADVANCED_FACE('',(#2338),#2313,.T.);
#2340=CARTESIAN_POINT('',(-1.635E-1,-1.135E-1,-3.1E-1));
#2341=DIRECTION('',(0.E0,5.E-1,8.660254037844E-1));
#2342=DIRECTION('',(0.E0,8.660254037844E-1,-5.E-1));
#2343=AXIS2_PLACEMENT_3D('',#2340,#2341,#2342);
#2344=PLANE('',#2343);
#2345=ORIENTED_EDGE('',*,*,#2329,.T.);
#2347=ORIENTED_EDGE('',*,*,#2346,.T.);
#2348=ORIENTED_EDGE('',*,*,#2281,.T.);
#2350=ORIENTED_EDGE('',*,*,#2349,.T.);
#2351=EDGE_LOOP('',(#2345,#2347,#2348,#2350));
#2352=FACE_OUTER_BOUND('',#2351,.F.);
#2353=ADVANCED_FACE('',(#2352),#2344,.F.);
#2354=CARTESIAN_POINT('',(-1.635E-1,-2.67E-1,-3.1E-1));
#2355=DIRECTION('',(0.E0,0.E0,1.E0));
#2356=DIRECTION('',(0.E0,1.E0,0.E0));
#2357=AXIS2_PLACEMENT_3D('',#2354,#2355,#2356);
#2358=PLANE('',#2357);
#2359=ORIENTED_EDGE('',*,*,#2279,.F.);
#2361=ORIENTED_EDGE('',*,*,#2360,.T.);
#2362=ORIENTED_EDGE('',*,*,#2331,.T.);
#2363=ORIENTED_EDGE('',*,*,#2349,.F.);
#2364=EDGE_LOOP('',(#2359,#2361,#2362,#2363));
#2365=FACE_OUTER_BOUND('',#2364,.F.);
#2366=ADVANCED_FACE('',(#2365),#2358,.F.);
#2367=CARTESIAN_POINT('',(-1.635E-1,-2.67E-1,-3.19E-1));
#2368=DIRECTION('',(0.E0,-1.E0,0.E0));
#2369=DIRECTION('',(1.E0,0.E0,0.E0));
#2370=AXIS2_PLACEMENT_3D('',#2367,#2368,#2369);
#2371=PLANE('',#2370);
#2373=ORIENTED_EDGE('',*,*,#2372,.T.);
#2374=ORIENTED_EDGE('',*,*,#2333,.F.);
#2375=ORIENTED_EDGE('',*,*,#2360,.F.);
#2376=ORIENTED_EDGE('',*,*,#2277,.T.);
#2377=EDGE_LOOP('',(#2373,#2374,#2375,#2376));
#2378=FACE_OUTER_BOUND('',#2377,.F.);
#2379=ADVANCED_FACE('',(#2378),#2371,.T.);
#2380=CARTESIAN_POINT('',(-1.635E-1,-2.67E-1,-2.9E-1));
#2381=DIRECTION('',(0.E0,0.E0,1.E0));
#2382=DIRECTION('',(0.E0,1.E0,0.E0));
#2383=AXIS2_PLACEMENT_3D('',#2380,#2381,#2382);
#2384=PLANE('',#2383);
#2385=ORIENTED_EDGE('',*,*,#2275,.T.);
#2386=ORIENTED_EDGE('',*,*,#2304,.T.);
#2387=ORIENTED_EDGE('',*,*,#2335,.F.);
#2388=ORIENTED_EDGE('',*,*,#2372,.F.);
#2389=EDGE_LOOP('',(#2385,#2386,#2387,#2388));
#2390=FACE_OUTER_BOUND('',#2389,.F.);
#2391=ADVANCED_FACE('',(#2390),#2384,.T.);
#2392=OPEN_SHELL('',(#2293,#2308,#2339,#2353,#2366,#2379,#2391));
#2393=DIRECTION('',(1.E0,0.E0,0.E0));
#2394=VECTOR('',#2393,5.2E-2);
#2395=CARTESIAN_POINT('',(9.3E-2,2.9E-2,-2.66E-1));
#2396=LINE('',#2395,#2394);
#2397=DIRECTION('',(0.E0,0.E0,-1.E0));
#2398=VECTOR('',#2397,6.8E-2);
#2399=CARTESIAN_POINT('',(9.3E-2,2.9E-2,-2.66E-1));
#2400=LINE('',#2399,#2398);
#2401=DIRECTION('',(1.E0,0.E0,0.E0));
#2402=VECTOR('',#2401,5.2E-2);
#2403=CARTESIAN_POINT('',(9.3E-2,2.9E-2,-3.34E-1));
#2404=LINE('',#2403,#2402);
#2405=DIRECTION('',(1.E0,0.E0,0.E0));
#2406=VECTOR('',#2405,5.2E-2);
#2407=CARTESIAN_POINT('',(9.3E-2,2.9E-2,-1.66E-1));
#2408=LINE('',#2407,#2406);
#2409=DIRECTION('',(0.E0,0.E0,-1.E0));
#2410=VECTOR('',#2409,6.8E-2);
#2411=CARTESIAN_POINT('',(9.3E-2,2.9E-2,-1.66E-1));
#2412=LINE('',#2411,#2410);
#2413=DIRECTION('',(1.E0,0.E0,0.E0));
#2414=VECTOR('',#2413,5.2E-2);
#2415=CARTESIAN_POINT('',(9.3E-2,2.9E-2,-2.34E-1));
#2416=LINE('',#2415,#2414);
#2417=DIRECTION('',(0.E0,1.E0,0.E0));
#2418=VECTOR('',#2417,3.954105316101E-2);
#2419=CARTESIAN_POINT('',(1.45E-1,2.9E-2,-2.66E-1));
#2420=LINE('',#2419,#2418);
#2421=DIRECTION('',(-5.E-1,8.660254037844E-1,0.E0));
#2422=VECTOR('',#2421,1.16E-1);
#2423=CARTESIAN_POINT('',(1.45E-1,6.854105316101E-2,-2.66E-1));
#2424=LINE('',#2423,#2422);
#2425=CARTESIAN_POINT('',(5.785786437627E-2,1.48E-1,-2.66E-1));
#2426=DIRECTION('',(0.E0,0.E0,-1.E0));
#2427=DIRECTION('',(9.428090415821E-1,3.333333333333E-1,0.E0));
#2428=AXIS2_PLACEMENT_3D('',#2425,#2426,#2427);
#2430=CARTESIAN_POINT('',(1.599531660128E-3,5.E-2,-2.66E-1));
#2431=DIRECTION('',(0.E0,0.E0,1.E0));
#2432=DIRECTION('',(4.978613514703E-1,8.672566371681E-1,0.E0));
#2433=AXIS2_PLACEMENT_3D('',#2430,#2431,#2432);
#2435=DIRECTION('',(-1.E0,0.E0,0.E0));
#2436=VECTOR('',#2435,1.105995316601E-1);
#2437=CARTESIAN_POINT('',(1.599531660128E-3,1.48E-1,-2.66E-1));
#2438=LINE('',#2437,#2436);
#2439=CARTESIAN_POINT('',(-1.09E-1,1.28E-1,-2.66E-1));
#2440=DIRECTION('',(0.E0,0.E0,1.E0));
#2441=DIRECTION('',(0.E0,1.E0,0.E0));
#2442=AXIS2_PLACEMENT_3D('',#2439,#2440,#2441);
#2444=DIRECTION('',(0.E0,-1.E0,0.E0));
#2445=VECTOR('',#2444,1.28E-1);
#2446=CARTESIAN_POINT('',(-1.29E-1,1.28E-1,-2.66E-1));
#2447=LINE('',#2446,#2445);
#2448=DIRECTION('',(1.E0,0.E0,0.E0));
#2449=VECTOR('',#2448,6.4E-2);
#2450=CARTESIAN_POINT('',(-1.29E-1,0.E0,-2.66E-1));
#2451=LINE('',#2450,#2449);
#2452=DIRECTION('',(0.E0,1.E0,0.E0));
#2453=VECTOR('',#2452,5.E-2);
#2454=CARTESIAN_POINT('',(-6.5E-2,0.E0,-2.66E-1));
#2455=LINE('',#2454,#2453);
#2456=CARTESIAN_POINT('',(0.E0,5.E-2,-2.66E-1));
#2457=DIRECTION('',(0.E0,0.E0,-1.E0));
#2458=DIRECTION('',(-1.E0,0.E0,0.E0));
#2459=AXIS2_PLACEMENT_3D('',#2456,#2457,#2458);
#2461=DIRECTION('',(0.E0,-1.E0,0.E0));
#2462=VECTOR('',#2461,5.E-2);
#2463=CARTESIAN_POINT('',(6.5E-2,5.E-2,-2.66E-1));
#2464=LINE('',#2463,#2462);
#2465=DIRECTION('',(1.E0,0.E0,0.E0));
#2466=VECTOR('',#2465,2.8E-2);
#2467=CARTESIAN_POINT('',(6.5E-2,0.E0,-2.66E-1));
#2468=LINE('',#2467,#2466);
#2469=DIRECTION('',(0.E0,1.E0,0.E0));
#2470=VECTOR('',#2469,2.9E-2);
#2471=CARTESIAN_POINT('',(9.3E-2,0.E0,-2.66E-1));
#2472=LINE('',#2471,#2470);
#2473=DIRECTION('',(0.E0,0.E0,1.E0));
#2474=VECTOR('',#2473,6.8E-2);
#2475=CARTESIAN_POINT('',(1.45E-1,2.9E-2,-3.4E-2));
#2476=LINE('',#2475,#2474);
#2477=DIRECTION('',(0.E0,0.E0,1.E0));
#2478=VECTOR('',#2477,6.8E-2);
#2479=CARTESIAN_POINT('',(1.45E-1,2.9E-2,-1.34E-1));
#2480=LINE('',#2479,#2478);
#2481=DIRECTION('',(0.E0,0.E0,-1.E0));
#2482=VECTOR('',#2481,3.2E-2);
#2483=CARTESIAN_POINT('',(1.45E-1,2.9E-2,-1.34E-1));
#2484=LINE('',#2483,#2482);
#2485=DIRECTION('',(0.E0,0.E0,-1.E0));
#2486=VECTOR('',#2485,6.8E-2);
#2487=CARTESIAN_POINT('',(1.45E-1,2.9E-2,-1.66E-1));
#2488=LINE('',#2487,#2486);
#2489=DIRECTION('',(0.E0,0.E0,1.E0));
#2490=VECTOR('',#2489,3.2E-2);
#2491=CARTESIAN_POINT('',(1.45E-1,2.9E-2,-2.66E-1));
#2492=LINE('',#2491,#2490);
#2493=DIRECTION('',(0.E0,0.E0,-1.E0));
#2494=VECTOR('',#2493,6.8E-2);
#2495=CARTESIAN_POINT('',(1.45E-1,2.9E-2,-2.66E-1));
#2496=LINE('',#2495,#2494);
#2497=DIRECTION('',(0.E0,0.E0,-1.E0));
#2498=VECTOR('',#2497,6.8E-2);
#2499=CARTESIAN_POINT('',(9.3E-2,2.9E-2,-6.6E-2));
#2500=LINE('',#2499,#2498);
#2501=DIRECTION('',(1.E0,0.E0,0.E0));
#2502=VECTOR('',#2501,5.2E-2);
#2503=CARTESIAN_POINT('',(9.3E-2,2.9E-2,3.4E-2));
#2504=LINE('',#2503,#2502);
#2505=DIRECTION('',(0.E0,0.E0,-1.E0));
#2506=VECTOR('',#2505,6.8E-2);
#2507=CARTESIAN_POINT('',(9.3E-2,2.9E-2,3.4E-2));
#2508=LINE('',#2507,#2506);
#2509=DIRECTION('',(0.E0,-1.E0,0.E0));
#2510=VECTOR('',#2509,1.6E-2);
#2511=CARTESIAN_POINT('',(8.7E-2,1.69E-1,-1.34E-1));
#2512=LINE('',#2511,#2510);
#2513=DIRECTION('',(-5.E-1,8.660254037844E-1,0.E0));
#2514=VECTOR('',#2513,1.16E-1);
#2515=CARTESIAN_POINT('',(1.45E-1,6.854105316101E-2,-1.34E-1));
#2516=LINE('',#2515,#2514);
#2517=DIRECTION('',(0.E0,1.E0,0.E0));
#2518=VECTOR('',#2517,3.954105316101E-2);
#2519=CARTESIAN_POINT('',(1.45E-1,2.9E-2,-1.34E-1));
#2520=LINE('',#2519,#2518);
#2521=DIRECTION('',(1.E0,0.E0,0.E0));
#2522=VECTOR('',#2521,5.2E-2);
#2523=CARTESIAN_POINT('',(9.3E-2,2.9E-2,-1.34E-1));
#2524=LINE('',#2523,#2522);
#2525=DIRECTION('',(0.E0,-1.E0,0.E0));
#2526=VECTOR('',#2525,2.9E-2);
#2527=CARTESIAN_POINT('',(9.3E-2,2.9E-2,-1.34E-1));
#2528=LINE('',#2527,#2526);
#2529=DIRECTION('',(-1.E0,0.E0,0.E0));
#2530=VECTOR('',#2529,2.8E-2);
#2531=CARTESIAN_POINT('',(9.3E-2,0.E0,-1.34E-1));
#2532=LINE('',#2531,#2530);
#2533=DIRECTION('',(0.E0,1.E0,0.E0));
#2534=VECTOR('',#2533,5.E-2);
#2535=CARTESIAN_POINT('',(6.5E-2,0.E0,-1.34E-1));
#2536=LINE('',#2535,#2534);
#2537=CARTESIAN_POINT('',(0.E0,5.E-2,-1.34E-1));
#2538=DIRECTION('',(0.E0,0.E0,1.E0));
#2539=DIRECTION('',(1.E0,0.E0,0.E0));
#2540=AXIS2_PLACEMENT_3D('',#2537,#2538,#2539);
#2542=DIRECTION('',(0.E0,-1.E0,0.E0));
#2543=VECTOR('',#2542,5.E-2);
#2544=CARTESIAN_POINT('',(-6.5E-2,5.E-2,-1.34E-1));
#2545=LINE('',#2544,#2543);
#2546=DIRECTION('',(-1.E0,0.E0,0.E0));
#2547=VECTOR('',#2546,6.4E-2);
#2548=CARTESIAN_POINT('',(-6.5E-2,0.E0,-1.34E-1));
#2549=LINE('',#2548,#2547);
#2550=DIRECTION('',(0.E0,1.E0,0.E0));
#2551=VECTOR('',#2550,1.28E-1);
#2552=CARTESIAN_POINT('',(-1.29E-1,0.E0,-1.34E-1));
#2553=LINE('',#2552,#2551);
#2554=CARTESIAN_POINT('',(-1.09E-1,1.28E-1,-1.34E-1));
#2555=DIRECTION('',(0.E0,0.E0,-1.E0));
#2556=DIRECTION('',(-1.E0,0.E0,0.E0));
#2557=AXIS2_PLACEMENT_3D('',#2554,#2555,#2556);
#2559=DIRECTION('',(1.E0,0.E0,0.E0));
#2560=VECTOR('',#2559,1.105995316601E-1);
#2561=CARTESIAN_POINT('',(-1.09E-1,1.48E-1,-1.34E-1));
#2562=LINE('',#2561,#2560);
#2563=CARTESIAN_POINT('',(1.599531660128E-3,5.E-2,-1.34E-1));
#2564=DIRECTION('',(0.E0,0.E0,-1.E0));
#2565=DIRECTION('',(0.E0,1.E0,0.E0));
#2566=AXIS2_PLACEMENT_3D('',#2563,#2564,#2565);
#2568=CARTESIAN_POINT('',(5.785786437627E-2,1.48E-1,-1.34E-1));
#2569=DIRECTION('',(0.E0,0.E0,1.E0));
#2570=DIRECTION('',(-4.978613514703E-1,-8.672566371681E-1,0.E0));
#2571=AXIS2_PLACEMENT_3D('',#2568,#2569,#2570);
#2573=DIRECTION('',(-1.E0,0.E0,0.E0));
#2574=VECTOR('',#2573,1.5E-2);
#2575=CARTESIAN_POINT('',(8.7E-2,1.53E-1,-1.34E-1));
#2576=LINE('',#2575,#2574);
#2577=DIRECTION('',(0.E0,0.E0,1.E0));
#2578=VECTOR('',#2577,6.8E-2);
#2579=CARTESIAN_POINT('',(8.7E-2,1.69E-1,-1.34E-1));
#2580=LINE('',#2579,#2578);
#2581=DIRECTION('',(0.E0,-1.E0,0.E0));
#2582=VECTOR('',#2581,1.6E-2);
#2583=CARTESIAN_POINT('',(8.7E-2,1.69E-1,3.4E-2));
#2584=LINE('',#2583,#2582);
#2585=DIRECTION('',(0.E0,0.E0,1.E0));
#2586=VECTOR('',#2585,6.8E-2);
#2587=CARTESIAN_POINT('',(8.7E-2,1.69E-1,-3.4E-2));
#2588=LINE('',#2587,#2586);
#2589=DIRECTION('',(0.E0,0.E0,1.E0));
#2590=VECTOR('',#2589,6.8E-2);
#2591=CARTESIAN_POINT('',(7.2E-2,1.53E-1,-1.34E-1));
#2592=LINE('',#2591,#2590);
#2593=DIRECTION('',(0.E0,0.E0,1.E0));
#2594=VECTOR('',#2593,6.8E-2);
#2595=CARTESIAN_POINT('',(8.7E-2,1.53E-1,-1.34E-1));
#2596=LINE('',#2595,#2594);
#2597=DIRECTION('',(0.E0,0.E0,1.E0));
#2598=VECTOR('',#2597,6.8E-2);
#2599=CARTESIAN_POINT('',(7.2E-2,1.53E-1,-3.4E-2));
#2600=LINE('',#2599,#2598);
#2601=DIRECTION('',(-1.E0,0.E0,0.E0));
#2602=VECTOR('',#2601,1.5E-2);
#2603=CARTESIAN_POINT('',(8.7E-2,1.53E-1,3.4E-2));
#2604=LINE('',#2603,#2602);
#2605=DIRECTION('',(0.E0,0.E0,1.E0));
#2606=VECTOR('',#2605,6.8E-2);
#2607=CARTESIAN_POINT('',(8.7E-2,1.53E-1,-3.4E-2));
#2608=LINE('',#2607,#2606);
#2609=DIRECTION('',(0.E0,-1.E0,0.E0));
#2610=VECTOR('',#2609,1.6E-2);
#2611=CARTESIAN_POINT('',(8.7E-2,1.69E-1,-6.6E-2));
#2612=LINE('',#2611,#2610);
#2613=DIRECTION('',(-1.E0,0.E0,0.E0));
#2614=VECTOR('',#2613,1.5E-2);
#2615=CARTESIAN_POINT('',(8.7E-2,1.53E-1,-6.6E-2));
#2616=LINE('',#2615,#2614);
#2617=CARTESIAN_POINT('',(5.785786437627E-2,1.48E-1,-6.6E-2));
#2618=DIRECTION('',(0.E0,0.E0,-1.E0));
#2619=DIRECTION('',(9.428090415821E-1,3.333333333333E-1,0.E0));
#2620=AXIS2_PLACEMENT_3D('',#2617,#2618,#2619);
#2622=CARTESIAN_POINT('',(1.599531660128E-3,5.E-2,-6.6E-2));
#2623=DIRECTION('',(0.E0,0.E0,1.E0));
#2624=DIRECTION('',(4.978613514703E-1,8.672566371681E-1,0.E0));
#2625=AXIS2_PLACEMENT_3D('',#2622,#2623,#2624);
#2627=DIRECTION('',(-1.E0,0.E0,0.E0));
#2628=VECTOR('',#2627,1.105995316601E-1);
#2629=CARTESIAN_POINT('',(1.599531660128E-3,1.48E-1,-6.6E-2));
#2630=LINE('',#2629,#2628);
#2631=CARTESIAN_POINT('',(-1.09E-1,1.28E-1,-6.6E-2));
#2632=DIRECTION('',(0.E0,0.E0,1.E0));
#2633=DIRECTION('',(0.E0,1.E0,0.E0));
#2634=AXIS2_PLACEMENT_3D('',#2631,#2632,#2633);
#2636=DIRECTION('',(0.E0,-1.E0,0.E0));
#2637=VECTOR('',#2636,1.28E-1);
#2638=CARTESIAN_POINT('',(-1.29E-1,1.28E-1,-6.6E-2));
#2639=LINE('',#2638,#2637);
#2640=DIRECTION('',(1.E0,0.E0,0.E0));
#2641=VECTOR('',#2640,6.4E-2);
#2642=CARTESIAN_POINT('',(-1.29E-1,0.E0,-6.6E-2));
#2643=LINE('',#2642,#2641);
#2644=DIRECTION('',(0.E0,1.E0,0.E0));
#2645=VECTOR('',#2644,5.E-2);
#2646=CARTESIAN_POINT('',(-6.5E-2,0.E0,-6.6E-2));
#2647=LINE('',#2646,#2645);
#2648=CARTESIAN_POINT('',(0.E0,5.E-2,-6.6E-2));
#2649=DIRECTION('',(0.E0,0.E0,-1.E0));
#2650=DIRECTION('',(-1.E0,0.E0,0.E0));
#2651=AXIS2_PLACEMENT_3D('',#2648,#2649,#2650);
#2653=DIRECTION('',(0.E0,-1.E0,0.E0));
#2654=VECTOR('',#2653,5.E-2);
#2655=CARTESIAN_POINT('',(6.5E-2,5.E-2,-6.6E-2));
#2656=LINE('',#2655,#2654);
#2657=DIRECTION('',(1.E0,0.E0,0.E0));
#2658=VECTOR('',#2657,2.8E-2);
#2659=CARTESIAN_POINT('',(6.5E-2,0.E0,-6.6E-2));
#2660=LINE('',#2659,#2658);
#2661=DIRECTION('',(0.E0,1.E0,0.E0));
#2662=VECTOR('',#2661,2.9E-2);
#2663=CARTESIAN_POINT('',(9.3E-2,0.E0,-6.6E-2));
#2664=LINE('',#2663,#2662);
#2665=DIRECTION('',(1.E0,0.E0,0.E0));
#2666=VECTOR('',#2665,5.2E-2);
#2667=CARTESIAN_POINT('',(9.3E-2,2.9E-2,-6.6E-2));
#2668=LINE('',#2667,#2666);
#2669=DIRECTION('',(0.E0,1.E0,0.E0));
#2670=VECTOR('',#2669,3.954105316101E-2);
#2671=CARTESIAN_POINT('',(1.45E-1,2.9E-2,-6.6E-2));
#2672=LINE('',#2671,#2670);
#2673=DIRECTION('',(-5.E-1,8.660254037844E-1,0.E0));
#2674=VECTOR('',#2673,1.16E-1);
#2675=CARTESIAN_POINT('',(1.45E-1,6.854105316101E-2,-6.6E-2));
#2676=LINE('',#2675,#2674);
#2677=DIRECTION('',(0.E0,0.E0,1.E0));
#2678=VECTOR('',#2677,3.2E-2);
#2679=CARTESIAN_POINT('',(1.45E-1,2.9E-2,-6.6E-2));
#2680=LINE('',#2679,#2678);
#2681=DIRECTION('',(0.E0,-1.E0,0.E0));
#2682=VECTOR('',#2681,1.6E-2);
#2683=CARTESIAN_POINT('',(8.7E-2,1.69E-1,-3.4E-2));
#2684=LINE('',#2683,#2682);
#2685=DIRECTION('',(-5.E-1,8.660254037844E-1,0.E0));
#2686=VECTOR('',#2685,1.16E-1);
#2687=CARTESIAN_POINT('',(1.45E-1,6.854105316101E-2,-3.4E-2));
#2688=LINE('',#2687,#2686);
#2689=DIRECTION('',(0.E0,1.E0,0.E0));
#2690=VECTOR('',#2689,3.954105316101E-2);
#2691=CARTESIAN_POINT('',(1.45E-1,2.9E-2,-3.4E-2));
#2692=LINE('',#2691,#2690);
#2693=DIRECTION('',(1.E0,0.E0,0.E0));
#2694=VECTOR('',#2693,5.2E-2);
#2695=CARTESIAN_POINT('',(9.3E-2,2.9E-2,-3.4E-2));
#2696=LINE('',#2695,#2694);
#2697=DIRECTION('',(0.E0,-1.E0,0.E0));
#2698=VECTOR('',#2697,2.9E-2);
#2699=CARTESIAN_POINT('',(9.3E-2,2.9E-2,-3.4E-2));
#2700=LINE('',#2699,#2698);
#2701=DIRECTION('',(-1.E0,0.E0,0.E0));
#2702=VECTOR('',#2701,2.8E-2);
#2703=CARTESIAN_POINT('',(9.3E-2,0.E0,-3.4E-2));
#2704=LINE('',#2703,#2702);
#2705=DIRECTION('',(0.E0,1.E0,0.E0));
#2706=VECTOR('',#2705,5.E-2);
#2707=CARTESIAN_POINT('',(6.5E-2,0.E0,-3.4E-2));
#2708=LINE('',#2707,#2706);
#2709=CARTESIAN_POINT('',(0.E0,5.E-2,-3.4E-2));
#2710=DIRECTION('',(0.E0,0.E0,1.E0));
#2711=DIRECTION('',(1.E0,0.E0,0.E0));
#2712=AXIS2_PLACEMENT_3D('',#2709,#2710,#2711);
#2714=DIRECTION('',(0.E0,-1.E0,0.E0));
#2715=VECTOR('',#2714,5.E-2);
#2716=CARTESIAN_POINT('',(-6.5E-2,5.E-2,-3.4E-2));
#2717=LINE('',#2716,#2715);
#2718=DIRECTION('',(-1.E0,0.E0,0.E0));
#2719=VECTOR('',#2718,6.4E-2);
#2720=CARTESIAN_POINT('',(-6.5E-2,0.E0,-3.4E-2));
#2721=LINE('',#2720,#2719);
#2722=DIRECTION('',(0.E0,1.E0,0.E0));
#2723=VECTOR('',#2722,1.28E-1);
#2724=CARTESIAN_POINT('',(-1.29E-1,0.E0,-3.4E-2));
#2725=LINE('',#2724,#2723);
#2726=CARTESIAN_POINT('',(-1.09E-1,1.28E-1,-3.4E-2));
#2727=DIRECTION('',(0.E0,0.E0,-1.E0));
#2728=DIRECTION('',(-1.E0,0.E0,0.E0));
#2729=AXIS2_PLACEMENT_3D('',#2726,#2727,#2728);
#2731=DIRECTION('',(1.E0,0.E0,0.E0));
#2732=VECTOR('',#2731,1.105995316601E-1);
#2733=CARTESIAN_POINT('',(-1.09E-1,1.48E-1,-3.4E-2));
#2734=LINE('',#2733,#2732);
#2735=CARTESIAN_POINT('',(1.599531660128E-3,5.E-2,-3.4E-2));
#2736=DIRECTION('',(0.E0,0.E0,-1.E0));
#2737=DIRECTION('',(0.E0,1.E0,0.E0));
#2738=AXIS2_PLACEMENT_3D('',#2735,#2736,#2737);
#2740=CARTESIAN_POINT('',(5.785786437627E-2,1.48E-1,-3.4E-2));
#2741=DIRECTION('',(0.E0,0.E0,1.E0));
#2742=DIRECTION('',(-4.978613514703E-1,-8.672566371681E-1,0.E0));
#2743=AXIS2_PLACEMENT_3D('',#2740,#2741,#2742);
#2745=DIRECTION('',(-1.E0,0.E0,0.E0));
#2746=VECTOR('',#2745,1.5E-2);
#2747=CARTESIAN_POINT('',(8.7E-2,1.53E-1,-3.4E-2));
#2748=LINE('',#2747,#2746);
#2749=DIRECTION('',(0.E0,0.E0,1.E0));
#2750=VECTOR('',#2749,3.2E-2);
#2751=CARTESIAN_POINT('',(1.45E-1,6.854105316101E-2,-6.6E-2));
#2752=LINE('',#2751,#2750);
#2753=DIRECTION('',(0.E0,0.E0,1.E0));
#2754=VECTOR('',#2753,3.2E-2);
#2755=CARTESIAN_POINT('',(8.7E-2,1.69E-1,-6.6E-2));
#2756=LINE('',#2755,#2754);
#2757=DIRECTION('',(0.E0,0.E0,1.E0));
#2758=VECTOR('',#2757,3.2E-2);
#2759=CARTESIAN_POINT('',(8.7E-2,1.69E-1,-2.66E-1));
#2760=LINE('',#2759,#2758);
#2761=DIRECTION('',(0.E0,0.E0,1.E0));
#2762=VECTOR('',#2761,3.2E-2);
#2763=CARTESIAN_POINT('',(8.7E-2,1.69E-1,-1.66E-1));
#2764=LINE('',#2763,#2762);
#2765=DIRECTION('',(0.E0,0.E0,-1.E0));
#2766=VECTOR('',#2765,5.6E-2);
#2767=CARTESIAN_POINT('',(1.45E-1,6.854105316101E-2,9.E-2));
#2768=LINE('',#2767,#2766);
#2769=DIRECTION('',(0.E0,0.E0,1.E0));
#2770=VECTOR('',#2769,5.6E-2);
#2771=CARTESIAN_POINT('',(8.7E-2,1.69E-1,3.4E-2));
#2772=LINE('',#2771,#2770);
#2773=DIRECTION('',(0.E0,0.E0,-1.E0));
#2774=VECTOR('',#2773,5.6E-2);
#2775=CARTESIAN_POINT('',(1.45E-1,2.9E-2,9.E-2));
#2776=LINE('',#2775,#2774);
#2777=DIRECTION('',(1.E0,0.E0,0.E0));
#2778=VECTOR('',#2777,7.5E-2);
#2779=CARTESIAN_POINT('',(-1.9E-1,-1.11E-1,9.E-2));
#2780=LINE('',#2779,#2778);
#2781=DIRECTION('',(0.E0,-1.E0,0.E0));
#2782=VECTOR('',#2781,2.65E-1);
#2783=CARTESIAN_POINT('',(-1.9E-1,1.54E-1,9.E-2));
#2784=LINE('',#2783,#2782);
#2785=CARTESIAN_POINT('',(-1.75E-1,1.54E-1,9.E-2));
#2786=DIRECTION('',(0.E0,0.E0,1.E0));
#2787=DIRECTION('',(0.E0,1.E0,0.E0));
#2788=AXIS2_PLACEMENT_3D('',#2785,#2786,#2787);
#2790=DIRECTION('',(-1.E0,0.E0,0.E0));
#2791=VECTOR('',#2790,2.62E-1);
#2792=CARTESIAN_POINT('',(8.7E-2,1.69E-1,9.E-2));
#2793=LINE('',#2792,#2791);
#2794=DIRECTION('',(-5.E-1,8.660254037844E-1,0.E0));
#2795=VECTOR('',#2794,1.16E-1);
#2796=CARTESIAN_POINT('',(1.45E-1,6.854105316101E-2,9.E-2));
#2797=LINE('',#2796,#2795);
#2798=DIRECTION('',(0.E0,1.E0,0.E0));
#2799=VECTOR('',#2798,3.954105316101E-2);
#2800=CARTESIAN_POINT('',(1.45E-1,2.9E-2,9.E-2));
#2801=LINE('',#2800,#2799);
#2802=DIRECTION('',(-7.071067811865E-1,7.071067811865E-1,0.E0));
#2803=VECTOR('',#2802,6.363961030679E-2);
#2804=CARTESIAN_POINT('',(1.9E-1,-1.6E-2,9.E-2));
#2805=LINE('',#2804,#2803);
#2806=DIRECTION('',(0.E0,1.E0,0.E0));
#2807=VECTOR('',#2806,9.5E-2);
#2808=CARTESIAN_POINT('',(1.9E-1,-1.11E-1,9.E-2));
#2809=LINE('',#2808,#2807);
#2810=DIRECTION('',(1.E0,0.E0,0.E0));
#2811=VECTOR('',#2810,7.5E-2);
#2812=CARTESIAN_POINT('',(1.15E-1,-1.11E-1,9.E-2));
#2813=LINE('',#2812,#2811);
#2814=DIRECTION('',(0.E0,-1.E0,0.E0));
#2815=VECTOR('',#2814,2.5E-2);
#2816=CARTESIAN_POINT('',(6.5E-2,-1.11E-1,9.E-2));
#2817=LINE('',#2816,#2815);
#2818=DIRECTION('',(1.E0,0.E0,0.E0));
#2819=VECTOR('',#2818,1.3E-1);
#2820=CARTESIAN_POINT('',(-6.5E-2,-1.11E-1,9.E-2));
#2821=LINE('',#2820,#2819);
#2822=DIRECTION('',(0.E0,-1.E0,0.E0));
#2823=VECTOR('',#2822,2.5E-2);
#2824=CARTESIAN_POINT('',(-6.5E-2,-1.11E-1,9.E-2));
#2825=LINE('',#2824,#2823);
#2826=DIRECTION('',(0.E0,0.E0,-1.E0));
#2827=VECTOR('',#2826,2.15E-2);
#2828=CARTESIAN_POINT('',(-6.5E-2,-1.11E-1,9.E-2));
#2829=LINE('',#2828,#2827);
#2830=DIRECTION('',(0.E0,0.E0,-1.E0));
#2831=VECTOR('',#2830,2.15E-2);
#2832=CARTESIAN_POINT('',(6.5E-2,-1.11E-1,9.E-2));
#2833=LINE('',#2832,#2831);
#2834=DIRECTION('',(0.E0,0.E0,1.E0));
#2835=VECTOR('',#2834,2.15E-2);
#2836=CARTESIAN_POINT('',(-6.5E-2,-1.11E-1,-3.9E-1));
#2837=LINE('',#2836,#2835);
#2838=DIRECTION('',(0.E0,0.E0,1.E0));
#2839=VECTOR('',#2838,2.15E-2);
#2840=CARTESIAN_POINT('',(6.5E-2,-1.11E-1,-3.9E-1));
#2841=LINE('',#2840,#2839);
#2842=DIRECTION('',(0.E0,0.E0,1.E0));
#2843=VECTOR('',#2842,2.590121969362E-1);
#2844=CARTESIAN_POINT('',(1.7E-1,-1.11E-1,-2.795060984681E-1));
#2845=LINE('',#2844,#2843);
#2846=CARTESIAN_POINT('',(1.86E-1,-1.11E-1,0.E0));
#2847=DIRECTION('',(0.E0,1.E0,0.E0));
#2848=DIRECTION('',(-6.153846153846E-1,0.E0,-7.882269819969E-1));
#2849=AXIS2_PLACEMENT_3D('',#2846,#2847,#2848);
#2851=DIRECTION('',(0.E0,0.E0,1.E0));
#2852=VECTOR('',#2851,4.800609846808E-2);
#2853=CARTESIAN_POINT('',(1.7E-1,-1.11E-1,2.049390153192E-2));
#2854=LINE('',#2853,#2852);
#2855=DIRECTION('',(0.E0,0.E0,-1.E0));
#2856=VECTOR('',#2855,2.15E-2);
#2857=CARTESIAN_POINT('',(1.15E-1,-1.11E-1,9.E-2));
#2858=LINE('',#2857,#2856);
#2859=DIRECTION('',(0.E0,0.E0,-1.E0));
#2860=VECTOR('',#2859,4.8E-1);
#2861=CARTESIAN_POINT('',(1.9E-1,-1.11E-1,9.E-2));
#2862=LINE('',#2861,#2860);
#2863=DIRECTION('',(0.E0,0.E0,1.E0));
#2864=VECTOR('',#2863,2.15E-2);
#2865=CARTESIAN_POINT('',(1.15E-1,-1.11E-1,-3.9E-1));
#2866=LINE('',#2865,#2864);
#2867=DIRECTION('',(0.E0,0.E0,1.E0));
#2868=VECTOR('',#2867,4.800609846808E-2);
#2869=CARTESIAN_POINT('',(1.7E-1,-1.11E-1,-3.685E-1));
#2870=LINE('',#2869,#2868);
#2871=CARTESIAN_POINT('',(1.86E-1,-1.11E-1,-3.E-1));
#2872=DIRECTION('',(0.E0,1.E0,0.E0));
#2873=DIRECTION('',(-6.153846153846E-1,0.E0,-7.882269819969E-1));
#2874=AXIS2_PLACEMENT_3D('',#2871,#2872,#2873);
#2876=DIRECTION('',(0.E0,0.E0,-1.E0));
#2877=VECTOR('',#2876,2.15E-2);
#2878=CARTESIAN_POINT('',(-1.15E-1,-1.11E-1,9.E-2));
#2879=LINE('',#2878,#2877);
#2880=DIRECTION('',(0.E0,0.E0,-1.E0));
#2881=VECTOR('',#2880,4.800609846808E-2);
#2882=CARTESIAN_POINT('',(-1.7E-1,-1.11E-1,6.85E-2));
#2883=LINE('',#2882,#2881);
#2884=CARTESIAN_POINT('',(-1.86E-1,-1.11E-1,0.E0));
#2885=DIRECTION('',(0.E0,1.E0,0.E0));
#2886=DIRECTION('',(6.153846153846E-1,0.E0,7.882269819969E-1));
#2887=AXIS2_PLACEMENT_3D('',#2884,#2885,#2886);
#2889=DIRECTION('',(0.E0,0.E0,-1.E0));
#2890=VECTOR('',#2889,2.590121969362E-1);
#2891=CARTESIAN_POINT('',(-1.7E-1,-1.11E-1,-2.049390153192E-2));
#2892=LINE('',#2891,#2890);
#2893=CARTESIAN_POINT('',(-1.86E-1,-1.11E-1,-3.E-1));
#2894=DIRECTION('',(0.E0,1.E0,0.E0));
#2895=DIRECTION('',(6.153846153846E-1,0.E0,7.882269819969E-1));
#2896=AXIS2_PLACEMENT_3D('',#2893,#2894,#2895);
#2898=DIRECTION('',(0.E0,0.E0,-1.E0));
#2899=VECTOR('',#2898,4.800609846808E-2);
#2900=CARTESIAN_POINT('',(-1.7E-1,-1.11E-1,-3.204939015319E-1));
#2901=LINE('',#2900,#2899);
#2902=DIRECTION('',(0.E0,0.E0,1.E0));
#2903=VECTOR('',#2902,2.15E-2);
#2904=CARTESIAN_POINT('',(-1.15E-1,-1.11E-1,-3.9E-1));
#2905=LINE('',#2904,#2903);
#2906=DIRECTION('',(0.E0,-1.E0,0.E0));
#2907=VECTOR('',#2906,2.5E-2);
#2908=CARTESIAN_POINT('',(-6.5E-2,-1.11E-1,6.85E-2));
#2909=LINE('',#2908,#2907);
#2910=DIRECTION('',(1.E0,0.E0,0.E0));
#2911=VECTOR('',#2910,1.3E-1);
#2912=CARTESIAN_POINT('',(-6.5E-2,-1.11E-1,6.85E-2));
#2913=LINE('',#2912,#2911);
#2914=DIRECTION('',(0.E0,-1.E0,0.E0));
#2915=VECTOR('',#2914,2.5E-2);
#2916=CARTESIAN_POINT('',(1.15E-1,-1.11E-1,6.85E-2));
#2917=LINE('',#2916,#2915);
#2918=DIRECTION('',(1.E0,0.E0,0.E0));
#2919=VECTOR('',#2918,5.5E-2);
#2920=CARTESIAN_POINT('',(1.15E-1,-1.11E-1,6.85E-2));
#2921=LINE('',#2920,#2919);
#2922=DIRECTION('',(0.E0,1.E0,0.E0));
#2923=VECTOR('',#2922,2.5E-2);
#2924=CARTESIAN_POINT('',(1.7E-1,-1.11E-1,6.85E-2));
#2925=LINE('',#2924,#2923);
#2926=DIRECTION('',(-1.E0,0.E0,0.E0));
#2927=VECTOR('',#2926,2.9E-2);
#2928=CARTESIAN_POINT('',(1.7E-1,-8.6E-2,6.85E-2));
#2929=LINE('',#2928,#2927);
#2930=DIRECTION('',(0.E0,1.E0,0.E0));
#2931=VECTOR('',#2930,8.6E-2);
#2932=CARTESIAN_POINT('',(1.41E-1,-8.6E-2,6.85E-2));
#2933=LINE('',#2932,#2931);
#2934=DIRECTION('',(-1.E0,0.E0,0.E0));
#2935=VECTOR('',#2934,2.82E-1);
#2936=CARTESIAN_POINT('',(1.41E-1,0.E0,6.85E-2));
#2937=LINE('',#2936,#2935);
#2938=DIRECTION('',(0.E0,-1.E0,0.E0));
#2939=VECTOR('',#2938,8.6E-2);
#2940=CARTESIAN_POINT('',(-1.41E-1,0.E0,6.85E-2));
#2941=LINE('',#2940,#2939);
#2942=DIRECTION('',(-1.E0,0.E0,0.E0));
#2943=VECTOR('',#2942,2.9E-2);
#2944=CARTESIAN_POINT('',(-1.41E-1,-8.6E-2,6.85E-2));
#2945=LINE('',#2944,#2943);
#2946=DIRECTION('',(0.E0,-1.E0,0.E0));
#2947=VECTOR('',#2946,2.5E-2);
#2948=CARTESIAN_POINT('',(-1.7E-1,-8.6E-2,6.85E-2));
#2949=LINE('',#2948,#2947);
#2950=DIRECTION('',(1.E0,0.E0,0.E0));
#2951=VECTOR('',#2950,5.5E-2);
#2952=CARTESIAN_POINT('',(-1.7E-1,-1.11E-1,6.85E-2));
#2953=LINE('',#2952,#2951);
#2954=DIRECTION('',(0.E0,-1.E0,0.E0));
#2955=VECTOR('',#2954,2.5E-2);
#2956=CARTESIAN_POINT('',(-1.15E-1,-1.11E-1,6.85E-2));
#2957=LINE('',#2956,#2955);
#2958=DIRECTION('',(0.E0,-1.E0,0.E0));
#2959=VECTOR('',#2958,2.5E-2);
#2960=CARTESIAN_POINT('',(6.5E-2,-1.11E-1,6.85E-2));
#2961=LINE('',#2960,#2959);
#2962=DIRECTION('',(0.E0,0.E0,1.E0));
#2963=VECTOR('',#2962,2.15E-2);
#2964=CARTESIAN_POINT('',(6.5E-2,-1.36E-1,6.85E-2));
#2965=LINE('',#2964,#2963);
#2966=DIRECTION('',(1.E0,0.E0,0.E0));
#2967=VECTOR('',#2966,5.E-2);
#2968=CARTESIAN_POINT('',(6.5E-2,-1.36E-1,9.E-2));
#2969=LINE('',#2968,#2967);
#2970=DIRECTION('',(0.E0,0.E0,-1.E0));
#2971=VECTOR('',#2970,2.15E-2);
#2972=CARTESIAN_POINT('',(1.15E-1,-1.36E-1,9.E-2));
#2973=LINE('',#2972,#2971);
#2974=DIRECTION('',(-1.E0,0.E0,0.E0));
#2975=VECTOR('',#2974,5.E-2);
#2976=CARTESIAN_POINT('',(1.15E-1,-1.36E-1,6.85E-2));
#2977=LINE('',#2976,#2975);
#2978=DIRECTION('',(0.E0,-1.E0,0.E0));
#2979=VECTOR('',#2978,2.5E-2);
#2980=CARTESIAN_POINT('',(1.15E-1,-1.11E-1,9.E-2));
#2981=LINE('',#2980,#2979);
#2982=DIRECTION('',(0.E0,-1.E0,0.E0));
#2983=VECTOR('',#2982,2.5E-2);
#2984=CARTESIAN_POINT('',(-1.15E-1,-1.11E-1,9.E-2));
#2985=LINE('',#2984,#2983);
#2986=DIRECTION('',(0.E0,0.E0,1.E0));
#2987=VECTOR('',#2986,2.15E-2);
#2988=CARTESIAN_POINT('',(-6.5E-2,-1.36E-1,6.85E-2));
#2989=LINE('',#2988,#2987);
#2990=DIRECTION('',(1.E0,0.E0,0.E0));
#2991=VECTOR('',#2990,5.E-2);
#2992=CARTESIAN_POINT('',(-1.15E-1,-1.36E-1,6.85E-2));
#2993=LINE('',#2992,#2991);
#2994=DIRECTION('',(0.E0,0.E0,-1.E0));
#2995=VECTOR('',#2994,2.15E-2);
#2996=CARTESIAN_POINT('',(-1.15E-1,-1.36E-1,9.E-2));
#2997=LINE('',#2996,#2995);
#2998=DIRECTION('',(-1.E0,0.E0,0.E0));
#2999=VECTOR('',#2998,5.E-2);
#3000=CARTESIAN_POINT('',(-6.5E-2,-1.36E-1,9.E-2));
#3001=LINE('',#3000,#2999);
#3002=DIRECTION('',(0.E0,-1.E0,0.E0));
#3003=VECTOR('',#3002,2.5E-2);
#3004=CARTESIAN_POINT('',(-6.5E-2,-1.11E-1,-3.685E-1));
#3005=LINE('',#3004,#3003);
#3006=DIRECTION('',(1.E0,0.E0,0.E0));
#3007=VECTOR('',#3006,7.5E-2);
#3008=CARTESIAN_POINT('',(-1.9E-1,-1.11E-1,-3.9E-1));
#3009=LINE('',#3008,#3007);
#3010=DIRECTION('',(0.E0,-1.E0,0.E0));
#3011=VECTOR('',#3010,2.5E-2);
#3012=CARTESIAN_POINT('',(-6.5E-2,-1.11E-1,-3.9E-1));
#3013=LINE('',#3012,#3011);
#3014=DIRECTION('',(1.E0,0.E0,0.E0));
#3015=VECTOR('',#3014,1.3E-1);
#3016=CARTESIAN_POINT('',(-6.5E-2,-1.11E-1,-3.9E-1));
#3017=LINE('',#3016,#3015);
#3018=DIRECTION('',(0.E0,-1.E0,0.E0));
#3019=VECTOR('',#3018,2.5E-2);
#3020=CARTESIAN_POINT('',(6.5E-2,-1.11E-1,-3.9E-1));
#3021=LINE('',#3020,#3019);
#3022=DIRECTION('',(1.E0,0.E0,0.E0));
#3023=VECTOR('',#3022,7.5E-2);
#3024=CARTESIAN_POINT('',(1.15E-1,-1.11E-1,-3.9E-1));
#3025=LINE('',#3024,#3023);
#3026=DIRECTION('',(0.E0,1.E0,0.E0));
#3027=VECTOR('',#3026,9.5E-2);
#3028=CARTESIAN_POINT('',(1.9E-1,-1.11E-1,-3.9E-1));
#3029=LINE('',#3028,#3027);
#3030=DIRECTION('',(-7.071067811865E-1,7.071067811865E-1,0.E0));
#3031=VECTOR('',#3030,6.363961030679E-2);
#3032=CARTESIAN_POINT('',(1.9E-1,-1.6E-2,-3.9E-1));
#3033=LINE('',#3032,#3031);
#3034=DIRECTION('',(0.E0,1.E0,0.E0));
#3035=VECTOR('',#3034,3.954105316101E-2);
#3036=CARTESIAN_POINT('',(1.45E-1,2.9E-2,-3.9E-1));
#3037=LINE('',#3036,#3035);
#3038=DIRECTION('',(-5.E-1,8.660254037844E-1,0.E0));
#3039=VECTOR('',#3038,1.16E-1);
#3040=CARTESIAN_POINT('',(1.45E-1,6.854105316101E-2,-3.9E-1));
#3041=LINE('',#3040,#3039);
#3042=DIRECTION('',(-1.E0,0.E0,0.E0));
#3043=VECTOR('',#3042,2.62E-1);
#3044=CARTESIAN_POINT('',(8.7E-2,1.69E-1,-3.9E-1));
#3045=LINE('',#3044,#3043);
#3046=CARTESIAN_POINT('',(-1.75E-1,1.54E-1,-3.9E-1));
#3047=DIRECTION('',(0.E0,0.E0,1.E0));
#3048=DIRECTION('',(0.E0,1.E0,0.E0));
#3049=AXIS2_PLACEMENT_3D('',#3046,#3047,#3048);
#3051=DIRECTION('',(0.E0,-1.E0,0.E0));
#3052=VECTOR('',#3051,2.65E-1);
#3053=CARTESIAN_POINT('',(-1.9E-1,1.54E-1,-3.9E-1));
#3054=LINE('',#3053,#3052);
#3055=DIRECTION('',(0.E0,-1.E0,0.E0));
#3056=VECTOR('',#3055,2.5E-2);
#3057=CARTESIAN_POINT('',(-1.15E-1,-1.11E-1,-3.9E-1));
#3058=LINE('',#3057,#3056);
#3059=DIRECTION('',(1.E0,0.E0,0.E0));
#3060=VECTOR('',#3059,1.3E-1);
#3061=CARTESIAN_POINT('',(-6.5E-2,-1.11E-1,-3.685E-1));
#3062=LINE('',#3061,#3060);
#3063=DIRECTION('',(0.E0,-1.E0,0.E0));
#3064=VECTOR('',#3063,2.5E-2);
#3065=CARTESIAN_POINT('',(-1.15E-1,-1.11E-1,-3.685E-1));
#3066=LINE('',#3065,#3064);
#3067=DIRECTION('',(1.E0,0.E0,0.E0));
#3068=VECTOR('',#3067,5.5E-2);
#3069=CARTESIAN_POINT('',(-1.7E-1,-1.11E-1,-3.685E-1));
#3070=LINE('',#3069,#3068);
#3071=DIRECTION('',(0.E0,1.E0,0.E0));
#3072=VECTOR('',#3071,2.5E-2);
#3073=CARTESIAN_POINT('',(-1.7E-1,-1.11E-1,-3.685E-1));
#3074=LINE('',#3073,#3072);
#3075=DIRECTION('',(1.E0,0.E0,0.E0));
#3076=VECTOR('',#3075,2.9E-2);
#3077=CARTESIAN_POINT('',(-1.7E-1,-8.6E-2,-3.685E-1));
#3078=LINE('',#3077,#3076);
#3079=DIRECTION('',(0.E0,1.E0,0.E0));
#3080=VECTOR('',#3079,8.6E-2);
#3081=CARTESIAN_POINT('',(-1.41E-1,-8.6E-2,-3.685E-1));
#3082=LINE('',#3081,#3080);
#3083=DIRECTION('',(1.E0,0.E0,0.E0));
#3084=VECTOR('',#3083,2.82E-1);
#3085=CARTESIAN_POINT('',(-1.41E-1,0.E0,-3.685E-1));
#3086=LINE('',#3085,#3084);
#3087=DIRECTION('',(0.E0,-1.E0,0.E0));
#3088=VECTOR('',#3087,8.6E-2);
#3089=CARTESIAN_POINT('',(1.41E-1,0.E0,-3.685E-1));
#3090=LINE('',#3089,#3088);
#3091=DIRECTION('',(1.E0,0.E0,0.E0));
#3092=VECTOR('',#3091,2.9E-2);
#3093=CARTESIAN_POINT('',(1.41E-1,-8.6E-2,-3.685E-1));
#3094=LINE('',#3093,#3092);
#3095=DIRECTION('',(0.E0,-1.E0,0.E0));
#3096=VECTOR('',#3095,2.5E-2);
#3097=CARTESIAN_POINT('',(1.7E-1,-8.6E-2,-3.685E-1));
#3098=LINE('',#3097,#3096);
#3099=DIRECTION('',(1.E0,0.E0,0.E0));
#3100=VECTOR('',#3099,5.5E-2);
#3101=CARTESIAN_POINT('',(1.15E-1,-1.11E-1,-3.685E-1));
#3102=LINE('',#3101,#3100);
#3103=DIRECTION('',(0.E0,-1.E0,0.E0));
#3104=VECTOR('',#3103,2.5E-2);
#3105=CARTESIAN_POINT('',(1.15E-1,-1.11E-1,-3.685E-1));
#3106=LINE('',#3105,#3104);
#3107=DIRECTION('',(0.E0,0.E0,-1.E0));
#3108=VECTOR('',#3107,2.15E-2);
#3109=CARTESIAN_POINT('',(-6.5E-2,-1.36E-1,-3.685E-1));
#3110=LINE('',#3109,#3108);
#3111=DIRECTION('',(-1.E0,0.E0,0.E0));
#3112=VECTOR('',#3111,5.E-2);
#3113=CARTESIAN_POINT('',(-6.5E-2,-1.36E-1,-3.9E-1));
#3114=LINE('',#3113,#3112);
#3115=DIRECTION('',(0.E0,0.E0,1.E0));
#3116=VECTOR('',#3115,2.15E-2);
#3117=CARTESIAN_POINT('',(-1.15E-1,-1.36E-1,-3.9E-1));
#3118=LINE('',#3117,#3116);
#3119=DIRECTION('',(1.E0,0.E0,0.E0));
#3120=VECTOR('',#3119,5.E-2);
#3121=CARTESIAN_POINT('',(-1.15E-1,-1.36E-1,-3.685E-1));
#3122=LINE('',#3121,#3120);
#3123=DIRECTION('',(0.E0,-1.E0,0.E0));
#3124=VECTOR('',#3123,2.5E-2);
#3125=CARTESIAN_POINT('',(1.15E-1,-1.11E-1,-3.9E-1));
#3126=LINE('',#3125,#3124);
#3127=DIRECTION('',(0.E0,0.E0,-1.E0));
#3128=VECTOR('',#3127,2.15E-2);
#3129=CARTESIAN_POINT('',(6.5E-2,-1.36E-1,-3.685E-1));
#3130=LINE('',#3129,#3128);
#3131=DIRECTION('',(-1.E0,0.E0,0.E0));
#3132=VECTOR('',#3131,5.E-2);
#3133=CARTESIAN_POINT('',(1.15E-1,-1.36E-1,-3.685E-1));
#3134=LINE('',#3133,#3132);
#3135=DIRECTION('',(0.E0,0.E0,1.E0));
#3136=VECTOR('',#3135,2.15E-2);
#3137=CARTESIAN_POINT('',(1.15E-1,-1.36E-1,-3.9E-1));
#3138=LINE('',#3137,#3136);
#3139=DIRECTION('',(1.E0,0.E0,0.E0));
#3140=VECTOR('',#3139,5.E-2);
#3141=CARTESIAN_POINT('',(6.5E-2,-1.36E-1,-3.9E-1));
#3142=LINE('',#3141,#3140);
#3143=DIRECTION('',(0.E0,-1.E0,0.E0));
#3144=VECTOR('',#3143,2.5E-2);
#3145=CARTESIAN_POINT('',(6.5E-2,-1.11E-1,-3.685E-1));
#3146=LINE('',#3145,#3144);
#3147=DIRECTION('',(0.E0,0.E0,-1.E0));
#3148=VECTOR('',#3147,4.8E-1);
#3149=CARTESIAN_POINT('',(1.9E-1,-1.6E-2,9.E-2));
#3150=LINE('',#3149,#3148);
#3151=DIRECTION('',(0.E0,0.E0,1.E0));
#3152=VECTOR('',#3151,5.6E-2);
#3153=CARTESIAN_POINT('',(1.45E-1,2.9E-2,-3.9E-1));
#3154=LINE('',#3153,#3152);
#3155=DIRECTION('',(0.E0,-1.E0,0.E0));
#3156=VECTOR('',#3155,2.9E-2);
#3157=CARTESIAN_POINT('',(9.3E-2,2.9E-2,-3.34E-1));
#3158=LINE('',#3157,#3156);
#3159=DIRECTION('',(-1.E0,0.E0,0.E0));
#3160=VECTOR('',#3159,2.8E-2);
#3161=CARTESIAN_POINT('',(9.3E-2,0.E0,-3.34E-1));
#3162=LINE('',#3161,#3160);
#3163=DIRECTION('',(0.E0,1.E0,0.E0));
#3164=VECTOR('',#3163,5.E-2);
#3165=CARTESIAN_POINT('',(6.5E-2,0.E0,-3.34E-1));
#3166=LINE('',#3165,#3164);
#3167=CARTESIAN_POINT('',(0.E0,5.E-2,-3.34E-1));
#3168=DIRECTION('',(0.E0,0.E0,1.E0));
#3169=DIRECTION('',(1.E0,0.E0,0.E0));
#3170=AXIS2_PLACEMENT_3D('',#3167,#3168,#3169);
#3172=DIRECTION('',(0.E0,-1.E0,0.E0));
#3173=VECTOR('',#3172,5.E-2);
#3174=CARTESIAN_POINT('',(-6.5E-2,5.E-2,-3.34E-1));
#3175=LINE('',#3174,#3173);
#3176=DIRECTION('',(-1.E0,0.E0,0.E0));
#3177=VECTOR('',#3176,6.4E-2);
#3178=CARTESIAN_POINT('',(-6.5E-2,0.E0,-3.34E-1));
#3179=LINE('',#3178,#3177);
#3180=DIRECTION('',(0.E0,1.E0,0.E0));
#3181=VECTOR('',#3180,1.28E-1);
#3182=CARTESIAN_POINT('',(-1.29E-1,0.E0,-3.34E-1));
#3183=LINE('',#3182,#3181);
#3184=CARTESIAN_POINT('',(-1.09E-1,1.28E-1,-3.34E-1));
#3185=DIRECTION('',(0.E0,0.E0,-1.E0));
#3186=DIRECTION('',(-1.E0,0.E0,0.E0));
#3187=AXIS2_PLACEMENT_3D('',#3184,#3185,#3186);
#3189=DIRECTION('',(1.E0,0.E0,0.E0));
#3190=VECTOR('',#3189,1.105995316601E-1);
#3191=CARTESIAN_POINT('',(-1.09E-1,1.48E-1,-3.34E-1));
#3192=LINE('',#3191,#3190);
#3193=CARTESIAN_POINT('',(1.599531660128E-3,5.E-2,-3.34E-1));
#3194=DIRECTION('',(0.E0,0.E0,-1.E0));
#3195=DIRECTION('',(0.E0,1.E0,0.E0));
#3196=AXIS2_PLACEMENT_3D('',#3193,#3194,#3195);
#3198=CARTESIAN_POINT('',(5.785786437627E-2,1.48E-1,-3.34E-1));
#3199=DIRECTION('',(0.E0,0.E0,1.E0));
#3200=DIRECTION('',(-4.978613514703E-1,-8.672566371681E-1,0.E0));
#3201=AXIS2_PLACEMENT_3D('',#3198,#3199,#3200);
#3203=DIRECTION('',(-5.E-1,8.660254037844E-1,0.E0));
#3204=VECTOR('',#3203,1.16E-1);
#3205=CARTESIAN_POINT('',(1.45E-1,6.854105316101E-2,-3.34E-1));
#3206=LINE('',#3205,#3204);
#3207=DIRECTION('',(0.E0,1.E0,0.E0));
#3208=VECTOR('',#3207,3.954105316101E-2);
#3209=CARTESIAN_POINT('',(1.45E-1,2.9E-2,-3.34E-1));
#3210=LINE('',#3209,#3208);
#3211=DIRECTION('',(-1.E0,0.E0,0.E0));
#3212=VECTOR('',#3211,1.5E-2);
#3213=CARTESIAN_POINT('',(8.7E-2,1.53E-1,-2.66E-1));
#3214=LINE('',#3213,#3212);
#3215=DIRECTION('',(0.E0,0.E0,-1.E0));
#3216=VECTOR('',#3215,6.8E-2);
#3217=CARTESIAN_POINT('',(8.7E-2,1.53E-1,-2.66E-1));
#3218=LINE('',#3217,#3216);
#3219=DIRECTION('',(-1.E0,0.E0,0.E0));
#3220=VECTOR('',#3219,1.5E-2);
#3221=CARTESIAN_POINT('',(8.7E-2,1.53E-1,-3.34E-1));
#3222=LINE('',#3221,#3220);
#3223=DIRECTION('',(0.E0,0.E0,1.E0));
#3224=VECTOR('',#3223,6.8E-2);
#3225=CARTESIAN_POINT('',(7.2E-2,1.53E-1,-3.34E-1));
#3226=LINE('',#3225,#3224);
#3227=DIRECTION('',(-1.E0,0.E0,0.E0));
#3228=VECTOR('',#3227,1.5E-2);
#3229=CARTESIAN_POINT('',(8.7E-2,1.53E-1,-1.66E-1));
#3230=LINE('',#3229,#3228);
#3231=DIRECTION('',(0.E0,0.E0,-1.E0));
#3232=VECTOR('',#3231,6.8E-2);
#3233=CARTESIAN_POINT('',(8.7E-2,1.53E-1,-1.66E-1));
#3234=LINE('',#3233,#3232);
#3235=DIRECTION('',(-1.E0,0.E0,0.E0));
#3236=VECTOR('',#3235,1.5E-2);
#3237=CARTESIAN_POINT('',(8.7E-2,1.53E-1,-2.34E-1));
#3238=LINE('',#3237,#3236);
#3239=DIRECTION('',(0.E0,0.E0,1.E0));
#3240=VECTOR('',#3239,6.8E-2);
#3241=CARTESIAN_POINT('',(7.2E-2,1.53E-1,-2.34E-1));
#3242=LINE('',#3241,#3240);
#3243=DIRECTION('',(0.E0,-1.E0,0.E0));
#3244=VECTOR('',#3243,1.6E-2);
#3245=CARTESIAN_POINT('',(8.7E-2,1.69E-1,-2.66E-1));
#3246=LINE('',#3245,#3244);
#3247=DIRECTION('',(0.E0,0.E0,-1.E0));
#3248=VECTOR('',#3247,6.8E-2);
#3249=CARTESIAN_POINT('',(8.7E-2,1.69E-1,-2.66E-1));
#3250=LINE('',#3249,#3248);
#3251=DIRECTION('',(0.E0,-1.E0,0.E0));
#3252=VECTOR('',#3251,1.6E-2);
#3253=CARTESIAN_POINT('',(8.7E-2,1.69E-1,-3.34E-1));
#3254=LINE('',#3253,#3252);
#3255=DIRECTION('',(0.E0,-1.E0,0.E0));
#3256=VECTOR('',#3255,1.6E-2);
#3257=CARTESIAN_POINT('',(8.7E-2,1.69E-1,-1.66E-1));
#3258=LINE('',#3257,#3256);
#3259=DIRECTION('',(0.E0,0.E0,-1.E0));
#3260=VECTOR('',#3259,6.8E-2);
#3261=CARTESIAN_POINT('',(8.7E-2,1.69E-1,-1.66E-1));
#3262=LINE('',#3261,#3260);
#3263=DIRECTION('',(0.E0,-1.E0,0.E0));
#3264=VECTOR('',#3263,1.6E-2);
#3265=CARTESIAN_POINT('',(8.7E-2,1.69E-1,-2.34E-1));
#3266=LINE('',#3265,#3264);
#3267=DIRECTION('',(0.E0,1.E0,0.E0));
#3268=VECTOR('',#3267,3.954105316101E-2);
#3269=CARTESIAN_POINT('',(1.45E-1,2.9E-2,-1.66E-1));
#3270=LINE('',#3269,#3268);
#3271=DIRECTION('',(-5.E-1,8.660254037844E-1,0.E0));
#3272=VECTOR('',#3271,1.16E-1);
#3273=CARTESIAN_POINT('',(1.45E-1,6.854105316101E-2,-1.66E-1));
#3274=LINE('',#3273,#3272);
#3275=CARTESIAN_POINT('',(5.785786437627E-2,1.48E-1,-1.66E-1));
#3276=DIRECTION('',(0.E0,0.E0,-1.E0));
#3277=DIRECTION('',(9.428090415821E-1,3.333333333333E-1,0.E0));
#3278=AXIS2_PLACEMENT_3D('',#3275,#3276,#3277);
#3280=CARTESIAN_POINT('',(1.599531660128E-3,5.E-2,-1.66E-1));
#3281=DIRECTION('',(0.E0,0.E0,1.E0));
#3282=DIRECTION('',(4.978613514703E-1,8.672566371681E-1,0.E0));
#3283=AXIS2_PLACEMENT_3D('',#3280,#3281,#3282);
#3285=DIRECTION('',(-1.E0,0.E0,0.E0));
#3286=VECTOR('',#3285,1.105995316601E-1);
#3287=CARTESIAN_POINT('',(1.599531660128E-3,1.48E-1,-1.66E-1));
#3288=LINE('',#3287,#3286);
#3289=CARTESIAN_POINT('',(-1.09E-1,1.28E-1,-1.66E-1));
#3290=DIRECTION('',(0.E0,0.E0,1.E0));
#3291=DIRECTION('',(0.E0,1.E0,0.E0));
#3292=AXIS2_PLACEMENT_3D('',#3289,#3290,#3291);
#3294=DIRECTION('',(0.E0,-1.E0,0.E0));
#3295=VECTOR('',#3294,1.28E-1);
#3296=CARTESIAN_POINT('',(-1.29E-1,1.28E-1,-1.66E-1));
#3297=LINE('',#3296,#3295);
#3298=DIRECTION('',(1.E0,0.E0,0.E0));
#3299=VECTOR('',#3298,6.4E-2);
#3300=CARTESIAN_POINT('',(-1.29E-1,0.E0,-1.66E-1));
#3301=LINE('',#3300,#3299);
#3302=DIRECTION('',(0.E0,1.E0,0.E0));
#3303=VECTOR('',#3302,5.E-2);
#3304=CARTESIAN_POINT('',(-6.5E-2,0.E0,-1.66E-1));
#3305=LINE('',#3304,#3303);
#3306=CARTESIAN_POINT('',(0.E0,5.E-2,-1.66E-1));
#3307=DIRECTION('',(0.E0,0.E0,-1.E0));
#3308=DIRECTION('',(-1.E0,0.E0,0.E0));
#3309=AXIS2_PLACEMENT_3D('',#3306,#3307,#3308);
#3311=DIRECTION('',(0.E0,-1.E0,0.E0));
#3312=VECTOR('',#3311,5.E-2);
#3313=CARTESIAN_POINT('',(6.5E-2,5.E-2,-1.66E-1));
#3314=LINE('',#3313,#3312);
#3315=DIRECTION('',(1.E0,0.E0,0.E0));
#3316=VECTOR('',#3315,2.8E-2);
#3317=CARTESIAN_POINT('',(6.5E-2,0.E0,-1.66E-1));
#3318=LINE('',#3317,#3316);
#3319=DIRECTION('',(0.E0,1.E0,0.E0));
#3320=VECTOR('',#3319,2.9E-2);
#3321=CARTESIAN_POINT('',(9.3E-2,0.E0,-1.66E-1));
#3322=LINE('',#3321,#3320);
#3323=DIRECTION('',(0.E0,0.E0,-1.E0));
#3324=VECTOR('',#3323,3.2E-2);
#3325=CARTESIAN_POINT('',(1.45E-1,6.854105316101E-2,-1.34E-1));
#3326=LINE('',#3325,#3324);
#3327=DIRECTION('',(0.E0,-1.E0,0.E0));
#3328=VECTOR('',#3327,2.9E-2);
#3329=CARTESIAN_POINT('',(9.3E-2,2.9E-2,-2.34E-1));
#3330=LINE('',#3329,#3328);
#3331=DIRECTION('',(-1.E0,0.E0,0.E0));
#3332=VECTOR('',#3331,2.8E-2);
#3333=CARTESIAN_POINT('',(9.3E-2,0.E0,-2.34E-1));
#3334=LINE('',#3333,#3332);
#3335=DIRECTION('',(0.E0,1.E0,0.E0));
#3336=VECTOR('',#3335,5.E-2);
#3337=CARTESIAN_POINT('',(6.5E-2,0.E0,-2.34E-1));
#3338=LINE('',#3337,#3336);
#3339=CARTESIAN_POINT('',(0.E0,5.E-2,-2.34E-1));
#3340=DIRECTION('',(0.E0,0.E0,1.E0));
#3341=DIRECTION('',(1.E0,0.E0,0.E0));
#3342=AXIS2_PLACEMENT_3D('',#3339,#3340,#3341);
#3344=DIRECTION('',(0.E0,-1.E0,0.E0));
#3345=VECTOR('',#3344,5.E-2);
#3346=CARTESIAN_POINT('',(-6.5E-2,5.E-2,-2.34E-1));
#3347=LINE('',#3346,#3345);
#3348=DIRECTION('',(-1.E0,0.E0,0.E0));
#3349=VECTOR('',#3348,6.4E-2);
#3350=CARTESIAN_POINT('',(-6.5E-2,0.E0,-2.34E-1));
#3351=LINE('',#3350,#3349);
#3352=DIRECTION('',(0.E0,1.E0,0.E0));
#3353=VECTOR('',#3352,1.28E-1);
#3354=CARTESIAN_POINT('',(-1.29E-1,0.E0,-2.34E-1));
#3355=LINE('',#3354,#3353);
#3356=CARTESIAN_POINT('',(-1.09E-1,1.28E-1,-2.34E-1));
#3357=DIRECTION('',(0.E0,0.E0,-1.E0));
#3358=DIRECTION('',(-1.E0,0.E0,0.E0));
#3359=AXIS2_PLACEMENT_3D('',#3356,#3357,#3358);
#3361=DIRECTION('',(1.E0,0.E0,0.E0));
#3362=VECTOR('',#3361,1.105995316601E-1);
#3363=CARTESIAN_POINT('',(-1.09E-1,1.48E-1,-2.34E-1));
#3364=LINE('',#3363,#3362);
#3365=CARTESIAN_POINT('',(1.599531660128E-3,5.E-2,-2.34E-1));
#3366=DIRECTION('',(0.E0,0.E0,-1.E0));
#3367=DIRECTION('',(0.E0,1.E0,0.E0));
#3368=AXIS2_PLACEMENT_3D('',#3365,#3366,#3367);
#3370=CARTESIAN_POINT('',(5.785786437627E-2,1.48E-1,-2.34E-1));
#3371=DIRECTION('',(0.E0,0.E0,1.E0));
#3372=DIRECTION('',(-4.978613514703E-1,-8.672566371681E-1,0.E0));
#3373=AXIS2_PLACEMENT_3D('',#3370,#3371,#3372);
#3375=DIRECTION('',(-5.E-1,8.660254037844E-1,0.E0));
#3376=VECTOR('',#3375,1.16E-1);
#3377=CARTESIAN_POINT('',(1.45E-1,6.854105316101E-2,-2.34E-1));
#3378=LINE('',#3377,#3376);
#3379=DIRECTION('',(0.E0,1.E0,0.E0));
#3380=VECTOR('',#3379,3.954105316101E-2);
#3381=CARTESIAN_POINT('',(1.45E-1,2.9E-2,-2.34E-1));
#3382=LINE('',#3381,#3380);
#3383=DIRECTION('',(0.E0,0.E0,1.E0));
#3384=VECTOR('',#3383,3.2E-2);
#3385=CARTESIAN_POINT('',(1.45E-1,6.854105316101E-2,-2.66E-1));
#3386=LINE('',#3385,#3384);
#3387=DIRECTION('',(0.E0,0.E0,1.E0));
#3388=VECTOR('',#3387,5.6E-2);
#3389=CARTESIAN_POINT('',(1.45E-1,6.854105316101E-2,-3.9E-1));
#3390=LINE('',#3389,#3388);
#3391=DIRECTION('',(0.E0,0.E0,-1.E0));
#3392=VECTOR('',#3391,5.6E-2);
#3393=CARTESIAN_POINT('',(8.7E-2,1.69E-1,-3.34E-1));
#3394=LINE('',#3393,#3392);
#3395=DIRECTION('',(0.E0,0.E0,1.E0));
#3396=VECTOR('',#3395,4.8E-1);
#3397=CARTESIAN_POINT('',(-1.75E-1,1.69E-1,-3.9E-1));
#3398=LINE('',#3397,#3396);
#3399=DIRECTION('',(0.E0,0.E0,-1.E0));
#3400=VECTOR('',#3399,4.8E-1);
#3401=CARTESIAN_POINT('',(-1.9E-1,1.54E-1,9.E-2));
#3402=LINE('',#3401,#3400);
#3403=DIRECTION('',(0.E0,0.E0,-1.E0));
#3404=VECTOR('',#3403,4.8E-1);
#3405=CARTESIAN_POINT('',(-1.9E-1,-1.11E-1,9.E-2));
#3406=LINE('',#3405,#3404);
#3407=DIRECTION('',(0.E0,1.E0,0.E0));
#3408=VECTOR('',#3407,3.954105316101E-2);
#3409=CARTESIAN_POINT('',(1.45E-1,2.9E-2,3.4E-2));
#3410=LINE('',#3409,#3408);
#3411=DIRECTION('',(-5.E-1,8.660254037844E-1,0.E0));
#3412=VECTOR('',#3411,1.16E-1);
#3413=CARTESIAN_POINT('',(1.45E-1,6.854105316101E-2,3.4E-2));
#3414=LINE('',#3413,#3412);
#3415=CARTESIAN_POINT('',(5.785786437627E-2,1.48E-1,3.4E-2));
#3416=DIRECTION('',(0.E0,0.E0,-1.E0));
#3417=DIRECTION('',(9.428090415821E-1,3.333333333333E-1,0.E0));
#3418=AXIS2_PLACEMENT_3D('',#3415,#3416,#3417);
#3420=CARTESIAN_POINT('',(1.599531660128E-3,5.E-2,3.4E-2));
#3421=DIRECTION('',(0.E0,0.E0,1.E0));
#3422=DIRECTION('',(4.978613514703E-1,8.672566371681E-1,0.E0));
#3423=AXIS2_PLACEMENT_3D('',#3420,#3421,#3422);
#3425=DIRECTION('',(-1.E0,0.E0,0.E0));
#3426=VECTOR('',#3425,1.105995316601E-1);
#3427=CARTESIAN_POINT('',(1.599531660128E-3,1.48E-1,3.4E-2));
#3428=LINE('',#3427,#3426);
#3429=CARTESIAN_POINT('',(-1.09E-1,1.28E-1,3.4E-2));
#3430=DIRECTION('',(0.E0,0.E0,1.E0));
#3431=DIRECTION('',(0.E0,1.E0,0.E0));
#3432=AXIS2_PLACEMENT_3D('',#3429,#3430,#3431);
#3434=DIRECTION('',(0.E0,-1.E0,0.E0));
#3435=VECTOR('',#3434,1.28E-1);
#3436=CARTESIAN_POINT('',(-1.29E-1,1.28E-1,3.4E-2));
#3437=LINE('',#3436,#3435);
#3438=DIRECTION('',(1.E0,0.E0,0.E0));
#3439=VECTOR('',#3438,6.4E-2);
#3440=CARTESIAN_POINT('',(-1.29E-1,0.E0,3.4E-2));
#3441=LINE('',#3440,#3439);
#3442=DIRECTION('',(0.E0,1.E0,0.E0));
#3443=VECTOR('',#3442,5.E-2);
#3444=CARTESIAN_POINT('',(-6.5E-2,0.E0,3.4E-2));
#3445=LINE('',#3444,#3443);
#3446=CARTESIAN_POINT('',(0.E0,5.E-2,3.4E-2));
#3447=DIRECTION('',(0.E0,0.E0,-1.E0));
#3448=DIRECTION('',(-1.E0,0.E0,0.E0));
#3449=AXIS2_PLACEMENT_3D('',#3446,#3447,#3448);
#3451=DIRECTION('',(0.E0,-1.E0,0.E0));
#3452=VECTOR('',#3451,5.E-2);
#3453=CARTESIAN_POINT('',(6.5E-2,5.E-2,3.4E-2));
#3454=LINE('',#3453,#3452);
#3455=DIRECTION('',(1.E0,0.E0,0.E0));
#3456=VECTOR('',#3455,2.8E-2);
#3457=CARTESIAN_POINT('',(6.5E-2,0.E0,3.4E-2));
#3458=LINE('',#3457,#3456);
#3459=DIRECTION('',(0.E0,1.E0,0.E0));
#3460=VECTOR('',#3459,2.9E-2);
#3461=CARTESIAN_POINT('',(9.3E-2,0.E0,3.4E-2));
#3462=LINE('',#3461,#3460);
#3463=CARTESIAN_POINT('',(1.9E-1,-1.11E-1,-3.9E-1));
#3464=CARTESIAN_POINT('',(1.9E-1,-1.6E-2,-3.9E-1));
#3465=VERTEX_POINT('',#3463);
#3466=VERTEX_POINT('',#3464);
#3467=CARTESIAN_POINT('',(1.45E-1,2.9E-2,-3.9E-1));
#3468=VERTEX_POINT('',#3467);
#3469=CARTESIAN_POINT('',(1.45E-1,6.854105316101E-2,-3.9E-1));
#3470=VERTEX_POINT('',#3469);
#3471=CARTESIAN_POINT('',(8.7E-2,1.69E-1,-3.9E-1));
#3472=VERTEX_POINT('',#3471);
#3473=CARTESIAN_POINT('',(-1.75E-1,1.69E-1,-3.9E-1));
#3474=VERTEX_POINT('',#3473);
#3475=CARTESIAN_POINT('',(-1.9E-1,1.54E-1,-3.9E-1));
#3476=VERTEX_POINT('',#3475);
#3477=CARTESIAN_POINT('',(-1.9E-1,-1.11E-1,-3.9E-1));
#3478=VERTEX_POINT('',#3477);
#3479=CARTESIAN_POINT('',(1.7E-1,-1.11E-1,-3.685E-1));
#3480=CARTESIAN_POINT('',(1.7E-1,-8.6E-2,-3.685E-1));
#3481=VERTEX_POINT('',#3479);
#3482=VERTEX_POINT('',#3480);
#3483=CARTESIAN_POINT('',(-1.7E-1,-8.6E-2,-3.685E-1));
#3484=CARTESIAN_POINT('',(-1.7E-1,-1.11E-1,-3.685E-1));
#3485=VERTEX_POINT('',#3483);
#3486=VERTEX_POINT('',#3484);
#3487=CARTESIAN_POINT('',(-6.5E-2,0.E0,-3.34E-1));
#3488=CARTESIAN_POINT('',(-6.5E-2,5.E-2,-3.34E-1));
#3489=VERTEX_POINT('',#3487);
#3490=VERTEX_POINT('',#3488);
#3491=CARTESIAN_POINT('',(6.5E-2,5.E-2,-3.34E-1));
#3492=VERTEX_POINT('',#3491);
#3493=CARTESIAN_POINT('',(6.5E-2,0.E0,-3.34E-1));
#3494=VERTEX_POINT('',#3493);
#3495=CARTESIAN_POINT('',(9.3E-2,2.9E-2,-3.34E-1));
#3496=CARTESIAN_POINT('',(1.45E-1,2.9E-2,-3.34E-1));
#3497=VERTEX_POINT('',#3495);
#3498=VERTEX_POINT('',#3496);
#3499=CARTESIAN_POINT('',(9.3E-2,0.E0,-3.34E-1));
#3500=VERTEX_POINT('',#3499);
#3501=CARTESIAN_POINT('',(8.7E-2,1.69E-1,-3.34E-1));
#3502=CARTESIAN_POINT('',(8.7E-2,1.53E-1,-3.34E-1));
#3503=VERTEX_POINT('',#3501);
#3504=VERTEX_POINT('',#3502);
#3505=CARTESIAN_POINT('',(7.2E-2,1.53E-1,-3.34E-1));
#3506=VERTEX_POINT('',#3505);
#3507=CARTESIAN_POINT('',(5.038994410421E-2,1.349911504425E-1,-3.34E-1));
#3508=VERTEX_POINT('',#3507);
#3509=CARTESIAN_POINT('',(1.599531660128E-3,1.48E-1,-3.34E-1));
#3510=CARTESIAN_POINT('',(-1.09E-1,1.48E-1,-3.34E-1));
#3511=VERTEX_POINT('',#3509);
#3512=VERTEX_POINT('',#3510);
#3513=CARTESIAN_POINT('',(-1.29E-1,1.28E-1,-3.34E-1));
#3514=CARTESIAN_POINT('',(-1.29E-1,0.E0,-3.34E-1));
#3515=VERTEX_POINT('',#3513);
#3516=VERTEX_POINT('',#3514);
#3517=CARTESIAN_POINT('',(1.45E-1,6.854105316101E-2,-3.34E-1));
#3518=VERTEX_POINT('',#3517);
#3519=CARTESIAN_POINT('',(-6.5E-2,0.E0,-2.66E-1));
#3520=CARTESIAN_POINT('',(-6.5E-2,5.E-2,-2.66E-1));
#3521=VERTEX_POINT('',#3519);
#3522=VERTEX_POINT('',#3520);
#3523=CARTESIAN_POINT('',(6.5E-2,5.E-2,-2.66E-1));
#3524=VERTEX_POINT('',#3523);
#3525=CARTESIAN_POINT('',(6.5E-2,0.E0,-2.66E-1));
#3526=VERTEX_POINT('',#3525);
#3527=CARTESIAN_POINT('',(-6.5E-2,0.E0,-2.34E-1));
#3528=CARTESIAN_POINT('',(-6.5E-2,5.E-2,-2.34E-1));
#3529=VERTEX_POINT('',#3527);
#3530=VERTEX_POINT('',#3528);
#3531=CARTESIAN_POINT('',(6.5E-2,5.E-2,-2.34E-1));
#3532=VERTEX_POINT('',#3531);
#3533=CARTESIAN_POINT('',(6.5E-2,0.E0,-2.34E-1));
#3534=VERTEX_POINT('',#3533);
#3535=CARTESIAN_POINT('',(1.45E-1,6.854105316101E-2,-2.66E-1));
#3536=CARTESIAN_POINT('',(1.45E-1,6.854105316101E-2,-2.34E-1));
#3537=VERTEX_POINT('',#3535);
#3538=VERTEX_POINT('',#3536);
#3539=CARTESIAN_POINT('',(9.3E-2,2.9E-2,-2.66E-1));
#3540=CARTESIAN_POINT('',(1.45E-1,2.9E-2,-2.66E-1));
#3541=VERTEX_POINT('',#3539);
#3542=VERTEX_POINT('',#3540);
#3543=CARTESIAN_POINT('',(9.3E-2,2.9E-2,-2.34E-1));
#3544=CARTESIAN_POINT('',(1.45E-1,2.9E-2,-2.34E-1));
#3545=VERTEX_POINT('',#3543);
#3546=VERTEX_POINT('',#3544);
#3547=CARTESIAN_POINT('',(9.3E-2,0.E0,-2.66E-1));
#3548=VERTEX_POINT('',#3547);
#3549=CARTESIAN_POINT('',(9.3E-2,0.E0,-2.34E-1));
#3550=VERTEX_POINT('',#3549);
#3551=CARTESIAN_POINT('',(8.7E-2,1.69E-1,-2.66E-1));
#3552=CARTESIAN_POINT('',(8.7E-2,1.53E-1,-2.66E-1));
#3553=VERTEX_POINT('',#3551);
#3554=VERTEX_POINT('',#3552);
#3555=CARTESIAN_POINT('',(8.7E-2,1.69E-1,-2.34E-1));
#3556=CARTESIAN_POINT('',(8.7E-2,1.53E-1,-2.34E-1));
#3557=VERTEX_POINT('',#3555);
#3558=VERTEX_POINT('',#3556);
#3559=CARTESIAN_POINT('',(7.2E-2,1.53E-1,-2.66E-1));
#3560=VERTEX_POINT('',#3559);
#3561=CARTESIAN_POINT('',(7.2E-2,1.53E-1,-2.34E-1));
#3562=VERTEX_POINT('',#3561);
#3563=CARTESIAN_POINT('',(5.038994410421E-2,1.349911504425E-1,-2.66E-1));
#3564=VERTEX_POINT('',#3563);
#3565=CARTESIAN_POINT('',(5.038994410421E-2,1.349911504425E-1,-2.34E-1));
#3566=VERTEX_POINT('',#3565);
#3567=CARTESIAN_POINT('',(1.599531660128E-3,1.48E-1,-2.66E-1));
#3568=CARTESIAN_POINT('',(-1.09E-1,1.48E-1,-2.66E-1));
#3569=VERTEX_POINT('',#3567);
#3570=VERTEX_POINT('',#3568);
#3571=CARTESIAN_POINT('',(1.599531660128E-3,1.48E-1,-2.34E-1));
#3572=CARTESIAN_POINT('',(-1.09E-1,1.48E-1,-2.34E-1));
#3573=VERTEX_POINT('',#3571);
#3574=VERTEX_POINT('',#3572);
#3575=CARTESIAN_POINT('',(-1.29E-1,1.28E-1,-2.66E-1));
#3576=CARTESIAN_POINT('',(-1.29E-1,0.E0,-2.66E-1));
#3577=VERTEX_POINT('',#3575);
#3578=VERTEX_POINT('',#3576);
#3579=CARTESIAN_POINT('',(-1.29E-1,1.28E-1,-2.34E-1));
#3580=CARTESIAN_POINT('',(-1.29E-1,0.E0,-2.34E-1));
#3581=VERTEX_POINT('',#3579);
#3582=VERTEX_POINT('',#3580);
#3583=CARTESIAN_POINT('',(-6.5E-2,0.E0,-1.34E-1));
#3584=CARTESIAN_POINT('',(-6.5E-2,5.E-2,-1.34E-1));
#3585=VERTEX_POINT('',#3583);
#3586=VERTEX_POINT('',#3584);
#3587=CARTESIAN_POINT('',(6.5E-2,5.E-2,-1.34E-1));
#3588=VERTEX_POINT('',#3587);
#3589=CARTESIAN_POINT('',(6.5E-2,0.E0,-1.34E-1));
#3590=VERTEX_POINT('',#3589);
#3591=CARTESIAN_POINT('',(-6.5E-2,0.E0,-1.66E-1));
#3592=CARTESIAN_POINT('',(-6.5E-2,5.E-2,-1.66E-1));
#3593=VERTEX_POINT('',#3591);
#3594=VERTEX_POINT('',#3592);
#3595=CARTESIAN_POINT('',(6.5E-2,5.E-2,-1.66E-1));
#3596=VERTEX_POINT('',#3595);
#3597=CARTESIAN_POINT('',(6.5E-2,0.E0,-1.66E-1));
#3598=VERTEX_POINT('',#3597);
#3599=CARTESIAN_POINT('',(1.45E-1,6.854105316101E-2,-1.34E-1));
#3600=CARTESIAN_POINT('',(1.45E-1,6.854105316101E-2,-1.66E-1));
#3601=VERTEX_POINT('',#3599);
#3602=VERTEX_POINT('',#3600);
#3603=CARTESIAN_POINT('',(9.3E-2,2.9E-2,-1.66E-1));
#3604=CARTESIAN_POINT('',(1.45E-1,2.9E-2,-1.66E-1));
#3605=VERTEX_POINT('',#3603);
#3606=VERTEX_POINT('',#3604);
#3607=CARTESIAN_POINT('',(9.3E-2,0.E0,-1.66E-1));
#3608=VERTEX_POINT('',#3607);
#3609=CARTESIAN_POINT('',(8.7E-2,1.69E-1,-1.66E-1));
#3610=CARTESIAN_POINT('',(8.7E-2,1.53E-1,-1.66E-1));
#3611=VERTEX_POINT('',#3609);
#3612=VERTEX_POINT('',#3610);
#3613=CARTESIAN_POINT('',(7.2E-2,1.53E-1,-1.66E-1));
#3614=VERTEX_POINT('',#3613);
#3615=CARTESIAN_POINT('',(5.038994410421E-2,1.349911504425E-1,-1.66E-1));
#3616=VERTEX_POINT('',#3615);
#3617=CARTESIAN_POINT('',(1.599531660128E-3,1.48E-1,-1.66E-1));
#3618=CARTESIAN_POINT('',(-1.09E-1,1.48E-1,-1.66E-1));
#3619=VERTEX_POINT('',#3617);
#3620=VERTEX_POINT('',#3618);
#3621=CARTESIAN_POINT('',(-1.29E-1,1.28E-1,-1.66E-1));
#3622=CARTESIAN_POINT('',(-1.29E-1,0.E0,-1.66E-1));
#3623=VERTEX_POINT('',#3621);
#3624=VERTEX_POINT('',#3622);
#3625=CARTESIAN_POINT('',(-6.5E-2,0.E0,-6.6E-2));
#3626=CARTESIAN_POINT('',(-6.5E-2,5.E-2,-6.6E-2));
#3627=VERTEX_POINT('',#3625);
#3628=VERTEX_POINT('',#3626);
#3629=CARTESIAN_POINT('',(6.5E-2,5.E-2,-6.6E-2));
#3630=VERTEX_POINT('',#3629);
#3631=CARTESIAN_POINT('',(6.5E-2,0.E0,-6.6E-2));
#3632=VERTEX_POINT('',#3631);
#3633=CARTESIAN_POINT('',(-6.5E-2,0.E0,-3.4E-2));
#3634=CARTESIAN_POINT('',(-6.5E-2,5.E-2,-3.4E-2));
#3635=VERTEX_POINT('',#3633);
#3636=VERTEX_POINT('',#3634);
#3637=CARTESIAN_POINT('',(6.5E-2,5.E-2,-3.4E-2));
#3638=VERTEX_POINT('',#3637);
#3639=CARTESIAN_POINT('',(6.5E-2,0.E0,-3.4E-2));
#3640=VERTEX_POINT('',#3639);
#3641=CARTESIAN_POINT('',(1.45E-1,6.854105316101E-2,-6.6E-2));
#3642=CARTESIAN_POINT('',(1.45E-1,6.854105316101E-2,-3.4E-2));
#3643=VERTEX_POINT('',#3641);
#3644=VERTEX_POINT('',#3642);
#3645=CARTESIAN_POINT('',(1.41E-1,-8.6E-2,-3.685E-1));
#3646=CARTESIAN_POINT('',(1.41E-1,0.E0,-3.685E-1));
#3647=VERTEX_POINT('',#3645);
#3648=VERTEX_POINT('',#3646);
#3649=CARTESIAN_POINT('',(-1.41E-1,0.E0,-3.685E-1));
#3650=CARTESIAN_POINT('',(-1.41E-1,-8.6E-2,-3.685E-1));
#3651=VERTEX_POINT('',#3649);
#3652=VERTEX_POINT('',#3650);
#3653=CARTESIAN_POINT('',(6.5E-2,-1.36E-1,-3.685E-1));
#3654=CARTESIAN_POINT('',(6.5E-2,-1.36E-1,-3.9E-1));
#3655=VERTEX_POINT('',#3653);
#3656=VERTEX_POINT('',#3654);
#3657=CARTESIAN_POINT('',(1.15E-1,-1.36E-1,-3.9E-1));
#3658=VERTEX_POINT('',#3657);
#3659=CARTESIAN_POINT('',(1.15E-1,-1.36E-1,-3.685E-1));
#3660=VERTEX_POINT('',#3659);
#3661=CARTESIAN_POINT('',(6.5E-2,-1.11E-1,-3.9E-1));
#3662=CARTESIAN_POINT('',(6.5E-2,-1.11E-1,-3.685E-1));
#3663=VERTEX_POINT('',#3661);
#3664=VERTEX_POINT('',#3662);
#3665=CARTESIAN_POINT('',(1.15E-1,-1.11E-1,-3.9E-1));
#3666=CARTESIAN_POINT('',(1.15E-1,-1.11E-1,-3.685E-1));
#3667=VERTEX_POINT('',#3665);
#3668=VERTEX_POINT('',#3666);
#3669=CARTESIAN_POINT('',(-6.5E-2,-1.36E-1,-3.685E-1));
#3670=CARTESIAN_POINT('',(-6.5E-2,-1.36E-1,-3.9E-1));
#3671=VERTEX_POINT('',#3669);
#3672=VERTEX_POINT('',#3670);
#3673=CARTESIAN_POINT('',(-1.15E-1,-1.36E-1,-3.9E-1));
#3674=VERTEX_POINT('',#3673);
#3675=CARTESIAN_POINT('',(-1.15E-1,-1.36E-1,-3.685E-1));
#3676=VERTEX_POINT('',#3675);
#3677=CARTESIAN_POINT('',(-6.5E-2,-1.11E-1,-3.9E-1));
#3678=CARTESIAN_POINT('',(-6.5E-2,-1.11E-1,-3.685E-1));
#3679=VERTEX_POINT('',#3677);
#3680=VERTEX_POINT('',#3678);
#3681=CARTESIAN_POINT('',(-1.15E-1,-1.11E-1,-3.9E-1));
#3682=CARTESIAN_POINT('',(-1.15E-1,-1.11E-1,-3.685E-1));
#3683=VERTEX_POINT('',#3681);
#3684=VERTEX_POINT('',#3682);
#3685=CARTESIAN_POINT('',(1.7E-1,-1.11E-1,-3.204939015319E-1));
#3686=VERTEX_POINT('',#3685);
#3687=CARTESIAN_POINT('',(1.7E-1,-1.11E-1,-2.795060984681E-1));
#3688=VERTEX_POINT('',#3687);
#3689=CARTESIAN_POINT('',(-1.7E-1,-1.11E-1,-3.204939015319E-1));
#3690=VERTEX_POINT('',#3689);
#3691=CARTESIAN_POINT('',(-1.7E-1,-1.11E-1,-2.795060984681E-1));
#3692=VERTEX_POINT('',#3691);
#3693=CARTESIAN_POINT('',(1.9E-1,-1.11E-1,9.E-2));
#3694=CARTESIAN_POINT('',(1.9E-1,-1.6E-2,9.E-2));
#3695=VERTEX_POINT('',#3693);
#3696=VERTEX_POINT('',#3694);
#3697=CARTESIAN_POINT('',(1.45E-1,2.9E-2,9.E-2));
#3698=VERTEX_POINT('',#3697);
#3699=CARTESIAN_POINT('',(1.45E-1,6.854105316101E-2,9.E-2));
#3700=VERTEX_POINT('',#3699);
#3701=CARTESIAN_POINT('',(8.7E-2,1.69E-1,9.E-2));
#3702=VERTEX_POINT('',#3701);
#3703=CARTESIAN_POINT('',(-1.75E-1,1.69E-1,9.E-2));
#3704=VERTEX_POINT('',#3703);
#3705=CARTESIAN_POINT('',(-1.9E-1,1.54E-1,9.E-2));
#3706=VERTEX_POINT('',#3705);
#3707=CARTESIAN_POINT('',(-1.9E-1,-1.11E-1,9.E-2));
#3708=VERTEX_POINT('',#3707);
#3709=CARTESIAN_POINT('',(1.7E-1,-1.11E-1,6.85E-2));
#3710=CARTESIAN_POINT('',(1.7E-1,-8.6E-2,6.85E-2));
#3711=VERTEX_POINT('',#3709);
#3712=VERTEX_POINT('',#3710);
#3713=CARTESIAN_POINT('',(-1.7E-1,-8.6E-2,6.85E-2));
#3714=CARTESIAN_POINT('',(-1.7E-1,-1.11E-1,6.85E-2));
#3715=VERTEX_POINT('',#3713);
#3716=VERTEX_POINT('',#3714);
#3717=CARTESIAN_POINT('',(-6.5E-2,0.E0,3.4E-2));
#3718=CARTESIAN_POINT('',(-6.5E-2,5.E-2,3.4E-2));
#3719=VERTEX_POINT('',#3717);
#3720=VERTEX_POINT('',#3718);
#3721=CARTESIAN_POINT('',(6.5E-2,5.E-2,3.4E-2));
#3722=VERTEX_POINT('',#3721);
#3723=CARTESIAN_POINT('',(6.5E-2,0.E0,3.4E-2));
#3724=VERTEX_POINT('',#3723);
#3725=CARTESIAN_POINT('',(9.3E-2,2.9E-2,3.4E-2));
#3726=CARTESIAN_POINT('',(1.45E-1,2.9E-2,3.4E-2));
#3727=VERTEX_POINT('',#3725);
#3728=VERTEX_POINT('',#3726);
#3729=CARTESIAN_POINT('',(9.3E-2,0.E0,3.4E-2));
#3730=VERTEX_POINT('',#3729);
#3731=CARTESIAN_POINT('',(8.7E-2,1.69E-1,3.4E-2));
#3732=CARTESIAN_POINT('',(8.7E-2,1.53E-1,3.4E-2));
#3733=VERTEX_POINT('',#3731);
#3734=VERTEX_POINT('',#3732);
#3735=CARTESIAN_POINT('',(7.2E-2,1.53E-1,3.4E-2));
#3736=VERTEX_POINT('',#3735);
#3737=CARTESIAN_POINT('',(5.038994410421E-2,1.349911504425E-1,3.4E-2));
#3738=VERTEX_POINT('',#3737);
#3739=CARTESIAN_POINT('',(1.599531660128E-3,1.48E-1,3.4E-2));
#3740=CARTESIAN_POINT('',(-1.09E-1,1.48E-1,3.4E-2));
#3741=VERTEX_POINT('',#3739);
#3742=VERTEX_POINT('',#3740);
#3743=CARTESIAN_POINT('',(-1.29E-1,1.28E-1,3.4E-2));
#3744=CARTESIAN_POINT('',(-1.29E-1,0.E0,3.4E-2));
#3745=VERTEX_POINT('',#3743);
#3746=VERTEX_POINT('',#3744);
#3747=CARTESIAN_POINT('',(1.45E-1,6.854105316101E-2,3.4E-2));
#3748=VERTEX_POINT('',#3747);
#3749=CARTESIAN_POINT('',(1.41E-1,-8.6E-2,6.85E-2));
#3750=CARTESIAN_POINT('',(1.41E-1,0.E0,6.85E-2));
#3751=VERTEX_POINT('',#3749);
#3752=VERTEX_POINT('',#3750);
#3753=CARTESIAN_POINT('',(-1.41E-1,0.E0,6.85E-2));
#3754=CARTESIAN_POINT('',(-1.41E-1,-8.6E-2,6.85E-2));
#3755=VERTEX_POINT('',#3753);
#3756=VERTEX_POINT('',#3754);
#3757=CARTESIAN_POINT('',(6.5E-2,-1.36E-1,6.85E-2));
#3758=CARTESIAN_POINT('',(6.5E-2,-1.36E-1,9.E-2));
#3759=VERTEX_POINT('',#3757);
#3760=VERTEX_POINT('',#3758);
#3761=CARTESIAN_POINT('',(1.15E-1,-1.36E-1,9.E-2));
#3762=VERTEX_POINT('',#3761);
#3763=CARTESIAN_POINT('',(1.15E-1,-1.36E-1,6.85E-2));
#3764=VERTEX_POINT('',#3763);
#3765=CARTESIAN_POINT('',(6.5E-2,-1.11E-1,9.E-2));
#3766=CARTESIAN_POINT('',(6.5E-2,-1.11E-1,6.85E-2));
#3767=VERTEX_POINT('',#3765);
#3768=VERTEX_POINT('',#3766);
#3769=CARTESIAN_POINT('',(1.15E-1,-1.11E-1,9.E-2));
#3770=CARTESIAN_POINT('',(1.15E-1,-1.11E-1,6.85E-2));
#3771=VERTEX_POINT('',#3769);
#3772=VERTEX_POINT('',#3770);
#3773=CARTESIAN_POINT('',(-6.5E-2,-1.36E-1,6.85E-2));
#3774=CARTESIAN_POINT('',(-6.5E-2,-1.36E-1,9.E-2));
#3775=VERTEX_POINT('',#3773);
#3776=VERTEX_POINT('',#3774);
#3777=CARTESIAN_POINT('',(-1.15E-1,-1.36E-1,9.E-2));
#3778=VERTEX_POINT('',#3777);
#3779=CARTESIAN_POINT('',(-1.15E-1,-1.36E-1,6.85E-2));
#3780=VERTEX_POINT('',#3779);
#3781=CARTESIAN_POINT('',(-6.5E-2,-1.11E-1,9.E-2));
#3782=CARTESIAN_POINT('',(-6.5E-2,-1.11E-1,6.85E-2));
#3783=VERTEX_POINT('',#3781);
#3784=VERTEX_POINT('',#3782);
#3785=CARTESIAN_POINT('',(-1.15E-1,-1.11E-1,9.E-2));
#3786=CARTESIAN_POINT('',(-1.15E-1,-1.11E-1,6.85E-2));
#3787=VERTEX_POINT('',#3785);
#3788=VERTEX_POINT('',#3786);
#3789=CARTESIAN_POINT('',(1.7E-1,-1.11E-1,2.049390153192E-2));
#3790=VERTEX_POINT('',#3789);
#3791=CARTESIAN_POINT('',(1.7E-1,-1.11E-1,-2.049390153192E-2));
#3792=VERTEX_POINT('',#3791);
#3793=CARTESIAN_POINT('',(-1.7E-1,-1.11E-1,2.049390153192E-2));
#3794=VERTEX_POINT('',#3793);
#3795=CARTESIAN_POINT('',(-1.7E-1,-1.11E-1,-2.049390153192E-2));
#3796=VERTEX_POINT('',#3795);
#3797=CARTESIAN_POINT('',(8.7E-2,1.69E-1,-1.34E-1));
#3798=CARTESIAN_POINT('',(8.7E-2,1.53E-1,-1.34E-1));
#3799=VERTEX_POINT('',#3797);
#3800=VERTEX_POINT('',#3798);
#3801=CARTESIAN_POINT('',(7.2E-2,1.53E-1,-1.34E-1));
#3802=VERTEX_POINT('',#3801);
#3803=CARTESIAN_POINT('',(5.038994410421E-2,1.349911504425E-1,-1.34E-1));
#3804=VERTEX_POINT('',#3803);
#3805=CARTESIAN_POINT('',(1.599531660128E-3,1.48E-1,-1.34E-1));
#3806=CARTESIAN_POINT('',(-1.09E-1,1.48E-1,-1.34E-1));
#3807=VERTEX_POINT('',#3805);
#3808=VERTEX_POINT('',#3806);
#3809=CARTESIAN_POINT('',(-1.29E-1,0.E0,-1.34E-1));
#3810=CARTESIAN_POINT('',(-1.29E-1,1.28E-1,-1.34E-1));
#3811=VERTEX_POINT('',#3809);
#3812=VERTEX_POINT('',#3810);
#3813=CARTESIAN_POINT('',(9.3E-2,2.9E-2,-1.34E-1));
#3814=CARTESIAN_POINT('',(1.45E-1,2.9E-2,-1.34E-1));
#3815=VERTEX_POINT('',#3813);
#3816=VERTEX_POINT('',#3814);
#3817=CARTESIAN_POINT('',(9.3E-2,0.E0,-1.34E-1));
#3818=VERTEX_POINT('',#3817);
#3819=CARTESIAN_POINT('',(8.7E-2,1.69E-1,-6.6E-2));
#3820=CARTESIAN_POINT('',(8.7E-2,1.53E-1,-6.6E-2));
#3821=VERTEX_POINT('',#3819);
#3822=VERTEX_POINT('',#3820);
#3823=CARTESIAN_POINT('',(7.2E-2,1.53E-1,-6.6E-2));
#3824=VERTEX_POINT('',#3823);
#3825=CARTESIAN_POINT('',(5.038994410421E-2,1.349911504425E-1,-6.6E-2));
#3826=VERTEX_POINT('',#3825);
#3827=CARTESIAN_POINT('',(1.599531660128E-3,1.48E-1,-6.6E-2));
#3828=CARTESIAN_POINT('',(-1.09E-1,1.48E-1,-6.6E-2));
#3829=VERTEX_POINT('',#3827);
#3830=VERTEX_POINT('',#3828);
#3831=CARTESIAN_POINT('',(-1.29E-1,0.E0,-6.6E-2));
#3832=CARTESIAN_POINT('',(-1.29E-1,1.28E-1,-6.6E-2));
#3833=VERTEX_POINT('',#3831);
#3834=VERTEX_POINT('',#3832);
#3835=CARTESIAN_POINT('',(9.3E-2,2.9E-2,-6.6E-2));
#3836=CARTESIAN_POINT('',(1.45E-1,2.9E-2,-6.6E-2));
#3837=VERTEX_POINT('',#3835);
#3838=VERTEX_POINT('',#3836);
#3839=CARTESIAN_POINT('',(9.3E-2,0.E0,-6.6E-2));
#3840=VERTEX_POINT('',#3839);
#3841=CARTESIAN_POINT('',(8.7E-2,1.69E-1,-3.4E-2));
#3842=CARTESIAN_POINT('',(8.7E-2,1.53E-1,-3.4E-2));
#3843=VERTEX_POINT('',#3841);
#3844=VERTEX_POINT('',#3842);
#3845=CARTESIAN_POINT('',(7.2E-2,1.53E-1,-3.4E-2));
#3846=VERTEX_POINT('',#3845);
#3847=CARTESIAN_POINT('',(5.038994410421E-2,1.349911504425E-1,-3.4E-2));
#3848=VERTEX_POINT('',#3847);
#3849=CARTESIAN_POINT('',(1.599531660128E-3,1.48E-1,-3.4E-2));
#3850=CARTESIAN_POINT('',(-1.09E-1,1.48E-1,-3.4E-2));
#3851=VERTEX_POINT('',#3849);
#3852=VERTEX_POINT('',#3850);
#3853=CARTESIAN_POINT('',(-1.29E-1,0.E0,-3.4E-2));
#3854=CARTESIAN_POINT('',(-1.29E-1,1.28E-1,-3.4E-2));
#3855=VERTEX_POINT('',#3853);
#3856=VERTEX_POINT('',#3854);
#3857=CARTESIAN_POINT('',(9.3E-2,2.9E-2,-3.4E-2));
#3858=CARTESIAN_POINT('',(1.45E-1,2.9E-2,-3.4E-2));
#3859=VERTEX_POINT('',#3857);
#3860=VERTEX_POINT('',#3858);
#3861=CARTESIAN_POINT('',(9.3E-2,0.E0,-3.4E-2));
#3862=VERTEX_POINT('',#3861);
#3863=CARTESIAN_POINT('',(9.3E-2,2.9E-2,-1.5E-1));
#3864=DIRECTION('',(0.E0,1.E0,0.E0));
#3865=DIRECTION('',(1.E0,0.E0,0.E0));
#3866=AXIS2_PLACEMENT_3D('',#3863,#3864,#3865);
#3867=PLANE('',#3866);
#3869=ORIENTED_EDGE('',*,*,#3868,.F.);
#3871=ORIENTED_EDGE('',*,*,#3870,.T.);
#3873=ORIENTED_EDGE('',*,*,#3872,.T.);
#3875=ORIENTED_EDGE('',*,*,#3874,.F.);
#3876=EDGE_LOOP('',(#3869,#3871,#3873,#3875));
#3877=FACE_OUTER_BOUND('',#3876,.F.);
#3878=ADVANCED_FACE('',(#3877),#3867,.T.);
#3879=CARTESIAN_POINT('',(9.3E-2,2.9E-2,-1.5E-1));
#3880=DIRECTION('',(0.E0,1.E0,0.E0));
#3881=DIRECTION('',(1.E0,0.E0,0.E0));
#3882=AXIS2_PLACEMENT_3D('',#3879,#3880,#3881);
#3883=PLANE('',#3882);
#3885=ORIENTED_EDGE('',*,*,#3884,.F.);
#3887=ORIENTED_EDGE('',*,*,#3886,.T.);
#3889=ORIENTED_EDGE('',*,*,#3888,.T.);
#3891=ORIENTED_EDGE('',*,*,#3890,.F.);
#3892=EDGE_LOOP('',(#3885,#3887,#3889,#3891));
#3893=FACE_OUTER_BOUND('',#3892,.F.);
#3894=ADVANCED_FACE('',(#3893),#3883,.T.);
#3895=CARTESIAN_POINT('',(-1.9E-1,1.69E-1,-2.66E-1));
#3896=DIRECTION('',(0.E0,0.E0,1.E0));
#3897=DIRECTION('',(1.E0,0.E0,0.E0));
#3898=AXIS2_PLACEMENT_3D('',#3895,#3896,#3897);
#3899=PLANE('',#3898);
#3900=ORIENTED_EDGE('',*,*,#3868,.T.);
#3902=ORIENTED_EDGE('',*,*,#3901,.T.);
#3904=ORIENTED_EDGE('',*,*,#3903,.T.);
#3906=ORIENTED_EDGE('',*,*,#3905,.T.);
#3908=ORIENTED_EDGE('',*,*,#3907,.T.);
#3910=ORIENTED_EDGE('',*,*,#3909,.T.);
#3912=ORIENTED_EDGE('',*,*,#3911,.T.);
#3914=ORIENTED_EDGE('',*,*,#3913,.T.);
#3916=ORIENTED_EDGE('',*,*,#3915,.T.);
#3918=ORIENTED_EDGE('',*,*,#3917,.T.);
#3920=ORIENTED_EDGE('',*,*,#3919,.T.);
#3922=ORIENTED_EDGE('',*,*,#3921,.T.);
#3924=ORIENTED_EDGE('',*,*,#3923,.T.);
#3926=ORIENTED_EDGE('',*,*,#3925,.T.);
#3928=ORIENTED_EDGE('',*,*,#3927,.T.);
#3930=ORIENTED_EDGE('',*,*,#3929,.T.);
#3931=EDGE_LOOP('',(#3900,#3902,#3904,#3906,#3908,#3910,#3912,#3914,#3916,#3918,
#3920,#3922,#3924,#3926,#3928,#3930));
#3932=FACE_OUTER_BOUND('',#3931,.F.);
#3933=ADVANCED_FACE('',(#3932),#3899,.F.);
#3934=CARTESIAN_POINT('',(1.45E-1,2.9E-2,-2.66E-1));
#3935=DIRECTION('',(1.E0,0.E0,0.E0));
#3936=DIRECTION('',(0.E0,1.E0,0.E0));
#3937=AXIS2_PLACEMENT_3D('',#3934,#3935,#3936);
#3938=PLANE('',#3937);
#3940=ORIENTED_EDGE('',*,*,#3939,.T.);
#3942=ORIENTED_EDGE('',*,*,#3941,.T.);
#3944=ORIENTED_EDGE('',*,*,#3943,.F.);
#3945=ORIENTED_EDGE('',*,*,#3901,.F.);
#3946=EDGE_LOOP('',(#3940,#3942,#3944,#3945));
#3947=FACE_OUTER_BOUND('',#3946,.F.);
#3948=ADVANCED_FACE('',(#3947),#3938,.T.);
#3949=CARTESIAN_POINT('',(1.45E-1,2.9E-2,-1.5E-1));
#3950=DIRECTION('',(7.071067811865E-1,7.071067811865E-1,0.E0));
#3951=DIRECTION('',(7.071067811865E-1,-7.071067811865E-1,0.E0));
#3952=AXIS2_PLACEMENT_3D('',#3949,#3950,#3951);
#3953=PLANE('',#3952);
#3955=ORIENTED_EDGE('',*,*,#3954,.F.);
#3957=ORIENTED_EDGE('',*,*,#3956,.F.);
#3959=ORIENTED_EDGE('',*,*,#3958,.F.);
#3961=ORIENTED_EDGE('',*,*,#3960,.T.);
#3962=ORIENTED_EDGE('',*,*,#3890,.T.);
#3963=ORIENTED_EDGE('',*,*,#3939,.F.);
#3964=ORIENTED_EDGE('',*,*,#3874,.T.);
#3966=ORIENTED_EDGE('',*,*,#3965,.F.);
#3968=ORIENTED_EDGE('',*,*,#3967,.F.);
#3970=ORIENTED_EDGE('',*,*,#3969,.F.);
#3972=ORIENTED_EDGE('',*,*,#3971,.T.);
#3974=ORIENTED_EDGE('',*,*,#3973,.T.);
#3975=EDGE_LOOP('',(#3955,#3957,#3959,#3961,#3962,#3963,#3964,#3966,#3968,#3970,
#3972,#3974));
#3976=FACE_OUTER_BOUND('',#3975,.F.);
#3977=ADVANCED_FACE('',(#3976),#3953,.T.);
#3978=CARTESIAN_POINT('',(9.3E-2,2.9E-2,-1.5E-1));
#3979=DIRECTION('',(0.E0,-1.E0,0.E0));
#3980=DIRECTION('',(1.E0,0.E0,0.E0));
#3981=AXIS2_PLACEMENT_3D('',#3978,#3979,#3980);
#3982=PLANE('',#3981);
#3984=ORIENTED_EDGE('',*,*,#3983,.T.);
#3985=ORIENTED_EDGE('',*,*,#3958,.T.);
#3987=ORIENTED_EDGE('',*,*,#3986,.F.);
#3989=ORIENTED_EDGE('',*,*,#3988,.T.);
#3990=EDGE_LOOP('',(#3984,#3985,#3987,#3989));
#3991=FACE_OUTER_BOUND('',#3990,.F.);
#3992=ADVANCED_FACE('',(#3991),#3982,.F.);
#3993=CARTESIAN_POINT('',(9.3E-2,2.9E-2,-1.5E-1));
#3994=DIRECTION('',(0.E0,-1.E0,0.E0));
#3995=DIRECTION('',(1.E0,0.E0,0.E0));
#3996=AXIS2_PLACEMENT_3D('',#3993,#3994,#3995);
#3997=PLANE('',#3996);
#3999=ORIENTED_EDGE('',*,*,#3998,.T.);
#4000=ORIENTED_EDGE('',*,*,#3954,.T.);
#4002=ORIENTED_EDGE('',*,*,#4001,.F.);
#4004=ORIENTED_EDGE('',*,*,#4003,.T.);
#4005=EDGE_LOOP('',(#3999,#4000,#4002,#4004));
#4006=FACE_OUTER_BOUND('',#4005,.F.);
#4007=ADVANCED_FACE('',(#4006),#3997,.F.);
#4008=CARTESIAN_POINT('',(-1.9E-1,1.69E-1,-1.34E-1));
#4009=DIRECTION('',(0.E0,0.E0,1.E0));
#4010=DIRECTION('',(1.E0,0.E0,0.E0));
#4011=AXIS2_PLACEMENT_3D('',#4008,#4009,#4010);
#4012=PLANE('',#4011);
#4014=ORIENTED_EDGE('',*,*,#4013,.F.);
#4016=ORIENTED_EDGE('',*,*,#4015,.F.);
#4018=ORIENTED_EDGE('',*,*,#4017,.F.);
#4019=ORIENTED_EDGE('',*,*,#3983,.F.);
#4021=ORIENTED_EDGE('',*,*,#4020,.T.);
#4023=ORIENTED_EDGE('',*,*,#4022,.T.);
#4025=ORIENTED_EDGE('',*,*,#4024,.T.);
#4027=ORIENTED_EDGE('',*,*,#4026,.T.);
#4029=ORIENTED_EDGE('',*,*,#4028,.T.);
#4031=ORIENTED_EDGE('',*,*,#4030,.T.);
#4033=ORIENTED_EDGE('',*,*,#4032,.T.);
#4035=ORIENTED_EDGE('',*,*,#4034,.T.);
#4037=ORIENTED_EDGE('',*,*,#4036,.T.);
#4039=ORIENTED_EDGE('',*,*,#4038,.T.);
#4041=ORIENTED_EDGE('',*,*,#4040,.T.);
#4043=ORIENTED_EDGE('',*,*,#4042,.F.);
#4044=EDGE_LOOP('',(#4014,#4016,#4018,#4019,#4021,#4023,#4025,#4027,#4029,#4031,
#4033,#4035,#4037,#4039,#4041,#4043));
#4045=FACE_OUTER_BOUND('',#4044,.F.);
#4046=ADVANCED_FACE('',(#4045),#4012,.T.);
#4047=CARTESIAN_POINT('',(8.7E-2,1.69E-1,-1.5E-1));
#4048=DIRECTION('',(-1.E0,0.E0,0.E0));
#4049=DIRECTION('',(0.E0,-1.E0,0.E0));
#4050=AXIS2_PLACEMENT_3D('',#4047,#4048,#4049);
#4051=PLANE('',#4050);
#4052=ORIENTED_EDGE('',*,*,#4013,.T.);
#4054=ORIENTED_EDGE('',*,*,#4053,.T.);
#4056=ORIENTED_EDGE('',*,*,#4055,.F.);
#4058=ORIENTED_EDGE('',*,*,#4057,.F.);
#4059=EDGE_LOOP('',(#4052,#4054,#4056,#4058));
#4060=FACE_OUTER_BOUND('',#4059,.F.);
#4061=ADVANCED_FACE('',(#4060),#4051,.F.);
#4062=CARTESIAN_POINT('',(8.7E-2,1.69E-1,-1.5E-1));
#4063=DIRECTION('',(-1.E0,0.E0,0.E0));
#4064=DIRECTION('',(0.E0,-1.E0,0.E0));
#4065=AXIS2_PLACEMENT_3D('',#4062,#4063,#4064);
#4066=PLANE('',#4065);
#4068=ORIENTED_EDGE('',*,*,#4067,.T.);
#4070=ORIENTED_EDGE('',*,*,#4069,.T.);
#4072=ORIENTED_EDGE('',*,*,#4071,.F.);
#4074=ORIENTED_EDGE('',*,*,#4073,.F.);
#4075=EDGE_LOOP('',(#4068,#4070,#4072,#4074));
#4076=FACE_OUTER_BOUND('',#4075,.F.);
#4077=ADVANCED_FACE('',(#4076),#4066,.F.);
#4078=CARTESIAN_POINT('',(8.7E-2,1.53E-1,-1.5E-1));
#4079=DIRECTION('',(0.E0,1.E0,0.E0));
#4080=DIRECTION('',(-1.E0,0.E0,0.E0));
#4081=AXIS2_PLACEMENT_3D('',#4078,#4079,#4080);
#4082=PLANE('',#4081);
#4083=ORIENTED_EDGE('',*,*,#4042,.T.);
#4085=ORIENTED_EDGE('',*,*,#4084,.T.);
#4087=ORIENTED_EDGE('',*,*,#4086,.F.);
#4088=ORIENTED_EDGE('',*,*,#4053,.F.);
#4089=EDGE_LOOP('',(#4083,#4085,#4087,#4088));
#4090=FACE_OUTER_BOUND('',#4089,.F.);
#4091=ADVANCED_FACE('',(#4090),#4082,.F.);
#4092=CARTESIAN_POINT('',(8.7E-2,1.53E-1,-1.5E-1));
#4093=DIRECTION('',(0.E0,1.E0,0.E0));
#4094=DIRECTION('',(-1.E0,0.E0,0.E0));
#4095=AXIS2_PLACEMENT_3D('',#4092,#4093,#4094);
#4096=PLANE('',#4095);
#4098=ORIENTED_EDGE('',*,*,#4097,.T.);
#4100=ORIENTED_EDGE('',*,*,#4099,.T.);
#4102=ORIENTED_EDGE('',*,*,#4101,.F.);
#4103=ORIENTED_EDGE('',*,*,#4069,.F.);
#4104=EDGE_LOOP('',(#4098,#4100,#4102,#4103));
#4105=FACE_OUTER_BOUND('',#4104,.F.);
#4106=ADVANCED_FACE('',(#4105),#4096,.F.);
#4107=CARTESIAN_POINT('',(-1.9E-1,1.69E-1,-6.6E-2));
#4108=DIRECTION('',(0.E0,0.E0,1.E0));
#4109=DIRECTION('',(1.E0,0.E0,0.E0));
#4110=AXIS2_PLACEMENT_3D('',#4107,#4108,#4109);
#4111=PLANE('',#4110);
#4112=ORIENTED_EDGE('',*,*,#4055,.T.);
#4113=ORIENTED_EDGE('',*,*,#4086,.T.);
#4115=ORIENTED_EDGE('',*,*,#4114,.T.);
#4117=ORIENTED_EDGE('',*,*,#4116,.T.);
#4119=ORIENTED_EDGE('',*,*,#4118,.T.);
#4121=ORIENTED_EDGE('',*,*,#4120,.T.);
#4123=ORIENTED_EDGE('',*,*,#4122,.T.);
#4125=ORIENTED_EDGE('',*,*,#4124,.T.);
#4127=ORIENTED_EDGE('',*,*,#4126,.T.);
#4129=ORIENTED_EDGE('',*,*,#4128,.T.);
#4131=ORIENTED_EDGE('',*,*,#4130,.T.);
#4133=ORIENTED_EDGE('',*,*,#4132,.T.);
#4135=ORIENTED_EDGE('',*,*,#4134,.T.);
#4136=ORIENTED_EDGE('',*,*,#3986,.T.);
#4138=ORIENTED_EDGE('',*,*,#4137,.T.);
#4140=ORIENTED_EDGE('',*,*,#4139,.T.);
#4141=EDGE_LOOP('',(#4112,#4113,#4115,#4117,#4119,#4121,#4123,#4125,#4127,#4129,
#4131,#4133,#4135,#4136,#4138,#4140));
#4142=FACE_OUTER_BOUND('',#4141,.F.);
#4143=ADVANCED_FACE('',(#4142),#4111,.F.);
#4144=CARTESIAN_POINT('',(1.45E-1,2.9E-2,-6.6E-2));
#4145=DIRECTION('',(1.E0,0.E0,0.E0));
#4146=DIRECTION('',(0.E0,1.E0,0.E0));
#4147=AXIS2_PLACEMENT_3D('',#4144,#4145,#4146);
#4148=PLANE('',#4147);
#4149=ORIENTED_EDGE('',*,*,#4137,.F.);
#4150=ORIENTED_EDGE('',*,*,#3956,.T.);
#4152=ORIENTED_EDGE('',*,*,#4151,.T.);
#4154=ORIENTED_EDGE('',*,*,#4153,.F.);
#4155=EDGE_LOOP('',(#4149,#4150,#4152,#4154));
#4156=FACE_OUTER_BOUND('',#4155,.F.);
#4157=ADVANCED_FACE('',(#4156),#4148,.T.);
#4158=CARTESIAN_POINT('',(-1.9E-1,1.69E-1,-3.4E-2));
#4159=DIRECTION('',(0.E0,0.E0,1.E0));
#4160=DIRECTION('',(1.E0,0.E0,0.E0));
#4161=AXIS2_PLACEMENT_3D('',#4158,#4159,#4160);
#4162=PLANE('',#4161);
#4163=ORIENTED_EDGE('',*,*,#4067,.F.);
#4165=ORIENTED_EDGE('',*,*,#4164,.F.);
#4166=ORIENTED_EDGE('',*,*,#4151,.F.);
#4167=ORIENTED_EDGE('',*,*,#3998,.F.);
#4169=ORIENTED_EDGE('',*,*,#4168,.T.);
#4171=ORIENTED_EDGE('',*,*,#4170,.T.);
#4173=ORIENTED_EDGE('',*,*,#4172,.T.);
#4175=ORIENTED_EDGE('',*,*,#4174,.T.);
#4177=ORIENTED_EDGE('',*,*,#4176,.T.);
#4179=ORIENTED_EDGE('',*,*,#4178,.T.);
#4181=ORIENTED_EDGE('',*,*,#4180,.T.);
#4183=ORIENTED_EDGE('',*,*,#4182,.T.);
#4185=ORIENTED_EDGE('',*,*,#4184,.T.);
#4187=ORIENTED_EDGE('',*,*,#4186,.T.);
#4189=ORIENTED_EDGE('',*,*,#4188,.T.);
#4190=ORIENTED_EDGE('',*,*,#4097,.F.);
#4191=EDGE_LOOP('',(#4163,#4165,#4166,#4167,#4169,#4171,#4173,#4175,#4177,#4179,
#4181,#4183,#4185,#4187,#4189,#4190));
#4192=FACE_OUTER_BOUND('',#4191,.F.);
#4193=ADVANCED_FACE('',(#4192),#4162,.T.);
#4194=CARTESIAN_POINT('',(1.45E-1,6.854105316101E-2,-6.6E-2));
#4195=DIRECTION('',(8.660254037844E-1,5.E-1,0.E0));
#4196=DIRECTION('',(-5.E-1,8.660254037844E-1,0.E0));
#4197=AXIS2_PLACEMENT_3D('',#4194,#4195,#4196);
#4198=PLANE('',#4197);
#4199=ORIENTED_EDGE('',*,*,#4139,.F.);
#4200=ORIENTED_EDGE('',*,*,#4153,.T.);
#4201=ORIENTED_EDGE('',*,*,#4164,.T.);
#4203=ORIENTED_EDGE('',*,*,#4202,.F.);
#4204=EDGE_LOOP('',(#4199,#4200,#4201,#4203));
#4205=FACE_OUTER_BOUND('',#4204,.F.);
#4206=ADVANCED_FACE('',(#4205),#4198,.T.);
#4207=CARTESIAN_POINT('',(-1.9E-1,1.69E-1,-1.5E-1));
#4208=DIRECTION('',(0.E0,1.E0,0.E0));
#4209=DIRECTION('',(1.E0,0.E0,0.E0));
#4210=AXIS2_PLACEMENT_3D('',#4207,#4208,#4209);
#4211=PLANE('',#4210);
#4212=ORIENTED_EDGE('',*,*,#4057,.T.);
#4213=ORIENTED_EDGE('',*,*,#4202,.T.);
#4214=ORIENTED_EDGE('',*,*,#4073,.T.);
#4216=ORIENTED_EDGE('',*,*,#4215,.T.);
#4218=ORIENTED_EDGE('',*,*,#4217,.T.);
#4220=ORIENTED_EDGE('',*,*,#4219,.F.);
#4222=ORIENTED_EDGE('',*,*,#4221,.F.);
#4224=ORIENTED_EDGE('',*,*,#4223,.F.);
#4226=ORIENTED_EDGE('',*,*,#4225,.F.);
#4228=ORIENTED_EDGE('',*,*,#4227,.T.);
#4230=ORIENTED_EDGE('',*,*,#4229,.F.);
#4232=ORIENTED_EDGE('',*,*,#4231,.T.);
#4233=EDGE_LOOP('',(#4212,#4213,#4214,#4216,#4218,#4220,#4222,#4224,#4226,#4228,
#4230,#4232));
#4234=FACE_OUTER_BOUND('',#4233,.F.);
#4235=ADVANCED_FACE('',(#4234),#4211,.T.);
#4236=CARTESIAN_POINT('',(1.45E-1,6.854105316101E-2,9.E-2));
#4237=DIRECTION('',(-8.660254037844E-1,-5.E-1,0.E0));
#4238=DIRECTION('',(-5.E-1,8.660254037844E-1,0.E0));
#4239=AXIS2_PLACEMENT_3D('',#4236,#4237,#4238);
#4240=PLANE('',#4239);
#4242=ORIENTED_EDGE('',*,*,#4241,.F.);
#4244=ORIENTED_EDGE('',*,*,#4243,.T.);
#4245=ORIENTED_EDGE('',*,*,#4215,.F.);
#4247=ORIENTED_EDGE('',*,*,#4246,.F.);
#4248=EDGE_LOOP('',(#4242,#4244,#4245,#4247));
#4249=FACE_OUTER_BOUND('',#4248,.F.);
#4250=ADVANCED_FACE('',(#4249),#4240,.F.);
#4251=CARTESIAN_POINT('',(1.45E-1,2.9E-2,9.E-2));
#4252=DIRECTION('',(-1.E0,0.E0,0.E0));
#4253=DIRECTION('',(0.E0,1.E0,0.E0));
#4254=AXIS2_PLACEMENT_3D('',#4251,#4252,#4253);
#4255=PLANE('',#4254);
#4256=ORIENTED_EDGE('',*,*,#3973,.F.);
#4258=ORIENTED_EDGE('',*,*,#4257,.T.);
#4259=ORIENTED_EDGE('',*,*,#4241,.T.);
#4261=ORIENTED_EDGE('',*,*,#4260,.F.);
#4262=EDGE_LOOP('',(#4256,#4258,#4259,#4261));
#4263=FACE_OUTER_BOUND('',#4262,.F.);
#4264=ADVANCED_FACE('',(#4263),#4255,.F.);
#4265=CARTESIAN_POINT('',(-1.9E-1,-1.11E-1,9.E-2));
#4266=DIRECTION('',(0.E0,0.E0,1.E0));
#4267=DIRECTION('',(-1.E0,0.E0,0.E0));
#4268=AXIS2_PLACEMENT_3D('',#4265,#4266,#4267);
#4269=PLANE('',#4268);
#4271=ORIENTED_EDGE('',*,*,#4270,.F.);
#4273=ORIENTED_EDGE('',*,*,#4272,.F.);
#4275=ORIENTED_EDGE('',*,*,#4274,.F.);
#4276=ORIENTED_EDGE('',*,*,#4217,.F.);
#4277=ORIENTED_EDGE('',*,*,#4243,.F.);
#4278=ORIENTED_EDGE('',*,*,#4257,.F.);
#4279=ORIENTED_EDGE('',*,*,#3971,.F.);
#4281=ORIENTED_EDGE('',*,*,#4280,.F.);
#4283=ORIENTED_EDGE('',*,*,#4282,.F.);
#4285=ORIENTED_EDGE('',*,*,#4284,.T.);
#4287=ORIENTED_EDGE('',*,*,#4286,.F.);
#4289=ORIENTED_EDGE('',*,*,#4288,.F.);
#4291=ORIENTED_EDGE('',*,*,#4290,.F.);
#4293=ORIENTED_EDGE('',*,*,#4292,.T.);
#4295=ORIENTED_EDGE('',*,*,#4294,.T.);
#4297=ORIENTED_EDGE('',*,*,#4296,.F.);
#4298=EDGE_LOOP('',(#4271,#4273,#4275,#4276,#4277,#4278,#4279,#4281,#4283,#4285,
#4287,#4289,#4291,#4293,#4295,#4297));
#4299=FACE_OUTER_BOUND('',#4298,.F.);
#4300=ADVANCED_FACE('',(#4299),#4269,.T.);
#4301=CARTESIAN_POINT('',(1.9E-1,-1.11E-1,-1.5E-1));
#4302=DIRECTION('',(0.E0,-1.E0,0.E0));
#4303=DIRECTION('',(-1.E0,0.E0,0.E0));
#4304=AXIS2_PLACEMENT_3D('',#4301,#4302,#4303);
#4305=PLANE('',#4304);
#4307=ORIENTED_EDGE('',*,*,#4306,.F.);
#4308=ORIENTED_EDGE('',*,*,#4290,.T.);
#4310=ORIENTED_EDGE('',*,*,#4309,.T.);
#4312=ORIENTED_EDGE('',*,*,#4311,.F.);
#4313=EDGE_LOOP('',(#4307,#4308,#4310,#4312));
#4314=FACE_OUTER_BOUND('',#4313,.F.);
#4315=ADVANCED_FACE('',(#4314),#4305,.T.);
#4316=CARTESIAN_POINT('',(1.9E-1,-1.11E-1,-1.5E-1));
#4317=DIRECTION('',(0.E0,-1.E0,0.E0));
#4318=DIRECTION('',(-1.E0,0.E0,0.E0));
#4319=AXIS2_PLACEMENT_3D('',#4316,#4317,#4318);
#4320=PLANE('',#4319);
#4322=ORIENTED_EDGE('',*,*,#4321,.T.);
#4324=ORIENTED_EDGE('',*,*,#4323,.T.);
#4326=ORIENTED_EDGE('',*,*,#4325,.F.);
#4328=ORIENTED_EDGE('',*,*,#4327,.F.);
#4329=EDGE_LOOP('',(#4322,#4324,#4326,#4328));
#4330=FACE_OUTER_BOUND('',#4329,.F.);
#4331=ADVANCED_FACE('',(#4330),#4320,.T.);
#4332=CARTESIAN_POINT('',(1.9E-1,-1.11E-1,-1.5E-1));
#4333=DIRECTION('',(0.E0,-1.E0,0.E0));
#4334=DIRECTION('',(-1.E0,0.E0,0.E0));
#4335=AXIS2_PLACEMENT_3D('',#4332,#4333,#4334);
#4336=PLANE('',#4335);
#4338=ORIENTED_EDGE('',*,*,#4337,.T.);
#4340=ORIENTED_EDGE('',*,*,#4339,.T.);
#4342=ORIENTED_EDGE('',*,*,#4341,.T.);
#4344=ORIENTED_EDGE('',*,*,#4343,.F.);
#4346=ORIENTED_EDGE('',*,*,#4345,.F.);
#4347=ORIENTED_EDGE('',*,*,#4282,.T.);
#4349=ORIENTED_EDGE('',*,*,#4348,.T.);
#4351=ORIENTED_EDGE('',*,*,#4350,.F.);
#4353=ORIENTED_EDGE('',*,*,#4352,.T.);
#4355=ORIENTED_EDGE('',*,*,#4354,.T.);
#4357=ORIENTED_EDGE('',*,*,#4356,.T.);
#4359=ORIENTED_EDGE('',*,*,#4358,.T.);
#4360=EDGE_LOOP('',(#4338,#4340,#4342,#4344,#4346,#4347,#4349,#4351,#4353,#4355,
#4357,#4359));
#4361=FACE_OUTER_BOUND('',#4360,.F.);
#4362=ADVANCED_FACE('',(#4361),#4336,.T.);
#4363=CARTESIAN_POINT('',(1.9E-1,-1.11E-1,-1.5E-1));
#4364=DIRECTION('',(0.E0,-1.E0,0.E0));
#4365=DIRECTION('',(-1.E0,0.E0,0.E0));
#4366=AXIS2_PLACEMENT_3D('',#4363,#4364,#4365);
#4367=PLANE('',#4366);
#4369=ORIENTED_EDGE('',*,*,#4368,.F.);
#4370=ORIENTED_EDGE('',*,*,#4270,.T.);
#4372=ORIENTED_EDGE('',*,*,#4371,.T.);
#4374=ORIENTED_EDGE('',*,*,#4373,.F.);
#4376=ORIENTED_EDGE('',*,*,#4375,.T.);
#4378=ORIENTED_EDGE('',*,*,#4377,.T.);
#4380=ORIENTED_EDGE('',*,*,#4379,.T.);
#4382=ORIENTED_EDGE('',*,*,#4381,.T.);
#4384=ORIENTED_EDGE('',*,*,#4383,.T.);
#4386=ORIENTED_EDGE('',*,*,#4385,.T.);
#4388=ORIENTED_EDGE('',*,*,#4387,.F.);
#4390=ORIENTED_EDGE('',*,*,#4389,.F.);
#4391=EDGE_LOOP('',(#4369,#4370,#4372,#4374,#4376,#4378,#4380,#4382,#4384,#4386,
#4388,#4390));
#4392=FACE_OUTER_BOUND('',#4391,.F.);
#4393=ADVANCED_FACE('',(#4392),#4367,.T.);
#4394=CARTESIAN_POINT('',(-6.5E-2,-1.11E-1,6.85E-2));
#4395=DIRECTION('',(1.E0,0.E0,0.E0));
#4396=DIRECTION('',(0.E0,0.E0,1.E0));
#4397=AXIS2_PLACEMENT_3D('',#4394,#4395,#4396);
#4398=PLANE('',#4397);
#4399=ORIENTED_EDGE('',*,*,#4306,.T.);
#4401=ORIENTED_EDGE('',*,*,#4400,.T.);
#4403=ORIENTED_EDGE('',*,*,#4402,.T.);
#4404=ORIENTED_EDGE('',*,*,#4292,.F.);
#4405=EDGE_LOOP('',(#4399,#4401,#4403,#4404));
#4406=FACE_OUTER_BOUND('',#4405,.F.);
#4407=ADVANCED_FACE('',(#4406),#4398,.T.);
#4408=CARTESIAN_POINT('',(-1.9E-1,-1.11E-1,6.85E-2));
#4409=DIRECTION('',(0.E0,0.E0,1.E0));
#4410=DIRECTION('',(-1.E0,0.E0,0.E0));
#4411=AXIS2_PLACEMENT_3D('',#4408,#4409,#4410);
#4412=PLANE('',#4411);
#4413=ORIENTED_EDGE('',*,*,#4311,.T.);
#4415=ORIENTED_EDGE('',*,*,#4414,.T.);
#4417=ORIENTED_EDGE('',*,*,#4416,.F.);
#4419=ORIENTED_EDGE('',*,*,#4418,.F.);
#4420=ORIENTED_EDGE('',*,*,#4343,.T.);
#4422=ORIENTED_EDGE('',*,*,#4421,.T.);
#4424=ORIENTED_EDGE('',*,*,#4423,.T.);
#4426=ORIENTED_EDGE('',*,*,#4425,.T.);
#4428=ORIENTED_EDGE('',*,*,#4427,.T.);
#4430=ORIENTED_EDGE('',*,*,#4429,.T.);
#4432=ORIENTED_EDGE('',*,*,#4431,.T.);
#4434=ORIENTED_EDGE('',*,*,#4433,.T.);
#4435=ORIENTED_EDGE('',*,*,#4373,.T.);
#4437=ORIENTED_EDGE('',*,*,#4436,.T.);
#4439=ORIENTED_EDGE('',*,*,#4438,.T.);
#4440=ORIENTED_EDGE('',*,*,#4400,.F.);
#4441=EDGE_LOOP('',(#4413,#4415,#4417,#4419,#4420,#4422,#4424,#4426,#4428,#4430,
#4432,#4434,#4435,#4437,#4439,#4440));
#4442=FACE_OUTER_BOUND('',#4441,.F.);
#4443=ADVANCED_FACE('',(#4442),#4412,.F.);
#4444=CARTESIAN_POINT('',(6.5E-2,-1.11E-1,6.85E-2));
#4445=DIRECTION('',(1.E0,0.E0,0.E0));
#4446=DIRECTION('',(0.E0,0.E0,1.E0));
#4447=AXIS2_PLACEMENT_3D('',#4444,#4445,#4446);
#4448=PLANE('',#4447);
#4449=ORIENTED_EDGE('',*,*,#4309,.F.);
#4450=ORIENTED_EDGE('',*,*,#4288,.T.);
#4452=ORIENTED_EDGE('',*,*,#4451,.F.);
#4453=ORIENTED_EDGE('',*,*,#4414,.F.);
#4454=EDGE_LOOP('',(#4449,#4450,#4452,#4453));
#4455=FACE_OUTER_BOUND('',#4454,.F.);
#4456=ADVANCED_FACE('',(#4455),#4448,.F.);
#4457=CARTESIAN_POINT('',(-1.9E-1,-1.36E-1,-1.5E-1));
#4458=DIRECTION('',(0.E0,1.E0,0.E0));
#4459=DIRECTION('',(1.E0,0.E0,0.E0));
#4460=AXIS2_PLACEMENT_3D('',#4457,#4458,#4459);
#4461=PLANE('',#4460);
#4462=ORIENTED_EDGE('',*,*,#4451,.T.);
#4463=ORIENTED_EDGE('',*,*,#4286,.T.);
#4465=ORIENTED_EDGE('',*,*,#4464,.T.);
#4466=ORIENTED_EDGE('',*,*,#4416,.T.);
#4467=EDGE_LOOP('',(#4462,#4463,#4465,#4466));
#4468=FACE_OUTER_BOUND('',#4467,.F.);
#4469=ADVANCED_FACE('',(#4468),#4461,.F.);
#4470=CARTESIAN_POINT('',(1.15E-1,-1.11E-1,9.E-2));
#4471=DIRECTION('',(-1.E0,0.E0,0.E0));
#4472=DIRECTION('',(0.E0,0.E0,-1.E0));
#4473=AXIS2_PLACEMENT_3D('',#4470,#4471,#4472);
#4474=PLANE('',#4473);
#4475=ORIENTED_EDGE('',*,*,#4345,.T.);
#4476=ORIENTED_EDGE('',*,*,#4418,.T.);
#4477=ORIENTED_EDGE('',*,*,#4464,.F.);
#4478=ORIENTED_EDGE('',*,*,#4284,.F.);
#4479=EDGE_LOOP('',(#4475,#4476,#4477,#4478));
#4480=FACE_OUTER_BOUND('',#4479,.F.);
#4481=ADVANCED_FACE('',(#4480),#4474,.F.);
#4482=CARTESIAN_POINT('',(-1.15E-1,-1.11E-1,9.E-2));
#4483=DIRECTION('',(-1.E0,0.E0,0.E0));
#4484=DIRECTION('',(0.E0,0.E0,-1.E0));
#4485=AXIS2_PLACEMENT_3D('',#4482,#4483,#4484);
#4486=PLANE('',#4485);
#4487=ORIENTED_EDGE('',*,*,#4371,.F.);
#4488=ORIENTED_EDGE('',*,*,#4296,.T.);
#4490=ORIENTED_EDGE('',*,*,#4489,.T.);
#4491=ORIENTED_EDGE('',*,*,#4436,.F.);
#4492=EDGE_LOOP('',(#4487,#4488,#4490,#4491));
#4493=FACE_OUTER_BOUND('',#4492,.F.);
#4494=ADVANCED_FACE('',(#4493),#4486,.T.);
#4495=CARTESIAN_POINT('',(1.9E-1,-1.36E-1,-1.5E-1));
#4496=DIRECTION('',(0.E0,-1.E0,0.E0));
#4497=DIRECTION('',(-1.E0,0.E0,0.E0));
#4498=AXIS2_PLACEMENT_3D('',#4495,#4496,#4497);
#4499=PLANE('',#4498);
#4500=ORIENTED_EDGE('',*,*,#4402,.F.);
#4501=ORIENTED_EDGE('',*,*,#4438,.F.);
#4502=ORIENTED_EDGE('',*,*,#4489,.F.);
#4503=ORIENTED_EDGE('',*,*,#4294,.F.);
#4504=EDGE_LOOP('',(#4500,#4501,#4502,#4503));
#4505=FACE_OUTER_BOUND('',#4504,.F.);
#4506=ADVANCED_FACE('',(#4505),#4499,.T.);
#4507=CARTESIAN_POINT('',(-6.5E-2,-1.11E-1,-3.685E-1));
#4508=DIRECTION('',(-1.E0,0.E0,0.E0));
#4509=DIRECTION('',(0.E0,0.E0,-1.E0));
#4510=AXIS2_PLACEMENT_3D('',#4507,#4508,#4509);
#4511=PLANE('',#4510);
#4512=ORIENTED_EDGE('',*,*,#4321,.F.);
#4514=ORIENTED_EDGE('',*,*,#4513,.T.);
#4516=ORIENTED_EDGE('',*,*,#4515,.F.);
#4518=ORIENTED_EDGE('',*,*,#4517,.F.);
#4519=EDGE_LOOP('',(#4512,#4514,#4516,#4518));
#4520=FACE_OUTER_BOUND('',#4519,.F.);
#4521=ADVANCED_FACE('',(#4520),#4511,.F.);
#4522=CARTESIAN_POINT('',(-1.9E-1,-1.11E-1,-3.9E-1));
#4523=DIRECTION('',(0.E0,0.E0,1.E0));
#4524=DIRECTION('',(-1.E0,0.E0,0.E0));
#4525=AXIS2_PLACEMENT_3D('',#4522,#4523,#4524);
#4526=PLANE('',#4525);
#4527=ORIENTED_EDGE('',*,*,#4389,.T.);
#4529=ORIENTED_EDGE('',*,*,#4528,.T.);
#4531=ORIENTED_EDGE('',*,*,#4530,.F.);
#4532=ORIENTED_EDGE('',*,*,#4513,.F.);
#4533=ORIENTED_EDGE('',*,*,#4327,.T.);
#4535=ORIENTED_EDGE('',*,*,#4534,.T.);
#4537=ORIENTED_EDGE('',*,*,#4536,.T.);
#4539=ORIENTED_EDGE('',*,*,#4538,.F.);
#4540=ORIENTED_EDGE('',*,*,#4350,.T.);
#4542=ORIENTED_EDGE('',*,*,#4541,.T.);
#4543=ORIENTED_EDGE('',*,*,#3967,.T.);
#4545=ORIENTED_EDGE('',*,*,#4544,.T.);
#4547=ORIENTED_EDGE('',*,*,#4546,.T.);
#4548=ORIENTED_EDGE('',*,*,#4221,.T.);
#4550=ORIENTED_EDGE('',*,*,#4549,.T.);
#4552=ORIENTED_EDGE('',*,*,#4551,.T.);
#4553=EDGE_LOOP('',(#4527,#4529,#4531,#4532,#4533,#4535,#4537,#4539,#4540,#4542,
#4543,#4545,#4547,#4548,#4550,#4552));
#4554=FACE_OUTER_BOUND('',#4553,.F.);
#4555=ADVANCED_FACE('',(#4554),#4526,.F.);
#4556=CARTESIAN_POINT('',(-1.15E-1,-1.11E-1,-3.9E-1));
#4557=DIRECTION('',(1.E0,0.E0,0.E0));
#4558=DIRECTION('',(0.E0,0.E0,1.E0));
#4559=AXIS2_PLACEMENT_3D('',#4556,#4557,#4558);
#4560=PLANE('',#4559);
#4561=ORIENTED_EDGE('',*,*,#4387,.T.);
#4563=ORIENTED_EDGE('',*,*,#4562,.T.);
#4565=ORIENTED_EDGE('',*,*,#4564,.F.);
#4566=ORIENTED_EDGE('',*,*,#4528,.F.);
#4567=EDGE_LOOP('',(#4561,#4563,#4565,#4566));
#4568=FACE_OUTER_BOUND('',#4567,.F.);
#4569=ADVANCED_FACE('',(#4568),#4560,.F.);
#4570=CARTESIAN_POINT('',(-1.9E-1,-1.11E-1,-3.685E-1));
#4571=DIRECTION('',(0.E0,0.E0,1.E0));
#4572=DIRECTION('',(-1.E0,0.E0,0.E0));
#4573=AXIS2_PLACEMENT_3D('',#4570,#4571,#4572);
#4574=PLANE('',#4573);
#4575=ORIENTED_EDGE('',*,*,#4323,.F.);
#4576=ORIENTED_EDGE('',*,*,#4517,.T.);
#4578=ORIENTED_EDGE('',*,*,#4577,.F.);
#4579=ORIENTED_EDGE('',*,*,#4562,.F.);
#4580=ORIENTED_EDGE('',*,*,#4385,.F.);
#4582=ORIENTED_EDGE('',*,*,#4581,.T.);
#4584=ORIENTED_EDGE('',*,*,#4583,.T.);
#4586=ORIENTED_EDGE('',*,*,#4585,.T.);
#4588=ORIENTED_EDGE('',*,*,#4587,.T.);
#4590=ORIENTED_EDGE('',*,*,#4589,.T.);
#4592=ORIENTED_EDGE('',*,*,#4591,.T.);
#4594=ORIENTED_EDGE('',*,*,#4593,.T.);
#4595=ORIENTED_EDGE('',*,*,#4354,.F.);
#4597=ORIENTED_EDGE('',*,*,#4596,.T.);
#4599=ORIENTED_EDGE('',*,*,#4598,.T.);
#4601=ORIENTED_EDGE('',*,*,#4600,.F.);
#4602=EDGE_LOOP('',(#4575,#4576,#4578,#4579,#4580,#4582,#4584,#4586,#4588,#4590,
#4592,#4594,#4595,#4597,#4599,#4601));
#4603=FACE_OUTER_BOUND('',#4602,.F.);
#4604=ADVANCED_FACE('',(#4603),#4574,.T.);
#4605=CARTESIAN_POINT('',(1.9E-1,-1.36E-1,-1.5E-1));
#4606=DIRECTION('',(0.E0,1.E0,0.E0));
#4607=DIRECTION('',(-1.E0,0.E0,0.E0));
#4608=AXIS2_PLACEMENT_3D('',#4605,#4606,#4607);
#4609=PLANE('',#4608);
#4610=ORIENTED_EDGE('',*,*,#4515,.T.);
#4611=ORIENTED_EDGE('',*,*,#4530,.T.);
#4612=ORIENTED_EDGE('',*,*,#4564,.T.);
#4613=ORIENTED_EDGE('',*,*,#4577,.T.);
#4614=EDGE_LOOP('',(#4610,#4611,#4612,#4613));
#4615=FACE_OUTER_BOUND('',#4614,.F.);
#4616=ADVANCED_FACE('',(#4615),#4609,.F.);
#4617=CARTESIAN_POINT('',(1.15E-1,-1.11E-1,-3.9E-1));
#4618=DIRECTION('',(1.E0,0.E0,0.E0));
#4619=DIRECTION('',(0.E0,0.E0,1.E0));
#4620=AXIS2_PLACEMENT_3D('',#4617,#4618,#4619);
#4621=PLANE('',#4620);
#4622=ORIENTED_EDGE('',*,*,#4352,.F.);
#4623=ORIENTED_EDGE('',*,*,#4538,.T.);
#4625=ORIENTED_EDGE('',*,*,#4624,.T.);
#4626=ORIENTED_EDGE('',*,*,#4596,.F.);
#4627=EDGE_LOOP('',(#4622,#4623,#4625,#4626));
#4628=FACE_OUTER_BOUND('',#4627,.F.);
#4629=ADVANCED_FACE('',(#4628),#4621,.T.);
#4630=CARTESIAN_POINT('',(-1.9E-1,-1.36E-1,-1.5E-1));
#4631=DIRECTION('',(0.E0,-1.E0,0.E0));
#4632=DIRECTION('',(1.E0,0.E0,0.E0));
#4633=AXIS2_PLACEMENT_3D('',#4630,#4631,#4632);
#4634=PLANE('',#4633);
#4636=ORIENTED_EDGE('',*,*,#4635,.F.);
#4637=ORIENTED_EDGE('',*,*,#4598,.F.);
#4638=ORIENTED_EDGE('',*,*,#4624,.F.);
#4639=ORIENTED_EDGE('',*,*,#4536,.F.);
#4640=EDGE_LOOP('',(#4636,#4637,#4638,#4639));
#4641=FACE_OUTER_BOUND('',#4640,.F.);
#4642=ADVANCED_FACE('',(#4641),#4634,.T.);
#4643=CARTESIAN_POINT('',(6.5E-2,-1.11E-1,-3.685E-1));
#4644=DIRECTION('',(-1.E0,0.E0,0.E0));
#4645=DIRECTION('',(0.E0,0.E0,-1.E0));
#4646=AXIS2_PLACEMENT_3D('',#4643,#4644,#4645);
#4647=PLANE('',#4646);
#4648=ORIENTED_EDGE('',*,*,#4325,.T.);
#4649=ORIENTED_EDGE('',*,*,#4600,.T.);
#4650=ORIENTED_EDGE('',*,*,#4635,.T.);
#4651=ORIENTED_EDGE('',*,*,#4534,.F.);
#4652=EDGE_LOOP('',(#4648,#4649,#4650,#4651));
#4653=FACE_OUTER_BOUND('',#4652,.F.);
#4654=ADVANCED_FACE('',(#4653),#4647,.T.);
#4655=CARTESIAN_POINT('',(1.9E-1,-1.6E-2,-1.5E-1));
#4656=DIRECTION('',(1.E0,0.E0,0.E0));
#4657=DIRECTION('',(0.E0,-1.E0,0.E0));
#4658=AXIS2_PLACEMENT_3D('',#4655,#4656,#4657);
#4659=PLANE('',#4658);
#4660=ORIENTED_EDGE('',*,*,#4348,.F.);
#4661=ORIENTED_EDGE('',*,*,#4280,.T.);
#4662=ORIENTED_EDGE('',*,*,#3969,.T.);
#4663=ORIENTED_EDGE('',*,*,#4541,.F.);
#4664=EDGE_LOOP('',(#4660,#4661,#4662,#4663));
#4665=FACE_OUTER_BOUND('',#4664,.F.);
#4666=ADVANCED_FACE('',(#4665),#4659,.T.);
#4667=CARTESIAN_POINT('',(1.45E-1,2.9E-2,-3.9E-1));
#4668=DIRECTION('',(1.E0,0.E0,0.E0));
#4669=DIRECTION('',(0.E0,1.E0,0.E0));
#4670=AXIS2_PLACEMENT_3D('',#4667,#4668,#4669);
#4671=PLANE('',#4670);
#4672=ORIENTED_EDGE('',*,*,#3965,.T.);
#4674=ORIENTED_EDGE('',*,*,#4673,.T.);
#4676=ORIENTED_EDGE('',*,*,#4675,.F.);
#4677=ORIENTED_EDGE('',*,*,#4544,.F.);
#4678=EDGE_LOOP('',(#4672,#4674,#4676,#4677));
#4679=FACE_OUTER_BOUND('',#4678,.F.);
#4680=ADVANCED_FACE('',(#4679),#4671,.T.);
#4681=CARTESIAN_POINT('',(1.9E-1,-1.6E-2,-3.34E-1));
#4682=DIRECTION('',(0.E0,0.E0,1.E0));
#4683=DIRECTION('',(1.E0,0.E0,0.E0));
#4684=AXIS2_PLACEMENT_3D('',#4681,#4682,#4683);
#4685=PLANE('',#4684);
#4686=ORIENTED_EDGE('',*,*,#3872,.F.);
#4688=ORIENTED_EDGE('',*,*,#4687,.T.);
#4690=ORIENTED_EDGE('',*,*,#4689,.T.);
#4692=ORIENTED_EDGE('',*,*,#4691,.T.);
#4694=ORIENTED_EDGE('',*,*,#4693,.T.);
#4696=ORIENTED_EDGE('',*,*,#4695,.T.);
#4698=ORIENTED_EDGE('',*,*,#4697,.T.);
#4700=ORIENTED_EDGE('',*,*,#4699,.T.);
#4702=ORIENTED_EDGE('',*,*,#4701,.T.);
#4704=ORIENTED_EDGE('',*,*,#4703,.T.);
#4706=ORIENTED_EDGE('',*,*,#4705,.T.);
#4708=ORIENTED_EDGE('',*,*,#4707,.T.);
#4710=ORIENTED_EDGE('',*,*,#4709,.F.);
#4712=ORIENTED_EDGE('',*,*,#4711,.F.);
#4714=ORIENTED_EDGE('',*,*,#4713,.F.);
#4715=ORIENTED_EDGE('',*,*,#4673,.F.);
#4716=EDGE_LOOP('',(#4686,#4688,#4690,#4692,#4694,#4696,#4698,#4700,#4702,#4704,
#4706,#4708,#4710,#4712,#4714,#4715));
#4717=FACE_OUTER_BOUND('',#4716,.F.);
#4718=ADVANCED_FACE('',(#4717),#4685,.T.);
#4719=CARTESIAN_POINT('',(8.7E-2,1.53E-1,-1.5E-1));
#4720=DIRECTION('',(0.E0,-1.E0,0.E0));
#4721=DIRECTION('',(-1.E0,0.E0,0.E0));
#4722=AXIS2_PLACEMENT_3D('',#4719,#4720,#4721);
#4723=PLANE('',#4722);
#4724=ORIENTED_EDGE('',*,*,#3907,.F.);
#4726=ORIENTED_EDGE('',*,*,#4725,.T.);
#4727=ORIENTED_EDGE('',*,*,#4709,.T.);
#4729=ORIENTED_EDGE('',*,*,#4728,.T.);
#4730=EDGE_LOOP('',(#4724,#4726,#4727,#4729));
#4731=FACE_OUTER_BOUND('',#4730,.F.);
#4732=ADVANCED_FACE('',(#4731),#4723,.T.);
#4733=CARTESIAN_POINT('',(8.7E-2,1.53E-1,-1.5E-1));
#4734=DIRECTION('',(0.E0,-1.E0,0.E0));
#4735=DIRECTION('',(-1.E0,0.E0,0.E0));
#4736=AXIS2_PLACEMENT_3D('',#4733,#4734,#4735);
#4737=PLANE('',#4736);
#4739=ORIENTED_EDGE('',*,*,#4738,.F.);
#4741=ORIENTED_EDGE('',*,*,#4740,.T.);
#4743=ORIENTED_EDGE('',*,*,#4742,.T.);
#4745=ORIENTED_EDGE('',*,*,#4744,.T.);
#4746=EDGE_LOOP('',(#4739,#4741,#4743,#4745));
#4747=FACE_OUTER_BOUND('',#4746,.F.);
#4748=ADVANCED_FACE('',(#4747),#4737,.T.);
#4749=CARTESIAN_POINT('',(8.7E-2,1.69E-1,-1.5E-1));
#4750=DIRECTION('',(1.E0,0.E0,0.E0));
#4751=DIRECTION('',(0.E0,-1.E0,0.E0));
#4752=AXIS2_PLACEMENT_3D('',#4749,#4750,#4751);
#4753=PLANE('',#4752);
#4754=ORIENTED_EDGE('',*,*,#3905,.F.);
#4755=ORIENTED_EDGE('',*,*,#4225,.T.);
#4756=ORIENTED_EDGE('',*,*,#4711,.T.);
#4757=ORIENTED_EDGE('',*,*,#4725,.F.);
#4758=EDGE_LOOP('',(#4754,#4755,#4756,#4757));
#4759=FACE_OUTER_BOUND('',#4758,.F.);
#4760=ADVANCED_FACE('',(#4759),#4753,.T.);
#4761=CARTESIAN_POINT('',(8.7E-2,1.69E-1,-1.5E-1));
#4762=DIRECTION('',(1.E0,0.E0,0.E0));
#4763=DIRECTION('',(0.E0,-1.E0,0.E0));
#4764=AXIS2_PLACEMENT_3D('',#4761,#4762,#4763);
#4765=PLANE('',#4764);
#4767=ORIENTED_EDGE('',*,*,#4766,.F.);
#4768=ORIENTED_EDGE('',*,*,#4229,.T.);
#4770=ORIENTED_EDGE('',*,*,#4769,.T.);
#4771=ORIENTED_EDGE('',*,*,#4740,.F.);
#4772=EDGE_LOOP('',(#4767,#4768,#4770,#4771));
#4773=FACE_OUTER_BOUND('',#4772,.F.);
#4774=ADVANCED_FACE('',(#4773),#4765,.T.);
#4775=CARTESIAN_POINT('',(-1.9E-1,1.69E-1,-1.66E-1));
#4776=DIRECTION('',(0.E0,0.E0,1.E0));
#4777=DIRECTION('',(1.E0,0.E0,0.E0));
#4778=AXIS2_PLACEMENT_3D('',#4775,#4776,#4777);
#4779=PLANE('',#4778);
#4780=ORIENTED_EDGE('',*,*,#3884,.T.);
#4782=ORIENTED_EDGE('',*,*,#4781,.T.);
#4784=ORIENTED_EDGE('',*,*,#4783,.T.);
#4785=ORIENTED_EDGE('',*,*,#4766,.T.);
#4786=ORIENTED_EDGE('',*,*,#4738,.T.);
#4788=ORIENTED_EDGE('',*,*,#4787,.T.);
#4790=ORIENTED_EDGE('',*,*,#4789,.T.);
#4792=ORIENTED_EDGE('',*,*,#4791,.T.);
#4794=ORIENTED_EDGE('',*,*,#4793,.T.);
#4796=ORIENTED_EDGE('',*,*,#4795,.T.);
#4798=ORIENTED_EDGE('',*,*,#4797,.T.);
#4800=ORIENTED_EDGE('',*,*,#4799,.T.);
#4802=ORIENTED_EDGE('',*,*,#4801,.T.);
#4804=ORIENTED_EDGE('',*,*,#4803,.T.);
#4806=ORIENTED_EDGE('',*,*,#4805,.T.);
#4808=ORIENTED_EDGE('',*,*,#4807,.T.);
#4809=EDGE_LOOP('',(#4780,#4782,#4784,#4785,#4786,#4788,#4790,#4792,#4794,#4796,
#4798,#4800,#4802,#4804,#4806,#4808));
#4810=FACE_OUTER_BOUND('',#4809,.F.);
#4811=ADVANCED_FACE('',(#4810),#4779,.F.);
#4812=CARTESIAN_POINT('',(1.45E-1,2.9E-2,-1.34E-1));
#4813=DIRECTION('',(-1.E0,0.E0,0.E0));
#4814=DIRECTION('',(0.E0,1.E0,0.E0));
#4815=AXIS2_PLACEMENT_3D('',#4812,#4813,#4814);
#4816=PLANE('',#4815);
#4817=ORIENTED_EDGE('',*,*,#4017,.T.);
#4819=ORIENTED_EDGE('',*,*,#4818,.T.);
#4820=ORIENTED_EDGE('',*,*,#4781,.F.);
#4821=ORIENTED_EDGE('',*,*,#3960,.F.);
#4822=EDGE_LOOP('',(#4817,#4819,#4820,#4821));
#4823=FACE_OUTER_BOUND('',#4822,.F.);
#4824=ADVANCED_FACE('',(#4823),#4816,.F.);
#4825=CARTESIAN_POINT('',(1.45E-1,6.854105316101E-2,-1.34E-1));
#4826=DIRECTION('',(-8.660254037844E-1,-5.E-1,0.E0));
#4827=DIRECTION('',(-5.E-1,8.660254037844E-1,0.E0));
#4828=AXIS2_PLACEMENT_3D('',#4825,#4826,#4827);
#4829=PLANE('',#4828);
#4830=ORIENTED_EDGE('',*,*,#4015,.T.);
#4831=ORIENTED_EDGE('',*,*,#4231,.F.);
#4832=ORIENTED_EDGE('',*,*,#4783,.F.);
#4833=ORIENTED_EDGE('',*,*,#4818,.F.);
#4834=EDGE_LOOP('',(#4830,#4831,#4832,#4833));
#4835=FACE_OUTER_BOUND('',#4834,.F.);
#4836=ADVANCED_FACE('',(#4835),#4829,.F.);
#4837=CARTESIAN_POINT('',(-1.9E-1,1.69E-1,-2.34E-1));
#4838=DIRECTION('',(0.E0,0.E0,1.E0));
#4839=DIRECTION('',(1.E0,0.E0,0.E0));
#4840=AXIS2_PLACEMENT_3D('',#4837,#4838,#4839);
#4841=PLANE('',#4840);
#4842=ORIENTED_EDGE('',*,*,#3888,.F.);
#4844=ORIENTED_EDGE('',*,*,#4843,.T.);
#4846=ORIENTED_EDGE('',*,*,#4845,.T.);
#4848=ORIENTED_EDGE('',*,*,#4847,.T.);
#4850=ORIENTED_EDGE('',*,*,#4849,.T.);
#4852=ORIENTED_EDGE('',*,*,#4851,.T.);
#4854=ORIENTED_EDGE('',*,*,#4853,.T.);
#4856=ORIENTED_EDGE('',*,*,#4855,.T.);
#4858=ORIENTED_EDGE('',*,*,#4857,.T.);
#4860=ORIENTED_EDGE('',*,*,#4859,.T.);
#4862=ORIENTED_EDGE('',*,*,#4861,.T.);
#4864=ORIENTED_EDGE('',*,*,#4863,.T.);
#4865=ORIENTED_EDGE('',*,*,#4742,.F.);
#4866=ORIENTED_EDGE('',*,*,#4769,.F.);
#4868=ORIENTED_EDGE('',*,*,#4867,.F.);
#4869=ORIENTED_EDGE('',*,*,#3941,.F.);
#4870=EDGE_LOOP('',(#4842,#4844,#4846,#4848,#4850,#4852,#4854,#4856,#4858,#4860,
#4862,#4864,#4865,#4866,#4868,#4869));
#4871=FACE_OUTER_BOUND('',#4870,.F.);
#4872=ADVANCED_FACE('',(#4871),#4841,.T.);
#4873=CARTESIAN_POINT('',(1.45E-1,6.854105316101E-2,-2.66E-1));
#4874=DIRECTION('',(8.660254037844E-1,5.E-1,0.E0));
#4875=DIRECTION('',(-5.E-1,8.660254037844E-1,0.E0));
#4876=AXIS2_PLACEMENT_3D('',#4873,#4874,#4875);
#4877=PLANE('',#4876);
#4878=ORIENTED_EDGE('',*,*,#4227,.F.);
#4879=ORIENTED_EDGE('',*,*,#3903,.F.);
#4880=ORIENTED_EDGE('',*,*,#3943,.T.);
#4881=ORIENTED_EDGE('',*,*,#4867,.T.);
#4882=EDGE_LOOP('',(#4878,#4879,#4880,#4881));
#4883=FACE_OUTER_BOUND('',#4882,.F.);
#4884=ADVANCED_FACE('',(#4883),#4877,.T.);
#4885=CARTESIAN_POINT('',(1.45E-1,6.854105316101E-2,-3.9E-1));
#4886=DIRECTION('',(8.660254037844E-1,5.E-1,0.E0));
#4887=DIRECTION('',(-5.E-1,8.660254037844E-1,0.E0));
#4888=AXIS2_PLACEMENT_3D('',#4885,#4886,#4887);
#4889=PLANE('',#4888);
#4890=ORIENTED_EDGE('',*,*,#4675,.T.);
#4891=ORIENTED_EDGE('',*,*,#4713,.T.);
#4892=ORIENTED_EDGE('',*,*,#4223,.T.);
#4893=ORIENTED_EDGE('',*,*,#4546,.F.);
#4894=EDGE_LOOP('',(#4890,#4891,#4892,#4893));
#4895=FACE_OUTER_BOUND('',#4894,.F.);
#4896=ADVANCED_FACE('',(#4895),#4889,.T.);
#4897=CARTESIAN_POINT('',(-1.75E-1,1.54E-1,-3.693138774470E-1));
#4898=DIRECTION('',(0.E0,0.E0,1.E0));
#4899=DIRECTION('',(0.E0,1.E0,0.E0));
#4900=AXIS2_PLACEMENT_3D('',#4897,#4898,#4899);
#4901=CYLINDRICAL_SURFACE('',#4900,1.5E-2);
#4902=ORIENTED_EDGE('',*,*,#4219,.T.);
#4903=ORIENTED_EDGE('',*,*,#4274,.T.);
#4905=ORIENTED_EDGE('',*,*,#4904,.T.);
#4906=ORIENTED_EDGE('',*,*,#4549,.F.);
#4907=EDGE_LOOP('',(#4902,#4903,#4905,#4906));
#4908=FACE_OUTER_BOUND('',#4907,.F.);
#4909=ADVANCED_FACE('',(#4908),#4901,.T.);
#4910=CARTESIAN_POINT('',(-1.9E-1,-1.11E-1,-1.5E-1));
#4911=DIRECTION('',(-1.E0,0.E0,0.E0));
#4912=DIRECTION('',(0.E0,1.E0,0.E0));
#4913=AXIS2_PLACEMENT_3D('',#4910,#4911,#4912);
#4914=PLANE('',#4913);
#4915=ORIENTED_EDGE('',*,*,#4904,.F.);
#4916=ORIENTED_EDGE('',*,*,#4272,.T.);
#4917=ORIENTED_EDGE('',*,*,#4368,.T.);
#4918=ORIENTED_EDGE('',*,*,#4551,.F.);
#4919=EDGE_LOOP('',(#4915,#4916,#4917,#4918));
#4920=FACE_OUTER_BOUND('',#4919,.F.);
#4921=ADVANCED_FACE('',(#4920),#4914,.T.);
#4922=CARTESIAN_POINT('',(1.9E-1,-1.6E-2,3.4E-2));
#4923=DIRECTION('',(0.E0,0.E0,1.E0));
#4924=DIRECTION('',(1.E0,0.E0,0.E0));
#4925=AXIS2_PLACEMENT_3D('',#4922,#4923,#4924);
#4926=PLANE('',#4925);
#4927=ORIENTED_EDGE('',*,*,#4001,.T.);
#4928=ORIENTED_EDGE('',*,*,#4260,.T.);
#4929=ORIENTED_EDGE('',*,*,#4246,.T.);
#4930=ORIENTED_EDGE('',*,*,#4071,.T.);
#4931=ORIENTED_EDGE('',*,*,#4101,.T.);
#4933=ORIENTED_EDGE('',*,*,#4932,.T.);
#4935=ORIENTED_EDGE('',*,*,#4934,.T.);
#4937=ORIENTED_EDGE('',*,*,#4936,.T.);
#4939=ORIENTED_EDGE('',*,*,#4938,.T.);
#4941=ORIENTED_EDGE('',*,*,#4940,.T.);
#4943=ORIENTED_EDGE('',*,*,#4942,.T.);
#4945=ORIENTED_EDGE('',*,*,#4944,.T.);
#4947=ORIENTED_EDGE('',*,*,#4946,.T.);
#4949=ORIENTED_EDGE('',*,*,#4948,.T.);
#4951=ORIENTED_EDGE('',*,*,#4950,.T.);
#4953=ORIENTED_EDGE('',*,*,#4952,.T.);
#4954=EDGE_LOOP('',(#4927,#4928,#4929,#4930,#4931,#4933,#4935,#4937,#4939,#4941,
#4943,#4945,#4947,#4949,#4951,#4953));
#4955=FACE_OUTER_BOUND('',#4954,.F.);
#4956=ADVANCED_FACE('',(#4955),#4926,.F.);
#4957=OPEN_SHELL('',(#3878,#3894,#3933,#3948,#3977,#3992,#4007,#4046,#4061,
#4077,#4091,#4106,#4143,#4157,#4193,#4206,#4235,#4250,#4264,#4300,#4315,#4331,
#4362,#4393,#4407,#4443,#4456,#4469,#4481,#4494,#4506,#4521,#4555,#4569,#4604,
#4616,#4629,#4642,#4654,#4666,#4680,#4718,#4732,#4748,#4760,#4774,#4811,#4824,
#4836,#4872,#4884,#4896,#4909,#4921,#4956));
#4958=DIRECTION('',(-1.E0,0.E0,0.E0));
#4959=VECTOR('',#4958,3.4E-1);
#4960=CARTESIAN_POINT('',(1.7E-1,-1.11E-1,-3.685E-1));
#4961=LINE('',#4960,#4959);
#4962=DIRECTION('',(0.E0,0.E0,1.E0));
#4963=VECTOR('',#4962,4.37E-1);
#4964=CARTESIAN_POINT('',(-1.7E-1,-1.11E-1,-3.685E-1));
#4965=LINE('',#4964,#4963);
#4966=DIRECTION('',(1.E0,0.E0,0.E0));
#4967=VECTOR('',#4966,3.4E-1);
#4968=CARTESIAN_POINT('',(-1.7E-1,-1.11E-1,6.85E-2));
#4969=LINE('',#4968,#4967);
#4970=DIRECTION('',(0.E0,0.E0,-1.E0));
#4971=VECTOR('',#4970,4.37E-1);
#4972=CARTESIAN_POINT('',(1.7E-1,-1.11E-1,6.85E-2));
#4973=LINE('',#4972,#4971);
#4974=CARTESIAN_POINT('',(-1.7E-1,-1.11E-1,-3.685E-1));
#4975=CARTESIAN_POINT('',(1.7E-1,-1.11E-1,-3.685E-1));
#4976=VERTEX_POINT('',#4974);
#4977=VERTEX_POINT('',#4975);
#4978=CARTESIAN_POINT('',(-1.7E-1,-1.11E-1,6.85E-2));
#4979=CARTESIAN_POINT('',(1.7E-1,-1.11E-1,6.85E-2));
#4980=VERTEX_POINT('',#4978);
#4981=VERTEX_POINT('',#4979);
#4982=CARTESIAN_POINT('',(-1.7E-1,-1.11E-1,-3.685E-1));
#4983=DIRECTION('',(0.E0,-1.E0,0.E0));
#4984=DIRECTION('',(1.E0,0.E0,0.E0));
#4985=AXIS2_PLACEMENT_3D('',#4982,#4983,#4984);
#4986=PLANE('',#4985);
#4988=ORIENTED_EDGE('',*,*,#4987,.T.);
#4990=ORIENTED_EDGE('',*,*,#4989,.T.);
#4992=ORIENTED_EDGE('',*,*,#4991,.T.);
#4994=ORIENTED_EDGE('',*,*,#4993,.T.);
#4995=EDGE_LOOP('',(#4988,#4990,#4992,#4994));
#4996=FACE_OUTER_BOUND('',#4995,.F.);
#4997=ADVANCED_FACE('',(#4996),#4986,.T.);
#4998=OPEN_SHELL('',(#4997));
#4999=CARTESIAN_POINT('',(0.E0,5.E-2,2.95E-2));
#5000=DIRECTION('',(0.E0,0.E0,1.E0));
#5001=DIRECTION('',(9.008101036505E-1,4.342132623046E-1,0.E0));
#5002=AXIS2_PLACEMENT_3D('',#4999,#5000,#5001);
#5004=DIRECTION('',(0.E0,0.E0,-1.E0));
#5005=VECTOR('',#5004,5.9E-2);
#5006=CARTESIAN_POINT('',(7.432987408135E-2,9.803456900036E-2,2.95E-2));
#5007=LINE('',#5006,#5005);
#5008=CARTESIAN_POINT('',(0.E0,5.E-2,-2.95E-2));
#5009=DIRECTION('',(0.E0,0.E0,-1.E0));
#5010=DIRECTION('',(8.398855828401E-1,5.427634915295E-1,0.E0));
#5011=AXIS2_PLACEMENT_3D('',#5008,#5009,#5010);
#5013=CARTESIAN_POINT('',(1.696864903805E-2,-3.685801603665E-2,-2.95E-2));
#5014=CARTESIAN_POINT('',(1.861435411641E-2,-3.653650982261E-2,
-2.880214395531E-2));
#5015=CARTESIAN_POINT('',(2.174488523650E-2,-3.582944679145E-2,
-2.715138622957E-2));
#5016=CARTESIAN_POINT('',(2.606071967993E-2,-3.461035418708E-2,
-2.382149310066E-2));
#5017=CARTESIAN_POINT('',(2.968262974618E-2,-3.339805270836E-2,
-1.987201214827E-2));
#5018=CARTESIAN_POINT('',(3.263390301628E-2,-3.227852263365E-2,
-1.529219985527E-2));
#5019=CARTESIAN_POINT('',(3.473686701106E-2,-3.140435328662E-2,
-1.037918514872E-2));
#5020=CARTESIAN_POINT('',(3.601049991635E-2,-3.084388775004E-2,
-5.148116171984E-3));
#5021=CARTESIAN_POINT('',(3.627449583082E-2,-3.072428972880E-2,
-1.721120141262E-3));
#5022=CARTESIAN_POINT('',(3.627449583082E-2,-3.072428972880E-2,0.E0));
#5024=CARTESIAN_POINT('',(3.627449583082E-2,-3.072428972880E-2,0.E0));
#5025=CARTESIAN_POINT('',(3.627449583082E-2,-3.072428972880E-2,
1.720306555847E-3));
#5026=CARTESIAN_POINT('',(3.601076669016E-2,-3.084376661248E-2,
5.146061436213E-3));
#5027=CARTESIAN_POINT('',(3.473766705234E-2,-3.140400873654E-2,
1.037675921862E-2));
#5028=CARTESIAN_POINT('',(3.263512923344E-2,-3.227802853045E-2,
1.528990370429E-2));
#5029=CARTESIAN_POINT('',(2.968357937347E-2,-3.339774698915E-2,
1.987109464759E-2));
#5030=CARTESIAN_POINT('',(2.605916556183E-2,-3.461084079110E-2,
2.382296485270E-2));
#5031=CARTESIAN_POINT('',(2.174490247518E-2,-3.582941579177E-2,
2.715124082349E-2));
#5032=CARTESIAN_POINT('',(1.861434663086E-2,-3.653651128500E-2,
2.880214712953E-2));
#5033=CARTESIAN_POINT('',(1.696864903805E-2,-3.685801603665E-2,2.95E-2));
#5035=CARTESIAN_POINT('',(0.E0,5.E-2,2.95E-2));
#5036=DIRECTION('',(0.E0,0.E0,1.E0));
#5037=DIRECTION('',(1.917361473226E-1,-9.814465088887E-1,0.E0));
#5038=AXIS2_PLACEMENT_3D('',#5035,#5036,#5037);
#5040=DIRECTION('',(0.E0,0.E0,-1.E0));
#5041=VECTOR('',#5040,5.9E-2);
#5042=CARTESIAN_POINT('',(8.330177697693E-2,2.011582438002E-2,2.95E-2));
#5043=LINE('',#5042,#5041);
#5044=CARTESIAN_POINT('',(0.E0,5.E-2,-2.95E-2));
#5045=DIRECTION('',(0.E0,0.E0,-1.E0));
#5046=DIRECTION('',(9.412630166885E-1,-3.376743007907E-1,0.E0));
#5047=AXIS2_PLACEMENT_3D('',#5044,#5045,#5046);
#5049=CARTESIAN_POINT('',(-2.763779439347E-2,-3.407379092835E-2,0.E0));
#5050=CARTESIAN_POINT('',(-2.763779439347E-2,-3.407379092835E-2,
-1.720291659465E-3));
#5051=CARTESIAN_POINT('',(-2.736302309524E-2,-3.416504528767E-2,
-5.146041965503E-3));
#5052=CARTESIAN_POINT('',(-2.603834135847E-2,-3.458914258287E-2,
-1.037677003767E-2));
#5053=CARTESIAN_POINT('',(-2.385584996480E-2,-3.523863046690E-2,
-1.529009790017E-2));
#5054=CARTESIAN_POINT('',(-2.080348798019E-2,-3.604367370527E-2,
-1.987113488405E-2));
#5055=CARTESIAN_POINT('',(-1.707212056598E-2,-3.687126976600E-2,
-2.382302016717E-2));
#5056=CARTESIAN_POINT('',(-1.265398451026E-2,-3.763222110650E-2,
-2.715135480709E-2));
#5057=CARTESIAN_POINT('',(-9.466764056313E-3,-3.800819158335E-2,
-2.880218167976E-2));
#5058=CARTESIAN_POINT('',(-7.796558064371E-3,-3.815590554438E-2,-2.95E-2));
#5060=CARTESIAN_POINT('',(0.E0,5.E-2,-2.95E-2));
#5061=DIRECTION('',(0.E0,0.E0,-1.E0));
#5062=DIRECTION('',(-8.809670129233E-2,-9.961119270551E-1,0.E0));
#5063=AXIS2_PLACEMENT_3D('',#5060,#5061,#5062);
#5065=DIRECTION('',(0.E0,0.E0,1.E0));
#5066=VECTOR('',#5065,5.9E-2);
#5067=CARTESIAN_POINT('',(-3.462030445202E-2,-3.144743408880E-2,-2.95E-2));
#5068=LINE('',#5067,#5066);
#5069=CARTESIAN_POINT('',(0.E0,5.E-2,2.95E-2));
#5070=DIRECTION('',(0.E0,0.E0,1.E0));
#5071=DIRECTION('',(-3.911898808138E-1,-9.203099897040E-1,0.E0));
#5072=AXIS2_PLACEMENT_3D('',#5069,#5070,#5071);
#5074=CARTESIAN_POINT('',(-7.796558064371E-3,-3.815590554438E-2,2.95E-2));
#5075=CARTESIAN_POINT('',(-9.466943671817E-3,-3.800817569805E-2,
2.880210663573E-2));
#5076=CARTESIAN_POINT('',(-1.265433967285E-2,-3.763219483748E-2,
2.715126326831E-2));
#5077=CARTESIAN_POINT('',(-1.707382891217E-2,-3.687092248861E-2,
2.382142485863E-2));
#5078=CARTESIAN_POINT('',(-2.080260712740E-2,-3.604385759666E-2,
1.987196127237E-2));
#5079=CARTESIAN_POINT('',(-2.385479707849E-2,-3.523893177636E-2,
1.529198793272E-2));
#5080=CARTESIAN_POINT('',(-2.603748906235E-2,-3.458940655212E-2,
1.037918856710E-2));
#5081=CARTESIAN_POINT('',(-2.736273705366E-2,-3.416514097691E-2,
5.148164301589E-3));
#5082=CARTESIAN_POINT('',(-2.763779439347E-2,-3.407379092835E-2,
1.721148040411E-3));
#5083=CARTESIAN_POINT('',(-2.763779439347E-2,-3.407379092835E-2,0.E0));
#5085=CARTESIAN_POINT('',(9.323384572782E-2,9.494107264853E-2,2.95E-2));
#5086=DIRECTION('',(0.E0,0.E0,-1.E0));
#5087=DIRECTION('',(5.233595624294E-2,-9.986295347546E-1,0.E0));
#5088=AXIS2_PLACEMENT_3D('',#5085,#5086,#5087);
#5090=DIRECTION('',(0.E0,0.E0,-1.E0));
#5091=VECTOR('',#5090,5.9E-2);
#5092=CARTESIAN_POINT('',(7.972169417307E-2,8.842787371396E-2,2.95E-2));
#5093=LINE('',#5092,#5091);
#5094=CARTESIAN_POINT('',(9.323384572782E-2,9.494107264853E-2,-2.95E-2));
#5095=DIRECTION('',(0.E0,0.E0,1.E0));
#5096=DIRECTION('',(-9.008101036505E-1,-4.342132623046E-1,0.E0));
#5097=AXIS2_PLACEMENT_3D('',#5094,#5095,#5096);
#5099=DIRECTION('',(0.E0,0.E0,-1.E0));
#5100=VECTOR('',#5099,5.9E-2);
#5101=CARTESIAN_POINT('',(9.401888507147E-2,7.996162962721E-2,2.95E-2));
#5102=LINE('',#5101,#5100);
#5103=DIRECTION('',(-9.979696625257E-1,-5.230137380482E-2,3.634720039469E-2));
#5104=VECTOR('',#5103,5.958126398245E-2);
#5105=CARTESIAN_POINT('',(1.534791789809E-1,8.307781158652E-2,
2.733438785826E-2));
#5106=LINE('',#5105,#5104);
#5107=DIRECTION('',(-9.979696625257E-1,-5.230137380482E-2,-3.634720039469E-2));
#5108=VECTOR('',#5107,5.958126398245E-2);
#5109=CARTESIAN_POINT('',(1.534791789809E-1,8.307781158652E-2,
-2.733438785826E-2));
#5110=LINE('',#5109,#5108);
#5111=DIRECTION('',(-5.233595624294E-2,9.986295347546E-1,0.E0));
#5112=VECTOR('',#5111,4.533425142701E-2);
#5113=CARTESIAN_POINT('',(1.665046397513E-1,3.602790555693E-2,
2.695084563348E-2));
#5114=LINE('',#5113,#5112);
#5115=DIRECTION('',(-5.233595624294E-2,9.986295347546E-1,0.E0));
#5116=VECTOR('',#5115,5.E-2);
#5117=CARTESIAN_POINT('',(9.663568288361E-2,3.003015288948E-2,2.95E-2));
#5118=LINE('',#5117,#5116);
#5119=CARTESIAN_POINT('',(1.797533162558E-1,5.942047212373E-2,
-1.196075730051E-2));
#5120=CARTESIAN_POINT('',(1.796941547399E-1,6.054934109524E-2,
-1.283637545009E-2));
#5121=CARTESIAN_POINT('',(1.794272962484E-1,6.273111939722E-2,
-1.453470493500E-2));
#5122=CARTESIAN_POINT('',(1.786489166207E-1,6.577557943254E-2,
-1.689977953939E-2));
#5123=CARTESIAN_POINT('',(1.775763405053E-1,6.852343071872E-2,
-1.901218172044E-2));
#5124=CARTESIAN_POINT('',(1.762832179455E-1,7.096796520414E-2,
-2.085504608847E-2));
#5125=CARTESIAN_POINT('',(1.748795500939E-1,7.305117454047E-2,
-2.237952998709E-2));
#5126=CARTESIAN_POINT('',(1.734551863282E-1,7.478720469967E-2,
-2.360023513063E-2));
#5127=CARTESIAN_POINT('',(1.719725079058E-1,7.631128592675E-2,
-2.461757696313E-2));
#5128=CARTESIAN_POINT('',(1.703044758937E-1,7.775747537368E-2,
-2.551179726507E-2));
#5129=CARTESIAN_POINT('',(1.684131263372E-1,7.911777072657E-2,
-2.625150587632E-2));
#5130=CARTESIAN_POINT('',(1.663294320597E-1,8.033197454882E-2,
-2.676801019913E-2));
#5131=CARTESIAN_POINT('',(1.648761479024E-1,8.100015726560E-2,
-2.692438898931E-2));
#5132=CARTESIAN_POINT('',(1.641320283523E-1,8.130002796793E-2,
-2.695084563348E-2));
#5134=CARTESIAN_POINT('',(1.665046397513E-1,3.602790555693E-2,
-2.695084563348E-2));
#5135=CARTESIAN_POINT('',(1.672172852500E-1,3.640600952373E-2,
-2.692424162997E-2));
#5136=CARTESIAN_POINT('',(1.685998228641E-1,3.722717558944E-2,
-2.676640927357E-2));
#5137=CARTESIAN_POINT('',(1.705527553570E-1,3.866032563593E-2,
-2.624552207298E-2));
#5138=CARTESIAN_POINT('',(1.722976639576E-1,4.021990743821E-2,
-2.549970670774E-2));
#5139=CARTESIAN_POINT('',(1.738108975998E-1,4.184355626369E-2,
-2.459748282390E-2));
#5140=CARTESIAN_POINT('',(1.751304611223E-1,4.352702526900E-2,
-2.357038079012E-2));
#5141=CARTESIAN_POINT('',(1.763657505065E-1,4.541338763130E-2,
-2.234039653956E-2));
#5142=CARTESIAN_POINT('',(1.775383319024E-1,4.763672298936E-2,
-2.081046858711E-2));
#5143=CARTESIAN_POINT('',(1.785584541877E-1,5.019724649503E-2,
-1.897004715219E-2));
#5144=CARTESIAN_POINT('',(1.793275999271E-1,5.302847077330E-2,
-1.686674231811E-2));
#5145=CARTESIAN_POINT('',(1.797761471652E-1,5.611811865342E-2,
-1.451600440890E-2));
#5146=CARTESIAN_POINT('',(1.798120311637E-1,5.830012494114E-2,
-1.282976544199E-2));
#5147=CARTESIAN_POINT('',(1.797533162558E-1,5.942047212373E-2,
-1.196075730051E-2));
#5149=CARTESIAN_POINT('',(1.665046397513E-1,3.602790555693E-2,
-2.695084563348E-2));
#5150=CARTESIAN_POINT('',(1.632473867961E-1,3.429972476376E-2,
-2.707244321489E-2));
#5151=CARTESIAN_POINT('',(1.597778075238E-1,3.333929142109E-2,
-2.720029135772E-2));
#5152=CARTESIAN_POINT('',(1.560959767930E-1,3.314633484879E-2,
-2.733438785826E-2));
#5154=CARTESIAN_POINT('',(1.560959767930E-1,3.314633484879E-2,
2.733438785826E-2));
#5155=CARTESIAN_POINT('',(1.597778075238E-1,3.333929142109E-2,
2.720029135772E-2));
#5156=CARTESIAN_POINT('',(1.632473867961E-1,3.429972476376E-2,
2.707244321489E-2));
#5157=CARTESIAN_POINT('',(1.665046397513E-1,3.602790555693E-2,
2.695084563348E-2));
#5159=CARTESIAN_POINT('',(1.797533162558E-1,5.942047212373E-2,
1.196075730051E-2));
#5160=CARTESIAN_POINT('',(1.798123068690E-1,5.829486417015E-2,
1.283384600996E-2));
#5161=CARTESIAN_POINT('',(1.797755682436E-1,5.610270325352E-2,
1.452790421242E-2));
#5162=CARTESIAN_POINT('',(1.793219413810E-1,5.299837805691E-2,
1.688948629391E-2));
#5163=CARTESIAN_POINT('',(1.785451084333E-1,5.015597250019E-2,
1.900034689120E-2));
#5164=CARTESIAN_POINT('',(1.775169528730E-1,4.759011207254E-2,
2.084335276199E-2));
#5165=CARTESIAN_POINT('',(1.763401690680E-1,4.537039043292E-2,
2.236920413744E-2));
#5166=CARTESIAN_POINT('',(1.751064226053E-1,4.349414061551E-2,
2.359103825109E-2));
#5167=CARTESIAN_POINT('',(1.737918845205E-1,4.182179301988E-2,
2.461006661582E-2));
#5168=CARTESIAN_POINT('',(1.722823938138E-1,4.020525698799E-2,
2.550719941018E-2));
#5169=CARTESIAN_POINT('',(1.705410890104E-1,3.865111133044E-2,
2.624931357376E-2));
#5170=CARTESIAN_POINT('',(1.685922089443E-1,3.722241238564E-2,
2.676755964543E-2));
#5171=CARTESIAN_POINT('',(1.672144714139E-1,3.640451660387E-2,
2.692434667421E-2));
#5172=CARTESIAN_POINT('',(1.665046397513E-1,3.602790555693E-2,
2.695084563348E-2));
#5174=CARTESIAN_POINT('',(1.641320283523E-1,8.130002796793E-2,
2.695084563348E-2));
#5175=CARTESIAN_POINT('',(1.648790923425E-1,8.099897069377E-2,
2.692428430183E-2));
#5176=CARTESIAN_POINT('',(1.663374764206E-1,8.032804698645E-2,
2.676686487189E-2));
#5177=CARTESIAN_POINT('',(1.684256529021E-1,7.910985680092E-2,
2.624773235958E-2));
#5178=CARTESIAN_POINT('',(1.703211586595E-1,7.774454365604E-2,
2.550433527027E-2));
#5179=CARTESIAN_POINT('',(1.719937017778E-1,7.629164830148E-2,
2.460501379882E-2));
#5180=CARTESIAN_POINT('',(1.734825584398E-1,7.475702468060E-2,
2.357959482476E-2));
#5181=CARTESIAN_POINT('',(1.749095113826E-1,7.301111345380E-2,
2.235075030477E-2));
#5182=CARTESIAN_POINT('',(1.763094140741E-1,7.092381834342E-2,
2.082214947914E-2));
#5183=CARTESIAN_POINT('',(1.775940022292E-1,6.848368761010E-2,
1.898181648070E-2));
#5184=CARTESIAN_POINT('',(1.786577470052E-1,6.574611830966E-2,
1.687693978915E-2));
#5185=CARTESIAN_POINT('',(1.794295067297E-1,6.271573285119E-2,
1.452271453783E-2));
#5186=CARTESIAN_POINT('',(1.796944329291E-1,6.054403292864E-2,
1.283225811926E-2));
#5187=CARTESIAN_POINT('',(1.797533162558E-1,5.942047212373E-2,
1.196075730051E-2));
#5189=CARTESIAN_POINT('',(1.641320283523E-1,8.130002796793E-2,
2.695084563348E-2));
#5190=CARTESIAN_POINT('',(1.607119748870E-1,8.267826596E-2,2.707244321489E-2));
#5191=CARTESIAN_POINT('',(1.571610097116E-1,8.327076815881E-2,
2.720029135772E-2));
#5192=CARTESIAN_POINT('',(1.534791789809E-1,8.307781158652E-2,
2.733438785826E-2));
#5194=DIRECTION('',(0.E0,0.E0,-1.E0));
#5195=VECTOR('',#5194,5.466877571652E-2);
#5196=CARTESIAN_POINT('',(1.534791789809E-1,8.307781158652E-2,
2.733438785826E-2));
#5197=LINE('',#5196,#5195);
#5198=CARTESIAN_POINT('',(1.534791789809E-1,8.307781158652E-2,
-2.733438785826E-2));
#5199=CARTESIAN_POINT('',(1.571610097116E-1,8.327076815881E-2,
-2.720029135772E-2));
#5200=CARTESIAN_POINT('',(1.607119748870E-1,8.267826596E-2,-2.707244321489E-2));
#5201=CARTESIAN_POINT('',(1.641320283523E-1,8.130002796793E-2,
-2.695084563348E-2));
#5203=DIRECTION('',(5.233595624294E-2,-9.986295347546E-1,0.E0));
#5204=VECTOR('',#5203,4.533425142701E-2);
#5205=CARTESIAN_POINT('',(1.641320283523E-1,8.130002796793E-2,
-2.695084563348E-2));
#5206=LINE('',#5205,#5204);
#5207=DIRECTION('',(5.233595624294E-2,-9.986295347546E-1,0.E0));
#5208=VECTOR('',#5207,5.E-2);
#5209=CARTESIAN_POINT('',(9.401888507147E-2,7.996162962721E-2,-2.95E-2));
#5210=LINE('',#5209,#5208);
#5211=DIRECTION('',(-9.979696625257E-1,-5.230137380482E-2,3.634720039469E-2));
#5212=VECTOR('',#5211,5.958126398245E-2);
#5213=CARTESIAN_POINT('',(1.560959767930E-1,3.314633484879E-2,
2.733438785826E-2));
#5214=LINE('',#5213,#5212);
#5215=DIRECTION('',(0.E0,0.E0,-1.E0));
#5216=VECTOR('',#5215,5.466877571652E-2);
#5217=CARTESIAN_POINT('',(1.560959767930E-1,3.314633484879E-2,
2.733438785826E-2));
#5218=LINE('',#5217,#5216);
#5219=DIRECTION('',(-9.979696625257E-1,-5.230137380482E-2,-3.634720039469E-2));
#5220=VECTOR('',#5219,5.958126398245E-2);
#5221=CARTESIAN_POINT('',(1.560959767930E-1,3.314633484879E-2,
-2.733438785826E-2));
#5222=LINE('',#5221,#5220);
#5223=DIRECTION('',(0.E0,0.E0,1.E0));
#5224=VECTOR('',#5223,5.9E-2);
#5225=CARTESIAN_POINT('',(9.663568288361E-2,3.003015288948E-2,-2.95E-2));
#5226=LINE('',#5225,#5224);
#5227=CARTESIAN_POINT('',(7.432987408135E-2,9.803456900036E-2,2.95E-2));
#5228=CARTESIAN_POINT('',(7.432987408135E-2,9.803456900036E-2,-2.95E-2));
#5229=VERTEX_POINT('',#5227);
#5230=VERTEX_POINT('',#5228);
#5231=CARTESIAN_POINT('',(-3.462030445202E-2,-3.144743408880E-2,2.95E-2));
#5232=CARTESIAN_POINT('',(-3.462030445202E-2,-3.144743408880E-2,-2.95E-2));
#5233=VERTEX_POINT('',#5231);
#5234=VERTEX_POINT('',#5232);
#5235=CARTESIAN_POINT('',(7.972169417307E-2,8.842787371396E-2,2.95E-2));
#5236=CARTESIAN_POINT('',(7.972169417307E-2,8.842787371396E-2,-2.95E-2));
#5237=VERTEX_POINT('',#5235);
#5238=VERTEX_POINT('',#5236);
#5239=CARTESIAN_POINT('',(8.330177697693E-2,2.011582438002E-2,-2.95E-2));
#5240=CARTESIAN_POINT('',(8.330177697693E-2,2.011582438002E-2,2.95E-2));
#5241=VERTEX_POINT('',#5239);
#5242=VERTEX_POINT('',#5240);
#5243=CARTESIAN_POINT('',(9.663568288361E-2,3.003015288948E-2,-2.95E-2));
#5244=CARTESIAN_POINT('',(9.401888507147E-2,7.996162962721E-2,-2.95E-2));
#5245=VERTEX_POINT('',#5243);
#5246=VERTEX_POINT('',#5244);
#5247=CARTESIAN_POINT('',(1.534791789809E-1,8.307781158652E-2,
-2.733438785826E-2));
#5248=VERTEX_POINT('',#5247);
#5249=CARTESIAN_POINT('',(1.560959767930E-1,3.314633484879E-2,
-2.733438785826E-2));
#5250=VERTEX_POINT('',#5249);
#5251=CARTESIAN_POINT('',(9.663568288361E-2,3.003015288948E-2,2.95E-2));
#5252=CARTESIAN_POINT('',(9.401888507147E-2,7.996162962721E-2,2.95E-2));
#5253=VERTEX_POINT('',#5251);
#5254=VERTEX_POINT('',#5252);
#5255=CARTESIAN_POINT('',(1.534791789809E-1,8.307781158652E-2,
2.733438785826E-2));
#5256=VERTEX_POINT('',#5255);
#5257=CARTESIAN_POINT('',(1.560959767930E-1,3.314633484879E-2,
2.733438785826E-2));
#5258=VERTEX_POINT('',#5257);
#5259=VERTEX_POINT('',#5022);
#5260=VERTEX_POINT('',#5013);
#5261=VERTEX_POINT('',#5058);
#5262=VERTEX_POINT('',#5049);
#5263=VERTEX_POINT('',#5033);
#5264=VERTEX_POINT('',#5074);
#5265=VERTEX_POINT('',#5174);
#5266=VERTEX_POINT('',#5187);
#5267=VERTEX_POINT('',#5172);
#5268=VERTEX_POINT('',#5119);
#5269=VERTEX_POINT('',#5132);
#5270=VERTEX_POINT('',#5134);
#5271=CARTESIAN_POINT('',(0.E0,5.E-2,2.95E-2));
#5272=DIRECTION('',(0.E0,0.E0,-1.E0));
#5273=DIRECTION('',(-9.986295347546E-1,-5.233595624294E-2,0.E0));
#5274=AXIS2_PLACEMENT_3D('',#5271,#5272,#5273);
#5275=CYLINDRICAL_SURFACE('',#5274,8.85E-2);
#5277=ORIENTED_EDGE('',*,*,#5276,.F.);
#5279=ORIENTED_EDGE('',*,*,#5278,.T.);
#5281=ORIENTED_EDGE('',*,*,#5280,.T.);
#5283=ORIENTED_EDGE('',*,*,#5282,.T.);
#5284=EDGE_LOOP('',(#5277,#5279,#5281,#5283));
#5285=FACE_OUTER_BOUND('',#5284,.F.);
#5286=ADVANCED_FACE('',(#5285),#5275,.T.);
#5287=CARTESIAN_POINT('',(0.E0,5.E-2,2.95E-2));
#5288=DIRECTION('',(0.E0,0.E0,-1.E0));
#5289=DIRECTION('',(-9.986295347546E-1,-5.233595624294E-2,0.E0));
#5290=AXIS2_PLACEMENT_3D('',#5287,#5288,#5289);
#5291=CYLINDRICAL_SURFACE('',#5290,8.85E-2);
#5293=ORIENTED_EDGE('',*,*,#5292,.T.);
#5295=ORIENTED_EDGE('',*,*,#5294,.T.);
#5297=ORIENTED_EDGE('',*,*,#5296,.T.);
#5299=ORIENTED_EDGE('',*,*,#5298,.T.);
#5301=ORIENTED_EDGE('',*,*,#5300,.T.);
#5302=EDGE_LOOP('',(#5293,#5295,#5297,#5299,#5301));
#5303=FACE_OUTER_BOUND('',#5302,.F.);
#5304=ADVANCED_FACE('',(#5303),#5291,.T.);
#5305=CARTESIAN_POINT('',(0.E0,5.E-2,2.95E-2));
#5306=DIRECTION('',(0.E0,0.E0,-1.E0));
#5307=DIRECTION('',(-9.986295347546E-1,-5.233595624294E-2,0.E0));
#5308=AXIS2_PLACEMENT_3D('',#5305,#5306,#5307);
#5309=CYLINDRICAL_SURFACE('',#5308,8.85E-2);
#5311=ORIENTED_EDGE('',*,*,#5310,.T.);
#5313=ORIENTED_EDGE('',*,*,#5312,.T.);
#5315=ORIENTED_EDGE('',*,*,#5314,.T.);
#5317=ORIENTED_EDGE('',*,*,#5316,.T.);
#5319=ORIENTED_EDGE('',*,*,#5318,.T.);
#5320=EDGE_LOOP('',(#5311,#5313,#5315,#5317,#5319));
#5321=FACE_OUTER_BOUND('',#5320,.F.);
#5322=ADVANCED_FACE('',(#5321),#5309,.T.);
#5323=CARTESIAN_POINT('',(9.323384572782E-2,9.494107264853E-2,
2.992536688540E-2));
#5324=DIRECTION('',(0.E0,0.E0,-1.E0));
#5325=DIRECTION('',(5.233595624294E-2,-9.986295347546E-1,0.E0));
#5326=AXIS2_PLACEMENT_3D('',#5323,#5324,#5325);
#5327=CYLINDRICAL_SURFACE('',#5326,1.5E-2);
#5329=ORIENTED_EDGE('',*,*,#5328,.T.);
#5330=ORIENTED_EDGE('',*,*,#5276,.T.);
#5332=ORIENTED_EDGE('',*,*,#5331,.T.);
#5334=ORIENTED_EDGE('',*,*,#5333,.F.);
#5335=EDGE_LOOP('',(#5329,#5330,#5332,#5334));
#5336=FACE_OUTER_BOUND('',#5335,.F.);
#5337=ADVANCED_FACE('',(#5336),#5327,.F.);
#5338=CARTESIAN_POINT('',(8.347077875682E-2,7.940882679962E-2,2.95E-2));
#5339=DIRECTION('',(-5.233595624294E-2,9.986295347546E-1,0.E0));
#5340=DIRECTION('',(9.986295347546E-1,5.233595624294E-2,0.E0));
#5341=AXIS2_PLACEMENT_3D('',#5338,#5339,#5340);
#5342=PLANE('',#5341);
#5344=ORIENTED_EDGE('',*,*,#5343,.T.);
#5345=ORIENTED_EDGE('',*,*,#5333,.T.);
#5347=ORIENTED_EDGE('',*,*,#5346,.F.);
#5349=ORIENTED_EDGE('',*,*,#5348,.F.);
#5350=EDGE_LOOP('',(#5344,#5345,#5347,#5349));
#5351=FACE_OUTER_BOUND('',#5350,.F.);
#5352=ADVANCED_FACE('',(#5351),#5342,.T.);
#5353=CARTESIAN_POINT('',(9.401888507147E-2,7.996162962721E-2,2.95E-2));
#5354=DIRECTION('',(3.629738781978E-2,1.902265489410E-3,9.993392221981E-1));
#5355=DIRECTION('',(9.979696625257E-1,5.230137380482E-2,-3.634720039469E-2));
#5356=AXIS2_PLACEMENT_3D('',#5353,#5354,#5355);
#5357=PLANE('',#5356);
#5359=ORIENTED_EDGE('',*,*,#5358,.F.);
#5361=ORIENTED_EDGE('',*,*,#5360,.F.);
#5363=ORIENTED_EDGE('',*,*,#5362,.T.);
#5365=ORIENTED_EDGE('',*,*,#5364,.T.);
#5366=ORIENTED_EDGE('',*,*,#5343,.F.);
#5368=ORIENTED_EDGE('',*,*,#5367,.F.);
#5369=EDGE_LOOP('',(#5359,#5361,#5363,#5365,#5366,#5368));
#5370=FACE_OUTER_BOUND('',#5369,.F.);
#5371=ADVANCED_FACE('',(#5370),#5357,.T.);
#5372=CARTESIAN_POINT('',(1.599040863966E-1,1.515565010741E-1,
1.196075730051E-2));
#5373=DIRECTION('',(-5.233595624294E-2,9.986295347546E-1,0.E0));
#5374=DIRECTION('',(-9.986295347546E-1,-5.233595624294E-2,0.E0));
#5375=AXIS2_PLACEMENT_3D('',#5372,#5373,#5374);
#5376=CYLINDRICAL_SURFACE('',#5375,1.5E-2);
#5378=ORIENTED_EDGE('',*,*,#5377,.T.);
#5380=ORIENTED_EDGE('',*,*,#5379,.T.);
#5381=ORIENTED_EDGE('',*,*,#5358,.T.);
#5382=EDGE_LOOP('',(#5378,#5380,#5381));
#5383=FACE_OUTER_BOUND('',#5382,.F.);
#5384=ADVANCED_FACE('',(#5383),#5376,.T.);
#5385=CARTESIAN_POINT('',(1.547875778870E-1,5.811207321766E-2,2.95E-2));
#5386=DIRECTION('',(0.E0,0.E0,-1.E0));
#5387=DIRECTION('',(-9.986295347546E-1,-5.233595624294E-2,0.E0));
#5388=AXIS2_PLACEMENT_3D('',#5385,#5386,#5387);
#5389=CYLINDRICAL_SURFACE('',#5388,2.5E-2);
#5391=ORIENTED_EDGE('',*,*,#5390,.F.);
#5393=ORIENTED_EDGE('',*,*,#5392,.F.);
#5395=ORIENTED_EDGE('',*,*,#5394,.T.);
#5397=ORIENTED_EDGE('',*,*,#5396,.F.);
#5398=ORIENTED_EDGE('',*,*,#5360,.T.);
#5399=ORIENTED_EDGE('',*,*,#5379,.F.);
#5400=ORIENTED_EDGE('',*,*,#5377,.F.);
#5401=ORIENTED_EDGE('',*,*,#5367,.T.);
#5402=ORIENTED_EDGE('',*,*,#5348,.T.);
#5404=ORIENTED_EDGE('',*,*,#5403,.T.);
#5405=EDGE_LOOP('',(#5391,#5393,#5395,#5397,#5398,#5399,#5400,#5401,#5402,
#5404));
#5406=FACE_OUTER_BOUND('',#5405,.F.);
#5407=ADVANCED_FACE('',(#5406),#5389,.T.);
#5408=CARTESIAN_POINT('',(1.599040863966E-1,1.515565010741E-1,
-1.196075730051E-2));
#5409=DIRECTION('',(5.233595624294E-2,-9.986295347546E-1,0.E0));
#5410=DIRECTION('',(-9.986295347546E-1,-5.233595624294E-2,0.E0));
#5411=AXIS2_PLACEMENT_3D('',#5408,#5409,#5410);
#5412=CYLINDRICAL_SURFACE('',#5411,1.5E-2);
#5413=ORIENTED_EDGE('',*,*,#5390,.T.);
#5415=ORIENTED_EDGE('',*,*,#5414,.T.);
#5416=ORIENTED_EDGE('',*,*,#5392,.T.);
#5417=EDGE_LOOP('',(#5413,#5415,#5416));
#5418=FACE_OUTER_BOUND('',#5417,.F.);
#5419=ADVANCED_FACE('',(#5418),#5412,.T.);
#5420=CARTESIAN_POINT('',(9.401888507147E-2,7.996162962721E-2,-2.95E-2));
#5421=DIRECTION('',(-3.629738781978E-2,-1.902265489410E-3,9.993392221981E-1));
#5422=DIRECTION('',(9.979696625257E-1,5.230137380482E-2,3.634720039469E-2));
#5423=AXIS2_PLACEMENT_3D('',#5420,#5421,#5422);
#5424=PLANE('',#5423);
#5425=ORIENTED_EDGE('',*,*,#5414,.F.);
#5426=ORIENTED_EDGE('',*,*,#5403,.F.);
#5427=ORIENTED_EDGE('',*,*,#5346,.T.);
#5429=ORIENTED_EDGE('',*,*,#5428,.T.);
#5431=ORIENTED_EDGE('',*,*,#5430,.F.);
#5432=ORIENTED_EDGE('',*,*,#5394,.F.);
#5433=EDGE_LOOP('',(#5425,#5426,#5427,#5429,#5431,#5432));
#5434=FACE_OUTER_BOUND('',#5433,.F.);
#5435=ADVANCED_FACE('',(#5434),#5424,.F.);
#5436=CARTESIAN_POINT('',(1.560959767930E-1,3.314633484879E-2,2.95E-2));
#5437=DIRECTION('',(5.233595624294E-2,-9.986295347546E-1,0.E0));
#5438=DIRECTION('',(-9.986295347546E-1,-5.233595624294E-2,0.E0));
#5439=AXIS2_PLACEMENT_3D('',#5436,#5437,#5438);
#5440=PLANE('',#5439);
#5441=ORIENTED_EDGE('',*,*,#5362,.F.);
#5442=ORIENTED_EDGE('',*,*,#5396,.T.);
#5443=ORIENTED_EDGE('',*,*,#5430,.T.);
#5445=ORIENTED_EDGE('',*,*,#5444,.T.);
#5446=EDGE_LOOP('',(#5441,#5442,#5443,#5445));
#5447=FACE_OUTER_BOUND('',#5446,.F.);
#5448=ADVANCED_FACE('',(#5447),#5440,.T.);
#5449=OPEN_SHELL('',(#5286,#5304,#5322,#5337,#5352,#5371,#5384,#5407,#5419,
#5435,#5448));
#5450=CARTESIAN_POINT('',(0.E0,5.E-2,-7.05E-2));
#5451=DIRECTION('',(0.E0,0.E0,1.E0));
#5452=DIRECTION('',(9.008101036505E-1,4.342132623046E-1,0.E0));
#5453=AXIS2_PLACEMENT_3D('',#5450,#5451,#5452);
#5455=DIRECTION('',(0.E0,0.E0,-1.E0));
#5456=VECTOR('',#5455,5.9E-2);
#5457=CARTESIAN_POINT('',(7.432987408135E-2,9.803456900036E-2,-7.05E-2));
#5458=LINE('',#5457,#5456);
#5459=CARTESIAN_POINT('',(0.E0,5.E-2,-1.295E-1));
#5460=DIRECTION('',(0.E0,0.E0,-1.E0));
#5461=DIRECTION('',(8.398855828401E-1,5.427634915295E-1,0.E0));
#5462=AXIS2_PLACEMENT_3D('',#5459,#5460,#5461);
#5464=CARTESIAN_POINT('',(1.696864903805E-2,-3.685801603665E-2,-1.295E-1));
#5465=CARTESIAN_POINT('',(1.861435411641E-2,-3.653650982261E-2,
-1.288021439553E-1));
#5466=CARTESIAN_POINT('',(2.174488523650E-2,-3.582944679145E-2,
-1.271513862296E-1));
#5467=CARTESIAN_POINT('',(2.606071967993E-2,-3.461035418708E-2,
-1.238214931007E-1));
#5468=CARTESIAN_POINT('',(2.968262974618E-2,-3.339805270836E-2,
-1.198720121483E-1));
#5469=CARTESIAN_POINT('',(3.263390301628E-2,-3.227852263365E-2,
-1.152921998553E-1));
#5470=CARTESIAN_POINT('',(3.473686701106E-2,-3.140435328662E-2,
-1.103791851487E-1));
#5471=CARTESIAN_POINT('',(3.601049991635E-2,-3.084388775004E-2,
-1.051481161720E-1));
#5472=CARTESIAN_POINT('',(3.627449583082E-2,-3.072428972880E-2,
-1.017211201413E-1));
#5473=CARTESIAN_POINT('',(3.627449583082E-2,-3.072428972880E-2,-1.E-1));
#5475=CARTESIAN_POINT('',(3.627449583082E-2,-3.072428972880E-2,-1.E-1));
#5476=CARTESIAN_POINT('',(3.627449583082E-2,-3.072428972880E-2,
-9.827969344415E-2));
#5477=CARTESIAN_POINT('',(3.601076669016E-2,-3.084376661248E-2,
-9.485393856379E-2));
#5478=CARTESIAN_POINT('',(3.473766705234E-2,-3.140400873654E-2,
-8.962324078138E-2));
#5479=CARTESIAN_POINT('',(3.263512923344E-2,-3.227802853045E-2,
-8.471009629571E-2));
#5480=CARTESIAN_POINT('',(2.968357937347E-2,-3.339774698915E-2,
-8.012890535241E-2));
#5481=CARTESIAN_POINT('',(2.605916556183E-2,-3.461084079110E-2,
-7.617703514730E-2));
#5482=CARTESIAN_POINT('',(2.174490247518E-2,-3.582941579177E-2,
-7.284875917651E-2));
#5483=CARTESIAN_POINT('',(1.861434663086E-2,-3.653651128500E-2,
-7.119785287047E-2));
#5484=CARTESIAN_POINT('',(1.696864903805E-2,-3.685801603665E-2,-7.05E-2));
#5486=CARTESIAN_POINT('',(0.E0,5.E-2,-7.05E-2));
#5487=DIRECTION('',(0.E0,0.E0,1.E0));
#5488=DIRECTION('',(1.917361473226E-1,-9.814465088887E-1,0.E0));
#5489=AXIS2_PLACEMENT_3D('',#5486,#5487,#5488);
#5491=DIRECTION('',(0.E0,0.E0,-1.E0));
#5492=VECTOR('',#5491,5.9E-2);
#5493=CARTESIAN_POINT('',(8.330177697693E-2,2.011582438002E-2,-7.05E-2));
#5494=LINE('',#5493,#5492);
#5495=CARTESIAN_POINT('',(0.E0,5.E-2,-1.295E-1));
#5496=DIRECTION('',(0.E0,0.E0,-1.E0));
#5497=DIRECTION('',(9.412630166885E-1,-3.376743007907E-1,0.E0));
#5498=AXIS2_PLACEMENT_3D('',#5495,#5496,#5497);
#5500=CARTESIAN_POINT('',(-2.763779439347E-2,-3.407379092835E-2,-1.E-1));
#5501=CARTESIAN_POINT('',(-2.763779439347E-2,-3.407379092835E-2,
-1.017202916595E-1));
#5502=CARTESIAN_POINT('',(-2.736302309524E-2,-3.416504528767E-2,
-1.051460419655E-1));
#5503=CARTESIAN_POINT('',(-2.603834135847E-2,-3.458914258287E-2,
-1.103767700377E-1));
#5504=CARTESIAN_POINT('',(-2.385584996480E-2,-3.523863046690E-2,
-1.152900979002E-1));
#5505=CARTESIAN_POINT('',(-2.080348798019E-2,-3.604367370527E-2,
-1.198711348841E-1));
#5506=CARTESIAN_POINT('',(-1.707212056598E-2,-3.687126976600E-2,
-1.238230201672E-1));
#5507=CARTESIAN_POINT('',(-1.265398451026E-2,-3.763222110650E-2,
-1.271513548071E-1));
#5508=CARTESIAN_POINT('',(-9.466764056313E-3,-3.800819158335E-2,
-1.288021816798E-1));
#5509=CARTESIAN_POINT('',(-7.796558064371E-3,-3.815590554438E-2,-1.295E-1));
#5511=CARTESIAN_POINT('',(0.E0,5.E-2,-1.295E-1));
#5512=DIRECTION('',(0.E0,0.E0,-1.E0));
#5513=DIRECTION('',(-8.809670129233E-2,-9.961119270551E-1,0.E0));
#5514=AXIS2_PLACEMENT_3D('',#5511,#5512,#5513);
#5516=DIRECTION('',(0.E0,0.E0,1.E0));
#5517=VECTOR('',#5516,5.9E-2);
#5518=CARTESIAN_POINT('',(-3.462030445202E-2,-3.144743408880E-2,-1.295E-1));
#5519=LINE('',#5518,#5517);
#5520=CARTESIAN_POINT('',(0.E0,5.E-2,-7.05E-2));
#5521=DIRECTION('',(0.E0,0.E0,1.E0));
#5522=DIRECTION('',(-3.911898808138E-1,-9.203099897040E-1,0.E0));
#5523=AXIS2_PLACEMENT_3D('',#5520,#5521,#5522);
#5525=CARTESIAN_POINT('',(-7.796558064371E-3,-3.815590554438E-2,-7.05E-2));
#5526=CARTESIAN_POINT('',(-9.466943671817E-3,-3.800817569805E-2,
-7.119789336427E-2));
#5527=CARTESIAN_POINT('',(-1.265433967285E-2,-3.763219483748E-2,
-7.284873673169E-2));
#5528=CARTESIAN_POINT('',(-1.707382891217E-2,-3.687092248861E-2,
-7.617857514137E-2));
#5529=CARTESIAN_POINT('',(-2.080260712740E-2,-3.604385759666E-2,
-8.012803872763E-2));
#5530=CARTESIAN_POINT('',(-2.385479707849E-2,-3.523893177636E-2,
-8.470801206728E-2));
#5531=CARTESIAN_POINT('',(-2.603748906235E-2,-3.458940655212E-2,
-8.962081143290E-2));
#5532=CARTESIAN_POINT('',(-2.736273705366E-2,-3.416514097691E-2,
-9.485183569841E-2));
#5533=CARTESIAN_POINT('',(-2.763779439347E-2,-3.407379092835E-2,
-9.827885195959E-2));
#5534=CARTESIAN_POINT('',(-2.763779439347E-2,-3.407379092835E-2,-1.E-1));
#5536=CARTESIAN_POINT('',(9.323384572782E-2,9.494107264853E-2,-7.05E-2));
#5537=DIRECTION('',(0.E0,0.E0,-1.E0));
#5538=DIRECTION('',(5.233595624294E-2,-9.986295347546E-1,0.E0));
#5539=AXIS2_PLACEMENT_3D('',#5536,#5537,#5538);
#5541=DIRECTION('',(0.E0,0.E0,-1.E0));
#5542=VECTOR('',#5541,5.9E-2);
#5543=CARTESIAN_POINT('',(7.972169417307E-2,8.842787371396E-2,-7.05E-2));
#5544=LINE('',#5543,#5542);
#5545=CARTESIAN_POINT('',(9.323384572782E-2,9.494107264853E-2,-1.295E-1));
#5546=DIRECTION('',(0.E0,0.E0,1.E0));
#5547=DIRECTION('',(-9.008101036505E-1,-4.342132623046E-1,0.E0));
#5548=AXIS2_PLACEMENT_3D('',#5545,#5546,#5547);
#5550=DIRECTION('',(0.E0,0.E0,-1.E0));
#5551=VECTOR('',#5550,5.9E-2);
#5552=CARTESIAN_POINT('',(9.401888507147E-2,7.996162962721E-2,-7.05E-2));
#5553=LINE('',#5552,#5551);
#5554=DIRECTION('',(-9.979696625257E-1,-5.230137380482E-2,3.634720039469E-2));
#5555=VECTOR('',#5554,5.958126398245E-2);
#5556=CARTESIAN_POINT('',(1.534791789809E-1,8.307781158652E-2,
-7.266561214174E-2));
#5557=LINE('',#5556,#5555);
#5558=DIRECTION('',(-9.979696625257E-1,-5.230137380482E-2,-3.634720039469E-2));
#5559=VECTOR('',#5558,5.958126398245E-2);
#5560=CARTESIAN_POINT('',(1.534791789809E-1,8.307781158652E-2,
-1.273343878583E-1));
#5561=LINE('',#5560,#5559);
#5562=DIRECTION('',(-5.233595624294E-2,9.986295347546E-1,0.E0));
#5563=VECTOR('',#5562,4.533425142701E-2);
#5564=CARTESIAN_POINT('',(1.665046397513E-1,3.602790555693E-2,
-7.304915436652E-2));
#5565=LINE('',#5564,#5563);
#5566=DIRECTION('',(-5.233595624294E-2,9.986295347546E-1,0.E0));
#5567=VECTOR('',#5566,5.E-2);
#5568=CARTESIAN_POINT('',(9.663568288361E-2,3.003015288948E-2,-7.05E-2));
#5569=LINE('',#5568,#5567);
#5570=CARTESIAN_POINT('',(1.797533162558E-1,5.942047212373E-2,
-1.119607573005E-1));
#5571=CARTESIAN_POINT('',(1.796941547399E-1,6.054934109524E-2,
-1.128363754501E-1));
#5572=CARTESIAN_POINT('',(1.794272962484E-1,6.273111939722E-2,
-1.145347049350E-1));
#5573=CARTESIAN_POINT('',(1.786489166207E-1,6.577557943254E-2,
-1.168997795394E-1));
#5574=CARTESIAN_POINT('',(1.775763405053E-1,6.852343071872E-2,
-1.190121817204E-1));
#5575=CARTESIAN_POINT('',(1.762832179455E-1,7.096796520414E-2,
-1.208550460885E-1));
#5576=CARTESIAN_POINT('',(1.748795500939E-1,7.305117454047E-2,
-1.223795299871E-1));
#5577=CARTESIAN_POINT('',(1.734551863282E-1,7.478720469967E-2,
-1.236002351306E-1));
#5578=CARTESIAN_POINT('',(1.719725079058E-1,7.631128592675E-2,
-1.246175769631E-1));
#5579=CARTESIAN_POINT('',(1.703044758937E-1,7.775747537368E-2,
-1.255117972651E-1));
#5580=CARTESIAN_POINT('',(1.684131263372E-1,7.911777072657E-2,
-1.262515058763E-1));
#5581=CARTESIAN_POINT('',(1.663294320597E-1,8.033197454882E-2,
-1.267680101991E-1));
#5582=CARTESIAN_POINT('',(1.648761479024E-1,8.100015726560E-2,
-1.269243889893E-1));
#5583=CARTESIAN_POINT('',(1.641320283523E-1,8.130002796793E-2,
-1.269508456335E-1));
#5585=CARTESIAN_POINT('',(1.665046397513E-1,3.602790555693E-2,
-1.269508456335E-1));
#5586=CARTESIAN_POINT('',(1.672172852500E-1,3.640600952373E-2,
-1.269242416300E-1));
#5587=CARTESIAN_POINT('',(1.685998228641E-1,3.722717558944E-2,
-1.267664092736E-1));
#5588=CARTESIAN_POINT('',(1.705527553570E-1,3.866032563593E-2,
-1.262455220730E-1));
#5589=CARTESIAN_POINT('',(1.722976639576E-1,4.021990743821E-2,
-1.254997067077E-1));
#5590=CARTESIAN_POINT('',(1.738108975998E-1,4.184355626369E-2,
-1.245974828239E-1));
#5591=CARTESIAN_POINT('',(1.751304611223E-1,4.352702526900E-2,
-1.235703807901E-1));
#5592=CARTESIAN_POINT('',(1.763657505065E-1,4.541338763130E-2,
-1.223403965396E-1));
#5593=CARTESIAN_POINT('',(1.775383319024E-1,4.763672298936E-2,
-1.208104685871E-1));
#5594=CARTESIAN_POINT('',(1.785584541877E-1,5.019724649503E-2,
-1.189700471522E-1));
#5595=CARTESIAN_POINT('',(1.793275999271E-1,5.302847077330E-2,
-1.168667423181E-1));
#5596=CARTESIAN_POINT('',(1.797761471652E-1,5.611811865342E-2,
-1.145160044089E-1));
#5597=CARTESIAN_POINT('',(1.798120311637E-1,5.830012494114E-2,
-1.128297654420E-1));
#5598=CARTESIAN_POINT('',(1.797533162558E-1,5.942047212373E-2,
-1.119607573005E-1));
#5600=CARTESIAN_POINT('',(1.665046397513E-1,3.602790555693E-2,
-1.269508456335E-1));
#5601=CARTESIAN_POINT('',(1.632473867961E-1,3.429972476376E-2,
-1.270724432149E-1));
#5602=CARTESIAN_POINT('',(1.597778075238E-1,3.333929142109E-2,
-1.272002913577E-1));
#5603=CARTESIAN_POINT('',(1.560959767930E-1,3.314633484879E-2,
-1.273343878583E-1));
#5605=CARTESIAN_POINT('',(1.560959767930E-1,3.314633484879E-2,
-7.266561214174E-2));
#5606=CARTESIAN_POINT('',(1.597778075238E-1,3.333929142109E-2,
-7.279970864228E-2));
#5607=CARTESIAN_POINT('',(1.632473867961E-1,3.429972476376E-2,
-7.292755678511E-2));
#5608=CARTESIAN_POINT('',(1.665046397513E-1,3.602790555693E-2,
-7.304915436652E-2));
#5610=CARTESIAN_POINT('',(1.797533162558E-1,5.942047212373E-2,
-8.803924269949E-2));
#5611=CARTESIAN_POINT('',(1.798123068690E-1,5.829486417015E-2,
-8.716615399004E-2));
#5612=CARTESIAN_POINT('',(1.797755682436E-1,5.610270325352E-2,
-8.547209578758E-2));
#5613=CARTESIAN_POINT('',(1.793219413810E-1,5.299837805691E-2,
-8.311051370609E-2));
#5614=CARTESIAN_POINT('',(1.785451084333E-1,5.015597250019E-2,
-8.099965310880E-2));
#5615=CARTESIAN_POINT('',(1.775169528730E-1,4.759011207254E-2,
-7.915664723801E-2));
#5616=CARTESIAN_POINT('',(1.763401690680E-1,4.537039043292E-2,
-7.763079586256E-2));
#5617=CARTESIAN_POINT('',(1.751064226053E-1,4.349414061551E-2,
-7.640896174891E-2));
#5618=CARTESIAN_POINT('',(1.737918845205E-1,4.182179301988E-2,
-7.538993338418E-2));
#5619=CARTESIAN_POINT('',(1.722823938138E-1,4.020525698799E-2,
-7.449280058982E-2));
#5620=CARTESIAN_POINT('',(1.705410890104E-1,3.865111133044E-2,
-7.375068642624E-2));
#5621=CARTESIAN_POINT('',(1.685922089443E-1,3.722241238564E-2,
-7.323244035457E-2));
#5622=CARTESIAN_POINT('',(1.672144714139E-1,3.640451660387E-2,
-7.307565332579E-2));
#5623=CARTESIAN_POINT('',(1.665046397513E-1,3.602790555693E-2,
-7.304915436652E-2));
#5625=CARTESIAN_POINT('',(1.641320283523E-1,8.130002796793E-2,
-7.304915436652E-2));
#5626=CARTESIAN_POINT('',(1.648790923425E-1,8.099897069377E-2,
-7.307571569817E-2));
#5627=CARTESIAN_POINT('',(1.663374764206E-1,8.032804698645E-2,
-7.323313512811E-2));
#5628=CARTESIAN_POINT('',(1.684256529021E-1,7.910985680092E-2,
-7.375226764042E-2));
#5629=CARTESIAN_POINT('',(1.703211586595E-1,7.774454365604E-2,
-7.449566472973E-2));
#5630=CARTESIAN_POINT('',(1.719937017778E-1,7.629164830148E-2,
-7.539498620118E-2));
#5631=CARTESIAN_POINT('',(1.734825584398E-1,7.475702468060E-2,
-7.642040517524E-2));
#5632=CARTESIAN_POINT('',(1.749095113826E-1,7.301111345380E-2,
-7.764924969523E-2));
#5633=CARTESIAN_POINT('',(1.763094140741E-1,7.092381834342E-2,
-7.917785052086E-2));
#5634=CARTESIAN_POINT('',(1.775940022292E-1,6.848368761010E-2,
-8.101818351930E-2));
#5635=CARTESIAN_POINT('',(1.786577470052E-1,6.574611830966E-2,
-8.312306021085E-2));
#5636=CARTESIAN_POINT('',(1.794295067297E-1,6.271573285119E-2,
-8.547728546217E-2));
#5637=CARTESIAN_POINT('',(1.796944329291E-1,6.054403292864E-2,
-8.716774188074E-2));
#5638=CARTESIAN_POINT('',(1.797533162558E-1,5.942047212373E-2,
-8.803924269949E-2));
#5640=CARTESIAN_POINT('',(1.641320283523E-1,8.130002796793E-2,
-7.304915436652E-2));
#5641=CARTESIAN_POINT('',(1.607119748870E-1,8.267826596E-2,-7.292755678511E-2));
#5642=CARTESIAN_POINT('',(1.571610097116E-1,8.327076815881E-2,
-7.279970864228E-2));
#5643=CARTESIAN_POINT('',(1.534791789809E-1,8.307781158652E-2,
-7.266561214174E-2));
#5645=DIRECTION('',(0.E0,0.E0,-1.E0));
#5646=VECTOR('',#5645,5.466877571652E-2);
#5647=CARTESIAN_POINT('',(1.534791789809E-1,8.307781158652E-2,
-7.266561214174E-2));
#5648=LINE('',#5647,#5646);
#5649=CARTESIAN_POINT('',(1.534791789809E-1,8.307781158652E-2,
-1.273343878583E-1));
#5650=CARTESIAN_POINT('',(1.571610097116E-1,8.327076815881E-2,
-1.272002913577E-1));
#5651=CARTESIAN_POINT('',(1.607119748870E-1,8.267826596E-2,-1.270724432149E-1));
#5652=CARTESIAN_POINT('',(1.641320283523E-1,8.130002796793E-2,
-1.269508456335E-1));
#5654=DIRECTION('',(5.233595624294E-2,-9.986295347546E-1,0.E0));
#5655=VECTOR('',#5654,4.533425142701E-2);
#5656=CARTESIAN_POINT('',(1.641320283523E-1,8.130002796793E-2,
-1.269508456335E-1));
#5657=LINE('',#5656,#5655);
#5658=DIRECTION('',(5.233595624294E-2,-9.986295347546E-1,0.E0));
#5659=VECTOR('',#5658,5.E-2);
#5660=CARTESIAN_POINT('',(9.401888507147E-2,7.996162962721E-2,-1.295E-1));
#5661=LINE('',#5660,#5659);
#5662=DIRECTION('',(-9.979696625257E-1,-5.230137380482E-2,3.634720039469E-2));
#5663=VECTOR('',#5662,5.958126398245E-2);
#5664=CARTESIAN_POINT('',(1.560959767930E-1,3.314633484879E-2,
-7.266561214174E-2));
#5665=LINE('',#5664,#5663);
#5666=DIRECTION('',(0.E0,0.E0,-1.E0));
#5667=VECTOR('',#5666,5.466877571652E-2);
#5668=CARTESIAN_POINT('',(1.560959767930E-1,3.314633484879E-2,
-7.266561214174E-2));
#5669=LINE('',#5668,#5667);
#5670=DIRECTION('',(-9.979696625257E-1,-5.230137380482E-2,-3.634720039469E-2));
#5671=VECTOR('',#5670,5.958126398245E-2);
#5672=CARTESIAN_POINT('',(1.560959767930E-1,3.314633484879E-2,
-1.273343878583E-1));
#5673=LINE('',#5672,#5671);
#5674=DIRECTION('',(0.E0,0.E0,1.E0));
#5675=VECTOR('',#5674,5.9E-2);
#5676=CARTESIAN_POINT('',(9.663568288361E-2,3.003015288948E-2,-1.295E-1));
#5677=LINE('',#5676,#5675);
#5678=CARTESIAN_POINT('',(7.432987408135E-2,9.803456900036E-2,-7.05E-2));
#5679=CARTESIAN_POINT('',(7.432987408135E-2,9.803456900036E-2,-1.295E-1));
#5680=VERTEX_POINT('',#5678);
#5681=VERTEX_POINT('',#5679);
#5682=CARTESIAN_POINT('',(-3.462030445202E-2,-3.144743408880E-2,-7.05E-2));
#5683=CARTESIAN_POINT('',(-3.462030445202E-2,-3.144743408880E-2,-1.295E-1));
#5684=VERTEX_POINT('',#5682);
#5685=VERTEX_POINT('',#5683);
#5686=CARTESIAN_POINT('',(7.972169417307E-2,8.842787371396E-2,-7.05E-2));
#5687=CARTESIAN_POINT('',(7.972169417307E-2,8.842787371396E-2,-1.295E-1));
#5688=VERTEX_POINT('',#5686);
#5689=VERTEX_POINT('',#5687);
#5690=CARTESIAN_POINT('',(8.330177697693E-2,2.011582438002E-2,-1.295E-1));
#5691=CARTESIAN_POINT('',(8.330177697693E-2,2.011582438002E-2,-7.05E-2));
#5692=VERTEX_POINT('',#5690);
#5693=VERTEX_POINT('',#5691);
#5694=CARTESIAN_POINT('',(9.663568288361E-2,3.003015288948E-2,-1.295E-1));
#5695=CARTESIAN_POINT('',(9.401888507147E-2,7.996162962721E-2,-1.295E-1));
#5696=VERTEX_POINT('',#5694);
#5697=VERTEX_POINT('',#5695);
#5698=CARTESIAN_POINT('',(1.534791789809E-1,8.307781158652E-2,
-1.273343878583E-1));
#5699=VERTEX_POINT('',#5698);
#5700=CARTESIAN_POINT('',(1.560959767930E-1,3.314633484879E-2,
-1.273343878583E-1));
#5701=VERTEX_POINT('',#5700);
#5702=CARTESIAN_POINT('',(9.663568288361E-2,3.003015288948E-2,-7.05E-2));
#5703=CARTESIAN_POINT('',(9.401888507147E-2,7.996162962721E-2,-7.05E-2));
#5704=VERTEX_POINT('',#5702);
#5705=VERTEX_POINT('',#5703);
#5706=CARTESIAN_POINT('',(1.534791789809E-1,8.307781158652E-2,
-7.266561214174E-2));
#5707=VERTEX_POINT('',#5706);
#5708=CARTESIAN_POINT('',(1.560959767930E-1,3.314633484879E-2,
-7.266561214174E-2));
#5709=VERTEX_POINT('',#5708);
#5710=VERTEX_POINT('',#5473);
#5711=VERTEX_POINT('',#5464);
#5712=VERTEX_POINT('',#5509);
#5713=VERTEX_POINT('',#5500);
#5714=VERTEX_POINT('',#5484);
#5715=VERTEX_POINT('',#5525);
#5716=VERTEX_POINT('',#5625);
#5717=VERTEX_POINT('',#5638);
#5718=VERTEX_POINT('',#5623);
#5719=VERTEX_POINT('',#5570);
#5720=VERTEX_POINT('',#5583);
#5721=VERTEX_POINT('',#5585);
#5722=CARTESIAN_POINT('',(0.E0,5.E-2,-7.05E-2));
#5723=DIRECTION('',(0.E0,0.E0,-1.E0));
#5724=DIRECTION('',(-9.986295347546E-1,-5.233595624294E-2,0.E0));
#5725=AXIS2_PLACEMENT_3D('',#5722,#5723,#5724);
#5726=CYLINDRICAL_SURFACE('',#5725,8.85E-2);
#5728=ORIENTED_EDGE('',*,*,#5727,.F.);
#5730=ORIENTED_EDGE('',*,*,#5729,.T.);
#5732=ORIENTED_EDGE('',*,*,#5731,.T.);
#5734=ORIENTED_EDGE('',*,*,#5733,.T.);
#5735=EDGE_LOOP('',(#5728,#5730,#5732,#5734));
#5736=FACE_OUTER_BOUND('',#5735,.F.);
#5737=ADVANCED_FACE('',(#5736),#5726,.T.);
#5738=CARTESIAN_POINT('',(0.E0,5.E-2,-7.05E-2));
#5739=DIRECTION('',(0.E0,0.E0,-1.E0));
#5740=DIRECTION('',(-9.986295347546E-1,-5.233595624294E-2,0.E0));
#5741=AXIS2_PLACEMENT_3D('',#5738,#5739,#5740);
#5742=CYLINDRICAL_SURFACE('',#5741,8.85E-2);
#5744=ORIENTED_EDGE('',*,*,#5743,.T.);
#5746=ORIENTED_EDGE('',*,*,#5745,.T.);
#5748=ORIENTED_EDGE('',*,*,#5747,.T.);
#5750=ORIENTED_EDGE('',*,*,#5749,.T.);
#5752=ORIENTED_EDGE('',*,*,#5751,.T.);
#5753=EDGE_LOOP('',(#5744,#5746,#5748,#5750,#5752));
#5754=FACE_OUTER_BOUND('',#5753,.F.);
#5755=ADVANCED_FACE('',(#5754),#5742,.T.);
#5756=CARTESIAN_POINT('',(0.E0,5.E-2,-7.05E-2));
#5757=DIRECTION('',(0.E0,0.E0,-1.E0));
#5758=DIRECTION('',(-9.986295347546E-1,-5.233595624294E-2,0.E0));
#5759=AXIS2_PLACEMENT_3D('',#5756,#5757,#5758);
#5760=CYLINDRICAL_SURFACE('',#5759,8.85E-2);
#5762=ORIENTED_EDGE('',*,*,#5761,.T.);
#5764=ORIENTED_EDGE('',*,*,#5763,.T.);
#5766=ORIENTED_EDGE('',*,*,#5765,.T.);
#5768=ORIENTED_EDGE('',*,*,#5767,.T.);
#5770=ORIENTED_EDGE('',*,*,#5769,.T.);
#5771=EDGE_LOOP('',(#5762,#5764,#5766,#5768,#5770));
#5772=FACE_OUTER_BOUND('',#5771,.F.);
#5773=ADVANCED_FACE('',(#5772),#5760,.T.);
#5774=CARTESIAN_POINT('',(9.323384572782E-2,9.494107264853E-2,
-7.007463311460E-2));
#5775=DIRECTION('',(0.E0,0.E0,-1.E0));
#5776=DIRECTION('',(5.233595624294E-2,-9.986295347546E-1,0.E0));
#5777=AXIS2_PLACEMENT_3D('',#5774,#5775,#5776);
#5778=CYLINDRICAL_SURFACE('',#5777,1.5E-2);
#5780=ORIENTED_EDGE('',*,*,#5779,.T.);
#5781=ORIENTED_EDGE('',*,*,#5727,.T.);
#5783=ORIENTED_EDGE('',*,*,#5782,.T.);
#5785=ORIENTED_EDGE('',*,*,#5784,.F.);
#5786=EDGE_LOOP('',(#5780,#5781,#5783,#5785));
#5787=FACE_OUTER_BOUND('',#5786,.F.);
#5788=ADVANCED_FACE('',(#5787),#5778,.F.);
#5789=CARTESIAN_POINT('',(8.347077875682E-2,7.940882679962E-2,-7.05E-2));
#5790=DIRECTION('',(-5.233595624294E-2,9.986295347546E-1,0.E0));
#5791=DIRECTION('',(9.986295347546E-1,5.233595624294E-2,0.E0));
#5792=AXIS2_PLACEMENT_3D('',#5789,#5790,#5791);
#5793=PLANE('',#5792);
#5795=ORIENTED_EDGE('',*,*,#5794,.T.);
#5796=ORIENTED_EDGE('',*,*,#5784,.T.);
#5798=ORIENTED_EDGE('',*,*,#5797,.F.);
#5800=ORIENTED_EDGE('',*,*,#5799,.F.);
#5801=EDGE_LOOP('',(#5795,#5796,#5798,#5800));
#5802=FACE_OUTER_BOUND('',#5801,.F.);
#5803=ADVANCED_FACE('',(#5802),#5793,.T.);
#5804=CARTESIAN_POINT('',(9.401888507147E-2,7.996162962721E-2,-7.05E-2));
#5805=DIRECTION('',(3.629738781978E-2,1.902265489410E-3,9.993392221981E-1));
#5806=DIRECTION('',(9.979696625257E-1,5.230137380482E-2,-3.634720039469E-2));
#5807=AXIS2_PLACEMENT_3D('',#5804,#5805,#5806);
#5808=PLANE('',#5807);
#5810=ORIENTED_EDGE('',*,*,#5809,.F.);
#5812=ORIENTED_EDGE('',*,*,#5811,.F.);
#5814=ORIENTED_EDGE('',*,*,#5813,.T.);
#5816=ORIENTED_EDGE('',*,*,#5815,.T.);
#5817=ORIENTED_EDGE('',*,*,#5794,.F.);
#5819=ORIENTED_EDGE('',*,*,#5818,.F.);
#5820=EDGE_LOOP('',(#5810,#5812,#5814,#5816,#5817,#5819));
#5821=FACE_OUTER_BOUND('',#5820,.F.);
#5822=ADVANCED_FACE('',(#5821),#5808,.T.);
#5823=CARTESIAN_POINT('',(1.599040863966E-1,1.515565010741E-1,
-8.803924269949E-2));
#5824=DIRECTION('',(-5.233595624294E-2,9.986295347546E-1,0.E0));
#5825=DIRECTION('',(-9.986295347546E-1,-5.233595624294E-2,0.E0));
#5826=AXIS2_PLACEMENT_3D('',#5823,#5824,#5825);
#5827=CYLINDRICAL_SURFACE('',#5826,1.5E-2);
#5829=ORIENTED_EDGE('',*,*,#5828,.T.);
#5831=ORIENTED_EDGE('',*,*,#5830,.T.);
#5832=ORIENTED_EDGE('',*,*,#5809,.T.);
#5833=EDGE_LOOP('',(#5829,#5831,#5832));
#5834=FACE_OUTER_BOUND('',#5833,.F.);
#5835=ADVANCED_FACE('',(#5834),#5827,.T.);
#5836=CARTESIAN_POINT('',(1.547875778870E-1,5.811207321766E-2,-7.05E-2));
#5837=DIRECTION('',(0.E0,0.E0,-1.E0));
#5838=DIRECTION('',(-9.986295347546E-1,-5.233595624294E-2,0.E0));
#5839=AXIS2_PLACEMENT_3D('',#5836,#5837,#5838);
#5840=CYLINDRICAL_SURFACE('',#5839,2.5E-2);
#5842=ORIENTED_EDGE('',*,*,#5841,.F.);
#5844=ORIENTED_EDGE('',*,*,#5843,.F.);
#5846=ORIENTED_EDGE('',*,*,#5845,.T.);
#5848=ORIENTED_EDGE('',*,*,#5847,.F.);
#5849=ORIENTED_EDGE('',*,*,#5811,.T.);
#5850=ORIENTED_EDGE('',*,*,#5830,.F.);
#5851=ORIENTED_EDGE('',*,*,#5828,.F.);
#5852=ORIENTED_EDGE('',*,*,#5818,.T.);
#5853=ORIENTED_EDGE('',*,*,#5799,.T.);
#5855=ORIENTED_EDGE('',*,*,#5854,.T.);
#5856=EDGE_LOOP('',(#5842,#5844,#5846,#5848,#5849,#5850,#5851,#5852,#5853,
#5855));
#5857=FACE_OUTER_BOUND('',#5856,.F.);
#5858=ADVANCED_FACE('',(#5857),#5840,.T.);
#5859=CARTESIAN_POINT('',(1.599040863966E-1,1.515565010741E-1,
-1.119607573005E-1));
#5860=DIRECTION('',(5.233595624294E-2,-9.986295347546E-1,0.E0));
#5861=DIRECTION('',(-9.986295347546E-1,-5.233595624294E-2,0.E0));
#5862=AXIS2_PLACEMENT_3D('',#5859,#5860,#5861);
#5863=CYLINDRICAL_SURFACE('',#5862,1.5E-2);
#5864=ORIENTED_EDGE('',*,*,#5841,.T.);
#5866=ORIENTED_EDGE('',*,*,#5865,.T.);
#5867=ORIENTED_EDGE('',*,*,#5843,.T.);
#5868=EDGE_LOOP('',(#5864,#5866,#5867));
#5869=FACE_OUTER_BOUND('',#5868,.F.);
#5870=ADVANCED_FACE('',(#5869),#5863,.T.);
#5871=CARTESIAN_POINT('',(9.401888507147E-2,7.996162962721E-2,-1.295E-1));
#5872=DIRECTION('',(-3.629738781978E-2,-1.902265489410E-3,9.993392221981E-1));
#5873=DIRECTION('',(9.979696625257E-1,5.230137380482E-2,3.634720039469E-2));
#5874=AXIS2_PLACEMENT_3D('',#5871,#5872,#5873);
#5875=PLANE('',#5874);
#5876=ORIENTED_EDGE('',*,*,#5865,.F.);
#5877=ORIENTED_EDGE('',*,*,#5854,.F.);
#5878=ORIENTED_EDGE('',*,*,#5797,.T.);
#5880=ORIENTED_EDGE('',*,*,#5879,.T.);
#5882=ORIENTED_EDGE('',*,*,#5881,.F.);
#5883=ORIENTED_EDGE('',*,*,#5845,.F.);
#5884=EDGE_LOOP('',(#5876,#5877,#5878,#5880,#5882,#5883));
#5885=FACE_OUTER_BOUND('',#5884,.F.);
#5886=ADVANCED_FACE('',(#5885),#5875,.F.);
#5887=CARTESIAN_POINT('',(1.560959767930E-1,3.314633484879E-2,-7.05E-2));
#5888=DIRECTION('',(5.233595624294E-2,-9.986295347546E-1,0.E0));
#5889=DIRECTION('',(-9.986295347546E-1,-5.233595624294E-2,0.E0));
#5890=AXIS2_PLACEMENT_3D('',#5887,#5888,#5889);
#5891=PLANE('',#5890);
#5892=ORIENTED_EDGE('',*,*,#5813,.F.);
#5893=ORIENTED_EDGE('',*,*,#5847,.T.);
#5894=ORIENTED_EDGE('',*,*,#5881,.T.);
#5896=ORIENTED_EDGE('',*,*,#5895,.T.);
#5897=EDGE_LOOP('',(#5892,#5893,#5894,#5896));
#5898=FACE_OUTER_BOUND('',#5897,.F.);
#5899=ADVANCED_FACE('',(#5898),#5891,.T.);
#5900=OPEN_SHELL('',(#5737,#5755,#5773,#5788,#5803,#5822,#5835,#5858,#5870,
#5886,#5899));
#5901=CARTESIAN_POINT('',(0.E0,5.E-2,-1.705E-1));
#5902=DIRECTION('',(0.E0,0.E0,1.E0));
#5903=DIRECTION('',(9.008101036505E-1,4.342132623046E-1,0.E0));
#5904=AXIS2_PLACEMENT_3D('',#5901,#5902,#5903);
#5906=DIRECTION('',(0.E0,0.E0,-1.E0));
#5907=VECTOR('',#5906,5.9E-2);
#5908=CARTESIAN_POINT('',(7.432987408135E-2,9.803456900036E-2,-1.705E-1));
#5909=LINE('',#5908,#5907);
#5910=CARTESIAN_POINT('',(0.E0,5.E-2,-2.295E-1));
#5911=DIRECTION('',(0.E0,0.E0,-1.E0));
#5912=DIRECTION('',(8.398855828401E-1,5.427634915295E-1,0.E0));
#5913=AXIS2_PLACEMENT_3D('',#5910,#5911,#5912);
#5915=CARTESIAN_POINT('',(1.696864903805E-2,-3.685801603665E-2,-2.295E-1));
#5916=CARTESIAN_POINT('',(1.861435411641E-2,-3.653650982261E-2,
-2.288021439553E-1));
#5917=CARTESIAN_POINT('',(2.174488523650E-2,-3.582944679145E-2,
-2.271513862296E-1));
#5918=CARTESIAN_POINT('',(2.606071967993E-2,-3.461035418708E-2,
-2.238214931007E-1));
#5919=CARTESIAN_POINT('',(2.968262974618E-2,-3.339805270836E-2,
-2.198720121483E-1));
#5920=CARTESIAN_POINT('',(3.263390301628E-2,-3.227852263365E-2,
-2.152921998553E-1));
#5921=CARTESIAN_POINT('',(3.473686701106E-2,-3.140435328662E-2,
-2.103791851487E-1));
#5922=CARTESIAN_POINT('',(3.601049991635E-2,-3.084388775004E-2,
-2.051481161720E-1));
#5923=CARTESIAN_POINT('',(3.627449583082E-2,-3.072428972880E-2,
-2.017211201413E-1));
#5924=CARTESIAN_POINT('',(3.627449583082E-2,-3.072428972880E-2,-2.E-1));
#5926=CARTESIAN_POINT('',(3.627449583082E-2,-3.072428972880E-2,-2.E-1));
#5927=CARTESIAN_POINT('',(3.627449583082E-2,-3.072428972880E-2,
-1.982796934442E-1));
#5928=CARTESIAN_POINT('',(3.601076669016E-2,-3.084376661248E-2,
-1.948539385638E-1));
#5929=CARTESIAN_POINT('',(3.473766705234E-2,-3.140400873654E-2,
-1.896232407814E-1));
#5930=CARTESIAN_POINT('',(3.263512923344E-2,-3.227802853045E-2,
-1.847100962957E-1));
#5931=CARTESIAN_POINT('',(2.968357937347E-2,-3.339774698915E-2,
-1.801289053524E-1));
#5932=CARTESIAN_POINT('',(2.605916556183E-2,-3.461084079110E-2,
-1.761770351473E-1));
#5933=CARTESIAN_POINT('',(2.174490247518E-2,-3.582941579177E-2,
-1.728487591765E-1));
#5934=CARTESIAN_POINT('',(1.861434663086E-2,-3.653651128500E-2,
-1.711978528705E-1));
#5935=CARTESIAN_POINT('',(1.696864903805E-2,-3.685801603665E-2,-1.705E-1));
#5937=CARTESIAN_POINT('',(0.E0,5.E-2,-1.705E-1));
#5938=DIRECTION('',(0.E0,0.E0,1.E0));
#5939=DIRECTION('',(1.917361473226E-1,-9.814465088887E-1,0.E0));
#5940=AXIS2_PLACEMENT_3D('',#5937,#5938,#5939);
#5942=DIRECTION('',(0.E0,0.E0,-1.E0));
#5943=VECTOR('',#5942,5.9E-2);
#5944=CARTESIAN_POINT('',(8.330177697693E-2,2.011582438002E-2,-1.705E-1));
#5945=LINE('',#5944,#5943);
#5946=CARTESIAN_POINT('',(0.E0,5.E-2,-2.295E-1));
#5947=DIRECTION('',(0.E0,0.E0,-1.E0));
#5948=DIRECTION('',(9.412630166885E-1,-3.376743007907E-1,0.E0));
#5949=AXIS2_PLACEMENT_3D('',#5946,#5947,#5948);
#5951=CARTESIAN_POINT('',(-2.763779439347E-2,-3.407379092835E-2,-2.E-1));
#5952=CARTESIAN_POINT('',(-2.763779439347E-2,-3.407379092835E-2,
-2.017202916595E-1));
#5953=CARTESIAN_POINT('',(-2.736302309524E-2,-3.416504528767E-2,
-2.051460419655E-1));
#5954=CARTESIAN_POINT('',(-2.603834135847E-2,-3.458914258287E-2,
-2.103767700377E-1));
#5955=CARTESIAN_POINT('',(-2.385584996480E-2,-3.523863046690E-2,
-2.152900979002E-1));
#5956=CARTESIAN_POINT('',(-2.080348798019E-2,-3.604367370527E-2,
-2.198711348841E-1));
#5957=CARTESIAN_POINT('',(-1.707212056598E-2,-3.687126976600E-2,
-2.238230201672E-1));
#5958=CARTESIAN_POINT('',(-1.265398451026E-2,-3.763222110650E-2,
-2.271513548071E-1));
#5959=CARTESIAN_POINT('',(-9.466764056313E-3,-3.800819158335E-2,
-2.288021816798E-1));
#5960=CARTESIAN_POINT('',(-7.796558064371E-3,-3.815590554438E-2,-2.295E-1));
#5962=CARTESIAN_POINT('',(0.E0,5.E-2,-2.295E-1));
#5963=DIRECTION('',(0.E0,0.E0,-1.E0));
#5964=DIRECTION('',(-8.809670129233E-2,-9.961119270551E-1,0.E0));
#5965=AXIS2_PLACEMENT_3D('',#5962,#5963,#5964);
#5967=DIRECTION('',(0.E0,0.E0,1.E0));
#5968=VECTOR('',#5967,5.9E-2);
#5969=CARTESIAN_POINT('',(-3.462030445202E-2,-3.144743408880E-2,-2.295E-1));
#5970=LINE('',#5969,#5968);
#5971=CARTESIAN_POINT('',(0.E0,5.E-2,-1.705E-1));
#5972=DIRECTION('',(0.E0,0.E0,1.E0));
#5973=DIRECTION('',(-3.911898808138E-1,-9.203099897040E-1,0.E0));
#5974=AXIS2_PLACEMENT_3D('',#5971,#5972,#5973);
#5976=CARTESIAN_POINT('',(-7.796558064371E-3,-3.815590554438E-2,-1.705E-1));
#5977=CARTESIAN_POINT('',(-9.466943671817E-3,-3.800817569805E-2,
-1.711978933643E-1));
#5978=CARTESIAN_POINT('',(-1.265433967285E-2,-3.763219483748E-2,
-1.728487367317E-1));
#5979=CARTESIAN_POINT('',(-1.707382891217E-2,-3.687092248861E-2,
-1.761785751414E-1));
#5980=CARTESIAN_POINT('',(-2.080260712740E-2,-3.604385759666E-2,
-1.801280387276E-1));
#5981=CARTESIAN_POINT('',(-2.385479707849E-2,-3.523893177636E-2,
-1.847080120673E-1));
#5982=CARTESIAN_POINT('',(-2.603748906235E-2,-3.458940655212E-2,
-1.896208114329E-1));
#5983=CARTESIAN_POINT('',(-2.736273705366E-2,-3.416514097691E-2,
-1.948518356984E-1));
#5984=CARTESIAN_POINT('',(-2.763779439347E-2,-3.407379092835E-2,
-1.982788519596E-1));
#5985=CARTESIAN_POINT('',(-2.763779439347E-2,-3.407379092835E-2,-2.E-1));
#5987=CARTESIAN_POINT('',(9.323384572782E-2,9.494107264853E-2,-1.705E-1));
#5988=DIRECTION('',(0.E0,0.E0,-1.E0));
#5989=DIRECTION('',(5.233595624294E-2,-9.986295347546E-1,0.E0));
#5990=AXIS2_PLACEMENT_3D('',#5987,#5988,#5989);
#5992=DIRECTION('',(0.E0,0.E0,-1.E0));
#5993=VECTOR('',#5992,5.9E-2);
#5994=CARTESIAN_POINT('',(7.972169417307E-2,8.842787371396E-2,-1.705E-1));
#5995=LINE('',#5994,#5993);
#5996=CARTESIAN_POINT('',(9.323384572782E-2,9.494107264853E-2,-2.295E-1));
#5997=DIRECTION('',(0.E0,0.E0,1.E0));
#5998=DIRECTION('',(-9.008101036505E-1,-4.342132623046E-1,0.E0));
#5999=AXIS2_PLACEMENT_3D('',#5996,#5997,#5998);
#6001=DIRECTION('',(0.E0,0.E0,-1.E0));
#6002=VECTOR('',#6001,5.9E-2);
#6003=CARTESIAN_POINT('',(9.401888507147E-2,7.996162962721E-2,-1.705E-1));
#6004=LINE('',#6003,#6002);
#6005=DIRECTION('',(-9.979696625257E-1,-5.230137380482E-2,3.634720039469E-2));
#6006=VECTOR('',#6005,5.958126398245E-2);
#6007=CARTESIAN_POINT('',(1.534791789809E-1,8.307781158652E-2,
-1.726656121417E-1));
#6008=LINE('',#6007,#6006);
#6009=DIRECTION('',(-9.979696625257E-1,-5.230137380482E-2,-3.634720039469E-2));
#6010=VECTOR('',#6009,5.958126398245E-2);
#6011=CARTESIAN_POINT('',(1.534791789809E-1,8.307781158652E-2,
-2.273343878583E-1));
#6012=LINE('',#6011,#6010);
#6013=DIRECTION('',(-5.233595624294E-2,9.986295347546E-1,0.E0));
#6014=VECTOR('',#6013,4.533425142701E-2);
#6015=CARTESIAN_POINT('',(1.665046397513E-1,3.602790555693E-2,
-1.730491543665E-1));
#6016=LINE('',#6015,#6014);
#6017=DIRECTION('',(-5.233595624294E-2,9.986295347546E-1,0.E0));
#6018=VECTOR('',#6017,5.E-2);
#6019=CARTESIAN_POINT('',(9.663568288361E-2,3.003015288948E-2,-1.705E-1));
#6020=LINE('',#6019,#6018);
#6021=CARTESIAN_POINT('',(1.797533162558E-1,5.942047212373E-2,
-2.119607573005E-1));
#6022=CARTESIAN_POINT('',(1.796941547399E-1,6.054934109524E-2,
-2.128363754501E-1));
#6023=CARTESIAN_POINT('',(1.794272962484E-1,6.273111939722E-2,
-2.145347049350E-1));
#6024=CARTESIAN_POINT('',(1.786489166207E-1,6.577557943254E-2,
-2.168997795394E-1));
#6025=CARTESIAN_POINT('',(1.775763405053E-1,6.852343071872E-2,
-2.190121817204E-1));
#6026=CARTESIAN_POINT('',(1.762832179455E-1,7.096796520414E-2,
-2.208550460885E-1));
#6027=CARTESIAN_POINT('',(1.748795500939E-1,7.305117454047E-2,
-2.223795299871E-1));
#6028=CARTESIAN_POINT('',(1.734551863282E-1,7.478720469967E-2,
-2.236002351306E-1));
#6029=CARTESIAN_POINT('',(1.719725079058E-1,7.631128592675E-2,
-2.246175769631E-1));
#6030=CARTESIAN_POINT('',(1.703044758937E-1,7.775747537368E-2,
-2.255117972651E-1));
#6031=CARTESIAN_POINT('',(1.684131263372E-1,7.911777072657E-2,
-2.262515058763E-1));
#6032=CARTESIAN_POINT('',(1.663294320597E-1,8.033197454882E-2,
-2.267680101991E-1));
#6033=CARTESIAN_POINT('',(1.648761479024E-1,8.100015726560E-2,
-2.269243889893E-1));
#6034=CARTESIAN_POINT('',(1.641320283523E-1,8.130002796793E-2,
-2.269508456335E-1));
#6036=CARTESIAN_POINT('',(1.665046397513E-1,3.602790555693E-2,
-2.269508456335E-1));
#6037=CARTESIAN_POINT('',(1.672172852500E-1,3.640600952373E-2,
-2.269242416300E-1));
#6038=CARTESIAN_POINT('',(1.685998228641E-1,3.722717558944E-2,
-2.267664092736E-1));
#6039=CARTESIAN_POINT('',(1.705527553570E-1,3.866032563593E-2,
-2.262455220730E-1));
#6040=CARTESIAN_POINT('',(1.722976639576E-1,4.021990743821E-2,
-2.254997067077E-1));
#6041=CARTESIAN_POINT('',(1.738108975998E-1,4.184355626369E-2,
-2.245974828239E-1));
#6042=CARTESIAN_POINT('',(1.751304611223E-1,4.352702526900E-2,
-2.235703807901E-1));
#6043=CARTESIAN_POINT('',(1.763657505065E-1,4.541338763130E-2,
-2.223403965396E-1));
#6044=CARTESIAN_POINT('',(1.775383319024E-1,4.763672298936E-2,
-2.208104685871E-1));
#6045=CARTESIAN_POINT('',(1.785584541877E-1,5.019724649503E-2,
-2.189700471522E-1));
#6046=CARTESIAN_POINT('',(1.793275999271E-1,5.302847077330E-2,
-2.168667423181E-1));
#6047=CARTESIAN_POINT('',(1.797761471652E-1,5.611811865342E-2,
-2.145160044089E-1));
#6048=CARTESIAN_POINT('',(1.798120311637E-1,5.830012494114E-2,
-2.128297654420E-1));
#6049=CARTESIAN_POINT('',(1.797533162558E-1,5.942047212373E-2,
-2.119607573005E-1));
#6051=CARTESIAN_POINT('',(1.665046397513E-1,3.602790555693E-2,
-2.269508456335E-1));
#6052=CARTESIAN_POINT('',(1.632473867961E-1,3.429972476376E-2,
-2.270724432149E-1));
#6053=CARTESIAN_POINT('',(1.597778075238E-1,3.333929142109E-2,
-2.272002913577E-1));
#6054=CARTESIAN_POINT('',(1.560959767930E-1,3.314633484879E-2,
-2.273343878583E-1));
#6056=CARTESIAN_POINT('',(1.560959767930E-1,3.314633484879E-2,
-1.726656121417E-1));
#6057=CARTESIAN_POINT('',(1.597778075238E-1,3.333929142109E-2,
-1.727997086423E-1));
#6058=CARTESIAN_POINT('',(1.632473867961E-1,3.429972476376E-2,
-1.729275567851E-1));
#6059=CARTESIAN_POINT('',(1.665046397513E-1,3.602790555693E-2,
-1.730491543665E-1));
#6061=CARTESIAN_POINT('',(1.797533162558E-1,5.942047212373E-2,
-1.880392426995E-1));
#6062=CARTESIAN_POINT('',(1.798123068690E-1,5.829486417015E-2,
-1.871661539900E-1));
#6063=CARTESIAN_POINT('',(1.797755682436E-1,5.610270325352E-2,
-1.854720957876E-1));
#6064=CARTESIAN_POINT('',(1.793219413810E-1,5.299837805691E-2,
-1.831105137061E-1));
#6065=CARTESIAN_POINT('',(1.785451084333E-1,5.015597250019E-2,
-1.809996531088E-1));
#6066=CARTESIAN_POINT('',(1.775169528730E-1,4.759011207254E-2,
-1.791566472380E-1));
#6067=CARTESIAN_POINT('',(1.763401690680E-1,4.537039043292E-2,
-1.776307958626E-1));
#6068=CARTESIAN_POINT('',(1.751064226053E-1,4.349414061551E-2,
-1.764089617489E-1));
#6069=CARTESIAN_POINT('',(1.737918845205E-1,4.182179301988E-2,
-1.753899333842E-1));
#6070=CARTESIAN_POINT('',(1.722823938138E-1,4.020525698799E-2,
-1.744928005898E-1));
#6071=CARTESIAN_POINT('',(1.705410890104E-1,3.865111133044E-2,
-1.737506864262E-1));
#6072=CARTESIAN_POINT('',(1.685922089443E-1,3.722241238564E-2,
-1.732324403546E-1));
#6073=CARTESIAN_POINT('',(1.672144714139E-1,3.640451660387E-2,
-1.730756533258E-1));
#6074=CARTESIAN_POINT('',(1.665046397513E-1,3.602790555693E-2,
-1.730491543665E-1));
#6076=CARTESIAN_POINT('',(1.641320283523E-1,8.130002796793E-2,
-1.730491543665E-1));
#6077=CARTESIAN_POINT('',(1.648790923425E-1,8.099897069377E-2,
-1.730757156982E-1));
#6078=CARTESIAN_POINT('',(1.663374764206E-1,8.032804698645E-2,
-1.732331351281E-1));
#6079=CARTESIAN_POINT('',(1.684256529021E-1,7.910985680092E-2,
-1.737522676404E-1));
#6080=CARTESIAN_POINT('',(1.703211586595E-1,7.774454365604E-2,
-1.744956647297E-1));
#6081=CARTESIAN_POINT('',(1.719937017778E-1,7.629164830148E-2,
-1.753949862012E-1));
#6082=CARTESIAN_POINT('',(1.734825584398E-1,7.475702468060E-2,
-1.764204051752E-1));
#6083=CARTESIAN_POINT('',(1.749095113826E-1,7.301111345380E-2,
-1.776492496952E-1));
#6084=CARTESIAN_POINT('',(1.763094140741E-1,7.092381834342E-2,
-1.791778505209E-1));
#6085=CARTESIAN_POINT('',(1.775940022292E-1,6.848368761010E-2,
-1.810181835193E-1));
#6086=CARTESIAN_POINT('',(1.786577470052E-1,6.574611830966E-2,
-1.831230602109E-1));
#6087=CARTESIAN_POINT('',(1.794295067297E-1,6.271573285119E-2,
-1.854772854622E-1));
#6088=CARTESIAN_POINT('',(1.796944329291E-1,6.054403292864E-2,
-1.871677418807E-1));
#6089=CARTESIAN_POINT('',(1.797533162558E-1,5.942047212373E-2,
-1.880392426995E-1));
#6091=CARTESIAN_POINT('',(1.641320283523E-1,8.130002796793E-2,
-1.730491543665E-1));
#6092=CARTESIAN_POINT('',(1.607119748870E-1,8.267826596E-2,-1.729275567851E-1));
#6093=CARTESIAN_POINT('',(1.571610097116E-1,8.327076815881E-2,
-1.727997086423E-1));
#6094=CARTESIAN_POINT('',(1.534791789809E-1,8.307781158652E-2,
-1.726656121417E-1));
#6096=DIRECTION('',(0.E0,0.E0,-1.E0));
#6097=VECTOR('',#6096,5.466877571652E-2);
#6098=CARTESIAN_POINT('',(1.534791789809E-1,8.307781158652E-2,
-1.726656121417E-1));
#6099=LINE('',#6098,#6097);
#6100=CARTESIAN_POINT('',(1.534791789809E-1,8.307781158652E-2,
-2.273343878583E-1));
#6101=CARTESIAN_POINT('',(1.571610097116E-1,8.327076815881E-2,
-2.272002913577E-1));
#6102=CARTESIAN_POINT('',(1.607119748870E-1,8.267826596E-2,-2.270724432149E-1));
#6103=CARTESIAN_POINT('',(1.641320283523E-1,8.130002796793E-2,
-2.269508456335E-1));
#6105=DIRECTION('',(5.233595624294E-2,-9.986295347546E-1,0.E0));
#6106=VECTOR('',#6105,4.533425142701E-2);
#6107=CARTESIAN_POINT('',(1.641320283523E-1,8.130002796793E-2,
-2.269508456335E-1));
#6108=LINE('',#6107,#6106);
#6109=DIRECTION('',(5.233595624294E-2,-9.986295347546E-1,0.E0));
#6110=VECTOR('',#6109,5.E-2);
#6111=CARTESIAN_POINT('',(9.401888507147E-2,7.996162962721E-2,-2.295E-1));
#6112=LINE('',#6111,#6110);
#6113=DIRECTION('',(-9.979696625257E-1,-5.230137380482E-2,3.634720039469E-2));
#6114=VECTOR('',#6113,5.958126398245E-2);
#6115=CARTESIAN_POINT('',(1.560959767930E-1,3.314633484879E-2,
-1.726656121417E-1));
#6116=LINE('',#6115,#6114);
#6117=DIRECTION('',(0.E0,0.E0,-1.E0));
#6118=VECTOR('',#6117,5.466877571652E-2);
#6119=CARTESIAN_POINT('',(1.560959767930E-1,3.314633484879E-2,
-1.726656121417E-1));
#6120=LINE('',#6119,#6118);
#6121=DIRECTION('',(-9.979696625257E-1,-5.230137380482E-2,-3.634720039469E-2));
#6122=VECTOR('',#6121,5.958126398245E-2);
#6123=CARTESIAN_POINT('',(1.560959767930E-1,3.314633484879E-2,
-2.273343878583E-1));
#6124=LINE('',#6123,#6122);
#6125=DIRECTION('',(0.E0,0.E0,1.E0));
#6126=VECTOR('',#6125,5.9E-2);
#6127=CARTESIAN_POINT('',(9.663568288361E-2,3.003015288948E-2,-2.295E-1));
#6128=LINE('',#6127,#6126);
#6129=CARTESIAN_POINT('',(7.432987408135E-2,9.803456900036E-2,-1.705E-1));
#6130=CARTESIAN_POINT('',(7.432987408135E-2,9.803456900036E-2,-2.295E-1));
#6131=VERTEX_POINT('',#6129);
#6132=VERTEX_POINT('',#6130);
#6133=CARTESIAN_POINT('',(-3.462030445202E-2,-3.144743408880E-2,-1.705E-1));
#6134=CARTESIAN_POINT('',(-3.462030445202E-2,-3.144743408880E-2,-2.295E-1));
#6135=VERTEX_POINT('',#6133);
#6136=VERTEX_POINT('',#6134);
#6137=CARTESIAN_POINT('',(7.972169417307E-2,8.842787371396E-2,-1.705E-1));
#6138=CARTESIAN_POINT('',(7.972169417307E-2,8.842787371396E-2,-2.295E-1));
#6139=VERTEX_POINT('',#6137);
#6140=VERTEX_POINT('',#6138);
#6141=CARTESIAN_POINT('',(8.330177697693E-2,2.011582438002E-2,-2.295E-1));
#6142=CARTESIAN_POINT('',(8.330177697693E-2,2.011582438002E-2,-1.705E-1));
#6143=VERTEX_POINT('',#6141);
#6144=VERTEX_POINT('',#6142);
#6145=CARTESIAN_POINT('',(9.663568288361E-2,3.003015288948E-2,-2.295E-1));
#6146=CARTESIAN_POINT('',(9.401888507147E-2,7.996162962721E-2,-2.295E-1));
#6147=VERTEX_POINT('',#6145);
#6148=VERTEX_POINT('',#6146);
#6149=CARTESIAN_POINT('',(1.534791789809E-1,8.307781158652E-2,
-2.273343878583E-1));
#6150=VERTEX_POINT('',#6149);
#6151=CARTESIAN_POINT('',(1.560959767930E-1,3.314633484879E-2,
-2.273343878583E-1));
#6152=VERTEX_POINT('',#6151);
#6153=CARTESIAN_POINT('',(9.663568288361E-2,3.003015288948E-2,-1.705E-1));
#6154=CARTESIAN_POINT('',(9.401888507147E-2,7.996162962721E-2,-1.705E-1));
#6155=VERTEX_POINT('',#6153);
#6156=VERTEX_POINT('',#6154);
#6157=CARTESIAN_POINT('',(1.534791789809E-1,8.307781158652E-2,
-1.726656121417E-1));
#6158=VERTEX_POINT('',#6157);
#6159=CARTESIAN_POINT('',(1.560959767930E-1,3.314633484879E-2,
-1.726656121417E-1));
#6160=VERTEX_POINT('',#6159);
#6161=VERTEX_POINT('',#5924);
#6162=VERTEX_POINT('',#5915);
#6163=VERTEX_POINT('',#5960);
#6164=VERTEX_POINT('',#5951);
#6165=VERTEX_POINT('',#5935);
#6166=VERTEX_POINT('',#5976);
#6167=VERTEX_POINT('',#6076);
#6168=VERTEX_POINT('',#6089);
#6169=VERTEX_POINT('',#6074);
#6170=VERTEX_POINT('',#6021);
#6171=VERTEX_POINT('',#6034);
#6172=VERTEX_POINT('',#6036);
#6173=CARTESIAN_POINT('',(0.E0,5.E-2,-1.705E-1));
#6174=DIRECTION('',(0.E0,0.E0,-1.E0));
#6175=DIRECTION('',(-9.986295347546E-1,-5.233595624294E-2,0.E0));
#6176=AXIS2_PLACEMENT_3D('',#6173,#6174,#6175);
#6177=CYLINDRICAL_SURFACE('',#6176,8.85E-2);
#6179=ORIENTED_EDGE('',*,*,#6178,.F.);
#6181=ORIENTED_EDGE('',*,*,#6180,.T.);
#6183=ORIENTED_EDGE('',*,*,#6182,.T.);
#6185=ORIENTED_EDGE('',*,*,#6184,.T.);
#6186=EDGE_LOOP('',(#6179,#6181,#6183,#6185));
#6187=FACE_OUTER_BOUND('',#6186,.F.);
#6188=ADVANCED_FACE('',(#6187),#6177,.T.);
#6189=CARTESIAN_POINT('',(0.E0,5.E-2,-1.705E-1));
#6190=DIRECTION('',(0.E0,0.E0,-1.E0));
#6191=DIRECTION('',(-9.986295347546E-1,-5.233595624294E-2,0.E0));
#6192=AXIS2_PLACEMENT_3D('',#6189,#6190,#6191);
#6193=CYLINDRICAL_SURFACE('',#6192,8.85E-2);
#6195=ORIENTED_EDGE('',*,*,#6194,.T.);
#6197=ORIENTED_EDGE('',*,*,#6196,.T.);
#6199=ORIENTED_EDGE('',*,*,#6198,.T.);
#6201=ORIENTED_EDGE('',*,*,#6200,.T.);
#6203=ORIENTED_EDGE('',*,*,#6202,.T.);
#6204=EDGE_LOOP('',(#6195,#6197,#6199,#6201,#6203));
#6205=FACE_OUTER_BOUND('',#6204,.F.);
#6206=ADVANCED_FACE('',(#6205),#6193,.T.);
#6207=CARTESIAN_POINT('',(0.E0,5.E-2,-1.705E-1));
#6208=DIRECTION('',(0.E0,0.E0,-1.E0));
#6209=DIRECTION('',(-9.986295347546E-1,-5.233595624294E-2,0.E0));
#6210=AXIS2_PLACEMENT_3D('',#6207,#6208,#6209);
#6211=CYLINDRICAL_SURFACE('',#6210,8.85E-2);
#6213=ORIENTED_EDGE('',*,*,#6212,.T.);
#6215=ORIENTED_EDGE('',*,*,#6214,.T.);
#6217=ORIENTED_EDGE('',*,*,#6216,.T.);
#6219=ORIENTED_EDGE('',*,*,#6218,.T.);
#6221=ORIENTED_EDGE('',*,*,#6220,.T.);
#6222=EDGE_LOOP('',(#6213,#6215,#6217,#6219,#6221));
#6223=FACE_OUTER_BOUND('',#6222,.F.);
#6224=ADVANCED_FACE('',(#6223),#6211,.T.);
#6225=CARTESIAN_POINT('',(9.323384572782E-2,9.494107264853E-2,
-1.700746331146E-1));
#6226=DIRECTION('',(0.E0,0.E0,-1.E0));
#6227=DIRECTION('',(5.233595624294E-2,-9.986295347546E-1,0.E0));
#6228=AXIS2_PLACEMENT_3D('',#6225,#6226,#6227);
#6229=CYLINDRICAL_SURFACE('',#6228,1.5E-2);
#6231=ORIENTED_EDGE('',*,*,#6230,.T.);
#6232=ORIENTED_EDGE('',*,*,#6178,.T.);
#6234=ORIENTED_EDGE('',*,*,#6233,.T.);
#6236=ORIENTED_EDGE('',*,*,#6235,.F.);
#6237=EDGE_LOOP('',(#6231,#6232,#6234,#6236));
#6238=FACE_OUTER_BOUND('',#6237,.F.);
#6239=ADVANCED_FACE('',(#6238),#6229,.F.);
#6240=CARTESIAN_POINT('',(8.347077875682E-2,7.940882679962E-2,-1.705E-1));
#6241=DIRECTION('',(-5.233595624294E-2,9.986295347546E-1,0.E0));
#6242=DIRECTION('',(9.986295347546E-1,5.233595624294E-2,0.E0));
#6243=AXIS2_PLACEMENT_3D('',#6240,#6241,#6242);
#6244=PLANE('',#6243);
#6246=ORIENTED_EDGE('',*,*,#6245,.T.);
#6247=ORIENTED_EDGE('',*,*,#6235,.T.);
#6249=ORIENTED_EDGE('',*,*,#6248,.F.);
#6251=ORIENTED_EDGE('',*,*,#6250,.F.);
#6252=EDGE_LOOP('',(#6246,#6247,#6249,#6251));
#6253=FACE_OUTER_BOUND('',#6252,.F.);
#6254=ADVANCED_FACE('',(#6253),#6244,.T.);
#6255=CARTESIAN_POINT('',(9.401888507147E-2,7.996162962721E-2,-1.705E-1));
#6256=DIRECTION('',(3.629738781978E-2,1.902265489410E-3,9.993392221981E-1));
#6257=DIRECTION('',(9.979696625257E-1,5.230137380482E-2,-3.634720039469E-2));
#6258=AXIS2_PLACEMENT_3D('',#6255,#6256,#6257);
#6259=PLANE('',#6258);
#6261=ORIENTED_EDGE('',*,*,#6260,.F.);
#6263=ORIENTED_EDGE('',*,*,#6262,.F.);
#6265=ORIENTED_EDGE('',*,*,#6264,.T.);
#6267=ORIENTED_EDGE('',*,*,#6266,.T.);
#6268=ORIENTED_EDGE('',*,*,#6245,.F.);
#6270=ORIENTED_EDGE('',*,*,#6269,.F.);
#6271=EDGE_LOOP('',(#6261,#6263,#6265,#6267,#6268,#6270));
#6272=FACE_OUTER_BOUND('',#6271,.F.);
#6273=ADVANCED_FACE('',(#6272),#6259,.T.);
#6274=CARTESIAN_POINT('',(1.599040863966E-1,1.515565010741E-1,
-1.880392426995E-1));
#6275=DIRECTION('',(-5.233595624294E-2,9.986295347546E-1,0.E0));
#6276=DIRECTION('',(-9.986295347546E-1,-5.233595624294E-2,0.E0));
#6277=AXIS2_PLACEMENT_3D('',#6274,#6275,#6276);
#6278=CYLINDRICAL_SURFACE('',#6277,1.5E-2);
#6280=ORIENTED_EDGE('',*,*,#6279,.T.);
#6282=ORIENTED_EDGE('',*,*,#6281,.T.);
#6283=ORIENTED_EDGE('',*,*,#6260,.T.);
#6284=EDGE_LOOP('',(#6280,#6282,#6283));
#6285=FACE_OUTER_BOUND('',#6284,.F.);
#6286=ADVANCED_FACE('',(#6285),#6278,.T.);
#6287=CARTESIAN_POINT('',(1.547875778870E-1,5.811207321766E-2,-1.705E-1));
#6288=DIRECTION('',(0.E0,0.E0,-1.E0));
#6289=DIRECTION('',(-9.986295347546E-1,-5.233595624294E-2,0.E0));
#6290=AXIS2_PLACEMENT_3D('',#6287,#6288,#6289);
#6291=CYLINDRICAL_SURFACE('',#6290,2.5E-2);
#6293=ORIENTED_EDGE('',*,*,#6292,.F.);
#6295=ORIENTED_EDGE('',*,*,#6294,.F.);
#6297=ORIENTED_EDGE('',*,*,#6296,.T.);
#6299=ORIENTED_EDGE('',*,*,#6298,.F.);
#6300=ORIENTED_EDGE('',*,*,#6262,.T.);
#6301=ORIENTED_EDGE('',*,*,#6281,.F.);
#6302=ORIENTED_EDGE('',*,*,#6279,.F.);
#6303=ORIENTED_EDGE('',*,*,#6269,.T.);
#6304=ORIENTED_EDGE('',*,*,#6250,.T.);
#6306=ORIENTED_EDGE('',*,*,#6305,.T.);
#6307=EDGE_LOOP('',(#6293,#6295,#6297,#6299,#6300,#6301,#6302,#6303,#6304,
#6306));
#6308=FACE_OUTER_BOUND('',#6307,.F.);
#6309=ADVANCED_FACE('',(#6308),#6291,.T.);
#6310=CARTESIAN_POINT('',(1.599040863966E-1,1.515565010741E-1,
-2.119607573005E-1));
#6311=DIRECTION('',(5.233595624294E-2,-9.986295347546E-1,0.E0));
#6312=DIRECTION('',(-9.986295347546E-1,-5.233595624294E-2,0.E0));
#6313=AXIS2_PLACEMENT_3D('',#6310,#6311,#6312);
#6314=CYLINDRICAL_SURFACE('',#6313,1.5E-2);
#6315=ORIENTED_EDGE('',*,*,#6292,.T.);
#6317=ORIENTED_EDGE('',*,*,#6316,.T.);
#6318=ORIENTED_EDGE('',*,*,#6294,.T.);
#6319=EDGE_LOOP('',(#6315,#6317,#6318));
#6320=FACE_OUTER_BOUND('',#6319,.F.);
#6321=ADVANCED_FACE('',(#6320),#6314,.T.);
#6322=CARTESIAN_POINT('',(9.401888507147E-2,7.996162962721E-2,-2.295E-1));
#6323=DIRECTION('',(-3.629738781978E-2,-1.902265489410E-3,9.993392221981E-1));
#6324=DIRECTION('',(9.979696625257E-1,5.230137380482E-2,3.634720039469E-2));
#6325=AXIS2_PLACEMENT_3D('',#6322,#6323,#6324);
#6326=PLANE('',#6325);
#6327=ORIENTED_EDGE('',*,*,#6316,.F.);
#6328=ORIENTED_EDGE('',*,*,#6305,.F.);
#6329=ORIENTED_EDGE('',*,*,#6248,.T.);
#6331=ORIENTED_EDGE('',*,*,#6330,.T.);
#6333=ORIENTED_EDGE('',*,*,#6332,.F.);
#6334=ORIENTED_EDGE('',*,*,#6296,.F.);
#6335=EDGE_LOOP('',(#6327,#6328,#6329,#6331,#6333,#6334));
#6336=FACE_OUTER_BOUND('',#6335,.F.);
#6337=ADVANCED_FACE('',(#6336),#6326,.F.);
#6338=CARTESIAN_POINT('',(1.560959767930E-1,3.314633484879E-2,-1.705E-1));
#6339=DIRECTION('',(5.233595624294E-2,-9.986295347546E-1,0.E0));
#6340=DIRECTION('',(-9.986295347546E-1,-5.233595624294E-2,0.E0));
#6341=AXIS2_PLACEMENT_3D('',#6338,#6339,#6340);
#6342=PLANE('',#6341);
#6343=ORIENTED_EDGE('',*,*,#6264,.F.);
#6344=ORIENTED_EDGE('',*,*,#6298,.T.);
#6345=ORIENTED_EDGE('',*,*,#6332,.T.);
#6347=ORIENTED_EDGE('',*,*,#6346,.T.);
#6348=EDGE_LOOP('',(#6343,#6344,#6345,#6347));
#6349=FACE_OUTER_BOUND('',#6348,.F.);
#6350=ADVANCED_FACE('',(#6349),#6342,.T.);
#6351=OPEN_SHELL('',(#6188,#6206,#6224,#6239,#6254,#6273,#6286,#6309,#6321,
#6337,#6350));
#6352=CARTESIAN_POINT('',(0.E0,5.E-2,-2.705E-1));
#6353=DIRECTION('',(0.E0,0.E0,1.E0));
#6354=DIRECTION('',(9.008101036505E-1,4.342132623046E-1,0.E0));
#6355=AXIS2_PLACEMENT_3D('',#6352,#6353,#6354);
#6357=DIRECTION('',(0.E0,0.E0,-1.E0));
#6358=VECTOR('',#6357,5.9E-2);
#6359=CARTESIAN_POINT('',(7.432987408135E-2,9.803456900036E-2,-2.705E-1));
#6360=LINE('',#6359,#6358);
#6361=CARTESIAN_POINT('',(0.E0,5.E-2,-3.295E-1));
#6362=DIRECTION('',(0.E0,0.E0,-1.E0));
#6363=DIRECTION('',(8.398855828401E-1,5.427634915295E-1,0.E0));
#6364=AXIS2_PLACEMENT_3D('',#6361,#6362,#6363);
#6366=CARTESIAN_POINT('',(1.696864903805E-2,-3.685801603665E-2,-3.295E-1));
#6367=CARTESIAN_POINT('',(1.861435411641E-2,-3.653650982261E-2,
-3.288021439553E-1));
#6368=CARTESIAN_POINT('',(2.174488523650E-2,-3.582944679145E-2,
-3.271513862296E-1));
#6369=CARTESIAN_POINT('',(2.606071967993E-2,-3.461035418708E-2,
-3.238214931007E-1));
#6370=CARTESIAN_POINT('',(2.968262974618E-2,-3.339805270836E-2,
-3.198720121483E-1));
#6371=CARTESIAN_POINT('',(3.263390301628E-2,-3.227852263365E-2,
-3.152921998553E-1));
#6372=CARTESIAN_POINT('',(3.473686701106E-2,-3.140435328662E-2,
-3.103791851487E-1));
#6373=CARTESIAN_POINT('',(3.601049991635E-2,-3.084388775004E-2,
-3.051481161720E-1));
#6374=CARTESIAN_POINT('',(3.627449583082E-2,-3.072428972880E-2,
-3.017211201413E-1));
#6375=CARTESIAN_POINT('',(3.627449583082E-2,-3.072428972880E-2,-3.E-1));
#6377=CARTESIAN_POINT('',(3.627449583082E-2,-3.072428972880E-2,-3.E-1));
#6378=CARTESIAN_POINT('',(3.627449583082E-2,-3.072428972880E-2,
-2.982796934442E-1));
#6379=CARTESIAN_POINT('',(3.601076669016E-2,-3.084376661248E-2,
-2.948539385638E-1));
#6380=CARTESIAN_POINT('',(3.473766705234E-2,-3.140400873654E-2,
-2.896232407814E-1));
#6381=CARTESIAN_POINT('',(3.263512923344E-2,-3.227802853045E-2,
-2.847100962957E-1));
#6382=CARTESIAN_POINT('',(2.968357937347E-2,-3.339774698915E-2,
-2.801289053524E-1));
#6383=CARTESIAN_POINT('',(2.605916556183E-2,-3.461084079110E-2,
-2.761770351473E-1));
#6384=CARTESIAN_POINT('',(2.174490247518E-2,-3.582941579177E-2,
-2.728487591765E-1));
#6385=CARTESIAN_POINT('',(1.861434663086E-2,-3.653651128500E-2,
-2.711978528705E-1));
#6386=CARTESIAN_POINT('',(1.696864903805E-2,-3.685801603665E-2,-2.705E-1));
#6388=CARTESIAN_POINT('',(0.E0,5.E-2,-2.705E-1));
#6389=DIRECTION('',(0.E0,0.E0,1.E0));
#6390=DIRECTION('',(1.917361473226E-1,-9.814465088887E-1,0.E0));
#6391=AXIS2_PLACEMENT_3D('',#6388,#6389,#6390);
#6393=DIRECTION('',(0.E0,0.E0,-1.E0));
#6394=VECTOR('',#6393,5.9E-2);
#6395=CARTESIAN_POINT('',(8.330177697693E-2,2.011582438002E-2,-2.705E-1));
#6396=LINE('',#6395,#6394);
#6397=CARTESIAN_POINT('',(0.E0,5.E-2,-3.295E-1));
#6398=DIRECTION('',(0.E0,0.E0,-1.E0));
#6399=DIRECTION('',(9.412630166885E-1,-3.376743007907E-1,0.E0));
#6400=AXIS2_PLACEMENT_3D('',#6397,#6398,#6399);
#6402=CARTESIAN_POINT('',(-2.763779439347E-2,-3.407379092835E-2,-3.E-1));
#6403=CARTESIAN_POINT('',(-2.763779439347E-2,-3.407379092835E-2,
-3.017202916595E-1));
#6404=CARTESIAN_POINT('',(-2.736302309524E-2,-3.416504528767E-2,
-3.051460419655E-1));
#6405=CARTESIAN_POINT('',(-2.603834135847E-2,-3.458914258287E-2,
-3.103767700377E-1));
#6406=CARTESIAN_POINT('',(-2.385584996480E-2,-3.523863046690E-2,
-3.152900979002E-1));
#6407=CARTESIAN_POINT('',(-2.080348798019E-2,-3.604367370527E-2,
-3.198711348841E-1));
#6408=CARTESIAN_POINT('',(-1.707212056598E-2,-3.687126976600E-2,
-3.238230201672E-1));
#6409=CARTESIAN_POINT('',(-1.265398451026E-2,-3.763222110650E-2,
-3.271513548071E-1));
#6410=CARTESIAN_POINT('',(-9.466764056313E-3,-3.800819158335E-2,
-3.288021816798E-1));
#6411=CARTESIAN_POINT('',(-7.796558064371E-3,-3.815590554438E-2,-3.295E-1));
#6413=CARTESIAN_POINT('',(0.E0,5.E-2,-3.295E-1));
#6414=DIRECTION('',(0.E0,0.E0,-1.E0));
#6415=DIRECTION('',(-8.809670129233E-2,-9.961119270551E-1,0.E0));
#6416=AXIS2_PLACEMENT_3D('',#6413,#6414,#6415);
#6418=DIRECTION('',(0.E0,0.E0,1.E0));
#6419=VECTOR('',#6418,5.9E-2);
#6420=CARTESIAN_POINT('',(-3.462030445202E-2,-3.144743408880E-2,-3.295E-1));
#6421=LINE('',#6420,#6419);
#6422=CARTESIAN_POINT('',(0.E0,5.E-2,-2.705E-1));
#6423=DIRECTION('',(0.E0,0.E0,1.E0));
#6424=DIRECTION('',(-3.911898808138E-1,-9.203099897040E-1,0.E0));
#6425=AXIS2_PLACEMENT_3D('',#6422,#6423,#6424);
#6427=CARTESIAN_POINT('',(-7.796558064371E-3,-3.815590554438E-2,-2.705E-1));
#6428=CARTESIAN_POINT('',(-9.466943671817E-3,-3.800817569805E-2,
-2.711978933643E-1));
#6429=CARTESIAN_POINT('',(-1.265433967285E-2,-3.763219483748E-2,
-2.728487367317E-1));
#6430=CARTESIAN_POINT('',(-1.707382891217E-2,-3.687092248861E-2,
-2.761785751414E-1));
#6431=CARTESIAN_POINT('',(-2.080260712740E-2,-3.604385759666E-2,
-2.801280387276E-1));
#6432=CARTESIAN_POINT('',(-2.385479707849E-2,-3.523893177636E-2,
-2.847080120673E-1));
#6433=CARTESIAN_POINT('',(-2.603748906235E-2,-3.458940655212E-2,
-2.896208114329E-1));
#6434=CARTESIAN_POINT('',(-2.736273705366E-2,-3.416514097691E-2,
-2.948518356984E-1));
#6435=CARTESIAN_POINT('',(-2.763779439347E-2,-3.407379092835E-2,
-2.982788519596E-1));
#6436=CARTESIAN_POINT('',(-2.763779439347E-2,-3.407379092835E-2,-3.E-1));
#6438=CARTESIAN_POINT('',(9.323384572782E-2,9.494107264853E-2,-2.705E-1));
#6439=DIRECTION('',(0.E0,0.E0,-1.E0));
#6440=DIRECTION('',(5.233595624294E-2,-9.986295347546E-1,0.E0));
#6441=AXIS2_PLACEMENT_3D('',#6438,#6439,#6440);
#6443=DIRECTION('',(0.E0,0.E0,-1.E0));
#6444=VECTOR('',#6443,5.9E-2);
#6445=CARTESIAN_POINT('',(7.972169417307E-2,8.842787371396E-2,-2.705E-1));
#6446=LINE('',#6445,#6444);
#6447=CARTESIAN_POINT('',(9.323384572782E-2,9.494107264853E-2,-3.295E-1));
#6448=DIRECTION('',(0.E0,0.E0,1.E0));
#6449=DIRECTION('',(-9.008101036505E-1,-4.342132623046E-1,0.E0));
#6450=AXIS2_PLACEMENT_3D('',#6447,#6448,#6449);
#6452=DIRECTION('',(0.E0,0.E0,-1.E0));
#6453=VECTOR('',#6452,5.9E-2);
#6454=CARTESIAN_POINT('',(9.401888507147E-2,7.996162962721E-2,-2.705E-1));
#6455=LINE('',#6454,#6453);
#6456=DIRECTION('',(-9.979696625257E-1,-5.230137380482E-2,3.634720039469E-2));
#6457=VECTOR('',#6456,5.958126398245E-2);
#6458=CARTESIAN_POINT('',(1.534791789809E-1,8.307781158652E-2,
-2.726656121417E-1));
#6459=LINE('',#6458,#6457);
#6460=DIRECTION('',(-9.979696625257E-1,-5.230137380482E-2,-3.634720039469E-2));
#6461=VECTOR('',#6460,5.958126398245E-2);
#6462=CARTESIAN_POINT('',(1.534791789809E-1,8.307781158652E-2,
-3.273343878583E-1));
#6463=LINE('',#6462,#6461);
#6464=DIRECTION('',(-5.233595624294E-2,9.986295347546E-1,0.E0));
#6465=VECTOR('',#6464,4.533425142701E-2);
#6466=CARTESIAN_POINT('',(1.665046397513E-1,3.602790555693E-2,
-2.730491543665E-1));
#6467=LINE('',#6466,#6465);
#6468=DIRECTION('',(-5.233595624294E-2,9.986295347546E-1,0.E0));
#6469=VECTOR('',#6468,5.E-2);
#6470=CARTESIAN_POINT('',(9.663568288361E-2,3.003015288948E-2,-2.705E-1));
#6471=LINE('',#6470,#6469);
#6472=CARTESIAN_POINT('',(1.797533162558E-1,5.942047212373E-2,
-3.119607573005E-1));
#6473=CARTESIAN_POINT('',(1.796941547399E-1,6.054934109524E-2,
-3.128363754501E-1));
#6474=CARTESIAN_POINT('',(1.794272962484E-1,6.273111939722E-2,
-3.145347049350E-1));
#6475=CARTESIAN_POINT('',(1.786489166207E-1,6.577557943254E-2,
-3.168997795394E-1));
#6476=CARTESIAN_POINT('',(1.775763405053E-1,6.852343071872E-2,
-3.190121817204E-1));
#6477=CARTESIAN_POINT('',(1.762832179455E-1,7.096796520414E-2,
-3.208550460885E-1));
#6478=CARTESIAN_POINT('',(1.748795500939E-1,7.305117454047E-2,
-3.223795299871E-1));
#6479=CARTESIAN_POINT('',(1.734551863282E-1,7.478720469967E-2,
-3.236002351306E-1));
#6480=CARTESIAN_POINT('',(1.719725079058E-1,7.631128592675E-2,
-3.246175769631E-1));
#6481=CARTESIAN_POINT('',(1.703044758937E-1,7.775747537368E-2,
-3.255117972651E-1));
#6482=CARTESIAN_POINT('',(1.684131263372E-1,7.911777072657E-2,
-3.262515058763E-1));
#6483=CARTESIAN_POINT('',(1.663294320597E-1,8.033197454882E-2,
-3.267680101991E-1));
#6484=CARTESIAN_POINT('',(1.648761479024E-1,8.100015726560E-2,
-3.269243889893E-1));
#6485=CARTESIAN_POINT('',(1.641320283523E-1,8.130002796793E-2,
-3.269508456335E-1));
#6487=CARTESIAN_POINT('',(1.665046397513E-1,3.602790555693E-2,
-3.269508456335E-1));
#6488=CARTESIAN_POINT('',(1.672172852500E-1,3.640600952373E-2,
-3.269242416300E-1));
#6489=CARTESIAN_POINT('',(1.685998228641E-1,3.722717558944E-2,
-3.267664092736E-1));
#6490=CARTESIAN_POINT('',(1.705527553570E-1,3.866032563593E-2,
-3.262455220730E-1));
#6491=CARTESIAN_POINT('',(1.722976639576E-1,4.021990743821E-2,
-3.254997067077E-1));
#6492=CARTESIAN_POINT('',(1.738108975998E-1,4.184355626369E-2,
-3.245974828239E-1));
#6493=CARTESIAN_POINT('',(1.751304611223E-1,4.352702526900E-2,
-3.235703807901E-1));
#6494=CARTESIAN_POINT('',(1.763657505065E-1,4.541338763130E-2,
-3.223403965396E-1));
#6495=CARTESIAN_POINT('',(1.775383319024E-1,4.763672298936E-2,
-3.208104685871E-1));
#6496=CARTESIAN_POINT('',(1.785584541877E-1,5.019724649503E-2,
-3.189700471522E-1));
#6497=CARTESIAN_POINT('',(1.793275999271E-1,5.302847077330E-2,
-3.168667423181E-1));
#6498=CARTESIAN_POINT('',(1.797761471652E-1,5.611811865342E-2,
-3.145160044089E-1));
#6499=CARTESIAN_POINT('',(1.798120311637E-1,5.830012494114E-2,
-3.128297654420E-1));
#6500=CARTESIAN_POINT('',(1.797533162558E-1,5.942047212373E-2,
-3.119607573005E-1));
#6502=CARTESIAN_POINT('',(1.665046397513E-1,3.602790555693E-2,
-3.269508456335E-1));
#6503=CARTESIAN_POINT('',(1.632473867961E-1,3.429972476376E-2,
-3.270724432149E-1));
#6504=CARTESIAN_POINT('',(1.597778075238E-1,3.333929142109E-2,
-3.272002913577E-1));
#6505=CARTESIAN_POINT('',(1.560959767930E-1,3.314633484879E-2,
-3.273343878583E-1));
#6507=CARTESIAN_POINT('',(1.560959767930E-1,3.314633484879E-2,
-2.726656121417E-1));
#6508=CARTESIAN_POINT('',(1.597778075238E-1,3.333929142109E-2,
-2.727997086423E-1));
#6509=CARTESIAN_POINT('',(1.632473867961E-1,3.429972476376E-2,
-2.729275567851E-1));
#6510=CARTESIAN_POINT('',(1.665046397513E-1,3.602790555693E-2,
-2.730491543665E-1));
#6512=CARTESIAN_POINT('',(1.797533162558E-1,5.942047212373E-2,
-2.880392426995E-1));
#6513=CARTESIAN_POINT('',(1.798123068690E-1,5.829486417015E-2,
-2.871661539900E-1));
#6514=CARTESIAN_POINT('',(1.797755682436E-1,5.610270325352E-2,
-2.854720957876E-1));
#6515=CARTESIAN_POINT('',(1.793219413810E-1,5.299837805691E-2,
-2.831105137061E-1));
#6516=CARTESIAN_POINT('',(1.785451084333E-1,5.015597250019E-2,
-2.809996531088E-1));
#6517=CARTESIAN_POINT('',(1.775169528730E-1,4.759011207254E-2,
-2.791566472380E-1));
#6518=CARTESIAN_POINT('',(1.763401690680E-1,4.537039043292E-2,
-2.776307958626E-1));
#6519=CARTESIAN_POINT('',(1.751064226053E-1,4.349414061551E-2,
-2.764089617489E-1));
#6520=CARTESIAN_POINT('',(1.737918845205E-1,4.182179301988E-2,
-2.753899333842E-1));
#6521=CARTESIAN_POINT('',(1.722823938138E-1,4.020525698799E-2,
-2.744928005898E-1));
#6522=CARTESIAN_POINT('',(1.705410890104E-1,3.865111133044E-2,
-2.737506864262E-1));
#6523=CARTESIAN_POINT('',(1.685922089443E-1,3.722241238564E-2,
-2.732324403546E-1));
#6524=CARTESIAN_POINT('',(1.672144714139E-1,3.640451660387E-2,
-2.730756533258E-1));
#6525=CARTESIAN_POINT('',(1.665046397513E-1,3.602790555693E-2,
-2.730491543665E-1));
#6527=CARTESIAN_POINT('',(1.641320283523E-1,8.130002796793E-2,
-2.730491543665E-1));
#6528=CARTESIAN_POINT('',(1.648790923425E-1,8.099897069377E-2,
-2.730757156982E-1));
#6529=CARTESIAN_POINT('',(1.663374764206E-1,8.032804698645E-2,
-2.732331351281E-1));
#6530=CARTESIAN_POINT('',(1.684256529021E-1,7.910985680092E-2,
-2.737522676404E-1));
#6531=CARTESIAN_POINT('',(1.703211586595E-1,7.774454365604E-2,
-2.744956647297E-1));
#6532=CARTESIAN_POINT('',(1.719937017778E-1,7.629164830148E-2,
-2.753949862012E-1));
#6533=CARTESIAN_POINT('',(1.734825584398E-1,7.475702468060E-2,
-2.764204051752E-1));
#6534=CARTESIAN_POINT('',(1.749095113826E-1,7.301111345380E-2,
-2.776492496952E-1));
#6535=CARTESIAN_POINT('',(1.763094140741E-1,7.092381834342E-2,
-2.791778505209E-1));
#6536=CARTESIAN_POINT('',(1.775940022292E-1,6.848368761010E-2,
-2.810181835193E-1));
#6537=CARTESIAN_POINT('',(1.786577470052E-1,6.574611830966E-2,
-2.831230602109E-1));
#6538=CARTESIAN_POINT('',(1.794295067297E-1,6.271573285119E-2,
-2.854772854622E-1));
#6539=CARTESIAN_POINT('',(1.796944329291E-1,6.054403292864E-2,
-2.871677418807E-1));
#6540=CARTESIAN_POINT('',(1.797533162558E-1,5.942047212373E-2,
-2.880392426995E-1));
#6542=CARTESIAN_POINT('',(1.641320283523E-1,8.130002796793E-2,
-2.730491543665E-1));
#6543=CARTESIAN_POINT('',(1.607119748870E-1,8.267826596E-2,-2.729275567851E-1));
#6544=CARTESIAN_POINT('',(1.571610097116E-1,8.327076815881E-2,
-2.727997086423E-1));
#6545=CARTESIAN_POINT('',(1.534791789809E-1,8.307781158652E-2,
-2.726656121417E-1));
#6547=DIRECTION('',(0.E0,0.E0,-1.E0));
#6548=VECTOR('',#6547,5.466877571652E-2);
#6549=CARTESIAN_POINT('',(1.534791789809E-1,8.307781158652E-2,
-2.726656121417E-1));
#6550=LINE('',#6549,#6548);
#6551=CARTESIAN_POINT('',(1.534791789809E-1,8.307781158652E-2,
-3.273343878583E-1));
#6552=CARTESIAN_POINT('',(1.571610097116E-1,8.327076815881E-2,
-3.272002913577E-1));
#6553=CARTESIAN_POINT('',(1.607119748870E-1,8.267826596E-2,-3.270724432149E-1));
#6554=CARTESIAN_POINT('',(1.641320283523E-1,8.130002796793E-2,
-3.269508456335E-1));
#6556=DIRECTION('',(5.233595624294E-2,-9.986295347546E-1,0.E0));
#6557=VECTOR('',#6556,4.533425142701E-2);
#6558=CARTESIAN_POINT('',(1.641320283523E-1,8.130002796793E-2,
-3.269508456335E-1));
#6559=LINE('',#6558,#6557);
#6560=DIRECTION('',(5.233595624294E-2,-9.986295347546E-1,0.E0));
#6561=VECTOR('',#6560,5.E-2);
#6562=CARTESIAN_POINT('',(9.401888507147E-2,7.996162962721E-2,-3.295E-1));
#6563=LINE('',#6562,#6561);
#6564=DIRECTION('',(-9.979696625257E-1,-5.230137380482E-2,3.634720039469E-2));
#6565=VECTOR('',#6564,5.958126398245E-2);
#6566=CARTESIAN_POINT('',(1.560959767930E-1,3.314633484879E-2,
-2.726656121417E-1));
#6567=LINE('',#6566,#6565);
#6568=DIRECTION('',(0.E0,0.E0,-1.E0));
#6569=VECTOR('',#6568,5.466877571652E-2);
#6570=CARTESIAN_POINT('',(1.560959767930E-1,3.314633484879E-2,
-2.726656121417E-1));
#6571=LINE('',#6570,#6569);
#6572=DIRECTION('',(-9.979696625257E-1,-5.230137380482E-2,-3.634720039469E-2));
#6573=VECTOR('',#6572,5.958126398245E-2);
#6574=CARTESIAN_POINT('',(1.560959767930E-1,3.314633484879E-2,
-3.273343878583E-1));
#6575=LINE('',#6574,#6573);
#6576=DIRECTION('',(0.E0,0.E0,1.E0));
#6577=VECTOR('',#6576,5.9E-2);
#6578=CARTESIAN_POINT('',(9.663568288361E-2,3.003015288948E-2,-3.295E-1));
#6579=LINE('',#6578,#6577);
#6580=CARTESIAN_POINT('',(7.432987408135E-2,9.803456900036E-2,-2.705E-1));
#6581=CARTESIAN_POINT('',(7.432987408135E-2,9.803456900036E-2,-3.295E-1));
#6582=VERTEX_POINT('',#6580);
#6583=VERTEX_POINT('',#6581);
#6584=CARTESIAN_POINT('',(-3.462030445202E-2,-3.144743408880E-2,-2.705E-1));
#6585=CARTESIAN_POINT('',(-3.462030445202E-2,-3.144743408880E-2,-3.295E-1));
#6586=VERTEX_POINT('',#6584);
#6587=VERTEX_POINT('',#6585);
#6588=CARTESIAN_POINT('',(7.972169417307E-2,8.842787371396E-2,-2.705E-1));
#6589=CARTESIAN_POINT('',(7.972169417307E-2,8.842787371396E-2,-3.295E-1));
#6590=VERTEX_POINT('',#6588);
#6591=VERTEX_POINT('',#6589);
#6592=CARTESIAN_POINT('',(8.330177697693E-2,2.011582438002E-2,-3.295E-1));
#6593=CARTESIAN_POINT('',(8.330177697693E-2,2.011582438002E-2,-2.705E-1));
#6594=VERTEX_POINT('',#6592);
#6595=VERTEX_POINT('',#6593);
#6596=CARTESIAN_POINT('',(9.663568288361E-2,3.003015288948E-2,-3.295E-1));
#6597=CARTESIAN_POINT('',(9.401888507147E-2,7.996162962721E-2,-3.295E-1));
#6598=VERTEX_POINT('',#6596);
#6599=VERTEX_POINT('',#6597);
#6600=CARTESIAN_POINT('',(1.534791789809E-1,8.307781158652E-2,
-3.273343878583E-1));
#6601=VERTEX_POINT('',#6600);
#6602=CARTESIAN_POINT('',(1.560959767930E-1,3.314633484879E-2,
-3.273343878583E-1));
#6603=VERTEX_POINT('',#6602);
#6604=CARTESIAN_POINT('',(9.663568288361E-2,3.003015288948E-2,-2.705E-1));
#6605=CARTESIAN_POINT('',(9.401888507147E-2,7.996162962721E-2,-2.705E-1));
#6606=VERTEX_POINT('',#6604);
#6607=VERTEX_POINT('',#6605);
#6608=CARTESIAN_POINT('',(1.534791789809E-1,8.307781158652E-2,
-2.726656121417E-1));
#6609=VERTEX_POINT('',#6608);
#6610=CARTESIAN_POINT('',(1.560959767930E-1,3.314633484879E-2,
-2.726656121417E-1));
#6611=VERTEX_POINT('',#6610);
#6612=VERTEX_POINT('',#6375);
#6613=VERTEX_POINT('',#6366);
#6614=VERTEX_POINT('',#6411);
#6615=VERTEX_POINT('',#6402);
#6616=VERTEX_POINT('',#6386);
#6617=VERTEX_POINT('',#6427);
#6618=VERTEX_POINT('',#6527);
#6619=VERTEX_POINT('',#6540);
#6620=VERTEX_POINT('',#6525);
#6621=VERTEX_POINT('',#6472);
#6622=VERTEX_POINT('',#6485);
#6623=VERTEX_POINT('',#6487);
#6624=CARTESIAN_POINT('',(0.E0,5.E-2,-2.705E-1));
#6625=DIRECTION('',(0.E0,0.E0,-1.E0));
#6626=DIRECTION('',(-9.986295347546E-1,-5.233595624294E-2,0.E0));
#6627=AXIS2_PLACEMENT_3D('',#6624,#6625,#6626);
#6628=CYLINDRICAL_SURFACE('',#6627,8.85E-2);
#6630=ORIENTED_EDGE('',*,*,#6629,.F.);
#6632=ORIENTED_EDGE('',*,*,#6631,.T.);
#6634=ORIENTED_EDGE('',*,*,#6633,.T.);
#6636=ORIENTED_EDGE('',*,*,#6635,.T.);
#6637=EDGE_LOOP('',(#6630,#6632,#6634,#6636));
#6638=FACE_OUTER_BOUND('',#6637,.F.);
#6639=ADVANCED_FACE('',(#6638),#6628,.T.);
#6640=CARTESIAN_POINT('',(0.E0,5.E-2,-2.705E-1));
#6641=DIRECTION('',(0.E0,0.E0,-1.E0));
#6642=DIRECTION('',(-9.986295347546E-1,-5.233595624294E-2,0.E0));
#6643=AXIS2_PLACEMENT_3D('',#6640,#6641,#6642);
#6644=CYLINDRICAL_SURFACE('',#6643,8.85E-2);
#6646=ORIENTED_EDGE('',*,*,#6645,.T.);
#6648=ORIENTED_EDGE('',*,*,#6647,.T.);
#6650=ORIENTED_EDGE('',*,*,#6649,.T.);
#6652=ORIENTED_EDGE('',*,*,#6651,.T.);
#6654=ORIENTED_EDGE('',*,*,#6653,.T.);
#6655=EDGE_LOOP('',(#6646,#6648,#6650,#6652,#6654));
#6656=FACE_OUTER_BOUND('',#6655,.F.);
#6657=ADVANCED_FACE('',(#6656),#6644,.T.);
#6658=CARTESIAN_POINT('',(0.E0,5.E-2,-2.705E-1));
#6659=DIRECTION('',(0.E0,0.E0,-1.E0));
#6660=DIRECTION('',(-9.986295347546E-1,-5.233595624294E-2,0.E0));
#6661=AXIS2_PLACEMENT_3D('',#6658,#6659,#6660);
#6662=CYLINDRICAL_SURFACE('',#6661,8.85E-2);
#6664=ORIENTED_EDGE('',*,*,#6663,.T.);
#6666=ORIENTED_EDGE('',*,*,#6665,.T.);
#6668=ORIENTED_EDGE('',*,*,#6667,.T.);
#6670=ORIENTED_EDGE('',*,*,#6669,.T.);
#6672=ORIENTED_EDGE('',*,*,#6671,.T.);
#6673=EDGE_LOOP('',(#6664,#6666,#6668,#6670,#6672));
#6674=FACE_OUTER_BOUND('',#6673,.F.);
#6675=ADVANCED_FACE('',(#6674),#6662,.T.);
#6676=CARTESIAN_POINT('',(9.323384572782E-2,9.494107264853E-2,
-2.700746331146E-1));
#6677=DIRECTION('',(0.E0,0.E0,-1.E0));
#6678=DIRECTION('',(5.233595624294E-2,-9.986295347546E-1,0.E0));
#6679=AXIS2_PLACEMENT_3D('',#6676,#6677,#6678);
#6680=CYLINDRICAL_SURFACE('',#6679,1.5E-2);
#6682=ORIENTED_EDGE('',*,*,#6681,.T.);
#6683=ORIENTED_EDGE('',*,*,#6629,.T.);
#6685=ORIENTED_EDGE('',*,*,#6684,.T.);
#6687=ORIENTED_EDGE('',*,*,#6686,.F.);
#6688=EDGE_LOOP('',(#6682,#6683,#6685,#6687));
#6689=FACE_OUTER_BOUND('',#6688,.F.);
#6690=ADVANCED_FACE('',(#6689),#6680,.F.);
#6691=CARTESIAN_POINT('',(8.347077875682E-2,7.940882679962E-2,-2.705E-1));
#6692=DIRECTION('',(-5.233595624294E-2,9.986295347546E-1,0.E0));
#6693=DIRECTION('',(9.986295347546E-1,5.233595624294E-2,0.E0));
#6694=AXIS2_PLACEMENT_3D('',#6691,#6692,#6693);
#6695=PLANE('',#6694);
#6697=ORIENTED_EDGE('',*,*,#6696,.T.);
#6698=ORIENTED_EDGE('',*,*,#6686,.T.);
#6700=ORIENTED_EDGE('',*,*,#6699,.F.);
#6702=ORIENTED_EDGE('',*,*,#6701,.F.);
#6703=EDGE_LOOP('',(#6697,#6698,#6700,#6702));
#6704=FACE_OUTER_BOUND('',#6703,.F.);
#6705=ADVANCED_FACE('',(#6704),#6695,.T.);
#6706=CARTESIAN_POINT('',(9.401888507147E-2,7.996162962721E-2,-2.705E-1));
#6707=DIRECTION('',(3.629738781978E-2,1.902265489410E-3,9.993392221981E-1));
#6708=DIRECTION('',(9.979696625257E-1,5.230137380482E-2,-3.634720039469E-2));
#6709=AXIS2_PLACEMENT_3D('',#6706,#6707,#6708);
#6710=PLANE('',#6709);
#6712=ORIENTED_EDGE('',*,*,#6711,.F.);
#6714=ORIENTED_EDGE('',*,*,#6713,.F.);
#6716=ORIENTED_EDGE('',*,*,#6715,.T.);
#6718=ORIENTED_EDGE('',*,*,#6717,.T.);
#6719=ORIENTED_EDGE('',*,*,#6696,.F.);
#6721=ORIENTED_EDGE('',*,*,#6720,.F.);
#6722=EDGE_LOOP('',(#6712,#6714,#6716,#6718,#6719,#6721));
#6723=FACE_OUTER_BOUND('',#6722,.F.);
#6724=ADVANCED_FACE('',(#6723),#6710,.T.);
#6725=CARTESIAN_POINT('',(1.599040863966E-1,1.515565010741E-1,
-2.880392426995E-1));
#6726=DIRECTION('',(-5.233595624294E-2,9.986295347546E-1,0.E0));
#6727=DIRECTION('',(-9.986295347546E-1,-5.233595624294E-2,0.E0));
#6728=AXIS2_PLACEMENT_3D('',#6725,#6726,#6727);
#6729=CYLINDRICAL_SURFACE('',#6728,1.5E-2);
#6731=ORIENTED_EDGE('',*,*,#6730,.T.);
#6733=ORIENTED_EDGE('',*,*,#6732,.T.);
#6734=ORIENTED_EDGE('',*,*,#6711,.T.);
#6735=EDGE_LOOP('',(#6731,#6733,#6734));
#6736=FACE_OUTER_BOUND('',#6735,.F.);
#6737=ADVANCED_FACE('',(#6736),#6729,.T.);
#6738=CARTESIAN_POINT('',(1.547875778870E-1,5.811207321766E-2,-2.705E-1));
#6739=DIRECTION('',(0.E0,0.E0,-1.E0));
#6740=DIRECTION('',(-9.986295347546E-1,-5.233595624294E-2,0.E0));
#6741=AXIS2_PLACEMENT_3D('',#6738,#6739,#6740);
#6742=CYLINDRICAL_SURFACE('',#6741,2.5E-2);
#6744=ORIENTED_EDGE('',*,*,#6743,.F.);
#6746=ORIENTED_EDGE('',*,*,#6745,.F.);
#6748=ORIENTED_EDGE('',*,*,#6747,.T.);
#6750=ORIENTED_EDGE('',*,*,#6749,.F.);
#6751=ORIENTED_EDGE('',*,*,#6713,.T.);
#6752=ORIENTED_EDGE('',*,*,#6732,.F.);
#6753=ORIENTED_EDGE('',*,*,#6730,.F.);
#6754=ORIENTED_EDGE('',*,*,#6720,.T.);
#6755=ORIENTED_EDGE('',*,*,#6701,.T.);
#6757=ORIENTED_EDGE('',*,*,#6756,.T.);
#6758=EDGE_LOOP('',(#6744,#6746,#6748,#6750,#6751,#6752,#6753,#6754,#6755,
#6757));
#6759=FACE_OUTER_BOUND('',#6758,.F.);
#6760=ADVANCED_FACE('',(#6759),#6742,.T.);
#6761=CARTESIAN_POINT('',(1.599040863966E-1,1.515565010741E-1,
-3.119607573005E-1));
#6762=DIRECTION('',(5.233595624294E-2,-9.986295347546E-1,0.E0));
#6763=DIRECTION('',(-9.986295347546E-1,-5.233595624294E-2,0.E0));
#6764=AXIS2_PLACEMENT_3D('',#6761,#6762,#6763);
#6765=CYLINDRICAL_SURFACE('',#6764,1.5E-2);
#6766=ORIENTED_EDGE('',*,*,#6743,.T.);
#6768=ORIENTED_EDGE('',*,*,#6767,.T.);
#6769=ORIENTED_EDGE('',*,*,#6745,.T.);
#6770=EDGE_LOOP('',(#6766,#6768,#6769));
#6771=FACE_OUTER_BOUND('',#6770,.F.);
#6772=ADVANCED_FACE('',(#6771),#6765,.T.);
#6773=CARTESIAN_POINT('',(9.401888507147E-2,7.996162962721E-2,-3.295E-1));
#6774=DIRECTION('',(-3.629738781978E-2,-1.902265489410E-3,9.993392221981E-1));
#6775=DIRECTION('',(9.979696625257E-1,5.230137380482E-2,3.634720039469E-2));
#6776=AXIS2_PLACEMENT_3D('',#6773,#6774,#6775);
#6777=PLANE('',#6776);
#6778=ORIENTED_EDGE('',*,*,#6767,.F.);
#6779=ORIENTED_EDGE('',*,*,#6756,.F.);
#6780=ORIENTED_EDGE('',*,*,#6699,.T.);
#6782=ORIENTED_EDGE('',*,*,#6781,.T.);
#6784=ORIENTED_EDGE('',*,*,#6783,.F.);
#6785=ORIENTED_EDGE('',*,*,#6747,.F.);
#6786=EDGE_LOOP('',(#6778,#6779,#6780,#6782,#6784,#6785));
#6787=FACE_OUTER_BOUND('',#6786,.F.);
#6788=ADVANCED_FACE('',(#6787),#6777,.F.);
#6789=CARTESIAN_POINT('',(1.560959767930E-1,3.314633484879E-2,-2.705E-1));
#6790=DIRECTION('',(5.233595624294E-2,-9.986295347546E-1,0.E0));
#6791=DIRECTION('',(-9.986295347546E-1,-5.233595624294E-2,0.E0));
#6792=AXIS2_PLACEMENT_3D('',#6789,#6790,#6791);
#6793=PLANE('',#6792);
#6794=ORIENTED_EDGE('',*,*,#6715,.F.);
#6795=ORIENTED_EDGE('',*,*,#6749,.T.);
#6796=ORIENTED_EDGE('',*,*,#6783,.T.);
#6798=ORIENTED_EDGE('',*,*,#6797,.T.);
#6799=EDGE_LOOP('',(#6794,#6795,#6796,#6798));
#6800=FACE_OUTER_BOUND('',#6799,.F.);
#6801=ADVANCED_FACE('',(#6800),#6793,.T.);
#6802=OPEN_SHELL('',(#6639,#6657,#6675,#6690,#6705,#6724,#6737,#6760,#6772,
#6788,#6801));
#6803=DIRECTION('',(0.E0,1.E0,0.E0));
#6804=VECTOR('',#6803,2.E-1);
#6805=CARTESIAN_POINT('',(7.8E-2,-4.7E-2,7.5E-2));
#6806=LINE('',#6805,#6804);
#6807=DIRECTION('',(0.E0,0.E0,-1.E0));
#6808=VECTOR('',#6807,4.5E-1);
#6809=CARTESIAN_POINT('',(7.8E-2,1.53E-1,7.5E-2));
#6810=LINE('',#6809,#6808);
#6811=DIRECTION('',(0.E0,-1.E0,0.E0));
#6812=VECTOR('',#6811,2.E-1);
#6813=CARTESIAN_POINT('',(7.8E-2,1.53E-1,-3.75E-1));
#6814=LINE('',#6813,#6812);
#6815=DIRECTION('',(0.E0,0.E0,1.E0));
#6816=VECTOR('',#6815,4.5E-1);
#6817=CARTESIAN_POINT('',(7.8E-2,-4.7E-2,-3.75E-1));
#6818=LINE('',#6817,#6816);
#6819=CARTESIAN_POINT('',(7.8E-2,1.53E-1,7.5E-2));
#6820=CARTESIAN_POINT('',(7.8E-2,-4.7E-2,7.5E-2));
#6821=VERTEX_POINT('',#6819);
#6822=VERTEX_POINT('',#6820);
#6823=CARTESIAN_POINT('',(7.8E-2,1.53E-1,-3.75E-1));
#6824=CARTESIAN_POINT('',(7.8E-2,-4.7E-2,-3.75E-1));
#6825=VERTEX_POINT('',#6823);
#6826=VERTEX_POINT('',#6824);
#6827=CARTESIAN_POINT('',(7.8E-2,1.53E-1,7.5E-2));
#6828=DIRECTION('',(1.E0,0.E0,0.E0));
#6829=DIRECTION('',(0.E0,-1.E0,0.E0));
#6830=AXIS2_PLACEMENT_3D('',#6827,#6828,#6829);
#6831=PLANE('',#6830);
#6833=ORIENTED_EDGE('',*,*,#6832,.T.);
#6835=ORIENTED_EDGE('',*,*,#6834,.T.);
#6837=ORIENTED_EDGE('',*,*,#6836,.T.);
#6839=ORIENTED_EDGE('',*,*,#6838,.T.);
#6840=EDGE_LOOP('',(#6833,#6835,#6837,#6839));
#6841=FACE_OUTER_BOUND('',#6840,.F.);
#6842=ADVANCED_FACE('',(#6841),#6831,.T.);
#6843=OPEN_SHELL('',(#6842));
#6844=SHELL_BASED_SURFACE_MODEL('',(#299,#598,#897,#1196,#1495,#1794,#2093,
#2392,#4957,#4998,#5449,#5900,#6351,#6802,#6843));
#6845=DIMENSIONAL_EXPONENTS(1.E0,0.E0,0.E0,0.E0,0.E0,0.E0,0.E0);
#6847=LENGTH_MEASURE_WITH_UNIT(LENGTH_MEASURE(2.54E1),#6846);
#6848=(CONVERSION_BASED_UNIT('INCH',#6847)LENGTH_UNIT()NAMED_UNIT(#6845));
#6849=DIMENSIONAL_EXPONENTS(0.E0,0.E0,0.E0,0.E0,0.E0,0.E0,0.E0);
#6851=PLANE_ANGLE_MEASURE_WITH_UNIT(PLANE_ANGLE_MEASURE(1.745329251994E-2),
#6850);
#6852=(CONVERSION_BASED_UNIT('DEGREE',#6851)NAMED_UNIT(*)PLANE_ANGLE_UNIT());
#6854=UNCERTAINTY_MEASURE_WITH_UNIT(LENGTH_MEASURE(2.851546288657E-5),#6848,
'closure',
'Maximum model space distance between geometric entities at asserted connectivities');
#6855=(GEOMETRIC_REPRESENTATION_CONTEXT(3)GLOBAL_UNCERTAINTY_ASSIGNED_CONTEXT((
#6854))GLOBAL_UNIT_ASSIGNED_CONTEXT((#6848,#6852,#6853))REPRESENTATION_CONTEXT(
'ID1','3'));
#6857=APPLICATION_CONTEXT(
'CONFIGURATION CONTROLLED 3D DESIGNS OF MECHANICAL PARTS AND ASSEMBLIES');
#6858=APPLICATION_PROTOCOL_DEFINITION('international standard',
'config_control_design',1994,#6857);
#6859=DESIGN_CONTEXT('',#6857,'design');
#6860=MECHANICAL_CONTEXT('',#6857,'mechanical');
#6861=PRODUCT('76PSB04ST_SW0002','76PSB04ST_SW0002','NOT SPECIFIED',(#6860));
#6862=PRODUCT_DEFINITION_FORMATION_WITH_SPECIFIED_SOURCE('1','LAST_VERSION',
#6861,.MADE.);
#6866=PRODUCT_CATEGORY('part','');
#6867=PRODUCT_RELATED_PRODUCT_CATEGORY('detail','',(#6861));
#6868=PRODUCT_CATEGORY_RELATIONSHIP('','',#6866,#6867);
#6869=SECURITY_CLASSIFICATION_LEVEL('unclassified');
#6870=SECURITY_CLASSIFICATION('','',#6869);
#6871=CC_DESIGN_SECURITY_CLASSIFICATION(#6870,(#6862));
#6872=APPROVAL_STATUS('approved');
#6873=APPROVAL(#6872,'');
#6874=CC_DESIGN_APPROVAL(#6873,(#6870,#6862,#6863));
#6875=CALENDAR_DATE(119,29,10);
#6876=COORDINATED_UNIVERSAL_TIME_OFFSET(5,0,.BEHIND.);
#6877=LOCAL_TIME(8,58,4.3E1,#6876);
#6878=DATE_AND_TIME(#6875,#6877);
#6879=APPROVAL_DATE_TIME(#6878,#6873);
#6880=DATE_TIME_ROLE('creation_date');
#6881=CC_DESIGN_DATE_AND_TIME_ASSIGNMENT(#6878,#6880,(#6863));
#6882=DATE_TIME_ROLE('classification_date');
#6883=CC_DESIGN_DATE_AND_TIME_ASSIGNMENT(#6878,#6882,(#6870));
#6884=PERSON('UNSPECIFIED','UNSPECIFIED',$,$,$,$);
#6885=ORGANIZATION('UNSPECIFIED','UNSPECIFIED','UNSPECIFIED');
#6886=PERSON_AND_ORGANIZATION(#6884,#6885);
#6887=APPROVAL_ROLE('approver');
#6888=APPROVAL_PERSON_ORGANIZATION(#6886,#6873,#6887);
#6889=PERSON_AND_ORGANIZATION_ROLE('creator');
#6890=CC_DESIGN_PERSON_AND_ORGANIZATION_ASSIGNMENT(#6886,#6889,(#6862,#6863));
#6891=PERSON_AND_ORGANIZATION_ROLE('design_supplier');
#6892=CC_DESIGN_PERSON_AND_ORGANIZATION_ASSIGNMENT(#6886,#6891,(#6862));
#6893=PERSON_AND_ORGANIZATION_ROLE('classification_officer');
#6894=CC_DESIGN_PERSON_AND_ORGANIZATION_ASSIGNMENT(#6886,#6893,(#6870));
#6895=PERSON_AND_ORGANIZATION_ROLE('design_owner');
#6896=CC_DESIGN_PERSON_AND_ORGANIZATION_ASSIGNMENT(#6886,#6895,(#6861));
#174=EDGE_CURVE('',#124,#166,#4,.T.);
#176=EDGE_CURVE('',#166,#160,#8,.T.);
#178=EDGE_CURVE('',#160,#159,#12,.T.);
#180=EDGE_CURVE('',#152,#159,#40,.T.);
#182=EDGE_CURVE('',#151,#152,#16,.T.);
#184=EDGE_CURVE('',#131,#151,#120,.T.);
#186=EDGE_CURVE('',#131,#132,#20,.T.);
#188=EDGE_CURVE('',#139,#132,#104,.T.);
#190=EDGE_CURVE('',#139,#140,#24,.T.);
#192=EDGE_CURVE('',#140,#146,#28,.T.);
#194=EDGE_CURVE('',#146,#123,#32,.T.);
#196=EDGE_CURVE('',#123,#124,#36,.T.);
#207=EDGE_CURVE('',#159,#163,#44,.T.);
#209=EDGE_CURVE('',#163,#156,#48,.T.);
#211=EDGE_CURVE('',#152,#156,#52,.T.);
#222=EDGE_CURVE('',#163,#164,#56,.T.);
#224=EDGE_CURVE('',#164,#168,#60,.T.);
#226=EDGE_CURVE('',#168,#128,#64,.T.);
#228=EDGE_CURVE('',#128,#127,#68,.T.);
#230=EDGE_CURVE('',#127,#148,#72,.T.);
#232=EDGE_CURVE('',#148,#144,#76,.T.);
#234=EDGE_CURVE('',#144,#143,#80,.T.);
#236=EDGE_CURVE('',#136,#143,#96,.T.);
#238=EDGE_CURVE('',#134,#136,#84,.T.);
#240=EDGE_CURVE('',#134,#154,#88,.T.);
#242=EDGE_CURVE('',#154,#156,#92,.T.);
#253=EDGE_CURVE('',#143,#139,#100,.T.);
#256=EDGE_CURVE('',#132,#136,#108,.T.);
#267=EDGE_CURVE('',#131,#134,#116,.T.);
#279=EDGE_CURVE('',#151,#154,#112,.T.);
#473=EDGE_CURVE('',#423,#465,#303,.T.);
#475=EDGE_CURVE('',#465,#459,#307,.T.);
#477=EDGE_CURVE('',#459,#458,#311,.T.);
#479=EDGE_CURVE('',#451,#458,#339,.T.);
#481=EDGE_CURVE('',#450,#451,#315,.T.);
#483=EDGE_CURVE('',#430,#450,#419,.T.);
#485=EDGE_CURVE('',#430,#431,#319,.T.);
#487=EDGE_CURVE('',#438,#431,#403,.T.);
#489=EDGE_CURVE('',#438,#439,#323,.T.);
#491=EDGE_CURVE('',#439,#445,#327,.T.);
#493=EDGE_CURVE('',#445,#422,#331,.T.);
#495=EDGE_CURVE('',#422,#423,#335,.T.);
#506=EDGE_CURVE('',#458,#462,#343,.T.);
#508=EDGE_CURVE('',#462,#455,#347,.T.);
#510=EDGE_CURVE('',#451,#455,#351,.T.);
#521=EDGE_CURVE('',#462,#463,#355,.T.);
#523=EDGE_CURVE('',#463,#467,#359,.T.);
#525=EDGE_CURVE('',#467,#427,#363,.T.);
#527=EDGE_CURVE('',#427,#426,#367,.T.);
#529=EDGE_CURVE('',#426,#447,#371,.T.);
#531=EDGE_CURVE('',#447,#443,#375,.T.);
#533=EDGE_CURVE('',#443,#442,#379,.T.);
#535=EDGE_CURVE('',#435,#442,#395,.T.);
#537=EDGE_CURVE('',#433,#435,#383,.T.);
#539=EDGE_CURVE('',#433,#453,#387,.T.);
#541=EDGE_CURVE('',#453,#455,#391,.T.);
#552=EDGE_CURVE('',#442,#438,#399,.T.);
#555=EDGE_CURVE('',#431,#435,#407,.T.);
#566=EDGE_CURVE('',#430,#433,#415,.T.);
#578=EDGE_CURVE('',#450,#453,#411,.T.);
#772=EDGE_CURVE('',#722,#764,#602,.T.);
#774=EDGE_CURVE('',#764,#758,#606,.T.);
#776=EDGE_CURVE('',#758,#757,#610,.T.);
#778=EDGE_CURVE('',#750,#757,#638,.T.);
#780=EDGE_CURVE('',#749,#750,#614,.T.);
#782=EDGE_CURVE('',#729,#749,#718,.T.);
#784=EDGE_CURVE('',#729,#730,#618,.T.);
#786=EDGE_CURVE('',#737,#730,#702,.T.);
#788=EDGE_CURVE('',#737,#738,#622,.T.);
#790=EDGE_CURVE('',#738,#744,#626,.T.);
#792=EDGE_CURVE('',#744,#721,#630,.T.);
#794=EDGE_CURVE('',#721,#722,#634,.T.);
#805=EDGE_CURVE('',#757,#761,#642,.T.);
#807=EDGE_CURVE('',#761,#754,#646,.T.);
#809=EDGE_CURVE('',#750,#754,#650,.T.);
#820=EDGE_CURVE('',#761,#762,#654,.T.);
#822=EDGE_CURVE('',#762,#766,#658,.T.);
#824=EDGE_CURVE('',#766,#726,#662,.T.);
#826=EDGE_CURVE('',#726,#725,#666,.T.);
#828=EDGE_CURVE('',#725,#746,#670,.T.);
#830=EDGE_CURVE('',#746,#742,#674,.T.);
#832=EDGE_CURVE('',#742,#741,#678,.T.);
#834=EDGE_CURVE('',#734,#741,#694,.T.);
#836=EDGE_CURVE('',#732,#734,#682,.T.);
#838=EDGE_CURVE('',#732,#752,#686,.T.);
#840=EDGE_CURVE('',#752,#754,#690,.T.);
#851=EDGE_CURVE('',#741,#737,#698,.T.);
#854=EDGE_CURVE('',#730,#734,#706,.T.);
#865=EDGE_CURVE('',#729,#732,#714,.T.);
#877=EDGE_CURVE('',#749,#752,#710,.T.);
#1071=EDGE_CURVE('',#1021,#1063,#901,.T.);
#1073=EDGE_CURVE('',#1063,#1057,#905,.T.);
#1075=EDGE_CURVE('',#1057,#1056,#909,.T.);
#1077=EDGE_CURVE('',#1049,#1056,#937,.T.);
#1079=EDGE_CURVE('',#1048,#1049,#913,.T.);
#1081=EDGE_CURVE('',#1028,#1048,#1017,.T.);
#1083=EDGE_CURVE('',#1028,#1029,#917,.T.);
#1085=EDGE_CURVE('',#1036,#1029,#1001,.T.);
#1087=EDGE_CURVE('',#1036,#1037,#921,.T.);
#1089=EDGE_CURVE('',#1037,#1043,#925,.T.);
#1091=EDGE_CURVE('',#1043,#1020,#929,.T.);
#1093=EDGE_CURVE('',#1020,#1021,#933,.T.);
#1104=EDGE_CURVE('',#1056,#1060,#941,.T.);
#1106=EDGE_CURVE('',#1060,#1053,#945,.T.);
#1108=EDGE_CURVE('',#1049,#1053,#949,.T.);
#1119=EDGE_CURVE('',#1060,#1061,#953,.T.);
#1121=EDGE_CURVE('',#1061,#1065,#957,.T.);
#1123=EDGE_CURVE('',#1065,#1025,#961,.T.);
#1125=EDGE_CURVE('',#1025,#1024,#965,.T.);
#1127=EDGE_CURVE('',#1024,#1045,#969,.T.);
#1129=EDGE_CURVE('',#1045,#1041,#973,.T.);
#1131=EDGE_CURVE('',#1041,#1040,#977,.T.);
#1133=EDGE_CURVE('',#1033,#1040,#993,.T.);
#1135=EDGE_CURVE('',#1031,#1033,#981,.T.);
#1137=EDGE_CURVE('',#1031,#1051,#985,.T.);
#1139=EDGE_CURVE('',#1051,#1053,#989,.T.);
#1150=EDGE_CURVE('',#1040,#1036,#997,.T.);
#1153=EDGE_CURVE('',#1029,#1033,#1005,.T.);
#1164=EDGE_CURVE('',#1028,#1031,#1013,.T.);
#1176=EDGE_CURVE('',#1048,#1051,#1009,.T.);
#1370=EDGE_CURVE('',#1320,#1362,#1200,.T.);
#1372=EDGE_CURVE('',#1362,#1356,#1204,.T.);
#1374=EDGE_CURVE('',#1356,#1355,#1208,.T.);
#1376=EDGE_CURVE('',#1348,#1355,#1236,.T.);
#1378=EDGE_CURVE('',#1347,#1348,#1212,.T.);
#1380=EDGE_CURVE('',#1327,#1347,#1316,.T.);
#1382=EDGE_CURVE('',#1327,#1328,#1216,.T.);
#1384=EDGE_CURVE('',#1335,#1328,#1300,.T.);
#1386=EDGE_CURVE('',#1335,#1336,#1220,.T.);
#1388=EDGE_CURVE('',#1336,#1342,#1224,.T.);
#1390=EDGE_CURVE('',#1342,#1319,#1228,.T.);
#1392=EDGE_CURVE('',#1319,#1320,#1232,.T.);
#1403=EDGE_CURVE('',#1355,#1359,#1240,.T.);
#1405=EDGE_CURVE('',#1359,#1352,#1244,.T.);
#1407=EDGE_CURVE('',#1348,#1352,#1248,.T.);
#1418=EDGE_CURVE('',#1359,#1360,#1252,.T.);
#1420=EDGE_CURVE('',#1360,#1364,#1256,.T.);
#1422=EDGE_CURVE('',#1364,#1324,#1260,.T.);
#1424=EDGE_CURVE('',#1324,#1323,#1264,.T.);
#1426=EDGE_CURVE('',#1323,#1344,#1268,.T.);
#1428=EDGE_CURVE('',#1344,#1340,#1272,.T.);
#1430=EDGE_CURVE('',#1340,#1339,#1276,.T.);
#1432=EDGE_CURVE('',#1332,#1339,#1292,.T.);
#1434=EDGE_CURVE('',#1330,#1332,#1280,.T.);
#1436=EDGE_CURVE('',#1330,#1350,#1284,.T.);
#1438=EDGE_CURVE('',#1350,#1352,#1288,.T.);
#1449=EDGE_CURVE('',#1339,#1335,#1296,.T.);
#1452=EDGE_CURVE('',#1328,#1332,#1304,.T.);
#1463=EDGE_CURVE('',#1327,#1330,#1312,.T.);
#1475=EDGE_CURVE('',#1347,#1350,#1308,.T.);
#1669=EDGE_CURVE('',#1619,#1661,#1499,.T.);
#1671=EDGE_CURVE('',#1661,#1655,#1503,.T.);
#1673=EDGE_CURVE('',#1655,#1654,#1507,.T.);
#1675=EDGE_CURVE('',#1647,#1654,#1535,.T.);
#1677=EDGE_CURVE('',#1646,#1647,#1511,.T.);
#1679=EDGE_CURVE('',#1626,#1646,#1615,.T.);
#1681=EDGE_CURVE('',#1626,#1627,#1515,.T.);
#1683=EDGE_CURVE('',#1634,#1627,#1599,.T.);
#1685=EDGE_CURVE('',#1634,#1635,#1519,.T.);
#1687=EDGE_CURVE('',#1635,#1641,#1523,.T.);
#1689=EDGE_CURVE('',#1641,#1618,#1527,.T.);
#1691=EDGE_CURVE('',#1618,#1619,#1531,.T.);
#1702=EDGE_CURVE('',#1654,#1658,#1539,.T.);
#1704=EDGE_CURVE('',#1658,#1651,#1543,.T.);
#1706=EDGE_CURVE('',#1647,#1651,#1547,.T.);
#1717=EDGE_CURVE('',#1658,#1659,#1551,.T.);
#1719=EDGE_CURVE('',#1659,#1663,#1555,.T.);
#1721=EDGE_CURVE('',#1663,#1623,#1559,.T.);
#1723=EDGE_CURVE('',#1623,#1622,#1563,.T.);
#1725=EDGE_CURVE('',#1622,#1643,#1567,.T.);
#1727=EDGE_CURVE('',#1643,#1639,#1571,.T.);
#1729=EDGE_CURVE('',#1639,#1638,#1575,.T.);
#1731=EDGE_CURVE('',#1631,#1638,#1591,.T.);
#1733=EDGE_CURVE('',#1629,#1631,#1579,.T.);
#1735=EDGE_CURVE('',#1629,#1649,#1583,.T.);
#1737=EDGE_CURVE('',#1649,#1651,#1587,.T.);
#1748=EDGE_CURVE('',#1638,#1634,#1595,.T.);
#1751=EDGE_CURVE('',#1627,#1631,#1603,.T.);
#1762=EDGE_CURVE('',#1626,#1629,#1611,.T.);
#1774=EDGE_CURVE('',#1646,#1649,#1607,.T.);
#1968=EDGE_CURVE('',#1918,#1960,#1798,.T.);
#1970=EDGE_CURVE('',#1960,#1954,#1802,.T.);
#1972=EDGE_CURVE('',#1954,#1953,#1806,.T.);
#1974=EDGE_CURVE('',#1946,#1953,#1834,.T.);
#1976=EDGE_CURVE('',#1945,#1946,#1810,.T.);
#1978=EDGE_CURVE('',#1925,#1945,#1914,.T.);
#1980=EDGE_CURVE('',#1925,#1926,#1814,.T.);
#1982=EDGE_CURVE('',#1933,#1926,#1898,.T.);
#1984=EDGE_CURVE('',#1933,#1934,#1818,.T.);
#1986=EDGE_CURVE('',#1934,#1940,#1822,.T.);
#1988=EDGE_CURVE('',#1940,#1917,#1826,.T.);
#1990=EDGE_CURVE('',#1917,#1918,#1830,.T.);
#2001=EDGE_CURVE('',#1953,#1957,#1838,.T.);
#2003=EDGE_CURVE('',#1957,#1950,#1842,.T.);
#2005=EDGE_CURVE('',#1946,#1950,#1846,.T.);
#2016=EDGE_CURVE('',#1957,#1958,#1850,.T.);
#2018=EDGE_CURVE('',#1958,#1962,#1854,.T.);
#2020=EDGE_CURVE('',#1962,#1922,#1858,.T.);
#2022=EDGE_CURVE('',#1922,#1921,#1862,.T.);
#2024=EDGE_CURVE('',#1921,#1942,#1866,.T.);
#2026=EDGE_CURVE('',#1942,#1938,#1870,.T.);
#2028=EDGE_CURVE('',#1938,#1937,#1874,.T.);
#2030=EDGE_CURVE('',#1930,#1937,#1890,.T.);
#2032=EDGE_CURVE('',#1928,#1930,#1878,.T.);
#2034=EDGE_CURVE('',#1928,#1948,#1882,.T.);
#2036=EDGE_CURVE('',#1948,#1950,#1886,.T.);
#2047=EDGE_CURVE('',#1937,#1933,#1894,.T.);
#2050=EDGE_CURVE('',#1926,#1930,#1902,.T.);
#2061=EDGE_CURVE('',#1925,#1928,#1910,.T.);
#2073=EDGE_CURVE('',#1945,#1948,#1906,.T.);
#2267=EDGE_CURVE('',#2217,#2259,#2097,.T.);
#2269=EDGE_CURVE('',#2259,#2253,#2101,.T.);
#2271=EDGE_CURVE('',#2253,#2252,#2105,.T.);
#2273=EDGE_CURVE('',#2245,#2252,#2133,.T.);
#2275=EDGE_CURVE('',#2244,#2245,#2109,.T.);
#2277=EDGE_CURVE('',#2224,#2244,#2213,.T.);
#2279=EDGE_CURVE('',#2224,#2225,#2113,.T.);
#2281=EDGE_CURVE('',#2232,#2225,#2197,.T.);
#2283=EDGE_CURVE('',#2232,#2233,#2117,.T.);
#2285=EDGE_CURVE('',#2233,#2239,#2121,.T.);
#2287=EDGE_CURVE('',#2239,#2216,#2125,.T.);
#2289=EDGE_CURVE('',#2216,#2217,#2129,.T.);
#2300=EDGE_CURVE('',#2252,#2256,#2137,.T.);
#2302=EDGE_CURVE('',#2256,#2249,#2141,.T.);
#2304=EDGE_CURVE('',#2245,#2249,#2145,.T.);
#2315=EDGE_CURVE('',#2256,#2257,#2149,.T.);
#2317=EDGE_CURVE('',#2257,#2261,#2153,.T.);
#2319=EDGE_CURVE('',#2261,#2221,#2157,.T.);
#2321=EDGE_CURVE('',#2221,#2220,#2161,.T.);
#2323=EDGE_CURVE('',#2220,#2241,#2165,.T.);
#2325=EDGE_CURVE('',#2241,#2237,#2169,.T.);
#2327=EDGE_CURVE('',#2237,#2236,#2173,.T.);
#2329=EDGE_CURVE('',#2229,#2236,#2189,.T.);
#2331=EDGE_CURVE('',#2227,#2229,#2177,.T.);
#2333=EDGE_CURVE('',#2227,#2247,#2181,.T.);
#2335=EDGE_CURVE('',#2247,#2249,#2185,.T.);
#2346=EDGE_CURVE('',#2236,#2232,#2193,.T.);
#2349=EDGE_CURVE('',#2225,#2229,#2201,.T.);
#2360=EDGE_CURVE('',#2224,#2227,#2209,.T.);
#2372=EDGE_CURVE('',#2244,#2247,#2205,.T.);
#2429=CIRCLE('',#2428,1.5E-2);
#2434=CIRCLE('',#2433,9.8E-2);
#2443=CIRCLE('',#2442,2.E-2);
#2460=CIRCLE('',#2459,6.5E-2);
#2541=CIRCLE('',#2540,6.5E-2);
#2558=CIRCLE('',#2557,2.E-2);
#2567=CIRCLE('',#2566,9.8E-2);
#2572=CIRCLE('',#2571,1.5E-2);
#2621=CIRCLE('',#2620,1.5E-2);
#2626=CIRCLE('',#2625,9.8E-2);
#2635=CIRCLE('',#2634,2.E-2);
#2652=CIRCLE('',#2651,6.5E-2);
#2713=CIRCLE('',#2712,6.5E-2);
#2730=CIRCLE('',#2729,2.E-2);
#2739=CIRCLE('',#2738,9.8E-2);
#2744=CIRCLE('',#2743,1.5E-2);
#2789=CIRCLE('',#2788,1.5E-2);
#2850=CIRCLE('',#2849,2.6E-2);
#2875=CIRCLE('',#2874,2.6E-2);
#2888=CIRCLE('',#2887,2.6E-2);
#2897=CIRCLE('',#2896,2.6E-2);
#3050=CIRCLE('',#3049,1.5E-2);
#3171=CIRCLE('',#3170,6.5E-2);
#3188=CIRCLE('',#3187,2.E-2);
#3197=CIRCLE('',#3196,9.8E-2);
#3202=CIRCLE('',#3201,1.5E-2);
#3279=CIRCLE('',#3278,1.5E-2);
#3284=CIRCLE('',#3283,9.8E-2);
#3293=CIRCLE('',#3292,2.E-2);
#3310=CIRCLE('',#3309,6.5E-2);
#3343=CIRCLE('',#3342,6.5E-2);
#3360=CIRCLE('',#3359,2.E-2);
#3369=CIRCLE('',#3368,9.8E-2);
#3374=CIRCLE('',#3373,1.5E-2);
#3419=CIRCLE('',#3418,1.5E-2);
#3424=CIRCLE('',#3423,9.8E-2);
#3433=CIRCLE('',#3432,2.E-2);
#3450=CIRCLE('',#3449,6.5E-2);
#3868=EDGE_CURVE('',#3541,#3542,#2396,.T.);
#3870=EDGE_CURVE('',#3541,#3497,#2400,.T.);
#3872=EDGE_CURVE('',#3497,#3498,#2404,.T.);
#3874=EDGE_CURVE('',#3542,#3498,#2496,.T.);
#3884=EDGE_CURVE('',#3605,#3606,#2408,.T.);
#3886=EDGE_CURVE('',#3605,#3545,#2412,.T.);
#3888=EDGE_CURVE('',#3545,#3546,#2416,.T.);
#3890=EDGE_CURVE('',#3606,#3546,#2488,.T.);
#3901=EDGE_CURVE('',#3542,#3537,#2420,.T.);
#3903=EDGE_CURVE('',#3537,#3553,#2424,.T.);
#3905=EDGE_CURVE('',#3553,#3554,#3246,.T.);
#3907=EDGE_CURVE('',#3554,#3560,#3214,.T.);
#3909=EDGE_CURVE('',#3560,#3564,#2429,.T.);
#3911=EDGE_CURVE('',#3564,#3569,#2434,.T.);
#3913=EDGE_CURVE('',#3569,#3570,#2438,.T.);
#3915=EDGE_CURVE('',#3570,#3577,#2443,.T.);
#3917=EDGE_CURVE('',#3577,#3578,#2447,.T.);
#3919=EDGE_CURVE('',#3578,#3521,#2451,.T.);
#3921=EDGE_CURVE('',#3521,#3522,#2455,.T.);
#3923=EDGE_CURVE('',#3522,#3524,#2460,.T.);
#3925=EDGE_CURVE('',#3524,#3526,#2464,.T.);
#3927=EDGE_CURVE('',#3526,#3548,#2468,.T.);
#3929=EDGE_CURVE('',#3548,#3541,#2472,.T.);
#3939=EDGE_CURVE('',#3542,#3546,#2492,.T.);
#3941=EDGE_CURVE('',#3546,#3538,#3382,.T.);
#3943=EDGE_CURVE('',#3537,#3538,#3386,.T.);
#3954=EDGE_CURVE('',#3860,#3728,#2476,.T.);
#3956=EDGE_CURVE('',#3838,#3860,#2680,.T.);
#3958=EDGE_CURVE('',#3816,#3838,#2480,.T.);
#3960=EDGE_CURVE('',#3816,#3606,#2484,.T.);
#3965=EDGE_CURVE('',#3468,#3498,#3154,.T.);
#3967=EDGE_CURVE('',#3466,#3468,#3033,.T.);
#3969=EDGE_CURVE('',#3696,#3466,#3150,.T.);
#3971=EDGE_CURVE('',#3696,#3698,#2805,.T.);
#3973=EDGE_CURVE('',#3698,#3728,#2776,.T.);
#3983=EDGE_CURVE('',#3815,#3816,#2524,.T.);
#3986=EDGE_CURVE('',#3837,#3838,#2668,.T.);
#3988=EDGE_CURVE('',#3837,#3815,#2500,.T.);
#3998=EDGE_CURVE('',#3859,#3860,#2696,.T.);
#4001=EDGE_CURVE('',#3727,#3728,#2504,.T.);
#4003=EDGE_CURVE('',#3727,#3859,#2508,.T.);
#4013=EDGE_CURVE('',#3799,#3800,#2512,.T.);
#4015=EDGE_CURVE('',#3601,#3799,#2516,.T.);
#4017=EDGE_CURVE('',#3816,#3601,#2520,.T.);
#4020=EDGE_CURVE('',#3815,#3818,#2528,.T.);
#4022=EDGE_CURVE('',#3818,#3590,#2532,.T.);
#4024=EDGE_CURVE('',#3590,#3588,#2536,.T.);
#4026=EDGE_CURVE('',#3588,#3586,#2541,.T.);
#4028=EDGE_CURVE('',#3586,#3585,#2545,.T.);
#4030=EDGE_CURVE('',#3585,#3811,#2549,.T.);
#4032=EDGE_CURVE('',#3811,#3812,#2553,.T.);
#4034=EDGE_CURVE('',#3812,#3808,#2558,.T.);
#4036=EDGE_CURVE('',#3808,#3807,#2562,.T.);
#4038=EDGE_CURVE('',#3807,#3804,#2567,.T.);
#4040=EDGE_CURVE('',#3804,#3802,#2572,.T.);
#4042=EDGE_CURVE('',#3800,#3802,#2576,.T.);
#4053=EDGE_CURVE('',#3800,#3822,#2596,.T.);
#4055=EDGE_CURVE('',#3821,#3822,#2612,.T.);
#4057=EDGE_CURVE('',#3799,#3821,#2580,.T.);
#4067=EDGE_CURVE('',#3843,#3844,#2684,.T.);
#4069=EDGE_CURVE('',#3844,#3734,#2608,.T.);
#4071=EDGE_CURVE('',#3733,#3734,#2584,.T.);
#4073=EDGE_CURVE('',#3843,#3733,#2588,.T.);
#4084=EDGE_CURVE('',#3802,#3824,#2592,.T.);
#4086=EDGE_CURVE('',#3822,#3824,#2616,.T.);
#4097=EDGE_CURVE('',#3844,#3846,#2748,.T.);
#4099=EDGE_CURVE('',#3846,#3736,#2600,.T.);
#4101=EDGE_CURVE('',#3734,#3736,#2604,.T.);
#4114=EDGE_CURVE('',#3824,#3826,#2621,.T.);
#4116=EDGE_CURVE('',#3826,#3829,#2626,.T.);
#4118=EDGE_CURVE('',#3829,#3830,#2630,.T.);
#4120=EDGE_CURVE('',#3830,#3834,#2635,.T.);
#4122=EDGE_CURVE('',#3834,#3833,#2639,.T.);
#4124=EDGE_CURVE('',#3833,#3627,#2643,.T.);
#4126=EDGE_CURVE('',#3627,#3628,#2647,.T.);
#4128=EDGE_CURVE('',#3628,#3630,#2652,.T.);
#4130=EDGE_CURVE('',#3630,#3632,#2656,.T.);
#4132=EDGE_CURVE('',#3632,#3840,#2660,.T.);
#4134=EDGE_CURVE('',#3840,#3837,#2664,.T.);
#4137=EDGE_CURVE('',#3838,#3643,#2672,.T.);
#4139=EDGE_CURVE('',#3643,#3821,#2676,.T.);
#4151=EDGE_CURVE('',#3860,#3644,#2692,.T.);
#4153=EDGE_CURVE('',#3643,#3644,#2752,.T.);
#4164=EDGE_CURVE('',#3644,#3843,#2688,.T.);
#4168=EDGE_CURVE('',#3859,#3862,#2700,.T.);
#4170=EDGE_CURVE('',#3862,#3640,#2704,.T.);
#4172=EDGE_CURVE('',#3640,#3638,#2708,.T.);
#4174=EDGE_CURVE('',#3638,#3636,#2713,.T.);
#4176=EDGE_CURVE('',#3636,#3635,#2717,.T.);
#4178=EDGE_CURVE('',#3635,#3855,#2721,.T.);
#4180=EDGE_CURVE('',#3855,#3856,#2725,.T.);
#4182=EDGE_CURVE('',#3856,#3852,#2730,.T.);
#4184=EDGE_CURVE('',#3852,#3851,#2734,.T.);
#4186=EDGE_CURVE('',#3851,#3848,#2739,.T.);
#4188=EDGE_CURVE('',#3848,#3846,#2744,.T.);
#4202=EDGE_CURVE('',#3821,#3843,#2756,.T.);
#4215=EDGE_CURVE('',#3733,#3702,#2772,.T.);
#4217=EDGE_CURVE('',#3702,#3704,#2793,.T.);
#4219=EDGE_CURVE('',#3474,#3704,#3398,.T.);
#4221=EDGE_CURVE('',#3472,#3474,#3045,.T.);
#4223=EDGE_CURVE('',#3503,#3472,#3394,.T.);
#4225=EDGE_CURVE('',#3553,#3503,#3250,.T.);
#4227=EDGE_CURVE('',#3553,#3557,#2760,.T.);
#4229=EDGE_CURVE('',#3611,#3557,#3262,.T.);
#4231=EDGE_CURVE('',#3611,#3799,#2764,.T.);
#4241=EDGE_CURVE('',#3700,#3748,#2768,.T.);
#4243=EDGE_CURVE('',#3700,#3702,#2797,.T.);
#4246=EDGE_CURVE('',#3748,#3733,#3414,.T.);
#4257=EDGE_CURVE('',#3698,#3700,#2801,.T.);
#4260=EDGE_CURVE('',#3728,#3748,#3410,.T.);
#4270=EDGE_CURVE('',#3708,#3787,#2780,.T.);
#4272=EDGE_CURVE('',#3706,#3708,#2784,.T.);
#4274=EDGE_CURVE('',#3704,#3706,#2789,.T.);
#4280=EDGE_CURVE('',#3695,#3696,#2809,.T.);
#4282=EDGE_CURVE('',#3771,#3695,#2813,.T.);
#4284=EDGE_CURVE('',#3771,#3762,#2981,.T.);
#4286=EDGE_CURVE('',#3760,#3762,#2969,.T.);
#4288=EDGE_CURVE('',#3767,#3760,#2817,.T.);
#4290=EDGE_CURVE('',#3783,#3767,#2821,.T.);
#4292=EDGE_CURVE('',#3783,#3776,#2825,.T.);
#4294=EDGE_CURVE('',#3776,#3778,#3001,.T.);
#4296=EDGE_CURVE('',#3787,#3778,#2985,.T.);
#4306=EDGE_CURVE('',#3783,#3784,#2829,.T.);
#4309=EDGE_CURVE('',#3767,#3768,#2833,.T.);
#4311=EDGE_CURVE('',#3784,#3768,#2913,.T.);
#4321=EDGE_CURVE('',#3679,#3680,#2837,.T.);
#4323=EDGE_CURVE('',#3680,#3664,#3062,.T.);
#4325=EDGE_CURVE('',#3663,#3664,#2841,.T.);
#4327=EDGE_CURVE('',#3679,#3663,#3017,.T.);
#4337=EDGE_CURVE('',#3688,#3792,#2845,.T.);
#4339=EDGE_CURVE('',#3792,#3790,#2850,.T.);
#4341=EDGE_CURVE('',#3790,#3711,#2854,.T.);
#4343=EDGE_CURVE('',#3772,#3711,#2921,.T.);
#4345=EDGE_CURVE('',#3771,#3772,#2858,.T.);
#4348=EDGE_CURVE('',#3695,#3465,#2862,.T.);
#4350=EDGE_CURVE('',#3667,#3465,#3025,.T.);
#4352=EDGE_CURVE('',#3667,#3668,#2866,.T.);
#4354=EDGE_CURVE('',#3668,#3481,#3102,.T.);
#4356=EDGE_CURVE('',#3481,#3686,#2870,.T.);
#4358=EDGE_CURVE('',#3686,#3688,#2875,.T.);
#4368=EDGE_CURVE('',#3708,#3478,#3406,.T.);
#4371=EDGE_CURVE('',#3787,#3788,#2879,.T.);
#4373=EDGE_CURVE('',#3716,#3788,#2953,.T.);
#4375=EDGE_CURVE('',#3716,#3794,#2883,.T.);
#4377=EDGE_CURVE('',#3794,#3796,#2888,.T.);
#4379=EDGE_CURVE('',#3796,#3692,#2892,.T.);
#4381=EDGE_CURVE('',#3692,#3690,#2897,.T.);
#4383=EDGE_CURVE('',#3690,#3486,#2901,.T.);
#4385=EDGE_CURVE('',#3486,#3684,#3070,.T.);
#4387=EDGE_CURVE('',#3683,#3684,#2905,.T.);
#4389=EDGE_CURVE('',#3478,#3683,#3009,.T.);
#4400=EDGE_CURVE('',#3784,#3775,#2909,.T.);
#4402=EDGE_CURVE('',#3775,#3776,#2989,.T.);
#4414=EDGE_CURVE('',#3768,#3759,#2961,.T.);
#4416=EDGE_CURVE('',#3764,#3759,#2977,.T.);
#4418=EDGE_CURVE('',#3772,#3764,#2917,.T.);
#4421=EDGE_CURVE('',#3711,#3712,#2925,.T.);
#4423=EDGE_CURVE('',#3712,#3751,#2929,.T.);
#4425=EDGE_CURVE('',#3751,#3752,#2933,.T.);
#4427=EDGE_CURVE('',#3752,#3755,#2937,.T.);
#4429=EDGE_CURVE('',#3755,#3756,#2941,.T.);
#4431=EDGE_CURVE('',#3756,#3715,#2945,.T.);
#4433=EDGE_CURVE('',#3715,#3716,#2949,.T.);
#4436=EDGE_CURVE('',#3788,#3780,#2957,.T.);
#4438=EDGE_CURVE('',#3780,#3775,#2993,.T.);
#4451=EDGE_CURVE('',#3759,#3760,#2965,.T.);
#4464=EDGE_CURVE('',#3762,#3764,#2973,.T.);
#4489=EDGE_CURVE('',#3778,#3780,#2997,.T.);
#4513=EDGE_CURVE('',#3679,#3672,#3013,.T.);
#4515=EDGE_CURVE('',#3671,#3672,#3110,.T.);
#4517=EDGE_CURVE('',#3680,#3671,#3005,.T.);
#4528=EDGE_CURVE('',#3683,#3674,#3058,.T.);
#4530=EDGE_CURVE('',#3672,#3674,#3114,.T.);
#4534=EDGE_CURVE('',#3663,#3656,#3021,.T.);
#4536=EDGE_CURVE('',#3656,#3658,#3142,.T.);
#4538=EDGE_CURVE('',#3667,#3658,#3126,.T.);
#4541=EDGE_CURVE('',#3465,#3466,#3029,.T.);
#4544=EDGE_CURVE('',#3468,#3470,#3037,.T.);
#4546=EDGE_CURVE('',#3470,#3472,#3041,.T.);
#4549=EDGE_CURVE('',#3474,#3476,#3050,.T.);
#4551=EDGE_CURVE('',#3476,#3478,#3054,.T.);
#4562=EDGE_CURVE('',#3684,#3676,#3066,.T.);
#4564=EDGE_CURVE('',#3674,#3676,#3118,.T.);
#4577=EDGE_CURVE('',#3676,#3671,#3122,.T.);
#4581=EDGE_CURVE('',#3486,#3485,#3074,.T.);
#4583=EDGE_CURVE('',#3485,#3652,#3078,.T.);
#4585=EDGE_CURVE('',#3652,#3651,#3082,.T.);
#4587=EDGE_CURVE('',#3651,#3648,#3086,.T.);
#4589=EDGE_CURVE('',#3648,#3647,#3090,.T.);
#4591=EDGE_CURVE('',#3647,#3482,#3094,.T.);
#4593=EDGE_CURVE('',#3482,#3481,#3098,.T.);
#4596=EDGE_CURVE('',#3668,#3660,#3106,.T.);
#4598=EDGE_CURVE('',#3660,#3655,#3134,.T.);
#4600=EDGE_CURVE('',#3664,#3655,#3146,.T.);
#4624=EDGE_CURVE('',#3658,#3660,#3138,.T.);
#4635=EDGE_CURVE('',#3655,#3656,#3130,.T.);
#4673=EDGE_CURVE('',#3498,#3518,#3210,.T.);
#4675=EDGE_CURVE('',#3470,#3518,#3390,.T.);
#4687=EDGE_CURVE('',#3497,#3500,#3158,.T.);
#4689=EDGE_CURVE('',#3500,#3494,#3162,.T.);
#4691=EDGE_CURVE('',#3494,#3492,#3166,.T.);
#4693=EDGE_CURVE('',#3492,#3490,#3171,.T.);
#4695=EDGE_CURVE('',#3490,#3489,#3175,.T.);
#4697=EDGE_CURVE('',#3489,#3516,#3179,.T.);
#4699=EDGE_CURVE('',#3516,#3515,#3183,.T.);
#4701=EDGE_CURVE('',#3515,#3512,#3188,.T.);
#4703=EDGE_CURVE('',#3512,#3511,#3192,.T.);
#4705=EDGE_CURVE('',#3511,#3508,#3197,.T.);
#4707=EDGE_CURVE('',#3508,#3506,#3202,.T.);
#4709=EDGE_CURVE('',#3504,#3506,#3222,.T.);
#4711=EDGE_CURVE('',#3503,#3504,#3254,.T.);
#4713=EDGE_CURVE('',#3518,#3503,#3206,.T.);
#4725=EDGE_CURVE('',#3554,#3504,#3218,.T.);
#4728=EDGE_CURVE('',#3506,#3560,#3226,.T.);
#4738=EDGE_CURVE('',#3612,#3614,#3230,.T.);
#4740=EDGE_CURVE('',#3612,#3558,#3234,.T.);
#4742=EDGE_CURVE('',#3558,#3562,#3238,.T.);
#4744=EDGE_CURVE('',#3562,#3614,#3242,.T.);
#4766=EDGE_CURVE('',#3611,#3612,#3258,.T.);
#4769=EDGE_CURVE('',#3557,#3558,#3266,.T.);
#4781=EDGE_CURVE('',#3606,#3602,#3270,.T.);
#4783=EDGE_CURVE('',#3602,#3611,#3274,.T.);
#4787=EDGE_CURVE('',#3614,#3616,#3279,.T.);
#4789=EDGE_CURVE('',#3616,#3619,#3284,.T.);
#4791=EDGE_CURVE('',#3619,#3620,#3288,.T.);
#4793=EDGE_CURVE('',#3620,#3623,#3293,.T.);
#4795=EDGE_CURVE('',#3623,#3624,#3297,.T.);
#4797=EDGE_CURVE('',#3624,#3593,#3301,.T.);
#4799=EDGE_CURVE('',#3593,#3594,#3305,.T.);
#4801=EDGE_CURVE('',#3594,#3596,#3310,.T.);
#4803=EDGE_CURVE('',#3596,#3598,#3314,.T.);
#4805=EDGE_CURVE('',#3598,#3608,#3318,.T.);
#4807=EDGE_CURVE('',#3608,#3605,#3322,.T.);
#4818=EDGE_CURVE('',#3601,#3602,#3326,.T.);
#4843=EDGE_CURVE('',#3545,#3550,#3330,.T.);
#4845=EDGE_CURVE('',#3550,#3534,#3334,.T.);
#4847=EDGE_CURVE('',#3534,#3532,#3338,.T.);
#4849=EDGE_CURVE('',#3532,#3530,#3343,.T.);
#4851=EDGE_CURVE('',#3530,#3529,#3347,.T.);
#4853=EDGE_CURVE('',#3529,#3582,#3351,.T.);
#4855=EDGE_CURVE('',#3582,#3581,#3355,.T.);
#4857=EDGE_CURVE('',#3581,#3574,#3360,.T.);
#4859=EDGE_CURVE('',#3574,#3573,#3364,.T.);
#4861=EDGE_CURVE('',#3573,#3566,#3369,.T.);
#4863=EDGE_CURVE('',#3566,#3562,#3374,.T.);
#4867=EDGE_CURVE('',#3538,#3557,#3378,.T.);
#4904=EDGE_CURVE('',#3706,#3476,#3402,.T.);
#4932=EDGE_CURVE('',#3736,#3738,#3419,.T.);
#4934=EDGE_CURVE('',#3738,#3741,#3424,.T.);
#4936=EDGE_CURVE('',#3741,#3742,#3428,.T.);
#4938=EDGE_CURVE('',#3742,#3745,#3433,.T.);
#4940=EDGE_CURVE('',#3745,#3746,#3437,.T.);
#4942=EDGE_CURVE('',#3746,#3719,#3441,.T.);
#4944=EDGE_CURVE('',#3719,#3720,#3445,.T.);
#4946=EDGE_CURVE('',#3720,#3722,#3450,.T.);
#4948=EDGE_CURVE('',#3722,#3724,#3454,.T.);
#4950=EDGE_CURVE('',#3724,#3730,#3458,.T.);
#4952=EDGE_CURVE('',#3730,#3727,#3462,.T.);
#4987=EDGE_CURVE('',#4977,#4976,#4961,.T.);
#4989=EDGE_CURVE('',#4976,#4980,#4965,.T.);
#4991=EDGE_CURVE('',#4980,#4981,#4969,.T.);
#4993=EDGE_CURVE('',#4981,#4977,#4973,.T.);
#5003=CIRCLE('',#5002,8.85E-2);
#5012=CIRCLE('',#5011,8.85E-2);
#5023=B_SPLINE_CURVE_WITH_KNOTS('',3,(#5013,#5014,#5015,#5016,#5017,#5018,#5019,
#5020,#5021,#5022),.UNSPECIFIED.,.F.,.F.,(4,1,1,1,1,1,1,4),(0.E0,
1.428571428571E-1,2.857142857143E-1,4.285714285714E-1,5.714285714286E-1,
7.142857142857E-1,8.571428571429E-1,1.E0),.UNSPECIFIED.);
#5034=B_SPLINE_CURVE_WITH_KNOTS('',3,(#5024,#5025,#5026,#5027,#5028,#5029,#5030,
#5031,#5032,#5033),.UNSPECIFIED.,.F.,.F.,(4,1,1,1,1,1,1,4),(0.E0,
1.428571428571E-1,2.857142857143E-1,4.285714285714E-1,5.714285714286E-1,
7.142857142857E-1,8.571428571429E-1,1.E0),.UNSPECIFIED.);
#5039=CIRCLE('',#5038,8.85E-2);
#5048=CIRCLE('',#5047,8.85E-2);
#5059=B_SPLINE_CURVE_WITH_KNOTS('',3,(#5049,#5050,#5051,#5052,#5053,#5054,#5055,
#5056,#5057,#5058),.UNSPECIFIED.,.F.,.F.,(4,1,1,1,1,1,1,4),(0.E0,
1.428571428571E-1,2.857142857143E-1,4.285714285714E-1,5.714285714286E-1,
7.142857142857E-1,8.571428571429E-1,1.E0),.UNSPECIFIED.);
#5064=CIRCLE('',#5063,8.85E-2);
#5073=CIRCLE('',#5072,8.85E-2);
#5084=B_SPLINE_CURVE_WITH_KNOTS('',3,(#5074,#5075,#5076,#5077,#5078,#5079,#5080,
#5081,#5082,#5083),.UNSPECIFIED.,.F.,.F.,(4,1,1,1,1,1,1,4),(0.E0,
1.428571428571E-1,2.857142857143E-1,4.285714285714E-1,5.714285714286E-1,
7.142857142857E-1,8.571428571429E-1,1.E0),.UNSPECIFIED.);
#5089=CIRCLE('',#5088,1.5E-2);
#5098=CIRCLE('',#5097,1.5E-2);
#5133=B_SPLINE_CURVE_WITH_KNOTS('',3,(#5119,#5120,#5121,#5122,#5123,#5124,#5125,
#5126,#5127,#5128,#5129,#5130,#5131,#5132),.UNSPECIFIED.,.F.,.F.,(4,1,1,1,1,1,1,
1,1,1,1,4),(0.E0,9.090909090909E-2,1.818181818182E-1,2.727272727273E-1,
3.636363636364E-1,4.545454545455E-1,5.454545454545E-1,6.363636363636E-1,
7.272727272727E-1,8.181818181818E-1,9.090909090909E-1,1.E0),.UNSPECIFIED.);
#5148=B_SPLINE_CURVE_WITH_KNOTS('',3,(#5134,#5135,#5136,#5137,#5138,#5139,#5140,
#5141,#5142,#5143,#5144,#5145,#5146,#5147),.UNSPECIFIED.,.F.,.F.,(4,1,1,1,1,1,1,
1,1,1,1,4),(0.E0,9.090909090909E-2,1.818181818182E-1,2.727272727273E-1,
3.636363636364E-1,4.545454545455E-1,5.454545454545E-1,6.363636363636E-1,
7.272727272727E-1,8.181818181818E-1,9.090909090909E-1,1.E0),.UNSPECIFIED.);
#5153=B_SPLINE_CURVE_WITH_KNOTS('',3,(#5149,#5150,#5151,#5152),.UNSPECIFIED.,
.F.,.F.,(4,4),(0.E0,1.E0),.UNSPECIFIED.);
#5158=B_SPLINE_CURVE_WITH_KNOTS('',3,(#5154,#5155,#5156,#5157),.UNSPECIFIED.,
.F.,.F.,(4,4),(0.E0,1.E0),.UNSPECIFIED.);
#5173=B_SPLINE_CURVE_WITH_KNOTS('',3,(#5159,#5160,#5161,#5162,#5163,#5164,#5165,
#5166,#5167,#5168,#5169,#5170,#5171,#5172),.UNSPECIFIED.,.F.,.F.,(4,1,1,1,1,1,1,
1,1,1,1,4),(0.E0,9.090909090909E-2,1.818181818182E-1,2.727272727273E-1,
3.636363636364E-1,4.545454545455E-1,5.454545454545E-1,6.363636363636E-1,
7.272727272727E-1,8.181818181818E-1,9.090909090909E-1,1.E0),.UNSPECIFIED.);
#5188=B_SPLINE_CURVE_WITH_KNOTS('',3,(#5174,#5175,#5176,#5177,#5178,#5179,#5180,
#5181,#5182,#5183,#5184,#5185,#5186,#5187),.UNSPECIFIED.,.F.,.F.,(4,1,1,1,1,1,1,
1,1,1,1,4),(0.E0,9.090909090909E-2,1.818181818182E-1,2.727272727273E-1,
3.636363636364E-1,4.545454545455E-1,5.454545454545E-1,6.363636363636E-1,
7.272727272727E-1,8.181818181818E-1,9.090909090909E-1,1.E0),.UNSPECIFIED.);
#5193=B_SPLINE_CURVE_WITH_KNOTS('',3,(#5189,#5190,#5191,#5192),.UNSPECIFIED.,
.F.,.F.,(4,4),(0.E0,1.E0),.UNSPECIFIED.);
#5202=B_SPLINE_CURVE_WITH_KNOTS('',3,(#5198,#5199,#5200,#5201),.UNSPECIFIED.,
.F.,.F.,(4,4),(0.E0,1.E0),.UNSPECIFIED.);
#5276=EDGE_CURVE('',#5237,#5238,#5093,.T.);
#5278=EDGE_CURVE('',#5237,#5229,#5003,.T.);
#5280=EDGE_CURVE('',#5229,#5230,#5007,.T.);
#5282=EDGE_CURVE('',#5230,#5238,#5012,.T.);
#5292=EDGE_CURVE('',#5260,#5259,#5023,.T.);
#5294=EDGE_CURVE('',#5259,#5263,#5034,.T.);
#5296=EDGE_CURVE('',#5263,#5242,#5039,.T.);
#5298=EDGE_CURVE('',#5242,#5241,#5043,.T.);
#5300=EDGE_CURVE('',#5241,#5260,#5048,.T.);
#5310=EDGE_CURVE('',#5262,#5261,#5059,.T.);
#5312=EDGE_CURVE('',#5261,#5234,#5064,.T.);
#5314=EDGE_CURVE('',#5234,#5233,#5068,.T.);
#5316=EDGE_CURVE('',#5233,#5264,#5073,.T.);
#5318=EDGE_CURVE('',#5264,#5262,#5084,.T.);
#5328=EDGE_CURVE('',#5254,#5237,#5089,.T.);
#5331=EDGE_CURVE('',#5238,#5246,#5098,.T.);
#5333=EDGE_CURVE('',#5254,#5246,#5102,.T.);
#5343=EDGE_CURVE('',#5256,#5254,#5106,.T.);
#5346=EDGE_CURVE('',#5248,#5246,#5110,.T.);
#5348=EDGE_CURVE('',#5256,#5248,#5197,.T.);
#5358=EDGE_CURVE('',#5267,#5265,#5114,.T.);
#5360=EDGE_CURVE('',#5258,#5267,#5158,.T.);
#5362=EDGE_CURVE('',#5258,#5253,#5214,.T.);
#5364=EDGE_CURVE('',#5253,#5254,#5118,.T.);
#5367=EDGE_CURVE('',#5265,#5256,#5193,.T.);
#5377=EDGE_CURVE('',#5265,#5266,#5188,.T.);
#5379=EDGE_CURVE('',#5266,#5267,#5173,.T.);
#5390=EDGE_CURVE('',#5268,#5269,#5133,.T.);
#5392=EDGE_CURVE('',#5270,#5268,#5148,.T.);
#5394=EDGE_CURVE('',#5270,#5250,#5153,.T.);
#5396=EDGE_CURVE('',#5258,#5250,#5218,.T.);
#5403=EDGE_CURVE('',#5248,#5269,#5202,.T.);
#5414=EDGE_CURVE('',#5269,#5270,#5206,.T.);
#5428=EDGE_CURVE('',#5246,#5245,#5210,.T.);
#5430=EDGE_CURVE('',#5250,#5245,#5222,.T.);
#5444=EDGE_CURVE('',#5245,#5253,#5226,.T.);
#5454=CIRCLE('',#5453,8.85E-2);
#5463=CIRCLE('',#5462,8.85E-2);
#5474=B_SPLINE_CURVE_WITH_KNOTS('',3,(#5464,#5465,#5466,#5467,#5468,#5469,#5470,
#5471,#5472,#5473),.UNSPECIFIED.,.F.,.F.,(4,1,1,1,1,1,1,4),(0.E0,
1.428571428571E-1,2.857142857143E-1,4.285714285714E-1,5.714285714286E-1,
7.142857142857E-1,8.571428571429E-1,1.E0),.UNSPECIFIED.);
#5485=B_SPLINE_CURVE_WITH_KNOTS('',3,(#5475,#5476,#5477,#5478,#5479,#5480,#5481,
#5482,#5483,#5484),.UNSPECIFIED.,.F.,.F.,(4,1,1,1,1,1,1,4),(0.E0,
1.428571428571E-1,2.857142857143E-1,4.285714285714E-1,5.714285714286E-1,
7.142857142857E-1,8.571428571429E-1,1.E0),.UNSPECIFIED.);
#5490=CIRCLE('',#5489,8.85E-2);
#5499=CIRCLE('',#5498,8.85E-2);
#5510=B_SPLINE_CURVE_WITH_KNOTS('',3,(#5500,#5501,#5502,#5503,#5504,#5505,#5506,
#5507,#5508,#5509),.UNSPECIFIED.,.F.,.F.,(4,1,1,1,1,1,1,4),(0.E0,
1.428571428571E-1,2.857142857143E-1,4.285714285714E-1,5.714285714286E-1,
7.142857142857E-1,8.571428571429E-1,1.E0),.UNSPECIFIED.);
#5515=CIRCLE('',#5514,8.85E-2);
#5524=CIRCLE('',#5523,8.85E-2);
#5535=B_SPLINE_CURVE_WITH_KNOTS('',3,(#5525,#5526,#5527,#5528,#5529,#5530,#5531,
#5532,#5533,#5534),.UNSPECIFIED.,.F.,.F.,(4,1,1,1,1,1,1,4),(0.E0,
1.428571428571E-1,2.857142857143E-1,4.285714285714E-1,5.714285714286E-1,
7.142857142857E-1,8.571428571429E-1,1.E0),.UNSPECIFIED.);
#5540=CIRCLE('',#5539,1.5E-2);
#5549=CIRCLE('',#5548,1.5E-2);
#5584=B_SPLINE_CURVE_WITH_KNOTS('',3,(#5570,#5571,#5572,#5573,#5574,#5575,#5576,
#5577,#5578,#5579,#5580,#5581,#5582,#5583),.UNSPECIFIED.,.F.,.F.,(4,1,1,1,1,1,1,
1,1,1,1,4),(0.E0,9.090909090909E-2,1.818181818182E-1,2.727272727273E-1,
3.636363636364E-1,4.545454545455E-1,5.454545454545E-1,6.363636363636E-1,
7.272727272727E-1,8.181818181818E-1,9.090909090909E-1,1.E0),.UNSPECIFIED.);
#5599=B_SPLINE_CURVE_WITH_KNOTS('',3,(#5585,#5586,#5587,#5588,#5589,#5590,#5591,
#5592,#5593,#5594,#5595,#5596,#5597,#5598),.UNSPECIFIED.,.F.,.F.,(4,1,1,1,1,1,1,
1,1,1,1,4),(0.E0,9.090909090909E-2,1.818181818182E-1,2.727272727273E-1,
3.636363636364E-1,4.545454545455E-1,5.454545454545E-1,6.363636363636E-1,
7.272727272727E-1,8.181818181818E-1,9.090909090909E-1,1.E0),.UNSPECIFIED.);
#5604=B_SPLINE_CURVE_WITH_KNOTS('',3,(#5600,#5601,#5602,#5603),.UNSPECIFIED.,
.F.,.F.,(4,4),(0.E0,1.E0),.UNSPECIFIED.);
#5609=B_SPLINE_CURVE_WITH_KNOTS('',3,(#5605,#5606,#5607,#5608),.UNSPECIFIED.,
.F.,.F.,(4,4),(0.E0,1.E0),.UNSPECIFIED.);
#5624=B_SPLINE_CURVE_WITH_KNOTS('',3,(#5610,#5611,#5612,#5613,#5614,#5615,#5616,
#5617,#5618,#5619,#5620,#5621,#5622,#5623),.UNSPECIFIED.,.F.,.F.,(4,1,1,1,1,1,1,
1,1,1,1,4),(0.E0,9.090909090909E-2,1.818181818182E-1,2.727272727273E-1,
3.636363636364E-1,4.545454545455E-1,5.454545454545E-1,6.363636363636E-1,
7.272727272727E-1,8.181818181818E-1,9.090909090909E-1,1.E0),.UNSPECIFIED.);
#5639=B_SPLINE_CURVE_WITH_KNOTS('',3,(#5625,#5626,#5627,#5628,#5629,#5630,#5631,
#5632,#5633,#5634,#5635,#5636,#5637,#5638),.UNSPECIFIED.,.F.,.F.,(4,1,1,1,1,1,1,
1,1,1,1,4),(0.E0,9.090909090909E-2,1.818181818182E-1,2.727272727273E-1,
3.636363636364E-1,4.545454545455E-1,5.454545454545E-1,6.363636363636E-1,
7.272727272727E-1,8.181818181818E-1,9.090909090909E-1,1.E0),.UNSPECIFIED.);
#5644=B_SPLINE_CURVE_WITH_KNOTS('',3,(#5640,#5641,#5642,#5643),.UNSPECIFIED.,
.F.,.F.,(4,4),(0.E0,1.E0),.UNSPECIFIED.);
#5653=B_SPLINE_CURVE_WITH_KNOTS('',3,(#5649,#5650,#5651,#5652),.UNSPECIFIED.,
.F.,.F.,(4,4),(0.E0,1.E0),.UNSPECIFIED.);
#5727=EDGE_CURVE('',#5688,#5689,#5544,.T.);
#5729=EDGE_CURVE('',#5688,#5680,#5454,.T.);
#5731=EDGE_CURVE('',#5680,#5681,#5458,.T.);
#5733=EDGE_CURVE('',#5681,#5689,#5463,.T.);
#5743=EDGE_CURVE('',#5711,#5710,#5474,.T.);
#5745=EDGE_CURVE('',#5710,#5714,#5485,.T.);
#5747=EDGE_CURVE('',#5714,#5693,#5490,.T.);
#5749=EDGE_CURVE('',#5693,#5692,#5494,.T.);
#5751=EDGE_CURVE('',#5692,#5711,#5499,.T.);
#5761=EDGE_CURVE('',#5713,#5712,#5510,.T.);
#5763=EDGE_CURVE('',#5712,#5685,#5515,.T.);
#5765=EDGE_CURVE('',#5685,#5684,#5519,.T.);
#5767=EDGE_CURVE('',#5684,#5715,#5524,.T.);
#5769=EDGE_CURVE('',#5715,#5713,#5535,.T.);
#5779=EDGE_CURVE('',#5705,#5688,#5540,.T.);
#5782=EDGE_CURVE('',#5689,#5697,#5549,.T.);
#5784=EDGE_CURVE('',#5705,#5697,#5553,.T.);
#5794=EDGE_CURVE('',#5707,#5705,#5557,.T.);
#5797=EDGE_CURVE('',#5699,#5697,#5561,.T.);
#5799=EDGE_CURVE('',#5707,#5699,#5648,.T.);
#5809=EDGE_CURVE('',#5718,#5716,#5565,.T.);
#5811=EDGE_CURVE('',#5709,#5718,#5609,.T.);
#5813=EDGE_CURVE('',#5709,#5704,#5665,.T.);
#5815=EDGE_CURVE('',#5704,#5705,#5569,.T.);
#5818=EDGE_CURVE('',#5716,#5707,#5644,.T.);
#5828=EDGE_CURVE('',#5716,#5717,#5639,.T.);
#5830=EDGE_CURVE('',#5717,#5718,#5624,.T.);
#5841=EDGE_CURVE('',#5719,#5720,#5584,.T.);
#5843=EDGE_CURVE('',#5721,#5719,#5599,.T.);
#5845=EDGE_CURVE('',#5721,#5701,#5604,.T.);
#5847=EDGE_CURVE('',#5709,#5701,#5669,.T.);
#5854=EDGE_CURVE('',#5699,#5720,#5653,.T.);
#5865=EDGE_CURVE('',#5720,#5721,#5657,.T.);
#5879=EDGE_CURVE('',#5697,#5696,#5661,.T.);
#5881=EDGE_CURVE('',#5701,#5696,#5673,.T.);
#5895=EDGE_CURVE('',#5696,#5704,#5677,.T.);
#5905=CIRCLE('',#5904,8.85E-2);
#5914=CIRCLE('',#5913,8.85E-2);
#5925=B_SPLINE_CURVE_WITH_KNOTS('',3,(#5915,#5916,#5917,#5918,#5919,#5920,#5921,
#5922,#5923,#5924),.UNSPECIFIED.,.F.,.F.,(4,1,1,1,1,1,1,4),(0.E0,
1.428571428571E-1,2.857142857143E-1,4.285714285714E-1,5.714285714286E-1,
7.142857142857E-1,8.571428571429E-1,1.E0),.UNSPECIFIED.);
#5936=B_SPLINE_CURVE_WITH_KNOTS('',3,(#5926,#5927,#5928,#5929,#5930,#5931,#5932,
#5933,#5934,#5935),.UNSPECIFIED.,.F.,.F.,(4,1,1,1,1,1,1,4),(0.E0,
1.428571428571E-1,2.857142857143E-1,4.285714285714E-1,5.714285714286E-1,
7.142857142857E-1,8.571428571429E-1,1.E0),.UNSPECIFIED.);
#5941=CIRCLE('',#5940,8.85E-2);
#5950=CIRCLE('',#5949,8.85E-2);
#5961=B_SPLINE_CURVE_WITH_KNOTS('',3,(#5951,#5952,#5953,#5954,#5955,#5956,#5957,
#5958,#5959,#5960),.UNSPECIFIED.,.F.,.F.,(4,1,1,1,1,1,1,4),(0.E0,
1.428571428571E-1,2.857142857143E-1,4.285714285714E-1,5.714285714286E-1,
7.142857142857E-1,8.571428571429E-1,1.E0),.UNSPECIFIED.);
#5966=CIRCLE('',#5965,8.85E-2);
#5975=CIRCLE('',#5974,8.85E-2);
#5986=B_SPLINE_CURVE_WITH_KNOTS('',3,(#5976,#5977,#5978,#5979,#5980,#5981,#5982,
#5983,#5984,#5985),.UNSPECIFIED.,.F.,.F.,(4,1,1,1,1,1,1,4),(0.E0,
1.428571428571E-1,2.857142857143E-1,4.285714285714E-1,5.714285714286E-1,
7.142857142857E-1,8.571428571429E-1,1.E0),.UNSPECIFIED.);
#5991=CIRCLE('',#5990,1.5E-2);
#6000=CIRCLE('',#5999,1.5E-2);
#6035=B_SPLINE_CURVE_WITH_KNOTS('',3,(#6021,#6022,#6023,#6024,#6025,#6026,#6027,
#6028,#6029,#6030,#6031,#6032,#6033,#6034),.UNSPECIFIED.,.F.,.F.,(4,1,1,1,1,1,1,
1,1,1,1,4),(0.E0,9.090909090909E-2,1.818181818182E-1,2.727272727273E-1,
3.636363636364E-1,4.545454545455E-1,5.454545454545E-1,6.363636363636E-1,
7.272727272727E-1,8.181818181818E-1,9.090909090909E-1,1.E0),.UNSPECIFIED.);
#6050=B_SPLINE_CURVE_WITH_KNOTS('',3,(#6036,#6037,#6038,#6039,#6040,#6041,#6042,
#6043,#6044,#6045,#6046,#6047,#6048,#6049),.UNSPECIFIED.,.F.,.F.,(4,1,1,1,1,1,1,
1,1,1,1,4),(0.E0,9.090909090909E-2,1.818181818182E-1,2.727272727273E-1,
3.636363636364E-1,4.545454545455E-1,5.454545454545E-1,6.363636363636E-1,
7.272727272727E-1,8.181818181818E-1,9.090909090909E-1,1.E0),.UNSPECIFIED.);
#6055=B_SPLINE_CURVE_WITH_KNOTS('',3,(#6051,#6052,#6053,#6054),.UNSPECIFIED.,
.F.,.F.,(4,4),(0.E0,1.E0),.UNSPECIFIED.);
#6060=B_SPLINE_CURVE_WITH_KNOTS('',3,(#6056,#6057,#6058,#6059),.UNSPECIFIED.,
.F.,.F.,(4,4),(0.E0,1.E0),.UNSPECIFIED.);
#6075=B_SPLINE_CURVE_WITH_KNOTS('',3,(#6061,#6062,#6063,#6064,#6065,#6066,#6067,
#6068,#6069,#6070,#6071,#6072,#6073,#6074),.UNSPECIFIED.,.F.,.F.,(4,1,1,1,1,1,1,
1,1,1,1,4),(0.E0,9.090909090909E-2,1.818181818182E-1,2.727272727273E-1,
3.636363636364E-1,4.545454545455E-1,5.454545454545E-1,6.363636363636E-1,
7.272727272727E-1,8.181818181818E-1,9.090909090909E-1,1.E0),.UNSPECIFIED.);
#6090=B_SPLINE_CURVE_WITH_KNOTS('',3,(#6076,#6077,#6078,#6079,#6080,#6081,#6082,
#6083,#6084,#6085,#6086,#6087,#6088,#6089),.UNSPECIFIED.,.F.,.F.,(4,1,1,1,1,1,1,
1,1,1,1,4),(0.E0,9.090909090909E-2,1.818181818182E-1,2.727272727273E-1,
3.636363636364E-1,4.545454545455E-1,5.454545454545E-1,6.363636363636E-1,
7.272727272727E-1,8.181818181818E-1,9.090909090909E-1,1.E0),.UNSPECIFIED.);
#6095=B_SPLINE_CURVE_WITH_KNOTS('',3,(#6091,#6092,#6093,#6094),.UNSPECIFIED.,
.F.,.F.,(4,4),(0.E0,1.E0),.UNSPECIFIED.);
#6104=B_SPLINE_CURVE_WITH_KNOTS('',3,(#6100,#6101,#6102,#6103),.UNSPECIFIED.,
.F.,.F.,(4,4),(0.E0,1.E0),.UNSPECIFIED.);
#6178=EDGE_CURVE('',#6139,#6140,#5995,.T.);
#6180=EDGE_CURVE('',#6139,#6131,#5905,.T.);
#6182=EDGE_CURVE('',#6131,#6132,#5909,.T.);
#6184=EDGE_CURVE('',#6132,#6140,#5914,.T.);
#6194=EDGE_CURVE('',#6162,#6161,#5925,.T.);
#6196=EDGE_CURVE('',#6161,#6165,#5936,.T.);
#6198=EDGE_CURVE('',#6165,#6144,#5941,.T.);
#6200=EDGE_CURVE('',#6144,#6143,#5945,.T.);
#6202=EDGE_CURVE('',#6143,#6162,#5950,.T.);
#6212=EDGE_CURVE('',#6164,#6163,#5961,.T.);
#6214=EDGE_CURVE('',#6163,#6136,#5966,.T.);
#6216=EDGE_CURVE('',#6136,#6135,#5970,.T.);
#6218=EDGE_CURVE('',#6135,#6166,#5975,.T.);
#6220=EDGE_CURVE('',#6166,#6164,#5986,.T.);
#6230=EDGE_CURVE('',#6156,#6139,#5991,.T.);
#6233=EDGE_CURVE('',#6140,#6148,#6000,.T.);
#6235=EDGE_CURVE('',#6156,#6148,#6004,.T.);
#6245=EDGE_CURVE('',#6158,#6156,#6008,.T.);
#6248=EDGE_CURVE('',#6150,#6148,#6012,.T.);
#6250=EDGE_CURVE('',#6158,#6150,#6099,.T.);
#6260=EDGE_CURVE('',#6169,#6167,#6016,.T.);
#6262=EDGE_CURVE('',#6160,#6169,#6060,.T.);
#6264=EDGE_CURVE('',#6160,#6155,#6116,.T.);
#6266=EDGE_CURVE('',#6155,#6156,#6020,.T.);
#6269=EDGE_CURVE('',#6167,#6158,#6095,.T.);
#6279=EDGE_CURVE('',#6167,#6168,#6090,.T.);
#6281=EDGE_CURVE('',#6168,#6169,#6075,.T.);
#6292=EDGE_CURVE('',#6170,#6171,#6035,.T.);
#6294=EDGE_CURVE('',#6172,#6170,#6050,.T.);
#6296=EDGE_CURVE('',#6172,#6152,#6055,.T.);
#6298=EDGE_CURVE('',#6160,#6152,#6120,.T.);
#6305=EDGE_CURVE('',#6150,#6171,#6104,.T.);
#6316=EDGE_CURVE('',#6171,#6172,#6108,.T.);
#6330=EDGE_CURVE('',#6148,#6147,#6112,.T.);
#6332=EDGE_CURVE('',#6152,#6147,#6124,.T.);
#6346=EDGE_CURVE('',#6147,#6155,#6128,.T.);
#6356=CIRCLE('',#6355,8.85E-2);
#6365=CIRCLE('',#6364,8.85E-2);
#6376=B_SPLINE_CURVE_WITH_KNOTS('',3,(#6366,#6367,#6368,#6369,#6370,#6371,#6372,
#6373,#6374,#6375),.UNSPECIFIED.,.F.,.F.,(4,1,1,1,1,1,1,4),(0.E0,
1.428571428571E-1,2.857142857143E-1,4.285714285714E-1,5.714285714286E-1,
7.142857142857E-1,8.571428571429E-1,1.E0),.UNSPECIFIED.);
#6387=B_SPLINE_CURVE_WITH_KNOTS('',3,(#6377,#6378,#6379,#6380,#6381,#6382,#6383,
#6384,#6385,#6386),.UNSPECIFIED.,.F.,.F.,(4,1,1,1,1,1,1,4),(0.E0,
1.428571428571E-1,2.857142857143E-1,4.285714285714E-1,5.714285714286E-1,
7.142857142857E-1,8.571428571429E-1,1.E0),.UNSPECIFIED.);
#6392=CIRCLE('',#6391,8.85E-2);
#6401=CIRCLE('',#6400,8.85E-2);
#6412=B_SPLINE_CURVE_WITH_KNOTS('',3,(#6402,#6403,#6404,#6405,#6406,#6407,#6408,
#6409,#6410,#6411),.UNSPECIFIED.,.F.,.F.,(4,1,1,1,1,1,1,4),(0.E0,
1.428571428571E-1,2.857142857143E-1,4.285714285714E-1,5.714285714286E-1,
7.142857142857E-1,8.571428571429E-1,1.E0),.UNSPECIFIED.);
#6417=CIRCLE('',#6416,8.85E-2);
#6426=CIRCLE('',#6425,8.85E-2);
#6437=B_SPLINE_CURVE_WITH_KNOTS('',3,(#6427,#6428,#6429,#6430,#6431,#6432,#6433,
#6434,#6435,#6436),.UNSPECIFIED.,.F.,.F.,(4,1,1,1,1,1,1,4),(0.E0,
1.428571428571E-1,2.857142857143E-1,4.285714285714E-1,5.714285714286E-1,
7.142857142857E-1,8.571428571429E-1,1.E0),.UNSPECIFIED.);
#6442=CIRCLE('',#6441,1.5E-2);
#6451=CIRCLE('',#6450,1.5E-2);
#6486=B_SPLINE_CURVE_WITH_KNOTS('',3,(#6472,#6473,#6474,#6475,#6476,#6477,#6478,
#6479,#6480,#6481,#6482,#6483,#6484,#6485),.UNSPECIFIED.,.F.,.F.,(4,1,1,1,1,1,1,
1,1,1,1,4),(0.E0,9.090909090909E-2,1.818181818182E-1,2.727272727273E-1,
3.636363636364E-1,4.545454545455E-1,5.454545454545E-1,6.363636363636E-1,
7.272727272727E-1,8.181818181818E-1,9.090909090909E-1,1.E0),.UNSPECIFIED.);
#6501=B_SPLINE_CURVE_WITH_KNOTS('',3,(#6487,#6488,#6489,#6490,#6491,#6492,#6493,
#6494,#6495,#6496,#6497,#6498,#6499,#6500),.UNSPECIFIED.,.F.,.F.,(4,1,1,1,1,1,1,
1,1,1,1,4),(0.E0,9.090909090909E-2,1.818181818182E-1,2.727272727273E-1,
3.636363636364E-1,4.545454545455E-1,5.454545454545E-1,6.363636363636E-1,
7.272727272727E-1,8.181818181818E-1,9.090909090909E-1,1.E0),.UNSPECIFIED.);
#6506=B_SPLINE_CURVE_WITH_KNOTS('',3,(#6502,#6503,#6504,#6505),.UNSPECIFIED.,
.F.,.F.,(4,4),(0.E0,1.E0),.UNSPECIFIED.);
#6511=B_SPLINE_CURVE_WITH_KNOTS('',3,(#6507,#6508,#6509,#6510),.UNSPECIFIED.,
.F.,.F.,(4,4),(0.E0,1.E0),.UNSPECIFIED.);
#6526=B_SPLINE_CURVE_WITH_KNOTS('',3,(#6512,#6513,#6514,#6515,#6516,#6517,#6518,
#6519,#6520,#6521,#6522,#6523,#6524,#6525),.UNSPECIFIED.,.F.,.F.,(4,1,1,1,1,1,1,
1,1,1,1,4),(0.E0,9.090909090909E-2,1.818181818182E-1,2.727272727273E-1,
3.636363636364E-1,4.545454545455E-1,5.454545454545E-1,6.363636363636E-1,
7.272727272727E-1,8.181818181818E-1,9.090909090909E-1,1.E0),.UNSPECIFIED.);
#6541=B_SPLINE_CURVE_WITH_KNOTS('',3,(#6527,#6528,#6529,#6530,#6531,#6532,#6533,
#6534,#6535,#6536,#6537,#6538,#6539,#6540),.UNSPECIFIED.,.F.,.F.,(4,1,1,1,1,1,1,
1,1,1,1,4),(0.E0,9.090909090909E-2,1.818181818182E-1,2.727272727273E-1,
3.636363636364E-1,4.545454545455E-1,5.454545454545E-1,6.363636363636E-1,
7.272727272727E-1,8.181818181818E-1,9.090909090909E-1,1.E0),.UNSPECIFIED.);
#6546=B_SPLINE_CURVE_WITH_KNOTS('',3,(#6542,#6543,#6544,#6545),.UNSPECIFIED.,
.F.,.F.,(4,4),(0.E0,1.E0),.UNSPECIFIED.);
#6555=B_SPLINE_CURVE_WITH_KNOTS('',3,(#6551,#6552,#6553,#6554),.UNSPECIFIED.,
.F.,.F.,(4,4),(0.E0,1.E0),.UNSPECIFIED.);
#6629=EDGE_CURVE('',#6590,#6591,#6446,.T.);
#6631=EDGE_CURVE('',#6590,#6582,#6356,.T.);
#6633=EDGE_CURVE('',#6582,#6583,#6360,.T.);
#6635=EDGE_CURVE('',#6583,#6591,#6365,.T.);
#6645=EDGE_CURVE('',#6613,#6612,#6376,.T.);
#6647=EDGE_CURVE('',#6612,#6616,#6387,.T.);
#6649=EDGE_CURVE('',#6616,#6595,#6392,.T.);
#6651=EDGE_CURVE('',#6595,#6594,#6396,.T.);
#6653=EDGE_CURVE('',#6594,#6613,#6401,.T.);
#6663=EDGE_CURVE('',#6615,#6614,#6412,.T.);
#6665=EDGE_CURVE('',#6614,#6587,#6417,.T.);
#6667=EDGE_CURVE('',#6587,#6586,#6421,.T.);
#6669=EDGE_CURVE('',#6586,#6617,#6426,.T.);
#6671=EDGE_CURVE('',#6617,#6615,#6437,.T.);
#6681=EDGE_CURVE('',#6607,#6590,#6442,.T.);
#6684=EDGE_CURVE('',#6591,#6599,#6451,.T.);
#6686=EDGE_CURVE('',#6607,#6599,#6455,.T.);
#6696=EDGE_CURVE('',#6609,#6607,#6459,.T.);
#6699=EDGE_CURVE('',#6601,#6599,#6463,.T.);
#6701=EDGE_CURVE('',#6609,#6601,#6550,.T.);
#6711=EDGE_CURVE('',#6620,#6618,#6467,.T.);
#6713=EDGE_CURVE('',#6611,#6620,#6511,.T.);
#6715=EDGE_CURVE('',#6611,#6606,#6567,.T.);
#6717=EDGE_CURVE('',#6606,#6607,#6471,.T.);
#6720=EDGE_CURVE('',#6618,#6609,#6546,.T.);
#6730=EDGE_CURVE('',#6618,#6619,#6541,.T.);
#6732=EDGE_CURVE('',#6619,#6620,#6526,.T.);
#6743=EDGE_CURVE('',#6621,#6622,#6486,.T.);
#6745=EDGE_CURVE('',#6623,#6621,#6501,.T.);
#6747=EDGE_CURVE('',#6623,#6603,#6506,.T.);
#6749=EDGE_CURVE('',#6611,#6603,#6571,.T.);
#6756=EDGE_CURVE('',#6601,#6622,#6555,.T.);
#6767=EDGE_CURVE('',#6622,#6623,#6559,.T.);
#6781=EDGE_CURVE('',#6599,#6598,#6563,.T.);
#6783=EDGE_CURVE('',#6603,#6598,#6575,.T.);
#6797=EDGE_CURVE('',#6598,#6606,#6579,.T.);
#6832=EDGE_CURVE('',#6822,#6821,#6806,.T.);
#6834=EDGE_CURVE('',#6821,#6825,#6810,.T.);
#6836=EDGE_CURVE('',#6825,#6826,#6814,.T.);
#6838=EDGE_CURVE('',#6826,#6822,#6818,.T.);
#6846=(LENGTH_UNIT()NAMED_UNIT(*)SI_UNIT(.MILLI.,.METRE.));
#6850=(NAMED_UNIT(*)PLANE_ANGLE_UNIT()SI_UNIT($,.RADIAN.));
#6853=(NAMED_UNIT(*)SI_UNIT($,.STERADIAN.)SOLID_ANGLE_UNIT());
#6856=MANIFOLD_SURFACE_SHAPE_REPRESENTATION('',(#6844),#6855);
#6863=PRODUCT_DEFINITION('design','',#6862,#6859);
#6864=PRODUCT_DEFINITION_SHAPE('','SHAPE FOR 76PSB04ST_SW0002.',#6863);
#6865=SHAPE_DEFINITION_REPRESENTATION(#6864,#6856);
ENDSEC;
END-ISO-10303-21;
