ISO-10303-21;
HEADER;
FILE_DESCRIPTION(('FreeCAD Model'),'2;1');
FILE_NAME('Open CASCADE Shape Model','2025-12-22T01:57:51',('FreeCAD'),(
    'FreeCAD'),'Open CASCADE STEP processor 7.8','FreeCAD','Unknown');
FILE_SCHEMA((
'AP242_MANAGED_MODEL_BASED_3D_ENGINEERING_MIM_LF. {1 0 10303 442 1 1 4 
}'));
ENDSEC;
DATA;
#1 = APPLICATION_PROTOCOL_DEFINITION('international standard',
  'ap242_managed_model_based_3d_engineering',2013,#2);
#2 = APPLICATION_CONTEXT('Managed model based 3d engineering');
#3 = SHAPE_DEFINITION_REPRESENTATION(#4,#10);
#4 = PRODUCT_DEFINITION_SHAPE('','',#5);
#5 = PRODUCT_DEFINITION('design','',#6,#9);
#6 = PRODUCT_DEFINITION_FORMATION('','',#7);
#7 = PRODUCT('Open CASCADE STEP translator 7.8 4',
  'Open CASCADE STEP translator 7.8 4','',(#8));
#8 = PRODUCT_CONTEXT('',#2,'mechanical');
#9 = PRODUCT_DEFINITION_CONTEXT('part definition',#2,'design');
#10 = MANIFOLD_SURFACE_SHAPE_REPRESENTATION('',(#11,#15),#13413);
#11 = AXIS2_PLACEMENT_3D('',#12,#13,#14);
#12 = CARTESIAN_POINT('',(0.,0.,0.));
#13 = DIRECTION('',(0.,0.,1.));
#14 = DIRECTION('',(1.,0.,-0.));
#15 = SHELL_BASED_SURFACE_MODEL('',(#16));
#16 = CLOSED_SHELL('',(#17,#57,#88,#192,#224,#247,#269,#301,#324,#347,
    #370,#393,#416,#439,#462,#485,#508,#524,#547,#570,#593,#616,#639,
    #2685,#2701,#2724,#2747,#2770,#2800,#2816,#2839,#2855,#2878,#2894,
    #2917,#2933,#2956,#2972,#2995,#3011,#3034,#3050,#3080,#3096,#3126,
    #3142,#3165,#3181,#3204,#3220,#3243,#3259,#3282,#3298,#3321,#3337,
    #3360,#3376,#3399,#3415,#3438,#3454,#3484,#3500,#3523,#3539,#3562,
    #3578,#3601,#3617,#3647,#3663,#3686,#3702,#3725,#3741,#3757,#3773,
    #3789,#3805,#3821,#3837,#3853,#3869,#3899,#3915,#3945,#3961,#3991,
    #4007,#4037,#4053,#4076,#4092,#4115,#4131,#4154,#4170,#4193,#4209,
    #4232,#4248,#4271,#4287,#4310,#4326,#4342,#4358,#4374,#4390,#4413,
    #4429,#4452,#4468,#4484,#4500,#4523,#4539,#4562,#4578,#4601,#4617,
    #4640,#4656,#4679,#4695,#4718,#4734,#4757,#4773,#4803,#4819,#4835,
    #4858,#4874,#4904,#4920,#4936,#4952,#4975,#4991,#5014,#5030,#5046,
    #5076,#5092,#5122,#5138,#5168,#5184,#5214,#5230,#5253,#5269,#5299,
    #5315,#5338,#5354,#5377,#5393,#5416,#5432,#5455,#5471,#5494,#5510,
    #5526,#5542,#5565,#5581,#5597,#5613,#5636,#5652,#5668,#5684,#5707,
    #5723,#5746,#5762,#5785,#5801,#5824,#5840,#5863,#5879,#5902,#5918,
    #5941,#5957,#5980,#5996,#6012,#6028,#6058,#6074,#6090,#6113,#6129,
    #6145,#6175,#6191,#6214,#6230,#6253,#6269,#6292,#6308,#6331,#6347,
    #6370,#6386,#6409,#6425,#6455,#6471,#6494,#6510,#6540,#6556,#6579,
    #6595,#6618,#6634,#6657,#6673,#6696,#6712,#6735,#6751,#6774,#6790,
    #6813,#6829,#6859,#6875,#6898,#6914,#6944,#6960,#6983,#6999,#7022,
    #7038,#7061,#7077,#7100,#7116,#7132,#7148,#7164,#7180,#7203,#7219,
    #7235,#7251,#7267,#7290,#7306,#7322,#7977,#7994,#8018,#8049,#8066,
    #8090,#8114,#8138,#8162,#8186,#8210,#8234,#8258,#8282,#8306,#8337,
    #9136,#9158,#9180,#9202,#9219,#9236,#9258,#9275,#9292,#9309,#9326,
    #9348,#9379,#9403,#9434,#9458,#9482,#9506,#9530,#9547,#9578,#9595,
    #9619,#9643,#9660,#9693,#9757,#9781,#9805,#9829,#9853,#9877,#9901,
    #9925,#9949,#9973,#9997,#10021,#10045,#10069,#10093,#10117,#10141,
    #10165,#10182,#10199,#10211,#10228,#10245,#10257,#10269,#10286,
    #10303,#10315,#10332,#10349,#10366,#10383,#10400,#10417,#10434,
    #10451,#10468,#10485,#10502,#10519,#10536,#10553,#10570,#10587,
    #10611,#10635,#10659,#10683,#10707,#10731,#10755,#10772,#10796,
    #10820,#10842,#10859,#10871,#10895,#10919,#10943,#10967,#10991,
    #11036,#11476,#11493,#11510,#11527,#11544,#11561,#11578,#11595,
    #11612,#11629,#11646,#11663,#11680,#11697,#11714,#11731,#11748,
    #11765,#11782,#11799,#11816,#11833,#11850,#11867,#11884,#11901,
    #11918,#11935,#11952,#11969,#11986,#12003,#12020,#12037,#12054,
    #12071,#12088,#12105,#12122,#12139,#12156,#12178,#12190,#12212,
    #12234,#12246,#12258,#12275,#12287,#12309,#12326,#12343,#12360,
    #12377,#12394,#12411,#12428,#12445,#12462,#12484,#12506,#12518,
    #12535,#12552,#12569,#12586,#12603,#12620,#12632,#12649,#12666,
    #12683,#12700,#12717,#12734,#12751,#12768,#12785,#12802,#12824,
    #12841,#12858,#12875,#12892,#12909,#12926,#12943,#12960,#12977,
    #12994,#13016,#13033,#13050,#13067,#13084,#13101,#13118,#13135,
    #13152,#13169,#13186,#13203,#13215,#13237,#13254,#13271,#13288,
    #13305,#13317,#13329,#13341,#13353,#13365,#13377,#13389,#13401));
#17 = ADVANCED_FACE('',(#18),#52,.T.);
#18 = FACE_BOUND('',#19,.T.);
#19 = EDGE_LOOP('',(#20,#30,#38,#46));
#20 = ORIENTED_EDGE('',*,*,#21,.T.);
#21 = EDGE_CURVE('',#22,#24,#26,.T.);
#22 = VERTEX_POINT('',#23);
#23 = CARTESIAN_POINT('',(-35.09999847412,-11.08606815338,
    -0.504226088524));
#24 = VERTEX_POINT('',#25);
#25 = CARTESIAN_POINT('',(-35.09999847412,-11.47694683075,
    -0.354181826115));
#26 = LINE('',#27,#28);
#27 = CARTESIAN_POINT('',(-35.09999847412,-11.08606815338,
    -0.504226088524));
#28 = VECTOR('',#29,1.);
#29 = DIRECTION('',(0.,-0.933580429609,0.358367941438));
#30 = ORIENTED_EDGE('',*,*,#31,.T.);
#31 = EDGE_CURVE('',#24,#32,#34,.T.);
#32 = VERTEX_POINT('',#33);
#33 = CARTESIAN_POINT('',(-34.,-11.47694683075,-0.354181826115));
#34 = LINE('',#35,#36);
#35 = CARTESIAN_POINT('',(-35.09999847412,-11.47694683075,
    -0.354181826115));
#36 = VECTOR('',#37,1.);
#37 = DIRECTION('',(1.,0.,0.));
#38 = ORIENTED_EDGE('',*,*,#39,.T.);
#39 = EDGE_CURVE('',#32,#40,#42,.T.);
#40 = VERTEX_POINT('',#41);
#41 = CARTESIAN_POINT('',(-34.,-11.08606815338,-0.504226088524));
#42 = LINE('',#43,#44);
#43 = CARTESIAN_POINT('',(-34.,-11.47694683075,-0.354181826115));
#44 = VECTOR('',#45,1.);
#45 = DIRECTION('',(0.,0.933580429609,-0.358367941438));
#46 = ORIENTED_EDGE('',*,*,#47,.F.);
#47 = EDGE_CURVE('',#22,#40,#48,.T.);
#48 = LINE('',#49,#50);
#49 = CARTESIAN_POINT('',(-35.09999847412,-11.08606815338,
    -0.504226088524));
#50 = VECTOR('',#51,1.);
#51 = DIRECTION('',(1.,0.,0.));
#52 = PLANE('',#53);
#53 = AXIS2_PLACEMENT_3D('',#54,#55,#56);
#54 = CARTESIAN_POINT('',(-34.54999923706,-11.28150749206,
    -0.429203957319));
#55 = DIRECTION('',(0.,0.358367941438,0.933580429609));
#56 = DIRECTION('',(0.,0.933580429609,-0.358367941438));
#57 = ADVANCED_FACE('',(#58),#83,.T.);
#58 = FACE_BOUND('',#59,.T.);
#59 = EDGE_LOOP('',(#60,#61,#69,#77));
#60 = ORIENTED_EDGE('',*,*,#47,.T.);
#61 = ORIENTED_EDGE('',*,*,#62,.T.);
#62 = EDGE_CURVE('',#40,#63,#65,.T.);
#63 = VERTEX_POINT('',#64);
#64 = CARTESIAN_POINT('',(-34.,-10.68164634704,-0.612590432167));
#65 = LINE('',#66,#67);
#66 = CARTESIAN_POINT('',(-34.,-11.08606815338,-0.504226088524));
#67 = VECTOR('',#68,1.);
#68 = DIRECTION('',(0.,0.965925917506,-0.258818704676));
#69 = ORIENTED_EDGE('',*,*,#70,.T.);
#70 = EDGE_CURVE('',#63,#71,#73,.T.);
#71 = VERTEX_POINT('',#72);
#72 = CARTESIAN_POINT('',(-35.09999847412,-10.68164634704,
    -0.612590432167));
#73 = LINE('',#74,#75);
#74 = CARTESIAN_POINT('',(-34.,-10.68164634704,-0.612590432167));
#75 = VECTOR('',#76,1.);
#76 = DIRECTION('',(-1.,0.,0.));
#77 = ORIENTED_EDGE('',*,*,#78,.T.);
#78 = EDGE_CURVE('',#71,#22,#79,.T.);
#79 = LINE('',#80,#81);
#80 = CARTESIAN_POINT('',(-35.09999847412,-10.68164634704,
    -0.612590432167));
#81 = VECTOR('',#82,1.);
#82 = DIRECTION('',(0.,-0.965925917506,0.258818704676));
#83 = PLANE('',#84);
#84 = AXIS2_PLACEMENT_3D('',#85,#86,#87);
#85 = CARTESIAN_POINT('',(-34.54999923706,-10.88385725021,
    -0.558408260345));
#86 = DIRECTION('',(0.,0.258818704676,0.965925917506));
#87 = DIRECTION('',(0.,0.965925917506,-0.258818704676));
#88 = ADVANCED_FACE('',(#89),#187,.T.);
#89 = FACE_BOUND('',#90,.T.);
#90 = EDGE_LOOP('',(#91,#92,#93,#101,#109,#117,#125,#133,#141,#149,#157,
    #165,#173,#181));
#91 = ORIENTED_EDGE('',*,*,#62,.F.);
#92 = ORIENTED_EDGE('',*,*,#39,.F.);
#93 = ORIENTED_EDGE('',*,*,#94,.F.);
#94 = EDGE_CURVE('',#95,#32,#97,.T.);
#95 = VERTEX_POINT('',#96);
#96 = CARTESIAN_POINT('',(-34.,-11.85000038147,-0.164101615548));
#97 = LINE('',#98,#99);
#98 = CARTESIAN_POINT('',(-34.,-11.85000038147,-0.164101615548));
#99 = VECTOR('',#100,1.);
#100 = DIRECTION('',(0.,0.89100658945,-0.453990371656));
#101 = ORIENTED_EDGE('',*,*,#102,.T.);
#102 = EDGE_CURVE('',#95,#103,#105,.T.);
#103 = VERTEX_POINT('',#104);
#104 = CARTESIAN_POINT('',(-34.,-11.94870758056,-0.10000000149));
#105 = LINE('',#106,#107);
#106 = CARTESIAN_POINT('',(-34.,-11.85000038147,-0.164101615548));
#107 = VECTOR('',#108,1.);
#108 = DIRECTION('',(0.,-0.838668978829,0.544641482033));
#109 = ORIENTED_EDGE('',*,*,#110,.F.);
#110 = EDGE_CURVE('',#111,#103,#113,.T.);
#111 = VERTEX_POINT('',#112);
#112 = CARTESIAN_POINT('',(-34.,-1.751292109489,-0.10000000149));
#113 = LINE('',#114,#115);
#114 = CARTESIAN_POINT('',(-34.,-1.751292109489,-0.10000000149));
#115 = VECTOR('',#116,1.);
#116 = DIRECTION('',(0.,-1.,0.));
#117 = ORIENTED_EDGE('',*,*,#118,.T.);
#118 = EDGE_CURVE('',#111,#119,#121,.T.);
#119 = VERTEX_POINT('',#120);
#120 = CARTESIAN_POINT('',(-34.,-1.850000023842,-0.164101615548));
#121 = LINE('',#122,#123);
#122 = CARTESIAN_POINT('',(-34.,-1.751292109489,-0.10000000149));
#123 = VECTOR('',#124,1.);
#124 = DIRECTION('',(0.,-0.838670781519,-0.54463870614));
#125 = ORIENTED_EDGE('',*,*,#126,.T.);
#126 = EDGE_CURVE('',#119,#127,#129,.T.);
#127 = VERTEX_POINT('',#128);
#128 = CARTESIAN_POINT('',(-34.,-2.223053455353,-0.354181826115));
#129 = LINE('',#130,#131);
#130 = CARTESIAN_POINT('',(-34.,-1.850000023842,-0.164101615548));
#131 = VECTOR('',#132,1.);
#132 = DIRECTION('',(0.,-0.891006530767,-0.453990486828));
#133 = ORIENTED_EDGE('',*,*,#134,.T.);
#134 = EDGE_CURVE('',#127,#135,#137,.T.);
#135 = VERTEX_POINT('',#136);
#136 = CARTESIAN_POINT('',(-34.,-2.613932132721,-0.504226088524));
#137 = LINE('',#138,#139);
#138 = CARTESIAN_POINT('',(-34.,-2.223053455353,-0.354181826115));
#139 = VECTOR('',#140,1.);
#140 = DIRECTION('',(0.,-0.933580429609,-0.358367941438));
#141 = ORIENTED_EDGE('',*,*,#142,.T.);
#142 = EDGE_CURVE('',#135,#143,#145,.T.);
#143 = VERTEX_POINT('',#144);
#144 = CARTESIAN_POINT('',(-34.,-3.018353223801,-0.612590432167));
#145 = LINE('',#146,#147);
#146 = CARTESIAN_POINT('',(-34.,-2.613932132721,-0.504226088524));
#147 = VECTOR('',#148,1.);
#148 = DIRECTION('',(0.,-0.96592580307,-0.258819131758));
#149 = ORIENTED_EDGE('',*,*,#150,.T.);
#150 = EDGE_CURVE('',#143,#151,#153,.T.);
#151 = VERTEX_POINT('',#152);
#152 = CARTESIAN_POINT('',(-34.,-3.431886196136,-0.678087592125));
#153 = LINE('',#154,#155);
#154 = CARTESIAN_POINT('',(-34.,-3.018353223801,-0.612590432167));
#155 = VECTOR('',#156,1.);
#156 = DIRECTION('',(0.,-0.987688351083,-0.15643439882));
#157 = ORIENTED_EDGE('',*,*,#158,.T.);
#158 = EDGE_CURVE('',#151,#159,#161,.T.);
#159 = VERTEX_POINT('',#160);
#160 = CARTESIAN_POINT('',(-34.,-3.849999904633,-0.699999988079));
#161 = LINE('',#162,#163);
#162 = CARTESIAN_POINT('',(-34.,-3.431886196136,-0.678087592125));
#163 = VECTOR('',#164,1.);
#164 = DIRECTION('',(0.,-0.998629536626,-5.233592052449E-02));
#165 = ORIENTED_EDGE('',*,*,#166,.T.);
#166 = EDGE_CURVE('',#159,#167,#169,.T.);
#167 = VERTEX_POINT('',#168);
#168 = CARTESIAN_POINT('',(-34.,-9.85000038147,-0.699999988079));
#169 = LINE('',#170,#171);
#170 = CARTESIAN_POINT('',(-34.,-3.849999904633,-0.699999988079));
#171 = VECTOR('',#172,1.);
#172 = DIRECTION('',(0.,-1.,0.));
#173 = ORIENTED_EDGE('',*,*,#174,.T.);
#174 = EDGE_CURVE('',#167,#175,#177,.T.);
#175 = VERTEX_POINT('',#176);
#176 = CARTESIAN_POINT('',(-34.,-10.26811408996,-0.678087592125));
#177 = LINE('',#178,#179);
#178 = CARTESIAN_POINT('',(-34.,-9.85000038147,-0.699999988079));
#179 = VECTOR('',#180,1.);
#180 = DIRECTION('',(0.,-0.998629536626,5.233592052449E-02));
#181 = ORIENTED_EDGE('',*,*,#182,.T.);
#182 = EDGE_CURVE('',#175,#63,#183,.T.);
#183 = LINE('',#184,#185);
#184 = CARTESIAN_POINT('',(-34.,-10.26811408996,-0.678087592125));
#185 = VECTOR('',#186,1.);
#186 = DIRECTION('',(0.,-0.987688309278,0.156434662771));
#187 = PLANE('',#188);
#188 = AXIS2_PLACEMENT_3D('',#189,#190,#191);
#189 = CARTESIAN_POINT('',(-34.,-6.849999869858,-0.359472319597));
#190 = DIRECTION('',(-1.,-0.,-0.));
#191 = DIRECTION('',(0.,0.,-1.));
#192 = ADVANCED_FACE('',(#193),#219,.T.);
#193 = FACE_BOUND('',#194,.T.);
#194 = EDGE_LOOP('',(#195,#205,#213));
#195 = ORIENTED_EDGE('',*,*,#196,.T.);
#196 = EDGE_CURVE('',#197,#199,#201,.T.);
#197 = VERTEX_POINT('',#198);
#198 = CARTESIAN_POINT('',(-35.09999847412,-11.85000038147,
    -0.164101615548));
#199 = VERTEX_POINT('',#200);
#200 = CARTESIAN_POINT('',(-34.09999847412,-12.20114135742,
    6.393202394247E-02));
#201 = LINE('',#202,#203);
#202 = CARTESIAN_POINT('',(-35.09999847412,-11.85000038147,
    -0.164101615548));
#203 = VECTOR('',#204,1.);
#204 = DIRECTION('',(0.922413725228,-0.323897255708,0.21034135888));
#205 = ORIENTED_EDGE('',*,*,#206,.F.);
#206 = EDGE_CURVE('',#207,#199,#209,.T.);
#207 = VERTEX_POINT('',#208);
#208 = CARTESIAN_POINT('',(-34.09999847412,-11.94870758056,
    -0.10000000149));
#209 = LINE('',#210,#211);
#210 = CARTESIAN_POINT('',(-34.09999847412,-11.94870758056,
    -0.10000000149));
#211 = VECTOR('',#212,1.);
#212 = DIRECTION('',(0.,-0.838671153777,0.544638132912));
#213 = ORIENTED_EDGE('',*,*,#214,.F.);
#214 = EDGE_CURVE('',#197,#207,#215,.T.);
#215 = LINE('',#216,#217);
#216 = CARTESIAN_POINT('',(-35.09999847412,-11.85000038147,
    -0.164101615548));
#217 = VECTOR('',#218,1.);
#218 = DIRECTION('',(0.993145070835,-9.803056823875E-02,
    6.366220203426E-02));
#219 = PLANE('',#220);
#220 = AXIS2_PLACEMENT_3D('',#221,#222,#223);
#221 = CARTESIAN_POINT('',(-34.53708215424,-11.97865085608,
    -8.055490174059E-02));
#222 = DIRECTION('',(-4.699999932677E-07,0.544638132912,0.838671153777)
  );
#223 = DIRECTION('',(0.,0.838671153777,-0.544638132912));
#224 = ADVANCED_FACE('',(#225),#242,.T.);
#225 = FACE_BOUND('',#226,.T.);
#226 = EDGE_LOOP('',(#227,#235,#241));
#227 = ORIENTED_EDGE('',*,*,#228,.T.);
#228 = EDGE_CURVE('',#197,#229,#231,.T.);
#229 = VERTEX_POINT('',#230);
#230 = CARTESIAN_POINT('',(-35.09999847412,-12.20114135742,
    6.393202394247E-02));
#231 = LINE('',#232,#233);
#232 = CARTESIAN_POINT('',(-35.09999847412,-11.85000038147,
    -0.164101615548));
#233 = VECTOR('',#234,1.);
#234 = DIRECTION('',(0.,-0.83867054239,0.544639074367));
#235 = ORIENTED_EDGE('',*,*,#236,.T.);
#236 = EDGE_CURVE('',#229,#199,#237,.T.);
#237 = LINE('',#238,#239);
#238 = CARTESIAN_POINT('',(-35.09999847412,-12.20114135742,
    6.393202394247E-02));
#239 = VECTOR('',#240,1.);
#240 = DIRECTION('',(1.,0.,0.));
#241 = ORIENTED_EDGE('',*,*,#196,.F.);
#242 = PLANE('',#243);
#243 = AXIS2_PLACEMENT_3D('',#244,#245,#246);
#244 = CARTESIAN_POINT('',(-34.68364232256,-12.09572050119,
    -4.529087608286E-03));
#245 = DIRECTION('',(0.,0.544639074367,0.83867054239));
#246 = DIRECTION('',(0.,0.83867054239,-0.544639074367));
#247 = ADVANCED_FACE('',(#248),#264,.T.);
#248 = FACE_BOUND('',#249,.T.);
#249 = EDGE_LOOP('',(#250,#251,#257,#258));
#250 = ORIENTED_EDGE('',*,*,#214,.T.);
#251 = ORIENTED_EDGE('',*,*,#252,.F.);
#252 = EDGE_CURVE('',#103,#207,#253,.T.);
#253 = LINE('',#254,#255);
#254 = CARTESIAN_POINT('',(-34.,-11.94870758056,-0.10000000149));
#255 = VECTOR('',#256,1.);
#256 = DIRECTION('',(-1.,0.,0.));
#257 = ORIENTED_EDGE('',*,*,#102,.F.);
#258 = ORIENTED_EDGE('',*,*,#259,.T.);
#259 = EDGE_CURVE('',#95,#197,#260,.T.);
#260 = LINE('',#261,#262);
#261 = CARTESIAN_POINT('',(-34.,-11.85000038147,-0.164101615548));
#262 = VECTOR('',#263,1.);
#263 = DIRECTION('',(-1.,0.,0.));
#264 = PLANE('',#265);
#265 = AXIS2_PLACEMENT_3D('',#266,#267,#268);
#266 = CARTESIAN_POINT('',(-34.52230103196,-11.87812292126,
    -0.145838508007));
#267 = DIRECTION('',(0.,0.544641482033,0.838668978829));
#268 = DIRECTION('',(0.,0.838668978829,-0.544641482033));
#269 = ADVANCED_FACE('',(#270),#296,.T.);
#270 = FACE_BOUND('',#271,.T.);
#271 = EDGE_LOOP('',(#272,#282,#290));
#272 = ORIENTED_EDGE('',*,*,#273,.F.);
#273 = EDGE_CURVE('',#274,#276,#278,.T.);
#274 = VERTEX_POINT('',#275);
#275 = CARTESIAN_POINT('',(-34.09999847412,-13.,-0.10000000149));
#276 = VERTEX_POINT('',#277);
#277 = CARTESIAN_POINT('',(-34.08301925659,-13.32403850555,
    -0.10000000149));
#278 = LINE('',#279,#280);
#279 = CARTESIAN_POINT('',(-34.09999847412,-13.,-0.10000000149));
#280 = VECTOR('',#281,1.);
#281 = DIRECTION('',(5.23269790434E-02,-0.998630005189,0.));
#282 = ORIENTED_EDGE('',*,*,#283,.T.);
#283 = EDGE_CURVE('',#274,#284,#286,.T.);
#284 = VERTEX_POINT('',#285);
#285 = CARTESIAN_POINT('',(-34.09999847412,-13.,0.842573881149));
#286 = LINE('',#287,#288);
#287 = CARTESIAN_POINT('',(-34.09999847412,-13.,-0.10000000149));
#288 = VECTOR('',#289,1.);
#289 = DIRECTION('',(0.,0.,1.));
#290 = ORIENTED_EDGE('',*,*,#291,.T.);
#291 = EDGE_CURVE('',#284,#276,#292,.T.);
#292 = LINE('',#293,#294);
#293 = CARTESIAN_POINT('',(-34.09999847412,-13.,0.842573881149));
#294 = VECTOR('',#295,1.);
#295 = DIRECTION('',(1.703265811576E-02,-0.32505838811,-0.945540550625)
  );
#296 = PLANE('',#297);
#297 = AXIS2_PLACEMENT_3D('',#298,#299,#300);
#298 = CARTESIAN_POINT('',(-34.09504348038,-13.09456317783,
    0.303738323635));
#299 = DIRECTION('',(0.998630005189,5.23269790434E-02,0.));
#300 = DIRECTION('',(-5.23269790434E-02,0.998630005189,0.));
#301 = ADVANCED_FACE('',(#302),#319,.T.);
#302 = FACE_BOUND('',#303,.T.);
#303 = EDGE_LOOP('',(#304,#305,#313));
#304 = ORIENTED_EDGE('',*,*,#291,.F.);
#305 = ORIENTED_EDGE('',*,*,#306,.T.);
#306 = EDGE_CURVE('',#284,#307,#309,.T.);
#307 = VERTEX_POINT('',#308);
#308 = CARTESIAN_POINT('',(-34.09548950195,-13.08606815338,
    0.948858976364));
#309 = LINE('',#310,#311);
#310 = CARTESIAN_POINT('',(-34.09999847412,-13.,0.842573881149));
#311 = VECTOR('',#312,1.);
#312 = DIRECTION('',(3.295122160804E-02,-0.628979441393,0.776723296483)
  );
#313 = ORIENTED_EDGE('',*,*,#314,.T.);
#314 = EDGE_CURVE('',#307,#276,#315,.T.);
#315 = LINE('',#316,#317);
#316 = CARTESIAN_POINT('',(-34.09548950195,-13.08606815338,
    0.948858976364));
#317 = VECTOR('',#318,1.);
#318 = DIRECTION('',(1.15938816198E-02,-0.221246656515,-0.97514896241));
#319 = PLANE('',#320);
#320 = AXIS2_PLACEMENT_3D('',#321,#322,#323);
#321 = CARTESIAN_POINT('',(-34.09079746043,-13.17560067763,
    0.429641142212));
#322 = DIRECTION('',(0.998630385144,5.231972726418E-02,
    2.499864551249E-06));
#323 = DIRECTION('',(-5.231972726434E-02,0.998630385147,
    2.64697796017E-23));
#324 = ADVANCED_FACE('',(#325),#342,.T.);
#325 = FACE_BOUND('',#326,.T.);
#326 = EDGE_LOOP('',(#327,#328,#336));
#327 = ORIENTED_EDGE('',*,*,#314,.F.);
#328 = ORIENTED_EDGE('',*,*,#329,.T.);
#329 = EDGE_CURVE('',#307,#330,#332,.T.);
#330 = VERTEX_POINT('',#331);
#331 = CARTESIAN_POINT('',(-34.08353805542,-13.31410121917,
    1.299999952316));
#332 = LINE('',#333,#334);
#333 = CARTESIAN_POINT('',(-34.09548950195,-13.08606815338,
    0.948858976364));
#334 = VECTOR('',#335,1.);
#335 = DIRECTION('',(2.853341877852E-02,-0.544416355261,0.838329694176)
  );
#336 = ORIENTED_EDGE('',*,*,#337,.T.);
#337 = EDGE_CURVE('',#330,#276,#338,.T.);
#338 = LINE('',#339,#340);
#339 = CARTESIAN_POINT('',(-34.08353805542,-13.31410121917,
    1.299999952316));
#340 = VECTOR('',#341,1.);
#341 = DIRECTION('',(3.705612435222E-04,-7.097882642465E-03,
    -0.999974741054));
#342 = PLANE('',#343);
#343 = AXIS2_PLACEMENT_3D('',#344,#345,#346);
#344 = CARTESIAN_POINT('',(-34.08640151193,-13.25948311597,0.61064776029
    ));
#345 = DIRECTION('',(0.998629480357,5.233699417948E-02,
    -1.428496568622E-06));
#346 = DIRECTION('',(-5.233699417953E-02,0.998629480358,0.));
#347 = ADVANCED_FACE('',(#348),#365,.T.);
#348 = FACE_BOUND('',#349,.T.);
#349 = EDGE_LOOP('',(#350,#351,#359));
#350 = ORIENTED_EDGE('',*,*,#337,.F.);
#351 = ORIENTED_EDGE('',*,*,#352,.T.);
#352 = EDGE_CURVE('',#330,#353,#355,.T.);
#353 = VERTEX_POINT('',#354);
#354 = CARTESIAN_POINT('',(-34.08301925659,-13.32403850555,
    1.319501757622));
#355 = LINE('',#356,#357);
#356 = CARTESIAN_POINT('',(-34.08353805542,-13.31410121917,
    1.299999952316));
#357 = VECTOR('',#358,1.);
#358 = DIRECTION('',(2.369613430441E-02,-0.453885513698,0.890744875749)
  );
#359 = ORIENTED_EDGE('',*,*,#360,.F.);
#360 = EDGE_CURVE('',#276,#353,#361,.T.);
#361 = LINE('',#362,#363);
#362 = CARTESIAN_POINT('',(-34.08301925659,-13.32403850555,
    -0.10000000149));
#363 = VECTOR('',#364,1.);
#364 = DIRECTION('',(0.,0.,1.));
#365 = PLANE('',#366);
#366 = AXIS2_PLACEMENT_3D('',#367,#368,#369);
#367 = CARTESIAN_POINT('',(-34.08314906709,-13.32155206165,
    0.610340040136));
#368 = DIRECTION('',(0.99863997877,5.21362906383E-02,0.));
#369 = DIRECTION('',(-5.21362906383E-02,0.99863997877,0.));
#370 = ADVANCED_FACE('',(#371),#388,.T.);
#371 = FACE_BOUND('',#372,.T.);
#372 = EDGE_LOOP('',(#373,#381,#382));
#373 = ORIENTED_EDGE('',*,*,#374,.F.);
#374 = EDGE_CURVE('',#276,#375,#377,.T.);
#375 = VERTEX_POINT('',#376);
#376 = CARTESIAN_POINT('',(-34.03225708007,-13.64452648162,
    -0.10000000149));
#377 = LINE('',#378,#379);
#378 = CARTESIAN_POINT('',(-34.08301925659,-13.32403850555,
    -0.10000000149));
#379 = VECTOR('',#380,1.);
#380 = DIRECTION('',(0.15644008038,-0.987687451196,0.));
#381 = ORIENTED_EDGE('',*,*,#360,.T.);
#382 = ORIENTED_EDGE('',*,*,#383,.T.);
#383 = EDGE_CURVE('',#353,#375,#384,.T.);
#384 = LINE('',#385,#386);
#385 = CARTESIAN_POINT('',(-34.08301925659,-13.32403850555,
    1.319501757622));
#386 = VECTOR('',#387,1.);
#387 = DIRECTION('',(3.486134839264E-02,-0.220097792429,-0.974854680532)
  );
#388 = PLANE('',#389);
#389 = AXIS2_PLACEMENT_3D('',#390,#391,#392);
#390 = CARTESIAN_POINT('',(-34.06889671829,-13.41320142227,0.53778370745
    ));
#391 = DIRECTION('',(0.987687451196,0.15644008038,0.));
#392 = DIRECTION('',(-0.15644008038,0.987687451196,0.));
#393 = ADVANCED_FACE('',(#394),#411,.T.);
#394 = FACE_BOUND('',#395,.T.);
#395 = EDGE_LOOP('',(#396,#397,#405));
#396 = ORIENTED_EDGE('',*,*,#383,.F.);
#397 = ORIENTED_EDGE('',*,*,#398,.T.);
#398 = EDGE_CURVE('',#353,#399,#401,.T.);
#399 = VERTEX_POINT('',#400);
#400 = CARTESIAN_POINT('',(-34.06038284301,-13.46695899963,
    1.600000023842));
#401 = LINE('',#402,#403);
#402 = CARTESIAN_POINT('',(-34.08301925659,-13.32403850555,
    1.319501757622));
#403 = VECTOR('',#404,1.);
#404 = DIRECTION('',(7.171975793451E-02,-0.452820107994,0.88871267917));
#405 = ORIENTED_EDGE('',*,*,#406,.T.);
#406 = EDGE_CURVE('',#399,#375,#407,.T.);
#407 = LINE('',#408,#409);
#408 = CARTESIAN_POINT('',(-34.06038284301,-13.46695899963,
    1.600000023842));
#409 = VECTOR('',#410,1.);
#410 = DIRECTION('',(1.645281923046E-02,-0.103872228773,-0.994454556442)
  );
#411 = PLANE('',#412);
#412 = AXIS2_PLACEMENT_3D('',#413,#414,#415);
#413 = CARTESIAN_POINT('',(-34.05335527922,-13.51132406865,
    0.755686162933));
#414 = DIRECTION('',(0.987688044488,0.15643633457,8.669266431924E-07));
#415 = DIRECTION('',(-0.15643633457,0.987688044489,0.));
#416 = ADVANCED_FACE('',(#417),#434,.T.);
#417 = FACE_BOUND('',#418,.T.);
#418 = EDGE_LOOP('',(#419,#420,#428));
#419 = ORIENTED_EDGE('',*,*,#406,.F.);
#420 = ORIENTED_EDGE('',*,*,#421,.T.);
#421 = EDGE_CURVE('',#399,#422,#424,.T.);
#422 = VERTEX_POINT('',#423);
#423 = CARTESIAN_POINT('',(-34.03225708007,-13.64452648162,
    1.600000023842));
#424 = LINE('',#425,#426);
#425 = CARTESIAN_POINT('',(-34.06038284301,-13.46695899963,
    1.600000023842));
#426 = VECTOR('',#427,1.);
#427 = DIRECTION('',(0.156444431243,-0.987686762052,0.));
#428 = ORIENTED_EDGE('',*,*,#429,.F.);
#429 = EDGE_CURVE('',#375,#422,#430,.T.);
#430 = LINE('',#431,#432);
#431 = CARTESIAN_POINT('',(-34.03225708007,-13.64452648162,
    -0.10000000149));
#432 = VECTOR('',#433,1.);
#433 = DIRECTION('',(0.,0.,1.));
#434 = PLANE('',#435);
#435 = AXIS2_PLACEMENT_3D('',#436,#437,#438);
#436 = CARTESIAN_POINT('',(-34.03965928723,-13.59779383695,
    0.792575347752));
#437 = DIRECTION('',(0.987686762052,0.156444431243,0.));
#438 = DIRECTION('',(-0.156444431243,0.987686762052,0.));
#439 = ADVANCED_FACE('',(#440),#457,.T.);
#440 = FACE_BOUND('',#441,.T.);
#441 = EDGE_LOOP('',(#442,#450,#451));
#442 = ORIENTED_EDGE('',*,*,#443,.T.);
#443 = EDGE_CURVE('',#444,#353,#446,.T.);
#444 = VERTEX_POINT('',#445);
#445 = CARTESIAN_POINT('',(-35.08353805542,-13.31410121917,
    1.299999952316));
#446 = LINE('',#447,#448);
#447 = CARTESIAN_POINT('',(-35.08353805542,-13.31410121917,
    1.299999952316));
#448 = VECTOR('',#449,1.);
#449 = DIRECTION('',(0.999760799165,-9.929757823035E-03,
    1.948703060873E-02));
#450 = ORIENTED_EDGE('',*,*,#352,.F.);
#451 = ORIENTED_EDGE('',*,*,#452,.F.);
#452 = EDGE_CURVE('',#444,#330,#453,.T.);
#453 = LINE('',#454,#455);
#454 = CARTESIAN_POINT('',(-35.08353805542,-13.31410121917,
    1.299999952316));
#455 = VECTOR('',#456,1.);
#456 = DIRECTION('',(1.,0.,0.));
#457 = PLANE('',#458);
#458 = AXIS2_PLACEMENT_3D('',#459,#460,#461);
#459 = CARTESIAN_POINT('',(-34.57799474701,-13.31661336308,
    1.304930004589));
#460 = DIRECTION('',(0.,0.890995060759,0.454012997285));
#461 = DIRECTION('',(0.,-0.454012997285,0.890995060759));
#462 = ADVANCED_FACE('',(#463),#480,.T.);
#463 = FACE_BOUND('',#464,.T.);
#464 = EDGE_LOOP('',(#465,#473,#479));
#465 = ORIENTED_EDGE('',*,*,#466,.T.);
#466 = EDGE_CURVE('',#444,#467,#469,.T.);
#467 = VERTEX_POINT('',#468);
#468 = CARTESIAN_POINT('',(-35.07146072387,-13.46695899963,
    1.600000023842));
#469 = LINE('',#470,#471);
#470 = CARTESIAN_POINT('',(-35.08353805542,-13.31410121917,
    1.299999952316));
#471 = VECTOR('',#472,1.);
#472 = DIRECTION('',(3.584686970047E-02,-0.453698974747,0.890433738268)
  );
#473 = ORIENTED_EDGE('',*,*,#474,.T.);
#474 = EDGE_CURVE('',#467,#353,#475,.T.);
#475 = LINE('',#476,#477);
#476 = CARTESIAN_POINT('',(-35.07146072387,-13.46695899963,
    1.600000023842));
#477 = VECTOR('',#478,1.);
#478 = DIRECTION('',(0.952840450292,0.137772880279,-0.270395469168));
#479 = ORIENTED_EDGE('',*,*,#443,.F.);
#480 = PLANE('',#481);
#481 = AXIS2_PLACEMENT_3D('',#482,#483,#484);
#482 = CARTESIAN_POINT('',(-34.65074958176,-13.36258941851,
    1.395162817417));
#483 = DIRECTION('',(5.464807179529E-07,0.891006401938,0.453990739669));
#484 = DIRECTION('',(0.,-0.453990739669,0.891006401938));
#485 = ADVANCED_FACE('',(#486),#503,.T.);
#486 = FACE_BOUND('',#487,.T.);
#487 = EDGE_LOOP('',(#488,#496,#502));
#488 = ORIENTED_EDGE('',*,*,#489,.T.);
#489 = EDGE_CURVE('',#444,#490,#492,.T.);
#490 = VERTEX_POINT('',#491);
#491 = CARTESIAN_POINT('',(-35.07754135131,-13.42856693267,
    1.524650335312));
#492 = LINE('',#493,#494);
#493 = CARTESIAN_POINT('',(-35.08353805542,-13.31410121917,
    1.299999952316));
#494 = VECTOR('',#495,1.);
#495 = DIRECTION('',(2.377732803932E-02,-0.453864118201,0.890753614015)
  );
#496 = ORIENTED_EDGE('',*,*,#497,.T.);
#497 = EDGE_CURVE('',#490,#467,#498,.T.);
#498 = LINE('',#499,#500);
#499 = CARTESIAN_POINT('',(-35.07754135131,-13.42856693267,
    1.524650335312));
#500 = VECTOR('',#501,1.);
#501 = DIRECTION('',(7.171817747236E-02,-0.452816604533,0.8887145918));
#502 = ORIENTED_EDGE('',*,*,#466,.F.);
#503 = PLANE('',#504);
#504 = AXIS2_PLACEMENT_3D('',#505,#506,#507);
#505 = CARTESIAN_POINT('',(-35.07825997436,-13.39054672827,1.4500323373)
  );
#506 = DIRECTION('',(-1.591762988834E-04,0.891003789612,0.453995838704)
  );
#507 = DIRECTION('',(-1.355252715607E-20,-0.453995844455,0.8910038009));
#508 = ADVANCED_FACE('',(#509),#519,.T.);
#509 = FACE_BOUND('',#510,.T.);
#510 = EDGE_LOOP('',(#511,#512,#518));
#511 = ORIENTED_EDGE('',*,*,#474,.F.);
#512 = ORIENTED_EDGE('',*,*,#513,.T.);
#513 = EDGE_CURVE('',#467,#399,#514,.T.);
#514 = LINE('',#515,#516);
#515 = CARTESIAN_POINT('',(-35.07146072387,-13.46695899963,
    1.600000023842));
#516 = VECTOR('',#517,1.);
#517 = DIRECTION('',(1.,0.,0.));
#518 = ORIENTED_EDGE('',*,*,#398,.F.);
#519 = PLANE('',#520);
#520 = AXIS2_PLACEMENT_3D('',#521,#522,#523);
#521 = CARTESIAN_POINT('',(-34.50490550098,-13.42606132363,1.51973352823
    ));
#522 = DIRECTION('',(0.,0.891007180912,0.453989210844));
#523 = DIRECTION('',(0.,-0.453989210844,0.891007180912));
#524 = ADVANCED_FACE('',(#525),#542,.T.);
#525 = FACE_BOUND('',#526,.T.);
#526 = EDGE_LOOP('',(#527,#535,#536));
#527 = ORIENTED_EDGE('',*,*,#528,.F.);
#528 = EDGE_CURVE('',#490,#529,#531,.T.);
#529 = VERTEX_POINT('',#530);
#530 = CARTESIAN_POINT('',(-35.07754135131,-13.42856693267,
    -2.099999904633));
#531 = LINE('',#532,#533);
#532 = CARTESIAN_POINT('',(-35.07754135131,-13.42856693267,
    1.524650335312));
#533 = VECTOR('',#534,1.);
#534 = DIRECTION('',(0.,0.,-1.));
#535 = ORIENTED_EDGE('',*,*,#489,.F.);
#536 = ORIENTED_EDGE('',*,*,#537,.F.);
#537 = EDGE_CURVE('',#529,#444,#538,.T.);
#538 = LINE('',#539,#540);
#539 = CARTESIAN_POINT('',(-35.07754135131,-13.42856693267,
    -2.099999904633));
#540 = VECTOR('',#541,1.);
#541 = DIRECTION('',(-1.762735152765E-03,3.364727249456E-02,
    0.99943221572));
#542 = PLANE('',#543);
#543 = AXIS2_PLACEMENT_3D('',#544,#545,#546);
#544 = CARTESIAN_POINT('',(-35.07904659997,-13.39983458925,
    -0.281269619638));
#545 = DIRECTION('',(-0.998630533027,-5.231690460126E-02,-0.));
#546 = DIRECTION('',(5.231690460126E-02,-0.998630533027,0.));
#547 = ADVANCED_FACE('',(#548),#565,.T.);
#548 = FACE_BOUND('',#549,.T.);
#549 = EDGE_LOOP('',(#550,#551,#559));
#550 = ORIENTED_EDGE('',*,*,#537,.T.);
#551 = ORIENTED_EDGE('',*,*,#552,.T.);
#552 = EDGE_CURVE('',#444,#553,#555,.T.);
#553 = VERTEX_POINT('',#554);
#554 = CARTESIAN_POINT('',(-35.09999847412,-13.,-2.099999904633));
#555 = LINE('',#556,#557);
#556 = CARTESIAN_POINT('',(-35.08353805542,-13.31410121917,
    1.299999952316));
#557 = VECTOR('',#558,1.);
#558 = DIRECTION('',(-4.820715913422E-03,9.198992888347E-02,
    -0.99574826823));
#559 = ORIENTED_EDGE('',*,*,#560,.T.);
#560 = EDGE_CURVE('',#553,#529,#561,.T.);
#561 = LINE('',#562,#563);
#562 = CARTESIAN_POINT('',(-35.09999847412,-13.,-2.099999904633));
#563 = VECTOR('',#564,1.);
#564 = DIRECTION('',(5.232870974037E-02,-0.998629914501,0.));
#565 = PLANE('',#566);
#566 = AXIS2_PLACEMENT_3D('',#567,#568,#569);
#567 = CARTESIAN_POINT('',(-35.08631867707,-13.26105014354,
    -0.500690455386));
#568 = DIRECTION('',(-0.998629914501,-5.232870974037E-02,
    3.985273062126E-07));
#569 = DIRECTION('',(5.232870974037E-02,-0.998629914501,0.));
#570 = ADVANCED_FACE('',(#571),#588,.T.);
#571 = FACE_BOUND('',#572,.T.);
#572 = EDGE_LOOP('',(#573,#574,#582));
#573 = ORIENTED_EDGE('',*,*,#552,.F.);
#574 = ORIENTED_EDGE('',*,*,#575,.F.);
#575 = EDGE_CURVE('',#576,#444,#578,.T.);
#576 = VERTEX_POINT('',#577);
#577 = CARTESIAN_POINT('',(-35.09548950195,-13.08606815338,
    0.948858976364));
#578 = LINE('',#579,#580);
#579 = CARTESIAN_POINT('',(-35.09548950195,-13.08606815338,
    0.948858976364));
#580 = VECTOR('',#581,1.);
#581 = DIRECTION('',(2.853341877852E-02,-0.544416355261,0.838329694176)
  );
#582 = ORIENTED_EDGE('',*,*,#583,.F.);
#583 = EDGE_CURVE('',#553,#576,#584,.T.);
#584 = LINE('',#585,#586);
#585 = CARTESIAN_POINT('',(-35.09999847412,-13.,-2.099999904633));
#586 = VECTOR('',#587,1.);
#587 = DIRECTION('',(1.478314302214E-03,-2.821835606186E-02,
    0.99960068976));
#588 = PLANE('',#589);
#589 = AXIS2_PLACEMENT_3D('',#590,#591,#592);
#590 = CARTESIAN_POINT('',(-35.09427893898,-13.10914818861,
    -0.385034263129));
#591 = DIRECTION('',(-0.998629311702,-5.234021215295E-02,
    -6.670151318531E-07));
#592 = DIRECTION('',(5.234021215297E-02,-0.998629311703,0.));
#593 = ADVANCED_FACE('',(#594),#611,.T.);
#594 = FACE_BOUND('',#595,.T.);
#595 = EDGE_LOOP('',(#596,#597,#605));
#596 = ORIENTED_EDGE('',*,*,#583,.T.);
#597 = ORIENTED_EDGE('',*,*,#598,.F.);
#598 = EDGE_CURVE('',#599,#576,#601,.T.);
#599 = VERTEX_POINT('',#600);
#600 = CARTESIAN_POINT('',(-35.09999847412,-13.,0.842573881149));
#601 = LINE('',#602,#603);
#602 = CARTESIAN_POINT('',(-35.09999847412,-13.,0.842573881149));
#603 = VECTOR('',#604,1.);
#604 = DIRECTION('',(3.295122160804E-02,-0.628979441393,0.776723296483)
  );
#605 = ORIENTED_EDGE('',*,*,#606,.F.);
#606 = EDGE_CURVE('',#553,#599,#607,.T.);
#607 = LINE('',#608,#609);
#608 = CARTESIAN_POINT('',(-35.09999847412,-13.,-2.099999904633));
#609 = VECTOR('',#610,1.);
#610 = DIRECTION('',(0.,0.,1.));
#611 = PLANE('',#612);
#612 = AXIS2_PLACEMENT_3D('',#613,#614,#615);
#613 = CARTESIAN_POINT('',(-35.0988262956,-13.02237477559,
    -0.568236773489));
#614 = DIRECTION('',(-0.998630546436,-5.231664864484E-02,-0.));
#615 = DIRECTION('',(5.231664864484E-02,-0.998630546436,0.));
#616 = ADVANCED_FACE('',(#617),#634,.T.);
#617 = FACE_BOUND('',#618,.T.);
#618 = EDGE_LOOP('',(#619,#627,#633));
#619 = ORIENTED_EDGE('',*,*,#620,.F.);
#620 = EDGE_CURVE('',#621,#490,#623,.T.);
#621 = VERTEX_POINT('',#622);
#622 = CARTESIAN_POINT('',(-35.01040649414,-13.85243797302,
    1.600000023842));
#623 = LINE('',#624,#625);
#624 = CARTESIAN_POINT('',(-35.01040649414,-13.85243797302,
    1.600000023842));
#625 = VECTOR('',#626,1.);
#626 = DIRECTION('',(-0.154078220806,0.972807547273,-0.172931714389));
#627 = ORIENTED_EDGE('',*,*,#628,.T.);
#628 = EDGE_CURVE('',#621,#467,#629,.T.);
#629 = LINE('',#630,#631);
#630 = CARTESIAN_POINT('',(-35.01040649414,-13.85243797302,
    1.600000023842));
#631 = VECTOR('',#632,1.);
#632 = DIRECTION('',(-0.156435360571,0.987688198757,0.));
#633 = ORIENTED_EDGE('',*,*,#497,.F.);
#634 = PLANE('',#635);
#635 = AXIS2_PLACEMENT_3D('',#636,#637,#638);
#636 = CARTESIAN_POINT('',(-35.04551287089,-13.63078612814,
    1.578469315181));
#637 = DIRECTION('',(-0.987688198755,-0.156435360571,-1.497980477921E-06
    ));
#638 = DIRECTION('',(0.156435360571,-0.987688198757,0.));
#639 = ADVANCED_FACE('',(#640,#914,#1716,#2198),#2680,.T.);
#640 = FACE_BOUND('',#641,.T.);
#641 = EDGE_LOOP('',(#642,#643,#644,#652,#660,#668,#676,#684,#692,#700,
    #708,#716,#724,#732,#740,#748,#756,#764,#772,#780,#788,#796,#804,
    #812,#820,#828,#836,#844,#852,#860,#868,#876,#884,#892,#900,#906,
    #907,#908));
#642 = ORIENTED_EDGE('',*,*,#273,.T.);
#643 = ORIENTED_EDGE('',*,*,#374,.T.);
#644 = ORIENTED_EDGE('',*,*,#645,.T.);
#645 = EDGE_CURVE('',#375,#646,#648,.T.);
#646 = VERTEX_POINT('',#647);
#647 = CARTESIAN_POINT('',(-33.94827651977,-13.95795249939,
    -0.10000000149));
#648 = LINE('',#649,#650);
#649 = CARTESIAN_POINT('',(-34.03225708007,-13.64452648162,
    -0.10000000149));
#650 = VECTOR('',#651,1.);
#651 = DIRECTION('',(0.258814191315,-0.965927126844,0.));
#652 = ORIENTED_EDGE('',*,*,#653,.T.);
#653 = EDGE_CURVE('',#646,#654,#656,.T.);
#654 = VERTEX_POINT('',#655);
#655 = CARTESIAN_POINT('',(-33.83198928833,-14.26088333129,
    -0.10000000149));
#656 = LINE('',#657,#658);
#657 = CARTESIAN_POINT('',(-33.94827651977,-13.95795249939,
    -0.10000000149));
#658 = VECTOR('',#659,1.);
#659 = DIRECTION('',(0.358375953816,-0.933577353906,0.));
#660 = ORIENTED_EDGE('',*,*,#661,.T.);
#661 = EDGE_CURVE('',#654,#662,#664,.T.);
#662 = VERTEX_POINT('',#663);
#663 = CARTESIAN_POINT('',(-33.68467712402,-14.55000019073,
    -0.10000000149));
#664 = LINE('',#665,#666);
#665 = CARTESIAN_POINT('',(-33.83198928833,-14.26088333129,
    -0.10000000149));
#666 = VECTOR('',#667,1.);
#667 = DIRECTION('',(0.453989928563,-0.891006815217,0.));
#668 = ORIENTED_EDGE('',*,*,#669,.T.);
#669 = EDGE_CURVE('',#662,#670,#672,.T.);
#670 = VERTEX_POINT('',#671);
#671 = CARTESIAN_POINT('',(-33.50795364379,-14.82213401794,
    -0.10000000149));
#672 = LINE('',#673,#674);
#673 = CARTESIAN_POINT('',(-33.68467712402,-14.55000019073,
    -0.10000000149));
#674 = VECTOR('',#675,1.);
#675 = DIRECTION('',(0.544634063385,-0.838673796539,0.));
#676 = ORIENTED_EDGE('',*,*,#677,.T.);
#677 = EDGE_CURVE('',#670,#678,#680,.T.);
#678 = VERTEX_POINT('',#679);
#679 = CARTESIAN_POINT('',(-33.30374908447,-15.07430458068,
    -0.10000000149));
#680 = LINE('',#681,#682);
#681 = CARTESIAN_POINT('',(-33.50795364379,-14.82213401794,
    -0.10000000149));
#682 = VECTOR('',#683,1.);
#683 = DIRECTION('',(0.62932199915,-0.77714465924,0.));
#684 = ORIENTED_EDGE('',*,*,#685,.T.);
#685 = EDGE_CURVE('',#678,#686,#688,.T.);
#686 = VERTEX_POINT('',#687);
#687 = CARTESIAN_POINT('',(-33.07430648803,-15.30374908447,
    -0.10000000149));
#688 = LINE('',#689,#690);
#689 = CARTESIAN_POINT('',(-33.30374908447,-15.07430458068,
    -0.10000000149));
#690 = VECTOR('',#691,1.);
#691 = DIRECTION('',(0.707103842115,-0.707109720246,0.));
#692 = ORIENTED_EDGE('',*,*,#693,.T.);
#693 = EDGE_CURVE('',#686,#694,#696,.T.);
#694 = VERTEX_POINT('',#695);
#695 = CARTESIAN_POINT('',(-32.82213592529,-15.50795269012,
    -0.10000000149));
#696 = LINE('',#697,#698);
#697 = CARTESIAN_POINT('',(-33.07430648803,-15.30374908447,
    -0.10000000149));
#698 = VECTOR('',#699,1.);
#699 = DIRECTION('',(0.777146096657,-0.629320224092,0.));
#700 = ORIENTED_EDGE('',*,*,#701,.T.);
#701 = EDGE_CURVE('',#694,#702,#704,.T.);
#702 = VERTEX_POINT('',#703);
#703 = CARTESIAN_POINT('',(-32.54999923706,-15.68467903137,
    -0.10000000149));
#704 = LINE('',#705,#706);
#705 = CARTESIAN_POINT('',(-32.82213592529,-15.50795269012,
    -0.10000000149));
#706 = VECTOR('',#707,1.);
#707 = DIRECTION('',(0.838672384527,-0.544636237714,0.));
#708 = ORIENTED_EDGE('',*,*,#709,.T.);
#709 = EDGE_CURVE('',#702,#710,#712,.T.);
#710 = VERTEX_POINT('',#711);
#711 = CARTESIAN_POINT('',(-32.26088333129,-15.83199119567,
    -0.10000000149));
#712 = LINE('',#713,#714);
#713 = CARTESIAN_POINT('',(-32.54999923706,-15.68467903137,
    -0.10000000149));
#714 = VECTOR('',#715,1.);
#715 = DIRECTION('',(0.891006209456,-0.453991117437,0.));
#716 = ORIENTED_EDGE('',*,*,#717,.T.);
#717 = EDGE_CURVE('',#710,#718,#720,.T.);
#718 = VERTEX_POINT('',#719);
#719 = CARTESIAN_POINT('',(-31.95795249939,-15.9482755661,-0.10000000149
    ));
#720 = LINE('',#721,#722);
#721 = CARTESIAN_POINT('',(-32.26088333129,-15.83199119567,
    -0.10000000149));
#722 = VECTOR('',#723,1.);
#723 = DIRECTION('',(0.933580303852,-0.358368269047,0.));
#724 = ORIENTED_EDGE('',*,*,#725,.T.);
#725 = EDGE_CURVE('',#718,#726,#728,.T.);
#726 = VERTEX_POINT('',#727);
#727 = CARTESIAN_POINT('',(-31.64452552795,-16.03225708007,
    -0.10000000149));
#728 = LINE('',#729,#730);
#729 = CARTESIAN_POINT('',(-31.95795249939,-15.9482755661,-0.10000000149
    ));
#730 = VECTOR('',#731,1.);
#731 = DIRECTION('',(0.965926588963,-0.258816198747,0.));
#732 = ORIENTED_EDGE('',*,*,#733,.T.);
#733 = EDGE_CURVE('',#726,#734,#736,.T.);
#734 = VERTEX_POINT('',#735);
#735 = CARTESIAN_POINT('',(-31.32403755188,-16.08301734924,
    -0.10000000149));
#736 = LINE('',#737,#738);
#737 = CARTESIAN_POINT('',(-31.64452552795,-16.03225708007,
    -0.10000000149));
#738 = VECTOR('',#739,1.);
#739 = DIRECTION('',(0.987688359431,-0.156434346118,0.));
#740 = ORIENTED_EDGE('',*,*,#741,.T.);
#741 = EDGE_CURVE('',#734,#742,#744,.T.);
#742 = VERTEX_POINT('',#743);
#743 = CARTESIAN_POINT('',(-31.,-16.10000038147,-0.10000000149));
#744 = LINE('',#745,#746);
#745 = CARTESIAN_POINT('',(-31.32403755188,-16.08301734924,
    -0.10000000149));
#746 = VECTOR('',#747,1.);
#747 = DIRECTION('',(0.998629382744,-5.233885668852E-02,0.));
#748 = ORIENTED_EDGE('',*,*,#749,.T.);
#749 = EDGE_CURVE('',#742,#750,#752,.T.);
#750 = VERTEX_POINT('',#751);
#751 = CARTESIAN_POINT('',(31.,-16.10000038147,-0.10000000149));
#752 = LINE('',#753,#754);
#753 = CARTESIAN_POINT('',(-31.,-16.10000038147,-0.10000000149));
#754 = VECTOR('',#755,1.);
#755 = DIRECTION('',(1.,0.,0.));
#756 = ORIENTED_EDGE('',*,*,#757,.T.);
#757 = EDGE_CURVE('',#750,#758,#760,.T.);
#758 = VERTEX_POINT('',#759);
#759 = CARTESIAN_POINT('',(31.32403755188,-16.08301734924,-0.10000000149
    ));
#760 = LINE('',#761,#762);
#761 = CARTESIAN_POINT('',(31.,-16.10000038147,-0.10000000149));
#762 = VECTOR('',#763,1.);
#763 = DIRECTION('',(0.998629382744,5.233885668852E-02,0.));
#764 = ORIENTED_EDGE('',*,*,#765,.T.);
#765 = EDGE_CURVE('',#758,#766,#768,.T.);
#766 = VERTEX_POINT('',#767);
#767 = CARTESIAN_POINT('',(31.644525527954,-16.03225708007,
    -0.10000000149));
#768 = LINE('',#769,#770);
#769 = CARTESIAN_POINT('',(31.32403755188,-16.08301734924,-0.10000000149
    ));
#770 = VECTOR('',#771,1.);
#771 = DIRECTION('',(0.987688359431,0.156434346118,0.));
#772 = ORIENTED_EDGE('',*,*,#773,.T.);
#773 = EDGE_CURVE('',#766,#774,#776,.T.);
#774 = VERTEX_POINT('',#775);
#775 = CARTESIAN_POINT('',(31.95795249939,-15.9482755661,-0.10000000149)
  );
#776 = LINE('',#777,#778);
#777 = CARTESIAN_POINT('',(31.644525527954,-16.03225708007,
    -0.10000000149));
#778 = VECTOR('',#779,1.);
#779 = DIRECTION('',(0.965926588963,0.258816198747,0.));
#780 = ORIENTED_EDGE('',*,*,#781,.T.);
#781 = EDGE_CURVE('',#774,#782,#784,.T.);
#782 = VERTEX_POINT('',#783);
#783 = CARTESIAN_POINT('',(32.260883331299,-15.83199119567,
    -0.10000000149));
#784 = LINE('',#785,#786);
#785 = CARTESIAN_POINT('',(31.95795249939,-15.9482755661,-0.10000000149)
  );
#786 = VECTOR('',#787,1.);
#787 = DIRECTION('',(0.933580303852,0.358368269047,0.));
#788 = ORIENTED_EDGE('',*,*,#789,.T.);
#789 = EDGE_CURVE('',#782,#790,#792,.T.);
#790 = VERTEX_POINT('',#791);
#791 = CARTESIAN_POINT('',(32.549999237061,-15.68467903137,
    -0.10000000149));
#792 = LINE('',#793,#794);
#793 = CARTESIAN_POINT('',(32.260883331299,-15.83199119567,
    -0.10000000149));
#794 = VECTOR('',#795,1.);
#795 = DIRECTION('',(0.891006209456,0.453991117437,0.));
#796 = ORIENTED_EDGE('',*,*,#797,.T.);
#797 = EDGE_CURVE('',#790,#798,#800,.T.);
#798 = VERTEX_POINT('',#799);
#799 = CARTESIAN_POINT('',(32.822135925293,-15.50795269012,
    -0.10000000149));
#800 = LINE('',#801,#802);
#801 = CARTESIAN_POINT('',(32.549999237061,-15.68467903137,
    -0.10000000149));
#802 = VECTOR('',#803,1.);
#803 = DIRECTION('',(0.838672384527,0.544636237714,0.));
#804 = ORIENTED_EDGE('',*,*,#805,.T.);
#805 = EDGE_CURVE('',#798,#806,#808,.T.);
#806 = VERTEX_POINT('',#807);
#807 = CARTESIAN_POINT('',(33.074306488037,-15.30374908447,
    -0.10000000149));
#808 = LINE('',#809,#810);
#809 = CARTESIAN_POINT('',(32.822135925293,-15.50795269012,
    -0.10000000149));
#810 = VECTOR('',#811,1.);
#811 = DIRECTION('',(0.777146096657,0.629320224092,0.));
#812 = ORIENTED_EDGE('',*,*,#813,.T.);
#813 = EDGE_CURVE('',#806,#814,#816,.T.);
#814 = VERTEX_POINT('',#815);
#815 = CARTESIAN_POINT('',(33.303749084473,-15.07430458068,
    -0.10000000149));
#816 = LINE('',#817,#818);
#817 = CARTESIAN_POINT('',(33.074306488037,-15.30374908447,
    -0.10000000149));
#818 = VECTOR('',#819,1.);
#819 = DIRECTION('',(0.707103842115,0.707109720246,0.));
#820 = ORIENTED_EDGE('',*,*,#821,.T.);
#821 = EDGE_CURVE('',#814,#822,#824,.T.);
#822 = VERTEX_POINT('',#823);
#823 = CARTESIAN_POINT('',(33.507953643799,-14.82213401794,
    -0.10000000149));
#824 = LINE('',#825,#826);
#825 = CARTESIAN_POINT('',(33.303749084473,-15.07430458068,
    -0.10000000149));
#826 = VECTOR('',#827,1.);
#827 = DIRECTION('',(0.62932199915,0.77714465924,0.));
#828 = ORIENTED_EDGE('',*,*,#829,.T.);
#829 = EDGE_CURVE('',#822,#830,#832,.T.);
#830 = VERTEX_POINT('',#831);
#831 = CARTESIAN_POINT('',(33.684677124023,-14.55000019073,
    -0.10000000149));
#832 = LINE('',#833,#834);
#833 = CARTESIAN_POINT('',(33.507953643799,-14.82213401794,
    -0.10000000149));
#834 = VECTOR('',#835,1.);
#835 = DIRECTION('',(0.544634063385,0.838673796539,0.));
#836 = ORIENTED_EDGE('',*,*,#837,.T.);
#837 = EDGE_CURVE('',#830,#838,#840,.T.);
#838 = VERTEX_POINT('',#839);
#839 = CARTESIAN_POINT('',(33.83198928833,-14.26088333129,-0.10000000149
    ));
#840 = LINE('',#841,#842);
#841 = CARTESIAN_POINT('',(33.684677124023,-14.55000019073,
    -0.10000000149));
#842 = VECTOR('',#843,1.);
#843 = DIRECTION('',(0.453989928563,0.891006815217,0.));
#844 = ORIENTED_EDGE('',*,*,#845,.T.);
#845 = EDGE_CURVE('',#838,#846,#848,.T.);
#846 = VERTEX_POINT('',#847);
#847 = CARTESIAN_POINT('',(33.948276519775,-13.95795249939,
    -0.10000000149));
#848 = LINE('',#849,#850);
#849 = CARTESIAN_POINT('',(33.83198928833,-14.26088333129,-0.10000000149
    ));
#850 = VECTOR('',#851,1.);
#851 = DIRECTION('',(0.358375953816,0.933577353906,0.));
#852 = ORIENTED_EDGE('',*,*,#853,.T.);
#853 = EDGE_CURVE('',#846,#854,#856,.T.);
#854 = VERTEX_POINT('',#855);
#855 = CARTESIAN_POINT('',(34.032257080078,-13.64452648162,
    -0.10000000149));
#856 = LINE('',#857,#858);
#857 = CARTESIAN_POINT('',(33.948276519775,-13.95795249939,
    -0.10000000149));
#858 = VECTOR('',#859,1.);
#859 = DIRECTION('',(0.258814191315,0.965927126844,0.));
#860 = ORIENTED_EDGE('',*,*,#861,.T.);
#861 = EDGE_CURVE('',#854,#862,#864,.T.);
#862 = VERTEX_POINT('',#863);
#863 = CARTESIAN_POINT('',(34.083019256592,-13.32403850555,
    -0.10000000149));
#864 = LINE('',#865,#866);
#865 = CARTESIAN_POINT('',(34.032257080078,-13.64452648162,
    -0.10000000149));
#866 = VECTOR('',#867,1.);
#867 = DIRECTION('',(0.15644008038,0.987687451196,0.));
#868 = ORIENTED_EDGE('',*,*,#869,.T.);
#869 = EDGE_CURVE('',#862,#870,#872,.T.);
#870 = VERTEX_POINT('',#871);
#871 = CARTESIAN_POINT('',(34.099998474121,-13.,-0.10000000149));
#872 = LINE('',#873,#874);
#873 = CARTESIAN_POINT('',(34.083019256592,-13.32403850555,
    -0.10000000149));
#874 = VECTOR('',#875,1.);
#875 = DIRECTION('',(5.23269790434E-02,0.998630005189,0.));
#876 = ORIENTED_EDGE('',*,*,#877,.T.);
#877 = EDGE_CURVE('',#870,#878,#880,.T.);
#878 = VERTEX_POINT('',#879);
#879 = CARTESIAN_POINT('',(34.099998474121,16.10000038147,-0.10000000149
    ));
#880 = LINE('',#881,#882);
#881 = CARTESIAN_POINT('',(34.099998474121,-13.,-0.10000000149));
#882 = VECTOR('',#883,1.);
#883 = DIRECTION('',(0.,1.,0.));
#884 = ORIENTED_EDGE('',*,*,#885,.T.);
#885 = EDGE_CURVE('',#878,#886,#888,.T.);
#886 = VERTEX_POINT('',#887);
#887 = CARTESIAN_POINT('',(-34.09999847412,16.10000038147,-0.10000000149
    ));
#888 = LINE('',#889,#890);
#889 = CARTESIAN_POINT('',(34.099998474121,16.10000038147,-0.10000000149
    ));
#890 = VECTOR('',#891,1.);
#891 = DIRECTION('',(-1.,0.,0.));
#892 = ORIENTED_EDGE('',*,*,#893,.F.);
#893 = EDGE_CURVE('',#894,#886,#896,.T.);
#894 = VERTEX_POINT('',#895);
#895 = CARTESIAN_POINT('',(-34.09999847412,-1.751292109489,
    -0.10000000149));
#896 = LINE('',#897,#898);
#897 = CARTESIAN_POINT('',(-34.09999847412,-1.751292109489,
    -0.10000000149));
#898 = VECTOR('',#899,1.);
#899 = DIRECTION('',(0.,1.,0.));
#900 = ORIENTED_EDGE('',*,*,#901,.T.);
#901 = EDGE_CURVE('',#894,#111,#902,.T.);
#902 = LINE('',#903,#904);
#903 = CARTESIAN_POINT('',(-34.09999847412,-1.751292109489,
    -0.10000000149));
#904 = VECTOR('',#905,1.);
#905 = DIRECTION('',(1.,0.,0.));
#906 = ORIENTED_EDGE('',*,*,#110,.T.);
#907 = ORIENTED_EDGE('',*,*,#252,.T.);
#908 = ORIENTED_EDGE('',*,*,#909,.T.);
#909 = EDGE_CURVE('',#207,#274,#910,.T.);
#910 = LINE('',#911,#912);
#911 = CARTESIAN_POINT('',(-34.09999847412,-11.94870758056,
    -0.10000000149));
#912 = VECTOR('',#913,1.);
#913 = DIRECTION('',(0.,-1.,0.));
#914 = FACE_BOUND('',#915,.T.);
#915 = EDGE_LOOP('',(#916,#926,#934,#942,#950,#958,#966,#974,#982,#990,
    #998,#1006,#1014,#1022,#1030,#1038,#1046,#1054,#1062,#1070,#1078,
    #1086,#1094,#1102,#1110,#1118,#1126,#1134,#1142,#1150,#1158,#1166,
    #1174,#1182,#1190,#1198,#1206,#1214,#1222,#1230,#1238,#1246,#1254,
    #1262,#1270,#1278,#1286,#1294,#1302,#1310,#1318,#1326,#1334,#1342,
    #1350,#1358,#1366,#1374,#1382,#1390,#1398,#1406,#1414,#1422,#1430,
    #1438,#1446,#1454,#1462,#1470,#1478,#1486,#1494,#1502,#1510,#1518,
    #1526,#1534,#1542,#1550,#1558,#1566,#1574,#1582,#1590,#1598,#1606,
    #1614,#1622,#1630,#1638,#1646,#1654,#1662,#1670,#1678,#1686,#1694,
    #1702,#1710));
#916 = ORIENTED_EDGE('',*,*,#917,.F.);
#917 = EDGE_CURVE('',#918,#920,#922,.T.);
#918 = VERTEX_POINT('',#919);
#919 = CARTESIAN_POINT('',(-29.87000083923,1.299999952316,-0.10000000149
    ));
#920 = VERTEX_POINT('',#921);
#921 = CARTESIAN_POINT('',(-33.,1.299999952316,-0.10000000149));
#922 = LINE('',#923,#924);
#923 = CARTESIAN_POINT('',(-29.87000083923,1.299999952316,-0.10000000149
    ));
#924 = VECTOR('',#925,1.);
#925 = DIRECTION('',(-1.,0.,0.));
#926 = ORIENTED_EDGE('',*,*,#927,.F.);
#927 = EDGE_CURVE('',#928,#918,#930,.T.);
#928 = VERTEX_POINT('',#929);
#929 = CARTESIAN_POINT('',(-29.45188522338,1.321912407875,-0.10000000149
    ));
#930 = LINE('',#931,#932);
#931 = CARTESIAN_POINT('',(-29.45188522338,1.321912407875,-0.10000000149
    ));
#932 = VECTOR('',#933,1.);
#933 = DIRECTION('',(-0.998629541664,-5.233582440394E-02,0.));
#934 = ORIENTED_EDGE('',*,*,#935,.F.);
#935 = EDGE_CURVE('',#936,#928,#938,.T.);
#936 = VERTEX_POINT('',#937);
#937 = CARTESIAN_POINT('',(-29.0383529663,1.387409567833,-0.10000000149)
  );
#938 = LINE('',#939,#940);
#939 = CARTESIAN_POINT('',(-29.0383529663,1.387409567833,-0.10000000149)
  );
#940 = VECTOR('',#941,1.);
#941 = DIRECTION('',(-0.987688309278,-0.156434662771,0.));
#942 = ORIENTED_EDGE('',*,*,#943,.F.);
#943 = EDGE_CURVE('',#944,#936,#946,.T.);
#944 = VERTEX_POINT('',#945);
#945 = CARTESIAN_POINT('',(-28.63393211364,1.495773911476,-0.10000000149
    ));
#946 = LINE('',#947,#948);
#947 = CARTESIAN_POINT('',(-28.63393211364,1.495773911476,-0.10000000149
    ));
#948 = VECTOR('',#949,1.);
#949 = DIRECTION('',(-0.965925764924,-0.258819274118,0.));
#950 = ORIENTED_EDGE('',*,*,#951,.F.);
#951 = EDGE_CURVE('',#952,#944,#954,.T.);
#952 = VERTEX_POINT('',#953);
#953 = CARTESIAN_POINT('',(-28.24305343627,1.645818114281,-0.10000000149
    ));
#954 = LINE('',#955,#956);
#955 = CARTESIAN_POINT('',(-28.24305343627,1.645818114281,-0.10000000149
    ));
#956 = VECTOR('',#957,1.);
#957 = DIRECTION('',(-0.933580477238,-0.35836781736,0.));
#958 = ORIENTED_EDGE('',*,*,#959,.F.);
#959 = EDGE_CURVE('',#960,#952,#962,.T.);
#960 = VERTEX_POINT('',#961);
#961 = CARTESIAN_POINT('',(-27.87000083923,1.835898399353,-0.10000000149
    ));
#962 = LINE('',#963,#964);
#963 = CARTESIAN_POINT('',(-27.87000083923,1.835898399353,-0.10000000149
    ));
#964 = VECTOR('',#965,1.);
#965 = DIRECTION('',(-0.891006048001,-0.453991434308,0.));
#966 = ORIENTED_EDGE('',*,*,#967,.F.);
#967 = EDGE_CURVE('',#968,#960,#970,.T.);
#968 = VERTEX_POINT('',#969);
#969 = CARTESIAN_POINT('',(-27.51885986328,2.063931941986,-0.10000000149
    ));
#970 = LINE('',#971,#972);
#971 = CARTESIAN_POINT('',(-27.51885986328,2.063931941986,-0.10000000149
    ));
#972 = VECTOR('',#973,1.);
#973 = DIRECTION('',(-0.838670648058,-0.544638911652,0.));
#974 = ORIENTED_EDGE('',*,*,#975,.F.);
#975 = EDGE_CURVE('',#976,#968,#978,.T.);
#976 = VERTEX_POINT('',#977);
#977 = CARTESIAN_POINT('',(-27.19347763061,2.327420711517,-0.10000000149
    ));
#978 = LINE('',#979,#980);
#979 = CARTESIAN_POINT('',(-27.19347763061,2.327420711517,-0.10000000149
    ));
#980 = VECTOR('',#981,1.);
#981 = DIRECTION('',(-0.77714662397,-0.629319572914,0.));
#982 = ORIENTED_EDGE('',*,*,#983,.F.);
#983 = EDGE_CURVE('',#984,#976,#986,.T.);
#984 = VERTEX_POINT('',#985);
#985 = CARTESIAN_POINT('',(-26.89742088317,2.623477458954,-0.10000000149
    ));
#986 = LINE('',#987,#988);
#987 = CARTESIAN_POINT('',(-26.89742088317,2.623477458954,-0.10000000149
    ));
#988 = VECTOR('',#989,1.);
#989 = DIRECTION('',(-0.707106781187,-0.707106781187,0.));
#990 = ORIENTED_EDGE('',*,*,#991,.F.);
#991 = EDGE_CURVE('',#992,#984,#994,.T.);
#992 = VERTEX_POINT('',#993);
#993 = CARTESIAN_POINT('',(-26.63393211364,2.948858976364,-0.10000000149
    ));
#994 = LINE('',#995,#996);
#995 = CARTESIAN_POINT('',(-26.63393211364,2.948858976364,-0.10000000149
    ));
#996 = VECTOR('',#997,1.);
#997 = DIRECTION('',(-0.629320408411,-0.777145947398,0.));
#998 = ORIENTED_EDGE('',*,*,#999,.F.);
#999 = EDGE_CURVE('',#1000,#992,#1002,.T.);
#1000 = VERTEX_POINT('',#1001);
#1001 = CARTESIAN_POINT('',(-26.40589904785,3.299999952316,
    -0.10000000149));
#1002 = LINE('',#1003,#1004);
#1003 = CARTESIAN_POINT('',(-26.40589904785,3.299999952316,
    -0.10000000149));
#1004 = VECTOR('',#1005,1.);
#1005 = DIRECTION('',(-0.544638110595,-0.83867116827,0.));
#1006 = ORIENTED_EDGE('',*,*,#1007,.F.);
#1007 = EDGE_CURVE('',#1008,#1000,#1010,.T.);
#1008 = VERTEX_POINT('',#1009);
#1009 = CARTESIAN_POINT('',(-26.21581840515,3.673053503036,
    -0.10000000149));
#1010 = LINE('',#1011,#1012);
#1011 = CARTESIAN_POINT('',(-26.21581840515,3.673053503036,
    -0.10000000149));
#1012 = VECTOR('',#1013,1.);
#1013 = DIRECTION('',(-0.453991191043,-0.891006171951,0.));
#1014 = ORIENTED_EDGE('',*,*,#1015,.F.);
#1015 = EDGE_CURVE('',#1016,#1008,#1018,.T.);
#1016 = VERTEX_POINT('',#1017);
#1017 = CARTESIAN_POINT('',(-26.06577301025,4.063931941986,
    -0.10000000149));
#1018 = LINE('',#1019,#1020);
#1019 = CARTESIAN_POINT('',(-26.06577301025,4.063931941986,
    -0.10000000149));
#1020 = VECTOR('',#1021,1.);
#1021 = DIRECTION('',(-0.358370489425,-0.933579451525,0.));
#1022 = ORIENTED_EDGE('',*,*,#1023,.F.);
#1023 = EDGE_CURVE('',#1024,#1016,#1026,.T.);
#1024 = VERTEX_POINT('',#1025);
#1025 = CARTESIAN_POINT('',(-25.95740890502,4.468353271484,
    -0.10000000149));
#1026 = LINE('',#1027,#1028);
#1027 = CARTESIAN_POINT('',(-25.95740890502,4.468353271484,
    -0.10000000149));
#1028 = VECTOR('',#1029,1.);
#1029 = DIRECTION('',(-0.2588184581,-0.965925983576,0.));
#1030 = ORIENTED_EDGE('',*,*,#1031,.F.);
#1031 = EDGE_CURVE('',#1032,#1024,#1034,.T.);
#1032 = VERTEX_POINT('',#1033);
#1033 = CARTESIAN_POINT('',(-25.89191246032,4.881886005402,
    -0.10000000149));
#1034 = LINE('',#1035,#1036);
#1035 = CARTESIAN_POINT('',(-25.89191246032,4.881886005402,
    -0.10000000149));
#1036 = VECTOR('',#1037,1.);
#1037 = DIRECTION('',(-0.15643282028,-0.987688601098,0.));
#1038 = ORIENTED_EDGE('',*,*,#1039,.F.);
#1039 = EDGE_CURVE('',#1040,#1032,#1042,.T.);
#1040 = VERTEX_POINT('',#1041);
#1041 = CARTESIAN_POINT('',(-25.87000083923,5.300000190735,
    -0.10000000149));
#1042 = LINE('',#1043,#1044);
#1043 = CARTESIAN_POINT('',(-25.87000083923,5.300000190735,
    -0.10000000149));
#1044 = VECTOR('',#1045,1.);
#1045 = DIRECTION('',(-5.233401538351E-02,-0.998629636469,0.));
#1046 = ORIENTED_EDGE('',*,*,#1047,.F.);
#1047 = EDGE_CURVE('',#1048,#1040,#1050,.T.);
#1048 = VERTEX_POINT('',#1049);
#1049 = CARTESIAN_POINT('',(-25.89191246032,5.718113899231,
    -0.10000000149));
#1050 = LINE('',#1051,#1052);
#1051 = CARTESIAN_POINT('',(-25.89191246032,5.718113899231,
    -0.10000000149));
#1052 = VECTOR('',#1053,1.);
#1053 = DIRECTION('',(5.233407490429E-02,-0.99862963335,0.));
#1054 = ORIENTED_EDGE('',*,*,#1055,.F.);
#1055 = EDGE_CURVE('',#1056,#1048,#1058,.T.);
#1056 = VERTEX_POINT('',#1057);
#1057 = CARTESIAN_POINT('',(-25.95740890502,6.131646633148,
    -0.10000000149));
#1058 = LINE('',#1059,#1060);
#1059 = CARTESIAN_POINT('',(-25.95740890502,6.131646633148,
    -0.10000000149));
#1060 = VECTOR('',#1061,1.);
#1061 = DIRECTION('',(0.15643282028,-0.987688601098,0.));
#1062 = ORIENTED_EDGE('',*,*,#1063,.F.);
#1063 = EDGE_CURVE('',#1064,#1056,#1066,.T.);
#1064 = VERTEX_POINT('',#1065);
#1065 = CARTESIAN_POINT('',(-26.06577301025,6.536067962646,
    -0.10000000149));
#1066 = LINE('',#1067,#1068);
#1067 = CARTESIAN_POINT('',(-26.06577301025,6.536067962646,
    -0.10000000149));
#1068 = VECTOR('',#1069,1.);
#1069 = DIRECTION('',(0.2588184581,-0.965925983576,0.));
#1070 = ORIENTED_EDGE('',*,*,#1071,.F.);
#1071 = EDGE_CURVE('',#1072,#1064,#1074,.T.);
#1072 = VERTEX_POINT('',#1073);
#1073 = CARTESIAN_POINT('',(-26.21581840515,6.926946640015,
    -0.10000000149));
#1074 = LINE('',#1075,#1076);
#1075 = CARTESIAN_POINT('',(-26.21581840515,6.926946640015,
    -0.10000000149));
#1076 = VECTOR('',#1077,1.);
#1077 = DIRECTION('',(0.358370298909,-0.933579524658,0.));
#1078 = ORIENTED_EDGE('',*,*,#1079,.F.);
#1079 = EDGE_CURVE('',#1080,#1072,#1082,.T.);
#1080 = VERTEX_POINT('',#1081);
#1081 = CARTESIAN_POINT('',(-26.40589904785,7.300000190735,
    -0.10000000149));
#1082 = LINE('',#1083,#1084);
#1083 = CARTESIAN_POINT('',(-26.40589904785,7.300000190735,
    -0.10000000149));
#1084 = VECTOR('',#1085,1.);
#1085 = DIRECTION('',(0.453991191043,-0.891006171951,0.));
#1086 = ORIENTED_EDGE('',*,*,#1087,.F.);
#1087 = EDGE_CURVE('',#1088,#1080,#1090,.T.);
#1088 = VERTEX_POINT('',#1089);
#1089 = CARTESIAN_POINT('',(-26.63393211364,7.651141166687,
    -0.10000000149));
#1090 = LINE('',#1091,#1092);
#1091 = CARTESIAN_POINT('',(-26.63393211364,7.651141166687,
    -0.10000000149));
#1092 = VECTOR('',#1093,1.);
#1093 = DIRECTION('',(0.544638110595,-0.83867116827,0.));
#1094 = ORIENTED_EDGE('',*,*,#1095,.F.);
#1095 = EDGE_CURVE('',#1096,#1088,#1098,.T.);
#1096 = VERTEX_POINT('',#1097);
#1097 = CARTESIAN_POINT('',(-26.89742088317,7.976522445679,
    -0.10000000149));
#1098 = LINE('',#1099,#1100);
#1099 = CARTESIAN_POINT('',(-26.89742088317,7.976522445679,
    -0.10000000149));
#1100 = VECTOR('',#1101,1.);
#1101 = DIRECTION('',(0.629320686911,-0.777145721874,0.));
#1102 = ORIENTED_EDGE('',*,*,#1103,.F.);
#1103 = EDGE_CURVE('',#1104,#1096,#1106,.T.);
#1104 = VERTEX_POINT('',#1105);
#1105 = CARTESIAN_POINT('',(-27.19347763061,8.272579193115,
    -0.10000000149));
#1106 = LINE('',#1107,#1108);
#1107 = CARTESIAN_POINT('',(-27.19347763061,8.272579193115,
    -0.10000000149));
#1108 = VECTOR('',#1109,1.);
#1109 = DIRECTION('',(0.707106781187,-0.707106781187,0.));
#1110 = ORIENTED_EDGE('',*,*,#1111,.F.);
#1111 = EDGE_CURVE('',#1112,#1104,#1114,.T.);
#1112 = VERTEX_POINT('',#1113);
#1113 = CARTESIAN_POINT('',(-27.51885986328,8.536067962646,
    -0.10000000149));
#1114 = LINE('',#1115,#1116);
#1115 = CARTESIAN_POINT('',(-27.51885986328,8.536067962646,
    -0.10000000149));
#1116 = VECTOR('',#1117,1.);
#1117 = DIRECTION('',(0.77714662397,-0.629319572914,0.));
#1118 = ORIENTED_EDGE('',*,*,#1119,.F.);
#1119 = EDGE_CURVE('',#1120,#1112,#1122,.T.);
#1120 = VERTEX_POINT('',#1121);
#1121 = CARTESIAN_POINT('',(-27.87000083923,8.764101982117,
    -0.10000000149));
#1122 = LINE('',#1123,#1124);
#1123 = CARTESIAN_POINT('',(-27.87000083923,8.764101982117,
    -0.10000000149));
#1124 = VECTOR('',#1125,1.);
#1125 = DIRECTION('',(0.838670127846,-0.544639712708,0.));
#1126 = ORIENTED_EDGE('',*,*,#1127,.F.);
#1127 = EDGE_CURVE('',#1128,#1120,#1130,.T.);
#1128 = VERTEX_POINT('',#1129);
#1129 = CARTESIAN_POINT('',(-28.24305343627,8.954181671143,
    -0.10000000149));
#1130 = LINE('',#1131,#1132);
#1131 = CARTESIAN_POINT('',(-28.24305343627,8.954181671143,
    -0.10000000149));
#1132 = VECTOR('',#1133,1.);
#1133 = DIRECTION('',(0.891006623864,-0.453990304116,0.));
#1134 = ORIENTED_EDGE('',*,*,#1135,.F.);
#1135 = EDGE_CURVE('',#1136,#1128,#1138,.T.);
#1136 = VERTEX_POINT('',#1137);
#1137 = CARTESIAN_POINT('',(-28.63393211364,9.104226112366,
    -0.10000000149));
#1138 = LINE('',#1139,#1140);
#1139 = CARTESIAN_POINT('',(-28.63393211364,9.104226112366,
    -0.10000000149));
#1140 = VECTOR('',#1141,1.);
#1141 = DIRECTION('',(0.933580286723,-0.358368313671,0.));
#1142 = ORIENTED_EDGE('',*,*,#1143,.F.);
#1143 = EDGE_CURVE('',#1144,#1136,#1146,.T.);
#1144 = VERTEX_POINT('',#1145);
#1145 = CARTESIAN_POINT('',(-29.0383529663,9.21259021759,-0.10000000149)
  );
#1146 = LINE('',#1147,#1148);
#1147 = CARTESIAN_POINT('',(-29.0383529663,9.21259021759,-0.10000000149)
  );
#1148 = VECTOR('',#1149,1.);
#1149 = DIRECTION('',(0.965925907285,-0.258818742821,0.));
#1150 = ORIENTED_EDGE('',*,*,#1151,.F.);
#1151 = EDGE_CURVE('',#1152,#1144,#1154,.T.);
#1152 = VERTEX_POINT('',#1153);
#1153 = CARTESIAN_POINT('',(-29.45188522338,9.278087615967,
    -0.10000000149));
#1154 = LINE('',#1155,#1156);
#1155 = CARTESIAN_POINT('',(-29.45188522338,9.278087615967,
    -0.10000000149));
#1156 = VECTOR('',#1157,1.);
#1157 = DIRECTION('',(0.987688221294,-0.156435218279,0.));
#1158 = ORIENTED_EDGE('',*,*,#1159,.F.);
#1159 = EDGE_CURVE('',#1160,#1152,#1162,.T.);
#1160 = VERTEX_POINT('',#1161);
#1161 = CARTESIAN_POINT('',(-29.87000083923,9.300000190735,
    -0.10000000149));
#1162 = LINE('',#1163,#1164);
#1163 = CARTESIAN_POINT('',(-29.87000083923,9.300000190735,
    -0.10000000149));
#1164 = VECTOR('',#1165,1.);
#1165 = DIRECTION('',(0.998629526783,-5.233610834417E-02,0.));
#1166 = ORIENTED_EDGE('',*,*,#1167,.F.);
#1167 = EDGE_CURVE('',#1168,#1160,#1170,.T.);
#1168 = VERTEX_POINT('',#1169);
#1169 = CARTESIAN_POINT('',(-33.,9.300000190735,-0.10000000149));
#1170 = LINE('',#1171,#1172);
#1171 = CARTESIAN_POINT('',(-33.,9.300000190735,-0.10000000149));
#1172 = VECTOR('',#1173,1.);
#1173 = DIRECTION('',(1.,0.,0.));
#1174 = ORIENTED_EDGE('',*,*,#1175,.T.);
#1175 = EDGE_CURVE('',#1168,#1176,#1178,.T.);
#1176 = VERTEX_POINT('',#1177);
#1177 = CARTESIAN_POINT('',(-33.,15.,-0.10000000149));
#1178 = LINE('',#1179,#1180);
#1179 = CARTESIAN_POINT('',(-33.,9.300000190735,-0.10000000149));
#1180 = VECTOR('',#1181,1.);
#1181 = DIRECTION('',(0.,1.,0.));
#1182 = ORIENTED_EDGE('',*,*,#1183,.T.);
#1183 = EDGE_CURVE('',#1176,#1184,#1186,.T.);
#1184 = VERTEX_POINT('',#1185);
#1185 = CARTESIAN_POINT('',(33.,15.,-0.10000000149));
#1186 = LINE('',#1187,#1188);
#1187 = CARTESIAN_POINT('',(-33.,15.,-0.10000000149));
#1188 = VECTOR('',#1189,1.);
#1189 = DIRECTION('',(1.,0.,0.));
#1190 = ORIENTED_EDGE('',*,*,#1191,.T.);
#1191 = EDGE_CURVE('',#1184,#1192,#1194,.T.);
#1192 = VERTEX_POINT('',#1193);
#1193 = CARTESIAN_POINT('',(33.,9.300000190735,-0.10000000149));
#1194 = LINE('',#1195,#1196);
#1195 = CARTESIAN_POINT('',(33.,15.,-0.10000000149));
#1196 = VECTOR('',#1197,1.);
#1197 = DIRECTION('',(0.,-1.,0.));
#1198 = ORIENTED_EDGE('',*,*,#1199,.F.);
#1199 = EDGE_CURVE('',#1200,#1192,#1202,.T.);
#1200 = VERTEX_POINT('',#1201);
#1201 = CARTESIAN_POINT('',(29.870000839233,9.300000190735,
    -0.10000000149));
#1202 = LINE('',#1203,#1204);
#1203 = CARTESIAN_POINT('',(29.870000839233,9.300000190735,
    -0.10000000149));
#1204 = VECTOR('',#1205,1.);
#1205 = DIRECTION('',(1.,0.,0.));
#1206 = ORIENTED_EDGE('',*,*,#1207,.F.);
#1207 = EDGE_CURVE('',#1208,#1200,#1210,.T.);
#1208 = VERTEX_POINT('',#1209);
#1209 = CARTESIAN_POINT('',(29.451885223389,9.278087615967,
    -0.10000000149));
#1210 = LINE('',#1211,#1212);
#1211 = CARTESIAN_POINT('',(29.451885223389,9.278087615967,
    -0.10000000149));
#1212 = VECTOR('',#1213,1.);
#1213 = DIRECTION('',(0.998629526783,5.233610834417E-02,0.));
#1214 = ORIENTED_EDGE('',*,*,#1215,.F.);
#1215 = EDGE_CURVE('',#1216,#1208,#1218,.T.);
#1216 = VERTEX_POINT('',#1217);
#1217 = CARTESIAN_POINT('',(29.038352966309,9.21259021759,-0.10000000149
    ));
#1218 = LINE('',#1219,#1220);
#1219 = CARTESIAN_POINT('',(29.038352966309,9.21259021759,-0.10000000149
    ));
#1220 = VECTOR('',#1221,1.);
#1221 = DIRECTION('',(0.987688221294,0.156435218279,0.));
#1222 = ORIENTED_EDGE('',*,*,#1223,.F.);
#1223 = EDGE_CURVE('',#1224,#1216,#1226,.T.);
#1224 = VERTEX_POINT('',#1225);
#1225 = CARTESIAN_POINT('',(28.633932113647,9.104226112366,
    -0.10000000149));
#1226 = LINE('',#1227,#1228);
#1227 = CARTESIAN_POINT('',(28.633932113647,9.104226112366,
    -0.10000000149));
#1228 = VECTOR('',#1229,1.);
#1229 = DIRECTION('',(0.965925907285,0.258818742821,0.));
#1230 = ORIENTED_EDGE('',*,*,#1231,.F.);
#1231 = EDGE_CURVE('',#1232,#1224,#1234,.T.);
#1232 = VERTEX_POINT('',#1233);
#1233 = CARTESIAN_POINT('',(28.243053436279,8.954181671143,
    -0.10000000149));
#1234 = LINE('',#1235,#1236);
#1235 = CARTESIAN_POINT('',(28.243053436279,8.954181671143,
    -0.10000000149));
#1236 = VECTOR('',#1237,1.);
#1237 = DIRECTION('',(0.933580286723,0.358368313671,0.));
#1238 = ORIENTED_EDGE('',*,*,#1239,.F.);
#1239 = EDGE_CURVE('',#1240,#1232,#1242,.T.);
#1240 = VERTEX_POINT('',#1241);
#1241 = CARTESIAN_POINT('',(27.870000839233,8.764101982117,
    -0.10000000149));
#1242 = LINE('',#1243,#1244);
#1243 = CARTESIAN_POINT('',(27.870000839233,8.764101982117,
    -0.10000000149));
#1244 = VECTOR('',#1245,1.);
#1245 = DIRECTION('',(0.891006623864,0.453990304116,0.));
#1246 = ORIENTED_EDGE('',*,*,#1247,.F.);
#1247 = EDGE_CURVE('',#1248,#1240,#1250,.T.);
#1248 = VERTEX_POINT('',#1249);
#1249 = CARTESIAN_POINT('',(27.518859863281,8.536067962646,
    -0.10000000149));
#1250 = LINE('',#1251,#1252);
#1251 = CARTESIAN_POINT('',(27.518859863281,8.536067962646,
    -0.10000000149));
#1252 = VECTOR('',#1253,1.);
#1253 = DIRECTION('',(0.838670127846,0.544639712708,0.));
#1254 = ORIENTED_EDGE('',*,*,#1255,.F.);
#1255 = EDGE_CURVE('',#1256,#1248,#1258,.T.);
#1256 = VERTEX_POINT('',#1257);
#1257 = CARTESIAN_POINT('',(27.193477630615,8.272579193115,
    -0.10000000149));
#1258 = LINE('',#1259,#1260);
#1259 = CARTESIAN_POINT('',(27.193477630615,8.272579193115,
    -0.10000000149));
#1260 = VECTOR('',#1261,1.);
#1261 = DIRECTION('',(0.77714662397,0.629319572914,0.));
#1262 = ORIENTED_EDGE('',*,*,#1263,.F.);
#1263 = EDGE_CURVE('',#1264,#1256,#1266,.T.);
#1264 = VERTEX_POINT('',#1265);
#1265 = CARTESIAN_POINT('',(26.897420883179,7.976522445679,
    -0.10000000149));
#1266 = LINE('',#1267,#1268);
#1267 = CARTESIAN_POINT('',(26.897420883179,7.976522445679,
    -0.10000000149));
#1268 = VECTOR('',#1269,1.);
#1269 = DIRECTION('',(0.707106781187,0.707106781187,0.));
#1270 = ORIENTED_EDGE('',*,*,#1271,.F.);
#1271 = EDGE_CURVE('',#1272,#1264,#1274,.T.);
#1272 = VERTEX_POINT('',#1273);
#1273 = CARTESIAN_POINT('',(26.633932113647,7.651141166687,
    -0.10000000149));
#1274 = LINE('',#1275,#1276);
#1275 = CARTESIAN_POINT('',(26.633932113647,7.651141166687,
    -0.10000000149));
#1276 = VECTOR('',#1277,1.);
#1277 = DIRECTION('',(0.629320686911,0.777145721874,0.));
#1278 = ORIENTED_EDGE('',*,*,#1279,.F.);
#1279 = EDGE_CURVE('',#1280,#1272,#1282,.T.);
#1280 = VERTEX_POINT('',#1281);
#1281 = CARTESIAN_POINT('',(26.405899047852,7.300000190735,
    -0.10000000149));
#1282 = LINE('',#1283,#1284);
#1283 = CARTESIAN_POINT('',(26.405899047852,7.300000190735,
    -0.10000000149));
#1284 = VECTOR('',#1285,1.);
#1285 = DIRECTION('',(0.544638110595,0.83867116827,0.));
#1286 = ORIENTED_EDGE('',*,*,#1287,.F.);
#1287 = EDGE_CURVE('',#1288,#1280,#1290,.T.);
#1288 = VERTEX_POINT('',#1289);
#1289 = CARTESIAN_POINT('',(26.215818405151,6.926946640015,
    -0.10000000149));
#1290 = LINE('',#1291,#1292);
#1291 = CARTESIAN_POINT('',(26.215818405151,6.926946640015,
    -0.10000000149));
#1292 = VECTOR('',#1293,1.);
#1293 = DIRECTION('',(0.453991191043,0.891006171951,0.));
#1294 = ORIENTED_EDGE('',*,*,#1295,.F.);
#1295 = EDGE_CURVE('',#1296,#1288,#1298,.T.);
#1296 = VERTEX_POINT('',#1297);
#1297 = CARTESIAN_POINT('',(26.065773010254,6.536067962646,
    -0.10000000149));
#1298 = LINE('',#1299,#1300);
#1299 = CARTESIAN_POINT('',(26.065773010254,6.536067962646,
    -0.10000000149));
#1300 = VECTOR('',#1301,1.);
#1301 = DIRECTION('',(0.358370298909,0.933579524658,0.));
#1302 = ORIENTED_EDGE('',*,*,#1303,.F.);
#1303 = EDGE_CURVE('',#1304,#1296,#1306,.T.);
#1304 = VERTEX_POINT('',#1305);
#1305 = CARTESIAN_POINT('',(25.957408905029,6.131646633148,
    -0.10000000149));
#1306 = LINE('',#1307,#1308);
#1307 = CARTESIAN_POINT('',(25.957408905029,6.131646633148,
    -0.10000000149));
#1308 = VECTOR('',#1309,1.);
#1309 = DIRECTION('',(0.2588184581,0.965925983576,0.));
#1310 = ORIENTED_EDGE('',*,*,#1311,.F.);
#1311 = EDGE_CURVE('',#1312,#1304,#1314,.T.);
#1312 = VERTEX_POINT('',#1313);
#1313 = CARTESIAN_POINT('',(25.891912460327,5.718113899231,
    -0.10000000149));
#1314 = LINE('',#1315,#1316);
#1315 = CARTESIAN_POINT('',(25.891912460327,5.718113899231,
    -0.10000000149));
#1316 = VECTOR('',#1317,1.);
#1317 = DIRECTION('',(0.15643282028,0.987688601098,0.));
#1318 = ORIENTED_EDGE('',*,*,#1319,.F.);
#1319 = EDGE_CURVE('',#1320,#1312,#1322,.T.);
#1320 = VERTEX_POINT('',#1321);
#1321 = CARTESIAN_POINT('',(25.870000839233,5.300000190735,
    -0.10000000149));
#1322 = LINE('',#1323,#1324);
#1323 = CARTESIAN_POINT('',(25.870000839233,5.300000190735,
    -0.10000000149));
#1324 = VECTOR('',#1325,1.);
#1325 = DIRECTION('',(5.233407490429E-02,0.99862963335,0.));
#1326 = ORIENTED_EDGE('',*,*,#1327,.F.);
#1327 = EDGE_CURVE('',#1328,#1320,#1330,.T.);
#1328 = VERTEX_POINT('',#1329);
#1329 = CARTESIAN_POINT('',(25.891912460327,4.881886005402,
    -0.10000000149));
#1330 = LINE('',#1331,#1332);
#1331 = CARTESIAN_POINT('',(25.891912460327,4.881886005402,
    -0.10000000149));
#1332 = VECTOR('',#1333,1.);
#1333 = DIRECTION('',(-5.233401538351E-02,0.998629636469,0.));
#1334 = ORIENTED_EDGE('',*,*,#1335,.F.);
#1335 = EDGE_CURVE('',#1336,#1328,#1338,.T.);
#1336 = VERTEX_POINT('',#1337);
#1337 = CARTESIAN_POINT('',(25.957408905029,4.468353271484,
    -0.10000000149));
#1338 = LINE('',#1339,#1340);
#1339 = CARTESIAN_POINT('',(25.957408905029,4.468353271484,
    -0.10000000149));
#1340 = VECTOR('',#1341,1.);
#1341 = DIRECTION('',(-0.15643282028,0.987688601098,0.));
#1342 = ORIENTED_EDGE('',*,*,#1343,.F.);
#1343 = EDGE_CURVE('',#1344,#1336,#1346,.T.);
#1344 = VERTEX_POINT('',#1345);
#1345 = CARTESIAN_POINT('',(26.065773010254,4.063931941986,
    -0.10000000149));
#1346 = LINE('',#1347,#1348);
#1347 = CARTESIAN_POINT('',(26.065773010254,4.063931941986,
    -0.10000000149));
#1348 = VECTOR('',#1349,1.);
#1349 = DIRECTION('',(-0.2588184581,0.965925983576,0.));
#1350 = ORIENTED_EDGE('',*,*,#1351,.F.);
#1351 = EDGE_CURVE('',#1352,#1344,#1354,.T.);
#1352 = VERTEX_POINT('',#1353);
#1353 = CARTESIAN_POINT('',(26.215818405151,3.673053503036,
    -0.10000000149));
#1354 = LINE('',#1355,#1356);
#1355 = CARTESIAN_POINT('',(26.215818405151,3.673053503036,
    -0.10000000149));
#1356 = VECTOR('',#1357,1.);
#1357 = DIRECTION('',(-0.358370489425,0.933579451525,0.));
#1358 = ORIENTED_EDGE('',*,*,#1359,.F.);
#1359 = EDGE_CURVE('',#1360,#1352,#1362,.T.);
#1360 = VERTEX_POINT('',#1361);
#1361 = CARTESIAN_POINT('',(26.405899047852,3.299999952316,
    -0.10000000149));
#1362 = LINE('',#1363,#1364);
#1363 = CARTESIAN_POINT('',(26.405899047852,3.299999952316,
    -0.10000000149));
#1364 = VECTOR('',#1365,1.);
#1365 = DIRECTION('',(-0.453991191043,0.891006171951,0.));
#1366 = ORIENTED_EDGE('',*,*,#1367,.F.);
#1367 = EDGE_CURVE('',#1368,#1360,#1370,.T.);
#1368 = VERTEX_POINT('',#1369);
#1369 = CARTESIAN_POINT('',(26.633932113647,2.948858976364,
    -0.10000000149));
#1370 = LINE('',#1371,#1372);
#1371 = CARTESIAN_POINT('',(26.633932113647,2.948858976364,
    -0.10000000149));
#1372 = VECTOR('',#1373,1.);
#1373 = DIRECTION('',(-0.544638110595,0.83867116827,0.));
#1374 = ORIENTED_EDGE('',*,*,#1375,.F.);
#1375 = EDGE_CURVE('',#1376,#1368,#1378,.T.);
#1376 = VERTEX_POINT('',#1377);
#1377 = CARTESIAN_POINT('',(26.897420883179,2.623477458954,
    -0.10000000149));
#1378 = LINE('',#1379,#1380);
#1379 = CARTESIAN_POINT('',(26.897420883179,2.623477458954,
    -0.10000000149));
#1380 = VECTOR('',#1381,1.);
#1381 = DIRECTION('',(-0.629320408411,0.777145947398,0.));
#1382 = ORIENTED_EDGE('',*,*,#1383,.F.);
#1383 = EDGE_CURVE('',#1384,#1376,#1386,.T.);
#1384 = VERTEX_POINT('',#1385);
#1385 = CARTESIAN_POINT('',(27.193477630615,2.327420711517,
    -0.10000000149));
#1386 = LINE('',#1387,#1388);
#1387 = CARTESIAN_POINT('',(27.193477630615,2.327420711517,
    -0.10000000149));
#1388 = VECTOR('',#1389,1.);
#1389 = DIRECTION('',(-0.707106781187,0.707106781187,0.));
#1390 = ORIENTED_EDGE('',*,*,#1391,.F.);
#1391 = EDGE_CURVE('',#1392,#1384,#1394,.T.);
#1392 = VERTEX_POINT('',#1393);
#1393 = CARTESIAN_POINT('',(27.518859863281,2.063931941986,
    -0.10000000149));
#1394 = LINE('',#1395,#1396);
#1395 = CARTESIAN_POINT('',(27.518859863281,2.063931941986,
    -0.10000000149));
#1396 = VECTOR('',#1397,1.);
#1397 = DIRECTION('',(-0.77714662397,0.629319572914,0.));
#1398 = ORIENTED_EDGE('',*,*,#1399,.F.);
#1399 = EDGE_CURVE('',#1400,#1392,#1402,.T.);
#1400 = VERTEX_POINT('',#1401);
#1401 = CARTESIAN_POINT('',(27.870000839233,1.835898399353,
    -0.10000000149));
#1402 = LINE('',#1403,#1404);
#1403 = CARTESIAN_POINT('',(27.870000839233,1.835898399353,
    -0.10000000149));
#1404 = VECTOR('',#1405,1.);
#1405 = DIRECTION('',(-0.838670648058,0.544638911652,0.));
#1406 = ORIENTED_EDGE('',*,*,#1407,.F.);
#1407 = EDGE_CURVE('',#1408,#1400,#1410,.T.);
#1408 = VERTEX_POINT('',#1409);
#1409 = CARTESIAN_POINT('',(28.243053436279,1.645818114281,
    -0.10000000149));
#1410 = LINE('',#1411,#1412);
#1411 = CARTESIAN_POINT('',(28.243053436279,1.645818114281,
    -0.10000000149));
#1412 = VECTOR('',#1413,1.);
#1413 = DIRECTION('',(-0.891006048001,0.453991434308,0.));
#1414 = ORIENTED_EDGE('',*,*,#1415,.F.);
#1415 = EDGE_CURVE('',#1416,#1408,#1418,.T.);
#1416 = VERTEX_POINT('',#1417);
#1417 = CARTESIAN_POINT('',(28.633932113647,1.495773911476,
    -0.10000000149));
#1418 = LINE('',#1419,#1420);
#1419 = CARTESIAN_POINT('',(28.633932113647,1.495773911476,
    -0.10000000149));
#1420 = VECTOR('',#1421,1.);
#1421 = DIRECTION('',(-0.933580477238,0.35836781736,0.));
#1422 = ORIENTED_EDGE('',*,*,#1423,.F.);
#1423 = EDGE_CURVE('',#1424,#1416,#1426,.T.);
#1424 = VERTEX_POINT('',#1425);
#1425 = CARTESIAN_POINT('',(29.038352966309,1.387409567833,
    -0.10000000149));
#1426 = LINE('',#1427,#1428);
#1427 = CARTESIAN_POINT('',(29.038352966309,1.387409567833,
    -0.10000000149));
#1428 = VECTOR('',#1429,1.);
#1429 = DIRECTION('',(-0.965925764924,0.258819274118,0.));
#1430 = ORIENTED_EDGE('',*,*,#1431,.F.);
#1431 = EDGE_CURVE('',#1432,#1424,#1434,.T.);
#1432 = VERTEX_POINT('',#1433);
#1433 = CARTESIAN_POINT('',(29.451885223389,1.321912407875,
    -0.10000000149));
#1434 = LINE('',#1435,#1436);
#1435 = CARTESIAN_POINT('',(29.451885223389,1.321912407875,
    -0.10000000149));
#1436 = VECTOR('',#1437,1.);
#1437 = DIRECTION('',(-0.987688309278,0.156434662771,0.));
#1438 = ORIENTED_EDGE('',*,*,#1439,.F.);
#1439 = EDGE_CURVE('',#1440,#1432,#1442,.T.);
#1440 = VERTEX_POINT('',#1441);
#1441 = CARTESIAN_POINT('',(29.870000839233,1.299999952316,
    -0.10000000149));
#1442 = LINE('',#1443,#1444);
#1443 = CARTESIAN_POINT('',(29.870000839233,1.299999952316,
    -0.10000000149));
#1444 = VECTOR('',#1445,1.);
#1445 = DIRECTION('',(-0.998629541664,5.233582440394E-02,0.));
#1446 = ORIENTED_EDGE('',*,*,#1447,.F.);
#1447 = EDGE_CURVE('',#1448,#1440,#1450,.T.);
#1448 = VERTEX_POINT('',#1449);
#1449 = CARTESIAN_POINT('',(33.,1.299999952316,-0.10000000149));
#1450 = LINE('',#1451,#1452);
#1451 = CARTESIAN_POINT('',(33.,1.299999952316,-0.10000000149));
#1452 = VECTOR('',#1453,1.);
#1453 = DIRECTION('',(-1.,0.,0.));
#1454 = ORIENTED_EDGE('',*,*,#1455,.T.);
#1455 = EDGE_CURVE('',#1448,#1456,#1458,.T.);
#1456 = VERTEX_POINT('',#1457);
#1457 = CARTESIAN_POINT('',(33.,-13.,-0.10000000149));
#1458 = LINE('',#1459,#1460);
#1459 = CARTESIAN_POINT('',(33.,1.299999952316,-0.10000000149));
#1460 = VECTOR('',#1461,1.);
#1461 = DIRECTION('',(0.,-1.,0.));
#1462 = ORIENTED_EDGE('',*,*,#1463,.T.);
#1463 = EDGE_CURVE('',#1456,#1464,#1466,.T.);
#1464 = VERTEX_POINT('',#1465);
#1465 = CARTESIAN_POINT('',(32.989044189453,-13.20905685424,
    -0.10000000149));
#1466 = LINE('',#1467,#1468);
#1467 = CARTESIAN_POINT('',(33.,-13.,-0.10000000149));
#1468 = VECTOR('',#1469,1.);
#1469 = DIRECTION('',(-5.233407490429E-02,-0.99862963335,0.));
#1470 = ORIENTED_EDGE('',*,*,#1471,.T.);
#1471 = EDGE_CURVE('',#1464,#1472,#1474,.T.);
#1472 = VERTEX_POINT('',#1473);
#1473 = CARTESIAN_POINT('',(32.956295013428,-13.41582298278,
    -0.10000000149));
#1474 = LINE('',#1475,#1476);
#1475 = CARTESIAN_POINT('',(32.989044189453,-13.20905685424,
    -0.10000000149));
#1476 = VECTOR('',#1477,1.);
#1477 = DIRECTION('',(-0.15643744031,-0.987687869354,0.));
#1478 = ORIENTED_EDGE('',*,*,#1479,.T.);
#1479 = EDGE_CURVE('',#1472,#1480,#1482,.T.);
#1480 = VERTEX_POINT('',#1481);
#1481 = CARTESIAN_POINT('',(32.902114868164,-13.61803436279,
    -0.10000000149));
#1482 = LINE('',#1483,#1484);
#1483 = CARTESIAN_POINT('',(32.956295013428,-13.41582298278,
    -0.10000000149));
#1484 = VECTOR('',#1485,1.);
#1485 = DIRECTION('',(-0.258809103178,-0.965928490165,0.));
#1486 = ORIENTED_EDGE('',*,*,#1487,.T.);
#1487 = EDGE_CURVE('',#1480,#1488,#1490,.T.);
#1488 = VERTEX_POINT('',#1489);
#1489 = CARTESIAN_POINT('',(32.827091217041,-13.81347370147,
    -0.10000000149));
#1490 = LINE('',#1491,#1492);
#1491 = CARTESIAN_POINT('',(32.902114868164,-13.61803436279,
    -0.10000000149));
#1492 = VECTOR('',#1493,1.);
#1493 = DIRECTION('',(-0.35837426937,-0.933578000519,0.));
#1494 = ORIENTED_EDGE('',*,*,#1495,.T.);
#1495 = EDGE_CURVE('',#1488,#1496,#1498,.T.);
#1496 = VERTEX_POINT('',#1497);
#1497 = CARTESIAN_POINT('',(32.732051849365,-14.,-0.10000000149));
#1498 = LINE('',#1499,#1500);
#1499 = CARTESIAN_POINT('',(32.827091217041,-13.81347370147,
    -0.10000000149));
#1500 = VECTOR('',#1501,1.);
#1501 = DIRECTION('',(-0.453988495803,-0.891007545242,0.));
#1502 = ORIENTED_EDGE('',*,*,#1503,.T.);
#1503 = EDGE_CURVE('',#1496,#1504,#1506,.T.);
#1504 = VERTEX_POINT('',#1505);
#1505 = CARTESIAN_POINT('',(32.618034362793,-14.17557048797,
    -0.10000000149));
#1506 = LINE('',#1507,#1508);
#1507 = CARTESIAN_POINT('',(32.732051849365,-14.,-0.10000000149));
#1508 = VECTOR('',#1509,1.);
#1509 = DIRECTION('',(-0.544641314814,-0.838669087422,0.));
#1510 = ORIENTED_EDGE('',*,*,#1511,.T.);
#1511 = EDGE_CURVE('',#1504,#1512,#1514,.T.);
#1512 = VERTEX_POINT('',#1513);
#1513 = CARTESIAN_POINT('',(32.486289978027,-14.3382616043,
    -0.10000000149));
#1514 = LINE('',#1515,#1516);
#1515 = CARTESIAN_POINT('',(32.618034362793,-14.17557048797,
    -0.10000000149));
#1516 = VECTOR('',#1517,1.);
#1517 = DIRECTION('',(-0.629319572914,-0.77714662397,0.));
#1518 = ORIENTED_EDGE('',*,*,#1519,.T.);
#1519 = EDGE_CURVE('',#1512,#1520,#1522,.T.);
#1520 = VERTEX_POINT('',#1521);
#1521 = CARTESIAN_POINT('',(32.338260650635,-14.48628997802,
    -0.10000000149));
#1522 = LINE('',#1523,#1524);
#1523 = CARTESIAN_POINT('',(32.486289978027,-14.3382616043,
    -0.10000000149));
#1524 = VECTOR('',#1525,1.);
#1525 = DIRECTION('',(-0.707109058947,-0.707104503419,0.));
#1526 = ORIENTED_EDGE('',*,*,#1527,.T.);
#1527 = EDGE_CURVE('',#1520,#1528,#1530,.T.);
#1528 = VERTEX_POINT('',#1529);
#1529 = CARTESIAN_POINT('',(32.17557144165,-14.61803436279,
    -0.10000000149));
#1530 = LINE('',#1531,#1532);
#1531 = CARTESIAN_POINT('',(32.338260650635,-14.48628997802,
    -0.10000000149));
#1532 = VECTOR('',#1533,1.);
#1533 = DIRECTION('',(-0.777143015556,-0.629324028917,0.));
#1534 = ORIENTED_EDGE('',*,*,#1535,.T.);
#1535 = EDGE_CURVE('',#1528,#1536,#1538,.T.);
#1536 = VERTEX_POINT('',#1537);
#1537 = CARTESIAN_POINT('',(32.,-14.73205089569,-0.10000000149));
#1538 = LINE('',#1539,#1540);
#1539 = CARTESIAN_POINT('',(32.17557144165,-14.61803436279,
    -0.10000000149));
#1540 = VECTOR('',#1541,1.);
#1541 = DIRECTION('',(-0.838672519576,-0.544636029755,0.));
#1542 = ORIENTED_EDGE('',*,*,#1543,.T.);
#1543 = EDGE_CURVE('',#1536,#1544,#1546,.T.);
#1544 = VERTEX_POINT('',#1545);
#1545 = CARTESIAN_POINT('',(31.813472747803,-14.82709121704,
    -0.10000000149));
#1546 = LINE('',#1547,#1548);
#1547 = CARTESIAN_POINT('',(32.,-14.73205089569,-0.10000000149));
#1548 = VECTOR('',#1549,1.);
#1549 = DIRECTION('',(-0.891006641416,-0.453990269667,0.));
#1550 = ORIENTED_EDGE('',*,*,#1551,.T.);
#1551 = EDGE_CURVE('',#1544,#1552,#1554,.T.);
#1552 = VERTEX_POINT('',#1553);
#1553 = CARTESIAN_POINT('',(31.618034362793,-14.90211296081,
    -0.10000000149));
#1554 = LINE('',#1555,#1556);
#1555 = CARTESIAN_POINT('',(31.813472747803,-14.82709121704,
    -0.10000000149));
#1556 = VECTOR('',#1557,1.);
#1557 = DIRECTION('',(-0.933580463729,-0.358367852554,0.));
#1558 = ORIENTED_EDGE('',*,*,#1559,.T.);
#1559 = EDGE_CURVE('',#1552,#1560,#1562,.T.);
#1560 = VERTEX_POINT('',#1561);
#1561 = CARTESIAN_POINT('',(31.415822982788,-14.95629501342,
    -0.10000000149));
#1562 = LINE('',#1563,#1564);
#1563 = CARTESIAN_POINT('',(31.618034362793,-14.90211296081,
    -0.10000000149));
#1564 = VECTOR('',#1565,1.);
#1565 = DIRECTION('',(-0.965926212446,-0.25881760394,0.));
#1566 = ORIENTED_EDGE('',*,*,#1567,.T.);
#1567 = EDGE_CURVE('',#1560,#1568,#1570,.T.);
#1568 = VERTEX_POINT('',#1569);
#1569 = CARTESIAN_POINT('',(31.209056854248,-14.98904418945,
    -0.10000000149));
#1570 = LINE('',#1571,#1572);
#1571 = CARTESIAN_POINT('',(31.415822982788,-14.95629501342,
    -0.10000000149));
#1572 = VECTOR('',#1573,1.);
#1573 = DIRECTION('',(-0.987687869354,-0.15643744031,0.));
#1574 = ORIENTED_EDGE('',*,*,#1575,.T.);
#1575 = EDGE_CURVE('',#1568,#1576,#1578,.T.);
#1576 = VERTEX_POINT('',#1577);
#1577 = CARTESIAN_POINT('',(31.,-15.,-0.10000000149));
#1578 = LINE('',#1579,#1580);
#1579 = CARTESIAN_POINT('',(31.209056854248,-14.98904418945,
    -0.10000000149));
#1580 = VECTOR('',#1581,1.);
#1581 = DIRECTION('',(-0.99862963335,-5.233407490429E-02,0.));
#1582 = ORIENTED_EDGE('',*,*,#1583,.T.);
#1583 = EDGE_CURVE('',#1576,#1584,#1586,.T.);
#1584 = VERTEX_POINT('',#1585);
#1585 = CARTESIAN_POINT('',(-31.,-15.,-0.10000000149));
#1586 = LINE('',#1587,#1588);
#1587 = CARTESIAN_POINT('',(31.,-15.,-0.10000000149));
#1588 = VECTOR('',#1589,1.);
#1589 = DIRECTION('',(-1.,0.,0.));
#1590 = ORIENTED_EDGE('',*,*,#1591,.T.);
#1591 = EDGE_CURVE('',#1584,#1592,#1594,.T.);
#1592 = VERTEX_POINT('',#1593);
#1593 = CARTESIAN_POINT('',(-31.20905685424,-14.98904418945,
    -0.10000000149));
#1594 = LINE('',#1595,#1596);
#1595 = CARTESIAN_POINT('',(-31.,-15.,-0.10000000149));
#1596 = VECTOR('',#1597,1.);
#1597 = DIRECTION('',(-0.99862963335,5.233407490429E-02,0.));
#1598 = ORIENTED_EDGE('',*,*,#1599,.T.);
#1599 = EDGE_CURVE('',#1592,#1600,#1602,.T.);
#1600 = VERTEX_POINT('',#1601);
#1601 = CARTESIAN_POINT('',(-31.41582298278,-14.95629501342,
    -0.10000000149));
#1602 = LINE('',#1603,#1604);
#1603 = CARTESIAN_POINT('',(-31.20905685424,-14.98904418945,
    -0.10000000149));
#1604 = VECTOR('',#1605,1.);
#1605 = DIRECTION('',(-0.987687869354,0.15643744031,0.));
#1606 = ORIENTED_EDGE('',*,*,#1607,.T.);
#1607 = EDGE_CURVE('',#1600,#1608,#1610,.T.);
#1608 = VERTEX_POINT('',#1609);
#1609 = CARTESIAN_POINT('',(-31.61803436279,-14.90211296081,
    -0.10000000149));
#1610 = LINE('',#1611,#1612);
#1611 = CARTESIAN_POINT('',(-31.41582298278,-14.95629501342,
    -0.10000000149));
#1612 = VECTOR('',#1613,1.);
#1613 = DIRECTION('',(-0.965926212446,0.25881760394,0.));
#1614 = ORIENTED_EDGE('',*,*,#1615,.T.);
#1615 = EDGE_CURVE('',#1608,#1616,#1618,.T.);
#1616 = VERTEX_POINT('',#1617);
#1617 = CARTESIAN_POINT('',(-31.8134727478,-14.82709121704,
    -0.10000000149));
#1618 = LINE('',#1619,#1620);
#1619 = CARTESIAN_POINT('',(-31.61803436279,-14.90211296081,
    -0.10000000149));
#1620 = VECTOR('',#1621,1.);
#1621 = DIRECTION('',(-0.933580463729,0.358367852554,0.));
#1622 = ORIENTED_EDGE('',*,*,#1623,.T.);
#1623 = EDGE_CURVE('',#1616,#1624,#1626,.T.);
#1624 = VERTEX_POINT('',#1625);
#1625 = CARTESIAN_POINT('',(-32.,-14.73205089569,-0.10000000149));
#1626 = LINE('',#1627,#1628);
#1627 = CARTESIAN_POINT('',(-31.8134727478,-14.82709121704,
    -0.10000000149));
#1628 = VECTOR('',#1629,1.);
#1629 = DIRECTION('',(-0.891006641416,0.453990269667,0.));
#1630 = ORIENTED_EDGE('',*,*,#1631,.T.);
#1631 = EDGE_CURVE('',#1624,#1632,#1634,.T.);
#1632 = VERTEX_POINT('',#1633);
#1633 = CARTESIAN_POINT('',(-32.17557144165,-14.61803436279,
    -0.10000000149));
#1634 = LINE('',#1635,#1636);
#1635 = CARTESIAN_POINT('',(-32.,-14.73205089569,-0.10000000149));
#1636 = VECTOR('',#1637,1.);
#1637 = DIRECTION('',(-0.838672519576,0.544636029755,0.));
#1638 = ORIENTED_EDGE('',*,*,#1639,.T.);
#1639 = EDGE_CURVE('',#1632,#1640,#1642,.T.);
#1640 = VERTEX_POINT('',#1641);
#1641 = CARTESIAN_POINT('',(-32.33826065063,-14.48628997802,
    -0.10000000149));
#1642 = LINE('',#1643,#1644);
#1643 = CARTESIAN_POINT('',(-32.17557144165,-14.61803436279,
    -0.10000000149));
#1644 = VECTOR('',#1645,1.);
#1645 = DIRECTION('',(-0.777143015556,0.629324028917,0.));
#1646 = ORIENTED_EDGE('',*,*,#1647,.T.);
#1647 = EDGE_CURVE('',#1640,#1648,#1650,.T.);
#1648 = VERTEX_POINT('',#1649);
#1649 = CARTESIAN_POINT('',(-32.48628997802,-14.3382616043,
    -0.10000000149));
#1650 = LINE('',#1651,#1652);
#1651 = CARTESIAN_POINT('',(-32.33826065063,-14.48628997802,
    -0.10000000149));
#1652 = VECTOR('',#1653,1.);
#1653 = DIRECTION('',(-0.707109058947,0.707104503419,0.));
#1654 = ORIENTED_EDGE('',*,*,#1655,.T.);
#1655 = EDGE_CURVE('',#1648,#1656,#1658,.T.);
#1656 = VERTEX_POINT('',#1657);
#1657 = CARTESIAN_POINT('',(-32.61803436279,-14.17557048797,
    -0.10000000149));
#1658 = LINE('',#1659,#1660);
#1659 = CARTESIAN_POINT('',(-32.48628997802,-14.3382616043,
    -0.10000000149));
#1660 = VECTOR('',#1661,1.);
#1661 = DIRECTION('',(-0.629319572914,0.77714662397,0.));
#1662 = ORIENTED_EDGE('',*,*,#1663,.T.);
#1663 = EDGE_CURVE('',#1656,#1664,#1666,.T.);
#1664 = VERTEX_POINT('',#1665);
#1665 = CARTESIAN_POINT('',(-32.73205184936,-14.,-0.10000000149));
#1666 = LINE('',#1667,#1668);
#1667 = CARTESIAN_POINT('',(-32.61803436279,-14.17557048797,
    -0.10000000149));
#1668 = VECTOR('',#1669,1.);
#1669 = DIRECTION('',(-0.544641314814,0.838669087422,0.));
#1670 = ORIENTED_EDGE('',*,*,#1671,.T.);
#1671 = EDGE_CURVE('',#1664,#1672,#1674,.T.);
#1672 = VERTEX_POINT('',#1673);
#1673 = CARTESIAN_POINT('',(-32.82709121704,-13.81347370147,
    -0.10000000149));
#1674 = LINE('',#1675,#1676);
#1675 = CARTESIAN_POINT('',(-32.73205184936,-14.,-0.10000000149));
#1676 = VECTOR('',#1677,1.);
#1677 = DIRECTION('',(-0.453988495803,0.891007545242,0.));
#1678 = ORIENTED_EDGE('',*,*,#1679,.T.);
#1679 = EDGE_CURVE('',#1672,#1680,#1682,.T.);
#1680 = VERTEX_POINT('',#1681);
#1681 = CARTESIAN_POINT('',(-32.90211486816,-13.61803436279,
    -0.10000000149));
#1682 = LINE('',#1683,#1684);
#1683 = CARTESIAN_POINT('',(-32.82709121704,-13.81347370147,
    -0.10000000149));
#1684 = VECTOR('',#1685,1.);
#1685 = DIRECTION('',(-0.35837426937,0.933578000519,0.));
#1686 = ORIENTED_EDGE('',*,*,#1687,.T.);
#1687 = EDGE_CURVE('',#1680,#1688,#1690,.T.);
#1688 = VERTEX_POINT('',#1689);
#1689 = CARTESIAN_POINT('',(-32.95629501342,-13.41582298278,
    -0.10000000149));
#1690 = LINE('',#1691,#1692);
#1691 = CARTESIAN_POINT('',(-32.90211486816,-13.61803436279,
    -0.10000000149));
#1692 = VECTOR('',#1693,1.);
#1693 = DIRECTION('',(-0.258809103178,0.965928490165,0.));
#1694 = ORIENTED_EDGE('',*,*,#1695,.T.);
#1695 = EDGE_CURVE('',#1688,#1696,#1698,.T.);
#1696 = VERTEX_POINT('',#1697);
#1697 = CARTESIAN_POINT('',(-32.98904418945,-13.20905685424,
    -0.10000000149));
#1698 = LINE('',#1699,#1700);
#1699 = CARTESIAN_POINT('',(-32.95629501342,-13.41582298278,
    -0.10000000149));
#1700 = VECTOR('',#1701,1.);
#1701 = DIRECTION('',(-0.15643744031,0.987687869354,0.));
#1702 = ORIENTED_EDGE('',*,*,#1703,.T.);
#1703 = EDGE_CURVE('',#1696,#1704,#1706,.T.);
#1704 = VERTEX_POINT('',#1705);
#1705 = CARTESIAN_POINT('',(-33.,-13.,-0.10000000149));
#1706 = LINE('',#1707,#1708);
#1707 = CARTESIAN_POINT('',(-32.98904418945,-13.20905685424,
    -0.10000000149));
#1708 = VECTOR('',#1709,1.);
#1709 = DIRECTION('',(-5.233407490429E-02,0.99862963335,0.));
#1710 = ORIENTED_EDGE('',*,*,#1711,.T.);
#1711 = EDGE_CURVE('',#1704,#920,#1712,.T.);
#1712 = LINE('',#1713,#1714);
#1713 = CARTESIAN_POINT('',(-33.,-13.,-0.10000000149));
#1714 = VECTOR('',#1715,1.);
#1715 = DIRECTION('',(0.,1.,0.));
#1716 = FACE_BOUND('',#1717,.T.);
#1717 = EDGE_LOOP('',(#1718,#1728,#1736,#1744,#1752,#1760,#1768,#1776,
    #1784,#1792,#1800,#1808,#1816,#1824,#1832,#1840,#1848,#1856,#1864,
    #1872,#1880,#1888,#1896,#1904,#1912,#1920,#1928,#1936,#1944,#1952,
    #1960,#1968,#1976,#1984,#1992,#2000,#2008,#2016,#2024,#2032,#2040,
    #2048,#2056,#2064,#2072,#2080,#2088,#2096,#2104,#2112,#2120,#2128,
    #2136,#2144,#2152,#2160,#2168,#2176,#2184,#2192));
#1718 = ORIENTED_EDGE('',*,*,#1719,.T.);
#1719 = EDGE_CURVE('',#1720,#1722,#1724,.T.);
#1720 = VERTEX_POINT('',#1721);
#1721 = CARTESIAN_POINT('',(-29.87000083923,3.731818199158,
    -0.10000000149));
#1722 = VERTEX_POINT('',#1723);
#1723 = CARTESIAN_POINT('',(-30.03392028808,3.7404088974,-0.10000000149)
  );
#1724 = LINE('',#1725,#1726);
#1725 = CARTESIAN_POINT('',(-29.87000083923,3.731818199158,
    -0.10000000149));
#1726 = VECTOR('',#1727,1.);
#1727 = DIRECTION('',(-0.998629520762,5.233622324049E-02,0.));
#1728 = ORIENTED_EDGE('',*,*,#1729,.T.);
#1729 = EDGE_CURVE('',#1722,#1730,#1732,.T.);
#1730 = VERTEX_POINT('',#1731);
#1731 = CARTESIAN_POINT('',(-30.19604301452,3.766086816788,
    -0.10000000149));
#1732 = LINE('',#1733,#1734);
#1733 = CARTESIAN_POINT('',(-30.03392028808,3.7404088974,-0.10000000149)
  );
#1734 = VECTOR('',#1735,1.);
#1735 = DIRECTION('',(-0.987688150361,0.156435666128,0.));
#1736 = ORIENTED_EDGE('',*,*,#1737,.T.);
#1737 = EDGE_CURVE('',#1730,#1738,#1740,.T.);
#1738 = VERTEX_POINT('',#1739);
#1739 = CARTESIAN_POINT('',(-30.35459518432,3.808570384979,
    -0.10000000149));
#1740 = LINE('',#1741,#1742);
#1741 = CARTESIAN_POINT('',(-30.19604301452,3.766086816788,
    -0.10000000149));
#1742 = VECTOR('',#1743,1.);
#1743 = DIRECTION('',(-0.965926371025,0.258817012112,0.));
#1744 = ORIENTED_EDGE('',*,*,#1745,.T.);
#1745 = EDGE_CURVE('',#1738,#1746,#1748,.T.);
#1746 = VERTEX_POINT('',#1747);
#1747 = CARTESIAN_POINT('',(-30.50783729553,3.867394685745,
    -0.10000000149));
#1748 = LINE('',#1749,#1750);
#1749 = CARTESIAN_POINT('',(-30.35459518432,3.808570384979,
    -0.10000000149));
#1750 = VECTOR('',#1751,1.);
#1751 = DIRECTION('',(-0.933580088922,0.358368828958,0.));
#1752 = ORIENTED_EDGE('',*,*,#1753,.T.);
#1753 = EDGE_CURVE('',#1746,#1754,#1756,.T.);
#1754 = VERTEX_POINT('',#1755);
#1755 = CARTESIAN_POINT('',(-30.65409088134,3.941914796829,
    -0.10000000149));
#1756 = LINE('',#1757,#1758);
#1757 = CARTESIAN_POINT('',(-30.50783729553,3.867394685745,
    -0.10000000149));
#1758 = VECTOR('',#1759,1.);
#1759 = DIRECTION('',(-0.891006063278,0.453991404326,0.));
#1760 = ORIENTED_EDGE('',*,*,#1761,.T.);
#1761 = EDGE_CURVE('',#1754,#1762,#1764,.T.);
#1762 = VERTEX_POINT('',#1763);
#1763 = CARTESIAN_POINT('',(-30.79175376892,4.031314373016,
    -0.10000000149));
#1764 = LINE('',#1765,#1766);
#1765 = CARTESIAN_POINT('',(-30.65409088134,3.941914796829,
    -0.10000000149));
#1766 = VECTOR('',#1767,1.);
#1767 = DIRECTION('',(-0.838669867539,0.544640113545,0.));
#1768 = ORIENTED_EDGE('',*,*,#1769,.T.);
#1769 = EDGE_CURVE('',#1762,#1770,#1772,.T.);
#1770 = VERTEX_POINT('',#1771);
#1771 = CARTESIAN_POINT('',(-30.91931915283,4.134613990784,
    -0.10000000149));
#1772 = LINE('',#1773,#1774);
#1773 = CARTESIAN_POINT('',(-30.79175376892,4.031314373016,
    -0.10000000149));
#1774 = VECTOR('',#1775,1.);
#1775 = DIRECTION('',(-0.777148325137,0.629317472137,0.));
#1776 = ORIENTED_EDGE('',*,*,#1777,.T.);
#1777 = EDGE_CURVE('',#1770,#1778,#1780,.T.);
#1778 = VERTEX_POINT('',#1779);
#1779 = CARTESIAN_POINT('',(-31.03538703918,4.250681400299,
    -0.10000000149));
#1780 = LINE('',#1781,#1782);
#1781 = CARTESIAN_POINT('',(-30.91931915283,4.134613990784,
    -0.10000000149));
#1782 = VECTOR('',#1783,1.);
#1783 = DIRECTION('',(-0.707108233678,0.707105328693,0.));
#1784 = ORIENTED_EDGE('',*,*,#1785,.T.);
#1785 = EDGE_CURVE('',#1778,#1786,#1788,.T.);
#1786 = VERTEX_POINT('',#1787);
#1787 = CARTESIAN_POINT('',(-31.13868522644,4.378245830536,
    -0.10000000149));
#1788 = LINE('',#1789,#1790);
#1789 = CARTESIAN_POINT('',(-31.03538703918,4.250681400299,
    -0.10000000149));
#1790 = VECTOR('',#1791,1.);
#1791 = DIRECTION('',(-0.629315050145,0.777150286406,0.));
#1792 = ORIENTED_EDGE('',*,*,#1793,.T.);
#1793 = EDGE_CURVE('',#1786,#1794,#1796,.T.);
#1794 = VERTEX_POINT('',#1795);
#1795 = CARTESIAN_POINT('',(-31.2280845642,4.515909194946,-0.10000000149
    ));
#1796 = LINE('',#1797,#1798);
#1797 = CARTESIAN_POINT('',(-31.13868522644,4.378245830536,
    -0.10000000149));
#1798 = VECTOR('',#1799,1.);
#1799 = DIRECTION('',(-0.54463776499,0.838671392708,0.));
#1800 = ORIENTED_EDGE('',*,*,#1801,.T.);
#1801 = EDGE_CURVE('',#1794,#1802,#1804,.T.);
#1802 = VERTEX_POINT('',#1803);
#1803 = CARTESIAN_POINT('',(-31.30260467529,4.662162780762,
    -0.10000000149));
#1804 = LINE('',#1805,#1806);
#1805 = CARTESIAN_POINT('',(-31.2280845642,4.515909194946,-0.10000000149
    ));
#1806 = VECTOR('',#1807,1.);
#1807 = DIRECTION('',(-0.453991404326,0.891006063278,0.));
#1808 = ORIENTED_EDGE('',*,*,#1809,.T.);
#1809 = EDGE_CURVE('',#1802,#1810,#1812,.T.);
#1810 = VERTEX_POINT('',#1811);
#1811 = CARTESIAN_POINT('',(-31.36142921447,4.815405368805,
    -0.10000000149));
#1812 = LINE('',#1813,#1814);
#1813 = CARTESIAN_POINT('',(-31.30260467529,4.662162780762,
    -0.10000000149));
#1814 = VECTOR('',#1815,1.);
#1815 = DIRECTION('',(-0.358369122999,0.93357997605,0.));
#1816 = ORIENTED_EDGE('',*,*,#1817,.T.);
#1817 = EDGE_CURVE('',#1810,#1818,#1820,.T.);
#1818 = VERTEX_POINT('',#1819);
#1819 = CARTESIAN_POINT('',(-31.40391349792,4.97395658493,-0.10000000149
    ));
#1820 = LINE('',#1821,#1822);
#1821 = CARTESIAN_POINT('',(-31.36142921447,4.815405368805,
    -0.10000000149));
#1822 = VECTOR('',#1823,1.);
#1823 = DIRECTION('',(-0.258822530176,0.96592489246,0.));
#1824 = ORIENTED_EDGE('',*,*,#1825,.T.);
#1825 = EDGE_CURVE('',#1818,#1826,#1828,.T.);
#1826 = VERTEX_POINT('',#1827);
#1827 = CARTESIAN_POINT('',(-31.42959022522,5.136080265045,
    -0.10000000149));
#1828 = LINE('',#1829,#1830);
#1829 = CARTESIAN_POINT('',(-31.40391349792,4.97395658493,-0.10000000149
    ));
#1830 = VECTOR('',#1831,1.);
#1831 = DIRECTION('',(-0.15642768369,0.987689414632,0.));
#1832 = ORIENTED_EDGE('',*,*,#1833,.T.);
#1833 = EDGE_CURVE('',#1826,#1834,#1836,.T.);
#1834 = VERTEX_POINT('',#1835);
#1835 = CARTESIAN_POINT('',(-31.43818092346,5.300000190735,
    -0.10000000149));
#1836 = LINE('',#1837,#1838);
#1837 = CARTESIAN_POINT('',(-31.42959022522,5.136080265045,
    -0.10000000149));
#1838 = VECTOR('',#1839,1.);
#1839 = DIRECTION('',(-5.233607141331E-02,0.998629528719,0.));
#1840 = ORIENTED_EDGE('',*,*,#1841,.T.);
#1841 = EDGE_CURVE('',#1834,#1842,#1844,.T.);
#1842 = VERTEX_POINT('',#1843);
#1843 = CARTESIAN_POINT('',(-31.42959022522,5.463919639587,
    -0.10000000149));
#1844 = LINE('',#1845,#1846);
#1845 = CARTESIAN_POINT('',(-31.43818092346,5.300000190735,
    -0.10000000149));
#1846 = VECTOR('',#1847,1.);
#1847 = DIRECTION('',(5.233622324049E-02,0.998629520762,0.));
#1848 = ORIENTED_EDGE('',*,*,#1849,.T.);
#1849 = EDGE_CURVE('',#1842,#1850,#1852,.T.);
#1850 = VERTEX_POINT('',#1851);
#1851 = CARTESIAN_POINT('',(-31.40391349792,5.626043319702,
    -0.10000000149));
#1852 = LINE('',#1853,#1854);
#1853 = CARTESIAN_POINT('',(-31.42959022522,5.463919639587,
    -0.10000000149));
#1854 = VECTOR('',#1855,1.);
#1855 = DIRECTION('',(0.15642768369,0.987689414632,0.));
#1856 = ORIENTED_EDGE('',*,*,#1857,.T.);
#1857 = EDGE_CURVE('',#1850,#1858,#1860,.T.);
#1858 = VERTEX_POINT('',#1859);
#1859 = CARTESIAN_POINT('',(-31.36142921447,5.784595012665,
    -0.10000000149));
#1860 = LINE('',#1861,#1862);
#1861 = CARTESIAN_POINT('',(-31.40391349792,5.626043319702,
    -0.10000000149));
#1862 = VECTOR('',#1863,1.);
#1863 = DIRECTION('',(0.258821803922,0.965925087061,0.));
#1864 = ORIENTED_EDGE('',*,*,#1865,.T.);
#1865 = EDGE_CURVE('',#1858,#1866,#1868,.T.);
#1866 = VERTEX_POINT('',#1867);
#1867 = CARTESIAN_POINT('',(-31.30260467529,5.937837123871,
    -0.10000000149));
#1868 = LINE('',#1869,#1870);
#1869 = CARTESIAN_POINT('',(-31.36142921447,5.784595012665,
    -0.10000000149));
#1870 = VECTOR('',#1871,1.);
#1871 = DIRECTION('',(0.358370094907,0.933579602967,0.));
#1872 = ORIENTED_EDGE('',*,*,#1873,.T.);
#1873 = EDGE_CURVE('',#1866,#1874,#1876,.T.);
#1874 = VERTEX_POINT('',#1875);
#1875 = CARTESIAN_POINT('',(-31.2280845642,6.084090709686,-0.10000000149
    ));
#1876 = LINE('',#1877,#1878);
#1877 = CARTESIAN_POINT('',(-31.30260467529,5.937837123871,
    -0.10000000149));
#1878 = VECTOR('',#1879,1.);
#1879 = DIRECTION('',(0.453991404326,0.891006063278,0.));
#1880 = ORIENTED_EDGE('',*,*,#1881,.T.);
#1881 = EDGE_CURVE('',#1874,#1882,#1884,.T.);
#1882 = VERTEX_POINT('',#1883);
#1883 = CARTESIAN_POINT('',(-31.13868522644,6.221754074097,
    -0.10000000149));
#1884 = LINE('',#1885,#1886);
#1885 = CARTESIAN_POINT('',(-31.2280845642,6.084090709686,-0.10000000149
    ));
#1886 = VECTOR('',#1887,1.);
#1887 = DIRECTION('',(0.54463776499,0.838671392708,0.));
#1888 = ORIENTED_EDGE('',*,*,#1889,.T.);
#1889 = EDGE_CURVE('',#1882,#1890,#1892,.T.);
#1890 = VERTEX_POINT('',#1891);
#1891 = CARTESIAN_POINT('',(-31.03538703918,6.349318504333,
    -0.10000000149));
#1892 = LINE('',#1893,#1894);
#1893 = CARTESIAN_POINT('',(-31.13868522644,6.221754074097,
    -0.10000000149));
#1894 = VECTOR('',#1895,1.);
#1895 = DIRECTION('',(0.629315050145,0.777150286406,0.));
#1896 = ORIENTED_EDGE('',*,*,#1897,.T.);
#1897 = EDGE_CURVE('',#1890,#1898,#1900,.T.);
#1898 = VERTEX_POINT('',#1899);
#1899 = CARTESIAN_POINT('',(-30.91931915283,6.465386390686,
    -0.10000000149));
#1900 = LINE('',#1901,#1902);
#1901 = CARTESIAN_POINT('',(-31.03538703918,6.349318504333,
    -0.10000000149));
#1902 = VECTOR('',#1903,1.);
#1903 = DIRECTION('',(0.707106781187,0.707106781187,0.));
#1904 = ORIENTED_EDGE('',*,*,#1905,.T.);
#1905 = EDGE_CURVE('',#1898,#1906,#1908,.T.);
#1906 = VERTEX_POINT('',#1907);
#1907 = CARTESIAN_POINT('',(-30.79175376892,6.568685531616,
    -0.10000000149));
#1908 = LINE('',#1909,#1910);
#1909 = CARTESIAN_POINT('',(-30.91931915283,6.465386390686,
    -0.10000000149));
#1910 = VECTOR('',#1911,1.);
#1911 = DIRECTION('',(0.777149745878,0.62931571765,0.));
#1912 = ORIENTED_EDGE('',*,*,#1913,.T.);
#1913 = EDGE_CURVE('',#1906,#1914,#1916,.T.);
#1914 = VERTEX_POINT('',#1915);
#1915 = CARTESIAN_POINT('',(-30.65409088134,6.658085346222,
    -0.10000000149));
#1916 = LINE('',#1917,#1918);
#1917 = CARTESIAN_POINT('',(-30.79175376892,6.568685531616,
    -0.10000000149));
#1918 = VECTOR('',#1919,1.);
#1919 = DIRECTION('',(0.838669204078,0.544641135181,0.));
#1920 = ORIENTED_EDGE('',*,*,#1921,.T.);
#1921 = EDGE_CURVE('',#1914,#1922,#1924,.T.);
#1922 = VERTEX_POINT('',#1923);
#1923 = CARTESIAN_POINT('',(-30.50783729553,6.732605457306,
    -0.10000000149));
#1924 = LINE('',#1925,#1926);
#1925 = CARTESIAN_POINT('',(-30.65409088134,6.658085346222,
    -0.10000000149));
#1926 = VECTOR('',#1927,1.);
#1927 = DIRECTION('',(0.891006063278,0.453991404326,0.));
#1928 = ORIENTED_EDGE('',*,*,#1929,.T.);
#1929 = EDGE_CURVE('',#1922,#1930,#1932,.T.);
#1930 = VERTEX_POINT('',#1931);
#1931 = CARTESIAN_POINT('',(-30.35459518432,6.791429519653,
    -0.10000000149));
#1932 = LINE('',#1933,#1934);
#1933 = CARTESIAN_POINT('',(-30.50783729553,6.732605457306,
    -0.10000000149));
#1934 = VECTOR('',#1935,1.);
#1935 = DIRECTION('',(0.933580574876,0.358367563006,0.));
#1936 = ORIENTED_EDGE('',*,*,#1937,.T.);
#1937 = EDGE_CURVE('',#1930,#1938,#1940,.T.);
#1938 = VERTEX_POINT('',#1939);
#1939 = CARTESIAN_POINT('',(-30.19604301452,6.833913326263,
    -0.10000000149));
#1940 = LINE('',#1941,#1942);
#1941 = CARTESIAN_POINT('',(-30.35459518432,6.791429519653,
    -0.10000000149));
#1942 = VECTOR('',#1943,1.);
#1943 = DIRECTION('',(0.965926007905,0.2588183673,0.));
#1944 = ORIENTED_EDGE('',*,*,#1945,.T.);
#1945 = EDGE_CURVE('',#1938,#1946,#1948,.T.);
#1946 = VERTEX_POINT('',#1947);
#1947 = CARTESIAN_POINT('',(-30.03392028808,6.859591007233,
    -0.10000000149));
#1948 = LINE('',#1949,#1950);
#1949 = CARTESIAN_POINT('',(-30.19604301452,6.833913326263,
    -0.10000000149));
#1950 = VECTOR('',#1951,1.);
#1951 = DIRECTION('',(0.987688374785,0.156434249174,0.));
#1952 = ORIENTED_EDGE('',*,*,#1953,.T.);
#1953 = EDGE_CURVE('',#1946,#1954,#1956,.T.);
#1954 = VERTEX_POINT('',#1955);
#1955 = CARTESIAN_POINT('',(-29.87000083923,6.868181705475,
    -0.10000000149));
#1956 = LINE('',#1957,#1958);
#1957 = CARTESIAN_POINT('',(-30.03392028808,6.859591007233,
    -0.10000000149));
#1958 = VECTOR('',#1959,1.);
#1959 = DIRECTION('',(0.998629520762,5.233622324049E-02,0.));
#1960 = ORIENTED_EDGE('',*,*,#1961,.T.);
#1961 = EDGE_CURVE('',#1954,#1962,#1964,.T.);
#1962 = VERTEX_POINT('',#1963);
#1963 = CARTESIAN_POINT('',(-29.70607948303,6.859591007233,
    -0.10000000149));
#1964 = LINE('',#1965,#1966);
#1965 = CARTESIAN_POINT('',(-29.87000083923,6.868181705475,
    -0.10000000149));
#1966 = VECTOR('',#1967,1.);
#1967 = DIRECTION('',(0.998629552589,-5.233561593705E-02,0.));
#1968 = ORIENTED_EDGE('',*,*,#1969,.T.);
#1969 = EDGE_CURVE('',#1962,#1970,#1972,.T.);
#1970 = VERTEX_POINT('',#1971);
#1971 = CARTESIAN_POINT('',(-29.54395675659,6.833913326263,
    -0.10000000149));
#1972 = LINE('',#1973,#1974);
#1973 = CARTESIAN_POINT('',(-29.70607948303,6.859591007233,
    -0.10000000149));
#1974 = VECTOR('',#1975,1.);
#1975 = DIRECTION('',(0.987688374785,-0.156434249174,0.));
#1976 = ORIENTED_EDGE('',*,*,#1977,.T.);
#1977 = EDGE_CURVE('',#1970,#1978,#1980,.T.);
#1978 = VERTEX_POINT('',#1979);
#1979 = CARTESIAN_POINT('',(-29.38540458679,6.791429519653,
    -0.10000000149));
#1980 = LINE('',#1981,#1982);
#1981 = CARTESIAN_POINT('',(-29.54395675659,6.833913326263,
    -0.10000000149));
#1982 = VECTOR('',#1983,1.);
#1983 = DIRECTION('',(0.965926007905,-0.2588183673,0.));
#1984 = ORIENTED_EDGE('',*,*,#1985,.T.);
#1985 = EDGE_CURVE('',#1978,#1986,#1988,.T.);
#1986 = VERTEX_POINT('',#1987);
#1987 = CARTESIAN_POINT('',(-29.23216247558,6.732605457306,
    -0.10000000149));
#1988 = LINE('',#1989,#1990);
#1989 = CARTESIAN_POINT('',(-29.38540458679,6.791429519653,
    -0.10000000149));
#1990 = VECTOR('',#1991,1.);
#1991 = DIRECTION('',(0.933580574876,-0.358367563006,0.));
#1992 = ORIENTED_EDGE('',*,*,#1993,.T.);
#1993 = EDGE_CURVE('',#1986,#1994,#1996,.T.);
#1994 = VERTEX_POINT('',#1995);
#1995 = CARTESIAN_POINT('',(-29.08590888977,6.658085346222,
    -0.10000000149));
#1996 = LINE('',#1997,#1998);
#1997 = CARTESIAN_POINT('',(-29.23216247558,6.732605457306,
    -0.10000000149));
#1998 = VECTOR('',#1999,1.);
#1999 = DIRECTION('',(0.891006063278,-0.453991404326,0.));
#2000 = ORIENTED_EDGE('',*,*,#2001,.T.);
#2001 = EDGE_CURVE('',#1994,#2002,#2004,.T.);
#2002 = VERTEX_POINT('',#2003);
#2003 = CARTESIAN_POINT('',(-28.94824600219,6.568685531616,
    -0.10000000149));
#2004 = LINE('',#2005,#2006);
#2005 = CARTESIAN_POINT('',(-29.08590888977,6.658085346222,
    -0.10000000149));
#2006 = VECTOR('',#2007,1.);
#2007 = DIRECTION('',(0.838669204078,-0.544641135181,0.));
#2008 = ORIENTED_EDGE('',*,*,#2009,.T.);
#2009 = EDGE_CURVE('',#2002,#2010,#2012,.T.);
#2010 = VERTEX_POINT('',#2011);
#2011 = CARTESIAN_POINT('',(-28.82068061828,6.465386390686,
    -0.10000000149));
#2012 = LINE('',#2013,#2014);
#2013 = CARTESIAN_POINT('',(-28.94824600219,6.568685531616,
    -0.10000000149));
#2014 = VECTOR('',#2015,1.);
#2015 = DIRECTION('',(0.777149745878,-0.62931571765,0.));
#2016 = ORIENTED_EDGE('',*,*,#2017,.T.);
#2017 = EDGE_CURVE('',#2010,#2018,#2020,.T.);
#2018 = VERTEX_POINT('',#2019);
#2019 = CARTESIAN_POINT('',(-28.70461463928,6.349318504333,
    -0.10000000149));
#2020 = LINE('',#2021,#2022);
#2021 = CARTESIAN_POINT('',(-28.82068061828,6.465386390686,
    -0.10000000149));
#2022 = VECTOR('',#2023,1.);
#2023 = DIRECTION('',(0.707100971157,-0.707112591169,0.));
#2024 = ORIENTED_EDGE('',*,*,#2025,.T.);
#2025 = EDGE_CURVE('',#2018,#2026,#2028,.T.);
#2026 = VERTEX_POINT('',#2027);
#2027 = CARTESIAN_POINT('',(-28.60131454467,6.221754074097,
    -0.10000000149));
#2028 = LINE('',#2029,#2030);
#2029 = CARTESIAN_POINT('',(-28.70461463928,6.349318504333,
    -0.10000000149));
#2030 = VECTOR('',#2031,1.);
#2031 = DIRECTION('',(0.629322068103,-0.777144603403,0.));
#2032 = ORIENTED_EDGE('',*,*,#2033,.T.);
#2033 = EDGE_CURVE('',#2026,#2034,#2036,.T.);
#2034 = VERTEX_POINT('',#2035);
#2035 = CARTESIAN_POINT('',(-28.5119152069,6.084090709686,-0.10000000149
    ));
#2036 = LINE('',#2037,#2038);
#2037 = CARTESIAN_POINT('',(-28.60131454467,6.221754074097,
    -0.10000000149));
#2038 = VECTOR('',#2039,1.);
#2039 = DIRECTION('',(0.54463776499,-0.838671392708,0.));
#2040 = ORIENTED_EDGE('',*,*,#2041,.T.);
#2041 = EDGE_CURVE('',#2034,#2042,#2044,.T.);
#2042 = VERTEX_POINT('',#2043);
#2043 = CARTESIAN_POINT('',(-28.43739509582,5.937837123871,
    -0.10000000149));
#2044 = LINE('',#2045,#2046);
#2045 = CARTESIAN_POINT('',(-28.5119152069,6.084090709686,-0.10000000149
    ));
#2046 = VECTOR('',#2047,1.);
#2047 = DIRECTION('',(0.453991404326,-0.891006063278,0.));
#2048 = ORIENTED_EDGE('',*,*,#2049,.T.);
#2049 = EDGE_CURVE('',#2042,#2050,#2052,.T.);
#2050 = VERTEX_POINT('',#2051);
#2051 = CARTESIAN_POINT('',(-28.37857055664,5.784595012665,
    -0.10000000149));
#2052 = LINE('',#2053,#2054);
#2053 = CARTESIAN_POINT('',(-28.43739509582,5.937837123871,
    -0.10000000149));
#2054 = VECTOR('',#2055,1.);
#2055 = DIRECTION('',(0.358370094907,-0.933579602967,0.));
#2056 = ORIENTED_EDGE('',*,*,#2057,.T.);
#2057 = EDGE_CURVE('',#2050,#2058,#2060,.T.);
#2058 = VERTEX_POINT('',#2059);
#2059 = CARTESIAN_POINT('',(-28.33608627319,5.626043319702,
    -0.10000000149));
#2060 = LINE('',#2061,#2062);
#2061 = CARTESIAN_POINT('',(-28.37857055664,5.784595012665,
    -0.10000000149));
#2062 = VECTOR('',#2063,1.);
#2063 = DIRECTION('',(0.258821803922,-0.965925087061,0.));
#2064 = ORIENTED_EDGE('',*,*,#2065,.T.);
#2065 = EDGE_CURVE('',#2058,#2066,#2068,.T.);
#2066 = VERTEX_POINT('',#2067);
#2067 = CARTESIAN_POINT('',(-28.31040954589,5.463919639587,
    -0.10000000149));
#2068 = LINE('',#2069,#2070);
#2069 = CARTESIAN_POINT('',(-28.33608627319,5.626043319702,
    -0.10000000149));
#2070 = VECTOR('',#2071,1.);
#2071 = DIRECTION('',(0.15642768369,-0.987689414632,0.));
#2072 = ORIENTED_EDGE('',*,*,#2073,.T.);
#2073 = EDGE_CURVE('',#2066,#2074,#2076,.T.);
#2074 = VERTEX_POINT('',#2075);
#2075 = CARTESIAN_POINT('',(-28.30181884765,5.300000190735,
    -0.10000000149));
#2076 = LINE('',#2077,#2078);
#2077 = CARTESIAN_POINT('',(-28.31040954589,5.463919639587,
    -0.10000000149));
#2078 = VECTOR('',#2079,1.);
#2079 = DIRECTION('',(5.233622324049E-02,-0.998629520762,0.));
#2080 = ORIENTED_EDGE('',*,*,#2081,.T.);
#2081 = EDGE_CURVE('',#2074,#2082,#2084,.T.);
#2082 = VERTEX_POINT('',#2083);
#2083 = CARTESIAN_POINT('',(-28.31040954589,5.136080265045,
    -0.10000000149));
#2084 = LINE('',#2085,#2086);
#2085 = CARTESIAN_POINT('',(-28.30181884765,5.300000190735,
    -0.10000000149));
#2086 = VECTOR('',#2087,1.);
#2087 = DIRECTION('',(-5.233607141331E-02,-0.998629528719,0.));
#2088 = ORIENTED_EDGE('',*,*,#2089,.T.);
#2089 = EDGE_CURVE('',#2082,#2090,#2092,.T.);
#2090 = VERTEX_POINT('',#2091);
#2091 = CARTESIAN_POINT('',(-28.33608627319,4.97395658493,-0.10000000149
    ));
#2092 = LINE('',#2093,#2094);
#2093 = CARTESIAN_POINT('',(-28.31040954589,5.136080265045,
    -0.10000000149));
#2094 = VECTOR('',#2095,1.);
#2095 = DIRECTION('',(-0.15642768369,-0.987689414632,0.));
#2096 = ORIENTED_EDGE('',*,*,#2097,.T.);
#2097 = EDGE_CURVE('',#2090,#2098,#2100,.T.);
#2098 = VERTEX_POINT('',#2099);
#2099 = CARTESIAN_POINT('',(-28.37857055664,4.815405368805,
    -0.10000000149));
#2100 = LINE('',#2101,#2102);
#2101 = CARTESIAN_POINT('',(-28.33608627319,4.97395658493,-0.10000000149
    ));
#2102 = VECTOR('',#2103,1.);
#2103 = DIRECTION('',(-0.258822530176,-0.96592489246,0.));
#2104 = ORIENTED_EDGE('',*,*,#2105,.T.);
#2105 = EDGE_CURVE('',#2098,#2106,#2108,.T.);
#2106 = VERTEX_POINT('',#2107);
#2107 = CARTESIAN_POINT('',(-28.43739509582,4.662162780762,
    -0.10000000149));
#2108 = LINE('',#2109,#2110);
#2109 = CARTESIAN_POINT('',(-28.37857055664,4.815405368805,
    -0.10000000149));
#2110 = VECTOR('',#2111,1.);
#2111 = DIRECTION('',(-0.358369122999,-0.93357997605,0.));
#2112 = ORIENTED_EDGE('',*,*,#2113,.T.);
#2113 = EDGE_CURVE('',#2106,#2114,#2116,.T.);
#2114 = VERTEX_POINT('',#2115);
#2115 = CARTESIAN_POINT('',(-28.5119152069,4.515909194946,-0.10000000149
    ));
#2116 = LINE('',#2117,#2118);
#2117 = CARTESIAN_POINT('',(-28.43739509582,4.662162780762,
    -0.10000000149));
#2118 = VECTOR('',#2119,1.);
#2119 = DIRECTION('',(-0.453991404326,-0.891006063278,0.));
#2120 = ORIENTED_EDGE('',*,*,#2121,.T.);
#2121 = EDGE_CURVE('',#2114,#2122,#2124,.T.);
#2122 = VERTEX_POINT('',#2123);
#2123 = CARTESIAN_POINT('',(-28.60131454467,4.378245830536,
    -0.10000000149));
#2124 = LINE('',#2125,#2126);
#2125 = CARTESIAN_POINT('',(-28.5119152069,4.515909194946,-0.10000000149
    ));
#2126 = VECTOR('',#2127,1.);
#2127 = DIRECTION('',(-0.54463776499,-0.838671392708,0.));
#2128 = ORIENTED_EDGE('',*,*,#2129,.T.);
#2129 = EDGE_CURVE('',#2122,#2130,#2132,.T.);
#2130 = VERTEX_POINT('',#2131);
#2131 = CARTESIAN_POINT('',(-28.70461463928,4.250681400299,
    -0.10000000149));
#2132 = LINE('',#2133,#2134);
#2133 = CARTESIAN_POINT('',(-28.60131454467,4.378245830536,
    -0.10000000149));
#2134 = VECTOR('',#2135,1.);
#2135 = DIRECTION('',(-0.629322068103,-0.777144603403,0.));
#2136 = ORIENTED_EDGE('',*,*,#2137,.T.);
#2137 = EDGE_CURVE('',#2130,#2138,#2140,.T.);
#2138 = VERTEX_POINT('',#2139);
#2139 = CARTESIAN_POINT('',(-28.82068061828,4.134613990784,
    -0.10000000149));
#2140 = LINE('',#2141,#2142);
#2141 = CARTESIAN_POINT('',(-28.70461463928,4.250681400299,
    -0.10000000149));
#2142 = VECTOR('',#2143,1.);
#2143 = DIRECTION('',(-0.70710242366,-0.707111138687,0.));
#2144 = ORIENTED_EDGE('',*,*,#2145,.T.);
#2145 = EDGE_CURVE('',#2138,#2146,#2148,.T.);
#2146 = VERTEX_POINT('',#2147);
#2147 = CARTESIAN_POINT('',(-28.94824600219,4.031314373016,
    -0.10000000149));
#2148 = LINE('',#2149,#2150);
#2149 = CARTESIAN_POINT('',(-28.82068061828,4.134613990784,
    -0.10000000149));
#2150 = VECTOR('',#2151,1.);
#2151 = DIRECTION('',(-0.777148325137,-0.629317472137,0.));
#2152 = ORIENTED_EDGE('',*,*,#2153,.T.);
#2153 = EDGE_CURVE('',#2146,#2154,#2156,.T.);
#2154 = VERTEX_POINT('',#2155);
#2155 = CARTESIAN_POINT('',(-29.08590888977,3.941914796829,
    -0.10000000149));
#2156 = LINE('',#2157,#2158);
#2157 = CARTESIAN_POINT('',(-28.94824600219,4.031314373016,
    -0.10000000149));
#2158 = VECTOR('',#2159,1.);
#2159 = DIRECTION('',(-0.838669867539,-0.544640113545,0.));
#2160 = ORIENTED_EDGE('',*,*,#2161,.T.);
#2161 = EDGE_CURVE('',#2154,#2162,#2164,.T.);
#2162 = VERTEX_POINT('',#2163);
#2163 = CARTESIAN_POINT('',(-29.23216247558,3.867394685745,
    -0.10000000149));
#2164 = LINE('',#2165,#2166);
#2165 = CARTESIAN_POINT('',(-29.08590888977,3.941914796829,
    -0.10000000149));
#2166 = VECTOR('',#2167,1.);
#2167 = DIRECTION('',(-0.891006063278,-0.453991404326,0.));
#2168 = ORIENTED_EDGE('',*,*,#2169,.T.);
#2169 = EDGE_CURVE('',#2162,#2170,#2172,.T.);
#2170 = VERTEX_POINT('',#2171);
#2171 = CARTESIAN_POINT('',(-29.38540458679,3.808570384979,
    -0.10000000149));
#2172 = LINE('',#2173,#2174);
#2173 = CARTESIAN_POINT('',(-29.23216247558,3.867394685745,
    -0.10000000149));
#2174 = VECTOR('',#2175,1.);
#2175 = DIRECTION('',(-0.933580088922,-0.358368828958,0.));
#2176 = ORIENTED_EDGE('',*,*,#2177,.T.);
#2177 = EDGE_CURVE('',#2170,#2178,#2180,.T.);
#2178 = VERTEX_POINT('',#2179);
#2179 = CARTESIAN_POINT('',(-29.54395675659,3.766086816788,
    -0.10000000149));
#2180 = LINE('',#2181,#2182);
#2181 = CARTESIAN_POINT('',(-29.38540458679,3.808570384979,
    -0.10000000149));
#2182 = VECTOR('',#2183,1.);
#2183 = DIRECTION('',(-0.965926371025,-0.258817012112,0.));
#2184 = ORIENTED_EDGE('',*,*,#2185,.T.);
#2185 = EDGE_CURVE('',#2178,#2186,#2188,.T.);
#2186 = VERTEX_POINT('',#2187);
#2187 = CARTESIAN_POINT('',(-29.70607948303,3.7404088974,-0.10000000149)
  );
#2188 = LINE('',#2189,#2190);
#2189 = CARTESIAN_POINT('',(-29.54395675659,3.766086816788,
    -0.10000000149));
#2190 = VECTOR('',#2191,1.);
#2191 = DIRECTION('',(-0.987688150361,-0.156435666128,0.));
#2192 = ORIENTED_EDGE('',*,*,#2193,.T.);
#2193 = EDGE_CURVE('',#2186,#1720,#2194,.T.);
#2194 = LINE('',#2195,#2196);
#2195 = CARTESIAN_POINT('',(-29.70607948303,3.7404088974,-0.10000000149)
  );
#2196 = VECTOR('',#2197,1.);
#2197 = DIRECTION('',(-0.998629552589,-5.233561593705E-02,0.));
#2198 = FACE_BOUND('',#2199,.T.);
#2199 = EDGE_LOOP('',(#2200,#2210,#2218,#2226,#2234,#2242,#2250,#2258,
    #2266,#2274,#2282,#2290,#2298,#2306,#2314,#2322,#2330,#2338,#2346,
    #2354,#2362,#2370,#2378,#2386,#2394,#2402,#2410,#2418,#2426,#2434,
    #2442,#2450,#2458,#2466,#2474,#2482,#2490,#2498,#2506,#2514,#2522,
    #2530,#2538,#2546,#2554,#2562,#2570,#2578,#2586,#2594,#2602,#2610,
    #2618,#2626,#2634,#2642,#2650,#2658,#2666,#2674));
#2200 = ORIENTED_EDGE('',*,*,#2201,.T.);
#2201 = EDGE_CURVE('',#2202,#2204,#2206,.T.);
#2202 = VERTEX_POINT('',#2203);
#2203 = CARTESIAN_POINT('',(30.196043014526,3.766086816788,
    -0.10000000149));
#2204 = VERTEX_POINT('',#2205);
#2205 = CARTESIAN_POINT('',(30.033920288086,3.7404088974,-0.10000000149)
  );
#2206 = LINE('',#2207,#2208);
#2207 = CARTESIAN_POINT('',(30.196043014526,3.766086816788,
    -0.10000000149));
#2208 = VECTOR('',#2209,1.);
#2209 = DIRECTION('',(-0.987688150361,-0.156435666128,0.));
#2210 = ORIENTED_EDGE('',*,*,#2211,.T.);
#2211 = EDGE_CURVE('',#2204,#2212,#2214,.T.);
#2212 = VERTEX_POINT('',#2213);
#2213 = CARTESIAN_POINT('',(29.870000839233,3.731818199158,
    -0.10000000149));
#2214 = LINE('',#2215,#2216);
#2215 = CARTESIAN_POINT('',(30.033920288086,3.7404088974,-0.10000000149)
  );
#2216 = VECTOR('',#2217,1.);
#2217 = DIRECTION('',(-0.998629520762,-5.233622324049E-02,0.));
#2218 = ORIENTED_EDGE('',*,*,#2219,.T.);
#2219 = EDGE_CURVE('',#2212,#2220,#2222,.T.);
#2220 = VERTEX_POINT('',#2221);
#2221 = CARTESIAN_POINT('',(29.706079483032,3.7404088974,-0.10000000149)
  );
#2222 = LINE('',#2223,#2224);
#2223 = CARTESIAN_POINT('',(29.870000839233,3.731818199158,
    -0.10000000149));
#2224 = VECTOR('',#2225,1.);
#2225 = DIRECTION('',(-0.998629552589,5.233561593705E-02,0.));
#2226 = ORIENTED_EDGE('',*,*,#2227,.T.);
#2227 = EDGE_CURVE('',#2220,#2228,#2230,.T.);
#2228 = VERTEX_POINT('',#2229);
#2229 = CARTESIAN_POINT('',(29.543956756592,3.766086816788,
    -0.10000000149));
#2230 = LINE('',#2231,#2232);
#2231 = CARTESIAN_POINT('',(29.706079483032,3.7404088974,-0.10000000149)
  );
#2232 = VECTOR('',#2233,1.);
#2233 = DIRECTION('',(-0.987688150361,0.156435666128,0.));
#2234 = ORIENTED_EDGE('',*,*,#2235,.T.);
#2235 = EDGE_CURVE('',#2228,#2236,#2238,.T.);
#2236 = VERTEX_POINT('',#2237);
#2237 = CARTESIAN_POINT('',(29.385404586792,3.808570384979,
    -0.10000000149));
#2238 = LINE('',#2239,#2240);
#2239 = CARTESIAN_POINT('',(29.543956756592,3.766086816788,
    -0.10000000149));
#2240 = VECTOR('',#2241,1.);
#2241 = DIRECTION('',(-0.965926371025,0.258817012112,0.));
#2242 = ORIENTED_EDGE('',*,*,#2243,.T.);
#2243 = EDGE_CURVE('',#2236,#2244,#2246,.T.);
#2244 = VERTEX_POINT('',#2245);
#2245 = CARTESIAN_POINT('',(29.232162475586,3.867394685745,
    -0.10000000149));
#2246 = LINE('',#2247,#2248);
#2247 = CARTESIAN_POINT('',(29.385404586792,3.808570384979,
    -0.10000000149));
#2248 = VECTOR('',#2249,1.);
#2249 = DIRECTION('',(-0.933580088922,0.358368828958,0.));
#2250 = ORIENTED_EDGE('',*,*,#2251,.T.);
#2251 = EDGE_CURVE('',#2244,#2252,#2254,.T.);
#2252 = VERTEX_POINT('',#2253);
#2253 = CARTESIAN_POINT('',(29.085908889771,3.941914796829,
    -0.10000000149));
#2254 = LINE('',#2255,#2256);
#2255 = CARTESIAN_POINT('',(29.232162475586,3.867394685745,
    -0.10000000149));
#2256 = VECTOR('',#2257,1.);
#2257 = DIRECTION('',(-0.891006063278,0.453991404326,0.));
#2258 = ORIENTED_EDGE('',*,*,#2259,.T.);
#2259 = EDGE_CURVE('',#2252,#2260,#2262,.T.);
#2260 = VERTEX_POINT('',#2261);
#2261 = CARTESIAN_POINT('',(28.948246002197,4.031314373016,
    -0.10000000149));
#2262 = LINE('',#2263,#2264);
#2263 = CARTESIAN_POINT('',(29.085908889771,3.941914796829,
    -0.10000000149));
#2264 = VECTOR('',#2265,1.);
#2265 = DIRECTION('',(-0.838669867539,0.544640113545,0.));
#2266 = ORIENTED_EDGE('',*,*,#2267,.T.);
#2267 = EDGE_CURVE('',#2260,#2268,#2270,.T.);
#2268 = VERTEX_POINT('',#2269);
#2269 = CARTESIAN_POINT('',(28.820680618286,4.134613990784,
    -0.10000000149));
#2270 = LINE('',#2271,#2272);
#2271 = CARTESIAN_POINT('',(28.948246002197,4.031314373016,
    -0.10000000149));
#2272 = VECTOR('',#2273,1.);
#2273 = DIRECTION('',(-0.777148325137,0.629317472137,0.));
#2274 = ORIENTED_EDGE('',*,*,#2275,.T.);
#2275 = EDGE_CURVE('',#2268,#2276,#2278,.T.);
#2276 = VERTEX_POINT('',#2277);
#2277 = CARTESIAN_POINT('',(28.704614639282,4.250681400299,
    -0.10000000149));
#2278 = LINE('',#2279,#2280);
#2279 = CARTESIAN_POINT('',(28.820680618286,4.134613990784,
    -0.10000000149));
#2280 = VECTOR('',#2281,1.);
#2281 = DIRECTION('',(-0.70710242366,0.707111138687,0.));
#2282 = ORIENTED_EDGE('',*,*,#2283,.T.);
#2283 = EDGE_CURVE('',#2276,#2284,#2286,.T.);
#2284 = VERTEX_POINT('',#2285);
#2285 = CARTESIAN_POINT('',(28.601314544678,4.378245830536,
    -0.10000000149));
#2286 = LINE('',#2287,#2288);
#2287 = CARTESIAN_POINT('',(28.704614639282,4.250681400299,
    -0.10000000149));
#2288 = VECTOR('',#2289,1.);
#2289 = DIRECTION('',(-0.629322068103,0.777144603403,0.));
#2290 = ORIENTED_EDGE('',*,*,#2291,.T.);
#2291 = EDGE_CURVE('',#2284,#2292,#2294,.T.);
#2292 = VERTEX_POINT('',#2293);
#2293 = CARTESIAN_POINT('',(28.511915206909,4.515909194946,
    -0.10000000149));
#2294 = LINE('',#2295,#2296);
#2295 = CARTESIAN_POINT('',(28.601314544678,4.378245830536,
    -0.10000000149));
#2296 = VECTOR('',#2297,1.);
#2297 = DIRECTION('',(-0.54463776499,0.838671392708,0.));
#2298 = ORIENTED_EDGE('',*,*,#2299,.T.);
#2299 = EDGE_CURVE('',#2292,#2300,#2302,.T.);
#2300 = VERTEX_POINT('',#2301);
#2301 = CARTESIAN_POINT('',(28.437395095825,4.662162780762,
    -0.10000000149));
#2302 = LINE('',#2303,#2304);
#2303 = CARTESIAN_POINT('',(28.511915206909,4.515909194946,
    -0.10000000149));
#2304 = VECTOR('',#2305,1.);
#2305 = DIRECTION('',(-0.453991404326,0.891006063278,0.));
#2306 = ORIENTED_EDGE('',*,*,#2307,.T.);
#2307 = EDGE_CURVE('',#2300,#2308,#2310,.T.);
#2308 = VERTEX_POINT('',#2309);
#2309 = CARTESIAN_POINT('',(28.378570556641,4.815405368805,
    -0.10000000149));
#2310 = LINE('',#2311,#2312);
#2311 = CARTESIAN_POINT('',(28.437395095825,4.662162780762,
    -0.10000000149));
#2312 = VECTOR('',#2313,1.);
#2313 = DIRECTION('',(-0.358369122999,0.93357997605,0.));
#2314 = ORIENTED_EDGE('',*,*,#2315,.T.);
#2315 = EDGE_CURVE('',#2308,#2316,#2318,.T.);
#2316 = VERTEX_POINT('',#2317);
#2317 = CARTESIAN_POINT('',(28.336086273193,4.97395658493,-0.10000000149
    ));
#2318 = LINE('',#2319,#2320);
#2319 = CARTESIAN_POINT('',(28.378570556641,4.815405368805,
    -0.10000000149));
#2320 = VECTOR('',#2321,1.);
#2321 = DIRECTION('',(-0.258822530176,0.96592489246,0.));
#2322 = ORIENTED_EDGE('',*,*,#2323,.T.);
#2323 = EDGE_CURVE('',#2316,#2324,#2326,.T.);
#2324 = VERTEX_POINT('',#2325);
#2325 = CARTESIAN_POINT('',(28.310409545898,5.136080265045,
    -0.10000000149));
#2326 = LINE('',#2327,#2328);
#2327 = CARTESIAN_POINT('',(28.336086273193,4.97395658493,-0.10000000149
    ));
#2328 = VECTOR('',#2329,1.);
#2329 = DIRECTION('',(-0.15642768369,0.987689414632,0.));
#2330 = ORIENTED_EDGE('',*,*,#2331,.T.);
#2331 = EDGE_CURVE('',#2324,#2332,#2334,.T.);
#2332 = VERTEX_POINT('',#2333);
#2333 = CARTESIAN_POINT('',(28.301818847656,5.300000190735,
    -0.10000000149));
#2334 = LINE('',#2335,#2336);
#2335 = CARTESIAN_POINT('',(28.310409545898,5.136080265045,
    -0.10000000149));
#2336 = VECTOR('',#2337,1.);
#2337 = DIRECTION('',(-5.233607141331E-02,0.998629528719,0.));
#2338 = ORIENTED_EDGE('',*,*,#2339,.T.);
#2339 = EDGE_CURVE('',#2332,#2340,#2342,.T.);
#2340 = VERTEX_POINT('',#2341);
#2341 = CARTESIAN_POINT('',(28.310409545898,5.463919639587,
    -0.10000000149));
#2342 = LINE('',#2343,#2344);
#2343 = CARTESIAN_POINT('',(28.301818847656,5.300000190735,
    -0.10000000149));
#2344 = VECTOR('',#2345,1.);
#2345 = DIRECTION('',(5.233622324049E-02,0.998629520762,0.));
#2346 = ORIENTED_EDGE('',*,*,#2347,.T.);
#2347 = EDGE_CURVE('',#2340,#2348,#2350,.T.);
#2348 = VERTEX_POINT('',#2349);
#2349 = CARTESIAN_POINT('',(28.336086273193,5.626043319702,
    -0.10000000149));
#2350 = LINE('',#2351,#2352);
#2351 = CARTESIAN_POINT('',(28.310409545898,5.463919639587,
    -0.10000000149));
#2352 = VECTOR('',#2353,1.);
#2353 = DIRECTION('',(0.15642768369,0.987689414632,0.));
#2354 = ORIENTED_EDGE('',*,*,#2355,.T.);
#2355 = EDGE_CURVE('',#2348,#2356,#2358,.T.);
#2356 = VERTEX_POINT('',#2357);
#2357 = CARTESIAN_POINT('',(28.378570556641,5.784595012665,
    -0.10000000149));
#2358 = LINE('',#2359,#2360);
#2359 = CARTESIAN_POINT('',(28.336086273193,5.626043319702,
    -0.10000000149));
#2360 = VECTOR('',#2361,1.);
#2361 = DIRECTION('',(0.258821803922,0.965925087061,0.));
#2362 = ORIENTED_EDGE('',*,*,#2363,.T.);
#2363 = EDGE_CURVE('',#2356,#2364,#2366,.T.);
#2364 = VERTEX_POINT('',#2365);
#2365 = CARTESIAN_POINT('',(28.437395095825,5.937837123871,
    -0.10000000149));
#2366 = LINE('',#2367,#2368);
#2367 = CARTESIAN_POINT('',(28.378570556641,5.784595012665,
    -0.10000000149));
#2368 = VECTOR('',#2369,1.);
#2369 = DIRECTION('',(0.358370094907,0.933579602967,0.));
#2370 = ORIENTED_EDGE('',*,*,#2371,.T.);
#2371 = EDGE_CURVE('',#2364,#2372,#2374,.T.);
#2372 = VERTEX_POINT('',#2373);
#2373 = CARTESIAN_POINT('',(28.511915206909,6.084090709686,
    -0.10000000149));
#2374 = LINE('',#2375,#2376);
#2375 = CARTESIAN_POINT('',(28.437395095825,5.937837123871,
    -0.10000000149));
#2376 = VECTOR('',#2377,1.);
#2377 = DIRECTION('',(0.453991404326,0.891006063278,0.));
#2378 = ORIENTED_EDGE('',*,*,#2379,.T.);
#2379 = EDGE_CURVE('',#2372,#2380,#2382,.T.);
#2380 = VERTEX_POINT('',#2381);
#2381 = CARTESIAN_POINT('',(28.601314544678,6.221754074097,
    -0.10000000149));
#2382 = LINE('',#2383,#2384);
#2383 = CARTESIAN_POINT('',(28.511915206909,6.084090709686,
    -0.10000000149));
#2384 = VECTOR('',#2385,1.);
#2385 = DIRECTION('',(0.54463776499,0.838671392708,0.));
#2386 = ORIENTED_EDGE('',*,*,#2387,.T.);
#2387 = EDGE_CURVE('',#2380,#2388,#2390,.T.);
#2388 = VERTEX_POINT('',#2389);
#2389 = CARTESIAN_POINT('',(28.704614639282,6.349318504333,
    -0.10000000149));
#2390 = LINE('',#2391,#2392);
#2391 = CARTESIAN_POINT('',(28.601314544678,6.221754074097,
    -0.10000000149));
#2392 = VECTOR('',#2393,1.);
#2393 = DIRECTION('',(0.629322068103,0.777144603403,0.));
#2394 = ORIENTED_EDGE('',*,*,#2395,.T.);
#2395 = EDGE_CURVE('',#2388,#2396,#2398,.T.);
#2396 = VERTEX_POINT('',#2397);
#2397 = CARTESIAN_POINT('',(28.820680618286,6.465386390686,
    -0.10000000149));
#2398 = LINE('',#2399,#2400);
#2399 = CARTESIAN_POINT('',(28.704614639282,6.349318504333,
    -0.10000000149));
#2400 = VECTOR('',#2401,1.);
#2401 = DIRECTION('',(0.707100971157,0.707112591169,0.));
#2402 = ORIENTED_EDGE('',*,*,#2403,.T.);
#2403 = EDGE_CURVE('',#2396,#2404,#2406,.T.);
#2404 = VERTEX_POINT('',#2405);
#2405 = CARTESIAN_POINT('',(28.948246002197,6.568685531616,
    -0.10000000149));
#2406 = LINE('',#2407,#2408);
#2407 = CARTESIAN_POINT('',(28.820680618286,6.465386390686,
    -0.10000000149));
#2408 = VECTOR('',#2409,1.);
#2409 = DIRECTION('',(0.777149745878,0.62931571765,0.));
#2410 = ORIENTED_EDGE('',*,*,#2411,.T.);
#2411 = EDGE_CURVE('',#2404,#2412,#2414,.T.);
#2412 = VERTEX_POINT('',#2413);
#2413 = CARTESIAN_POINT('',(29.085908889771,6.658085346222,
    -0.10000000149));
#2414 = LINE('',#2415,#2416);
#2415 = CARTESIAN_POINT('',(28.948246002197,6.568685531616,
    -0.10000000149));
#2416 = VECTOR('',#2417,1.);
#2417 = DIRECTION('',(0.838669204078,0.544641135181,0.));
#2418 = ORIENTED_EDGE('',*,*,#2419,.T.);
#2419 = EDGE_CURVE('',#2412,#2420,#2422,.T.);
#2420 = VERTEX_POINT('',#2421);
#2421 = CARTESIAN_POINT('',(29.232162475586,6.732605457306,
    -0.10000000149));
#2422 = LINE('',#2423,#2424);
#2423 = CARTESIAN_POINT('',(29.085908889771,6.658085346222,
    -0.10000000149));
#2424 = VECTOR('',#2425,1.);
#2425 = DIRECTION('',(0.891006063278,0.453991404326,0.));
#2426 = ORIENTED_EDGE('',*,*,#2427,.T.);
#2427 = EDGE_CURVE('',#2420,#2428,#2430,.T.);
#2428 = VERTEX_POINT('',#2429);
#2429 = CARTESIAN_POINT('',(29.385404586792,6.791429519653,
    -0.10000000149));
#2430 = LINE('',#2431,#2432);
#2431 = CARTESIAN_POINT('',(29.232162475586,6.732605457306,
    -0.10000000149));
#2432 = VECTOR('',#2433,1.);
#2433 = DIRECTION('',(0.933580574876,0.358367563006,0.));
#2434 = ORIENTED_EDGE('',*,*,#2435,.T.);
#2435 = EDGE_CURVE('',#2428,#2436,#2438,.T.);
#2436 = VERTEX_POINT('',#2437);
#2437 = CARTESIAN_POINT('',(29.543956756592,6.833913326263,
    -0.10000000149));
#2438 = LINE('',#2439,#2440);
#2439 = CARTESIAN_POINT('',(29.385404586792,6.791429519653,
    -0.10000000149));
#2440 = VECTOR('',#2441,1.);
#2441 = DIRECTION('',(0.965926007905,0.2588183673,0.));
#2442 = ORIENTED_EDGE('',*,*,#2443,.T.);
#2443 = EDGE_CURVE('',#2436,#2444,#2446,.T.);
#2444 = VERTEX_POINT('',#2445);
#2445 = CARTESIAN_POINT('',(29.706079483032,6.859591007233,
    -0.10000000149));
#2446 = LINE('',#2447,#2448);
#2447 = CARTESIAN_POINT('',(29.543956756592,6.833913326263,
    -0.10000000149));
#2448 = VECTOR('',#2449,1.);
#2449 = DIRECTION('',(0.987688374785,0.156434249174,0.));
#2450 = ORIENTED_EDGE('',*,*,#2451,.T.);
#2451 = EDGE_CURVE('',#2444,#2452,#2454,.T.);
#2452 = VERTEX_POINT('',#2453);
#2453 = CARTESIAN_POINT('',(29.870000839233,6.868181705475,
    -0.10000000149));
#2454 = LINE('',#2455,#2456);
#2455 = CARTESIAN_POINT('',(29.706079483032,6.859591007233,
    -0.10000000149));
#2456 = VECTOR('',#2457,1.);
#2457 = DIRECTION('',(0.998629552589,5.233561593705E-02,0.));
#2458 = ORIENTED_EDGE('',*,*,#2459,.T.);
#2459 = EDGE_CURVE('',#2452,#2460,#2462,.T.);
#2460 = VERTEX_POINT('',#2461);
#2461 = CARTESIAN_POINT('',(30.033920288086,6.859591007233,
    -0.10000000149));
#2462 = LINE('',#2463,#2464);
#2463 = CARTESIAN_POINT('',(29.870000839233,6.868181705475,
    -0.10000000149));
#2464 = VECTOR('',#2465,1.);
#2465 = DIRECTION('',(0.998629520762,-5.233622324049E-02,0.));
#2466 = ORIENTED_EDGE('',*,*,#2467,.T.);
#2467 = EDGE_CURVE('',#2460,#2468,#2470,.T.);
#2468 = VERTEX_POINT('',#2469);
#2469 = CARTESIAN_POINT('',(30.196043014526,6.833913326263,
    -0.10000000149));
#2470 = LINE('',#2471,#2472);
#2471 = CARTESIAN_POINT('',(30.033920288086,6.859591007233,
    -0.10000000149));
#2472 = VECTOR('',#2473,1.);
#2473 = DIRECTION('',(0.987688374785,-0.156434249174,0.));
#2474 = ORIENTED_EDGE('',*,*,#2475,.T.);
#2475 = EDGE_CURVE('',#2468,#2476,#2478,.T.);
#2476 = VERTEX_POINT('',#2477);
#2477 = CARTESIAN_POINT('',(30.354595184326,6.791429519653,
    -0.10000000149));
#2478 = LINE('',#2479,#2480);
#2479 = CARTESIAN_POINT('',(30.196043014526,6.833913326263,
    -0.10000000149));
#2480 = VECTOR('',#2481,1.);
#2481 = DIRECTION('',(0.965926007905,-0.2588183673,0.));
#2482 = ORIENTED_EDGE('',*,*,#2483,.T.);
#2483 = EDGE_CURVE('',#2476,#2484,#2486,.T.);
#2484 = VERTEX_POINT('',#2485);
#2485 = CARTESIAN_POINT('',(30.507837295532,6.732605457306,
    -0.10000000149));
#2486 = LINE('',#2487,#2488);
#2487 = CARTESIAN_POINT('',(30.354595184326,6.791429519653,
    -0.10000000149));
#2488 = VECTOR('',#2489,1.);
#2489 = DIRECTION('',(0.933580574876,-0.358367563006,0.));
#2490 = ORIENTED_EDGE('',*,*,#2491,.T.);
#2491 = EDGE_CURVE('',#2484,#2492,#2494,.T.);
#2492 = VERTEX_POINT('',#2493);
#2493 = CARTESIAN_POINT('',(30.654090881348,6.658085346222,
    -0.10000000149));
#2494 = LINE('',#2495,#2496);
#2495 = CARTESIAN_POINT('',(30.507837295532,6.732605457306,
    -0.10000000149));
#2496 = VECTOR('',#2497,1.);
#2497 = DIRECTION('',(0.891006063278,-0.453991404326,0.));
#2498 = ORIENTED_EDGE('',*,*,#2499,.T.);
#2499 = EDGE_CURVE('',#2492,#2500,#2502,.T.);
#2500 = VERTEX_POINT('',#2501);
#2501 = CARTESIAN_POINT('',(30.791753768921,6.568685531616,
    -0.10000000149));
#2502 = LINE('',#2503,#2504);
#2503 = CARTESIAN_POINT('',(30.654090881348,6.658085346222,
    -0.10000000149));
#2504 = VECTOR('',#2505,1.);
#2505 = DIRECTION('',(0.838669204078,-0.544641135181,0.));
#2506 = ORIENTED_EDGE('',*,*,#2507,.T.);
#2507 = EDGE_CURVE('',#2500,#2508,#2510,.T.);
#2508 = VERTEX_POINT('',#2509);
#2509 = CARTESIAN_POINT('',(30.919319152832,6.465386390686,
    -0.10000000149));
#2510 = LINE('',#2511,#2512);
#2511 = CARTESIAN_POINT('',(30.791753768921,6.568685531616,
    -0.10000000149));
#2512 = VECTOR('',#2513,1.);
#2513 = DIRECTION('',(0.777149745878,-0.62931571765,0.));
#2514 = ORIENTED_EDGE('',*,*,#2515,.T.);
#2515 = EDGE_CURVE('',#2508,#2516,#2518,.T.);
#2516 = VERTEX_POINT('',#2517);
#2517 = CARTESIAN_POINT('',(31.035387039185,6.349318504333,
    -0.10000000149));
#2518 = LINE('',#2519,#2520);
#2519 = CARTESIAN_POINT('',(30.919319152832,6.465386390686,
    -0.10000000149));
#2520 = VECTOR('',#2521,1.);
#2521 = DIRECTION('',(0.707106781187,-0.707106781187,0.));
#2522 = ORIENTED_EDGE('',*,*,#2523,.T.);
#2523 = EDGE_CURVE('',#2516,#2524,#2526,.T.);
#2524 = VERTEX_POINT('',#2525);
#2525 = CARTESIAN_POINT('',(31.13868522644,6.221754074097,-0.10000000149
    ));
#2526 = LINE('',#2527,#2528);
#2527 = CARTESIAN_POINT('',(31.035387039185,6.349318504333,
    -0.10000000149));
#2528 = VECTOR('',#2529,1.);
#2529 = DIRECTION('',(0.629315050145,-0.777150286406,0.));
#2530 = ORIENTED_EDGE('',*,*,#2531,.T.);
#2531 = EDGE_CURVE('',#2524,#2532,#2534,.T.);
#2532 = VERTEX_POINT('',#2533);
#2533 = CARTESIAN_POINT('',(31.228084564209,6.084090709686,
    -0.10000000149));
#2534 = LINE('',#2535,#2536);
#2535 = CARTESIAN_POINT('',(31.13868522644,6.221754074097,-0.10000000149
    ));
#2536 = VECTOR('',#2537,1.);
#2537 = DIRECTION('',(0.54463776499,-0.838671392708,0.));
#2538 = ORIENTED_EDGE('',*,*,#2539,.T.);
#2539 = EDGE_CURVE('',#2532,#2540,#2542,.T.);
#2540 = VERTEX_POINT('',#2541);
#2541 = CARTESIAN_POINT('',(31.302604675293,5.937837123871,
    -0.10000000149));
#2542 = LINE('',#2543,#2544);
#2543 = CARTESIAN_POINT('',(31.228084564209,6.084090709686,
    -0.10000000149));
#2544 = VECTOR('',#2545,1.);
#2545 = DIRECTION('',(0.453991404326,-0.891006063278,0.));
#2546 = ORIENTED_EDGE('',*,*,#2547,.T.);
#2547 = EDGE_CURVE('',#2540,#2548,#2550,.T.);
#2548 = VERTEX_POINT('',#2549);
#2549 = CARTESIAN_POINT('',(31.361429214478,5.784595012665,
    -0.10000000149));
#2550 = LINE('',#2551,#2552);
#2551 = CARTESIAN_POINT('',(31.302604675293,5.937837123871,
    -0.10000000149));
#2552 = VECTOR('',#2553,1.);
#2553 = DIRECTION('',(0.358370094907,-0.933579602967,0.));
#2554 = ORIENTED_EDGE('',*,*,#2555,.T.);
#2555 = EDGE_CURVE('',#2548,#2556,#2558,.T.);
#2556 = VERTEX_POINT('',#2557);
#2557 = CARTESIAN_POINT('',(31.403913497925,5.626043319702,
    -0.10000000149));
#2558 = LINE('',#2559,#2560);
#2559 = CARTESIAN_POINT('',(31.361429214478,5.784595012665,
    -0.10000000149));
#2560 = VECTOR('',#2561,1.);
#2561 = DIRECTION('',(0.258821803922,-0.965925087061,0.));
#2562 = ORIENTED_EDGE('',*,*,#2563,.T.);
#2563 = EDGE_CURVE('',#2556,#2564,#2566,.T.);
#2564 = VERTEX_POINT('',#2565);
#2565 = CARTESIAN_POINT('',(31.42959022522,5.463919639587,-0.10000000149
    ));
#2566 = LINE('',#2567,#2568);
#2567 = CARTESIAN_POINT('',(31.403913497925,5.626043319702,
    -0.10000000149));
#2568 = VECTOR('',#2569,1.);
#2569 = DIRECTION('',(0.15642768369,-0.987689414632,0.));
#2570 = ORIENTED_EDGE('',*,*,#2571,.T.);
#2571 = EDGE_CURVE('',#2564,#2572,#2574,.T.);
#2572 = VERTEX_POINT('',#2573);
#2573 = CARTESIAN_POINT('',(31.438180923462,5.300000190735,
    -0.10000000149));
#2574 = LINE('',#2575,#2576);
#2575 = CARTESIAN_POINT('',(31.42959022522,5.463919639587,-0.10000000149
    ));
#2576 = VECTOR('',#2577,1.);
#2577 = DIRECTION('',(5.233622324049E-02,-0.998629520762,0.));
#2578 = ORIENTED_EDGE('',*,*,#2579,.T.);
#2579 = EDGE_CURVE('',#2572,#2580,#2582,.T.);
#2580 = VERTEX_POINT('',#2581);
#2581 = CARTESIAN_POINT('',(31.42959022522,5.136080265045,-0.10000000149
    ));
#2582 = LINE('',#2583,#2584);
#2583 = CARTESIAN_POINT('',(31.438180923462,5.300000190735,
    -0.10000000149));
#2584 = VECTOR('',#2585,1.);
#2585 = DIRECTION('',(-5.233607141331E-02,-0.998629528719,0.));
#2586 = ORIENTED_EDGE('',*,*,#2587,.T.);
#2587 = EDGE_CURVE('',#2580,#2588,#2590,.T.);
#2588 = VERTEX_POINT('',#2589);
#2589 = CARTESIAN_POINT('',(31.403913497925,4.97395658493,-0.10000000149
    ));
#2590 = LINE('',#2591,#2592);
#2591 = CARTESIAN_POINT('',(31.42959022522,5.136080265045,-0.10000000149
    ));
#2592 = VECTOR('',#2593,1.);
#2593 = DIRECTION('',(-0.15642768369,-0.987689414632,0.));
#2594 = ORIENTED_EDGE('',*,*,#2595,.T.);
#2595 = EDGE_CURVE('',#2588,#2596,#2598,.T.);
#2596 = VERTEX_POINT('',#2597);
#2597 = CARTESIAN_POINT('',(31.361429214478,4.815405368805,
    -0.10000000149));
#2598 = LINE('',#2599,#2600);
#2599 = CARTESIAN_POINT('',(31.403913497925,4.97395658493,-0.10000000149
    ));
#2600 = VECTOR('',#2601,1.);
#2601 = DIRECTION('',(-0.258822530176,-0.96592489246,0.));
#2602 = ORIENTED_EDGE('',*,*,#2603,.T.);
#2603 = EDGE_CURVE('',#2596,#2604,#2606,.T.);
#2604 = VERTEX_POINT('',#2605);
#2605 = CARTESIAN_POINT('',(31.302604675293,4.662162780762,
    -0.10000000149));
#2606 = LINE('',#2607,#2608);
#2607 = CARTESIAN_POINT('',(31.361429214478,4.815405368805,
    -0.10000000149));
#2608 = VECTOR('',#2609,1.);
#2609 = DIRECTION('',(-0.358369122999,-0.93357997605,0.));
#2610 = ORIENTED_EDGE('',*,*,#2611,.T.);
#2611 = EDGE_CURVE('',#2604,#2612,#2614,.T.);
#2612 = VERTEX_POINT('',#2613);
#2613 = CARTESIAN_POINT('',(31.228084564209,4.515909194946,
    -0.10000000149));
#2614 = LINE('',#2615,#2616);
#2615 = CARTESIAN_POINT('',(31.302604675293,4.662162780762,
    -0.10000000149));
#2616 = VECTOR('',#2617,1.);
#2617 = DIRECTION('',(-0.453991404326,-0.891006063278,0.));
#2618 = ORIENTED_EDGE('',*,*,#2619,.T.);
#2619 = EDGE_CURVE('',#2612,#2620,#2622,.T.);
#2620 = VERTEX_POINT('',#2621);
#2621 = CARTESIAN_POINT('',(31.13868522644,4.378245830536,-0.10000000149
    ));
#2622 = LINE('',#2623,#2624);
#2623 = CARTESIAN_POINT('',(31.228084564209,4.515909194946,
    -0.10000000149));
#2624 = VECTOR('',#2625,1.);
#2625 = DIRECTION('',(-0.54463776499,-0.838671392708,0.));
#2626 = ORIENTED_EDGE('',*,*,#2627,.T.);
#2627 = EDGE_CURVE('',#2620,#2628,#2630,.T.);
#2628 = VERTEX_POINT('',#2629);
#2629 = CARTESIAN_POINT('',(31.035387039185,4.250681400299,
    -0.10000000149));
#2630 = LINE('',#2631,#2632);
#2631 = CARTESIAN_POINT('',(31.13868522644,4.378245830536,-0.10000000149
    ));
#2632 = VECTOR('',#2633,1.);
#2633 = DIRECTION('',(-0.629315050145,-0.777150286406,0.));
#2634 = ORIENTED_EDGE('',*,*,#2635,.T.);
#2635 = EDGE_CURVE('',#2628,#2636,#2638,.T.);
#2636 = VERTEX_POINT('',#2637);
#2637 = CARTESIAN_POINT('',(30.919319152832,4.134613990784,
    -0.10000000149));
#2638 = LINE('',#2639,#2640);
#2639 = CARTESIAN_POINT('',(31.035387039185,4.250681400299,
    -0.10000000149));
#2640 = VECTOR('',#2641,1.);
#2641 = DIRECTION('',(-0.707108233678,-0.707105328693,0.));
#2642 = ORIENTED_EDGE('',*,*,#2643,.T.);
#2643 = EDGE_CURVE('',#2636,#2644,#2646,.T.);
#2644 = VERTEX_POINT('',#2645);
#2645 = CARTESIAN_POINT('',(30.791753768921,4.031314373016,
    -0.10000000149));
#2646 = LINE('',#2647,#2648);
#2647 = CARTESIAN_POINT('',(30.919319152832,4.134613990784,
    -0.10000000149));
#2648 = VECTOR('',#2649,1.);
#2649 = DIRECTION('',(-0.777148325137,-0.629317472137,0.));
#2650 = ORIENTED_EDGE('',*,*,#2651,.T.);
#2651 = EDGE_CURVE('',#2644,#2652,#2654,.T.);
#2652 = VERTEX_POINT('',#2653);
#2653 = CARTESIAN_POINT('',(30.654090881348,3.941914796829,
    -0.10000000149));
#2654 = LINE('',#2655,#2656);
#2655 = CARTESIAN_POINT('',(30.791753768921,4.031314373016,
    -0.10000000149));
#2656 = VECTOR('',#2657,1.);
#2657 = DIRECTION('',(-0.838669867539,-0.544640113545,0.));
#2658 = ORIENTED_EDGE('',*,*,#2659,.T.);
#2659 = EDGE_CURVE('',#2652,#2660,#2662,.T.);
#2660 = VERTEX_POINT('',#2661);
#2661 = CARTESIAN_POINT('',(30.507837295532,3.867394685745,
    -0.10000000149));
#2662 = LINE('',#2663,#2664);
#2663 = CARTESIAN_POINT('',(30.654090881348,3.941914796829,
    -0.10000000149));
#2664 = VECTOR('',#2665,1.);
#2665 = DIRECTION('',(-0.891006063278,-0.453991404326,0.));
#2666 = ORIENTED_EDGE('',*,*,#2667,.T.);
#2667 = EDGE_CURVE('',#2660,#2668,#2670,.T.);
#2668 = VERTEX_POINT('',#2669);
#2669 = CARTESIAN_POINT('',(30.354595184326,3.808570384979,
    -0.10000000149));
#2670 = LINE('',#2671,#2672);
#2671 = CARTESIAN_POINT('',(30.507837295532,3.867394685745,
    -0.10000000149));
#2672 = VECTOR('',#2673,1.);
#2673 = DIRECTION('',(-0.933580088922,-0.358368828958,0.));
#2674 = ORIENTED_EDGE('',*,*,#2675,.T.);
#2675 = EDGE_CURVE('',#2668,#2202,#2676,.T.);
#2676 = LINE('',#2677,#2678);
#2677 = CARTESIAN_POINT('',(30.354595184326,3.808570384979,
    -0.10000000149));
#2678 = VECTOR('',#2679,1.);
#2679 = DIRECTION('',(-0.965926371025,-0.258817012112,0.));
#2680 = PLANE('',#2681);
#2681 = AXIS2_PLACEMENT_3D('',#2682,#2683,#2684);
#2682 = CARTESIAN_POINT('',(-2.919396502173E-02,0.216391937561,
    -0.10000000149));
#2683 = DIRECTION('',(0.,0.,1.));
#2684 = DIRECTION('',(1.,0.,0.));
#2685 = ADVANCED_FACE('',(#2686),#2696,.T.);
#2686 = FACE_BOUND('',#2687,.T.);
#2687 = EDGE_LOOP('',(#2688,#2689,#2690));
#2688 = ORIENTED_EDGE('',*,*,#118,.F.);
#2689 = ORIENTED_EDGE('',*,*,#901,.F.);
#2690 = ORIENTED_EDGE('',*,*,#2691,.T.);
#2691 = EDGE_CURVE('',#894,#119,#2692,.T.);
#2692 = LINE('',#2693,#2694);
#2693 = CARTESIAN_POINT('',(-34.09999847412,-1.751292109489,
    -0.10000000149));
#2694 = VECTOR('',#2695,1.);
#2695 = DIRECTION('',(0.647487367254,-0.639131028277,-0.415056186486));
#2696 = PLANE('',#2697);
#2697 = AXIS2_PLACEMENT_3D('',#2698,#2699,#2700);
#2698 = CARTESIAN_POINT('',(-34.03418590533,-1.787383887385,
    -0.123438255986));
#2699 = DIRECTION('',(0.,-0.54463870614,0.838670781519));
#2700 = DIRECTION('',(0.,0.838670781519,0.54463870614));
#2701 = ADVANCED_FACE('',(#2702),#2719,.T.);
#2702 = FACE_BOUND('',#2703,.T.);
#2703 = EDGE_LOOP('',(#2704,#2705,#2713));
#2704 = ORIENTED_EDGE('',*,*,#2691,.F.);
#2705 = ORIENTED_EDGE('',*,*,#2706,.T.);
#2706 = EDGE_CURVE('',#894,#2707,#2709,.T.);
#2707 = VERTEX_POINT('',#2708);
#2708 = CARTESIAN_POINT('',(-35.09999847412,-1.49885904789,
    6.393202394247E-02));
#2709 = LINE('',#2710,#2711);
#2710 = CARTESIAN_POINT('',(-34.09999847412,-1.751292109489,
    -0.10000000149));
#2711 = VECTOR('',#2712,1.);
#2712 = DIRECTION('',(-0.957564458082,0.241720927833,0.156975481096));
#2713 = ORIENTED_EDGE('',*,*,#2714,.F.);
#2714 = EDGE_CURVE('',#119,#2707,#2715,.T.);
#2715 = LINE('',#2716,#2717);
#2716 = CARTESIAN_POINT('',(-34.,-1.850000023842,-0.164101615548));
#2717 = VECTOR('',#2718,1.);
#2718 = DIRECTION('',(-0.934589284881,0.298339135306,0.193743719718));
#2719 = PLANE('',#2720);
#2720 = AXIS2_PLACEMENT_3D('',#2721,#2722,#2723);
#2721 = CARTESIAN_POINT('',(-34.53947394148,-1.660939797681,
    -4.132447204033E-02));
#2722 = DIRECTION('',(2.469934615502E-07,-0.544638530141,0.838670895814)
  );
#2723 = DIRECTION('',(0.,0.838670895814,0.544638530141));
#2724 = ADVANCED_FACE('',(#2725),#2742,.T.);
#2725 = FACE_BOUND('',#2726,.T.);
#2726 = EDGE_LOOP('',(#2727,#2735,#2736));
#2727 = ORIENTED_EDGE('',*,*,#2728,.F.);
#2728 = EDGE_CURVE('',#119,#2729,#2731,.T.);
#2729 = VERTEX_POINT('',#2730);
#2730 = CARTESIAN_POINT('',(-35.09999847412,-1.850000023842,
    -0.164101615548));
#2731 = LINE('',#2732,#2733);
#2732 = CARTESIAN_POINT('',(-34.,-1.850000023842,-0.164101615548));
#2733 = VECTOR('',#2734,1.);
#2734 = DIRECTION('',(-1.,0.,0.));
#2735 = ORIENTED_EDGE('',*,*,#2714,.T.);
#2736 = ORIENTED_EDGE('',*,*,#2737,.T.);
#2737 = EDGE_CURVE('',#2707,#2729,#2738,.T.);
#2738 = LINE('',#2739,#2740);
#2739 = CARTESIAN_POINT('',(-35.09999847412,-1.49885904789,
    6.393202394247E-02));
#2740 = VECTOR('',#2741,1.);
#2741 = DIRECTION('',(0.,-0.83867054239,-0.544639074367));
#2742 = PLANE('',#2743);
#2743 = AXIS2_PLACEMENT_3D('',#2744,#2745,#2746);
#2744 = CARTESIAN_POINT('',(-34.63542426937,-1.746072994048,
    -9.661060632842E-02));
#2745 = DIRECTION('',(0.,-0.544639074367,0.83867054239));
#2746 = DIRECTION('',(0.,0.83867054239,0.544639074367));
#2747 = ADVANCED_FACE('',(#2748),#2765,.T.);
#2748 = FACE_BOUND('',#2749,.T.);
#2749 = EDGE_LOOP('',(#2750,#2758,#2764));
#2750 = ORIENTED_EDGE('',*,*,#2751,.F.);
#2751 = EDGE_CURVE('',#2752,#894,#2754,.T.);
#2752 = VERTEX_POINT('',#2753);
#2753 = CARTESIAN_POINT('',(-34.09999847412,-1.49885904789,
    6.393202394247E-02));
#2754 = LINE('',#2755,#2756);
#2755 = CARTESIAN_POINT('',(-34.09999847412,-1.49885904789,
    6.393202394247E-02));
#2756 = VECTOR('',#2757,1.);
#2757 = DIRECTION('',(0.,-0.838670448884,-0.544639218353));
#2758 = ORIENTED_EDGE('',*,*,#2759,.T.);
#2759 = EDGE_CURVE('',#2752,#2707,#2760,.T.);
#2760 = LINE('',#2761,#2762);
#2761 = CARTESIAN_POINT('',(-34.09999847412,-1.49885904789,
    6.393202394247E-02));
#2762 = VECTOR('',#2763,1.);
#2763 = DIRECTION('',(-1.,0.,0.));
#2764 = ORIENTED_EDGE('',*,*,#2706,.F.);
#2765 = PLANE('',#2766);
#2766 = AXIS2_PLACEMENT_3D('',#2767,#2768,#2769);
#2767 = CARTESIAN_POINT('',(-34.53582951442,-1.571258968459,
    1.691494327597E-02));
#2768 = DIRECTION('',(0.,-0.544639218353,0.838670448884));
#2769 = DIRECTION('',(0.,0.838670448884,0.544639218353));
#2770 = ADVANCED_FACE('',(#2771),#2795,.T.);
#2771 = FACE_BOUND('',#2772,.T.);
#2772 = EDGE_LOOP('',(#2773,#2781,#2789));
#2773 = ORIENTED_EDGE('',*,*,#2774,.T.);
#2774 = EDGE_CURVE('',#2775,#1946,#2777,.T.);
#2775 = VERTEX_POINT('',#2776);
#2776 = CARTESIAN_POINT('',(-30.17645835876,8.215757369995,
    -2.099999904633));
#2777 = LINE('',#2778,#2779);
#2778 = CARTESIAN_POINT('',(-30.17645835876,8.215757369995,
    -2.099999904633));
#2779 = VECTOR('',#2780,1.);
#2780 = DIRECTION('',(5.888442677109E-02,-0.560250875414,0.826227317923)
  );
#2781 = ORIENTED_EDGE('',*,*,#2782,.T.);
#2782 = EDGE_CURVE('',#1946,#2783,#2785,.T.);
#2783 = VERTEX_POINT('',#2784);
#2784 = CARTESIAN_POINT('',(-30.4795589447,8.167751312256,
    -2.099999904633));
#2785 = LINE('',#2786,#2787);
#2786 = CARTESIAN_POINT('',(-30.03392028808,6.859591007233,
    -0.10000000149));
#2787 = VECTOR('',#2788,1.);
#2788 = DIRECTION('',(-0.18331315931,0.538110854697,-0.8226986044));
#2789 = ORIENTED_EDGE('',*,*,#2790,.F.);
#2790 = EDGE_CURVE('',#2775,#2783,#2791,.T.);
#2791 = LINE('',#2792,#2793);
#2792 = CARTESIAN_POINT('',(-30.17645835876,8.215757369995,
    -2.099999904633));
#2793 = VECTOR('',#2794,1.);
#2794 = DIRECTION('',(-0.987688521308,-0.156433324059,0.));
#2795 = PLANE('',#2796);
#2796 = AXIS2_PLACEMENT_3D('',#2797,#2798,#2799);
#2797 = CARTESIAN_POINT('',(-30.18986455391,7.565273323109,
    -1.159489358671));
#2798 = DIRECTION('',(0.129305695144,-0.816410132572,-0.562809499419));
#2799 = DIRECTION('',(1.387778780781E-17,0.567574412196,-0.823322103809)
  );
#2800 = ADVANCED_FACE('',(#2801),#2811,.T.);
#2801 = FACE_BOUND('',#2802,.T.);
#2802 = EDGE_LOOP('',(#2803,#2804,#2805));
#2803 = ORIENTED_EDGE('',*,*,#2782,.F.);
#2804 = ORIENTED_EDGE('',*,*,#1945,.F.);
#2805 = ORIENTED_EDGE('',*,*,#2806,.F.);
#2806 = EDGE_CURVE('',#2783,#1938,#2807,.T.);
#2807 = LINE('',#2808,#2809);
#2808 = CARTESIAN_POINT('',(-30.4795589447,8.167751312256,
    -2.099999904633));
#2809 = VECTOR('',#2810,1.);
#2810 = DIRECTION('',(0.117124301461,-0.551026682254,0.826227265013));
#2811 = PLANE('',#2812);
#2812 = AXIS2_PLACEMENT_3D('',#2813,#2814,#2815);
#2813 = CARTESIAN_POINT('',(-30.29122096007,7.485650013152,
    -1.067274703817));
#2814 = DIRECTION('',(0.129306453197,-0.816409969567,-0.56280956171));
#2815 = DIRECTION('',(6.938893903907E-18,0.567574531594,-0.823322021499)
  );
#2816 = ADVANCED_FACE('',(#2817),#2834,.T.);
#2817 = FACE_BOUND('',#2818,.T.);
#2818 = EDGE_LOOP('',(#2819,#2820,#2828));
#2819 = ORIENTED_EDGE('',*,*,#2806,.T.);
#2820 = ORIENTED_EDGE('',*,*,#2821,.T.);
#2821 = EDGE_CURVE('',#1938,#2822,#2824,.T.);
#2822 = VERTEX_POINT('',#2823);
#2823 = CARTESIAN_POINT('',(-30.77598190307,8.088324546814,
    -2.099999904633));
#2824 = LINE('',#2825,#2826);
#2825 = CARTESIAN_POINT('',(-30.19604301452,6.833913326263,
    -0.10000000149));
#2826 = VECTOR('',#2827,1.);
#2827 = DIRECTION('',(-0.238557480205,0.516001230171,-0.822698644158));
#2828 = ORIENTED_EDGE('',*,*,#2829,.F.);
#2829 = EDGE_CURVE('',#2783,#2822,#2830,.T.);
#2830 = LINE('',#2831,#2832);
#2831 = CARTESIAN_POINT('',(-30.4795589447,8.167751312256,
    -2.099999904633));
#2832 = VECTOR('',#2833,1.);
#2833 = DIRECTION('',(-0.965925440854,-0.258820483561,0.));
#2834 = PLANE('',#2835);
#2835 = AXIS2_PLACEMENT_3D('',#2836,#2837,#2838);
#2836 = CARTESIAN_POINT('',(-30.42489751255,7.519429138672,
    -1.159489546733));
#2837 = DIRECTION('',(0.213937546894,-0.798421038612,-0.562809533618));
#2838 = DIRECTION('',(-1.387778780781E-17,0.576148913412,-0.817344743406
    ));
#2839 = ADVANCED_FACE('',(#2840),#2850,.T.);
#2840 = FACE_BOUND('',#2841,.T.);
#2841 = EDGE_LOOP('',(#2842,#2843,#2844));
#2842 = ORIENTED_EDGE('',*,*,#2821,.F.);
#2843 = ORIENTED_EDGE('',*,*,#1937,.F.);
#2844 = ORIENTED_EDGE('',*,*,#2845,.F.);
#2845 = EDGE_CURVE('',#2822,#1930,#2846,.T.);
#2846 = LINE('',#2847,#2848);
#2847 = CARTESIAN_POINT('',(-30.77598190307,8.088324546814,
    -2.099999904633));
#2848 = VECTOR('',#2849,1.);
#2849 = DIRECTION('',(0.174080629934,-0.535765113708,0.82622737622));
#2850 = PLANE('',#2851);
#2851 = AXIS2_PLACEMENT_3D('',#2852,#2853,#2854);
#2852 = CARTESIAN_POINT('',(-30.51737621265,7.429646730713,
    -1.067274382162));
#2853 = DIRECTION('',(0.213935823298,-0.798421603156,-0.562809387913));
#2854 = DIRECTION('',(0.,0.576148541615,-0.817345005487));
#2855 = ADVANCED_FACE('',(#2856),#2873,.T.);
#2856 = FACE_BOUND('',#2857,.T.);
#2857 = EDGE_LOOP('',(#2858,#2859,#2867));
#2858 = ORIENTED_EDGE('',*,*,#2845,.T.);
#2859 = ORIENTED_EDGE('',*,*,#2860,.T.);
#2860 = EDGE_CURVE('',#1930,#2861,#2863,.T.);
#2861 = VERTEX_POINT('',#2862);
#2862 = CARTESIAN_POINT('',(-31.06247711181,7.978349208832,
    -2.099999904633));
#2863 = LINE('',#2864,#2865);
#2864 = CARTESIAN_POINT('',(-30.35459518432,6.791429519653,
    -0.10000000149));
#2865 = VECTOR('',#2866,1.);
#2866 = DIRECTION('',(-0.291186800879,0.488238693164,-0.822698745283));
#2867 = ORIENTED_EDGE('',*,*,#2868,.F.);
#2868 = EDGE_CURVE('',#2822,#2861,#2869,.T.);
#2869 = LINE('',#2870,#2871);
#2870 = CARTESIAN_POINT('',(-30.77598190307,8.088324546814,
    -2.099999904633));
#2871 = VECTOR('',#2872,1.);
#2872 = DIRECTION('',(-0.933580283529,-0.358368321991,0.));
#2873 = PLANE('',#2874);
#2874 = AXIS2_PLACEMENT_3D('',#2875,#2876,#2877);
#2875 = CARTESIAN_POINT('',(-30.65385134338,7.449267948301,
    -1.159489226662));
#2876 = DIRECTION('',(0.296222491696,-0.771685053659,-0.562809393466));
#2877 = DIRECTION('',(0.,0.589255804431,-0.807946530993));
#2878 = ADVANCED_FACE('',(#2879),#2889,.T.);
#2879 = FACE_BOUND('',#2880,.T.);
#2880 = EDGE_LOOP('',(#2881,#2882,#2883));
#2881 = ORIENTED_EDGE('',*,*,#2860,.F.);
#2882 = ORIENTED_EDGE('',*,*,#1929,.F.);
#2883 = ORIENTED_EDGE('',*,*,#2884,.F.);
#2884 = EDGE_CURVE('',#2861,#1922,#2885,.T.);
#2885 = LINE('',#2886,#2887);
#2886 = CARTESIAN_POINT('',(-31.06247711181,7.978349208832,
    -2.099999904633));
#2887 = VECTOR('',#2888,1.);
#2888 = DIRECTION('',(0.229129324038,-0.514633849449,0.826227422607));
#2889 = PLANE('',#2890);
#2890 = AXIS2_PLACEMENT_3D('',#2891,#2892,#2893);
#2891 = CARTESIAN_POINT('',(-30.73643823351,7.350311300857,
    -1.067274525838));
#2892 = DIRECTION('',(0.296221877522,-0.77168532885,-0.5628093394));
#2893 = DIRECTION('',(0.,0.589255630308,-0.807946657986));
#2894 = ADVANCED_FACE('',(#2895),#2912,.T.);
#2895 = FACE_BOUND('',#2896,.T.);
#2896 = EDGE_LOOP('',(#2897,#2898,#2906));
#2897 = ORIENTED_EDGE('',*,*,#2884,.T.);
#2898 = ORIENTED_EDGE('',*,*,#2899,.T.);
#2899 = EDGE_CURVE('',#1922,#2900,#2902,.T.);
#2900 = VERTEX_POINT('',#2901);
#2901 = CARTESIAN_POINT('',(-31.33590888977,7.839028835297,
    -2.099999904633));
#2902 = LINE('',#2903,#2904);
#2903 = CARTESIAN_POINT('',(-30.50783729553,6.732605457306,
    -0.10000000149));
#2904 = VECTOR('',#2905,1.);
#2905 = DIRECTION('',(-0.340626744847,0.455126581192,-0.822698739386));
#2906 = ORIENTED_EDGE('',*,*,#2907,.F.);
#2907 = EDGE_CURVE('',#2861,#2900,#2908,.T.);
#2908 = LINE('',#2909,#2910);
#2909 = CARTESIAN_POINT('',(-31.06247711181,7.978349208832,
    -2.099999904633));
#2910 = VECTOR('',#2911,1.);
#2911 = DIRECTION('',(-0.89100662441,-0.453990303043,0.));
#2912 = PLANE('',#2913);
#2913 = AXIS2_PLACEMENT_3D('',#2914,#2915,#2916);
#2914 = CARTESIAN_POINT('',(-30.87421696191,7.355559497664,
    -1.159489532239));
#2915 = DIRECTION('',(0.375262371681,-0.736494274918,-0.562809324207));
#2916 = DIRECTION('',(0.,0.607183094723,-0.794561948171));
#2917 = ADVANCED_FACE('',(#2918),#2928,.T.);
#2918 = FACE_BOUND('',#2919,.T.);
#2919 = EDGE_LOOP('',(#2920,#2921,#2922));
#2920 = ORIENTED_EDGE('',*,*,#2899,.F.);
#2921 = ORIENTED_EDGE('',*,*,#1921,.F.);
#2922 = ORIENTED_EDGE('',*,*,#2923,.F.);
#2923 = EDGE_CURVE('',#2900,#1914,#2924,.T.);
#2924 = LINE('',#2925,#2926);
#2925 = CARTESIAN_POINT('',(-31.33590888977,7.839028835297,
    -2.099999904633));
#2926 = VECTOR('',#2927,1.);
#2927 = DIRECTION('',(0.281668369499,-0.487863950393,0.826227387304));
#2928 = PLANE('',#2929);
#2929 = AXIS2_PLACEMENT_3D('',#2930,#2931,#2932);
#2930 = CARTESIAN_POINT('',(-30.94600787189,7.24851193558,
    -1.067274559897));
#2931 = DIRECTION('',(0.375263256577,-0.736493761226,-0.562809406405));
#2932 = DIRECTION('',(-2.775557561563E-17,0.607183418077,-0.794561701073
    ));
#2933 = ADVANCED_FACE('',(#2934),#2951,.T.);
#2934 = FACE_BOUND('',#2935,.T.);
#2935 = EDGE_LOOP('',(#2936,#2937,#2945));
#2936 = ORIENTED_EDGE('',*,*,#2923,.T.);
#2937 = ORIENTED_EDGE('',*,*,#2938,.T.);
#2938 = EDGE_CURVE('',#1914,#2939,#2941,.T.);
#2939 = VERTEX_POINT('',#2940);
#2940 = CARTESIAN_POINT('',(-31.59327888488,7.671890735626,
    -2.099999904633));
#2941 = LINE('',#2942,#2943);
#2942 = CARTESIAN_POINT('',(-30.65409088134,6.658085346222,
    -0.10000000149));
#2943 = VECTOR('',#2944,1.);
#2944 = DIRECTION('',(-0.386334404896,0.417028220462,-0.82269872428));
#2945 = ORIENTED_EDGE('',*,*,#2946,.F.);
#2946 = EDGE_CURVE('',#2900,#2939,#2947,.T.);
#2947 = LINE('',#2948,#2949);
#2948 = CARTESIAN_POINT('',(-31.33590888977,7.839028835297,
    -2.099999904633));
#2949 = VECTOR('',#2950,1.);
#2950 = DIRECTION('',(-0.838670462891,-0.544639196785,0.));
#2951 = PLANE('',#2952);
#2952 = AXIS2_PLACEMENT_3D('',#2953,#2954,#2955);
#2953 = CARTESIAN_POINT('',(-31.0835800488,7.23932953468,-1.159489338951
    ));
#2954 = DIRECTION('',(0.450191525519,-0.69323386441,-0.562809381216));
#2955 = DIRECTION('',(2.775557561563E-17,0.630293649811,-0.776356821963)
  );
#2956 = ADVANCED_FACE('',(#2957),#2967,.T.);
#2957 = FACE_BOUND('',#2958,.T.);
#2958 = EDGE_LOOP('',(#2959,#2960,#2961));
#2959 = ORIENTED_EDGE('',*,*,#2938,.F.);
#2960 = ORIENTED_EDGE('',*,*,#1913,.F.);
#2961 = ORIENTED_EDGE('',*,*,#2962,.F.);
#2962 = EDGE_CURVE('',#2939,#1906,#2963,.T.);
#2963 = LINE('',#2964,#2965);
#2964 = CARTESIAN_POINT('',(-31.59327888488,7.671890735626,
    -2.099999904633));
#2965 = VECTOR('',#2966,1.);
#2966 = DIRECTION('',(0.33112099146,-0.455749163262,0.826227322957));
#2967 = PLANE('',#2968);
#2968 = AXIS2_PLACEMENT_3D('',#2969,#2970,#2971);
#2969 = CARTESIAN_POINT('',(-31.14378797732,7.125364336397,
    -1.067274538422));
#2970 = DIRECTION('',(0.450193070771,-0.69323273612,-0.562809534924));
#2971 = DIRECTION('',(-2.775557561563E-17,0.630294371875,-0.776356235747
    ));
#2972 = ADVANCED_FACE('',(#2973),#2990,.T.);
#2973 = FACE_BOUND('',#2974,.T.);
#2974 = EDGE_LOOP('',(#2975,#2976,#2984));
#2975 = ORIENTED_EDGE('',*,*,#2962,.T.);
#2976 = ORIENTED_EDGE('',*,*,#2977,.T.);
#2977 = EDGE_CURVE('',#1906,#2978,#2980,.T.);
#2978 = VERTEX_POINT('',#2979);
#2979 = CARTESIAN_POINT('',(-31.83176994323,7.478765487671,
    -2.099999904633));
#2980 = LINE('',#2981,#2982);
#2981 = CARTESIAN_POINT('',(-30.79175376892,6.568685531616,
    -0.10000000149));
#2982 = VECTOR('',#2983,1.);
#2983 = DIRECTION('',(-0.427809876876,0.374360710498,-0.822698467048));
#2984 = ORIENTED_EDGE('',*,*,#2985,.F.);
#2985 = EDGE_CURVE('',#2939,#2978,#2986,.T.);
#2986 = LINE('',#2987,#2988);
#2987 = CARTESIAN_POINT('',(-31.59327888488,7.671890735626,
    -2.099999904633));
#2988 = VECTOR('',#2989,1.);
#2989 = DIRECTION('',(-0.777147560181,-0.629318416785,0.));
#2990 = PLANE('',#2991);
#2991 = AXIS2_PLACEMENT_3D('',#2992,#2993,#2994);
#2992 = CARTESIAN_POINT('',(-31.27964725681,7.101852045049,
    -1.159489591667));
#2993 = DIRECTION('',(0.520186181698,-0.642379773362,-0.562809526523));
#2994 = DIRECTION('',(2.775557561563E-17,0.658986737351,-0.752154558582)
  );
#2995 = ADVANCED_FACE('',(#2996),#3006,.T.);
#2996 = FACE_BOUND('',#2997,.T.);
#2997 = EDGE_LOOP('',(#2998,#2999,#3000));
#2998 = ORIENTED_EDGE('',*,*,#2977,.F.);
#2999 = ORIENTED_EDGE('',*,*,#1905,.F.);
#3000 = ORIENTED_EDGE('',*,*,#3001,.F.);
#3001 = EDGE_CURVE('',#2978,#1898,#3002,.T.);
#3002 = LINE('',#3003,#3004);
#3003 = CARTESIAN_POINT('',(-31.83176994323,7.478765487671,
    -2.099999904633));
#3004 = VECTOR('',#3005,1.);
#3005 = DIRECTION('',(0.376945924323,-0.418640790735,0.826227364876));
#3006 = PLANE('',#3007);
#3007 = AXIS2_PLACEMENT_3D('',#3008,#3009,#3010);
#3008 = CARTESIAN_POINT('',(-31.32761329339,6.982217617903,
    -1.067274400293));
#3009 = DIRECTION('',(0.520184049604,-0.642381702255,-0.56280929554));
#3010 = DIRECTION('',(2.775557561563E-17,0.658985464889,-0.752155673425)
  );
#3011 = ADVANCED_FACE('',(#3012),#3029,.T.);
#3012 = FACE_BOUND('',#3013,.T.);
#3013 = EDGE_LOOP('',(#3014,#3022,#3023));
#3014 = ORIENTED_EDGE('',*,*,#3015,.F.);
#3015 = EDGE_CURVE('',#2978,#3016,#3018,.T.);
#3016 = VERTEX_POINT('',#3017);
#3017 = CARTESIAN_POINT('',(-32.04876708984,7.261769294739,
    -2.099999904633));
#3018 = LINE('',#3019,#3020);
#3019 = CARTESIAN_POINT('',(-31.83176994323,7.478765487671,
    -2.099999904633));
#3020 = VECTOR('',#3021,1.);
#3021 = DIRECTION('',(-0.70710833501,-0.70710522736,0.));
#3022 = ORIENTED_EDGE('',*,*,#3001,.T.);
#3023 = ORIENTED_EDGE('',*,*,#3024,.T.);
#3024 = EDGE_CURVE('',#1898,#3016,#3025,.T.);
#3025 = LINE('',#3026,#3027);
#3026 = CARTESIAN_POINT('',(-30.91931915283,6.465386390686,
    -0.10000000149));
#3027 = VECTOR('',#3028,1.);
#3028 = DIRECTION('',(-0.464597597021,0.327591535127,-0.822698522519));
#3029 = PLANE('',#3030);
#3030 = AXIS2_PLACEMENT_3D('',#3031,#3032,#3033);
#3031 = CARTESIAN_POINT('',(-31.46027094774,6.944633192749,
    -1.159489524593));
#3032 = DIRECTION('',(0.584483748286,-0.584486317027,-0.562809464382));
#3033 = DIRECTION('',(-0.70710833501,-0.70710522736,-2.775557561563E-17)
  );
#3034 = ADVANCED_FACE('',(#3035),#3045,.T.);
#3035 = FACE_BOUND('',#3036,.T.);
#3036 = EDGE_LOOP('',(#3037,#3038,#3039));
#3037 = ORIENTED_EDGE('',*,*,#3024,.F.);
#3038 = ORIENTED_EDGE('',*,*,#1897,.F.);
#3039 = ORIENTED_EDGE('',*,*,#3040,.F.);
#3040 = EDGE_CURVE('',#3016,#1890,#3041,.T.);
#3041 = LINE('',#3042,#3043);
#3042 = CARTESIAN_POINT('',(-32.04876708984,7.261769294739,
    -2.099999904633));
#3043 = VECTOR('',#3044,1.);
#3044 = DIRECTION('',(0.418641115663,-0.376945862151,0.826227228602));
#3045 = PLANE('',#3046);
#3046 = AXIS2_PLACEMENT_3D('',#3047,#3048,#3049);
#3047 = CARTESIAN_POINT('',(-31.49546876232,6.820640336491,
    -1.067274478901));
#3048 = DIRECTION('',(0.584484962298,-0.584484962298,-0.562809610522));
#3049 = DIRECTION('',(0.707106781187,0.707106781187,0.));
#3050 = ADVANCED_FACE('',(#3051),#3075,.T.);
#3051 = FACE_BOUND('',#3052,.T.);
#3052 = EDGE_LOOP('',(#3053,#3063,#3069));
#3053 = ORIENTED_EDGE('',*,*,#3054,.F.);
#3054 = EDGE_CURVE('',#3055,#3057,#3059,.T.);
#3055 = VERTEX_POINT('',#3056);
#3056 = CARTESIAN_POINT('',(-32.24188995361,7.023279666901,
    -2.099999904633));
#3057 = VERTEX_POINT('',#3058);
#3058 = CARTESIAN_POINT('',(-32.4090309143,6.765909194946,
    -2.099999904633));
#3059 = LINE('',#3060,#3061);
#3060 = CARTESIAN_POINT('',(-32.24188995361,7.023279666901,
    -2.099999904633));
#3061 = VECTOR('',#3062,1.);
#3062 = DIRECTION('',(-0.544645044475,-0.838666665326,0.));
#3063 = ORIENTED_EDGE('',*,*,#3064,.T.);
#3064 = EDGE_CURVE('',#3055,#1882,#3065,.T.);
#3065 = LINE('',#3066,#3067);
#3066 = CARTESIAN_POINT('',(-32.24188995361,7.023279666901,
    -2.099999904633));
#3067 = VECTOR('',#3068,1.);
#3068 = DIRECTION('',(0.455748977463,-0.331121196577,0.826227343241));
#3069 = ORIENTED_EDGE('',*,*,#3070,.T.);
#3070 = EDGE_CURVE('',#1882,#3057,#3071,.T.);
#3071 = LINE('',#3072,#3073);
#3072 = CARTESIAN_POINT('',(-31.13868522644,6.221754074097,
    -0.10000000149));
#3073 = VECTOR('',#3074,1.);
#3074 = DIRECTION('',(-0.522555582632,0.22383773089,-0.822698203043));
#3075 = PLANE('',#3076);
#3076 = AXIS2_PLACEMENT_3D('',#3077,#3078,#3079);
#3077 = CARTESIAN_POINT('',(-31.76745740776,6.578058278921,
    -1.15948967671));
#3078 = DIRECTION('',(0.693230606592,-0.45019628199,-0.562809589263));
#3079 = DIRECTION('',(0.630295575552,0.,0.776355258525));
#3080 = ADVANCED_FACE('',(#3081),#3091,.T.);
#3081 = FACE_BOUND('',#3082,.T.);
#3082 = EDGE_LOOP('',(#3083,#3084,#3085));
#3083 = ORIENTED_EDGE('',*,*,#3070,.F.);
#3084 = ORIENTED_EDGE('',*,*,#1881,.F.);
#3085 = ORIENTED_EDGE('',*,*,#3086,.F.);
#3086 = EDGE_CURVE('',#3057,#1874,#3087,.T.);
#3087 = LINE('',#3088,#3089);
#3088 = CARTESIAN_POINT('',(-32.4090309143,6.765909194946,
    -2.099999904633));
#3089 = VECTOR('',#3090,1.);
#3090 = DIRECTION('',(0.487864823938,-0.281668388443,0.826226865041));
#3091 = PLANE('',#3092);
#3092 = AXIS2_PLACEMENT_3D('',#3093,#3094,#3095);
#3093 = CARTESIAN_POINT('',(-31.77610674877,6.449456905676,
    -1.067274530187));
#3094 = DIRECTION('',(0.693234184548,-0.4501900508,-0.562810166517));
#3095 = DIRECTION('',(0.630294004451,-2.775557561563E-17,0.776356534044)
  );
#3096 = ADVANCED_FACE('',(#3097),#3121,.T.);
#3097 = FACE_BOUND('',#3098,.T.);
#3098 = EDGE_LOOP('',(#3099,#3109,#3115));
#3099 = ORIENTED_EDGE('',*,*,#3100,.F.);
#3100 = EDGE_CURVE('',#3101,#3103,#3105,.T.);
#3101 = VERTEX_POINT('',#3102);
#3102 = CARTESIAN_POINT('',(-32.54834747314,6.492477893829,
    -2.099999904633));
#3103 = VERTEX_POINT('',#3104);
#3104 = CARTESIAN_POINT('',(-32.65832519531,6.205981731415,
    -2.099999904633));
#3105 = LINE('',#3106,#3107);
#3106 = CARTESIAN_POINT('',(-32.54834747314,6.492477893829,
    -2.099999904633));
#3107 = VECTOR('',#3108,1.);
#3108 = DIRECTION('',(-0.358374053622,-0.933578083339,0.));
#3109 = ORIENTED_EDGE('',*,*,#3110,.T.);
#3110 = EDGE_CURVE('',#3101,#1866,#3111,.T.);
#3111 = LINE('',#3112,#3113);
#3112 = CARTESIAN_POINT('',(-32.54834747314,6.492477893829,
    -2.099999904633));
#3113 = VECTOR('',#3114,1.);
#3114 = DIRECTION('',(0.51463351336,-0.229129743787,0.826227515542));
#3115 = ORIENTED_EDGE('',*,*,#3116,.T.);
#3116 = EDGE_CURVE('',#1866,#3103,#3117,.T.);
#3117 = LINE('',#3118,#3119);
#3118 = CARTESIAN_POINT('',(-31.30260467529,5.937837123871,
    -0.10000000149));
#3119 = VECTOR('',#3120,1.);
#3120 = DIRECTION('',(-0.557674600685,0.110301079559,-0.822698432962));
#3121 = PLANE('',#3122);
#3122 = AXIS2_PLACEMENT_3D('',#3123,#3124,#3125);
#3123 = CARTESIAN_POINT('',(-31.99171584423,6.15562608644,
    -1.159489538831));
#3124 = DIRECTION('',(0.771683278788,-0.29622724619,-0.562809324597));
#3125 = DIRECTION('',(0.589256642063,0.,0.807945920086));
#3126 = ADVANCED_FACE('',(#3127),#3137,.T.);
#3127 = FACE_BOUND('',#3128,.T.);
#3128 = EDGE_LOOP('',(#3129,#3130,#3131));
#3129 = ORIENTED_EDGE('',*,*,#3116,.F.);
#3130 = ORIENTED_EDGE('',*,*,#1865,.F.);
#3131 = ORIENTED_EDGE('',*,*,#3132,.F.);
#3132 = EDGE_CURVE('',#3103,#1858,#3133,.T.);
#3133 = LINE('',#3134,#3135);
#3134 = CARTESIAN_POINT('',(-32.65832519531,6.205981731415,
    -2.099999904633));
#3135 = VECTOR('',#3136,1.);
#3136 = DIRECTION('',(0.535765394595,-0.174080593189,0.826227201821));
#3137 = PLANE('',#3138);
#3138 = AXIS2_PLACEMENT_3D('',#3139,#3140,#3141);
#3139 = CARTESIAN_POINT('',(-31.97343861011,6.028036896921,
    -1.067274503125));
#3140 = DIRECTION('',(0.771684355631,-0.296223905157,-0.562809606606));
#3141 = DIRECTION('',(0.58925629804,0.,0.807946170991));
#3142 = ADVANCED_FACE('',(#3143),#3160,.T.);
#3143 = FACE_BOUND('',#3144,.T.);
#3144 = EDGE_LOOP('',(#3145,#3153,#3154));
#3145 = ORIENTED_EDGE('',*,*,#3146,.F.);
#3146 = EDGE_CURVE('',#3103,#3147,#3149,.T.);
#3147 = VERTEX_POINT('',#3148);
#3148 = CARTESIAN_POINT('',(-32.73775100708,5.909559249878,
    -2.099999904633));
#3149 = LINE('',#3150,#3151);
#3150 = CARTESIAN_POINT('',(-32.65832519531,6.205981731415,
    -2.099999904633));
#3151 = VECTOR('',#3152,1.);
#3152 = DIRECTION('',(-0.25881797254,-0.965926113681,0.));
#3153 = ORIENTED_EDGE('',*,*,#3132,.T.);
#3154 = ORIENTED_EDGE('',*,*,#3155,.T.);
#3155 = EDGE_CURVE('',#1858,#3147,#3156,.T.);
#3156 = LINE('',#3157,#3158);
#3157 = CARTESIAN_POINT('',(-31.36142921447,5.784595012665,
    -0.10000000149));
#3158 = VECTOR('',#3159,1.);
#3159 = DIRECTION('',(-0.566149010472,5.140395191216E-02,-0.822698566712
    ));
#3160 = PLANE('',#3161);
#3161 = AXIS2_PLACEMENT_3D('',#3162,#3163,#3164);
#3162 = CARTESIAN_POINT('',(-32.06953069434,5.929159133835,
    -1.159489412982));
#3163 = DIRECTION('',(0.798421524927,-0.213935452605,-0.5628096398));
#3164 = DIRECTION('',(0.576148751589,1.387778780781E-17,0.817344857476)
  );
#3165 = ADVANCED_FACE('',(#3166),#3176,.T.);
#3166 = FACE_BOUND('',#3167,.T.);
#3167 = EDGE_LOOP('',(#3168,#3169,#3170));
#3168 = ORIENTED_EDGE('',*,*,#3155,.F.);
#3169 = ORIENTED_EDGE('',*,*,#1857,.F.);
#3170 = ORIENTED_EDGE('',*,*,#3171,.F.);
#3171 = EDGE_CURVE('',#3147,#1850,#3172,.T.);
#3172 = LINE('',#3173,#3174);
#3173 = CARTESIAN_POINT('',(-32.73775100708,5.909559249878,
    -2.099999904633));
#3174 = VECTOR('',#3175,1.);
#3175 = DIRECTION('',(0.551026545078,-0.117124314174,0.826227354697));
#3176 = PLANE('',#3177);
#3177 = AXIS2_PLACEMENT_3D('',#3178,#3179,#3180);
#3178 = CARTESIAN_POINT('',(-32.0380163625,5.804179329255,
    -1.067274449089));
#3179 = DIRECTION('',(0.798420849829,-0.213938666062,-0.562809376007));
#3180 = DIRECTION('',(0.576148896632,1.387778780781E-17,0.817344755235)
  );
#3181 = ADVANCED_FACE('',(#3182),#3199,.T.);
#3182 = FACE_BOUND('',#3183,.T.);
#3183 = EDGE_LOOP('',(#3184,#3192,#3193));
#3184 = ORIENTED_EDGE('',*,*,#3185,.F.);
#3185 = EDGE_CURVE('',#3147,#3186,#3188,.T.);
#3186 = VERTEX_POINT('',#3187);
#3187 = CARTESIAN_POINT('',(-32.78575897216,5.60645866394,
    -2.099999904633));
#3188 = LINE('',#3189,#3190);
#3189 = CARTESIAN_POINT('',(-32.73775100708,5.909559249878,
    -2.099999904633));
#3190 = VECTOR('',#3191,1.);
#3191 = DIRECTION('',(-0.15643938727,-0.987687560978,0.));
#3192 = ORIENTED_EDGE('',*,*,#3171,.T.);
#3193 = ORIENTED_EDGE('',*,*,#3194,.T.);
#3194 = EDGE_CURVE('',#1850,#3186,#3195,.T.);
#3195 = LINE('',#3196,#3197);
#3196 = CARTESIAN_POINT('',(-31.40391349792,5.626043319702,
    -0.10000000149));
#3197 = VECTOR('',#3198,1.);
#3198 = DIRECTION('',(-0.568421041488,-8.056132637658E-03,
    -0.822698376272));
#3199 = PLANE('',#3200);
#3200 = AXIS2_PLACEMENT_3D('',#3201,#3202,#3203);
#3201 = CARTESIAN_POINT('',(-32.12324702807,5.695798896252,
    -1.15948940654));
#3202 = DIRECTION('',(0.816409315823,-0.129310703278,-0.562809533551));
#3203 = DIRECTION('',(0.567574820424,-6.938893903907E-18,0.823321822388)
  );
#3204 = ADVANCED_FACE('',(#3205),#3215,.T.);
#3205 = FACE_BOUND('',#3206,.T.);
#3206 = EDGE_LOOP('',(#3207,#3208,#3209));
#3207 = ORIENTED_EDGE('',*,*,#3194,.F.);
#3208 = ORIENTED_EDGE('',*,*,#1849,.F.);
#3209 = ORIENTED_EDGE('',*,*,#3210,.F.);
#3210 = EDGE_CURVE('',#3186,#1842,#3211,.T.);
#3211 = LINE('',#3212,#3213);
#3212 = CARTESIAN_POINT('',(-32.78575897216,5.60645866394,
    -2.099999904633));
#3213 = VECTOR('',#3214,1.);
#3214 = DIRECTION('',(0.560251538202,-5.888478688749E-02,0.826226842832)
  );
#3215 = PLANE('',#3216);
#3216 = AXIS2_PLACEMENT_3D('',#3217,#3218,#3219);
#3217 = CARTESIAN_POINT('',(-32.07884148359,5.574798031483,
    -1.067274563407));
#3218 = DIRECTION('',(0.816410318075,-0.129300945322,-0.562810321583));
#3219 = DIRECTION('',(0.567574886807,6.938893903907E-18,0.823321776626)
  );
#3220 = ADVANCED_FACE('',(#3221),#3238,.T.);
#3221 = FACE_BOUND('',#3222,.T.);
#3222 = EDGE_LOOP('',(#3223,#3231,#3232));
#3223 = ORIENTED_EDGE('',*,*,#3224,.F.);
#3224 = EDGE_CURVE('',#3186,#3225,#3227,.T.);
#3225 = VERTEX_POINT('',#3226);
#3226 = CARTESIAN_POINT('',(-32.80181884765,5.300000190735,
    -2.099999904633));
#3227 = LINE('',#3228,#3229);
#3228 = CARTESIAN_POINT('',(-32.78575897216,5.60645866394,
    -2.099999904633));
#3229 = VECTOR('',#3230,1.);
#3230 = DIRECTION('',(-5.233292579533E-02,-0.998629693569,0.));
#3231 = ORIENTED_EDGE('',*,*,#3210,.T.);
#3232 = ORIENTED_EDGE('',*,*,#3233,.T.);
#3233 = EDGE_CURVE('',#1842,#3225,#3234,.T.);
#3234 = LINE('',#3235,#3236);
#3235 = CARTESIAN_POINT('',(-31.42959022522,5.463919639587,
    -0.10000000149));
#3236 = VECTOR('',#3237,1.);
#3237 = DIRECTION('',(-0.564465133019,-6.742813259256E-02,
    -0.822698341156));
#3238 = PLANE('',#3239);
#3239 = AXIS2_PLACEMENT_3D('',#3240,#3241,#3242);
#3240 = CARTESIAN_POINT('',(-32.15227535151,5.458102363113,
    -1.15948938374));
#3241 = DIRECTION('',(0.825453534885,-4.325767485868E-02,-0.562810123676
    ));
#3242 = DIRECTION('',(0.563337436423,0.,0.826226925684));
#3243 = ADVANCED_FACE('',(#3244),#3254,.T.);
#3244 = FACE_BOUND('',#3245,.T.);
#3245 = EDGE_LOOP('',(#3246,#3247,#3248));
#3246 = ORIENTED_EDGE('',*,*,#3233,.F.);
#3247 = ORIENTED_EDGE('',*,*,#1841,.F.);
#3248 = ORIENTED_EDGE('',*,*,#3249,.F.);
#3249 = EDGE_CURVE('',#3225,#1834,#3250,.T.);
#3250 = LINE('',#3251,#3252);
#3251 = CARTESIAN_POINT('',(-32.80181884765,5.300000190735,
    -2.099999904633));
#3252 = VECTOR('',#3253,1.);
#3253 = DIRECTION('',(0.563337283362,0.,0.826227030043));
#3254 = PLANE('',#3255);
#3255 = AXIS2_PLACEMENT_3D('',#3256,#3257,#3258);
#3256 = CARTESIAN_POINT('',(-32.09546468609,5.342405961898,
    -1.067274558256));
#3257 = DIRECTION('',(0.825453541357,-4.326040830653E-02,-0.562809904084
    ));
#3258 = DIRECTION('',(0.563337283362,-3.469446951954E-18,0.826227030043)
  );
#3259 = ADVANCED_FACE('',(#3260),#3277,.T.);
#3260 = FACE_BOUND('',#3261,.T.);
#3261 = EDGE_LOOP('',(#3262,#3270,#3271));
#3262 = ORIENTED_EDGE('',*,*,#3263,.F.);
#3263 = EDGE_CURVE('',#3225,#3264,#3266,.T.);
#3264 = VERTEX_POINT('',#3265);
#3265 = CARTESIAN_POINT('',(-32.78575897216,4.993541717529,
    -2.099999904633));
#3266 = LINE('',#3267,#3268);
#3267 = CARTESIAN_POINT('',(-32.80181884765,5.300000190735,
    -2.099999904633));
#3268 = VECTOR('',#3269,1.);
#3269 = DIRECTION('',(5.233292579533E-02,-0.998629693569,0.));
#3270 = ORIENTED_EDGE('',*,*,#3249,.T.);
#3271 = ORIENTED_EDGE('',*,*,#3272,.T.);
#3272 = EDGE_CURVE('',#1834,#3264,#3273,.T.);
#3273 = LINE('',#3274,#3275);
#3274 = CARTESIAN_POINT('',(-31.43818092346,5.300000190735,
    -0.10000000149));
#3275 = VECTOR('',#3276,1.);
#3276 = DIRECTION('',(-0.554325026201,-0.126061419116,-0.822698173049));
#3277 = PLANE('',#3278);
#3278 = AXIS2_PLACEMENT_3D('',#3279,#3280,#3281);
#3279 = CARTESIAN_POINT('',(-32.15629901145,5.218673603603,
    -1.159489384336));
#3280 = DIRECTION('',(0.825453638952,4.325768031227E-02,-0.562809970626)
  );
#3281 = DIRECTION('',(0.563337283362,-3.469446951954E-18,0.826227030043)
  );
#3282 = ADVANCED_FACE('',(#3283),#3293,.T.);
#3283 = FACE_BOUND('',#3284,.T.);
#3284 = EDGE_LOOP('',(#3285,#3286,#3287));
#3285 = ORIENTED_EDGE('',*,*,#3272,.F.);
#3286 = ORIENTED_EDGE('',*,*,#1833,.F.);
#3287 = ORIENTED_EDGE('',*,*,#3288,.F.);
#3288 = EDGE_CURVE('',#3264,#1826,#3289,.T.);
#3289 = LINE('',#3290,#3291);
#3290 = CARTESIAN_POINT('',(-32.78575897216,4.993541717529,
    -2.099999904633));
#3291 = VECTOR('',#3292,1.);
#3292 = DIRECTION('',(0.5602515447,5.888459058269E-02,0.826226852416));
#3293 = PLANE('',#3294);
#3294 = AXIS2_PLACEMENT_3D('',#3295,#3296,#3297);
#3295 = CARTESIAN_POINT('',(-32.08770636485,5.109549210386,
    -1.067274473063));
#3296 = DIRECTION('',(0.825453360249,4.326027297209E-02,-0.56281018011)
  );
#3297 = DIRECTION('',(0.563337556343,0.,0.826226843919));
#3298 = ADVANCED_FACE('',(#3299),#3316,.T.);
#3299 = FACE_BOUND('',#3300,.T.);
#3300 = EDGE_LOOP('',(#3301,#3302,#3310));
#3301 = ORIENTED_EDGE('',*,*,#3288,.T.);
#3302 = ORIENTED_EDGE('',*,*,#3303,.T.);
#3303 = EDGE_CURVE('',#1826,#3304,#3306,.T.);
#3304 = VERTEX_POINT('',#3305);
#3305 = CARTESIAN_POINT('',(-32.73775100708,4.690440654755,
    -2.099999904633));
#3306 = LINE('',#3307,#3308);
#3307 = CARTESIAN_POINT('',(-31.42959022522,5.136080265045,
    -0.10000000149));
#3308 = VECTOR('',#3309,1.);
#3309 = DIRECTION('',(-0.53811095535,-0.183313519072,-0.822698458403));
#3310 = ORIENTED_EDGE('',*,*,#3311,.F.);
#3311 = EDGE_CURVE('',#3264,#3304,#3312,.T.);
#3312 = LINE('',#3313,#3314);
#3313 = CARTESIAN_POINT('',(-32.78575897216,4.993541717529,
    -2.099999904633));
#3314 = VECTOR('',#3315,1.);
#3315 = DIRECTION('',(0.156439147183,-0.987687599005,0.));
#3316 = PLANE('',#3317);
#3317 = AXIS2_PLACEMENT_3D('',#3318,#3319,#3320);
#3318 = CARTESIAN_POINT('',(-32.13527337976,4.980135616268,
    -1.159489478235));
#3319 = DIRECTION('',(0.816408988764,0.129310448044,-0.562810066622));
#3320 = DIRECTION('',(0.567575338958,6.938893903907E-18,0.823321464925)
  );
#3321 = ADVANCED_FACE('',(#3322),#3332,.T.);
#3322 = FACE_BOUND('',#3323,.T.);
#3323 = EDGE_LOOP('',(#3324,#3325,#3326));
#3324 = ORIENTED_EDGE('',*,*,#3303,.F.);
#3325 = ORIENTED_EDGE('',*,*,#1825,.F.);
#3326 = ORIENTED_EDGE('',*,*,#3327,.F.);
#3327 = EDGE_CURVE('',#3304,#1818,#3328,.T.);
#3328 = LINE('',#3329,#3330);
#3329 = CARTESIAN_POINT('',(-32.73775100708,4.690440654755,
    -2.099999904633));
#3330 = VECTOR('',#3331,1.);
#3331 = DIRECTION('',(0.551026545078,0.117124314174,0.826227354697));
#3332 = PLANE('',#3333);
#3333 = AXIS2_PLACEMENT_3D('',#3334,#3335,#3336);
#3334 = CARTESIAN_POINT('',(-32.05564960811,4.878778919358,
    -1.06727455204));
#3335 = DIRECTION('',(0.816411008624,0.12930105469,-0.562809294747));
#3336 = DIRECTION('',(0.567573859441,0.,0.823322484862));
#3337 = ADVANCED_FACE('',(#3338),#3355,.T.);
#3338 = FACE_BOUND('',#3339,.T.);
#3339 = EDGE_LOOP('',(#3340,#3341,#3349));
#3340 = ORIENTED_EDGE('',*,*,#3327,.T.);
#3341 = ORIENTED_EDGE('',*,*,#3342,.T.);
#3342 = EDGE_CURVE('',#1818,#3343,#3345,.T.);
#3343 = VERTEX_POINT('',#3344);
#3344 = CARTESIAN_POINT('',(-32.65832519531,4.394018173218,
    -2.099999904633));
#3345 = LINE('',#3346,#3347);
#3346 = CARTESIAN_POINT('',(-31.40391349792,4.97395658493,-0.10000000149
    ));
#3347 = VECTOR('',#3348,1.);
#3348 = DIRECTION('',(-0.516001398237,-0.238557271076,-0.822698599387));
#3349 = ORIENTED_EDGE('',*,*,#3350,.F.);
#3350 = EDGE_CURVE('',#3304,#3343,#3351,.T.);
#3351 = LINE('',#3352,#3353);
#3352 = CARTESIAN_POINT('',(-32.73775100708,4.690440654755,
    -2.099999904633));
#3353 = VECTOR('',#3354,1.);
#3354 = DIRECTION('',(0.25881797254,-0.965926113681,0.));
#3355 = PLANE('',#3356);
#3356 = AXIS2_PLACEMENT_3D('',#3357,#3358,#3359);
#3357 = CARTESIAN_POINT('',(-32.0894292268,4.745102235263,
    -1.159489419261));
#3358 = DIRECTION('',(0.798421645845,0.213935485005,-0.562809455945));
#3359 = DIRECTION('',(0.576148567562,-1.387778780781E-17,0.817344987197)
  );
#3360 = ADVANCED_FACE('',(#3361),#3371,.T.);
#3361 = FACE_BOUND('',#3362,.T.);
#3362 = EDGE_LOOP('',(#3363,#3364,#3365));
#3363 = ORIENTED_EDGE('',*,*,#3342,.F.);
#3364 = ORIENTED_EDGE('',*,*,#1817,.F.);
#3365 = ORIENTED_EDGE('',*,*,#3366,.F.);
#3366 = EDGE_CURVE('',#3343,#1810,#3367,.T.);
#3367 = LINE('',#3368,#3369);
#3368 = CARTESIAN_POINT('',(-32.65832519531,4.394018173218,
    -2.099999904633));
#3369 = VECTOR('',#3370,1.);
#3370 = DIRECTION('',(0.535765376223,0.174080784208,0.826227173488));
#3371 = PLANE('',#3372);
#3372 = AXIS2_PLACEMENT_3D('',#3373,#3374,#3375);
#3373 = CARTESIAN_POINT('',(-31.99964711029,4.652623819796,
    -1.067274540745));
#3374 = DIRECTION('',(0.798420430025,0.213939196987,-0.562809769737));
#3375 = DIRECTION('',(0.576149368274,0.,0.817344422773));
#3376 = ADVANCED_FACE('',(#3377),#3394,.T.);
#3377 = FACE_BOUND('',#3378,.T.);
#3378 = EDGE_LOOP('',(#3379,#3380,#3388));
#3379 = ORIENTED_EDGE('',*,*,#3366,.T.);
#3380 = ORIENTED_EDGE('',*,*,#3381,.T.);
#3381 = EDGE_CURVE('',#1810,#3382,#3384,.T.);
#3382 = VERTEX_POINT('',#3383);
#3383 = CARTESIAN_POINT('',(-32.54834747314,4.107522010803,
    -2.099999904633));
#3384 = LINE('',#3385,#3386);
#3385 = CARTESIAN_POINT('',(-31.36142921447,4.815405368805,
    -0.10000000149));
#3386 = VECTOR('',#3387,1.);
#3387 = DIRECTION('',(-0.488238161337,-0.291187423083,-0.822698840678));
#3388 = ORIENTED_EDGE('',*,*,#3389,.F.);
#3389 = EDGE_CURVE('',#3343,#3382,#3390,.T.);
#3390 = LINE('',#3391,#3392);
#3391 = CARTESIAN_POINT('',(-32.65832519531,4.394018173218,
    -2.099999904633));
#3392 = VECTOR('',#3393,1.);
#3393 = DIRECTION('',(0.358374053622,-0.933578083339,0.));
#3394 = PLANE('',#3395);
#3395 = AXIS2_PLACEMENT_3D('',#3396,#3397,#3398);
#3396 = CARTESIAN_POINT('',(-32.0192677156,4.516148627486,
    -1.159489541168));
#3397 = DIRECTION('',(0.771683123178,0.296227186456,-0.562809569399));
#3398 = DIRECTION('',(0.589256886939,0.,0.807945741492));
#3399 = ADVANCED_FACE('',(#3400),#3410,.T.);
#3400 = FACE_BOUND('',#3401,.T.);
#3401 = EDGE_LOOP('',(#3402,#3403,#3404));
#3402 = ORIENTED_EDGE('',*,*,#3381,.F.);
#3403 = ORIENTED_EDGE('',*,*,#1809,.F.);
#3404 = ORIENTED_EDGE('',*,*,#3405,.F.);
#3405 = EDGE_CURVE('',#3382,#1802,#3406,.T.);
#3406 = LINE('',#3407,#3408);
#3407 = CARTESIAN_POINT('',(-32.54834747314,4.107522010803,
    -2.099999904633));
#3408 = VECTOR('',#3409,1.);
#3409 = DIRECTION('',(0.51463351336,0.229129743787,0.826227515542));
#3410 = PLANE('',#3411);
#3411 = AXIS2_PLACEMENT_3D('',#3412,#3413,#3414);
#3412 = CARTESIAN_POINT('',(-31.92031010649,4.433561543468,
    -1.06727440342));
#3413 = DIRECTION('',(0.771684910929,0.296223196572,-0.56280921817));
#3414 = DIRECTION('',(0.589255755769,0.,0.807946566484));
#3415 = ADVANCED_FACE('',(#3416),#3433,.T.);
#3416 = FACE_BOUND('',#3417,.T.);
#3417 = EDGE_LOOP('',(#3418,#3419,#3427));
#3418 = ORIENTED_EDGE('',*,*,#3405,.T.);
#3419 = ORIENTED_EDGE('',*,*,#3420,.T.);
#3420 = EDGE_CURVE('',#1802,#3421,#3423,.T.);
#3421 = VERTEX_POINT('',#3422);
#3422 = CARTESIAN_POINT('',(-32.4090309143,3.834090948105,
    -2.099999904633));
#3423 = LINE('',#3424,#3425);
#3424 = CARTESIAN_POINT('',(-31.30260467529,4.662162780762,
    -0.10000000149));
#3425 = VECTOR('',#3426,1.);
#3426 = DIRECTION('',(-0.455127499087,-0.340626649091,-0.822698271241));
#3427 = ORIENTED_EDGE('',*,*,#3428,.F.);
#3428 = EDGE_CURVE('',#3382,#3421,#3429,.T.);
#3429 = LINE('',#3430,#3431);
#3430 = CARTESIAN_POINT('',(-32.54834747314,4.107522010803,
    -2.099999904633));
#3431 = VECTOR('',#3432,1.);
#3432 = DIRECTION('',(0.453981377192,-0.8910111723,0.));
#3433 = PLANE('',#3434);
#3434 = AXIS2_PLACEMENT_3D('',#3435,#3436,#3437);
#3435 = CARTESIAN_POINT('',(-31.92555895004,4.295782930751,
    -1.159489087486));
#3436 = DIRECTION('',(0.736497983076,0.375254967671,-0.562809408381));
#3437 = DIRECTION('',(0.607181222029,0.,0.794563379231));
#3438 = ADVANCED_FACE('',(#3439),#3449,.T.);
#3439 = FACE_BOUND('',#3440,.T.);
#3440 = EDGE_LOOP('',(#3441,#3442,#3443));
#3441 = ORIENTED_EDGE('',*,*,#3420,.F.);
#3442 = ORIENTED_EDGE('',*,*,#1801,.F.);
#3443 = ORIENTED_EDGE('',*,*,#3444,.F.);
#3444 = EDGE_CURVE('',#3421,#1794,#3445,.T.);
#3445 = LINE('',#3446,#3447);
#3446 = CARTESIAN_POINT('',(-32.4090309143,3.834090948105,
    -2.099999904633));
#3447 = VECTOR('',#3448,1.);
#3448 = DIRECTION('',(0.487864837473,0.281668297763,0.826226887963));
#3449 = PLANE('',#3450);
#3450 = AXIS2_PLACEMENT_3D('',#3451,#3452,#3453);
#3451 = CARTESIAN_POINT('',(-31.81851254756,4.223992081456,
    -1.067274578467));
#3452 = DIRECTION('',(0.736493305975,0.375263024615,-0.562810156811));
#3453 = DIRECTION('',(0.607184166131,0.,0.794561129429));
#3454 = ADVANCED_FACE('',(#3455),#3479,.T.);
#3455 = FACE_BOUND('',#3456,.T.);
#3456 = EDGE_LOOP('',(#3457,#3467,#3473));
#3457 = ORIENTED_EDGE('',*,*,#3458,.F.);
#3458 = EDGE_CURVE('',#3459,#3461,#3463,.T.);
#3459 = VERTEX_POINT('',#3460);
#3460 = CARTESIAN_POINT('',(-30.4795589447,2.432249069214,
    -2.099999904633));
#3461 = VERTEX_POINT('',#3462);
#3462 = CARTESIAN_POINT('',(-30.17645835876,2.384242534637,
    -2.099999904633));
#3463 = LINE('',#3464,#3465);
#3464 = CARTESIAN_POINT('',(-30.4795589447,2.432249069214,
    -2.099999904633));
#3465 = VECTOR('',#3466,1.);
#3466 = DIRECTION('',(0.987688281229,-0.156434839863,0.));
#3467 = ORIENTED_EDGE('',*,*,#3468,.T.);
#3468 = EDGE_CURVE('',#3459,#1730,#3469,.T.);
#3469 = LINE('',#3470,#3471);
#3470 = CARTESIAN_POINT('',(-30.4795589447,2.432249069214,
    -2.099999904633));
#3471 = VECTOR('',#3472,1.);
#3472 = DIRECTION('',(0.117124307817,0.551026613666,0.826227309855));
#3473 = ORIENTED_EDGE('',*,*,#3474,.T.);
#3474 = EDGE_CURVE('',#1730,#3461,#3475,.T.);
#3475 = LINE('',#3476,#3477);
#3476 = CARTESIAN_POINT('',(-30.19604301452,3.766086816788,
    -0.10000000149));
#3477 = VECTOR('',#3478,1.);
#3478 = DIRECTION('',(8.056134883181E-03,-0.56842070956,-0.822698605587)
  );
#3479 = PLANE('',#3480);
#3480 = AXIS2_PLACEMENT_3D('',#3481,#3482,#3483);
#3481 = CARTESIAN_POINT('',(-30.26579860066,3.046753565263,
    -1.159489372039));
#3482 = DIRECTION('',(0.129306947252,0.816409928849,-0.562809507267));
#3483 = DIRECTION('',(6.938893903907E-18,0.567574513566,0.823322033928)
  );
#3484 = ADVANCED_FACE('',(#3485),#3495,.T.);
#3485 = FACE_BOUND('',#3486,.T.);
#3486 = EDGE_LOOP('',(#3487,#3488,#3489));
#3487 = ORIENTED_EDGE('',*,*,#1737,.F.);
#3488 = ORIENTED_EDGE('',*,*,#3468,.F.);
#3489 = ORIENTED_EDGE('',*,*,#3490,.F.);
#3490 = EDGE_CURVE('',#1738,#3459,#3491,.T.);
#3491 = LINE('',#3492,#3493);
#3492 = CARTESIAN_POINT('',(-30.35459518432,3.808570384979,
    -0.10000000149));
#3493 = VECTOR('',#3494,1.);
#3494 = DIRECTION('',(-5.140376199211E-02,-0.566148882903,
    -0.822698666366));
#3495 = PLANE('',#3496);
#3496 = AXIS2_PLACEMENT_3D('',#3497,#3498,#3499);
#3497 = CARTESIAN_POINT('',(-30.37417913853,3.131983687672,
    -1.067274394902));
#3498 = DIRECTION('',(0.213934676137,0.798421802614,-0.562809541014));
#3499 = DIRECTION('',(0.,0.576148550165,0.817344999461));
#3500 = ADVANCED_FACE('',(#3501),#3518,.T.);
#3501 = FACE_BOUND('',#3502,.T.);
#3502 = EDGE_LOOP('',(#3503,#3504,#3512));
#3503 = ORIENTED_EDGE('',*,*,#3444,.T.);
#3504 = ORIENTED_EDGE('',*,*,#3505,.T.);
#3505 = EDGE_CURVE('',#1794,#3506,#3508,.T.);
#3506 = VERTEX_POINT('',#3507);
#3507 = CARTESIAN_POINT('',(-32.24188995361,3.576720476151,
    -2.099999904633));
#3508 = LINE('',#3509,#3510);
#3509 = CARTESIAN_POINT('',(-31.2280845642,4.515909194946,-0.10000000149
    ));
#3510 = VECTOR('',#3511,1.);
#3511 = DIRECTION('',(-0.417028173059,-0.386334655202,-0.822698630766));
#3512 = ORIENTED_EDGE('',*,*,#3513,.F.);
#3513 = EDGE_CURVE('',#3421,#3506,#3514,.T.);
#3514 = LINE('',#3515,#3516);
#3515 = CARTESIAN_POINT('',(-32.4090309143,3.834090948105,
    -2.099999904633));
#3516 = VECTOR('',#3517,1.);
#3517 = DIRECTION('',(0.544645044475,-0.838666665326,0.));
#3518 = PLANE('',#3519);
#3519 = AXIS2_PLACEMENT_3D('',#3520,#3521,#3522);
#3520 = CARTESIAN_POINT('',(-31.80932970358,4.086419652993,
    -1.159489675903));
#3521 = DIRECTION('',(0.693230397792,0.450196146392,-0.562809954915));
#3522 = DIRECTION('',(0.630295936791,2.775557561563E-17,0.776354965247)
  );
#3523 = ADVANCED_FACE('',(#3524),#3534,.T.);
#3524 = FACE_BOUND('',#3525,.T.);
#3525 = EDGE_LOOP('',(#3526,#3527,#3528));
#3526 = ORIENTED_EDGE('',*,*,#3505,.F.);
#3527 = ORIENTED_EDGE('',*,*,#1793,.F.);
#3528 = ORIENTED_EDGE('',*,*,#3529,.F.);
#3529 = EDGE_CURVE('',#3506,#1786,#3530,.T.);
#3530 = LINE('',#3531,#3532);
#3531 = CARTESIAN_POINT('',(-32.24188995361,3.576720476151,
    -2.099999904633));
#3532 = VECTOR('',#3533,1.);
#3533 = DIRECTION('',(0.455748992326,0.331121108882,0.826227370187));
#3534 = PLANE('',#3535);
#3535 = AXIS2_PLACEMENT_3D('',#3536,#3537,#3538);
#3536 = CARTESIAN_POINT('',(-31.69536366525,4.0262116444,-1.067274512285
    ));
#3537 = DIRECTION('',(0.693234635003,0.450190343327,-0.562809377682));
#3538 = DIRECTION('',(0.630293225136,0.,0.77635716674));
#3539 = ADVANCED_FACE('',(#3540),#3557,.T.);
#3540 = FACE_BOUND('',#3541,.T.);
#3541 = EDGE_LOOP('',(#3542,#3543,#3551));
#3542 = ORIENTED_EDGE('',*,*,#3529,.T.);
#3543 = ORIENTED_EDGE('',*,*,#3544,.T.);
#3544 = EDGE_CURVE('',#1786,#3545,#3547,.T.);
#3545 = VERTEX_POINT('',#3546);
#3546 = CARTESIAN_POINT('',(-32.04876708984,3.338230609894,
    -2.099999904633));
#3547 = LINE('',#3548,#3549);
#3548 = CARTESIAN_POINT('',(-31.13868522644,4.378245830536,
    -0.10000000149));
#3549 = VECTOR('',#3550,1.);
#3550 = DIRECTION('',(-0.374361447956,-0.427809430725,-0.822698363477));
#3551 = ORIENTED_EDGE('',*,*,#3552,.F.);
#3552 = EDGE_CURVE('',#3506,#3545,#3553,.T.);
#3553 = LINE('',#3554,#3555);
#3554 = CARTESIAN_POINT('',(-32.24188995361,3.576720476151,
    -2.099999904633));
#3555 = VECTOR('',#3556,1.);
#3556 = DIRECTION('',(0.62931562437,-0.777149821414,0.));
#3557 = PLANE('',#3558);
#3558 = AXIS2_PLACEMENT_3D('',#3559,#3560,#3561);
#3559 = CARTESIAN_POINT('',(-31.67185189209,3.890352732103,
    -1.159489147269));
#3560 = DIRECTION('',(0.642381637105,0.520183869185,-0.562809536655));
#3561 = DIRECTION('',(0.658985662417,0.,0.752155500364));
#3562 = ADVANCED_FACE('',(#3563),#3573,.T.);
#3563 = FACE_BOUND('',#3564,.T.);
#3564 = EDGE_LOOP('',(#3565,#3566,#3567));
#3565 = ORIENTED_EDGE('',*,*,#3544,.F.);
#3566 = ORIENTED_EDGE('',*,*,#1785,.F.);
#3567 = ORIENTED_EDGE('',*,*,#3568,.F.);
#3568 = EDGE_CURVE('',#3545,#1778,#3569,.T.);
#3569 = LINE('',#3570,#3571);
#3570 = CARTESIAN_POINT('',(-32.04876708984,3.338230609894,
    -2.099999904633));
#3571 = VECTOR('',#3572,1.);
#3572 = DIRECTION('',(0.418641115663,0.376945862151,0.826227228602));
#3573 = PLANE('',#3574);
#3574 = AXIS2_PLACEMENT_3D('',#3575,#3576,#3577);
#3575 = CARTESIAN_POINT('',(-31.55221860704,3.842386883936,
    -1.06727466356));
#3576 = DIRECTION('',(0.642382047465,0.520183415594,-0.562809487514));
#3577 = DIRECTION('',(0.658985391709,-5.551115123126E-17,0.75215573754)
  );
#3578 = ADVANCED_FACE('',(#3579),#3596,.T.);
#3579 = FACE_BOUND('',#3580,.T.);
#3580 = EDGE_LOOP('',(#3581,#3582,#3590));
#3581 = ORIENTED_EDGE('',*,*,#3568,.T.);
#3582 = ORIENTED_EDGE('',*,*,#3583,.T.);
#3583 = EDGE_CURVE('',#1778,#3584,#3586,.T.);
#3584 = VERTEX_POINT('',#3585);
#3585 = CARTESIAN_POINT('',(-31.83176994323,3.121234416962,
    -2.099999904633));
#3586 = LINE('',#3587,#3588);
#3587 = CARTESIAN_POINT('',(-31.03538703918,4.250681400299,
    -0.10000000149));
#3588 = VECTOR('',#3589,1.);
#3589 = DIRECTION('',(-0.327591594833,-0.464597289404,-0.822698672463));
#3590 = ORIENTED_EDGE('',*,*,#3591,.F.);
#3591 = EDGE_CURVE('',#3545,#3584,#3592,.T.);
#3592 = LINE('',#3593,#3594);
#3593 = CARTESIAN_POINT('',(-32.04876708984,3.338230609894,
    -2.099999904633));
#3594 = VECTOR('',#3595,1.);
#3595 = DIRECTION('',(0.70710833501,-0.70710522736,0.));
#3596 = PLANE('',#3597);
#3597 = AXIS2_PLACEMENT_3D('',#3598,#3599,#3600);
#3598 = CARTESIAN_POINT('',(-31.51463410245,3.70972986707,
    -1.159489525098));
#3599 = DIRECTION('',(0.584483699247,0.584486267989,-0.562809566236));
#3600 = DIRECTION('',(0.70710833501,-0.70710522736,2.775557561563E-17));
#3601 = ADVANCED_FACE('',(#3602),#3612,.T.);
#3602 = FACE_BOUND('',#3603,.T.);
#3603 = EDGE_LOOP('',(#3604,#3605,#3606));
#3604 = ORIENTED_EDGE('',*,*,#3583,.F.);
#3605 = ORIENTED_EDGE('',*,*,#1777,.F.);
#3606 = ORIENTED_EDGE('',*,*,#3607,.F.);
#3607 = EDGE_CURVE('',#3584,#1770,#3608,.T.);
#3608 = LINE('',#3609,#3610);
#3609 = CARTESIAN_POINT('',(-31.83176994323,3.121234416962,
    -2.099999904633));
#3610 = VECTOR('',#3611,1.);
#3611 = DIRECTION('',(0.376945893237,0.418640953199,0.826227296739));
#3612 = PLANE('',#3613);
#3613 = AXIS2_PLACEMENT_3D('',#3614,#3615,#3616);
#3614 = CARTESIAN_POINT('',(-31.39064100958,3.674532340924,
    -1.06727453973));
#3615 = DIRECTION('',(0.584483787596,0.584486188817,-0.562809556706));
#3616 = DIRECTION('',(0.707108233678,-0.707105328692,2.775557561563E-17)
  );
#3617 = ADVANCED_FACE('',(#3618),#3642,.T.);
#3618 = FACE_BOUND('',#3619,.T.);
#3619 = EDGE_LOOP('',(#3620,#3630,#3636));
#3620 = ORIENTED_EDGE('',*,*,#3621,.F.);
#3621 = EDGE_CURVE('',#3622,#3624,#3626,.T.);
#3622 = VERTEX_POINT('',#3623);
#3623 = CARTESIAN_POINT('',(-31.06247711181,2.621650934219,
    -2.099999904633));
#3624 = VERTEX_POINT('',#3625);
#3625 = CARTESIAN_POINT('',(-30.77598190307,2.5116751194,-2.099999904633
    ));
#3626 = LINE('',#3627,#3628);
#3627 = CARTESIAN_POINT('',(-31.06247711181,2.621650934219,
    -2.099999904633));
#3628 = VECTOR('',#3629,1.);
#3629 = DIRECTION('',(0.933579763669,-0.358369676267,0.));
#3630 = ORIENTED_EDGE('',*,*,#3631,.T.);
#3631 = EDGE_CURVE('',#3622,#1746,#3632,.T.);
#3632 = LINE('',#3633,#3634);
#3633 = CARTESIAN_POINT('',(-31.06247711181,2.621650934219,
    -2.099999904633));
#3634 = VECTOR('',#3635,1.);
#3635 = DIRECTION('',(0.229129324038,0.514633849449,0.826227422607));
#3636 = ORIENTED_EDGE('',*,*,#3637,.T.);
#3637 = EDGE_CURVE('',#1746,#3624,#3638,.T.);
#3638 = LINE('',#3639,#3640);
#3639 = CARTESIAN_POINT('',(-30.50783729553,3.867394685745,
    -0.10000000149));
#3640 = VECTOR('',#3641,1.);
#3641 = DIRECTION('',(-0.110301103689,-0.557674330395,-0.822698612946));
#3642 = PLANE('',#3643);
#3643 = AXIS2_PLACEMENT_3D('',#3644,#3645,#3646);
#3644 = CARTESIAN_POINT('',(-30.72562595868,3.178283706707,
    -1.159489254875));
#3645 = DIRECTION('',(0.296223613184,0.77168462932,-0.562809385016));
#3646 = DIRECTION('',(2.775557561563E-17,0.589256010171,0.807946380942)
  );
#3647 = ADVANCED_FACE('',(#3648),#3658,.T.);
#3648 = FACE_BOUND('',#3649,.T.);
#3649 = EDGE_LOOP('',(#3650,#3651,#3652));
#3650 = ORIENTED_EDGE('',*,*,#1753,.F.);
#3651 = ORIENTED_EDGE('',*,*,#3631,.F.);
#3652 = ORIENTED_EDGE('',*,*,#3653,.F.);
#3653 = EDGE_CURVE('',#1754,#3622,#3654,.T.);
#3654 = LINE('',#3655,#3656);
#3655 = CARTESIAN_POINT('',(-30.65409088134,3.941914796829,
    -0.10000000149));
#3656 = VECTOR('',#3657,1.);
#3657 = DIRECTION('',(-0.167989416346,-0.543089700767,-0.822698689021));
#3658 = PLANE('',#3659);
#3659 = AXIS2_PLACEMENT_3D('',#3660,#3661,#3662);
#3660 = CARTESIAN_POINT('',(-30.81391743404,3.28418480449,
    -1.067274560193));
#3661 = DIRECTION('',(0.375263289686,0.736493826205,-0.562809299297));
#3662 = DIRECTION('',(0.,0.607183311305,0.794561782666));
#3663 = ADVANCED_FACE('',(#3664),#3681,.T.);
#3664 = FACE_BOUND('',#3665,.T.);
#3665 = EDGE_LOOP('',(#3666,#3674,#3680));
#3666 = ORIENTED_EDGE('',*,*,#3667,.F.);
#3667 = EDGE_CURVE('',#3668,#3622,#3670,.T.);
#3668 = VERTEX_POINT('',#3669);
#3669 = CARTESIAN_POINT('',(-31.33590888977,2.760971069336,
    -2.099999904633));
#3670 = LINE('',#3671,#3672);
#3671 = CARTESIAN_POINT('',(-31.33590888977,2.760971069336,
    -2.099999904633));
#3672 = VECTOR('',#3673,1.);
#3673 = DIRECTION('',(0.891006938677,-0.453989686258,0.));
#3674 = ORIENTED_EDGE('',*,*,#3675,.T.);
#3675 = EDGE_CURVE('',#3668,#1754,#3676,.T.);
#3676 = LINE('',#3677,#3678);
#3677 = CARTESIAN_POINT('',(-31.33590888977,2.760971069336,
    -2.099999904633));
#3678 = VECTOR('',#3679,1.);
#3679 = DIRECTION('',(0.281668355964,0.487864025444,0.826227347602));
#3680 = ORIENTED_EDGE('',*,*,#3653,.T.);
#3681 = PLANE('',#3682);
#3682 = AXIS2_PLACEMENT_3D('',#3683,#3684,#3685);
#3683 = CARTESIAN_POINT('',(-30.94271830133,3.279343864472,
    -1.159489508254));
#3684 = DIRECTION('',(0.375261829915,0.736494472002,-0.562809427533));
#3685 = DIRECTION('',(2.775557561563E-17,0.607183062521,0.79456197278));
#3686 = ADVANCED_FACE('',(#3687),#3697,.T.);
#3687 = FACE_BOUND('',#3688,.T.);
#3688 = EDGE_LOOP('',(#3689,#3690,#3691));
#3689 = ORIENTED_EDGE('',*,*,#1761,.F.);
#3690 = ORIENTED_EDGE('',*,*,#3675,.F.);
#3691 = ORIENTED_EDGE('',*,*,#3692,.F.);
#3692 = EDGE_CURVE('',#1762,#3668,#3693,.T.);
#3693 = LINE('',#3694,#3695);
#3694 = CARTESIAN_POINT('',(-30.79175376892,4.031314373016,
    -0.10000000149));
#3695 = VECTOR('',#3696,1.);
#3696 = DIRECTION('',(-0.223837845604,-0.522554869702,-0.822698624665));
#3697 = PLANE('',#3698);
#3698 = AXIS2_PLACEMENT_3D('',#3699,#3700,#3701);
#3699 = CARTESIAN_POINT('',(-31.0194567352,3.393893921828,
    -1.067274564913));
#3700 = DIRECTION('',(0.450192270532,0.693233352637,-0.56280941565));
#3701 = DIRECTION('',(0.,0.630293953509,0.776356575402));
#3702 = ADVANCED_FACE('',(#3703),#3720,.T.);
#3703 = FACE_BOUND('',#3704,.T.);
#3704 = EDGE_LOOP('',(#3705,#3713,#3714));
#3705 = ORIENTED_EDGE('',*,*,#3706,.F.);
#3706 = EDGE_CURVE('',#3584,#3707,#3709,.T.);
#3707 = VERTEX_POINT('',#3708);
#3708 = CARTESIAN_POINT('',(-31.59327888488,2.928109169006,
    -2.099999904633));
#3709 = LINE('',#3710,#3711);
#3710 = CARTESIAN_POINT('',(-31.83176994323,3.121234416962,
    -2.099999904633));
#3711 = VECTOR('',#3712,1.);
#3712 = DIRECTION('',(0.777147560181,-0.629318416785,0.));
#3713 = ORIENTED_EDGE('',*,*,#3607,.T.);
#3714 = ORIENTED_EDGE('',*,*,#3715,.T.);
#3715 = EDGE_CURVE('',#1770,#3707,#3716,.T.);
#3716 = LINE('',#3717,#3718);
#3717 = CARTESIAN_POINT('',(-30.91931915283,4.134613990784,
    -0.10000000149));
#3718 = VECTOR('',#3719,1.);
#3719 = DIRECTION('',(-0.277232916223,-0.496295007357,-0.822698715105));
#3720 = PLANE('',#3721);
#3721 = AXIS2_PLACEMENT_3D('',#3722,#3723,#3724);
#3722 = CARTESIAN_POINT('',(-31.33939553656,3.546530683863,
    -1.159489599234));
#3723 = DIRECTION('',(0.52018620584,0.642379803175,-0.562809470181));
#3724 = DIRECTION('',(-2.775557561563E-17,0.658986682727,0.75215460644)
  );
#3725 = ADVANCED_FACE('',(#3726),#3736,.T.);
#3726 = FACE_BOUND('',#3727,.T.);
#3727 = EDGE_LOOP('',(#3728,#3729,#3730));
#3728 = ORIENTED_EDGE('',*,*,#3715,.F.);
#3729 = ORIENTED_EDGE('',*,*,#1769,.F.);
#3730 = ORIENTED_EDGE('',*,*,#3731,.F.);
#3731 = EDGE_CURVE('',#3707,#1762,#3732,.T.);
#3732 = LINE('',#3733,#3734);
#3733 = CARTESIAN_POINT('',(-31.59327888488,2.928109169006,
    -2.099999904633));
#3734 = VECTOR('',#3735,1.);
#3735 = DIRECTION('',(0.33112099146,0.455749163262,0.826227322957));
#3736 = PLANE('',#3737);
#3737 = AXIS2_PLACEMENT_3D('',#3738,#3739,#3740);
#3738 = CARTESIAN_POINT('',(-31.21240214745,3.524486801697,
    -1.067274338443));
#3739 = DIRECTION('',(0.520185390369,0.642380392703,-0.562809551018));
#3740 = DIRECTION('',(2.775557561563E-17,0.658986394135,0.752154859285)
  );
#3741 = ADVANCED_FACE('',(#3742),#3752,.T.);
#3742 = FACE_BOUND('',#3743,.T.);
#3743 = EDGE_LOOP('',(#3744,#3750,#3751));
#3744 = ORIENTED_EDGE('',*,*,#3745,.F.);
#3745 = EDGE_CURVE('',#3707,#3668,#3746,.T.);
#3746 = LINE('',#3747,#3748);
#3747 = CARTESIAN_POINT('',(-31.59327888488,2.928109169006,
    -2.099999904633));
#3748 = VECTOR('',#3749,1.);
#3749 = DIRECTION('',(0.838670462891,-0.544639196785,0.));
#3750 = ORIENTED_EDGE('',*,*,#3731,.T.);
#3751 = ORIENTED_EDGE('',*,*,#3692,.T.);
#3752 = PLANE('',#3753);
#3753 = AXIS2_PLACEMENT_3D('',#3754,#3755,#3756);
#3754 = CARTESIAN_POINT('',(-31.14805774838,3.402542912581,
    -1.159489333382));
#3755 = DIRECTION('',(0.450191485792,0.693233803235,-0.562809488347));
#3756 = DIRECTION('',(5.551115123126E-17,0.630293755649,0.776356736037)
  );
#3757 = ADVANCED_FACE('',(#3758),#3768,.T.);
#3758 = FACE_BOUND('',#3759,.T.);
#3759 = EDGE_LOOP('',(#3760,#3761,#3762));
#3760 = ORIENTED_EDGE('',*,*,#3637,.F.);
#3761 = ORIENTED_EDGE('',*,*,#1745,.F.);
#3762 = ORIENTED_EDGE('',*,*,#3763,.F.);
#3763 = EDGE_CURVE('',#3624,#1738,#3764,.T.);
#3764 = LINE('',#3765,#3766);
#3765 = CARTESIAN_POINT('',(-30.77598190307,2.5116751194,-2.099999904633
    ));
#3766 = VECTOR('',#3767,1.);
#3767 = DIRECTION('',(0.174080620748,0.53576518393,0.82622733262));
#3768 = PLANE('',#3769);
#3769 = AXIS2_PLACEMENT_3D('',#3770,#3771,#3772);
#3770 = CARTESIAN_POINT('',(-30.59803706927,3.19656126619,
    -1.067274513632));
#3771 = DIRECTION('',(0.296222898082,0.771684859803,-0.562809445375));
#3772 = DIRECTION('',(0.,0.589255936538,0.807946434644));
#3773 = ADVANCED_FACE('',(#3774),#3784,.T.);
#3774 = FACE_BOUND('',#3775,.T.);
#3775 = EDGE_LOOP('',(#3776,#3782,#3783));
#3776 = ORIENTED_EDGE('',*,*,#3777,.F.);
#3777 = EDGE_CURVE('',#3624,#3459,#3778,.T.);
#3778 = LINE('',#3779,#3780);
#3779 = CARTESIAN_POINT('',(-30.77598190307,2.5116751194,-2.099999904633
    ));
#3780 = VECTOR('',#3781,1.);
#3781 = DIRECTION('',(0.965926023539,-0.258818308955,0.));
#3782 = ORIENTED_EDGE('',*,*,#3763,.T.);
#3783 = ORIENTED_EDGE('',*,*,#3490,.T.);
#3784 = PLANE('',#3785);
#3785 = AXIS2_PLACEMENT_3D('',#3786,#3787,#3788);
#3786 = CARTESIAN_POINT('',(-30.49915919175,3.100469151537,
    -1.159489516023));
#3787 = DIRECTION('',(0.213935763825,0.79842157411,-0.562809451727));
#3788 = DIRECTION('',(0.,0.576148599258,0.817344964854));
#3789 = ADVANCED_FACE('',(#3790),#3800,.T.);
#3790 = FACE_BOUND('',#3791,.T.);
#3791 = EDGE_LOOP('',(#3792,#3793,#3799));
#3792 = ORIENTED_EDGE('',*,*,#1729,.F.);
#3793 = ORIENTED_EDGE('',*,*,#3794,.F.);
#3794 = EDGE_CURVE('',#3461,#1722,#3795,.T.);
#3795 = LINE('',#3796,#3797);
#3796 = CARTESIAN_POINT('',(-30.17645835876,2.384242534637,
    -2.099999904633));
#3797 = VECTOR('',#3798,1.);
#3798 = DIRECTION('',(5.888442677109E-02,0.560250875414,0.826227317923)
  );
#3799 = ORIENTED_EDGE('',*,*,#3474,.F.);
#3800 = PLANE('',#3801);
#3801 = AXIS2_PLACEMENT_3D('',#3802,#3803,#3804);
#3802 = CARTESIAN_POINT('',(-30.14479798191,3.091159010937,
    -1.06727469559));
#3803 = DIRECTION('',(0.129307636158,0.816409858089,-0.562809451631));
#3804 = DIRECTION('',(0.,0.567574508879,0.823322037158));
#3805 = ADVANCED_FACE('',(#3806),#3816,.T.);
#3806 = FACE_BOUND('',#3807,.T.);
#3807 = EDGE_LOOP('',(#3808,#3809,#3810));
#3808 = ORIENTED_EDGE('',*,*,#1873,.F.);
#3809 = ORIENTED_EDGE('',*,*,#3110,.F.);
#3810 = ORIENTED_EDGE('',*,*,#3811,.F.);
#3811 = EDGE_CURVE('',#1874,#3101,#3812,.T.);
#3812 = LINE('',#3813,#3814);
#3813 = CARTESIAN_POINT('',(-31.2280845642,6.084090709686,-0.10000000149
    ));
#3814 = VECTOR('',#3815,1.);
#3815 = DIRECTION('',(-0.543089388388,0.167989833359,-0.82269881008));
#3816 = PLANE('',#3817);
#3817 = AXIS2_PLACEMENT_3D('',#3818,#3819,#3820);
#3818 = CARTESIAN_POINT('',(-31.88581409299,6.243917722012,
    -1.067274556083));
#3819 = DIRECTION('',(0.736493897603,-0.375263326065,-0.562809181609));
#3820 = DIRECTION('',(0.607183193985,0.,0.794561872318));
#3821 = ADVANCED_FACE('',(#3822),#3832,.T.);
#3822 = FACE_BOUND('',#3823,.T.);
#3823 = EDGE_LOOP('',(#3824,#3830,#3831));
#3824 = ORIENTED_EDGE('',*,*,#3825,.F.);
#3825 = EDGE_CURVE('',#3057,#3101,#3826,.T.);
#3826 = LINE('',#3827,#3828);
#3827 = CARTESIAN_POINT('',(-32.4090309143,6.765909194946,
    -2.099999904633));
#3828 = VECTOR('',#3829,1.);
#3829 = DIRECTION('',(-0.453981062927,-0.891011332422,0.));
#3830 = ORIENTED_EDGE('',*,*,#3086,.T.);
#3831 = ORIENTED_EDGE('',*,*,#3811,.T.);
#3832 = PLANE('',#3833);
#3833 = AXIS2_PLACEMENT_3D('',#3834,#3835,#3836);
#3834 = CARTESIAN_POINT('',(-31.89065568372,6.372718427156,
    -1.159489122601));
#3835 = DIRECTION('',(0.736497784746,-0.375254539416,-0.562809953458));
#3836 = DIRECTION('',(0.60718169651,0.,0.794563016647));
#3837 = ADVANCED_FACE('',(#3838),#3848,.T.);
#3838 = FACE_BOUND('',#3839,.T.);
#3839 = EDGE_LOOP('',(#3840,#3841,#3842));
#3840 = ORIENTED_EDGE('',*,*,#1889,.F.);
#3841 = ORIENTED_EDGE('',*,*,#3064,.F.);
#3842 = ORIENTED_EDGE('',*,*,#3843,.F.);
#3843 = EDGE_CURVE('',#1890,#3055,#3844,.T.);
#3844 = LINE('',#3845,#3846);
#3845 = CARTESIAN_POINT('',(-31.03538703918,6.349318504333,
    -0.10000000149));
#3846 = VECTOR('',#3847,1.);
#3847 = DIRECTION('',(-0.496294335057,0.277233567388,-0.822698901241));
#3848 = PLANE('',#3849);
#3849 = AXIS2_PLACEMENT_3D('',#3850,#3851,#3852);
#3850 = CARTESIAN_POINT('',(-31.64551312019,6.642402548735,
    -1.067274651001));
#3851 = DIRECTION('',(0.642381991165,-0.520183370003,-0.562809593912));
#3852 = DIRECTION('',(0.658985494863,0.,0.752155647163));
#3853 = ADVANCED_FACE('',(#3854),#3864,.T.);
#3854 = FACE_BOUND('',#3855,.T.);
#3855 = EDGE_LOOP('',(#3856,#3862,#3863));
#3856 = ORIENTED_EDGE('',*,*,#3857,.F.);
#3857 = EDGE_CURVE('',#3016,#3055,#3858,.T.);
#3858 = LINE('',#3859,#3860);
#3859 = CARTESIAN_POINT('',(-32.04876708984,7.261769294739,
    -2.099999904633));
#3860 = VECTOR('',#3861,1.);
#3861 = DIRECTION('',(-0.62931600434,-0.777149513724,0.));
#3862 = ORIENTED_EDGE('',*,*,#3040,.T.);
#3863 = ORIENTED_EDGE('',*,*,#3843,.T.);
#3864 = PLANE('',#3865);
#3865 = AXIS2_PLACEMENT_3D('',#3866,#3867,#3868);
#3866 = CARTESIAN_POINT('',(-31.62346969698,6.76939508901,
    -1.159489127029));
#3867 = DIRECTION('',(0.642381395682,-0.520184193715,-0.562809512261));
#3868 = DIRECTION('',(0.658985786371,-2.775557561563E-17,0.752155391765)
  );
#3869 = ADVANCED_FACE('',(#3870),#3894,.T.);
#3870 = FACE_BOUND('',#3871,.T.);
#3871 = EDGE_LOOP('',(#3872,#3880,#3888));
#3872 = ORIENTED_EDGE('',*,*,#3873,.T.);
#3873 = EDGE_CURVE('',#3874,#2074,#3876,.T.);
#3874 = VERTEX_POINT('',#3875);
#3875 = CARTESIAN_POINT('',(-26.93818092346,5.300000190735,
    -2.099999904633));
#3876 = LINE('',#3877,#3878);
#3877 = CARTESIAN_POINT('',(-26.93818092346,5.300000190735,
    -2.099999904633));
#3878 = VECTOR('',#3879,1.);
#3879 = DIRECTION('',(-0.563337283362,0.,0.826227030043));
#3880 = ORIENTED_EDGE('',*,*,#3881,.T.);
#3881 = EDGE_CURVE('',#2074,#3882,#3884,.T.);
#3882 = VERTEX_POINT('',#3883);
#3883 = CARTESIAN_POINT('',(-26.95424270629,5.60645866394,
    -2.099999904633));
#3884 = LINE('',#3885,#3886);
#3885 = CARTESIAN_POINT('',(-28.30181884765,5.300000190735,
    -0.10000000149));
#3886 = VECTOR('',#3887,1.);
#3887 = DIRECTION('',(0.554324482699,0.126061473942,-0.822698530853));
#3888 = ORIENTED_EDGE('',*,*,#3889,.F.);
#3889 = EDGE_CURVE('',#3874,#3882,#3890,.T.);
#3890 = LINE('',#3891,#3892);
#3891 = CARTESIAN_POINT('',(-26.93818092346,5.300000190735,
    -2.099999904633));
#3892 = VECTOR('',#3893,1.);
#3893 = DIRECTION('',(-5.233912408207E-02,0.99862936873,0.));
#3894 = PLANE('',#3895);
#3895 = AXIS2_PLACEMENT_3D('',#3896,#3897,#3898);
#3896 = CARTESIAN_POINT('',(-27.5837012444,5.381326764521,
    -1.159489414729));
#3897 = DIRECTION('',(-0.825453455495,-4.326280818887E-02,
    -0.562809845542));
#3898 = DIRECTION('',(0.563337283362,-3.469446951954E-18,-0.826227030043
    ));
#3899 = ADVANCED_FACE('',(#3900),#3910,.T.);
#3900 = FACE_BOUND('',#3901,.T.);
#3901 = EDGE_LOOP('',(#3902,#3903,#3909));
#3902 = ORIENTED_EDGE('',*,*,#3873,.F.);
#3903 = ORIENTED_EDGE('',*,*,#3904,.F.);
#3904 = EDGE_CURVE('',#2082,#3874,#3905,.T.);
#3905 = LINE('',#3906,#3907);
#3906 = CARTESIAN_POINT('',(-28.31040954589,5.136080265045,
    -0.10000000149));
#3907 = VECTOR('',#3908,1.);
#3908 = DIRECTION('',(0.564465125554,6.742832784734E-02,-0.822698330275)
  );
#3909 = ORIENTED_EDGE('',*,*,#2081,.F.);
#3910 = PLANE('',#3911);
#3911 = AXIS2_PLACEMENT_3D('',#3912,#3913,#3914);
#3912 = CARTESIAN_POINT('',(-27.6445351477,5.257594292206,
    -1.067274466636));
#3913 = DIRECTION('',(-0.825453545851,4.326028269907E-02,-0.562809907148
    ));
#3914 = DIRECTION('',(0.563337283362,-3.469446951954E-18,-0.826227030043
    ));
#3915 = ADVANCED_FACE('',(#3916),#3940,.T.);
#3916 = FACE_BOUND('',#3917,.T.);
#3917 = EDGE_LOOP('',(#3918,#3928,#3934));
#3918 = ORIENTED_EDGE('',*,*,#3919,.F.);
#3919 = EDGE_CURVE('',#3920,#3922,#3924,.T.);
#3920 = VERTEX_POINT('',#3921);
#3921 = CARTESIAN_POINT('',(-27.19165039062,4.107522010803,
    -2.099999904633));
#3922 = VERTEX_POINT('',#3923);
#3923 = CARTESIAN_POINT('',(-27.0816745758,4.394018173218,
    -2.099999904633));
#3924 = LINE('',#3925,#3926);
#3925 = CARTESIAN_POINT('',(-27.19165039062,4.107522010803,
    -2.099999904633));
#3926 = VECTOR('',#3927,1.);
#3927 = DIRECTION('',(0.358368636549,0.933580162781,0.));
#3928 = ORIENTED_EDGE('',*,*,#3929,.T.);
#3929 = EDGE_CURVE('',#3920,#2106,#3930,.T.);
#3930 = LINE('',#3931,#3932);
#3931 = CARTESIAN_POINT('',(-27.19165039062,4.107522010803,
    -2.099999904633));
#3932 = VECTOR('',#3933,1.);
#3933 = DIRECTION('',(-0.514634092624,0.229129650873,0.826227180502));
#3934 = ORIENTED_EDGE('',*,*,#3935,.T.);
#3935 = EDGE_CURVE('',#2106,#3922,#3936,.T.);
#3936 = LINE('',#3937,#3938);
#3937 = CARTESIAN_POINT('',(-28.43739509582,4.662162780762,
    -0.10000000149));
#3938 = VECTOR('',#3939,1.);
#3939 = DIRECTION('',(0.557674600685,-0.110301079559,-0.822698432962));
#3940 = PLANE('',#3941);
#3941 = AXIS2_PLACEMENT_3D('',#3942,#3943,#3944);
#3942 = CARTESIAN_POINT('',(-27.74828351628,4.444373832519,
    -1.159489402888));
#3943 = DIRECTION('',(-0.771684752328,0.296222674348,-0.562809710494));
#3944 = DIRECTION('',(0.589256171306,0.,-0.807946263422));
#3945 = ADVANCED_FACE('',(#3946),#3956,.T.);
#3946 = FACE_BOUND('',#3947,.T.);
#3947 = EDGE_LOOP('',(#3948,#3949,#3950));
#3948 = ORIENTED_EDGE('',*,*,#2113,.F.);
#3949 = ORIENTED_EDGE('',*,*,#3929,.F.);
#3950 = ORIENTED_EDGE('',*,*,#3951,.F.);
#3951 = EDGE_CURVE('',#2114,#3920,#3952,.T.);
#3952 = LINE('',#3953,#3954);
#3953 = CARTESIAN_POINT('',(-28.5119152069,4.515909194946,-0.10000000149
    ));
#3954 = VECTOR('',#3955,1.);
#3955 = DIRECTION('',(0.543089941564,-0.167989761778,-0.822698459528));
#3956 = PLANE('',#3957);
#3957 = AXIS2_PLACEMENT_3D('',#3958,#3959,#3960);
#3958 = CARTESIAN_POINT('',(-27.8541847474,4.356082179086,
    -1.067274569245));
#3959 = DIRECTION('',(-0.736493606465,0.375263177722,-0.562809661504));
#3960 = DIRECTION('',(0.607183672376,-2.775557561563E-17,-0.794561506744
    ));
#3961 = ADVANCED_FACE('',(#3962),#3986,.T.);
#3962 = FACE_BOUND('',#3963,.T.);
#3963 = EDGE_LOOP('',(#3964,#3974,#3980));
#3964 = ORIENTED_EDGE('',*,*,#3965,.F.);
#3965 = EDGE_CURVE('',#3966,#3968,#3970,.T.);
#3966 = VERTEX_POINT('',#3967);
#3967 = CARTESIAN_POINT('',(-27.4981098175,3.576720476151,
    -2.099999904633));
#3968 = VERTEX_POINT('',#3969);
#3969 = CARTESIAN_POINT('',(-27.33097076416,3.834090948105,
    -2.099999904633));
#3970 = LINE('',#3971,#3972);
#3971 = CARTESIAN_POINT('',(-27.4981098175,3.576720476151,
    -2.099999904633));
#3972 = VECTOR('',#3973,1.);
#3973 = DIRECTION('',(0.544640672862,0.838669504313,0.));
#3974 = ORIENTED_EDGE('',*,*,#3975,.T.);
#3975 = EDGE_CURVE('',#3966,#2122,#3976,.T.);
#3976 = LINE('',#3977,#3978);
#3977 = CARTESIAN_POINT('',(-27.4981098175,3.576720476151,
    -2.099999904633));
#3978 = VECTOR('',#3979,1.);
#3979 = DIRECTION('',(-0.455748992326,0.331121108882,0.826227370187));
#3980 = ORIENTED_EDGE('',*,*,#3981,.T.);
#3981 = EDGE_CURVE('',#2122,#3968,#3982,.T.);
#3982 = LINE('',#3983,#3984);
#3983 = CARTESIAN_POINT('',(-28.60131454467,4.378245830536,
    -0.10000000149));
#3984 = VECTOR('',#3985,1.);
#3985 = DIRECTION('',(0.52255502376,-0.223837729502,-0.822698558401));
#3986 = PLANE('',#3987);
#3987 = AXIS2_PLACEMENT_3D('',#3988,#3989,#3990);
#3988 = CARTESIAN_POINT('',(-27.972542982,4.021941799292,-1.159489500331
    ));
#3989 = DIRECTION('',(-0.69323303418,0.450192721023,-0.562809447556));
#3990 = DIRECTION('',(0.630294149562,2.775557561563E-17,-0.776356416234)
  );
#3991 = ADVANCED_FACE('',(#3992),#4002,.T.);
#3992 = FACE_BOUND('',#3993,.T.);
#3993 = EDGE_LOOP('',(#3994,#3995,#3996));
#3994 = ORIENTED_EDGE('',*,*,#2129,.F.);
#3995 = ORIENTED_EDGE('',*,*,#3975,.F.);
#3996 = ORIENTED_EDGE('',*,*,#3997,.F.);
#3997 = EDGE_CURVE('',#2130,#3966,#3998,.T.);
#3998 = LINE('',#3999,#4000);
#3999 = CARTESIAN_POINT('',(-28.70461463928,4.250681400299,
    -0.10000000149));
#4000 = VECTOR('',#4001,1.);
#4001 = DIRECTION('',(0.496294939888,-0.277233368901,-0.822698603262));
#4002 = PLANE('',#4003);
#4003 = AXIS2_PLACEMENT_3D('',#4004,#4005,#4006);
#4004 = CARTESIAN_POINT('',(-28.09448727991,3.957597548589,
    -1.067274424753));
#4005 = DIRECTION('',(-0.642377412383,0.520189267085,-0.562809369565));
#4006 = DIRECTION('',(0.658988003604,0.,-0.752153449175));
#4007 = ADVANCED_FACE('',(#4008),#4032,.T.);
#4008 = FACE_BOUND('',#4009,.T.);
#4009 = EDGE_LOOP('',(#4010,#4018,#4026));
#4010 = ORIENTED_EDGE('',*,*,#4011,.T.);
#4011 = EDGE_CURVE('',#4012,#1720,#4014,.T.);
#4012 = VERTEX_POINT('',#4013);
#4013 = CARTESIAN_POINT('',(-29.87000083923,2.368181705475,
    -2.099999904633));
#4014 = LINE('',#4015,#4016);
#4015 = CARTESIAN_POINT('',(-29.87000083923,2.368181705475,
    -2.099999904633));
#4016 = VECTOR('',#4017,1.);
#4017 = DIRECTION('',(0.,0.56333687994,0.826227305104));
#4018 = ORIENTED_EDGE('',*,*,#4019,.T.);
#4019 = EDGE_CURVE('',#1720,#4020,#4022,.T.);
#4020 = VERTEX_POINT('',#4021);
#4021 = CARTESIAN_POINT('',(-29.56354141235,2.384242534637,
    -2.099999904633));
#4022 = LINE('',#4023,#4024);
#4023 = CARTESIAN_POINT('',(-29.87000083923,3.731818199158,
    -0.10000000149));
#4024 = VECTOR('',#4025,1.);
#4025 = DIRECTION('',(0.126061873708,-0.55432431941,-0.822698579619));
#4026 = ORIENTED_EDGE('',*,*,#4027,.F.);
#4027 = EDGE_CURVE('',#4012,#4020,#4028,.T.);
#4028 = LINE('',#4029,#4030);
#4029 = CARTESIAN_POINT('',(-29.87000083923,2.368181705475,
    -2.099999904633));
#4030 = VECTOR('',#4031,1.);
#4031 = DIRECTION('',(0.998629539666,5.233586252053E-02,0.));
#4032 = PLANE('',#4033);
#4033 = AXIS2_PLACEMENT_3D('',#4034,#4035,#4036);
#4034 = CARTESIAN_POINT('',(-29.78867398909,3.013700982197,
    -1.15948959022));
#4035 = DIRECTION('',(-4.326012425577E-02,0.825453826322,-0.562809507968
    ));
#4036 = DIRECTION('',(-3.469446951954E-18,0.56333687994,0.826227305104)
  );
#4037 = ADVANCED_FACE('',(#4038),#4048,.T.);
#4038 = FACE_BOUND('',#4039,.T.);
#4039 = EDGE_LOOP('',(#4040,#4041,#4042));
#4040 = ORIENTED_EDGE('',*,*,#4019,.F.);
#4041 = ORIENTED_EDGE('',*,*,#2193,.F.);
#4042 = ORIENTED_EDGE('',*,*,#4043,.F.);
#4043 = EDGE_CURVE('',#4020,#2186,#4044,.T.);
#4044 = LINE('',#4045,#4046);
#4045 = CARTESIAN_POINT('',(-29.56354141235,2.384242534637,
    -2.099999904633));
#4046 = VECTOR('',#4047,1.);
#4047 = DIRECTION('',(-5.888442677109E-02,0.560250875414,0.826227317923)
  );
#4048 = PLANE('',#4049);
#4049 = AXIS2_PLACEMENT_3D('',#4050,#4051,#4052);
#4050 = CARTESIAN_POINT('',(-29.6795490632,3.082294108302,
    -1.067274180837));
#4051 = DIRECTION('',(-4.325992101833E-02,0.82545384817,-0.562809491546)
  );
#4052 = DIRECTION('',(3.469446951954E-18,0.563336858541,0.826227319694)
  );
#4053 = ADVANCED_FACE('',(#4054),#4071,.T.);
#4054 = FACE_BOUND('',#4055,.T.);
#4055 = EDGE_LOOP('',(#4056,#4057,#4065));
#4056 = ORIENTED_EDGE('',*,*,#4043,.T.);
#4057 = ORIENTED_EDGE('',*,*,#4058,.T.);
#4058 = EDGE_CURVE('',#2186,#4059,#4061,.T.);
#4059 = VERTEX_POINT('',#4060);
#4060 = CARTESIAN_POINT('',(-29.26044082641,2.432249069214,
    -2.099999904633));
#4061 = LINE('',#4062,#4063);
#4062 = CARTESIAN_POINT('',(-29.70607948303,3.7404088974,-0.10000000149)
  );
#4063 = VECTOR('',#4064,1.);
#4064 = DIRECTION('',(0.183313178658,-0.538110715347,-0.822698691234));
#4065 = ORIENTED_EDGE('',*,*,#4066,.F.);
#4066 = EDGE_CURVE('',#4020,#4059,#4067,.T.);
#4067 = LINE('',#4068,#4069);
#4068 = CARTESIAN_POINT('',(-29.56354141235,2.384242534637,
    -2.099999904633));
#4069 = VECTOR('',#4070,1.);
#4070 = DIRECTION('',(0.987688281229,0.156434839863,0.));
#4071 = PLANE('',#4072);
#4072 = AXIS2_PLACEMENT_3D('',#4073,#4074,#4075);
#4073 = CARTESIAN_POINT('',(-29.55013521853,3.034726696438,
    -1.15948937523));
#4074 = DIRECTION('',(-0.129306951382,0.816409954925,-0.562809468491));
#4075 = DIRECTION('',(-6.938893903907E-18,0.56757447477,0.823322060672)
  );
#4076 = ADVANCED_FACE('',(#4077),#4087,.T.);
#4077 = FACE_BOUND('',#4078,.T.);
#4078 = EDGE_LOOP('',(#4079,#4080,#4081));
#4079 = ORIENTED_EDGE('',*,*,#4058,.F.);
#4080 = ORIENTED_EDGE('',*,*,#2185,.F.);
#4081 = ORIENTED_EDGE('',*,*,#4082,.F.);
#4082 = EDGE_CURVE('',#4059,#2178,#4083,.T.);
#4083 = LINE('',#4084,#4085);
#4084 = CARTESIAN_POINT('',(-29.26044082641,2.432249069214,
    -2.099999904633));
#4085 = VECTOR('',#4086,1.);
#4086 = DIRECTION('',(-0.117124307817,0.551026613666,0.826227309855));
#4087 = PLANE('',#4088);
#4088 = AXIS2_PLACEMENT_3D('',#4089,#4090,#4091);
#4089 = CARTESIAN_POINT('',(-29.44877881181,3.114350190111,
    -1.067274694093));
#4090 = DIRECTION('',(-0.129307628436,0.816409809337,-0.562809524125));
#4091 = DIRECTION('',(6.938893903907E-18,0.56757458141,0.823321987157));
#4092 = ADVANCED_FACE('',(#4093),#4110,.T.);
#4093 = FACE_BOUND('',#4094,.T.);
#4094 = EDGE_LOOP('',(#4095,#4096,#4104));
#4095 = ORIENTED_EDGE('',*,*,#4082,.T.);
#4096 = ORIENTED_EDGE('',*,*,#4097,.T.);
#4097 = EDGE_CURVE('',#2178,#4098,#4100,.T.);
#4098 = VERTEX_POINT('',#4099);
#4099 = CARTESIAN_POINT('',(-28.96401786804,2.5116751194,-2.099999904633
    ));
#4100 = LINE('',#4101,#4102);
#4101 = CARTESIAN_POINT('',(-29.54395675659,3.766086816788,
    -0.10000000149));
#4102 = VECTOR('',#4103,1.);
#4103 = DIRECTION('',(0.23855745606,-0.516001374092,-0.822698560891));
#4104 = ORIENTED_EDGE('',*,*,#4105,.F.);
#4105 = EDGE_CURVE('',#4059,#4098,#4106,.T.);
#4106 = LINE('',#4107,#4108);
#4107 = CARTESIAN_POINT('',(-29.26044082641,2.432249069214,
    -2.099999904633));
#4108 = VECTOR('',#4109,1.);
#4109 = DIRECTION('',(0.965926023539,0.258818308955,0.));
#4110 = PLANE('',#4111);
#4111 = AXIS2_PLACEMENT_3D('',#4112,#4113,#4114);
#4112 = CARTESIAN_POINT('',(-29.31510226071,3.080570965017,
    -1.159489511659));
#4113 = DIRECTION('',(-0.213935752858,0.798421533182,-0.562809513958));
#4114 = DIRECTION('',(0.,0.576148661548,0.817344920946));
#4115 = ADVANCED_FACE('',(#4116),#4126,.T.);
#4116 = FACE_BOUND('',#4117,.T.);
#4117 = EDGE_LOOP('',(#4118,#4119,#4120));
#4118 = ORIENTED_EDGE('',*,*,#4097,.F.);
#4119 = ORIENTED_EDGE('',*,*,#2177,.F.);
#4120 = ORIENTED_EDGE('',*,*,#4121,.F.);
#4121 = EDGE_CURVE('',#4098,#2170,#4122,.T.);
#4122 = LINE('',#4123,#4124);
#4123 = CARTESIAN_POINT('',(-28.96401786804,2.5116751194,-2.099999904633
    ));
#4124 = VECTOR('',#4125,1.);
#4125 = DIRECTION('',(-0.174080620748,0.53576518393,0.82622733262));
#4126 = PLANE('',#4127);
#4127 = AXIS2_PLACEMENT_3D('',#4128,#4129,#4130);
#4128 = CARTESIAN_POINT('',(-29.2226235558,3.170353110895,
    -1.067274396501));
#4129 = DIRECTION('',(-0.21393469664,0.798421879132,-0.562809424669));
#4130 = DIRECTION('',(0.,0.576148433711,0.817345081549));
#4131 = ADVANCED_FACE('',(#4132),#4149,.T.);
#4132 = FACE_BOUND('',#4133,.T.);
#4133 = EDGE_LOOP('',(#4134,#4135,#4143));
#4134 = ORIENTED_EDGE('',*,*,#4121,.T.);
#4135 = ORIENTED_EDGE('',*,*,#4136,.T.);
#4136 = EDGE_CURVE('',#2170,#4137,#4139,.T.);
#4137 = VERTEX_POINT('',#4138);
#4138 = CARTESIAN_POINT('',(-28.6775226593,2.621650934219,
    -2.099999904633));
#4139 = LINE('',#4140,#4141);
#4140 = CARTESIAN_POINT('',(-29.38540458679,3.808570384979,
    -0.10000000149));
#4141 = VECTOR('',#4142,1.);
#4142 = DIRECTION('',(0.291186814822,-0.488238618469,-0.822698784677));
#4143 = ORIENTED_EDGE('',*,*,#4144,.F.);
#4144 = EDGE_CURVE('',#4098,#4137,#4145,.T.);
#4145 = LINE('',#4146,#4147);
#4146 = CARTESIAN_POINT('',(-28.96401786804,2.5116751194,-2.099999904633
    ));
#4147 = VECTOR('',#4148,1.);
#4148 = DIRECTION('',(0.933579763669,0.358369676267,0.));
#4149 = PLANE('',#4150);
#4150 = AXIS2_PLACEMENT_3D('',#4151,#4152,#4153);
#4151 = CARTESIAN_POINT('',(-29.08614842236,3.150731936003,
    -1.159489257687));
#4152 = DIRECTION('',(-0.29622360292,0.77168460258,-0.562809427084));
#4153 = DIRECTION('',(2.775557561563E-17,0.589256052252,0.807946350251)
  );
#4154 = ADVANCED_FACE('',(#4155),#4165,.T.);
#4155 = FACE_BOUND('',#4156,.T.);
#4156 = EDGE_LOOP('',(#4157,#4158,#4159));
#4157 = ORIENTED_EDGE('',*,*,#4136,.F.);
#4158 = ORIENTED_EDGE('',*,*,#2169,.F.);
#4159 = ORIENTED_EDGE('',*,*,#4160,.F.);
#4160 = EDGE_CURVE('',#4137,#2162,#4161,.T.);
#4161 = LINE('',#4162,#4163);
#4162 = CARTESIAN_POINT('',(-28.6775226593,2.621650934219,
    -2.099999904633));
#4163 = VECTOR('',#4164,1.);
#4164 = DIRECTION('',(-0.229129324038,0.514633849449,0.826227422607));
#4165 = PLANE('',#4166);
#4166 = AXIS2_PLACEMENT_3D('',#4167,#4168,#4169);
#4167 = CARTESIAN_POINT('',(-29.00356154215,3.249688791339,
    -1.067274508601));
#4168 = DIRECTION('',(-0.296222917272,0.771684909796,-0.562809366727));
#4169 = DIRECTION('',(-2.775557561563E-17,0.589255857866,0.807946492022)
  );
#4170 = ADVANCED_FACE('',(#4171),#4188,.T.);
#4171 = FACE_BOUND('',#4172,.T.);
#4172 = EDGE_LOOP('',(#4173,#4174,#4182));
#4173 = ORIENTED_EDGE('',*,*,#4160,.T.);
#4174 = ORIENTED_EDGE('',*,*,#4175,.T.);
#4175 = EDGE_CURVE('',#2162,#4176,#4178,.T.);
#4176 = VERTEX_POINT('',#4177);
#4177 = CARTESIAN_POINT('',(-28.40409088134,2.760971069336,
    -2.099999904633));
#4178 = LINE('',#4179,#4180);
#4179 = CARTESIAN_POINT('',(-29.23216247558,3.867394685745,
    -0.10000000149));
#4180 = VECTOR('',#4181,1.);
#4181 = DIRECTION('',(0.340626729643,-0.45512665895,-0.822698702665));
#4182 = ORIENTED_EDGE('',*,*,#4183,.F.);
#4183 = EDGE_CURVE('',#4137,#4176,#4184,.T.);
#4184 = LINE('',#4185,#4186);
#4185 = CARTESIAN_POINT('',(-28.6775226593,2.621650934219,
    -2.099999904633));
#4186 = VECTOR('',#4187,1.);
#4187 = DIRECTION('',(0.891006938677,0.453989686258,0.));
#4188 = PLANE('',#4189);
#4189 = AXIS2_PLACEMENT_3D('',#4190,#4191,#4192);
#4190 = CARTESIAN_POINT('',(-28.86578281501,3.24444059519,
    -1.159489511253));
#4191 = DIRECTION('',(-0.375261857542,0.736494526224,-0.562809338157));
#4192 = DIRECTION('',(0.,0.607182973425,0.794562040865));
#4193 = ADVANCED_FACE('',(#4194),#4204,.T.);
#4194 = FACE_BOUND('',#4195,.T.);
#4195 = EDGE_LOOP('',(#4196,#4197,#4198));
#4196 = ORIENTED_EDGE('',*,*,#4175,.F.);
#4197 = ORIENTED_EDGE('',*,*,#2161,.F.);
#4198 = ORIENTED_EDGE('',*,*,#4199,.F.);
#4199 = EDGE_CURVE('',#4176,#2154,#4200,.T.);
#4200 = LINE('',#4201,#4202);
#4201 = CARTESIAN_POINT('',(-28.40409088134,2.760971069336,
    -2.099999904633));
#4202 = VECTOR('',#4203,1.);
#4203 = DIRECTION('',(-0.281668355964,0.487864025444,0.826227347602));
#4204 = PLANE('',#4205);
#4205 = AXIS2_PLACEMENT_3D('',#4206,#4207,#4208);
#4206 = CARTESIAN_POINT('',(-28.7939918986,3.351488091355,
    -1.067274561364));
#4207 = DIRECTION('',(-0.375263238035,0.736493724834,-0.562809466392));
#4208 = DIRECTION('',(0.,0.607183477876,0.794561655377));
#4209 = ADVANCED_FACE('',(#4210),#4227,.T.);
#4210 = FACE_BOUND('',#4211,.T.);
#4211 = EDGE_LOOP('',(#4212,#4213,#4221));
#4212 = ORIENTED_EDGE('',*,*,#4199,.T.);
#4213 = ORIENTED_EDGE('',*,*,#4214,.T.);
#4214 = EDGE_CURVE('',#2154,#4215,#4217,.T.);
#4215 = VERTEX_POINT('',#4216);
#4216 = CARTESIAN_POINT('',(-28.14672088623,2.928109169006,
    -2.099999904633));
#4217 = LINE('',#4218,#4219);
#4218 = CARTESIAN_POINT('',(-29.08590888977,3.941914796829,
    -0.10000000149));
#4219 = VECTOR('',#4220,1.);
#4220 = DIRECTION('',(0.386334389095,-0.417028301479,-0.822698690632));
#4221 = ORIENTED_EDGE('',*,*,#4222,.F.);
#4222 = EDGE_CURVE('',#4176,#4215,#4223,.T.);
#4223 = LINE('',#4224,#4225);
#4224 = CARTESIAN_POINT('',(-28.40409088134,2.760971069336,
    -2.099999904633));
#4225 = VECTOR('',#4226,1.);
#4226 = DIRECTION('',(0.838670462891,0.544639196785,0.));
#4227 = PLANE('',#4228);
#4228 = AXIS2_PLACEMENT_3D('',#4229,#4230,#4231);
#4229 = CARTESIAN_POINT('',(-28.65641972354,3.360670483294,
    -1.159489336463));
#4230 = DIRECTION('',(-0.450191504581,0.693233832168,-0.56280943768));
#4231 = DIRECTION('',(0.,0.630293705593,0.776356776675));
#4232 = ADVANCED_FACE('',(#4233),#4243,.T.);
#4233 = FACE_BOUND('',#4234,.T.);
#4234 = EDGE_LOOP('',(#4235,#4236,#4237));
#4235 = ORIENTED_EDGE('',*,*,#4214,.F.);
#4236 = ORIENTED_EDGE('',*,*,#2153,.F.);
#4237 = ORIENTED_EDGE('',*,*,#4238,.F.);
#4238 = EDGE_CURVE('',#4215,#2146,#4239,.T.);
#4239 = LINE('',#4240,#4241);
#4240 = CARTESIAN_POINT('',(-28.14672088623,2.928109169006,
    -2.099999904633));
#4241 = VECTOR('',#4242,1.);
#4242 = DIRECTION('',(-0.33112099146,0.455749163262,0.826227322957));
#4243 = PLANE('',#4244);
#4244 = AXIS2_PLACEMENT_3D('',#4245,#4246,#4247);
#4245 = CARTESIAN_POINT('',(-28.59621178329,3.474635615875,
    -1.067274564112));
#4246 = DIRECTION('',(-0.450192235404,0.693233298546,-0.562809510375));
#4247 = DIRECTION('',(0.,0.630294047091,0.776356499426));
#4248 = ADVANCED_FACE('',(#4249),#4266,.T.);
#4249 = FACE_BOUND('',#4250,.T.);
#4250 = EDGE_LOOP('',(#4251,#4252,#4260));
#4251 = ORIENTED_EDGE('',*,*,#4238,.T.);
#4252 = ORIENTED_EDGE('',*,*,#4253,.T.);
#4253 = EDGE_CURVE('',#2146,#4254,#4256,.T.);
#4254 = VERTEX_POINT('',#4255);
#4255 = CARTESIAN_POINT('',(-27.90822982788,3.121234416962,
    -2.099999904633));
#4256 = LINE('',#4257,#4258);
#4257 = CARTESIAN_POINT('',(-28.94824600219,4.031314373016,
    -0.10000000149));
#4258 = VECTOR('',#4259,1.);
#4259 = DIRECTION('',(0.427809876876,-0.374360710498,-0.822698467048));
#4260 = ORIENTED_EDGE('',*,*,#4261,.F.);
#4261 = EDGE_CURVE('',#4215,#4254,#4262,.T.);
#4262 = LINE('',#4263,#4264);
#4263 = CARTESIAN_POINT('',(-28.14672088623,2.928109169006,
    -2.099999904633));
#4264 = VECTOR('',#4265,1.);
#4265 = DIRECTION('',(0.777147560181,0.629318416785,0.));
#4266 = PLANE('',#4267);
#4267 = AXIS2_PLACEMENT_3D('',#4268,#4269,#4270);
#4268 = CARTESIAN_POINT('',(-28.4603525143,3.498147859584,
    -1.159489591667));
#4269 = DIRECTION('',(-0.520186181698,0.642379773362,-0.562809526523));
#4270 = DIRECTION('',(0.,0.658986737351,0.752154558582));
#4271 = ADVANCED_FACE('',(#4272),#4282,.T.);
#4272 = FACE_BOUND('',#4273,.T.);
#4273 = EDGE_LOOP('',(#4274,#4275,#4276));
#4274 = ORIENTED_EDGE('',*,*,#4253,.F.);
#4275 = ORIENTED_EDGE('',*,*,#2145,.F.);
#4276 = ORIENTED_EDGE('',*,*,#4277,.F.);
#4277 = EDGE_CURVE('',#4254,#2138,#4278,.T.);
#4278 = LINE('',#4279,#4280);
#4279 = CARTESIAN_POINT('',(-27.90822982788,3.121234416962,
    -2.099999904633));
#4280 = VECTOR('',#4281,1.);
#4281 = DIRECTION('',(-0.376945893237,0.418640953199,0.826227296739));
#4282 = PLANE('',#4283);
#4283 = AXIS2_PLACEMENT_3D('',#4284,#4285,#4286);
#4284 = CARTESIAN_POINT('',(-28.41238650406,3.617782437827,
    -1.067274343726));
#4285 = DIRECTION('',(-0.520185435504,0.64238044844,-0.562809445684));
#4286 = DIRECTION('',(0.,0.658986292012,0.752154948758));
#4287 = ADVANCED_FACE('',(#4288),#4305,.T.);
#4288 = FACE_BOUND('',#4289,.T.);
#4289 = EDGE_LOOP('',(#4290,#4291,#4299));
#4290 = ORIENTED_EDGE('',*,*,#4277,.T.);
#4291 = ORIENTED_EDGE('',*,*,#4292,.T.);
#4292 = EDGE_CURVE('',#2138,#4293,#4295,.T.);
#4293 = VERTEX_POINT('',#4294);
#4294 = CARTESIAN_POINT('',(-27.69123458862,3.338230609894,
    -2.099999904633));
#4295 = LINE('',#4296,#4297);
#4296 = CARTESIAN_POINT('',(-28.82068061828,4.134613990784,
    -0.10000000149));
#4297 = VECTOR('',#4298,1.);
#4298 = DIRECTION('',(0.464596951935,-0.327591829636,-0.822698769544));
#4299 = ORIENTED_EDGE('',*,*,#4300,.F.);
#4300 = EDGE_CURVE('',#4254,#4293,#4301,.T.);
#4301 = LINE('',#4302,#4303);
#4302 = CARTESIAN_POINT('',(-27.90822982788,3.121234416962,
    -2.099999904633));
#4303 = VECTOR('',#4304,1.);
#4304 = DIRECTION('',(0.707105227353,0.707108335016,0.));
#4305 = PLANE('',#4306);
#4306 = AXIS2_PLACEMENT_3D('',#4307,#4308,#4309);
#4307 = CARTESIAN_POINT('',(-28.27972946167,3.655367034869,
    -1.159489284813));
#4308 = DIRECTION('',(-0.584486313835,0.584483745082,-0.562809471024));
#4309 = DIRECTION('',(-0.707105227353,-0.707108335016,0.));
#4310 = ADVANCED_FACE('',(#4311),#4321,.T.);
#4311 = FACE_BOUND('',#4312,.T.);
#4312 = EDGE_LOOP('',(#4313,#4314,#4315));
#4313 = ORIENTED_EDGE('',*,*,#4292,.F.);
#4314 = ORIENTED_EDGE('',*,*,#2137,.F.);
#4315 = ORIENTED_EDGE('',*,*,#4316,.F.);
#4316 = EDGE_CURVE('',#4293,#2130,#4317,.T.);
#4317 = LINE('',#4318,#4319);
#4318 = CARTESIAN_POINT('',(-27.69123458862,3.338230609894,
    -2.099999904633));
#4319 = VECTOR('',#4320,1.);
#4320 = DIRECTION('',(-0.418641115663,0.376945862151,0.826227228602));
#4321 = PLANE('',#4322);
#4322 = AXIS2_PLACEMENT_3D('',#4323,#4324,#4325);
#4323 = CARTESIAN_POINT('',(-28.24453224691,3.779359558836,
    -1.067274799251));
#4324 = DIRECTION('',(-0.584488504359,0.584481300636,-0.562809734706));
#4325 = DIRECTION('',(-0.70710242366,-0.707111138687,-2.775557561563E-17
    ));
#4326 = ADVANCED_FACE('',(#4327),#4337,.T.);
#4327 = FACE_BOUND('',#4328,.T.);
#4328 = EDGE_LOOP('',(#4329,#4335,#4336));
#4329 = ORIENTED_EDGE('',*,*,#4330,.F.);
#4330 = EDGE_CURVE('',#4293,#3966,#4331,.T.);
#4331 = LINE('',#4332,#4333);
#4332 = CARTESIAN_POINT('',(-27.69123458862,3.338230609894,
    -2.099999904633));
#4333 = VECTOR('',#4334,1.);
#4334 = DIRECTION('',(0.629319378177,0.777146781664,0.));
#4335 = ORIENTED_EDGE('',*,*,#4316,.T.);
#4336 = ORIENTED_EDGE('',*,*,#3997,.T.);
#4337 = PLANE('',#4338);
#4338 = AXIS2_PLACEMENT_3D('',#4339,#4340,#4341);
#4339 = CARTESIAN_POINT('',(-28.11653133255,3.830604792852,
    -1.159489369502));
#4340 = DIRECTION('',(-0.6423790911,0.520186944993,-0.562809599755));
#4341 = DIRECTION('',(0.65898718182,0.,-0.752154169168));
#4342 = ADVANCED_FACE('',(#4343),#4353,.T.);
#4343 = FACE_BOUND('',#4344,.T.);
#4344 = EDGE_LOOP('',(#4345,#4346,#4347));
#4345 = ORIENTED_EDGE('',*,*,#3981,.F.);
#4346 = ORIENTED_EDGE('',*,*,#2121,.F.);
#4347 = ORIENTED_EDGE('',*,*,#4348,.F.);
#4348 = EDGE_CURVE('',#3968,#2114,#4349,.T.);
#4349 = LINE('',#4350,#4351);
#4350 = CARTESIAN_POINT('',(-27.33097076416,3.834090948105,
    -2.099999904633));
#4351 = VECTOR('',#4352,1.);
#4352 = DIRECTION('',(-0.487864237063,0.28166840604,0.826227205576));
#4353 = PLANE('',#4354);
#4354 = AXIS2_PLACEMENT_3D('',#4355,#4356,#4357);
#4355 = CARTESIAN_POINT('',(-27.96389395278,4.15054311869,
    -1.067274516826));
#4356 = DIRECTION('',(-0.693234463429,0.450190231906,-0.562809678142));
#4357 = DIRECTION('',(0.63029352197,0.,-0.776356925752));
#4358 = ADVANCED_FACE('',(#4359),#4369,.T.);
#4359 = FACE_BOUND('',#4360,.T.);
#4360 = EDGE_LOOP('',(#4361,#4367,#4368));
#4361 = ORIENTED_EDGE('',*,*,#4362,.F.);
#4362 = EDGE_CURVE('',#3968,#3920,#4363,.T.);
#4363 = LINE('',#4364,#4365);
#4364 = CARTESIAN_POINT('',(-27.33097076416,3.834090948105,
    -2.099999904633));
#4365 = VECTOR('',#4366,1.);
#4366 = DIRECTION('',(0.453991245848,0.891006144027,0.));
#4367 = ORIENTED_EDGE('',*,*,#4348,.T.);
#4368 = ORIENTED_EDGE('',*,*,#3951,.T.);
#4369 = PLANE('',#4370);
#4370 = AXIS2_PLACEMENT_3D('',#4371,#4372,#4373);
#4371 = CARTESIAN_POINT('',(-27.84934389882,4.227281492032,
    -1.159489399177));
#4372 = DIRECTION('',(-0.736493666034,0.37526304307,-0.562809673333));
#4373 = DIRECTION('',(0.607183649428,0.,-0.794561524281));
#4374 = ADVANCED_FACE('',(#4375),#4385,.T.);
#4375 = FACE_BOUND('',#4376,.T.);
#4376 = EDGE_LOOP('',(#4377,#4378,#4379));
#4377 = ORIENTED_EDGE('',*,*,#3935,.F.);
#4378 = ORIENTED_EDGE('',*,*,#2105,.F.);
#4379 = ORIENTED_EDGE('',*,*,#4380,.F.);
#4380 = EDGE_CURVE('',#3922,#2098,#4381,.T.);
#4381 = LINE('',#4382,#4383);
#4382 = CARTESIAN_POINT('',(-27.0816745758,4.394018173218,
    -2.099999904633));
#4383 = VECTOR('',#4384,1.);
#4384 = DIRECTION('',(-0.535765376223,0.174080784208,0.826227173488));
#4385 = PLANE('',#4386);
#4386 = AXIS2_PLACEMENT_3D('',#4387,#4388,#4389);
#4387 = CARTESIAN_POINT('',(-27.76656121732,4.571963145923,
    -1.067274417819));
#4388 = DIRECTION('',(-0.771684620006,0.296223084896,-0.562809675841));
#4389 = DIRECTION('',(0.589256213579,0.,-0.807946232591));
#4390 = ADVANCED_FACE('',(#4391),#4408,.T.);
#4391 = FACE_BOUND('',#4392,.T.);
#4392 = EDGE_LOOP('',(#4393,#4401,#4402));
#4393 = ORIENTED_EDGE('',*,*,#4394,.F.);
#4394 = EDGE_CURVE('',#3922,#4395,#4397,.T.);
#4395 = VERTEX_POINT('',#4396);
#4396 = CARTESIAN_POINT('',(-27.00224876403,4.690440654755,
    -2.099999904633));
#4397 = LINE('',#4398,#4399);
#4398 = CARTESIAN_POINT('',(-27.0816745758,4.394018173218,
    -2.099999904633));
#4399 = VECTOR('',#4400,1.);
#4400 = DIRECTION('',(0.25881797254,0.965926113681,0.));
#4401 = ORIENTED_EDGE('',*,*,#4380,.T.);
#4402 = ORIENTED_EDGE('',*,*,#4403,.T.);
#4403 = EDGE_CURVE('',#2098,#4395,#4404,.T.);
#4404 = LINE('',#4405,#4406);
#4405 = CARTESIAN_POINT('',(-28.37857055664,4.815405368805,
    -0.10000000149));
#4406 = VECTOR('',#4407,1.);
#4407 = DIRECTION('',(0.566149004764,-5.14041475405E-02,-0.822698558417)
  );
#4408 = PLANE('',#4409);
#4409 = AXIS2_PLACEMENT_3D('',#4410,#4411,#4412);
#4410 = CARTESIAN_POINT('',(-27.67046907782,4.670840994359,
    -1.159489411742));
#4411 = DIRECTION('',(-0.798421502007,0.213935446464,-0.56280967465));
#4412 = DIRECTION('',(0.576148786471,-1.387778780781E-17,-0.817344832887
    ));
#4413 = ADVANCED_FACE('',(#4414),#4424,.T.);
#4414 = FACE_BOUND('',#4415,.T.);
#4415 = EDGE_LOOP('',(#4416,#4417,#4418));
#4416 = ORIENTED_EDGE('',*,*,#4403,.F.);
#4417 = ORIENTED_EDGE('',*,*,#2097,.F.);
#4418 = ORIENTED_EDGE('',*,*,#4419,.F.);
#4419 = EDGE_CURVE('',#4395,#2090,#4420,.T.);
#4420 = LINE('',#4421,#4422);
#4421 = CARTESIAN_POINT('',(-27.00224876403,4.690440654755,
    -2.099999904633));
#4422 = VECTOR('',#4423,1.);
#4423 = DIRECTION('',(-0.551026545078,0.117124314174,0.826227354697));
#4424 = PLANE('',#4425);
#4425 = AXIS2_PLACEMENT_3D('',#4426,#4427,#4428);
#4426 = CARTESIAN_POINT('',(-27.70198334837,4.795820689447,
    -1.067274538071));
#4427 = DIRECTION('',(-0.79842069894,0.213939269044,-0.562809360854));
#4428 = DIRECTION('',(0.576148959008,1.387778780781E-17,-0.817344711265)
  );
#4429 = ADVANCED_FACE('',(#4430),#4447,.T.);
#4430 = FACE_BOUND('',#4431,.T.);
#4431 = EDGE_LOOP('',(#4432,#4440,#4441));
#4432 = ORIENTED_EDGE('',*,*,#4433,.F.);
#4433 = EDGE_CURVE('',#4395,#4434,#4436,.T.);
#4434 = VERTEX_POINT('',#4435);
#4435 = CARTESIAN_POINT('',(-26.95424270629,4.993541717529,
    -2.099999904633));
#4436 = LINE('',#4437,#4438);
#4437 = CARTESIAN_POINT('',(-27.00224876403,4.690440654755,
    -2.099999904633));
#4438 = VECTOR('',#4439,1.);
#4439 = DIRECTION('',(0.156433083981,0.987688559332,0.));
#4440 = ORIENTED_EDGE('',*,*,#4419,.T.);
#4441 = ORIENTED_EDGE('',*,*,#4442,.T.);
#4442 = EDGE_CURVE('',#2090,#4434,#4443,.T.);
#4443 = LINE('',#4444,#4445);
#4444 = CARTESIAN_POINT('',(-28.33608627319,4.97395658493,-0.10000000149
    ));
#4445 = VECTOR('',#4446,1.);
#4446 = DIRECTION('',(0.568420509504,8.056332364439E-03,-0.822698741876)
  );
#4447 = PLANE('',#4448);
#4448 = AXIS2_PLACEMENT_3D('',#4449,#4450,#4451);
#4449 = CARTESIAN_POINT('',(-27.61675322189,4.904201116181,
    -1.159489450465));
#4450 = DIRECTION('',(-0.816410227538,0.129305506762,-0.562809404943));
#4451 = DIRECTION('',(0.56757430286,6.938893903907E-18,-0.823322179182)
  );
#4452 = ADVANCED_FACE('',(#4453),#4463,.T.);
#4453 = FACE_BOUND('',#4454,.T.);
#4454 = EDGE_LOOP('',(#4455,#4456,#4457));
#4455 = ORIENTED_EDGE('',*,*,#4442,.F.);
#4456 = ORIENTED_EDGE('',*,*,#2089,.F.);
#4457 = ORIENTED_EDGE('',*,*,#4458,.F.);
#4458 = EDGE_CURVE('',#4434,#2082,#4459,.T.);
#4459 = LINE('',#4460,#4461);
#4460 = CARTESIAN_POINT('',(-26.95424270629,4.993541717529,
    -2.099999904633));
#4461 = VECTOR('',#4462,1.);
#4462 = DIRECTION('',(-0.560251004072,5.888461657735E-02,0.826227217154)
  );
#4463 = PLANE('',#4464);
#4464 = AXIS2_PLACEMENT_3D('',#4465,#4466,#4467);
#4465 = CARTESIAN_POINT('',(-27.66115921973,5.025202104034,
    -1.067274549204));
#4466 = DIRECTION('',(-0.816410689989,0.129301004225,-0.562809768552));
#4467 = DIRECTION('',(0.567574333491,0.,-0.823322158066));
#4468 = ADVANCED_FACE('',(#4469),#4479,.T.);
#4469 = FACE_BOUND('',#4470,.T.);
#4470 = EDGE_LOOP('',(#4471,#4472,#4473));
#4471 = ORIENTED_EDGE('',*,*,#4458,.T.);
#4472 = ORIENTED_EDGE('',*,*,#3904,.T.);
#4473 = ORIENTED_EDGE('',*,*,#4474,.F.);
#4474 = EDGE_CURVE('',#4434,#3874,#4475,.T.);
#4475 = LINE('',#4476,#4477);
#4476 = CARTESIAN_POINT('',(-26.95424270629,4.993541717529,
    -2.099999904633));
#4477 = VECTOR('',#4478,1.);
#4478 = DIRECTION('',(5.233912408207E-02,0.99862936873,0.));
#4479 = PLANE('',#4480);
#4480 = AXIS2_PLACEMENT_3D('',#4481,#4482,#4483);
#4481 = CARTESIAN_POINT('',(-27.58772490217,5.141897811079,
    -1.159489414216));
#4482 = DIRECTION('',(-0.825453551837,4.326281323824E-02,-0.562809703852
    ));
#4483 = DIRECTION('',(0.563337141663,0.,-0.826227126656));
#4484 = ADVANCED_FACE('',(#4485),#4495,.T.);
#4485 = FACE_BOUND('',#4486,.T.);
#4486 = EDGE_LOOP('',(#4487,#4488,#4489));
#4487 = ORIENTED_EDGE('',*,*,#3881,.F.);
#4488 = ORIENTED_EDGE('',*,*,#2073,.F.);
#4489 = ORIENTED_EDGE('',*,*,#4490,.F.);
#4490 = EDGE_CURVE('',#3882,#2066,#4491,.T.);
#4491 = LINE('',#4492,#4493);
#4492 = CARTESIAN_POINT('',(-26.95424270629,5.60645866394,
    -2.099999904633));
#4493 = VECTOR('',#4494,1.);
#4494 = DIRECTION('',(-0.560250997573,-5.888481288224E-02,0.826227207571
    ));
#4495 = PLANE('',#4496);
#4496 = AXIS2_PLACEMENT_3D('',#4497,#4498,#4499);
#4497 = CARTESIAN_POINT('',(-27.65229427591,5.490451057085,
    -1.067274551205));
#4498 = DIRECTION('',(-0.825453712516,-4.326041727663E-02,
    -0.562809652361));
#4499 = DIRECTION('',(0.563337031623,0.,-0.826227201684));
#4500 = ADVANCED_FACE('',(#4501),#4518,.T.);
#4501 = FACE_BOUND('',#4502,.T.);
#4502 = EDGE_LOOP('',(#4503,#4504,#4512));
#4503 = ORIENTED_EDGE('',*,*,#4490,.T.);
#4504 = ORIENTED_EDGE('',*,*,#4505,.T.);
#4505 = EDGE_CURVE('',#2066,#4506,#4508,.T.);
#4506 = VERTEX_POINT('',#4507);
#4507 = CARTESIAN_POINT('',(-27.00224876403,5.909559249878,
    -2.099999904633));
#4508 = LINE('',#4509,#4510);
#4509 = CARTESIAN_POINT('',(-28.31040954589,5.463919639587,
    -0.10000000149));
#4510 = VECTOR('',#4511,1.);
#4511 = DIRECTION('',(0.53811095535,0.183313519072,-0.822698458403));
#4512 = ORIENTED_EDGE('',*,*,#4513,.F.);
#4513 = EDGE_CURVE('',#3882,#4506,#4514,.T.);
#4514 = LINE('',#4515,#4516);
#4515 = CARTESIAN_POINT('',(-26.95424270629,5.60645866394,
    -2.099999904633));
#4516 = VECTOR('',#4517,1.);
#4517 = DIRECTION('',(-0.156433324059,0.987688521308,0.));
#4518 = PLANE('',#4519);
#4519 = AXIS2_PLACEMENT_3D('',#4520,#4521,#4522);
#4520 = CARTESIAN_POINT('',(-27.60472698346,5.619864410902,
    -1.159489349967));
#4521 = DIRECTION('',(-0.816410014804,-0.129305676491,-0.562809674539));
#4522 = DIRECTION('',(0.567574587406,-6.938893903907E-18,-0.823321983024
    ));
#4523 = ADVANCED_FACE('',(#4524),#4534,.T.);
#4524 = FACE_BOUND('',#4525,.T.);
#4525 = EDGE_LOOP('',(#4526,#4527,#4528));
#4526 = ORIENTED_EDGE('',*,*,#4505,.F.);
#4527 = ORIENTED_EDGE('',*,*,#2065,.F.);
#4528 = ORIENTED_EDGE('',*,*,#4529,.F.);
#4529 = EDGE_CURVE('',#4506,#2058,#4530,.T.);
#4530 = LINE('',#4531,#4532);
#4531 = CARTESIAN_POINT('',(-27.00224876403,5.909559249878,
    -2.099999904633));
#4532 = VECTOR('',#4533,1.);
#4533 = DIRECTION('',(-0.551026545078,-0.117124314174,0.826227354697));
#4534 = PLANE('',#4535);
#4535 = AXIS2_PLACEMENT_3D('',#4536,#4537,#4538);
#4536 = CARTESIAN_POINT('',(-27.68435016299,5.721220985275,
    -1.06727455204));
#4537 = DIRECTION('',(-0.816411008624,-0.12930105469,-0.562809294747));
#4538 = DIRECTION('',(0.567573859441,0.,-0.823322484862));
#4539 = ADVANCED_FACE('',(#4540),#4557,.T.);
#4540 = FACE_BOUND('',#4541,.T.);
#4541 = EDGE_LOOP('',(#4542,#4543,#4551));
#4542 = ORIENTED_EDGE('',*,*,#4529,.T.);
#4543 = ORIENTED_EDGE('',*,*,#4544,.T.);
#4544 = EDGE_CURVE('',#2058,#4545,#4547,.T.);
#4545 = VERTEX_POINT('',#4546);
#4546 = CARTESIAN_POINT('',(-27.0816745758,6.205981731415,
    -2.099999904633));
#4547 = LINE('',#4548,#4549);
#4548 = CARTESIAN_POINT('',(-28.33608627319,5.626043319702,
    -0.10000000149));
#4549 = VECTOR('',#4550,1.);
#4550 = DIRECTION('',(0.516001398237,0.238557271076,-0.822698599387));
#4551 = ORIENTED_EDGE('',*,*,#4552,.F.);
#4552 = EDGE_CURVE('',#4506,#4545,#4553,.T.);
#4553 = LINE('',#4554,#4555);
#4554 = CARTESIAN_POINT('',(-27.00224876403,5.909559249878,
    -2.099999904633));
#4555 = VECTOR('',#4556,1.);
#4556 = DIRECTION('',(-0.25881797254,0.965926113681,0.));
#4557 = PLANE('',#4558);
#4558 = AXIS2_PLACEMENT_3D('',#4559,#4560,#4561);
#4559 = CARTESIAN_POINT('',(-27.65057054431,5.854897669369,
    -1.159489419261));
#4560 = DIRECTION('',(-0.798421645845,-0.213935485005,-0.562809455945));
#4561 = DIRECTION('',(0.576148567562,-1.387778780781E-17,-0.817344987197
    ));
#4562 = ADVANCED_FACE('',(#4563),#4573,.T.);
#4563 = FACE_BOUND('',#4564,.T.);
#4564 = EDGE_LOOP('',(#4565,#4566,#4567));
#4565 = ORIENTED_EDGE('',*,*,#4544,.F.);
#4566 = ORIENTED_EDGE('',*,*,#2057,.F.);
#4567 = ORIENTED_EDGE('',*,*,#4568,.F.);
#4568 = EDGE_CURVE('',#4545,#2050,#4569,.T.);
#4569 = LINE('',#4570,#4571);
#4570 = CARTESIAN_POINT('',(-27.0816745758,6.205981731415,
    -2.099999904633));
#4571 = VECTOR('',#4572,1.);
#4572 = DIRECTION('',(-0.535765394595,-0.174080593189,0.826227201821));
#4573 = PLANE('',#4574);
#4574 = AXIS2_PLACEMENT_3D('',#4575,#4576,#4577);
#4575 = CARTESIAN_POINT('',(-27.74035271764,5.94737618468,
    -1.067274451381));
#4576 = DIRECTION('',(-0.798420623765,-0.213938605488,-0.562809719735));
#4577 = DIRECTION('',(0.576149240682,0.,-0.817344512713));
#4578 = ADVANCED_FACE('',(#4579),#4596,.T.);
#4579 = FACE_BOUND('',#4580,.T.);
#4580 = EDGE_LOOP('',(#4581,#4582,#4590));
#4581 = ORIENTED_EDGE('',*,*,#4568,.T.);
#4582 = ORIENTED_EDGE('',*,*,#4583,.T.);
#4583 = EDGE_CURVE('',#2050,#4584,#4586,.T.);
#4584 = VERTEX_POINT('',#4585);
#4585 = CARTESIAN_POINT('',(-27.19165039062,6.492477893829,
    -2.099999904633));
#4586 = LINE('',#4587,#4588);
#4587 = CARTESIAN_POINT('',(-28.37857055664,5.784595012665,
    -0.10000000149));
#4588 = VECTOR('',#4589,1.);
#4589 = DIRECTION('',(0.488238786782,0.291187132024,-0.822698572519));
#4590 = ORIENTED_EDGE('',*,*,#4591,.F.);
#4591 = EDGE_CURVE('',#4545,#4584,#4592,.T.);
#4592 = LINE('',#4593,#4594);
#4593 = CARTESIAN_POINT('',(-27.0816745758,6.205981731415,
    -2.099999904633));
#4594 = VECTOR('',#4595,1.);
#4595 = DIRECTION('',(-0.358368636549,0.933580162781,0.));
#4596 = PLANE('',#4597);
#4597 = AXIS2_PLACEMENT_3D('',#4598,#4599,#4600);
#4598 = CARTESIAN_POINT('',(-27.72073163647,6.083851476042,
    -1.159489408364));
#4599 = DIRECTION('',(-0.771684798354,-0.296222692016,-0.562809638088));
#4600 = DIRECTION('',(0.589256098878,0.,-0.807946316246));
#4601 = ADVANCED_FACE('',(#4602),#4612,.T.);
#4602 = FACE_BOUND('',#4603,.T.);
#4603 = EDGE_LOOP('',(#4604,#4605,#4606));
#4604 = ORIENTED_EDGE('',*,*,#4583,.F.);
#4605 = ORIENTED_EDGE('',*,*,#2049,.F.);
#4606 = ORIENTED_EDGE('',*,*,#4607,.F.);
#4607 = EDGE_CURVE('',#4584,#2042,#4608,.T.);
#4608 = LINE('',#4609,#4610);
#4609 = CARTESIAN_POINT('',(-27.19165039062,6.492477893829,
    -2.099999904633));
#4610 = VECTOR('',#4611,1.);
#4611 = DIRECTION('',(-0.514634092624,-0.229129650873,0.826227180502));
#4612 = PLANE('',#4613);
#4613 = AXIS2_PLACEMENT_3D('',#4614,#4615,#4616);
#4614 = CARTESIAN_POINT('',(-27.81968868347,6.166438516738,
    -1.067274500842));
#4615 = DIRECTION('',(-0.771684269583,-0.296223872126,-0.562809741974));
#4616 = DIRECTION('',(0.589256433449,0.,-0.807946072234));
#4617 = ADVANCED_FACE('',(#4618),#4635,.T.);
#4618 = FACE_BOUND('',#4619,.T.);
#4619 = EDGE_LOOP('',(#4620,#4621,#4629));
#4620 = ORIENTED_EDGE('',*,*,#4607,.T.);
#4621 = ORIENTED_EDGE('',*,*,#4622,.T.);
#4622 = EDGE_CURVE('',#2042,#4623,#4625,.T.);
#4623 = VERTEX_POINT('',#4624);
#4624 = CARTESIAN_POINT('',(-27.33097076416,6.765909194946,
    -2.099999904633));
#4625 = LINE('',#4626,#4627);
#4626 = CARTESIAN_POINT('',(-28.43739509582,5.937837123871,
    -0.10000000149));
#4627 = VECTOR('',#4628,1.);
#4628 = DIRECTION('',(0.455126861817,0.340626857419,-0.822698537532));
#4629 = ORIENTED_EDGE('',*,*,#4630,.F.);
#4630 = EDGE_CURVE('',#4584,#4623,#4631,.T.);
#4631 = LINE('',#4632,#4633);
#4632 = CARTESIAN_POINT('',(-27.19165039062,6.492477893829,
    -2.099999904633));
#4633 = VECTOR('',#4634,1.);
#4634 = DIRECTION('',(-0.453990931579,0.891006304155,0.));
#4635 = PLANE('',#4636);
#4636 = AXIS2_PLACEMENT_3D('',#4637,#4638,#4639);
#4637 = CARTESIAN_POINT('',(-27.81444060389,6.30421713542,
    -1.159489439719));
#4638 = DIRECTION('',(-0.736493799083,-0.375262783651,-0.562809672197));
#4639 = DIRECTION('',(0.607183579405,0.,-0.794561577791));
#4640 = ADVANCED_FACE('',(#4641),#4651,.T.);
#4641 = FACE_BOUND('',#4642,.T.);
#4642 = EDGE_LOOP('',(#4643,#4644,#4645));
#4643 = ORIENTED_EDGE('',*,*,#4622,.F.);
#4644 = ORIENTED_EDGE('',*,*,#2041,.F.);
#4645 = ORIENTED_EDGE('',*,*,#4646,.F.);
#4646 = EDGE_CURVE('',#4623,#2034,#4647,.T.);
#4647 = LINE('',#4648,#4649);
#4648 = CARTESIAN_POINT('',(-27.33097076416,6.765909194946,
    -2.099999904633));
#4649 = VECTOR('',#4650,1.);
#4650 = DIRECTION('',(-0.487864223528,-0.28166849672,0.826227182654));
#4651 = PLANE('',#4652);
#4652 = AXIS2_PLACEMENT_3D('',#4653,#4654,#4655);
#4653 = CARTESIAN_POINT('',(-27.92148815187,6.376007933838,-1.0672745677
    ));
#4654 = DIRECTION('',(-0.736493578571,-0.37526316351,-0.562809707482));
#4655 = DIRECTION('',(0.60718371821,-2.775557561563E-17,-0.794561471719)
  );
#4656 = ADVANCED_FACE('',(#4657),#4674,.T.);
#4657 = FACE_BOUND('',#4658,.T.);
#4658 = EDGE_LOOP('',(#4659,#4660,#4668));
#4659 = ORIENTED_EDGE('',*,*,#4646,.T.);
#4660 = ORIENTED_EDGE('',*,*,#4661,.T.);
#4661 = EDGE_CURVE('',#2034,#4662,#4664,.T.);
#4662 = VERTEX_POINT('',#4663);
#4663 = CARTESIAN_POINT('',(-27.4981098175,7.023279666901,
    -2.099999904633));
#4664 = LINE('',#4665,#4666);
#4665 = CARTESIAN_POINT('',(-28.5119152069,6.084090709686,-0.10000000149
    ));
#4666 = VECTOR('',#4667,1.);
#4667 = DIRECTION('',(0.417028157259,0.386334738637,-0.822698599595));
#4668 = ORIENTED_EDGE('',*,*,#4669,.F.);
#4669 = EDGE_CURVE('',#4623,#4662,#4670,.T.);
#4670 = LINE('',#4671,#4672);
#4671 = CARTESIAN_POINT('',(-27.33097076416,6.765909194946,
    -2.099999904633));
#4672 = VECTOR('',#4673,1.);
#4673 = DIRECTION('',(-0.544640672862,0.838669504313,0.));
#4674 = PLANE('',#4675);
#4675 = AXIS2_PLACEMENT_3D('',#4676,#4677,#4678);
#4676 = CARTESIAN_POINT('',(-27.93067067858,6.513580316754,
    -1.159489495399));
#4677 = DIRECTION('',(-0.69323292147,-0.450192647828,-0.562809644935));
#4678 = DIRECTION('',(0.630294344559,2.775557561563E-17,-0.776356257923)
  );
#4679 = ADVANCED_FACE('',(#4680),#4690,.T.);
#4680 = FACE_BOUND('',#4681,.T.);
#4681 = EDGE_LOOP('',(#4682,#4683,#4684));
#4682 = ORIENTED_EDGE('',*,*,#4661,.F.);
#4683 = ORIENTED_EDGE('',*,*,#2033,.F.);
#4684 = ORIENTED_EDGE('',*,*,#4685,.F.);
#4685 = EDGE_CURVE('',#4662,#2026,#4686,.T.);
#4686 = LINE('',#4687,#4688);
#4687 = CARTESIAN_POINT('',(-27.4981098175,7.023279666901,
    -2.099999904633));
#4688 = VECTOR('',#4689,1.);
#4689 = DIRECTION('',(-0.455748977463,-0.331121196577,0.826227343241));
#4690 = PLANE('',#4691);
#4691 = AXIS2_PLACEMENT_3D('',#4692,#4693,#4694);
#4692 = CARTESIAN_POINT('',(-28.04463610521,6.573788375938,
    -1.067274513401));
#4693 = DIRECTION('',(-0.693234614065,-0.45019032973,-0.56280941435));
#4694 = DIRECTION('',(0.630293261361,0.,-0.77635713733));
#4695 = ADVANCED_FACE('',(#4696),#4713,.T.);
#4696 = FACE_BOUND('',#4697,.T.);
#4697 = EDGE_LOOP('',(#4698,#4699,#4707));
#4698 = ORIENTED_EDGE('',*,*,#4685,.T.);
#4699 = ORIENTED_EDGE('',*,*,#4700,.T.);
#4700 = EDGE_CURVE('',#2026,#4701,#4703,.T.);
#4701 = VERTEX_POINT('',#4702);
#4702 = CARTESIAN_POINT('',(-27.69123458862,7.261769294739,
    -2.099999904633));
#4703 = LINE('',#4704,#4705);
#4704 = CARTESIAN_POINT('',(-28.60131454467,6.221754074097,
    -0.10000000149));
#4705 = VECTOR('',#4706,1.);
#4706 = DIRECTION('',(0.374360773326,0.42780955638,-0.822698605119));
#4707 = ORIENTED_EDGE('',*,*,#4708,.F.);
#4708 = EDGE_CURVE('',#4662,#4701,#4709,.T.);
#4709 = LINE('',#4710,#4711);
#4710 = CARTESIAN_POINT('',(-27.4981098175,7.023279666901,
    -2.099999904633));
#4711 = VECTOR('',#4712,1.);
#4712 = DIRECTION('',(-0.629319758145,0.777146473973,0.));
#4713 = PLANE('',#4714);
#4714 = AXIS2_PLACEMENT_3D('',#4715,#4716,#4717);
#4715 = CARTESIAN_POINT('',(-28.06814828092,6.709647314958,
    -1.159489339657));
#4716 = DIRECTION('',(-0.642378904454,-0.520187313882,-0.562809471836));
#4717 = DIRECTION('',(0.658987205406,-2.775557561563E-17,-0.752154148504
    ));
#4718 = ADVANCED_FACE('',(#4719),#4729,.T.);
#4719 = FACE_BOUND('',#4720,.T.);
#4720 = EDGE_LOOP('',(#4721,#4722,#4723));
#4721 = ORIENTED_EDGE('',*,*,#4700,.F.);
#4722 = ORIENTED_EDGE('',*,*,#2025,.F.);
#4723 = ORIENTED_EDGE('',*,*,#4724,.F.);
#4724 = EDGE_CURVE('',#4701,#2018,#4725,.T.);
#4725 = LINE('',#4726,#4727);
#4726 = CARTESIAN_POINT('',(-27.69123458862,7.261769294739,
    -2.099999904633));
#4727 = VECTOR('',#4728,1.);
#4728 = DIRECTION('',(-0.418641115663,-0.376945862151,0.826227228602));
#4729 = PLANE('',#4730);
#4730 = AXIS2_PLACEMENT_3D('',#4731,#4732,#4733);
#4731 = CARTESIAN_POINT('',(-28.18778269522,6.757612909981,
    -1.067274427423));
#4732 = DIRECTION('',(-0.642377253669,-0.52018913856,-0.562809669509));
#4733 = DIRECTION('',(0.658988294402,2.775557561563E-17,-0.752153194397)
  );
#4734 = ADVANCED_FACE('',(#4735),#4752,.T.);
#4735 = FACE_BOUND('',#4736,.T.);
#4736 = EDGE_LOOP('',(#4737,#4738,#4746));
#4737 = ORIENTED_EDGE('',*,*,#4724,.T.);
#4738 = ORIENTED_EDGE('',*,*,#4739,.T.);
#4739 = EDGE_CURVE('',#2018,#4740,#4742,.T.);
#4740 = VERTEX_POINT('',#4741);
#4741 = CARTESIAN_POINT('',(-27.90822982788,7.478765487671,
    -2.099999904633));
#4742 = LINE('',#4743,#4744);
#4743 = CARTESIAN_POINT('',(-28.70461463928,6.349318504333,
    -0.10000000149));
#4744 = VECTOR('',#4745,1.);
#4745 = DIRECTION('',(0.327592295221,0.464597169992,-0.82269846101));
#4746 = ORIENTED_EDGE('',*,*,#4747,.F.);
#4747 = EDGE_CURVE('',#4701,#4740,#4748,.T.);
#4748 = LINE('',#4749,#4750);
#4749 = CARTESIAN_POINT('',(-27.69123458862,7.261769294739,
    -2.099999904633));
#4750 = VECTOR('',#4751,1.);
#4751 = DIRECTION('',(-0.707105227353,0.707108335016,0.));
#4752 = PLANE('',#4753);
#4753 = AXIS2_PLACEMENT_3D('',#4754,#4755,#4756);
#4754 = CARTESIAN_POINT('',(-28.22536719094,6.890269914947,
    -1.159489271997));
#4755 = DIRECTION('',(-0.584486225352,-0.584483656599,-0.562809654806));
#4756 = DIRECTION('',(0.707105227353,-0.707108335016,-2.775557561563E-17
    ));
#4757 = ADVANCED_FACE('',(#4758),#4768,.T.);
#4758 = FACE_BOUND('',#4759,.T.);
#4759 = EDGE_LOOP('',(#4760,#4761,#4762));
#4760 = ORIENTED_EDGE('',*,*,#4739,.F.);
#4761 = ORIENTED_EDGE('',*,*,#2017,.F.);
#4762 = ORIENTED_EDGE('',*,*,#4763,.F.);
#4763 = EDGE_CURVE('',#4740,#2010,#4764,.T.);
#4764 = LINE('',#4765,#4766);
#4765 = CARTESIAN_POINT('',(-27.90822982788,7.478765487671,
    -2.099999904633));
#4766 = VECTOR('',#4767,1.);
#4767 = DIRECTION('',(-0.376945924323,-0.418640790735,0.826227364876));
#4768 = PLANE('',#4769);
#4769 = AXIS2_PLACEMENT_3D('',#4770,#4771,#4772);
#4770 = CARTESIAN_POINT('',(-28.34935916567,6.92546778778,
    -1.067274737571));
#4771 = DIRECTION('',(-0.584489936162,-0.584480331214,-0.562809254499));
#4772 = DIRECTION('',(0.707100971157,-0.707112591169,2.775557561563E-17)
  );
#4773 = ADVANCED_FACE('',(#4774),#4798,.T.);
#4774 = FACE_BOUND('',#4775,.T.);
#4775 = EDGE_LOOP('',(#4776,#4786,#4792));
#4776 = ORIENTED_EDGE('',*,*,#4777,.F.);
#4777 = EDGE_CURVE('',#4778,#4780,#4782,.T.);
#4778 = VERTEX_POINT('',#4779);
#4779 = CARTESIAN_POINT('',(-29.56354141235,8.215757369995,
    -2.099999904633));
#4780 = VERTEX_POINT('',#4781);
#4781 = CARTESIAN_POINT('',(-29.87000083923,8.231818199158,
    -2.099999904633));
#4782 = LINE('',#4783,#4784);
#4783 = CARTESIAN_POINT('',(-29.56354141235,8.215757369995,
    -2.099999904633));
#4784 = VECTOR('',#4785,1.);
#4785 = DIRECTION('',(-0.998629539666,5.233586252053E-02,0.));
#4786 = ORIENTED_EDGE('',*,*,#4787,.T.);
#4787 = EDGE_CURVE('',#4778,#1962,#4788,.T.);
#4788 = LINE('',#4789,#4790);
#4789 = CARTESIAN_POINT('',(-29.56354141235,8.215757369995,
    -2.099999904633));
#4790 = VECTOR('',#4791,1.);
#4791 = DIRECTION('',(-5.888442677109E-02,-0.560250875414,0.826227317923
    ));
#4792 = ORIENTED_EDGE('',*,*,#4793,.T.);
#4793 = EDGE_CURVE('',#1962,#4780,#4794,.T.);
#4794 = LINE('',#4795,#4796);
#4795 = CARTESIAN_POINT('',(-29.70607948303,6.859591007233,
    -0.10000000149));
#4796 = VECTOR('',#4797,1.);
#4797 = DIRECTION('',(-6.742893600841E-02,0.564464702206,-0.822698570895
    ));
#4798 = PLANE('',#4799);
#4799 = AXIS2_PLACEMENT_3D('',#4800,#4801,#4802);
#4800 = CARTESIAN_POINT('',(-29.71189752951,7.582275265092,
    -1.159489590356));
#4801 = DIRECTION('',(-4.326012466362E-02,-0.825453834105,
    -0.562809496523));
#4802 = DIRECTION('',(-3.469446951954E-18,0.563336868494,-0.826227312908
    ));
#4803 = ADVANCED_FACE('',(#4804),#4814,.T.);
#4804 = FACE_BOUND('',#4805,.T.);
#4805 = EDGE_LOOP('',(#4806,#4807,#4808));
#4806 = ORIENTED_EDGE('',*,*,#4793,.F.);
#4807 = ORIENTED_EDGE('',*,*,#1961,.F.);
#4808 = ORIENTED_EDGE('',*,*,#4809,.F.);
#4809 = EDGE_CURVE('',#4780,#1954,#4810,.T.);
#4810 = LINE('',#4811,#4812);
#4811 = CARTESIAN_POINT('',(-29.87000083923,8.231818199158,
    -2.099999904633));
#4812 = VECTOR('',#4813,1.);
#4813 = DIRECTION('',(0.,-0.56333687994,0.826227305104));
#4814 = PLANE('',#4815);
#4815 = AXIS2_PLACEMENT_3D('',#4816,#4817,#4818);
#4816 = CARTESIAN_POINT('',(-29.82759455816,7.525464518345,
    -1.06727418125));
#4817 = DIRECTION('',(-4.325992025584E-02,-0.825453833621,
    -0.562809512944));
#4818 = DIRECTION('',(3.469446951954E-18,0.56333687994,-0.826227305104)
  );
#4819 = ADVANCED_FACE('',(#4820),#4830,.T.);
#4820 = FACE_BOUND('',#4821,.T.);
#4821 = EDGE_LOOP('',(#4822,#4823,#4824));
#4822 = ORIENTED_EDGE('',*,*,#1969,.F.);
#4823 = ORIENTED_EDGE('',*,*,#4787,.F.);
#4824 = ORIENTED_EDGE('',*,*,#4825,.F.);
#4825 = EDGE_CURVE('',#1970,#4778,#4826,.T.);
#4826 = LINE('',#4827,#4828);
#4827 = CARTESIAN_POINT('',(-29.54395675659,6.833913326263,
    -0.10000000149));
#4828 = VECTOR('',#4829,1.);
#4829 = DIRECTION('',(-8.056135332286E-03,0.568420643174,-0.82269865145)
  );
#4830 = PLANE('',#4831);
#4831 = AXIS2_PLACEMENT_3D('',#4832,#4833,#4834);
#4832 = CARTESIAN_POINT('',(-29.5952017901,7.508840959865,
    -1.067274701899));
#4833 = DIRECTION('',(-0.129306461842,-0.816410024152,-0.562809480543));
#4834 = DIRECTION('',(0.,0.567574450386,-0.823322077482));
#4835 = ADVANCED_FACE('',(#4836),#4853,.T.);
#4836 = FACE_BOUND('',#4837,.T.);
#4837 = EDGE_LOOP('',(#4838,#4846,#4852));
#4838 = ORIENTED_EDGE('',*,*,#4839,.F.);
#4839 = EDGE_CURVE('',#4840,#4778,#4842,.T.);
#4840 = VERTEX_POINT('',#4841);
#4841 = CARTESIAN_POINT('',(-29.26044082641,8.167751312256,
    -2.099999904633));
#4842 = LINE('',#4843,#4844);
#4843 = CARTESIAN_POINT('',(-29.26044082641,8.167751312256,
    -2.099999904633));
#4844 = VECTOR('',#4845,1.);
#4845 = DIRECTION('',(-0.987688521308,0.156433324059,0.));
#4846 = ORIENTED_EDGE('',*,*,#4847,.T.);
#4847 = EDGE_CURVE('',#4840,#1970,#4848,.T.);
#4848 = LINE('',#4849,#4850);
#4849 = CARTESIAN_POINT('',(-29.26044082641,8.167751312256,
    -2.099999904633));
#4850 = VECTOR('',#4851,1.);
#4851 = DIRECTION('',(-0.117124301461,-0.551026682254,0.826227265013));
#4852 = ORIENTED_EDGE('',*,*,#4825,.T.);
#4853 = PLANE('',#4854);
#4854 = AXIS2_PLACEMENT_3D('',#4855,#4856,#4857);
#4855 = CARTESIAN_POINT('',(-29.47420116743,7.553246567727,
    -1.159489358486));
#4856 = DIRECTION('',(-0.12930569052,-0.816410103376,-0.562809542834));
#4857 = DIRECTION('',(6.938893903907E-18,0.567574455633,-0.823322073865)
  );
#4858 = ADVANCED_FACE('',(#4859),#4869,.T.);
#4859 = FACE_BOUND('',#4860,.T.);
#4860 = EDGE_LOOP('',(#4861,#4862,#4863));
#4861 = ORIENTED_EDGE('',*,*,#1977,.F.);
#4862 = ORIENTED_EDGE('',*,*,#4847,.F.);
#4863 = ORIENTED_EDGE('',*,*,#4864,.F.);
#4864 = EDGE_CURVE('',#1978,#4840,#4865,.T.);
#4865 = LINE('',#4866,#4867);
#4866 = CARTESIAN_POINT('',(-29.38540458679,6.791429519653,
    -0.10000000149));
#4867 = VECTOR('',#4868,1.);
#4868 = DIRECTION('',(5.140375628382E-02,0.56614901618,-0.822698575007)
  );
#4869 = PLANE('',#4870);
#4870 = AXIS2_PLACEMENT_3D('',#4871,#4872,#4873);
#4871 = CARTESIAN_POINT('',(-29.36582063244,7.468016502429,
    -1.067274385621));
#4872 = DIRECTION('',(-0.21393578984,-0.79842147829,-0.562809577771));
#4873 = DIRECTION('',(0.,0.576148731651,-0.817344871531));
#4874 = ADVANCED_FACE('',(#4875),#4899,.T.);
#4875 = FACE_BOUND('',#4876,.T.);
#4876 = EDGE_LOOP('',(#4877,#4887,#4893));
#4877 = ORIENTED_EDGE('',*,*,#4878,.F.);
#4878 = EDGE_CURVE('',#4879,#4881,#4883,.T.);
#4879 = VERTEX_POINT('',#4880);
#4880 = CARTESIAN_POINT('',(-28.6775226593,7.978349208832,
    -2.099999904633));
#4881 = VERTEX_POINT('',#4882);
#4882 = CARTESIAN_POINT('',(-28.96401786804,8.088324546814,
    -2.099999904633));
#4883 = LINE('',#4884,#4885);
#4884 = CARTESIAN_POINT('',(-28.6775226593,7.978349208832,
    -2.099999904633));
#4885 = VECTOR('',#4886,1.);
#4886 = DIRECTION('',(-0.933580283529,0.358368321991,0.));
#4887 = ORIENTED_EDGE('',*,*,#4888,.T.);
#4888 = EDGE_CURVE('',#4879,#1986,#4889,.T.);
#4889 = LINE('',#4890,#4891);
#4890 = CARTESIAN_POINT('',(-28.6775226593,7.978349208832,
    -2.099999904633));
#4891 = VECTOR('',#4892,1.);
#4892 = DIRECTION('',(-0.229129324038,-0.514633849449,0.826227422607));
#4893 = ORIENTED_EDGE('',*,*,#4894,.T.);
#4894 = EDGE_CURVE('',#1986,#4881,#4895,.T.);
#4895 = LINE('',#4896,#4897);
#4896 = CARTESIAN_POINT('',(-29.23216247558,6.732605457306,
    -0.10000000149));
#4897 = VECTOR('',#4898,1.);
#4898 = DIRECTION('',(0.110301115755,0.55767419525,-0.822698702937));
#4899 = PLANE('',#4900);
#4900 = AXIS2_PLACEMENT_3D('',#4901,#4902,#4903);
#4901 = CARTESIAN_POINT('',(-29.01437381453,7.421716290122,
    -1.159489226786));
#4902 = DIRECTION('',(-0.296222500891,-0.771685077612,-0.562809355783));
#4903 = DIRECTION('',(-2.775557561563E-17,0.589255766737,-0.807946558485
    ));
#4904 = ADVANCED_FACE('',(#4905),#4915,.T.);
#4905 = FACE_BOUND('',#4906,.T.);
#4906 = EDGE_LOOP('',(#4907,#4908,#4909));
#4907 = ORIENTED_EDGE('',*,*,#4894,.F.);
#4908 = ORIENTED_EDGE('',*,*,#1985,.F.);
#4909 = ORIENTED_EDGE('',*,*,#4910,.F.);
#4910 = EDGE_CURVE('',#4881,#1978,#4911,.T.);
#4911 = LINE('',#4912,#4913);
#4912 = CARTESIAN_POINT('',(-28.96401786804,8.088324546814,
    -2.099999904633));
#4913 = VECTOR('',#4914,1.);
#4914 = DIRECTION('',(-0.174080629934,-0.535765113708,0.82622737622));
#4915 = PLANE('',#4916);
#4916 = AXIS2_PLACEMENT_3D('',#4917,#4918,#4919);
#4917 = CARTESIAN_POINT('',(-29.14196270049,7.403438594439,
    -1.067274527541));
#4918 = DIRECTION('',(-0.296221860331,-0.771685284067,-0.56280940985));
#4919 = DIRECTION('',(-2.775557561563E-17,0.58925570078,-0.807946606589)
  );
#4920 = ADVANCED_FACE('',(#4921),#4931,.T.);
#4921 = FACE_BOUND('',#4922,.T.);
#4922 = EDGE_LOOP('',(#4923,#4929,#4930));
#4923 = ORIENTED_EDGE('',*,*,#4924,.F.);
#4924 = EDGE_CURVE('',#4881,#4840,#4925,.T.);
#4925 = LINE('',#4926,#4927);
#4926 = CARTESIAN_POINT('',(-28.96401786804,8.088324546814,
    -2.099999904633));
#4927 = VECTOR('',#4928,1.);
#4928 = DIRECTION('',(-0.965925440854,0.258820483561,0.));
#4929 = ORIENTED_EDGE('',*,*,#4910,.T.);
#4930 = ORIENTED_EDGE('',*,*,#4864,.T.);
#4931 = PLANE('',#4932);
#4932 = AXIS2_PLACEMENT_3D('',#4933,#4934,#4935);
#4933 = CARTESIAN_POINT('',(-29.24084058068,7.499530839595,
    -1.159489548134));
#4934 = DIRECTION('',(-0.21393756479,-0.798421105401,-0.562809432066));
#4935 = DIRECTION('',(0.,0.576148811765,-0.817344815058));
#4936 = ADVANCED_FACE('',(#4937),#4947,.T.);
#4937 = FACE_BOUND('',#4938,.T.);
#4938 = EDGE_LOOP('',(#4939,#4940,#4941));
#4939 = ORIENTED_EDGE('',*,*,#1993,.F.);
#4940 = ORIENTED_EDGE('',*,*,#4888,.F.);
#4941 = ORIENTED_EDGE('',*,*,#4942,.F.);
#4942 = EDGE_CURVE('',#1994,#4879,#4943,.T.);
#4943 = LINE('',#4944,#4945);
#4944 = CARTESIAN_POINT('',(-29.08590888977,6.658085346222,
    -0.10000000149));
#4945 = VECTOR('',#4946,1.);
#4946 = DIRECTION('',(0.167989416346,0.543089700767,-0.822698689021));
#4947 = PLANE('',#4948);
#4948 = AXIS2_PLACEMENT_3D('',#4949,#4950,#4951);
#4949 = CARTESIAN_POINT('',(-28.92608233707,7.315815338561,
    -1.067274560193));
#4950 = DIRECTION('',(-0.375263289686,-0.736493826205,-0.562809299297));
#4951 = DIRECTION('',(2.775557561563E-17,0.607183311305,-0.794561782666)
  );
#4952 = ADVANCED_FACE('',(#4953),#4970,.T.);
#4953 = FACE_BOUND('',#4954,.T.);
#4954 = EDGE_LOOP('',(#4955,#4963,#4969));
#4955 = ORIENTED_EDGE('',*,*,#4956,.F.);
#4956 = EDGE_CURVE('',#4957,#4879,#4959,.T.);
#4957 = VERTEX_POINT('',#4958);
#4958 = CARTESIAN_POINT('',(-28.40409088134,7.839028835297,
    -2.099999904633));
#4959 = LINE('',#4960,#4961);
#4960 = CARTESIAN_POINT('',(-28.40409088134,7.839028835297,
    -2.099999904633));
#4961 = VECTOR('',#4962,1.);
#4962 = DIRECTION('',(-0.89100662441,0.453990303043,0.));
#4963 = ORIENTED_EDGE('',*,*,#4964,.T.);
#4964 = EDGE_CURVE('',#4957,#1994,#4965,.T.);
#4965 = LINE('',#4966,#4967);
#4966 = CARTESIAN_POINT('',(-28.40409088134,7.839028835297,
    -2.099999904633));
#4967 = VECTOR('',#4968,1.);
#4968 = DIRECTION('',(-0.281668369499,-0.487863950393,0.826227387304));
#4969 = ORIENTED_EDGE('',*,*,#4942,.T.);
#4970 = PLANE('',#4971);
#4971 = AXIS2_PLACEMENT_3D('',#4972,#4973,#4974);
#4972 = CARTESIAN_POINT('',(-28.79728146557,7.320656229513,
    -1.15948952933));
#4973 = DIRECTION('',(-0.375262353972,-0.736494240161,-0.562809381497));
#4974 = DIRECTION('',(2.775557561563E-17,0.607183151834,-0.794561904529)
  );
#4975 = ADVANCED_FACE('',(#4976),#4986,.T.);
#4976 = FACE_BOUND('',#4977,.T.);
#4977 = EDGE_LOOP('',(#4978,#4979,#4980));
#4978 = ORIENTED_EDGE('',*,*,#2001,.F.);
#4979 = ORIENTED_EDGE('',*,*,#4964,.F.);
#4980 = ORIENTED_EDGE('',*,*,#4981,.F.);
#4981 = EDGE_CURVE('',#2002,#4957,#4982,.T.);
#4982 = LINE('',#4983,#4984);
#4983 = CARTESIAN_POINT('',(-28.94824600219,6.568685531616,
    -0.10000000149));
#4984 = VECTOR('',#4985,1.);
#4985 = DIRECTION('',(0.223837845604,0.522554869702,-0.822698624665));
#4986 = PLANE('',#4987);
#4987 = AXIS2_PLACEMENT_3D('',#4988,#4989,#4990);
#4988 = CARTESIAN_POINT('',(-28.72054304302,7.206106027907,
    -1.067274539113));
#4989 = DIRECTION('',(-0.450193145045,-0.693232850492,-0.562809334637));
#4990 = DIRECTION('',(0.,0.630294174004,-0.77635639639));
#4991 = ADVANCED_FACE('',(#4992),#5009,.T.);
#4992 = FACE_BOUND('',#4993,.T.);
#4993 = EDGE_LOOP('',(#4994,#4995,#5003));
#4994 = ORIENTED_EDGE('',*,*,#4763,.T.);
#4995 = ORIENTED_EDGE('',*,*,#4996,.T.);
#4996 = EDGE_CURVE('',#2010,#4997,#4999,.T.);
#4997 = VERTEX_POINT('',#4998);
#4998 = CARTESIAN_POINT('',(-28.14672088623,7.671890735626,
    -2.099999904633));
#4999 = LINE('',#5000,#5001);
#5000 = CARTESIAN_POINT('',(-28.82068061828,6.465386390686,
    -0.10000000149));
#5001 = VECTOR('',#5002,1.);
#5002 = DIRECTION('',(0.277232943211,0.496294859523,-0.822698795192));
#5003 = ORIENTED_EDGE('',*,*,#5004,.F.);
#5004 = EDGE_CURVE('',#4740,#4997,#5005,.T.);
#5005 = LINE('',#5006,#5007);
#5006 = CARTESIAN_POINT('',(-27.90822982788,7.478765487671,
    -2.099999904633));
#5007 = VECTOR('',#5008,1.);
#5008 = DIRECTION('',(-0.777147560181,0.629318416785,0.));
#5009 = PLANE('',#5010);
#5010 = AXIS2_PLACEMENT_3D('',#5011,#5012,#5013);
#5011 = CARTESIAN_POINT('',(-28.40060423213,7.053469447459,
    -1.159489604266));
#5012 = DIRECTION('',(-0.520186250679,-0.642379858547,-0.562809365539));
#5013 = DIRECTION('',(0.,0.658986581274,-0.752154695326));
#5014 = ADVANCED_FACE('',(#5015),#5025,.T.);
#5015 = FACE_BOUND('',#5016,.T.);
#5016 = EDGE_LOOP('',(#5017,#5018,#5019));
#5017 = ORIENTED_EDGE('',*,*,#4996,.F.);
#5018 = ORIENTED_EDGE('',*,*,#2009,.F.);
#5019 = ORIENTED_EDGE('',*,*,#5020,.F.);
#5020 = EDGE_CURVE('',#4997,#2002,#5021,.T.);
#5021 = LINE('',#5022,#5023);
#5022 = CARTESIAN_POINT('',(-28.14672088623,7.671890735626,
    -2.099999904633));
#5023 = VECTOR('',#5024,1.);
#5024 = DIRECTION('',(-0.33112099146,-0.455749163262,0.826227322957));
#5025 = PLANE('',#5026);
#5026 = AXIS2_PLACEMENT_3D('',#5027,#5028,#5029);
#5027 = CARTESIAN_POINT('',(-28.52759760438,7.075513260029,
    -1.067274394768));
#5028 = DIRECTION('',(-0.520183920641,-0.642381542996,-0.562809596511));
#5029 = DIRECTION('',(0.,0.658985756684,-0.752155417775));
#5030 = ADVANCED_FACE('',(#5031),#5041,.T.);
#5031 = FACE_BOUND('',#5032,.T.);
#5032 = EDGE_LOOP('',(#5033,#5039,#5040));
#5033 = ORIENTED_EDGE('',*,*,#5034,.F.);
#5034 = EDGE_CURVE('',#4997,#4957,#5035,.T.);
#5035 = LINE('',#5036,#5037);
#5036 = CARTESIAN_POINT('',(-28.14672088623,7.671890735626,
    -2.099999904633));
#5037 = VECTOR('',#5038,1.);
#5038 = DIRECTION('',(-0.838670462891,0.544639196785,0.));
#5039 = ORIENTED_EDGE('',*,*,#5020,.T.);
#5040 = ORIENTED_EDGE('',*,*,#4981,.T.);
#5041 = PLANE('',#5042);
#5042 = AXIS2_PLACEMENT_3D('',#5043,#5044,#5045);
#5043 = CARTESIAN_POINT('',(-28.59194202273,7.197456992051,
    -1.159489333382));
#5044 = DIRECTION('',(-0.450191485792,-0.693233803235,-0.562809488347));
#5045 = DIRECTION('',(2.775557561563E-17,0.630293755649,-0.776356736037)
  );
#5046 = ADVANCED_FACE('',(#5047),#5071,.T.);
#5047 = FACE_BOUND('',#5048,.T.);
#5048 = EDGE_LOOP('',(#5049,#5059,#5065));
#5049 = ORIENTED_EDGE('',*,*,#5050,.F.);
#5050 = EDGE_CURVE('',#5051,#5053,#5055,.T.);
#5051 = VERTEX_POINT('',#5052);
#5052 = CARTESIAN_POINT('',(31.335908889771,7.839028835297,
    -2.099999904633));
#5053 = VERTEX_POINT('',#5054);
#5054 = CARTESIAN_POINT('',(31.062477111816,7.978349208832,
    -2.099999904633));
#5055 = LINE('',#5056,#5057);
#5056 = CARTESIAN_POINT('',(31.335908889771,7.839028835297,
    -2.099999904633));
#5057 = VECTOR('',#5058,1.);
#5058 = DIRECTION('',(-0.89100662441,0.453990303043,0.));
#5059 = ORIENTED_EDGE('',*,*,#5060,.T.);
#5060 = EDGE_CURVE('',#5051,#2492,#5061,.T.);
#5061 = LINE('',#5062,#5063);
#5062 = CARTESIAN_POINT('',(31.335908889771,7.839028835297,
    -2.099999904633));
#5063 = VECTOR('',#5064,1.);
#5064 = DIRECTION('',(-0.281668369499,-0.487863950393,0.826227387304));
#5065 = ORIENTED_EDGE('',*,*,#5066,.T.);
#5066 = EDGE_CURVE('',#2492,#5053,#5067,.T.);
#5067 = LINE('',#5068,#5069);
#5068 = CARTESIAN_POINT('',(30.654090881348,6.658085346222,
    -0.10000000149));
#5069 = VECTOR('',#5070,1.);
#5070 = DIRECTION('',(0.167989416346,0.543089700767,-0.822698689021));
#5071 = PLANE('',#5072);
#5072 = AXIS2_PLACEMENT_3D('',#5073,#5074,#5075);
#5073 = CARTESIAN_POINT('',(30.942718305539,7.320656229513,
    -1.15948952933));
#5074 = DIRECTION('',(-0.375262353972,-0.736494240161,-0.562809381497));
#5075 = DIRECTION('',(2.775557561563E-17,0.607183151834,-0.794561904529)
  );
#5076 = ADVANCED_FACE('',(#5077),#5087,.T.);
#5077 = FACE_BOUND('',#5078,.T.);
#5078 = EDGE_LOOP('',(#5079,#5080,#5081));
#5079 = ORIENTED_EDGE('',*,*,#2499,.F.);
#5080 = ORIENTED_EDGE('',*,*,#5060,.F.);
#5081 = ORIENTED_EDGE('',*,*,#5082,.F.);
#5082 = EDGE_CURVE('',#2500,#5051,#5083,.T.);
#5083 = LINE('',#5084,#5085);
#5084 = CARTESIAN_POINT('',(30.791753768921,6.568685531616,
    -0.10000000149));
#5085 = VECTOR('',#5086,1.);
#5086 = DIRECTION('',(0.223837845604,0.522554869702,-0.822698624665));
#5087 = PLANE('',#5088);
#5088 = AXIS2_PLACEMENT_3D('',#5089,#5090,#5091);
#5089 = CARTESIAN_POINT('',(31.019456728091,7.206106027907,
    -1.067274539113));
#5090 = DIRECTION('',(-0.450193145045,-0.693232850492,-0.562809334637));
#5091 = DIRECTION('',(0.,0.630294174004,-0.77635639639));
#5092 = ADVANCED_FACE('',(#5093),#5117,.T.);
#5093 = FACE_BOUND('',#5094,.T.);
#5094 = EDGE_LOOP('',(#5095,#5103,#5111));
#5095 = ORIENTED_EDGE('',*,*,#5096,.T.);
#5096 = EDGE_CURVE('',#5097,#2572,#5099,.T.);
#5097 = VERTEX_POINT('',#5098);
#5098 = CARTESIAN_POINT('',(32.801818847656,5.300000190735,
    -2.099999904633));
#5099 = LINE('',#5100,#5101);
#5100 = CARTESIAN_POINT('',(32.801818847656,5.300000190735,
    -2.099999904633));
#5101 = VECTOR('',#5102,1.);
#5102 = DIRECTION('',(-0.563337283362,0.,0.826227030043));
#5103 = ORIENTED_EDGE('',*,*,#5104,.T.);
#5104 = EDGE_CURVE('',#2572,#5105,#5107,.T.);
#5105 = VERTEX_POINT('',#5106);
#5106 = CARTESIAN_POINT('',(32.785758972168,5.60645866394,
    -2.099999904633));
#5107 = LINE('',#5108,#5109);
#5108 = CARTESIAN_POINT('',(31.438180923462,5.300000190735,
    -0.10000000149));
#5109 = VECTOR('',#5110,1.);
#5110 = DIRECTION('',(0.554325026201,0.126061419116,-0.822698173049));
#5111 = ORIENTED_EDGE('',*,*,#5112,.F.);
#5112 = EDGE_CURVE('',#5097,#5105,#5113,.T.);
#5113 = LINE('',#5114,#5115);
#5114 = CARTESIAN_POINT('',(32.801818847656,5.300000190735,
    -2.099999904633));
#5115 = VECTOR('',#5116,1.);
#5116 = DIRECTION('',(-5.233292579533E-02,0.998629693569,0.));
#5117 = PLANE('',#5118);
#5118 = AXIS2_PLACEMENT_3D('',#5119,#5120,#5121);
#5119 = CARTESIAN_POINT('',(32.156299011455,5.381326777867,
    -1.159489384336));
#5120 = DIRECTION('',(-0.825453638952,-4.325768031227E-02,
    -0.562809970626));
#5121 = DIRECTION('',(0.563337283362,0.,-0.826227030043));
#5122 = ADVANCED_FACE('',(#5123),#5133,.T.);
#5123 = FACE_BOUND('',#5124,.T.);
#5124 = EDGE_LOOP('',(#5125,#5126,#5132));
#5125 = ORIENTED_EDGE('',*,*,#5096,.F.);
#5126 = ORIENTED_EDGE('',*,*,#5127,.F.);
#5127 = EDGE_CURVE('',#2580,#5097,#5128,.T.);
#5128 = LINE('',#5129,#5130);
#5129 = CARTESIAN_POINT('',(31.42959022522,5.136080265045,-0.10000000149
    ));
#5130 = VECTOR('',#5131,1.);
#5131 = DIRECTION('',(0.564465125554,6.742832784734E-02,-0.822698330275)
  );
#5132 = ORIENTED_EDGE('',*,*,#2579,.F.);
#5133 = PLANE('',#5134);
#5134 = AXIS2_PLACEMENT_3D('',#5135,#5136,#5137);
#5135 = CARTESIAN_POINT('',(32.095464623416,5.257594292206,
    -1.067274466636));
#5136 = DIRECTION('',(-0.825453545851,4.326028269907E-02,-0.562809907148
    ));
#5137 = DIRECTION('',(0.563337283362,0.,-0.826227030043));
#5138 = ADVANCED_FACE('',(#5139),#5163,.T.);
#5139 = FACE_BOUND('',#5140,.T.);
#5140 = EDGE_LOOP('',(#5141,#5151,#5157));
#5141 = ORIENTED_EDGE('',*,*,#5142,.F.);
#5142 = EDGE_CURVE('',#5143,#5145,#5147,.T.);
#5143 = VERTEX_POINT('',#5144);
#5144 = CARTESIAN_POINT('',(32.658325195312,4.394018173218,
    -2.099999904633));
#5145 = VERTEX_POINT('',#5146);
#5146 = CARTESIAN_POINT('',(32.73775100708,4.690440654755,
    -2.099999904633));
#5147 = LINE('',#5148,#5149);
#5148 = CARTESIAN_POINT('',(32.658325195312,4.394018173218,
    -2.099999904633));
#5149 = VECTOR('',#5150,1.);
#5150 = DIRECTION('',(0.25881797254,0.965926113681,0.));
#5151 = ORIENTED_EDGE('',*,*,#5152,.T.);
#5152 = EDGE_CURVE('',#5143,#2596,#5153,.T.);
#5153 = LINE('',#5154,#5155);
#5154 = CARTESIAN_POINT('',(32.658325195312,4.394018173218,
    -2.099999904633));
#5155 = VECTOR('',#5156,1.);
#5156 = DIRECTION('',(-0.535765376223,0.174080784208,0.826227173488));
#5157 = ORIENTED_EDGE('',*,*,#5158,.T.);
#5158 = EDGE_CURVE('',#2596,#5145,#5159,.T.);
#5159 = LINE('',#5160,#5161);
#5160 = CARTESIAN_POINT('',(31.361429214478,4.815405368805,
    -0.10000000149));
#5161 = VECTOR('',#5162,1.);
#5162 = DIRECTION('',(0.566149004764,-5.14041475405E-02,-0.822698558417)
  );
#5163 = PLANE('',#5164);
#5164 = AXIS2_PLACEMENT_3D('',#5165,#5166,#5167);
#5165 = CARTESIAN_POINT('',(32.069530693293,4.670840994359,
    -1.159489411742));
#5166 = DIRECTION('',(-0.798421502007,0.213935446464,-0.56280967465));
#5167 = DIRECTION('',(0.576148786471,1.387778780781E-17,-0.817344832887)
  );
#5168 = ADVANCED_FACE('',(#5169),#5179,.T.);
#5169 = FACE_BOUND('',#5170,.T.);
#5170 = EDGE_LOOP('',(#5171,#5172,#5173));
#5171 = ORIENTED_EDGE('',*,*,#2603,.F.);
#5172 = ORIENTED_EDGE('',*,*,#5152,.F.);
#5173 = ORIENTED_EDGE('',*,*,#5174,.F.);
#5174 = EDGE_CURVE('',#2604,#5143,#5175,.T.);
#5175 = LINE('',#5176,#5177);
#5176 = CARTESIAN_POINT('',(31.302604675293,4.662162780762,
    -0.10000000149));
#5177 = VECTOR('',#5178,1.);
#5178 = DIRECTION('',(0.557674600685,-0.110301079559,-0.822698432962));
#5179 = PLANE('',#5180);
#5180 = AXIS2_PLACEMENT_3D('',#5181,#5182,#5183);
#5181 = CARTESIAN_POINT('',(31.97343855379,4.571963145923,
    -1.067274417819));
#5182 = DIRECTION('',(-0.771684620006,0.296223084896,-0.562809675841));
#5183 = DIRECTION('',(0.589256213579,0.,-0.807946232591));
#5184 = ADVANCED_FACE('',(#5185),#5209,.T.);
#5185 = FACE_BOUND('',#5186,.T.);
#5186 = EDGE_LOOP('',(#5187,#5197,#5203));
#5187 = ORIENTED_EDGE('',*,*,#5188,.F.);
#5188 = EDGE_CURVE('',#5189,#5191,#5193,.T.);
#5189 = VERTEX_POINT('',#5190);
#5190 = CARTESIAN_POINT('',(32.241889953613,3.576720476151,
    -2.099999904633));
#5191 = VERTEX_POINT('',#5192);
#5192 = CARTESIAN_POINT('',(32.409030914307,3.834090948105,
    -2.099999904633));
#5193 = LINE('',#5194,#5195);
#5194 = CARTESIAN_POINT('',(32.241889953613,3.576720476151,
    -2.099999904633));
#5195 = VECTOR('',#5196,1.);
#5196 = DIRECTION('',(0.544645044475,0.838666665326,0.));
#5197 = ORIENTED_EDGE('',*,*,#5198,.T.);
#5198 = EDGE_CURVE('',#5189,#2620,#5199,.T.);
#5199 = LINE('',#5200,#5201);
#5200 = CARTESIAN_POINT('',(32.241889953613,3.576720476151,
    -2.099999904633));
#5201 = VECTOR('',#5202,1.);
#5202 = DIRECTION('',(-0.455748992326,0.331121108882,0.826227370187));
#5203 = ORIENTED_EDGE('',*,*,#5204,.T.);
#5204 = EDGE_CURVE('',#2620,#5191,#5205,.T.);
#5205 = LINE('',#5206,#5207);
#5206 = CARTESIAN_POINT('',(31.13868522644,4.378245830536,-0.10000000149
    ));
#5207 = VECTOR('',#5208,1.);
#5208 = DIRECTION('',(0.522555594104,-0.22383763773,-0.822698221103));
#5209 = PLANE('',#5210);
#5210 = AXIS2_PLACEMENT_3D('',#5211,#5212,#5213);
#5211 = CARTESIAN_POINT('',(31.767457408882,4.021941751822,
    -1.159489678236));
#5212 = DIRECTION('',(-0.693230627531,0.450196295588,-0.562809552595));
#5213 = DIRECTION('',(0.630295539327,0.,-0.776355287935));
#5214 = ADVANCED_FACE('',(#5215),#5225,.T.);
#5215 = FACE_BOUND('',#5216,.T.);
#5216 = EDGE_LOOP('',(#5217,#5218,#5219));
#5217 = ORIENTED_EDGE('',*,*,#2627,.F.);
#5218 = ORIENTED_EDGE('',*,*,#5198,.F.);
#5219 = ORIENTED_EDGE('',*,*,#5220,.F.);
#5220 = EDGE_CURVE('',#2628,#5189,#5221,.T.);
#5221 = LINE('',#5222,#5223);
#5222 = CARTESIAN_POINT('',(31.035387039185,4.250681400299,
    -0.10000000149));
#5223 = VECTOR('',#5224,1.);
#5224 = DIRECTION('',(0.496294348551,-0.277233476852,-0.82269892361));
#5225 = PLANE('',#5226);
#5226 = AXIS2_PLACEMENT_3D('',#5227,#5228,#5229);
#5227 = CARTESIAN_POINT('',(31.645513119582,3.957597471472,
    -1.067274650054));
#5228 = DIRECTION('',(-0.642382013584,0.520183388158,-0.562809551544));
#5229 = DIRECTION('',(0.658985453786,0.,-0.752155683152));
#5230 = ADVANCED_FACE('',(#5231),#5248,.T.);
#5231 = FACE_BOUND('',#5232,.T.);
#5232 = EDGE_LOOP('',(#5233,#5241,#5247));
#5233 = ORIENTED_EDGE('',*,*,#5234,.F.);
#5234 = EDGE_CURVE('',#5235,#5189,#5237,.T.);
#5235 = VERTEX_POINT('',#5236);
#5236 = CARTESIAN_POINT('',(32.048767089844,3.338230609894,
    -2.099999904633));
#5237 = LINE('',#5238,#5239);
#5238 = CARTESIAN_POINT('',(32.048767089844,3.338230609894,
    -2.099999904633));
#5239 = VECTOR('',#5240,1.);
#5240 = DIRECTION('',(0.62931562437,0.777149821414,0.));
#5241 = ORIENTED_EDGE('',*,*,#5242,.T.);
#5242 = EDGE_CURVE('',#5235,#2628,#5243,.T.);
#5243 = LINE('',#5244,#5245);
#5244 = CARTESIAN_POINT('',(32.048767089844,3.338230609894,
    -2.099999904633));
#5245 = VECTOR('',#5246,1.);
#5246 = DIRECTION('',(-0.418641115663,0.376945862151,0.826227228602));
#5247 = ORIENTED_EDGE('',*,*,#5220,.T.);
#5248 = PLANE('',#5249);
#5249 = AXIS2_PLACEMENT_3D('',#5250,#5251,#5252);
#5250 = CARTESIAN_POINT('',(31.623469715532,3.830604864426,
    -1.159489161573));
#5251 = DIRECTION('',(-0.642381655228,0.52018388386,-0.562809502407));
#5252 = DIRECTION('',(0.658985629213,0.,-0.752155529455));
#5253 = ADVANCED_FACE('',(#5254),#5264,.T.);
#5254 = FACE_BOUND('',#5255,.T.);
#5255 = EDGE_LOOP('',(#5256,#5257,#5258));
#5256 = ORIENTED_EDGE('',*,*,#2635,.F.);
#5257 = ORIENTED_EDGE('',*,*,#5242,.F.);
#5258 = ORIENTED_EDGE('',*,*,#5259,.F.);
#5259 = EDGE_CURVE('',#2636,#5235,#5260,.T.);
#5260 = LINE('',#5261,#5262);
#5261 = CARTESIAN_POINT('',(30.919319152832,4.134613990784,
    -0.10000000149));
#5262 = VECTOR('',#5263,1.);
#5263 = DIRECTION('',(0.464597567168,-0.327591710224,-0.822698469656));
#5264 = PLANE('',#5265);
#5265 = AXIS2_PLACEMENT_3D('',#5266,#5267,#5268);
#5266 = CARTESIAN_POINT('',(31.495468796793,3.779359662379,
    -1.067274544943));
#5267 = DIRECTION('',(-0.584483781617,0.584486182838,-0.562809569124));
#5268 = DIRECTION('',(0.707108233678,0.707105328692,0.));
#5269 = ADVANCED_FACE('',(#5270),#5294,.T.);
#5270 = FACE_BOUND('',#5271,.T.);
#5271 = EDGE_LOOP('',(#5272,#5280,#5288));
#5272 = ORIENTED_EDGE('',*,*,#5273,.T.);
#5273 = EDGE_CURVE('',#5274,#2204,#5276,.T.);
#5274 = VERTEX_POINT('',#5275);
#5275 = CARTESIAN_POINT('',(30.176458358765,2.384242534637,
    -2.099999904633));
#5276 = LINE('',#5277,#5278);
#5277 = CARTESIAN_POINT('',(30.176458358765,2.384242534637,
    -2.099999904633));
#5278 = VECTOR('',#5279,1.);
#5279 = DIRECTION('',(-5.888442677109E-02,0.560250875414,0.826227317923)
  );
#5280 = ORIENTED_EDGE('',*,*,#5281,.T.);
#5281 = EDGE_CURVE('',#2204,#5282,#5284,.T.);
#5282 = VERTEX_POINT('',#5283);
#5283 = CARTESIAN_POINT('',(30.479558944702,2.432249069214,
    -2.099999904633));
#5284 = LINE('',#5285,#5286);
#5285 = CARTESIAN_POINT('',(30.033920288086,3.7404088974,-0.10000000149)
  );
#5286 = VECTOR('',#5287,1.);
#5287 = DIRECTION('',(0.183313178658,-0.538110715347,-0.822698691234));
#5288 = ORIENTED_EDGE('',*,*,#5289,.F.);
#5289 = EDGE_CURVE('',#5274,#5282,#5290,.T.);
#5290 = LINE('',#5291,#5292);
#5291 = CARTESIAN_POINT('',(30.176458358765,2.384242534637,
    -2.099999904633));
#5292 = VECTOR('',#5293,1.);
#5293 = DIRECTION('',(0.987688281229,0.156434839863,0.));
#5294 = PLANE('',#5295);
#5295 = AXIS2_PLACEMENT_3D('',#5296,#5297,#5298);
#5296 = CARTESIAN_POINT('',(30.189864552582,3.034726696438,
    -1.15948937523));
#5297 = DIRECTION('',(-0.129306951382,0.816409954925,-0.562809468491));
#5298 = DIRECTION('',(6.938893903907E-18,0.56757447477,0.823322060672));
#5299 = ADVANCED_FACE('',(#5300),#5310,.T.);
#5300 = FACE_BOUND('',#5301,.T.);
#5301 = EDGE_LOOP('',(#5302,#5303,#5304));
#5302 = ORIENTED_EDGE('',*,*,#5281,.F.);
#5303 = ORIENTED_EDGE('',*,*,#2201,.F.);
#5304 = ORIENTED_EDGE('',*,*,#5305,.F.);
#5305 = EDGE_CURVE('',#5282,#2202,#5306,.T.);
#5306 = LINE('',#5307,#5308);
#5307 = CARTESIAN_POINT('',(30.479558944702,2.432249069214,
    -2.099999904633));
#5308 = VECTOR('',#5309,1.);
#5309 = DIRECTION('',(-0.117124307817,0.551026613666,0.826227309855));
#5310 = PLANE('',#5311);
#5311 = AXIS2_PLACEMENT_3D('',#5312,#5313,#5314);
#5312 = CARTESIAN_POINT('',(30.291220959307,3.114350190111,
    -1.067274694093));
#5313 = DIRECTION('',(-0.129307628436,0.816409809337,-0.562809524125));
#5314 = DIRECTION('',(-6.938893903907E-18,0.56757458141,0.823321987157)
  );
#5315 = ADVANCED_FACE('',(#5316),#5333,.T.);
#5316 = FACE_BOUND('',#5317,.T.);
#5317 = EDGE_LOOP('',(#5318,#5319,#5327));
#5318 = ORIENTED_EDGE('',*,*,#5305,.T.);
#5319 = ORIENTED_EDGE('',*,*,#5320,.T.);
#5320 = EDGE_CURVE('',#2202,#5321,#5323,.T.);
#5321 = VERTEX_POINT('',#5322);
#5322 = CARTESIAN_POINT('',(30.775981903076,2.5116751194,-2.099999904633
    ));
#5323 = LINE('',#5324,#5325);
#5324 = CARTESIAN_POINT('',(30.196043014526,3.766086816788,
    -0.10000000149));
#5325 = VECTOR('',#5326,1.);
#5326 = DIRECTION('',(0.23855745606,-0.516001374092,-0.822698560891));
#5327 = ORIENTED_EDGE('',*,*,#5328,.F.);
#5328 = EDGE_CURVE('',#5282,#5321,#5329,.T.);
#5329 = LINE('',#5330,#5331);
#5330 = CARTESIAN_POINT('',(30.479558944702,2.432249069214,
    -2.099999904633));
#5331 = VECTOR('',#5332,1.);
#5332 = DIRECTION('',(0.965926023539,0.258818308955,0.));
#5333 = PLANE('',#5334);
#5334 = AXIS2_PLACEMENT_3D('',#5335,#5336,#5337);
#5335 = CARTESIAN_POINT('',(30.424897510405,3.080570965017,
    -1.159489511659));
#5336 = DIRECTION('',(-0.213935752858,0.798421533182,-0.562809513958));
#5337 = DIRECTION('',(0.,0.576148661548,0.817344920946));
#5338 = ADVANCED_FACE('',(#5339),#5349,.T.);
#5339 = FACE_BOUND('',#5340,.T.);
#5340 = EDGE_LOOP('',(#5341,#5342,#5343));
#5341 = ORIENTED_EDGE('',*,*,#5320,.F.);
#5342 = ORIENTED_EDGE('',*,*,#2675,.F.);
#5343 = ORIENTED_EDGE('',*,*,#5344,.F.);
#5344 = EDGE_CURVE('',#5321,#2668,#5345,.T.);
#5345 = LINE('',#5346,#5347);
#5346 = CARTESIAN_POINT('',(30.775981903076,2.5116751194,-2.099999904633
    ));
#5347 = VECTOR('',#5348,1.);
#5348 = DIRECTION('',(-0.174080620748,0.53576518393,0.82622733262));
#5349 = PLANE('',#5350);
#5350 = AXIS2_PLACEMENT_3D('',#5351,#5352,#5353);
#5351 = CARTESIAN_POINT('',(30.517376215318,3.170353110895,
    -1.067274396501));
#5352 = DIRECTION('',(-0.21393469664,0.798421879132,-0.562809424669));
#5353 = DIRECTION('',(0.,0.576148433711,0.817345081549));
#5354 = ADVANCED_FACE('',(#5355),#5372,.T.);
#5355 = FACE_BOUND('',#5356,.T.);
#5356 = EDGE_LOOP('',(#5357,#5358,#5366));
#5357 = ORIENTED_EDGE('',*,*,#5344,.T.);
#5358 = ORIENTED_EDGE('',*,*,#5359,.T.);
#5359 = EDGE_CURVE('',#2668,#5360,#5362,.T.);
#5360 = VERTEX_POINT('',#5361);
#5361 = CARTESIAN_POINT('',(31.062477111816,2.621650934219,
    -2.099999904633));
#5362 = LINE('',#5363,#5364);
#5363 = CARTESIAN_POINT('',(30.354595184326,3.808570384979,
    -0.10000000149));
#5364 = VECTOR('',#5365,1.);
#5365 = DIRECTION('',(0.291186814822,-0.488238618469,-0.822698784677));
#5366 = ORIENTED_EDGE('',*,*,#5367,.F.);
#5367 = EDGE_CURVE('',#5321,#5360,#5368,.T.);
#5368 = LINE('',#5369,#5370);
#5369 = CARTESIAN_POINT('',(30.775981903076,2.5116751194,-2.099999904633
    ));
#5370 = VECTOR('',#5371,1.);
#5371 = DIRECTION('',(0.933579763669,0.358369676267,0.));
#5372 = PLANE('',#5373);
#5373 = AXIS2_PLACEMENT_3D('',#5374,#5375,#5376);
#5374 = CARTESIAN_POINT('',(30.653851348752,3.150731936003,
    -1.159489257687));
#5375 = DIRECTION('',(-0.29622360292,0.77168460258,-0.562809427084));
#5376 = DIRECTION('',(0.,0.589256052252,0.807946350251));
#5377 = ADVANCED_FACE('',(#5378),#5388,.T.);
#5378 = FACE_BOUND('',#5379,.T.);
#5379 = EDGE_LOOP('',(#5380,#5381,#5382));
#5380 = ORIENTED_EDGE('',*,*,#5359,.F.);
#5381 = ORIENTED_EDGE('',*,*,#2667,.F.);
#5382 = ORIENTED_EDGE('',*,*,#5383,.F.);
#5383 = EDGE_CURVE('',#5360,#2660,#5384,.T.);
#5384 = LINE('',#5385,#5386);
#5385 = CARTESIAN_POINT('',(31.062477111816,2.621650934219,
    -2.099999904633));
#5386 = VECTOR('',#5387,1.);
#5387 = DIRECTION('',(-0.229129324038,0.514633849449,0.826227422607));
#5388 = PLANE('',#5389);
#5389 = AXIS2_PLACEMENT_3D('',#5390,#5391,#5392);
#5390 = CARTESIAN_POINT('',(30.736438228964,3.249688791339,
    -1.067274508601));
#5391 = DIRECTION('',(-0.296222917272,0.771684909796,-0.562809366727));
#5392 = DIRECTION('',(0.,0.589255857866,0.807946492022));
#5393 = ADVANCED_FACE('',(#5394),#5411,.T.);
#5394 = FACE_BOUND('',#5395,.T.);
#5395 = EDGE_LOOP('',(#5396,#5397,#5405));
#5396 = ORIENTED_EDGE('',*,*,#5383,.T.);
#5397 = ORIENTED_EDGE('',*,*,#5398,.T.);
#5398 = EDGE_CURVE('',#2660,#5399,#5401,.T.);
#5399 = VERTEX_POINT('',#5400);
#5400 = CARTESIAN_POINT('',(31.335908889771,2.760971069336,
    -2.099999904633));
#5401 = LINE('',#5402,#5403);
#5402 = CARTESIAN_POINT('',(30.507837295532,3.867394685745,
    -0.10000000149));
#5403 = VECTOR('',#5404,1.);
#5404 = DIRECTION('',(0.340626729643,-0.45512665895,-0.822698702665));
#5405 = ORIENTED_EDGE('',*,*,#5406,.F.);
#5406 = EDGE_CURVE('',#5360,#5399,#5407,.T.);
#5407 = LINE('',#5408,#5409);
#5408 = CARTESIAN_POINT('',(31.062477111816,2.621650934219,
    -2.099999904633));
#5409 = VECTOR('',#5410,1.);
#5410 = DIRECTION('',(0.891006938677,0.453989686258,0.));
#5411 = PLANE('',#5412);
#5412 = AXIS2_PLACEMENT_3D('',#5413,#5414,#5415);
#5413 = CARTESIAN_POINT('',(30.874216956103,3.24444059519,
    -1.159489511253));
#5414 = DIRECTION('',(-0.375261857542,0.736494526224,-0.562809338157));
#5415 = DIRECTION('',(0.,0.607182973425,0.794562040865));
#5416 = ADVANCED_FACE('',(#5417),#5427,.T.);
#5417 = FACE_BOUND('',#5418,.T.);
#5418 = EDGE_LOOP('',(#5419,#5420,#5421));
#5419 = ORIENTED_EDGE('',*,*,#5398,.F.);
#5420 = ORIENTED_EDGE('',*,*,#2659,.F.);
#5421 = ORIENTED_EDGE('',*,*,#5422,.F.);
#5422 = EDGE_CURVE('',#5399,#2652,#5423,.T.);
#5423 = LINE('',#5424,#5425);
#5424 = CARTESIAN_POINT('',(31.335908889771,2.760971069336,
    -2.099999904633));
#5425 = VECTOR('',#5426,1.);
#5426 = DIRECTION('',(-0.281668355964,0.487864025444,0.826227347602));
#5427 = PLANE('',#5428);
#5428 = AXIS2_PLACEMENT_3D('',#5429,#5430,#5431);
#5429 = CARTESIAN_POINT('',(30.946007872511,3.351488091355,
    -1.067274561364));
#5430 = DIRECTION('',(-0.375263238035,0.736493724834,-0.562809466392));
#5431 = DIRECTION('',(0.,0.607183477876,0.794561655377));
#5432 = ADVANCED_FACE('',(#5433),#5450,.T.);
#5433 = FACE_BOUND('',#5434,.T.);
#5434 = EDGE_LOOP('',(#5435,#5436,#5444));
#5435 = ORIENTED_EDGE('',*,*,#5422,.T.);
#5436 = ORIENTED_EDGE('',*,*,#5437,.T.);
#5437 = EDGE_CURVE('',#2652,#5438,#5440,.T.);
#5438 = VERTEX_POINT('',#5439);
#5439 = CARTESIAN_POINT('',(31.593278884888,2.928109169006,
    -2.099999904633));
#5440 = LINE('',#5441,#5442);
#5441 = CARTESIAN_POINT('',(30.654090881348,3.941914796829,
    -0.10000000149));
#5442 = VECTOR('',#5443,1.);
#5443 = DIRECTION('',(0.386334389095,-0.417028301479,-0.822698690632));
#5444 = ORIENTED_EDGE('',*,*,#5445,.F.);
#5445 = EDGE_CURVE('',#5399,#5438,#5446,.T.);
#5446 = LINE('',#5447,#5448);
#5447 = CARTESIAN_POINT('',(31.335908889771,2.760971069336,
    -2.099999904633));
#5448 = VECTOR('',#5449,1.);
#5449 = DIRECTION('',(0.838670462891,0.544639196785,0.));
#5450 = PLANE('',#5451);
#5451 = AXIS2_PLACEMENT_3D('',#5452,#5453,#5454);
#5452 = CARTESIAN_POINT('',(31.083580047577,3.360670483294,
    -1.159489336463));
#5453 = DIRECTION('',(-0.450191504581,0.693233832168,-0.56280943768));
#5454 = DIRECTION('',(2.775557561563E-17,0.630293705593,0.776356776675)
  );
#5455 = ADVANCED_FACE('',(#5456),#5466,.T.);
#5456 = FACE_BOUND('',#5457,.T.);
#5457 = EDGE_LOOP('',(#5458,#5459,#5460));
#5458 = ORIENTED_EDGE('',*,*,#5437,.F.);
#5459 = ORIENTED_EDGE('',*,*,#2651,.F.);
#5460 = ORIENTED_EDGE('',*,*,#5461,.F.);
#5461 = EDGE_CURVE('',#5438,#2644,#5462,.T.);
#5462 = LINE('',#5463,#5464);
#5463 = CARTESIAN_POINT('',(31.593278884888,2.928109169006,
    -2.099999904633));
#5464 = VECTOR('',#5465,1.);
#5465 = DIRECTION('',(-0.33112099146,0.455749163262,0.826227322957));
#5466 = PLANE('',#5467);
#5467 = AXIS2_PLACEMENT_3D('',#5468,#5469,#5470);
#5468 = CARTESIAN_POINT('',(31.143787987819,3.474635615875,
    -1.067274564112));
#5469 = DIRECTION('',(-0.450192235404,0.693233298546,-0.562809510375));
#5470 = DIRECTION('',(0.,0.630294047091,0.776356499426));
#5471 = ADVANCED_FACE('',(#5472),#5489,.T.);
#5472 = FACE_BOUND('',#5473,.T.);
#5473 = EDGE_LOOP('',(#5474,#5475,#5483));
#5474 = ORIENTED_EDGE('',*,*,#5461,.T.);
#5475 = ORIENTED_EDGE('',*,*,#5476,.T.);
#5476 = EDGE_CURVE('',#2644,#5477,#5479,.T.);
#5477 = VERTEX_POINT('',#5478);
#5478 = CARTESIAN_POINT('',(31.831769943237,3.121234416962,
    -2.099999904633));
#5479 = LINE('',#5480,#5481);
#5480 = CARTESIAN_POINT('',(30.791753768921,4.031314373016,
    -0.10000000149));
#5481 = VECTOR('',#5482,1.);
#5482 = DIRECTION('',(0.427809876876,-0.374360710498,-0.822698467048));
#5483 = ORIENTED_EDGE('',*,*,#5484,.F.);
#5484 = EDGE_CURVE('',#5438,#5477,#5485,.T.);
#5485 = LINE('',#5486,#5487);
#5486 = CARTESIAN_POINT('',(31.593278884888,2.928109169006,
    -2.099999904633));
#5487 = VECTOR('',#5488,1.);
#5488 = DIRECTION('',(0.777147560181,0.629318416785,0.));
#5489 = PLANE('',#5490);
#5490 = AXIS2_PLACEMENT_3D('',#5491,#5492,#5493);
#5491 = CARTESIAN_POINT('',(31.27964725681,3.498147859584,
    -1.159489591667));
#5492 = DIRECTION('',(-0.520186181698,0.642379773362,-0.562809526523));
#5493 = DIRECTION('',(0.,0.658986737351,0.752154558582));
#5494 = ADVANCED_FACE('',(#5495),#5505,.T.);
#5495 = FACE_BOUND('',#5496,.T.);
#5496 = EDGE_LOOP('',(#5497,#5498,#5499));
#5497 = ORIENTED_EDGE('',*,*,#5476,.F.);
#5498 = ORIENTED_EDGE('',*,*,#2643,.F.);
#5499 = ORIENTED_EDGE('',*,*,#5500,.F.);
#5500 = EDGE_CURVE('',#5477,#2636,#5501,.T.);
#5501 = LINE('',#5502,#5503);
#5502 = CARTESIAN_POINT('',(31.831769943237,3.121234416962,
    -2.099999904633));
#5503 = VECTOR('',#5504,1.);
#5504 = DIRECTION('',(-0.376945893237,0.418640953199,0.826227296739));
#5505 = PLANE('',#5506);
#5506 = AXIS2_PLACEMENT_3D('',#5507,#5508,#5509);
#5507 = CARTESIAN_POINT('',(31.327613267057,3.617782437827,
    -1.067274343726));
#5508 = DIRECTION('',(-0.520185435504,0.64238044844,-0.562809445684));
#5509 = DIRECTION('',(0.,0.658986292012,0.752154948758));
#5510 = ADVANCED_FACE('',(#5511),#5521,.T.);
#5511 = FACE_BOUND('',#5512,.T.);
#5512 = EDGE_LOOP('',(#5513,#5514,#5515));
#5513 = ORIENTED_EDGE('',*,*,#5500,.T.);
#5514 = ORIENTED_EDGE('',*,*,#5259,.T.);
#5515 = ORIENTED_EDGE('',*,*,#5516,.F.);
#5516 = EDGE_CURVE('',#5477,#5235,#5517,.T.);
#5517 = LINE('',#5518,#5519);
#5518 = CARTESIAN_POINT('',(31.831769943237,3.121234416962,
    -2.099999904633));
#5519 = VECTOR('',#5520,1.);
#5520 = DIRECTION('',(0.70710833501,0.70710522736,0.));
#5521 = PLANE('',#5522);
#5522 = AXIS2_PLACEMENT_3D('',#5523,#5524,#5525);
#5523 = CARTESIAN_POINT('',(31.460270945183,3.655366937511,
    -1.159489520489));
#5524 = DIRECTION('',(-0.584483702445,0.584486271187,-0.562809559594));
#5525 = DIRECTION('',(0.70710833501,0.70710522736,0.));
#5526 = ADVANCED_FACE('',(#5527),#5537,.T.);
#5527 = FACE_BOUND('',#5528,.T.);
#5528 = EDGE_LOOP('',(#5529,#5530,#5531));
#5529 = ORIENTED_EDGE('',*,*,#5204,.F.);
#5530 = ORIENTED_EDGE('',*,*,#2619,.F.);
#5531 = ORIENTED_EDGE('',*,*,#5532,.F.);
#5532 = EDGE_CURVE('',#5191,#2612,#5533,.T.);
#5533 = LINE('',#5534,#5535);
#5534 = CARTESIAN_POINT('',(32.409030914307,3.834090948105,
    -2.099999904633));
#5535 = VECTOR('',#5536,1.);
#5536 = DIRECTION('',(-0.487864837473,0.281668297763,0.826226887963));
#5537 = PLANE('',#5538);
#5538 = AXIS2_PLACEMENT_3D('',#5539,#5540,#5541);
#5539 = CARTESIAN_POINT('',(31.776106748228,4.15054311441,-1.0672745294)
  );
#5540 = DIRECTION('',(-0.693234205487,0.450190064397,-0.562810129849));
#5541 = DIRECTION('',(0.630293968226,-2.775557561563E-17,-0.776356563454
    ));
#5542 = ADVANCED_FACE('',(#5543),#5560,.T.);
#5543 = FACE_BOUND('',#5544,.T.);
#5544 = EDGE_LOOP('',(#5545,#5553,#5554));
#5545 = ORIENTED_EDGE('',*,*,#5546,.F.);
#5546 = EDGE_CURVE('',#5191,#5547,#5549,.T.);
#5547 = VERTEX_POINT('',#5548);
#5548 = CARTESIAN_POINT('',(32.548347473145,4.107522010803,
    -2.099999904633));
#5549 = LINE('',#5550,#5551);
#5550 = CARTESIAN_POINT('',(32.409030914307,3.834090948105,
    -2.099999904633));
#5551 = VECTOR('',#5552,1.);
#5552 = DIRECTION('',(0.453981377192,0.8910111723,0.));
#5553 = ORIENTED_EDGE('',*,*,#5532,.T.);
#5554 = ORIENTED_EDGE('',*,*,#5555,.T.);
#5555 = EDGE_CURVE('',#2612,#5547,#5556,.T.);
#5556 = LINE('',#5557,#5558);
#5557 = CARTESIAN_POINT('',(31.228084564209,4.515909194946,
    -0.10000000149));
#5558 = VECTOR('',#5559,1.);
#5559 = DIRECTION('',(0.543089388388,-0.167989833359,-0.82269881008));
#5560 = PLANE('',#5561);
#5561 = AXIS2_PLACEMENT_3D('',#5562,#5563,#5564);
#5562 = CARTESIAN_POINT('',(31.890655660446,4.22728155175,
    -1.159489084644));
#5563 = DIRECTION('',(-0.736497666621,0.375254806434,-0.562809930003));
#5564 = DIRECTION('',(0.607181742017,0.,-0.794562981872));
#5565 = ADVANCED_FACE('',(#5566),#5576,.T.);
#5566 = FACE_BOUND('',#5567,.T.);
#5567 = EDGE_LOOP('',(#5568,#5569,#5570));
#5568 = ORIENTED_EDGE('',*,*,#5555,.F.);
#5569 = ORIENTED_EDGE('',*,*,#2611,.F.);
#5570 = ORIENTED_EDGE('',*,*,#5571,.F.);
#5571 = EDGE_CURVE('',#5547,#2604,#5572,.T.);
#5572 = LINE('',#5573,#5574);
#5573 = CARTESIAN_POINT('',(32.548347473145,4.107522010803,
    -2.099999904633));
#5574 = VECTOR('',#5575,1.);
#5575 = DIRECTION('',(-0.51463351336,0.229129743787,0.826227515542));
#5576 = PLANE('',#5577);
#5577 = AXIS2_PLACEMENT_3D('',#5578,#5579,#5580);
#5578 = CARTESIAN_POINT('',(31.885814092991,4.35608218262,
    -1.067274556083));
#5579 = DIRECTION('',(-0.736493897603,0.375263326065,-0.562809181609));
#5580 = DIRECTION('',(0.607183193985,2.775557561563E-17,-0.794561872318)
  );
#5581 = ADVANCED_FACE('',(#5582),#5592,.T.);
#5582 = FACE_BOUND('',#5583,.T.);
#5583 = EDGE_LOOP('',(#5584,#5590,#5591));
#5584 = ORIENTED_EDGE('',*,*,#5585,.F.);
#5585 = EDGE_CURVE('',#5547,#5143,#5586,.T.);
#5586 = LINE('',#5587,#5588);
#5587 = CARTESIAN_POINT('',(32.548347473145,4.107522010803,
    -2.099999904633));
#5588 = VECTOR('',#5589,1.);
#5589 = DIRECTION('',(0.358374053622,0.933578083339,0.));
#5590 = ORIENTED_EDGE('',*,*,#5571,.T.);
#5591 = ORIENTED_EDGE('',*,*,#5174,.T.);
#5592 = PLANE('',#5593);
#5593 = AXIS2_PLACEMENT_3D('',#5594,#5595,#5596);
#5594 = CARTESIAN_POINT('',(31.991715844232,4.444373818193,
    -1.159489538831));
#5595 = DIRECTION('',(-0.771683278788,0.29622724619,-0.562809324597));
#5596 = DIRECTION('',(0.589256642063,0.,-0.807945920086));
#5597 = ADVANCED_FACE('',(#5598),#5608,.T.);
#5598 = FACE_BOUND('',#5599,.T.);
#5599 = EDGE_LOOP('',(#5600,#5601,#5602));
#5600 = ORIENTED_EDGE('',*,*,#5158,.F.);
#5601 = ORIENTED_EDGE('',*,*,#2595,.F.);
#5602 = ORIENTED_EDGE('',*,*,#5603,.F.);
#5603 = EDGE_CURVE('',#5145,#2588,#5604,.T.);
#5604 = LINE('',#5605,#5606);
#5605 = CARTESIAN_POINT('',(32.73775100708,4.690440654755,
    -2.099999904633));
#5606 = VECTOR('',#5607,1.);
#5607 = DIRECTION('',(-0.551026545078,0.117124314174,0.826227354697));
#5608 = PLANE('',#5609);
#5609 = AXIS2_PLACEMENT_3D('',#5610,#5611,#5612);
#5610 = CARTESIAN_POINT('',(32.038016422744,4.795820689447,
    -1.067274538071));
#5611 = DIRECTION('',(-0.79842069894,0.213939269044,-0.562809360854));
#5612 = DIRECTION('',(0.576148959008,1.387778780781E-17,-0.817344711265)
  );
#5613 = ADVANCED_FACE('',(#5614),#5631,.T.);
#5614 = FACE_BOUND('',#5615,.T.);
#5615 = EDGE_LOOP('',(#5616,#5624,#5625));
#5616 = ORIENTED_EDGE('',*,*,#5617,.F.);
#5617 = EDGE_CURVE('',#5145,#5618,#5620,.T.);
#5618 = VERTEX_POINT('',#5619);
#5619 = CARTESIAN_POINT('',(32.785758972168,4.993541717529,
    -2.099999904633));
#5620 = LINE('',#5621,#5622);
#5621 = CARTESIAN_POINT('',(32.73775100708,4.690440654755,
    -2.099999904633));
#5622 = VECTOR('',#5623,1.);
#5623 = DIRECTION('',(0.156439147183,0.987687599005,0.));
#5624 = ORIENTED_EDGE('',*,*,#5603,.T.);
#5625 = ORIENTED_EDGE('',*,*,#5626,.T.);
#5626 = EDGE_CURVE('',#2588,#5618,#5627,.T.);
#5627 = LINE('',#5628,#5629);
#5628 = CARTESIAN_POINT('',(31.403913497925,4.97395658493,-0.10000000149
    ));
#5629 = VECTOR('',#5630,1.);
#5630 = DIRECTION('',(0.568421040589,8.056328771515E-03,-0.822698374972)
  );
#5631 = PLANE('',#5632);
#5632 = AXIS2_PLACEMENT_3D('',#5633,#5634,#5635);
#5633 = CARTESIAN_POINT('',(32.123247086347,4.904201129301,
    -1.159489492363));
#5634 = DIRECTION('',(-0.81640935055,0.129310505347,-0.562809528653));
#5635 = DIRECTION('',(0.56757480071,-6.938893903907E-18,-0.823321835978)
  );
#5636 = ADVANCED_FACE('',(#5637),#5647,.T.);
#5637 = FACE_BOUND('',#5638,.T.);
#5638 = EDGE_LOOP('',(#5639,#5640,#5641));
#5639 = ORIENTED_EDGE('',*,*,#5626,.F.);
#5640 = ORIENTED_EDGE('',*,*,#2587,.F.);
#5641 = ORIENTED_EDGE('',*,*,#5642,.F.);
#5642 = EDGE_CURVE('',#5618,#2580,#5643,.T.);
#5643 = LINE('',#5644,#5645);
#5644 = CARTESIAN_POINT('',(32.785758972168,4.993541717529,
    -2.099999904633));
#5645 = VECTOR('',#5646,1.);
#5646 = DIRECTION('',(-0.5602515447,5.888459058269E-02,0.826226852416));
#5647 = PLANE('',#5648);
#5648 = AXIS2_PLACEMENT_3D('',#5649,#5650,#5651);
#5649 = CARTESIAN_POINT('',(32.07884148345,5.025202103513,
    -1.067274563249));
#5650 = DIRECTION('',(-0.816410332239,0.129300947566,-0.56281030052));
#5651 = DIRECTION('',(0.567574865733,0.,-0.823321791154));
#5652 = ADVANCED_FACE('',(#5653),#5663,.T.);
#5653 = FACE_BOUND('',#5654,.T.);
#5654 = EDGE_LOOP('',(#5655,#5656,#5657));
#5655 = ORIENTED_EDGE('',*,*,#5642,.T.);
#5656 = ORIENTED_EDGE('',*,*,#5127,.T.);
#5657 = ORIENTED_EDGE('',*,*,#5658,.F.);
#5658 = EDGE_CURVE('',#5618,#5097,#5659,.T.);
#5659 = LINE('',#5660,#5661);
#5660 = CARTESIAN_POINT('',(32.785758972168,4.993541717529,
    -2.099999904633));
#5661 = VECTOR('',#5662,1.);
#5662 = DIRECTION('',(5.233292579533E-02,0.998629693569,0.));
#5663 = PLANE('',#5664);
#5664 = AXIS2_PLACEMENT_3D('',#5665,#5666,#5667);
#5665 = CARTESIAN_POINT('',(32.152275351532,5.141897795016,
    -1.159489383693));
#5666 = DIRECTION('',(-0.825453539676,4.325767510977E-02,-0.562810116629
    ));
#5667 = DIRECTION('',(0.563337429376,0.,-0.826226930488));
#5668 = ADVANCED_FACE('',(#5669),#5679,.T.);
#5669 = FACE_BOUND('',#5670,.T.);
#5670 = EDGE_LOOP('',(#5671,#5672,#5673));
#5671 = ORIENTED_EDGE('',*,*,#5104,.F.);
#5672 = ORIENTED_EDGE('',*,*,#2571,.F.);
#5673 = ORIENTED_EDGE('',*,*,#5674,.F.);
#5674 = EDGE_CURVE('',#5105,#2564,#5675,.T.);
#5675 = LINE('',#5676,#5677);
#5676 = CARTESIAN_POINT('',(32.785758972168,5.60645866394,
    -2.099999904633));
#5677 = VECTOR('',#5678,1.);
#5678 = DIRECTION('',(-0.560251538202,-5.888478688749E-02,0.826226842832
    ));
#5679 = PLANE('',#5680);
#5680 = AXIS2_PLACEMENT_3D('',#5681,#5682,#5683);
#5681 = CARTESIAN_POINT('',(32.087706427037,5.49045105877,
    -1.067274565076));
#5682 = DIRECTION('',(-0.825453346797,-4.326039811003E-02,
    -0.562810190221));
#5683 = DIRECTION('',(0.563337569519,3.469446951954E-18,-0.826226834936)
  );
#5684 = ADVANCED_FACE('',(#5685),#5702,.T.);
#5685 = FACE_BOUND('',#5686,.T.);
#5686 = EDGE_LOOP('',(#5687,#5688,#5696));
#5687 = ORIENTED_EDGE('',*,*,#5674,.T.);
#5688 = ORIENTED_EDGE('',*,*,#5689,.T.);
#5689 = EDGE_CURVE('',#2564,#5690,#5692,.T.);
#5690 = VERTEX_POINT('',#5691);
#5691 = CARTESIAN_POINT('',(32.73775100708,5.909559249878,
    -2.099999904633));
#5692 = LINE('',#5693,#5694);
#5693 = CARTESIAN_POINT('',(31.42959022522,5.463919639587,-0.10000000149
    ));
#5694 = VECTOR('',#5695,1.);
#5695 = DIRECTION('',(0.53811095535,0.183313519072,-0.822698458403));
#5696 = ORIENTED_EDGE('',*,*,#5697,.F.);
#5697 = EDGE_CURVE('',#5105,#5690,#5698,.T.);
#5698 = LINE('',#5699,#5700);
#5699 = CARTESIAN_POINT('',(32.785758972168,5.60645866394,
    -2.099999904633));
#5700 = VECTOR('',#5701,1.);
#5701 = DIRECTION('',(-0.15643938727,0.987687560978,0.));
#5702 = PLANE('',#5703);
#5703 = AXIS2_PLACEMENT_3D('',#5704,#5705,#5706);
#5704 = CARTESIAN_POINT('',(32.135273322417,5.619864401352,
    -1.159489392045));
#5705 = DIRECTION('',(-0.81640894646,-0.129310644775,-0.562810082788));
#5706 = DIRECTION('',(0.567575369944,0.,-0.823321443564));
#5707 = ADVANCED_FACE('',(#5708),#5718,.T.);
#5708 = FACE_BOUND('',#5709,.T.);
#5709 = EDGE_LOOP('',(#5710,#5711,#5712));
#5710 = ORIENTED_EDGE('',*,*,#5689,.F.);
#5711 = ORIENTED_EDGE('',*,*,#2563,.F.);
#5712 = ORIENTED_EDGE('',*,*,#5713,.F.);
#5713 = EDGE_CURVE('',#5690,#2556,#5714,.T.);
#5714 = LINE('',#5715,#5716);
#5715 = CARTESIAN_POINT('',(32.73775100708,5.909559249878,
    -2.099999904633));
#5716 = VECTOR('',#5717,1.);
#5717 = DIRECTION('',(-0.551026545078,-0.117124314174,0.826227354697));
#5718 = PLANE('',#5719);
#5719 = AXIS2_PLACEMENT_3D('',#5720,#5721,#5722);
#5720 = CARTESIAN_POINT('',(32.055649608119,5.721220985275,
    -1.06727455204));
#5721 = DIRECTION('',(-0.816411008624,-0.12930105469,-0.562809294747));
#5722 = DIRECTION('',(0.567573859441,0.,-0.823322484862));
#5723 = ADVANCED_FACE('',(#5724),#5741,.T.);
#5724 = FACE_BOUND('',#5725,.T.);
#5725 = EDGE_LOOP('',(#5726,#5727,#5735));
#5726 = ORIENTED_EDGE('',*,*,#5713,.T.);
#5727 = ORIENTED_EDGE('',*,*,#5728,.T.);
#5728 = EDGE_CURVE('',#2556,#5729,#5731,.T.);
#5729 = VERTEX_POINT('',#5730);
#5730 = CARTESIAN_POINT('',(32.658325195312,6.205981731415,
    -2.099999904633));
#5731 = LINE('',#5732,#5733);
#5732 = CARTESIAN_POINT('',(31.403913497925,5.626043319702,
    -0.10000000149));
#5733 = VECTOR('',#5734,1.);
#5734 = DIRECTION('',(0.516001398237,0.238557271076,-0.822698599387));
#5735 = ORIENTED_EDGE('',*,*,#5736,.F.);
#5736 = EDGE_CURVE('',#5690,#5729,#5737,.T.);
#5737 = LINE('',#5738,#5739);
#5738 = CARTESIAN_POINT('',(32.73775100708,5.909559249878,
    -2.099999904633));
#5739 = VECTOR('',#5740,1.);
#5740 = DIRECTION('',(-0.25881797254,0.965926113681,0.));
#5741 = PLANE('',#5742);
#5742 = AXIS2_PLACEMENT_3D('',#5743,#5744,#5745);
#5743 = CARTESIAN_POINT('',(32.089429226803,5.854897669369,
    -1.159489419261));
#5744 = DIRECTION('',(-0.798421645845,-0.213935485005,-0.562809455945));
#5745 = DIRECTION('',(0.576148567562,-1.387778780781E-17,-0.817344987197
    ));
#5746 = ADVANCED_FACE('',(#5747),#5757,.T.);
#5747 = FACE_BOUND('',#5748,.T.);
#5748 = EDGE_LOOP('',(#5749,#5750,#5751));
#5749 = ORIENTED_EDGE('',*,*,#5728,.F.);
#5750 = ORIENTED_EDGE('',*,*,#2555,.F.);
#5751 = ORIENTED_EDGE('',*,*,#5752,.F.);
#5752 = EDGE_CURVE('',#5729,#2548,#5753,.T.);
#5753 = LINE('',#5754,#5755);
#5754 = CARTESIAN_POINT('',(32.658325195312,6.205981731415,
    -2.099999904633));
#5755 = VECTOR('',#5756,1.);
#5756 = DIRECTION('',(-0.535765394595,-0.174080593189,0.826227201821));
#5757 = PLANE('',#5758);
#5758 = AXIS2_PLACEMENT_3D('',#5759,#5760,#5761);
#5759 = CARTESIAN_POINT('',(31.999647053474,5.94737618468,
    -1.067274451381));
#5760 = DIRECTION('',(-0.798420623765,-0.213938605488,-0.562809719735));
#5761 = DIRECTION('',(0.576149240682,-1.387778780781E-17,-0.817344512713
    ));
#5762 = ADVANCED_FACE('',(#5763),#5780,.T.);
#5763 = FACE_BOUND('',#5764,.T.);
#5764 = EDGE_LOOP('',(#5765,#5766,#5774));
#5765 = ORIENTED_EDGE('',*,*,#5752,.T.);
#5766 = ORIENTED_EDGE('',*,*,#5767,.T.);
#5767 = EDGE_CURVE('',#2548,#5768,#5770,.T.);
#5768 = VERTEX_POINT('',#5769);
#5769 = CARTESIAN_POINT('',(32.548347473145,6.492477893829,
    -2.099999904633));
#5770 = LINE('',#5771,#5772);
#5771 = CARTESIAN_POINT('',(31.361429214478,5.784595012665,
    -0.10000000149));
#5772 = VECTOR('',#5773,1.);
#5773 = DIRECTION('',(0.488238189223,0.291187243568,-0.822698887666));
#5774 = ORIENTED_EDGE('',*,*,#5775,.F.);
#5775 = EDGE_CURVE('',#5729,#5768,#5776,.T.);
#5776 = LINE('',#5777,#5778);
#5777 = CARTESIAN_POINT('',(32.658325195312,6.205981731415,
    -2.099999904633));
#5778 = VECTOR('',#5779,1.);
#5779 = DIRECTION('',(-0.358374053622,0.933578083339,0.));
#5780 = PLANE('',#5781);
#5781 = AXIS2_PLACEMENT_3D('',#5782,#5783,#5784);
#5782 = CARTESIAN_POINT('',(32.019267717493,6.083851501334,
    -1.159489543727));
#5783 = DIRECTION('',(-0.771683153852,-0.296227198231,-0.562809521144));
#5784 = DIRECTION('',(0.589256838669,0.,-0.807945776697));
#5785 = ADVANCED_FACE('',(#5786),#5796,.T.);
#5786 = FACE_BOUND('',#5787,.T.);
#5787 = EDGE_LOOP('',(#5788,#5789,#5790));
#5788 = ORIENTED_EDGE('',*,*,#5767,.F.);
#5789 = ORIENTED_EDGE('',*,*,#2547,.F.);
#5790 = ORIENTED_EDGE('',*,*,#5791,.F.);
#5791 = EDGE_CURVE('',#5768,#2540,#5792,.T.);
#5792 = LINE('',#5793,#5794);
#5793 = CARTESIAN_POINT('',(32.548347473145,6.492477893829,
    -2.099999904633));
#5794 = VECTOR('',#5795,1.);
#5795 = DIRECTION('',(-0.51463351336,-0.229129743787,0.826227515542));
#5796 = PLANE('',#5797);
#5797 = AXIS2_PLACEMENT_3D('',#5798,#5799,#5800);
#5798 = CARTESIAN_POINT('',(31.920310157746,6.166438512384,
    -1.067274488362));
#5799 = DIRECTION('',(-0.771684589208,-0.296223994819,-0.562809239149));
#5800 = DIRECTION('',(0.589255930473,0.,-0.807946439068));
#5801 = ADVANCED_FACE('',(#5802),#5819,.T.);
#5802 = FACE_BOUND('',#5803,.T.);
#5803 = EDGE_LOOP('',(#5804,#5805,#5813));
#5804 = ORIENTED_EDGE('',*,*,#5791,.T.);
#5805 = ORIENTED_EDGE('',*,*,#5806,.T.);
#5806 = EDGE_CURVE('',#2540,#5807,#5809,.T.);
#5807 = VERTEX_POINT('',#5808);
#5808 = CARTESIAN_POINT('',(32.409030914307,6.765909194946,
    -2.099999904633));
#5809 = LINE('',#5810,#5811);
#5810 = CARTESIAN_POINT('',(31.302604675293,5.937837123871,
    -0.10000000149));
#5811 = VECTOR('',#5812,1.);
#5812 = DIRECTION('',(0.455127483883,0.340626735785,-0.822698243758));
#5813 = ORIENTED_EDGE('',*,*,#5814,.F.);
#5814 = EDGE_CURVE('',#5768,#5807,#5815,.T.);
#5815 = LINE('',#5816,#5817);
#5816 = CARTESIAN_POINT('',(32.548347473145,6.492477893829,
    -2.099999904633));
#5817 = VECTOR('',#5818,1.);
#5818 = DIRECTION('',(-0.453981062927,0.891011332422,0.));
#5819 = PLANE('',#5820);
#5820 = AXIS2_PLACEMENT_3D('',#5821,#5822,#5823);
#5821 = CARTESIAN_POINT('',(31.925558971726,6.304217051285,
    -1.159489125281));
#5822 = DIRECTION('',(-0.73649811112,-0.375254705707,-0.562809415488));
#5823 = DIRECTION('',(0.607181160225,0.,-0.79456342646));
#5824 = ADVANCED_FACE('',(#5825),#5835,.T.);
#5825 = FACE_BOUND('',#5826,.T.);
#5826 = EDGE_LOOP('',(#5827,#5828,#5829));
#5827 = ORIENTED_EDGE('',*,*,#5806,.F.);
#5828 = ORIENTED_EDGE('',*,*,#2539,.F.);
#5829 = ORIENTED_EDGE('',*,*,#5830,.F.);
#5830 = EDGE_CURVE('',#5807,#2532,#5831,.T.);
#5831 = LINE('',#5832,#5833);
#5832 = CARTESIAN_POINT('',(32.409030914307,6.765909194946,
    -2.099999904633));
#5833 = VECTOR('',#5834,1.);
#5834 = DIRECTION('',(-0.487864823938,-0.281668388443,0.826226865041));
#5835 = PLANE('',#5836);
#5836 = AXIS2_PLACEMENT_3D('',#5837,#5838,#5839);
#5837 = CARTESIAN_POINT('',(31.818512548171,6.37600793875,
    -1.067274579435));
#5838 = DIRECTION('',(-0.736493287433,-0.375263015167,-0.562810187376));
#5839 = DIRECTION('',(0.607184196601,-2.775557561563E-17,-0.794561106145
    ));
#5840 = ADVANCED_FACE('',(#5841),#5858,.T.);
#5841 = FACE_BOUND('',#5842,.T.);
#5842 = EDGE_LOOP('',(#5843,#5844,#5852));
#5843 = ORIENTED_EDGE('',*,*,#5830,.T.);
#5844 = ORIENTED_EDGE('',*,*,#5845,.T.);
#5845 = EDGE_CURVE('',#2532,#5846,#5848,.T.);
#5846 = VERTEX_POINT('',#5847);
#5847 = CARTESIAN_POINT('',(32.241889953613,7.023279666901,
    -2.099999904633));
#5848 = LINE('',#5849,#5850);
#5849 = CARTESIAN_POINT('',(31.228084564209,6.084090709686,
    -0.10000000149));
#5850 = VECTOR('',#5851,1.);
#5851 = DIRECTION('',(0.417028157259,0.386334738637,-0.822698599595));
#5852 = ORIENTED_EDGE('',*,*,#5853,.F.);
#5853 = EDGE_CURVE('',#5807,#5846,#5854,.T.);
#5854 = LINE('',#5855,#5856);
#5855 = CARTESIAN_POINT('',(32.409030914307,6.765909194946,
    -2.099999904633));
#5856 = VECTOR('',#5857,1.);
#5857 = DIRECTION('',(-0.544645044475,0.838666665326,0.));
#5858 = PLANE('',#5859);
#5859 = AXIS2_PLACEMENT_3D('',#5860,#5861,#5862);
#5860 = CARTESIAN_POINT('',(31.80932970238,6.513580377503,
    -1.159489674067));
#5861 = DIRECTION('',(-0.693230376853,-0.450196132794,-0.562809991583));
#5862 = DIRECTION('',(0.630295973017,-2.775557561563E-17,-0.776354935837
    ));
#5863 = ADVANCED_FACE('',(#5864),#5874,.T.);
#5864 = FACE_BOUND('',#5865,.T.);
#5865 = EDGE_LOOP('',(#5866,#5867,#5868));
#5866 = ORIENTED_EDGE('',*,*,#5845,.F.);
#5867 = ORIENTED_EDGE('',*,*,#2531,.F.);
#5868 = ORIENTED_EDGE('',*,*,#5869,.F.);
#5869 = EDGE_CURVE('',#5846,#2524,#5870,.T.);
#5870 = LINE('',#5871,#5872);
#5871 = CARTESIAN_POINT('',(32.241889953613,7.023279666901,
    -2.099999904633));
#5872 = VECTOR('',#5873,1.);
#5873 = DIRECTION('',(-0.455748977463,-0.331121196577,0.826227343241));
#5874 = PLANE('',#5875);
#5875 = AXIS2_PLACEMENT_3D('',#5876,#5877,#5878);
#5876 = CARTESIAN_POINT('',(31.695363665907,6.573788375938,
    -1.067274513401));
#5877 = DIRECTION('',(-0.693234614065,-0.45019032973,-0.56280941435));
#5878 = DIRECTION('',(0.630293261361,0.,-0.77635713733));
#5879 = ADVANCED_FACE('',(#5880),#5897,.T.);
#5880 = FACE_BOUND('',#5881,.T.);
#5881 = EDGE_LOOP('',(#5882,#5883,#5891));
#5882 = ORIENTED_EDGE('',*,*,#5869,.T.);
#5883 = ORIENTED_EDGE('',*,*,#5884,.T.);
#5884 = EDGE_CURVE('',#2524,#5885,#5887,.T.);
#5885 = VERTEX_POINT('',#5886);
#5886 = CARTESIAN_POINT('',(32.048767089844,7.261769294739,
    -2.099999904633));
#5887 = LINE('',#5888,#5889);
#5888 = CARTESIAN_POINT('',(31.13868522644,6.221754074097,-0.10000000149
    ));
#5889 = VECTOR('',#5890,1.);
#5890 = DIRECTION('',(0.374361447956,0.427809430725,-0.822698363477));
#5891 = ORIENTED_EDGE('',*,*,#5892,.F.);
#5892 = EDGE_CURVE('',#5846,#5885,#5893,.T.);
#5893 = LINE('',#5894,#5895);
#5894 = CARTESIAN_POINT('',(32.241889953613,7.023279666901,
    -2.099999904633));
#5895 = VECTOR('',#5896,1.);
#5896 = DIRECTION('',(-0.62931600434,0.777149513724,0.));
#5897 = PLANE('',#5898);
#5898 = AXIS2_PLACEMENT_3D('',#5899,#5900,#5901);
#5899 = CARTESIAN_POINT('',(31.671851875374,6.709647218678,
    -1.159489112577));
#5900 = DIRECTION('',(-0.642381365568,-0.520184169329,-0.562809569171));
#5901 = DIRECTION('',(0.658985841547,-2.775557561563E-17,-0.752155343424
    ));
#5902 = ADVANCED_FACE('',(#5903),#5913,.T.);
#5903 = FACE_BOUND('',#5904,.T.);
#5904 = EDGE_LOOP('',(#5905,#5906,#5907));
#5905 = ORIENTED_EDGE('',*,*,#5884,.F.);
#5906 = ORIENTED_EDGE('',*,*,#2523,.F.);
#5907 = ORIENTED_EDGE('',*,*,#5908,.F.);
#5908 = EDGE_CURVE('',#5885,#2516,#5909,.T.);
#5909 = LINE('',#5910,#5911);
#5910 = CARTESIAN_POINT('',(32.048767089844,7.261769294739,
    -2.099999904633));
#5911 = VECTOR('',#5912,1.);
#5912 = DIRECTION('',(-0.418641115663,-0.376945862151,0.826227228602));
#5913 = PLANE('',#5914);
#5914 = AXIS2_PLACEMENT_3D('',#5915,#5916,#5917);
#5915 = CARTESIAN_POINT('',(31.552218607042,6.757613020697,
    -1.06727466356));
#5916 = DIRECTION('',(-0.642382047465,-0.520183415594,-0.562809487514));
#5917 = DIRECTION('',(0.658985391709,-5.551115123126E-17,-0.75215573754)
  );
#5918 = ADVANCED_FACE('',(#5919),#5936,.T.);
#5919 = FACE_BOUND('',#5920,.T.);
#5920 = EDGE_LOOP('',(#5921,#5922,#5930));
#5921 = ORIENTED_EDGE('',*,*,#5908,.T.);
#5922 = ORIENTED_EDGE('',*,*,#5923,.T.);
#5923 = EDGE_CURVE('',#2516,#5924,#5926,.T.);
#5924 = VERTEX_POINT('',#5925);
#5925 = CARTESIAN_POINT('',(31.831769943237,7.478765487671,
    -2.099999904633));
#5926 = LINE('',#5927,#5928);
#5927 = CARTESIAN_POINT('',(31.035387039185,6.349318504333,
    -0.10000000149));
#5928 = VECTOR('',#5929,1.);
#5929 = DIRECTION('',(0.327591594833,0.464597289404,-0.822698672463));
#5930 = ORIENTED_EDGE('',*,*,#5931,.F.);
#5931 = EDGE_CURVE('',#5885,#5924,#5932,.T.);
#5932 = LINE('',#5933,#5934);
#5933 = CARTESIAN_POINT('',(32.048767089844,7.261769294739,
    -2.099999904633));
#5934 = VECTOR('',#5935,1.);
#5935 = DIRECTION('',(-0.70710833501,0.70710522736,0.));
#5936 = PLANE('',#5937);
#5937 = AXIS2_PLACEMENT_3D('',#5938,#5939,#5940);
#5938 = CARTESIAN_POINT('',(31.514634102456,6.890270037562,
    -1.159489525098));
#5939 = DIRECTION('',(-0.584483699247,-0.584486267989,-0.562809566236));
#5940 = DIRECTION('',(-0.70710833501,0.70710522736,-2.775557561563E-17)
  );
#5941 = ADVANCED_FACE('',(#5942),#5952,.T.);
#5942 = FACE_BOUND('',#5943,.T.);
#5943 = EDGE_LOOP('',(#5944,#5945,#5946));
#5944 = ORIENTED_EDGE('',*,*,#5923,.F.);
#5945 = ORIENTED_EDGE('',*,*,#2515,.F.);
#5946 = ORIENTED_EDGE('',*,*,#5947,.F.);
#5947 = EDGE_CURVE('',#5924,#2508,#5948,.T.);
#5948 = LINE('',#5949,#5950);
#5949 = CARTESIAN_POINT('',(31.831769943237,7.478765487671,
    -2.099999904633));
#5950 = VECTOR('',#5951,1.);
#5951 = DIRECTION('',(-0.376945924323,-0.418640790735,0.826227364876));
#5952 = PLANE('',#5953);
#5953 = AXIS2_PLACEMENT_3D('',#5954,#5955,#5956);
#5954 = CARTESIAN_POINT('',(31.390640982399,6.925467649888,
    -1.067274473405));
#5955 = DIRECTION('',(-0.584485053978,-0.584485053978,-0.562809420098));
#5956 = DIRECTION('',(-0.707106781187,0.707106781187,0.));
#5957 = ADVANCED_FACE('',(#5958),#5975,.T.);
#5958 = FACE_BOUND('',#5959,.T.);
#5959 = EDGE_LOOP('',(#5960,#5968,#5974));
#5960 = ORIENTED_EDGE('',*,*,#5961,.F.);
#5961 = EDGE_CURVE('',#5962,#5051,#5964,.T.);
#5962 = VERTEX_POINT('',#5963);
#5963 = CARTESIAN_POINT('',(31.593278884888,7.671890735626,
    -2.099999904633));
#5964 = LINE('',#5965,#5966);
#5965 = CARTESIAN_POINT('',(31.593278884888,7.671890735626,
    -2.099999904633));
#5966 = VECTOR('',#5967,1.);
#5967 = DIRECTION('',(-0.838670462891,0.544639196785,0.));
#5968 = ORIENTED_EDGE('',*,*,#5969,.T.);
#5969 = EDGE_CURVE('',#5962,#2500,#5970,.T.);
#5970 = LINE('',#5971,#5972);
#5971 = CARTESIAN_POINT('',(31.593278884888,7.671890735626,
    -2.099999904633));
#5972 = VECTOR('',#5973,1.);
#5973 = DIRECTION('',(-0.33112099146,-0.455749163262,0.826227322957));
#5974 = ORIENTED_EDGE('',*,*,#5082,.T.);
#5975 = PLANE('',#5976);
#5976 = AXIS2_PLACEMENT_3D('',#5977,#5978,#5979);
#5977 = CARTESIAN_POINT('',(31.148057748384,7.197456992051,
    -1.159489333382));
#5978 = DIRECTION('',(-0.450191485792,-0.693233803235,-0.562809488347));
#5979 = DIRECTION('',(2.775557561563E-17,0.630293755649,-0.776356736037)
  );
#5980 = ADVANCED_FACE('',(#5981),#5991,.T.);
#5981 = FACE_BOUND('',#5982,.T.);
#5982 = EDGE_LOOP('',(#5983,#5984,#5985));
#5983 = ORIENTED_EDGE('',*,*,#2507,.F.);
#5984 = ORIENTED_EDGE('',*,*,#5969,.F.);
#5985 = ORIENTED_EDGE('',*,*,#5986,.F.);
#5986 = EDGE_CURVE('',#2508,#5962,#5987,.T.);
#5987 = LINE('',#5988,#5989);
#5988 = CARTESIAN_POINT('',(30.919319152832,6.465386390686,
    -0.10000000149));
#5989 = VECTOR('',#5990,1.);
#5990 = DIRECTION('',(0.277232943211,0.496294859523,-0.822698795192));
#5991 = PLANE('',#5992);
#5992 = AXIS2_PLACEMENT_3D('',#5993,#5994,#5995);
#5993 = CARTESIAN_POINT('',(31.212402166732,7.075513260029,
    -1.067274394768));
#5994 = DIRECTION('',(-0.520183920641,-0.642381542996,-0.562809596511));
#5995 = DIRECTION('',(2.775557561563E-17,0.658985756684,-0.752155417775)
  );
#5996 = ADVANCED_FACE('',(#5997),#6007,.T.);
#5997 = FACE_BOUND('',#5998,.T.);
#5998 = EDGE_LOOP('',(#5999,#6000,#6001));
#5999 = ORIENTED_EDGE('',*,*,#5947,.T.);
#6000 = ORIENTED_EDGE('',*,*,#5986,.T.);
#6001 = ORIENTED_EDGE('',*,*,#6002,.F.);
#6002 = EDGE_CURVE('',#5924,#5962,#6003,.T.);
#6003 = LINE('',#6004,#6005);
#6004 = CARTESIAN_POINT('',(31.831769943237,7.478765487671,
    -2.099999904633));
#6005 = VECTOR('',#6006,1.);
#6006 = DIRECTION('',(-0.777147560181,0.629318416785,0.));
#6007 = PLANE('',#6008);
#6008 = AXIS2_PLACEMENT_3D('',#6009,#6010,#6011);
#6009 = CARTESIAN_POINT('',(31.339395538981,7.053469447459,
    -1.159489604266));
#6010 = DIRECTION('',(-0.520186250679,-0.642379858547,-0.562809365539));
#6011 = DIRECTION('',(0.,0.658986581274,-0.752154695326));
#6012 = ADVANCED_FACE('',(#6013),#6023,.T.);
#6013 = FACE_BOUND('',#6014,.T.);
#6014 = EDGE_LOOP('',(#6015,#6016,#6017));
#6015 = ORIENTED_EDGE('',*,*,#5066,.F.);
#6016 = ORIENTED_EDGE('',*,*,#2491,.F.);
#6017 = ORIENTED_EDGE('',*,*,#6018,.F.);
#6018 = EDGE_CURVE('',#5053,#2484,#6019,.T.);
#6019 = LINE('',#6020,#6021);
#6020 = CARTESIAN_POINT('',(31.062477111816,7.978349208832,
    -2.099999904633));
#6021 = VECTOR('',#6022,1.);
#6022 = DIRECTION('',(-0.229129324038,-0.514633849449,0.826227422607));
#6023 = PLANE('',#6024);
#6024 = AXIS2_PLACEMENT_3D('',#6025,#6026,#6027);
#6025 = CARTESIAN_POINT('',(30.813917434044,7.315815338561,
    -1.067274560193));
#6026 = DIRECTION('',(-0.375263289686,-0.736493826205,-0.562809299297));
#6027 = DIRECTION('',(0.,0.607183311305,-0.794561782666));
#6028 = ADVANCED_FACE('',(#6029),#6053,.T.);
#6029 = FACE_BOUND('',#6030,.T.);
#6030 = EDGE_LOOP('',(#6031,#6041,#6047));
#6031 = ORIENTED_EDGE('',*,*,#6032,.F.);
#6032 = EDGE_CURVE('',#6033,#6035,#6037,.T.);
#6033 = VERTEX_POINT('',#6034);
#6034 = CARTESIAN_POINT('',(30.479558944702,8.167751312256,
    -2.099999904633));
#6035 = VERTEX_POINT('',#6036);
#6036 = CARTESIAN_POINT('',(30.176458358765,8.215757369995,
    -2.099999904633));
#6037 = LINE('',#6038,#6039);
#6038 = CARTESIAN_POINT('',(30.479558944702,8.167751312256,
    -2.099999904633));
#6039 = VECTOR('',#6040,1.);
#6040 = DIRECTION('',(-0.987688521308,0.156433324059,0.));
#6041 = ORIENTED_EDGE('',*,*,#6042,.T.);
#6042 = EDGE_CURVE('',#6033,#2468,#6043,.T.);
#6043 = LINE('',#6044,#6045);
#6044 = CARTESIAN_POINT('',(30.479558944702,8.167751312256,
    -2.099999904633));
#6045 = VECTOR('',#6046,1.);
#6046 = DIRECTION('',(-0.117124301461,-0.551026682254,0.826227265013));
#6047 = ORIENTED_EDGE('',*,*,#6048,.T.);
#6048 = EDGE_CURVE('',#2468,#6035,#6049,.T.);
#6049 = LINE('',#6050,#6051);
#6050 = CARTESIAN_POINT('',(30.196043014526,6.833913326263,
    -0.10000000149));
#6051 = VECTOR('',#6052,1.);
#6052 = DIRECTION('',(-8.056135332286E-03,0.568420643174,-0.82269865145)
  );
#6053 = PLANE('',#6054);
#6054 = AXIS2_PLACEMENT_3D('',#6055,#6056,#6057);
#6055 = CARTESIAN_POINT('',(30.265798603684,7.553246567727,
    -1.159489358486));
#6056 = DIRECTION('',(-0.12930569052,-0.816410103376,-0.562809542834));
#6057 = DIRECTION('',(0.,0.567574455633,-0.823322073865));
#6058 = ADVANCED_FACE('',(#6059),#6069,.T.);
#6059 = FACE_BOUND('',#6060,.T.);
#6060 = EDGE_LOOP('',(#6061,#6062,#6063));
#6061 = ORIENTED_EDGE('',*,*,#6048,.F.);
#6062 = ORIENTED_EDGE('',*,*,#2467,.F.);
#6063 = ORIENTED_EDGE('',*,*,#6064,.F.);
#6064 = EDGE_CURVE('',#6035,#2460,#6065,.T.);
#6065 = LINE('',#6066,#6067);
#6066 = CARTESIAN_POINT('',(30.176458358765,8.215757369995,
    -2.099999904633));
#6067 = VECTOR('',#6068,1.);
#6068 = DIRECTION('',(-5.888442677109E-02,-0.560250875414,0.826227317923
    ));
#6069 = PLANE('',#6070);
#6070 = AXIS2_PLACEMENT_3D('',#6071,#6072,#6073);
#6071 = CARTESIAN_POINT('',(30.144797981018,7.508840959865,
    -1.067274701899));
#6072 = DIRECTION('',(-0.129306461842,-0.816410024152,-0.562809480543));
#6073 = DIRECTION('',(-6.938893903907E-18,0.567574450386,-0.823322077482
    ));
#6074 = ADVANCED_FACE('',(#6075),#6085,.T.);
#6075 = FACE_BOUND('',#6076,.T.);
#6076 = EDGE_LOOP('',(#6077,#6078,#6079));
#6077 = ORIENTED_EDGE('',*,*,#2475,.F.);
#6078 = ORIENTED_EDGE('',*,*,#6042,.F.);
#6079 = ORIENTED_EDGE('',*,*,#6080,.F.);
#6080 = EDGE_CURVE('',#2476,#6033,#6081,.T.);
#6081 = LINE('',#6082,#6083);
#6082 = CARTESIAN_POINT('',(30.354595184326,6.791429519653,
    -0.10000000149));
#6083 = VECTOR('',#6084,1.);
#6084 = DIRECTION('',(5.140375628382E-02,0.56614901618,-0.822698575007)
  );
#6085 = PLANE('',#6086);
#6086 = AXIS2_PLACEMENT_3D('',#6087,#6088,#6089);
#6087 = CARTESIAN_POINT('',(30.374179138676,7.468016502429,
    -1.067274385621));
#6088 = DIRECTION('',(-0.21393578984,-0.79842147829,-0.562809577771));
#6089 = DIRECTION('',(1.387778780781E-17,0.576148731651,-0.817344871531)
  );
#6090 = ADVANCED_FACE('',(#6091),#6108,.T.);
#6091 = FACE_BOUND('',#6092,.T.);
#6092 = EDGE_LOOP('',(#6093,#6101,#6107));
#6093 = ORIENTED_EDGE('',*,*,#6094,.F.);
#6094 = EDGE_CURVE('',#6095,#6033,#6097,.T.);
#6095 = VERTEX_POINT('',#6096);
#6096 = CARTESIAN_POINT('',(30.775981903076,8.088324546814,
    -2.099999904633));
#6097 = LINE('',#6098,#6099);
#6098 = CARTESIAN_POINT('',(30.775981903076,8.088324546814,
    -2.099999904633));
#6099 = VECTOR('',#6100,1.);
#6100 = DIRECTION('',(-0.965925440854,0.258820483561,0.));
#6101 = ORIENTED_EDGE('',*,*,#6102,.T.);
#6102 = EDGE_CURVE('',#6095,#2476,#6103,.T.);
#6103 = LINE('',#6104,#6105);
#6104 = CARTESIAN_POINT('',(30.775981903076,8.088324546814,
    -2.099999904633));
#6105 = VECTOR('',#6106,1.);
#6106 = DIRECTION('',(-0.174080629934,-0.535765113708,0.82622737622));
#6107 = ORIENTED_EDGE('',*,*,#6080,.T.);
#6108 = PLANE('',#6109);
#6109 = AXIS2_PLACEMENT_3D('',#6110,#6111,#6112);
#6110 = CARTESIAN_POINT('',(30.499159190432,7.499530839595,
    -1.159489548134));
#6111 = DIRECTION('',(-0.21393756479,-0.798421105401,-0.562809432066));
#6112 = DIRECTION('',(0.,0.576148811765,-0.817344815058));
#6113 = ADVANCED_FACE('',(#6114),#6124,.T.);
#6114 = FACE_BOUND('',#6115,.T.);
#6115 = EDGE_LOOP('',(#6116,#6117,#6118));
#6116 = ORIENTED_EDGE('',*,*,#2483,.F.);
#6117 = ORIENTED_EDGE('',*,*,#6102,.F.);
#6118 = ORIENTED_EDGE('',*,*,#6119,.F.);
#6119 = EDGE_CURVE('',#2484,#6095,#6120,.T.);
#6120 = LINE('',#6121,#6122);
#6121 = CARTESIAN_POINT('',(30.507837295532,6.732605457306,
    -0.10000000149));
#6122 = VECTOR('',#6123,1.);
#6123 = DIRECTION('',(0.110301115755,0.55767419525,-0.822698702937));
#6124 = PLANE('',#6125);
#6125 = AXIS2_PLACEMENT_3D('',#6126,#6127,#6128);
#6126 = CARTESIAN_POINT('',(30.598037070623,7.403438594439,
    -1.067274527541));
#6127 = DIRECTION('',(-0.296221860331,-0.771685284067,-0.56280940985));
#6128 = DIRECTION('',(0.,0.58925570078,-0.807946606589));
#6129 = ADVANCED_FACE('',(#6130),#6140,.T.);
#6130 = FACE_BOUND('',#6131,.T.);
#6131 = EDGE_LOOP('',(#6132,#6138,#6139));
#6132 = ORIENTED_EDGE('',*,*,#6133,.F.);
#6133 = EDGE_CURVE('',#5053,#6095,#6134,.T.);
#6134 = LINE('',#6135,#6136);
#6135 = CARTESIAN_POINT('',(31.062477111816,7.978349208832,
    -2.099999904633));
#6136 = VECTOR('',#6137,1.);
#6137 = DIRECTION('',(-0.933580283529,0.358368321991,0.));
#6138 = ORIENTED_EDGE('',*,*,#6018,.T.);
#6139 = ORIENTED_EDGE('',*,*,#6119,.T.);
#6140 = PLANE('',#6141);
#6141 = AXIS2_PLACEMENT_3D('',#6142,#6143,#6144);
#6142 = CARTESIAN_POINT('',(30.725625956586,7.421716290122,
    -1.159489226786));
#6143 = DIRECTION('',(-0.296222500891,-0.771685077612,-0.562809355783));
#6144 = DIRECTION('',(2.775557561563E-17,0.589255766737,-0.807946558485)
  );
#6145 = ADVANCED_FACE('',(#6146),#6170,.T.);
#6146 = FACE_BOUND('',#6147,.T.);
#6147 = EDGE_LOOP('',(#6148,#6158,#6164));
#6148 = ORIENTED_EDGE('',*,*,#6149,.F.);
#6149 = EDGE_CURVE('',#6150,#6152,#6154,.T.);
#6150 = VERTEX_POINT('',#6151);
#6151 = CARTESIAN_POINT('',(29.870000839233,8.231818199158,
    -2.099999904633));
#6152 = VERTEX_POINT('',#6153);
#6153 = CARTESIAN_POINT('',(29.563541412354,8.215757369995,
    -2.099999904633));
#6154 = LINE('',#6155,#6156);
#6155 = CARTESIAN_POINT('',(29.870000839233,8.231818199158,
    -2.099999904633));
#6156 = VECTOR('',#6157,1.);
#6157 = DIRECTION('',(-0.998629539666,-5.233586252053E-02,0.));
#6158 = ORIENTED_EDGE('',*,*,#6159,.T.);
#6159 = EDGE_CURVE('',#6150,#2452,#6160,.T.);
#6160 = LINE('',#6161,#6162);
#6161 = CARTESIAN_POINT('',(29.870000839233,8.231818199158,
    -2.099999904633));
#6162 = VECTOR('',#6163,1.);
#6163 = DIRECTION('',(0.,-0.56333687994,0.826227305104));
#6164 = ORIENTED_EDGE('',*,*,#6165,.T.);
#6165 = EDGE_CURVE('',#2452,#6152,#6166,.T.);
#6166 = LINE('',#6167,#6168);
#6167 = CARTESIAN_POINT('',(29.870000839233,6.868181705475,
    -0.10000000149));
#6168 = VECTOR('',#6169,1.);
#6169 = DIRECTION('',(-0.126061873708,0.55432431941,-0.822698579619));
#6170 = PLANE('',#6171);
#6171 = AXIS2_PLACEMENT_3D('',#6172,#6173,#6174);
#6172 = CARTESIAN_POINT('',(29.78867398909,7.586298922435,-1.15948959022
    ));
#6173 = DIRECTION('',(4.326012425577E-02,-0.825453826322,-0.562809507968
    ));
#6174 = DIRECTION('',(-6.938893903907E-18,0.56333687994,-0.826227305104)
  );
#6175 = ADVANCED_FACE('',(#6176),#6186,.T.);
#6176 = FACE_BOUND('',#6177,.T.);
#6177 = EDGE_LOOP('',(#6178,#6179,#6180));
#6178 = ORIENTED_EDGE('',*,*,#6165,.F.);
#6179 = ORIENTED_EDGE('',*,*,#2451,.F.);
#6180 = ORIENTED_EDGE('',*,*,#6181,.F.);
#6181 = EDGE_CURVE('',#6152,#2444,#6182,.T.);
#6182 = LINE('',#6183,#6184);
#6183 = CARTESIAN_POINT('',(29.563541412354,8.215757369995,
    -2.099999904633));
#6184 = VECTOR('',#6185,1.);
#6185 = DIRECTION('',(5.888442677109E-02,-0.560250875414,0.826227317923)
  );
#6186 = PLANE('',#6187);
#6187 = AXIS2_PLACEMENT_3D('',#6188,#6189,#6190);
#6188 = CARTESIAN_POINT('',(29.679549063209,7.51770579633,
    -1.067274180837));
#6189 = DIRECTION('',(4.325992101833E-02,-0.82545384817,-0.562809491546)
  );
#6190 = DIRECTION('',(0.,0.563336858541,-0.826227319694));
#6191 = ADVANCED_FACE('',(#6192),#6209,.T.);
#6192 = FACE_BOUND('',#6193,.T.);
#6193 = EDGE_LOOP('',(#6194,#6195,#6203));
#6194 = ORIENTED_EDGE('',*,*,#6181,.T.);
#6195 = ORIENTED_EDGE('',*,*,#6196,.T.);
#6196 = EDGE_CURVE('',#2444,#6197,#6199,.T.);
#6197 = VERTEX_POINT('',#6198);
#6198 = CARTESIAN_POINT('',(29.260440826416,8.167751312256,
    -2.099999904633));
#6199 = LINE('',#6200,#6201);
#6200 = CARTESIAN_POINT('',(29.706079483032,6.859591007233,
    -0.10000000149));
#6201 = VECTOR('',#6202,1.);
#6202 = DIRECTION('',(-0.18331315931,0.538110854697,-0.8226986044));
#6203 = ORIENTED_EDGE('',*,*,#6204,.F.);
#6204 = EDGE_CURVE('',#6152,#6197,#6205,.T.);
#6205 = LINE('',#6206,#6207);
#6206 = CARTESIAN_POINT('',(29.563541412354,8.215757369995,
    -2.099999904633));
#6207 = VECTOR('',#6208,1.);
#6208 = DIRECTION('',(-0.987688521308,-0.156433324059,0.));
#6209 = PLANE('',#6210);
#6210 = AXIS2_PLACEMENT_3D('',#6211,#6212,#6213);
#6211 = CARTESIAN_POINT('',(29.550135217207,7.565273323109,
    -1.159489358671));
#6212 = DIRECTION('',(0.129305695144,-0.816410132572,-0.562809499419));
#6213 = DIRECTION('',(1.387778780781E-17,0.567574412196,-0.823322103809)
  );
#6214 = ADVANCED_FACE('',(#6215),#6225,.T.);
#6215 = FACE_BOUND('',#6216,.T.);
#6216 = EDGE_LOOP('',(#6217,#6218,#6219));
#6217 = ORIENTED_EDGE('',*,*,#6196,.F.);
#6218 = ORIENTED_EDGE('',*,*,#2443,.F.);
#6219 = ORIENTED_EDGE('',*,*,#6220,.F.);
#6220 = EDGE_CURVE('',#6197,#2436,#6221,.T.);
#6221 = LINE('',#6222,#6223);
#6222 = CARTESIAN_POINT('',(29.260440826416,8.167751312256,
    -2.099999904633));
#6223 = VECTOR('',#6224,1.);
#6224 = DIRECTION('',(0.117124301461,-0.551026682254,0.826227265013));
#6225 = PLANE('',#6226);
#6226 = AXIS2_PLACEMENT_3D('',#6227,#6228,#6229);
#6227 = CARTESIAN_POINT('',(29.448778811044,7.485650013152,
    -1.067274703817));
#6228 = DIRECTION('',(0.129306453197,-0.816409969567,-0.56280956171));
#6229 = DIRECTION('',(6.938893903907E-18,0.567574531594,-0.823322021499)
  );
#6230 = ADVANCED_FACE('',(#6231),#6248,.T.);
#6231 = FACE_BOUND('',#6232,.T.);
#6232 = EDGE_LOOP('',(#6233,#6234,#6242));
#6233 = ORIENTED_EDGE('',*,*,#6220,.T.);
#6234 = ORIENTED_EDGE('',*,*,#6235,.T.);
#6235 = EDGE_CURVE('',#2436,#6236,#6238,.T.);
#6236 = VERTEX_POINT('',#6237);
#6237 = CARTESIAN_POINT('',(28.964017868042,8.088324546814,
    -2.099999904633));
#6238 = LINE('',#6239,#6240);
#6239 = CARTESIAN_POINT('',(29.543956756592,6.833913326263,
    -0.10000000149));
#6240 = VECTOR('',#6241,1.);
#6241 = DIRECTION('',(-0.238557480205,0.516001230171,-0.822698644158));
#6242 = ORIENTED_EDGE('',*,*,#6243,.F.);
#6243 = EDGE_CURVE('',#6197,#6236,#6244,.T.);
#6244 = LINE('',#6245,#6246);
#6245 = CARTESIAN_POINT('',(29.260440826416,8.167751312256,
    -2.099999904633));
#6246 = VECTOR('',#6247,1.);
#6247 = DIRECTION('',(-0.965925440854,-0.258820483561,0.));
#6248 = PLANE('',#6249);
#6249 = AXIS2_PLACEMENT_3D('',#6250,#6251,#6252);
#6250 = CARTESIAN_POINT('',(29.315102258566,7.519429138672,
    -1.159489546733));
#6251 = DIRECTION('',(0.213937546894,-0.798421038612,-0.562809533618));
#6252 = DIRECTION('',(0.,0.576148913412,-0.817344743406));
#6253 = ADVANCED_FACE('',(#6254),#6264,.T.);
#6254 = FACE_BOUND('',#6255,.T.);
#6255 = EDGE_LOOP('',(#6256,#6257,#6258));
#6256 = ORIENTED_EDGE('',*,*,#6235,.F.);
#6257 = ORIENTED_EDGE('',*,*,#2435,.F.);
#6258 = ORIENTED_EDGE('',*,*,#6259,.F.);
#6259 = EDGE_CURVE('',#6236,#2428,#6260,.T.);
#6260 = LINE('',#6261,#6262);
#6261 = CARTESIAN_POINT('',(28.964017868042,8.088324546814,
    -2.099999904633));
#6262 = VECTOR('',#6263,1.);
#6263 = DIRECTION('',(0.174080629934,-0.535765113708,0.82622737622));
#6264 = PLANE('',#6265);
#6265 = AXIS2_PLACEMENT_3D('',#6266,#6267,#6268);
#6266 = CARTESIAN_POINT('',(29.222623558459,7.429646730713,
    -1.067274382162));
#6267 = DIRECTION('',(0.213935823298,-0.798421603156,-0.562809387913));
#6268 = DIRECTION('',(0.,0.576148541615,-0.817345005487));
#6269 = ADVANCED_FACE('',(#6270),#6287,.T.);
#6270 = FACE_BOUND('',#6271,.T.);
#6271 = EDGE_LOOP('',(#6272,#6273,#6281));
#6272 = ORIENTED_EDGE('',*,*,#6259,.T.);
#6273 = ORIENTED_EDGE('',*,*,#6274,.T.);
#6274 = EDGE_CURVE('',#2428,#6275,#6277,.T.);
#6275 = VERTEX_POINT('',#6276);
#6276 = CARTESIAN_POINT('',(28.677522659302,7.978349208832,
    -2.099999904633));
#6277 = LINE('',#6278,#6279);
#6278 = CARTESIAN_POINT('',(29.385404586792,6.791429519653,
    -0.10000000149));
#6279 = VECTOR('',#6280,1.);
#6280 = DIRECTION('',(-0.291186800879,0.488238693164,-0.822698745283));
#6281 = ORIENTED_EDGE('',*,*,#6282,.F.);
#6282 = EDGE_CURVE('',#6236,#6275,#6283,.T.);
#6283 = LINE('',#6284,#6285);
#6284 = CARTESIAN_POINT('',(28.964017868042,8.088324546814,
    -2.099999904633));
#6285 = VECTOR('',#6286,1.);
#6286 = DIRECTION('',(-0.933580283529,-0.358368321991,0.));
#6287 = PLANE('',#6288);
#6288 = AXIS2_PLACEMENT_3D('',#6289,#6290,#6291);
#6289 = CARTESIAN_POINT('',(29.08614842773,7.449267948301,
    -1.159489226662));
#6290 = DIRECTION('',(0.296222491696,-0.771685053659,-0.562809393466));
#6291 = DIRECTION('',(0.,0.589255804431,-0.807946530993));
#6292 = ADVANCED_FACE('',(#6293),#6303,.T.);
#6293 = FACE_BOUND('',#6294,.T.);
#6294 = EDGE_LOOP('',(#6295,#6296,#6297));
#6295 = ORIENTED_EDGE('',*,*,#6274,.F.);
#6296 = ORIENTED_EDGE('',*,*,#2427,.F.);
#6297 = ORIENTED_EDGE('',*,*,#6298,.F.);
#6298 = EDGE_CURVE('',#6275,#2420,#6299,.T.);
#6299 = LINE('',#6300,#6301);
#6300 = CARTESIAN_POINT('',(28.677522659302,7.978349208832,
    -2.099999904633));
#6301 = VECTOR('',#6302,1.);
#6302 = DIRECTION('',(0.229129324038,-0.514633849449,0.826227422607));
#6303 = PLANE('',#6304);
#6304 = AXIS2_PLACEMENT_3D('',#6305,#6306,#6307);
#6305 = CARTESIAN_POINT('',(29.003561537603,7.350311300857,
    -1.067274525838));
#6306 = DIRECTION('',(0.296221877522,-0.77168532885,-0.5628093394));
#6307 = DIRECTION('',(0.,0.589255630308,-0.807946657986));
#6308 = ADVANCED_FACE('',(#6309),#6326,.T.);
#6309 = FACE_BOUND('',#6310,.T.);
#6310 = EDGE_LOOP('',(#6311,#6312,#6320));
#6311 = ORIENTED_EDGE('',*,*,#6298,.T.);
#6312 = ORIENTED_EDGE('',*,*,#6313,.T.);
#6313 = EDGE_CURVE('',#2420,#6314,#6316,.T.);
#6314 = VERTEX_POINT('',#6315);
#6315 = CARTESIAN_POINT('',(28.404090881348,7.839028835297,
    -2.099999904633));
#6316 = LINE('',#6317,#6318);
#6317 = CARTESIAN_POINT('',(29.232162475586,6.732605457306,
    -0.10000000149));
#6318 = VECTOR('',#6319,1.);
#6319 = DIRECTION('',(-0.340626744847,0.455126581192,-0.822698739386));
#6320 = ORIENTED_EDGE('',*,*,#6321,.F.);
#6321 = EDGE_CURVE('',#6275,#6314,#6322,.T.);
#6322 = LINE('',#6323,#6324);
#6323 = CARTESIAN_POINT('',(28.677522659302,7.978349208832,
    -2.099999904633));
#6324 = VECTOR('',#6325,1.);
#6325 = DIRECTION('',(-0.89100662441,-0.453990303043,0.));
#6326 = PLANE('',#6327);
#6327 = AXIS2_PLACEMENT_3D('',#6328,#6329,#6330);
#6328 = CARTESIAN_POINT('',(28.865782809199,7.355559497664,
    -1.159489532239));
#6329 = DIRECTION('',(0.375262371681,-0.736494274918,-0.562809324207));
#6330 = DIRECTION('',(2.775557561563E-17,0.607183094723,-0.794561948171)
  );
#6331 = ADVANCED_FACE('',(#6332),#6342,.T.);
#6332 = FACE_BOUND('',#6333,.T.);
#6333 = EDGE_LOOP('',(#6334,#6335,#6336));
#6334 = ORIENTED_EDGE('',*,*,#6313,.F.);
#6335 = ORIENTED_EDGE('',*,*,#2419,.F.);
#6336 = ORIENTED_EDGE('',*,*,#6337,.F.);
#6337 = EDGE_CURVE('',#6314,#2412,#6338,.T.);
#6338 = LINE('',#6339,#6340);
#6339 = CARTESIAN_POINT('',(28.404090881348,7.839028835297,
    -2.099999904633));
#6340 = VECTOR('',#6341,1.);
#6341 = DIRECTION('',(0.281668369499,-0.487863950393,0.826227387304));
#6342 = PLANE('',#6343);
#6343 = AXIS2_PLACEMENT_3D('',#6344,#6345,#6346);
#6344 = CARTESIAN_POINT('',(28.793991899222,7.24851193558,
    -1.067274559897));
#6345 = DIRECTION('',(0.375263256577,-0.736493761226,-0.562809406405));
#6346 = DIRECTION('',(-2.775557561563E-17,0.607183418077,-0.794561701073
    ));
#6347 = ADVANCED_FACE('',(#6348),#6365,.T.);
#6348 = FACE_BOUND('',#6349,.T.);
#6349 = EDGE_LOOP('',(#6350,#6351,#6359));
#6350 = ORIENTED_EDGE('',*,*,#6337,.T.);
#6351 = ORIENTED_EDGE('',*,*,#6352,.T.);
#6352 = EDGE_CURVE('',#2412,#6353,#6355,.T.);
#6353 = VERTEX_POINT('',#6354);
#6354 = CARTESIAN_POINT('',(28.14672088623,7.671890735626,
    -2.099999904633));
#6355 = LINE('',#6356,#6357);
#6356 = CARTESIAN_POINT('',(29.085908889771,6.658085346222,
    -0.10000000149));
#6357 = VECTOR('',#6358,1.);
#6358 = DIRECTION('',(-0.386334404896,0.417028220462,-0.82269872428));
#6359 = ORIENTED_EDGE('',*,*,#6360,.F.);
#6360 = EDGE_CURVE('',#6314,#6353,#6361,.T.);
#6361 = LINE('',#6362,#6363);
#6362 = CARTESIAN_POINT('',(28.404090881348,7.839028835297,
    -2.099999904633));
#6363 = VECTOR('',#6364,1.);
#6364 = DIRECTION('',(-0.838670462891,-0.544639196785,0.));
#6365 = PLANE('',#6366);
#6366 = AXIS2_PLACEMENT_3D('',#6367,#6368,#6369);
#6367 = CARTESIAN_POINT('',(28.656419722316,7.23932953468,
    -1.159489338951));
#6368 = DIRECTION('',(0.450191525519,-0.69323386441,-0.562809381216));
#6369 = DIRECTION('',(2.775557561563E-17,0.630293649811,-0.776356821963)
  );
#6370 = ADVANCED_FACE('',(#6371),#6381,.T.);
#6371 = FACE_BOUND('',#6372,.T.);
#6372 = EDGE_LOOP('',(#6373,#6374,#6375));
#6373 = ORIENTED_EDGE('',*,*,#6352,.F.);
#6374 = ORIENTED_EDGE('',*,*,#2411,.F.);
#6375 = ORIENTED_EDGE('',*,*,#6376,.F.);
#6376 = EDGE_CURVE('',#6353,#2404,#6377,.T.);
#6377 = LINE('',#6378,#6379);
#6378 = CARTESIAN_POINT('',(28.14672088623,7.671890735626,
    -2.099999904633));
#6379 = VECTOR('',#6380,1.);
#6380 = DIRECTION('',(0.33112099146,-0.455749163262,0.826227322957));
#6381 = PLANE('',#6382);
#6382 = AXIS2_PLACEMENT_3D('',#6383,#6384,#6385);
#6383 = CARTESIAN_POINT('',(28.596211793797,7.125364336397,
    -1.067274538422));
#6384 = DIRECTION('',(0.450193070771,-0.69323273612,-0.562809534924));
#6385 = DIRECTION('',(-2.775557561563E-17,0.630294371875,-0.776356235747
    ));
#6386 = ADVANCED_FACE('',(#6387),#6404,.T.);
#6387 = FACE_BOUND('',#6388,.T.);
#6388 = EDGE_LOOP('',(#6389,#6390,#6398));
#6389 = ORIENTED_EDGE('',*,*,#6376,.T.);
#6390 = ORIENTED_EDGE('',*,*,#6391,.T.);
#6391 = EDGE_CURVE('',#2404,#6392,#6394,.T.);
#6392 = VERTEX_POINT('',#6393);
#6393 = CARTESIAN_POINT('',(27.908229827881,7.478765487671,
    -2.099999904633));
#6394 = LINE('',#6395,#6396);
#6395 = CARTESIAN_POINT('',(28.948246002197,6.568685531616,
    -0.10000000149));
#6396 = VECTOR('',#6397,1.);
#6397 = DIRECTION('',(-0.427809876876,0.374360710498,-0.822698467048));
#6398 = ORIENTED_EDGE('',*,*,#6399,.F.);
#6399 = EDGE_CURVE('',#6353,#6392,#6400,.T.);
#6400 = LINE('',#6401,#6402);
#6401 = CARTESIAN_POINT('',(28.14672088623,7.671890735626,
    -2.099999904633));
#6402 = VECTOR('',#6403,1.);
#6403 = DIRECTION('',(-0.777147560181,-0.629318416785,0.));
#6404 = PLANE('',#6405);
#6405 = AXIS2_PLACEMENT_3D('',#6406,#6407,#6408);
#6406 = CARTESIAN_POINT('',(28.460352514308,7.101852045049,
    -1.159489591667));
#6407 = DIRECTION('',(0.520186181698,-0.642379773362,-0.562809526523));
#6408 = DIRECTION('',(-2.775557561563E-17,0.658986737351,-0.752154558582
    ));
#6409 = ADVANCED_FACE('',(#6410),#6420,.T.);
#6410 = FACE_BOUND('',#6411,.T.);
#6411 = EDGE_LOOP('',(#6412,#6413,#6414));
#6412 = ORIENTED_EDGE('',*,*,#6391,.F.);
#6413 = ORIENTED_EDGE('',*,*,#2403,.F.);
#6414 = ORIENTED_EDGE('',*,*,#6415,.F.);
#6415 = EDGE_CURVE('',#6392,#2396,#6416,.T.);
#6416 = LINE('',#6417,#6418);
#6417 = CARTESIAN_POINT('',(27.908229827881,7.478765487671,
    -2.099999904633));
#6418 = VECTOR('',#6419,1.);
#6419 = DIRECTION('',(0.376945924323,-0.418640790735,0.826227364876));
#6420 = PLANE('',#6421);
#6421 = AXIS2_PLACEMENT_3D('',#6422,#6423,#6424);
#6422 = CARTESIAN_POINT('',(28.412386477726,6.982217617903,
    -1.067274400293));
#6423 = DIRECTION('',(0.520184049604,-0.642381702255,-0.56280929554));
#6424 = DIRECTION('',(0.,0.658985464889,-0.752155673425));
#6425 = ADVANCED_FACE('',(#6426),#6450,.T.);
#6426 = FACE_BOUND('',#6427,.T.);
#6427 = EDGE_LOOP('',(#6428,#6438,#6444));
#6428 = ORIENTED_EDGE('',*,*,#6429,.F.);
#6429 = EDGE_CURVE('',#6430,#6432,#6434,.T.);
#6430 = VERTEX_POINT('',#6431);
#6431 = CARTESIAN_POINT('',(27.498109817505,7.023279666901,
    -2.099999904633));
#6432 = VERTEX_POINT('',#6433);
#6433 = CARTESIAN_POINT('',(27.33097076416,6.765909194946,
    -2.099999904633));
#6434 = LINE('',#6435,#6436);
#6435 = CARTESIAN_POINT('',(27.498109817505,7.023279666901,
    -2.099999904633));
#6436 = VECTOR('',#6437,1.);
#6437 = DIRECTION('',(-0.544640672862,-0.838669504313,0.));
#6438 = ORIENTED_EDGE('',*,*,#6439,.T.);
#6439 = EDGE_CURVE('',#6430,#2380,#6440,.T.);
#6440 = LINE('',#6441,#6442);
#6441 = CARTESIAN_POINT('',(27.498109817505,7.023279666901,
    -2.099999904633));
#6442 = VECTOR('',#6443,1.);
#6443 = DIRECTION('',(0.455748977463,-0.331121196577,0.826227343241));
#6444 = ORIENTED_EDGE('',*,*,#6445,.T.);
#6445 = EDGE_CURVE('',#2380,#6432,#6446,.T.);
#6446 = LINE('',#6447,#6448);
#6447 = CARTESIAN_POINT('',(28.601314544678,6.221754074097,
    -0.10000000149));
#6448 = VECTOR('',#6449,1.);
#6449 = DIRECTION('',(-0.522555012288,0.223837822661,-0.822698540341));
#6450 = PLANE('',#6451);
#6451 = AXIS2_PLACEMENT_3D('',#6452,#6453,#6454);
#6452 = CARTESIAN_POINT('',(27.972542983121,6.578058231451,
    -1.159489498805));
#6453 = DIRECTION('',(0.693233013242,-0.450192707426,-0.562809484224));
#6454 = DIRECTION('',(0.630294185788,0.,0.776356386824));
#6455 = ADVANCED_FACE('',(#6456),#6466,.T.);
#6456 = FACE_BOUND('',#6457,.T.);
#6457 = EDGE_LOOP('',(#6458,#6459,#6460));
#6458 = ORIENTED_EDGE('',*,*,#6445,.F.);
#6459 = ORIENTED_EDGE('',*,*,#2379,.F.);
#6460 = ORIENTED_EDGE('',*,*,#6461,.F.);
#6461 = EDGE_CURVE('',#6432,#2372,#6462,.T.);
#6462 = LINE('',#6463,#6464);
#6463 = CARTESIAN_POINT('',(27.33097076416,6.765909194946,
    -2.099999904633));
#6464 = VECTOR('',#6465,1.);
#6465 = DIRECTION('',(0.487864223528,-0.28166849672,0.826227182654));
#6466 = PLANE('',#6467);
#6467 = AXIS2_PLACEMENT_3D('',#6468,#6469,#6470);
#6468 = CARTESIAN_POINT('',(27.96389395224,6.449456901395,
    -1.067274517613));
#6469 = DIRECTION('',(0.69323444249,-0.450190218308,-0.56280971481));
#6470 = DIRECTION('',(0.630293558195,-2.775557561563E-17,0.776356896342)
  );
#6471 = ADVANCED_FACE('',(#6472),#6489,.T.);
#6472 = FACE_BOUND('',#6473,.T.);
#6473 = EDGE_LOOP('',(#6474,#6482,#6483));
#6474 = ORIENTED_EDGE('',*,*,#6475,.F.);
#6475 = EDGE_CURVE('',#6432,#6476,#6478,.T.);
#6476 = VERTEX_POINT('',#6477);
#6477 = CARTESIAN_POINT('',(27.191650390625,6.492477893829,
    -2.099999904633));
#6478 = LINE('',#6479,#6480);
#6479 = CARTESIAN_POINT('',(27.33097076416,6.765909194946,
    -2.099999904633));
#6480 = VECTOR('',#6481,1.);
#6481 = DIRECTION('',(-0.453990931579,-0.891006304155,0.));
#6482 = ORIENTED_EDGE('',*,*,#6461,.T.);
#6483 = ORIENTED_EDGE('',*,*,#6484,.T.);
#6484 = EDGE_CURVE('',#2372,#6476,#6485,.T.);
#6485 = LINE('',#6486,#6487);
#6486 = CARTESIAN_POINT('',(28.511915206909,6.084090709686,
    -0.10000000149));
#6487 = VECTOR('',#6488,1.);
#6488 = DIRECTION('',(-0.543089941564,0.167989761778,-0.822698459528));
#6489 = PLANE('',#6490);
#6490 = AXIS2_PLACEMENT_3D('',#6491,#6492,#6493);
#6491 = CARTESIAN_POINT('',(27.849343875546,6.372718486874,
    -1.159489437133));
#6492 = DIRECTION('',(0.736493784163,-0.375262776049,-0.56280969679));
#6493 = DIRECTION('',(0.607183603921,-2.775557561563E-17,0.794561559056)
  );
#6494 = ADVANCED_FACE('',(#6495),#6505,.T.);
#6495 = FACE_BOUND('',#6496,.T.);
#6496 = EDGE_LOOP('',(#6497,#6498,#6499));
#6497 = ORIENTED_EDGE('',*,*,#6484,.F.);
#6498 = ORIENTED_EDGE('',*,*,#2371,.F.);
#6499 = ORIENTED_EDGE('',*,*,#6500,.F.);
#6500 = EDGE_CURVE('',#6476,#2364,#6501,.T.);
#6501 = LINE('',#6502,#6503);
#6502 = CARTESIAN_POINT('',(27.191650390625,6.492477893829,
    -2.099999904633));
#6503 = VECTOR('',#6504,1.);
#6504 = DIRECTION('',(0.514634092624,-0.229129650873,0.826227180502));
#6505 = PLANE('',#6506);
#6506 = AXIS2_PLACEMENT_3D('',#6507,#6508,#6509);
#6507 = CARTESIAN_POINT('',(27.854184747404,6.243917725546,
    -1.067274569245));
#6508 = DIRECTION('',(0.736493606465,-0.375263177722,-0.562809661504));
#6509 = DIRECTION('',(0.607183672376,0.,0.794561506744));
#6510 = ADVANCED_FACE('',(#6511),#6535,.T.);
#6511 = FACE_BOUND('',#6512,.T.);
#6512 = EDGE_LOOP('',(#6513,#6523,#6529));
#6513 = ORIENTED_EDGE('',*,*,#6514,.F.);
#6514 = EDGE_CURVE('',#6515,#6517,#6519,.T.);
#6515 = VERTEX_POINT('',#6516);
#6516 = CARTESIAN_POINT('',(27.081674575806,6.205981731415,
    -2.099999904633));
#6517 = VERTEX_POINT('',#6518);
#6518 = CARTESIAN_POINT('',(27.002248764038,5.909559249878,
    -2.099999904633));
#6519 = LINE('',#6520,#6521);
#6520 = CARTESIAN_POINT('',(27.081674575806,6.205981731415,
    -2.099999904633));
#6521 = VECTOR('',#6522,1.);
#6522 = DIRECTION('',(-0.25881797254,-0.965926113681,0.));
#6523 = ORIENTED_EDGE('',*,*,#6524,.T.);
#6524 = EDGE_CURVE('',#6515,#2356,#6525,.T.);
#6525 = LINE('',#6526,#6527);
#6526 = CARTESIAN_POINT('',(27.081674575806,6.205981731415,
    -2.099999904633));
#6527 = VECTOR('',#6528,1.);
#6528 = DIRECTION('',(0.535765394595,-0.174080593189,0.826227201821));
#6529 = ORIENTED_EDGE('',*,*,#6530,.T.);
#6530 = EDGE_CURVE('',#2356,#6517,#6531,.T.);
#6531 = LINE('',#6532,#6533);
#6532 = CARTESIAN_POINT('',(28.378570556641,5.784595012665,
    -0.10000000149));
#6533 = VECTOR('',#6534,1.);
#6534 = DIRECTION('',(-0.566149010472,5.140395191216E-02,-0.822698566712
    ));
#6535 = PLANE('',#6536);
#6536 = AXIS2_PLACEMENT_3D('',#6537,#6538,#6539);
#6537 = CARTESIAN_POINT('',(27.670469076771,5.929159133835,
    -1.159489412982));
#6538 = DIRECTION('',(0.798421524927,-0.213935452605,-0.5628096398));
#6539 = DIRECTION('',(0.576148751589,0.,0.817344857476));
#6540 = ADVANCED_FACE('',(#6541),#6551,.T.);
#6541 = FACE_BOUND('',#6542,.T.);
#6542 = EDGE_LOOP('',(#6543,#6544,#6545));
#6543 = ORIENTED_EDGE('',*,*,#6530,.F.);
#6544 = ORIENTED_EDGE('',*,*,#2355,.F.);
#6545 = ORIENTED_EDGE('',*,*,#6546,.F.);
#6546 = EDGE_CURVE('',#6517,#2348,#6547,.T.);
#6547 = LINE('',#6548,#6549);
#6548 = CARTESIAN_POINT('',(27.002248764038,5.909559249878,
    -2.099999904633));
#6549 = VECTOR('',#6550,1.);
#6550 = DIRECTION('',(0.551026545078,-0.117124314174,0.826227354697));
#6551 = PLANE('',#6552);
#6552 = AXIS2_PLACEMENT_3D('',#6553,#6554,#6555);
#6553 = CARTESIAN_POINT('',(27.70198340861,5.804179329255,
    -1.067274449089));
#6554 = DIRECTION('',(0.798420849829,-0.213938666062,-0.562809376008));
#6555 = DIRECTION('',(0.576148896632,-1.387778780781E-17,0.817344755235)
  );
#6556 = ADVANCED_FACE('',(#6557),#6574,.T.);
#6557 = FACE_BOUND('',#6558,.T.);
#6558 = EDGE_LOOP('',(#6559,#6567,#6568));
#6559 = ORIENTED_EDGE('',*,*,#6560,.F.);
#6560 = EDGE_CURVE('',#6517,#6561,#6563,.T.);
#6561 = VERTEX_POINT('',#6562);
#6562 = CARTESIAN_POINT('',(26.954242706299,5.60645866394,
    -2.099999904633));
#6563 = LINE('',#6564,#6565);
#6564 = CARTESIAN_POINT('',(27.002248764038,5.909559249878,
    -2.099999904633));
#6565 = VECTOR('',#6566,1.);
#6566 = DIRECTION('',(-0.156433324059,-0.987688521308,0.));
#6567 = ORIENTED_EDGE('',*,*,#6546,.T.);
#6568 = ORIENTED_EDGE('',*,*,#6569,.T.);
#6569 = EDGE_CURVE('',#2348,#6561,#6570,.T.);
#6570 = LINE('',#6571,#6572);
#6571 = CARTESIAN_POINT('',(28.336086273193,5.626043319702,
    -0.10000000149));
#6572 = VECTOR('',#6573,1.);
#6573 = DIRECTION('',(-0.568420510403,-8.056136230495E-03,
    -0.822698743176));
#6574 = PLANE('',#6575);
#6575 = AXIS2_PLACEMENT_3D('',#6576,#6577,#6578);
#6576 = CARTESIAN_POINT('',(27.616753280169,5.695798909372,
    -1.159489364642));
#6577 = DIRECTION('',(0.816410192813,-0.129305704685,-0.562809409842));
#6578 = DIRECTION('',(0.567574322572,0.,0.823322165593));
#6579 = ADVANCED_FACE('',(#6580),#6590,.T.);
#6580 = FACE_BOUND('',#6581,.T.);
#6581 = EDGE_LOOP('',(#6582,#6583,#6584));
#6582 = ORIENTED_EDGE('',*,*,#6569,.F.);
#6583 = ORIENTED_EDGE('',*,*,#2347,.F.);
#6584 = ORIENTED_EDGE('',*,*,#6585,.F.);
#6585 = EDGE_CURVE('',#6561,#2340,#6586,.T.);
#6586 = LINE('',#6587,#6588);
#6587 = CARTESIAN_POINT('',(26.954242706299,5.60645866394,
    -2.099999904633));
#6588 = VECTOR('',#6589,1.);
#6589 = DIRECTION('',(0.560250997573,-5.888481288224E-02,0.826227207571)
  );
#6590 = PLANE('',#6591);
#6591 = AXIS2_PLACEMENT_3D('',#6592,#6593,#6594);
#6592 = CARTESIAN_POINT('',(27.661159219584,5.574798030961,
    -1.067274549362));
#6593 = DIRECTION('',(0.816410675824,-0.129301001982,-0.562809789615));
#6594 = DIRECTION('',(0.567574354564,6.938893903907E-18,0.823322143538)
  );
#6595 = ADVANCED_FACE('',(#6596),#6613,.T.);
#6596 = FACE_BOUND('',#6597,.T.);
#6597 = EDGE_LOOP('',(#6598,#6606,#6607));
#6598 = ORIENTED_EDGE('',*,*,#6599,.F.);
#6599 = EDGE_CURVE('',#6561,#6600,#6602,.T.);
#6600 = VERTEX_POINT('',#6601);
#6601 = CARTESIAN_POINT('',(26.938180923462,5.300000190735,
    -2.099999904633));
#6602 = LINE('',#6603,#6604);
#6603 = CARTESIAN_POINT('',(26.954242706299,5.60645866394,
    -2.099999904633));
#6604 = VECTOR('',#6605,1.);
#6605 = DIRECTION('',(-5.233912408207E-02,-0.99862936873,0.));
#6606 = ORIENTED_EDGE('',*,*,#6585,.T.);
#6607 = ORIENTED_EDGE('',*,*,#6608,.T.);
#6608 = EDGE_CURVE('',#2340,#6600,#6609,.T.);
#6609 = LINE('',#6610,#6611);
#6610 = CARTESIAN_POINT('',(28.310409545898,5.463919639587,
    -0.10000000149));
#6611 = VECTOR('',#6612,1.);
#6612 = DIRECTION('',(-0.564465133019,-6.742813259256E-02,
    -0.822698341156));
#6613 = PLANE('',#6614);
#6614 = AXIS2_PLACEMENT_3D('',#6615,#6616,#6617);
#6615 = CARTESIAN_POINT('',(27.587724902192,5.45810234705,
    -1.159489414263));
#6616 = DIRECTION('',(0.825453547045,-4.326281298709E-02,-0.5628097109)
  );
#6617 = DIRECTION('',(0.563337148711,0.,0.826227121851));
#6618 = ADVANCED_FACE('',(#6619),#6629,.T.);
#6619 = FACE_BOUND('',#6620,.T.);
#6620 = EDGE_LOOP('',(#6621,#6622,#6623));
#6621 = ORIENTED_EDGE('',*,*,#6608,.F.);
#6622 = ORIENTED_EDGE('',*,*,#2339,.F.);
#6623 = ORIENTED_EDGE('',*,*,#6624,.F.);
#6624 = EDGE_CURVE('',#6600,#2332,#6625,.T.);
#6625 = LINE('',#6626,#6627);
#6626 = CARTESIAN_POINT('',(26.938180923462,5.300000190735,
    -2.099999904633));
#6627 = VECTOR('',#6628,1.);
#6628 = DIRECTION('',(0.563337283362,0.,0.826227030043));
#6629 = PLANE('',#6630);
#6630 = AXIS2_PLACEMENT_3D('',#6631,#6632,#6633);
#6631 = CARTESIAN_POINT('',(27.644535085024,5.342405961898,
    -1.067274558256));
#6632 = DIRECTION('',(0.825453541357,-4.326040830653E-02,-0.562809904084
    ));
#6633 = DIRECTION('',(0.563337283362,-3.469446951954E-18,0.826227030043)
  );
#6634 = ADVANCED_FACE('',(#6635),#6652,.T.);
#6635 = FACE_BOUND('',#6636,.T.);
#6636 = EDGE_LOOP('',(#6637,#6645,#6646));
#6637 = ORIENTED_EDGE('',*,*,#6638,.F.);
#6638 = EDGE_CURVE('',#6600,#6639,#6641,.T.);
#6639 = VERTEX_POINT('',#6640);
#6640 = CARTESIAN_POINT('',(26.954242706299,4.993541717529,
    -2.099999904633));
#6641 = LINE('',#6642,#6643);
#6642 = CARTESIAN_POINT('',(26.938180923462,5.300000190735,
    -2.099999904633));
#6643 = VECTOR('',#6644,1.);
#6644 = DIRECTION('',(5.233912408207E-02,-0.99862936873,0.));
#6645 = ORIENTED_EDGE('',*,*,#6624,.T.);
#6646 = ORIENTED_EDGE('',*,*,#6647,.T.);
#6647 = EDGE_CURVE('',#2332,#6639,#6648,.T.);
#6648 = LINE('',#6649,#6650);
#6649 = CARTESIAN_POINT('',(28.301818847656,5.300000190735,
    -0.10000000149));
#6650 = VECTOR('',#6651,1.);
#6651 = DIRECTION('',(-0.554324482699,-0.126061473942,-0.822698530853));
#6652 = PLANE('',#6653);
#6653 = AXIS2_PLACEMENT_3D('',#6654,#6655,#6656);
#6654 = CARTESIAN_POINT('',(27.583701244405,5.218673616949,
    -1.159489414729));
#6655 = DIRECTION('',(0.825453455495,4.326280818887E-02,-0.562809845542)
  );
#6656 = DIRECTION('',(0.563337283362,-3.469446951954E-18,0.826227030043)
  );
#6657 = ADVANCED_FACE('',(#6658),#6668,.T.);
#6658 = FACE_BOUND('',#6659,.T.);
#6659 = EDGE_LOOP('',(#6660,#6661,#6662));
#6660 = ORIENTED_EDGE('',*,*,#6647,.F.);
#6661 = ORIENTED_EDGE('',*,*,#2331,.F.);
#6662 = ORIENTED_EDGE('',*,*,#6663,.F.);
#6663 = EDGE_CURVE('',#6639,#2324,#6664,.T.);
#6664 = LINE('',#6665,#6666);
#6665 = CARTESIAN_POINT('',(26.954242706299,4.993541717529,
    -2.099999904633));
#6666 = VECTOR('',#6667,1.);
#6667 = DIRECTION('',(0.560251004072,5.888461657735E-02,0.826227217154)
  );
#6668 = PLANE('',#6669);
#6669 = AXIS2_PLACEMENT_3D('',#6670,#6671,#6672);
#6670 = CARTESIAN_POINT('',(27.652294338098,5.109549212071,
    -1.067274459192));
#6671 = DIRECTION('',(0.825453725968,4.326029213863E-02,-0.56280964225)
  );
#6672 = DIRECTION('',(0.563337018447,-3.469446951954E-18,0.826227210667)
  );
#6673 = ADVANCED_FACE('',(#6674),#6691,.T.);
#6674 = FACE_BOUND('',#6675,.T.);
#6675 = EDGE_LOOP('',(#6676,#6677,#6685));
#6676 = ORIENTED_EDGE('',*,*,#6663,.T.);
#6677 = ORIENTED_EDGE('',*,*,#6678,.T.);
#6678 = EDGE_CURVE('',#2324,#6679,#6681,.T.);
#6679 = VERTEX_POINT('',#6680);
#6680 = CARTESIAN_POINT('',(27.002248764038,4.690440654755,
    -2.099999904633));
#6681 = LINE('',#6682,#6683);
#6682 = CARTESIAN_POINT('',(28.310409545898,5.136080265045,
    -0.10000000149));
#6683 = VECTOR('',#6684,1.);
#6684 = DIRECTION('',(-0.53811095535,-0.183313519072,-0.822698458403));
#6685 = ORIENTED_EDGE('',*,*,#6686,.F.);
#6686 = EDGE_CURVE('',#6639,#6679,#6687,.T.);
#6687 = LINE('',#6688,#6689);
#6688 = CARTESIAN_POINT('',(26.954242706299,4.993541717529,
    -2.099999904633));
#6689 = VECTOR('',#6690,1.);
#6690 = DIRECTION('',(0.156433083981,-0.987688559332,0.));
#6691 = PLANE('',#6692);
#6692 = AXIS2_PLACEMENT_3D('',#6693,#6694,#6695);
#6693 = CARTESIAN_POINT('',(27.604726926118,4.980135606718,
    -1.159489436158));
#6694 = DIRECTION('',(0.816410057106,0.129305479768,-0.562809658373));
#6695 = DIRECTION('',(0.567574556421,-6.938893903907E-18,0.823322004385)
  );
#6696 = ADVANCED_FACE('',(#6697),#6707,.T.);
#6697 = FACE_BOUND('',#6698,.T.);
#6698 = EDGE_LOOP('',(#6699,#6700,#6701));
#6699 = ORIENTED_EDGE('',*,*,#6678,.F.);
#6700 = ORIENTED_EDGE('',*,*,#2323,.F.);
#6701 = ORIENTED_EDGE('',*,*,#6702,.F.);
#6702 = EDGE_CURVE('',#6679,#2316,#6703,.T.);
#6703 = LINE('',#6704,#6705);
#6704 = CARTESIAN_POINT('',(27.002248764038,4.690440654755,
    -2.099999904633));
#6705 = VECTOR('',#6706,1.);
#6706 = DIRECTION('',(0.551026545078,0.117124314174,0.826227354697));
#6707 = PLANE('',#6708);
#6708 = AXIS2_PLACEMENT_3D('',#6709,#6710,#6711);
#6709 = CARTESIAN_POINT('',(27.684350162999,4.878778919358,
    -1.06727455204));
#6710 = DIRECTION('',(0.816411008624,0.12930105469,-0.562809294747));
#6711 = DIRECTION('',(0.567573859441,0.,0.823322484862));
#6712 = ADVANCED_FACE('',(#6713),#6730,.T.);
#6713 = FACE_BOUND('',#6714,.T.);
#6714 = EDGE_LOOP('',(#6715,#6716,#6724));
#6715 = ORIENTED_EDGE('',*,*,#6702,.T.);
#6716 = ORIENTED_EDGE('',*,*,#6717,.T.);
#6717 = EDGE_CURVE('',#2316,#6718,#6720,.T.);
#6718 = VERTEX_POINT('',#6719);
#6719 = CARTESIAN_POINT('',(27.081674575806,4.394018173218,
    -2.099999904633));
#6720 = LINE('',#6721,#6722);
#6721 = CARTESIAN_POINT('',(28.336086273193,4.97395658493,-0.10000000149
    ));
#6722 = VECTOR('',#6723,1.);
#6723 = DIRECTION('',(-0.516001398237,-0.238557271076,-0.822698599387));
#6724 = ORIENTED_EDGE('',*,*,#6725,.F.);
#6725 = EDGE_CURVE('',#6679,#6718,#6726,.T.);
#6726 = LINE('',#6727,#6728);
#6727 = CARTESIAN_POINT('',(27.002248764038,4.690440654755,
    -2.099999904633));
#6728 = VECTOR('',#6729,1.);
#6729 = DIRECTION('',(0.25881797254,-0.965926113681,0.));
#6730 = PLANE('',#6731);
#6731 = AXIS2_PLACEMENT_3D('',#6732,#6733,#6734);
#6732 = CARTESIAN_POINT('',(27.650570544315,4.745102235263,
    -1.159489419261));
#6733 = DIRECTION('',(0.798421645845,0.213935485005,-0.562809455945));
#6734 = DIRECTION('',(0.576148567562,-1.387778780781E-17,0.817344987197)
  );
#6735 = ADVANCED_FACE('',(#6736),#6746,.T.);
#6736 = FACE_BOUND('',#6737,.T.);
#6737 = EDGE_LOOP('',(#6738,#6739,#6740));
#6738 = ORIENTED_EDGE('',*,*,#6717,.F.);
#6739 = ORIENTED_EDGE('',*,*,#2315,.F.);
#6740 = ORIENTED_EDGE('',*,*,#6741,.F.);
#6741 = EDGE_CURVE('',#6718,#2308,#6742,.T.);
#6742 = LINE('',#6743,#6744);
#6743 = CARTESIAN_POINT('',(27.081674575806,4.394018173218,
    -2.099999904633));
#6744 = VECTOR('',#6745,1.);
#6745 = DIRECTION('',(0.535765376223,0.174080784208,0.826227173488));
#6746 = PLANE('',#6747);
#6747 = AXIS2_PLACEMENT_3D('',#6748,#6749,#6750);
#6748 = CARTESIAN_POINT('',(27.74035266082,4.652623819796,
    -1.067274540745));
#6749 = DIRECTION('',(0.798420430025,0.213939196987,-0.562809769737));
#6750 = DIRECTION('',(0.576149368274,0.,0.817344422773));
#6751 = ADVANCED_FACE('',(#6752),#6769,.T.);
#6752 = FACE_BOUND('',#6753,.T.);
#6753 = EDGE_LOOP('',(#6754,#6755,#6763));
#6754 = ORIENTED_EDGE('',*,*,#6741,.T.);
#6755 = ORIENTED_EDGE('',*,*,#6756,.T.);
#6756 = EDGE_CURVE('',#2308,#6757,#6759,.T.);
#6757 = VERTEX_POINT('',#6758);
#6758 = CARTESIAN_POINT('',(27.191650390625,4.107522010803,
    -2.099999904633));
#6759 = LINE('',#6760,#6761);
#6760 = CARTESIAN_POINT('',(28.378570556641,4.815405368805,
    -0.10000000149));
#6761 = VECTOR('',#6762,1.);
#6762 = DIRECTION('',(-0.488238758896,-0.29118731154,-0.82269852553));
#6763 = ORIENTED_EDGE('',*,*,#6764,.F.);
#6764 = EDGE_CURVE('',#6718,#6757,#6765,.T.);
#6765 = LINE('',#6766,#6767);
#6766 = CARTESIAN_POINT('',(27.081674575806,4.394018173218,
    -2.099999904633));
#6767 = VECTOR('',#6768,1.);
#6768 = DIRECTION('',(0.358368636549,-0.933580162781,0.));
#6769 = PLANE('',#6770);
#6770 = AXIS2_PLACEMENT_3D('',#6771,#6772,#6773);
#6771 = CARTESIAN_POINT('',(27.72073163836,4.516148652779,
    -1.159489405806));
#6772 = DIRECTION('',(0.77168476768,0.296222680241,-0.562809686342));
#6773 = DIRECTION('',(0.589256147146,0.,0.807946281042));
#6774 = ADVANCED_FACE('',(#6775),#6785,.T.);
#6775 = FACE_BOUND('',#6776,.T.);
#6776 = EDGE_LOOP('',(#6777,#6778,#6779));
#6777 = ORIENTED_EDGE('',*,*,#6756,.F.);
#6778 = ORIENTED_EDGE('',*,*,#2307,.F.);
#6779 = ORIENTED_EDGE('',*,*,#6780,.F.);
#6780 = EDGE_CURVE('',#6757,#2300,#6781,.T.);
#6781 = LINE('',#6782,#6783);
#6782 = CARTESIAN_POINT('',(27.191650390625,4.107522010803,
    -2.099999904633));
#6783 = VECTOR('',#6784,1.);
#6784 = DIRECTION('',(0.514634092624,0.229129650873,0.826227180502));
#6785 = PLANE('',#6786);
#6786 = AXIS2_PLACEMENT_3D('',#6787,#6788,#6789);
#6787 = CARTESIAN_POINT('',(27.819688734732,4.433561539114,-1.0672744159
    ));
#6788 = DIRECTION('',(0.771684591304,0.296223073879,-0.562809720995));
#6789 = DIRECTION('',(0.589256258746,0.,0.80794619965));
#6790 = ADVANCED_FACE('',(#6791),#6808,.T.);
#6791 = FACE_BOUND('',#6792,.T.);
#6792 = EDGE_LOOP('',(#6793,#6794,#6802));
#6793 = ORIENTED_EDGE('',*,*,#6780,.T.);
#6794 = ORIENTED_EDGE('',*,*,#6795,.T.);
#6795 = EDGE_CURVE('',#2300,#6796,#6798,.T.);
#6796 = VERTEX_POINT('',#6797);
#6797 = CARTESIAN_POINT('',(27.33097076416,3.834090948105,
    -2.099999904633));
#6798 = LINE('',#6799,#6800);
#6799 = CARTESIAN_POINT('',(28.437395095825,4.662162780762,
    -0.10000000149));
#6800 = VECTOR('',#6801,1.);
#6801 = DIRECTION('',(-0.455126877021,-0.340626770725,-0.822698565016));
#6802 = ORIENTED_EDGE('',*,*,#6803,.F.);
#6803 = EDGE_CURVE('',#6757,#6796,#6804,.T.);
#6804 = LINE('',#6805,#6806);
#6805 = CARTESIAN_POINT('',(27.191650390625,4.107522010803,
    -2.099999904633));
#6806 = VECTOR('',#6807,1.);
#6807 = DIRECTION('',(0.453991245848,-0.891006144027,0.));
#6808 = PLANE('',#6809);
#6809 = AXIS2_PLACEMENT_3D('',#6810,#6811,#6812);
#6810 = CARTESIAN_POINT('',(27.814440625575,4.295782846616,
    -1.159489401924));
#6811 = DIRECTION('',(0.736493671036,0.375263045619,-0.562809665089));
#6812 = DIRECTION('',(0.60718364121,0.,0.794561530561));
#6813 = ADVANCED_FACE('',(#6814),#6824,.T.);
#6814 = FACE_BOUND('',#6815,.T.);
#6815 = EDGE_LOOP('',(#6816,#6817,#6818));
#6816 = ORIENTED_EDGE('',*,*,#6795,.F.);
#6817 = ORIENTED_EDGE('',*,*,#2299,.F.);
#6818 = ORIENTED_EDGE('',*,*,#6819,.F.);
#6819 = EDGE_CURVE('',#6796,#2292,#6820,.T.);
#6820 = LINE('',#6821,#6822);
#6821 = CARTESIAN_POINT('',(27.33097076416,3.834090948105,
    -2.099999904633));
#6822 = VECTOR('',#6823,1.);
#6823 = DIRECTION('',(0.487864237063,0.28166840604,0.826227205576));
#6824 = PLANE('',#6825);
#6825 = AXIS2_PLACEMENT_3D('',#6826,#6827,#6828);
#6826 = CARTESIAN_POINT('',(27.921488152482,4.223992086368,
    -1.067274566732));
#6827 = DIRECTION('',(0.736493597114,0.375263172958,-0.562809676917));
#6828 = DIRECTION('',(0.607183687741,-2.775557561563E-17,0.794561495003)
  );
#6829 = ADVANCED_FACE('',(#6830),#6854,.T.);
#6830 = FACE_BOUND('',#6831,.T.);
#6831 = EDGE_LOOP('',(#6832,#6842,#6848));
#6832 = ORIENTED_EDGE('',*,*,#6833,.F.);
#6833 = EDGE_CURVE('',#6834,#6836,#6838,.T.);
#6834 = VERTEX_POINT('',#6835);
#6835 = CARTESIAN_POINT('',(29.260440826416,2.432249069214,
    -2.099999904633));
#6836 = VERTEX_POINT('',#6837);
#6837 = CARTESIAN_POINT('',(29.563541412354,2.384242534637,
    -2.099999904633));
#6838 = LINE('',#6839,#6840);
#6839 = CARTESIAN_POINT('',(29.260440826416,2.432249069214,
    -2.099999904633));
#6840 = VECTOR('',#6841,1.);
#6841 = DIRECTION('',(0.987688281229,-0.156434839863,0.));
#6842 = ORIENTED_EDGE('',*,*,#6843,.T.);
#6843 = EDGE_CURVE('',#6834,#2228,#6844,.T.);
#6844 = LINE('',#6845,#6846);
#6845 = CARTESIAN_POINT('',(29.260440826416,2.432249069214,
    -2.099999904633));
#6846 = VECTOR('',#6847,1.);
#6847 = DIRECTION('',(0.117124307817,0.551026613666,0.826227309855));
#6848 = ORIENTED_EDGE('',*,*,#6849,.T.);
#6849 = EDGE_CURVE('',#2228,#6836,#6850,.T.);
#6850 = LINE('',#6851,#6852);
#6851 = CARTESIAN_POINT('',(29.543956756592,3.766086816788,
    -0.10000000149));
#6852 = VECTOR('',#6853,1.);
#6853 = DIRECTION('',(8.056134883181E-03,-0.56842070956,-0.822698605587)
  );
#6854 = PLANE('',#6855);
#6855 = AXIS2_PLACEMENT_3D('',#6856,#6857,#6858);
#6856 = CARTESIAN_POINT('',(29.474201170458,3.046753565263,
    -1.159489372039));
#6857 = DIRECTION('',(0.129306947252,0.816409928849,-0.562809507267));
#6858 = DIRECTION('',(6.938893903907E-18,0.567574513566,0.823322033928)
  );
#6859 = ADVANCED_FACE('',(#6860),#6870,.T.);
#6860 = FACE_BOUND('',#6861,.T.);
#6861 = EDGE_LOOP('',(#6862,#6863,#6864));
#6862 = ORIENTED_EDGE('',*,*,#2235,.F.);
#6863 = ORIENTED_EDGE('',*,*,#6843,.F.);
#6864 = ORIENTED_EDGE('',*,*,#6865,.F.);
#6865 = EDGE_CURVE('',#2236,#6834,#6866,.T.);
#6866 = LINE('',#6867,#6868);
#6867 = CARTESIAN_POINT('',(29.385404586792,3.808570384979,
    -0.10000000149));
#6868 = VECTOR('',#6869,1.);
#6869 = DIRECTION('',(-5.140376199211E-02,-0.566148882903,
    -0.822698666366));
#6870 = PLANE('',#6871);
#6871 = AXIS2_PLACEMENT_3D('',#6872,#6873,#6874);
#6872 = CARTESIAN_POINT('',(29.365820632582,3.131983687672,
    -1.067274394902));
#6873 = DIRECTION('',(0.213934676137,0.798421802614,-0.562809541014));
#6874 = DIRECTION('',(1.387778780781E-17,0.576148550165,0.817344999461)
  );
#6875 = ADVANCED_FACE('',(#6876),#6893,.T.);
#6876 = FACE_BOUND('',#6877,.T.);
#6877 = EDGE_LOOP('',(#6878,#6886,#6892));
#6878 = ORIENTED_EDGE('',*,*,#6879,.F.);
#6879 = EDGE_CURVE('',#6880,#6834,#6882,.T.);
#6880 = VERTEX_POINT('',#6881);
#6881 = CARTESIAN_POINT('',(28.964017868042,2.5116751194,-2.099999904633
    ));
#6882 = LINE('',#6883,#6884);
#6883 = CARTESIAN_POINT('',(28.964017868042,2.5116751194,-2.099999904633
    ));
#6884 = VECTOR('',#6885,1.);
#6885 = DIRECTION('',(0.965926023539,-0.258818308955,0.));
#6886 = ORIENTED_EDGE('',*,*,#6887,.T.);
#6887 = EDGE_CURVE('',#6880,#2236,#6888,.T.);
#6888 = LINE('',#6889,#6890);
#6889 = CARTESIAN_POINT('',(28.964017868042,2.5116751194,-2.099999904633
    ));
#6890 = VECTOR('',#6891,1.);
#6891 = DIRECTION('',(0.174080620748,0.53576518393,0.82622733262));
#6892 = ORIENTED_EDGE('',*,*,#6865,.T.);
#6893 = PLANE('',#6894);
#6894 = AXIS2_PLACEMENT_3D('',#6895,#6896,#6897);
#6895 = CARTESIAN_POINT('',(29.240840579368,3.100469151537,
    -1.159489516023));
#6896 = DIRECTION('',(0.213935763825,0.79842157411,-0.562809451727));
#6897 = DIRECTION('',(0.,0.576148599258,0.817344964854));
#6898 = ADVANCED_FACE('',(#6899),#6909,.T.);
#6899 = FACE_BOUND('',#6900,.T.);
#6900 = EDGE_LOOP('',(#6901,#6902,#6903));
#6901 = ORIENTED_EDGE('',*,*,#2243,.F.);
#6902 = ORIENTED_EDGE('',*,*,#6887,.F.);
#6903 = ORIENTED_EDGE('',*,*,#6904,.F.);
#6904 = EDGE_CURVE('',#2244,#6880,#6905,.T.);
#6905 = LINE('',#6906,#6907);
#6906 = CARTESIAN_POINT('',(29.232162475586,3.867394685745,
    -0.10000000149));
#6907 = VECTOR('',#6908,1.);
#6908 = DIRECTION('',(-0.110301103689,-0.557674330395,-0.822698612946));
#6909 = PLANE('',#6910);
#6910 = AXIS2_PLACEMENT_3D('',#6911,#6912,#6913);
#6911 = CARTESIAN_POINT('',(29.141962701844,3.19656126619,
    -1.067274513632));
#6912 = DIRECTION('',(0.296222898082,0.771684859803,-0.562809445375));
#6913 = DIRECTION('',(2.775557561563E-17,0.589255936538,0.807946434644)
  );
#6914 = ADVANCED_FACE('',(#6915),#6939,.T.);
#6915 = FACE_BOUND('',#6916,.T.);
#6916 = EDGE_LOOP('',(#6917,#6927,#6933));
#6917 = ORIENTED_EDGE('',*,*,#6918,.F.);
#6918 = EDGE_CURVE('',#6919,#6921,#6923,.T.);
#6919 = VERTEX_POINT('',#6920);
#6920 = CARTESIAN_POINT('',(28.404090881348,2.760971069336,
    -2.099999904633));
#6921 = VERTEX_POINT('',#6922);
#6922 = CARTESIAN_POINT('',(28.677522659302,2.621650934219,
    -2.099999904633));
#6923 = LINE('',#6924,#6925);
#6924 = CARTESIAN_POINT('',(28.404090881348,2.760971069336,
    -2.099999904633));
#6925 = VECTOR('',#6926,1.);
#6926 = DIRECTION('',(0.891006938677,-0.453989686258,0.));
#6927 = ORIENTED_EDGE('',*,*,#6928,.T.);
#6928 = EDGE_CURVE('',#6919,#2252,#6929,.T.);
#6929 = LINE('',#6930,#6931);
#6930 = CARTESIAN_POINT('',(28.404090881348,2.760971069336,
    -2.099999904633));
#6931 = VECTOR('',#6932,1.);
#6932 = DIRECTION('',(0.281668355964,0.487864025444,0.826227347602));
#6933 = ORIENTED_EDGE('',*,*,#6934,.T.);
#6934 = EDGE_CURVE('',#2252,#6921,#6935,.T.);
#6935 = LINE('',#6936,#6937);
#6936 = CARTESIAN_POINT('',(29.085908889771,3.941914796829,
    -0.10000000149));
#6937 = VECTOR('',#6938,1.);
#6938 = DIRECTION('',(-0.167989416346,-0.543089700767,-0.822698689021));
#6939 = PLANE('',#6940);
#6940 = AXIS2_PLACEMENT_3D('',#6941,#6942,#6943);
#6941 = CARTESIAN_POINT('',(28.797281469782,3.279343864472,
    -1.159489508254));
#6942 = DIRECTION('',(0.375261829915,0.736494472002,-0.562809427533));
#6943 = DIRECTION('',(2.775557561563E-17,0.607183062521,0.79456197278));
#6944 = ADVANCED_FACE('',(#6945),#6955,.T.);
#6945 = FACE_BOUND('',#6946,.T.);
#6946 = EDGE_LOOP('',(#6947,#6948,#6949));
#6947 = ORIENTED_EDGE('',*,*,#2259,.F.);
#6948 = ORIENTED_EDGE('',*,*,#6928,.F.);
#6949 = ORIENTED_EDGE('',*,*,#6950,.F.);
#6950 = EDGE_CURVE('',#2260,#6919,#6951,.T.);
#6951 = LINE('',#6952,#6953);
#6952 = CARTESIAN_POINT('',(28.948246002197,4.031314373016,
    -0.10000000149));
#6953 = VECTOR('',#6954,1.);
#6954 = DIRECTION('',(-0.223837845604,-0.522554869702,-0.822698624665));
#6955 = PLANE('',#6956);
#6956 = AXIS2_PLACEMENT_3D('',#6957,#6958,#6959);
#6957 = CARTESIAN_POINT('',(28.720543035918,3.393893921828,
    -1.067274564913));
#6958 = DIRECTION('',(0.450192270532,0.693233352637,-0.56280941565));
#6959 = DIRECTION('',(0.,0.630293953509,0.776356575402));
#6960 = ADVANCED_FACE('',(#6961),#6978,.T.);
#6961 = FACE_BOUND('',#6962,.T.);
#6962 = EDGE_LOOP('',(#6963,#6971,#6977));
#6963 = ORIENTED_EDGE('',*,*,#6964,.F.);
#6964 = EDGE_CURVE('',#6965,#6919,#6967,.T.);
#6965 = VERTEX_POINT('',#6966);
#6966 = CARTESIAN_POINT('',(28.14672088623,2.928109169006,
    -2.099999904633));
#6967 = LINE('',#6968,#6969);
#6968 = CARTESIAN_POINT('',(28.14672088623,2.928109169006,
    -2.099999904633));
#6969 = VECTOR('',#6970,1.);
#6970 = DIRECTION('',(0.838670462891,-0.544639196785,0.));
#6971 = ORIENTED_EDGE('',*,*,#6972,.T.);
#6972 = EDGE_CURVE('',#6965,#2260,#6973,.T.);
#6973 = LINE('',#6974,#6975);
#6974 = CARTESIAN_POINT('',(28.14672088623,2.928109169006,
    -2.099999904633));
#6975 = VECTOR('',#6976,1.);
#6976 = DIRECTION('',(0.33112099146,0.455749163262,0.826227322957));
#6977 = ORIENTED_EDGE('',*,*,#6950,.T.);
#6978 = PLANE('',#6979);
#6979 = AXIS2_PLACEMENT_3D('',#6980,#6981,#6982);
#6980 = CARTESIAN_POINT('',(28.591942022734,3.402542912581,
    -1.159489333382));
#6981 = DIRECTION('',(0.450191485792,0.693233803235,-0.562809488347));
#6982 = DIRECTION('',(2.775557561563E-17,0.630293755649,0.776356736037)
  );
#6983 = ADVANCED_FACE('',(#6984),#6994,.T.);
#6984 = FACE_BOUND('',#6985,.T.);
#6985 = EDGE_LOOP('',(#6986,#6987,#6988));
#6986 = ORIENTED_EDGE('',*,*,#2267,.F.);
#6987 = ORIENTED_EDGE('',*,*,#6972,.F.);
#6988 = ORIENTED_EDGE('',*,*,#6989,.F.);
#6989 = EDGE_CURVE('',#2268,#6965,#6990,.T.);
#6990 = LINE('',#6991,#6992);
#6991 = CARTESIAN_POINT('',(28.820680618286,4.134613990784,
    -0.10000000149));
#6992 = VECTOR('',#6993,1.);
#6993 = DIRECTION('',(-0.277232916223,-0.496295007357,-0.822698715105));
#6994 = PLANE('',#6995);
#6995 = AXIS2_PLACEMENT_3D('',#6996,#6997,#6998);
#6996 = CARTESIAN_POINT('',(28.527597623665,3.524486801697,
    -1.067274338443));
#6997 = DIRECTION('',(0.520185390369,0.642380392703,-0.562809551018));
#6998 = DIRECTION('',(-2.775557561563E-17,0.658986394135,0.752154859285)
  );
#6999 = ADVANCED_FACE('',(#7000),#7017,.T.);
#7000 = FACE_BOUND('',#7001,.T.);
#7001 = EDGE_LOOP('',(#7002,#7003,#7011));
#7002 = ORIENTED_EDGE('',*,*,#6819,.T.);
#7003 = ORIENTED_EDGE('',*,*,#7004,.T.);
#7004 = EDGE_CURVE('',#2292,#7005,#7007,.T.);
#7005 = VERTEX_POINT('',#7006);
#7006 = CARTESIAN_POINT('',(27.498109817505,3.576720476151,
    -2.099999904633));
#7007 = LINE('',#7008,#7009);
#7008 = CARTESIAN_POINT('',(28.511915206909,4.515909194946,
    -0.10000000149));
#7009 = VECTOR('',#7010,1.);
#7010 = DIRECTION('',(-0.417028173059,-0.386334655202,-0.822698630766));
#7011 = ORIENTED_EDGE('',*,*,#7012,.F.);
#7012 = EDGE_CURVE('',#6796,#7005,#7013,.T.);
#7013 = LINE('',#7014,#7015);
#7014 = CARTESIAN_POINT('',(27.33097076416,3.834090948105,
    -2.099999904633));
#7015 = VECTOR('',#7016,1.);
#7016 = DIRECTION('',(0.544640672862,-0.838669504313,0.));
#7017 = PLANE('',#7018);
#7018 = AXIS2_PLACEMENT_3D('',#7019,#7020,#7021);
#7019 = CARTESIAN_POINT('',(27.930670677377,4.086419713743,
    -1.159489497235));
#7020 = DIRECTION('',(0.693232942409,0.450192661426,-0.562809608267));
#7021 = DIRECTION('',(0.630294308334,0.,0.776356287333));
#7022 = ADVANCED_FACE('',(#7023),#7033,.T.);
#7023 = FACE_BOUND('',#7024,.T.);
#7024 = EDGE_LOOP('',(#7025,#7026,#7027));
#7025 = ORIENTED_EDGE('',*,*,#7004,.F.);
#7026 = ORIENTED_EDGE('',*,*,#2291,.F.);
#7027 = ORIENTED_EDGE('',*,*,#7028,.F.);
#7028 = EDGE_CURVE('',#7005,#2284,#7029,.T.);
#7029 = LINE('',#7030,#7031);
#7030 = CARTESIAN_POINT('',(27.498109817505,3.576720476151,
    -2.099999904633));
#7031 = VECTOR('',#7032,1.);
#7032 = DIRECTION('',(0.455748992326,0.331121108882,0.826227370187));
#7033 = PLANE('',#7034);
#7034 = AXIS2_PLACEMENT_3D('',#7035,#7036,#7037);
#7035 = CARTESIAN_POINT('',(28.044636105859,4.0262116444,-1.067274512285
    ));
#7036 = DIRECTION('',(0.693234635003,0.450190343327,-0.562809377682));
#7037 = DIRECTION('',(0.630293225136,0.,0.77635716674));
#7038 = ADVANCED_FACE('',(#7039),#7056,.T.);
#7039 = FACE_BOUND('',#7040,.T.);
#7040 = EDGE_LOOP('',(#7041,#7042,#7050));
#7041 = ORIENTED_EDGE('',*,*,#7028,.T.);
#7042 = ORIENTED_EDGE('',*,*,#7043,.T.);
#7043 = EDGE_CURVE('',#2284,#7044,#7046,.T.);
#7044 = VERTEX_POINT('',#7045);
#7045 = CARTESIAN_POINT('',(27.691234588623,3.338230609894,
    -2.099999904633));
#7046 = LINE('',#7047,#7048);
#7047 = CARTESIAN_POINT('',(28.601314544678,4.378245830536,
    -0.10000000149));
#7048 = VECTOR('',#7049,1.);
#7049 = DIRECTION('',(-0.374360773326,-0.42780955638,-0.822698605119));
#7050 = ORIENTED_EDGE('',*,*,#7051,.F.);
#7051 = EDGE_CURVE('',#7005,#7044,#7052,.T.);
#7052 = LINE('',#7053,#7054);
#7053 = CARTESIAN_POINT('',(27.498109817505,3.576720476151,
    -2.099999904633));
#7054 = VECTOR('',#7055,1.);
#7055 = DIRECTION('',(0.629319378177,-0.777146781664,0.));
#7056 = PLANE('',#7057);
#7057 = AXIS2_PLACEMENT_3D('',#7058,#7059,#7060);
#7058 = CARTESIAN_POINT('',(28.068148264197,3.890352635823,
    -1.159489374349));
#7059 = DIRECTION('',(0.642379175994,0.520187013738,-0.56280943932));
#7060 = DIRECTION('',(0.658987026276,0.,0.752154305446));
#7061 = ADVANCED_FACE('',(#7062),#7072,.T.);
#7062 = FACE_BOUND('',#7063,.T.);
#7063 = EDGE_LOOP('',(#7064,#7065,#7066));
#7064 = ORIENTED_EDGE('',*,*,#7043,.F.);
#7065 = ORIENTED_EDGE('',*,*,#2283,.F.);
#7066 = ORIENTED_EDGE('',*,*,#7067,.F.);
#7067 = EDGE_CURVE('',#7044,#2276,#7068,.T.);
#7068 = LINE('',#7069,#7070);
#7069 = CARTESIAN_POINT('',(27.691234588623,3.338230609894,
    -2.099999904633));
#7070 = VECTOR('',#7071,1.);
#7071 = DIRECTION('',(0.418641115663,0.376945862151,0.826227228602));
#7072 = PLANE('',#7073);
#7073 = AXIS2_PLACEMENT_3D('',#7074,#7075,#7076);
#7074 = CARTESIAN_POINT('',(28.187782695227,3.842386994651,
    -1.067274427423));
#7075 = DIRECTION('',(0.642377253669,0.52018913856,-0.562809669509));
#7076 = DIRECTION('',(0.658988294402,0.,0.752153194397));
#7077 = ADVANCED_FACE('',(#7078),#7095,.T.);
#7078 = FACE_BOUND('',#7079,.T.);
#7079 = EDGE_LOOP('',(#7080,#7081,#7089));
#7080 = ORIENTED_EDGE('',*,*,#7067,.T.);
#7081 = ORIENTED_EDGE('',*,*,#7082,.T.);
#7082 = EDGE_CURVE('',#2276,#7083,#7085,.T.);
#7083 = VERTEX_POINT('',#7084);
#7084 = CARTESIAN_POINT('',(27.908229827881,3.121234416962,
    -2.099999904633));
#7085 = LINE('',#7086,#7087);
#7086 = CARTESIAN_POINT('',(28.704614639282,4.250681400299,
    -0.10000000149));
#7087 = VECTOR('',#7088,1.);
#7088 = DIRECTION('',(-0.327592295221,-0.464597169992,-0.82269846101));
#7089 = ORIENTED_EDGE('',*,*,#7090,.F.);
#7090 = EDGE_CURVE('',#7044,#7083,#7091,.T.);
#7091 = LINE('',#7092,#7093);
#7092 = CARTESIAN_POINT('',(27.691234588623,3.338230609894,
    -2.099999904633));
#7093 = VECTOR('',#7094,1.);
#7094 = DIRECTION('',(0.707105227353,-0.707108335016,0.));
#7095 = PLANE('',#7096);
#7096 = AXIS2_PLACEMENT_3D('',#7097,#7098,#7099);
#7097 = CARTESIAN_POINT('',(28.225367190947,3.709729989686,
    -1.159489271997));
#7098 = DIRECTION('',(0.584486225352,0.584483656599,-0.562809654806));
#7099 = DIRECTION('',(-0.707105227353,0.707108335016,-2.775557561563E-17
    ));
#7100 = ADVANCED_FACE('',(#7101),#7111,.T.);
#7101 = FACE_BOUND('',#7102,.T.);
#7102 = EDGE_LOOP('',(#7103,#7104,#7105));
#7103 = ORIENTED_EDGE('',*,*,#7082,.F.);
#7104 = ORIENTED_EDGE('',*,*,#2275,.F.);
#7105 = ORIENTED_EDGE('',*,*,#7106,.F.);
#7106 = EDGE_CURVE('',#7083,#2268,#7107,.T.);
#7107 = LINE('',#7108,#7109);
#7108 = CARTESIAN_POINT('',(27.908229827881,3.121234416962,
    -2.099999904633));
#7109 = VECTOR('',#7110,1.);
#7110 = DIRECTION('',(0.376945893237,0.418640953199,0.826227296739));
#7111 = PLANE('',#7112);
#7112 = AXIS2_PLACEMENT_3D('',#7113,#7114,#7115);
#7113 = CARTESIAN_POINT('',(28.349359138489,3.674532203032,
    -1.067274803896));
#7114 = DIRECTION('',(0.584488669786,0.58448146606,-0.562809391112));
#7115 = DIRECTION('',(-0.70710242366,0.707111138687,-2.775557561563E-17)
  );
#7116 = ADVANCED_FACE('',(#7117),#7127,.T.);
#7117 = FACE_BOUND('',#7118,.T.);
#7118 = EDGE_LOOP('',(#7119,#7125,#7126));
#7119 = ORIENTED_EDGE('',*,*,#7120,.F.);
#7120 = EDGE_CURVE('',#7083,#6965,#7121,.T.);
#7121 = LINE('',#7122,#7123);
#7122 = CARTESIAN_POINT('',(27.908229827881,3.121234416962,
    -2.099999904633));
#7123 = VECTOR('',#7124,1.);
#7124 = DIRECTION('',(0.777147560181,-0.629318416785,0.));
#7125 = ORIENTED_EDGE('',*,*,#7106,.T.);
#7126 = ORIENTED_EDGE('',*,*,#6989,.T.);
#7127 = PLANE('',#7128);
#7128 = AXIS2_PLACEMENT_3D('',#7129,#7130,#7131);
#7129 = CARTESIAN_POINT('',(28.40060423455,3.546530683863,
    -1.159489599234));
#7130 = DIRECTION('',(0.52018620584,0.642379803175,-0.562809470181));
#7131 = DIRECTION('',(0.,0.658986682727,0.75215460644));
#7132 = ADVANCED_FACE('',(#7133),#7143,.T.);
#7133 = FACE_BOUND('',#7134,.T.);
#7134 = EDGE_LOOP('',(#7135,#7136,#7137));
#7135 = ORIENTED_EDGE('',*,*,#6934,.F.);
#7136 = ORIENTED_EDGE('',*,*,#2251,.F.);
#7137 = ORIENTED_EDGE('',*,*,#7138,.F.);
#7138 = EDGE_CURVE('',#6921,#2244,#7139,.T.);
#7139 = LINE('',#7140,#7141);
#7140 = CARTESIAN_POINT('',(28.677522659302,2.621650934219,
    -2.099999904633));
#7141 = VECTOR('',#7142,1.);
#7142 = DIRECTION('',(0.229129324038,0.514633849449,0.826227422607));
#7143 = PLANE('',#7144);
#7144 = AXIS2_PLACEMENT_3D('',#7145,#7146,#7147);
#7145 = CARTESIAN_POINT('',(28.926082337074,3.28418480449,
    -1.067274560193));
#7146 = DIRECTION('',(0.375263289686,0.736493826205,-0.562809299297));
#7147 = DIRECTION('',(0.,0.607183311305,0.794561782666));
#7148 = ADVANCED_FACE('',(#7149),#7159,.T.);
#7149 = FACE_BOUND('',#7150,.T.);
#7150 = EDGE_LOOP('',(#7151,#7157,#7158));
#7151 = ORIENTED_EDGE('',*,*,#7152,.F.);
#7152 = EDGE_CURVE('',#6921,#6880,#7153,.T.);
#7153 = LINE('',#7154,#7155);
#7154 = CARTESIAN_POINT('',(28.677522659302,2.621650934219,
    -2.099999904633));
#7155 = VECTOR('',#7156,1.);
#7156 = DIRECTION('',(0.933579763669,-0.358369676267,0.));
#7157 = ORIENTED_EDGE('',*,*,#7138,.T.);
#7158 = ORIENTED_EDGE('',*,*,#6904,.T.);
#7159 = PLANE('',#7160);
#7160 = AXIS2_PLACEMENT_3D('',#7161,#7162,#7163);
#7161 = CARTESIAN_POINT('',(29.014373812434,3.178283706707,
    -1.159489254875));
#7162 = DIRECTION('',(0.296223613184,0.77168462932,-0.562809385016));
#7163 = DIRECTION('',(2.775557561563E-17,0.589256010171,0.807946380942)
  );
#7164 = ADVANCED_FACE('',(#7165),#7175,.T.);
#7165 = FACE_BOUND('',#7166,.T.);
#7166 = EDGE_LOOP('',(#7167,#7168,#7169));
#7167 = ORIENTED_EDGE('',*,*,#6849,.F.);
#7168 = ORIENTED_EDGE('',*,*,#2227,.F.);
#7169 = ORIENTED_EDGE('',*,*,#7170,.F.);
#7170 = EDGE_CURVE('',#6836,#2220,#7171,.T.);
#7171 = LINE('',#7172,#7173);
#7172 = CARTESIAN_POINT('',(29.563541412354,2.384242534637,
    -2.099999904633));
#7173 = VECTOR('',#7174,1.);
#7174 = DIRECTION('',(5.888442677109E-02,0.560250875414,0.826227317923)
  );
#7175 = PLANE('',#7176);
#7176 = AXIS2_PLACEMENT_3D('',#7177,#7178,#7179);
#7177 = CARTESIAN_POINT('',(29.595201789202,3.091159010937,
    -1.06727469559));
#7178 = DIRECTION('',(0.129307636158,0.816409858089,-0.562809451631));
#7179 = DIRECTION('',(0.,0.567574508879,0.823322037158));
#7180 = ADVANCED_FACE('',(#7181),#7198,.T.);
#7181 = FACE_BOUND('',#7182,.T.);
#7182 = EDGE_LOOP('',(#7183,#7191,#7192));
#7183 = ORIENTED_EDGE('',*,*,#7184,.F.);
#7184 = EDGE_CURVE('',#6836,#7185,#7187,.T.);
#7185 = VERTEX_POINT('',#7186);
#7186 = CARTESIAN_POINT('',(29.870000839233,2.368181705475,
    -2.099999904633));
#7187 = LINE('',#7188,#7189);
#7188 = CARTESIAN_POINT('',(29.563541412354,2.384242534637,
    -2.099999904633));
#7189 = VECTOR('',#7190,1.);
#7190 = DIRECTION('',(0.998629539666,-5.233586252053E-02,0.));
#7191 = ORIENTED_EDGE('',*,*,#7170,.T.);
#7192 = ORIENTED_EDGE('',*,*,#7193,.T.);
#7193 = EDGE_CURVE('',#2220,#7185,#7194,.T.);
#7194 = LINE('',#7195,#7196);
#7195 = CARTESIAN_POINT('',(29.706079483032,3.7404088974,-0.10000000149)
  );
#7196 = VECTOR('',#7197,1.);
#7197 = DIRECTION('',(6.742893600841E-02,-0.564464702206,-0.822698570895
    ));
#7198 = PLANE('',#7199);
#7199 = AXIS2_PLACEMENT_3D('',#7200,#7201,#7202);
#7200 = CARTESIAN_POINT('',(29.711897529519,3.017724639541,
    -1.159489590356));
#7201 = DIRECTION('',(4.326012466362E-02,0.825453834105,-0.562809496523)
  );
#7202 = DIRECTION('',(0.,0.563336868494,0.826227312908));
#7203 = ADVANCED_FACE('',(#7204),#7214,.T.);
#7204 = FACE_BOUND('',#7205,.T.);
#7205 = EDGE_LOOP('',(#7206,#7207,#7213));
#7206 = ORIENTED_EDGE('',*,*,#2219,.F.);
#7207 = ORIENTED_EDGE('',*,*,#7208,.F.);
#7208 = EDGE_CURVE('',#7185,#2212,#7209,.T.);
#7209 = LINE('',#7210,#7211);
#7210 = CARTESIAN_POINT('',(29.870000839233,2.368181705475,
    -2.099999904633));
#7211 = VECTOR('',#7212,1.);
#7212 = DIRECTION('',(0.,0.56333687994,0.826227305104));
#7213 = ORIENTED_EDGE('',*,*,#7193,.F.);
#7214 = PLANE('',#7215);
#7215 = AXIS2_PLACEMENT_3D('',#7216,#7217,#7218);
#7216 = CARTESIAN_POINT('',(29.827594558161,3.074535386288,
    -1.06727418125));
#7217 = DIRECTION('',(4.325992025585E-02,0.825453833621,-0.562809512944)
  );
#7218 = DIRECTION('',(0.,0.56333687994,0.826227305104));
#7219 = ADVANCED_FACE('',(#7220),#7230,.T.);
#7220 = FACE_BOUND('',#7221,.T.);
#7221 = EDGE_LOOP('',(#7222,#7223,#7224));
#7222 = ORIENTED_EDGE('',*,*,#2363,.F.);
#7223 = ORIENTED_EDGE('',*,*,#6524,.F.);
#7224 = ORIENTED_EDGE('',*,*,#7225,.F.);
#7225 = EDGE_CURVE('',#2364,#6515,#7226,.T.);
#7226 = LINE('',#7227,#7228);
#7227 = CARTESIAN_POINT('',(28.437395095825,5.937837123871,
    -0.10000000149));
#7228 = VECTOR('',#7229,1.);
#7229 = DIRECTION('',(-0.557674600685,0.110301079559,-0.822698432962));
#7230 = PLANE('',#7231);
#7231 = AXIS2_PLACEMENT_3D('',#7232,#7233,#7234);
#7232 = CARTESIAN_POINT('',(27.766561161003,6.028036896921,
    -1.067274503125));
#7233 = DIRECTION('',(0.771684355631,-0.296223905157,-0.562809606606));
#7234 = DIRECTION('',(0.58925629804,0.,0.807946170991));
#7235 = ADVANCED_FACE('',(#7236),#7246,.T.);
#7236 = FACE_BOUND('',#7237,.T.);
#7237 = EDGE_LOOP('',(#7238,#7244,#7245));
#7238 = ORIENTED_EDGE('',*,*,#7239,.F.);
#7239 = EDGE_CURVE('',#6476,#6515,#7240,.T.);
#7240 = LINE('',#7241,#7242);
#7241 = CARTESIAN_POINT('',(27.191650390625,6.492477893829,
    -2.099999904633));
#7242 = VECTOR('',#7243,1.);
#7243 = DIRECTION('',(-0.358368636549,-0.933580162781,0.));
#7244 = ORIENTED_EDGE('',*,*,#6500,.T.);
#7245 = ORIENTED_EDGE('',*,*,#7225,.T.);
#7246 = PLANE('',#7247);
#7247 = AXIS2_PLACEMENT_3D('',#7248,#7249,#7250);
#7248 = CARTESIAN_POINT('',(27.748283516289,6.155626072114,
    -1.159489402888));
#7249 = DIRECTION('',(0.771684752328,-0.296222674348,-0.562809710494));
#7250 = DIRECTION('',(0.589256171306,2.775557561563E-17,0.807946263422)
  );
#7251 = ADVANCED_FACE('',(#7252),#7262,.T.);
#7252 = FACE_BOUND('',#7253,.T.);
#7253 = EDGE_LOOP('',(#7254,#7255,#7256));
#7254 = ORIENTED_EDGE('',*,*,#2387,.F.);
#7255 = ORIENTED_EDGE('',*,*,#6439,.F.);
#7256 = ORIENTED_EDGE('',*,*,#7257,.F.);
#7257 = EDGE_CURVE('',#2388,#6430,#7258,.T.);
#7258 = LINE('',#7259,#7260);
#7259 = CARTESIAN_POINT('',(28.704614639282,6.349318504333,
    -0.10000000149));
#7260 = VECTOR('',#7261,1.);
#7261 = DIRECTION('',(-0.496294926394,0.277233459437,-0.822698580894));
#7262 = PLANE('',#7263);
#7263 = AXIS2_PLACEMENT_3D('',#7264,#7265,#7266);
#7264 = CARTESIAN_POINT('',(28.094487279297,6.642402471617,
    -1.067274425699));
#7265 = DIRECTION('',(0.642377389964,-0.52018924893,-0.562809411934));
#7266 = DIRECTION('',(0.658988044681,-2.775557561563E-17,0.752153413186)
  );
#7267 = ADVANCED_FACE('',(#7268),#7285,.T.);
#7268 = FACE_BOUND('',#7269,.T.);
#7269 = EDGE_LOOP('',(#7270,#7278,#7284));
#7270 = ORIENTED_EDGE('',*,*,#7271,.F.);
#7271 = EDGE_CURVE('',#7272,#6430,#7274,.T.);
#7272 = VERTEX_POINT('',#7273);
#7273 = CARTESIAN_POINT('',(27.691234588623,7.261769294739,
    -2.099999904633));
#7274 = LINE('',#7275,#7276);
#7275 = CARTESIAN_POINT('',(27.691234588623,7.261769294739,
    -2.099999904633));
#7276 = VECTOR('',#7277,1.);
#7277 = DIRECTION('',(-0.629319758145,-0.777146473973,0.));
#7278 = ORIENTED_EDGE('',*,*,#7279,.T.);
#7279 = EDGE_CURVE('',#7272,#2388,#7280,.T.);
#7280 = LINE('',#7281,#7282);
#7281 = CARTESIAN_POINT('',(27.691234588623,7.261769294739,
    -2.099999904633));
#7282 = VECTOR('',#7283,1.);
#7283 = DIRECTION('',(0.418641115663,-0.376945862151,0.826227228602));
#7284 = ORIENTED_EDGE('',*,*,#7257,.T.);
#7285 = PLANE('',#7286);
#7286 = AXIS2_PLACEMENT_3D('',#7287,#7288,#7289);
#7287 = CARTESIAN_POINT('',(28.116531351107,6.769395160584,
    -1.159489334958));
#7288 = DIRECTION('',(0.642378831552,-0.520187254847,-0.562809609609));
#7289 = DIRECTION('',(0.658987338979,2.775557561563E-17,0.752154031476)
  );
#7290 = ADVANCED_FACE('',(#7291),#7301,.T.);
#7291 = FACE_BOUND('',#7292,.T.);
#7292 = EDGE_LOOP('',(#7293,#7294,#7295));
#7293 = ORIENTED_EDGE('',*,*,#2395,.F.);
#7294 = ORIENTED_EDGE('',*,*,#7279,.F.);
#7295 = ORIENTED_EDGE('',*,*,#7296,.F.);
#7296 = EDGE_CURVE('',#2396,#7272,#7297,.T.);
#7297 = LINE('',#7298,#7299);
#7298 = CARTESIAN_POINT('',(28.820680618286,6.465386390686,
    -0.10000000149));
#7299 = VECTOR('',#7300,1.);
#7300 = DIRECTION('',(-0.464596981788,0.327591654539,-0.822698822407));
#7301 = PLANE('',#7302);
#7302 = AXIS2_PLACEMENT_3D('',#7303,#7304,#7305);
#7303 = CARTESIAN_POINT('',(28.244532281385,6.820640440034,
    -1.067274733208));
#7304 = DIRECTION('',(0.584489685033,-0.584480080088,-0.562809776097));
#7305 = DIRECTION('',(0.707100971157,0.707112591169,0.));
#7306 = ADVANCED_FACE('',(#7307),#7317,.T.);
#7307 = FACE_BOUND('',#7308,.T.);
#7308 = EDGE_LOOP('',(#7309,#7315,#7316));
#7309 = ORIENTED_EDGE('',*,*,#7310,.F.);
#7310 = EDGE_CURVE('',#6392,#7272,#7311,.T.);
#7311 = LINE('',#7312,#7313);
#7312 = CARTESIAN_POINT('',(27.908229827881,7.478765487671,
    -2.099999904633));
#7313 = VECTOR('',#7314,1.);
#7314 = DIRECTION('',(-0.707105227353,-0.707108335016,0.));
#7315 = ORIENTED_EDGE('',*,*,#6415,.T.);
#7316 = ORIENTED_EDGE('',*,*,#7296,.T.);
#7317 = PLANE('',#7318);
#7318 = AXIS2_PLACEMENT_3D('',#7319,#7320,#7321);
#7319 = CARTESIAN_POINT('',(28.279729459119,6.944633095391,
    -1.159489288916));
#7320 = DIRECTION('',(0.584486359675,-0.584483790922,-0.562809375813));
#7321 = DIRECTION('',(0.707105227353,0.707108335016,-2.775557561563E-17)
  );
#7322 = ADVANCED_FACE('',(#7323,#7828,#7900),#7972,.T.);
#7323 = FACE_BOUND('',#7324,.T.);
#7324 = EDGE_LOOP('',(#7325,#7335,#7343,#7351,#7359,#7367,#7375,#7383,
    #7391,#7399,#7407,#7415,#7423,#7431,#7439,#7447,#7455,#7463,#7471,
    #7479,#7487,#7495,#7503,#7511,#7519,#7527,#7535,#7543,#7551,#7559,
    #7567,#7575,#7583,#7591,#7599,#7607,#7615,#7621,#7622,#7630,#7638,
    #7646,#7654,#7662,#7670,#7678,#7686,#7694,#7702,#7710,#7718,#7726,
    #7734,#7742,#7750,#7758,#7766,#7774,#7782,#7790,#7798,#7806,#7814,
    #7822));
#7325 = ORIENTED_EDGE('',*,*,#7326,.T.);
#7326 = EDGE_CURVE('',#7327,#7329,#7331,.T.);
#7327 = VERTEX_POINT('',#7328);
#7328 = CARTESIAN_POINT('',(34.909015655518,16.687786102295,
    -2.099999904633));
#7329 = VERTEX_POINT('',#7330);
#7330 = CARTESIAN_POINT('',(34.966026306152,16.60000038147,
    -2.099999904633));
#7331 = LINE('',#7332,#7333);
#7332 = CARTESIAN_POINT('',(34.909015655518,16.687786102295,
    -2.099999904633));
#7333 = VECTOR('',#7334,1.);
#7334 = DIRECTION('',(0.544652050599,-0.838662115383,0.));
#7335 = ORIENTED_EDGE('',*,*,#7336,.T.);
#7336 = EDGE_CURVE('',#7329,#7337,#7339,.T.);
#7337 = VERTEX_POINT('',#7338);
#7338 = CARTESIAN_POINT('',(35.01354598999,16.506736755371,
    -2.099999904633));
#7339 = LINE('',#7340,#7341);
#7340 = CARTESIAN_POINT('',(34.966026306152,16.60000038147,
    -2.099999904633));
#7341 = VECTOR('',#7342,1.);
#7342 = DIRECTION('',(0.453986653055,-0.891008484162,0.));
#7343 = ORIENTED_EDGE('',*,*,#7344,.T.);
#7344 = EDGE_CURVE('',#7337,#7345,#7347,.T.);
#7345 = VERTEX_POINT('',#7346);
#7346 = CARTESIAN_POINT('',(35.051055908203,16.409017562866,
    -2.099999904633));
#7347 = LINE('',#7348,#7349);
#7348 = CARTESIAN_POINT('',(35.01354598999,16.506736755371,
    -2.099999904633));
#7349 = VECTOR('',#7350,1.);
#7350 = DIRECTION('',(0.35835991151,-0.93358351197,0.));
#7351 = ORIENTED_EDGE('',*,*,#7352,.T.);
#7352 = EDGE_CURVE('',#7345,#7353,#7355,.T.);
#7353 = VERTEX_POINT('',#7354);
#7354 = CARTESIAN_POINT('',(35.078147888184,16.307910919189,
    -2.099999904633));
#7355 = LINE('',#7356,#7357);
#7356 = CARTESIAN_POINT('',(35.051055908203,16.409017562866,
    -2.099999904633));
#7357 = VECTOR('',#7358,1.);
#7358 = DIRECTION('',(0.258823826847,-0.965924545012,0.));
#7359 = ORIENTED_EDGE('',*,*,#7360,.T.);
#7360 = EDGE_CURVE('',#7353,#7361,#7363,.T.);
#7361 = VERTEX_POINT('',#7362);
#7362 = CARTESIAN_POINT('',(35.094520568848,16.204528808594,
    -2.099999904633));
#7363 = LINE('',#7364,#7365);
#7364 = CARTESIAN_POINT('',(35.078147888184,16.307910919189,
    -2.099999904633));
#7365 = VECTOR('',#7366,1.);
#7366 = DIRECTION('',(0.156421071624,-0.987690461811,0.));
#7367 = ORIENTED_EDGE('',*,*,#7368,.T.);
#7368 = EDGE_CURVE('',#7361,#7369,#7371,.T.);
#7369 = VERTEX_POINT('',#7370);
#7370 = CARTESIAN_POINT('',(35.099998474121,16.10000038147,
    -2.099999904633));
#7371 = LINE('',#7372,#7373);
#7372 = CARTESIAN_POINT('',(35.094520568848,16.204528808594,
    -2.099999904633));
#7373 = VECTOR('',#7374,1.);
#7374 = DIRECTION('',(5.233407490429E-02,-0.99862963335,0.));
#7375 = ORIENTED_EDGE('',*,*,#7376,.F.);
#7376 = EDGE_CURVE('',#7377,#7369,#7379,.T.);
#7377 = VERTEX_POINT('',#7378);
#7378 = CARTESIAN_POINT('',(35.099998474121,-13.,-2.099999904633));
#7379 = LINE('',#7380,#7381);
#7380 = CARTESIAN_POINT('',(35.099998474121,-13.,-2.099999904633));
#7381 = VECTOR('',#7382,1.);
#7382 = DIRECTION('',(0.,1.,0.));
#7383 = ORIENTED_EDGE('',*,*,#7384,.T.);
#7384 = EDGE_CURVE('',#7377,#7385,#7387,.T.);
#7385 = VERTEX_POINT('',#7386);
#7386 = CARTESIAN_POINT('',(35.077541351318,-13.42856693267,
    -2.099999904633));
#7387 = LINE('',#7388,#7389);
#7388 = CARTESIAN_POINT('',(35.099998474121,-13.,-2.099999904633));
#7389 = VECTOR('',#7390,1.);
#7390 = DIRECTION('',(-5.232870974037E-02,-0.998629914501,0.));
#7391 = ORIENTED_EDGE('',*,*,#7392,.T.);
#7392 = EDGE_CURVE('',#7385,#7393,#7395,.T.);
#7393 = VERTEX_POINT('',#7394);
#7394 = CARTESIAN_POINT('',(35.010406494141,-13.85243797302,
    -2.099999904633));
#7395 = LINE('',#7396,#7397);
#7396 = CARTESIAN_POINT('',(35.077541351318,-13.42856693267,
    -2.099999904633));
#7397 = VECTOR('',#7398,1.);
#7398 = DIRECTION('',(-0.156435100799,-0.987688239901,0.));
#7399 = ORIENTED_EDGE('',*,*,#7400,.T.);
#7400 = EDGE_CURVE('',#7393,#7401,#7403,.T.);
#7401 = VERTEX_POINT('',#7402);
#7402 = CARTESIAN_POINT('',(34.89933013916,-14.26696968078,
    -2.099999904633));
#7403 = LINE('',#7404,#7405);
#7404 = CARTESIAN_POINT('',(35.010406494141,-13.85243797302,
    -2.099999904633));
#7405 = VECTOR('',#7406,1.);
#7406 = DIRECTION('',(-0.258825390432,-0.965924126041,0.));
#7407 = ORIENTED_EDGE('',*,*,#7408,.T.);
#7408 = EDGE_CURVE('',#7401,#7409,#7411,.T.);
#7409 = VERTEX_POINT('',#7410);
#7410 = CARTESIAN_POINT('',(34.745536804199,-14.66762065887,
    -2.099999904633));
#7411 = LINE('',#7412,#7413);
#7412 = CARTESIAN_POINT('',(34.89933013916,-14.26696968078,
    -2.099999904633));
#7413 = VECTOR('',#7414,1.);
#7414 = DIRECTION('',(-0.358363550337,-0.933582115183,0.));
#7415 = ORIENTED_EDGE('',*,*,#7416,.T.);
#7416 = EDGE_CURVE('',#7409,#7417,#7419,.T.);
#7417 = VERTEX_POINT('',#7418);
#7418 = CARTESIAN_POINT('',(34.550704956055,-15.05000019073,
    -2.099999904633));
#7419 = LINE('',#7420,#7421);
#7420 = CARTESIAN_POINT('',(34.745536804199,-14.66762065887,
    -2.099999904633));
#7421 = VECTOR('',#7422,1.);
#7422 = DIRECTION('',(-0.453990028563,-0.891006764265,0.));
#7423 = ORIENTED_EDGE('',*,*,#7424,.T.);
#7424 = EDGE_CURVE('',#7417,#7425,#7427,.T.);
#7425 = VERTEX_POINT('',#7426);
#7426 = CARTESIAN_POINT('',(34.316970825195,-15.40991973877,
    -2.099999904633));
#7427 = LINE('',#7428,#7429);
#7428 = CARTESIAN_POINT('',(34.550704956055,-15.05000019073,
    -2.099999904633));
#7429 = VECTOR('',#7430,1.);
#7430 = DIRECTION('',(-0.544638450603,-0.838670947467,0.));
#7431 = ORIENTED_EDGE('',*,*,#7432,.T.);
#7432 = EDGE_CURVE('',#7425,#7433,#7435,.T.);
#7433 = VERTEX_POINT('',#7434);
#7434 = CARTESIAN_POINT('',(34.046894073486,-15.74343585968,
    -2.099999904633));
#7435 = LINE('',#7436,#7437);
#7436 = CARTESIAN_POINT('',(34.316970825195,-15.40991973877,
    -2.099999904633));
#7437 = VECTOR('',#7438,1.);
#7438 = DIRECTION('',(-0.629321407386,-0.777145138443,0.));
#7439 = ORIENTED_EDGE('',*,*,#7440,.T.);
#7440 = EDGE_CURVE('',#7433,#7441,#7443,.T.);
#7441 = VERTEX_POINT('',#7442);
#7442 = CARTESIAN_POINT('',(33.743434906006,-16.04689407348,
    -2.099999904633));
#7443 = LINE('',#7444,#7445);
#7444 = CARTESIAN_POINT('',(34.046894073486,-15.74343585968,
    -2.099999904633));
#7445 = VECTOR('',#7446,1.);
#7446 = DIRECTION('',(-0.707107892292,-0.70710567008,0.));
#7447 = ORIENTED_EDGE('',*,*,#7448,.T.);
#7448 = EDGE_CURVE('',#7441,#7449,#7451,.T.);
#7449 = VERTEX_POINT('',#7450);
#7450 = CARTESIAN_POINT('',(33.40991973877,-16.31696891784,
    -2.099999904633));
#7451 = LINE('',#7452,#7453);
#7452 = CARTESIAN_POINT('',(33.743434906006,-16.04689407348,
    -2.099999904633));
#7453 = VECTOR('',#7454,1.);
#7454 = DIRECTION('',(-0.777146432003,-0.629319809973,0.));
#7455 = ORIENTED_EDGE('',*,*,#7456,.T.);
#7456 = EDGE_CURVE('',#7449,#7457,#7459,.T.);
#7457 = VERTEX_POINT('',#7458);
#7458 = CARTESIAN_POINT('',(33.049999237061,-16.55070495605,
    -2.099999904633));
#7459 = LINE('',#7460,#7461);
#7460 = CARTESIAN_POINT('',(33.40991973877,-16.31696891784,
    -2.099999904633));
#7461 = VECTOR('',#7462,1.);
#7462 = DIRECTION('',(-0.838669576554,-0.54464056162,0.));
#7463 = ORIENTED_EDGE('',*,*,#7464,.T.);
#7464 = EDGE_CURVE('',#7457,#7465,#7467,.T.);
#7465 = VERTEX_POINT('',#7466);
#7466 = CARTESIAN_POINT('',(32.667621612549,-16.74553680419,
    -2.099999904633));
#7467 = LINE('',#7468,#7469);
#7468 = CARTESIAN_POINT('',(33.049999237061,-16.55070495605,
    -2.099999904633));
#7469 = VECTOR('',#7470,1.);
#7470 = DIRECTION('',(-0.891005848231,-0.453991826379,0.));
#7471 = ORIENTED_EDGE('',*,*,#7472,.T.);
#7472 = EDGE_CURVE('',#7465,#7473,#7475,.T.);
#7473 = VERTEX_POINT('',#7474);
#7474 = CARTESIAN_POINT('',(32.266967773438,-16.8993320465,
    -2.099999904633));
#7475 = LINE('',#7476,#7477);
#7476 = CARTESIAN_POINT('',(32.667621612549,-16.74553680419,
    -2.099999904633));
#7477 = VECTOR('',#7478,1.);
#7478 = DIRECTION('',(-0.93358148441,-0.358365193577,0.));
#7479 = ORIENTED_EDGE('',*,*,#7480,.T.);
#7480 = EDGE_CURVE('',#7473,#7481,#7483,.T.);
#7481 = VERTEX_POINT('',#7482);
#7482 = CARTESIAN_POINT('',(31.852437973022,-17.01040458679,
    -2.099999904633));
#7483 = LINE('',#7484,#7485);
#7484 = CARTESIAN_POINT('',(32.266967773438,-16.8993320465,
    -2.099999904633));
#7485 = VECTOR('',#7486,1.);
#7486 = DIRECTION('',(-0.965926050554,-0.258818208132,0.));
#7487 = ORIENTED_EDGE('',*,*,#7488,.T.);
#7488 = EDGE_CURVE('',#7481,#7489,#7491,.T.);
#7489 = VERTEX_POINT('',#7490);
#7490 = CARTESIAN_POINT('',(31.428565979004,-17.07753944397,
    -2.099999904633));
#7491 = LINE('',#7492,#7493);
#7492 = CARTESIAN_POINT('',(31.852437973022,-17.01040458679,
    -2.099999904633));
#7493 = VECTOR('',#7494,1.);
#7494 = DIRECTION('',(-0.987688294282,-0.156434757447,0.));
#7495 = ORIENTED_EDGE('',*,*,#7496,.T.);
#7496 = EDGE_CURVE('',#7489,#7497,#7499,.T.);
#7497 = VERTEX_POINT('',#7498);
#7498 = CARTESIAN_POINT('',(31.,-17.10000038147,-2.099999904633));
#7499 = LINE('',#7500,#7501);
#7500 = CARTESIAN_POINT('',(31.428565979004,-17.07753944397,
    -2.099999904633));
#7501 = VECTOR('',#7502,1.);
#7502 = DIRECTION('',(-0.99862944387,-5.233769039846E-02,0.));
#7503 = ORIENTED_EDGE('',*,*,#7504,.T.);
#7504 = EDGE_CURVE('',#7497,#7505,#7507,.T.);
#7505 = VERTEX_POINT('',#7506);
#7506 = CARTESIAN_POINT('',(-31.,-17.10000038147,-2.099999904633));
#7507 = LINE('',#7508,#7509);
#7508 = CARTESIAN_POINT('',(31.,-17.10000038147,-2.099999904633));
#7509 = VECTOR('',#7510,1.);
#7510 = DIRECTION('',(-1.,0.,0.));
#7511 = ORIENTED_EDGE('',*,*,#7512,.F.);
#7512 = EDGE_CURVE('',#7513,#7505,#7515,.T.);
#7513 = VERTEX_POINT('',#7514);
#7514 = CARTESIAN_POINT('',(-31.428565979,-17.07753944397,
    -2.099999904633));
#7515 = LINE('',#7516,#7517);
#7516 = CARTESIAN_POINT('',(-31.428565979,-17.07753944397,
    -2.099999904633));
#7517 = VECTOR('',#7518,1.);
#7518 = DIRECTION('',(0.99862944387,-5.233769039846E-02,0.));
#7519 = ORIENTED_EDGE('',*,*,#7520,.F.);
#7520 = EDGE_CURVE('',#7521,#7513,#7523,.T.);
#7521 = VERTEX_POINT('',#7522);
#7522 = CARTESIAN_POINT('',(-31.85243797302,-17.01040458679,
    -2.099999904633));
#7523 = LINE('',#7524,#7525);
#7524 = CARTESIAN_POINT('',(-31.85243797302,-17.01040458679,
    -2.099999904633));
#7525 = VECTOR('',#7526,1.);
#7526 = DIRECTION('',(0.987688294282,-0.156434757447,0.));
#7527 = ORIENTED_EDGE('',*,*,#7528,.F.);
#7528 = EDGE_CURVE('',#7529,#7521,#7531,.T.);
#7529 = VERTEX_POINT('',#7530);
#7530 = CARTESIAN_POINT('',(-32.26696777343,-16.8993320465,
    -2.099999904633));
#7531 = LINE('',#7532,#7533);
#7532 = CARTESIAN_POINT('',(-32.26696777343,-16.8993320465,
    -2.099999904633));
#7533 = VECTOR('',#7534,1.);
#7534 = DIRECTION('',(0.965926050554,-0.258818208132,0.));
#7535 = ORIENTED_EDGE('',*,*,#7536,.F.);
#7536 = EDGE_CURVE('',#7537,#7529,#7539,.T.);
#7537 = VERTEX_POINT('',#7538);
#7538 = CARTESIAN_POINT('',(-32.66762161254,-16.74553680419,
    -2.099999904633));
#7539 = LINE('',#7540,#7541);
#7540 = CARTESIAN_POINT('',(-32.66762161254,-16.74553680419,
    -2.099999904633));
#7541 = VECTOR('',#7542,1.);
#7542 = DIRECTION('',(0.93358148441,-0.358365193577,0.));
#7543 = ORIENTED_EDGE('',*,*,#7544,.F.);
#7544 = EDGE_CURVE('',#7545,#7537,#7547,.T.);
#7545 = VERTEX_POINT('',#7546);
#7546 = CARTESIAN_POINT('',(-33.04999923706,-16.55070495605,
    -2.099999904633));
#7547 = LINE('',#7548,#7549);
#7548 = CARTESIAN_POINT('',(-33.04999923706,-16.55070495605,
    -2.099999904633));
#7549 = VECTOR('',#7550,1.);
#7550 = DIRECTION('',(0.891005848231,-0.453991826379,0.));
#7551 = ORIENTED_EDGE('',*,*,#7552,.F.);
#7552 = EDGE_CURVE('',#7553,#7545,#7555,.T.);
#7553 = VERTEX_POINT('',#7554);
#7554 = CARTESIAN_POINT('',(-33.40991973877,-16.31696891784,
    -2.099999904633));
#7555 = LINE('',#7556,#7557);
#7556 = CARTESIAN_POINT('',(-33.40991973877,-16.31696891784,
    -2.099999904633));
#7557 = VECTOR('',#7558,1.);
#7558 = DIRECTION('',(0.838669576554,-0.54464056162,0.));
#7559 = ORIENTED_EDGE('',*,*,#7560,.F.);
#7560 = EDGE_CURVE('',#7561,#7553,#7563,.T.);
#7561 = VERTEX_POINT('',#7562);
#7562 = CARTESIAN_POINT('',(-33.743434906,-16.04689407348,
    -2.099999904633));
#7563 = LINE('',#7564,#7565);
#7564 = CARTESIAN_POINT('',(-33.743434906,-16.04689407348,
    -2.099999904633));
#7565 = VECTOR('',#7566,1.);
#7566 = DIRECTION('',(0.777146432003,-0.629319809973,0.));
#7567 = ORIENTED_EDGE('',*,*,#7568,.F.);
#7568 = EDGE_CURVE('',#7569,#7561,#7571,.T.);
#7569 = VERTEX_POINT('',#7570);
#7570 = CARTESIAN_POINT('',(-34.04689407348,-15.74343585968,
    -2.099999904633));
#7571 = LINE('',#7572,#7573);
#7572 = CARTESIAN_POINT('',(-34.04689407348,-15.74343585968,
    -2.099999904633));
#7573 = VECTOR('',#7574,1.);
#7574 = DIRECTION('',(0.707107892292,-0.70710567008,0.));
#7575 = ORIENTED_EDGE('',*,*,#7576,.F.);
#7576 = EDGE_CURVE('',#7577,#7569,#7579,.T.);
#7577 = VERTEX_POINT('',#7578);
#7578 = CARTESIAN_POINT('',(-34.31697082519,-15.40991973877,
    -2.099999904633));
#7579 = LINE('',#7580,#7581);
#7580 = CARTESIAN_POINT('',(-34.31697082519,-15.40991973877,
    -2.099999904633));
#7581 = VECTOR('',#7582,1.);
#7582 = DIRECTION('',(0.629321407386,-0.777145138443,0.));
#7583 = ORIENTED_EDGE('',*,*,#7584,.F.);
#7584 = EDGE_CURVE('',#7585,#7577,#7587,.T.);
#7585 = VERTEX_POINT('',#7586);
#7586 = CARTESIAN_POINT('',(-34.55070495605,-15.05000019073,
    -2.099999904633));
#7587 = LINE('',#7588,#7589);
#7588 = CARTESIAN_POINT('',(-34.55070495605,-15.05000019073,
    -2.099999904633));
#7589 = VECTOR('',#7590,1.);
#7590 = DIRECTION('',(0.544638450603,-0.838670947467,0.));
#7591 = ORIENTED_EDGE('',*,*,#7592,.F.);
#7592 = EDGE_CURVE('',#7593,#7585,#7595,.T.);
#7593 = VERTEX_POINT('',#7594);
#7594 = CARTESIAN_POINT('',(-34.74553680419,-14.66762065887,
    -2.099999904633));
#7595 = LINE('',#7596,#7597);
#7596 = CARTESIAN_POINT('',(-34.74553680419,-14.66762065887,
    -2.099999904633));
#7597 = VECTOR('',#7598,1.);
#7598 = DIRECTION('',(0.453990028563,-0.891006764265,0.));
#7599 = ORIENTED_EDGE('',*,*,#7600,.F.);
#7600 = EDGE_CURVE('',#7601,#7593,#7603,.T.);
#7601 = VERTEX_POINT('',#7602);
#7602 = CARTESIAN_POINT('',(-34.89933013916,-14.26696968078,
    -2.099999904633));
#7603 = LINE('',#7604,#7605);
#7604 = CARTESIAN_POINT('',(-34.89933013916,-14.26696968078,
    -2.099999904633));
#7605 = VECTOR('',#7606,1.);
#7606 = DIRECTION('',(0.358363550337,-0.933582115183,0.));
#7607 = ORIENTED_EDGE('',*,*,#7608,.F.);
#7608 = EDGE_CURVE('',#7609,#7601,#7611,.T.);
#7609 = VERTEX_POINT('',#7610);
#7610 = CARTESIAN_POINT('',(-35.01040649414,-13.85243797302,
    -2.099999904633));
#7611 = LINE('',#7612,#7613);
#7612 = CARTESIAN_POINT('',(-35.01040649414,-13.85243797302,
    -2.099999904633));
#7613 = VECTOR('',#7614,1.);
#7614 = DIRECTION('',(0.258825390432,-0.965924126041,0.));
#7615 = ORIENTED_EDGE('',*,*,#7616,.F.);
#7616 = EDGE_CURVE('',#529,#7609,#7617,.T.);
#7617 = LINE('',#7618,#7619);
#7618 = CARTESIAN_POINT('',(-35.07754135131,-13.42856693267,
    -2.099999904633));
#7619 = VECTOR('',#7620,1.);
#7620 = DIRECTION('',(0.156435100799,-0.987688239901,0.));
#7621 = ORIENTED_EDGE('',*,*,#560,.F.);
#7622 = ORIENTED_EDGE('',*,*,#7623,.T.);
#7623 = EDGE_CURVE('',#553,#7624,#7626,.T.);
#7624 = VERTEX_POINT('',#7625);
#7625 = CARTESIAN_POINT('',(-35.09999847412,16.10000038147,
    -2.099999904633));
#7626 = LINE('',#7627,#7628);
#7627 = CARTESIAN_POINT('',(-35.09999847412,-13.,-2.099999904633));
#7628 = VECTOR('',#7629,1.);
#7629 = DIRECTION('',(0.,1.,0.));
#7630 = ORIENTED_EDGE('',*,*,#7631,.T.);
#7631 = EDGE_CURVE('',#7624,#7632,#7634,.T.);
#7632 = VERTEX_POINT('',#7633);
#7633 = CARTESIAN_POINT('',(-35.09452056884,16.204528808594,
    -2.099999904633));
#7634 = LINE('',#7635,#7636);
#7635 = CARTESIAN_POINT('',(-35.09999847412,16.10000038147,
    -2.099999904633));
#7636 = VECTOR('',#7637,1.);
#7637 = DIRECTION('',(5.233407490429E-02,0.99862963335,0.));
#7638 = ORIENTED_EDGE('',*,*,#7639,.T.);
#7639 = EDGE_CURVE('',#7632,#7640,#7642,.T.);
#7640 = VERTEX_POINT('',#7641);
#7641 = CARTESIAN_POINT('',(-35.07814788818,16.307910919189,
    -2.099999904633));
#7642 = LINE('',#7643,#7644);
#7643 = CARTESIAN_POINT('',(-35.09452056884,16.204528808594,
    -2.099999904633));
#7644 = VECTOR('',#7645,1.);
#7645 = DIRECTION('',(0.156421071624,0.987690461811,0.));
#7646 = ORIENTED_EDGE('',*,*,#7647,.T.);
#7647 = EDGE_CURVE('',#7640,#7648,#7650,.T.);
#7648 = VERTEX_POINT('',#7649);
#7649 = CARTESIAN_POINT('',(-35.0510559082,16.409017562866,
    -2.099999904633));
#7650 = LINE('',#7651,#7652);
#7651 = CARTESIAN_POINT('',(-35.07814788818,16.307910919189,
    -2.099999904633));
#7652 = VECTOR('',#7653,1.);
#7653 = DIRECTION('',(0.258823826847,0.965924545012,0.));
#7654 = ORIENTED_EDGE('',*,*,#7655,.T.);
#7655 = EDGE_CURVE('',#7648,#7656,#7658,.T.);
#7656 = VERTEX_POINT('',#7657);
#7657 = CARTESIAN_POINT('',(-35.01354598999,16.506736755371,
    -2.099999904633));
#7658 = LINE('',#7659,#7660);
#7659 = CARTESIAN_POINT('',(-35.0510559082,16.409017562866,
    -2.099999904633));
#7660 = VECTOR('',#7661,1.);
#7661 = DIRECTION('',(0.35835991151,0.93358351197,0.));
#7662 = ORIENTED_EDGE('',*,*,#7663,.T.);
#7663 = EDGE_CURVE('',#7656,#7664,#7666,.T.);
#7664 = VERTEX_POINT('',#7665);
#7665 = CARTESIAN_POINT('',(-34.96602630615,16.60000038147,
    -2.099999904633));
#7666 = LINE('',#7667,#7668);
#7667 = CARTESIAN_POINT('',(-35.01354598999,16.506736755371,
    -2.099999904633));
#7668 = VECTOR('',#7669,1.);
#7669 = DIRECTION('',(0.453986653055,0.891008484162,0.));
#7670 = ORIENTED_EDGE('',*,*,#7671,.T.);
#7671 = EDGE_CURVE('',#7664,#7672,#7674,.T.);
#7672 = VERTEX_POINT('',#7673);
#7673 = CARTESIAN_POINT('',(-34.90901565551,16.687786102295,
    -2.099999904633));
#7674 = LINE('',#7675,#7676);
#7675 = CARTESIAN_POINT('',(-34.96602630615,16.60000038147,
    -2.099999904633));
#7676 = VECTOR('',#7677,1.);
#7677 = DIRECTION('',(0.544652050599,0.838662115383,0.));
#7678 = ORIENTED_EDGE('',*,*,#7679,.T.);
#7679 = EDGE_CURVE('',#7672,#7680,#7682,.T.);
#7680 = VERTEX_POINT('',#7681);
#7681 = CARTESIAN_POINT('',(-34.84314346313,16.769130706787,
    -2.099999904633));
#7682 = LINE('',#7683,#7684);
#7683 = CARTESIAN_POINT('',(-34.90901565551,16.687786102295,
    -2.099999904633));
#7684 = VECTOR('',#7685,1.);
#7685 = DIRECTION('',(0.629324028917,0.777143015556,0.));
#7686 = ORIENTED_EDGE('',*,*,#7687,.T.);
#7687 = EDGE_CURVE('',#7680,#7688,#7690,.T.);
#7688 = VERTEX_POINT('',#7689);
#7689 = CARTESIAN_POINT('',(-34.76913070678,16.843145370483,
    -2.099999904633));
#7690 = LINE('',#7691,#7692);
#7691 = CARTESIAN_POINT('',(-34.84314346313,16.769130706787,
    -2.099999904633));
#7692 = VECTOR('',#7693,1.);
#7693 = DIRECTION('',(0.707097669984,0.707115892272,0.));
#7694 = ORIENTED_EDGE('',*,*,#7695,.T.);
#7695 = EDGE_CURVE('',#7688,#7696,#7698,.T.);
#7696 = VERTEX_POINT('',#7697);
#7697 = CARTESIAN_POINT('',(-34.68778610229,16.909017562866,
    -2.099999904633));
#7698 = LINE('',#7699,#7700);
#7699 = CARTESIAN_POINT('',(-34.76913070678,16.843145370483,
    -2.099999904633));
#7700 = VECTOR('',#7701,1.);
#7701 = DIRECTION('',(0.777143015556,0.629324028917,0.));
#7702 = ORIENTED_EDGE('',*,*,#7703,.T.);
#7703 = EDGE_CURVE('',#7696,#7704,#7706,.T.);
#7704 = VERTEX_POINT('',#7705);
#7705 = CARTESIAN_POINT('',(-34.59999847412,16.966026306152,
    -2.099999904633));
#7706 = LINE('',#7707,#7708);
#7707 = CARTESIAN_POINT('',(-34.68778610229,16.909017562866,
    -2.099999904633));
#7708 = VECTOR('',#7709,1.);
#7709 = DIRECTION('',(0.838675843863,0.544630910729,0.));
#7710 = ORIENTED_EDGE('',*,*,#7711,.T.);
#7711 = EDGE_CURVE('',#7704,#7712,#7714,.T.);
#7712 = VERTEX_POINT('',#7713);
#7713 = CARTESIAN_POINT('',(-34.50673675537,17.01354598999,
    -2.099999904633));
#7714 = LINE('',#7715,#7716);
#7715 = CARTESIAN_POINT('',(-34.59999847412,16.966026306152,
    -2.099999904633));
#7716 = VECTOR('',#7717,1.);
#7717 = DIRECTION('',(0.891004728414,0.453994024127,0.));
#7718 = ORIENTED_EDGE('',*,*,#7719,.T.);
#7719 = EDGE_CURVE('',#7712,#7720,#7722,.T.);
#7720 = VERTEX_POINT('',#7721);
#7721 = CARTESIAN_POINT('',(-34.40901565551,17.051055908203,
    -2.099999904633));
#7722 = LINE('',#7723,#7724);
#7723 = CARTESIAN_POINT('',(-34.50673675537,17.01354598999,
    -2.099999904633));
#7724 = VECTOR('',#7725,1.);
#7725 = DIRECTION('',(0.933585852052,0.358353815171,0.));
#7726 = ORIENTED_EDGE('',*,*,#7727,.T.);
#7727 = EDGE_CURVE('',#7720,#7728,#7730,.T.);
#7728 = VERTEX_POINT('',#7729);
#7729 = CARTESIAN_POINT('',(-34.30791091918,17.078147888184,
    -2.099999904633));
#7730 = LINE('',#7731,#7732);
#7731 = CARTESIAN_POINT('',(-34.40901565551,17.051055908203,
    -2.099999904633));
#7732 = VECTOR('',#7733,1.);
#7733 = DIRECTION('',(0.965923324299,0.258828382477,0.));
#7734 = ORIENTED_EDGE('',*,*,#7735,.T.);
#7735 = EDGE_CURVE('',#7728,#7736,#7738,.T.);
#7736 = VERTEX_POINT('',#7737);
#7737 = CARTESIAN_POINT('',(-34.20452880859,17.094522476196,
    -2.099999904633));
#7738 = LINE('',#7739,#7740);
#7739 = CARTESIAN_POINT('',(-34.30791091918,17.078147888184,
    -2.099999904633));
#7740 = VECTOR('',#7741,1.);
#7741 = DIRECTION('',(0.987687646378,0.15643884809,0.));
#7742 = ORIENTED_EDGE('',*,*,#7743,.T.);
#7743 = EDGE_CURVE('',#7736,#7744,#7746,.T.);
#7744 = VERTEX_POINT('',#7745);
#7745 = CARTESIAN_POINT('',(-34.09999847412,17.10000038147,
    -2.099999904633));
#7746 = LINE('',#7747,#7748);
#7747 = CARTESIAN_POINT('',(-34.20452880859,17.094522476196,
    -2.099999904633));
#7748 = VECTOR('',#7749,1.);
#7749 = DIRECTION('',(0.998629683256,5.233312258798E-02,0.));
#7750 = ORIENTED_EDGE('',*,*,#7751,.T.);
#7751 = EDGE_CURVE('',#7744,#7752,#7754,.T.);
#7752 = VERTEX_POINT('',#7753);
#7753 = CARTESIAN_POINT('',(34.099998474121,17.10000038147,
    -2.099999904633));
#7754 = LINE('',#7755,#7756);
#7755 = CARTESIAN_POINT('',(-34.09999847412,17.10000038147,
    -2.099999904633));
#7756 = VECTOR('',#7757,1.);
#7757 = DIRECTION('',(1.,0.,0.));
#7758 = ORIENTED_EDGE('',*,*,#7759,.T.);
#7759 = EDGE_CURVE('',#7752,#7760,#7762,.T.);
#7760 = VERTEX_POINT('',#7761);
#7761 = CARTESIAN_POINT('',(34.204528808594,17.094522476196,
    -2.099999904633));
#7762 = LINE('',#7763,#7764);
#7763 = CARTESIAN_POINT('',(34.099998474121,17.10000038147,
    -2.099999904633));
#7764 = VECTOR('',#7765,1.);
#7765 = DIRECTION('',(0.998629683256,-5.233312258798E-02,0.));
#7766 = ORIENTED_EDGE('',*,*,#7767,.T.);
#7767 = EDGE_CURVE('',#7760,#7768,#7770,.T.);
#7768 = VERTEX_POINT('',#7769);
#7769 = CARTESIAN_POINT('',(34.307910919189,17.078147888184,
    -2.099999904633));
#7770 = LINE('',#7771,#7772);
#7771 = CARTESIAN_POINT('',(34.204528808594,17.094522476196,
    -2.099999904633));
#7772 = VECTOR('',#7773,1.);
#7773 = DIRECTION('',(0.987687646378,-0.15643884809,0.));
#7774 = ORIENTED_EDGE('',*,*,#7775,.T.);
#7775 = EDGE_CURVE('',#7768,#7776,#7778,.T.);
#7776 = VERTEX_POINT('',#7777);
#7777 = CARTESIAN_POINT('',(34.409015655518,17.051055908203,
    -2.099999904633));
#7778 = LINE('',#7779,#7780);
#7779 = CARTESIAN_POINT('',(34.307910919189,17.078147888184,
    -2.099999904633));
#7780 = VECTOR('',#7781,1.);
#7781 = DIRECTION('',(0.965923324299,-0.258828382477,0.));
#7782 = ORIENTED_EDGE('',*,*,#7783,.T.);
#7783 = EDGE_CURVE('',#7776,#7784,#7786,.T.);
#7784 = VERTEX_POINT('',#7785);
#7785 = CARTESIAN_POINT('',(34.506736755371,17.01354598999,
    -2.099999904633));
#7786 = LINE('',#7787,#7788);
#7787 = CARTESIAN_POINT('',(34.409015655518,17.051055908203,
    -2.099999904633));
#7788 = VECTOR('',#7789,1.);
#7789 = DIRECTION('',(0.933585852052,-0.358353815171,0.));
#7790 = ORIENTED_EDGE('',*,*,#7791,.T.);
#7791 = EDGE_CURVE('',#7784,#7792,#7794,.T.);
#7792 = VERTEX_POINT('',#7793);
#7793 = CARTESIAN_POINT('',(34.599998474121,16.966026306152,
    -2.099999904633));
#7794 = LINE('',#7795,#7796);
#7795 = CARTESIAN_POINT('',(34.506736755371,17.01354598999,
    -2.099999904633));
#7796 = VECTOR('',#7797,1.);
#7797 = DIRECTION('',(0.891004728414,-0.453994024127,0.));
#7798 = ORIENTED_EDGE('',*,*,#7799,.T.);
#7799 = EDGE_CURVE('',#7792,#7800,#7802,.T.);
#7800 = VERTEX_POINT('',#7801);
#7801 = CARTESIAN_POINT('',(34.687786102295,16.909017562866,
    -2.099999904633));
#7802 = LINE('',#7803,#7804);
#7803 = CARTESIAN_POINT('',(34.599998474121,16.966026306152,
    -2.099999904633));
#7804 = VECTOR('',#7805,1.);
#7805 = DIRECTION('',(0.838675843863,-0.544630910729,0.));
#7806 = ORIENTED_EDGE('',*,*,#7807,.T.);
#7807 = EDGE_CURVE('',#7800,#7808,#7810,.T.);
#7808 = VERTEX_POINT('',#7809);
#7809 = CARTESIAN_POINT('',(34.769130706787,16.843145370483,
    -2.099999904633));
#7810 = LINE('',#7811,#7812);
#7811 = CARTESIAN_POINT('',(34.687786102295,16.909017562866,
    -2.099999904633));
#7812 = VECTOR('',#7813,1.);
#7813 = DIRECTION('',(0.777143015556,-0.629324028917,0.));
#7814 = ORIENTED_EDGE('',*,*,#7815,.T.);
#7815 = EDGE_CURVE('',#7808,#7816,#7818,.T.);
#7816 = VERTEX_POINT('',#7817);
#7817 = CARTESIAN_POINT('',(34.843143463135,16.769130706787,
    -2.099999904633));
#7818 = LINE('',#7819,#7820);
#7819 = CARTESIAN_POINT('',(34.769130706787,16.843145370483,
    -2.099999904633));
#7820 = VECTOR('',#7821,1.);
#7821 = DIRECTION('',(0.707097669984,-0.707115892272,0.));
#7822 = ORIENTED_EDGE('',*,*,#7823,.T.);
#7823 = EDGE_CURVE('',#7816,#7327,#7824,.T.);
#7824 = LINE('',#7825,#7826);
#7825 = CARTESIAN_POINT('',(34.843143463135,16.769130706787,
    -2.099999904633));
#7826 = VECTOR('',#7827,1.);
#7827 = DIRECTION('',(0.629324028917,-0.777143015556,0.));
#7828 = FACE_BOUND('',#7829,.T.);
#7829 = EDGE_LOOP('',(#7830,#7831,#7832,#7833,#7834,#7835,#7836,#7837,
    #7838,#7839,#7840,#7841,#7842,#7843,#7844,#7845,#7846,#7847,#7848,
    #7849,#7850,#7851,#7852,#7853,#7854,#7860,#7861,#7862,#7863,#7864,
    #7865,#7866,#7867,#7868,#7869,#7870,#7871,#7872,#7873,#7874,#7875,
    #7876,#7877,#7878,#7879,#7880,#7881,#7882,#7883,#7884,#7885,#7886,
    #7887,#7888,#7894,#7895,#7896,#7897,#7898,#7899));
#7830 = ORIENTED_EDGE('',*,*,#6399,.T.);
#7831 = ORIENTED_EDGE('',*,*,#7310,.T.);
#7832 = ORIENTED_EDGE('',*,*,#7271,.T.);
#7833 = ORIENTED_EDGE('',*,*,#6429,.T.);
#7834 = ORIENTED_EDGE('',*,*,#6475,.T.);
#7835 = ORIENTED_EDGE('',*,*,#7239,.T.);
#7836 = ORIENTED_EDGE('',*,*,#6514,.T.);
#7837 = ORIENTED_EDGE('',*,*,#6560,.T.);
#7838 = ORIENTED_EDGE('',*,*,#6599,.T.);
#7839 = ORIENTED_EDGE('',*,*,#6638,.T.);
#7840 = ORIENTED_EDGE('',*,*,#6686,.T.);
#7841 = ORIENTED_EDGE('',*,*,#6725,.T.);
#7842 = ORIENTED_EDGE('',*,*,#6764,.T.);
#7843 = ORIENTED_EDGE('',*,*,#6803,.T.);
#7844 = ORIENTED_EDGE('',*,*,#7012,.T.);
#7845 = ORIENTED_EDGE('',*,*,#7051,.T.);
#7846 = ORIENTED_EDGE('',*,*,#7090,.T.);
#7847 = ORIENTED_EDGE('',*,*,#7120,.T.);
#7848 = ORIENTED_EDGE('',*,*,#6964,.T.);
#7849 = ORIENTED_EDGE('',*,*,#6918,.T.);
#7850 = ORIENTED_EDGE('',*,*,#7152,.T.);
#7851 = ORIENTED_EDGE('',*,*,#6879,.T.);
#7852 = ORIENTED_EDGE('',*,*,#6833,.T.);
#7853 = ORIENTED_EDGE('',*,*,#7184,.T.);
#7854 = ORIENTED_EDGE('',*,*,#7855,.T.);
#7855 = EDGE_CURVE('',#7185,#5274,#7856,.T.);
#7856 = LINE('',#7857,#7858);
#7857 = CARTESIAN_POINT('',(29.870000839233,2.368181705475,
    -2.099999904633));
#7858 = VECTOR('',#7859,1.);
#7859 = DIRECTION('',(0.998629522642,5.23361873594E-02,0.));
#7860 = ORIENTED_EDGE('',*,*,#5289,.T.);
#7861 = ORIENTED_EDGE('',*,*,#5328,.T.);
#7862 = ORIENTED_EDGE('',*,*,#5367,.T.);
#7863 = ORIENTED_EDGE('',*,*,#5406,.T.);
#7864 = ORIENTED_EDGE('',*,*,#5445,.T.);
#7865 = ORIENTED_EDGE('',*,*,#5484,.T.);
#7866 = ORIENTED_EDGE('',*,*,#5516,.T.);
#7867 = ORIENTED_EDGE('',*,*,#5234,.T.);
#7868 = ORIENTED_EDGE('',*,*,#5188,.T.);
#7869 = ORIENTED_EDGE('',*,*,#5546,.T.);
#7870 = ORIENTED_EDGE('',*,*,#5585,.T.);
#7871 = ORIENTED_EDGE('',*,*,#5142,.T.);
#7872 = ORIENTED_EDGE('',*,*,#5617,.T.);
#7873 = ORIENTED_EDGE('',*,*,#5658,.T.);
#7874 = ORIENTED_EDGE('',*,*,#5112,.T.);
#7875 = ORIENTED_EDGE('',*,*,#5697,.T.);
#7876 = ORIENTED_EDGE('',*,*,#5736,.T.);
#7877 = ORIENTED_EDGE('',*,*,#5775,.T.);
#7878 = ORIENTED_EDGE('',*,*,#5814,.T.);
#7879 = ORIENTED_EDGE('',*,*,#5853,.T.);
#7880 = ORIENTED_EDGE('',*,*,#5892,.T.);
#7881 = ORIENTED_EDGE('',*,*,#5931,.T.);
#7882 = ORIENTED_EDGE('',*,*,#6002,.T.);
#7883 = ORIENTED_EDGE('',*,*,#5961,.T.);
#7884 = ORIENTED_EDGE('',*,*,#5050,.T.);
#7885 = ORIENTED_EDGE('',*,*,#6133,.T.);
#7886 = ORIENTED_EDGE('',*,*,#6094,.T.);
#7887 = ORIENTED_EDGE('',*,*,#6032,.T.);
#7888 = ORIENTED_EDGE('',*,*,#7889,.T.);
#7889 = EDGE_CURVE('',#6035,#6150,#7890,.T.);
#7890 = LINE('',#7891,#7892);
#7891 = CARTESIAN_POINT('',(30.176458358765,8.215757369995,
    -2.099999904633));
#7892 = VECTOR('',#7893,1.);
#7893 = DIRECTION('',(-0.998629522642,5.23361873594E-02,0.));
#7894 = ORIENTED_EDGE('',*,*,#6149,.T.);
#7895 = ORIENTED_EDGE('',*,*,#6204,.T.);
#7896 = ORIENTED_EDGE('',*,*,#6243,.T.);
#7897 = ORIENTED_EDGE('',*,*,#6282,.T.);
#7898 = ORIENTED_EDGE('',*,*,#6321,.T.);
#7899 = ORIENTED_EDGE('',*,*,#6360,.T.);
#7900 = FACE_BOUND('',#7901,.T.);
#7901 = EDGE_LOOP('',(#7902,#7903,#7904,#7905,#7906,#7907,#7913,#7914,
    #7915,#7916,#7917,#7918,#7919,#7920,#7921,#7922,#7923,#7924,#7925,
    #7926,#7927,#7928,#7929,#7930,#7931,#7932,#7933,#7934,#7935,#7936,
    #7937,#7938,#7939,#7940,#7941,#7947,#7948,#7949,#7950,#7951,#7952,
    #7953,#7954,#7955,#7956,#7957,#7958,#7959,#7960,#7961,#7962,#7963,
    #7964,#7965,#7966,#7967,#7968,#7969,#7970,#7971));
#7902 = ORIENTED_EDGE('',*,*,#4956,.T.);
#7903 = ORIENTED_EDGE('',*,*,#4878,.T.);
#7904 = ORIENTED_EDGE('',*,*,#4924,.T.);
#7905 = ORIENTED_EDGE('',*,*,#4839,.T.);
#7906 = ORIENTED_EDGE('',*,*,#4777,.T.);
#7907 = ORIENTED_EDGE('',*,*,#7908,.T.);
#7908 = EDGE_CURVE('',#4780,#2775,#7909,.T.);
#7909 = LINE('',#7910,#7911);
#7910 = CARTESIAN_POINT('',(-29.87000083923,8.231818199158,
    -2.099999904633));
#7911 = VECTOR('',#7912,1.);
#7912 = DIRECTION('',(-0.998629522642,-5.23361873594E-02,0.));
#7913 = ORIENTED_EDGE('',*,*,#2790,.T.);
#7914 = ORIENTED_EDGE('',*,*,#2829,.T.);
#7915 = ORIENTED_EDGE('',*,*,#2868,.T.);
#7916 = ORIENTED_EDGE('',*,*,#2907,.T.);
#7917 = ORIENTED_EDGE('',*,*,#2946,.T.);
#7918 = ORIENTED_EDGE('',*,*,#2985,.T.);
#7919 = ORIENTED_EDGE('',*,*,#3015,.T.);
#7920 = ORIENTED_EDGE('',*,*,#3857,.T.);
#7921 = ORIENTED_EDGE('',*,*,#3054,.T.);
#7922 = ORIENTED_EDGE('',*,*,#3825,.T.);
#7923 = ORIENTED_EDGE('',*,*,#3100,.T.);
#7924 = ORIENTED_EDGE('',*,*,#3146,.T.);
#7925 = ORIENTED_EDGE('',*,*,#3185,.T.);
#7926 = ORIENTED_EDGE('',*,*,#3224,.T.);
#7927 = ORIENTED_EDGE('',*,*,#3263,.T.);
#7928 = ORIENTED_EDGE('',*,*,#3311,.T.);
#7929 = ORIENTED_EDGE('',*,*,#3350,.T.);
#7930 = ORIENTED_EDGE('',*,*,#3389,.T.);
#7931 = ORIENTED_EDGE('',*,*,#3428,.T.);
#7932 = ORIENTED_EDGE('',*,*,#3513,.T.);
#7933 = ORIENTED_EDGE('',*,*,#3552,.T.);
#7934 = ORIENTED_EDGE('',*,*,#3591,.T.);
#7935 = ORIENTED_EDGE('',*,*,#3706,.T.);
#7936 = ORIENTED_EDGE('',*,*,#3745,.T.);
#7937 = ORIENTED_EDGE('',*,*,#3667,.T.);
#7938 = ORIENTED_EDGE('',*,*,#3621,.T.);
#7939 = ORIENTED_EDGE('',*,*,#3777,.T.);
#7940 = ORIENTED_EDGE('',*,*,#3458,.T.);
#7941 = ORIENTED_EDGE('',*,*,#7942,.T.);
#7942 = EDGE_CURVE('',#3461,#4012,#7943,.T.);
#7943 = LINE('',#7944,#7945);
#7944 = CARTESIAN_POINT('',(-30.17645835876,2.384242534637,
    -2.099999904633));
#7945 = VECTOR('',#7946,1.);
#7946 = DIRECTION('',(0.998629522642,-5.23361873594E-02,0.));
#7947 = ORIENTED_EDGE('',*,*,#4027,.T.);
#7948 = ORIENTED_EDGE('',*,*,#4066,.T.);
#7949 = ORIENTED_EDGE('',*,*,#4105,.T.);
#7950 = ORIENTED_EDGE('',*,*,#4144,.T.);
#7951 = ORIENTED_EDGE('',*,*,#4183,.T.);
#7952 = ORIENTED_EDGE('',*,*,#4222,.T.);
#7953 = ORIENTED_EDGE('',*,*,#4261,.T.);
#7954 = ORIENTED_EDGE('',*,*,#4300,.T.);
#7955 = ORIENTED_EDGE('',*,*,#4330,.T.);
#7956 = ORIENTED_EDGE('',*,*,#3965,.T.);
#7957 = ORIENTED_EDGE('',*,*,#4362,.T.);
#7958 = ORIENTED_EDGE('',*,*,#3919,.T.);
#7959 = ORIENTED_EDGE('',*,*,#4394,.T.);
#7960 = ORIENTED_EDGE('',*,*,#4433,.T.);
#7961 = ORIENTED_EDGE('',*,*,#4474,.T.);
#7962 = ORIENTED_EDGE('',*,*,#3889,.T.);
#7963 = ORIENTED_EDGE('',*,*,#4513,.T.);
#7964 = ORIENTED_EDGE('',*,*,#4552,.T.);
#7965 = ORIENTED_EDGE('',*,*,#4591,.T.);
#7966 = ORIENTED_EDGE('',*,*,#4630,.T.);
#7967 = ORIENTED_EDGE('',*,*,#4669,.T.);
#7968 = ORIENTED_EDGE('',*,*,#4708,.T.);
#7969 = ORIENTED_EDGE('',*,*,#4747,.T.);
#7970 = ORIENTED_EDGE('',*,*,#5004,.T.);
#7971 = ORIENTED_EDGE('',*,*,#5034,.T.);
#7972 = PLANE('',#7973);
#7973 = AXIS2_PLACEMENT_3D('',#7974,#7975,#7976);
#7974 = CARTESIAN_POINT('',(1.695628804441E-15,0.234031342566,
    -2.099999904633));
#7975 = DIRECTION('',(-0.,-0.,-1.));
#7976 = DIRECTION('',(-1.,0.,0.));
#7977 = ADVANCED_FACE('',(#7978),#7989,.T.);
#7978 = FACE_BOUND('',#7979,.T.);
#7979 = EDGE_LOOP('',(#7980,#7981,#7982,#7988));
#7980 = ORIENTED_EDGE('',*,*,#528,.T.);
#7981 = ORIENTED_EDGE('',*,*,#7616,.T.);
#7982 = ORIENTED_EDGE('',*,*,#7983,.F.);
#7983 = EDGE_CURVE('',#621,#7609,#7984,.T.);
#7984 = LINE('',#7985,#7986);
#7985 = CARTESIAN_POINT('',(-35.01040649414,-13.85243797302,
    1.600000023842));
#7986 = VECTOR('',#7987,1.);
#7987 = DIRECTION('',(0.,0.,-1.));
#7988 = ORIENTED_EDGE('',*,*,#620,.T.);
#7989 = PLANE('',#7990);
#7990 = AXIS2_PLACEMENT_3D('',#7991,#7992,#7993);
#7991 = CARTESIAN_POINT('',(-35.04366507752,-13.64245241662,
    -0.26719620569));
#7992 = DIRECTION('',(-0.987688239901,-0.156435100799,-0.));
#7993 = DIRECTION('',(0.156435100799,-0.987688239901,0.));
#7994 = ADVANCED_FACE('',(#7995),#8013,.T.);
#7995 = FACE_BOUND('',#7996,.T.);
#7996 = EDGE_LOOP('',(#7997,#7998,#7999,#8007));
#7997 = ORIENTED_EDGE('',*,*,#7983,.T.);
#7998 = ORIENTED_EDGE('',*,*,#7608,.T.);
#7999 = ORIENTED_EDGE('',*,*,#8000,.F.);
#8000 = EDGE_CURVE('',#8001,#7601,#8003,.T.);
#8001 = VERTEX_POINT('',#8002);
#8002 = CARTESIAN_POINT('',(-34.89933013916,-14.26696968078,
    1.600000023842));
#8003 = LINE('',#8004,#8005);
#8004 = CARTESIAN_POINT('',(-34.89933013916,-14.26696968078,
    1.600000023842));
#8005 = VECTOR('',#8006,1.);
#8006 = DIRECTION('',(0.,0.,-1.));
#8007 = ORIENTED_EDGE('',*,*,#8008,.T.);
#8008 = EDGE_CURVE('',#8001,#621,#8009,.T.);
#8009 = LINE('',#8010,#8011);
#8010 = CARTESIAN_POINT('',(-34.89933013916,-14.26696968078,
    1.600000023842));
#8011 = VECTOR('',#8012,1.);
#8012 = DIRECTION('',(-0.258825390432,0.965924126041,0.));
#8013 = PLANE('',#8014);
#8014 = AXIS2_PLACEMENT_3D('',#8015,#8016,#8017);
#8015 = CARTESIAN_POINT('',(-34.95486831665,-14.0597038269,
    -0.249999940395));
#8016 = DIRECTION('',(-0.965924126041,-0.258825390432,-0.));
#8017 = DIRECTION('',(0.258825390432,-0.965924126041,0.));
#8018 = ADVANCED_FACE('',(#8019),#8044,.T.);
#8019 = FACE_BOUND('',#8020,.T.);
#8020 = EDGE_LOOP('',(#8021,#8029,#8030,#8038));
#8021 = ORIENTED_EDGE('',*,*,#8022,.T.);
#8022 = EDGE_CURVE('',#8023,#7593,#8025,.T.);
#8023 = VERTEX_POINT('',#8024);
#8024 = CARTESIAN_POINT('',(-34.74553680419,-14.66762065887,
    1.600000023842));
#8025 = LINE('',#8026,#8027);
#8026 = CARTESIAN_POINT('',(-34.74553680419,-14.66762065887,
    1.600000023842));
#8027 = VECTOR('',#8028,1.);
#8028 = DIRECTION('',(0.,0.,-1.));
#8029 = ORIENTED_EDGE('',*,*,#7592,.T.);
#8030 = ORIENTED_EDGE('',*,*,#8031,.F.);
#8031 = EDGE_CURVE('',#8032,#7585,#8034,.T.);
#8032 = VERTEX_POINT('',#8033);
#8033 = CARTESIAN_POINT('',(-34.55070495605,-15.05000019073,
    1.600000023842));
#8034 = LINE('',#8035,#8036);
#8035 = CARTESIAN_POINT('',(-34.55070495605,-15.05000019073,
    1.600000023842));
#8036 = VECTOR('',#8037,1.);
#8037 = DIRECTION('',(0.,0.,-1.));
#8038 = ORIENTED_EDGE('',*,*,#8039,.T.);
#8039 = EDGE_CURVE('',#8032,#8023,#8040,.T.);
#8040 = LINE('',#8041,#8042);
#8041 = CARTESIAN_POINT('',(-34.55070495605,-15.05000019073,
    1.600000023842));
#8042 = VECTOR('',#8043,1.);
#8043 = DIRECTION('',(-0.453990028563,0.891006764265,0.));
#8044 = PLANE('',#8045);
#8045 = AXIS2_PLACEMENT_3D('',#8046,#8047,#8048);
#8046 = CARTESIAN_POINT('',(-34.64812088012,-14.8588104248,
    -0.249999940395));
#8047 = DIRECTION('',(-0.891006764265,-0.453990028563,-0.));
#8048 = DIRECTION('',(0.453990028563,-0.891006764265,0.));
#8049 = ADVANCED_FACE('',(#8050),#8061,.T.);
#8050 = FACE_BOUND('',#8051,.T.);
#8051 = EDGE_LOOP('',(#8052,#8053,#8059,#8060));
#8052 = ORIENTED_EDGE('',*,*,#8022,.F.);
#8053 = ORIENTED_EDGE('',*,*,#8054,.T.);
#8054 = EDGE_CURVE('',#8023,#8001,#8055,.T.);
#8055 = LINE('',#8056,#8057);
#8056 = CARTESIAN_POINT('',(-34.74553680419,-14.66762065887,
    1.600000023842));
#8057 = VECTOR('',#8058,1.);
#8058 = DIRECTION('',(-0.358363550337,0.933582115183,0.));
#8059 = ORIENTED_EDGE('',*,*,#8000,.T.);
#8060 = ORIENTED_EDGE('',*,*,#7600,.T.);
#8061 = PLANE('',#8062);
#8062 = AXIS2_PLACEMENT_3D('',#8063,#8064,#8065);
#8063 = CARTESIAN_POINT('',(-34.82243347168,-14.46729516983,
    -0.249999940395));
#8064 = DIRECTION('',(-0.933582115183,-0.358363550337,-0.));
#8065 = DIRECTION('',(0.358363550337,-0.933582115183,0.));
#8066 = ADVANCED_FACE('',(#8067),#8085,.T.);
#8067 = FACE_BOUND('',#8068,.T.);
#8068 = EDGE_LOOP('',(#8069,#8070,#8071,#8079));
#8069 = ORIENTED_EDGE('',*,*,#8031,.T.);
#8070 = ORIENTED_EDGE('',*,*,#7584,.T.);
#8071 = ORIENTED_EDGE('',*,*,#8072,.F.);
#8072 = EDGE_CURVE('',#8073,#7577,#8075,.T.);
#8073 = VERTEX_POINT('',#8074);
#8074 = CARTESIAN_POINT('',(-34.31697082519,-15.40991973877,
    1.600000023842));
#8075 = LINE('',#8076,#8077);
#8076 = CARTESIAN_POINT('',(-34.31697082519,-15.40991973877,
    1.600000023842));
#8077 = VECTOR('',#8078,1.);
#8078 = DIRECTION('',(0.,0.,-1.));
#8079 = ORIENTED_EDGE('',*,*,#8080,.T.);
#8080 = EDGE_CURVE('',#8073,#8032,#8081,.T.);
#8081 = LINE('',#8082,#8083);
#8082 = CARTESIAN_POINT('',(-34.31697082519,-15.40991973877,
    1.600000023842));
#8083 = VECTOR('',#8084,1.);
#8084 = DIRECTION('',(-0.544638450603,0.838670947467,0.));
#8085 = PLANE('',#8086);
#8086 = AXIS2_PLACEMENT_3D('',#8087,#8088,#8089);
#8087 = CARTESIAN_POINT('',(-34.43383789062,-15.22995996475,
    -0.249999940395));
#8088 = DIRECTION('',(-0.838670947467,-0.544638450603,-0.));
#8089 = DIRECTION('',(0.544638450603,-0.838670947467,0.));
#8090 = ADVANCED_FACE('',(#8091),#8109,.T.);
#8091 = FACE_BOUND('',#8092,.T.);
#8092 = EDGE_LOOP('',(#8093,#8101,#8107,#8108));
#8093 = ORIENTED_EDGE('',*,*,#8094,.T.);
#8094 = EDGE_CURVE('',#7569,#8095,#8097,.T.);
#8095 = VERTEX_POINT('',#8096);
#8096 = CARTESIAN_POINT('',(-34.04689407348,-15.74343585968,
    1.600000023842));
#8097 = LINE('',#8098,#8099);
#8098 = CARTESIAN_POINT('',(-34.04689407348,-15.74343585968,
    -2.099999904633));
#8099 = VECTOR('',#8100,1.);
#8100 = DIRECTION('',(0.,0.,1.));
#8101 = ORIENTED_EDGE('',*,*,#8102,.T.);
#8102 = EDGE_CURVE('',#8095,#8073,#8103,.T.);
#8103 = LINE('',#8104,#8105);
#8104 = CARTESIAN_POINT('',(-34.04689407348,-15.74343585968,
    1.600000023842));
#8105 = VECTOR('',#8106,1.);
#8106 = DIRECTION('',(-0.629321407386,0.777145138443,0.));
#8107 = ORIENTED_EDGE('',*,*,#8072,.T.);
#8108 = ORIENTED_EDGE('',*,*,#7576,.T.);
#8109 = PLANE('',#8110);
#8110 = AXIS2_PLACEMENT_3D('',#8111,#8112,#8113);
#8111 = CARTESIAN_POINT('',(-34.18193244934,-15.57667779922,
    -0.249999940395));
#8112 = DIRECTION('',(-0.777145138443,-0.629321407386,-0.));
#8113 = DIRECTION('',(0.629321407386,-0.777145138443,0.));
#8114 = ADVANCED_FACE('',(#8115),#8133,.T.);
#8115 = FACE_BOUND('',#8116,.T.);
#8116 = EDGE_LOOP('',(#8117,#8118,#8119,#8127));
#8117 = ORIENTED_EDGE('',*,*,#8094,.F.);
#8118 = ORIENTED_EDGE('',*,*,#7568,.T.);
#8119 = ORIENTED_EDGE('',*,*,#8120,.F.);
#8120 = EDGE_CURVE('',#8121,#7561,#8123,.T.);
#8121 = VERTEX_POINT('',#8122);
#8122 = CARTESIAN_POINT('',(-33.743434906,-16.04689407348,1.600000023842
    ));
#8123 = LINE('',#8124,#8125);
#8124 = CARTESIAN_POINT('',(-33.743434906,-16.04689407348,1.600000023842
    ));
#8125 = VECTOR('',#8126,1.);
#8126 = DIRECTION('',(0.,0.,-1.));
#8127 = ORIENTED_EDGE('',*,*,#8128,.T.);
#8128 = EDGE_CURVE('',#8121,#8095,#8129,.T.);
#8129 = LINE('',#8130,#8131);
#8130 = CARTESIAN_POINT('',(-33.743434906,-16.04689407348,1.600000023842
    ));
#8131 = VECTOR('',#8132,1.);
#8132 = DIRECTION('',(-0.707107892292,0.70710567008,0.));
#8133 = PLANE('',#8134);
#8134 = AXIS2_PLACEMENT_3D('',#8135,#8136,#8137);
#8135 = CARTESIAN_POINT('',(-33.89516448974,-15.89516496658,
    -0.249999940395));
#8136 = DIRECTION('',(-0.70710567008,-0.707107892292,-0.));
#8137 = DIRECTION('',(-0.707107892292,0.70710567008,0.));
#8138 = ADVANCED_FACE('',(#8139),#8157,.T.);
#8139 = FACE_BOUND('',#8140,.T.);
#8140 = EDGE_LOOP('',(#8141,#8142,#8150,#8156));
#8141 = ORIENTED_EDGE('',*,*,#7560,.T.);
#8142 = ORIENTED_EDGE('',*,*,#8143,.T.);
#8143 = EDGE_CURVE('',#7553,#8144,#8146,.T.);
#8144 = VERTEX_POINT('',#8145);
#8145 = CARTESIAN_POINT('',(-33.40991973877,-16.31696891784,
    1.600000023842));
#8146 = LINE('',#8147,#8148);
#8147 = CARTESIAN_POINT('',(-33.40991973877,-16.31696891784,
    -2.099999904633));
#8148 = VECTOR('',#8149,1.);
#8149 = DIRECTION('',(0.,0.,1.));
#8150 = ORIENTED_EDGE('',*,*,#8151,.T.);
#8151 = EDGE_CURVE('',#8144,#8121,#8152,.T.);
#8152 = LINE('',#8153,#8154);
#8153 = CARTESIAN_POINT('',(-33.40991973877,-16.31696891784,
    1.600000023842));
#8154 = VECTOR('',#8155,1.);
#8155 = DIRECTION('',(-0.777146432003,0.629319809973,0.));
#8156 = ORIENTED_EDGE('',*,*,#8120,.T.);
#8157 = PLANE('',#8158);
#8158 = AXIS2_PLACEMENT_3D('',#8159,#8160,#8161);
#8159 = CARTESIAN_POINT('',(-33.57667732238,-16.18193149566,
    -0.249999940395));
#8160 = DIRECTION('',(-0.629319809973,-0.777146432003,-0.));
#8161 = DIRECTION('',(-0.777146432003,0.629319809973,0.));
#8162 = ADVANCED_FACE('',(#8163),#8181,.T.);
#8163 = FACE_BOUND('',#8164,.T.);
#8164 = EDGE_LOOP('',(#8165,#8166,#8174,#8180));
#8165 = ORIENTED_EDGE('',*,*,#7552,.T.);
#8166 = ORIENTED_EDGE('',*,*,#8167,.F.);
#8167 = EDGE_CURVE('',#8168,#7545,#8170,.T.);
#8168 = VERTEX_POINT('',#8169);
#8169 = CARTESIAN_POINT('',(-33.04999923706,-16.55070495605,
    1.600000023842));
#8170 = LINE('',#8171,#8172);
#8171 = CARTESIAN_POINT('',(-33.04999923706,-16.55070495605,
    1.600000023842));
#8172 = VECTOR('',#8173,1.);
#8173 = DIRECTION('',(0.,0.,-1.));
#8174 = ORIENTED_EDGE('',*,*,#8175,.T.);
#8175 = EDGE_CURVE('',#8168,#8144,#8176,.T.);
#8176 = LINE('',#8177,#8178);
#8177 = CARTESIAN_POINT('',(-33.04999923706,-16.55070495605,
    1.600000023842));
#8178 = VECTOR('',#8179,1.);
#8179 = DIRECTION('',(-0.838669576554,0.54464056162,0.));
#8180 = ORIENTED_EDGE('',*,*,#8143,.F.);
#8181 = PLANE('',#8182);
#8182 = AXIS2_PLACEMENT_3D('',#8183,#8184,#8185);
#8183 = CARTESIAN_POINT('',(-33.22995948791,-16.43383693695,
    -0.249999940395));
#8184 = DIRECTION('',(-0.54464056162,-0.838669576554,-0.));
#8185 = DIRECTION('',(-0.838669576554,0.54464056162,0.));
#8186 = ADVANCED_FACE('',(#8187),#8205,.T.);
#8187 = FACE_BOUND('',#8188,.T.);
#8188 = EDGE_LOOP('',(#8189,#8190,#8198,#8204));
#8189 = ORIENTED_EDGE('',*,*,#7544,.T.);
#8190 = ORIENTED_EDGE('',*,*,#8191,.T.);
#8191 = EDGE_CURVE('',#7537,#8192,#8194,.T.);
#8192 = VERTEX_POINT('',#8193);
#8193 = CARTESIAN_POINT('',(-32.66762161254,-16.74553680419,
    1.600000023842));
#8194 = LINE('',#8195,#8196);
#8195 = CARTESIAN_POINT('',(-32.66762161254,-16.74553680419,
    -2.099999904633));
#8196 = VECTOR('',#8197,1.);
#8197 = DIRECTION('',(0.,0.,1.));
#8198 = ORIENTED_EDGE('',*,*,#8199,.T.);
#8199 = EDGE_CURVE('',#8192,#8168,#8200,.T.);
#8200 = LINE('',#8201,#8202);
#8201 = CARTESIAN_POINT('',(-32.66762161254,-16.74553680419,
    1.600000023842));
#8202 = VECTOR('',#8203,1.);
#8203 = DIRECTION('',(-0.891005848231,0.453991826379,0.));
#8204 = ORIENTED_EDGE('',*,*,#8167,.T.);
#8205 = PLANE('',#8206);
#8206 = AXIS2_PLACEMENT_3D('',#8207,#8208,#8209);
#8207 = CARTESIAN_POINT('',(-32.8588104248,-16.64812088012,
    -0.249999940395));
#8208 = DIRECTION('',(-0.453991826379,-0.891005848231,-0.));
#8209 = DIRECTION('',(-0.891005848231,0.453991826379,0.));
#8210 = ADVANCED_FACE('',(#8211),#8229,.T.);
#8211 = FACE_BOUND('',#8212,.T.);
#8212 = EDGE_LOOP('',(#8213,#8214,#8222,#8228));
#8213 = ORIENTED_EDGE('',*,*,#7536,.T.);
#8214 = ORIENTED_EDGE('',*,*,#8215,.T.);
#8215 = EDGE_CURVE('',#7529,#8216,#8218,.T.);
#8216 = VERTEX_POINT('',#8217);
#8217 = CARTESIAN_POINT('',(-32.26696777343,-16.8993320465,
    1.600000023842));
#8218 = LINE('',#8219,#8220);
#8219 = CARTESIAN_POINT('',(-32.26696777343,-16.8993320465,
    -2.099999904633));
#8220 = VECTOR('',#8221,1.);
#8221 = DIRECTION('',(0.,0.,1.));
#8222 = ORIENTED_EDGE('',*,*,#8223,.T.);
#8223 = EDGE_CURVE('',#8216,#8192,#8224,.T.);
#8224 = LINE('',#8225,#8226);
#8225 = CARTESIAN_POINT('',(-32.26696777343,-16.8993320465,
    1.600000023842));
#8226 = VECTOR('',#8227,1.);
#8227 = DIRECTION('',(-0.93358148441,0.358365193577,0.));
#8228 = ORIENTED_EDGE('',*,*,#8191,.F.);
#8229 = PLANE('',#8230);
#8230 = AXIS2_PLACEMENT_3D('',#8231,#8232,#8233);
#8231 = CARTESIAN_POINT('',(-32.46729469299,-16.82243442535,
    -0.249999940395));
#8232 = DIRECTION('',(-0.358365193577,-0.93358148441,-0.));
#8233 = DIRECTION('',(-0.93358148441,0.358365193577,0.));
#8234 = ADVANCED_FACE('',(#8235),#8253,.T.);
#8235 = FACE_BOUND('',#8236,.T.);
#8236 = EDGE_LOOP('',(#8237,#8238,#8246,#8252));
#8237 = ORIENTED_EDGE('',*,*,#7528,.T.);
#8238 = ORIENTED_EDGE('',*,*,#8239,.T.);
#8239 = EDGE_CURVE('',#7521,#8240,#8242,.T.);
#8240 = VERTEX_POINT('',#8241);
#8241 = CARTESIAN_POINT('',(-31.85243797302,-17.01040458679,
    1.600000023842));
#8242 = LINE('',#8243,#8244);
#8243 = CARTESIAN_POINT('',(-31.85243797302,-17.01040458679,
    -2.099999904633));
#8244 = VECTOR('',#8245,1.);
#8245 = DIRECTION('',(0.,0.,1.));
#8246 = ORIENTED_EDGE('',*,*,#8247,.T.);
#8247 = EDGE_CURVE('',#8240,#8216,#8248,.T.);
#8248 = LINE('',#8249,#8250);
#8249 = CARTESIAN_POINT('',(-31.85243797302,-17.01040458679,
    1.600000023842));
#8250 = VECTOR('',#8251,1.);
#8251 = DIRECTION('',(-0.965926050554,0.258818208132,0.));
#8252 = ORIENTED_EDGE('',*,*,#8215,.F.);
#8253 = PLANE('',#8254);
#8254 = AXIS2_PLACEMENT_3D('',#8255,#8256,#8257);
#8255 = CARTESIAN_POINT('',(-32.05970287323,-16.95486831665,
    -0.249999940395));
#8256 = DIRECTION('',(-0.258818208132,-0.965926050554,-0.));
#8257 = DIRECTION('',(-0.965926050554,0.258818208132,0.));
#8258 = ADVANCED_FACE('',(#8259),#8277,.T.);
#8259 = FACE_BOUND('',#8260,.T.);
#8260 = EDGE_LOOP('',(#8261,#8262,#8270,#8276));
#8261 = ORIENTED_EDGE('',*,*,#7520,.T.);
#8262 = ORIENTED_EDGE('',*,*,#8263,.T.);
#8263 = EDGE_CURVE('',#7513,#8264,#8266,.T.);
#8264 = VERTEX_POINT('',#8265);
#8265 = CARTESIAN_POINT('',(-31.428565979,-17.07753944397,1.600000023842
    ));
#8266 = LINE('',#8267,#8268);
#8267 = CARTESIAN_POINT('',(-31.428565979,-17.07753944397,
    -2.099999904633));
#8268 = VECTOR('',#8269,1.);
#8269 = DIRECTION('',(0.,0.,1.));
#8270 = ORIENTED_EDGE('',*,*,#8271,.T.);
#8271 = EDGE_CURVE('',#8264,#8240,#8272,.T.);
#8272 = LINE('',#8273,#8274);
#8273 = CARTESIAN_POINT('',(-31.428565979,-17.07753944397,1.600000023842
    ));
#8274 = VECTOR('',#8275,1.);
#8275 = DIRECTION('',(-0.987688294282,0.156434757447,0.));
#8276 = ORIENTED_EDGE('',*,*,#8239,.F.);
#8277 = PLANE('',#8278);
#8278 = AXIS2_PLACEMENT_3D('',#8279,#8280,#8281);
#8279 = CARTESIAN_POINT('',(-31.64050197601,-17.04397201538,
    -0.249999940395));
#8280 = DIRECTION('',(-0.156434757447,-0.987688294282,-0.));
#8281 = DIRECTION('',(-0.987688294282,0.156434757447,0.));
#8282 = ADVANCED_FACE('',(#8283),#8301,.T.);
#8283 = FACE_BOUND('',#8284,.T.);
#8284 = EDGE_LOOP('',(#8285,#8286,#8294,#8300));
#8285 = ORIENTED_EDGE('',*,*,#7512,.T.);
#8286 = ORIENTED_EDGE('',*,*,#8287,.T.);
#8287 = EDGE_CURVE('',#7505,#8288,#8290,.T.);
#8288 = VERTEX_POINT('',#8289);
#8289 = CARTESIAN_POINT('',(-31.,-17.10000038147,1.600000023842));
#8290 = LINE('',#8291,#8292);
#8291 = CARTESIAN_POINT('',(-31.,-17.10000038147,-2.099999904633));
#8292 = VECTOR('',#8293,1.);
#8293 = DIRECTION('',(0.,0.,1.));
#8294 = ORIENTED_EDGE('',*,*,#8295,.T.);
#8295 = EDGE_CURVE('',#8288,#8264,#8296,.T.);
#8296 = LINE('',#8297,#8298);
#8297 = CARTESIAN_POINT('',(-31.,-17.10000038147,1.600000023842));
#8298 = VECTOR('',#8299,1.);
#8299 = DIRECTION('',(-0.99862944387,5.233769039846E-02,0.));
#8300 = ORIENTED_EDGE('',*,*,#8263,.F.);
#8301 = PLANE('',#8302);
#8302 = AXIS2_PLACEMENT_3D('',#8303,#8304,#8305);
#8303 = CARTESIAN_POINT('',(-31.2142829895,-17.08876991272,
    -0.249999940395));
#8304 = DIRECTION('',(-5.233769039846E-02,-0.99862944387,-0.));
#8305 = DIRECTION('',(-0.99862944387,5.233769039846E-02,0.));
#8306 = ADVANCED_FACE('',(#8307),#8332,.T.);
#8307 = FACE_BOUND('',#8308,.T.);
#8308 = EDGE_LOOP('',(#8309,#8317,#8318,#8326));
#8309 = ORIENTED_EDGE('',*,*,#8310,.T.);
#8310 = EDGE_CURVE('',#8311,#1568,#8313,.T.);
#8311 = VERTEX_POINT('',#8312);
#8312 = CARTESIAN_POINT('',(31.209056854248,-14.98904418945,
    -1.100000023842));
#8313 = LINE('',#8314,#8315);
#8314 = CARTESIAN_POINT('',(31.209056854248,-14.98904418945,
    -1.100000023842));
#8315 = VECTOR('',#8316,1.);
#8316 = DIRECTION('',(0.,0.,1.));
#8317 = ORIENTED_EDGE('',*,*,#1567,.F.);
#8318 = ORIENTED_EDGE('',*,*,#8319,.F.);
#8319 = EDGE_CURVE('',#8320,#1560,#8322,.T.);
#8320 = VERTEX_POINT('',#8321);
#8321 = CARTESIAN_POINT('',(31.415822982788,-14.95629501342,
    -1.100000023842));
#8322 = LINE('',#8323,#8324);
#8323 = CARTESIAN_POINT('',(31.415822982788,-14.95629501342,
    -1.100000023842));
#8324 = VECTOR('',#8325,1.);
#8325 = DIRECTION('',(0.,0.,1.));
#8326 = ORIENTED_EDGE('',*,*,#8327,.T.);
#8327 = EDGE_CURVE('',#8320,#8311,#8328,.T.);
#8328 = LINE('',#8329,#8330);
#8329 = CARTESIAN_POINT('',(31.415822982788,-14.95629501342,
    -1.100000023842));
#8330 = VECTOR('',#8331,1.);
#8331 = DIRECTION('',(-0.987687869354,-0.15643744031,0.));
#8332 = PLANE('',#8333);
#8333 = AXIS2_PLACEMENT_3D('',#8334,#8335,#8336);
#8334 = CARTESIAN_POINT('',(31.312439918518,-14.97266960144,
    -0.600000012666));
#8335 = DIRECTION('',(-0.15643744031,0.987687869354,0.));
#8336 = DIRECTION('',(0.987687869354,0.15643744031,0.));
#8337 = ADVANCED_FACE('',(#8338),#9131,.T.);
#8338 = FACE_BOUND('',#8339,.T.);
#8339 = EDGE_LOOP('',(#8340,#8341,#8349,#8357,#8365,#8373,#8381,#8389,
    #8397,#8405,#8413,#8421,#8429,#8437,#8445,#8453,#8461,#8469,#8477,
    #8485,#8493,#8501,#8509,#8517,#8525,#8533,#8541,#8549,#8557,#8565,
    #8573,#8581,#8589,#8597,#8605,#8613,#8621,#8629,#8637,#8645,#8653,
    #8661,#8669,#8677,#8685,#8693,#8701,#8709,#8717,#8725,#8733,#8741,
    #8749,#8757,#8765,#8773,#8781,#8789,#8797,#8805,#8813,#8821,#8829,
    #8837,#8845,#8853,#8861,#8869,#8877,#8885,#8893,#8901,#8909,#8917,
    #8925,#8933,#8941,#8949,#8957,#8965,#8973,#8981,#8989,#8997,#9005,
    #9013,#9021,#9029,#9037,#9045,#9053,#9061,#9069,#9077,#9085,#9093,
    #9101,#9109,#9117,#9125));
#8340 = ORIENTED_EDGE('',*,*,#8327,.F.);
#8341 = ORIENTED_EDGE('',*,*,#8342,.T.);
#8342 = EDGE_CURVE('',#8320,#8343,#8345,.T.);
#8343 = VERTEX_POINT('',#8344);
#8344 = CARTESIAN_POINT('',(31.618034362793,-14.90211296081,
    -1.100000023842));
#8345 = LINE('',#8346,#8347);
#8346 = CARTESIAN_POINT('',(31.415822982788,-14.95629501342,
    -1.100000023842));
#8347 = VECTOR('',#8348,1.);
#8348 = DIRECTION('',(0.965926212446,0.25881760394,0.));
#8349 = ORIENTED_EDGE('',*,*,#8350,.T.);
#8350 = EDGE_CURVE('',#8343,#8351,#8353,.T.);
#8351 = VERTEX_POINT('',#8352);
#8352 = CARTESIAN_POINT('',(31.813472747803,-14.82709121704,
    -1.100000023842));
#8353 = LINE('',#8354,#8355);
#8354 = CARTESIAN_POINT('',(31.618034362793,-14.90211296081,
    -1.100000023842));
#8355 = VECTOR('',#8356,1.);
#8356 = DIRECTION('',(0.933580463729,0.358367852554,0.));
#8357 = ORIENTED_EDGE('',*,*,#8358,.T.);
#8358 = EDGE_CURVE('',#8351,#8359,#8361,.T.);
#8359 = VERTEX_POINT('',#8360);
#8360 = CARTESIAN_POINT('',(32.,-14.73205089569,-1.100000023842));
#8361 = LINE('',#8362,#8363);
#8362 = CARTESIAN_POINT('',(31.813472747803,-14.82709121704,
    -1.100000023842));
#8363 = VECTOR('',#8364,1.);
#8364 = DIRECTION('',(0.891006641416,0.453990269667,0.));
#8365 = ORIENTED_EDGE('',*,*,#8366,.T.);
#8366 = EDGE_CURVE('',#8359,#8367,#8369,.T.);
#8367 = VERTEX_POINT('',#8368);
#8368 = CARTESIAN_POINT('',(32.17557144165,-14.61803436279,
    -1.100000023842));
#8369 = LINE('',#8370,#8371);
#8370 = CARTESIAN_POINT('',(32.,-14.73205089569,-1.100000023842));
#8371 = VECTOR('',#8372,1.);
#8372 = DIRECTION('',(0.838672519576,0.544636029755,0.));
#8373 = ORIENTED_EDGE('',*,*,#8374,.T.);
#8374 = EDGE_CURVE('',#8367,#8375,#8377,.T.);
#8375 = VERTEX_POINT('',#8376);
#8376 = CARTESIAN_POINT('',(32.338260650635,-14.48628997802,
    -1.100000023842));
#8377 = LINE('',#8378,#8379);
#8378 = CARTESIAN_POINT('',(32.17557144165,-14.61803436279,
    -1.100000023842));
#8379 = VECTOR('',#8380,1.);
#8380 = DIRECTION('',(0.777143015556,0.629324028917,0.));
#8381 = ORIENTED_EDGE('',*,*,#8382,.T.);
#8382 = EDGE_CURVE('',#8375,#8383,#8385,.T.);
#8383 = VERTEX_POINT('',#8384);
#8384 = CARTESIAN_POINT('',(32.486289978027,-14.3382616043,
    -1.100000023842));
#8385 = LINE('',#8386,#8387);
#8386 = CARTESIAN_POINT('',(32.338260650635,-14.48628997802,
    -1.100000023842));
#8387 = VECTOR('',#8388,1.);
#8388 = DIRECTION('',(0.707109058947,0.707104503419,0.));
#8389 = ORIENTED_EDGE('',*,*,#8390,.T.);
#8390 = EDGE_CURVE('',#8383,#8391,#8393,.T.);
#8391 = VERTEX_POINT('',#8392);
#8392 = CARTESIAN_POINT('',(32.618034362793,-14.17557048797,
    -1.100000023842));
#8393 = LINE('',#8394,#8395);
#8394 = CARTESIAN_POINT('',(32.486289978027,-14.3382616043,
    -1.100000023842));
#8395 = VECTOR('',#8396,1.);
#8396 = DIRECTION('',(0.629319572914,0.77714662397,0.));
#8397 = ORIENTED_EDGE('',*,*,#8398,.T.);
#8398 = EDGE_CURVE('',#8391,#8399,#8401,.T.);
#8399 = VERTEX_POINT('',#8400);
#8400 = CARTESIAN_POINT('',(32.732051849365,-14.,-1.100000023842));
#8401 = LINE('',#8402,#8403);
#8402 = CARTESIAN_POINT('',(32.618034362793,-14.17557048797,
    -1.100000023842));
#8403 = VECTOR('',#8404,1.);
#8404 = DIRECTION('',(0.544641314814,0.838669087422,0.));
#8405 = ORIENTED_EDGE('',*,*,#8406,.T.);
#8406 = EDGE_CURVE('',#8399,#8407,#8409,.T.);
#8407 = VERTEX_POINT('',#8408);
#8408 = CARTESIAN_POINT('',(32.827091217041,-13.81347370147,
    -1.100000023842));
#8409 = LINE('',#8410,#8411);
#8410 = CARTESIAN_POINT('',(32.732051849365,-14.,-1.100000023842));
#8411 = VECTOR('',#8412,1.);
#8412 = DIRECTION('',(0.453988495803,0.891007545242,0.));
#8413 = ORIENTED_EDGE('',*,*,#8414,.T.);
#8414 = EDGE_CURVE('',#8407,#8415,#8417,.T.);
#8415 = VERTEX_POINT('',#8416);
#8416 = CARTESIAN_POINT('',(32.902114868164,-13.61803436279,
    -1.100000023842));
#8417 = LINE('',#8418,#8419);
#8418 = CARTESIAN_POINT('',(32.827091217041,-13.81347370147,
    -1.100000023842));
#8419 = VECTOR('',#8420,1.);
#8420 = DIRECTION('',(0.35837426937,0.933578000519,0.));
#8421 = ORIENTED_EDGE('',*,*,#8422,.T.);
#8422 = EDGE_CURVE('',#8415,#8423,#8425,.T.);
#8423 = VERTEX_POINT('',#8424);
#8424 = CARTESIAN_POINT('',(32.956295013428,-13.41582298278,
    -1.100000023842));
#8425 = LINE('',#8426,#8427);
#8426 = CARTESIAN_POINT('',(32.902114868164,-13.61803436279,
    -1.100000023842));
#8427 = VECTOR('',#8428,1.);
#8428 = DIRECTION('',(0.258809103178,0.965928490165,0.));
#8429 = ORIENTED_EDGE('',*,*,#8430,.T.);
#8430 = EDGE_CURVE('',#8423,#8431,#8433,.T.);
#8431 = VERTEX_POINT('',#8432);
#8432 = CARTESIAN_POINT('',(32.989044189453,-13.20905685424,
    -1.100000023842));
#8433 = LINE('',#8434,#8435);
#8434 = CARTESIAN_POINT('',(32.956295013428,-13.41582298278,
    -1.100000023842));
#8435 = VECTOR('',#8436,1.);
#8436 = DIRECTION('',(0.15643744031,0.987687869354,0.));
#8437 = ORIENTED_EDGE('',*,*,#8438,.F.);
#8438 = EDGE_CURVE('',#8439,#8431,#8441,.T.);
#8439 = VERTEX_POINT('',#8440);
#8440 = CARTESIAN_POINT('',(33.,-13.,-1.100000023842));
#8441 = LINE('',#8442,#8443);
#8442 = CARTESIAN_POINT('',(33.,-13.,-1.100000023842));
#8443 = VECTOR('',#8444,1.);
#8444 = DIRECTION('',(-5.233407490429E-02,-0.99862963335,0.));
#8445 = ORIENTED_EDGE('',*,*,#8446,.F.);
#8446 = EDGE_CURVE('',#8447,#8439,#8449,.T.);
#8447 = VERTEX_POINT('',#8448);
#8448 = CARTESIAN_POINT('',(33.,1.299999952316,-1.100000023842));
#8449 = LINE('',#8450,#8451);
#8450 = CARTESIAN_POINT('',(33.,1.299999952316,-1.100000023842));
#8451 = VECTOR('',#8452,1.);
#8452 = DIRECTION('',(0.,-1.,0.));
#8453 = ORIENTED_EDGE('',*,*,#8454,.T.);
#8454 = EDGE_CURVE('',#8447,#8455,#8457,.T.);
#8455 = VERTEX_POINT('',#8456);
#8456 = CARTESIAN_POINT('',(29.870000839233,1.299999952316,
    -1.100000023842));
#8457 = LINE('',#8458,#8459);
#8458 = CARTESIAN_POINT('',(33.,1.299999952316,-1.100000023842));
#8459 = VECTOR('',#8460,1.);
#8460 = DIRECTION('',(-1.,0.,0.));
#8461 = ORIENTED_EDGE('',*,*,#8462,.T.);
#8462 = EDGE_CURVE('',#8455,#8463,#8465,.T.);
#8463 = VERTEX_POINT('',#8464);
#8464 = CARTESIAN_POINT('',(29.451885223389,1.321912407875,
    -1.100000023842));
#8465 = LINE('',#8466,#8467);
#8466 = CARTESIAN_POINT('',(29.870000839233,1.299999952316,
    -1.100000023842));
#8467 = VECTOR('',#8468,1.);
#8468 = DIRECTION('',(-0.998629541664,5.233582440394E-02,0.));
#8469 = ORIENTED_EDGE('',*,*,#8470,.T.);
#8470 = EDGE_CURVE('',#8463,#8471,#8473,.T.);
#8471 = VERTEX_POINT('',#8472);
#8472 = CARTESIAN_POINT('',(29.038352966309,1.387409567833,
    -1.100000023842));
#8473 = LINE('',#8474,#8475);
#8474 = CARTESIAN_POINT('',(29.451885223389,1.321912407875,
    -1.100000023842));
#8475 = VECTOR('',#8476,1.);
#8476 = DIRECTION('',(-0.987688309278,0.156434662771,0.));
#8477 = ORIENTED_EDGE('',*,*,#8478,.T.);
#8478 = EDGE_CURVE('',#8471,#8479,#8481,.T.);
#8479 = VERTEX_POINT('',#8480);
#8480 = CARTESIAN_POINT('',(28.633932113647,1.495773911476,
    -1.100000023842));
#8481 = LINE('',#8482,#8483);
#8482 = CARTESIAN_POINT('',(29.038352966309,1.387409567833,
    -1.100000023842));
#8483 = VECTOR('',#8484,1.);
#8484 = DIRECTION('',(-0.965925764924,0.258819274118,0.));
#8485 = ORIENTED_EDGE('',*,*,#8486,.T.);
#8486 = EDGE_CURVE('',#8479,#8487,#8489,.T.);
#8487 = VERTEX_POINT('',#8488);
#8488 = CARTESIAN_POINT('',(28.243053436279,1.645818114281,
    -1.100000023842));
#8489 = LINE('',#8490,#8491);
#8490 = CARTESIAN_POINT('',(28.633932113647,1.495773911476,
    -1.100000023842));
#8491 = VECTOR('',#8492,1.);
#8492 = DIRECTION('',(-0.933580477238,0.35836781736,0.));
#8493 = ORIENTED_EDGE('',*,*,#8494,.T.);
#8494 = EDGE_CURVE('',#8487,#8495,#8497,.T.);
#8495 = VERTEX_POINT('',#8496);
#8496 = CARTESIAN_POINT('',(27.870000839233,1.835898399353,
    -1.100000023842));
#8497 = LINE('',#8498,#8499);
#8498 = CARTESIAN_POINT('',(28.243053436279,1.645818114281,
    -1.100000023842));
#8499 = VECTOR('',#8500,1.);
#8500 = DIRECTION('',(-0.891006048001,0.453991434308,0.));
#8501 = ORIENTED_EDGE('',*,*,#8502,.T.);
#8502 = EDGE_CURVE('',#8495,#8503,#8505,.T.);
#8503 = VERTEX_POINT('',#8504);
#8504 = CARTESIAN_POINT('',(27.518859863281,2.063931941986,
    -1.100000023842));
#8505 = LINE('',#8506,#8507);
#8506 = CARTESIAN_POINT('',(27.870000839233,1.835898399353,
    -1.100000023842));
#8507 = VECTOR('',#8508,1.);
#8508 = DIRECTION('',(-0.838670648058,0.544638911652,0.));
#8509 = ORIENTED_EDGE('',*,*,#8510,.T.);
#8510 = EDGE_CURVE('',#8503,#8511,#8513,.T.);
#8511 = VERTEX_POINT('',#8512);
#8512 = CARTESIAN_POINT('',(27.193477630615,2.327420711517,
    -1.100000023842));
#8513 = LINE('',#8514,#8515);
#8514 = CARTESIAN_POINT('',(27.518859863281,2.063931941986,
    -1.100000023842));
#8515 = VECTOR('',#8516,1.);
#8516 = DIRECTION('',(-0.77714662397,0.629319572914,0.));
#8517 = ORIENTED_EDGE('',*,*,#8518,.T.);
#8518 = EDGE_CURVE('',#8511,#8519,#8521,.T.);
#8519 = VERTEX_POINT('',#8520);
#8520 = CARTESIAN_POINT('',(26.897420883179,2.623477458954,
    -1.100000023842));
#8521 = LINE('',#8522,#8523);
#8522 = CARTESIAN_POINT('',(27.193477630615,2.327420711517,
    -1.100000023842));
#8523 = VECTOR('',#8524,1.);
#8524 = DIRECTION('',(-0.707106781187,0.707106781187,0.));
#8525 = ORIENTED_EDGE('',*,*,#8526,.T.);
#8526 = EDGE_CURVE('',#8519,#8527,#8529,.T.);
#8527 = VERTEX_POINT('',#8528);
#8528 = CARTESIAN_POINT('',(26.633932113647,2.948858976364,
    -1.100000023842));
#8529 = LINE('',#8530,#8531);
#8530 = CARTESIAN_POINT('',(26.897420883179,2.623477458954,
    -1.100000023842));
#8531 = VECTOR('',#8532,1.);
#8532 = DIRECTION('',(-0.629320408411,0.777145947398,0.));
#8533 = ORIENTED_EDGE('',*,*,#8534,.T.);
#8534 = EDGE_CURVE('',#8527,#8535,#8537,.T.);
#8535 = VERTEX_POINT('',#8536);
#8536 = CARTESIAN_POINT('',(26.405899047852,3.299999952316,
    -1.100000023842));
#8537 = LINE('',#8538,#8539);
#8538 = CARTESIAN_POINT('',(26.633932113647,2.948858976364,
    -1.100000023842));
#8539 = VECTOR('',#8540,1.);
#8540 = DIRECTION('',(-0.544638110595,0.83867116827,0.));
#8541 = ORIENTED_EDGE('',*,*,#8542,.T.);
#8542 = EDGE_CURVE('',#8535,#8543,#8545,.T.);
#8543 = VERTEX_POINT('',#8544);
#8544 = CARTESIAN_POINT('',(26.215818405151,3.673053503036,
    -1.100000023842));
#8545 = LINE('',#8546,#8547);
#8546 = CARTESIAN_POINT('',(26.405899047852,3.299999952316,
    -1.100000023842));
#8547 = VECTOR('',#8548,1.);
#8548 = DIRECTION('',(-0.453991191043,0.891006171951,0.));
#8549 = ORIENTED_EDGE('',*,*,#8550,.T.);
#8550 = EDGE_CURVE('',#8543,#8551,#8553,.T.);
#8551 = VERTEX_POINT('',#8552);
#8552 = CARTESIAN_POINT('',(26.065773010254,4.063931941986,
    -1.100000023842));
#8553 = LINE('',#8554,#8555);
#8554 = CARTESIAN_POINT('',(26.215818405151,3.673053503036,
    -1.100000023842));
#8555 = VECTOR('',#8556,1.);
#8556 = DIRECTION('',(-0.358370489425,0.933579451525,0.));
#8557 = ORIENTED_EDGE('',*,*,#8558,.T.);
#8558 = EDGE_CURVE('',#8551,#8559,#8561,.T.);
#8559 = VERTEX_POINT('',#8560);
#8560 = CARTESIAN_POINT('',(25.957408905029,4.468353271484,
    -1.100000023842));
#8561 = LINE('',#8562,#8563);
#8562 = CARTESIAN_POINT('',(26.065773010254,4.063931941986,
    -1.100000023842));
#8563 = VECTOR('',#8564,1.);
#8564 = DIRECTION('',(-0.2588184581,0.965925983576,0.));
#8565 = ORIENTED_EDGE('',*,*,#8566,.T.);
#8566 = EDGE_CURVE('',#8559,#8567,#8569,.T.);
#8567 = VERTEX_POINT('',#8568);
#8568 = CARTESIAN_POINT('',(25.891912460327,4.881886005402,
    -1.100000023842));
#8569 = LINE('',#8570,#8571);
#8570 = CARTESIAN_POINT('',(25.957408905029,4.468353271484,
    -1.100000023842));
#8571 = VECTOR('',#8572,1.);
#8572 = DIRECTION('',(-0.15643282028,0.987688601098,0.));
#8573 = ORIENTED_EDGE('',*,*,#8574,.T.);
#8574 = EDGE_CURVE('',#8567,#8575,#8577,.T.);
#8575 = VERTEX_POINT('',#8576);
#8576 = CARTESIAN_POINT('',(25.870000839233,5.300000190735,
    -1.100000023842));
#8577 = LINE('',#8578,#8579);
#8578 = CARTESIAN_POINT('',(25.891912460327,4.881886005402,
    -1.100000023842));
#8579 = VECTOR('',#8580,1.);
#8580 = DIRECTION('',(-5.233401538351E-02,0.998629636469,0.));
#8581 = ORIENTED_EDGE('',*,*,#8582,.T.);
#8582 = EDGE_CURVE('',#8575,#8583,#8585,.T.);
#8583 = VERTEX_POINT('',#8584);
#8584 = CARTESIAN_POINT('',(25.891912460327,5.718113899231,
    -1.100000023842));
#8585 = LINE('',#8586,#8587);
#8586 = CARTESIAN_POINT('',(25.870000839233,5.300000190735,
    -1.100000023842));
#8587 = VECTOR('',#8588,1.);
#8588 = DIRECTION('',(5.233407490429E-02,0.99862963335,0.));
#8589 = ORIENTED_EDGE('',*,*,#8590,.T.);
#8590 = EDGE_CURVE('',#8583,#8591,#8593,.T.);
#8591 = VERTEX_POINT('',#8592);
#8592 = CARTESIAN_POINT('',(25.957408905029,6.131646633148,
    -1.100000023842));
#8593 = LINE('',#8594,#8595);
#8594 = CARTESIAN_POINT('',(25.891912460327,5.718113899231,
    -1.100000023842));
#8595 = VECTOR('',#8596,1.);
#8596 = DIRECTION('',(0.15643282028,0.987688601098,0.));
#8597 = ORIENTED_EDGE('',*,*,#8598,.T.);
#8598 = EDGE_CURVE('',#8591,#8599,#8601,.T.);
#8599 = VERTEX_POINT('',#8600);
#8600 = CARTESIAN_POINT('',(26.065773010254,6.536067962646,
    -1.100000023842));
#8601 = LINE('',#8602,#8603);
#8602 = CARTESIAN_POINT('',(25.957408905029,6.131646633148,
    -1.100000023842));
#8603 = VECTOR('',#8604,1.);
#8604 = DIRECTION('',(0.2588184581,0.965925983576,0.));
#8605 = ORIENTED_EDGE('',*,*,#8606,.T.);
#8606 = EDGE_CURVE('',#8599,#8607,#8609,.T.);
#8607 = VERTEX_POINT('',#8608);
#8608 = CARTESIAN_POINT('',(26.215818405151,6.926946640015,
    -1.100000023842));
#8609 = LINE('',#8610,#8611);
#8610 = CARTESIAN_POINT('',(26.065773010254,6.536067962646,
    -1.100000023842));
#8611 = VECTOR('',#8612,1.);
#8612 = DIRECTION('',(0.358370298909,0.933579524658,0.));
#8613 = ORIENTED_EDGE('',*,*,#8614,.T.);
#8614 = EDGE_CURVE('',#8607,#8615,#8617,.T.);
#8615 = VERTEX_POINT('',#8616);
#8616 = CARTESIAN_POINT('',(26.405899047852,7.300000190735,
    -1.100000023842));
#8617 = LINE('',#8618,#8619);
#8618 = CARTESIAN_POINT('',(26.215818405151,6.926946640015,
    -1.100000023842));
#8619 = VECTOR('',#8620,1.);
#8620 = DIRECTION('',(0.453991191043,0.891006171951,0.));
#8621 = ORIENTED_EDGE('',*,*,#8622,.T.);
#8622 = EDGE_CURVE('',#8615,#8623,#8625,.T.);
#8623 = VERTEX_POINT('',#8624);
#8624 = CARTESIAN_POINT('',(26.633932113647,7.651141166687,
    -1.100000023842));
#8625 = LINE('',#8626,#8627);
#8626 = CARTESIAN_POINT('',(26.405899047852,7.300000190735,
    -1.100000023842));
#8627 = VECTOR('',#8628,1.);
#8628 = DIRECTION('',(0.544638110595,0.83867116827,0.));
#8629 = ORIENTED_EDGE('',*,*,#8630,.T.);
#8630 = EDGE_CURVE('',#8623,#8631,#8633,.T.);
#8631 = VERTEX_POINT('',#8632);
#8632 = CARTESIAN_POINT('',(26.897420883179,7.976522445679,
    -1.100000023842));
#8633 = LINE('',#8634,#8635);
#8634 = CARTESIAN_POINT('',(26.633932113647,7.651141166687,
    -1.100000023842));
#8635 = VECTOR('',#8636,1.);
#8636 = DIRECTION('',(0.629320686911,0.777145721874,0.));
#8637 = ORIENTED_EDGE('',*,*,#8638,.T.);
#8638 = EDGE_CURVE('',#8631,#8639,#8641,.T.);
#8639 = VERTEX_POINT('',#8640);
#8640 = CARTESIAN_POINT('',(27.193477630615,8.272579193115,
    -1.100000023842));
#8641 = LINE('',#8642,#8643);
#8642 = CARTESIAN_POINT('',(26.897420883179,7.976522445679,
    -1.100000023842));
#8643 = VECTOR('',#8644,1.);
#8644 = DIRECTION('',(0.707106781187,0.707106781187,0.));
#8645 = ORIENTED_EDGE('',*,*,#8646,.T.);
#8646 = EDGE_CURVE('',#8639,#8647,#8649,.T.);
#8647 = VERTEX_POINT('',#8648);
#8648 = CARTESIAN_POINT('',(27.518859863281,8.536067962646,
    -1.100000023842));
#8649 = LINE('',#8650,#8651);
#8650 = CARTESIAN_POINT('',(27.193477630615,8.272579193115,
    -1.100000023842));
#8651 = VECTOR('',#8652,1.);
#8652 = DIRECTION('',(0.77714662397,0.629319572914,0.));
#8653 = ORIENTED_EDGE('',*,*,#8654,.T.);
#8654 = EDGE_CURVE('',#8647,#8655,#8657,.T.);
#8655 = VERTEX_POINT('',#8656);
#8656 = CARTESIAN_POINT('',(27.870000839233,8.764101982117,
    -1.100000023842));
#8657 = LINE('',#8658,#8659);
#8658 = CARTESIAN_POINT('',(27.518859863281,8.536067962646,
    -1.100000023842));
#8659 = VECTOR('',#8660,1.);
#8660 = DIRECTION('',(0.838670127846,0.544639712708,0.));
#8661 = ORIENTED_EDGE('',*,*,#8662,.T.);
#8662 = EDGE_CURVE('',#8655,#8663,#8665,.T.);
#8663 = VERTEX_POINT('',#8664);
#8664 = CARTESIAN_POINT('',(28.243053436279,8.954181671143,
    -1.100000023842));
#8665 = LINE('',#8666,#8667);
#8666 = CARTESIAN_POINT('',(27.870000839233,8.764101982117,
    -1.100000023842));
#8667 = VECTOR('',#8668,1.);
#8668 = DIRECTION('',(0.891006623864,0.453990304116,0.));
#8669 = ORIENTED_EDGE('',*,*,#8670,.T.);
#8670 = EDGE_CURVE('',#8663,#8671,#8673,.T.);
#8671 = VERTEX_POINT('',#8672);
#8672 = CARTESIAN_POINT('',(28.633932113647,9.104226112366,
    -1.100000023842));
#8673 = LINE('',#8674,#8675);
#8674 = CARTESIAN_POINT('',(28.243053436279,8.954181671143,
    -1.100000023842));
#8675 = VECTOR('',#8676,1.);
#8676 = DIRECTION('',(0.933580286723,0.358368313671,0.));
#8677 = ORIENTED_EDGE('',*,*,#8678,.T.);
#8678 = EDGE_CURVE('',#8671,#8679,#8681,.T.);
#8679 = VERTEX_POINT('',#8680);
#8680 = CARTESIAN_POINT('',(29.038352966309,9.21259021759,
    -1.100000023842));
#8681 = LINE('',#8682,#8683);
#8682 = CARTESIAN_POINT('',(28.633932113647,9.104226112366,
    -1.100000023842));
#8683 = VECTOR('',#8684,1.);
#8684 = DIRECTION('',(0.965925907285,0.258818742821,0.));
#8685 = ORIENTED_EDGE('',*,*,#8686,.T.);
#8686 = EDGE_CURVE('',#8679,#8687,#8689,.T.);
#8687 = VERTEX_POINT('',#8688);
#8688 = CARTESIAN_POINT('',(29.451885223389,9.278087615967,
    -1.100000023842));
#8689 = LINE('',#8690,#8691);
#8690 = CARTESIAN_POINT('',(29.038352966309,9.21259021759,
    -1.100000023842));
#8691 = VECTOR('',#8692,1.);
#8692 = DIRECTION('',(0.987688221294,0.156435218279,0.));
#8693 = ORIENTED_EDGE('',*,*,#8694,.T.);
#8694 = EDGE_CURVE('',#8687,#8695,#8697,.T.);
#8695 = VERTEX_POINT('',#8696);
#8696 = CARTESIAN_POINT('',(29.870000839233,9.300000190735,
    -1.100000023842));
#8697 = LINE('',#8698,#8699);
#8698 = CARTESIAN_POINT('',(29.451885223389,9.278087615967,
    -1.100000023842));
#8699 = VECTOR('',#8700,1.);
#8700 = DIRECTION('',(0.998629526783,5.233610834417E-02,0.));
#8701 = ORIENTED_EDGE('',*,*,#8702,.T.);
#8702 = EDGE_CURVE('',#8695,#8703,#8705,.T.);
#8703 = VERTEX_POINT('',#8704);
#8704 = CARTESIAN_POINT('',(33.,9.300000190735,-1.100000023842));
#8705 = LINE('',#8706,#8707);
#8706 = CARTESIAN_POINT('',(29.870000839233,9.300000190735,
    -1.100000023842));
#8707 = VECTOR('',#8708,1.);
#8708 = DIRECTION('',(1.,0.,0.));
#8709 = ORIENTED_EDGE('',*,*,#8710,.T.);
#8710 = EDGE_CURVE('',#8703,#8711,#8713,.T.);
#8711 = VERTEX_POINT('',#8712);
#8712 = CARTESIAN_POINT('',(33.,15.,-1.100000023842));
#8713 = LINE('',#8714,#8715);
#8714 = CARTESIAN_POINT('',(33.,9.300000190735,-1.100000023842));
#8715 = VECTOR('',#8716,1.);
#8716 = DIRECTION('',(0.,1.,0.));
#8717 = ORIENTED_EDGE('',*,*,#8718,.T.);
#8718 = EDGE_CURVE('',#8711,#8719,#8721,.T.);
#8719 = VERTEX_POINT('',#8720);
#8720 = CARTESIAN_POINT('',(-33.,15.,-1.100000023842));
#8721 = LINE('',#8722,#8723);
#8722 = CARTESIAN_POINT('',(33.,15.,-1.100000023842));
#8723 = VECTOR('',#8724,1.);
#8724 = DIRECTION('',(-1.,0.,0.));
#8725 = ORIENTED_EDGE('',*,*,#8726,.T.);
#8726 = EDGE_CURVE('',#8719,#8727,#8729,.T.);
#8727 = VERTEX_POINT('',#8728);
#8728 = CARTESIAN_POINT('',(-33.,9.300000190735,-1.100000023842));
#8729 = LINE('',#8730,#8731);
#8730 = CARTESIAN_POINT('',(-33.,15.,-1.100000023842));
#8731 = VECTOR('',#8732,1.);
#8732 = DIRECTION('',(0.,-1.,0.));
#8733 = ORIENTED_EDGE('',*,*,#8734,.T.);
#8734 = EDGE_CURVE('',#8727,#8735,#8737,.T.);
#8735 = VERTEX_POINT('',#8736);
#8736 = CARTESIAN_POINT('',(-29.87000083923,9.300000190735,
    -1.100000023842));
#8737 = LINE('',#8738,#8739);
#8738 = CARTESIAN_POINT('',(-33.,9.300000190735,-1.100000023842));
#8739 = VECTOR('',#8740,1.);
#8740 = DIRECTION('',(1.,0.,0.));
#8741 = ORIENTED_EDGE('',*,*,#8742,.T.);
#8742 = EDGE_CURVE('',#8735,#8743,#8745,.T.);
#8743 = VERTEX_POINT('',#8744);
#8744 = CARTESIAN_POINT('',(-29.45188522338,9.278087615967,
    -1.100000023842));
#8745 = LINE('',#8746,#8747);
#8746 = CARTESIAN_POINT('',(-29.87000083923,9.300000190735,
    -1.100000023842));
#8747 = VECTOR('',#8748,1.);
#8748 = DIRECTION('',(0.998629526783,-5.233610834417E-02,0.));
#8749 = ORIENTED_EDGE('',*,*,#8750,.T.);
#8750 = EDGE_CURVE('',#8743,#8751,#8753,.T.);
#8751 = VERTEX_POINT('',#8752);
#8752 = CARTESIAN_POINT('',(-29.0383529663,9.21259021759,-1.100000023842
    ));
#8753 = LINE('',#8754,#8755);
#8754 = CARTESIAN_POINT('',(-29.45188522338,9.278087615967,
    -1.100000023842));
#8755 = VECTOR('',#8756,1.);
#8756 = DIRECTION('',(0.987688221294,-0.156435218279,0.));
#8757 = ORIENTED_EDGE('',*,*,#8758,.T.);
#8758 = EDGE_CURVE('',#8751,#8759,#8761,.T.);
#8759 = VERTEX_POINT('',#8760);
#8760 = CARTESIAN_POINT('',(-28.63393211364,9.104226112366,
    -1.100000023842));
#8761 = LINE('',#8762,#8763);
#8762 = CARTESIAN_POINT('',(-29.0383529663,9.21259021759,-1.100000023842
    ));
#8763 = VECTOR('',#8764,1.);
#8764 = DIRECTION('',(0.965925907285,-0.258818742821,0.));
#8765 = ORIENTED_EDGE('',*,*,#8766,.T.);
#8766 = EDGE_CURVE('',#8759,#8767,#8769,.T.);
#8767 = VERTEX_POINT('',#8768);
#8768 = CARTESIAN_POINT('',(-28.24305343627,8.954181671143,
    -1.100000023842));
#8769 = LINE('',#8770,#8771);
#8770 = CARTESIAN_POINT('',(-28.63393211364,9.104226112366,
    -1.100000023842));
#8771 = VECTOR('',#8772,1.);
#8772 = DIRECTION('',(0.933580286723,-0.358368313671,0.));
#8773 = ORIENTED_EDGE('',*,*,#8774,.T.);
#8774 = EDGE_CURVE('',#8767,#8775,#8777,.T.);
#8775 = VERTEX_POINT('',#8776);
#8776 = CARTESIAN_POINT('',(-27.87000083923,8.764101982117,
    -1.100000023842));
#8777 = LINE('',#8778,#8779);
#8778 = CARTESIAN_POINT('',(-28.24305343627,8.954181671143,
    -1.100000023842));
#8779 = VECTOR('',#8780,1.);
#8780 = DIRECTION('',(0.891006623864,-0.453990304116,0.));
#8781 = ORIENTED_EDGE('',*,*,#8782,.T.);
#8782 = EDGE_CURVE('',#8775,#8783,#8785,.T.);
#8783 = VERTEX_POINT('',#8784);
#8784 = CARTESIAN_POINT('',(-27.51885986328,8.536067962646,
    -1.100000023842));
#8785 = LINE('',#8786,#8787);
#8786 = CARTESIAN_POINT('',(-27.87000083923,8.764101982117,
    -1.100000023842));
#8787 = VECTOR('',#8788,1.);
#8788 = DIRECTION('',(0.838670127846,-0.544639712708,0.));
#8789 = ORIENTED_EDGE('',*,*,#8790,.T.);
#8790 = EDGE_CURVE('',#8783,#8791,#8793,.T.);
#8791 = VERTEX_POINT('',#8792);
#8792 = CARTESIAN_POINT('',(-27.19347763061,8.272579193115,
    -1.100000023842));
#8793 = LINE('',#8794,#8795);
#8794 = CARTESIAN_POINT('',(-27.51885986328,8.536067962646,
    -1.100000023842));
#8795 = VECTOR('',#8796,1.);
#8796 = DIRECTION('',(0.77714662397,-0.629319572914,0.));
#8797 = ORIENTED_EDGE('',*,*,#8798,.T.);
#8798 = EDGE_CURVE('',#8791,#8799,#8801,.T.);
#8799 = VERTEX_POINT('',#8800);
#8800 = CARTESIAN_POINT('',(-26.89742088317,7.976522445679,
    -1.100000023842));
#8801 = LINE('',#8802,#8803);
#8802 = CARTESIAN_POINT('',(-27.19347763061,8.272579193115,
    -1.100000023842));
#8803 = VECTOR('',#8804,1.);
#8804 = DIRECTION('',(0.707106781187,-0.707106781187,0.));
#8805 = ORIENTED_EDGE('',*,*,#8806,.T.);
#8806 = EDGE_CURVE('',#8799,#8807,#8809,.T.);
#8807 = VERTEX_POINT('',#8808);
#8808 = CARTESIAN_POINT('',(-26.63393211364,7.651141166687,
    -1.100000023842));
#8809 = LINE('',#8810,#8811);
#8810 = CARTESIAN_POINT('',(-26.89742088317,7.976522445679,
    -1.100000023842));
#8811 = VECTOR('',#8812,1.);
#8812 = DIRECTION('',(0.629320686911,-0.777145721874,0.));
#8813 = ORIENTED_EDGE('',*,*,#8814,.T.);
#8814 = EDGE_CURVE('',#8807,#8815,#8817,.T.);
#8815 = VERTEX_POINT('',#8816);
#8816 = CARTESIAN_POINT('',(-26.40589904785,7.300000190735,
    -1.100000023842));
#8817 = LINE('',#8818,#8819);
#8818 = CARTESIAN_POINT('',(-26.63393211364,7.651141166687,
    -1.100000023842));
#8819 = VECTOR('',#8820,1.);
#8820 = DIRECTION('',(0.544638110595,-0.83867116827,0.));
#8821 = ORIENTED_EDGE('',*,*,#8822,.T.);
#8822 = EDGE_CURVE('',#8815,#8823,#8825,.T.);
#8823 = VERTEX_POINT('',#8824);
#8824 = CARTESIAN_POINT('',(-26.21581840515,6.926946640015,
    -1.100000023842));
#8825 = LINE('',#8826,#8827);
#8826 = CARTESIAN_POINT('',(-26.40589904785,7.300000190735,
    -1.100000023842));
#8827 = VECTOR('',#8828,1.);
#8828 = DIRECTION('',(0.453991191043,-0.891006171951,0.));
#8829 = ORIENTED_EDGE('',*,*,#8830,.T.);
#8830 = EDGE_CURVE('',#8823,#8831,#8833,.T.);
#8831 = VERTEX_POINT('',#8832);
#8832 = CARTESIAN_POINT('',(-26.06577301025,6.536067962646,
    -1.100000023842));
#8833 = LINE('',#8834,#8835);
#8834 = CARTESIAN_POINT('',(-26.21581840515,6.926946640015,
    -1.100000023842));
#8835 = VECTOR('',#8836,1.);
#8836 = DIRECTION('',(0.358370298909,-0.933579524658,0.));
#8837 = ORIENTED_EDGE('',*,*,#8838,.T.);
#8838 = EDGE_CURVE('',#8831,#8839,#8841,.T.);
#8839 = VERTEX_POINT('',#8840);
#8840 = CARTESIAN_POINT('',(-25.95740890502,6.131646633148,
    -1.100000023842));
#8841 = LINE('',#8842,#8843);
#8842 = CARTESIAN_POINT('',(-26.06577301025,6.536067962646,
    -1.100000023842));
#8843 = VECTOR('',#8844,1.);
#8844 = DIRECTION('',(0.2588184581,-0.965925983576,0.));
#8845 = ORIENTED_EDGE('',*,*,#8846,.T.);
#8846 = EDGE_CURVE('',#8839,#8847,#8849,.T.);
#8847 = VERTEX_POINT('',#8848);
#8848 = CARTESIAN_POINT('',(-25.89191246032,5.718113899231,
    -1.100000023842));
#8849 = LINE('',#8850,#8851);
#8850 = CARTESIAN_POINT('',(-25.95740890502,6.131646633148,
    -1.100000023842));
#8851 = VECTOR('',#8852,1.);
#8852 = DIRECTION('',(0.15643282028,-0.987688601098,0.));
#8853 = ORIENTED_EDGE('',*,*,#8854,.T.);
#8854 = EDGE_CURVE('',#8847,#8855,#8857,.T.);
#8855 = VERTEX_POINT('',#8856);
#8856 = CARTESIAN_POINT('',(-25.87000083923,5.300000190735,
    -1.100000023842));
#8857 = LINE('',#8858,#8859);
#8858 = CARTESIAN_POINT('',(-25.89191246032,5.718113899231,
    -1.100000023842));
#8859 = VECTOR('',#8860,1.);
#8860 = DIRECTION('',(5.233407490429E-02,-0.99862963335,0.));
#8861 = ORIENTED_EDGE('',*,*,#8862,.T.);
#8862 = EDGE_CURVE('',#8855,#8863,#8865,.T.);
#8863 = VERTEX_POINT('',#8864);
#8864 = CARTESIAN_POINT('',(-25.89191246032,4.881886005402,
    -1.100000023842));
#8865 = LINE('',#8866,#8867);
#8866 = CARTESIAN_POINT('',(-25.87000083923,5.300000190735,
    -1.100000023842));
#8867 = VECTOR('',#8868,1.);
#8868 = DIRECTION('',(-5.233401538351E-02,-0.998629636469,0.));
#8869 = ORIENTED_EDGE('',*,*,#8870,.T.);
#8870 = EDGE_CURVE('',#8863,#8871,#8873,.T.);
#8871 = VERTEX_POINT('',#8872);
#8872 = CARTESIAN_POINT('',(-25.95740890502,4.468353271484,
    -1.100000023842));
#8873 = LINE('',#8874,#8875);
#8874 = CARTESIAN_POINT('',(-25.89191246032,4.881886005402,
    -1.100000023842));
#8875 = VECTOR('',#8876,1.);
#8876 = DIRECTION('',(-0.15643282028,-0.987688601098,0.));
#8877 = ORIENTED_EDGE('',*,*,#8878,.T.);
#8878 = EDGE_CURVE('',#8871,#8879,#8881,.T.);
#8879 = VERTEX_POINT('',#8880);
#8880 = CARTESIAN_POINT('',(-26.06577301025,4.063931941986,
    -1.100000023842));
#8881 = LINE('',#8882,#8883);
#8882 = CARTESIAN_POINT('',(-25.95740890502,4.468353271484,
    -1.100000023842));
#8883 = VECTOR('',#8884,1.);
#8884 = DIRECTION('',(-0.2588184581,-0.965925983576,0.));
#8885 = ORIENTED_EDGE('',*,*,#8886,.T.);
#8886 = EDGE_CURVE('',#8879,#8887,#8889,.T.);
#8887 = VERTEX_POINT('',#8888);
#8888 = CARTESIAN_POINT('',(-26.21581840515,3.673053503036,
    -1.100000023842));
#8889 = LINE('',#8890,#8891);
#8890 = CARTESIAN_POINT('',(-26.06577301025,4.063931941986,
    -1.100000023842));
#8891 = VECTOR('',#8892,1.);
#8892 = DIRECTION('',(-0.358370489425,-0.933579451525,0.));
#8893 = ORIENTED_EDGE('',*,*,#8894,.T.);
#8894 = EDGE_CURVE('',#8887,#8895,#8897,.T.);
#8895 = VERTEX_POINT('',#8896);
#8896 = CARTESIAN_POINT('',(-26.40589904785,3.299999952316,
    -1.100000023842));
#8897 = LINE('',#8898,#8899);
#8898 = CARTESIAN_POINT('',(-26.21581840515,3.673053503036,
    -1.100000023842));
#8899 = VECTOR('',#8900,1.);
#8900 = DIRECTION('',(-0.453991191043,-0.891006171951,0.));
#8901 = ORIENTED_EDGE('',*,*,#8902,.T.);
#8902 = EDGE_CURVE('',#8895,#8903,#8905,.T.);
#8903 = VERTEX_POINT('',#8904);
#8904 = CARTESIAN_POINT('',(-26.63393211364,2.948858976364,
    -1.100000023842));
#8905 = LINE('',#8906,#8907);
#8906 = CARTESIAN_POINT('',(-26.40589904785,3.299999952316,
    -1.100000023842));
#8907 = VECTOR('',#8908,1.);
#8908 = DIRECTION('',(-0.544638110595,-0.83867116827,0.));
#8909 = ORIENTED_EDGE('',*,*,#8910,.T.);
#8910 = EDGE_CURVE('',#8903,#8911,#8913,.T.);
#8911 = VERTEX_POINT('',#8912);
#8912 = CARTESIAN_POINT('',(-26.89742088317,2.623477458954,
    -1.100000023842));
#8913 = LINE('',#8914,#8915);
#8914 = CARTESIAN_POINT('',(-26.63393211364,2.948858976364,
    -1.100000023842));
#8915 = VECTOR('',#8916,1.);
#8916 = DIRECTION('',(-0.629320408411,-0.777145947398,0.));
#8917 = ORIENTED_EDGE('',*,*,#8918,.T.);
#8918 = EDGE_CURVE('',#8911,#8919,#8921,.T.);
#8919 = VERTEX_POINT('',#8920);
#8920 = CARTESIAN_POINT('',(-27.19347763061,2.327420711517,
    -1.100000023842));
#8921 = LINE('',#8922,#8923);
#8922 = CARTESIAN_POINT('',(-26.89742088317,2.623477458954,
    -1.100000023842));
#8923 = VECTOR('',#8924,1.);
#8924 = DIRECTION('',(-0.707106781187,-0.707106781187,0.));
#8925 = ORIENTED_EDGE('',*,*,#8926,.T.);
#8926 = EDGE_CURVE('',#8919,#8927,#8929,.T.);
#8927 = VERTEX_POINT('',#8928);
#8928 = CARTESIAN_POINT('',(-27.51885986328,2.063931941986,
    -1.100000023842));
#8929 = LINE('',#8930,#8931);
#8930 = CARTESIAN_POINT('',(-27.19347763061,2.327420711517,
    -1.100000023842));
#8931 = VECTOR('',#8932,1.);
#8932 = DIRECTION('',(-0.77714662397,-0.629319572914,0.));
#8933 = ORIENTED_EDGE('',*,*,#8934,.T.);
#8934 = EDGE_CURVE('',#8927,#8935,#8937,.T.);
#8935 = VERTEX_POINT('',#8936);
#8936 = CARTESIAN_POINT('',(-27.87000083923,1.835898399353,
    -1.100000023842));
#8937 = LINE('',#8938,#8939);
#8938 = CARTESIAN_POINT('',(-27.51885986328,2.063931941986,
    -1.100000023842));
#8939 = VECTOR('',#8940,1.);
#8940 = DIRECTION('',(-0.838670648058,-0.544638911652,0.));
#8941 = ORIENTED_EDGE('',*,*,#8942,.T.);
#8942 = EDGE_CURVE('',#8935,#8943,#8945,.T.);
#8943 = VERTEX_POINT('',#8944);
#8944 = CARTESIAN_POINT('',(-28.24305343627,1.645818114281,
    -1.100000023842));
#8945 = LINE('',#8946,#8947);
#8946 = CARTESIAN_POINT('',(-27.87000083923,1.835898399353,
    -1.100000023842));
#8947 = VECTOR('',#8948,1.);
#8948 = DIRECTION('',(-0.891006048001,-0.453991434308,0.));
#8949 = ORIENTED_EDGE('',*,*,#8950,.T.);
#8950 = EDGE_CURVE('',#8943,#8951,#8953,.T.);
#8951 = VERTEX_POINT('',#8952);
#8952 = CARTESIAN_POINT('',(-28.63393211364,1.495773911476,
    -1.100000023842));
#8953 = LINE('',#8954,#8955);
#8954 = CARTESIAN_POINT('',(-28.24305343627,1.645818114281,
    -1.100000023842));
#8955 = VECTOR('',#8956,1.);
#8956 = DIRECTION('',(-0.933580477238,-0.35836781736,0.));
#8957 = ORIENTED_EDGE('',*,*,#8958,.T.);
#8958 = EDGE_CURVE('',#8951,#8959,#8961,.T.);
#8959 = VERTEX_POINT('',#8960);
#8960 = CARTESIAN_POINT('',(-29.0383529663,1.387409567833,
    -1.100000023842));
#8961 = LINE('',#8962,#8963);
#8962 = CARTESIAN_POINT('',(-28.63393211364,1.495773911476,
    -1.100000023842));
#8963 = VECTOR('',#8964,1.);
#8964 = DIRECTION('',(-0.965925764924,-0.258819274118,0.));
#8965 = ORIENTED_EDGE('',*,*,#8966,.T.);
#8966 = EDGE_CURVE('',#8959,#8967,#8969,.T.);
#8967 = VERTEX_POINT('',#8968);
#8968 = CARTESIAN_POINT('',(-29.45188522338,1.321912407875,
    -1.100000023842));
#8969 = LINE('',#8970,#8971);
#8970 = CARTESIAN_POINT('',(-29.0383529663,1.387409567833,
    -1.100000023842));
#8971 = VECTOR('',#8972,1.);
#8972 = DIRECTION('',(-0.987688309278,-0.156434662771,0.));
#8973 = ORIENTED_EDGE('',*,*,#8974,.T.);
#8974 = EDGE_CURVE('',#8967,#8975,#8977,.T.);
#8975 = VERTEX_POINT('',#8976);
#8976 = CARTESIAN_POINT('',(-29.87000083923,1.299999952316,
    -1.100000023842));
#8977 = LINE('',#8978,#8979);
#8978 = CARTESIAN_POINT('',(-29.45188522338,1.321912407875,
    -1.100000023842));
#8979 = VECTOR('',#8980,1.);
#8980 = DIRECTION('',(-0.998629541664,-5.233582440394E-02,0.));
#8981 = ORIENTED_EDGE('',*,*,#8982,.T.);
#8982 = EDGE_CURVE('',#8975,#8983,#8985,.T.);
#8983 = VERTEX_POINT('',#8984);
#8984 = CARTESIAN_POINT('',(-33.,1.299999952316,-1.100000023842));
#8985 = LINE('',#8986,#8987);
#8986 = CARTESIAN_POINT('',(-29.87000083923,1.299999952316,
    -1.100000023842));
#8987 = VECTOR('',#8988,1.);
#8988 = DIRECTION('',(-1.,0.,0.));
#8989 = ORIENTED_EDGE('',*,*,#8990,.F.);
#8990 = EDGE_CURVE('',#8991,#8983,#8993,.T.);
#8991 = VERTEX_POINT('',#8992);
#8992 = CARTESIAN_POINT('',(-33.,-13.,-1.100000023842));
#8993 = LINE('',#8994,#8995);
#8994 = CARTESIAN_POINT('',(-33.,-13.,-1.100000023842));
#8995 = VECTOR('',#8996,1.);
#8996 = DIRECTION('',(0.,1.,0.));
#8997 = ORIENTED_EDGE('',*,*,#8998,.F.);
#8998 = EDGE_CURVE('',#8999,#8991,#9001,.T.);
#8999 = VERTEX_POINT('',#9000);
#9000 = CARTESIAN_POINT('',(-32.98904418945,-13.20905685424,
    -1.100000023842));
#9001 = LINE('',#9002,#9003);
#9002 = CARTESIAN_POINT('',(-32.98904418945,-13.20905685424,
    -1.100000023842));
#9003 = VECTOR('',#9004,1.);
#9004 = DIRECTION('',(-5.233407490429E-02,0.99862963335,0.));
#9005 = ORIENTED_EDGE('',*,*,#9006,.F.);
#9006 = EDGE_CURVE('',#9007,#8999,#9009,.T.);
#9007 = VERTEX_POINT('',#9008);
#9008 = CARTESIAN_POINT('',(-32.95629501342,-13.41582298278,
    -1.100000023842));
#9009 = LINE('',#9010,#9011);
#9010 = CARTESIAN_POINT('',(-32.95629501342,-13.41582298278,
    -1.100000023842));
#9011 = VECTOR('',#9012,1.);
#9012 = DIRECTION('',(-0.15643744031,0.987687869354,0.));
#9013 = ORIENTED_EDGE('',*,*,#9014,.F.);
#9014 = EDGE_CURVE('',#9015,#9007,#9017,.T.);
#9015 = VERTEX_POINT('',#9016);
#9016 = CARTESIAN_POINT('',(-32.90211486816,-13.61803436279,
    -1.100000023842));
#9017 = LINE('',#9018,#9019);
#9018 = CARTESIAN_POINT('',(-32.90211486816,-13.61803436279,
    -1.100000023842));
#9019 = VECTOR('',#9020,1.);
#9020 = DIRECTION('',(-0.258809103178,0.965928490165,0.));
#9021 = ORIENTED_EDGE('',*,*,#9022,.F.);
#9022 = EDGE_CURVE('',#9023,#9015,#9025,.T.);
#9023 = VERTEX_POINT('',#9024);
#9024 = CARTESIAN_POINT('',(-32.82709121704,-13.81347370147,
    -1.100000023842));
#9025 = LINE('',#9026,#9027);
#9026 = CARTESIAN_POINT('',(-32.82709121704,-13.81347370147,
    -1.100000023842));
#9027 = VECTOR('',#9028,1.);
#9028 = DIRECTION('',(-0.35837426937,0.933578000519,0.));
#9029 = ORIENTED_EDGE('',*,*,#9030,.F.);
#9030 = EDGE_CURVE('',#9031,#9023,#9033,.T.);
#9031 = VERTEX_POINT('',#9032);
#9032 = CARTESIAN_POINT('',(-32.73205184936,-14.,-1.100000023842));
#9033 = LINE('',#9034,#9035);
#9034 = CARTESIAN_POINT('',(-32.73205184936,-14.,-1.100000023842));
#9035 = VECTOR('',#9036,1.);
#9036 = DIRECTION('',(-0.453988495803,0.891007545242,0.));
#9037 = ORIENTED_EDGE('',*,*,#9038,.F.);
#9038 = EDGE_CURVE('',#9039,#9031,#9041,.T.);
#9039 = VERTEX_POINT('',#9040);
#9040 = CARTESIAN_POINT('',(-32.61803436279,-14.17557048797,
    -1.100000023842));
#9041 = LINE('',#9042,#9043);
#9042 = CARTESIAN_POINT('',(-32.61803436279,-14.17557048797,
    -1.100000023842));
#9043 = VECTOR('',#9044,1.);
#9044 = DIRECTION('',(-0.544641314814,0.838669087422,0.));
#9045 = ORIENTED_EDGE('',*,*,#9046,.F.);
#9046 = EDGE_CURVE('',#9047,#9039,#9049,.T.);
#9047 = VERTEX_POINT('',#9048);
#9048 = CARTESIAN_POINT('',(-32.48628997802,-14.3382616043,
    -1.100000023842));
#9049 = LINE('',#9050,#9051);
#9050 = CARTESIAN_POINT('',(-32.48628997802,-14.3382616043,
    -1.100000023842));
#9051 = VECTOR('',#9052,1.);
#9052 = DIRECTION('',(-0.629319572914,0.77714662397,0.));
#9053 = ORIENTED_EDGE('',*,*,#9054,.F.);
#9054 = EDGE_CURVE('',#9055,#9047,#9057,.T.);
#9055 = VERTEX_POINT('',#9056);
#9056 = CARTESIAN_POINT('',(-32.33826065063,-14.48628997802,
    -1.100000023842));
#9057 = LINE('',#9058,#9059);
#9058 = CARTESIAN_POINT('',(-32.33826065063,-14.48628997802,
    -1.100000023842));
#9059 = VECTOR('',#9060,1.);
#9060 = DIRECTION('',(-0.707109058947,0.707104503419,0.));
#9061 = ORIENTED_EDGE('',*,*,#9062,.F.);
#9062 = EDGE_CURVE('',#9063,#9055,#9065,.T.);
#9063 = VERTEX_POINT('',#9064);
#9064 = CARTESIAN_POINT('',(-32.17557144165,-14.61803436279,
    -1.100000023842));
#9065 = LINE('',#9066,#9067);
#9066 = CARTESIAN_POINT('',(-32.17557144165,-14.61803436279,
    -1.100000023842));
#9067 = VECTOR('',#9068,1.);
#9068 = DIRECTION('',(-0.777143015556,0.629324028917,0.));
#9069 = ORIENTED_EDGE('',*,*,#9070,.F.);
#9070 = EDGE_CURVE('',#9071,#9063,#9073,.T.);
#9071 = VERTEX_POINT('',#9072);
#9072 = CARTESIAN_POINT('',(-32.,-14.73205089569,-1.100000023842));
#9073 = LINE('',#9074,#9075);
#9074 = CARTESIAN_POINT('',(-32.,-14.73205089569,-1.100000023842));
#9075 = VECTOR('',#9076,1.);
#9076 = DIRECTION('',(-0.838672519576,0.544636029755,0.));
#9077 = ORIENTED_EDGE('',*,*,#9078,.F.);
#9078 = EDGE_CURVE('',#9079,#9071,#9081,.T.);
#9079 = VERTEX_POINT('',#9080);
#9080 = CARTESIAN_POINT('',(-31.8134727478,-14.82709121704,
    -1.100000023842));
#9081 = LINE('',#9082,#9083);
#9082 = CARTESIAN_POINT('',(-31.8134727478,-14.82709121704,
    -1.100000023842));
#9083 = VECTOR('',#9084,1.);
#9084 = DIRECTION('',(-0.891006641416,0.453990269667,0.));
#9085 = ORIENTED_EDGE('',*,*,#9086,.F.);
#9086 = EDGE_CURVE('',#9087,#9079,#9089,.T.);
#9087 = VERTEX_POINT('',#9088);
#9088 = CARTESIAN_POINT('',(-31.61803436279,-14.90211296081,
    -1.100000023842));
#9089 = LINE('',#9090,#9091);
#9090 = CARTESIAN_POINT('',(-31.61803436279,-14.90211296081,
    -1.100000023842));
#9091 = VECTOR('',#9092,1.);
#9092 = DIRECTION('',(-0.933580463729,0.358367852554,0.));
#9093 = ORIENTED_EDGE('',*,*,#9094,.F.);
#9094 = EDGE_CURVE('',#9095,#9087,#9097,.T.);
#9095 = VERTEX_POINT('',#9096);
#9096 = CARTESIAN_POINT('',(-31.41582298278,-14.95629501342,
    -1.100000023842));
#9097 = LINE('',#9098,#9099);
#9098 = CARTESIAN_POINT('',(-31.41582298278,-14.95629501342,
    -1.100000023842));
#9099 = VECTOR('',#9100,1.);
#9100 = DIRECTION('',(-0.965926212446,0.25881760394,0.));
#9101 = ORIENTED_EDGE('',*,*,#9102,.F.);
#9102 = EDGE_CURVE('',#9103,#9095,#9105,.T.);
#9103 = VERTEX_POINT('',#9104);
#9104 = CARTESIAN_POINT('',(-31.20905685424,-14.98904418945,
    -1.100000023842));
#9105 = LINE('',#9106,#9107);
#9106 = CARTESIAN_POINT('',(-31.20905685424,-14.98904418945,
    -1.100000023842));
#9107 = VECTOR('',#9108,1.);
#9108 = DIRECTION('',(-0.987687869354,0.15643744031,0.));
#9109 = ORIENTED_EDGE('',*,*,#9110,.F.);
#9110 = EDGE_CURVE('',#9111,#9103,#9113,.T.);
#9111 = VERTEX_POINT('',#9112);
#9112 = CARTESIAN_POINT('',(-31.,-15.,-1.100000023842));
#9113 = LINE('',#9114,#9115);
#9114 = CARTESIAN_POINT('',(-31.,-15.,-1.100000023842));
#9115 = VECTOR('',#9116,1.);
#9116 = DIRECTION('',(-0.99862963335,5.233407490429E-02,0.));
#9117 = ORIENTED_EDGE('',*,*,#9118,.F.);
#9118 = EDGE_CURVE('',#9119,#9111,#9121,.T.);
#9119 = VERTEX_POINT('',#9120);
#9120 = CARTESIAN_POINT('',(31.,-15.,-1.100000023842));
#9121 = LINE('',#9122,#9123);
#9122 = CARTESIAN_POINT('',(31.,-15.,-1.100000023842));
#9123 = VECTOR('',#9124,1.);
#9124 = DIRECTION('',(-1.,0.,0.));
#9125 = ORIENTED_EDGE('',*,*,#9126,.F.);
#9126 = EDGE_CURVE('',#8311,#9119,#9127,.T.);
#9127 = LINE('',#9128,#9129);
#9128 = CARTESIAN_POINT('',(31.209056854248,-14.98904418945,
    -1.100000023842));
#9129 = VECTOR('',#9130,1.);
#9130 = DIRECTION('',(-0.99862963335,-5.233407490429E-02,0.));
#9131 = PLANE('',#9132);
#9132 = AXIS2_PLACEMENT_3D('',#9133,#9134,#9135);
#9133 = CARTESIAN_POINT('',(-7.669660413807E-16,0.665649663717,
    -1.100000023842));
#9134 = DIRECTION('',(0.,0.,1.));
#9135 = DIRECTION('',(1.,0.,0.));
#9136 = ADVANCED_FACE('',(#9137),#9153,.T.);
#9137 = FACE_BOUND('',#9138,.T.);
#9138 = EDGE_LOOP('',(#9139,#9140,#9146,#9147));
#9139 = ORIENTED_EDGE('',*,*,#8726,.F.);
#9140 = ORIENTED_EDGE('',*,*,#9141,.T.);
#9141 = EDGE_CURVE('',#8719,#1176,#9142,.T.);
#9142 = LINE('',#9143,#9144);
#9143 = CARTESIAN_POINT('',(-33.,15.,-1.100000023842));
#9144 = VECTOR('',#9145,1.);
#9145 = DIRECTION('',(0.,0.,1.));
#9146 = ORIENTED_EDGE('',*,*,#1175,.F.);
#9147 = ORIENTED_EDGE('',*,*,#9148,.T.);
#9148 = EDGE_CURVE('',#1168,#8727,#9149,.T.);
#9149 = LINE('',#9150,#9151);
#9150 = CARTESIAN_POINT('',(-33.,9.300000190735,-0.10000000149));
#9151 = VECTOR('',#9152,1.);
#9152 = DIRECTION('',(0.,0.,-1.));
#9153 = PLANE('',#9154);
#9154 = AXIS2_PLACEMENT_3D('',#9155,#9156,#9157);
#9155 = CARTESIAN_POINT('',(-33.,12.150000095367,-0.600000012666));
#9156 = DIRECTION('',(1.,0.,0.));
#9157 = DIRECTION('',(0.,0.,1.));
#9158 = ADVANCED_FACE('',(#9159),#9175,.T.);
#9159 = FACE_BOUND('',#9160,.T.);
#9160 = EDGE_LOOP('',(#9161,#9162,#9168,#9169));
#9161 = ORIENTED_EDGE('',*,*,#1711,.F.);
#9162 = ORIENTED_EDGE('',*,*,#9163,.F.);
#9163 = EDGE_CURVE('',#8991,#1704,#9164,.T.);
#9164 = LINE('',#9165,#9166);
#9165 = CARTESIAN_POINT('',(-33.,-13.,-1.100000023842));
#9166 = VECTOR('',#9167,1.);
#9167 = DIRECTION('',(0.,0.,1.));
#9168 = ORIENTED_EDGE('',*,*,#8990,.T.);
#9169 = ORIENTED_EDGE('',*,*,#9170,.T.);
#9170 = EDGE_CURVE('',#8983,#920,#9171,.T.);
#9171 = LINE('',#9172,#9173);
#9172 = CARTESIAN_POINT('',(-33.,1.299999952316,-1.100000023842));
#9173 = VECTOR('',#9174,1.);
#9174 = DIRECTION('',(0.,0.,1.));
#9175 = PLANE('',#9176);
#9176 = AXIS2_PLACEMENT_3D('',#9177,#9178,#9179);
#9177 = CARTESIAN_POINT('',(-33.,-5.850000023842,-0.600000012666));
#9178 = DIRECTION('',(1.,0.,0.));
#9179 = DIRECTION('',(0.,0.,1.));
#9180 = ADVANCED_FACE('',(#9181),#9197,.T.);
#9181 = FACE_BOUND('',#9182,.T.);
#9182 = EDGE_LOOP('',(#9183,#9184,#9190,#9191));
#9183 = ORIENTED_EDGE('',*,*,#9030,.T.);
#9184 = ORIENTED_EDGE('',*,*,#9185,.T.);
#9185 = EDGE_CURVE('',#9023,#1672,#9186,.T.);
#9186 = LINE('',#9187,#9188);
#9187 = CARTESIAN_POINT('',(-32.82709121704,-13.81347370147,
    -1.100000023842));
#9188 = VECTOR('',#9189,1.);
#9189 = DIRECTION('',(0.,0.,1.));
#9190 = ORIENTED_EDGE('',*,*,#1671,.F.);
#9191 = ORIENTED_EDGE('',*,*,#9192,.F.);
#9192 = EDGE_CURVE('',#9031,#1664,#9193,.T.);
#9193 = LINE('',#9194,#9195);
#9194 = CARTESIAN_POINT('',(-32.73205184936,-14.,-1.100000023842));
#9195 = VECTOR('',#9196,1.);
#9196 = DIRECTION('',(0.,0.,1.));
#9197 = PLANE('',#9198);
#9198 = AXIS2_PLACEMENT_3D('',#9199,#9200,#9201);
#9199 = CARTESIAN_POINT('',(-32.7795715332,-13.90673685073,
    -0.600000012666));
#9200 = DIRECTION('',(0.891007545242,0.453988495803,0.));
#9201 = DIRECTION('',(-0.453988495803,0.891007545242,0.));
#9202 = ADVANCED_FACE('',(#9203),#9214,.T.);
#9203 = FACE_BOUND('',#9204,.T.);
#9204 = EDGE_LOOP('',(#9205,#9206,#9207,#9208));
#9205 = ORIENTED_EDGE('',*,*,#9038,.T.);
#9206 = ORIENTED_EDGE('',*,*,#9192,.T.);
#9207 = ORIENTED_EDGE('',*,*,#1663,.F.);
#9208 = ORIENTED_EDGE('',*,*,#9209,.F.);
#9209 = EDGE_CURVE('',#9039,#1656,#9210,.T.);
#9210 = LINE('',#9211,#9212);
#9211 = CARTESIAN_POINT('',(-32.61803436279,-14.17557048797,
    -1.100000023842));
#9212 = VECTOR('',#9213,1.);
#9213 = DIRECTION('',(0.,0.,1.));
#9214 = PLANE('',#9215);
#9215 = AXIS2_PLACEMENT_3D('',#9216,#9217,#9218);
#9216 = CARTESIAN_POINT('',(-32.67504310607,-14.08778524398,
    -0.600000012666));
#9217 = DIRECTION('',(0.838669087422,0.544641314814,0.));
#9218 = DIRECTION('',(-0.544641314814,0.838669087422,0.));
#9219 = ADVANCED_FACE('',(#9220),#9231,.T.);
#9220 = FACE_BOUND('',#9221,.T.);
#9221 = EDGE_LOOP('',(#9222,#9223,#9224,#9225));
#9222 = ORIENTED_EDGE('',*,*,#9046,.T.);
#9223 = ORIENTED_EDGE('',*,*,#9209,.T.);
#9224 = ORIENTED_EDGE('',*,*,#1655,.F.);
#9225 = ORIENTED_EDGE('',*,*,#9226,.F.);
#9226 = EDGE_CURVE('',#9047,#1648,#9227,.T.);
#9227 = LINE('',#9228,#9229);
#9228 = CARTESIAN_POINT('',(-32.48628997802,-14.3382616043,
    -1.100000023842));
#9229 = VECTOR('',#9230,1.);
#9230 = DIRECTION('',(0.,0.,1.));
#9231 = PLANE('',#9232);
#9232 = AXIS2_PLACEMENT_3D('',#9233,#9234,#9235);
#9233 = CARTESIAN_POINT('',(-32.55216217041,-14.25691604614,
    -0.600000012666));
#9234 = DIRECTION('',(0.77714662397,0.629319572914,0.));
#9235 = DIRECTION('',(-0.629319572914,0.77714662397,0.));
#9236 = ADVANCED_FACE('',(#9237),#9253,.T.);
#9237 = FACE_BOUND('',#9238,.T.);
#9238 = EDGE_LOOP('',(#9239,#9245,#9246,#9252));
#9239 = ORIENTED_EDGE('',*,*,#9240,.T.);
#9240 = EDGE_CURVE('',#9071,#1624,#9241,.T.);
#9241 = LINE('',#9242,#9243);
#9242 = CARTESIAN_POINT('',(-32.,-14.73205089569,-1.100000023842));
#9243 = VECTOR('',#9244,1.);
#9244 = DIRECTION('',(0.,0.,1.));
#9245 = ORIENTED_EDGE('',*,*,#1623,.F.);
#9246 = ORIENTED_EDGE('',*,*,#9247,.F.);
#9247 = EDGE_CURVE('',#9079,#1616,#9248,.T.);
#9248 = LINE('',#9249,#9250);
#9249 = CARTESIAN_POINT('',(-31.8134727478,-14.82709121704,
    -1.100000023842));
#9250 = VECTOR('',#9251,1.);
#9251 = DIRECTION('',(0.,0.,1.));
#9252 = ORIENTED_EDGE('',*,*,#9078,.T.);
#9253 = PLANE('',#9254);
#9254 = AXIS2_PLACEMENT_3D('',#9255,#9256,#9257);
#9255 = CARTESIAN_POINT('',(-31.9067363739,-14.77957105636,
    -0.600000012666));
#9256 = DIRECTION('',(0.453990269667,0.891006641416,0.));
#9257 = DIRECTION('',(0.891006641416,-0.453990269667,0.));
#9258 = ADVANCED_FACE('',(#9259),#9270,.T.);
#9259 = FACE_BOUND('',#9260,.T.);
#9260 = EDGE_LOOP('',(#9261,#9262,#9263,#9264));
#9261 = ORIENTED_EDGE('',*,*,#9054,.T.);
#9262 = ORIENTED_EDGE('',*,*,#9226,.T.);
#9263 = ORIENTED_EDGE('',*,*,#1647,.F.);
#9264 = ORIENTED_EDGE('',*,*,#9265,.F.);
#9265 = EDGE_CURVE('',#9055,#1640,#9266,.T.);
#9266 = LINE('',#9267,#9268);
#9267 = CARTESIAN_POINT('',(-32.33826065063,-14.48628997802,
    -1.100000023842));
#9268 = VECTOR('',#9269,1.);
#9269 = DIRECTION('',(0.,0.,1.));
#9270 = PLANE('',#9271);
#9271 = AXIS2_PLACEMENT_3D('',#9272,#9273,#9274);
#9272 = CARTESIAN_POINT('',(-32.41227531433,-14.41227579116,
    -0.600000012666));
#9273 = DIRECTION('',(0.707104503419,0.707109058947,0.));
#9274 = DIRECTION('',(0.707109058947,-0.707104503419,0.));
#9275 = ADVANCED_FACE('',(#9276),#9287,.T.);
#9276 = FACE_BOUND('',#9277,.T.);
#9277 = EDGE_LOOP('',(#9278,#9279,#9280,#9281));
#9278 = ORIENTED_EDGE('',*,*,#8998,.T.);
#9279 = ORIENTED_EDGE('',*,*,#9163,.T.);
#9280 = ORIENTED_EDGE('',*,*,#1703,.F.);
#9281 = ORIENTED_EDGE('',*,*,#9282,.F.);
#9282 = EDGE_CURVE('',#8999,#1696,#9283,.T.);
#9283 = LINE('',#9284,#9285);
#9284 = CARTESIAN_POINT('',(-32.98904418945,-13.20905685424,
    -1.100000023842));
#9285 = VECTOR('',#9286,1.);
#9286 = DIRECTION('',(0.,0.,1.));
#9287 = PLANE('',#9288);
#9288 = AXIS2_PLACEMENT_3D('',#9289,#9290,#9291);
#9289 = CARTESIAN_POINT('',(-32.99452209472,-13.10452842712,
    -0.600000012666));
#9290 = DIRECTION('',(0.99862963335,5.233407490429E-02,0.));
#9291 = DIRECTION('',(-5.233407490429E-02,0.99862963335,0.));
#9292 = ADVANCED_FACE('',(#9293),#9304,.T.);
#9293 = FACE_BOUND('',#9294,.T.);
#9294 = EDGE_LOOP('',(#9295,#9296,#9297,#9298));
#9295 = ORIENTED_EDGE('',*,*,#9006,.T.);
#9296 = ORIENTED_EDGE('',*,*,#9282,.T.);
#9297 = ORIENTED_EDGE('',*,*,#1695,.F.);
#9298 = ORIENTED_EDGE('',*,*,#9299,.F.);
#9299 = EDGE_CURVE('',#9007,#1688,#9300,.T.);
#9300 = LINE('',#9301,#9302);
#9301 = CARTESIAN_POINT('',(-32.95629501342,-13.41582298278,
    -1.100000023842));
#9302 = VECTOR('',#9303,1.);
#9303 = DIRECTION('',(0.,0.,1.));
#9304 = PLANE('',#9305);
#9305 = AXIS2_PLACEMENT_3D('',#9306,#9307,#9308);
#9306 = CARTESIAN_POINT('',(-32.97266960144,-13.31243991851,
    -0.600000012666));
#9307 = DIRECTION('',(0.987687869354,0.15643744031,0.));
#9308 = DIRECTION('',(-0.15643744031,0.987687869354,0.));
#9309 = ADVANCED_FACE('',(#9310),#9321,.T.);
#9310 = FACE_BOUND('',#9311,.T.);
#9311 = EDGE_LOOP('',(#9312,#9313,#9314,#9320));
#9312 = ORIENTED_EDGE('',*,*,#9299,.T.);
#9313 = ORIENTED_EDGE('',*,*,#1687,.F.);
#9314 = ORIENTED_EDGE('',*,*,#9315,.F.);
#9315 = EDGE_CURVE('',#9015,#1680,#9316,.T.);
#9316 = LINE('',#9317,#9318);
#9317 = CARTESIAN_POINT('',(-32.90211486816,-13.61803436279,
    -1.100000023842));
#9318 = VECTOR('',#9319,1.);
#9319 = DIRECTION('',(0.,0.,1.));
#9320 = ORIENTED_EDGE('',*,*,#9014,.T.);
#9321 = PLANE('',#9322);
#9322 = AXIS2_PLACEMENT_3D('',#9323,#9324,#9325);
#9323 = CARTESIAN_POINT('',(-32.92920494079,-13.51692867279,
    -0.600000012666));
#9324 = DIRECTION('',(0.965928490165,0.258809103178,0.));
#9325 = DIRECTION('',(-0.258809103178,0.965928490165,0.));
#9326 = ADVANCED_FACE('',(#9327),#9343,.T.);
#9327 = FACE_BOUND('',#9328,.T.);
#9328 = EDGE_LOOP('',(#9329,#9330,#9336,#9337));
#9329 = ORIENTED_EDGE('',*,*,#9102,.T.);
#9330 = ORIENTED_EDGE('',*,*,#9331,.T.);
#9331 = EDGE_CURVE('',#9095,#1600,#9332,.T.);
#9332 = LINE('',#9333,#9334);
#9333 = CARTESIAN_POINT('',(-31.41582298278,-14.95629501342,
    -1.100000023842));
#9334 = VECTOR('',#9335,1.);
#9335 = DIRECTION('',(0.,0.,1.));
#9336 = ORIENTED_EDGE('',*,*,#1599,.F.);
#9337 = ORIENTED_EDGE('',*,*,#9338,.F.);
#9338 = EDGE_CURVE('',#9103,#1592,#9339,.T.);
#9339 = LINE('',#9340,#9341);
#9340 = CARTESIAN_POINT('',(-31.20905685424,-14.98904418945,
    -1.100000023842));
#9341 = VECTOR('',#9342,1.);
#9342 = DIRECTION('',(0.,0.,1.));
#9343 = PLANE('',#9344);
#9344 = AXIS2_PLACEMENT_3D('',#9345,#9346,#9347);
#9345 = CARTESIAN_POINT('',(-31.31243991851,-14.97266960144,
    -0.600000012666));
#9346 = DIRECTION('',(0.15643744031,0.987687869354,0.));
#9347 = DIRECTION('',(0.987687869354,-0.15643744031,0.));
#9348 = ADVANCED_FACE('',(#9349),#9374,.T.);
#9349 = FACE_BOUND('',#9350,.T.);
#9350 = EDGE_LOOP('',(#9351,#9359,#9367,#9373));
#9351 = ORIENTED_EDGE('',*,*,#9352,.T.);
#9352 = EDGE_CURVE('',#686,#9353,#9355,.T.);
#9353 = VERTEX_POINT('',#9354);
#9354 = CARTESIAN_POINT('',(-33.07430648803,-15.30374908447,
    1.600000023842));
#9355 = LINE('',#9356,#9357);
#9356 = CARTESIAN_POINT('',(-33.07430648803,-15.30374908447,
    -0.10000000149));
#9357 = VECTOR('',#9358,1.);
#9358 = DIRECTION('',(0.,0.,1.));
#9359 = ORIENTED_EDGE('',*,*,#9360,.T.);
#9360 = EDGE_CURVE('',#9353,#9361,#9363,.T.);
#9361 = VERTEX_POINT('',#9362);
#9362 = CARTESIAN_POINT('',(-32.82213592529,-15.50795269012,
    1.600000023842));
#9363 = LINE('',#9364,#9365);
#9364 = CARTESIAN_POINT('',(-33.07430648803,-15.30374908447,
    1.600000023842));
#9365 = VECTOR('',#9366,1.);
#9366 = DIRECTION('',(0.777146096657,-0.629320224092,0.));
#9367 = ORIENTED_EDGE('',*,*,#9368,.F.);
#9368 = EDGE_CURVE('',#694,#9361,#9369,.T.);
#9369 = LINE('',#9370,#9371);
#9370 = CARTESIAN_POINT('',(-32.82213592529,-15.50795269012,
    -0.10000000149));
#9371 = VECTOR('',#9372,1.);
#9372 = DIRECTION('',(0.,0.,1.));
#9373 = ORIENTED_EDGE('',*,*,#693,.F.);
#9374 = PLANE('',#9375);
#9375 = AXIS2_PLACEMENT_3D('',#9376,#9377,#9378);
#9376 = CARTESIAN_POINT('',(-32.94822120666,-15.40585088729,
    0.750000011176));
#9377 = DIRECTION('',(0.629320224092,0.777146096657,0.));
#9378 = DIRECTION('',(0.777146096657,-0.629320224092,0.));
#9379 = ADVANCED_FACE('',(#9380),#9398,.T.);
#9380 = FACE_BOUND('',#9381,.T.);
#9381 = EDGE_LOOP('',(#9382,#9383,#9391,#9397));
#9382 = ORIENTED_EDGE('',*,*,#685,.F.);
#9383 = ORIENTED_EDGE('',*,*,#9384,.T.);
#9384 = EDGE_CURVE('',#678,#9385,#9387,.T.);
#9385 = VERTEX_POINT('',#9386);
#9386 = CARTESIAN_POINT('',(-33.30374908447,-15.07430458068,
    1.600000023842));
#9387 = LINE('',#9388,#9389);
#9388 = CARTESIAN_POINT('',(-33.30374908447,-15.07430458068,
    -0.10000000149));
#9389 = VECTOR('',#9390,1.);
#9390 = DIRECTION('',(0.,0.,1.));
#9391 = ORIENTED_EDGE('',*,*,#9392,.T.);
#9392 = EDGE_CURVE('',#9385,#9353,#9393,.T.);
#9393 = LINE('',#9394,#9395);
#9394 = CARTESIAN_POINT('',(-33.30374908447,-15.07430458068,
    1.600000023842));
#9395 = VECTOR('',#9396,1.);
#9396 = DIRECTION('',(0.707103842115,-0.707109720246,0.));
#9397 = ORIENTED_EDGE('',*,*,#9352,.F.);
#9398 = PLANE('',#9399);
#9399 = AXIS2_PLACEMENT_3D('',#9400,#9401,#9402);
#9400 = CARTESIAN_POINT('',(-33.18902778625,-15.18902683258,
    0.750000011176));
#9401 = DIRECTION('',(0.707109720246,0.707103842115,0.));
#9402 = DIRECTION('',(-0.707103842115,0.707109720246,0.));
#9403 = ADVANCED_FACE('',(#9404),#9429,.T.);
#9404 = FACE_BOUND('',#9405,.T.);
#9405 = EDGE_LOOP('',(#9406,#9414,#9422,#9428));
#9406 = ORIENTED_EDGE('',*,*,#9407,.T.);
#9407 = EDGE_CURVE('',#726,#9408,#9410,.T.);
#9408 = VERTEX_POINT('',#9409);
#9409 = CARTESIAN_POINT('',(-31.64452552795,-16.03225708007,
    1.600000023842));
#9410 = LINE('',#9411,#9412);
#9411 = CARTESIAN_POINT('',(-31.64452552795,-16.03225708007,
    -0.10000000149));
#9412 = VECTOR('',#9413,1.);
#9413 = DIRECTION('',(0.,0.,1.));
#9414 = ORIENTED_EDGE('',*,*,#9415,.T.);
#9415 = EDGE_CURVE('',#9408,#9416,#9418,.T.);
#9416 = VERTEX_POINT('',#9417);
#9417 = CARTESIAN_POINT('',(-31.32403755188,-16.08301734924,
    1.600000023842));
#9418 = LINE('',#9419,#9420);
#9419 = CARTESIAN_POINT('',(-31.64452552795,-16.03225708007,
    1.600000023842));
#9420 = VECTOR('',#9421,1.);
#9421 = DIRECTION('',(0.987688359431,-0.156434346118,0.));
#9422 = ORIENTED_EDGE('',*,*,#9423,.F.);
#9423 = EDGE_CURVE('',#734,#9416,#9424,.T.);
#9424 = LINE('',#9425,#9426);
#9425 = CARTESIAN_POINT('',(-31.32403755188,-16.08301734924,
    -0.10000000149));
#9426 = VECTOR('',#9427,1.);
#9427 = DIRECTION('',(0.,0.,1.));
#9428 = ORIENTED_EDGE('',*,*,#733,.F.);
#9429 = PLANE('',#9430);
#9430 = AXIS2_PLACEMENT_3D('',#9431,#9432,#9433);
#9431 = CARTESIAN_POINT('',(-31.48428153991,-16.05763721466,
    0.750000011176));
#9432 = DIRECTION('',(0.156434346118,0.987688359431,0.));
#9433 = DIRECTION('',(0.987688359431,-0.156434346118,0.));
#9434 = ADVANCED_FACE('',(#9435),#9453,.T.);
#9435 = FACE_BOUND('',#9436,.T.);
#9436 = EDGE_LOOP('',(#9437,#9438,#9446,#9452));
#9437 = ORIENTED_EDGE('',*,*,#9423,.T.);
#9438 = ORIENTED_EDGE('',*,*,#9439,.T.);
#9439 = EDGE_CURVE('',#9416,#9440,#9442,.T.);
#9440 = VERTEX_POINT('',#9441);
#9441 = CARTESIAN_POINT('',(-31.,-16.10000038147,1.600000023842));
#9442 = LINE('',#9443,#9444);
#9443 = CARTESIAN_POINT('',(-31.32403755188,-16.08301734924,
    1.600000023842));
#9444 = VECTOR('',#9445,1.);
#9445 = DIRECTION('',(0.998629382744,-5.233885668852E-02,0.));
#9446 = ORIENTED_EDGE('',*,*,#9447,.T.);
#9447 = EDGE_CURVE('',#9440,#742,#9448,.T.);
#9448 = LINE('',#9449,#9450);
#9449 = CARTESIAN_POINT('',(-31.,-16.10000038147,1.600000023842));
#9450 = VECTOR('',#9451,1.);
#9451 = DIRECTION('',(0.,0.,-1.));
#9452 = ORIENTED_EDGE('',*,*,#741,.F.);
#9453 = PLANE('',#9454);
#9454 = AXIS2_PLACEMENT_3D('',#9455,#9456,#9457);
#9455 = CARTESIAN_POINT('',(-31.16201877594,-16.09150886535,
    0.750000011176));
#9456 = DIRECTION('',(5.233885668852E-02,0.998629382744,0.));
#9457 = DIRECTION('',(0.998629382744,-5.233885668852E-02,0.));
#9458 = ADVANCED_FACE('',(#9459),#9477,.T.);
#9459 = FACE_BOUND('',#9460,.T.);
#9460 = EDGE_LOOP('',(#9461,#9462,#9470,#9476));
#9461 = ORIENTED_EDGE('',*,*,#9368,.T.);
#9462 = ORIENTED_EDGE('',*,*,#9463,.T.);
#9463 = EDGE_CURVE('',#9361,#9464,#9466,.T.);
#9464 = VERTEX_POINT('',#9465);
#9465 = CARTESIAN_POINT('',(-32.54999923706,-15.68467903137,
    1.600000023842));
#9466 = LINE('',#9467,#9468);
#9467 = CARTESIAN_POINT('',(-32.82213592529,-15.50795269012,
    1.600000023842));
#9468 = VECTOR('',#9469,1.);
#9469 = DIRECTION('',(0.838672384527,-0.544636237714,0.));
#9470 = ORIENTED_EDGE('',*,*,#9471,.F.);
#9471 = EDGE_CURVE('',#702,#9464,#9472,.T.);
#9472 = LINE('',#9473,#9474);
#9473 = CARTESIAN_POINT('',(-32.54999923706,-15.68467903137,
    -0.10000000149));
#9474 = VECTOR('',#9475,1.);
#9475 = DIRECTION('',(0.,0.,1.));
#9476 = ORIENTED_EDGE('',*,*,#701,.F.);
#9477 = PLANE('',#9478);
#9478 = AXIS2_PLACEMENT_3D('',#9479,#9480,#9481);
#9479 = CARTESIAN_POINT('',(-32.68606758117,-15.59631586074,
    0.750000011176));
#9480 = DIRECTION('',(0.544636237714,0.838672384527,0.));
#9481 = DIRECTION('',(0.838672384527,-0.544636237714,0.));
#9482 = ADVANCED_FACE('',(#9483),#9501,.T.);
#9483 = FACE_BOUND('',#9484,.T.);
#9484 = EDGE_LOOP('',(#9485,#9486,#9494,#9500));
#9485 = ORIENTED_EDGE('',*,*,#9471,.T.);
#9486 = ORIENTED_EDGE('',*,*,#9487,.T.);
#9487 = EDGE_CURVE('',#9464,#9488,#9490,.T.);
#9488 = VERTEX_POINT('',#9489);
#9489 = CARTESIAN_POINT('',(-32.26088333129,-15.83199119567,
    1.600000023842));
#9490 = LINE('',#9491,#9492);
#9491 = CARTESIAN_POINT('',(-32.54999923706,-15.68467903137,
    1.600000023842));
#9492 = VECTOR('',#9493,1.);
#9493 = DIRECTION('',(0.891006209456,-0.453991117437,0.));
#9494 = ORIENTED_EDGE('',*,*,#9495,.F.);
#9495 = EDGE_CURVE('',#710,#9488,#9496,.T.);
#9496 = LINE('',#9497,#9498);
#9497 = CARTESIAN_POINT('',(-32.26088333129,-15.83199119567,
    -0.10000000149));
#9498 = VECTOR('',#9499,1.);
#9499 = DIRECTION('',(0.,0.,1.));
#9500 = ORIENTED_EDGE('',*,*,#709,.F.);
#9501 = PLANE('',#9502);
#9502 = AXIS2_PLACEMENT_3D('',#9503,#9504,#9505);
#9503 = CARTESIAN_POINT('',(-32.40544128418,-15.75833511352,
    0.750000011176));
#9504 = DIRECTION('',(0.453991117437,0.891006209456,0.));
#9505 = DIRECTION('',(0.891006209456,-0.453991117437,0.));
#9506 = ADVANCED_FACE('',(#9507),#9525,.T.);
#9507 = FACE_BOUND('',#9508,.T.);
#9508 = EDGE_LOOP('',(#9509,#9510,#9518,#9524));
#9509 = ORIENTED_EDGE('',*,*,#9495,.T.);
#9510 = ORIENTED_EDGE('',*,*,#9511,.T.);
#9511 = EDGE_CURVE('',#9488,#9512,#9514,.T.);
#9512 = VERTEX_POINT('',#9513);
#9513 = CARTESIAN_POINT('',(-31.95795249939,-15.9482755661,
    1.600000023842));
#9514 = LINE('',#9515,#9516);
#9515 = CARTESIAN_POINT('',(-32.26088333129,-15.83199119567,
    1.600000023842));
#9516 = VECTOR('',#9517,1.);
#9517 = DIRECTION('',(0.933580303852,-0.358368269047,0.));
#9518 = ORIENTED_EDGE('',*,*,#9519,.F.);
#9519 = EDGE_CURVE('',#718,#9512,#9520,.T.);
#9520 = LINE('',#9521,#9522);
#9521 = CARTESIAN_POINT('',(-31.95795249939,-15.9482755661,
    -0.10000000149));
#9522 = VECTOR('',#9523,1.);
#9523 = DIRECTION('',(0.,0.,1.));
#9524 = ORIENTED_EDGE('',*,*,#717,.F.);
#9525 = PLANE('',#9526);
#9526 = AXIS2_PLACEMENT_3D('',#9527,#9528,#9529);
#9527 = CARTESIAN_POINT('',(-32.10941791534,-15.89013338089,
    0.750000011176));
#9528 = DIRECTION('',(0.358368269047,0.933580303852,0.));
#9529 = DIRECTION('',(0.933580303852,-0.358368269047,0.));
#9530 = ADVANCED_FACE('',(#9531),#9542,.T.);
#9531 = FACE_BOUND('',#9532,.T.);
#9532 = EDGE_LOOP('',(#9533,#9534,#9535,#9541));
#9533 = ORIENTED_EDGE('',*,*,#725,.F.);
#9534 = ORIENTED_EDGE('',*,*,#9519,.T.);
#9535 = ORIENTED_EDGE('',*,*,#9536,.T.);
#9536 = EDGE_CURVE('',#9512,#9408,#9537,.T.);
#9537 = LINE('',#9538,#9539);
#9538 = CARTESIAN_POINT('',(-31.95795249939,-15.9482755661,
    1.600000023842));
#9539 = VECTOR('',#9540,1.);
#9540 = DIRECTION('',(0.965926588963,-0.258816198747,0.));
#9541 = ORIENTED_EDGE('',*,*,#9407,.F.);
#9542 = PLANE('',#9543);
#9543 = AXIS2_PLACEMENT_3D('',#9544,#9545,#9546);
#9544 = CARTESIAN_POINT('',(-31.80123901367,-15.99026632309,
    0.750000011176));
#9545 = DIRECTION('',(0.258816198747,0.965926588963,0.));
#9546 = DIRECTION('',(0.965926588963,-0.258816198747,0.));
#9547 = ADVANCED_FACE('',(#9548),#9573,.T.);
#9548 = FACE_BOUND('',#9549,.T.);
#9549 = EDGE_LOOP('',(#9550,#9551,#9559,#9567));
#9550 = ORIENTED_EDGE('',*,*,#669,.F.);
#9551 = ORIENTED_EDGE('',*,*,#9552,.T.);
#9552 = EDGE_CURVE('',#662,#9553,#9555,.T.);
#9553 = VERTEX_POINT('',#9554);
#9554 = CARTESIAN_POINT('',(-33.68467712402,-14.55000019073,
    1.600000023842));
#9555 = LINE('',#9556,#9557);
#9556 = CARTESIAN_POINT('',(-33.68467712402,-14.55000019073,
    -0.10000000149));
#9557 = VECTOR('',#9558,1.);
#9558 = DIRECTION('',(0.,0.,1.));
#9559 = ORIENTED_EDGE('',*,*,#9560,.T.);
#9560 = EDGE_CURVE('',#9553,#9561,#9563,.T.);
#9561 = VERTEX_POINT('',#9562);
#9562 = CARTESIAN_POINT('',(-33.50795364379,-14.82213401794,
    1.600000023842));
#9563 = LINE('',#9564,#9565);
#9564 = CARTESIAN_POINT('',(-33.68467712402,-14.55000019073,
    1.600000023842));
#9565 = VECTOR('',#9566,1.);
#9566 = DIRECTION('',(0.544634063385,-0.838673796539,0.));
#9567 = ORIENTED_EDGE('',*,*,#9568,.F.);
#9568 = EDGE_CURVE('',#670,#9561,#9569,.T.);
#9569 = LINE('',#9570,#9571);
#9570 = CARTESIAN_POINT('',(-33.50795364379,-14.82213401794,
    -0.10000000149));
#9571 = VECTOR('',#9572,1.);
#9572 = DIRECTION('',(0.,0.,1.));
#9573 = PLANE('',#9574);
#9574 = AXIS2_PLACEMENT_3D('',#9575,#9576,#9577);
#9575 = CARTESIAN_POINT('',(-33.59631538391,-14.68606710434,
    0.750000011176));
#9576 = DIRECTION('',(0.838673796539,0.544634063385,0.));
#9577 = DIRECTION('',(-0.544634063385,0.838673796539,0.));
#9578 = ADVANCED_FACE('',(#9579),#9590,.T.);
#9579 = FACE_BOUND('',#9580,.T.);
#9580 = EDGE_LOOP('',(#9581,#9582,#9583,#9589));
#9581 = ORIENTED_EDGE('',*,*,#677,.F.);
#9582 = ORIENTED_EDGE('',*,*,#9568,.T.);
#9583 = ORIENTED_EDGE('',*,*,#9584,.T.);
#9584 = EDGE_CURVE('',#9561,#9385,#9585,.T.);
#9585 = LINE('',#9586,#9587);
#9586 = CARTESIAN_POINT('',(-33.50795364379,-14.82213401794,
    1.600000023842));
#9587 = VECTOR('',#9588,1.);
#9588 = DIRECTION('',(0.62932199915,-0.77714465924,0.));
#9589 = ORIENTED_EDGE('',*,*,#9384,.F.);
#9590 = PLANE('',#9591);
#9591 = AXIS2_PLACEMENT_3D('',#9592,#9593,#9594);
#9592 = CARTESIAN_POINT('',(-33.40585136413,-14.94821929931,
    0.750000011176));
#9593 = DIRECTION('',(0.77714465924,0.62932199915,0.));
#9594 = DIRECTION('',(-0.62932199915,0.77714465924,0.));
#9595 = ADVANCED_FACE('',(#9596),#9614,.T.);
#9596 = FACE_BOUND('',#9597,.T.);
#9597 = EDGE_LOOP('',(#9598,#9599,#9607,#9613));
#9598 = ORIENTED_EDGE('',*,*,#661,.F.);
#9599 = ORIENTED_EDGE('',*,*,#9600,.T.);
#9600 = EDGE_CURVE('',#654,#9601,#9603,.T.);
#9601 = VERTEX_POINT('',#9602);
#9602 = CARTESIAN_POINT('',(-33.83198928833,-14.26088333129,
    1.600000023842));
#9603 = LINE('',#9604,#9605);
#9604 = CARTESIAN_POINT('',(-33.83198928833,-14.26088333129,
    -0.10000000149));
#9605 = VECTOR('',#9606,1.);
#9606 = DIRECTION('',(0.,0.,1.));
#9607 = ORIENTED_EDGE('',*,*,#9608,.T.);
#9608 = EDGE_CURVE('',#9601,#9553,#9609,.T.);
#9609 = LINE('',#9610,#9611);
#9610 = CARTESIAN_POINT('',(-33.83198928833,-14.26088333129,
    1.600000023842));
#9611 = VECTOR('',#9612,1.);
#9612 = DIRECTION('',(0.453989928563,-0.891006815217,0.));
#9613 = ORIENTED_EDGE('',*,*,#9552,.F.);
#9614 = PLANE('',#9615);
#9615 = AXIS2_PLACEMENT_3D('',#9616,#9617,#9618);
#9616 = CARTESIAN_POINT('',(-33.75833320617,-14.40544176101,
    0.750000011176));
#9617 = DIRECTION('',(0.891006815217,0.453989928563,0.));
#9618 = DIRECTION('',(-0.453989928563,0.891006815217,0.));
#9619 = ADVANCED_FACE('',(#9620),#9638,.T.);
#9620 = FACE_BOUND('',#9621,.T.);
#9621 = EDGE_LOOP('',(#9622,#9623,#9631,#9637));
#9622 = ORIENTED_EDGE('',*,*,#653,.F.);
#9623 = ORIENTED_EDGE('',*,*,#9624,.T.);
#9624 = EDGE_CURVE('',#646,#9625,#9627,.T.);
#9625 = VERTEX_POINT('',#9626);
#9626 = CARTESIAN_POINT('',(-33.94827651977,-13.95795249939,
    1.600000023842));
#9627 = LINE('',#9628,#9629);
#9628 = CARTESIAN_POINT('',(-33.94827651977,-13.95795249939,
    -0.10000000149));
#9629 = VECTOR('',#9630,1.);
#9630 = DIRECTION('',(0.,0.,1.));
#9631 = ORIENTED_EDGE('',*,*,#9632,.T.);
#9632 = EDGE_CURVE('',#9625,#9601,#9633,.T.);
#9633 = LINE('',#9634,#9635);
#9634 = CARTESIAN_POINT('',(-33.94827651977,-13.95795249939,
    1.600000023842));
#9635 = VECTOR('',#9636,1.);
#9636 = DIRECTION('',(0.358375953816,-0.933577353906,0.));
#9637 = ORIENTED_EDGE('',*,*,#9600,.F.);
#9638 = PLANE('',#9639);
#9639 = AXIS2_PLACEMENT_3D('',#9640,#9641,#9642);
#9640 = CARTESIAN_POINT('',(-33.89013290405,-14.10941791534,
    0.750000011176));
#9641 = DIRECTION('',(0.933577353906,0.358375953816,0.));
#9642 = DIRECTION('',(-0.358375953816,0.933577353906,0.));
#9643 = ADVANCED_FACE('',(#9644),#9655,.T.);
#9644 = FACE_BOUND('',#9645,.T.);
#9645 = EDGE_LOOP('',(#9646,#9647,#9648,#9654));
#9646 = ORIENTED_EDGE('',*,*,#645,.F.);
#9647 = ORIENTED_EDGE('',*,*,#429,.T.);
#9648 = ORIENTED_EDGE('',*,*,#9649,.T.);
#9649 = EDGE_CURVE('',#422,#9625,#9650,.T.);
#9650 = LINE('',#9651,#9652);
#9651 = CARTESIAN_POINT('',(-34.03225708007,-13.64452648162,
    1.600000023842));
#9652 = VECTOR('',#9653,1.);
#9653 = DIRECTION('',(0.258814191315,-0.965927126844,0.));
#9654 = ORIENTED_EDGE('',*,*,#9624,.F.);
#9655 = PLANE('',#9656);
#9656 = AXIS2_PLACEMENT_3D('',#9657,#9658,#9659);
#9657 = CARTESIAN_POINT('',(-33.99026679992,-13.8012394905,
    0.750000011176));
#9658 = DIRECTION('',(0.965927126844,0.258814191315,0.));
#9659 = DIRECTION('',(-0.258814191315,0.965927126844,0.));
#9660 = ADVANCED_FACE('',(#9661),#9688,.T.);
#9661 = FACE_BOUND('',#9662,.T.);
#9662 = EDGE_LOOP('',(#9663,#9671,#9672,#9673,#9674,#9682));
#9663 = ORIENTED_EDGE('',*,*,#9664,.T.);
#9664 = EDGE_CURVE('',#9665,#284,#9667,.T.);
#9665 = VERTEX_POINT('',#9666);
#9666 = CARTESIAN_POINT('',(-34.09999847412,-12.82257938385,
    0.623477578163));
#9667 = LINE('',#9668,#9669);
#9668 = CARTESIAN_POINT('',(-34.09999847412,-12.82257938385,
    0.623477578163));
#9669 = VECTOR('',#9670,1.);
#9670 = DIRECTION('',(0.,-0.629320237363,0.77714608591));
#9671 = ORIENTED_EDGE('',*,*,#283,.F.);
#9672 = ORIENTED_EDGE('',*,*,#909,.F.);
#9673 = ORIENTED_EDGE('',*,*,#206,.T.);
#9674 = ORIENTED_EDGE('',*,*,#9675,.T.);
#9675 = EDGE_CURVE('',#199,#9676,#9678,.T.);
#9676 = VERTEX_POINT('',#9677);
#9677 = CARTESIAN_POINT('',(-34.09999847412,-12.52652263641,
    0.327420711517));
#9678 = LINE('',#9679,#9680);
#9679 = CARTESIAN_POINT('',(-34.09999847412,-12.20114135742,
    6.393202394247E-02));
#9680 = VECTOR('',#9681,1.);
#9681 = DIRECTION('',(0.,-0.777145817608,0.629320568689));
#9682 = ORIENTED_EDGE('',*,*,#9683,.T.);
#9683 = EDGE_CURVE('',#9676,#9665,#9684,.T.);
#9684 = LINE('',#9685,#9686);
#9685 = CARTESIAN_POINT('',(-34.09999847412,-12.52652263641,
    0.327420711517));
#9686 = VECTOR('',#9687,1.);
#9687 = DIRECTION('',(0.,-0.707106638826,0.707106923547));
#9688 = PLANE('',#9689);
#9689 = AXIS2_PLACEMENT_3D('',#9690,#9691,#9692);
#9690 = CARTESIAN_POINT('',(-34.09999847412,-12.63133653802,
    0.212953705509));
#9691 = DIRECTION('',(1.,0.,0.));
#9692 = DIRECTION('',(0.,0.,1.));
#9693 = ADVANCED_FACE('',(#9694),#9752,.T.);
#9694 = FACE_BOUND('',#9695,.T.);
#9695 = EDGE_LOOP('',(#9696,#9697,#9705,#9713,#9721,#9729,#9737,#9745,
    #9751));
#9696 = ORIENTED_EDGE('',*,*,#893,.T.);
#9697 = ORIENTED_EDGE('',*,*,#9698,.T.);
#9698 = EDGE_CURVE('',#886,#9699,#9701,.T.);
#9699 = VERTEX_POINT('',#9700);
#9700 = CARTESIAN_POINT('',(-34.09999847412,16.10000038147,
    1.600000023842));
#9701 = LINE('',#9702,#9703);
#9702 = CARTESIAN_POINT('',(-34.09999847412,16.10000038147,
    -0.10000000149));
#9703 = VECTOR('',#9704,1.);
#9704 = DIRECTION('',(0.,0.,1.));
#9705 = ORIENTED_EDGE('',*,*,#9706,.T.);
#9706 = EDGE_CURVE('',#9699,#9707,#9709,.T.);
#9707 = VERTEX_POINT('',#9708);
#9708 = CARTESIAN_POINT('',(-34.09999847412,-0.233040750027,
    1.600000023842));
#9709 = LINE('',#9710,#9711);
#9710 = CARTESIAN_POINT('',(-34.09999847412,16.10000038147,
    1.600000023842));
#9711 = VECTOR('',#9712,1.);
#9712 = DIRECTION('',(0.,-1.,0.));
#9713 = ORIENTED_EDGE('',*,*,#9714,.T.);
#9714 = EDGE_CURVE('',#9707,#9715,#9717,.T.);
#9715 = VERTEX_POINT('',#9716);
#9716 = CARTESIAN_POINT('',(-34.09999847412,-0.385898381472,
    1.299999952316));
#9717 = LINE('',#9718,#9719);
#9718 = CARTESIAN_POINT('',(-34.09999847412,-0.233040750027,
    1.600000023842));
#9719 = VECTOR('',#9720,1.);
#9720 = DIRECTION('',(0.,-0.453990405784,-0.891006572061));
#9721 = ORIENTED_EDGE('',*,*,#9722,.T.);
#9722 = EDGE_CURVE('',#9715,#9723,#9725,.T.);
#9723 = VERTEX_POINT('',#9724);
#9724 = CARTESIAN_POINT('',(-34.09999847412,-0.613932013512,
    0.948858976364));
#9725 = LINE('',#9726,#9727);
#9726 = CARTESIAN_POINT('',(-34.09999847412,-0.385898381472,
    1.299999952316));
#9727 = VECTOR('',#9728,1.);
#9728 = DIRECTION('',(0.,-0.54463906185,-0.838670550518));
#9729 = ORIENTED_EDGE('',*,*,#9730,.T.);
#9730 = EDGE_CURVE('',#9723,#9731,#9733,.T.);
#9731 = VERTEX_POINT('',#9732);
#9732 = CARTESIAN_POINT('',(-34.09999847412,-0.877420723438,
    0.623477578163));
#9733 = LINE('',#9734,#9735);
#9734 = CARTESIAN_POINT('',(-34.09999847412,-0.613932013512,
    0.948858976364));
#9735 = VECTOR('',#9736,1.);
#9736 = DIRECTION('',(0.,-0.629320461681,-0.777145904261));
#9737 = ORIENTED_EDGE('',*,*,#9738,.T.);
#9738 = EDGE_CURVE('',#9731,#9739,#9741,.T.);
#9739 = VERTEX_POINT('',#9740);
#9740 = CARTESIAN_POINT('',(-34.09999847412,-1.173477530479,
    0.327420711517));
#9741 = LINE('',#9742,#9743);
#9742 = CARTESIAN_POINT('',(-34.09999847412,-0.877420723438,
    0.623477578163));
#9743 = VECTOR('',#9744,1.);
#9744 = DIRECTION('',(0.,-0.707106710006,-0.707106852367));
#9745 = ORIENTED_EDGE('',*,*,#9746,.T.);
#9746 = EDGE_CURVE('',#9739,#2752,#9747,.T.);
#9747 = LINE('',#9748,#9749);
#9748 = CARTESIAN_POINT('',(-34.09999847412,-1.173477530479,
    0.327420711517));
#9749 = VECTOR('',#9750,1.);
#9750 = DIRECTION('',(0.,-0.777146043132,-0.629320290189));
#9751 = ORIENTED_EDGE('',*,*,#2751,.T.);
#9752 = PLANE('',#9753);
#9753 = AXIS2_PLACEMENT_3D('',#9754,#9755,#9756);
#9754 = CARTESIAN_POINT('',(-34.09999847412,7.406796183449,
    0.711747446914));
#9755 = DIRECTION('',(1.,0.,0.));
#9756 = DIRECTION('',(0.,0.,1.));
#9757 = ADVANCED_FACE('',(#9758),#9776,.T.);
#9758 = FACE_BOUND('',#9759,.T.);
#9759 = EDGE_LOOP('',(#9760,#9761,#9769,#9775));
#9760 = ORIENTED_EDGE('',*,*,#9447,.F.);
#9761 = ORIENTED_EDGE('',*,*,#9762,.T.);
#9762 = EDGE_CURVE('',#9440,#9763,#9765,.T.);
#9763 = VERTEX_POINT('',#9764);
#9764 = CARTESIAN_POINT('',(31.,-16.10000038147,1.600000023842));
#9765 = LINE('',#9766,#9767);
#9766 = CARTESIAN_POINT('',(-31.,-16.10000038147,1.600000023842));
#9767 = VECTOR('',#9768,1.);
#9768 = DIRECTION('',(1.,0.,0.));
#9769 = ORIENTED_EDGE('',*,*,#9770,.T.);
#9770 = EDGE_CURVE('',#9763,#750,#9771,.T.);
#9771 = LINE('',#9772,#9773);
#9772 = CARTESIAN_POINT('',(31.,-16.10000038147,1.600000023842));
#9773 = VECTOR('',#9774,1.);
#9774 = DIRECTION('',(0.,0.,-1.));
#9775 = ORIENTED_EDGE('',*,*,#749,.F.);
#9776 = PLANE('',#9777);
#9777 = AXIS2_PLACEMENT_3D('',#9778,#9779,#9780);
#9778 = CARTESIAN_POINT('',(0.,-16.10000038147,0.750000011176));
#9779 = DIRECTION('',(0.,1.,0.));
#9780 = DIRECTION('',(0.,0.,1.));
#9781 = ADVANCED_FACE('',(#9782),#9800,.T.);
#9782 = FACE_BOUND('',#9783,.T.);
#9783 = EDGE_LOOP('',(#9784,#9792,#9793,#9794));
#9784 = ORIENTED_EDGE('',*,*,#9785,.T.);
#9785 = EDGE_CURVE('',#9786,#9699,#9788,.T.);
#9786 = VERTEX_POINT('',#9787);
#9787 = CARTESIAN_POINT('',(34.099998474121,16.10000038147,
    1.600000023842));
#9788 = LINE('',#9789,#9790);
#9789 = CARTESIAN_POINT('',(34.099998474121,16.10000038147,
    1.600000023842));
#9790 = VECTOR('',#9791,1.);
#9791 = DIRECTION('',(-1.,0.,0.));
#9792 = ORIENTED_EDGE('',*,*,#9698,.F.);
#9793 = ORIENTED_EDGE('',*,*,#885,.F.);
#9794 = ORIENTED_EDGE('',*,*,#9795,.T.);
#9795 = EDGE_CURVE('',#878,#9786,#9796,.T.);
#9796 = LINE('',#9797,#9798);
#9797 = CARTESIAN_POINT('',(34.099998474121,16.10000038147,
    -0.10000000149));
#9798 = VECTOR('',#9799,1.);
#9799 = DIRECTION('',(0.,0.,1.));
#9800 = PLANE('',#9801);
#9801 = AXIS2_PLACEMENT_3D('',#9802,#9803,#9804);
#9802 = CARTESIAN_POINT('',(-4.06605302732E-16,16.10000038147,
    0.750000011176));
#9803 = DIRECTION('',(-0.,-1.,-0.));
#9804 = DIRECTION('',(0.,0.,-1.));
#9805 = ADVANCED_FACE('',(#9806),#9824,.T.);
#9806 = FACE_BOUND('',#9807,.T.);
#9807 = EDGE_LOOP('',(#9808,#9809,#9817,#9823));
#9808 = ORIENTED_EDGE('',*,*,#9770,.F.);
#9809 = ORIENTED_EDGE('',*,*,#9810,.T.);
#9810 = EDGE_CURVE('',#9763,#9811,#9813,.T.);
#9811 = VERTEX_POINT('',#9812);
#9812 = CARTESIAN_POINT('',(31.32403755188,-16.08301734924,
    1.600000023842));
#9813 = LINE('',#9814,#9815);
#9814 = CARTESIAN_POINT('',(31.,-16.10000038147,1.600000023842));
#9815 = VECTOR('',#9816,1.);
#9816 = DIRECTION('',(0.998629382744,5.233885668852E-02,0.));
#9817 = ORIENTED_EDGE('',*,*,#9818,.F.);
#9818 = EDGE_CURVE('',#758,#9811,#9819,.T.);
#9819 = LINE('',#9820,#9821);
#9820 = CARTESIAN_POINT('',(31.32403755188,-16.08301734924,
    -0.10000000149));
#9821 = VECTOR('',#9822,1.);
#9822 = DIRECTION('',(0.,0.,1.));
#9823 = ORIENTED_EDGE('',*,*,#757,.F.);
#9824 = PLANE('',#9825);
#9825 = AXIS2_PLACEMENT_3D('',#9826,#9827,#9828);
#9826 = CARTESIAN_POINT('',(31.16201877594,-16.09150886535,
    0.750000011176));
#9827 = DIRECTION('',(-5.233885668852E-02,0.998629382744,0.));
#9828 = DIRECTION('',(0.998629382744,5.233885668852E-02,0.));
#9829 = ADVANCED_FACE('',(#9830),#9848,.T.);
#9830 = FACE_BOUND('',#9831,.T.);
#9831 = EDGE_LOOP('',(#9832,#9833,#9841,#9847));
#9832 = ORIENTED_EDGE('',*,*,#9818,.T.);
#9833 = ORIENTED_EDGE('',*,*,#9834,.T.);
#9834 = EDGE_CURVE('',#9811,#9835,#9837,.T.);
#9835 = VERTEX_POINT('',#9836);
#9836 = CARTESIAN_POINT('',(31.644525527954,-16.03225708007,
    1.600000023842));
#9837 = LINE('',#9838,#9839);
#9838 = CARTESIAN_POINT('',(31.32403755188,-16.08301734924,
    1.600000023842));
#9839 = VECTOR('',#9840,1.);
#9840 = DIRECTION('',(0.987688359431,0.156434346118,0.));
#9841 = ORIENTED_EDGE('',*,*,#9842,.F.);
#9842 = EDGE_CURVE('',#766,#9835,#9843,.T.);
#9843 = LINE('',#9844,#9845);
#9844 = CARTESIAN_POINT('',(31.644525527954,-16.03225708007,
    -0.10000000149));
#9845 = VECTOR('',#9846,1.);
#9846 = DIRECTION('',(0.,0.,1.));
#9847 = ORIENTED_EDGE('',*,*,#765,.F.);
#9848 = PLANE('',#9849);
#9849 = AXIS2_PLACEMENT_3D('',#9850,#9851,#9852);
#9850 = CARTESIAN_POINT('',(31.484281539917,-16.05763721466,
    0.750000011176));
#9851 = DIRECTION('',(-0.156434346118,0.987688359431,0.));
#9852 = DIRECTION('',(0.987688359431,0.156434346118,0.));
#9853 = ADVANCED_FACE('',(#9854),#9872,.T.);
#9854 = FACE_BOUND('',#9855,.T.);
#9855 = EDGE_LOOP('',(#9856,#9857,#9865,#9871));
#9856 = ORIENTED_EDGE('',*,*,#9842,.T.);
#9857 = ORIENTED_EDGE('',*,*,#9858,.T.);
#9858 = EDGE_CURVE('',#9835,#9859,#9861,.T.);
#9859 = VERTEX_POINT('',#9860);
#9860 = CARTESIAN_POINT('',(31.95795249939,-15.9482755661,1.600000023842
    ));
#9861 = LINE('',#9862,#9863);
#9862 = CARTESIAN_POINT('',(31.644525527954,-16.03225708007,
    1.600000023842));
#9863 = VECTOR('',#9864,1.);
#9864 = DIRECTION('',(0.965926588963,0.258816198747,0.));
#9865 = ORIENTED_EDGE('',*,*,#9866,.F.);
#9866 = EDGE_CURVE('',#774,#9859,#9867,.T.);
#9867 = LINE('',#9868,#9869);
#9868 = CARTESIAN_POINT('',(31.95795249939,-15.9482755661,-0.10000000149
    ));
#9869 = VECTOR('',#9870,1.);
#9870 = DIRECTION('',(0.,0.,1.));
#9871 = ORIENTED_EDGE('',*,*,#773,.F.);
#9872 = PLANE('',#9873);
#9873 = AXIS2_PLACEMENT_3D('',#9874,#9875,#9876);
#9874 = CARTESIAN_POINT('',(31.801239013672,-15.99026632309,
    0.750000011176));
#9875 = DIRECTION('',(-0.258816198747,0.965926588963,0.));
#9876 = DIRECTION('',(0.965926588963,0.258816198747,0.));
#9877 = ADVANCED_FACE('',(#9878),#9896,.T.);
#9878 = FACE_BOUND('',#9879,.T.);
#9879 = EDGE_LOOP('',(#9880,#9881,#9889,#9895));
#9880 = ORIENTED_EDGE('',*,*,#9866,.T.);
#9881 = ORIENTED_EDGE('',*,*,#9882,.T.);
#9882 = EDGE_CURVE('',#9859,#9883,#9885,.T.);
#9883 = VERTEX_POINT('',#9884);
#9884 = CARTESIAN_POINT('',(32.260883331299,-15.83199119567,
    1.600000023842));
#9885 = LINE('',#9886,#9887);
#9886 = CARTESIAN_POINT('',(31.95795249939,-15.9482755661,1.600000023842
    ));
#9887 = VECTOR('',#9888,1.);
#9888 = DIRECTION('',(0.933580303852,0.358368269047,0.));
#9889 = ORIENTED_EDGE('',*,*,#9890,.F.);
#9890 = EDGE_CURVE('',#782,#9883,#9891,.T.);
#9891 = LINE('',#9892,#9893);
#9892 = CARTESIAN_POINT('',(32.260883331299,-15.83199119567,
    -0.10000000149));
#9893 = VECTOR('',#9894,1.);
#9894 = DIRECTION('',(0.,0.,1.));
#9895 = ORIENTED_EDGE('',*,*,#781,.F.);
#9896 = PLANE('',#9897);
#9897 = AXIS2_PLACEMENT_3D('',#9898,#9899,#9900);
#9898 = CARTESIAN_POINT('',(32.109417915344,-15.89013338089,
    0.750000011176));
#9899 = DIRECTION('',(-0.358368269047,0.933580303852,0.));
#9900 = DIRECTION('',(0.933580303852,0.358368269047,0.));
#9901 = ADVANCED_FACE('',(#9902),#9920,.T.);
#9902 = FACE_BOUND('',#9903,.T.);
#9903 = EDGE_LOOP('',(#9904,#9905,#9913,#9919));
#9904 = ORIENTED_EDGE('',*,*,#9890,.T.);
#9905 = ORIENTED_EDGE('',*,*,#9906,.T.);
#9906 = EDGE_CURVE('',#9883,#9907,#9909,.T.);
#9907 = VERTEX_POINT('',#9908);
#9908 = CARTESIAN_POINT('',(32.549999237061,-15.68467903137,
    1.600000023842));
#9909 = LINE('',#9910,#9911);
#9910 = CARTESIAN_POINT('',(32.260883331299,-15.83199119567,
    1.600000023842));
#9911 = VECTOR('',#9912,1.);
#9912 = DIRECTION('',(0.891006209456,0.453991117437,0.));
#9913 = ORIENTED_EDGE('',*,*,#9914,.F.);
#9914 = EDGE_CURVE('',#790,#9907,#9915,.T.);
#9915 = LINE('',#9916,#9917);
#9916 = CARTESIAN_POINT('',(32.549999237061,-15.68467903137,
    -0.10000000149));
#9917 = VECTOR('',#9918,1.);
#9918 = DIRECTION('',(0.,0.,1.));
#9919 = ORIENTED_EDGE('',*,*,#789,.F.);
#9920 = PLANE('',#9921);
#9921 = AXIS2_PLACEMENT_3D('',#9922,#9923,#9924);
#9922 = CARTESIAN_POINT('',(32.40544128418,-15.75833511352,
    0.750000011176));
#9923 = DIRECTION('',(-0.453991117437,0.891006209456,0.));
#9924 = DIRECTION('',(0.891006209456,0.453991117437,0.));
#9925 = ADVANCED_FACE('',(#9926),#9944,.T.);
#9926 = FACE_BOUND('',#9927,.T.);
#9927 = EDGE_LOOP('',(#9928,#9929,#9937,#9943));
#9928 = ORIENTED_EDGE('',*,*,#9914,.T.);
#9929 = ORIENTED_EDGE('',*,*,#9930,.T.);
#9930 = EDGE_CURVE('',#9907,#9931,#9933,.T.);
#9931 = VERTEX_POINT('',#9932);
#9932 = CARTESIAN_POINT('',(32.822135925293,-15.50795269012,
    1.600000023842));
#9933 = LINE('',#9934,#9935);
#9934 = CARTESIAN_POINT('',(32.549999237061,-15.68467903137,
    1.600000023842));
#9935 = VECTOR('',#9936,1.);
#9936 = DIRECTION('',(0.838672384527,0.544636237714,0.));
#9937 = ORIENTED_EDGE('',*,*,#9938,.F.);
#9938 = EDGE_CURVE('',#798,#9931,#9939,.T.);
#9939 = LINE('',#9940,#9941);
#9940 = CARTESIAN_POINT('',(32.822135925293,-15.50795269012,
    -0.10000000149));
#9941 = VECTOR('',#9942,1.);
#9942 = DIRECTION('',(0.,0.,1.));
#9943 = ORIENTED_EDGE('',*,*,#797,.F.);
#9944 = PLANE('',#9945);
#9945 = AXIS2_PLACEMENT_3D('',#9946,#9947,#9948);
#9946 = CARTESIAN_POINT('',(32.686067581177,-15.59631586074,
    0.750000011176));
#9947 = DIRECTION('',(-0.544636237714,0.838672384527,0.));
#9948 = DIRECTION('',(0.838672384527,0.544636237714,0.));
#9949 = ADVANCED_FACE('',(#9950),#9968,.T.);
#9950 = FACE_BOUND('',#9951,.T.);
#9951 = EDGE_LOOP('',(#9952,#9953,#9961,#9967));
#9952 = ORIENTED_EDGE('',*,*,#9938,.T.);
#9953 = ORIENTED_EDGE('',*,*,#9954,.T.);
#9954 = EDGE_CURVE('',#9931,#9955,#9957,.T.);
#9955 = VERTEX_POINT('',#9956);
#9956 = CARTESIAN_POINT('',(33.074306488037,-15.30374908447,
    1.600000023842));
#9957 = LINE('',#9958,#9959);
#9958 = CARTESIAN_POINT('',(32.822135925293,-15.50795269012,
    1.600000023842));
#9959 = VECTOR('',#9960,1.);
#9960 = DIRECTION('',(0.777146096657,0.629320224092,0.));
#9961 = ORIENTED_EDGE('',*,*,#9962,.F.);
#9962 = EDGE_CURVE('',#806,#9955,#9963,.T.);
#9963 = LINE('',#9964,#9965);
#9964 = CARTESIAN_POINT('',(33.074306488037,-15.30374908447,
    -0.10000000149));
#9965 = VECTOR('',#9966,1.);
#9966 = DIRECTION('',(0.,0.,1.));
#9967 = ORIENTED_EDGE('',*,*,#805,.F.);
#9968 = PLANE('',#9969);
#9969 = AXIS2_PLACEMENT_3D('',#9970,#9971,#9972);
#9970 = CARTESIAN_POINT('',(32.948221206665,-15.40585088729,
    0.750000011176));
#9971 = DIRECTION('',(-0.629320224092,0.777146096657,0.));
#9972 = DIRECTION('',(0.777146096657,0.629320224092,0.));
#9973 = ADVANCED_FACE('',(#9974),#9992,.T.);
#9974 = FACE_BOUND('',#9975,.T.);
#9975 = EDGE_LOOP('',(#9976,#9977,#9985,#9991));
#9976 = ORIENTED_EDGE('',*,*,#9962,.T.);
#9977 = ORIENTED_EDGE('',*,*,#9978,.T.);
#9978 = EDGE_CURVE('',#9955,#9979,#9981,.T.);
#9979 = VERTEX_POINT('',#9980);
#9980 = CARTESIAN_POINT('',(33.303749084473,-15.07430458068,
    1.600000023842));
#9981 = LINE('',#9982,#9983);
#9982 = CARTESIAN_POINT('',(33.074306488037,-15.30374908447,
    1.600000023842));
#9983 = VECTOR('',#9984,1.);
#9984 = DIRECTION('',(0.707103842115,0.707109720246,0.));
#9985 = ORIENTED_EDGE('',*,*,#9986,.F.);
#9986 = EDGE_CURVE('',#814,#9979,#9987,.T.);
#9987 = LINE('',#9988,#9989);
#9988 = CARTESIAN_POINT('',(33.303749084473,-15.07430458068,
    -0.10000000149));
#9989 = VECTOR('',#9990,1.);
#9990 = DIRECTION('',(0.,0.,1.));
#9991 = ORIENTED_EDGE('',*,*,#813,.F.);
#9992 = PLANE('',#9993);
#9993 = AXIS2_PLACEMENT_3D('',#9994,#9995,#9996);
#9994 = CARTESIAN_POINT('',(33.189027786255,-15.18902683258,
    0.750000011176));
#9995 = DIRECTION('',(-0.707109720246,0.707103842115,0.));
#9996 = DIRECTION('',(-0.707103842115,-0.707109720246,0.));
#9997 = ADVANCED_FACE('',(#9998),#10016,.T.);
#9998 = FACE_BOUND('',#9999,.T.);
#9999 = EDGE_LOOP('',(#10000,#10001,#10009,#10015));
#10000 = ORIENTED_EDGE('',*,*,#9986,.T.);
#10001 = ORIENTED_EDGE('',*,*,#10002,.T.);
#10002 = EDGE_CURVE('',#9979,#10003,#10005,.T.);
#10003 = VERTEX_POINT('',#10004);
#10004 = CARTESIAN_POINT('',(33.507953643799,-14.82213401794,
    1.600000023842));
#10005 = LINE('',#10006,#10007);
#10006 = CARTESIAN_POINT('',(33.303749084473,-15.07430458068,
    1.600000023842));
#10007 = VECTOR('',#10008,1.);
#10008 = DIRECTION('',(0.62932199915,0.77714465924,0.));
#10009 = ORIENTED_EDGE('',*,*,#10010,.F.);
#10010 = EDGE_CURVE('',#822,#10003,#10011,.T.);
#10011 = LINE('',#10012,#10013);
#10012 = CARTESIAN_POINT('',(33.507953643799,-14.82213401794,
    -0.10000000149));
#10013 = VECTOR('',#10014,1.);
#10014 = DIRECTION('',(0.,0.,1.));
#10015 = ORIENTED_EDGE('',*,*,#821,.F.);
#10016 = PLANE('',#10017);
#10017 = AXIS2_PLACEMENT_3D('',#10018,#10019,#10020);
#10018 = CARTESIAN_POINT('',(33.405851364136,-14.94821929931,
    0.750000011176));
#10019 = DIRECTION('',(-0.77714465924,0.62932199915,0.));
#10020 = DIRECTION('',(-0.62932199915,-0.77714465924,0.));
#10021 = ADVANCED_FACE('',(#10022),#10040,.T.);
#10022 = FACE_BOUND('',#10023,.T.);
#10023 = EDGE_LOOP('',(#10024,#10025,#10033,#10039));
#10024 = ORIENTED_EDGE('',*,*,#10010,.T.);
#10025 = ORIENTED_EDGE('',*,*,#10026,.T.);
#10026 = EDGE_CURVE('',#10003,#10027,#10029,.T.);
#10027 = VERTEX_POINT('',#10028);
#10028 = CARTESIAN_POINT('',(33.684677124023,-14.55000019073,
    1.600000023842));
#10029 = LINE('',#10030,#10031);
#10030 = CARTESIAN_POINT('',(33.507953643799,-14.82213401794,
    1.600000023842));
#10031 = VECTOR('',#10032,1.);
#10032 = DIRECTION('',(0.544634063385,0.838673796539,0.));
#10033 = ORIENTED_EDGE('',*,*,#10034,.F.);
#10034 = EDGE_CURVE('',#830,#10027,#10035,.T.);
#10035 = LINE('',#10036,#10037);
#10036 = CARTESIAN_POINT('',(33.684677124023,-14.55000019073,
    -0.10000000149));
#10037 = VECTOR('',#10038,1.);
#10038 = DIRECTION('',(0.,0.,1.));
#10039 = ORIENTED_EDGE('',*,*,#829,.F.);
#10040 = PLANE('',#10041);
#10041 = AXIS2_PLACEMENT_3D('',#10042,#10043,#10044);
#10042 = CARTESIAN_POINT('',(33.596315383911,-14.68606710434,
    0.750000011176));
#10043 = DIRECTION('',(-0.838673796539,0.544634063385,0.));
#10044 = DIRECTION('',(-0.544634063385,-0.838673796539,0.));
#10045 = ADVANCED_FACE('',(#10046),#10064,.T.);
#10046 = FACE_BOUND('',#10047,.T.);
#10047 = EDGE_LOOP('',(#10048,#10049,#10057,#10063));
#10048 = ORIENTED_EDGE('',*,*,#10034,.T.);
#10049 = ORIENTED_EDGE('',*,*,#10050,.T.);
#10050 = EDGE_CURVE('',#10027,#10051,#10053,.T.);
#10051 = VERTEX_POINT('',#10052);
#10052 = CARTESIAN_POINT('',(33.83198928833,-14.26088333129,
    1.600000023842));
#10053 = LINE('',#10054,#10055);
#10054 = CARTESIAN_POINT('',(33.684677124023,-14.55000019073,
    1.600000023842));
#10055 = VECTOR('',#10056,1.);
#10056 = DIRECTION('',(0.453989928563,0.891006815217,0.));
#10057 = ORIENTED_EDGE('',*,*,#10058,.F.);
#10058 = EDGE_CURVE('',#838,#10051,#10059,.T.);
#10059 = LINE('',#10060,#10061);
#10060 = CARTESIAN_POINT('',(33.83198928833,-14.26088333129,
    -0.10000000149));
#10061 = VECTOR('',#10062,1.);
#10062 = DIRECTION('',(0.,0.,1.));
#10063 = ORIENTED_EDGE('',*,*,#837,.F.);
#10064 = PLANE('',#10065);
#10065 = AXIS2_PLACEMENT_3D('',#10066,#10067,#10068);
#10066 = CARTESIAN_POINT('',(33.758333206177,-14.40544176101,
    0.750000011176));
#10067 = DIRECTION('',(-0.891006815217,0.453989928563,0.));
#10068 = DIRECTION('',(-0.453989928563,-0.891006815217,0.));
#10069 = ADVANCED_FACE('',(#10070),#10088,.T.);
#10070 = FACE_BOUND('',#10071,.T.);
#10071 = EDGE_LOOP('',(#10072,#10073,#10081,#10087));
#10072 = ORIENTED_EDGE('',*,*,#10058,.T.);
#10073 = ORIENTED_EDGE('',*,*,#10074,.T.);
#10074 = EDGE_CURVE('',#10051,#10075,#10077,.T.);
#10075 = VERTEX_POINT('',#10076);
#10076 = CARTESIAN_POINT('',(33.948276519775,-13.95795249939,
    1.600000023842));
#10077 = LINE('',#10078,#10079);
#10078 = CARTESIAN_POINT('',(33.83198928833,-14.26088333129,
    1.600000023842));
#10079 = VECTOR('',#10080,1.);
#10080 = DIRECTION('',(0.358375953816,0.933577353906,0.));
#10081 = ORIENTED_EDGE('',*,*,#10082,.F.);
#10082 = EDGE_CURVE('',#846,#10075,#10083,.T.);
#10083 = LINE('',#10084,#10085);
#10084 = CARTESIAN_POINT('',(33.948276519775,-13.95795249939,
    -0.10000000149));
#10085 = VECTOR('',#10086,1.);
#10086 = DIRECTION('',(0.,0.,1.));
#10087 = ORIENTED_EDGE('',*,*,#845,.F.);
#10088 = PLANE('',#10089);
#10089 = AXIS2_PLACEMENT_3D('',#10090,#10091,#10092);
#10090 = CARTESIAN_POINT('',(33.890132904053,-14.10941791534,
    0.750000011176));
#10091 = DIRECTION('',(-0.933577353906,0.358375953816,0.));
#10092 = DIRECTION('',(-0.358375953816,-0.933577353906,0.));
#10093 = ADVANCED_FACE('',(#10094),#10112,.T.);
#10094 = FACE_BOUND('',#10095,.T.);
#10095 = EDGE_LOOP('',(#10096,#10097,#10105,#10111));
#10096 = ORIENTED_EDGE('',*,*,#10082,.T.);
#10097 = ORIENTED_EDGE('',*,*,#10098,.T.);
#10098 = EDGE_CURVE('',#10075,#10099,#10101,.T.);
#10099 = VERTEX_POINT('',#10100);
#10100 = CARTESIAN_POINT('',(34.032257080078,-13.64452648162,
    1.600000023842));
#10101 = LINE('',#10102,#10103);
#10102 = CARTESIAN_POINT('',(33.948276519775,-13.95795249939,
    1.600000023842));
#10103 = VECTOR('',#10104,1.);
#10104 = DIRECTION('',(0.258814191315,0.965927126844,0.));
#10105 = ORIENTED_EDGE('',*,*,#10106,.F.);
#10106 = EDGE_CURVE('',#854,#10099,#10107,.T.);
#10107 = LINE('',#10108,#10109);
#10108 = CARTESIAN_POINT('',(34.032257080078,-13.64452648162,
    -0.10000000149));
#10109 = VECTOR('',#10110,1.);
#10110 = DIRECTION('',(0.,0.,1.));
#10111 = ORIENTED_EDGE('',*,*,#853,.F.);
#10112 = PLANE('',#10113);
#10113 = AXIS2_PLACEMENT_3D('',#10114,#10115,#10116);
#10114 = CARTESIAN_POINT('',(33.990266799927,-13.8012394905,
    0.750000011176));
#10115 = DIRECTION('',(-0.965927126844,0.258814191315,0.));
#10116 = DIRECTION('',(-0.258814191315,-0.965927126844,0.));
#10117 = ADVANCED_FACE('',(#10118),#10136,.T.);
#10118 = FACE_BOUND('',#10119,.T.);
#10119 = EDGE_LOOP('',(#10120,#10121,#10129,#10135));
#10120 = ORIENTED_EDGE('',*,*,#10106,.T.);
#10121 = ORIENTED_EDGE('',*,*,#10122,.T.);
#10122 = EDGE_CURVE('',#10099,#10123,#10125,.T.);
#10123 = VERTEX_POINT('',#10124);
#10124 = CARTESIAN_POINT('',(34.083019256592,-13.32403850555,
    1.600000023842));
#10125 = LINE('',#10126,#10127);
#10126 = CARTESIAN_POINT('',(34.032257080078,-13.64452648162,
    1.600000023842));
#10127 = VECTOR('',#10128,1.);
#10128 = DIRECTION('',(0.15644008038,0.987687451196,0.));
#10129 = ORIENTED_EDGE('',*,*,#10130,.F.);
#10130 = EDGE_CURVE('',#862,#10123,#10131,.T.);
#10131 = LINE('',#10132,#10133);
#10132 = CARTESIAN_POINT('',(34.083019256592,-13.32403850555,
    -0.10000000149));
#10133 = VECTOR('',#10134,1.);
#10134 = DIRECTION('',(0.,0.,1.));
#10135 = ORIENTED_EDGE('',*,*,#861,.F.);
#10136 = PLANE('',#10137);
#10137 = AXIS2_PLACEMENT_3D('',#10138,#10139,#10140);
#10138 = CARTESIAN_POINT('',(34.057638168335,-13.48428249359,
    0.750000011176));
#10139 = DIRECTION('',(-0.987687451196,0.15644008038,0.));
#10140 = DIRECTION('',(-0.15644008038,-0.987687451196,0.));
#10141 = ADVANCED_FACE('',(#10142),#10160,.T.);
#10142 = FACE_BOUND('',#10143,.T.);
#10143 = EDGE_LOOP('',(#10144,#10145,#10153,#10159));
#10144 = ORIENTED_EDGE('',*,*,#10130,.T.);
#10145 = ORIENTED_EDGE('',*,*,#10146,.T.);
#10146 = EDGE_CURVE('',#10123,#10147,#10149,.T.);
#10147 = VERTEX_POINT('',#10148);
#10148 = CARTESIAN_POINT('',(34.099998474121,-13.,1.600000023842));
#10149 = LINE('',#10150,#10151);
#10150 = CARTESIAN_POINT('',(34.083019256592,-13.32403850555,
    1.600000023842));
#10151 = VECTOR('',#10152,1.);
#10152 = DIRECTION('',(5.23269790434E-02,0.998630005189,0.));
#10153 = ORIENTED_EDGE('',*,*,#10154,.T.);
#10154 = EDGE_CURVE('',#10147,#870,#10155,.T.);
#10155 = LINE('',#10156,#10157);
#10156 = CARTESIAN_POINT('',(34.099998474121,-13.,1.600000023842));
#10157 = VECTOR('',#10158,1.);
#10158 = DIRECTION('',(0.,0.,-1.));
#10159 = ORIENTED_EDGE('',*,*,#869,.F.);
#10160 = PLANE('',#10161);
#10161 = AXIS2_PLACEMENT_3D('',#10162,#10163,#10164);
#10162 = CARTESIAN_POINT('',(34.091508865356,-13.16201925277,
    0.750000011176));
#10163 = DIRECTION('',(-0.998630005189,5.23269790434E-02,0.));
#10164 = DIRECTION('',(-5.23269790434E-02,-0.998630005189,0.));
#10165 = ADVANCED_FACE('',(#10166),#10177,.T.);
#10166 = FACE_BOUND('',#10167,.T.);
#10167 = EDGE_LOOP('',(#10168,#10169,#10175,#10176));
#10168 = ORIENTED_EDGE('',*,*,#10154,.F.);
#10169 = ORIENTED_EDGE('',*,*,#10170,.T.);
#10170 = EDGE_CURVE('',#10147,#9786,#10171,.T.);
#10171 = LINE('',#10172,#10173);
#10172 = CARTESIAN_POINT('',(34.099998474121,-13.,1.600000023842));
#10173 = VECTOR('',#10174,1.);
#10174 = DIRECTION('',(0.,1.,0.));
#10175 = ORIENTED_EDGE('',*,*,#9795,.F.);
#10176 = ORIENTED_EDGE('',*,*,#877,.F.);
#10177 = PLANE('',#10178);
#10178 = AXIS2_PLACEMENT_3D('',#10179,#10180,#10181);
#10179 = CARTESIAN_POINT('',(34.099998474121,1.550000190735,
    0.750000011176));
#10180 = DIRECTION('',(-1.,-0.,-0.));
#10181 = DIRECTION('',(0.,0.,-1.));
#10182 = ADVANCED_FACE('',(#10183),#10194,.T.);
#10183 = FACE_BOUND('',#10184,.T.);
#10184 = EDGE_LOOP('',(#10185,#10186,#10187,#10193));
#10185 = ORIENTED_EDGE('',*,*,#9338,.T.);
#10186 = ORIENTED_EDGE('',*,*,#1591,.F.);
#10187 = ORIENTED_EDGE('',*,*,#10188,.T.);
#10188 = EDGE_CURVE('',#1584,#9111,#10189,.T.);
#10189 = LINE('',#10190,#10191);
#10190 = CARTESIAN_POINT('',(-31.,-15.,-0.10000000149));
#10191 = VECTOR('',#10192,1.);
#10192 = DIRECTION('',(0.,0.,-1.));
#10193 = ORIENTED_EDGE('',*,*,#9110,.T.);
#10194 = PLANE('',#10195);
#10195 = AXIS2_PLACEMENT_3D('',#10196,#10197,#10198);
#10196 = CARTESIAN_POINT('',(-31.10452842712,-14.99452209472,
    -0.600000012666));
#10197 = DIRECTION('',(5.233407490429E-02,0.99862963335,0.));
#10198 = DIRECTION('',(0.99862963335,-5.233407490429E-02,0.));
#10199 = ADVANCED_FACE('',(#10200),#10206,.T.);
#10200 = FACE_BOUND('',#10201,.T.);
#10201 = EDGE_LOOP('',(#10202,#10203,#10204,#10205));
#10202 = ORIENTED_EDGE('',*,*,#9022,.T.);
#10203 = ORIENTED_EDGE('',*,*,#9315,.T.);
#10204 = ORIENTED_EDGE('',*,*,#1679,.F.);
#10205 = ORIENTED_EDGE('',*,*,#9185,.F.);
#10206 = PLANE('',#10207);
#10207 = AXIS2_PLACEMENT_3D('',#10208,#10209,#10210);
#10208 = CARTESIAN_POINT('',(-32.8646030426,-13.71575403213,
    -0.600000012666));
#10209 = DIRECTION('',(0.933578000519,0.35837426937,0.));
#10210 = DIRECTION('',(-0.35837426937,0.933578000519,0.));
#10211 = ADVANCED_FACE('',(#10212),#10223,.T.);
#10212 = FACE_BOUND('',#10213,.T.);
#10213 = EDGE_LOOP('',(#10214,#10215,#10216,#10217));
#10214 = ORIENTED_EDGE('',*,*,#9062,.T.);
#10215 = ORIENTED_EDGE('',*,*,#9265,.T.);
#10216 = ORIENTED_EDGE('',*,*,#1639,.F.);
#10217 = ORIENTED_EDGE('',*,*,#10218,.F.);
#10218 = EDGE_CURVE('',#9063,#1632,#10219,.T.);
#10219 = LINE('',#10220,#10221);
#10220 = CARTESIAN_POINT('',(-32.17557144165,-14.61803436279,
    -1.100000023842));
#10221 = VECTOR('',#10222,1.);
#10222 = DIRECTION('',(0.,0.,1.));
#10223 = PLANE('',#10224);
#10224 = AXIS2_PLACEMENT_3D('',#10225,#10226,#10227);
#10225 = CARTESIAN_POINT('',(-32.25691604614,-14.55216217041,
    -0.600000012666));
#10226 = DIRECTION('',(0.629324028917,0.777143015556,0.));
#10227 = DIRECTION('',(0.777143015556,-0.629324028917,0.));
#10228 = ADVANCED_FACE('',(#10229),#10240,.T.);
#10229 = FACE_BOUND('',#10230,.T.);
#10230 = EDGE_LOOP('',(#10231,#10232,#10233,#10239));
#10231 = ORIENTED_EDGE('',*,*,#9247,.T.);
#10232 = ORIENTED_EDGE('',*,*,#1615,.F.);
#10233 = ORIENTED_EDGE('',*,*,#10234,.F.);
#10234 = EDGE_CURVE('',#9087,#1608,#10235,.T.);
#10235 = LINE('',#10236,#10237);
#10236 = CARTESIAN_POINT('',(-31.61803436279,-14.90211296081,
    -1.100000023842));
#10237 = VECTOR('',#10238,1.);
#10238 = DIRECTION('',(0.,0.,1.));
#10239 = ORIENTED_EDGE('',*,*,#9086,.T.);
#10240 = PLANE('',#10241);
#10241 = AXIS2_PLACEMENT_3D('',#10242,#10243,#10244);
#10242 = CARTESIAN_POINT('',(-31.71575355529,-14.86460208892,
    -0.600000012666));
#10243 = DIRECTION('',(0.358367852554,0.933580463729,0.));
#10244 = DIRECTION('',(0.933580463729,-0.358367852554,0.));
#10245 = ADVANCED_FACE('',(#10246),#10252,.T.);
#10246 = FACE_BOUND('',#10247,.T.);
#10247 = EDGE_LOOP('',(#10248,#10249,#10250,#10251));
#10248 = ORIENTED_EDGE('',*,*,#9070,.T.);
#10249 = ORIENTED_EDGE('',*,*,#10218,.T.);
#10250 = ORIENTED_EDGE('',*,*,#1631,.F.);
#10251 = ORIENTED_EDGE('',*,*,#9240,.F.);
#10252 = PLANE('',#10253);
#10253 = AXIS2_PLACEMENT_3D('',#10254,#10255,#10256);
#10254 = CARTESIAN_POINT('',(-32.08778572082,-14.67504262924,
    -0.600000012666));
#10255 = DIRECTION('',(0.544636029755,0.838672519576,0.));
#10256 = DIRECTION('',(0.838672519576,-0.544636029755,0.));
#10257 = ADVANCED_FACE('',(#10258),#10264,.T.);
#10258 = FACE_BOUND('',#10259,.T.);
#10259 = EDGE_LOOP('',(#10260,#10261,#10262,#10263));
#10260 = ORIENTED_EDGE('',*,*,#10234,.T.);
#10261 = ORIENTED_EDGE('',*,*,#1607,.F.);
#10262 = ORIENTED_EDGE('',*,*,#9331,.F.);
#10263 = ORIENTED_EDGE('',*,*,#9094,.T.);
#10264 = PLANE('',#10265);
#10265 = AXIS2_PLACEMENT_3D('',#10266,#10267,#10268);
#10266 = CARTESIAN_POINT('',(-31.51692867279,-14.92920398712,
    -0.600000012666));
#10267 = DIRECTION('',(0.25881760394,0.965926212446,0.));
#10268 = DIRECTION('',(0.965926212446,-0.25881760394,0.));
#10269 = ADVANCED_FACE('',(#10270),#10281,.T.);
#10270 = FACE_BOUND('',#10271,.T.);
#10271 = EDGE_LOOP('',(#10272,#10273,#10274,#10280));
#10272 = ORIENTED_EDGE('',*,*,#10188,.F.);
#10273 = ORIENTED_EDGE('',*,*,#1583,.F.);
#10274 = ORIENTED_EDGE('',*,*,#10275,.T.);
#10275 = EDGE_CURVE('',#1576,#9119,#10276,.T.);
#10276 = LINE('',#10277,#10278);
#10277 = CARTESIAN_POINT('',(31.,-15.,-0.10000000149));
#10278 = VECTOR('',#10279,1.);
#10279 = DIRECTION('',(0.,0.,-1.));
#10280 = ORIENTED_EDGE('',*,*,#9118,.T.);
#10281 = PLANE('',#10282);
#10282 = AXIS2_PLACEMENT_3D('',#10283,#10284,#10285);
#10283 = CARTESIAN_POINT('',(0.,-15.,-0.600000012666));
#10284 = DIRECTION('',(0.,1.,0.));
#10285 = DIRECTION('',(0.,0.,1.));
#10286 = ADVANCED_FACE('',(#10287),#10298,.T.);
#10287 = FACE_BOUND('',#10288,.T.);
#10288 = EDGE_LOOP('',(#10289,#10290,#10291,#10292));
#10289 = ORIENTED_EDGE('',*,*,#1183,.F.);
#10290 = ORIENTED_EDGE('',*,*,#9141,.F.);
#10291 = ORIENTED_EDGE('',*,*,#8718,.F.);
#10292 = ORIENTED_EDGE('',*,*,#10293,.T.);
#10293 = EDGE_CURVE('',#8711,#1184,#10294,.T.);
#10294 = LINE('',#10295,#10296);
#10295 = CARTESIAN_POINT('',(33.,15.,-1.100000023842));
#10296 = VECTOR('',#10297,1.);
#10297 = DIRECTION('',(0.,0.,1.));
#10298 = PLANE('',#10299);
#10299 = AXIS2_PLACEMENT_3D('',#10300,#10301,#10302);
#10300 = CARTESIAN_POINT('',(0.,15.,-0.600000012666));
#10301 = DIRECTION('',(-0.,-1.,-0.));
#10302 = DIRECTION('',(0.,0.,-1.));
#10303 = ADVANCED_FACE('',(#10304),#10310,.T.);
#10304 = FACE_BOUND('',#10305,.T.);
#10305 = EDGE_LOOP('',(#10306,#10307,#10308,#10309));
#10306 = ORIENTED_EDGE('',*,*,#10275,.F.);
#10307 = ORIENTED_EDGE('',*,*,#1575,.F.);
#10308 = ORIENTED_EDGE('',*,*,#8310,.F.);
#10309 = ORIENTED_EDGE('',*,*,#9126,.T.);
#10310 = PLANE('',#10311);
#10311 = AXIS2_PLACEMENT_3D('',#10312,#10313,#10314);
#10312 = CARTESIAN_POINT('',(31.104528427124,-14.99452209472,
    -0.600000012666));
#10313 = DIRECTION('',(-5.233407490429E-02,0.99862963335,0.));
#10314 = DIRECTION('',(0.99862963335,5.233407490429E-02,0.));
#10315 = ADVANCED_FACE('',(#10316),#10327,.T.);
#10316 = FACE_BOUND('',#10317,.T.);
#10317 = EDGE_LOOP('',(#10318,#10319,#10320,#10326));
#10318 = ORIENTED_EDGE('',*,*,#8319,.T.);
#10319 = ORIENTED_EDGE('',*,*,#1559,.F.);
#10320 = ORIENTED_EDGE('',*,*,#10321,.F.);
#10321 = EDGE_CURVE('',#8343,#1552,#10322,.T.);
#10322 = LINE('',#10323,#10324);
#10323 = CARTESIAN_POINT('',(31.618034362793,-14.90211296081,
    -1.100000023842));
#10324 = VECTOR('',#10325,1.);
#10325 = DIRECTION('',(0.,0.,1.));
#10326 = ORIENTED_EDGE('',*,*,#8342,.F.);
#10327 = PLANE('',#10328);
#10328 = AXIS2_PLACEMENT_3D('',#10329,#10330,#10331);
#10329 = CARTESIAN_POINT('',(31.516928672791,-14.92920398712,
    -0.600000012666));
#10330 = DIRECTION('',(-0.25881760394,0.965926212446,0.));
#10331 = DIRECTION('',(0.965926212446,0.25881760394,0.));
#10332 = ADVANCED_FACE('',(#10333),#10344,.T.);
#10333 = FACE_BOUND('',#10334,.T.);
#10334 = EDGE_LOOP('',(#10335,#10336,#10337,#10343));
#10335 = ORIENTED_EDGE('',*,*,#10321,.T.);
#10336 = ORIENTED_EDGE('',*,*,#1551,.F.);
#10337 = ORIENTED_EDGE('',*,*,#10338,.F.);
#10338 = EDGE_CURVE('',#8351,#1544,#10339,.T.);
#10339 = LINE('',#10340,#10341);
#10340 = CARTESIAN_POINT('',(31.813472747803,-14.82709121704,
    -1.100000023842));
#10341 = VECTOR('',#10342,1.);
#10342 = DIRECTION('',(0.,0.,1.));
#10343 = ORIENTED_EDGE('',*,*,#8350,.F.);
#10344 = PLANE('',#10345);
#10345 = AXIS2_PLACEMENT_3D('',#10346,#10347,#10348);
#10346 = CARTESIAN_POINT('',(31.715753555298,-14.86460208892,
    -0.600000012666));
#10347 = DIRECTION('',(-0.358367852554,0.933580463729,0.));
#10348 = DIRECTION('',(0.933580463729,0.358367852554,0.));
#10349 = ADVANCED_FACE('',(#10350),#10361,.T.);
#10350 = FACE_BOUND('',#10351,.T.);
#10351 = EDGE_LOOP('',(#10352,#10353,#10354,#10360));
#10352 = ORIENTED_EDGE('',*,*,#10338,.T.);
#10353 = ORIENTED_EDGE('',*,*,#1543,.F.);
#10354 = ORIENTED_EDGE('',*,*,#10355,.F.);
#10355 = EDGE_CURVE('',#8359,#1536,#10356,.T.);
#10356 = LINE('',#10357,#10358);
#10357 = CARTESIAN_POINT('',(32.,-14.73205089569,-1.100000023842));
#10358 = VECTOR('',#10359,1.);
#10359 = DIRECTION('',(0.,0.,1.));
#10360 = ORIENTED_EDGE('',*,*,#8358,.F.);
#10361 = PLANE('',#10362);
#10362 = AXIS2_PLACEMENT_3D('',#10363,#10364,#10365);
#10363 = CARTESIAN_POINT('',(31.906736373901,-14.77957105636,
    -0.600000012666));
#10364 = DIRECTION('',(-0.453990269667,0.891006641416,0.));
#10365 = DIRECTION('',(0.891006641416,0.453990269667,0.));
#10366 = ADVANCED_FACE('',(#10367),#10378,.T.);
#10367 = FACE_BOUND('',#10368,.T.);
#10368 = EDGE_LOOP('',(#10369,#10370,#10371,#10377));
#10369 = ORIENTED_EDGE('',*,*,#10355,.T.);
#10370 = ORIENTED_EDGE('',*,*,#1535,.F.);
#10371 = ORIENTED_EDGE('',*,*,#10372,.F.);
#10372 = EDGE_CURVE('',#8367,#1528,#10373,.T.);
#10373 = LINE('',#10374,#10375);
#10374 = CARTESIAN_POINT('',(32.17557144165,-14.61803436279,
    -1.100000023842));
#10375 = VECTOR('',#10376,1.);
#10376 = DIRECTION('',(0.,0.,1.));
#10377 = ORIENTED_EDGE('',*,*,#8366,.F.);
#10378 = PLANE('',#10379);
#10379 = AXIS2_PLACEMENT_3D('',#10380,#10381,#10382);
#10380 = CARTESIAN_POINT('',(32.087785720825,-14.67504262924,
    -0.600000012666));
#10381 = DIRECTION('',(-0.544636029755,0.838672519576,0.));
#10382 = DIRECTION('',(0.838672519576,0.544636029755,0.));
#10383 = ADVANCED_FACE('',(#10384),#10395,.T.);
#10384 = FACE_BOUND('',#10385,.T.);
#10385 = EDGE_LOOP('',(#10386,#10387,#10388,#10394));
#10386 = ORIENTED_EDGE('',*,*,#10372,.T.);
#10387 = ORIENTED_EDGE('',*,*,#1527,.F.);
#10388 = ORIENTED_EDGE('',*,*,#10389,.F.);
#10389 = EDGE_CURVE('',#8375,#1520,#10390,.T.);
#10390 = LINE('',#10391,#10392);
#10391 = CARTESIAN_POINT('',(32.338260650635,-14.48628997802,
    -1.100000023842));
#10392 = VECTOR('',#10393,1.);
#10393 = DIRECTION('',(0.,0.,1.));
#10394 = ORIENTED_EDGE('',*,*,#8374,.F.);
#10395 = PLANE('',#10396);
#10396 = AXIS2_PLACEMENT_3D('',#10397,#10398,#10399);
#10397 = CARTESIAN_POINT('',(32.256916046143,-14.55216217041,
    -0.600000012666));
#10398 = DIRECTION('',(-0.629324028917,0.777143015556,0.));
#10399 = DIRECTION('',(0.777143015556,0.629324028917,0.));
#10400 = ADVANCED_FACE('',(#10401),#10412,.T.);
#10401 = FACE_BOUND('',#10402,.T.);
#10402 = EDGE_LOOP('',(#10403,#10404,#10405,#10411));
#10403 = ORIENTED_EDGE('',*,*,#10389,.T.);
#10404 = ORIENTED_EDGE('',*,*,#1519,.F.);
#10405 = ORIENTED_EDGE('',*,*,#10406,.F.);
#10406 = EDGE_CURVE('',#8383,#1512,#10407,.T.);
#10407 = LINE('',#10408,#10409);
#10408 = CARTESIAN_POINT('',(32.486289978027,-14.3382616043,
    -1.100000023842));
#10409 = VECTOR('',#10410,1.);
#10410 = DIRECTION('',(0.,0.,1.));
#10411 = ORIENTED_EDGE('',*,*,#8382,.F.);
#10412 = PLANE('',#10413);
#10413 = AXIS2_PLACEMENT_3D('',#10414,#10415,#10416);
#10414 = CARTESIAN_POINT('',(32.412275314331,-14.41227579116,
    -0.600000012666));
#10415 = DIRECTION('',(-0.707104503419,0.707109058947,0.));
#10416 = DIRECTION('',(0.707109058947,0.707104503419,0.));
#10417 = ADVANCED_FACE('',(#10418),#10429,.T.);
#10418 = FACE_BOUND('',#10419,.T.);
#10419 = EDGE_LOOP('',(#10420,#10421,#10422,#10428));
#10420 = ORIENTED_EDGE('',*,*,#10406,.T.);
#10421 = ORIENTED_EDGE('',*,*,#1511,.F.);
#10422 = ORIENTED_EDGE('',*,*,#10423,.F.);
#10423 = EDGE_CURVE('',#8391,#1504,#10424,.T.);
#10424 = LINE('',#10425,#10426);
#10425 = CARTESIAN_POINT('',(32.618034362793,-14.17557048797,
    -1.100000023842));
#10426 = VECTOR('',#10427,1.);
#10427 = DIRECTION('',(0.,0.,1.));
#10428 = ORIENTED_EDGE('',*,*,#8390,.F.);
#10429 = PLANE('',#10430);
#10430 = AXIS2_PLACEMENT_3D('',#10431,#10432,#10433);
#10431 = CARTESIAN_POINT('',(32.55216217041,-14.25691604614,
    -0.600000012666));
#10432 = DIRECTION('',(-0.77714662397,0.629319572914,0.));
#10433 = DIRECTION('',(-0.629319572914,-0.77714662397,0.));
#10434 = ADVANCED_FACE('',(#10435),#10446,.T.);
#10435 = FACE_BOUND('',#10436,.T.);
#10436 = EDGE_LOOP('',(#10437,#10438,#10439,#10445));
#10437 = ORIENTED_EDGE('',*,*,#10423,.T.);
#10438 = ORIENTED_EDGE('',*,*,#1503,.F.);
#10439 = ORIENTED_EDGE('',*,*,#10440,.F.);
#10440 = EDGE_CURVE('',#8399,#1496,#10441,.T.);
#10441 = LINE('',#10442,#10443);
#10442 = CARTESIAN_POINT('',(32.732051849365,-14.,-1.100000023842));
#10443 = VECTOR('',#10444,1.);
#10444 = DIRECTION('',(0.,0.,1.));
#10445 = ORIENTED_EDGE('',*,*,#8398,.F.);
#10446 = PLANE('',#10447);
#10447 = AXIS2_PLACEMENT_3D('',#10448,#10449,#10450);
#10448 = CARTESIAN_POINT('',(32.675043106079,-14.08778524398,
    -0.600000012666));
#10449 = DIRECTION('',(-0.838669087422,0.544641314814,0.));
#10450 = DIRECTION('',(-0.544641314814,-0.838669087422,0.));
#10451 = ADVANCED_FACE('',(#10452),#10463,.T.);
#10452 = FACE_BOUND('',#10453,.T.);
#10453 = EDGE_LOOP('',(#10454,#10455,#10456,#10462));
#10454 = ORIENTED_EDGE('',*,*,#10440,.T.);
#10455 = ORIENTED_EDGE('',*,*,#1495,.F.);
#10456 = ORIENTED_EDGE('',*,*,#10457,.F.);
#10457 = EDGE_CURVE('',#8407,#1488,#10458,.T.);
#10458 = LINE('',#10459,#10460);
#10459 = CARTESIAN_POINT('',(32.827091217041,-13.81347370147,
    -1.100000023842));
#10460 = VECTOR('',#10461,1.);
#10461 = DIRECTION('',(0.,0.,1.));
#10462 = ORIENTED_EDGE('',*,*,#8406,.F.);
#10463 = PLANE('',#10464);
#10464 = AXIS2_PLACEMENT_3D('',#10465,#10466,#10467);
#10465 = CARTESIAN_POINT('',(32.779571533203,-13.90673685073,
    -0.600000012666));
#10466 = DIRECTION('',(-0.891007545242,0.453988495803,0.));
#10467 = DIRECTION('',(-0.453988495803,-0.891007545242,0.));
#10468 = ADVANCED_FACE('',(#10469),#10480,.T.);
#10469 = FACE_BOUND('',#10470,.T.);
#10470 = EDGE_LOOP('',(#10471,#10472,#10473,#10479));
#10471 = ORIENTED_EDGE('',*,*,#10457,.T.);
#10472 = ORIENTED_EDGE('',*,*,#1487,.F.);
#10473 = ORIENTED_EDGE('',*,*,#10474,.F.);
#10474 = EDGE_CURVE('',#8415,#1480,#10475,.T.);
#10475 = LINE('',#10476,#10477);
#10476 = CARTESIAN_POINT('',(32.902114868164,-13.61803436279,
    -1.100000023842));
#10477 = VECTOR('',#10478,1.);
#10478 = DIRECTION('',(0.,0.,1.));
#10479 = ORIENTED_EDGE('',*,*,#8414,.F.);
#10480 = PLANE('',#10481);
#10481 = AXIS2_PLACEMENT_3D('',#10482,#10483,#10484);
#10482 = CARTESIAN_POINT('',(32.864603042603,-13.71575403213,
    -0.600000012666));
#10483 = DIRECTION('',(-0.933578000519,0.35837426937,0.));
#10484 = DIRECTION('',(-0.35837426937,-0.933578000519,0.));
#10485 = ADVANCED_FACE('',(#10486),#10497,.T.);
#10486 = FACE_BOUND('',#10487,.T.);
#10487 = EDGE_LOOP('',(#10488,#10489,#10490,#10496));
#10488 = ORIENTED_EDGE('',*,*,#10474,.T.);
#10489 = ORIENTED_EDGE('',*,*,#1479,.F.);
#10490 = ORIENTED_EDGE('',*,*,#10491,.F.);
#10491 = EDGE_CURVE('',#8423,#1472,#10492,.T.);
#10492 = LINE('',#10493,#10494);
#10493 = CARTESIAN_POINT('',(32.956295013428,-13.41582298278,
    -1.100000023842));
#10494 = VECTOR('',#10495,1.);
#10495 = DIRECTION('',(0.,0.,1.));
#10496 = ORIENTED_EDGE('',*,*,#8422,.F.);
#10497 = PLANE('',#10498);
#10498 = AXIS2_PLACEMENT_3D('',#10499,#10500,#10501);
#10499 = CARTESIAN_POINT('',(32.929204940796,-13.51692867279,
    -0.600000012666));
#10500 = DIRECTION('',(-0.965928490165,0.258809103178,0.));
#10501 = DIRECTION('',(-0.258809103178,-0.965928490165,0.));
#10502 = ADVANCED_FACE('',(#10503),#10514,.T.);
#10503 = FACE_BOUND('',#10504,.T.);
#10504 = EDGE_LOOP('',(#10505,#10506,#10507,#10513));
#10505 = ORIENTED_EDGE('',*,*,#10491,.T.);
#10506 = ORIENTED_EDGE('',*,*,#1471,.F.);
#10507 = ORIENTED_EDGE('',*,*,#10508,.F.);
#10508 = EDGE_CURVE('',#8431,#1464,#10509,.T.);
#10509 = LINE('',#10510,#10511);
#10510 = CARTESIAN_POINT('',(32.989044189453,-13.20905685424,
    -1.100000023842));
#10511 = VECTOR('',#10512,1.);
#10512 = DIRECTION('',(0.,0.,1.));
#10513 = ORIENTED_EDGE('',*,*,#8430,.F.);
#10514 = PLANE('',#10515);
#10515 = AXIS2_PLACEMENT_3D('',#10516,#10517,#10518);
#10516 = CARTESIAN_POINT('',(32.97266960144,-13.31243991851,
    -0.600000012666));
#10517 = DIRECTION('',(-0.987687869354,0.15643744031,0.));
#10518 = DIRECTION('',(-0.15643744031,-0.987687869354,0.));
#10519 = ADVANCED_FACE('',(#10520),#10531,.T.);
#10520 = FACE_BOUND('',#10521,.T.);
#10521 = EDGE_LOOP('',(#10522,#10523,#10524,#10530));
#10522 = ORIENTED_EDGE('',*,*,#10508,.T.);
#10523 = ORIENTED_EDGE('',*,*,#1463,.F.);
#10524 = ORIENTED_EDGE('',*,*,#10525,.T.);
#10525 = EDGE_CURVE('',#1456,#8439,#10526,.T.);
#10526 = LINE('',#10527,#10528);
#10527 = CARTESIAN_POINT('',(33.,-13.,-0.10000000149));
#10528 = VECTOR('',#10529,1.);
#10529 = DIRECTION('',(0.,0.,-1.));
#10530 = ORIENTED_EDGE('',*,*,#8438,.T.);
#10531 = PLANE('',#10532);
#10532 = AXIS2_PLACEMENT_3D('',#10533,#10534,#10535);
#10533 = CARTESIAN_POINT('',(32.994522094727,-13.10452842712,
    -0.600000012666));
#10534 = DIRECTION('',(-0.99862963335,5.233407490429E-02,0.));
#10535 = DIRECTION('',(-5.233407490429E-02,-0.99862963335,0.));
#10536 = ADVANCED_FACE('',(#10537),#10548,.T.);
#10537 = FACE_BOUND('',#10538,.T.);
#10538 = EDGE_LOOP('',(#10539,#10540,#10541,#10547));
#10539 = ORIENTED_EDGE('',*,*,#10525,.F.);
#10540 = ORIENTED_EDGE('',*,*,#1455,.F.);
#10541 = ORIENTED_EDGE('',*,*,#10542,.T.);
#10542 = EDGE_CURVE('',#1448,#8447,#10543,.T.);
#10543 = LINE('',#10544,#10545);
#10544 = CARTESIAN_POINT('',(33.,1.299999952316,-0.10000000149));
#10545 = VECTOR('',#10546,1.);
#10546 = DIRECTION('',(0.,0.,-1.));
#10547 = ORIENTED_EDGE('',*,*,#8446,.T.);
#10548 = PLANE('',#10549);
#10549 = AXIS2_PLACEMENT_3D('',#10550,#10551,#10552);
#10550 = CARTESIAN_POINT('',(33.,-5.850000023842,-0.600000012666));
#10551 = DIRECTION('',(-1.,-0.,-0.));
#10552 = DIRECTION('',(0.,0.,-1.));
#10553 = ADVANCED_FACE('',(#10554),#10565,.T.);
#10554 = FACE_BOUND('',#10555,.T.);
#10555 = EDGE_LOOP('',(#10556,#10562,#10563,#10564));
#10556 = ORIENTED_EDGE('',*,*,#10557,.T.);
#10557 = EDGE_CURVE('',#8703,#1192,#10558,.T.);
#10558 = LINE('',#10559,#10560);
#10559 = CARTESIAN_POINT('',(33.,9.300000190735,-1.100000023842));
#10560 = VECTOR('',#10561,1.);
#10561 = DIRECTION('',(0.,0.,1.));
#10562 = ORIENTED_EDGE('',*,*,#1191,.F.);
#10563 = ORIENTED_EDGE('',*,*,#10293,.F.);
#10564 = ORIENTED_EDGE('',*,*,#8710,.F.);
#10565 = PLANE('',#10566);
#10566 = AXIS2_PLACEMENT_3D('',#10567,#10568,#10569);
#10567 = CARTESIAN_POINT('',(33.,12.150000095367,-0.600000012666));
#10568 = DIRECTION('',(-1.,-0.,-0.));
#10569 = DIRECTION('',(0.,0.,-1.));
#10570 = ADVANCED_FACE('',(#10571),#10582,.T.);
#10571 = FACE_BOUND('',#10572,.T.);
#10572 = EDGE_LOOP('',(#10573,#10574,#10575,#10581));
#10573 = ORIENTED_EDGE('',*,*,#94,.T.);
#10574 = ORIENTED_EDGE('',*,*,#31,.F.);
#10575 = ORIENTED_EDGE('',*,*,#10576,.T.);
#10576 = EDGE_CURVE('',#24,#197,#10577,.T.);
#10577 = LINE('',#10578,#10579);
#10578 = CARTESIAN_POINT('',(-35.09999847412,-11.47694683075,
    -0.354181826115));
#10579 = VECTOR('',#10580,1.);
#10580 = DIRECTION('',(0.,-0.89100658945,0.453990371656));
#10581 = ORIENTED_EDGE('',*,*,#259,.F.);
#10582 = PLANE('',#10583);
#10583 = AXIS2_PLACEMENT_3D('',#10584,#10585,#10586);
#10584 = CARTESIAN_POINT('',(-34.54999923706,-11.66347360611,
    -0.259141720831));
#10585 = DIRECTION('',(0.,0.453990371656,0.89100658945));
#10586 = DIRECTION('',(0.,0.89100658945,-0.453990371656));
#10587 = ADVANCED_FACE('',(#10588),#10606,.T.);
#10588 = FACE_BOUND('',#10589,.T.);
#10589 = EDGE_LOOP('',(#10590,#10591,#10599,#10605));
#10590 = ORIENTED_EDGE('',*,*,#182,.F.);
#10591 = ORIENTED_EDGE('',*,*,#10592,.T.);
#10592 = EDGE_CURVE('',#175,#10593,#10595,.T.);
#10593 = VERTEX_POINT('',#10594);
#10594 = CARTESIAN_POINT('',(-35.09999847412,-10.26811408996,
    -0.678087592125));
#10595 = LINE('',#10596,#10597);
#10596 = CARTESIAN_POINT('',(-34.,-10.26811408996,-0.678087592125));
#10597 = VECTOR('',#10598,1.);
#10598 = DIRECTION('',(-1.,0.,0.));
#10599 = ORIENTED_EDGE('',*,*,#10600,.T.);
#10600 = EDGE_CURVE('',#10593,#71,#10601,.T.);
#10601 = LINE('',#10602,#10603);
#10602 = CARTESIAN_POINT('',(-35.09999847412,-10.26811408996,
    -0.678087592125));
#10603 = VECTOR('',#10604,1.);
#10604 = DIRECTION('',(0.,-0.987688309278,0.156434662771));
#10605 = ORIENTED_EDGE('',*,*,#70,.F.);
#10606 = PLANE('',#10607);
#10607 = AXIS2_PLACEMENT_3D('',#10608,#10609,#10610);
#10608 = CARTESIAN_POINT('',(-34.54999923706,-10.4748802185,
    -0.645339012146));
#10609 = DIRECTION('',(0.,0.156434662771,0.987688309278));
#10610 = DIRECTION('',(0.,0.987688309278,-0.156434662771));
#10611 = ADVANCED_FACE('',(#10612),#10630,.T.);
#10612 = FACE_BOUND('',#10613,.T.);
#10613 = EDGE_LOOP('',(#10614,#10615,#10616,#10624));
#10614 = ORIENTED_EDGE('',*,*,#10592,.F.);
#10615 = ORIENTED_EDGE('',*,*,#174,.F.);
#10616 = ORIENTED_EDGE('',*,*,#10617,.T.);
#10617 = EDGE_CURVE('',#167,#10618,#10620,.T.);
#10618 = VERTEX_POINT('',#10619);
#10619 = CARTESIAN_POINT('',(-35.09999847412,-9.85000038147,
    -0.699999988079));
#10620 = LINE('',#10621,#10622);
#10621 = CARTESIAN_POINT('',(-34.,-9.85000038147,-0.699999988079));
#10622 = VECTOR('',#10623,1.);
#10623 = DIRECTION('',(-1.,0.,0.));
#10624 = ORIENTED_EDGE('',*,*,#10625,.T.);
#10625 = EDGE_CURVE('',#10618,#10593,#10626,.T.);
#10626 = LINE('',#10627,#10628);
#10627 = CARTESIAN_POINT('',(-35.09999847412,-9.85000038147,
    -0.699999988079));
#10628 = VECTOR('',#10629,1.);
#10629 = DIRECTION('',(0.,-0.998629536626,5.233592052449E-02));
#10630 = PLANE('',#10631);
#10631 = AXIS2_PLACEMENT_3D('',#10632,#10633,#10634);
#10632 = CARTESIAN_POINT('',(-34.54999923706,-10.05905723571,
    -0.689043790102));
#10633 = DIRECTION('',(0.,5.233592052449E-02,0.998629536626));
#10634 = DIRECTION('',(0.,0.998629536626,-5.233592052449E-02));
#10635 = ADVANCED_FACE('',(#10636),#10654,.T.);
#10636 = FACE_BOUND('',#10637,.T.);
#10637 = EDGE_LOOP('',(#10638,#10639,#10640,#10648));
#10638 = ORIENTED_EDGE('',*,*,#10617,.F.);
#10639 = ORIENTED_EDGE('',*,*,#166,.F.);
#10640 = ORIENTED_EDGE('',*,*,#10641,.T.);
#10641 = EDGE_CURVE('',#159,#10642,#10644,.T.);
#10642 = VERTEX_POINT('',#10643);
#10643 = CARTESIAN_POINT('',(-35.09999847412,-3.849999904633,
    -0.699999988079));
#10644 = LINE('',#10645,#10646);
#10645 = CARTESIAN_POINT('',(-34.,-3.849999904633,-0.699999988079));
#10646 = VECTOR('',#10647,1.);
#10647 = DIRECTION('',(-1.,0.,0.));
#10648 = ORIENTED_EDGE('',*,*,#10649,.T.);
#10649 = EDGE_CURVE('',#10642,#10618,#10650,.T.);
#10650 = LINE('',#10651,#10652);
#10651 = CARTESIAN_POINT('',(-35.09999847412,-3.849999904633,
    -0.699999988079));
#10652 = VECTOR('',#10653,1.);
#10653 = DIRECTION('',(0.,-1.,0.));
#10654 = PLANE('',#10655);
#10655 = AXIS2_PLACEMENT_3D('',#10656,#10657,#10658);
#10656 = CARTESIAN_POINT('',(-34.54999923706,-6.850000143051,
    -0.699999988079));
#10657 = DIRECTION('',(0.,0.,1.));
#10658 = DIRECTION('',(1.,0.,0.));
#10659 = ADVANCED_FACE('',(#10660),#10678,.T.);
#10660 = FACE_BOUND('',#10661,.T.);
#10661 = EDGE_LOOP('',(#10662,#10663,#10664,#10672));
#10662 = ORIENTED_EDGE('',*,*,#10641,.F.);
#10663 = ORIENTED_EDGE('',*,*,#158,.F.);
#10664 = ORIENTED_EDGE('',*,*,#10665,.F.);
#10665 = EDGE_CURVE('',#10666,#151,#10668,.T.);
#10666 = VERTEX_POINT('',#10667);
#10667 = CARTESIAN_POINT('',(-35.09999847412,-3.431886196136,
    -0.678087592125));
#10668 = LINE('',#10669,#10670);
#10669 = CARTESIAN_POINT('',(-35.09999847412,-3.431886196136,
    -0.678087592125));
#10670 = VECTOR('',#10671,1.);
#10671 = DIRECTION('',(1.,0.,0.));
#10672 = ORIENTED_EDGE('',*,*,#10673,.T.);
#10673 = EDGE_CURVE('',#10666,#10642,#10674,.T.);
#10674 = LINE('',#10675,#10676);
#10675 = CARTESIAN_POINT('',(-35.09999847412,-3.431886196136,
    -0.678087592125));
#10676 = VECTOR('',#10677,1.);
#10677 = DIRECTION('',(0.,-0.998629536626,-5.233592052449E-02));
#10678 = PLANE('',#10679);
#10679 = AXIS2_PLACEMENT_3D('',#10680,#10681,#10682);
#10680 = CARTESIAN_POINT('',(-34.54999923706,-3.640943050385,
    -0.689043790102));
#10681 = DIRECTION('',(0.,-5.233592052449E-02,0.998629536626));
#10682 = DIRECTION('',(0.,0.998629536626,5.233592052449E-02));
#10683 = ADVANCED_FACE('',(#10684),#10702,.T.);
#10684 = FACE_BOUND('',#10685,.T.);
#10685 = EDGE_LOOP('',(#10686,#10687,#10688,#10696));
#10686 = ORIENTED_EDGE('',*,*,#10665,.T.);
#10687 = ORIENTED_EDGE('',*,*,#150,.F.);
#10688 = ORIENTED_EDGE('',*,*,#10689,.T.);
#10689 = EDGE_CURVE('',#143,#10690,#10692,.T.);
#10690 = VERTEX_POINT('',#10691);
#10691 = CARTESIAN_POINT('',(-35.09999847412,-3.018353223801,
    -0.612590432167));
#10692 = LINE('',#10693,#10694);
#10693 = CARTESIAN_POINT('',(-34.,-3.018353223801,-0.612590432167));
#10694 = VECTOR('',#10695,1.);
#10695 = DIRECTION('',(-1.,0.,0.));
#10696 = ORIENTED_EDGE('',*,*,#10697,.T.);
#10697 = EDGE_CURVE('',#10690,#10666,#10698,.T.);
#10698 = LINE('',#10699,#10700);
#10699 = CARTESIAN_POINT('',(-35.09999847412,-3.018353223801,
    -0.612590432167));
#10700 = VECTOR('',#10701,1.);
#10701 = DIRECTION('',(0.,-0.987688351083,-0.15643439882));
#10702 = PLANE('',#10703);
#10703 = AXIS2_PLACEMENT_3D('',#10704,#10705,#10706);
#10704 = CARTESIAN_POINT('',(-34.54999923706,-3.225119709969,
    -0.645339012146));
#10705 = DIRECTION('',(0.,-0.15643439882,0.987688351083));
#10706 = DIRECTION('',(0.,0.987688351083,0.15643439882));
#10707 = ADVANCED_FACE('',(#10708),#10726,.T.);
#10708 = FACE_BOUND('',#10709,.T.);
#10709 = EDGE_LOOP('',(#10710,#10711,#10712,#10720));
#10710 = ORIENTED_EDGE('',*,*,#10689,.F.);
#10711 = ORIENTED_EDGE('',*,*,#142,.F.);
#10712 = ORIENTED_EDGE('',*,*,#10713,.T.);
#10713 = EDGE_CURVE('',#135,#10714,#10716,.T.);
#10714 = VERTEX_POINT('',#10715);
#10715 = CARTESIAN_POINT('',(-35.09999847412,-2.613932132721,
    -0.504226088524));
#10716 = LINE('',#10717,#10718);
#10717 = CARTESIAN_POINT('',(-34.,-2.613932132721,-0.504226088524));
#10718 = VECTOR('',#10719,1.);
#10719 = DIRECTION('',(-1.,0.,0.));
#10720 = ORIENTED_EDGE('',*,*,#10721,.T.);
#10721 = EDGE_CURVE('',#10714,#10690,#10722,.T.);
#10722 = LINE('',#10723,#10724);
#10723 = CARTESIAN_POINT('',(-35.09999847412,-2.613932132721,
    -0.504226088524));
#10724 = VECTOR('',#10725,1.);
#10725 = DIRECTION('',(0.,-0.96592580307,-0.258819131758));
#10726 = PLANE('',#10727);
#10727 = AXIS2_PLACEMENT_3D('',#10728,#10729,#10730);
#10728 = CARTESIAN_POINT('',(-34.54999923706,-2.816142678261,
    -0.558408260345));
#10729 = DIRECTION('',(0.,-0.258819131758,0.96592580307));
#10730 = DIRECTION('',(0.,0.96592580307,0.258819131758));
#10731 = ADVANCED_FACE('',(#10732),#10750,.T.);
#10732 = FACE_BOUND('',#10733,.T.);
#10733 = EDGE_LOOP('',(#10734,#10735,#10736,#10744));
#10734 = ORIENTED_EDGE('',*,*,#10713,.F.);
#10735 = ORIENTED_EDGE('',*,*,#134,.F.);
#10736 = ORIENTED_EDGE('',*,*,#10737,.T.);
#10737 = EDGE_CURVE('',#127,#10738,#10740,.T.);
#10738 = VERTEX_POINT('',#10739);
#10739 = CARTESIAN_POINT('',(-35.09999847412,-2.223053455353,
    -0.354181826115));
#10740 = LINE('',#10741,#10742);
#10741 = CARTESIAN_POINT('',(-34.,-2.223053455353,-0.354181826115));
#10742 = VECTOR('',#10743,1.);
#10743 = DIRECTION('',(-1.,0.,0.));
#10744 = ORIENTED_EDGE('',*,*,#10745,.T.);
#10745 = EDGE_CURVE('',#10738,#10714,#10746,.T.);
#10746 = LINE('',#10747,#10748);
#10747 = CARTESIAN_POINT('',(-35.09999847412,-2.223053455353,
    -0.354181826115));
#10748 = VECTOR('',#10749,1.);
#10749 = DIRECTION('',(0.,-0.933580429609,-0.358367941438));
#10750 = PLANE('',#10751);
#10751 = AXIS2_PLACEMENT_3D('',#10752,#10753,#10754);
#10752 = CARTESIAN_POINT('',(-34.54999923706,-2.418492794037,
    -0.429203957319));
#10753 = DIRECTION('',(0.,-0.358367941438,0.933580429609));
#10754 = DIRECTION('',(0.,0.933580429609,0.358367941438));
#10755 = ADVANCED_FACE('',(#10756),#10767,.T.);
#10756 = FACE_BOUND('',#10757,.T.);
#10757 = EDGE_LOOP('',(#10758,#10759,#10760,#10761));
#10758 = ORIENTED_EDGE('',*,*,#10737,.F.);
#10759 = ORIENTED_EDGE('',*,*,#126,.F.);
#10760 = ORIENTED_EDGE('',*,*,#2728,.T.);
#10761 = ORIENTED_EDGE('',*,*,#10762,.T.);
#10762 = EDGE_CURVE('',#2729,#10738,#10763,.T.);
#10763 = LINE('',#10764,#10765);
#10764 = CARTESIAN_POINT('',(-35.09999847412,-1.850000023842,
    -0.164101615548));
#10765 = VECTOR('',#10766,1.);
#10766 = DIRECTION('',(0.,-0.891006530767,-0.453990486828));
#10767 = PLANE('',#10768);
#10768 = AXIS2_PLACEMENT_3D('',#10769,#10770,#10771);
#10769 = CARTESIAN_POINT('',(-34.54999923706,-2.036526739597,
    -0.259141720831));
#10770 = DIRECTION('',(0.,-0.453990486828,0.891006530767));
#10771 = DIRECTION('',(0.,0.891006530767,0.453990486828));
#10772 = ADVANCED_FACE('',(#10773),#10791,.T.);
#10773 = FACE_BOUND('',#10774,.T.);
#10774 = EDGE_LOOP('',(#10775,#10776,#10777,#10785));
#10775 = ORIENTED_EDGE('',*,*,#9675,.F.);
#10776 = ORIENTED_EDGE('',*,*,#236,.F.);
#10777 = ORIENTED_EDGE('',*,*,#10778,.T.);
#10778 = EDGE_CURVE('',#229,#10779,#10781,.T.);
#10779 = VERTEX_POINT('',#10780);
#10780 = CARTESIAN_POINT('',(-35.09999847412,-12.52652263641,
    0.327420711517));
#10781 = LINE('',#10782,#10783);
#10782 = CARTESIAN_POINT('',(-35.09999847412,-12.20114135742,
    6.393202394247E-02));
#10783 = VECTOR('',#10784,1.);
#10784 = DIRECTION('',(0.,-0.777145817608,0.629320568689));
#10785 = ORIENTED_EDGE('',*,*,#10786,.T.);
#10786 = EDGE_CURVE('',#10779,#9676,#10787,.T.);
#10787 = LINE('',#10788,#10789);
#10788 = CARTESIAN_POINT('',(-35.09999847412,-12.52652263641,
    0.327420711517));
#10789 = VECTOR('',#10790,1.);
#10790 = DIRECTION('',(1.,0.,0.));
#10791 = PLANE('',#10792);
#10792 = AXIS2_PLACEMENT_3D('',#10793,#10794,#10795);
#10793 = CARTESIAN_POINT('',(-34.59999847412,-12.36383199691,
    0.19567636773));
#10794 = DIRECTION('',(0.,0.629320568689,0.777145817608));
#10795 = DIRECTION('',(0.,0.777145817608,-0.629320568689));
#10796 = ADVANCED_FACE('',(#10797),#10815,.T.);
#10797 = FACE_BOUND('',#10798,.T.);
#10798 = EDGE_LOOP('',(#10799,#10800,#10801,#10809));
#10799 = ORIENTED_EDGE('',*,*,#9683,.F.);
#10800 = ORIENTED_EDGE('',*,*,#10786,.F.);
#10801 = ORIENTED_EDGE('',*,*,#10802,.T.);
#10802 = EDGE_CURVE('',#10779,#10803,#10805,.T.);
#10803 = VERTEX_POINT('',#10804);
#10804 = CARTESIAN_POINT('',(-35.09999847412,-12.82257938385,
    0.623477578163));
#10805 = LINE('',#10806,#10807);
#10806 = CARTESIAN_POINT('',(-35.09999847412,-12.52652263641,
    0.327420711517));
#10807 = VECTOR('',#10808,1.);
#10808 = DIRECTION('',(0.,-0.707106638826,0.707106923547));
#10809 = ORIENTED_EDGE('',*,*,#10810,.T.);
#10810 = EDGE_CURVE('',#10803,#9665,#10811,.T.);
#10811 = LINE('',#10812,#10813);
#10812 = CARTESIAN_POINT('',(-35.09999847412,-12.82257938385,
    0.623477578163));
#10813 = VECTOR('',#10814,1.);
#10814 = DIRECTION('',(1.,0.,0.));
#10815 = PLANE('',#10816);
#10816 = AXIS2_PLACEMENT_3D('',#10817,#10818,#10819);
#10817 = CARTESIAN_POINT('',(-34.59999847412,-12.67455101013,
    0.47544914484));
#10818 = DIRECTION('',(0.,0.707106923547,0.707106638826));
#10819 = DIRECTION('',(0.,-0.707106638826,0.707106923547));
#10820 = ADVANCED_FACE('',(#10821),#10837,.T.);
#10821 = FACE_BOUND('',#10822,.T.);
#10822 = EDGE_LOOP('',(#10823,#10824,#10825,#10831));
#10823 = ORIENTED_EDGE('',*,*,#9664,.F.);
#10824 = ORIENTED_EDGE('',*,*,#10810,.F.);
#10825 = ORIENTED_EDGE('',*,*,#10826,.T.);
#10826 = EDGE_CURVE('',#10803,#599,#10827,.T.);
#10827 = LINE('',#10828,#10829);
#10828 = CARTESIAN_POINT('',(-35.09999847412,-12.82257938385,
    0.623477578163));
#10829 = VECTOR('',#10830,1.);
#10830 = DIRECTION('',(0.,-0.629320237363,0.77714608591));
#10831 = ORIENTED_EDGE('',*,*,#10832,.T.);
#10832 = EDGE_CURVE('',#599,#284,#10833,.T.);
#10833 = LINE('',#10834,#10835);
#10834 = CARTESIAN_POINT('',(-35.09999847412,-13.,0.842573881149));
#10835 = VECTOR('',#10836,1.);
#10836 = DIRECTION('',(1.,0.,0.));
#10837 = PLANE('',#10838);
#10838 = AXIS2_PLACEMENT_3D('',#10839,#10840,#10841);
#10839 = CARTESIAN_POINT('',(-34.59999847412,-12.91128969192,
    0.733025729656));
#10840 = DIRECTION('',(0.,0.77714608591,0.629320237363));
#10841 = DIRECTION('',(0.,-0.629320237363,0.77714608591));
#10842 = ADVANCED_FACE('',(#10843),#10854,.T.);
#10843 = FACE_BOUND('',#10844,.T.);
#10844 = EDGE_LOOP('',(#10845,#10846,#10847,#10848));
#10845 = ORIENTED_EDGE('',*,*,#306,.F.);
#10846 = ORIENTED_EDGE('',*,*,#10832,.F.);
#10847 = ORIENTED_EDGE('',*,*,#598,.T.);
#10848 = ORIENTED_EDGE('',*,*,#10849,.T.);
#10849 = EDGE_CURVE('',#576,#307,#10850,.T.);
#10850 = LINE('',#10851,#10852);
#10851 = CARTESIAN_POINT('',(-35.09548950195,-13.08606815338,
    0.948858976364));
#10852 = VECTOR('',#10853,1.);
#10853 = DIRECTION('',(1.,0.,0.));
#10854 = PLANE('',#10855);
#10855 = AXIS2_PLACEMENT_3D('',#10856,#10857,#10858);
#10856 = CARTESIAN_POINT('',(-34.59774398803,-13.04303407669,
    0.895716428757));
#10857 = DIRECTION('',(0.,0.777145316659,0.629321187308));
#10858 = DIRECTION('',(0.,-0.629321187308,0.777145316659));
#10859 = ADVANCED_FACE('',(#10860),#10866,.T.);
#10860 = FACE_BOUND('',#10861,.T.);
#10861 = EDGE_LOOP('',(#10862,#10863,#10864,#10865));
#10862 = ORIENTED_EDGE('',*,*,#329,.F.);
#10863 = ORIENTED_EDGE('',*,*,#10849,.F.);
#10864 = ORIENTED_EDGE('',*,*,#575,.T.);
#10865 = ORIENTED_EDGE('',*,*,#452,.T.);
#10866 = PLANE('',#10867);
#10867 = AXIS2_PLACEMENT_3D('',#10868,#10869,#10870);
#10868 = CARTESIAN_POINT('',(-34.58951377868,-13.20008468627,
    1.12442946434));
#10869 = DIRECTION('',(0.,0.83867116827,0.544638110595));
#10870 = DIRECTION('',(0.,-0.544638110595,0.83867116827));
#10871 = ADVANCED_FACE('',(#10872),#10890,.T.);
#10872 = FACE_BOUND('',#10873,.T.);
#10873 = EDGE_LOOP('',(#10874,#10875,#10876,#10884));
#10874 = ORIENTED_EDGE('',*,*,#2759,.F.);
#10875 = ORIENTED_EDGE('',*,*,#9746,.F.);
#10876 = ORIENTED_EDGE('',*,*,#10877,.T.);
#10877 = EDGE_CURVE('',#9739,#10878,#10880,.T.);
#10878 = VERTEX_POINT('',#10879);
#10879 = CARTESIAN_POINT('',(-35.09999847412,-1.173477530479,
    0.327420711517));
#10880 = LINE('',#10881,#10882);
#10881 = CARTESIAN_POINT('',(-34.09999847412,-1.173477530479,
    0.327420711517));
#10882 = VECTOR('',#10883,1.);
#10883 = DIRECTION('',(-1.,0.,0.));
#10884 = ORIENTED_EDGE('',*,*,#10885,.T.);
#10885 = EDGE_CURVE('',#10878,#2707,#10886,.T.);
#10886 = LINE('',#10887,#10888);
#10887 = CARTESIAN_POINT('',(-35.09999847412,-1.173477530479,
    0.327420711517));
#10888 = VECTOR('',#10889,1.);
#10889 = DIRECTION('',(0.,-0.777146043132,-0.629320290189));
#10890 = PLANE('',#10891);
#10891 = AXIS2_PLACEMENT_3D('',#10892,#10893,#10894);
#10892 = CARTESIAN_POINT('',(-34.59999847412,-1.336168289185,
    0.19567636773));
#10893 = DIRECTION('',(0.,-0.629320290189,0.777146043132));
#10894 = DIRECTION('',(0.,0.777146043132,0.629320290189));
#10895 = ADVANCED_FACE('',(#10896),#10914,.T.);
#10896 = FACE_BOUND('',#10897,.T.);
#10897 = EDGE_LOOP('',(#10898,#10899,#10900,#10908));
#10898 = ORIENTED_EDGE('',*,*,#10877,.F.);
#10899 = ORIENTED_EDGE('',*,*,#9738,.F.);
#10900 = ORIENTED_EDGE('',*,*,#10901,.T.);
#10901 = EDGE_CURVE('',#9731,#10902,#10904,.T.);
#10902 = VERTEX_POINT('',#10903);
#10903 = CARTESIAN_POINT('',(-35.09999847412,-0.877420723438,
    0.623477578163));
#10904 = LINE('',#10905,#10906);
#10905 = CARTESIAN_POINT('',(-34.09999847412,-0.877420723438,
    0.623477578163));
#10906 = VECTOR('',#10907,1.);
#10907 = DIRECTION('',(-1.,0.,0.));
#10908 = ORIENTED_EDGE('',*,*,#10909,.T.);
#10909 = EDGE_CURVE('',#10902,#10878,#10910,.T.);
#10910 = LINE('',#10911,#10912);
#10911 = CARTESIAN_POINT('',(-35.09999847412,-0.877420723438,
    0.623477578163));
#10912 = VECTOR('',#10913,1.);
#10913 = DIRECTION('',(0.,-0.707106710006,-0.707106852367));
#10914 = PLANE('',#10915);
#10915 = AXIS2_PLACEMENT_3D('',#10916,#10917,#10918);
#10916 = CARTESIAN_POINT('',(-34.59999847412,-1.025449126959,
    0.47544914484));
#10917 = DIRECTION('',(0.,-0.707106852367,0.707106710006));
#10918 = DIRECTION('',(0.,-0.707106710006,-0.707106852367));
#10919 = ADVANCED_FACE('',(#10920),#10938,.T.);
#10920 = FACE_BOUND('',#10921,.T.);
#10921 = EDGE_LOOP('',(#10922,#10923,#10924,#10932));
#10922 = ORIENTED_EDGE('',*,*,#10901,.F.);
#10923 = ORIENTED_EDGE('',*,*,#9730,.F.);
#10924 = ORIENTED_EDGE('',*,*,#10925,.T.);
#10925 = EDGE_CURVE('',#9723,#10926,#10928,.T.);
#10926 = VERTEX_POINT('',#10927);
#10927 = CARTESIAN_POINT('',(-35.09999847412,-0.613932013512,
    0.948858976364));
#10928 = LINE('',#10929,#10930);
#10929 = CARTESIAN_POINT('',(-34.09999847412,-0.613932013512,
    0.948858976364));
#10930 = VECTOR('',#10931,1.);
#10931 = DIRECTION('',(-1.,0.,0.));
#10932 = ORIENTED_EDGE('',*,*,#10933,.T.);
#10933 = EDGE_CURVE('',#10926,#10902,#10934,.T.);
#10934 = LINE('',#10935,#10936);
#10935 = CARTESIAN_POINT('',(-35.09999847412,-0.613932013512,
    0.948858976364));
#10936 = VECTOR('',#10937,1.);
#10937 = DIRECTION('',(0.,-0.629320461681,-0.777145904261));
#10938 = PLANE('',#10939);
#10939 = AXIS2_PLACEMENT_3D('',#10940,#10941,#10942);
#10940 = CARTESIAN_POINT('',(-34.59999847412,-0.745676368475,
    0.786168277264));
#10941 = DIRECTION('',(0.,-0.777145904261,0.629320461681));
#10942 = DIRECTION('',(0.,-0.629320461681,-0.777145904261));
#10943 = ADVANCED_FACE('',(#10944),#10962,.T.);
#10944 = FACE_BOUND('',#10945,.T.);
#10945 = EDGE_LOOP('',(#10946,#10947,#10948,#10956));
#10946 = ORIENTED_EDGE('',*,*,#10925,.F.);
#10947 = ORIENTED_EDGE('',*,*,#9722,.F.);
#10948 = ORIENTED_EDGE('',*,*,#10949,.T.);
#10949 = EDGE_CURVE('',#9715,#10950,#10952,.T.);
#10950 = VERTEX_POINT('',#10951);
#10951 = CARTESIAN_POINT('',(-35.09999847412,-0.385898381472,
    1.299999952316));
#10952 = LINE('',#10953,#10954);
#10953 = CARTESIAN_POINT('',(-34.09999847412,-0.385898381472,
    1.299999952316));
#10954 = VECTOR('',#10955,1.);
#10955 = DIRECTION('',(-1.,0.,0.));
#10956 = ORIENTED_EDGE('',*,*,#10957,.T.);
#10957 = EDGE_CURVE('',#10950,#10926,#10958,.T.);
#10958 = LINE('',#10959,#10960);
#10959 = CARTESIAN_POINT('',(-35.09999847412,-0.385898381472,
    1.299999952316));
#10960 = VECTOR('',#10961,1.);
#10961 = DIRECTION('',(0.,-0.54463906185,-0.838670550518));
#10962 = PLANE('',#10963);
#10963 = AXIS2_PLACEMENT_3D('',#10964,#10965,#10966);
#10964 = CARTESIAN_POINT('',(-34.59999847412,-0.499915197492,
    1.12442946434));
#10965 = DIRECTION('',(0.,-0.838670550518,0.54463906185));
#10966 = DIRECTION('',(0.,-0.54463906185,-0.838670550518));
#10967 = ADVANCED_FACE('',(#10968),#10986,.T.);
#10968 = FACE_BOUND('',#10969,.T.);
#10969 = EDGE_LOOP('',(#10970,#10971,#10972,#10980));
#10970 = ORIENTED_EDGE('',*,*,#10949,.F.);
#10971 = ORIENTED_EDGE('',*,*,#9714,.F.);
#10972 = ORIENTED_EDGE('',*,*,#10973,.T.);
#10973 = EDGE_CURVE('',#9707,#10974,#10976,.T.);
#10974 = VERTEX_POINT('',#10975);
#10975 = CARTESIAN_POINT('',(-35.09999847412,-0.233040750027,
    1.600000023842));
#10976 = LINE('',#10977,#10978);
#10977 = CARTESIAN_POINT('',(-34.09999847412,-0.233040750027,
    1.600000023842));
#10978 = VECTOR('',#10979,1.);
#10979 = DIRECTION('',(-1.,0.,0.));
#10980 = ORIENTED_EDGE('',*,*,#10981,.T.);
#10981 = EDGE_CURVE('',#10974,#10950,#10982,.T.);
#10982 = LINE('',#10983,#10984);
#10983 = CARTESIAN_POINT('',(-35.09999847412,-0.233040750027,
    1.600000023842));
#10984 = VECTOR('',#10985,1.);
#10985 = DIRECTION('',(0.,-0.453990405784,-0.891006572061));
#10986 = PLANE('',#10987);
#10987 = AXIS2_PLACEMENT_3D('',#10988,#10989,#10990);
#10988 = CARTESIAN_POINT('',(-34.59999847412,-0.309469565749,
    1.449999988079));
#10989 = DIRECTION('',(0.,-0.891006572061,0.453990405784));
#10990 = DIRECTION('',(0.,-0.453990405784,-0.891006572061));
#10991 = ADVANCED_FACE('',(#10992),#11031,.T.);
#10992 = FACE_BOUND('',#10993,.T.);
#10993 = EDGE_LOOP('',(#10994,#10995,#10996,#10997,#10998,#10999,#11000,
    #11001,#11002,#11003,#11004,#11005,#11006,#11007,#11008,#11009,
    #11010,#11018,#11024,#11025,#11026,#11027,#11028,#11029,#11030));
#10994 = ORIENTED_EDGE('',*,*,#21,.F.);
#10995 = ORIENTED_EDGE('',*,*,#78,.F.);
#10996 = ORIENTED_EDGE('',*,*,#10600,.F.);
#10997 = ORIENTED_EDGE('',*,*,#10625,.F.);
#10998 = ORIENTED_EDGE('',*,*,#10649,.F.);
#10999 = ORIENTED_EDGE('',*,*,#10673,.F.);
#11000 = ORIENTED_EDGE('',*,*,#10697,.F.);
#11001 = ORIENTED_EDGE('',*,*,#10721,.F.);
#11002 = ORIENTED_EDGE('',*,*,#10745,.F.);
#11003 = ORIENTED_EDGE('',*,*,#10762,.F.);
#11004 = ORIENTED_EDGE('',*,*,#2737,.F.);
#11005 = ORIENTED_EDGE('',*,*,#10885,.F.);
#11006 = ORIENTED_EDGE('',*,*,#10909,.F.);
#11007 = ORIENTED_EDGE('',*,*,#10933,.F.);
#11008 = ORIENTED_EDGE('',*,*,#10957,.F.);
#11009 = ORIENTED_EDGE('',*,*,#10981,.F.);
#11010 = ORIENTED_EDGE('',*,*,#11011,.T.);
#11011 = EDGE_CURVE('',#10974,#11012,#11014,.T.);
#11012 = VERTEX_POINT('',#11013);
#11013 = CARTESIAN_POINT('',(-35.09999847412,16.10000038147,
    1.600000023842));
#11014 = LINE('',#11015,#11016);
#11015 = CARTESIAN_POINT('',(-35.09999847412,-0.233040750027,
    1.600000023842));
#11016 = VECTOR('',#11017,1.);
#11017 = DIRECTION('',(0.,1.,0.));
#11018 = ORIENTED_EDGE('',*,*,#11019,.T.);
#11019 = EDGE_CURVE('',#11012,#7624,#11020,.T.);
#11020 = LINE('',#11021,#11022);
#11021 = CARTESIAN_POINT('',(-35.09999847412,16.10000038147,
    1.600000023842));
#11022 = VECTOR('',#11023,1.);
#11023 = DIRECTION('',(0.,0.,-1.));
#11024 = ORIENTED_EDGE('',*,*,#7623,.F.);
#11025 = ORIENTED_EDGE('',*,*,#606,.T.);
#11026 = ORIENTED_EDGE('',*,*,#10826,.F.);
#11027 = ORIENTED_EDGE('',*,*,#10802,.F.);
#11028 = ORIENTED_EDGE('',*,*,#10778,.F.);
#11029 = ORIENTED_EDGE('',*,*,#228,.F.);
#11030 = ORIENTED_EDGE('',*,*,#10576,.F.);
#11031 = PLANE('',#11032);
#11032 = AXIS2_PLACEMENT_3D('',#11033,#11034,#11035);
#11033 = CARTESIAN_POINT('',(-35.09999847412,1.581527123593,
    -0.63563789435));
#11034 = DIRECTION('',(-1.,-0.,-0.));
#11035 = DIRECTION('',(0.,0.,-1.));
#11036 = ADVANCED_FACE('',(#11037),#11471,.T.);
#11037 = FACE_BOUND('',#11038,.T.);
#11038 = EDGE_LOOP('',(#11039,#11040,#11041,#11042,#11043,#11044,#11045,
    #11053,#11061,#11069,#11077,#11085,#11093,#11101,#11109,#11117,
    #11125,#11133,#11141,#11149,#11157,#11165,#11173,#11181,#11189,
    #11197,#11205,#11213,#11221,#11229,#11237,#11245,#11253,#11261,
    #11269,#11277,#11285,#11293,#11301,#11309,#11317,#11325,#11333,
    #11341,#11349,#11357,#11365,#11373,#11381,#11389,#11397,#11405,
    #11413,#11421,#11427,#11428,#11429,#11430,#11431,#11432,#11433,
    #11434,#11435,#11436,#11437,#11438,#11439,#11440,#11441,#11442,
    #11443,#11444,#11445,#11446,#11447,#11448,#11449,#11450,#11451,
    #11452,#11453,#11454,#11455,#11456,#11457,#11458,#11459,#11460,
    #11461,#11462,#11463,#11464,#11465,#11466,#11467,#11468,#11469,
    #11470));
#11039 = ORIENTED_EDGE('',*,*,#8175,.F.);
#11040 = ORIENTED_EDGE('',*,*,#8199,.F.);
#11041 = ORIENTED_EDGE('',*,*,#8223,.F.);
#11042 = ORIENTED_EDGE('',*,*,#8247,.F.);
#11043 = ORIENTED_EDGE('',*,*,#8271,.F.);
#11044 = ORIENTED_EDGE('',*,*,#8295,.F.);
#11045 = ORIENTED_EDGE('',*,*,#11046,.F.);
#11046 = EDGE_CURVE('',#11047,#8288,#11049,.T.);
#11047 = VERTEX_POINT('',#11048);
#11048 = CARTESIAN_POINT('',(31.,-17.10000038147,1.600000023842));
#11049 = LINE('',#11050,#11051);
#11050 = CARTESIAN_POINT('',(31.,-17.10000038147,1.600000023842));
#11051 = VECTOR('',#11052,1.);
#11052 = DIRECTION('',(-1.,0.,0.));
#11053 = ORIENTED_EDGE('',*,*,#11054,.F.);
#11054 = EDGE_CURVE('',#11055,#11047,#11057,.T.);
#11055 = VERTEX_POINT('',#11056);
#11056 = CARTESIAN_POINT('',(31.428565979004,-17.07753944397,
    1.600000023842));
#11057 = LINE('',#11058,#11059);
#11058 = CARTESIAN_POINT('',(31.428565979004,-17.07753944397,
    1.600000023842));
#11059 = VECTOR('',#11060,1.);
#11060 = DIRECTION('',(-0.99862944387,-5.233769039846E-02,0.));
#11061 = ORIENTED_EDGE('',*,*,#11062,.F.);
#11062 = EDGE_CURVE('',#11063,#11055,#11065,.T.);
#11063 = VERTEX_POINT('',#11064);
#11064 = CARTESIAN_POINT('',(31.852437973022,-17.01040458679,
    1.600000023842));
#11065 = LINE('',#11066,#11067);
#11066 = CARTESIAN_POINT('',(31.852437973022,-17.01040458679,
    1.600000023842));
#11067 = VECTOR('',#11068,1.);
#11068 = DIRECTION('',(-0.987688294282,-0.156434757447,0.));
#11069 = ORIENTED_EDGE('',*,*,#11070,.F.);
#11070 = EDGE_CURVE('',#11071,#11063,#11073,.T.);
#11071 = VERTEX_POINT('',#11072);
#11072 = CARTESIAN_POINT('',(32.266967773438,-16.8993320465,
    1.600000023842));
#11073 = LINE('',#11074,#11075);
#11074 = CARTESIAN_POINT('',(32.266967773438,-16.8993320465,
    1.600000023842));
#11075 = VECTOR('',#11076,1.);
#11076 = DIRECTION('',(-0.965926050554,-0.258818208132,0.));
#11077 = ORIENTED_EDGE('',*,*,#11078,.F.);
#11078 = EDGE_CURVE('',#11079,#11071,#11081,.T.);
#11079 = VERTEX_POINT('',#11080);
#11080 = CARTESIAN_POINT('',(32.667621612549,-16.74553680419,
    1.600000023842));
#11081 = LINE('',#11082,#11083);
#11082 = CARTESIAN_POINT('',(32.667621612549,-16.74553680419,
    1.600000023842));
#11083 = VECTOR('',#11084,1.);
#11084 = DIRECTION('',(-0.93358148441,-0.358365193577,0.));
#11085 = ORIENTED_EDGE('',*,*,#11086,.F.);
#11086 = EDGE_CURVE('',#11087,#11079,#11089,.T.);
#11087 = VERTEX_POINT('',#11088);
#11088 = CARTESIAN_POINT('',(33.049999237061,-16.55070495605,
    1.600000023842));
#11089 = LINE('',#11090,#11091);
#11090 = CARTESIAN_POINT('',(33.049999237061,-16.55070495605,
    1.600000023842));
#11091 = VECTOR('',#11092,1.);
#11092 = DIRECTION('',(-0.891005848231,-0.453991826379,0.));
#11093 = ORIENTED_EDGE('',*,*,#11094,.F.);
#11094 = EDGE_CURVE('',#11095,#11087,#11097,.T.);
#11095 = VERTEX_POINT('',#11096);
#11096 = CARTESIAN_POINT('',(33.40991973877,-16.31696891784,
    1.600000023842));
#11097 = LINE('',#11098,#11099);
#11098 = CARTESIAN_POINT('',(33.40991973877,-16.31696891784,
    1.600000023842));
#11099 = VECTOR('',#11100,1.);
#11100 = DIRECTION('',(-0.838669576554,-0.54464056162,0.));
#11101 = ORIENTED_EDGE('',*,*,#11102,.F.);
#11102 = EDGE_CURVE('',#11103,#11095,#11105,.T.);
#11103 = VERTEX_POINT('',#11104);
#11104 = CARTESIAN_POINT('',(33.743434906006,-16.04689407348,
    1.600000023842));
#11105 = LINE('',#11106,#11107);
#11106 = CARTESIAN_POINT('',(33.743434906006,-16.04689407348,
    1.600000023842));
#11107 = VECTOR('',#11108,1.);
#11108 = DIRECTION('',(-0.777146432003,-0.629319809973,0.));
#11109 = ORIENTED_EDGE('',*,*,#11110,.F.);
#11110 = EDGE_CURVE('',#11111,#11103,#11113,.T.);
#11111 = VERTEX_POINT('',#11112);
#11112 = CARTESIAN_POINT('',(34.046894073486,-15.74343585968,
    1.600000023842));
#11113 = LINE('',#11114,#11115);
#11114 = CARTESIAN_POINT('',(34.046894073486,-15.74343585968,
    1.600000023842));
#11115 = VECTOR('',#11116,1.);
#11116 = DIRECTION('',(-0.707107892292,-0.70710567008,0.));
#11117 = ORIENTED_EDGE('',*,*,#11118,.F.);
#11118 = EDGE_CURVE('',#11119,#11111,#11121,.T.);
#11119 = VERTEX_POINT('',#11120);
#11120 = CARTESIAN_POINT('',(34.316970825195,-15.40991973877,
    1.600000023842));
#11121 = LINE('',#11122,#11123);
#11122 = CARTESIAN_POINT('',(34.316970825195,-15.40991973877,
    1.600000023842));
#11123 = VECTOR('',#11124,1.);
#11124 = DIRECTION('',(-0.629321407386,-0.777145138443,0.));
#11125 = ORIENTED_EDGE('',*,*,#11126,.F.);
#11126 = EDGE_CURVE('',#11127,#11119,#11129,.T.);
#11127 = VERTEX_POINT('',#11128);
#11128 = CARTESIAN_POINT('',(34.550704956055,-15.05000019073,
    1.600000023842));
#11129 = LINE('',#11130,#11131);
#11130 = CARTESIAN_POINT('',(34.550704956055,-15.05000019073,
    1.600000023842));
#11131 = VECTOR('',#11132,1.);
#11132 = DIRECTION('',(-0.544638450603,-0.838670947467,0.));
#11133 = ORIENTED_EDGE('',*,*,#11134,.F.);
#11134 = EDGE_CURVE('',#11135,#11127,#11137,.T.);
#11135 = VERTEX_POINT('',#11136);
#11136 = CARTESIAN_POINT('',(34.745536804199,-14.66762065887,
    1.600000023842));
#11137 = LINE('',#11138,#11139);
#11138 = CARTESIAN_POINT('',(34.745536804199,-14.66762065887,
    1.600000023842));
#11139 = VECTOR('',#11140,1.);
#11140 = DIRECTION('',(-0.453990028563,-0.891006764265,0.));
#11141 = ORIENTED_EDGE('',*,*,#11142,.F.);
#11142 = EDGE_CURVE('',#11143,#11135,#11145,.T.);
#11143 = VERTEX_POINT('',#11144);
#11144 = CARTESIAN_POINT('',(34.89933013916,-14.26696968078,
    1.600000023842));
#11145 = LINE('',#11146,#11147);
#11146 = CARTESIAN_POINT('',(34.89933013916,-14.26696968078,
    1.600000023842));
#11147 = VECTOR('',#11148,1.);
#11148 = DIRECTION('',(-0.358363550337,-0.933582115183,0.));
#11149 = ORIENTED_EDGE('',*,*,#11150,.F.);
#11150 = EDGE_CURVE('',#11151,#11143,#11153,.T.);
#11151 = VERTEX_POINT('',#11152);
#11152 = CARTESIAN_POINT('',(35.010406494141,-13.85243797302,
    1.600000023842));
#11153 = LINE('',#11154,#11155);
#11154 = CARTESIAN_POINT('',(35.010406494141,-13.85243797302,
    1.600000023842));
#11155 = VECTOR('',#11156,1.);
#11156 = DIRECTION('',(-0.258825390432,-0.965924126041,0.));
#11157 = ORIENTED_EDGE('',*,*,#11158,.F.);
#11158 = EDGE_CURVE('',#11159,#11151,#11161,.T.);
#11159 = VERTEX_POINT('',#11160);
#11160 = CARTESIAN_POINT('',(35.077541351318,-13.42856693267,
    1.600000023842));
#11161 = LINE('',#11162,#11163);
#11162 = CARTESIAN_POINT('',(35.077541351318,-13.42856693267,
    1.600000023842));
#11163 = VECTOR('',#11164,1.);
#11164 = DIRECTION('',(-0.156435100799,-0.987688239901,0.));
#11165 = ORIENTED_EDGE('',*,*,#11166,.F.);
#11166 = EDGE_CURVE('',#11167,#11159,#11169,.T.);
#11167 = VERTEX_POINT('',#11168);
#11168 = CARTESIAN_POINT('',(35.099998474121,-13.,1.600000023842));
#11169 = LINE('',#11170,#11171);
#11170 = CARTESIAN_POINT('',(35.099998474121,-13.,1.600000023842));
#11171 = VECTOR('',#11172,1.);
#11172 = DIRECTION('',(-5.232870974037E-02,-0.998629914501,0.));
#11173 = ORIENTED_EDGE('',*,*,#11174,.F.);
#11174 = EDGE_CURVE('',#11175,#11167,#11177,.T.);
#11175 = VERTEX_POINT('',#11176);
#11176 = CARTESIAN_POINT('',(35.099998474121,16.10000038147,
    1.600000023842));
#11177 = LINE('',#11178,#11179);
#11178 = CARTESIAN_POINT('',(35.099998474121,16.10000038147,
    1.600000023842));
#11179 = VECTOR('',#11180,1.);
#11180 = DIRECTION('',(0.,-1.,0.));
#11181 = ORIENTED_EDGE('',*,*,#11182,.F.);
#11182 = EDGE_CURVE('',#11183,#11175,#11185,.T.);
#11183 = VERTEX_POINT('',#11184);
#11184 = CARTESIAN_POINT('',(35.094520568848,16.204528808594,
    1.600000023842));
#11185 = LINE('',#11186,#11187);
#11186 = CARTESIAN_POINT('',(35.094520568848,16.204528808594,
    1.600000023842));
#11187 = VECTOR('',#11188,1.);
#11188 = DIRECTION('',(5.233407490429E-02,-0.99862963335,0.));
#11189 = ORIENTED_EDGE('',*,*,#11190,.F.);
#11190 = EDGE_CURVE('',#11191,#11183,#11193,.T.);
#11191 = VERTEX_POINT('',#11192);
#11192 = CARTESIAN_POINT('',(35.078147888184,16.307910919189,
    1.600000023842));
#11193 = LINE('',#11194,#11195);
#11194 = CARTESIAN_POINT('',(35.078147888184,16.307910919189,
    1.600000023842));
#11195 = VECTOR('',#11196,1.);
#11196 = DIRECTION('',(0.156421071624,-0.987690461811,0.));
#11197 = ORIENTED_EDGE('',*,*,#11198,.F.);
#11198 = EDGE_CURVE('',#11199,#11191,#11201,.T.);
#11199 = VERTEX_POINT('',#11200);
#11200 = CARTESIAN_POINT('',(35.051055908203,16.409017562866,
    1.600000023842));
#11201 = LINE('',#11202,#11203);
#11202 = CARTESIAN_POINT('',(35.051055908203,16.409017562866,
    1.600000023842));
#11203 = VECTOR('',#11204,1.);
#11204 = DIRECTION('',(0.258823826847,-0.965924545012,0.));
#11205 = ORIENTED_EDGE('',*,*,#11206,.F.);
#11206 = EDGE_CURVE('',#11207,#11199,#11209,.T.);
#11207 = VERTEX_POINT('',#11208);
#11208 = CARTESIAN_POINT('',(35.01354598999,16.506736755371,
    1.600000023842));
#11209 = LINE('',#11210,#11211);
#11210 = CARTESIAN_POINT('',(35.01354598999,16.506736755371,
    1.600000023842));
#11211 = VECTOR('',#11212,1.);
#11212 = DIRECTION('',(0.35835991151,-0.93358351197,0.));
#11213 = ORIENTED_EDGE('',*,*,#11214,.F.);
#11214 = EDGE_CURVE('',#11215,#11207,#11217,.T.);
#11215 = VERTEX_POINT('',#11216);
#11216 = CARTESIAN_POINT('',(34.966026306152,16.60000038147,
    1.600000023842));
#11217 = LINE('',#11218,#11219);
#11218 = CARTESIAN_POINT('',(34.966026306152,16.60000038147,
    1.600000023842));
#11219 = VECTOR('',#11220,1.);
#11220 = DIRECTION('',(0.453986653055,-0.891008484162,0.));
#11221 = ORIENTED_EDGE('',*,*,#11222,.F.);
#11222 = EDGE_CURVE('',#11223,#11215,#11225,.T.);
#11223 = VERTEX_POINT('',#11224);
#11224 = CARTESIAN_POINT('',(34.909015655518,16.687786102295,
    1.600000023842));
#11225 = LINE('',#11226,#11227);
#11226 = CARTESIAN_POINT('',(34.909015655518,16.687786102295,
    1.600000023842));
#11227 = VECTOR('',#11228,1.);
#11228 = DIRECTION('',(0.544652050599,-0.838662115383,0.));
#11229 = ORIENTED_EDGE('',*,*,#11230,.F.);
#11230 = EDGE_CURVE('',#11231,#11223,#11233,.T.);
#11231 = VERTEX_POINT('',#11232);
#11232 = CARTESIAN_POINT('',(34.843143463135,16.769130706787,
    1.600000023842));
#11233 = LINE('',#11234,#11235);
#11234 = CARTESIAN_POINT('',(34.843143463135,16.769130706787,
    1.600000023842));
#11235 = VECTOR('',#11236,1.);
#11236 = DIRECTION('',(0.629324028917,-0.777143015556,0.));
#11237 = ORIENTED_EDGE('',*,*,#11238,.F.);
#11238 = EDGE_CURVE('',#11239,#11231,#11241,.T.);
#11239 = VERTEX_POINT('',#11240);
#11240 = CARTESIAN_POINT('',(34.769130706787,16.843145370483,
    1.600000023842));
#11241 = LINE('',#11242,#11243);
#11242 = CARTESIAN_POINT('',(34.769130706787,16.843145370483,
    1.600000023842));
#11243 = VECTOR('',#11244,1.);
#11244 = DIRECTION('',(0.707097669984,-0.707115892272,0.));
#11245 = ORIENTED_EDGE('',*,*,#11246,.F.);
#11246 = EDGE_CURVE('',#11247,#11239,#11249,.T.);
#11247 = VERTEX_POINT('',#11248);
#11248 = CARTESIAN_POINT('',(34.687786102295,16.909017562866,
    1.600000023842));
#11249 = LINE('',#11250,#11251);
#11250 = CARTESIAN_POINT('',(34.687786102295,16.909017562866,
    1.600000023842));
#11251 = VECTOR('',#11252,1.);
#11252 = DIRECTION('',(0.777143015556,-0.629324028917,0.));
#11253 = ORIENTED_EDGE('',*,*,#11254,.F.);
#11254 = EDGE_CURVE('',#11255,#11247,#11257,.T.);
#11255 = VERTEX_POINT('',#11256);
#11256 = CARTESIAN_POINT('',(34.599998474121,16.966026306152,
    1.600000023842));
#11257 = LINE('',#11258,#11259);
#11258 = CARTESIAN_POINT('',(34.599998474121,16.966026306152,
    1.600000023842));
#11259 = VECTOR('',#11260,1.);
#11260 = DIRECTION('',(0.838675843863,-0.544630910729,0.));
#11261 = ORIENTED_EDGE('',*,*,#11262,.F.);
#11262 = EDGE_CURVE('',#11263,#11255,#11265,.T.);
#11263 = VERTEX_POINT('',#11264);
#11264 = CARTESIAN_POINT('',(34.506736755371,17.01354598999,
    1.600000023842));
#11265 = LINE('',#11266,#11267);
#11266 = CARTESIAN_POINT('',(34.506736755371,17.01354598999,
    1.600000023842));
#11267 = VECTOR('',#11268,1.);
#11268 = DIRECTION('',(0.891004728414,-0.453994024127,0.));
#11269 = ORIENTED_EDGE('',*,*,#11270,.F.);
#11270 = EDGE_CURVE('',#11271,#11263,#11273,.T.);
#11271 = VERTEX_POINT('',#11272);
#11272 = CARTESIAN_POINT('',(34.409015655518,17.051055908203,
    1.600000023842));
#11273 = LINE('',#11274,#11275);
#11274 = CARTESIAN_POINT('',(34.409015655518,17.051055908203,
    1.600000023842));
#11275 = VECTOR('',#11276,1.);
#11276 = DIRECTION('',(0.933585852052,-0.358353815171,0.));
#11277 = ORIENTED_EDGE('',*,*,#11278,.F.);
#11278 = EDGE_CURVE('',#11279,#11271,#11281,.T.);
#11279 = VERTEX_POINT('',#11280);
#11280 = CARTESIAN_POINT('',(34.307910919189,17.078147888184,
    1.600000023842));
#11281 = LINE('',#11282,#11283);
#11282 = CARTESIAN_POINT('',(34.307910919189,17.078147888184,
    1.600000023842));
#11283 = VECTOR('',#11284,1.);
#11284 = DIRECTION('',(0.965923324299,-0.258828382477,0.));
#11285 = ORIENTED_EDGE('',*,*,#11286,.F.);
#11286 = EDGE_CURVE('',#11287,#11279,#11289,.T.);
#11287 = VERTEX_POINT('',#11288);
#11288 = CARTESIAN_POINT('',(34.204528808594,17.094522476196,
    1.600000023842));
#11289 = LINE('',#11290,#11291);
#11290 = CARTESIAN_POINT('',(34.204528808594,17.094522476196,
    1.600000023842));
#11291 = VECTOR('',#11292,1.);
#11292 = DIRECTION('',(0.987687646378,-0.15643884809,0.));
#11293 = ORIENTED_EDGE('',*,*,#11294,.F.);
#11294 = EDGE_CURVE('',#11295,#11287,#11297,.T.);
#11295 = VERTEX_POINT('',#11296);
#11296 = CARTESIAN_POINT('',(34.099998474121,17.10000038147,
    1.600000023842));
#11297 = LINE('',#11298,#11299);
#11298 = CARTESIAN_POINT('',(34.099998474121,17.10000038147,
    1.600000023842));
#11299 = VECTOR('',#11300,1.);
#11300 = DIRECTION('',(0.998629683256,-5.233312258798E-02,0.));
#11301 = ORIENTED_EDGE('',*,*,#11302,.F.);
#11302 = EDGE_CURVE('',#11303,#11295,#11305,.T.);
#11303 = VERTEX_POINT('',#11304);
#11304 = CARTESIAN_POINT('',(-34.09999847412,17.10000038147,
    1.600000023842));
#11305 = LINE('',#11306,#11307);
#11306 = CARTESIAN_POINT('',(-34.09999847412,17.10000038147,
    1.600000023842));
#11307 = VECTOR('',#11308,1.);
#11308 = DIRECTION('',(1.,0.,0.));
#11309 = ORIENTED_EDGE('',*,*,#11310,.F.);
#11310 = EDGE_CURVE('',#11311,#11303,#11313,.T.);
#11311 = VERTEX_POINT('',#11312);
#11312 = CARTESIAN_POINT('',(-34.20452880859,17.094522476196,
    1.600000023842));
#11313 = LINE('',#11314,#11315);
#11314 = CARTESIAN_POINT('',(-34.20452880859,17.094522476196,
    1.600000023842));
#11315 = VECTOR('',#11316,1.);
#11316 = DIRECTION('',(0.998629683256,5.233312258798E-02,0.));
#11317 = ORIENTED_EDGE('',*,*,#11318,.F.);
#11318 = EDGE_CURVE('',#11319,#11311,#11321,.T.);
#11319 = VERTEX_POINT('',#11320);
#11320 = CARTESIAN_POINT('',(-34.30791091918,17.078147888184,
    1.600000023842));
#11321 = LINE('',#11322,#11323);
#11322 = CARTESIAN_POINT('',(-34.30791091918,17.078147888184,
    1.600000023842));
#11323 = VECTOR('',#11324,1.);
#11324 = DIRECTION('',(0.987687646378,0.15643884809,0.));
#11325 = ORIENTED_EDGE('',*,*,#11326,.F.);
#11326 = EDGE_CURVE('',#11327,#11319,#11329,.T.);
#11327 = VERTEX_POINT('',#11328);
#11328 = CARTESIAN_POINT('',(-34.40901565551,17.051055908203,
    1.600000023842));
#11329 = LINE('',#11330,#11331);
#11330 = CARTESIAN_POINT('',(-34.40901565551,17.051055908203,
    1.600000023842));
#11331 = VECTOR('',#11332,1.);
#11332 = DIRECTION('',(0.965923324299,0.258828382477,0.));
#11333 = ORIENTED_EDGE('',*,*,#11334,.F.);
#11334 = EDGE_CURVE('',#11335,#11327,#11337,.T.);
#11335 = VERTEX_POINT('',#11336);
#11336 = CARTESIAN_POINT('',(-34.50673675537,17.01354598999,
    1.600000023842));
#11337 = LINE('',#11338,#11339);
#11338 = CARTESIAN_POINT('',(-34.50673675537,17.01354598999,
    1.600000023842));
#11339 = VECTOR('',#11340,1.);
#11340 = DIRECTION('',(0.933585852052,0.358353815171,0.));
#11341 = ORIENTED_EDGE('',*,*,#11342,.F.);
#11342 = EDGE_CURVE('',#11343,#11335,#11345,.T.);
#11343 = VERTEX_POINT('',#11344);
#11344 = CARTESIAN_POINT('',(-34.59999847412,16.966026306152,
    1.600000023842));
#11345 = LINE('',#11346,#11347);
#11346 = CARTESIAN_POINT('',(-34.59999847412,16.966026306152,
    1.600000023842));
#11347 = VECTOR('',#11348,1.);
#11348 = DIRECTION('',(0.891004728414,0.453994024127,0.));
#11349 = ORIENTED_EDGE('',*,*,#11350,.F.);
#11350 = EDGE_CURVE('',#11351,#11343,#11353,.T.);
#11351 = VERTEX_POINT('',#11352);
#11352 = CARTESIAN_POINT('',(-34.68778610229,16.909017562866,
    1.600000023842));
#11353 = LINE('',#11354,#11355);
#11354 = CARTESIAN_POINT('',(-34.68778610229,16.909017562866,
    1.600000023842));
#11355 = VECTOR('',#11356,1.);
#11356 = DIRECTION('',(0.838675843863,0.544630910729,0.));
#11357 = ORIENTED_EDGE('',*,*,#11358,.F.);
#11358 = EDGE_CURVE('',#11359,#11351,#11361,.T.);
#11359 = VERTEX_POINT('',#11360);
#11360 = CARTESIAN_POINT('',(-34.76913070678,16.843145370483,
    1.600000023842));
#11361 = LINE('',#11362,#11363);
#11362 = CARTESIAN_POINT('',(-34.76913070678,16.843145370483,
    1.600000023842));
#11363 = VECTOR('',#11364,1.);
#11364 = DIRECTION('',(0.777143015556,0.629324028917,0.));
#11365 = ORIENTED_EDGE('',*,*,#11366,.F.);
#11366 = EDGE_CURVE('',#11367,#11359,#11369,.T.);
#11367 = VERTEX_POINT('',#11368);
#11368 = CARTESIAN_POINT('',(-34.84314346313,16.769130706787,
    1.600000023842));
#11369 = LINE('',#11370,#11371);
#11370 = CARTESIAN_POINT('',(-34.84314346313,16.769130706787,
    1.600000023842));
#11371 = VECTOR('',#11372,1.);
#11372 = DIRECTION('',(0.707097669984,0.707115892272,0.));
#11373 = ORIENTED_EDGE('',*,*,#11374,.F.);
#11374 = EDGE_CURVE('',#11375,#11367,#11377,.T.);
#11375 = VERTEX_POINT('',#11376);
#11376 = CARTESIAN_POINT('',(-34.90901565551,16.687786102295,
    1.600000023842));
#11377 = LINE('',#11378,#11379);
#11378 = CARTESIAN_POINT('',(-34.90901565551,16.687786102295,
    1.600000023842));
#11379 = VECTOR('',#11380,1.);
#11380 = DIRECTION('',(0.629324028917,0.777143015556,0.));
#11381 = ORIENTED_EDGE('',*,*,#11382,.F.);
#11382 = EDGE_CURVE('',#11383,#11375,#11385,.T.);
#11383 = VERTEX_POINT('',#11384);
#11384 = CARTESIAN_POINT('',(-34.96602630615,16.60000038147,
    1.600000023842));
#11385 = LINE('',#11386,#11387);
#11386 = CARTESIAN_POINT('',(-34.96602630615,16.60000038147,
    1.600000023842));
#11387 = VECTOR('',#11388,1.);
#11388 = DIRECTION('',(0.544652050599,0.838662115383,0.));
#11389 = ORIENTED_EDGE('',*,*,#11390,.F.);
#11390 = EDGE_CURVE('',#11391,#11383,#11393,.T.);
#11391 = VERTEX_POINT('',#11392);
#11392 = CARTESIAN_POINT('',(-35.01354598999,16.506736755371,
    1.600000023842));
#11393 = LINE('',#11394,#11395);
#11394 = CARTESIAN_POINT('',(-35.01354598999,16.506736755371,
    1.600000023842));
#11395 = VECTOR('',#11396,1.);
#11396 = DIRECTION('',(0.453986653055,0.891008484162,0.));
#11397 = ORIENTED_EDGE('',*,*,#11398,.F.);
#11398 = EDGE_CURVE('',#11399,#11391,#11401,.T.);
#11399 = VERTEX_POINT('',#11400);
#11400 = CARTESIAN_POINT('',(-35.0510559082,16.409017562866,
    1.600000023842));
#11401 = LINE('',#11402,#11403);
#11402 = CARTESIAN_POINT('',(-35.0510559082,16.409017562866,
    1.600000023842));
#11403 = VECTOR('',#11404,1.);
#11404 = DIRECTION('',(0.35835991151,0.93358351197,0.));
#11405 = ORIENTED_EDGE('',*,*,#11406,.F.);
#11406 = EDGE_CURVE('',#11407,#11399,#11409,.T.);
#11407 = VERTEX_POINT('',#11408);
#11408 = CARTESIAN_POINT('',(-35.07814788818,16.307910919189,
    1.600000023842));
#11409 = LINE('',#11410,#11411);
#11410 = CARTESIAN_POINT('',(-35.07814788818,16.307910919189,
    1.600000023842));
#11411 = VECTOR('',#11412,1.);
#11412 = DIRECTION('',(0.258823826847,0.965924545012,0.));
#11413 = ORIENTED_EDGE('',*,*,#11414,.F.);
#11414 = EDGE_CURVE('',#11415,#11407,#11417,.T.);
#11415 = VERTEX_POINT('',#11416);
#11416 = CARTESIAN_POINT('',(-35.09452056884,16.204528808594,
    1.600000023842));
#11417 = LINE('',#11418,#11419);
#11418 = CARTESIAN_POINT('',(-35.09452056884,16.204528808594,
    1.600000023842));
#11419 = VECTOR('',#11420,1.);
#11420 = DIRECTION('',(0.156421071624,0.987690461811,0.));
#11421 = ORIENTED_EDGE('',*,*,#11422,.F.);
#11422 = EDGE_CURVE('',#11012,#11415,#11423,.T.);
#11423 = LINE('',#11424,#11425);
#11424 = CARTESIAN_POINT('',(-35.09999847412,16.10000038147,
    1.600000023842));
#11425 = VECTOR('',#11426,1.);
#11426 = DIRECTION('',(5.233407490429E-02,0.99862963335,0.));
#11427 = ORIENTED_EDGE('',*,*,#11011,.F.);
#11428 = ORIENTED_EDGE('',*,*,#10973,.F.);
#11429 = ORIENTED_EDGE('',*,*,#9706,.F.);
#11430 = ORIENTED_EDGE('',*,*,#9785,.F.);
#11431 = ORIENTED_EDGE('',*,*,#10170,.F.);
#11432 = ORIENTED_EDGE('',*,*,#10146,.F.);
#11433 = ORIENTED_EDGE('',*,*,#10122,.F.);
#11434 = ORIENTED_EDGE('',*,*,#10098,.F.);
#11435 = ORIENTED_EDGE('',*,*,#10074,.F.);
#11436 = ORIENTED_EDGE('',*,*,#10050,.F.);
#11437 = ORIENTED_EDGE('',*,*,#10026,.F.);
#11438 = ORIENTED_EDGE('',*,*,#10002,.F.);
#11439 = ORIENTED_EDGE('',*,*,#9978,.F.);
#11440 = ORIENTED_EDGE('',*,*,#9954,.F.);
#11441 = ORIENTED_EDGE('',*,*,#9930,.F.);
#11442 = ORIENTED_EDGE('',*,*,#9906,.F.);
#11443 = ORIENTED_EDGE('',*,*,#9882,.F.);
#11444 = ORIENTED_EDGE('',*,*,#9858,.F.);
#11445 = ORIENTED_EDGE('',*,*,#9834,.F.);
#11446 = ORIENTED_EDGE('',*,*,#9810,.F.);
#11447 = ORIENTED_EDGE('',*,*,#9762,.F.);
#11448 = ORIENTED_EDGE('',*,*,#9439,.F.);
#11449 = ORIENTED_EDGE('',*,*,#9415,.F.);
#11450 = ORIENTED_EDGE('',*,*,#9536,.F.);
#11451 = ORIENTED_EDGE('',*,*,#9511,.F.);
#11452 = ORIENTED_EDGE('',*,*,#9487,.F.);
#11453 = ORIENTED_EDGE('',*,*,#9463,.F.);
#11454 = ORIENTED_EDGE('',*,*,#9360,.F.);
#11455 = ORIENTED_EDGE('',*,*,#9392,.F.);
#11456 = ORIENTED_EDGE('',*,*,#9584,.F.);
#11457 = ORIENTED_EDGE('',*,*,#9560,.F.);
#11458 = ORIENTED_EDGE('',*,*,#9608,.F.);
#11459 = ORIENTED_EDGE('',*,*,#9632,.F.);
#11460 = ORIENTED_EDGE('',*,*,#9649,.F.);
#11461 = ORIENTED_EDGE('',*,*,#421,.F.);
#11462 = ORIENTED_EDGE('',*,*,#513,.F.);
#11463 = ORIENTED_EDGE('',*,*,#628,.F.);
#11464 = ORIENTED_EDGE('',*,*,#8008,.F.);
#11465 = ORIENTED_EDGE('',*,*,#8054,.F.);
#11466 = ORIENTED_EDGE('',*,*,#8039,.F.);
#11467 = ORIENTED_EDGE('',*,*,#8080,.F.);
#11468 = ORIENTED_EDGE('',*,*,#8102,.F.);
#11469 = ORIENTED_EDGE('',*,*,#8128,.F.);
#11470 = ORIENTED_EDGE('',*,*,#8151,.F.);
#11471 = PLANE('',#11472);
#11472 = AXIS2_PLACEMENT_3D('',#11473,#11474,#11475);
#11473 = CARTESIAN_POINT('',(2.238463477509,0.686681394853,
    1.600000023842));
#11474 = DIRECTION('',(0.,0.,1.));
#11475 = DIRECTION('',(1.,0.,0.));
#11476 = ADVANCED_FACE('',(#11477),#11488,.T.);
#11477 = FACE_BOUND('',#11478,.T.);
#11478 = EDGE_LOOP('',(#11479,#11480,#11481,#11482));
#11479 = ORIENTED_EDGE('',*,*,#11046,.T.);
#11480 = ORIENTED_EDGE('',*,*,#8287,.F.);
#11481 = ORIENTED_EDGE('',*,*,#7504,.F.);
#11482 = ORIENTED_EDGE('',*,*,#11483,.T.);
#11483 = EDGE_CURVE('',#7497,#11047,#11484,.T.);
#11484 = LINE('',#11485,#11486);
#11485 = CARTESIAN_POINT('',(31.,-17.10000038147,-2.099999904633));
#11486 = VECTOR('',#11487,1.);
#11487 = DIRECTION('',(0.,0.,1.));
#11488 = PLANE('',#11489);
#11489 = AXIS2_PLACEMENT_3D('',#11490,#11491,#11492);
#11490 = CARTESIAN_POINT('',(0.,-17.10000038147,-0.249999940395));
#11491 = DIRECTION('',(-0.,-1.,-0.));
#11492 = DIRECTION('',(0.,0.,-1.));
#11493 = ADVANCED_FACE('',(#11494),#11505,.T.);
#11494 = FACE_BOUND('',#11495,.T.);
#11495 = EDGE_LOOP('',(#11496,#11502,#11503,#11504));
#11496 = ORIENTED_EDGE('',*,*,#11497,.T.);
#11497 = EDGE_CURVE('',#11415,#7632,#11498,.T.);
#11498 = LINE('',#11499,#11500);
#11499 = CARTESIAN_POINT('',(-35.09452056884,16.204528808594,
    1.600000023842));
#11500 = VECTOR('',#11501,1.);
#11501 = DIRECTION('',(0.,0.,-1.));
#11502 = ORIENTED_EDGE('',*,*,#7631,.F.);
#11503 = ORIENTED_EDGE('',*,*,#11019,.F.);
#11504 = ORIENTED_EDGE('',*,*,#11422,.T.);
#11505 = PLANE('',#11506);
#11506 = AXIS2_PLACEMENT_3D('',#11507,#11508,#11509);
#11507 = CARTESIAN_POINT('',(-35.09725952148,16.152264595032,
    -0.249999940395));
#11508 = DIRECTION('',(-0.99862963335,5.233407490429E-02,0.));
#11509 = DIRECTION('',(-5.233407490429E-02,-0.99862963335,0.));
#11510 = ADVANCED_FACE('',(#11511),#11522,.T.);
#11511 = FACE_BOUND('',#11512,.T.);
#11512 = EDGE_LOOP('',(#11513,#11514,#11515,#11521));
#11513 = ORIENTED_EDGE('',*,*,#11497,.F.);
#11514 = ORIENTED_EDGE('',*,*,#11414,.T.);
#11515 = ORIENTED_EDGE('',*,*,#11516,.F.);
#11516 = EDGE_CURVE('',#7640,#11407,#11517,.T.);
#11517 = LINE('',#11518,#11519);
#11518 = CARTESIAN_POINT('',(-35.07814788818,16.307910919189,
    -2.099999904633));
#11519 = VECTOR('',#11520,1.);
#11520 = DIRECTION('',(0.,0.,1.));
#11521 = ORIENTED_EDGE('',*,*,#7639,.F.);
#11522 = PLANE('',#11523);
#11523 = AXIS2_PLACEMENT_3D('',#11524,#11525,#11526);
#11524 = CARTESIAN_POINT('',(-35.08633422851,16.256219863892,
    -0.249999940395));
#11525 = DIRECTION('',(-0.987690461811,0.156421071624,0.));
#11526 = DIRECTION('',(-0.156421071624,-0.987690461811,0.));
#11527 = ADVANCED_FACE('',(#11528),#11539,.T.);
#11528 = FACE_BOUND('',#11529,.T.);
#11529 = EDGE_LOOP('',(#11530,#11531,#11532,#11538));
#11530 = ORIENTED_EDGE('',*,*,#11516,.T.);
#11531 = ORIENTED_EDGE('',*,*,#11406,.T.);
#11532 = ORIENTED_EDGE('',*,*,#11533,.F.);
#11533 = EDGE_CURVE('',#7648,#11399,#11534,.T.);
#11534 = LINE('',#11535,#11536);
#11535 = CARTESIAN_POINT('',(-35.0510559082,16.409017562866,
    -2.099999904633));
#11536 = VECTOR('',#11537,1.);
#11537 = DIRECTION('',(0.,0.,1.));
#11538 = ORIENTED_EDGE('',*,*,#7647,.F.);
#11539 = PLANE('',#11540);
#11540 = AXIS2_PLACEMENT_3D('',#11541,#11542,#11543);
#11541 = CARTESIAN_POINT('',(-35.06460189819,16.358464241028,
    -0.249999940395));
#11542 = DIRECTION('',(-0.965924545012,0.258823826847,0.));
#11543 = DIRECTION('',(-0.258823826847,-0.965924545012,0.));
#11544 = ADVANCED_FACE('',(#11545),#11556,.T.);
#11545 = FACE_BOUND('',#11546,.T.);
#11546 = EDGE_LOOP('',(#11547,#11548,#11549,#11555));
#11547 = ORIENTED_EDGE('',*,*,#11533,.T.);
#11548 = ORIENTED_EDGE('',*,*,#11398,.T.);
#11549 = ORIENTED_EDGE('',*,*,#11550,.T.);
#11550 = EDGE_CURVE('',#11391,#7656,#11551,.T.);
#11551 = LINE('',#11552,#11553);
#11552 = CARTESIAN_POINT('',(-35.01354598999,16.506736755371,
    1.600000023842));
#11553 = VECTOR('',#11554,1.);
#11554 = DIRECTION('',(0.,0.,-1.));
#11555 = ORIENTED_EDGE('',*,*,#7655,.F.);
#11556 = PLANE('',#11557);
#11557 = AXIS2_PLACEMENT_3D('',#11558,#11559,#11560);
#11558 = CARTESIAN_POINT('',(-35.03230094909,16.457877159119,
    -0.249999940395));
#11559 = DIRECTION('',(-0.93358351197,0.35835991151,0.));
#11560 = DIRECTION('',(-0.35835991151,-0.93358351197,0.));
#11561 = ADVANCED_FACE('',(#11562),#11573,.T.);
#11562 = FACE_BOUND('',#11563,.T.);
#11563 = EDGE_LOOP('',(#11564,#11570,#11571,#11572));
#11564 = ORIENTED_EDGE('',*,*,#11565,.T.);
#11565 = EDGE_CURVE('',#11383,#7664,#11566,.T.);
#11566 = LINE('',#11567,#11568);
#11567 = CARTESIAN_POINT('',(-34.96602630615,16.60000038147,
    1.600000023842));
#11568 = VECTOR('',#11569,1.);
#11569 = DIRECTION('',(0.,0.,-1.));
#11570 = ORIENTED_EDGE('',*,*,#7663,.F.);
#11571 = ORIENTED_EDGE('',*,*,#11550,.F.);
#11572 = ORIENTED_EDGE('',*,*,#11390,.T.);
#11573 = PLANE('',#11574);
#11574 = AXIS2_PLACEMENT_3D('',#11575,#11576,#11577);
#11575 = CARTESIAN_POINT('',(-34.98978614807,16.55336856842,
    -0.249999940395));
#11576 = DIRECTION('',(-0.891008484162,0.453986653055,0.));
#11577 = DIRECTION('',(-0.453986653055,-0.891008484162,0.));
#11578 = ADVANCED_FACE('',(#11579),#11590,.T.);
#11579 = FACE_BOUND('',#11580,.T.);
#11580 = EDGE_LOOP('',(#11581,#11587,#11588,#11589));
#11581 = ORIENTED_EDGE('',*,*,#11582,.T.);
#11582 = EDGE_CURVE('',#11375,#7672,#11583,.T.);
#11583 = LINE('',#11584,#11585);
#11584 = CARTESIAN_POINT('',(-34.90901565551,16.687786102295,
    1.600000023842));
#11585 = VECTOR('',#11586,1.);
#11586 = DIRECTION('',(0.,0.,-1.));
#11587 = ORIENTED_EDGE('',*,*,#7671,.F.);
#11588 = ORIENTED_EDGE('',*,*,#11565,.F.);
#11589 = ORIENTED_EDGE('',*,*,#11382,.T.);
#11590 = PLANE('',#11591);
#11591 = AXIS2_PLACEMENT_3D('',#11592,#11593,#11594);
#11592 = CARTESIAN_POINT('',(-34.93752098083,16.643893241882,
    -0.249999940395));
#11593 = DIRECTION('',(-0.838662115383,0.544652050599,0.));
#11594 = DIRECTION('',(-0.544652050599,-0.838662115383,0.));
#11595 = ADVANCED_FACE('',(#11596),#11607,.T.);
#11596 = FACE_BOUND('',#11597,.T.);
#11597 = EDGE_LOOP('',(#11598,#11599,#11600,#11606));
#11598 = ORIENTED_EDGE('',*,*,#11582,.F.);
#11599 = ORIENTED_EDGE('',*,*,#11374,.T.);
#11600 = ORIENTED_EDGE('',*,*,#11601,.T.);
#11601 = EDGE_CURVE('',#11367,#7680,#11602,.T.);
#11602 = LINE('',#11603,#11604);
#11603 = CARTESIAN_POINT('',(-34.84314346313,16.769130706787,
    1.600000023842));
#11604 = VECTOR('',#11605,1.);
#11605 = DIRECTION('',(0.,0.,-1.));
#11606 = ORIENTED_EDGE('',*,*,#7679,.F.);
#11607 = PLANE('',#11608);
#11608 = AXIS2_PLACEMENT_3D('',#11609,#11610,#11611);
#11609 = CARTESIAN_POINT('',(-34.87607955932,16.728458404541,
    -0.249999940395));
#11610 = DIRECTION('',(-0.777143015556,0.629324028917,0.));
#11611 = DIRECTION('',(-0.629324028917,-0.777143015556,0.));
#11612 = ADVANCED_FACE('',(#11613),#11624,.T.);
#11613 = FACE_BOUND('',#11614,.T.);
#11614 = EDGE_LOOP('',(#11615,#11621,#11622,#11623));
#11615 = ORIENTED_EDGE('',*,*,#11616,.T.);
#11616 = EDGE_CURVE('',#11359,#7688,#11617,.T.);
#11617 = LINE('',#11618,#11619);
#11618 = CARTESIAN_POINT('',(-34.76913070678,16.843145370483,
    1.600000023842));
#11619 = VECTOR('',#11620,1.);
#11620 = DIRECTION('',(0.,0.,-1.));
#11621 = ORIENTED_EDGE('',*,*,#7687,.F.);
#11622 = ORIENTED_EDGE('',*,*,#11601,.F.);
#11623 = ORIENTED_EDGE('',*,*,#11366,.T.);
#11624 = PLANE('',#11625);
#11625 = AXIS2_PLACEMENT_3D('',#11626,#11627,#11628);
#11626 = CARTESIAN_POINT('',(-34.80613708496,16.806138038635,
    -0.249999940395));
#11627 = DIRECTION('',(-0.707115892272,0.707097669984,0.));
#11628 = DIRECTION('',(-0.707097669984,-0.707115892272,0.));
#11629 = ADVANCED_FACE('',(#11630),#11641,.T.);
#11630 = FACE_BOUND('',#11631,.T.);
#11631 = EDGE_LOOP('',(#11632,#11633,#11634,#11640));
#11632 = ORIENTED_EDGE('',*,*,#11616,.F.);
#11633 = ORIENTED_EDGE('',*,*,#11358,.T.);
#11634 = ORIENTED_EDGE('',*,*,#11635,.F.);
#11635 = EDGE_CURVE('',#7696,#11351,#11636,.T.);
#11636 = LINE('',#11637,#11638);
#11637 = CARTESIAN_POINT('',(-34.68778610229,16.909017562866,
    -2.099999904633));
#11638 = VECTOR('',#11639,1.);
#11639 = DIRECTION('',(0.,0.,1.));
#11640 = ORIENTED_EDGE('',*,*,#7695,.F.);
#11641 = PLANE('',#11642);
#11642 = AXIS2_PLACEMENT_3D('',#11643,#11644,#11645);
#11643 = CARTESIAN_POINT('',(-34.72845840454,16.876081466675,
    -0.249999940395));
#11644 = DIRECTION('',(-0.629324028917,0.777143015556,0.));
#11645 = DIRECTION('',(0.777143015556,0.629324028917,0.));
#11646 = ADVANCED_FACE('',(#11647),#11658,.T.);
#11647 = FACE_BOUND('',#11648,.T.);
#11648 = EDGE_LOOP('',(#11649,#11650,#11651,#11657));
#11649 = ORIENTED_EDGE('',*,*,#11635,.T.);
#11650 = ORIENTED_EDGE('',*,*,#11350,.T.);
#11651 = ORIENTED_EDGE('',*,*,#11652,.T.);
#11652 = EDGE_CURVE('',#11343,#7704,#11653,.T.);
#11653 = LINE('',#11654,#11655);
#11654 = CARTESIAN_POINT('',(-34.59999847412,16.966026306152,
    1.600000023842));
#11655 = VECTOR('',#11656,1.);
#11656 = DIRECTION('',(0.,0.,-1.));
#11657 = ORIENTED_EDGE('',*,*,#7703,.F.);
#11658 = PLANE('',#11659);
#11659 = AXIS2_PLACEMENT_3D('',#11660,#11661,#11662);
#11660 = CARTESIAN_POINT('',(-34.6438922882,16.937521934509,
    -0.249999940395));
#11661 = DIRECTION('',(-0.544630910729,0.838675843863,0.));
#11662 = DIRECTION('',(0.838675843863,0.544630910729,0.));
#11663 = ADVANCED_FACE('',(#11664),#11675,.T.);
#11664 = FACE_BOUND('',#11665,.T.);
#11665 = EDGE_LOOP('',(#11666,#11667,#11668,#11674));
#11666 = ORIENTED_EDGE('',*,*,#11652,.F.);
#11667 = ORIENTED_EDGE('',*,*,#11342,.T.);
#11668 = ORIENTED_EDGE('',*,*,#11669,.T.);
#11669 = EDGE_CURVE('',#11335,#7712,#11670,.T.);
#11670 = LINE('',#11671,#11672);
#11671 = CARTESIAN_POINT('',(-34.50673675537,17.01354598999,
    1.600000023842));
#11672 = VECTOR('',#11673,1.);
#11673 = DIRECTION('',(0.,0.,-1.));
#11674 = ORIENTED_EDGE('',*,*,#7711,.F.);
#11675 = PLANE('',#11676);
#11676 = AXIS2_PLACEMENT_3D('',#11677,#11678,#11679);
#11677 = CARTESIAN_POINT('',(-34.55336761474,16.989786148071,
    -0.249999940395));
#11678 = DIRECTION('',(-0.453994024127,0.891004728414,0.));
#11679 = DIRECTION('',(0.891004728414,0.453994024127,0.));
#11680 = ADVANCED_FACE('',(#11681),#11692,.T.);
#11681 = FACE_BOUND('',#11682,.T.);
#11682 = EDGE_LOOP('',(#11683,#11684,#11685,#11691));
#11683 = ORIENTED_EDGE('',*,*,#11669,.F.);
#11684 = ORIENTED_EDGE('',*,*,#11334,.T.);
#11685 = ORIENTED_EDGE('',*,*,#11686,.T.);
#11686 = EDGE_CURVE('',#11327,#7720,#11687,.T.);
#11687 = LINE('',#11688,#11689);
#11688 = CARTESIAN_POINT('',(-34.40901565551,17.051055908203,
    1.600000023842));
#11689 = VECTOR('',#11690,1.);
#11690 = DIRECTION('',(0.,0.,-1.));
#11691 = ORIENTED_EDGE('',*,*,#7719,.F.);
#11692 = PLANE('',#11693);
#11693 = AXIS2_PLACEMENT_3D('',#11694,#11695,#11696);
#11694 = CARTESIAN_POINT('',(-34.45787620544,17.032300949097,
    -0.249999940395));
#11695 = DIRECTION('',(-0.358353815171,0.933585852052,0.));
#11696 = DIRECTION('',(0.933585852052,0.358353815171,0.));
#11697 = ADVANCED_FACE('',(#11698),#11709,.T.);
#11698 = FACE_BOUND('',#11699,.T.);
#11699 = EDGE_LOOP('',(#11700,#11706,#11707,#11708));
#11700 = ORIENTED_EDGE('',*,*,#11701,.T.);
#11701 = EDGE_CURVE('',#11319,#7728,#11702,.T.);
#11702 = LINE('',#11703,#11704);
#11703 = CARTESIAN_POINT('',(-34.30791091918,17.078147888184,
    1.600000023842));
#11704 = VECTOR('',#11705,1.);
#11705 = DIRECTION('',(0.,0.,-1.));
#11706 = ORIENTED_EDGE('',*,*,#7727,.F.);
#11707 = ORIENTED_EDGE('',*,*,#11686,.F.);
#11708 = ORIENTED_EDGE('',*,*,#11326,.T.);
#11709 = PLANE('',#11710);
#11710 = AXIS2_PLACEMENT_3D('',#11711,#11712,#11713);
#11711 = CARTESIAN_POINT('',(-34.35846328735,17.064601898193,
    -0.249999940395));
#11712 = DIRECTION('',(-0.258828382477,0.965923324299,0.));
#11713 = DIRECTION('',(0.965923324299,0.258828382477,0.));
#11714 = ADVANCED_FACE('',(#11715),#11726,.T.);
#11715 = FACE_BOUND('',#11716,.T.);
#11716 = EDGE_LOOP('',(#11717,#11718,#11719,#11725));
#11717 = ORIENTED_EDGE('',*,*,#11701,.F.);
#11718 = ORIENTED_EDGE('',*,*,#11318,.T.);
#11719 = ORIENTED_EDGE('',*,*,#11720,.T.);
#11720 = EDGE_CURVE('',#11311,#7736,#11721,.T.);
#11721 = LINE('',#11722,#11723);
#11722 = CARTESIAN_POINT('',(-34.20452880859,17.094522476196,
    1.600000023842));
#11723 = VECTOR('',#11724,1.);
#11724 = DIRECTION('',(0.,0.,-1.));
#11725 = ORIENTED_EDGE('',*,*,#7735,.F.);
#11726 = PLANE('',#11727);
#11727 = AXIS2_PLACEMENT_3D('',#11728,#11729,#11730);
#11728 = CARTESIAN_POINT('',(-34.25621986389,17.08633518219,
    -0.249999940395));
#11729 = DIRECTION('',(-0.15643884809,0.987687646378,0.));
#11730 = DIRECTION('',(0.987687646378,0.15643884809,0.));
#11731 = ADVANCED_FACE('',(#11732),#11743,.T.);
#11732 = FACE_BOUND('',#11733,.T.);
#11733 = EDGE_LOOP('',(#11734,#11740,#11741,#11742));
#11734 = ORIENTED_EDGE('',*,*,#11735,.T.);
#11735 = EDGE_CURVE('',#11303,#7744,#11736,.T.);
#11736 = LINE('',#11737,#11738);
#11737 = CARTESIAN_POINT('',(-34.09999847412,17.10000038147,
    1.600000023842));
#11738 = VECTOR('',#11739,1.);
#11739 = DIRECTION('',(0.,0.,-1.));
#11740 = ORIENTED_EDGE('',*,*,#7743,.F.);
#11741 = ORIENTED_EDGE('',*,*,#11720,.F.);
#11742 = ORIENTED_EDGE('',*,*,#11310,.T.);
#11743 = PLANE('',#11744);
#11744 = AXIS2_PLACEMENT_3D('',#11745,#11746,#11747);
#11745 = CARTESIAN_POINT('',(-34.15226364135,17.097261428833,
    -0.249999940395));
#11746 = DIRECTION('',(-5.233312258798E-02,0.998629683256,0.));
#11747 = DIRECTION('',(0.998629683256,5.233312258798E-02,0.));
#11748 = ADVANCED_FACE('',(#11749),#11760,.T.);
#11749 = FACE_BOUND('',#11750,.T.);
#11750 = EDGE_LOOP('',(#11751,#11752,#11753,#11759));
#11751 = ORIENTED_EDGE('',*,*,#11735,.F.);
#11752 = ORIENTED_EDGE('',*,*,#11302,.T.);
#11753 = ORIENTED_EDGE('',*,*,#11754,.T.);
#11754 = EDGE_CURVE('',#11295,#7752,#11755,.T.);
#11755 = LINE('',#11756,#11757);
#11756 = CARTESIAN_POINT('',(34.099998474121,17.10000038147,
    1.600000023842));
#11757 = VECTOR('',#11758,1.);
#11758 = DIRECTION('',(0.,0.,-1.));
#11759 = ORIENTED_EDGE('',*,*,#7751,.F.);
#11760 = PLANE('',#11761);
#11761 = AXIS2_PLACEMENT_3D('',#11762,#11763,#11764);
#11762 = CARTESIAN_POINT('',(0.,17.10000038147,-0.249999940395));
#11763 = DIRECTION('',(0.,1.,0.));
#11764 = DIRECTION('',(0.,0.,1.));
#11765 = ADVANCED_FACE('',(#11766),#11777,.T.);
#11766 = FACE_BOUND('',#11767,.T.);
#11767 = EDGE_LOOP('',(#11768,#11769,#11775,#11776));
#11768 = ORIENTED_EDGE('',*,*,#7496,.F.);
#11769 = ORIENTED_EDGE('',*,*,#11770,.T.);
#11770 = EDGE_CURVE('',#7489,#11055,#11771,.T.);
#11771 = LINE('',#11772,#11773);
#11772 = CARTESIAN_POINT('',(31.428565979004,-17.07753944397,
    -2.099999904633));
#11773 = VECTOR('',#11774,1.);
#11774 = DIRECTION('',(0.,0.,1.));
#11775 = ORIENTED_EDGE('',*,*,#11054,.T.);
#11776 = ORIENTED_EDGE('',*,*,#11483,.F.);
#11777 = PLANE('',#11778);
#11778 = AXIS2_PLACEMENT_3D('',#11779,#11780,#11781);
#11779 = CARTESIAN_POINT('',(31.214282989502,-17.08876991272,
    -0.249999940395));
#11780 = DIRECTION('',(5.233769039846E-02,-0.99862944387,0.));
#11781 = DIRECTION('',(-0.99862944387,-5.233769039846E-02,0.));
#11782 = ADVANCED_FACE('',(#11783),#11794,.T.);
#11783 = FACE_BOUND('',#11784,.T.);
#11784 = EDGE_LOOP('',(#11785,#11786,#11792,#11793));
#11785 = ORIENTED_EDGE('',*,*,#7488,.F.);
#11786 = ORIENTED_EDGE('',*,*,#11787,.T.);
#11787 = EDGE_CURVE('',#7481,#11063,#11788,.T.);
#11788 = LINE('',#11789,#11790);
#11789 = CARTESIAN_POINT('',(31.852437973022,-17.01040458679,
    -2.099999904633));
#11790 = VECTOR('',#11791,1.);
#11791 = DIRECTION('',(0.,0.,1.));
#11792 = ORIENTED_EDGE('',*,*,#11062,.T.);
#11793 = ORIENTED_EDGE('',*,*,#11770,.F.);
#11794 = PLANE('',#11795);
#11795 = AXIS2_PLACEMENT_3D('',#11796,#11797,#11798);
#11796 = CARTESIAN_POINT('',(31.640501976013,-17.04397201538,
    -0.249999940395));
#11797 = DIRECTION('',(0.156434757447,-0.987688294282,0.));
#11798 = DIRECTION('',(-0.987688294282,-0.156434757447,0.));
#11799 = ADVANCED_FACE('',(#11800),#11811,.T.);
#11800 = FACE_BOUND('',#11801,.T.);
#11801 = EDGE_LOOP('',(#11802,#11803,#11809,#11810));
#11802 = ORIENTED_EDGE('',*,*,#7480,.F.);
#11803 = ORIENTED_EDGE('',*,*,#11804,.F.);
#11804 = EDGE_CURVE('',#11071,#7473,#11805,.T.);
#11805 = LINE('',#11806,#11807);
#11806 = CARTESIAN_POINT('',(32.266967773438,-16.8993320465,
    1.600000023842));
#11807 = VECTOR('',#11808,1.);
#11808 = DIRECTION('',(0.,0.,-1.));
#11809 = ORIENTED_EDGE('',*,*,#11070,.T.);
#11810 = ORIENTED_EDGE('',*,*,#11787,.F.);
#11811 = PLANE('',#11812);
#11812 = AXIS2_PLACEMENT_3D('',#11813,#11814,#11815);
#11813 = CARTESIAN_POINT('',(32.05970287323,-16.95486831665,
    -0.249999940395));
#11814 = DIRECTION('',(0.258818208132,-0.965926050554,0.));
#11815 = DIRECTION('',(-0.965926050554,-0.258818208132,0.));
#11816 = ADVANCED_FACE('',(#11817),#11828,.T.);
#11817 = FACE_BOUND('',#11818,.T.);
#11818 = EDGE_LOOP('',(#11819,#11820,#11826,#11827));
#11819 = ORIENTED_EDGE('',*,*,#7472,.F.);
#11820 = ORIENTED_EDGE('',*,*,#11821,.T.);
#11821 = EDGE_CURVE('',#7465,#11079,#11822,.T.);
#11822 = LINE('',#11823,#11824);
#11823 = CARTESIAN_POINT('',(32.667621612549,-16.74553680419,
    -2.099999904633));
#11824 = VECTOR('',#11825,1.);
#11825 = DIRECTION('',(0.,0.,1.));
#11826 = ORIENTED_EDGE('',*,*,#11078,.T.);
#11827 = ORIENTED_EDGE('',*,*,#11804,.T.);
#11828 = PLANE('',#11829);
#11829 = AXIS2_PLACEMENT_3D('',#11830,#11831,#11832);
#11830 = CARTESIAN_POINT('',(32.467294692993,-16.82243442535,
    -0.249999940395));
#11831 = DIRECTION('',(0.358365193577,-0.93358148441,0.));
#11832 = DIRECTION('',(-0.93358148441,-0.358365193577,0.));
#11833 = ADVANCED_FACE('',(#11834),#11845,.T.);
#11834 = FACE_BOUND('',#11835,.T.);
#11835 = EDGE_LOOP('',(#11836,#11837,#11843,#11844));
#11836 = ORIENTED_EDGE('',*,*,#7464,.F.);
#11837 = ORIENTED_EDGE('',*,*,#11838,.T.);
#11838 = EDGE_CURVE('',#7457,#11087,#11839,.T.);
#11839 = LINE('',#11840,#11841);
#11840 = CARTESIAN_POINT('',(33.049999237061,-16.55070495605,
    -2.099999904633));
#11841 = VECTOR('',#11842,1.);
#11842 = DIRECTION('',(0.,0.,1.));
#11843 = ORIENTED_EDGE('',*,*,#11086,.T.);
#11844 = ORIENTED_EDGE('',*,*,#11821,.F.);
#11845 = PLANE('',#11846);
#11846 = AXIS2_PLACEMENT_3D('',#11847,#11848,#11849);
#11847 = CARTESIAN_POINT('',(32.858810424805,-16.64812088012,
    -0.249999940395));
#11848 = DIRECTION('',(0.453991826379,-0.891005848231,0.));
#11849 = DIRECTION('',(-0.891005848231,-0.453991826379,0.));
#11850 = ADVANCED_FACE('',(#11851),#11862,.T.);
#11851 = FACE_BOUND('',#11852,.T.);
#11852 = EDGE_LOOP('',(#11853,#11854,#11860,#11861));
#11853 = ORIENTED_EDGE('',*,*,#7456,.F.);
#11854 = ORIENTED_EDGE('',*,*,#11855,.T.);
#11855 = EDGE_CURVE('',#7449,#11095,#11856,.T.);
#11856 = LINE('',#11857,#11858);
#11857 = CARTESIAN_POINT('',(33.40991973877,-16.31696891784,
    -2.099999904633));
#11858 = VECTOR('',#11859,1.);
#11859 = DIRECTION('',(0.,0.,1.));
#11860 = ORIENTED_EDGE('',*,*,#11094,.T.);
#11861 = ORIENTED_EDGE('',*,*,#11838,.F.);
#11862 = PLANE('',#11863);
#11863 = AXIS2_PLACEMENT_3D('',#11864,#11865,#11866);
#11864 = CARTESIAN_POINT('',(33.229959487915,-16.43383693695,
    -0.249999940395));
#11865 = DIRECTION('',(0.54464056162,-0.838669576554,0.));
#11866 = DIRECTION('',(-0.838669576554,-0.54464056162,0.));
#11867 = ADVANCED_FACE('',(#11868),#11879,.T.);
#11868 = FACE_BOUND('',#11869,.T.);
#11869 = EDGE_LOOP('',(#11870,#11871,#11877,#11878));
#11870 = ORIENTED_EDGE('',*,*,#7448,.F.);
#11871 = ORIENTED_EDGE('',*,*,#11872,.T.);
#11872 = EDGE_CURVE('',#7441,#11103,#11873,.T.);
#11873 = LINE('',#11874,#11875);
#11874 = CARTESIAN_POINT('',(33.743434906006,-16.04689407348,
    -2.099999904633));
#11875 = VECTOR('',#11876,1.);
#11876 = DIRECTION('',(0.,0.,1.));
#11877 = ORIENTED_EDGE('',*,*,#11102,.T.);
#11878 = ORIENTED_EDGE('',*,*,#11855,.F.);
#11879 = PLANE('',#11880);
#11880 = AXIS2_PLACEMENT_3D('',#11881,#11882,#11883);
#11881 = CARTESIAN_POINT('',(33.576677322388,-16.18193149566,
    -0.249999940395));
#11882 = DIRECTION('',(0.629319809973,-0.777146432003,0.));
#11883 = DIRECTION('',(-0.777146432003,-0.629319809973,0.));
#11884 = ADVANCED_FACE('',(#11885),#11896,.T.);
#11885 = FACE_BOUND('',#11886,.T.);
#11886 = EDGE_LOOP('',(#11887,#11888,#11894,#11895));
#11887 = ORIENTED_EDGE('',*,*,#7440,.F.);
#11888 = ORIENTED_EDGE('',*,*,#11889,.F.);
#11889 = EDGE_CURVE('',#11111,#7433,#11890,.T.);
#11890 = LINE('',#11891,#11892);
#11891 = CARTESIAN_POINT('',(34.046894073486,-15.74343585968,
    1.600000023842));
#11892 = VECTOR('',#11893,1.);
#11893 = DIRECTION('',(0.,0.,-1.));
#11894 = ORIENTED_EDGE('',*,*,#11110,.T.);
#11895 = ORIENTED_EDGE('',*,*,#11872,.F.);
#11896 = PLANE('',#11897);
#11897 = AXIS2_PLACEMENT_3D('',#11898,#11899,#11900);
#11898 = CARTESIAN_POINT('',(33.895164489746,-15.89516496658,
    -0.249999940395));
#11899 = DIRECTION('',(0.70710567008,-0.707107892292,0.));
#11900 = DIRECTION('',(-0.707107892292,-0.70710567008,0.));
#11901 = ADVANCED_FACE('',(#11902),#11913,.T.);
#11902 = FACE_BOUND('',#11903,.T.);
#11903 = EDGE_LOOP('',(#11904,#11905,#11911,#11912));
#11904 = ORIENTED_EDGE('',*,*,#7432,.F.);
#11905 = ORIENTED_EDGE('',*,*,#11906,.T.);
#11906 = EDGE_CURVE('',#7425,#11119,#11907,.T.);
#11907 = LINE('',#11908,#11909);
#11908 = CARTESIAN_POINT('',(34.316970825195,-15.40991973877,
    -2.099999904633));
#11909 = VECTOR('',#11910,1.);
#11910 = DIRECTION('',(0.,0.,1.));
#11911 = ORIENTED_EDGE('',*,*,#11118,.T.);
#11912 = ORIENTED_EDGE('',*,*,#11889,.T.);
#11913 = PLANE('',#11914);
#11914 = AXIS2_PLACEMENT_3D('',#11915,#11916,#11917);
#11915 = CARTESIAN_POINT('',(34.181932449341,-15.57667779922,
    -0.249999940395));
#11916 = DIRECTION('',(0.777145138443,-0.629321407386,0.));
#11917 = DIRECTION('',(0.629321407386,0.777145138443,0.));
#11918 = ADVANCED_FACE('',(#11919),#11930,.T.);
#11919 = FACE_BOUND('',#11920,.T.);
#11920 = EDGE_LOOP('',(#11921,#11922,#11928,#11929));
#11921 = ORIENTED_EDGE('',*,*,#7424,.F.);
#11922 = ORIENTED_EDGE('',*,*,#11923,.T.);
#11923 = EDGE_CURVE('',#7417,#11127,#11924,.T.);
#11924 = LINE('',#11925,#11926);
#11925 = CARTESIAN_POINT('',(34.550704956055,-15.05000019073,
    -2.099999904633));
#11926 = VECTOR('',#11927,1.);
#11927 = DIRECTION('',(0.,0.,1.));
#11928 = ORIENTED_EDGE('',*,*,#11126,.T.);
#11929 = ORIENTED_EDGE('',*,*,#11906,.F.);
#11930 = PLANE('',#11931);
#11931 = AXIS2_PLACEMENT_3D('',#11932,#11933,#11934);
#11932 = CARTESIAN_POINT('',(34.433837890625,-15.22995996475,
    -0.249999940395));
#11933 = DIRECTION('',(0.838670947467,-0.544638450603,0.));
#11934 = DIRECTION('',(0.544638450603,0.838670947467,0.));
#11935 = ADVANCED_FACE('',(#11936),#11947,.T.);
#11936 = FACE_BOUND('',#11937,.T.);
#11937 = EDGE_LOOP('',(#11938,#11939,#11945,#11946));
#11938 = ORIENTED_EDGE('',*,*,#7416,.F.);
#11939 = ORIENTED_EDGE('',*,*,#11940,.T.);
#11940 = EDGE_CURVE('',#7409,#11135,#11941,.T.);
#11941 = LINE('',#11942,#11943);
#11942 = CARTESIAN_POINT('',(34.745536804199,-14.66762065887,
    -2.099999904633));
#11943 = VECTOR('',#11944,1.);
#11944 = DIRECTION('',(0.,0.,1.));
#11945 = ORIENTED_EDGE('',*,*,#11134,.T.);
#11946 = ORIENTED_EDGE('',*,*,#11923,.F.);
#11947 = PLANE('',#11948);
#11948 = AXIS2_PLACEMENT_3D('',#11949,#11950,#11951);
#11949 = CARTESIAN_POINT('',(34.648120880127,-14.8588104248,
    -0.249999940395));
#11950 = DIRECTION('',(0.891006764265,-0.453990028563,0.));
#11951 = DIRECTION('',(0.453990028563,0.891006764265,0.));
#11952 = ADVANCED_FACE('',(#11953),#11964,.T.);
#11953 = FACE_BOUND('',#11954,.T.);
#11954 = EDGE_LOOP('',(#11955,#11956,#11962,#11963));
#11955 = ORIENTED_EDGE('',*,*,#7408,.F.);
#11956 = ORIENTED_EDGE('',*,*,#11957,.T.);
#11957 = EDGE_CURVE('',#7401,#11143,#11958,.T.);
#11958 = LINE('',#11959,#11960);
#11959 = CARTESIAN_POINT('',(34.89933013916,-14.26696968078,
    -2.099999904633));
#11960 = VECTOR('',#11961,1.);
#11961 = DIRECTION('',(0.,0.,1.));
#11962 = ORIENTED_EDGE('',*,*,#11142,.T.);
#11963 = ORIENTED_EDGE('',*,*,#11940,.F.);
#11964 = PLANE('',#11965);
#11965 = AXIS2_PLACEMENT_3D('',#11966,#11967,#11968);
#11966 = CARTESIAN_POINT('',(34.82243347168,-14.46729516983,
    -0.249999940395));
#11967 = DIRECTION('',(0.933582115183,-0.358363550337,0.));
#11968 = DIRECTION('',(0.358363550337,0.933582115183,0.));
#11969 = ADVANCED_FACE('',(#11970),#11981,.T.);
#11970 = FACE_BOUND('',#11971,.T.);
#11971 = EDGE_LOOP('',(#11972,#11973,#11979,#11980));
#11972 = ORIENTED_EDGE('',*,*,#7400,.F.);
#11973 = ORIENTED_EDGE('',*,*,#11974,.T.);
#11974 = EDGE_CURVE('',#7393,#11151,#11975,.T.);
#11975 = LINE('',#11976,#11977);
#11976 = CARTESIAN_POINT('',(35.010406494141,-13.85243797302,
    -2.099999904633));
#11977 = VECTOR('',#11978,1.);
#11978 = DIRECTION('',(0.,0.,1.));
#11979 = ORIENTED_EDGE('',*,*,#11150,.T.);
#11980 = ORIENTED_EDGE('',*,*,#11957,.F.);
#11981 = PLANE('',#11982);
#11982 = AXIS2_PLACEMENT_3D('',#11983,#11984,#11985);
#11983 = CARTESIAN_POINT('',(34.95486831665,-14.0597038269,
    -0.249999940395));
#11984 = DIRECTION('',(0.965924126041,-0.258825390432,0.));
#11985 = DIRECTION('',(0.258825390432,0.965924126041,0.));
#11986 = ADVANCED_FACE('',(#11987),#11998,.T.);
#11987 = FACE_BOUND('',#11988,.T.);
#11988 = EDGE_LOOP('',(#11989,#11990,#11996,#11997));
#11989 = ORIENTED_EDGE('',*,*,#7392,.F.);
#11990 = ORIENTED_EDGE('',*,*,#11991,.T.);
#11991 = EDGE_CURVE('',#7385,#11159,#11992,.T.);
#11992 = LINE('',#11993,#11994);
#11993 = CARTESIAN_POINT('',(35.077541351318,-13.42856693267,
    -2.099999904633));
#11994 = VECTOR('',#11995,1.);
#11995 = DIRECTION('',(0.,0.,1.));
#11996 = ORIENTED_EDGE('',*,*,#11158,.T.);
#11997 = ORIENTED_EDGE('',*,*,#11974,.F.);
#11998 = PLANE('',#11999);
#11999 = AXIS2_PLACEMENT_3D('',#12000,#12001,#12002);
#12000 = CARTESIAN_POINT('',(35.043973922729,-13.64050245285,
    -0.249999940395));
#12001 = DIRECTION('',(0.987688239901,-0.156435100799,0.));
#12002 = DIRECTION('',(0.156435100799,0.987688239901,0.));
#12003 = ADVANCED_FACE('',(#12004),#12015,.T.);
#12004 = FACE_BOUND('',#12005,.T.);
#12005 = EDGE_LOOP('',(#12006,#12007,#12013,#12014));
#12006 = ORIENTED_EDGE('',*,*,#7384,.F.);
#12007 = ORIENTED_EDGE('',*,*,#12008,.T.);
#12008 = EDGE_CURVE('',#7377,#11167,#12009,.T.);
#12009 = LINE('',#12010,#12011);
#12010 = CARTESIAN_POINT('',(35.099998474121,-13.,-2.099999904633));
#12011 = VECTOR('',#12012,1.);
#12012 = DIRECTION('',(0.,0.,1.));
#12013 = ORIENTED_EDGE('',*,*,#11166,.T.);
#12014 = ORIENTED_EDGE('',*,*,#11991,.F.);
#12015 = PLANE('',#12016);
#12016 = AXIS2_PLACEMENT_3D('',#12017,#12018,#12019);
#12017 = CARTESIAN_POINT('',(35.08876991272,-13.21428346633,
    -0.249999940395));
#12018 = DIRECTION('',(0.998629914501,-5.232870974037E-02,0.));
#12019 = DIRECTION('',(5.232870974037E-02,0.998629914501,0.));
#12020 = ADVANCED_FACE('',(#12021),#12032,.T.);
#12021 = FACE_BOUND('',#12022,.T.);
#12022 = EDGE_LOOP('',(#12023,#12024,#12030,#12031));
#12023 = ORIENTED_EDGE('',*,*,#7376,.T.);
#12024 = ORIENTED_EDGE('',*,*,#12025,.T.);
#12025 = EDGE_CURVE('',#7369,#11175,#12026,.T.);
#12026 = LINE('',#12027,#12028);
#12027 = CARTESIAN_POINT('',(35.099998474121,16.10000038147,
    -2.099999904633));
#12028 = VECTOR('',#12029,1.);
#12029 = DIRECTION('',(0.,0.,1.));
#12030 = ORIENTED_EDGE('',*,*,#11174,.T.);
#12031 = ORIENTED_EDGE('',*,*,#12008,.F.);
#12032 = PLANE('',#12033);
#12033 = AXIS2_PLACEMENT_3D('',#12034,#12035,#12036);
#12034 = CARTESIAN_POINT('',(35.099998474121,1.550000190735,
    -0.249999940395));
#12035 = DIRECTION('',(1.,0.,0.));
#12036 = DIRECTION('',(0.,0.,1.));
#12037 = ADVANCED_FACE('',(#12038),#12049,.T.);
#12038 = FACE_BOUND('',#12039,.T.);
#12039 = EDGE_LOOP('',(#12040,#12041,#12047,#12048));
#12040 = ORIENTED_EDGE('',*,*,#7368,.F.);
#12041 = ORIENTED_EDGE('',*,*,#12042,.T.);
#12042 = EDGE_CURVE('',#7361,#11183,#12043,.T.);
#12043 = LINE('',#12044,#12045);
#12044 = CARTESIAN_POINT('',(35.094520568848,16.204528808594,
    -2.099999904633));
#12045 = VECTOR('',#12046,1.);
#12046 = DIRECTION('',(0.,0.,1.));
#12047 = ORIENTED_EDGE('',*,*,#11182,.T.);
#12048 = ORIENTED_EDGE('',*,*,#12025,.F.);
#12049 = PLANE('',#12050);
#12050 = AXIS2_PLACEMENT_3D('',#12051,#12052,#12053);
#12051 = CARTESIAN_POINT('',(35.097259521484,16.152264595032,
    -0.249999940395));
#12052 = DIRECTION('',(0.99862963335,5.233407490429E-02,0.));
#12053 = DIRECTION('',(-5.233407490429E-02,0.99862963335,0.));
#12054 = ADVANCED_FACE('',(#12055),#12066,.T.);
#12055 = FACE_BOUND('',#12056,.T.);
#12056 = EDGE_LOOP('',(#12057,#12058,#12064,#12065));
#12057 = ORIENTED_EDGE('',*,*,#7360,.F.);
#12058 = ORIENTED_EDGE('',*,*,#12059,.F.);
#12059 = EDGE_CURVE('',#11191,#7353,#12060,.T.);
#12060 = LINE('',#12061,#12062);
#12061 = CARTESIAN_POINT('',(35.078147888184,16.307910919189,
    1.600000023842));
#12062 = VECTOR('',#12063,1.);
#12063 = DIRECTION('',(0.,0.,-1.));
#12064 = ORIENTED_EDGE('',*,*,#11190,.T.);
#12065 = ORIENTED_EDGE('',*,*,#12042,.F.);
#12066 = PLANE('',#12067);
#12067 = AXIS2_PLACEMENT_3D('',#12068,#12069,#12070);
#12068 = CARTESIAN_POINT('',(35.086334228516,16.256219863892,
    -0.249999940395));
#12069 = DIRECTION('',(0.987690461811,0.156421071624,0.));
#12070 = DIRECTION('',(-0.156421071624,0.987690461811,0.));
#12071 = ADVANCED_FACE('',(#12072),#12083,.T.);
#12072 = FACE_BOUND('',#12073,.T.);
#12073 = EDGE_LOOP('',(#12074,#12075,#12081,#12082));
#12074 = ORIENTED_EDGE('',*,*,#7352,.F.);
#12075 = ORIENTED_EDGE('',*,*,#12076,.F.);
#12076 = EDGE_CURVE('',#11199,#7345,#12077,.T.);
#12077 = LINE('',#12078,#12079);
#12078 = CARTESIAN_POINT('',(35.051055908203,16.409017562866,
    1.600000023842));
#12079 = VECTOR('',#12080,1.);
#12080 = DIRECTION('',(0.,0.,-1.));
#12081 = ORIENTED_EDGE('',*,*,#11198,.T.);
#12082 = ORIENTED_EDGE('',*,*,#12059,.T.);
#12083 = PLANE('',#12084);
#12084 = AXIS2_PLACEMENT_3D('',#12085,#12086,#12087);
#12085 = CARTESIAN_POINT('',(35.064601898193,16.358464241028,
    -0.249999940395));
#12086 = DIRECTION('',(0.965924545012,0.258823826847,0.));
#12087 = DIRECTION('',(-0.258823826847,0.965924545012,0.));
#12088 = ADVANCED_FACE('',(#12089),#12100,.T.);
#12089 = FACE_BOUND('',#12090,.T.);
#12090 = EDGE_LOOP('',(#12091,#12092,#12098,#12099));
#12091 = ORIENTED_EDGE('',*,*,#7344,.F.);
#12092 = ORIENTED_EDGE('',*,*,#12093,.T.);
#12093 = EDGE_CURVE('',#7337,#11207,#12094,.T.);
#12094 = LINE('',#12095,#12096);
#12095 = CARTESIAN_POINT('',(35.01354598999,16.506736755371,
    -2.099999904633));
#12096 = VECTOR('',#12097,1.);
#12097 = DIRECTION('',(0.,0.,1.));
#12098 = ORIENTED_EDGE('',*,*,#11206,.T.);
#12099 = ORIENTED_EDGE('',*,*,#12076,.T.);
#12100 = PLANE('',#12101);
#12101 = AXIS2_PLACEMENT_3D('',#12102,#12103,#12104);
#12102 = CARTESIAN_POINT('',(35.032300949097,16.457877159119,
    -0.249999940395));
#12103 = DIRECTION('',(0.93358351197,0.35835991151,0.));
#12104 = DIRECTION('',(-0.35835991151,0.93358351197,0.));
#12105 = ADVANCED_FACE('',(#12106),#12117,.T.);
#12106 = FACE_BOUND('',#12107,.T.);
#12107 = EDGE_LOOP('',(#12108,#12109,#12110,#12116));
#12108 = ORIENTED_EDGE('',*,*,#11754,.F.);
#12109 = ORIENTED_EDGE('',*,*,#11294,.T.);
#12110 = ORIENTED_EDGE('',*,*,#12111,.T.);
#12111 = EDGE_CURVE('',#11287,#7760,#12112,.T.);
#12112 = LINE('',#12113,#12114);
#12113 = CARTESIAN_POINT('',(34.204528808594,17.094522476196,
    1.600000023842));
#12114 = VECTOR('',#12115,1.);
#12115 = DIRECTION('',(0.,0.,-1.));
#12116 = ORIENTED_EDGE('',*,*,#7759,.F.);
#12117 = PLANE('',#12118);
#12118 = AXIS2_PLACEMENT_3D('',#12119,#12120,#12121);
#12119 = CARTESIAN_POINT('',(34.152263641357,17.097261428833,
    -0.249999940395));
#12120 = DIRECTION('',(5.233312258798E-02,0.998629683256,0.));
#12121 = DIRECTION('',(0.998629683256,-5.233312258798E-02,0.));
#12122 = ADVANCED_FACE('',(#12123),#12134,.T.);
#12123 = FACE_BOUND('',#12124,.T.);
#12124 = EDGE_LOOP('',(#12125,#12131,#12132,#12133));
#12125 = ORIENTED_EDGE('',*,*,#12126,.T.);
#12126 = EDGE_CURVE('',#11279,#7768,#12127,.T.);
#12127 = LINE('',#12128,#12129);
#12128 = CARTESIAN_POINT('',(34.307910919189,17.078147888184,
    1.600000023842));
#12129 = VECTOR('',#12130,1.);
#12130 = DIRECTION('',(0.,0.,-1.));
#12131 = ORIENTED_EDGE('',*,*,#7767,.F.);
#12132 = ORIENTED_EDGE('',*,*,#12111,.F.);
#12133 = ORIENTED_EDGE('',*,*,#11286,.T.);
#12134 = PLANE('',#12135);
#12135 = AXIS2_PLACEMENT_3D('',#12136,#12137,#12138);
#12136 = CARTESIAN_POINT('',(34.256219863892,17.08633518219,
    -0.249999940395));
#12137 = DIRECTION('',(0.15643884809,0.987687646378,0.));
#12138 = DIRECTION('',(0.987687646378,-0.15643884809,0.));
#12139 = ADVANCED_FACE('',(#12140),#12151,.T.);
#12140 = FACE_BOUND('',#12141,.T.);
#12141 = EDGE_LOOP('',(#12142,#12148,#12149,#12150));
#12142 = ORIENTED_EDGE('',*,*,#12143,.T.);
#12143 = EDGE_CURVE('',#11271,#7776,#12144,.T.);
#12144 = LINE('',#12145,#12146);
#12145 = CARTESIAN_POINT('',(34.409015655518,17.051055908203,
    1.600000023842));
#12146 = VECTOR('',#12147,1.);
#12147 = DIRECTION('',(0.,0.,-1.));
#12148 = ORIENTED_EDGE('',*,*,#7775,.F.);
#12149 = ORIENTED_EDGE('',*,*,#12126,.F.);
#12150 = ORIENTED_EDGE('',*,*,#11278,.T.);
#12151 = PLANE('',#12152);
#12152 = AXIS2_PLACEMENT_3D('',#12153,#12154,#12155);
#12153 = CARTESIAN_POINT('',(34.358463287354,17.064601898193,
    -0.249999940395));
#12154 = DIRECTION('',(0.258828382477,0.965923324299,0.));
#12155 = DIRECTION('',(0.965923324299,-0.258828382477,0.));
#12156 = ADVANCED_FACE('',(#12157),#12173,.T.);
#12157 = FACE_BOUND('',#12158,.T.);
#12158 = EDGE_LOOP('',(#12159,#12165,#12166,#12172));
#12159 = ORIENTED_EDGE('',*,*,#12160,.T.);
#12160 = EDGE_CURVE('',#7784,#11263,#12161,.T.);
#12161 = LINE('',#12162,#12163);
#12162 = CARTESIAN_POINT('',(34.506736755371,17.01354598999,
    -2.099999904633));
#12163 = VECTOR('',#12164,1.);
#12164 = DIRECTION('',(0.,0.,1.));
#12165 = ORIENTED_EDGE('',*,*,#11262,.T.);
#12166 = ORIENTED_EDGE('',*,*,#12167,.F.);
#12167 = EDGE_CURVE('',#7792,#11255,#12168,.T.);
#12168 = LINE('',#12169,#12170);
#12169 = CARTESIAN_POINT('',(34.599998474121,16.966026306152,
    -2.099999904633));
#12170 = VECTOR('',#12171,1.);
#12171 = DIRECTION('',(0.,0.,1.));
#12172 = ORIENTED_EDGE('',*,*,#7791,.F.);
#12173 = PLANE('',#12174);
#12174 = AXIS2_PLACEMENT_3D('',#12175,#12176,#12177);
#12175 = CARTESIAN_POINT('',(34.553367614746,16.989786148071,
    -0.249999940395));
#12176 = DIRECTION('',(0.453994024127,0.891004728414,0.));
#12177 = DIRECTION('',(0.891004728414,-0.453994024127,0.));
#12178 = ADVANCED_FACE('',(#12179),#12185,.T.);
#12179 = FACE_BOUND('',#12180,.T.);
#12180 = EDGE_LOOP('',(#12181,#12182,#12183,#12184));
#12181 = ORIENTED_EDGE('',*,*,#12143,.F.);
#12182 = ORIENTED_EDGE('',*,*,#11270,.T.);
#12183 = ORIENTED_EDGE('',*,*,#12160,.F.);
#12184 = ORIENTED_EDGE('',*,*,#7783,.F.);
#12185 = PLANE('',#12186);
#12186 = AXIS2_PLACEMENT_3D('',#12187,#12188,#12189);
#12187 = CARTESIAN_POINT('',(34.457876205444,17.032300949097,
    -0.249999940395));
#12188 = DIRECTION('',(0.358353815171,0.933585852052,0.));
#12189 = DIRECTION('',(0.933585852052,-0.358353815171,0.));
#12190 = ADVANCED_FACE('',(#12191),#12207,.T.);
#12191 = FACE_BOUND('',#12192,.T.);
#12192 = EDGE_LOOP('',(#12193,#12194,#12200,#12201));
#12193 = ORIENTED_EDGE('',*,*,#7815,.F.);
#12194 = ORIENTED_EDGE('',*,*,#12195,.T.);
#12195 = EDGE_CURVE('',#7808,#11239,#12196,.T.);
#12196 = LINE('',#12197,#12198);
#12197 = CARTESIAN_POINT('',(34.769130706787,16.843145370483,
    -2.099999904633));
#12198 = VECTOR('',#12199,1.);
#12199 = DIRECTION('',(0.,0.,1.));
#12200 = ORIENTED_EDGE('',*,*,#11238,.T.);
#12201 = ORIENTED_EDGE('',*,*,#12202,.T.);
#12202 = EDGE_CURVE('',#11231,#7816,#12203,.T.);
#12203 = LINE('',#12204,#12205);
#12204 = CARTESIAN_POINT('',(34.843143463135,16.769130706787,
    1.600000023842));
#12205 = VECTOR('',#12206,1.);
#12206 = DIRECTION('',(0.,0.,-1.));
#12207 = PLANE('',#12208);
#12208 = AXIS2_PLACEMENT_3D('',#12209,#12210,#12211);
#12209 = CARTESIAN_POINT('',(34.806137084961,16.806138038635,
    -0.249999940395));
#12210 = DIRECTION('',(0.707115892272,0.707097669984,0.));
#12211 = DIRECTION('',(-0.707097669984,0.707115892272,0.));
#12212 = ADVANCED_FACE('',(#12213),#12229,.T.);
#12213 = FACE_BOUND('',#12214,.T.);
#12214 = EDGE_LOOP('',(#12215,#12221,#12222,#12228));
#12215 = ORIENTED_EDGE('',*,*,#12216,.T.);
#12216 = EDGE_CURVE('',#7327,#11223,#12217,.T.);
#12217 = LINE('',#12218,#12219);
#12218 = CARTESIAN_POINT('',(34.909015655518,16.687786102295,
    -2.099999904633));
#12219 = VECTOR('',#12220,1.);
#12220 = DIRECTION('',(0.,0.,1.));
#12221 = ORIENTED_EDGE('',*,*,#11222,.T.);
#12222 = ORIENTED_EDGE('',*,*,#12223,.F.);
#12223 = EDGE_CURVE('',#7329,#11215,#12224,.T.);
#12224 = LINE('',#12225,#12226);
#12225 = CARTESIAN_POINT('',(34.966026306152,16.60000038147,
    -2.099999904633));
#12226 = VECTOR('',#12227,1.);
#12227 = DIRECTION('',(0.,0.,1.));
#12228 = ORIENTED_EDGE('',*,*,#7326,.F.);
#12229 = PLANE('',#12230);
#12230 = AXIS2_PLACEMENT_3D('',#12231,#12232,#12233);
#12231 = CARTESIAN_POINT('',(34.937520980835,16.643893241882,
    -0.249999940395));
#12232 = DIRECTION('',(0.838662115383,0.544652050599,0.));
#12233 = DIRECTION('',(-0.544652050599,0.838662115383,0.));
#12234 = ADVANCED_FACE('',(#12235),#12241,.T.);
#12235 = FACE_BOUND('',#12236,.T.);
#12236 = EDGE_LOOP('',(#12237,#12238,#12239,#12240));
#12237 = ORIENTED_EDGE('',*,*,#7336,.F.);
#12238 = ORIENTED_EDGE('',*,*,#12223,.T.);
#12239 = ORIENTED_EDGE('',*,*,#11214,.T.);
#12240 = ORIENTED_EDGE('',*,*,#12093,.F.);
#12241 = PLANE('',#12242);
#12242 = AXIS2_PLACEMENT_3D('',#12243,#12244,#12245);
#12243 = CARTESIAN_POINT('',(34.989786148071,16.55336856842,
    -0.249999940395));
#12244 = DIRECTION('',(0.891008484162,0.453986653055,0.));
#12245 = DIRECTION('',(-0.453986653055,0.891008484162,0.));
#12246 = ADVANCED_FACE('',(#12247),#12253,.T.);
#12247 = FACE_BOUND('',#12248,.T.);
#12248 = EDGE_LOOP('',(#12249,#12250,#12251,#12252));
#12249 = ORIENTED_EDGE('',*,*,#7823,.F.);
#12250 = ORIENTED_EDGE('',*,*,#12202,.F.);
#12251 = ORIENTED_EDGE('',*,*,#11230,.T.);
#12252 = ORIENTED_EDGE('',*,*,#12216,.F.);
#12253 = PLANE('',#12254);
#12254 = AXIS2_PLACEMENT_3D('',#12255,#12256,#12257);
#12255 = CARTESIAN_POINT('',(34.876079559326,16.728458404541,
    -0.249999940395));
#12256 = DIRECTION('',(0.777143015556,0.629324028917,0.));
#12257 = DIRECTION('',(-0.629324028917,0.777143015556,0.));
#12258 = ADVANCED_FACE('',(#12259),#12270,.T.);
#12259 = FACE_BOUND('',#12260,.T.);
#12260 = EDGE_LOOP('',(#12261,#12267,#12268,#12269));
#12261 = ORIENTED_EDGE('',*,*,#12262,.T.);
#12262 = EDGE_CURVE('',#11247,#7800,#12263,.T.);
#12263 = LINE('',#12264,#12265);
#12264 = CARTESIAN_POINT('',(34.687786102295,16.909017562866,
    1.600000023842));
#12265 = VECTOR('',#12266,1.);
#12266 = DIRECTION('',(0.,0.,-1.));
#12267 = ORIENTED_EDGE('',*,*,#7799,.F.);
#12268 = ORIENTED_EDGE('',*,*,#12167,.T.);
#12269 = ORIENTED_EDGE('',*,*,#11254,.T.);
#12270 = PLANE('',#12271);
#12271 = AXIS2_PLACEMENT_3D('',#12272,#12273,#12274);
#12272 = CARTESIAN_POINT('',(34.643892288208,16.937521934509,
    -0.249999940395));
#12273 = DIRECTION('',(0.544630910729,0.838675843863,0.));
#12274 = DIRECTION('',(0.838675843863,-0.544630910729,0.));
#12275 = ADVANCED_FACE('',(#12276),#12282,.T.);
#12276 = FACE_BOUND('',#12277,.T.);
#12277 = EDGE_LOOP('',(#12278,#12279,#12280,#12281));
#12278 = ORIENTED_EDGE('',*,*,#12195,.F.);
#12279 = ORIENTED_EDGE('',*,*,#7807,.F.);
#12280 = ORIENTED_EDGE('',*,*,#12262,.F.);
#12281 = ORIENTED_EDGE('',*,*,#11246,.T.);
#12282 = PLANE('',#12283);
#12283 = AXIS2_PLACEMENT_3D('',#12284,#12285,#12286);
#12284 = CARTESIAN_POINT('',(34.728458404541,16.876081466675,
    -0.249999940395));
#12285 = DIRECTION('',(0.629324028917,0.777143015556,0.));
#12286 = DIRECTION('',(0.777143015556,-0.629324028917,0.));
#12287 = ADVANCED_FACE('',(#12288),#12304,.T.);
#12288 = FACE_BOUND('',#12289,.T.);
#12289 = EDGE_LOOP('',(#12290,#12296,#12297,#12303));
#12290 = ORIENTED_EDGE('',*,*,#12291,.T.);
#12291 = EDGE_CURVE('',#8543,#1352,#12292,.T.);
#12292 = LINE('',#12293,#12294);
#12293 = CARTESIAN_POINT('',(26.215818405151,3.673053503036,
    -1.100000023842));
#12294 = VECTOR('',#12295,1.);
#12295 = DIRECTION('',(0.,0.,1.));
#12296 = ORIENTED_EDGE('',*,*,#1351,.T.);
#12297 = ORIENTED_EDGE('',*,*,#12298,.F.);
#12298 = EDGE_CURVE('',#8551,#1344,#12299,.T.);
#12299 = LINE('',#12300,#12301);
#12300 = CARTESIAN_POINT('',(26.065773010254,4.063931941986,
    -1.100000023842));
#12301 = VECTOR('',#12302,1.);
#12302 = DIRECTION('',(0.,0.,1.));
#12303 = ORIENTED_EDGE('',*,*,#8550,.F.);
#12304 = PLANE('',#12305);
#12305 = AXIS2_PLACEMENT_3D('',#12306,#12307,#12308);
#12306 = CARTESIAN_POINT('',(26.140795707703,3.868492722511,
    -0.600000012666));
#12307 = DIRECTION('',(-0.933579451525,-0.358370489425,-0.));
#12308 = DIRECTION('',(0.358370489425,-0.933579451525,0.));
#12309 = ADVANCED_FACE('',(#12310),#12321,.T.);
#12310 = FACE_BOUND('',#12311,.T.);
#12311 = EDGE_LOOP('',(#12312,#12313,#12314,#12320));
#12312 = ORIENTED_EDGE('',*,*,#12298,.T.);
#12313 = ORIENTED_EDGE('',*,*,#1343,.T.);
#12314 = ORIENTED_EDGE('',*,*,#12315,.F.);
#12315 = EDGE_CURVE('',#8559,#1336,#12316,.T.);
#12316 = LINE('',#12317,#12318);
#12317 = CARTESIAN_POINT('',(25.957408905029,4.468353271484,
    -1.100000023842));
#12318 = VECTOR('',#12319,1.);
#12319 = DIRECTION('',(0.,0.,1.));
#12320 = ORIENTED_EDGE('',*,*,#8558,.F.);
#12321 = PLANE('',#12322);
#12322 = AXIS2_PLACEMENT_3D('',#12323,#12324,#12325);
#12323 = CARTESIAN_POINT('',(26.011590957642,4.266142606735,
    -0.600000012666));
#12324 = DIRECTION('',(-0.965925983576,-0.2588184581,-0.));
#12325 = DIRECTION('',(0.2588184581,-0.965925983576,0.));
#12326 = ADVANCED_FACE('',(#12327),#12338,.T.);
#12327 = FACE_BOUND('',#12328,.T.);
#12328 = EDGE_LOOP('',(#12329,#12330,#12331,#12332));
#12329 = ORIENTED_EDGE('',*,*,#1359,.T.);
#12330 = ORIENTED_EDGE('',*,*,#12291,.F.);
#12331 = ORIENTED_EDGE('',*,*,#8542,.F.);
#12332 = ORIENTED_EDGE('',*,*,#12333,.T.);
#12333 = EDGE_CURVE('',#8535,#1360,#12334,.T.);
#12334 = LINE('',#12335,#12336);
#12335 = CARTESIAN_POINT('',(26.405899047852,3.299999952316,
    -1.100000023842));
#12336 = VECTOR('',#12337,1.);
#12337 = DIRECTION('',(0.,0.,1.));
#12338 = PLANE('',#12339);
#12339 = AXIS2_PLACEMENT_3D('',#12340,#12341,#12342);
#12340 = CARTESIAN_POINT('',(26.310858726501,3.486526727676,
    -0.600000012666));
#12341 = DIRECTION('',(-0.891006171951,-0.453991191043,-0.));
#12342 = DIRECTION('',(0.453991191043,-0.891006171951,0.));
#12343 = ADVANCED_FACE('',(#12344),#12355,.T.);
#12344 = FACE_BOUND('',#12345,.T.);
#12345 = EDGE_LOOP('',(#12346,#12347,#12348,#12354));
#12346 = ORIENTED_EDGE('',*,*,#12315,.T.);
#12347 = ORIENTED_EDGE('',*,*,#1335,.T.);
#12348 = ORIENTED_EDGE('',*,*,#12349,.F.);
#12349 = EDGE_CURVE('',#8567,#1328,#12350,.T.);
#12350 = LINE('',#12351,#12352);
#12351 = CARTESIAN_POINT('',(25.891912460327,4.881886005402,
    -1.100000023842));
#12352 = VECTOR('',#12353,1.);
#12353 = DIRECTION('',(0.,0.,1.));
#12354 = ORIENTED_EDGE('',*,*,#8566,.F.);
#12355 = PLANE('',#12356);
#12356 = AXIS2_PLACEMENT_3D('',#12357,#12358,#12359);
#12357 = CARTESIAN_POINT('',(25.924660682678,4.675119638443,
    -0.600000012666));
#12358 = DIRECTION('',(-0.987688601098,-0.15643282028,-0.));
#12359 = DIRECTION('',(0.15643282028,-0.987688601098,0.));
#12360 = ADVANCED_FACE('',(#12361),#12372,.T.);
#12361 = FACE_BOUND('',#12362,.T.);
#12362 = EDGE_LOOP('',(#12363,#12364,#12365,#12371));
#12363 = ORIENTED_EDGE('',*,*,#12349,.T.);
#12364 = ORIENTED_EDGE('',*,*,#1327,.T.);
#12365 = ORIENTED_EDGE('',*,*,#12366,.F.);
#12366 = EDGE_CURVE('',#8575,#1320,#12367,.T.);
#12367 = LINE('',#12368,#12369);
#12368 = CARTESIAN_POINT('',(25.870000839233,5.300000190735,
    -1.100000023842));
#12369 = VECTOR('',#12370,1.);
#12370 = DIRECTION('',(0.,0.,1.));
#12371 = ORIENTED_EDGE('',*,*,#8574,.F.);
#12372 = PLANE('',#12373);
#12373 = AXIS2_PLACEMENT_3D('',#12374,#12375,#12376);
#12374 = CARTESIAN_POINT('',(25.88095664978,5.090943098068,
    -0.600000012666));
#12375 = DIRECTION('',(-0.998629636469,-5.233401538351E-02,-0.));
#12376 = DIRECTION('',(5.233401538351E-02,-0.998629636469,0.));
#12377 = ADVANCED_FACE('',(#12378),#12389,.T.);
#12378 = FACE_BOUND('',#12379,.T.);
#12379 = EDGE_LOOP('',(#12380,#12381,#12382,#12388));
#12380 = ORIENTED_EDGE('',*,*,#12366,.T.);
#12381 = ORIENTED_EDGE('',*,*,#1319,.T.);
#12382 = ORIENTED_EDGE('',*,*,#12383,.F.);
#12383 = EDGE_CURVE('',#8583,#1312,#12384,.T.);
#12384 = LINE('',#12385,#12386);
#12385 = CARTESIAN_POINT('',(25.891912460327,5.718113899231,
    -1.100000023842));
#12386 = VECTOR('',#12387,1.);
#12387 = DIRECTION('',(0.,0.,1.));
#12388 = ORIENTED_EDGE('',*,*,#8582,.F.);
#12389 = PLANE('',#12390);
#12390 = AXIS2_PLACEMENT_3D('',#12391,#12392,#12393);
#12391 = CARTESIAN_POINT('',(25.88095664978,5.509057044983,
    -0.600000012666));
#12392 = DIRECTION('',(-0.99862963335,5.233407490429E-02,0.));
#12393 = DIRECTION('',(-5.233407490429E-02,-0.99862963335,0.));
#12394 = ADVANCED_FACE('',(#12395),#12406,.T.);
#12395 = FACE_BOUND('',#12396,.T.);
#12396 = EDGE_LOOP('',(#12397,#12398,#12399,#12405));
#12397 = ORIENTED_EDGE('',*,*,#12383,.T.);
#12398 = ORIENTED_EDGE('',*,*,#1311,.T.);
#12399 = ORIENTED_EDGE('',*,*,#12400,.F.);
#12400 = EDGE_CURVE('',#8591,#1304,#12401,.T.);
#12401 = LINE('',#12402,#12403);
#12402 = CARTESIAN_POINT('',(25.957408905029,6.131646633148,
    -1.100000023842));
#12403 = VECTOR('',#12404,1.);
#12404 = DIRECTION('',(0.,0.,1.));
#12405 = ORIENTED_EDGE('',*,*,#8590,.F.);
#12406 = PLANE('',#12407);
#12407 = AXIS2_PLACEMENT_3D('',#12408,#12409,#12410);
#12408 = CARTESIAN_POINT('',(25.924660682678,5.92488026619,
    -0.600000012666));
#12409 = DIRECTION('',(-0.987688601098,0.15643282028,0.));
#12410 = DIRECTION('',(-0.15643282028,-0.987688601098,0.));
#12411 = ADVANCED_FACE('',(#12412),#12423,.T.);
#12412 = FACE_BOUND('',#12413,.T.);
#12413 = EDGE_LOOP('',(#12414,#12415,#12416,#12422));
#12414 = ORIENTED_EDGE('',*,*,#12400,.T.);
#12415 = ORIENTED_EDGE('',*,*,#1303,.T.);
#12416 = ORIENTED_EDGE('',*,*,#12417,.F.);
#12417 = EDGE_CURVE('',#8599,#1296,#12418,.T.);
#12418 = LINE('',#12419,#12420);
#12419 = CARTESIAN_POINT('',(26.065773010254,6.536067962646,
    -1.100000023842));
#12420 = VECTOR('',#12421,1.);
#12421 = DIRECTION('',(0.,0.,1.));
#12422 = ORIENTED_EDGE('',*,*,#8598,.F.);
#12423 = PLANE('',#12424);
#12424 = AXIS2_PLACEMENT_3D('',#12425,#12426,#12427);
#12425 = CARTESIAN_POINT('',(26.011590957642,6.333857297897,
    -0.600000012666));
#12426 = DIRECTION('',(-0.965925983576,0.2588184581,0.));
#12427 = DIRECTION('',(-0.2588184581,-0.965925983576,0.));
#12428 = ADVANCED_FACE('',(#12429),#12440,.T.);
#12429 = FACE_BOUND('',#12430,.T.);
#12430 = EDGE_LOOP('',(#12431,#12432,#12433,#12439));
#12431 = ORIENTED_EDGE('',*,*,#12417,.T.);
#12432 = ORIENTED_EDGE('',*,*,#1295,.T.);
#12433 = ORIENTED_EDGE('',*,*,#12434,.F.);
#12434 = EDGE_CURVE('',#8607,#1288,#12435,.T.);
#12435 = LINE('',#12436,#12437);
#12436 = CARTESIAN_POINT('',(26.215818405151,6.926946640015,
    -1.100000023842));
#12437 = VECTOR('',#12438,1.);
#12438 = DIRECTION('',(0.,0.,1.));
#12439 = ORIENTED_EDGE('',*,*,#8606,.F.);
#12440 = PLANE('',#12441);
#12441 = AXIS2_PLACEMENT_3D('',#12442,#12443,#12444);
#12442 = CARTESIAN_POINT('',(26.140795707703,6.731507301331,
    -0.600000012666));
#12443 = DIRECTION('',(-0.933579524658,0.358370298909,0.));
#12444 = DIRECTION('',(-0.358370298909,-0.933579524658,0.));
#12445 = ADVANCED_FACE('',(#12446),#12457,.T.);
#12446 = FACE_BOUND('',#12447,.T.);
#12447 = EDGE_LOOP('',(#12448,#12449,#12450,#12456));
#12448 = ORIENTED_EDGE('',*,*,#12434,.T.);
#12449 = ORIENTED_EDGE('',*,*,#1287,.T.);
#12450 = ORIENTED_EDGE('',*,*,#12451,.F.);
#12451 = EDGE_CURVE('',#8615,#1280,#12452,.T.);
#12452 = LINE('',#12453,#12454);
#12453 = CARTESIAN_POINT('',(26.405899047852,7.300000190735,
    -1.100000023842));
#12454 = VECTOR('',#12455,1.);
#12455 = DIRECTION('',(0.,0.,1.));
#12456 = ORIENTED_EDGE('',*,*,#8614,.F.);
#12457 = PLANE('',#12458);
#12458 = AXIS2_PLACEMENT_3D('',#12459,#12460,#12461);
#12459 = CARTESIAN_POINT('',(26.310858726501,7.113473415375,
    -0.600000012666));
#12460 = DIRECTION('',(-0.891006171951,0.453991191043,0.));
#12461 = DIRECTION('',(-0.453991191043,-0.891006171951,0.));
#12462 = ADVANCED_FACE('',(#12463),#12479,.T.);
#12463 = FACE_BOUND('',#12464,.T.);
#12464 = EDGE_LOOP('',(#12465,#12466,#12472,#12473));
#12465 = ORIENTED_EDGE('',*,*,#8486,.F.);
#12466 = ORIENTED_EDGE('',*,*,#12467,.T.);
#12467 = EDGE_CURVE('',#8479,#1416,#12468,.T.);
#12468 = LINE('',#12469,#12470);
#12469 = CARTESIAN_POINT('',(28.633932113647,1.495773911476,
    -1.100000023842));
#12470 = VECTOR('',#12471,1.);
#12471 = DIRECTION('',(0.,0.,1.));
#12472 = ORIENTED_EDGE('',*,*,#1415,.T.);
#12473 = ORIENTED_EDGE('',*,*,#12474,.F.);
#12474 = EDGE_CURVE('',#8487,#1408,#12475,.T.);
#12475 = LINE('',#12476,#12477);
#12476 = CARTESIAN_POINT('',(28.243053436279,1.645818114281,
    -1.100000023842));
#12477 = VECTOR('',#12478,1.);
#12478 = DIRECTION('',(0.,0.,1.));
#12479 = PLANE('',#12480);
#12480 = AXIS2_PLACEMENT_3D('',#12481,#12482,#12483);
#12481 = CARTESIAN_POINT('',(28.438492774963,1.570796012878,
    -0.600000012666));
#12482 = DIRECTION('',(-0.35836781736,-0.933580477238,-0.));
#12483 = DIRECTION('',(-0.933580477238,0.35836781736,0.));
#12484 = ADVANCED_FACE('',(#12485),#12501,.T.);
#12485 = FACE_BOUND('',#12486,.T.);
#12486 = EDGE_LOOP('',(#12487,#12493,#12494,#12500));
#12487 = ORIENTED_EDGE('',*,*,#12488,.T.);
#12488 = EDGE_CURVE('',#8495,#1400,#12489,.T.);
#12489 = LINE('',#12490,#12491);
#12490 = CARTESIAN_POINT('',(27.870000839233,1.835898399353,
    -1.100000023842));
#12491 = VECTOR('',#12492,1.);
#12492 = DIRECTION('',(0.,0.,1.));
#12493 = ORIENTED_EDGE('',*,*,#1399,.T.);
#12494 = ORIENTED_EDGE('',*,*,#12495,.F.);
#12495 = EDGE_CURVE('',#8503,#1392,#12496,.T.);
#12496 = LINE('',#12497,#12498);
#12497 = CARTESIAN_POINT('',(27.518859863281,2.063931941986,
    -1.100000023842));
#12498 = VECTOR('',#12499,1.);
#12499 = DIRECTION('',(0.,0.,1.));
#12500 = ORIENTED_EDGE('',*,*,#8502,.F.);
#12501 = PLANE('',#12502);
#12502 = AXIS2_PLACEMENT_3D('',#12503,#12504,#12505);
#12503 = CARTESIAN_POINT('',(27.694430351257,1.94991517067,
    -0.600000012666));
#12504 = DIRECTION('',(-0.544638911652,-0.838670648058,-0.));
#12505 = DIRECTION('',(-0.838670648058,0.544638911652,0.));
#12506 = ADVANCED_FACE('',(#12507),#12513,.T.);
#12507 = FACE_BOUND('',#12508,.T.);
#12508 = EDGE_LOOP('',(#12509,#12510,#12511,#12512));
#12509 = ORIENTED_EDGE('',*,*,#8494,.F.);
#12510 = ORIENTED_EDGE('',*,*,#12474,.T.);
#12511 = ORIENTED_EDGE('',*,*,#1407,.T.);
#12512 = ORIENTED_EDGE('',*,*,#12488,.F.);
#12513 = PLANE('',#12514);
#12514 = AXIS2_PLACEMENT_3D('',#12515,#12516,#12517);
#12515 = CARTESIAN_POINT('',(28.056527137756,1.740858256817,
    -0.600000012666));
#12516 = DIRECTION('',(-0.453991434308,-0.891006048001,-0.));
#12517 = DIRECTION('',(-0.891006048001,0.453991434308,0.));
#12518 = ADVANCED_FACE('',(#12519),#12530,.T.);
#12519 = FACE_BOUND('',#12520,.T.);
#12520 = EDGE_LOOP('',(#12521,#12522,#12528,#12529));
#12521 = ORIENTED_EDGE('',*,*,#8478,.F.);
#12522 = ORIENTED_EDGE('',*,*,#12523,.T.);
#12523 = EDGE_CURVE('',#8471,#1424,#12524,.T.);
#12524 = LINE('',#12525,#12526);
#12525 = CARTESIAN_POINT('',(29.038352966309,1.387409567833,
    -1.100000023842));
#12526 = VECTOR('',#12527,1.);
#12527 = DIRECTION('',(0.,0.,1.));
#12528 = ORIENTED_EDGE('',*,*,#1423,.T.);
#12529 = ORIENTED_EDGE('',*,*,#12467,.F.);
#12530 = PLANE('',#12531);
#12531 = AXIS2_PLACEMENT_3D('',#12532,#12533,#12534);
#12532 = CARTESIAN_POINT('',(28.836142539978,1.441591739655,
    -0.600000012666));
#12533 = DIRECTION('',(-0.258819274118,-0.965925764924,-0.));
#12534 = DIRECTION('',(-0.965925764924,0.258819274118,0.));
#12535 = ADVANCED_FACE('',(#12536),#12547,.T.);
#12536 = FACE_BOUND('',#12537,.T.);
#12537 = EDGE_LOOP('',(#12538,#12539,#12545,#12546));
#12538 = ORIENTED_EDGE('',*,*,#8470,.F.);
#12539 = ORIENTED_EDGE('',*,*,#12540,.T.);
#12540 = EDGE_CURVE('',#8463,#1432,#12541,.T.);
#12541 = LINE('',#12542,#12543);
#12542 = CARTESIAN_POINT('',(29.451885223389,1.321912407875,
    -1.100000023842));
#12543 = VECTOR('',#12544,1.);
#12544 = DIRECTION('',(0.,0.,1.));
#12545 = ORIENTED_EDGE('',*,*,#1431,.T.);
#12546 = ORIENTED_EDGE('',*,*,#12523,.F.);
#12547 = PLANE('',#12548);
#12548 = AXIS2_PLACEMENT_3D('',#12549,#12550,#12551);
#12549 = CARTESIAN_POINT('',(29.245119094849,1.354660987854,
    -0.600000012666));
#12550 = DIRECTION('',(-0.156434662771,-0.987688309278,-0.));
#12551 = DIRECTION('',(-0.987688309278,0.156434662771,0.));
#12552 = ADVANCED_FACE('',(#12553),#12564,.T.);
#12553 = FACE_BOUND('',#12554,.T.);
#12554 = EDGE_LOOP('',(#12555,#12556,#12562,#12563));
#12555 = ORIENTED_EDGE('',*,*,#8462,.F.);
#12556 = ORIENTED_EDGE('',*,*,#12557,.T.);
#12557 = EDGE_CURVE('',#8455,#1440,#12558,.T.);
#12558 = LINE('',#12559,#12560);
#12559 = CARTESIAN_POINT('',(29.870000839233,1.299999952316,
    -1.100000023842));
#12560 = VECTOR('',#12561,1.);
#12561 = DIRECTION('',(0.,0.,1.));
#12562 = ORIENTED_EDGE('',*,*,#1439,.T.);
#12563 = ORIENTED_EDGE('',*,*,#12540,.F.);
#12564 = PLANE('',#12565);
#12565 = AXIS2_PLACEMENT_3D('',#12566,#12567,#12568);
#12566 = CARTESIAN_POINT('',(29.660943031311,1.310956180096,
    -0.600000012666));
#12567 = DIRECTION('',(-5.233582440394E-02,-0.998629541664,-0.));
#12568 = DIRECTION('',(-0.998629541664,5.233582440394E-02,0.));
#12569 = ADVANCED_FACE('',(#12570),#12581,.T.);
#12570 = FACE_BOUND('',#12571,.T.);
#12571 = EDGE_LOOP('',(#12572,#12573,#12574,#12580));
#12572 = ORIENTED_EDGE('',*,*,#12495,.T.);
#12573 = ORIENTED_EDGE('',*,*,#1391,.T.);
#12574 = ORIENTED_EDGE('',*,*,#12575,.F.);
#12575 = EDGE_CURVE('',#8511,#1384,#12576,.T.);
#12576 = LINE('',#12577,#12578);
#12577 = CARTESIAN_POINT('',(27.193477630615,2.327420711517,
    -1.100000023842));
#12578 = VECTOR('',#12579,1.);
#12579 = DIRECTION('',(0.,0.,1.));
#12580 = ORIENTED_EDGE('',*,*,#8510,.F.);
#12581 = PLANE('',#12582);
#12582 = AXIS2_PLACEMENT_3D('',#12583,#12584,#12585);
#12583 = CARTESIAN_POINT('',(27.356168746948,2.195676326752,
    -0.600000012666));
#12584 = DIRECTION('',(-0.629319572914,-0.77714662397,-0.));
#12585 = DIRECTION('',(-0.77714662397,0.629319572914,0.));
#12586 = ADVANCED_FACE('',(#12587),#12598,.T.);
#12587 = FACE_BOUND('',#12588,.T.);
#12588 = EDGE_LOOP('',(#12589,#12590,#12591,#12597));
#12589 = ORIENTED_EDGE('',*,*,#12575,.T.);
#12590 = ORIENTED_EDGE('',*,*,#1383,.T.);
#12591 = ORIENTED_EDGE('',*,*,#12592,.F.);
#12592 = EDGE_CURVE('',#8519,#1376,#12593,.T.);
#12593 = LINE('',#12594,#12595);
#12594 = CARTESIAN_POINT('',(26.897420883179,2.623477458954,
    -1.100000023842));
#12595 = VECTOR('',#12596,1.);
#12596 = DIRECTION('',(0.,0.,1.));
#12597 = ORIENTED_EDGE('',*,*,#8518,.F.);
#12598 = PLANE('',#12599);
#12599 = AXIS2_PLACEMENT_3D('',#12600,#12601,#12602);
#12600 = CARTESIAN_POINT('',(27.045449256897,2.475449085236,
    -0.600000012666));
#12601 = DIRECTION('',(-0.707106781187,-0.707106781187,-0.));
#12602 = DIRECTION('',(-0.707106781187,0.707106781187,0.));
#12603 = ADVANCED_FACE('',(#12604),#12615,.T.);
#12604 = FACE_BOUND('',#12605,.T.);
#12605 = EDGE_LOOP('',(#12606,#12607,#12608,#12614));
#12606 = ORIENTED_EDGE('',*,*,#12592,.T.);
#12607 = ORIENTED_EDGE('',*,*,#1375,.T.);
#12608 = ORIENTED_EDGE('',*,*,#12609,.F.);
#12609 = EDGE_CURVE('',#8527,#1368,#12610,.T.);
#12610 = LINE('',#12611,#12612);
#12611 = CARTESIAN_POINT('',(26.633932113647,2.948858976364,
    -1.100000023842));
#12612 = VECTOR('',#12613,1.);
#12613 = DIRECTION('',(0.,0.,1.));
#12614 = ORIENTED_EDGE('',*,*,#8526,.F.);
#12615 = PLANE('',#12616);
#12616 = AXIS2_PLACEMENT_3D('',#12617,#12618,#12619);
#12617 = CARTESIAN_POINT('',(26.765676498413,2.786168217659,
    -0.600000012666));
#12618 = DIRECTION('',(-0.777145947398,-0.629320408411,-0.));
#12619 = DIRECTION('',(0.629320408411,-0.777145947398,0.));
#12620 = ADVANCED_FACE('',(#12621),#12627,.T.);
#12621 = FACE_BOUND('',#12622,.T.);
#12622 = EDGE_LOOP('',(#12623,#12624,#12625,#12626));
#12623 = ORIENTED_EDGE('',*,*,#12609,.T.);
#12624 = ORIENTED_EDGE('',*,*,#1367,.T.);
#12625 = ORIENTED_EDGE('',*,*,#12333,.F.);
#12626 = ORIENTED_EDGE('',*,*,#8534,.F.);
#12627 = PLANE('',#12628);
#12628 = AXIS2_PLACEMENT_3D('',#12629,#12630,#12631);
#12629 = CARTESIAN_POINT('',(26.51991558075,3.12442946434,
    -0.600000012666));
#12630 = DIRECTION('',(-0.83867116827,-0.544638110595,-0.));
#12631 = DIRECTION('',(0.544638110595,-0.83867116827,0.));
#12632 = ADVANCED_FACE('',(#12633),#12644,.T.);
#12633 = FACE_BOUND('',#12634,.T.);
#12634 = EDGE_LOOP('',(#12635,#12636,#12637,#12643));
#12635 = ORIENTED_EDGE('',*,*,#12451,.T.);
#12636 = ORIENTED_EDGE('',*,*,#1279,.T.);
#12637 = ORIENTED_EDGE('',*,*,#12638,.F.);
#12638 = EDGE_CURVE('',#8623,#1272,#12639,.T.);
#12639 = LINE('',#12640,#12641);
#12640 = CARTESIAN_POINT('',(26.633932113647,7.651141166687,
    -1.100000023842));
#12641 = VECTOR('',#12642,1.);
#12642 = DIRECTION('',(0.,0.,1.));
#12643 = ORIENTED_EDGE('',*,*,#8622,.F.);
#12644 = PLANE('',#12645);
#12645 = AXIS2_PLACEMENT_3D('',#12646,#12647,#12648);
#12646 = CARTESIAN_POINT('',(26.51991558075,7.475570678711,
    -0.600000012666));
#12647 = DIRECTION('',(-0.83867116827,0.544638110595,0.));
#12648 = DIRECTION('',(-0.544638110595,-0.83867116827,0.));
#12649 = ADVANCED_FACE('',(#12650),#12661,.T.);
#12650 = FACE_BOUND('',#12651,.T.);
#12651 = EDGE_LOOP('',(#12652,#12653,#12654,#12660));
#12652 = ORIENTED_EDGE('',*,*,#12638,.T.);
#12653 = ORIENTED_EDGE('',*,*,#1271,.T.);
#12654 = ORIENTED_EDGE('',*,*,#12655,.F.);
#12655 = EDGE_CURVE('',#8631,#1264,#12656,.T.);
#12656 = LINE('',#12657,#12658);
#12657 = CARTESIAN_POINT('',(26.897420883179,7.976522445679,
    -1.100000023842));
#12658 = VECTOR('',#12659,1.);
#12659 = DIRECTION('',(0.,0.,1.));
#12660 = ORIENTED_EDGE('',*,*,#8630,.F.);
#12661 = PLANE('',#12662);
#12662 = AXIS2_PLACEMENT_3D('',#12663,#12664,#12665);
#12663 = CARTESIAN_POINT('',(26.765676498413,7.813831806183,
    -0.600000012666));
#12664 = DIRECTION('',(-0.777145721874,0.629320686911,0.));
#12665 = DIRECTION('',(-0.629320686911,-0.777145721874,0.));
#12666 = ADVANCED_FACE('',(#12667),#12678,.T.);
#12667 = FACE_BOUND('',#12668,.T.);
#12668 = EDGE_LOOP('',(#12669,#12670,#12671,#12677));
#12669 = ORIENTED_EDGE('',*,*,#12655,.T.);
#12670 = ORIENTED_EDGE('',*,*,#1263,.T.);
#12671 = ORIENTED_EDGE('',*,*,#12672,.F.);
#12672 = EDGE_CURVE('',#8639,#1256,#12673,.T.);
#12673 = LINE('',#12674,#12675);
#12674 = CARTESIAN_POINT('',(27.193477630615,8.272579193115,
    -1.100000023842));
#12675 = VECTOR('',#12676,1.);
#12676 = DIRECTION('',(0.,0.,1.));
#12677 = ORIENTED_EDGE('',*,*,#8638,.F.);
#12678 = PLANE('',#12679);
#12679 = AXIS2_PLACEMENT_3D('',#12680,#12681,#12682);
#12680 = CARTESIAN_POINT('',(27.045449256897,8.124550819397,
    -0.600000012666));
#12681 = DIRECTION('',(-0.707106781187,0.707106781187,0.));
#12682 = DIRECTION('',(-0.707106781187,-0.707106781187,0.));
#12683 = ADVANCED_FACE('',(#12684),#12695,.T.);
#12684 = FACE_BOUND('',#12685,.T.);
#12685 = EDGE_LOOP('',(#12686,#12687,#12688,#12694));
#12686 = ORIENTED_EDGE('',*,*,#12672,.T.);
#12687 = ORIENTED_EDGE('',*,*,#1255,.T.);
#12688 = ORIENTED_EDGE('',*,*,#12689,.T.);
#12689 = EDGE_CURVE('',#1248,#8647,#12690,.T.);
#12690 = LINE('',#12691,#12692);
#12691 = CARTESIAN_POINT('',(27.518859863281,8.536067962646,
    -0.10000000149));
#12692 = VECTOR('',#12693,1.);
#12693 = DIRECTION('',(0.,0.,-1.));
#12694 = ORIENTED_EDGE('',*,*,#8646,.F.);
#12695 = PLANE('',#12696);
#12696 = AXIS2_PLACEMENT_3D('',#12697,#12698,#12699);
#12697 = CARTESIAN_POINT('',(27.356168746948,8.404323577881,
    -0.600000012666));
#12698 = DIRECTION('',(-0.629319572914,0.77714662397,0.));
#12699 = DIRECTION('',(0.77714662397,0.629319572914,0.));
#12700 = ADVANCED_FACE('',(#12701),#12712,.T.);
#12701 = FACE_BOUND('',#12702,.T.);
#12702 = EDGE_LOOP('',(#12703,#12704,#12705,#12711));
#12703 = ORIENTED_EDGE('',*,*,#12689,.F.);
#12704 = ORIENTED_EDGE('',*,*,#1247,.T.);
#12705 = ORIENTED_EDGE('',*,*,#12706,.F.);
#12706 = EDGE_CURVE('',#8655,#1240,#12707,.T.);
#12707 = LINE('',#12708,#12709);
#12708 = CARTESIAN_POINT('',(27.870000839233,8.764101982117,
    -1.100000023842));
#12709 = VECTOR('',#12710,1.);
#12710 = DIRECTION('',(0.,0.,1.));
#12711 = ORIENTED_EDGE('',*,*,#8654,.F.);
#12712 = PLANE('',#12713);
#12713 = AXIS2_PLACEMENT_3D('',#12714,#12715,#12716);
#12714 = CARTESIAN_POINT('',(27.694430351257,8.650084972382,
    -0.600000012666));
#12715 = DIRECTION('',(-0.544639712708,0.838670127846,0.));
#12716 = DIRECTION('',(0.838670127846,0.544639712708,0.));
#12717 = ADVANCED_FACE('',(#12718),#12729,.T.);
#12718 = FACE_BOUND('',#12719,.T.);
#12719 = EDGE_LOOP('',(#12720,#12721,#12722,#12728));
#12720 = ORIENTED_EDGE('',*,*,#12706,.T.);
#12721 = ORIENTED_EDGE('',*,*,#1239,.T.);
#12722 = ORIENTED_EDGE('',*,*,#12723,.F.);
#12723 = EDGE_CURVE('',#8663,#1232,#12724,.T.);
#12724 = LINE('',#12725,#12726);
#12725 = CARTESIAN_POINT('',(28.243053436279,8.954181671143,
    -1.100000023842));
#12726 = VECTOR('',#12727,1.);
#12727 = DIRECTION('',(0.,0.,1.));
#12728 = ORIENTED_EDGE('',*,*,#8662,.F.);
#12729 = PLANE('',#12730);
#12730 = AXIS2_PLACEMENT_3D('',#12731,#12732,#12733);
#12731 = CARTESIAN_POINT('',(28.056527137756,8.85914182663,
    -0.600000012666));
#12732 = DIRECTION('',(-0.453990304116,0.891006623864,0.));
#12733 = DIRECTION('',(0.891006623864,0.453990304116,0.));
#12734 = ADVANCED_FACE('',(#12735),#12746,.T.);
#12735 = FACE_BOUND('',#12736,.T.);
#12736 = EDGE_LOOP('',(#12737,#12738,#12739,#12745));
#12737 = ORIENTED_EDGE('',*,*,#12723,.T.);
#12738 = ORIENTED_EDGE('',*,*,#1231,.T.);
#12739 = ORIENTED_EDGE('',*,*,#12740,.F.);
#12740 = EDGE_CURVE('',#8671,#1224,#12741,.T.);
#12741 = LINE('',#12742,#12743);
#12742 = CARTESIAN_POINT('',(28.633932113647,9.104226112366,
    -1.100000023842));
#12743 = VECTOR('',#12744,1.);
#12744 = DIRECTION('',(0.,0.,1.));
#12745 = ORIENTED_EDGE('',*,*,#8670,.F.);
#12746 = PLANE('',#12747);
#12747 = AXIS2_PLACEMENT_3D('',#12748,#12749,#12750);
#12748 = CARTESIAN_POINT('',(28.438492774963,9.029203891754,
    -0.600000012666));
#12749 = DIRECTION('',(-0.358368313671,0.933580286723,0.));
#12750 = DIRECTION('',(0.933580286723,0.358368313671,0.));
#12751 = ADVANCED_FACE('',(#12752),#12763,.T.);
#12752 = FACE_BOUND('',#12753,.T.);
#12753 = EDGE_LOOP('',(#12754,#12755,#12756,#12762));
#12754 = ORIENTED_EDGE('',*,*,#12740,.T.);
#12755 = ORIENTED_EDGE('',*,*,#1223,.T.);
#12756 = ORIENTED_EDGE('',*,*,#12757,.F.);
#12757 = EDGE_CURVE('',#8679,#1216,#12758,.T.);
#12758 = LINE('',#12759,#12760);
#12759 = CARTESIAN_POINT('',(29.038352966309,9.21259021759,
    -1.100000023842));
#12760 = VECTOR('',#12761,1.);
#12761 = DIRECTION('',(0.,0.,1.));
#12762 = ORIENTED_EDGE('',*,*,#8678,.F.);
#12763 = PLANE('',#12764);
#12764 = AXIS2_PLACEMENT_3D('',#12765,#12766,#12767);
#12765 = CARTESIAN_POINT('',(28.836142539978,9.158408164978,
    -0.600000012666));
#12766 = DIRECTION('',(-0.258818742821,0.965925907285,0.));
#12767 = DIRECTION('',(0.965925907285,0.258818742821,0.));
#12768 = ADVANCED_FACE('',(#12769),#12780,.T.);
#12769 = FACE_BOUND('',#12770,.T.);
#12770 = EDGE_LOOP('',(#12771,#12772,#12773,#12779));
#12771 = ORIENTED_EDGE('',*,*,#12757,.T.);
#12772 = ORIENTED_EDGE('',*,*,#1215,.T.);
#12773 = ORIENTED_EDGE('',*,*,#12774,.F.);
#12774 = EDGE_CURVE('',#8687,#1208,#12775,.T.);
#12775 = LINE('',#12776,#12777);
#12776 = CARTESIAN_POINT('',(29.451885223389,9.278087615967,
    -1.100000023842));
#12777 = VECTOR('',#12778,1.);
#12778 = DIRECTION('',(0.,0.,1.));
#12779 = ORIENTED_EDGE('',*,*,#8686,.F.);
#12780 = PLANE('',#12781);
#12781 = AXIS2_PLACEMENT_3D('',#12782,#12783,#12784);
#12782 = CARTESIAN_POINT('',(29.245119094849,9.245338916779,
    -0.600000012666));
#12783 = DIRECTION('',(-0.156435218279,0.987688221294,0.));
#12784 = DIRECTION('',(0.987688221294,0.156435218279,0.));
#12785 = ADVANCED_FACE('',(#12786),#12797,.T.);
#12786 = FACE_BOUND('',#12787,.T.);
#12787 = EDGE_LOOP('',(#12788,#12789,#12790,#12796));
#12788 = ORIENTED_EDGE('',*,*,#12774,.T.);
#12789 = ORIENTED_EDGE('',*,*,#1207,.T.);
#12790 = ORIENTED_EDGE('',*,*,#12791,.T.);
#12791 = EDGE_CURVE('',#1200,#8695,#12792,.T.);
#12792 = LINE('',#12793,#12794);
#12793 = CARTESIAN_POINT('',(29.870000839233,9.300000190735,
    -0.10000000149));
#12794 = VECTOR('',#12795,1.);
#12795 = DIRECTION('',(0.,0.,-1.));
#12796 = ORIENTED_EDGE('',*,*,#8694,.F.);
#12797 = PLANE('',#12798);
#12798 = AXIS2_PLACEMENT_3D('',#12799,#12800,#12801);
#12799 = CARTESIAN_POINT('',(29.660943031311,9.289043903351,
    -0.600000012666));
#12800 = DIRECTION('',(-5.233610834417E-02,0.998629526783,0.));
#12801 = DIRECTION('',(0.998629526783,5.233610834417E-02,0.));
#12802 = ADVANCED_FACE('',(#12803),#12819,.T.);
#12803 = FACE_BOUND('',#12804,.T.);
#12804 = EDGE_LOOP('',(#12805,#12806,#12812,#12813));
#12805 = ORIENTED_EDGE('',*,*,#8974,.F.);
#12806 = ORIENTED_EDGE('',*,*,#12807,.T.);
#12807 = EDGE_CURVE('',#8967,#928,#12808,.T.);
#12808 = LINE('',#12809,#12810);
#12809 = CARTESIAN_POINT('',(-29.45188522338,1.321912407875,
    -1.100000023842));
#12810 = VECTOR('',#12811,1.);
#12811 = DIRECTION('',(0.,0.,1.));
#12812 = ORIENTED_EDGE('',*,*,#927,.T.);
#12813 = ORIENTED_EDGE('',*,*,#12814,.T.);
#12814 = EDGE_CURVE('',#918,#8975,#12815,.T.);
#12815 = LINE('',#12816,#12817);
#12816 = CARTESIAN_POINT('',(-29.87000083923,1.299999952316,
    -0.10000000149));
#12817 = VECTOR('',#12818,1.);
#12818 = DIRECTION('',(0.,0.,-1.));
#12819 = PLANE('',#12820);
#12820 = AXIS2_PLACEMENT_3D('',#12821,#12822,#12823);
#12821 = CARTESIAN_POINT('',(-29.66094303131,1.310956180096,
    -0.600000012666));
#12822 = DIRECTION('',(5.233582440394E-02,-0.998629541664,0.));
#12823 = DIRECTION('',(-0.998629541664,-5.233582440394E-02,0.));
#12824 = ADVANCED_FACE('',(#12825),#12836,.T.);
#12825 = FACE_BOUND('',#12826,.T.);
#12826 = EDGE_LOOP('',(#12827,#12828,#12834,#12835));
#12827 = ORIENTED_EDGE('',*,*,#8966,.F.);
#12828 = ORIENTED_EDGE('',*,*,#12829,.T.);
#12829 = EDGE_CURVE('',#8959,#936,#12830,.T.);
#12830 = LINE('',#12831,#12832);
#12831 = CARTESIAN_POINT('',(-29.0383529663,1.387409567833,
    -1.100000023842));
#12832 = VECTOR('',#12833,1.);
#12833 = DIRECTION('',(0.,0.,1.));
#12834 = ORIENTED_EDGE('',*,*,#935,.T.);
#12835 = ORIENTED_EDGE('',*,*,#12807,.F.);
#12836 = PLANE('',#12837);
#12837 = AXIS2_PLACEMENT_3D('',#12838,#12839,#12840);
#12838 = CARTESIAN_POINT('',(-29.24511909484,1.354660987854,
    -0.600000012666));
#12839 = DIRECTION('',(0.156434662771,-0.987688309278,0.));
#12840 = DIRECTION('',(-0.987688309278,-0.156434662771,0.));
#12841 = ADVANCED_FACE('',(#12842),#12853,.T.);
#12842 = FACE_BOUND('',#12843,.T.);
#12843 = EDGE_LOOP('',(#12844,#12845,#12851,#12852));
#12844 = ORIENTED_EDGE('',*,*,#8958,.F.);
#12845 = ORIENTED_EDGE('',*,*,#12846,.T.);
#12846 = EDGE_CURVE('',#8951,#944,#12847,.T.);
#12847 = LINE('',#12848,#12849);
#12848 = CARTESIAN_POINT('',(-28.63393211364,1.495773911476,
    -1.100000023842));
#12849 = VECTOR('',#12850,1.);
#12850 = DIRECTION('',(0.,0.,1.));
#12851 = ORIENTED_EDGE('',*,*,#943,.T.);
#12852 = ORIENTED_EDGE('',*,*,#12829,.F.);
#12853 = PLANE('',#12854);
#12854 = AXIS2_PLACEMENT_3D('',#12855,#12856,#12857);
#12855 = CARTESIAN_POINT('',(-28.83614253997,1.441591739655,
    -0.600000012666));
#12856 = DIRECTION('',(0.258819274118,-0.965925764924,0.));
#12857 = DIRECTION('',(-0.965925764924,-0.258819274118,0.));
#12858 = ADVANCED_FACE('',(#12859),#12870,.T.);
#12859 = FACE_BOUND('',#12860,.T.);
#12860 = EDGE_LOOP('',(#12861,#12862,#12868,#12869));
#12861 = ORIENTED_EDGE('',*,*,#8950,.F.);
#12862 = ORIENTED_EDGE('',*,*,#12863,.T.);
#12863 = EDGE_CURVE('',#8943,#952,#12864,.T.);
#12864 = LINE('',#12865,#12866);
#12865 = CARTESIAN_POINT('',(-28.24305343627,1.645818114281,
    -1.100000023842));
#12866 = VECTOR('',#12867,1.);
#12867 = DIRECTION('',(0.,0.,1.));
#12868 = ORIENTED_EDGE('',*,*,#951,.T.);
#12869 = ORIENTED_EDGE('',*,*,#12846,.F.);
#12870 = PLANE('',#12871);
#12871 = AXIS2_PLACEMENT_3D('',#12872,#12873,#12874);
#12872 = CARTESIAN_POINT('',(-28.43849277496,1.570796012878,
    -0.600000012666));
#12873 = DIRECTION('',(0.35836781736,-0.933580477238,0.));
#12874 = DIRECTION('',(-0.933580477238,-0.35836781736,0.));
#12875 = ADVANCED_FACE('',(#12876),#12887,.T.);
#12876 = FACE_BOUND('',#12877,.T.);
#12877 = EDGE_LOOP('',(#12878,#12879,#12885,#12886));
#12878 = ORIENTED_EDGE('',*,*,#8942,.F.);
#12879 = ORIENTED_EDGE('',*,*,#12880,.T.);
#12880 = EDGE_CURVE('',#8935,#960,#12881,.T.);
#12881 = LINE('',#12882,#12883);
#12882 = CARTESIAN_POINT('',(-27.87000083923,1.835898399353,
    -1.100000023842));
#12883 = VECTOR('',#12884,1.);
#12884 = DIRECTION('',(0.,0.,1.));
#12885 = ORIENTED_EDGE('',*,*,#959,.T.);
#12886 = ORIENTED_EDGE('',*,*,#12863,.F.);
#12887 = PLANE('',#12888);
#12888 = AXIS2_PLACEMENT_3D('',#12889,#12890,#12891);
#12889 = CARTESIAN_POINT('',(-28.05652713775,1.740858256817,
    -0.600000012666));
#12890 = DIRECTION('',(0.453991434308,-0.891006048001,0.));
#12891 = DIRECTION('',(-0.891006048001,-0.453991434308,0.));
#12892 = ADVANCED_FACE('',(#12893),#12904,.T.);
#12893 = FACE_BOUND('',#12894,.T.);
#12894 = EDGE_LOOP('',(#12895,#12896,#12902,#12903));
#12895 = ORIENTED_EDGE('',*,*,#8934,.F.);
#12896 = ORIENTED_EDGE('',*,*,#12897,.T.);
#12897 = EDGE_CURVE('',#8927,#968,#12898,.T.);
#12898 = LINE('',#12899,#12900);
#12899 = CARTESIAN_POINT('',(-27.51885986328,2.063931941986,
    -1.100000023842));
#12900 = VECTOR('',#12901,1.);
#12901 = DIRECTION('',(0.,0.,1.));
#12902 = ORIENTED_EDGE('',*,*,#967,.T.);
#12903 = ORIENTED_EDGE('',*,*,#12880,.F.);
#12904 = PLANE('',#12905);
#12905 = AXIS2_PLACEMENT_3D('',#12906,#12907,#12908);
#12906 = CARTESIAN_POINT('',(-27.69443035125,1.94991517067,
    -0.600000012666));
#12907 = DIRECTION('',(0.544638911652,-0.838670648058,0.));
#12908 = DIRECTION('',(-0.838670648058,-0.544638911652,0.));
#12909 = ADVANCED_FACE('',(#12910),#12921,.T.);
#12910 = FACE_BOUND('',#12911,.T.);
#12911 = EDGE_LOOP('',(#12912,#12913,#12919,#12920));
#12912 = ORIENTED_EDGE('',*,*,#8926,.F.);
#12913 = ORIENTED_EDGE('',*,*,#12914,.T.);
#12914 = EDGE_CURVE('',#8919,#976,#12915,.T.);
#12915 = LINE('',#12916,#12917);
#12916 = CARTESIAN_POINT('',(-27.19347763061,2.327420711517,
    -1.100000023842));
#12917 = VECTOR('',#12918,1.);
#12918 = DIRECTION('',(0.,0.,1.));
#12919 = ORIENTED_EDGE('',*,*,#975,.T.);
#12920 = ORIENTED_EDGE('',*,*,#12897,.F.);
#12921 = PLANE('',#12922);
#12922 = AXIS2_PLACEMENT_3D('',#12923,#12924,#12925);
#12923 = CARTESIAN_POINT('',(-27.35616874694,2.195676326752,
    -0.600000012666));
#12924 = DIRECTION('',(0.629319572914,-0.77714662397,0.));
#12925 = DIRECTION('',(-0.77714662397,-0.629319572914,0.));
#12926 = ADVANCED_FACE('',(#12927),#12938,.T.);
#12927 = FACE_BOUND('',#12928,.T.);
#12928 = EDGE_LOOP('',(#12929,#12930,#12936,#12937));
#12929 = ORIENTED_EDGE('',*,*,#8918,.F.);
#12930 = ORIENTED_EDGE('',*,*,#12931,.T.);
#12931 = EDGE_CURVE('',#8911,#984,#12932,.T.);
#12932 = LINE('',#12933,#12934);
#12933 = CARTESIAN_POINT('',(-26.89742088317,2.623477458954,
    -1.100000023842));
#12934 = VECTOR('',#12935,1.);
#12935 = DIRECTION('',(0.,0.,1.));
#12936 = ORIENTED_EDGE('',*,*,#983,.T.);
#12937 = ORIENTED_EDGE('',*,*,#12914,.F.);
#12938 = PLANE('',#12939);
#12939 = AXIS2_PLACEMENT_3D('',#12940,#12941,#12942);
#12940 = CARTESIAN_POINT('',(-27.04544925689,2.475449085236,
    -0.600000012666));
#12941 = DIRECTION('',(0.707106781187,-0.707106781187,0.));
#12942 = DIRECTION('',(0.707106781187,0.707106781187,0.));
#12943 = ADVANCED_FACE('',(#12944),#12955,.T.);
#12944 = FACE_BOUND('',#12945,.T.);
#12945 = EDGE_LOOP('',(#12946,#12947,#12953,#12954));
#12946 = ORIENTED_EDGE('',*,*,#8910,.F.);
#12947 = ORIENTED_EDGE('',*,*,#12948,.T.);
#12948 = EDGE_CURVE('',#8903,#992,#12949,.T.);
#12949 = LINE('',#12950,#12951);
#12950 = CARTESIAN_POINT('',(-26.63393211364,2.948858976364,
    -1.100000023842));
#12951 = VECTOR('',#12952,1.);
#12952 = DIRECTION('',(0.,0.,1.));
#12953 = ORIENTED_EDGE('',*,*,#991,.T.);
#12954 = ORIENTED_EDGE('',*,*,#12931,.F.);
#12955 = PLANE('',#12956);
#12956 = AXIS2_PLACEMENT_3D('',#12957,#12958,#12959);
#12957 = CARTESIAN_POINT('',(-26.76567649841,2.786168217659,
    -0.600000012666));
#12958 = DIRECTION('',(0.777145947398,-0.629320408411,0.));
#12959 = DIRECTION('',(0.629320408411,0.777145947398,0.));
#12960 = ADVANCED_FACE('',(#12961),#12972,.T.);
#12961 = FACE_BOUND('',#12962,.T.);
#12962 = EDGE_LOOP('',(#12963,#12964,#12970,#12971));
#12963 = ORIENTED_EDGE('',*,*,#8902,.F.);
#12964 = ORIENTED_EDGE('',*,*,#12965,.T.);
#12965 = EDGE_CURVE('',#8895,#1000,#12966,.T.);
#12966 = LINE('',#12967,#12968);
#12967 = CARTESIAN_POINT('',(-26.40589904785,3.299999952316,
    -1.100000023842));
#12968 = VECTOR('',#12969,1.);
#12969 = DIRECTION('',(0.,0.,1.));
#12970 = ORIENTED_EDGE('',*,*,#999,.T.);
#12971 = ORIENTED_EDGE('',*,*,#12948,.F.);
#12972 = PLANE('',#12973);
#12973 = AXIS2_PLACEMENT_3D('',#12974,#12975,#12976);
#12974 = CARTESIAN_POINT('',(-26.51991558075,3.12442946434,
    -0.600000012666));
#12975 = DIRECTION('',(0.83867116827,-0.544638110595,0.));
#12976 = DIRECTION('',(0.544638110595,0.83867116827,0.));
#12977 = ADVANCED_FACE('',(#12978),#12989,.T.);
#12978 = FACE_BOUND('',#12979,.T.);
#12979 = EDGE_LOOP('',(#12980,#12981,#12982,#12983));
#12980 = ORIENTED_EDGE('',*,*,#1007,.T.);
#12981 = ORIENTED_EDGE('',*,*,#12965,.F.);
#12982 = ORIENTED_EDGE('',*,*,#8894,.F.);
#12983 = ORIENTED_EDGE('',*,*,#12984,.T.);
#12984 = EDGE_CURVE('',#8887,#1008,#12985,.T.);
#12985 = LINE('',#12986,#12987);
#12986 = CARTESIAN_POINT('',(-26.21581840515,3.673053503036,
    -1.100000023842));
#12987 = VECTOR('',#12988,1.);
#12988 = DIRECTION('',(0.,0.,1.));
#12989 = PLANE('',#12990);
#12990 = AXIS2_PLACEMENT_3D('',#12991,#12992,#12993);
#12991 = CARTESIAN_POINT('',(-26.3108587265,3.486526727676,
    -0.600000012666));
#12992 = DIRECTION('',(0.891006171951,-0.453991191043,0.));
#12993 = DIRECTION('',(0.453991191043,0.891006171951,0.));
#12994 = ADVANCED_FACE('',(#12995),#13011,.T.);
#12995 = FACE_BOUND('',#12996,.T.);
#12996 = EDGE_LOOP('',(#12997,#13003,#13004,#13010));
#12997 = ORIENTED_EDGE('',*,*,#12998,.T.);
#12998 = EDGE_CURVE('',#8815,#1080,#12999,.T.);
#12999 = LINE('',#13000,#13001);
#13000 = CARTESIAN_POINT('',(-26.40589904785,7.300000190735,
    -1.100000023842));
#13001 = VECTOR('',#13002,1.);
#13002 = DIRECTION('',(0.,0.,1.));
#13003 = ORIENTED_EDGE('',*,*,#1079,.T.);
#13004 = ORIENTED_EDGE('',*,*,#13005,.F.);
#13005 = EDGE_CURVE('',#8823,#1072,#13006,.T.);
#13006 = LINE('',#13007,#13008);
#13007 = CARTESIAN_POINT('',(-26.21581840515,6.926946640015,
    -1.100000023842));
#13008 = VECTOR('',#13009,1.);
#13009 = DIRECTION('',(0.,0.,1.));
#13010 = ORIENTED_EDGE('',*,*,#8822,.F.);
#13011 = PLANE('',#13012);
#13012 = AXIS2_PLACEMENT_3D('',#13013,#13014,#13015);
#13013 = CARTESIAN_POINT('',(-26.3108587265,7.113473415375,
    -0.600000012666));
#13014 = DIRECTION('',(0.891006171951,0.453991191043,0.));
#13015 = DIRECTION('',(-0.453991191043,0.891006171951,0.));
#13016 = ADVANCED_FACE('',(#13017),#13028,.T.);
#13017 = FACE_BOUND('',#13018,.T.);
#13018 = EDGE_LOOP('',(#13019,#13020,#13026,#13027));
#13019 = ORIENTED_EDGE('',*,*,#8814,.F.);
#13020 = ORIENTED_EDGE('',*,*,#13021,.T.);
#13021 = EDGE_CURVE('',#8807,#1088,#13022,.T.);
#13022 = LINE('',#13023,#13024);
#13023 = CARTESIAN_POINT('',(-26.63393211364,7.651141166687,
    -1.100000023842));
#13024 = VECTOR('',#13025,1.);
#13025 = DIRECTION('',(0.,0.,1.));
#13026 = ORIENTED_EDGE('',*,*,#1087,.T.);
#13027 = ORIENTED_EDGE('',*,*,#12998,.F.);
#13028 = PLANE('',#13029);
#13029 = AXIS2_PLACEMENT_3D('',#13030,#13031,#13032);
#13030 = CARTESIAN_POINT('',(-26.51991558075,7.475570678711,
    -0.600000012666));
#13031 = DIRECTION('',(0.83867116827,0.544638110595,0.));
#13032 = DIRECTION('',(-0.544638110595,0.83867116827,0.));
#13033 = ADVANCED_FACE('',(#13034),#13045,.T.);
#13034 = FACE_BOUND('',#13035,.T.);
#13035 = EDGE_LOOP('',(#13036,#13042,#13043,#13044));
#13036 = ORIENTED_EDGE('',*,*,#13037,.T.);
#13037 = EDGE_CURVE('',#8799,#1096,#13038,.T.);
#13038 = LINE('',#13039,#13040);
#13039 = CARTESIAN_POINT('',(-26.89742088317,7.976522445679,
    -1.100000023842));
#13040 = VECTOR('',#13041,1.);
#13041 = DIRECTION('',(0.,0.,1.));
#13042 = ORIENTED_EDGE('',*,*,#1095,.T.);
#13043 = ORIENTED_EDGE('',*,*,#13021,.F.);
#13044 = ORIENTED_EDGE('',*,*,#8806,.F.);
#13045 = PLANE('',#13046);
#13046 = AXIS2_PLACEMENT_3D('',#13047,#13048,#13049);
#13047 = CARTESIAN_POINT('',(-26.76567649841,7.813831806183,
    -0.600000012666));
#13048 = DIRECTION('',(0.777145721874,0.629320686911,0.));
#13049 = DIRECTION('',(-0.629320686911,0.777145721874,0.));
#13050 = ADVANCED_FACE('',(#13051),#13062,.T.);
#13051 = FACE_BOUND('',#13052,.T.);
#13052 = EDGE_LOOP('',(#13053,#13054,#13060,#13061));
#13053 = ORIENTED_EDGE('',*,*,#8798,.F.);
#13054 = ORIENTED_EDGE('',*,*,#13055,.T.);
#13055 = EDGE_CURVE('',#8791,#1104,#13056,.T.);
#13056 = LINE('',#13057,#13058);
#13057 = CARTESIAN_POINT('',(-27.19347763061,8.272579193115,
    -1.100000023842));
#13058 = VECTOR('',#13059,1.);
#13059 = DIRECTION('',(0.,0.,1.));
#13060 = ORIENTED_EDGE('',*,*,#1103,.T.);
#13061 = ORIENTED_EDGE('',*,*,#13037,.F.);
#13062 = PLANE('',#13063);
#13063 = AXIS2_PLACEMENT_3D('',#13064,#13065,#13066);
#13064 = CARTESIAN_POINT('',(-27.04544925689,8.124550819397,
    -0.600000012666));
#13065 = DIRECTION('',(0.707106781187,0.707106781187,0.));
#13066 = DIRECTION('',(0.707106781187,-0.707106781187,0.));
#13067 = ADVANCED_FACE('',(#13068),#13079,.T.);
#13068 = FACE_BOUND('',#13069,.T.);
#13069 = EDGE_LOOP('',(#13070,#13076,#13077,#13078));
#13070 = ORIENTED_EDGE('',*,*,#13071,.T.);
#13071 = EDGE_CURVE('',#8783,#1112,#13072,.T.);
#13072 = LINE('',#13073,#13074);
#13073 = CARTESIAN_POINT('',(-27.51885986328,8.536067962646,
    -1.100000023842));
#13074 = VECTOR('',#13075,1.);
#13075 = DIRECTION('',(0.,0.,1.));
#13076 = ORIENTED_EDGE('',*,*,#1111,.T.);
#13077 = ORIENTED_EDGE('',*,*,#13055,.F.);
#13078 = ORIENTED_EDGE('',*,*,#8790,.F.);
#13079 = PLANE('',#13080);
#13080 = AXIS2_PLACEMENT_3D('',#13081,#13082,#13083);
#13081 = CARTESIAN_POINT('',(-27.35616874694,8.404323577881,
    -0.600000012666));
#13082 = DIRECTION('',(0.629319572914,0.77714662397,0.));
#13083 = DIRECTION('',(0.77714662397,-0.629319572914,0.));
#13084 = ADVANCED_FACE('',(#13085),#13096,.T.);
#13085 = FACE_BOUND('',#13086,.T.);
#13086 = EDGE_LOOP('',(#13087,#13088,#13094,#13095));
#13087 = ORIENTED_EDGE('',*,*,#8886,.F.);
#13088 = ORIENTED_EDGE('',*,*,#13089,.T.);
#13089 = EDGE_CURVE('',#8879,#1016,#13090,.T.);
#13090 = LINE('',#13091,#13092);
#13091 = CARTESIAN_POINT('',(-26.06577301025,4.063931941986,
    -1.100000023842));
#13092 = VECTOR('',#13093,1.);
#13093 = DIRECTION('',(0.,0.,1.));
#13094 = ORIENTED_EDGE('',*,*,#1015,.T.);
#13095 = ORIENTED_EDGE('',*,*,#12984,.F.);
#13096 = PLANE('',#13097);
#13097 = AXIS2_PLACEMENT_3D('',#13098,#13099,#13100);
#13098 = CARTESIAN_POINT('',(-26.1407957077,3.868492722511,
    -0.600000012666));
#13099 = DIRECTION('',(0.933579451525,-0.358370489425,0.));
#13100 = DIRECTION('',(0.358370489425,0.933579451525,0.));
#13101 = ADVANCED_FACE('',(#13102),#13113,.T.);
#13102 = FACE_BOUND('',#13103,.T.);
#13103 = EDGE_LOOP('',(#13104,#13105,#13106,#13107));
#13104 = ORIENTED_EDGE('',*,*,#1023,.T.);
#13105 = ORIENTED_EDGE('',*,*,#13089,.F.);
#13106 = ORIENTED_EDGE('',*,*,#8878,.F.);
#13107 = ORIENTED_EDGE('',*,*,#13108,.T.);
#13108 = EDGE_CURVE('',#8871,#1024,#13109,.T.);
#13109 = LINE('',#13110,#13111);
#13110 = CARTESIAN_POINT('',(-25.95740890502,4.468353271484,
    -1.100000023842));
#13111 = VECTOR('',#13112,1.);
#13112 = DIRECTION('',(0.,0.,1.));
#13113 = PLANE('',#13114);
#13114 = AXIS2_PLACEMENT_3D('',#13115,#13116,#13117);
#13115 = CARTESIAN_POINT('',(-26.01159095764,4.266142606735,
    -0.600000012666));
#13116 = DIRECTION('',(0.965925983576,-0.2588184581,0.));
#13117 = DIRECTION('',(0.2588184581,0.965925983576,0.));
#13118 = ADVANCED_FACE('',(#13119),#13130,.T.);
#13119 = FACE_BOUND('',#13120,.T.);
#13120 = EDGE_LOOP('',(#13121,#13122,#13128,#13129));
#13121 = ORIENTED_EDGE('',*,*,#8870,.F.);
#13122 = ORIENTED_EDGE('',*,*,#13123,.T.);
#13123 = EDGE_CURVE('',#8863,#1032,#13124,.T.);
#13124 = LINE('',#13125,#13126);
#13125 = CARTESIAN_POINT('',(-25.89191246032,4.881886005402,
    -1.100000023842));
#13126 = VECTOR('',#13127,1.);
#13127 = DIRECTION('',(0.,0.,1.));
#13128 = ORIENTED_EDGE('',*,*,#1031,.T.);
#13129 = ORIENTED_EDGE('',*,*,#13108,.F.);
#13130 = PLANE('',#13131);
#13131 = AXIS2_PLACEMENT_3D('',#13132,#13133,#13134);
#13132 = CARTESIAN_POINT('',(-25.92466068267,4.675119638443,
    -0.600000012666));
#13133 = DIRECTION('',(0.987688601098,-0.15643282028,0.));
#13134 = DIRECTION('',(0.15643282028,0.987688601098,0.));
#13135 = ADVANCED_FACE('',(#13136),#13147,.T.);
#13136 = FACE_BOUND('',#13137,.T.);
#13137 = EDGE_LOOP('',(#13138,#13139,#13145,#13146));
#13138 = ORIENTED_EDGE('',*,*,#8862,.F.);
#13139 = ORIENTED_EDGE('',*,*,#13140,.T.);
#13140 = EDGE_CURVE('',#8855,#1040,#13141,.T.);
#13141 = LINE('',#13142,#13143);
#13142 = CARTESIAN_POINT('',(-25.87000083923,5.300000190735,
    -1.100000023842));
#13143 = VECTOR('',#13144,1.);
#13144 = DIRECTION('',(0.,0.,1.));
#13145 = ORIENTED_EDGE('',*,*,#1039,.T.);
#13146 = ORIENTED_EDGE('',*,*,#13123,.F.);
#13147 = PLANE('',#13148);
#13148 = AXIS2_PLACEMENT_3D('',#13149,#13150,#13151);
#13149 = CARTESIAN_POINT('',(-25.88095664978,5.090943098068,
    -0.600000012666));
#13150 = DIRECTION('',(0.998629636469,-5.233401538351E-02,0.));
#13151 = DIRECTION('',(5.233401538351E-02,0.998629636469,0.));
#13152 = ADVANCED_FACE('',(#13153),#13164,.T.);
#13153 = FACE_BOUND('',#13154,.T.);
#13154 = EDGE_LOOP('',(#13155,#13156,#13162,#13163));
#13155 = ORIENTED_EDGE('',*,*,#8854,.F.);
#13156 = ORIENTED_EDGE('',*,*,#13157,.T.);
#13157 = EDGE_CURVE('',#8847,#1048,#13158,.T.);
#13158 = LINE('',#13159,#13160);
#13159 = CARTESIAN_POINT('',(-25.89191246032,5.718113899231,
    -1.100000023842));
#13160 = VECTOR('',#13161,1.);
#13161 = DIRECTION('',(0.,0.,1.));
#13162 = ORIENTED_EDGE('',*,*,#1047,.T.);
#13163 = ORIENTED_EDGE('',*,*,#13140,.F.);
#13164 = PLANE('',#13165);
#13165 = AXIS2_PLACEMENT_3D('',#13166,#13167,#13168);
#13166 = CARTESIAN_POINT('',(-25.88095664978,5.509057044983,
    -0.600000012666));
#13167 = DIRECTION('',(0.99862963335,5.233407490429E-02,0.));
#13168 = DIRECTION('',(-5.233407490429E-02,0.99862963335,0.));
#13169 = ADVANCED_FACE('',(#13170),#13181,.T.);
#13170 = FACE_BOUND('',#13171,.T.);
#13171 = EDGE_LOOP('',(#13172,#13173,#13179,#13180));
#13172 = ORIENTED_EDGE('',*,*,#8846,.F.);
#13173 = ORIENTED_EDGE('',*,*,#13174,.T.);
#13174 = EDGE_CURVE('',#8839,#1056,#13175,.T.);
#13175 = LINE('',#13176,#13177);
#13176 = CARTESIAN_POINT('',(-25.95740890502,6.131646633148,
    -1.100000023842));
#13177 = VECTOR('',#13178,1.);
#13178 = DIRECTION('',(0.,0.,1.));
#13179 = ORIENTED_EDGE('',*,*,#1055,.T.);
#13180 = ORIENTED_EDGE('',*,*,#13157,.F.);
#13181 = PLANE('',#13182);
#13182 = AXIS2_PLACEMENT_3D('',#13183,#13184,#13185);
#13183 = CARTESIAN_POINT('',(-25.92466068267,5.92488026619,
    -0.600000012666));
#13184 = DIRECTION('',(0.987688601098,0.15643282028,0.));
#13185 = DIRECTION('',(-0.15643282028,0.987688601098,0.));
#13186 = ADVANCED_FACE('',(#13187),#13198,.T.);
#13187 = FACE_BOUND('',#13188,.T.);
#13188 = EDGE_LOOP('',(#13189,#13190,#13196,#13197));
#13189 = ORIENTED_EDGE('',*,*,#8838,.F.);
#13190 = ORIENTED_EDGE('',*,*,#13191,.T.);
#13191 = EDGE_CURVE('',#8831,#1064,#13192,.T.);
#13192 = LINE('',#13193,#13194);
#13193 = CARTESIAN_POINT('',(-26.06577301025,6.536067962646,
    -1.100000023842));
#13194 = VECTOR('',#13195,1.);
#13195 = DIRECTION('',(0.,0.,1.));
#13196 = ORIENTED_EDGE('',*,*,#1063,.T.);
#13197 = ORIENTED_EDGE('',*,*,#13174,.F.);
#13198 = PLANE('',#13199);
#13199 = AXIS2_PLACEMENT_3D('',#13200,#13201,#13202);
#13200 = CARTESIAN_POINT('',(-26.01159095764,6.333857297897,
    -0.600000012666));
#13201 = DIRECTION('',(0.965925983576,0.2588184581,0.));
#13202 = DIRECTION('',(-0.2588184581,0.965925983576,0.));
#13203 = ADVANCED_FACE('',(#13204),#13210,.T.);
#13204 = FACE_BOUND('',#13205,.T.);
#13205 = EDGE_LOOP('',(#13206,#13207,#13208,#13209));
#13206 = ORIENTED_EDGE('',*,*,#8830,.F.);
#13207 = ORIENTED_EDGE('',*,*,#13005,.T.);
#13208 = ORIENTED_EDGE('',*,*,#1071,.T.);
#13209 = ORIENTED_EDGE('',*,*,#13191,.F.);
#13210 = PLANE('',#13211);
#13211 = AXIS2_PLACEMENT_3D('',#13212,#13213,#13214);
#13212 = CARTESIAN_POINT('',(-26.1407957077,6.731507301331,
    -0.600000012666));
#13213 = DIRECTION('',(0.933579524658,0.358370298909,0.));
#13214 = DIRECTION('',(-0.358370298909,0.933579524658,0.));
#13215 = ADVANCED_FACE('',(#13216),#13232,.T.);
#13216 = FACE_BOUND('',#13217,.T.);
#13217 = EDGE_LOOP('',(#13218,#13224,#13225,#13231));
#13218 = ORIENTED_EDGE('',*,*,#13219,.T.);
#13219 = EDGE_CURVE('',#8735,#1160,#13220,.T.);
#13220 = LINE('',#13221,#13222);
#13221 = CARTESIAN_POINT('',(-29.87000083923,9.300000190735,
    -1.100000023842));
#13222 = VECTOR('',#13223,1.);
#13223 = DIRECTION('',(0.,0.,1.));
#13224 = ORIENTED_EDGE('',*,*,#1159,.T.);
#13225 = ORIENTED_EDGE('',*,*,#13226,.F.);
#13226 = EDGE_CURVE('',#8743,#1152,#13227,.T.);
#13227 = LINE('',#13228,#13229);
#13228 = CARTESIAN_POINT('',(-29.45188522338,9.278087615967,
    -1.100000023842));
#13229 = VECTOR('',#13230,1.);
#13230 = DIRECTION('',(0.,0.,1.));
#13231 = ORIENTED_EDGE('',*,*,#8742,.F.);
#13232 = PLANE('',#13233);
#13233 = AXIS2_PLACEMENT_3D('',#13234,#13235,#13236);
#13234 = CARTESIAN_POINT('',(-29.66094303131,9.289043903351,
    -0.600000012666));
#13235 = DIRECTION('',(5.233610834417E-02,0.998629526783,0.));
#13236 = DIRECTION('',(0.998629526783,-5.233610834417E-02,0.));
#13237 = ADVANCED_FACE('',(#13238),#13249,.T.);
#13238 = FACE_BOUND('',#13239,.T.);
#13239 = EDGE_LOOP('',(#13240,#13241,#13242,#13248));
#13240 = ORIENTED_EDGE('',*,*,#13226,.T.);
#13241 = ORIENTED_EDGE('',*,*,#1151,.T.);
#13242 = ORIENTED_EDGE('',*,*,#13243,.F.);
#13243 = EDGE_CURVE('',#8751,#1144,#13244,.T.);
#13244 = LINE('',#13245,#13246);
#13245 = CARTESIAN_POINT('',(-29.0383529663,9.21259021759,
    -1.100000023842));
#13246 = VECTOR('',#13247,1.);
#13247 = DIRECTION('',(0.,0.,1.));
#13248 = ORIENTED_EDGE('',*,*,#8750,.F.);
#13249 = PLANE('',#13250);
#13250 = AXIS2_PLACEMENT_3D('',#13251,#13252,#13253);
#13251 = CARTESIAN_POINT('',(-29.24511909484,9.245338916779,
    -0.600000012666));
#13252 = DIRECTION('',(0.156435218279,0.987688221294,0.));
#13253 = DIRECTION('',(0.987688221294,-0.156435218279,0.));
#13254 = ADVANCED_FACE('',(#13255),#13266,.T.);
#13255 = FACE_BOUND('',#13256,.T.);
#13256 = EDGE_LOOP('',(#13257,#13258,#13259,#13265));
#13257 = ORIENTED_EDGE('',*,*,#13243,.T.);
#13258 = ORIENTED_EDGE('',*,*,#1143,.T.);
#13259 = ORIENTED_EDGE('',*,*,#13260,.F.);
#13260 = EDGE_CURVE('',#8759,#1136,#13261,.T.);
#13261 = LINE('',#13262,#13263);
#13262 = CARTESIAN_POINT('',(-28.63393211364,9.104226112366,
    -1.100000023842));
#13263 = VECTOR('',#13264,1.);
#13264 = DIRECTION('',(0.,0.,1.));
#13265 = ORIENTED_EDGE('',*,*,#8758,.F.);
#13266 = PLANE('',#13267);
#13267 = AXIS2_PLACEMENT_3D('',#13268,#13269,#13270);
#13268 = CARTESIAN_POINT('',(-28.83614253997,9.158408164978,
    -0.600000012666));
#13269 = DIRECTION('',(0.258818742821,0.965925907285,0.));
#13270 = DIRECTION('',(0.965925907285,-0.258818742821,0.));
#13271 = ADVANCED_FACE('',(#13272),#13283,.T.);
#13272 = FACE_BOUND('',#13273,.T.);
#13273 = EDGE_LOOP('',(#13274,#13275,#13276,#13282));
#13274 = ORIENTED_EDGE('',*,*,#13260,.T.);
#13275 = ORIENTED_EDGE('',*,*,#1135,.T.);
#13276 = ORIENTED_EDGE('',*,*,#13277,.F.);
#13277 = EDGE_CURVE('',#8767,#1128,#13278,.T.);
#13278 = LINE('',#13279,#13280);
#13279 = CARTESIAN_POINT('',(-28.24305343627,8.954181671143,
    -1.100000023842));
#13280 = VECTOR('',#13281,1.);
#13281 = DIRECTION('',(0.,0.,1.));
#13282 = ORIENTED_EDGE('',*,*,#8766,.F.);
#13283 = PLANE('',#13284);
#13284 = AXIS2_PLACEMENT_3D('',#13285,#13286,#13287);
#13285 = CARTESIAN_POINT('',(-28.43849277496,9.029203891754,
    -0.600000012666));
#13286 = DIRECTION('',(0.358368313671,0.933580286723,0.));
#13287 = DIRECTION('',(0.933580286723,-0.358368313671,0.));
#13288 = ADVANCED_FACE('',(#13289),#13300,.T.);
#13289 = FACE_BOUND('',#13290,.T.);
#13290 = EDGE_LOOP('',(#13291,#13292,#13293,#13299));
#13291 = ORIENTED_EDGE('',*,*,#13277,.T.);
#13292 = ORIENTED_EDGE('',*,*,#1127,.T.);
#13293 = ORIENTED_EDGE('',*,*,#13294,.F.);
#13294 = EDGE_CURVE('',#8775,#1120,#13295,.T.);
#13295 = LINE('',#13296,#13297);
#13296 = CARTESIAN_POINT('',(-27.87000083923,8.764101982117,
    -1.100000023842));
#13297 = VECTOR('',#13298,1.);
#13298 = DIRECTION('',(0.,0.,1.));
#13299 = ORIENTED_EDGE('',*,*,#8774,.F.);
#13300 = PLANE('',#13301);
#13301 = AXIS2_PLACEMENT_3D('',#13302,#13303,#13304);
#13302 = CARTESIAN_POINT('',(-28.05652713775,8.85914182663,
    -0.600000012666));
#13303 = DIRECTION('',(0.453990304116,0.891006623864,0.));
#13304 = DIRECTION('',(0.891006623864,-0.453990304116,0.));
#13305 = ADVANCED_FACE('',(#13306),#13312,.T.);
#13306 = FACE_BOUND('',#13307,.T.);
#13307 = EDGE_LOOP('',(#13308,#13309,#13310,#13311));
#13308 = ORIENTED_EDGE('',*,*,#8782,.F.);
#13309 = ORIENTED_EDGE('',*,*,#13294,.T.);
#13310 = ORIENTED_EDGE('',*,*,#1119,.T.);
#13311 = ORIENTED_EDGE('',*,*,#13071,.F.);
#13312 = PLANE('',#13313);
#13313 = AXIS2_PLACEMENT_3D('',#13314,#13315,#13316);
#13314 = CARTESIAN_POINT('',(-27.69443035125,8.650084972382,
    -0.600000012666));
#13315 = DIRECTION('',(0.544639712708,0.838670127846,0.));
#13316 = DIRECTION('',(0.838670127846,-0.544639712708,0.));
#13317 = ADVANCED_FACE('',(#13318),#13324,.T.);
#13318 = FACE_BOUND('',#13319,.T.);
#13319 = EDGE_LOOP('',(#13320,#13321,#13322,#13323));
#13320 = ORIENTED_EDGE('',*,*,#8454,.F.);
#13321 = ORIENTED_EDGE('',*,*,#10542,.F.);
#13322 = ORIENTED_EDGE('',*,*,#1447,.T.);
#13323 = ORIENTED_EDGE('',*,*,#12557,.F.);
#13324 = PLANE('',#13325);
#13325 = AXIS2_PLACEMENT_3D('',#13326,#13327,#13328);
#13326 = CARTESIAN_POINT('',(31.435000419617,1.299999952316,
    -0.600000012666));
#13327 = DIRECTION('',(-0.,-1.,-0.));
#13328 = DIRECTION('',(0.,0.,-1.));
#13329 = ADVANCED_FACE('',(#13330),#13336,.T.);
#13330 = FACE_BOUND('',#13331,.T.);
#13331 = EDGE_LOOP('',(#13332,#13333,#13334,#13335));
#13332 = ORIENTED_EDGE('',*,*,#8982,.F.);
#13333 = ORIENTED_EDGE('',*,*,#12814,.F.);
#13334 = ORIENTED_EDGE('',*,*,#917,.T.);
#13335 = ORIENTED_EDGE('',*,*,#9170,.F.);
#13336 = PLANE('',#13337);
#13337 = AXIS2_PLACEMENT_3D('',#13338,#13339,#13340);
#13338 = CARTESIAN_POINT('',(-31.43500041961,1.299999952316,
    -0.600000012666));
#13339 = DIRECTION('',(-0.,-1.,-0.));
#13340 = DIRECTION('',(0.,0.,-1.));
#13341 = ADVANCED_FACE('',(#13342),#13348,.T.);
#13342 = FACE_BOUND('',#13343,.T.);
#13343 = EDGE_LOOP('',(#13344,#13345,#13346,#13347));
#13344 = ORIENTED_EDGE('',*,*,#10557,.F.);
#13345 = ORIENTED_EDGE('',*,*,#8702,.F.);
#13346 = ORIENTED_EDGE('',*,*,#12791,.F.);
#13347 = ORIENTED_EDGE('',*,*,#1199,.T.);
#13348 = PLANE('',#13349);
#13349 = AXIS2_PLACEMENT_3D('',#13350,#13351,#13352);
#13350 = CARTESIAN_POINT('',(31.435000419617,9.300000190735,
    -0.600000012666));
#13351 = DIRECTION('',(0.,1.,0.));
#13352 = DIRECTION('',(0.,0.,1.));
#13353 = ADVANCED_FACE('',(#13354),#13360,.T.);
#13354 = FACE_BOUND('',#13355,.T.);
#13355 = EDGE_LOOP('',(#13356,#13357,#13358,#13359));
#13356 = ORIENTED_EDGE('',*,*,#13219,.F.);
#13357 = ORIENTED_EDGE('',*,*,#8734,.F.);
#13358 = ORIENTED_EDGE('',*,*,#9148,.F.);
#13359 = ORIENTED_EDGE('',*,*,#1167,.T.);
#13360 = PLANE('',#13361);
#13361 = AXIS2_PLACEMENT_3D('',#13362,#13363,#13364);
#13362 = CARTESIAN_POINT('',(-31.43500041961,9.300000190735,
    -0.600000012666));
#13363 = DIRECTION('',(0.,1.,0.));
#13364 = DIRECTION('',(0.,0.,1.));
#13365 = ADVANCED_FACE('',(#13366),#13372,.T.);
#13366 = FACE_BOUND('',#13367,.T.);
#13367 = EDGE_LOOP('',(#13368,#13369,#13370,#13371));
#13368 = ORIENTED_EDGE('',*,*,#7855,.F.);
#13369 = ORIENTED_EDGE('',*,*,#7208,.T.);
#13370 = ORIENTED_EDGE('',*,*,#2211,.F.);
#13371 = ORIENTED_EDGE('',*,*,#5273,.F.);
#13372 = PLANE('',#13373);
#13373 = AXIS2_PLACEMENT_3D('',#13374,#13375,#13376);
#13374 = CARTESIAN_POINT('',(29.988552526653,3.037893576123,
    -1.126868455053));
#13375 = DIRECTION('',(-4.326039929335E-02,0.82545381581,-0.562809502245
    ));
#13376 = DIRECTION('',(-3.469446951954E-18,0.563336880927,0.826227304431
    ));
#13377 = ADVANCED_FACE('',(#13378),#13384,.T.);
#13378 = FACE_BOUND('',#13379,.T.);
#13379 = EDGE_LOOP('',(#13380,#13381,#13382,#13383));
#13380 = ORIENTED_EDGE('',*,*,#7889,.F.);
#13381 = ORIENTED_EDGE('',*,*,#6064,.T.);
#13382 = ORIENTED_EDGE('',*,*,#2459,.F.);
#13383 = ORIENTED_EDGE('',*,*,#6159,.F.);
#13384 = PLANE('',#13385);
#13385 = AXIS2_PLACEMENT_3D('',#13386,#13387,#13388);
#13386 = CARTESIAN_POINT('',(29.988552526653,7.56210632851,
    -1.126868455053));
#13387 = DIRECTION('',(-4.326039929335E-02,-0.82545381581,
    -0.562809502245));
#13388 = DIRECTION('',(3.469446951954E-18,0.563336880927,-0.826227304431
    ));
#13389 = ADVANCED_FACE('',(#13390),#13396,.T.);
#13390 = FACE_BOUND('',#13391,.T.);
#13391 = EDGE_LOOP('',(#13392,#13393,#13394,#13395));
#13392 = ORIENTED_EDGE('',*,*,#7942,.F.);
#13393 = ORIENTED_EDGE('',*,*,#3794,.T.);
#13394 = ORIENTED_EDGE('',*,*,#1719,.F.);
#13395 = ORIENTED_EDGE('',*,*,#4011,.F.);
#13396 = PLANE('',#13397);
#13397 = AXIS2_PLACEMENT_3D('',#13398,#13399,#13400);
#13398 = CARTESIAN_POINT('',(-29.98855252665,3.037893576123,
    -1.126868455053));
#13399 = DIRECTION('',(4.326039929335E-02,0.82545381581,-0.562809502245)
  );
#13400 = DIRECTION('',(3.469446951954E-18,0.563336880927,0.826227304431)
  );
#13401 = ADVANCED_FACE('',(#13402),#13408,.T.);
#13402 = FACE_BOUND('',#13403,.T.);
#13403 = EDGE_LOOP('',(#13404,#13405,#13406,#13407));
#13404 = ORIENTED_EDGE('',*,*,#7908,.F.);
#13405 = ORIENTED_EDGE('',*,*,#4809,.T.);
#13406 = ORIENTED_EDGE('',*,*,#1953,.F.);
#13407 = ORIENTED_EDGE('',*,*,#2774,.F.);
#13408 = PLANE('',#13409);
#13409 = AXIS2_PLACEMENT_3D('',#13410,#13411,#13412);
#13410 = CARTESIAN_POINT('',(-29.98855252665,7.56210632851,
    -1.126868455053));
#13411 = DIRECTION('',(4.326039929335E-02,-0.82545381581,-0.562809502245
    ));
#13412 = DIRECTION('',(-3.469446951954E-18,0.563336880927,
    -0.826227304431));
#13413 = ( GEOMETRIC_REPRESENTATION_CONTEXT(3) 
GLOBAL_UNCERTAINTY_ASSIGNED_CONTEXT((#13417)) 
GLOBAL_UNIT_ASSIGNED_CONTEXT((#13414,#13415,#13416)) 
REPRESENTATION_CONTEXT('Context #1',
  '3D Context with UNIT and UNCERTAINTY') );
#13414 = ( LENGTH_UNIT() NAMED_UNIT(*) SI_UNIT(.MILLI.,.METRE.) );
#13415 = ( NAMED_UNIT(*) PLANE_ANGLE_UNIT() SI_UNIT($,.RADIAN.) );
#13416 = ( NAMED_UNIT(*) SI_UNIT($,.STERADIAN.) SOLID_ANGLE_UNIT() );
#13417 = UNCERTAINTY_MEASURE_WITH_UNIT(LENGTH_MEASURE(1.E-07),#13414,
  'distance_accuracy_value','confusion accuracy');
#13418 = PRODUCT_RELATED_PRODUCT_CATEGORY('part',$,(#7));
ENDSEC;
END-ISO-10303-21;
