ISO-10303-21;
HEADER;
FILE_DESCRIPTION(('FreeCAD Model'),'2;1');
FILE_NAME('Open CASCADE Shape Model','2025-12-28T21:40:14',('FreeCAD'),(
    'FreeCAD'),'Open CASCADE STEP processor 7.8','FreeCAD','Unknown');
FILE_SCHEMA((
'AP242_MANAGED_MODEL_BASED_3D_ENGINEERING_MIM_LF. {1 0 10303 442 1 1 4 
}'));
ENDSEC;
DATA;
#1 = APPLICATION_PROTOCOL_DEFINITION('international standard',
  'ap242_managed_model_based_3d_engineering',2013,#2);
#2 = APPLICATION_CONTEXT('Managed model based 3d engineering');
#3 = SHAPE_DEFINITION_REPRESENTATION(#4,#10);
#4 = PRODUCT_DEFINITION_SHAPE('','',#5);
#5 = PRODUCT_DEFINITION('design','',#6,#9);
#6 = PRODUCT_DEFINITION_FORMATION('','',#7);
#7 = PRODUCT('Open CASCADE STEP translator 7.8 5',
  'Open CASCADE STEP translator 7.8 5','',(#8));
#8 = PRODUCT_CONTEXT('',#2,'mechanical');
#9 = PRODUCT_DEFINITION_CONTEXT('part definition',#2,'design');
#10 = MANIFOLD_SURFACE_SHAPE_REPRESENTATION('',(#11,#15),#13188);
#11 = AXIS2_PLACEMENT_3D('',#12,#13,#14);
#12 = CARTESIAN_POINT('',(0.,0.,0.));
#13 = DIRECTION('',(0.,0.,1.));
#14 = DIRECTION('',(1.,0.,-0.));
#15 = SHELL_BASED_SURFACE_MODEL('',(#16));
#16 = CLOSED_SHELL('',(#17,#49,#72,#95,#118,#141,#164,#187,#210,#233,
    #256,#279,#302,#325,#348,#380,#403,#435,#458,#481,#504,#527,#550,
    #573,#596,#619,#642,#665,#688,#711,#734,#757,#780,#803,#826,#858,
    #881,#904,#927,#950,#973,#996,#1019,#1051,#1074,#1097,#1120,#1143,
    #1164,#1180,#1201,#1217,#1240,#1261,#1277,#1298,#1314,#3194,#3224,
    #3240,#3270,#3286,#3316,#3332,#3355,#3371,#3394,#3410,#3433,#3449,
    #3472,#3488,#3511,#3527,#3550,#3566,#3589,#3605,#3621,#3637,#3653,
    #3669,#3692,#3708,#3731,#3747,#3770,#3786,#3809,#3825,#3848,#3864,
    #3887,#3903,#3926,#3942,#3965,#3981,#4004,#4020,#4043,#4059,#4082,
    #4098,#4128,#4144,#4160,#4183,#4199,#4229,#4245,#4261,#4277,#4300,
    #4316,#4339,#4355,#4371,#4401,#4417,#4447,#4463,#4493,#4509,#4532,
    #4548,#4578,#4594,#4617,#4633,#4656,#4672,#4695,#4711,#4734,#4750,
    #4773,#4789,#4805,#4821,#4844,#4860,#4876,#4892,#4915,#4931,#4954,
    #4970,#4993,#5009,#5032,#5048,#5071,#5087,#5110,#5126,#5149,#5165,
    #5188,#5204,#5227,#5243,#5266,#5282,#5305,#5321,#5337,#5353,#5383,
    #5399,#5415,#5438,#5454,#5470,#5500,#5516,#5539,#5555,#5578,#5594,
    #5617,#5633,#5656,#5672,#5695,#5711,#5734,#5750,#5780,#5796,#5819,
    #5835,#5865,#5881,#5904,#5920,#5943,#5959,#5982,#5998,#6021,#6037,
    #6060,#6076,#6099,#6115,#6138,#6154,#6184,#6200,#6223,#6239,#6269,
    #6285,#6308,#6324,#6347,#6363,#6386,#6402,#6425,#6441,#6457,#6473,
    #6489,#6505,#6528,#6544,#6560,#6576,#6592,#6615,#6631,#6647,#7311,
    #7342,#7373,#7390,#7414,#7438,#7469,#7486,#7510,#7534,#7565,#7582,
    #7606,#7630,#7654,#7678,#7894,#7917,#7938,#7969,#8000,#8031,#8830,
    #8852,#8874,#8896,#8913,#8930,#8952,#8969,#8986,#9003,#9020,#9042,
    #9073,#9097,#9128,#9152,#9176,#9200,#9224,#9241,#9272,#9289,#9313,
    #9337,#9361,#9385,#9409,#9464,#9551,#9575,#9599,#9623,#9647,#9671,
    #9695,#9719,#9743,#9767,#9791,#9815,#9839,#9863,#9887,#9911,#9935,
    #9959,#9976,#9993,#10005,#10022,#10039,#10051,#10063,#10080,#10097,
    #10109,#10126,#10143,#10160,#10177,#10194,#10211,#10228,#10245,
    #10262,#10279,#10296,#10313,#10330,#10347,#10364,#10388,#10460,
    #10477,#10489,#10506,#10523,#10540,#10557,#10574,#10591,#10608,
    #10625,#10637,#10654,#10671,#10688,#10705,#10722,#10739,#10756,
    #10773,#10790,#10807,#11251,#11268,#11285,#11302,#11319,#11336,
    #11353,#11370,#11387,#11404,#11421,#11438,#11455,#11472,#11489,
    #11506,#11523,#11540,#11557,#11574,#11591,#11608,#11625,#11642,
    #11659,#11676,#11693,#11710,#11727,#11744,#11761,#11778,#11795,
    #11812,#11829,#11846,#11863,#11880,#11897,#11914,#11931,#11953,
    #11965,#11987,#12009,#12021,#12033,#12050,#12062,#12084,#12101,
    #12118,#12135,#12152,#12169,#12186,#12203,#12220,#12237,#12259,
    #12281,#12293,#12310,#12327,#12344,#12361,#12378,#12395,#12407,
    #12424,#12441,#12458,#12475,#12492,#12509,#12526,#12543,#12560,
    #12577,#12599,#12616,#12633,#12650,#12667,#12684,#12701,#12718,
    #12735,#12752,#12769,#12791,#12808,#12825,#12842,#12859,#12876,
    #12893,#12910,#12927,#12944,#12961,#12978,#12990,#13012,#13029,
    #13046,#13063,#13080,#13092,#13104,#13116,#13128,#13140,#13152,
    #13164,#13176));
#17 = ADVANCED_FACE('',(#18),#44,.T.);
#18 = FACE_BOUND('',#19,.T.);
#19 = EDGE_LOOP('',(#20,#30,#38));
#20 = ORIENTED_EDGE('',*,*,#21,.T.);
#21 = EDGE_CURVE('',#22,#24,#26,.T.);
#22 = VERTEX_POINT('',#23);
#23 = CARTESIAN_POINT('',(-30.17645835876,8.215757369995,-2.099999904633
    ));
#24 = VERTEX_POINT('',#25);
#25 = CARTESIAN_POINT('',(-30.03392028808,6.859591007233,-0.10000000149)
  );
#26 = LINE('',#27,#28);
#27 = CARTESIAN_POINT('',(-30.17645835876,8.215757369995,-2.099999904633
    ));
#28 = VECTOR('',#29,1.);
#29 = DIRECTION('',(5.888442677109E-02,-0.560250875414,0.826227317923));
#30 = ORIENTED_EDGE('',*,*,#31,.T.);
#31 = EDGE_CURVE('',#24,#32,#34,.T.);
#32 = VERTEX_POINT('',#33);
#33 = CARTESIAN_POINT('',(-30.4795589447,8.167751312256,-2.099999904633)
  );
#34 = LINE('',#35,#36);
#35 = CARTESIAN_POINT('',(-30.03392028808,6.859591007233,-0.10000000149)
  );
#36 = VECTOR('',#37,1.);
#37 = DIRECTION('',(-0.18331315931,0.538110854697,-0.8226986044));
#38 = ORIENTED_EDGE('',*,*,#39,.F.);
#39 = EDGE_CURVE('',#22,#32,#40,.T.);
#40 = LINE('',#41,#42);
#41 = CARTESIAN_POINT('',(-30.17645835876,8.215757369995,-2.099999904633
    ));
#42 = VECTOR('',#43,1.);
#43 = DIRECTION('',(-0.987688521308,-0.156433324059,0.));
#44 = PLANE('',#45);
#45 = AXIS2_PLACEMENT_3D('',#46,#47,#48);
#46 = CARTESIAN_POINT('',(-30.18986455391,7.565273323109,-1.159489358671
    ));
#47 = DIRECTION('',(0.129305695144,-0.816410132572,-0.562809499419));
#48 = DIRECTION('',(1.387778780781E-17,0.567574412196,-0.823322103809));
#49 = ADVANCED_FACE('',(#50),#67,.T.);
#50 = FACE_BOUND('',#51,.T.);
#51 = EDGE_LOOP('',(#52,#53,#61));
#52 = ORIENTED_EDGE('',*,*,#31,.F.);
#53 = ORIENTED_EDGE('',*,*,#54,.F.);
#54 = EDGE_CURVE('',#55,#24,#57,.T.);
#55 = VERTEX_POINT('',#56);
#56 = CARTESIAN_POINT('',(-30.19604301452,6.833913326263,-0.10000000149)
  );
#57 = LINE('',#58,#59);
#58 = CARTESIAN_POINT('',(-30.19604301452,6.833913326263,-0.10000000149)
  );
#59 = VECTOR('',#60,1.);
#60 = DIRECTION('',(0.987688374785,0.156434249174,0.));
#61 = ORIENTED_EDGE('',*,*,#62,.F.);
#62 = EDGE_CURVE('',#32,#55,#63,.T.);
#63 = LINE('',#64,#65);
#64 = CARTESIAN_POINT('',(-30.4795589447,8.167751312256,-2.099999904633)
  );
#65 = VECTOR('',#66,1.);
#66 = DIRECTION('',(0.117124301461,-0.551026682254,0.826227265013));
#67 = PLANE('',#68);
#68 = AXIS2_PLACEMENT_3D('',#69,#70,#71);
#69 = CARTESIAN_POINT('',(-30.29122096007,7.485650013152,-1.067274703817
    ));
#70 = DIRECTION('',(0.129306453197,-0.816409969567,-0.56280956171));
#71 = DIRECTION('',(6.938893903907E-18,0.567574531594,-0.823322021499));
#72 = ADVANCED_FACE('',(#73),#90,.T.);
#73 = FACE_BOUND('',#74,.T.);
#74 = EDGE_LOOP('',(#75,#76,#84));
#75 = ORIENTED_EDGE('',*,*,#62,.T.);
#76 = ORIENTED_EDGE('',*,*,#77,.T.);
#77 = EDGE_CURVE('',#55,#78,#80,.T.);
#78 = VERTEX_POINT('',#79);
#79 = CARTESIAN_POINT('',(-30.77598190307,8.088324546814,-2.099999904633
    ));
#80 = LINE('',#81,#82);
#81 = CARTESIAN_POINT('',(-30.19604301452,6.833913326263,-0.10000000149)
  );
#82 = VECTOR('',#83,1.);
#83 = DIRECTION('',(-0.238557480205,0.516001230171,-0.822698644158));
#84 = ORIENTED_EDGE('',*,*,#85,.F.);
#85 = EDGE_CURVE('',#32,#78,#86,.T.);
#86 = LINE('',#87,#88);
#87 = CARTESIAN_POINT('',(-30.4795589447,8.167751312256,-2.099999904633)
  );
#88 = VECTOR('',#89,1.);
#89 = DIRECTION('',(-0.965925440854,-0.258820483561,0.));
#90 = PLANE('',#91);
#91 = AXIS2_PLACEMENT_3D('',#92,#93,#94);
#92 = CARTESIAN_POINT('',(-30.42489751255,7.519429138672,-1.159489546733
    ));
#93 = DIRECTION('',(0.213937546894,-0.798421038612,-0.562809533618));
#94 = DIRECTION('',(-1.387778780781E-17,0.576148913412,-0.817344743406)
  );
#95 = ADVANCED_FACE('',(#96),#113,.T.);
#96 = FACE_BOUND('',#97,.T.);
#97 = EDGE_LOOP('',(#98,#99,#107));
#98 = ORIENTED_EDGE('',*,*,#77,.F.);
#99 = ORIENTED_EDGE('',*,*,#100,.F.);
#100 = EDGE_CURVE('',#101,#55,#103,.T.);
#101 = VERTEX_POINT('',#102);
#102 = CARTESIAN_POINT('',(-30.35459518432,6.791429519653,-0.10000000149
    ));
#103 = LINE('',#104,#105);
#104 = CARTESIAN_POINT('',(-30.35459518432,6.791429519653,-0.10000000149
    ));
#105 = VECTOR('',#106,1.);
#106 = DIRECTION('',(0.965926007905,0.2588183673,0.));
#107 = ORIENTED_EDGE('',*,*,#108,.F.);
#108 = EDGE_CURVE('',#78,#101,#109,.T.);
#109 = LINE('',#110,#111);
#110 = CARTESIAN_POINT('',(-30.77598190307,8.088324546814,
    -2.099999904633));
#111 = VECTOR('',#112,1.);
#112 = DIRECTION('',(0.174080629934,-0.535765113708,0.82622737622));
#113 = PLANE('',#114);
#114 = AXIS2_PLACEMENT_3D('',#115,#116,#117);
#115 = CARTESIAN_POINT('',(-30.51737621265,7.429646730713,
    -1.067274382162));
#116 = DIRECTION('',(0.213935823298,-0.798421603156,-0.562809387913));
#117 = DIRECTION('',(0.,0.576148541615,-0.817345005487));
#118 = ADVANCED_FACE('',(#119),#136,.T.);
#119 = FACE_BOUND('',#120,.T.);
#120 = EDGE_LOOP('',(#121,#122,#130));
#121 = ORIENTED_EDGE('',*,*,#108,.T.);
#122 = ORIENTED_EDGE('',*,*,#123,.T.);
#123 = EDGE_CURVE('',#101,#124,#126,.T.);
#124 = VERTEX_POINT('',#125);
#125 = CARTESIAN_POINT('',(-31.06247711181,7.978349208832,
    -2.099999904633));
#126 = LINE('',#127,#128);
#127 = CARTESIAN_POINT('',(-30.35459518432,6.791429519653,-0.10000000149
    ));
#128 = VECTOR('',#129,1.);
#129 = DIRECTION('',(-0.291186800879,0.488238693164,-0.822698745283));
#130 = ORIENTED_EDGE('',*,*,#131,.F.);
#131 = EDGE_CURVE('',#78,#124,#132,.T.);
#132 = LINE('',#133,#134);
#133 = CARTESIAN_POINT('',(-30.77598190307,8.088324546814,
    -2.099999904633));
#134 = VECTOR('',#135,1.);
#135 = DIRECTION('',(-0.933580283529,-0.358368321991,0.));
#136 = PLANE('',#137);
#137 = AXIS2_PLACEMENT_3D('',#138,#139,#140);
#138 = CARTESIAN_POINT('',(-30.65385134338,7.449267948301,
    -1.159489226662));
#139 = DIRECTION('',(0.296222491696,-0.771685053659,-0.562809393466));
#140 = DIRECTION('',(0.,0.589255804431,-0.807946530993));
#141 = ADVANCED_FACE('',(#142),#159,.T.);
#142 = FACE_BOUND('',#143,.T.);
#143 = EDGE_LOOP('',(#144,#145,#153));
#144 = ORIENTED_EDGE('',*,*,#123,.F.);
#145 = ORIENTED_EDGE('',*,*,#146,.F.);
#146 = EDGE_CURVE('',#147,#101,#149,.T.);
#147 = VERTEX_POINT('',#148);
#148 = CARTESIAN_POINT('',(-30.50783729553,6.732605457306,-0.10000000149
    ));
#149 = LINE('',#150,#151);
#150 = CARTESIAN_POINT('',(-30.50783729553,6.732605457306,-0.10000000149
    ));
#151 = VECTOR('',#152,1.);
#152 = DIRECTION('',(0.933580574876,0.358367563006,0.));
#153 = ORIENTED_EDGE('',*,*,#154,.F.);
#154 = EDGE_CURVE('',#124,#147,#155,.T.);
#155 = LINE('',#156,#157);
#156 = CARTESIAN_POINT('',(-31.06247711181,7.978349208832,
    -2.099999904633));
#157 = VECTOR('',#158,1.);
#158 = DIRECTION('',(0.229129324038,-0.514633849449,0.826227422607));
#159 = PLANE('',#160);
#160 = AXIS2_PLACEMENT_3D('',#161,#162,#163);
#161 = CARTESIAN_POINT('',(-30.73643823351,7.350311300857,
    -1.067274525838));
#162 = DIRECTION('',(0.296221877522,-0.77168532885,-0.5628093394));
#163 = DIRECTION('',(0.,0.589255630308,-0.807946657986));
#164 = ADVANCED_FACE('',(#165),#182,.T.);
#165 = FACE_BOUND('',#166,.T.);
#166 = EDGE_LOOP('',(#167,#168,#176));
#167 = ORIENTED_EDGE('',*,*,#154,.T.);
#168 = ORIENTED_EDGE('',*,*,#169,.T.);
#169 = EDGE_CURVE('',#147,#170,#172,.T.);
#170 = VERTEX_POINT('',#171);
#171 = CARTESIAN_POINT('',(-31.33590888977,7.839028835297,
    -2.099999904633));
#172 = LINE('',#173,#174);
#173 = CARTESIAN_POINT('',(-30.50783729553,6.732605457306,-0.10000000149
    ));
#174 = VECTOR('',#175,1.);
#175 = DIRECTION('',(-0.340626744847,0.455126581192,-0.822698739386));
#176 = ORIENTED_EDGE('',*,*,#177,.F.);
#177 = EDGE_CURVE('',#124,#170,#178,.T.);
#178 = LINE('',#179,#180);
#179 = CARTESIAN_POINT('',(-31.06247711181,7.978349208832,
    -2.099999904633));
#180 = VECTOR('',#181,1.);
#181 = DIRECTION('',(-0.89100662441,-0.453990303043,0.));
#182 = PLANE('',#183);
#183 = AXIS2_PLACEMENT_3D('',#184,#185,#186);
#184 = CARTESIAN_POINT('',(-30.87421696191,7.355559497664,
    -1.159489532239));
#185 = DIRECTION('',(0.375262371681,-0.736494274918,-0.562809324207));
#186 = DIRECTION('',(0.,0.607183094723,-0.794561948171));
#187 = ADVANCED_FACE('',(#188),#205,.T.);
#188 = FACE_BOUND('',#189,.T.);
#189 = EDGE_LOOP('',(#190,#191,#199));
#190 = ORIENTED_EDGE('',*,*,#169,.F.);
#191 = ORIENTED_EDGE('',*,*,#192,.F.);
#192 = EDGE_CURVE('',#193,#147,#195,.T.);
#193 = VERTEX_POINT('',#194);
#194 = CARTESIAN_POINT('',(-30.65409088134,6.658085346222,-0.10000000149
    ));
#195 = LINE('',#196,#197);
#196 = CARTESIAN_POINT('',(-30.65409088134,6.658085346222,-0.10000000149
    ));
#197 = VECTOR('',#198,1.);
#198 = DIRECTION('',(0.891006063278,0.453991404326,0.));
#199 = ORIENTED_EDGE('',*,*,#200,.F.);
#200 = EDGE_CURVE('',#170,#193,#201,.T.);
#201 = LINE('',#202,#203);
#202 = CARTESIAN_POINT('',(-31.33590888977,7.839028835297,
    -2.099999904633));
#203 = VECTOR('',#204,1.);
#204 = DIRECTION('',(0.281668369499,-0.487863950393,0.826227387304));
#205 = PLANE('',#206);
#206 = AXIS2_PLACEMENT_3D('',#207,#208,#209);
#207 = CARTESIAN_POINT('',(-30.94600787189,7.24851193558,-1.067274559897
    ));
#208 = DIRECTION('',(0.375263256577,-0.736493761226,-0.562809406405));
#209 = DIRECTION('',(-2.775557561563E-17,0.607183418077,-0.794561701073)
  );
#210 = ADVANCED_FACE('',(#211),#228,.T.);
#211 = FACE_BOUND('',#212,.T.);
#212 = EDGE_LOOP('',(#213,#214,#222));
#213 = ORIENTED_EDGE('',*,*,#200,.T.);
#214 = ORIENTED_EDGE('',*,*,#215,.T.);
#215 = EDGE_CURVE('',#193,#216,#218,.T.);
#216 = VERTEX_POINT('',#217);
#217 = CARTESIAN_POINT('',(-31.59327888488,7.671890735626,
    -2.099999904633));
#218 = LINE('',#219,#220);
#219 = CARTESIAN_POINT('',(-30.65409088134,6.658085346222,-0.10000000149
    ));
#220 = VECTOR('',#221,1.);
#221 = DIRECTION('',(-0.386334404896,0.417028220462,-0.82269872428));
#222 = ORIENTED_EDGE('',*,*,#223,.F.);
#223 = EDGE_CURVE('',#170,#216,#224,.T.);
#224 = LINE('',#225,#226);
#225 = CARTESIAN_POINT('',(-31.33590888977,7.839028835297,
    -2.099999904633));
#226 = VECTOR('',#227,1.);
#227 = DIRECTION('',(-0.838670462891,-0.544639196785,0.));
#228 = PLANE('',#229);
#229 = AXIS2_PLACEMENT_3D('',#230,#231,#232);
#230 = CARTESIAN_POINT('',(-31.0835800488,7.23932953468,-1.159489338951)
  );
#231 = DIRECTION('',(0.450191525519,-0.69323386441,-0.562809381216));
#232 = DIRECTION('',(2.775557561563E-17,0.630293649811,-0.776356821963)
  );
#233 = ADVANCED_FACE('',(#234),#251,.T.);
#234 = FACE_BOUND('',#235,.T.);
#235 = EDGE_LOOP('',(#236,#237,#245));
#236 = ORIENTED_EDGE('',*,*,#215,.F.);
#237 = ORIENTED_EDGE('',*,*,#238,.F.);
#238 = EDGE_CURVE('',#239,#193,#241,.T.);
#239 = VERTEX_POINT('',#240);
#240 = CARTESIAN_POINT('',(-30.79175376892,6.568685531616,-0.10000000149
    ));
#241 = LINE('',#242,#243);
#242 = CARTESIAN_POINT('',(-30.79175376892,6.568685531616,-0.10000000149
    ));
#243 = VECTOR('',#244,1.);
#244 = DIRECTION('',(0.838669204078,0.544641135181,0.));
#245 = ORIENTED_EDGE('',*,*,#246,.F.);
#246 = EDGE_CURVE('',#216,#239,#247,.T.);
#247 = LINE('',#248,#249);
#248 = CARTESIAN_POINT('',(-31.59327888488,7.671890735626,
    -2.099999904633));
#249 = VECTOR('',#250,1.);
#250 = DIRECTION('',(0.33112099146,-0.455749163262,0.826227322957));
#251 = PLANE('',#252);
#252 = AXIS2_PLACEMENT_3D('',#253,#254,#255);
#253 = CARTESIAN_POINT('',(-31.14378797732,7.125364336397,
    -1.067274538422));
#254 = DIRECTION('',(0.450193070771,-0.69323273612,-0.562809534924));
#255 = DIRECTION('',(-2.775557561563E-17,0.630294371875,-0.776356235747)
  );
#256 = ADVANCED_FACE('',(#257),#274,.T.);
#257 = FACE_BOUND('',#258,.T.);
#258 = EDGE_LOOP('',(#259,#260,#268));
#259 = ORIENTED_EDGE('',*,*,#246,.T.);
#260 = ORIENTED_EDGE('',*,*,#261,.T.);
#261 = EDGE_CURVE('',#239,#262,#264,.T.);
#262 = VERTEX_POINT('',#263);
#263 = CARTESIAN_POINT('',(-31.83176994323,7.478765487671,
    -2.099999904633));
#264 = LINE('',#265,#266);
#265 = CARTESIAN_POINT('',(-30.79175376892,6.568685531616,-0.10000000149
    ));
#266 = VECTOR('',#267,1.);
#267 = DIRECTION('',(-0.427809876876,0.374360710498,-0.822698467048));
#268 = ORIENTED_EDGE('',*,*,#269,.F.);
#269 = EDGE_CURVE('',#216,#262,#270,.T.);
#270 = LINE('',#271,#272);
#271 = CARTESIAN_POINT('',(-31.59327888488,7.671890735626,
    -2.099999904633));
#272 = VECTOR('',#273,1.);
#273 = DIRECTION('',(-0.777147560181,-0.629318416785,0.));
#274 = PLANE('',#275);
#275 = AXIS2_PLACEMENT_3D('',#276,#277,#278);
#276 = CARTESIAN_POINT('',(-31.27964725681,7.101852045049,
    -1.159489591667));
#277 = DIRECTION('',(0.520186181698,-0.642379773362,-0.562809526523));
#278 = DIRECTION('',(2.775557561563E-17,0.658986737351,-0.752154558582)
  );
#279 = ADVANCED_FACE('',(#280),#297,.T.);
#280 = FACE_BOUND('',#281,.T.);
#281 = EDGE_LOOP('',(#282,#283,#291));
#282 = ORIENTED_EDGE('',*,*,#261,.F.);
#283 = ORIENTED_EDGE('',*,*,#284,.F.);
#284 = EDGE_CURVE('',#285,#239,#287,.T.);
#285 = VERTEX_POINT('',#286);
#286 = CARTESIAN_POINT('',(-30.91931915283,6.465386390686,-0.10000000149
    ));
#287 = LINE('',#288,#289);
#288 = CARTESIAN_POINT('',(-30.91931915283,6.465386390686,-0.10000000149
    ));
#289 = VECTOR('',#290,1.);
#290 = DIRECTION('',(0.777149745878,0.62931571765,0.));
#291 = ORIENTED_EDGE('',*,*,#292,.F.);
#292 = EDGE_CURVE('',#262,#285,#293,.T.);
#293 = LINE('',#294,#295);
#294 = CARTESIAN_POINT('',(-31.83176994323,7.478765487671,
    -2.099999904633));
#295 = VECTOR('',#296,1.);
#296 = DIRECTION('',(0.376945924323,-0.418640790735,0.826227364876));
#297 = PLANE('',#298);
#298 = AXIS2_PLACEMENT_3D('',#299,#300,#301);
#299 = CARTESIAN_POINT('',(-31.32761329339,6.982217617903,
    -1.067274400293));
#300 = DIRECTION('',(0.520184049604,-0.642381702255,-0.56280929554));
#301 = DIRECTION('',(2.775557561563E-17,0.658985464889,-0.752155673425)
  );
#302 = ADVANCED_FACE('',(#303),#320,.T.);
#303 = FACE_BOUND('',#304,.T.);
#304 = EDGE_LOOP('',(#305,#313,#314));
#305 = ORIENTED_EDGE('',*,*,#306,.F.);
#306 = EDGE_CURVE('',#262,#307,#309,.T.);
#307 = VERTEX_POINT('',#308);
#308 = CARTESIAN_POINT('',(-32.04876708984,7.261769294739,
    -2.099999904633));
#309 = LINE('',#310,#311);
#310 = CARTESIAN_POINT('',(-31.83176994323,7.478765487671,
    -2.099999904633));
#311 = VECTOR('',#312,1.);
#312 = DIRECTION('',(-0.70710833501,-0.70710522736,0.));
#313 = ORIENTED_EDGE('',*,*,#292,.T.);
#314 = ORIENTED_EDGE('',*,*,#315,.T.);
#315 = EDGE_CURVE('',#285,#307,#316,.T.);
#316 = LINE('',#317,#318);
#317 = CARTESIAN_POINT('',(-30.91931915283,6.465386390686,-0.10000000149
    ));
#318 = VECTOR('',#319,1.);
#319 = DIRECTION('',(-0.464597597021,0.327591535127,-0.822698522519));
#320 = PLANE('',#321);
#321 = AXIS2_PLACEMENT_3D('',#322,#323,#324);
#322 = CARTESIAN_POINT('',(-31.46027094774,6.944633192749,
    -1.159489524593));
#323 = DIRECTION('',(0.584483748286,-0.584486317027,-0.562809464382));
#324 = DIRECTION('',(-0.70710833501,-0.70710522736,-2.775557561563E-17)
  );
#325 = ADVANCED_FACE('',(#326),#343,.T.);
#326 = FACE_BOUND('',#327,.T.);
#327 = EDGE_LOOP('',(#328,#329,#337));
#328 = ORIENTED_EDGE('',*,*,#315,.F.);
#329 = ORIENTED_EDGE('',*,*,#330,.F.);
#330 = EDGE_CURVE('',#331,#285,#333,.T.);
#331 = VERTEX_POINT('',#332);
#332 = CARTESIAN_POINT('',(-31.03538703918,6.349318504333,-0.10000000149
    ));
#333 = LINE('',#334,#335);
#334 = CARTESIAN_POINT('',(-31.03538703918,6.349318504333,-0.10000000149
    ));
#335 = VECTOR('',#336,1.);
#336 = DIRECTION('',(0.707106781187,0.707106781187,0.));
#337 = ORIENTED_EDGE('',*,*,#338,.F.);
#338 = EDGE_CURVE('',#307,#331,#339,.T.);
#339 = LINE('',#340,#341);
#340 = CARTESIAN_POINT('',(-32.04876708984,7.261769294739,
    -2.099999904633));
#341 = VECTOR('',#342,1.);
#342 = DIRECTION('',(0.418641115663,-0.376945862151,0.826227228602));
#343 = PLANE('',#344);
#344 = AXIS2_PLACEMENT_3D('',#345,#346,#347);
#345 = CARTESIAN_POINT('',(-31.49546876232,6.820640336491,
    -1.067274478901));
#346 = DIRECTION('',(0.584484962298,-0.584484962298,-0.562809610522));
#347 = DIRECTION('',(0.707106781187,0.707106781187,0.));
#348 = ADVANCED_FACE('',(#349),#375,.T.);
#349 = FACE_BOUND('',#350,.T.);
#350 = EDGE_LOOP('',(#351,#361,#369));
#351 = ORIENTED_EDGE('',*,*,#352,.F.);
#352 = EDGE_CURVE('',#353,#355,#357,.T.);
#353 = VERTEX_POINT('',#354);
#354 = CARTESIAN_POINT('',(-32.24188995361,7.023279666901,
    -2.099999904633));
#355 = VERTEX_POINT('',#356);
#356 = CARTESIAN_POINT('',(-32.4090309143,6.765909194946,-2.099999904633
    ));
#357 = LINE('',#358,#359);
#358 = CARTESIAN_POINT('',(-32.24188995361,7.023279666901,
    -2.099999904633));
#359 = VECTOR('',#360,1.);
#360 = DIRECTION('',(-0.544645044475,-0.838666665326,0.));
#361 = ORIENTED_EDGE('',*,*,#362,.T.);
#362 = EDGE_CURVE('',#353,#363,#365,.T.);
#363 = VERTEX_POINT('',#364);
#364 = CARTESIAN_POINT('',(-31.13868522644,6.221754074097,-0.10000000149
    ));
#365 = LINE('',#366,#367);
#366 = CARTESIAN_POINT('',(-32.24188995361,7.023279666901,
    -2.099999904633));
#367 = VECTOR('',#368,1.);
#368 = DIRECTION('',(0.455748977463,-0.331121196577,0.826227343241));
#369 = ORIENTED_EDGE('',*,*,#370,.T.);
#370 = EDGE_CURVE('',#363,#355,#371,.T.);
#371 = LINE('',#372,#373);
#372 = CARTESIAN_POINT('',(-31.13868522644,6.221754074097,-0.10000000149
    ));
#373 = VECTOR('',#374,1.);
#374 = DIRECTION('',(-0.522555582632,0.22383773089,-0.822698203043));
#375 = PLANE('',#376);
#376 = AXIS2_PLACEMENT_3D('',#377,#378,#379);
#377 = CARTESIAN_POINT('',(-31.76745740776,6.578058278921,-1.15948967671
    ));
#378 = DIRECTION('',(0.693230606592,-0.45019628199,-0.562809589263));
#379 = DIRECTION('',(0.630295575552,0.,0.776355258525));
#380 = ADVANCED_FACE('',(#381),#398,.T.);
#381 = FACE_BOUND('',#382,.T.);
#382 = EDGE_LOOP('',(#383,#384,#392));
#383 = ORIENTED_EDGE('',*,*,#370,.F.);
#384 = ORIENTED_EDGE('',*,*,#385,.F.);
#385 = EDGE_CURVE('',#386,#363,#388,.T.);
#386 = VERTEX_POINT('',#387);
#387 = CARTESIAN_POINT('',(-31.2280845642,6.084090709686,-0.10000000149)
  );
#388 = LINE('',#389,#390);
#389 = CARTESIAN_POINT('',(-31.2280845642,6.084090709686,-0.10000000149)
  );
#390 = VECTOR('',#391,1.);
#391 = DIRECTION('',(0.54463776499,0.838671392708,0.));
#392 = ORIENTED_EDGE('',*,*,#393,.F.);
#393 = EDGE_CURVE('',#355,#386,#394,.T.);
#394 = LINE('',#395,#396);
#395 = CARTESIAN_POINT('',(-32.4090309143,6.765909194946,-2.099999904633
    ));
#396 = VECTOR('',#397,1.);
#397 = DIRECTION('',(0.487864823938,-0.281668388443,0.826226865041));
#398 = PLANE('',#399);
#399 = AXIS2_PLACEMENT_3D('',#400,#401,#402);
#400 = CARTESIAN_POINT('',(-31.77610674877,6.449456905676,
    -1.067274530187));
#401 = DIRECTION('',(0.693234184548,-0.4501900508,-0.562810166517));
#402 = DIRECTION('',(0.630294004451,-2.775557561563E-17,0.776356534044)
  );
#403 = ADVANCED_FACE('',(#404),#430,.T.);
#404 = FACE_BOUND('',#405,.T.);
#405 = EDGE_LOOP('',(#406,#416,#424));
#406 = ORIENTED_EDGE('',*,*,#407,.F.);
#407 = EDGE_CURVE('',#408,#410,#412,.T.);
#408 = VERTEX_POINT('',#409);
#409 = CARTESIAN_POINT('',(-32.54834747314,6.492477893829,
    -2.099999904633));
#410 = VERTEX_POINT('',#411);
#411 = CARTESIAN_POINT('',(-32.65832519531,6.205981731415,
    -2.099999904633));
#412 = LINE('',#413,#414);
#413 = CARTESIAN_POINT('',(-32.54834747314,6.492477893829,
    -2.099999904633));
#414 = VECTOR('',#415,1.);
#415 = DIRECTION('',(-0.358374053622,-0.933578083339,0.));
#416 = ORIENTED_EDGE('',*,*,#417,.T.);
#417 = EDGE_CURVE('',#408,#418,#420,.T.);
#418 = VERTEX_POINT('',#419);
#419 = CARTESIAN_POINT('',(-31.30260467529,5.937837123871,-0.10000000149
    ));
#420 = LINE('',#421,#422);
#421 = CARTESIAN_POINT('',(-32.54834747314,6.492477893829,
    -2.099999904633));
#422 = VECTOR('',#423,1.);
#423 = DIRECTION('',(0.51463351336,-0.229129743787,0.826227515542));
#424 = ORIENTED_EDGE('',*,*,#425,.T.);
#425 = EDGE_CURVE('',#418,#410,#426,.T.);
#426 = LINE('',#427,#428);
#427 = CARTESIAN_POINT('',(-31.30260467529,5.937837123871,-0.10000000149
    ));
#428 = VECTOR('',#429,1.);
#429 = DIRECTION('',(-0.557674600685,0.110301079559,-0.822698432962));
#430 = PLANE('',#431);
#431 = AXIS2_PLACEMENT_3D('',#432,#433,#434);
#432 = CARTESIAN_POINT('',(-31.99171584423,6.15562608644,-1.159489538831
    ));
#433 = DIRECTION('',(0.771683278788,-0.29622724619,-0.562809324597));
#434 = DIRECTION('',(0.589256642063,0.,0.807945920086));
#435 = ADVANCED_FACE('',(#436),#453,.T.);
#436 = FACE_BOUND('',#437,.T.);
#437 = EDGE_LOOP('',(#438,#439,#447));
#438 = ORIENTED_EDGE('',*,*,#425,.F.);
#439 = ORIENTED_EDGE('',*,*,#440,.F.);
#440 = EDGE_CURVE('',#441,#418,#443,.T.);
#441 = VERTEX_POINT('',#442);
#442 = CARTESIAN_POINT('',(-31.36142921447,5.784595012665,-0.10000000149
    ));
#443 = LINE('',#444,#445);
#444 = CARTESIAN_POINT('',(-31.36142921447,5.784595012665,-0.10000000149
    ));
#445 = VECTOR('',#446,1.);
#446 = DIRECTION('',(0.358370094907,0.933579602967,0.));
#447 = ORIENTED_EDGE('',*,*,#448,.F.);
#448 = EDGE_CURVE('',#410,#441,#449,.T.);
#449 = LINE('',#450,#451);
#450 = CARTESIAN_POINT('',(-32.65832519531,6.205981731415,
    -2.099999904633));
#451 = VECTOR('',#452,1.);
#452 = DIRECTION('',(0.535765394595,-0.174080593189,0.826227201821));
#453 = PLANE('',#454);
#454 = AXIS2_PLACEMENT_3D('',#455,#456,#457);
#455 = CARTESIAN_POINT('',(-31.97343861011,6.028036896921,
    -1.067274503125));
#456 = DIRECTION('',(0.771684355631,-0.296223905157,-0.562809606606));
#457 = DIRECTION('',(0.58925629804,0.,0.807946170991));
#458 = ADVANCED_FACE('',(#459),#476,.T.);
#459 = FACE_BOUND('',#460,.T.);
#460 = EDGE_LOOP('',(#461,#469,#470));
#461 = ORIENTED_EDGE('',*,*,#462,.F.);
#462 = EDGE_CURVE('',#410,#463,#465,.T.);
#463 = VERTEX_POINT('',#464);
#464 = CARTESIAN_POINT('',(-32.73775100708,5.909559249878,
    -2.099999904633));
#465 = LINE('',#466,#467);
#466 = CARTESIAN_POINT('',(-32.65832519531,6.205981731415,
    -2.099999904633));
#467 = VECTOR('',#468,1.);
#468 = DIRECTION('',(-0.25881797254,-0.965926113681,0.));
#469 = ORIENTED_EDGE('',*,*,#448,.T.);
#470 = ORIENTED_EDGE('',*,*,#471,.T.);
#471 = EDGE_CURVE('',#441,#463,#472,.T.);
#472 = LINE('',#473,#474);
#473 = CARTESIAN_POINT('',(-31.36142921447,5.784595012665,-0.10000000149
    ));
#474 = VECTOR('',#475,1.);
#475 = DIRECTION('',(-0.566149010472,5.140395191216E-02,-0.822698566712)
  );
#476 = PLANE('',#477);
#477 = AXIS2_PLACEMENT_3D('',#478,#479,#480);
#478 = CARTESIAN_POINT('',(-32.06953069434,5.929159133835,
    -1.159489412982));
#479 = DIRECTION('',(0.798421524927,-0.213935452605,-0.5628096398));
#480 = DIRECTION('',(0.576148751589,1.387778780781E-17,0.817344857476));
#481 = ADVANCED_FACE('',(#482),#499,.T.);
#482 = FACE_BOUND('',#483,.T.);
#483 = EDGE_LOOP('',(#484,#485,#493));
#484 = ORIENTED_EDGE('',*,*,#471,.F.);
#485 = ORIENTED_EDGE('',*,*,#486,.F.);
#486 = EDGE_CURVE('',#487,#441,#489,.T.);
#487 = VERTEX_POINT('',#488);
#488 = CARTESIAN_POINT('',(-31.40391349792,5.626043319702,-0.10000000149
    ));
#489 = LINE('',#490,#491);
#490 = CARTESIAN_POINT('',(-31.40391349792,5.626043319702,-0.10000000149
    ));
#491 = VECTOR('',#492,1.);
#492 = DIRECTION('',(0.258821803922,0.965925087061,0.));
#493 = ORIENTED_EDGE('',*,*,#494,.F.);
#494 = EDGE_CURVE('',#463,#487,#495,.T.);
#495 = LINE('',#496,#497);
#496 = CARTESIAN_POINT('',(-32.73775100708,5.909559249878,
    -2.099999904633));
#497 = VECTOR('',#498,1.);
#498 = DIRECTION('',(0.551026545078,-0.117124314174,0.826227354697));
#499 = PLANE('',#500);
#500 = AXIS2_PLACEMENT_3D('',#501,#502,#503);
#501 = CARTESIAN_POINT('',(-32.0380163625,5.804179329255,-1.067274449089
    ));
#502 = DIRECTION('',(0.798420849829,-0.213938666062,-0.562809376007));
#503 = DIRECTION('',(0.576148896632,1.387778780781E-17,0.817344755235));
#504 = ADVANCED_FACE('',(#505),#522,.T.);
#505 = FACE_BOUND('',#506,.T.);
#506 = EDGE_LOOP('',(#507,#515,#516));
#507 = ORIENTED_EDGE('',*,*,#508,.F.);
#508 = EDGE_CURVE('',#463,#509,#511,.T.);
#509 = VERTEX_POINT('',#510);
#510 = CARTESIAN_POINT('',(-32.78575897216,5.60645866394,-2.099999904633
    ));
#511 = LINE('',#512,#513);
#512 = CARTESIAN_POINT('',(-32.73775100708,5.909559249878,
    -2.099999904633));
#513 = VECTOR('',#514,1.);
#514 = DIRECTION('',(-0.15643938727,-0.987687560978,0.));
#515 = ORIENTED_EDGE('',*,*,#494,.T.);
#516 = ORIENTED_EDGE('',*,*,#517,.T.);
#517 = EDGE_CURVE('',#487,#509,#518,.T.);
#518 = LINE('',#519,#520);
#519 = CARTESIAN_POINT('',(-31.40391349792,5.626043319702,-0.10000000149
    ));
#520 = VECTOR('',#521,1.);
#521 = DIRECTION('',(-0.568421041488,-8.056132637658E-03,-0.822698376272
    ));
#522 = PLANE('',#523);
#523 = AXIS2_PLACEMENT_3D('',#524,#525,#526);
#524 = CARTESIAN_POINT('',(-32.12324702807,5.695798896252,-1.15948940654
    ));
#525 = DIRECTION('',(0.816409315823,-0.129310703278,-0.562809533551));
#526 = DIRECTION('',(0.567574820424,-6.938893903907E-18,0.823321822388)
  );
#527 = ADVANCED_FACE('',(#528),#545,.T.);
#528 = FACE_BOUND('',#529,.T.);
#529 = EDGE_LOOP('',(#530,#531,#539));
#530 = ORIENTED_EDGE('',*,*,#517,.F.);
#531 = ORIENTED_EDGE('',*,*,#532,.F.);
#532 = EDGE_CURVE('',#533,#487,#535,.T.);
#533 = VERTEX_POINT('',#534);
#534 = CARTESIAN_POINT('',(-31.42959022522,5.463919639587,-0.10000000149
    ));
#535 = LINE('',#536,#537);
#536 = CARTESIAN_POINT('',(-31.42959022522,5.463919639587,-0.10000000149
    ));
#537 = VECTOR('',#538,1.);
#538 = DIRECTION('',(0.15642768369,0.987689414632,0.));
#539 = ORIENTED_EDGE('',*,*,#540,.F.);
#540 = EDGE_CURVE('',#509,#533,#541,.T.);
#541 = LINE('',#542,#543);
#542 = CARTESIAN_POINT('',(-32.78575897216,5.60645866394,-2.099999904633
    ));
#543 = VECTOR('',#544,1.);
#544 = DIRECTION('',(0.560251538202,-5.888478688749E-02,0.826226842832)
  );
#545 = PLANE('',#546);
#546 = AXIS2_PLACEMENT_3D('',#547,#548,#549);
#547 = CARTESIAN_POINT('',(-32.07884148359,5.574798031483,
    -1.067274563407));
#548 = DIRECTION('',(0.816410318075,-0.129300945322,-0.562810321583));
#549 = DIRECTION('',(0.567574886807,6.938893903907E-18,0.823321776626));
#550 = ADVANCED_FACE('',(#551),#568,.T.);
#551 = FACE_BOUND('',#552,.T.);
#552 = EDGE_LOOP('',(#553,#561,#562));
#553 = ORIENTED_EDGE('',*,*,#554,.F.);
#554 = EDGE_CURVE('',#509,#555,#557,.T.);
#555 = VERTEX_POINT('',#556);
#556 = CARTESIAN_POINT('',(-32.80181884765,5.300000190735,
    -2.099999904633));
#557 = LINE('',#558,#559);
#558 = CARTESIAN_POINT('',(-32.78575897216,5.60645866394,-2.099999904633
    ));
#559 = VECTOR('',#560,1.);
#560 = DIRECTION('',(-5.233292579533E-02,-0.998629693569,0.));
#561 = ORIENTED_EDGE('',*,*,#540,.T.);
#562 = ORIENTED_EDGE('',*,*,#563,.T.);
#563 = EDGE_CURVE('',#533,#555,#564,.T.);
#564 = LINE('',#565,#566);
#565 = CARTESIAN_POINT('',(-31.42959022522,5.463919639587,-0.10000000149
    ));
#566 = VECTOR('',#567,1.);
#567 = DIRECTION('',(-0.564465133019,-6.742813259256E-02,-0.822698341156
    ));
#568 = PLANE('',#569);
#569 = AXIS2_PLACEMENT_3D('',#570,#571,#572);
#570 = CARTESIAN_POINT('',(-32.15227535151,5.458102363113,-1.15948938374
    ));
#571 = DIRECTION('',(0.825453534885,-4.325767485868E-02,-0.562810123676)
  );
#572 = DIRECTION('',(0.563337436423,0.,0.826226925684));
#573 = ADVANCED_FACE('',(#574),#591,.T.);
#574 = FACE_BOUND('',#575,.T.);
#575 = EDGE_LOOP('',(#576,#577,#585));
#576 = ORIENTED_EDGE('',*,*,#563,.F.);
#577 = ORIENTED_EDGE('',*,*,#578,.F.);
#578 = EDGE_CURVE('',#579,#533,#581,.T.);
#579 = VERTEX_POINT('',#580);
#580 = CARTESIAN_POINT('',(-31.43818092346,5.300000190735,-0.10000000149
    ));
#581 = LINE('',#582,#583);
#582 = CARTESIAN_POINT('',(-31.43818092346,5.300000190735,-0.10000000149
    ));
#583 = VECTOR('',#584,1.);
#584 = DIRECTION('',(5.233622324049E-02,0.998629520762,0.));
#585 = ORIENTED_EDGE('',*,*,#586,.F.);
#586 = EDGE_CURVE('',#555,#579,#587,.T.);
#587 = LINE('',#588,#589);
#588 = CARTESIAN_POINT('',(-32.80181884765,5.300000190735,
    -2.099999904633));
#589 = VECTOR('',#590,1.);
#590 = DIRECTION('',(0.563337283362,0.,0.826227030043));
#591 = PLANE('',#592);
#592 = AXIS2_PLACEMENT_3D('',#593,#594,#595);
#593 = CARTESIAN_POINT('',(-32.09546468609,5.342405961898,
    -1.067274558256));
#594 = DIRECTION('',(0.825453541357,-4.326040830653E-02,-0.562809904084)
  );
#595 = DIRECTION('',(0.563337283362,-3.469446951954E-18,0.826227030043)
  );
#596 = ADVANCED_FACE('',(#597),#614,.T.);
#597 = FACE_BOUND('',#598,.T.);
#598 = EDGE_LOOP('',(#599,#607,#608));
#599 = ORIENTED_EDGE('',*,*,#600,.F.);
#600 = EDGE_CURVE('',#555,#601,#603,.T.);
#601 = VERTEX_POINT('',#602);
#602 = CARTESIAN_POINT('',(-32.78575897216,4.993541717529,
    -2.099999904633));
#603 = LINE('',#604,#605);
#604 = CARTESIAN_POINT('',(-32.80181884765,5.300000190735,
    -2.099999904633));
#605 = VECTOR('',#606,1.);
#606 = DIRECTION('',(5.233292579533E-02,-0.998629693569,0.));
#607 = ORIENTED_EDGE('',*,*,#586,.T.);
#608 = ORIENTED_EDGE('',*,*,#609,.T.);
#609 = EDGE_CURVE('',#579,#601,#610,.T.);
#610 = LINE('',#611,#612);
#611 = CARTESIAN_POINT('',(-31.43818092346,5.300000190735,-0.10000000149
    ));
#612 = VECTOR('',#613,1.);
#613 = DIRECTION('',(-0.554325026201,-0.126061419116,-0.822698173049));
#614 = PLANE('',#615);
#615 = AXIS2_PLACEMENT_3D('',#616,#617,#618);
#616 = CARTESIAN_POINT('',(-32.15629901145,5.218673603603,
    -1.159489384336));
#617 = DIRECTION('',(0.825453638952,4.325768031227E-02,-0.562809970626)
  );
#618 = DIRECTION('',(0.563337283362,-3.469446951954E-18,0.826227030043)
  );
#619 = ADVANCED_FACE('',(#620),#637,.T.);
#620 = FACE_BOUND('',#621,.T.);
#621 = EDGE_LOOP('',(#622,#623,#631));
#622 = ORIENTED_EDGE('',*,*,#609,.F.);
#623 = ORIENTED_EDGE('',*,*,#624,.F.);
#624 = EDGE_CURVE('',#625,#579,#627,.T.);
#625 = VERTEX_POINT('',#626);
#626 = CARTESIAN_POINT('',(-31.42959022522,5.136080265045,-0.10000000149
    ));
#627 = LINE('',#628,#629);
#628 = CARTESIAN_POINT('',(-31.42959022522,5.136080265045,-0.10000000149
    ));
#629 = VECTOR('',#630,1.);
#630 = DIRECTION('',(-5.233607141331E-02,0.998629528719,0.));
#631 = ORIENTED_EDGE('',*,*,#632,.F.);
#632 = EDGE_CURVE('',#601,#625,#633,.T.);
#633 = LINE('',#634,#635);
#634 = CARTESIAN_POINT('',(-32.78575897216,4.993541717529,
    -2.099999904633));
#635 = VECTOR('',#636,1.);
#636 = DIRECTION('',(0.5602515447,5.888459058269E-02,0.826226852416));
#637 = PLANE('',#638);
#638 = AXIS2_PLACEMENT_3D('',#639,#640,#641);
#639 = CARTESIAN_POINT('',(-32.08770636485,5.109549210386,
    -1.067274473063));
#640 = DIRECTION('',(0.825453360249,4.326027297209E-02,-0.56281018011));
#641 = DIRECTION('',(0.563337556343,0.,0.826226843919));
#642 = ADVANCED_FACE('',(#643),#660,.T.);
#643 = FACE_BOUND('',#644,.T.);
#644 = EDGE_LOOP('',(#645,#646,#654));
#645 = ORIENTED_EDGE('',*,*,#632,.T.);
#646 = ORIENTED_EDGE('',*,*,#647,.T.);
#647 = EDGE_CURVE('',#625,#648,#650,.T.);
#648 = VERTEX_POINT('',#649);
#649 = CARTESIAN_POINT('',(-32.73775100708,4.690440654755,
    -2.099999904633));
#650 = LINE('',#651,#652);
#651 = CARTESIAN_POINT('',(-31.42959022522,5.136080265045,-0.10000000149
    ));
#652 = VECTOR('',#653,1.);
#653 = DIRECTION('',(-0.53811095535,-0.183313519072,-0.822698458403));
#654 = ORIENTED_EDGE('',*,*,#655,.F.);
#655 = EDGE_CURVE('',#601,#648,#656,.T.);
#656 = LINE('',#657,#658);
#657 = CARTESIAN_POINT('',(-32.78575897216,4.993541717529,
    -2.099999904633));
#658 = VECTOR('',#659,1.);
#659 = DIRECTION('',(0.156439147183,-0.987687599005,0.));
#660 = PLANE('',#661);
#661 = AXIS2_PLACEMENT_3D('',#662,#663,#664);
#662 = CARTESIAN_POINT('',(-32.13527337976,4.980135616268,
    -1.159489478235));
#663 = DIRECTION('',(0.816408988764,0.129310448044,-0.562810066622));
#664 = DIRECTION('',(0.567575338958,6.938893903907E-18,0.823321464925));
#665 = ADVANCED_FACE('',(#666),#683,.T.);
#666 = FACE_BOUND('',#667,.T.);
#667 = EDGE_LOOP('',(#668,#669,#677));
#668 = ORIENTED_EDGE('',*,*,#647,.F.);
#669 = ORIENTED_EDGE('',*,*,#670,.F.);
#670 = EDGE_CURVE('',#671,#625,#673,.T.);
#671 = VERTEX_POINT('',#672);
#672 = CARTESIAN_POINT('',(-31.40391349792,4.97395658493,-0.10000000149)
  );
#673 = LINE('',#674,#675);
#674 = CARTESIAN_POINT('',(-31.40391349792,4.97395658493,-0.10000000149)
  );
#675 = VECTOR('',#676,1.);
#676 = DIRECTION('',(-0.15642768369,0.987689414632,0.));
#677 = ORIENTED_EDGE('',*,*,#678,.F.);
#678 = EDGE_CURVE('',#648,#671,#679,.T.);
#679 = LINE('',#680,#681);
#680 = CARTESIAN_POINT('',(-32.73775100708,4.690440654755,
    -2.099999904633));
#681 = VECTOR('',#682,1.);
#682 = DIRECTION('',(0.551026545078,0.117124314174,0.826227354697));
#683 = PLANE('',#684);
#684 = AXIS2_PLACEMENT_3D('',#685,#686,#687);
#685 = CARTESIAN_POINT('',(-32.05564960811,4.878778919358,-1.06727455204
    ));
#686 = DIRECTION('',(0.816411008624,0.12930105469,-0.562809294747));
#687 = DIRECTION('',(0.567573859441,0.,0.823322484862));
#688 = ADVANCED_FACE('',(#689),#706,.T.);
#689 = FACE_BOUND('',#690,.T.);
#690 = EDGE_LOOP('',(#691,#692,#700));
#691 = ORIENTED_EDGE('',*,*,#678,.T.);
#692 = ORIENTED_EDGE('',*,*,#693,.T.);
#693 = EDGE_CURVE('',#671,#694,#696,.T.);
#694 = VERTEX_POINT('',#695);
#695 = CARTESIAN_POINT('',(-32.65832519531,4.394018173218,
    -2.099999904633));
#696 = LINE('',#697,#698);
#697 = CARTESIAN_POINT('',(-31.40391349792,4.97395658493,-0.10000000149)
  );
#698 = VECTOR('',#699,1.);
#699 = DIRECTION('',(-0.516001398237,-0.238557271076,-0.822698599387));
#700 = ORIENTED_EDGE('',*,*,#701,.F.);
#701 = EDGE_CURVE('',#648,#694,#702,.T.);
#702 = LINE('',#703,#704);
#703 = CARTESIAN_POINT('',(-32.73775100708,4.690440654755,
    -2.099999904633));
#704 = VECTOR('',#705,1.);
#705 = DIRECTION('',(0.25881797254,-0.965926113681,0.));
#706 = PLANE('',#707);
#707 = AXIS2_PLACEMENT_3D('',#708,#709,#710);
#708 = CARTESIAN_POINT('',(-32.0894292268,4.745102235263,-1.159489419261
    ));
#709 = DIRECTION('',(0.798421645845,0.213935485005,-0.562809455945));
#710 = DIRECTION('',(0.576148567562,-1.387778780781E-17,0.817344987197)
  );
#711 = ADVANCED_FACE('',(#712),#729,.T.);
#712 = FACE_BOUND('',#713,.T.);
#713 = EDGE_LOOP('',(#714,#715,#723));
#714 = ORIENTED_EDGE('',*,*,#693,.F.);
#715 = ORIENTED_EDGE('',*,*,#716,.F.);
#716 = EDGE_CURVE('',#717,#671,#719,.T.);
#717 = VERTEX_POINT('',#718);
#718 = CARTESIAN_POINT('',(-31.36142921447,4.815405368805,-0.10000000149
    ));
#719 = LINE('',#720,#721);
#720 = CARTESIAN_POINT('',(-31.36142921447,4.815405368805,-0.10000000149
    ));
#721 = VECTOR('',#722,1.);
#722 = DIRECTION('',(-0.258822530176,0.96592489246,0.));
#723 = ORIENTED_EDGE('',*,*,#724,.F.);
#724 = EDGE_CURVE('',#694,#717,#725,.T.);
#725 = LINE('',#726,#727);
#726 = CARTESIAN_POINT('',(-32.65832519531,4.394018173218,
    -2.099999904633));
#727 = VECTOR('',#728,1.);
#728 = DIRECTION('',(0.535765376223,0.174080784208,0.826227173488));
#729 = PLANE('',#730);
#730 = AXIS2_PLACEMENT_3D('',#731,#732,#733);
#731 = CARTESIAN_POINT('',(-31.99964711029,4.652623819796,
    -1.067274540745));
#732 = DIRECTION('',(0.798420430025,0.213939196987,-0.562809769737));
#733 = DIRECTION('',(0.576149368274,0.,0.817344422773));
#734 = ADVANCED_FACE('',(#735),#752,.T.);
#735 = FACE_BOUND('',#736,.T.);
#736 = EDGE_LOOP('',(#737,#738,#746));
#737 = ORIENTED_EDGE('',*,*,#724,.T.);
#738 = ORIENTED_EDGE('',*,*,#739,.T.);
#739 = EDGE_CURVE('',#717,#740,#742,.T.);
#740 = VERTEX_POINT('',#741);
#741 = CARTESIAN_POINT('',(-32.54834747314,4.107522010803,
    -2.099999904633));
#742 = LINE('',#743,#744);
#743 = CARTESIAN_POINT('',(-31.36142921447,4.815405368805,-0.10000000149
    ));
#744 = VECTOR('',#745,1.);
#745 = DIRECTION('',(-0.488238161337,-0.291187423083,-0.822698840678));
#746 = ORIENTED_EDGE('',*,*,#747,.F.);
#747 = EDGE_CURVE('',#694,#740,#748,.T.);
#748 = LINE('',#749,#750);
#749 = CARTESIAN_POINT('',(-32.65832519531,4.394018173218,
    -2.099999904633));
#750 = VECTOR('',#751,1.);
#751 = DIRECTION('',(0.358374053622,-0.933578083339,0.));
#752 = PLANE('',#753);
#753 = AXIS2_PLACEMENT_3D('',#754,#755,#756);
#754 = CARTESIAN_POINT('',(-32.0192677156,4.516148627486,-1.159489541168
    ));
#755 = DIRECTION('',(0.771683123178,0.296227186456,-0.562809569399));
#756 = DIRECTION('',(0.589256886939,0.,0.807945741492));
#757 = ADVANCED_FACE('',(#758),#775,.T.);
#758 = FACE_BOUND('',#759,.T.);
#759 = EDGE_LOOP('',(#760,#761,#769));
#760 = ORIENTED_EDGE('',*,*,#739,.F.);
#761 = ORIENTED_EDGE('',*,*,#762,.F.);
#762 = EDGE_CURVE('',#763,#717,#765,.T.);
#763 = VERTEX_POINT('',#764);
#764 = CARTESIAN_POINT('',(-31.30260467529,4.662162780762,-0.10000000149
    ));
#765 = LINE('',#766,#767);
#766 = CARTESIAN_POINT('',(-31.30260467529,4.662162780762,-0.10000000149
    ));
#767 = VECTOR('',#768,1.);
#768 = DIRECTION('',(-0.358369122999,0.93357997605,0.));
#769 = ORIENTED_EDGE('',*,*,#770,.F.);
#770 = EDGE_CURVE('',#740,#763,#771,.T.);
#771 = LINE('',#772,#773);
#772 = CARTESIAN_POINT('',(-32.54834747314,4.107522010803,
    -2.099999904633));
#773 = VECTOR('',#774,1.);
#774 = DIRECTION('',(0.51463351336,0.229129743787,0.826227515542));
#775 = PLANE('',#776);
#776 = AXIS2_PLACEMENT_3D('',#777,#778,#779);
#777 = CARTESIAN_POINT('',(-31.92031010649,4.433561543468,-1.06727440342
    ));
#778 = DIRECTION('',(0.771684910929,0.296223196572,-0.56280921817));
#779 = DIRECTION('',(0.589255755769,0.,0.807946566484));
#780 = ADVANCED_FACE('',(#781),#798,.T.);
#781 = FACE_BOUND('',#782,.T.);
#782 = EDGE_LOOP('',(#783,#784,#792));
#783 = ORIENTED_EDGE('',*,*,#770,.T.);
#784 = ORIENTED_EDGE('',*,*,#785,.T.);
#785 = EDGE_CURVE('',#763,#786,#788,.T.);
#786 = VERTEX_POINT('',#787);
#787 = CARTESIAN_POINT('',(-32.4090309143,3.834090948105,-2.099999904633
    ));
#788 = LINE('',#789,#790);
#789 = CARTESIAN_POINT('',(-31.30260467529,4.662162780762,-0.10000000149
    ));
#790 = VECTOR('',#791,1.);
#791 = DIRECTION('',(-0.455127499087,-0.340626649091,-0.822698271241));
#792 = ORIENTED_EDGE('',*,*,#793,.F.);
#793 = EDGE_CURVE('',#740,#786,#794,.T.);
#794 = LINE('',#795,#796);
#795 = CARTESIAN_POINT('',(-32.54834747314,4.107522010803,
    -2.099999904633));
#796 = VECTOR('',#797,1.);
#797 = DIRECTION('',(0.453981377192,-0.8910111723,0.));
#798 = PLANE('',#799);
#799 = AXIS2_PLACEMENT_3D('',#800,#801,#802);
#800 = CARTESIAN_POINT('',(-31.92555895004,4.295782930751,
    -1.159489087486));
#801 = DIRECTION('',(0.736497983076,0.375254967671,-0.562809408381));
#802 = DIRECTION('',(0.607181222029,0.,0.794563379231));
#803 = ADVANCED_FACE('',(#804),#821,.T.);
#804 = FACE_BOUND('',#805,.T.);
#805 = EDGE_LOOP('',(#806,#807,#815));
#806 = ORIENTED_EDGE('',*,*,#785,.F.);
#807 = ORIENTED_EDGE('',*,*,#808,.F.);
#808 = EDGE_CURVE('',#809,#763,#811,.T.);
#809 = VERTEX_POINT('',#810);
#810 = CARTESIAN_POINT('',(-31.2280845642,4.515909194946,-0.10000000149)
  );
#811 = LINE('',#812,#813);
#812 = CARTESIAN_POINT('',(-31.2280845642,4.515909194946,-0.10000000149)
  );
#813 = VECTOR('',#814,1.);
#814 = DIRECTION('',(-0.453991404326,0.891006063278,0.));
#815 = ORIENTED_EDGE('',*,*,#816,.F.);
#816 = EDGE_CURVE('',#786,#809,#817,.T.);
#817 = LINE('',#818,#819);
#818 = CARTESIAN_POINT('',(-32.4090309143,3.834090948105,-2.099999904633
    ));
#819 = VECTOR('',#820,1.);
#820 = DIRECTION('',(0.487864837473,0.281668297763,0.826226887963));
#821 = PLANE('',#822);
#822 = AXIS2_PLACEMENT_3D('',#823,#824,#825);
#823 = CARTESIAN_POINT('',(-31.81851254756,4.223992081456,
    -1.067274578467));
#824 = DIRECTION('',(0.736493305975,0.375263024615,-0.562810156811));
#825 = DIRECTION('',(0.607184166131,0.,0.794561129429));
#826 = ADVANCED_FACE('',(#827),#853,.T.);
#827 = FACE_BOUND('',#828,.T.);
#828 = EDGE_LOOP('',(#829,#839,#847));
#829 = ORIENTED_EDGE('',*,*,#830,.F.);
#830 = EDGE_CURVE('',#831,#833,#835,.T.);
#831 = VERTEX_POINT('',#832);
#832 = CARTESIAN_POINT('',(-30.4795589447,2.432249069214,-2.099999904633
    ));
#833 = VERTEX_POINT('',#834);
#834 = CARTESIAN_POINT('',(-30.17645835876,2.384242534637,
    -2.099999904633));
#835 = LINE('',#836,#837);
#836 = CARTESIAN_POINT('',(-30.4795589447,2.432249069214,-2.099999904633
    ));
#837 = VECTOR('',#838,1.);
#838 = DIRECTION('',(0.987688281229,-0.156434839863,0.));
#839 = ORIENTED_EDGE('',*,*,#840,.T.);
#840 = EDGE_CURVE('',#831,#841,#843,.T.);
#841 = VERTEX_POINT('',#842);
#842 = CARTESIAN_POINT('',(-30.19604301452,3.766086816788,-0.10000000149
    ));
#843 = LINE('',#844,#845);
#844 = CARTESIAN_POINT('',(-30.4795589447,2.432249069214,-2.099999904633
    ));
#845 = VECTOR('',#846,1.);
#846 = DIRECTION('',(0.117124307817,0.551026613666,0.826227309855));
#847 = ORIENTED_EDGE('',*,*,#848,.T.);
#848 = EDGE_CURVE('',#841,#833,#849,.T.);
#849 = LINE('',#850,#851);
#850 = CARTESIAN_POINT('',(-30.19604301452,3.766086816788,-0.10000000149
    ));
#851 = VECTOR('',#852,1.);
#852 = DIRECTION('',(8.056134883181E-03,-0.56842070956,-0.822698605587)
  );
#853 = PLANE('',#854);
#854 = AXIS2_PLACEMENT_3D('',#855,#856,#857);
#855 = CARTESIAN_POINT('',(-30.26579860066,3.046753565263,
    -1.159489372039));
#856 = DIRECTION('',(0.129306947252,0.816409928849,-0.562809507267));
#857 = DIRECTION('',(6.938893903907E-18,0.567574513566,0.823322033928));
#858 = ADVANCED_FACE('',(#859),#876,.T.);
#859 = FACE_BOUND('',#860,.T.);
#860 = EDGE_LOOP('',(#861,#869,#870));
#861 = ORIENTED_EDGE('',*,*,#862,.F.);
#862 = EDGE_CURVE('',#841,#863,#865,.T.);
#863 = VERTEX_POINT('',#864);
#864 = CARTESIAN_POINT('',(-30.35459518432,3.808570384979,-0.10000000149
    ));
#865 = LINE('',#866,#867);
#866 = CARTESIAN_POINT('',(-30.19604301452,3.766086816788,-0.10000000149
    ));
#867 = VECTOR('',#868,1.);
#868 = DIRECTION('',(-0.965926371025,0.258817012112,0.));
#869 = ORIENTED_EDGE('',*,*,#840,.F.);
#870 = ORIENTED_EDGE('',*,*,#871,.F.);
#871 = EDGE_CURVE('',#863,#831,#872,.T.);
#872 = LINE('',#873,#874);
#873 = CARTESIAN_POINT('',(-30.35459518432,3.808570384979,-0.10000000149
    ));
#874 = VECTOR('',#875,1.);
#875 = DIRECTION('',(-5.140376199211E-02,-0.566148882903,-0.822698666366
    ));
#876 = PLANE('',#877);
#877 = AXIS2_PLACEMENT_3D('',#878,#879,#880);
#878 = CARTESIAN_POINT('',(-30.37417913853,3.131983687672,
    -1.067274394902));
#879 = DIRECTION('',(0.213934676137,0.798421802614,-0.562809541014));
#880 = DIRECTION('',(0.,0.576148550165,0.817344999461));
#881 = ADVANCED_FACE('',(#882),#899,.T.);
#882 = FACE_BOUND('',#883,.T.);
#883 = EDGE_LOOP('',(#884,#885,#893));
#884 = ORIENTED_EDGE('',*,*,#816,.T.);
#885 = ORIENTED_EDGE('',*,*,#886,.T.);
#886 = EDGE_CURVE('',#809,#887,#889,.T.);
#887 = VERTEX_POINT('',#888);
#888 = CARTESIAN_POINT('',(-32.24188995361,3.576720476151,
    -2.099999904633));
#889 = LINE('',#890,#891);
#890 = CARTESIAN_POINT('',(-31.2280845642,4.515909194946,-0.10000000149)
  );
#891 = VECTOR('',#892,1.);
#892 = DIRECTION('',(-0.417028173059,-0.386334655202,-0.822698630766));
#893 = ORIENTED_EDGE('',*,*,#894,.F.);
#894 = EDGE_CURVE('',#786,#887,#895,.T.);
#895 = LINE('',#896,#897);
#896 = CARTESIAN_POINT('',(-32.4090309143,3.834090948105,-2.099999904633
    ));
#897 = VECTOR('',#898,1.);
#898 = DIRECTION('',(0.544645044475,-0.838666665326,0.));
#899 = PLANE('',#900);
#900 = AXIS2_PLACEMENT_3D('',#901,#902,#903);
#901 = CARTESIAN_POINT('',(-31.80932970358,4.086419652993,
    -1.159489675903));
#902 = DIRECTION('',(0.693230397792,0.450196146392,-0.562809954915));
#903 = DIRECTION('',(0.630295936791,2.775557561563E-17,0.776354965247));
#904 = ADVANCED_FACE('',(#905),#922,.T.);
#905 = FACE_BOUND('',#906,.T.);
#906 = EDGE_LOOP('',(#907,#908,#916));
#907 = ORIENTED_EDGE('',*,*,#886,.F.);
#908 = ORIENTED_EDGE('',*,*,#909,.F.);
#909 = EDGE_CURVE('',#910,#809,#912,.T.);
#910 = VERTEX_POINT('',#911);
#911 = CARTESIAN_POINT('',(-31.13868522644,4.378245830536,-0.10000000149
    ));
#912 = LINE('',#913,#914);
#913 = CARTESIAN_POINT('',(-31.13868522644,4.378245830536,-0.10000000149
    ));
#914 = VECTOR('',#915,1.);
#915 = DIRECTION('',(-0.54463776499,0.838671392708,0.));
#916 = ORIENTED_EDGE('',*,*,#917,.F.);
#917 = EDGE_CURVE('',#887,#910,#918,.T.);
#918 = LINE('',#919,#920);
#919 = CARTESIAN_POINT('',(-32.24188995361,3.576720476151,
    -2.099999904633));
#920 = VECTOR('',#921,1.);
#921 = DIRECTION('',(0.455748992326,0.331121108882,0.826227370187));
#922 = PLANE('',#923);
#923 = AXIS2_PLACEMENT_3D('',#924,#925,#926);
#924 = CARTESIAN_POINT('',(-31.69536366525,4.0262116444,-1.067274512285)
  );
#925 = DIRECTION('',(0.693234635003,0.450190343327,-0.562809377682));
#926 = DIRECTION('',(0.630293225136,0.,0.77635716674));
#927 = ADVANCED_FACE('',(#928),#945,.T.);
#928 = FACE_BOUND('',#929,.T.);
#929 = EDGE_LOOP('',(#930,#931,#939));
#930 = ORIENTED_EDGE('',*,*,#917,.T.);
#931 = ORIENTED_EDGE('',*,*,#932,.T.);
#932 = EDGE_CURVE('',#910,#933,#935,.T.);
#933 = VERTEX_POINT('',#934);
#934 = CARTESIAN_POINT('',(-32.04876708984,3.338230609894,
    -2.099999904633));
#935 = LINE('',#936,#937);
#936 = CARTESIAN_POINT('',(-31.13868522644,4.378245830536,-0.10000000149
    ));
#937 = VECTOR('',#938,1.);
#938 = DIRECTION('',(-0.374361447956,-0.427809430725,-0.822698363477));
#939 = ORIENTED_EDGE('',*,*,#940,.F.);
#940 = EDGE_CURVE('',#887,#933,#941,.T.);
#941 = LINE('',#942,#943);
#942 = CARTESIAN_POINT('',(-32.24188995361,3.576720476151,
    -2.099999904633));
#943 = VECTOR('',#944,1.);
#944 = DIRECTION('',(0.62931562437,-0.777149821414,0.));
#945 = PLANE('',#946);
#946 = AXIS2_PLACEMENT_3D('',#947,#948,#949);
#947 = CARTESIAN_POINT('',(-31.67185189209,3.890352732103,
    -1.159489147269));
#948 = DIRECTION('',(0.642381637105,0.520183869185,-0.562809536655));
#949 = DIRECTION('',(0.658985662417,0.,0.752155500364));
#950 = ADVANCED_FACE('',(#951),#968,.T.);
#951 = FACE_BOUND('',#952,.T.);
#952 = EDGE_LOOP('',(#953,#954,#962));
#953 = ORIENTED_EDGE('',*,*,#932,.F.);
#954 = ORIENTED_EDGE('',*,*,#955,.F.);
#955 = EDGE_CURVE('',#956,#910,#958,.T.);
#956 = VERTEX_POINT('',#957);
#957 = CARTESIAN_POINT('',(-31.03538703918,4.250681400299,-0.10000000149
    ));
#958 = LINE('',#959,#960);
#959 = CARTESIAN_POINT('',(-31.03538703918,4.250681400299,-0.10000000149
    ));
#960 = VECTOR('',#961,1.);
#961 = DIRECTION('',(-0.629315050145,0.777150286406,0.));
#962 = ORIENTED_EDGE('',*,*,#963,.F.);
#963 = EDGE_CURVE('',#933,#956,#964,.T.);
#964 = LINE('',#965,#966);
#965 = CARTESIAN_POINT('',(-32.04876708984,3.338230609894,
    -2.099999904633));
#966 = VECTOR('',#967,1.);
#967 = DIRECTION('',(0.418641115663,0.376945862151,0.826227228602));
#968 = PLANE('',#969);
#969 = AXIS2_PLACEMENT_3D('',#970,#971,#972);
#970 = CARTESIAN_POINT('',(-31.55221860704,3.842386883936,-1.06727466356
    ));
#971 = DIRECTION('',(0.642382047465,0.520183415594,-0.562809487514));
#972 = DIRECTION('',(0.658985391709,-5.551115123126E-17,0.75215573754));
#973 = ADVANCED_FACE('',(#974),#991,.T.);
#974 = FACE_BOUND('',#975,.T.);
#975 = EDGE_LOOP('',(#976,#977,#985));
#976 = ORIENTED_EDGE('',*,*,#963,.T.);
#977 = ORIENTED_EDGE('',*,*,#978,.T.);
#978 = EDGE_CURVE('',#956,#979,#981,.T.);
#979 = VERTEX_POINT('',#980);
#980 = CARTESIAN_POINT('',(-31.83176994323,3.121234416962,
    -2.099999904633));
#981 = LINE('',#982,#983);
#982 = CARTESIAN_POINT('',(-31.03538703918,4.250681400299,-0.10000000149
    ));
#983 = VECTOR('',#984,1.);
#984 = DIRECTION('',(-0.327591594833,-0.464597289404,-0.822698672463));
#985 = ORIENTED_EDGE('',*,*,#986,.F.);
#986 = EDGE_CURVE('',#933,#979,#987,.T.);
#987 = LINE('',#988,#989);
#988 = CARTESIAN_POINT('',(-32.04876708984,3.338230609894,
    -2.099999904633));
#989 = VECTOR('',#990,1.);
#990 = DIRECTION('',(0.70710833501,-0.70710522736,0.));
#991 = PLANE('',#992);
#992 = AXIS2_PLACEMENT_3D('',#993,#994,#995);
#993 = CARTESIAN_POINT('',(-31.51463410245,3.70972986707,-1.159489525098
    ));
#994 = DIRECTION('',(0.584483699247,0.584486267989,-0.562809566236));
#995 = DIRECTION('',(0.70710833501,-0.70710522736,2.775557561563E-17));
#996 = ADVANCED_FACE('',(#997),#1014,.T.);
#997 = FACE_BOUND('',#998,.T.);
#998 = EDGE_LOOP('',(#999,#1000,#1008));
#999 = ORIENTED_EDGE('',*,*,#978,.F.);
#1000 = ORIENTED_EDGE('',*,*,#1001,.F.);
#1001 = EDGE_CURVE('',#1002,#956,#1004,.T.);
#1002 = VERTEX_POINT('',#1003);
#1003 = CARTESIAN_POINT('',(-30.91931915283,4.134613990784,
    -0.10000000149));
#1004 = LINE('',#1005,#1006);
#1005 = CARTESIAN_POINT('',(-30.91931915283,4.134613990784,
    -0.10000000149));
#1006 = VECTOR('',#1007,1.);
#1007 = DIRECTION('',(-0.707108233678,0.707105328693,0.));
#1008 = ORIENTED_EDGE('',*,*,#1009,.F.);
#1009 = EDGE_CURVE('',#979,#1002,#1010,.T.);
#1010 = LINE('',#1011,#1012);
#1011 = CARTESIAN_POINT('',(-31.83176994323,3.121234416962,
    -2.099999904633));
#1012 = VECTOR('',#1013,1.);
#1013 = DIRECTION('',(0.376945893237,0.418640953199,0.826227296739));
#1014 = PLANE('',#1015);
#1015 = AXIS2_PLACEMENT_3D('',#1016,#1017,#1018);
#1016 = CARTESIAN_POINT('',(-31.39064100958,3.674532340924,
    -1.06727453973));
#1017 = DIRECTION('',(0.584483787596,0.584486188817,-0.562809556706));
#1018 = DIRECTION('',(0.707108233678,-0.707105328692,2.775557561563E-17)
  );
#1019 = ADVANCED_FACE('',(#1020),#1046,.T.);
#1020 = FACE_BOUND('',#1021,.T.);
#1021 = EDGE_LOOP('',(#1022,#1032,#1040));
#1022 = ORIENTED_EDGE('',*,*,#1023,.F.);
#1023 = EDGE_CURVE('',#1024,#1026,#1028,.T.);
#1024 = VERTEX_POINT('',#1025);
#1025 = CARTESIAN_POINT('',(-31.06247711181,2.621650934219,
    -2.099999904633));
#1026 = VERTEX_POINT('',#1027);
#1027 = CARTESIAN_POINT('',(-30.77598190307,2.5116751194,-2.099999904633
    ));
#1028 = LINE('',#1029,#1030);
#1029 = CARTESIAN_POINT('',(-31.06247711181,2.621650934219,
    -2.099999904633));
#1030 = VECTOR('',#1031,1.);
#1031 = DIRECTION('',(0.933579763669,-0.358369676267,0.));
#1032 = ORIENTED_EDGE('',*,*,#1033,.T.);
#1033 = EDGE_CURVE('',#1024,#1034,#1036,.T.);
#1034 = VERTEX_POINT('',#1035);
#1035 = CARTESIAN_POINT('',(-30.50783729553,3.867394685745,
    -0.10000000149));
#1036 = LINE('',#1037,#1038);
#1037 = CARTESIAN_POINT('',(-31.06247711181,2.621650934219,
    -2.099999904633));
#1038 = VECTOR('',#1039,1.);
#1039 = DIRECTION('',(0.229129324038,0.514633849449,0.826227422607));
#1040 = ORIENTED_EDGE('',*,*,#1041,.T.);
#1041 = EDGE_CURVE('',#1034,#1026,#1042,.T.);
#1042 = LINE('',#1043,#1044);
#1043 = CARTESIAN_POINT('',(-30.50783729553,3.867394685745,
    -0.10000000149));
#1044 = VECTOR('',#1045,1.);
#1045 = DIRECTION('',(-0.110301103689,-0.557674330395,-0.822698612946));
#1046 = PLANE('',#1047);
#1047 = AXIS2_PLACEMENT_3D('',#1048,#1049,#1050);
#1048 = CARTESIAN_POINT('',(-30.72562595868,3.178283706707,
    -1.159489254875));
#1049 = DIRECTION('',(0.296223613184,0.77168462932,-0.562809385016));
#1050 = DIRECTION('',(2.775557561563E-17,0.589256010171,0.807946380942)
  );
#1051 = ADVANCED_FACE('',(#1052),#1069,.T.);
#1052 = FACE_BOUND('',#1053,.T.);
#1053 = EDGE_LOOP('',(#1054,#1062,#1063));
#1054 = ORIENTED_EDGE('',*,*,#1055,.F.);
#1055 = EDGE_CURVE('',#1034,#1056,#1058,.T.);
#1056 = VERTEX_POINT('',#1057);
#1057 = CARTESIAN_POINT('',(-30.65409088134,3.941914796829,
    -0.10000000149));
#1058 = LINE('',#1059,#1060);
#1059 = CARTESIAN_POINT('',(-30.50783729553,3.867394685745,
    -0.10000000149));
#1060 = VECTOR('',#1061,1.);
#1061 = DIRECTION('',(-0.891006063278,0.453991404326,0.));
#1062 = ORIENTED_EDGE('',*,*,#1033,.F.);
#1063 = ORIENTED_EDGE('',*,*,#1064,.F.);
#1064 = EDGE_CURVE('',#1056,#1024,#1065,.T.);
#1065 = LINE('',#1066,#1067);
#1066 = CARTESIAN_POINT('',(-30.65409088134,3.941914796829,
    -0.10000000149));
#1067 = VECTOR('',#1068,1.);
#1068 = DIRECTION('',(-0.167989416346,-0.543089700767,-0.822698689021));
#1069 = PLANE('',#1070);
#1070 = AXIS2_PLACEMENT_3D('',#1071,#1072,#1073);
#1071 = CARTESIAN_POINT('',(-30.81391743404,3.28418480449,
    -1.067274560193));
#1072 = DIRECTION('',(0.375263289686,0.736493826205,-0.562809299297));
#1073 = DIRECTION('',(0.,0.607183311305,0.794561782666));
#1074 = ADVANCED_FACE('',(#1075),#1092,.T.);
#1075 = FACE_BOUND('',#1076,.T.);
#1076 = EDGE_LOOP('',(#1077,#1085,#1091));
#1077 = ORIENTED_EDGE('',*,*,#1078,.F.);
#1078 = EDGE_CURVE('',#1079,#1024,#1081,.T.);
#1079 = VERTEX_POINT('',#1080);
#1080 = CARTESIAN_POINT('',(-31.33590888977,2.760971069336,
    -2.099999904633));
#1081 = LINE('',#1082,#1083);
#1082 = CARTESIAN_POINT('',(-31.33590888977,2.760971069336,
    -2.099999904633));
#1083 = VECTOR('',#1084,1.);
#1084 = DIRECTION('',(0.891006938677,-0.453989686258,0.));
#1085 = ORIENTED_EDGE('',*,*,#1086,.T.);
#1086 = EDGE_CURVE('',#1079,#1056,#1087,.T.);
#1087 = LINE('',#1088,#1089);
#1088 = CARTESIAN_POINT('',(-31.33590888977,2.760971069336,
    -2.099999904633));
#1089 = VECTOR('',#1090,1.);
#1090 = DIRECTION('',(0.281668355964,0.487864025444,0.826227347602));
#1091 = ORIENTED_EDGE('',*,*,#1064,.T.);
#1092 = PLANE('',#1093);
#1093 = AXIS2_PLACEMENT_3D('',#1094,#1095,#1096);
#1094 = CARTESIAN_POINT('',(-30.94271830133,3.279343864472,
    -1.159489508254));
#1095 = DIRECTION('',(0.375261829915,0.736494472002,-0.562809427533));
#1096 = DIRECTION('',(2.775557561563E-17,0.607183062521,0.79456197278));
#1097 = ADVANCED_FACE('',(#1098),#1115,.T.);
#1098 = FACE_BOUND('',#1099,.T.);
#1099 = EDGE_LOOP('',(#1100,#1108,#1109));
#1100 = ORIENTED_EDGE('',*,*,#1101,.F.);
#1101 = EDGE_CURVE('',#1056,#1102,#1104,.T.);
#1102 = VERTEX_POINT('',#1103);
#1103 = CARTESIAN_POINT('',(-30.79175376892,4.031314373016,
    -0.10000000149));
#1104 = LINE('',#1105,#1106);
#1105 = CARTESIAN_POINT('',(-30.65409088134,3.941914796829,
    -0.10000000149));
#1106 = VECTOR('',#1107,1.);
#1107 = DIRECTION('',(-0.838669867539,0.544640113545,0.));
#1108 = ORIENTED_EDGE('',*,*,#1086,.F.);
#1109 = ORIENTED_EDGE('',*,*,#1110,.F.);
#1110 = EDGE_CURVE('',#1102,#1079,#1111,.T.);
#1111 = LINE('',#1112,#1113);
#1112 = CARTESIAN_POINT('',(-30.79175376892,4.031314373016,
    -0.10000000149));
#1113 = VECTOR('',#1114,1.);
#1114 = DIRECTION('',(-0.223837845604,-0.522554869702,-0.822698624665));
#1115 = PLANE('',#1116);
#1116 = AXIS2_PLACEMENT_3D('',#1117,#1118,#1119);
#1117 = CARTESIAN_POINT('',(-31.0194567352,3.393893921828,
    -1.067274564913));
#1118 = DIRECTION('',(0.450192270532,0.693233352637,-0.56280941565));
#1119 = DIRECTION('',(0.,0.630293953509,0.776356575402));
#1120 = ADVANCED_FACE('',(#1121),#1138,.T.);
#1121 = FACE_BOUND('',#1122,.T.);
#1122 = EDGE_LOOP('',(#1123,#1131,#1132));
#1123 = ORIENTED_EDGE('',*,*,#1124,.F.);
#1124 = EDGE_CURVE('',#979,#1125,#1127,.T.);
#1125 = VERTEX_POINT('',#1126);
#1126 = CARTESIAN_POINT('',(-31.59327888488,2.928109169006,
    -2.099999904633));
#1127 = LINE('',#1128,#1129);
#1128 = CARTESIAN_POINT('',(-31.83176994323,3.121234416962,
    -2.099999904633));
#1129 = VECTOR('',#1130,1.);
#1130 = DIRECTION('',(0.777147560181,-0.629318416785,0.));
#1131 = ORIENTED_EDGE('',*,*,#1009,.T.);
#1132 = ORIENTED_EDGE('',*,*,#1133,.T.);
#1133 = EDGE_CURVE('',#1002,#1125,#1134,.T.);
#1134 = LINE('',#1135,#1136);
#1135 = CARTESIAN_POINT('',(-30.91931915283,4.134613990784,
    -0.10000000149));
#1136 = VECTOR('',#1137,1.);
#1137 = DIRECTION('',(-0.277232916223,-0.496295007357,-0.822698715105));
#1138 = PLANE('',#1139);
#1139 = AXIS2_PLACEMENT_3D('',#1140,#1141,#1142);
#1140 = CARTESIAN_POINT('',(-31.33939553656,3.546530683863,
    -1.159489599234));
#1141 = DIRECTION('',(0.52018620584,0.642379803175,-0.562809470181));
#1142 = DIRECTION('',(-2.775557561563E-17,0.658986682727,0.75215460644)
  );
#1143 = ADVANCED_FACE('',(#1144),#1159,.T.);
#1144 = FACE_BOUND('',#1145,.T.);
#1145 = EDGE_LOOP('',(#1146,#1147,#1153));
#1146 = ORIENTED_EDGE('',*,*,#1133,.F.);
#1147 = ORIENTED_EDGE('',*,*,#1148,.F.);
#1148 = EDGE_CURVE('',#1102,#1002,#1149,.T.);
#1149 = LINE('',#1150,#1151);
#1150 = CARTESIAN_POINT('',(-30.79175376892,4.031314373016,
    -0.10000000149));
#1151 = VECTOR('',#1152,1.);
#1152 = DIRECTION('',(-0.777148325137,0.629317472137,0.));
#1153 = ORIENTED_EDGE('',*,*,#1154,.F.);
#1154 = EDGE_CURVE('',#1125,#1102,#1155,.T.);
#1155 = LINE('',#1156,#1157);
#1156 = CARTESIAN_POINT('',(-31.59327888488,2.928109169006,
    -2.099999904633));
#1157 = VECTOR('',#1158,1.);
#1158 = DIRECTION('',(0.33112099146,0.455749163262,0.826227322957));
#1159 = PLANE('',#1160);
#1160 = AXIS2_PLACEMENT_3D('',#1161,#1162,#1163);
#1161 = CARTESIAN_POINT('',(-31.21240214745,3.524486801697,
    -1.067274338443));
#1162 = DIRECTION('',(0.520185390369,0.642380392703,-0.562809551018));
#1163 = DIRECTION('',(2.775557561563E-17,0.658986394135,0.752154859285)
  );
#1164 = ADVANCED_FACE('',(#1165),#1175,.T.);
#1165 = FACE_BOUND('',#1166,.T.);
#1166 = EDGE_LOOP('',(#1167,#1173,#1174));
#1167 = ORIENTED_EDGE('',*,*,#1168,.F.);
#1168 = EDGE_CURVE('',#1125,#1079,#1169,.T.);
#1169 = LINE('',#1170,#1171);
#1170 = CARTESIAN_POINT('',(-31.59327888488,2.928109169006,
    -2.099999904633));
#1171 = VECTOR('',#1172,1.);
#1172 = DIRECTION('',(0.838670462891,-0.544639196785,0.));
#1173 = ORIENTED_EDGE('',*,*,#1154,.T.);
#1174 = ORIENTED_EDGE('',*,*,#1110,.T.);
#1175 = PLANE('',#1176);
#1176 = AXIS2_PLACEMENT_3D('',#1177,#1178,#1179);
#1177 = CARTESIAN_POINT('',(-31.14805774838,3.402542912581,
    -1.159489333382));
#1178 = DIRECTION('',(0.450191485792,0.693233803235,-0.562809488347));
#1179 = DIRECTION('',(5.551115123126E-17,0.630293755649,0.776356736037)
  );
#1180 = ADVANCED_FACE('',(#1181),#1196,.T.);
#1181 = FACE_BOUND('',#1182,.T.);
#1182 = EDGE_LOOP('',(#1183,#1184,#1190));
#1183 = ORIENTED_EDGE('',*,*,#1041,.F.);
#1184 = ORIENTED_EDGE('',*,*,#1185,.F.);
#1185 = EDGE_CURVE('',#863,#1034,#1186,.T.);
#1186 = LINE('',#1187,#1188);
#1187 = CARTESIAN_POINT('',(-30.35459518432,3.808570384979,
    -0.10000000149));
#1188 = VECTOR('',#1189,1.);
#1189 = DIRECTION('',(-0.933580088922,0.358368828958,0.));
#1190 = ORIENTED_EDGE('',*,*,#1191,.F.);
#1191 = EDGE_CURVE('',#1026,#863,#1192,.T.);
#1192 = LINE('',#1193,#1194);
#1193 = CARTESIAN_POINT('',(-30.77598190307,2.5116751194,-2.099999904633
    ));
#1194 = VECTOR('',#1195,1.);
#1195 = DIRECTION('',(0.174080620748,0.53576518393,0.82622733262));
#1196 = PLANE('',#1197);
#1197 = AXIS2_PLACEMENT_3D('',#1198,#1199,#1200);
#1198 = CARTESIAN_POINT('',(-30.59803706927,3.19656126619,
    -1.067274513632));
#1199 = DIRECTION('',(0.296222898082,0.771684859803,-0.562809445375));
#1200 = DIRECTION('',(0.,0.589255936538,0.807946434644));
#1201 = ADVANCED_FACE('',(#1202),#1212,.T.);
#1202 = FACE_BOUND('',#1203,.T.);
#1203 = EDGE_LOOP('',(#1204,#1210,#1211));
#1204 = ORIENTED_EDGE('',*,*,#1205,.F.);
#1205 = EDGE_CURVE('',#1026,#831,#1206,.T.);
#1206 = LINE('',#1207,#1208);
#1207 = CARTESIAN_POINT('',(-30.77598190307,2.5116751194,-2.099999904633
    ));
#1208 = VECTOR('',#1209,1.);
#1209 = DIRECTION('',(0.965926023539,-0.258818308955,0.));
#1210 = ORIENTED_EDGE('',*,*,#1191,.T.);
#1211 = ORIENTED_EDGE('',*,*,#871,.T.);
#1212 = PLANE('',#1213);
#1213 = AXIS2_PLACEMENT_3D('',#1214,#1215,#1216);
#1214 = CARTESIAN_POINT('',(-30.49915919175,3.100469151537,
    -1.159489516023));
#1215 = DIRECTION('',(0.213935763825,0.79842157411,-0.562809451727));
#1216 = DIRECTION('',(0.,0.576148599258,0.817344964854));
#1217 = ADVANCED_FACE('',(#1218),#1235,.T.);
#1218 = FACE_BOUND('',#1219,.T.);
#1219 = EDGE_LOOP('',(#1220,#1228,#1234));
#1220 = ORIENTED_EDGE('',*,*,#1221,.F.);
#1221 = EDGE_CURVE('',#1222,#841,#1224,.T.);
#1222 = VERTEX_POINT('',#1223);
#1223 = CARTESIAN_POINT('',(-30.03392028808,3.7404088974,-0.10000000149)
  );
#1224 = LINE('',#1225,#1226);
#1225 = CARTESIAN_POINT('',(-30.03392028808,3.7404088974,-0.10000000149)
  );
#1226 = VECTOR('',#1227,1.);
#1227 = DIRECTION('',(-0.987688150361,0.156435666128,0.));
#1228 = ORIENTED_EDGE('',*,*,#1229,.F.);
#1229 = EDGE_CURVE('',#833,#1222,#1230,.T.);
#1230 = LINE('',#1231,#1232);
#1231 = CARTESIAN_POINT('',(-30.17645835876,2.384242534637,
    -2.099999904633));
#1232 = VECTOR('',#1233,1.);
#1233 = DIRECTION('',(5.888442677109E-02,0.560250875414,0.826227317923)
  );
#1234 = ORIENTED_EDGE('',*,*,#848,.F.);
#1235 = PLANE('',#1236);
#1236 = AXIS2_PLACEMENT_3D('',#1237,#1238,#1239);
#1237 = CARTESIAN_POINT('',(-30.14479798191,3.091159010937,
    -1.06727469559));
#1238 = DIRECTION('',(0.129307636158,0.816409858089,-0.562809451631));
#1239 = DIRECTION('',(0.,0.567574508879,0.823322037158));
#1240 = ADVANCED_FACE('',(#1241),#1256,.T.);
#1241 = FACE_BOUND('',#1242,.T.);
#1242 = EDGE_LOOP('',(#1243,#1249,#1250));
#1243 = ORIENTED_EDGE('',*,*,#1244,.F.);
#1244 = EDGE_CURVE('',#418,#386,#1245,.T.);
#1245 = LINE('',#1246,#1247);
#1246 = CARTESIAN_POINT('',(-31.30260467529,5.937837123871,
    -0.10000000149));
#1247 = VECTOR('',#1248,1.);
#1248 = DIRECTION('',(0.453991404326,0.891006063278,0.));
#1249 = ORIENTED_EDGE('',*,*,#417,.F.);
#1250 = ORIENTED_EDGE('',*,*,#1251,.F.);
#1251 = EDGE_CURVE('',#386,#408,#1252,.T.);
#1252 = LINE('',#1253,#1254);
#1253 = CARTESIAN_POINT('',(-31.2280845642,6.084090709686,-0.10000000149
    ));
#1254 = VECTOR('',#1255,1.);
#1255 = DIRECTION('',(-0.543089388388,0.167989833359,-0.82269881008));
#1256 = PLANE('',#1257);
#1257 = AXIS2_PLACEMENT_3D('',#1258,#1259,#1260);
#1258 = CARTESIAN_POINT('',(-31.88581409299,6.243917722012,
    -1.067274556083));
#1259 = DIRECTION('',(0.736493897603,-0.375263326065,-0.562809181609));
#1260 = DIRECTION('',(0.607183193985,0.,0.794561872318));
#1261 = ADVANCED_FACE('',(#1262),#1272,.T.);
#1262 = FACE_BOUND('',#1263,.T.);
#1263 = EDGE_LOOP('',(#1264,#1270,#1271));
#1264 = ORIENTED_EDGE('',*,*,#1265,.F.);
#1265 = EDGE_CURVE('',#355,#408,#1266,.T.);
#1266 = LINE('',#1267,#1268);
#1267 = CARTESIAN_POINT('',(-32.4090309143,6.765909194946,
    -2.099999904633));
#1268 = VECTOR('',#1269,1.);
#1269 = DIRECTION('',(-0.453981062927,-0.891011332422,0.));
#1270 = ORIENTED_EDGE('',*,*,#393,.T.);
#1271 = ORIENTED_EDGE('',*,*,#1251,.T.);
#1272 = PLANE('',#1273);
#1273 = AXIS2_PLACEMENT_3D('',#1274,#1275,#1276);
#1274 = CARTESIAN_POINT('',(-31.89065568372,6.372718427156,
    -1.159489122601));
#1275 = DIRECTION('',(0.736497784746,-0.375254539416,-0.562809953458));
#1276 = DIRECTION('',(0.60718169651,0.,0.794563016647));
#1277 = ADVANCED_FACE('',(#1278),#1293,.T.);
#1278 = FACE_BOUND('',#1279,.T.);
#1279 = EDGE_LOOP('',(#1280,#1286,#1287));
#1280 = ORIENTED_EDGE('',*,*,#1281,.F.);
#1281 = EDGE_CURVE('',#363,#331,#1282,.T.);
#1282 = LINE('',#1283,#1284);
#1283 = CARTESIAN_POINT('',(-31.13868522644,6.221754074097,
    -0.10000000149));
#1284 = VECTOR('',#1285,1.);
#1285 = DIRECTION('',(0.629315050145,0.777150286406,0.));
#1286 = ORIENTED_EDGE('',*,*,#362,.F.);
#1287 = ORIENTED_EDGE('',*,*,#1288,.F.);
#1288 = EDGE_CURVE('',#331,#353,#1289,.T.);
#1289 = LINE('',#1290,#1291);
#1290 = CARTESIAN_POINT('',(-31.03538703918,6.349318504333,
    -0.10000000149));
#1291 = VECTOR('',#1292,1.);
#1292 = DIRECTION('',(-0.496294335057,0.277233567388,-0.822698901241));
#1293 = PLANE('',#1294);
#1294 = AXIS2_PLACEMENT_3D('',#1295,#1296,#1297);
#1295 = CARTESIAN_POINT('',(-31.64551312019,6.642402548735,
    -1.067274651001));
#1296 = DIRECTION('',(0.642381991165,-0.520183370003,-0.562809593912));
#1297 = DIRECTION('',(0.658985494863,0.,0.752155647163));
#1298 = ADVANCED_FACE('',(#1299),#1309,.T.);
#1299 = FACE_BOUND('',#1300,.T.);
#1300 = EDGE_LOOP('',(#1301,#1307,#1308));
#1301 = ORIENTED_EDGE('',*,*,#1302,.F.);
#1302 = EDGE_CURVE('',#307,#353,#1303,.T.);
#1303 = LINE('',#1304,#1305);
#1304 = CARTESIAN_POINT('',(-32.04876708984,7.261769294739,
    -2.099999904633));
#1305 = VECTOR('',#1306,1.);
#1306 = DIRECTION('',(-0.62931600434,-0.777149513724,0.));
#1307 = ORIENTED_EDGE('',*,*,#338,.T.);
#1308 = ORIENTED_EDGE('',*,*,#1288,.T.);
#1309 = PLANE('',#1310);
#1310 = AXIS2_PLACEMENT_3D('',#1311,#1312,#1313);
#1311 = CARTESIAN_POINT('',(-31.62346969698,6.76939508901,
    -1.159489127029));
#1312 = DIRECTION('',(0.642381395682,-0.520184193715,-0.562809512261));
#1313 = DIRECTION('',(0.658985786371,-2.775557561563E-17,0.752155391765)
  );
#1314 = ADVANCED_FACE('',(#1315,#1621,#2423,#2707),#3189,.T.);
#1315 = FACE_BOUND('',#1316,.T.);
#1316 = EDGE_LOOP('',(#1317,#1327,#1335,#1343,#1351,#1359,#1367,#1375,
    #1383,#1391,#1399,#1407,#1415,#1423,#1431,#1439,#1447,#1455,#1463,
    #1471,#1479,#1487,#1495,#1503,#1511,#1519,#1527,#1535,#1543,#1551,
    #1559,#1567,#1575,#1583,#1591,#1599,#1607,#1615));
#1317 = ORIENTED_EDGE('',*,*,#1318,.T.);
#1318 = EDGE_CURVE('',#1319,#1321,#1323,.T.);
#1319 = VERTEX_POINT('',#1320);
#1320 = CARTESIAN_POINT('',(-34.,-2.775528669357,-0.10000000149));
#1321 = VERTEX_POINT('',#1322);
#1322 = CARTESIAN_POINT('',(-34.,-10.92447090148,-0.10000000149));
#1323 = LINE('',#1324,#1325);
#1324 = CARTESIAN_POINT('',(-34.,-2.775528669357,-0.10000000149));
#1325 = VECTOR('',#1326,1.);
#1326 = DIRECTION('',(0.,-1.,0.));
#1327 = ORIENTED_EDGE('',*,*,#1328,.T.);
#1328 = EDGE_CURVE('',#1321,#1329,#1331,.T.);
#1329 = VERTEX_POINT('',#1330);
#1330 = CARTESIAN_POINT('',(-34.09999847412,-10.92447090148,
    -0.10000000149));
#1331 = LINE('',#1332,#1333);
#1332 = CARTESIAN_POINT('',(-34.,-10.92447090148,-0.10000000149));
#1333 = VECTOR('',#1334,1.);
#1334 = DIRECTION('',(-1.,0.,0.));
#1335 = ORIENTED_EDGE('',*,*,#1336,.T.);
#1336 = EDGE_CURVE('',#1329,#1337,#1339,.T.);
#1337 = VERTEX_POINT('',#1338);
#1338 = CARTESIAN_POINT('',(-34.09999847412,-13.,-0.10000000149));
#1339 = LINE('',#1340,#1341);
#1340 = CARTESIAN_POINT('',(-34.09999847412,-10.92447090148,
    -0.10000000149));
#1341 = VECTOR('',#1342,1.);
#1342 = DIRECTION('',(0.,-1.,0.));
#1343 = ORIENTED_EDGE('',*,*,#1344,.T.);
#1344 = EDGE_CURVE('',#1337,#1345,#1347,.T.);
#1345 = VERTEX_POINT('',#1346);
#1346 = CARTESIAN_POINT('',(-34.08301925659,-13.32403850555,
    -0.10000000149));
#1347 = LINE('',#1348,#1349);
#1348 = CARTESIAN_POINT('',(-34.09999847412,-13.,-0.10000000149));
#1349 = VECTOR('',#1350,1.);
#1350 = DIRECTION('',(5.23269790434E-02,-0.998630005189,0.));
#1351 = ORIENTED_EDGE('',*,*,#1352,.T.);
#1352 = EDGE_CURVE('',#1345,#1353,#1355,.T.);
#1353 = VERTEX_POINT('',#1354);
#1354 = CARTESIAN_POINT('',(-34.03225708007,-13.64452648162,
    -0.10000000149));
#1355 = LINE('',#1356,#1357);
#1356 = CARTESIAN_POINT('',(-34.08301925659,-13.32403850555,
    -0.10000000149));
#1357 = VECTOR('',#1358,1.);
#1358 = DIRECTION('',(0.15644008038,-0.987687451196,0.));
#1359 = ORIENTED_EDGE('',*,*,#1360,.T.);
#1360 = EDGE_CURVE('',#1353,#1361,#1363,.T.);
#1361 = VERTEX_POINT('',#1362);
#1362 = CARTESIAN_POINT('',(-33.94827651977,-13.95795249939,
    -0.10000000149));
#1363 = LINE('',#1364,#1365);
#1364 = CARTESIAN_POINT('',(-34.03225708007,-13.64452648162,
    -0.10000000149));
#1365 = VECTOR('',#1366,1.);
#1366 = DIRECTION('',(0.258814191315,-0.965927126844,0.));
#1367 = ORIENTED_EDGE('',*,*,#1368,.T.);
#1368 = EDGE_CURVE('',#1361,#1369,#1371,.T.);
#1369 = VERTEX_POINT('',#1370);
#1370 = CARTESIAN_POINT('',(-33.83198928833,-14.26088333129,
    -0.10000000149));
#1371 = LINE('',#1372,#1373);
#1372 = CARTESIAN_POINT('',(-33.94827651977,-13.95795249939,
    -0.10000000149));
#1373 = VECTOR('',#1374,1.);
#1374 = DIRECTION('',(0.358375953816,-0.933577353906,0.));
#1375 = ORIENTED_EDGE('',*,*,#1376,.T.);
#1376 = EDGE_CURVE('',#1369,#1377,#1379,.T.);
#1377 = VERTEX_POINT('',#1378);
#1378 = CARTESIAN_POINT('',(-33.68467712402,-14.55000019073,
    -0.10000000149));
#1379 = LINE('',#1380,#1381);
#1380 = CARTESIAN_POINT('',(-33.83198928833,-14.26088333129,
    -0.10000000149));
#1381 = VECTOR('',#1382,1.);
#1382 = DIRECTION('',(0.453989928563,-0.891006815217,0.));
#1383 = ORIENTED_EDGE('',*,*,#1384,.T.);
#1384 = EDGE_CURVE('',#1377,#1385,#1387,.T.);
#1385 = VERTEX_POINT('',#1386);
#1386 = CARTESIAN_POINT('',(-33.50795364379,-14.82213401794,
    -0.10000000149));
#1387 = LINE('',#1388,#1389);
#1388 = CARTESIAN_POINT('',(-33.68467712402,-14.55000019073,
    -0.10000000149));
#1389 = VECTOR('',#1390,1.);
#1390 = DIRECTION('',(0.544634063385,-0.838673796539,0.));
#1391 = ORIENTED_EDGE('',*,*,#1392,.T.);
#1392 = EDGE_CURVE('',#1385,#1393,#1395,.T.);
#1393 = VERTEX_POINT('',#1394);
#1394 = CARTESIAN_POINT('',(-33.30374908447,-15.07430458068,
    -0.10000000149));
#1395 = LINE('',#1396,#1397);
#1396 = CARTESIAN_POINT('',(-33.50795364379,-14.82213401794,
    -0.10000000149));
#1397 = VECTOR('',#1398,1.);
#1398 = DIRECTION('',(0.62932199915,-0.77714465924,0.));
#1399 = ORIENTED_EDGE('',*,*,#1400,.T.);
#1400 = EDGE_CURVE('',#1393,#1401,#1403,.T.);
#1401 = VERTEX_POINT('',#1402);
#1402 = CARTESIAN_POINT('',(-33.07430648803,-15.30374908447,
    -0.10000000149));
#1403 = LINE('',#1404,#1405);
#1404 = CARTESIAN_POINT('',(-33.30374908447,-15.07430458068,
    -0.10000000149));
#1405 = VECTOR('',#1406,1.);
#1406 = DIRECTION('',(0.707103842115,-0.707109720246,0.));
#1407 = ORIENTED_EDGE('',*,*,#1408,.T.);
#1408 = EDGE_CURVE('',#1401,#1409,#1411,.T.);
#1409 = VERTEX_POINT('',#1410);
#1410 = CARTESIAN_POINT('',(-32.82213592529,-15.50795269012,
    -0.10000000149));
#1411 = LINE('',#1412,#1413);
#1412 = CARTESIAN_POINT('',(-33.07430648803,-15.30374908447,
    -0.10000000149));
#1413 = VECTOR('',#1414,1.);
#1414 = DIRECTION('',(0.777146096657,-0.629320224092,0.));
#1415 = ORIENTED_EDGE('',*,*,#1416,.T.);
#1416 = EDGE_CURVE('',#1409,#1417,#1419,.T.);
#1417 = VERTEX_POINT('',#1418);
#1418 = CARTESIAN_POINT('',(-32.54999923706,-15.68467903137,
    -0.10000000149));
#1419 = LINE('',#1420,#1421);
#1420 = CARTESIAN_POINT('',(-32.82213592529,-15.50795269012,
    -0.10000000149));
#1421 = VECTOR('',#1422,1.);
#1422 = DIRECTION('',(0.838672384527,-0.544636237714,0.));
#1423 = ORIENTED_EDGE('',*,*,#1424,.T.);
#1424 = EDGE_CURVE('',#1417,#1425,#1427,.T.);
#1425 = VERTEX_POINT('',#1426);
#1426 = CARTESIAN_POINT('',(-32.26088333129,-15.83199119567,
    -0.10000000149));
#1427 = LINE('',#1428,#1429);
#1428 = CARTESIAN_POINT('',(-32.54999923706,-15.68467903137,
    -0.10000000149));
#1429 = VECTOR('',#1430,1.);
#1430 = DIRECTION('',(0.891006209456,-0.453991117437,0.));
#1431 = ORIENTED_EDGE('',*,*,#1432,.T.);
#1432 = EDGE_CURVE('',#1425,#1433,#1435,.T.);
#1433 = VERTEX_POINT('',#1434);
#1434 = CARTESIAN_POINT('',(-31.95795249939,-15.9482755661,
    -0.10000000149));
#1435 = LINE('',#1436,#1437);
#1436 = CARTESIAN_POINT('',(-32.26088333129,-15.83199119567,
    -0.10000000149));
#1437 = VECTOR('',#1438,1.);
#1438 = DIRECTION('',(0.933580303852,-0.358368269047,0.));
#1439 = ORIENTED_EDGE('',*,*,#1440,.T.);
#1440 = EDGE_CURVE('',#1433,#1441,#1443,.T.);
#1441 = VERTEX_POINT('',#1442);
#1442 = CARTESIAN_POINT('',(-31.64452552795,-16.03225708007,
    -0.10000000149));
#1443 = LINE('',#1444,#1445);
#1444 = CARTESIAN_POINT('',(-31.95795249939,-15.9482755661,
    -0.10000000149));
#1445 = VECTOR('',#1446,1.);
#1446 = DIRECTION('',(0.965926588963,-0.258816198747,0.));
#1447 = ORIENTED_EDGE('',*,*,#1448,.T.);
#1448 = EDGE_CURVE('',#1441,#1449,#1451,.T.);
#1449 = VERTEX_POINT('',#1450);
#1450 = CARTESIAN_POINT('',(-31.32403755188,-16.08301734924,
    -0.10000000149));
#1451 = LINE('',#1452,#1453);
#1452 = CARTESIAN_POINT('',(-31.64452552795,-16.03225708007,
    -0.10000000149));
#1453 = VECTOR('',#1454,1.);
#1454 = DIRECTION('',(0.987688359431,-0.156434346118,0.));
#1455 = ORIENTED_EDGE('',*,*,#1456,.T.);
#1456 = EDGE_CURVE('',#1449,#1457,#1459,.T.);
#1457 = VERTEX_POINT('',#1458);
#1458 = CARTESIAN_POINT('',(-31.,-16.10000038147,-0.10000000149));
#1459 = LINE('',#1460,#1461);
#1460 = CARTESIAN_POINT('',(-31.32403755188,-16.08301734924,
    -0.10000000149));
#1461 = VECTOR('',#1462,1.);
#1462 = DIRECTION('',(0.998629382744,-5.233885668852E-02,0.));
#1463 = ORIENTED_EDGE('',*,*,#1464,.T.);
#1464 = EDGE_CURVE('',#1457,#1465,#1467,.T.);
#1465 = VERTEX_POINT('',#1466);
#1466 = CARTESIAN_POINT('',(31.,-16.10000038147,-0.10000000149));
#1467 = LINE('',#1468,#1469);
#1468 = CARTESIAN_POINT('',(-31.,-16.10000038147,-0.10000000149));
#1469 = VECTOR('',#1470,1.);
#1470 = DIRECTION('',(1.,0.,0.));
#1471 = ORIENTED_EDGE('',*,*,#1472,.T.);
#1472 = EDGE_CURVE('',#1465,#1473,#1475,.T.);
#1473 = VERTEX_POINT('',#1474);
#1474 = CARTESIAN_POINT('',(31.32403755188,-16.08301734924,
    -0.10000000149));
#1475 = LINE('',#1476,#1477);
#1476 = CARTESIAN_POINT('',(31.,-16.10000038147,-0.10000000149));
#1477 = VECTOR('',#1478,1.);
#1478 = DIRECTION('',(0.998629382744,5.233885668852E-02,0.));
#1479 = ORIENTED_EDGE('',*,*,#1480,.T.);
#1480 = EDGE_CURVE('',#1473,#1481,#1483,.T.);
#1481 = VERTEX_POINT('',#1482);
#1482 = CARTESIAN_POINT('',(31.644525527954,-16.03225708007,
    -0.10000000149));
#1483 = LINE('',#1484,#1485);
#1484 = CARTESIAN_POINT('',(31.32403755188,-16.08301734924,
    -0.10000000149));
#1485 = VECTOR('',#1486,1.);
#1486 = DIRECTION('',(0.987688359431,0.156434346118,0.));
#1487 = ORIENTED_EDGE('',*,*,#1488,.T.);
#1488 = EDGE_CURVE('',#1481,#1489,#1491,.T.);
#1489 = VERTEX_POINT('',#1490);
#1490 = CARTESIAN_POINT('',(31.95795249939,-15.9482755661,-0.10000000149
    ));
#1491 = LINE('',#1492,#1493);
#1492 = CARTESIAN_POINT('',(31.644525527954,-16.03225708007,
    -0.10000000149));
#1493 = VECTOR('',#1494,1.);
#1494 = DIRECTION('',(0.965926588963,0.258816198747,0.));
#1495 = ORIENTED_EDGE('',*,*,#1496,.T.);
#1496 = EDGE_CURVE('',#1489,#1497,#1499,.T.);
#1497 = VERTEX_POINT('',#1498);
#1498 = CARTESIAN_POINT('',(32.260883331299,-15.83199119567,
    -0.10000000149));
#1499 = LINE('',#1500,#1501);
#1500 = CARTESIAN_POINT('',(31.95795249939,-15.9482755661,-0.10000000149
    ));
#1501 = VECTOR('',#1502,1.);
#1502 = DIRECTION('',(0.933580303852,0.358368269047,0.));
#1503 = ORIENTED_EDGE('',*,*,#1504,.T.);
#1504 = EDGE_CURVE('',#1497,#1505,#1507,.T.);
#1505 = VERTEX_POINT('',#1506);
#1506 = CARTESIAN_POINT('',(32.549999237061,-15.68467903137,
    -0.10000000149));
#1507 = LINE('',#1508,#1509);
#1508 = CARTESIAN_POINT('',(32.260883331299,-15.83199119567,
    -0.10000000149));
#1509 = VECTOR('',#1510,1.);
#1510 = DIRECTION('',(0.891006209456,0.453991117437,0.));
#1511 = ORIENTED_EDGE('',*,*,#1512,.T.);
#1512 = EDGE_CURVE('',#1505,#1513,#1515,.T.);
#1513 = VERTEX_POINT('',#1514);
#1514 = CARTESIAN_POINT('',(32.822135925293,-15.50795269012,
    -0.10000000149));
#1515 = LINE('',#1516,#1517);
#1516 = CARTESIAN_POINT('',(32.549999237061,-15.68467903137,
    -0.10000000149));
#1517 = VECTOR('',#1518,1.);
#1518 = DIRECTION('',(0.838672384527,0.544636237714,0.));
#1519 = ORIENTED_EDGE('',*,*,#1520,.T.);
#1520 = EDGE_CURVE('',#1513,#1521,#1523,.T.);
#1521 = VERTEX_POINT('',#1522);
#1522 = CARTESIAN_POINT('',(33.074306488037,-15.30374908447,
    -0.10000000149));
#1523 = LINE('',#1524,#1525);
#1524 = CARTESIAN_POINT('',(32.822135925293,-15.50795269012,
    -0.10000000149));
#1525 = VECTOR('',#1526,1.);
#1526 = DIRECTION('',(0.777146096657,0.629320224092,0.));
#1527 = ORIENTED_EDGE('',*,*,#1528,.T.);
#1528 = EDGE_CURVE('',#1521,#1529,#1531,.T.);
#1529 = VERTEX_POINT('',#1530);
#1530 = CARTESIAN_POINT('',(33.303749084473,-15.07430458068,
    -0.10000000149));
#1531 = LINE('',#1532,#1533);
#1532 = CARTESIAN_POINT('',(33.074306488037,-15.30374908447,
    -0.10000000149));
#1533 = VECTOR('',#1534,1.);
#1534 = DIRECTION('',(0.707103842115,0.707109720246,0.));
#1535 = ORIENTED_EDGE('',*,*,#1536,.T.);
#1536 = EDGE_CURVE('',#1529,#1537,#1539,.T.);
#1537 = VERTEX_POINT('',#1538);
#1538 = CARTESIAN_POINT('',(33.507953643799,-14.82213401794,
    -0.10000000149));
#1539 = LINE('',#1540,#1541);
#1540 = CARTESIAN_POINT('',(33.303749084473,-15.07430458068,
    -0.10000000149));
#1541 = VECTOR('',#1542,1.);
#1542 = DIRECTION('',(0.62932199915,0.77714465924,0.));
#1543 = ORIENTED_EDGE('',*,*,#1544,.T.);
#1544 = EDGE_CURVE('',#1537,#1545,#1547,.T.);
#1545 = VERTEX_POINT('',#1546);
#1546 = CARTESIAN_POINT('',(33.684677124023,-14.55000019073,
    -0.10000000149));
#1547 = LINE('',#1548,#1549);
#1548 = CARTESIAN_POINT('',(33.507953643799,-14.82213401794,
    -0.10000000149));
#1549 = VECTOR('',#1550,1.);
#1550 = DIRECTION('',(0.544634063385,0.838673796539,0.));
#1551 = ORIENTED_EDGE('',*,*,#1552,.T.);
#1552 = EDGE_CURVE('',#1545,#1553,#1555,.T.);
#1553 = VERTEX_POINT('',#1554);
#1554 = CARTESIAN_POINT('',(33.83198928833,-14.26088333129,
    -0.10000000149));
#1555 = LINE('',#1556,#1557);
#1556 = CARTESIAN_POINT('',(33.684677124023,-14.55000019073,
    -0.10000000149));
#1557 = VECTOR('',#1558,1.);
#1558 = DIRECTION('',(0.453989928563,0.891006815217,0.));
#1559 = ORIENTED_EDGE('',*,*,#1560,.T.);
#1560 = EDGE_CURVE('',#1553,#1561,#1563,.T.);
#1561 = VERTEX_POINT('',#1562);
#1562 = CARTESIAN_POINT('',(33.948276519775,-13.95795249939,
    -0.10000000149));
#1563 = LINE('',#1564,#1565);
#1564 = CARTESIAN_POINT('',(33.83198928833,-14.26088333129,
    -0.10000000149));
#1565 = VECTOR('',#1566,1.);
#1566 = DIRECTION('',(0.358375953816,0.933577353906,0.));
#1567 = ORIENTED_EDGE('',*,*,#1568,.T.);
#1568 = EDGE_CURVE('',#1561,#1569,#1571,.T.);
#1569 = VERTEX_POINT('',#1570);
#1570 = CARTESIAN_POINT('',(34.032257080078,-13.64452648162,
    -0.10000000149));
#1571 = LINE('',#1572,#1573);
#1572 = CARTESIAN_POINT('',(33.948276519775,-13.95795249939,
    -0.10000000149));
#1573 = VECTOR('',#1574,1.);
#1574 = DIRECTION('',(0.258814191315,0.965927126844,0.));
#1575 = ORIENTED_EDGE('',*,*,#1576,.T.);
#1576 = EDGE_CURVE('',#1569,#1577,#1579,.T.);
#1577 = VERTEX_POINT('',#1578);
#1578 = CARTESIAN_POINT('',(34.083019256592,-13.32403850555,
    -0.10000000149));
#1579 = LINE('',#1580,#1581);
#1580 = CARTESIAN_POINT('',(34.032257080078,-13.64452648162,
    -0.10000000149));
#1581 = VECTOR('',#1582,1.);
#1582 = DIRECTION('',(0.15644008038,0.987687451196,0.));
#1583 = ORIENTED_EDGE('',*,*,#1584,.T.);
#1584 = EDGE_CURVE('',#1577,#1585,#1587,.T.);
#1585 = VERTEX_POINT('',#1586);
#1586 = CARTESIAN_POINT('',(34.099998474121,-13.,-0.10000000149));
#1587 = LINE('',#1588,#1589);
#1588 = CARTESIAN_POINT('',(34.083019256592,-13.32403850555,
    -0.10000000149));
#1589 = VECTOR('',#1590,1.);
#1590 = DIRECTION('',(5.23269790434E-02,0.998630005189,0.));
#1591 = ORIENTED_EDGE('',*,*,#1592,.T.);
#1592 = EDGE_CURVE('',#1585,#1593,#1595,.T.);
#1593 = VERTEX_POINT('',#1594);
#1594 = CARTESIAN_POINT('',(34.099998474121,16.10000038147,
    -0.10000000149));
#1595 = LINE('',#1596,#1597);
#1596 = CARTESIAN_POINT('',(34.099998474121,-13.,-0.10000000149));
#1597 = VECTOR('',#1598,1.);
#1598 = DIRECTION('',(0.,1.,0.));
#1599 = ORIENTED_EDGE('',*,*,#1600,.T.);
#1600 = EDGE_CURVE('',#1593,#1601,#1603,.T.);
#1601 = VERTEX_POINT('',#1602);
#1602 = CARTESIAN_POINT('',(-34.09999847412,16.10000038147,
    -0.10000000149));
#1603 = LINE('',#1604,#1605);
#1604 = CARTESIAN_POINT('',(34.099998474121,16.10000038147,
    -0.10000000149));
#1605 = VECTOR('',#1606,1.);
#1606 = DIRECTION('',(-1.,0.,0.));
#1607 = ORIENTED_EDGE('',*,*,#1608,.F.);
#1608 = EDGE_CURVE('',#1609,#1601,#1611,.T.);
#1609 = VERTEX_POINT('',#1610);
#1610 = CARTESIAN_POINT('',(-34.09999847412,-2.775528669357,
    -0.10000000149));
#1611 = LINE('',#1612,#1613);
#1612 = CARTESIAN_POINT('',(-34.09999847412,-2.775528669357,
    -0.10000000149));
#1613 = VECTOR('',#1614,1.);
#1614 = DIRECTION('',(0.,1.,0.));
#1615 = ORIENTED_EDGE('',*,*,#1616,.T.);
#1616 = EDGE_CURVE('',#1609,#1319,#1617,.T.);
#1617 = LINE('',#1618,#1619);
#1618 = CARTESIAN_POINT('',(-34.09999847412,-2.775528669357,
    -0.10000000149));
#1619 = VECTOR('',#1620,1.);
#1620 = DIRECTION('',(1.,0.,0.));
#1621 = FACE_BOUND('',#1622,.T.);
#1622 = EDGE_LOOP('',(#1623,#1633,#1641,#1649,#1657,#1665,#1673,#1681,
    #1689,#1697,#1705,#1713,#1721,#1729,#1737,#1745,#1753,#1761,#1769,
    #1777,#1785,#1793,#1801,#1809,#1817,#1825,#1833,#1841,#1849,#1857,
    #1865,#1873,#1881,#1889,#1897,#1905,#1913,#1921,#1929,#1937,#1945,
    #1953,#1961,#1969,#1977,#1985,#1993,#2001,#2009,#2017,#2025,#2033,
    #2041,#2049,#2057,#2065,#2073,#2081,#2089,#2097,#2105,#2113,#2121,
    #2129,#2137,#2145,#2153,#2161,#2169,#2177,#2185,#2193,#2201,#2209,
    #2217,#2225,#2233,#2241,#2249,#2257,#2265,#2273,#2281,#2289,#2297,
    #2305,#2313,#2321,#2329,#2337,#2345,#2353,#2361,#2369,#2377,#2385,
    #2393,#2401,#2409,#2417));
#1623 = ORIENTED_EDGE('',*,*,#1624,.F.);
#1624 = EDGE_CURVE('',#1625,#1627,#1629,.T.);
#1625 = VERTEX_POINT('',#1626);
#1626 = CARTESIAN_POINT('',(-29.87000083923,1.299999952316,
    -0.10000000149));
#1627 = VERTEX_POINT('',#1628);
#1628 = CARTESIAN_POINT('',(-33.,1.299999952316,-0.10000000149));
#1629 = LINE('',#1630,#1631);
#1630 = CARTESIAN_POINT('',(-29.87000083923,1.299999952316,
    -0.10000000149));
#1631 = VECTOR('',#1632,1.);
#1632 = DIRECTION('',(-1.,0.,0.));
#1633 = ORIENTED_EDGE('',*,*,#1634,.F.);
#1634 = EDGE_CURVE('',#1635,#1625,#1637,.T.);
#1635 = VERTEX_POINT('',#1636);
#1636 = CARTESIAN_POINT('',(-29.45188522338,1.321912407875,
    -0.10000000149));
#1637 = LINE('',#1638,#1639);
#1638 = CARTESIAN_POINT('',(-29.45188522338,1.321912407875,
    -0.10000000149));
#1639 = VECTOR('',#1640,1.);
#1640 = DIRECTION('',(-0.998629541664,-5.233582440394E-02,0.));
#1641 = ORIENTED_EDGE('',*,*,#1642,.F.);
#1642 = EDGE_CURVE('',#1643,#1635,#1645,.T.);
#1643 = VERTEX_POINT('',#1644);
#1644 = CARTESIAN_POINT('',(-29.0383529663,1.387409567833,-0.10000000149
    ));
#1645 = LINE('',#1646,#1647);
#1646 = CARTESIAN_POINT('',(-29.0383529663,1.387409567833,-0.10000000149
    ));
#1647 = VECTOR('',#1648,1.);
#1648 = DIRECTION('',(-0.987688309278,-0.156434662771,0.));
#1649 = ORIENTED_EDGE('',*,*,#1650,.F.);
#1650 = EDGE_CURVE('',#1651,#1643,#1653,.T.);
#1651 = VERTEX_POINT('',#1652);
#1652 = CARTESIAN_POINT('',(-28.63393211364,1.495773911476,
    -0.10000000149));
#1653 = LINE('',#1654,#1655);
#1654 = CARTESIAN_POINT('',(-28.63393211364,1.495773911476,
    -0.10000000149));
#1655 = VECTOR('',#1656,1.);
#1656 = DIRECTION('',(-0.965925764924,-0.258819274118,0.));
#1657 = ORIENTED_EDGE('',*,*,#1658,.F.);
#1658 = EDGE_CURVE('',#1659,#1651,#1661,.T.);
#1659 = VERTEX_POINT('',#1660);
#1660 = CARTESIAN_POINT('',(-28.24305343627,1.645818114281,
    -0.10000000149));
#1661 = LINE('',#1662,#1663);
#1662 = CARTESIAN_POINT('',(-28.24305343627,1.645818114281,
    -0.10000000149));
#1663 = VECTOR('',#1664,1.);
#1664 = DIRECTION('',(-0.933580477238,-0.35836781736,0.));
#1665 = ORIENTED_EDGE('',*,*,#1666,.F.);
#1666 = EDGE_CURVE('',#1667,#1659,#1669,.T.);
#1667 = VERTEX_POINT('',#1668);
#1668 = CARTESIAN_POINT('',(-27.87000083923,1.835898399353,
    -0.10000000149));
#1669 = LINE('',#1670,#1671);
#1670 = CARTESIAN_POINT('',(-27.87000083923,1.835898399353,
    -0.10000000149));
#1671 = VECTOR('',#1672,1.);
#1672 = DIRECTION('',(-0.891006048001,-0.453991434308,0.));
#1673 = ORIENTED_EDGE('',*,*,#1674,.F.);
#1674 = EDGE_CURVE('',#1675,#1667,#1677,.T.);
#1675 = VERTEX_POINT('',#1676);
#1676 = CARTESIAN_POINT('',(-27.51885986328,2.063931941986,
    -0.10000000149));
#1677 = LINE('',#1678,#1679);
#1678 = CARTESIAN_POINT('',(-27.51885986328,2.063931941986,
    -0.10000000149));
#1679 = VECTOR('',#1680,1.);
#1680 = DIRECTION('',(-0.838670648058,-0.544638911652,0.));
#1681 = ORIENTED_EDGE('',*,*,#1682,.F.);
#1682 = EDGE_CURVE('',#1683,#1675,#1685,.T.);
#1683 = VERTEX_POINT('',#1684);
#1684 = CARTESIAN_POINT('',(-27.19347763061,2.327420711517,
    -0.10000000149));
#1685 = LINE('',#1686,#1687);
#1686 = CARTESIAN_POINT('',(-27.19347763061,2.327420711517,
    -0.10000000149));
#1687 = VECTOR('',#1688,1.);
#1688 = DIRECTION('',(-0.77714662397,-0.629319572914,0.));
#1689 = ORIENTED_EDGE('',*,*,#1690,.F.);
#1690 = EDGE_CURVE('',#1691,#1683,#1693,.T.);
#1691 = VERTEX_POINT('',#1692);
#1692 = CARTESIAN_POINT('',(-26.89742088317,2.623477458954,
    -0.10000000149));
#1693 = LINE('',#1694,#1695);
#1694 = CARTESIAN_POINT('',(-26.89742088317,2.623477458954,
    -0.10000000149));
#1695 = VECTOR('',#1696,1.);
#1696 = DIRECTION('',(-0.707106781187,-0.707106781187,0.));
#1697 = ORIENTED_EDGE('',*,*,#1698,.F.);
#1698 = EDGE_CURVE('',#1699,#1691,#1701,.T.);
#1699 = VERTEX_POINT('',#1700);
#1700 = CARTESIAN_POINT('',(-26.63393211364,2.948858976364,
    -0.10000000149));
#1701 = LINE('',#1702,#1703);
#1702 = CARTESIAN_POINT('',(-26.63393211364,2.948858976364,
    -0.10000000149));
#1703 = VECTOR('',#1704,1.);
#1704 = DIRECTION('',(-0.629320408411,-0.777145947398,0.));
#1705 = ORIENTED_EDGE('',*,*,#1706,.F.);
#1706 = EDGE_CURVE('',#1707,#1699,#1709,.T.);
#1707 = VERTEX_POINT('',#1708);
#1708 = CARTESIAN_POINT('',(-26.40589904785,3.299999952316,
    -0.10000000149));
#1709 = LINE('',#1710,#1711);
#1710 = CARTESIAN_POINT('',(-26.40589904785,3.299999952316,
    -0.10000000149));
#1711 = VECTOR('',#1712,1.);
#1712 = DIRECTION('',(-0.544638110595,-0.83867116827,0.));
#1713 = ORIENTED_EDGE('',*,*,#1714,.F.);
#1714 = EDGE_CURVE('',#1715,#1707,#1717,.T.);
#1715 = VERTEX_POINT('',#1716);
#1716 = CARTESIAN_POINT('',(-26.21581840515,3.673053503036,
    -0.10000000149));
#1717 = LINE('',#1718,#1719);
#1718 = CARTESIAN_POINT('',(-26.21581840515,3.673053503036,
    -0.10000000149));
#1719 = VECTOR('',#1720,1.);
#1720 = DIRECTION('',(-0.453991191043,-0.891006171951,0.));
#1721 = ORIENTED_EDGE('',*,*,#1722,.F.);
#1722 = EDGE_CURVE('',#1723,#1715,#1725,.T.);
#1723 = VERTEX_POINT('',#1724);
#1724 = CARTESIAN_POINT('',(-26.06577301025,4.063931941986,
    -0.10000000149));
#1725 = LINE('',#1726,#1727);
#1726 = CARTESIAN_POINT('',(-26.06577301025,4.063931941986,
    -0.10000000149));
#1727 = VECTOR('',#1728,1.);
#1728 = DIRECTION('',(-0.358370489425,-0.933579451525,0.));
#1729 = ORIENTED_EDGE('',*,*,#1730,.F.);
#1730 = EDGE_CURVE('',#1731,#1723,#1733,.T.);
#1731 = VERTEX_POINT('',#1732);
#1732 = CARTESIAN_POINT('',(-25.95740890502,4.468353271484,
    -0.10000000149));
#1733 = LINE('',#1734,#1735);
#1734 = CARTESIAN_POINT('',(-25.95740890502,4.468353271484,
    -0.10000000149));
#1735 = VECTOR('',#1736,1.);
#1736 = DIRECTION('',(-0.2588184581,-0.965925983576,0.));
#1737 = ORIENTED_EDGE('',*,*,#1738,.F.);
#1738 = EDGE_CURVE('',#1739,#1731,#1741,.T.);
#1739 = VERTEX_POINT('',#1740);
#1740 = CARTESIAN_POINT('',(-25.89191246032,4.881886005402,
    -0.10000000149));
#1741 = LINE('',#1742,#1743);
#1742 = CARTESIAN_POINT('',(-25.89191246032,4.881886005402,
    -0.10000000149));
#1743 = VECTOR('',#1744,1.);
#1744 = DIRECTION('',(-0.15643282028,-0.987688601098,0.));
#1745 = ORIENTED_EDGE('',*,*,#1746,.F.);
#1746 = EDGE_CURVE('',#1747,#1739,#1749,.T.);
#1747 = VERTEX_POINT('',#1748);
#1748 = CARTESIAN_POINT('',(-25.87000083923,5.300000190735,
    -0.10000000149));
#1749 = LINE('',#1750,#1751);
#1750 = CARTESIAN_POINT('',(-25.87000083923,5.300000190735,
    -0.10000000149));
#1751 = VECTOR('',#1752,1.);
#1752 = DIRECTION('',(-5.233401538351E-02,-0.998629636469,0.));
#1753 = ORIENTED_EDGE('',*,*,#1754,.F.);
#1754 = EDGE_CURVE('',#1755,#1747,#1757,.T.);
#1755 = VERTEX_POINT('',#1756);
#1756 = CARTESIAN_POINT('',(-25.89191246032,5.718113899231,
    -0.10000000149));
#1757 = LINE('',#1758,#1759);
#1758 = CARTESIAN_POINT('',(-25.89191246032,5.718113899231,
    -0.10000000149));
#1759 = VECTOR('',#1760,1.);
#1760 = DIRECTION('',(5.233407490429E-02,-0.99862963335,0.));
#1761 = ORIENTED_EDGE('',*,*,#1762,.F.);
#1762 = EDGE_CURVE('',#1763,#1755,#1765,.T.);
#1763 = VERTEX_POINT('',#1764);
#1764 = CARTESIAN_POINT('',(-25.95740890502,6.131646633148,
    -0.10000000149));
#1765 = LINE('',#1766,#1767);
#1766 = CARTESIAN_POINT('',(-25.95740890502,6.131646633148,
    -0.10000000149));
#1767 = VECTOR('',#1768,1.);
#1768 = DIRECTION('',(0.15643282028,-0.987688601098,0.));
#1769 = ORIENTED_EDGE('',*,*,#1770,.F.);
#1770 = EDGE_CURVE('',#1771,#1763,#1773,.T.);
#1771 = VERTEX_POINT('',#1772);
#1772 = CARTESIAN_POINT('',(-26.06577301025,6.536067962646,
    -0.10000000149));
#1773 = LINE('',#1774,#1775);
#1774 = CARTESIAN_POINT('',(-26.06577301025,6.536067962646,
    -0.10000000149));
#1775 = VECTOR('',#1776,1.);
#1776 = DIRECTION('',(0.2588184581,-0.965925983576,0.));
#1777 = ORIENTED_EDGE('',*,*,#1778,.F.);
#1778 = EDGE_CURVE('',#1779,#1771,#1781,.T.);
#1779 = VERTEX_POINT('',#1780);
#1780 = CARTESIAN_POINT('',(-26.21581840515,6.926946640015,
    -0.10000000149));
#1781 = LINE('',#1782,#1783);
#1782 = CARTESIAN_POINT('',(-26.21581840515,6.926946640015,
    -0.10000000149));
#1783 = VECTOR('',#1784,1.);
#1784 = DIRECTION('',(0.358370298909,-0.933579524658,0.));
#1785 = ORIENTED_EDGE('',*,*,#1786,.F.);
#1786 = EDGE_CURVE('',#1787,#1779,#1789,.T.);
#1787 = VERTEX_POINT('',#1788);
#1788 = CARTESIAN_POINT('',(-26.40589904785,7.300000190735,
    -0.10000000149));
#1789 = LINE('',#1790,#1791);
#1790 = CARTESIAN_POINT('',(-26.40589904785,7.300000190735,
    -0.10000000149));
#1791 = VECTOR('',#1792,1.);
#1792 = DIRECTION('',(0.453991191043,-0.891006171951,0.));
#1793 = ORIENTED_EDGE('',*,*,#1794,.F.);
#1794 = EDGE_CURVE('',#1795,#1787,#1797,.T.);
#1795 = VERTEX_POINT('',#1796);
#1796 = CARTESIAN_POINT('',(-26.63393211364,7.651141166687,
    -0.10000000149));
#1797 = LINE('',#1798,#1799);
#1798 = CARTESIAN_POINT('',(-26.63393211364,7.651141166687,
    -0.10000000149));
#1799 = VECTOR('',#1800,1.);
#1800 = DIRECTION('',(0.544638110595,-0.83867116827,0.));
#1801 = ORIENTED_EDGE('',*,*,#1802,.F.);
#1802 = EDGE_CURVE('',#1803,#1795,#1805,.T.);
#1803 = VERTEX_POINT('',#1804);
#1804 = CARTESIAN_POINT('',(-26.89742088317,7.976522445679,
    -0.10000000149));
#1805 = LINE('',#1806,#1807);
#1806 = CARTESIAN_POINT('',(-26.89742088317,7.976522445679,
    -0.10000000149));
#1807 = VECTOR('',#1808,1.);
#1808 = DIRECTION('',(0.629320686911,-0.777145721874,0.));
#1809 = ORIENTED_EDGE('',*,*,#1810,.F.);
#1810 = EDGE_CURVE('',#1811,#1803,#1813,.T.);
#1811 = VERTEX_POINT('',#1812);
#1812 = CARTESIAN_POINT('',(-27.19347763061,8.272579193115,
    -0.10000000149));
#1813 = LINE('',#1814,#1815);
#1814 = CARTESIAN_POINT('',(-27.19347763061,8.272579193115,
    -0.10000000149));
#1815 = VECTOR('',#1816,1.);
#1816 = DIRECTION('',(0.707106781187,-0.707106781187,0.));
#1817 = ORIENTED_EDGE('',*,*,#1818,.F.);
#1818 = EDGE_CURVE('',#1819,#1811,#1821,.T.);
#1819 = VERTEX_POINT('',#1820);
#1820 = CARTESIAN_POINT('',(-27.51885986328,8.536067962646,
    -0.10000000149));
#1821 = LINE('',#1822,#1823);
#1822 = CARTESIAN_POINT('',(-27.51885986328,8.536067962646,
    -0.10000000149));
#1823 = VECTOR('',#1824,1.);
#1824 = DIRECTION('',(0.77714662397,-0.629319572914,0.));
#1825 = ORIENTED_EDGE('',*,*,#1826,.F.);
#1826 = EDGE_CURVE('',#1827,#1819,#1829,.T.);
#1827 = VERTEX_POINT('',#1828);
#1828 = CARTESIAN_POINT('',(-27.87000083923,8.764101982117,
    -0.10000000149));
#1829 = LINE('',#1830,#1831);
#1830 = CARTESIAN_POINT('',(-27.87000083923,8.764101982117,
    -0.10000000149));
#1831 = VECTOR('',#1832,1.);
#1832 = DIRECTION('',(0.838670127846,-0.544639712708,0.));
#1833 = ORIENTED_EDGE('',*,*,#1834,.F.);
#1834 = EDGE_CURVE('',#1835,#1827,#1837,.T.);
#1835 = VERTEX_POINT('',#1836);
#1836 = CARTESIAN_POINT('',(-28.24305343627,8.954181671143,
    -0.10000000149));
#1837 = LINE('',#1838,#1839);
#1838 = CARTESIAN_POINT('',(-28.24305343627,8.954181671143,
    -0.10000000149));
#1839 = VECTOR('',#1840,1.);
#1840 = DIRECTION('',(0.891006623864,-0.453990304116,0.));
#1841 = ORIENTED_EDGE('',*,*,#1842,.F.);
#1842 = EDGE_CURVE('',#1843,#1835,#1845,.T.);
#1843 = VERTEX_POINT('',#1844);
#1844 = CARTESIAN_POINT('',(-28.63393211364,9.104226112366,
    -0.10000000149));
#1845 = LINE('',#1846,#1847);
#1846 = CARTESIAN_POINT('',(-28.63393211364,9.104226112366,
    -0.10000000149));
#1847 = VECTOR('',#1848,1.);
#1848 = DIRECTION('',(0.933580286723,-0.358368313671,0.));
#1849 = ORIENTED_EDGE('',*,*,#1850,.F.);
#1850 = EDGE_CURVE('',#1851,#1843,#1853,.T.);
#1851 = VERTEX_POINT('',#1852);
#1852 = CARTESIAN_POINT('',(-29.0383529663,9.21259021759,-0.10000000149)
  );
#1853 = LINE('',#1854,#1855);
#1854 = CARTESIAN_POINT('',(-29.0383529663,9.21259021759,-0.10000000149)
  );
#1855 = VECTOR('',#1856,1.);
#1856 = DIRECTION('',(0.965925907285,-0.258818742821,0.));
#1857 = ORIENTED_EDGE('',*,*,#1858,.F.);
#1858 = EDGE_CURVE('',#1859,#1851,#1861,.T.);
#1859 = VERTEX_POINT('',#1860);
#1860 = CARTESIAN_POINT('',(-29.45188522338,9.278087615967,
    -0.10000000149));
#1861 = LINE('',#1862,#1863);
#1862 = CARTESIAN_POINT('',(-29.45188522338,9.278087615967,
    -0.10000000149));
#1863 = VECTOR('',#1864,1.);
#1864 = DIRECTION('',(0.987688221294,-0.156435218279,0.));
#1865 = ORIENTED_EDGE('',*,*,#1866,.F.);
#1866 = EDGE_CURVE('',#1867,#1859,#1869,.T.);
#1867 = VERTEX_POINT('',#1868);
#1868 = CARTESIAN_POINT('',(-29.87000083923,9.300000190735,
    -0.10000000149));
#1869 = LINE('',#1870,#1871);
#1870 = CARTESIAN_POINT('',(-29.87000083923,9.300000190735,
    -0.10000000149));
#1871 = VECTOR('',#1872,1.);
#1872 = DIRECTION('',(0.998629526783,-5.233610834417E-02,0.));
#1873 = ORIENTED_EDGE('',*,*,#1874,.F.);
#1874 = EDGE_CURVE('',#1875,#1867,#1877,.T.);
#1875 = VERTEX_POINT('',#1876);
#1876 = CARTESIAN_POINT('',(-33.,9.300000190735,-0.10000000149));
#1877 = LINE('',#1878,#1879);
#1878 = CARTESIAN_POINT('',(-33.,9.300000190735,-0.10000000149));
#1879 = VECTOR('',#1880,1.);
#1880 = DIRECTION('',(1.,0.,0.));
#1881 = ORIENTED_EDGE('',*,*,#1882,.T.);
#1882 = EDGE_CURVE('',#1875,#1883,#1885,.T.);
#1883 = VERTEX_POINT('',#1884);
#1884 = CARTESIAN_POINT('',(-33.,15.,-0.10000000149));
#1885 = LINE('',#1886,#1887);
#1886 = CARTESIAN_POINT('',(-33.,9.300000190735,-0.10000000149));
#1887 = VECTOR('',#1888,1.);
#1888 = DIRECTION('',(0.,1.,0.));
#1889 = ORIENTED_EDGE('',*,*,#1890,.T.);
#1890 = EDGE_CURVE('',#1883,#1891,#1893,.T.);
#1891 = VERTEX_POINT('',#1892);
#1892 = CARTESIAN_POINT('',(33.,15.,-0.10000000149));
#1893 = LINE('',#1894,#1895);
#1894 = CARTESIAN_POINT('',(-33.,15.,-0.10000000149));
#1895 = VECTOR('',#1896,1.);
#1896 = DIRECTION('',(1.,0.,0.));
#1897 = ORIENTED_EDGE('',*,*,#1898,.T.);
#1898 = EDGE_CURVE('',#1891,#1899,#1901,.T.);
#1899 = VERTEX_POINT('',#1900);
#1900 = CARTESIAN_POINT('',(33.,9.300000190735,-0.10000000149));
#1901 = LINE('',#1902,#1903);
#1902 = CARTESIAN_POINT('',(33.,15.,-0.10000000149));
#1903 = VECTOR('',#1904,1.);
#1904 = DIRECTION('',(0.,-1.,0.));
#1905 = ORIENTED_EDGE('',*,*,#1906,.F.);
#1906 = EDGE_CURVE('',#1907,#1899,#1909,.T.);
#1907 = VERTEX_POINT('',#1908);
#1908 = CARTESIAN_POINT('',(29.870000839233,9.300000190735,
    -0.10000000149));
#1909 = LINE('',#1910,#1911);
#1910 = CARTESIAN_POINT('',(29.870000839233,9.300000190735,
    -0.10000000149));
#1911 = VECTOR('',#1912,1.);
#1912 = DIRECTION('',(1.,0.,0.));
#1913 = ORIENTED_EDGE('',*,*,#1914,.F.);
#1914 = EDGE_CURVE('',#1915,#1907,#1917,.T.);
#1915 = VERTEX_POINT('',#1916);
#1916 = CARTESIAN_POINT('',(29.451885223389,9.278087615967,
    -0.10000000149));
#1917 = LINE('',#1918,#1919);
#1918 = CARTESIAN_POINT('',(29.451885223389,9.278087615967,
    -0.10000000149));
#1919 = VECTOR('',#1920,1.);
#1920 = DIRECTION('',(0.998629526783,5.233610834417E-02,0.));
#1921 = ORIENTED_EDGE('',*,*,#1922,.F.);
#1922 = EDGE_CURVE('',#1923,#1915,#1925,.T.);
#1923 = VERTEX_POINT('',#1924);
#1924 = CARTESIAN_POINT('',(29.038352966309,9.21259021759,-0.10000000149
    ));
#1925 = LINE('',#1926,#1927);
#1926 = CARTESIAN_POINT('',(29.038352966309,9.21259021759,-0.10000000149
    ));
#1927 = VECTOR('',#1928,1.);
#1928 = DIRECTION('',(0.987688221294,0.156435218279,0.));
#1929 = ORIENTED_EDGE('',*,*,#1930,.F.);
#1930 = EDGE_CURVE('',#1931,#1923,#1933,.T.);
#1931 = VERTEX_POINT('',#1932);
#1932 = CARTESIAN_POINT('',(28.633932113647,9.104226112366,
    -0.10000000149));
#1933 = LINE('',#1934,#1935);
#1934 = CARTESIAN_POINT('',(28.633932113647,9.104226112366,
    -0.10000000149));
#1935 = VECTOR('',#1936,1.);
#1936 = DIRECTION('',(0.965925907285,0.258818742821,0.));
#1937 = ORIENTED_EDGE('',*,*,#1938,.F.);
#1938 = EDGE_CURVE('',#1939,#1931,#1941,.T.);
#1939 = VERTEX_POINT('',#1940);
#1940 = CARTESIAN_POINT('',(28.243053436279,8.954181671143,
    -0.10000000149));
#1941 = LINE('',#1942,#1943);
#1942 = CARTESIAN_POINT('',(28.243053436279,8.954181671143,
    -0.10000000149));
#1943 = VECTOR('',#1944,1.);
#1944 = DIRECTION('',(0.933580286723,0.358368313671,0.));
#1945 = ORIENTED_EDGE('',*,*,#1946,.F.);
#1946 = EDGE_CURVE('',#1947,#1939,#1949,.T.);
#1947 = VERTEX_POINT('',#1948);
#1948 = CARTESIAN_POINT('',(27.870000839233,8.764101982117,
    -0.10000000149));
#1949 = LINE('',#1950,#1951);
#1950 = CARTESIAN_POINT('',(27.870000839233,8.764101982117,
    -0.10000000149));
#1951 = VECTOR('',#1952,1.);
#1952 = DIRECTION('',(0.891006623864,0.453990304116,0.));
#1953 = ORIENTED_EDGE('',*,*,#1954,.F.);
#1954 = EDGE_CURVE('',#1955,#1947,#1957,.T.);
#1955 = VERTEX_POINT('',#1956);
#1956 = CARTESIAN_POINT('',(27.518859863281,8.536067962646,
    -0.10000000149));
#1957 = LINE('',#1958,#1959);
#1958 = CARTESIAN_POINT('',(27.518859863281,8.536067962646,
    -0.10000000149));
#1959 = VECTOR('',#1960,1.);
#1960 = DIRECTION('',(0.838670127846,0.544639712708,0.));
#1961 = ORIENTED_EDGE('',*,*,#1962,.F.);
#1962 = EDGE_CURVE('',#1963,#1955,#1965,.T.);
#1963 = VERTEX_POINT('',#1964);
#1964 = CARTESIAN_POINT('',(27.193477630615,8.272579193115,
    -0.10000000149));
#1965 = LINE('',#1966,#1967);
#1966 = CARTESIAN_POINT('',(27.193477630615,8.272579193115,
    -0.10000000149));
#1967 = VECTOR('',#1968,1.);
#1968 = DIRECTION('',(0.77714662397,0.629319572914,0.));
#1969 = ORIENTED_EDGE('',*,*,#1970,.F.);
#1970 = EDGE_CURVE('',#1971,#1963,#1973,.T.);
#1971 = VERTEX_POINT('',#1972);
#1972 = CARTESIAN_POINT('',(26.897420883179,7.976522445679,
    -0.10000000149));
#1973 = LINE('',#1974,#1975);
#1974 = CARTESIAN_POINT('',(26.897420883179,7.976522445679,
    -0.10000000149));
#1975 = VECTOR('',#1976,1.);
#1976 = DIRECTION('',(0.707106781187,0.707106781187,0.));
#1977 = ORIENTED_EDGE('',*,*,#1978,.F.);
#1978 = EDGE_CURVE('',#1979,#1971,#1981,.T.);
#1979 = VERTEX_POINT('',#1980);
#1980 = CARTESIAN_POINT('',(26.633932113647,7.651141166687,
    -0.10000000149));
#1981 = LINE('',#1982,#1983);
#1982 = CARTESIAN_POINT('',(26.633932113647,7.651141166687,
    -0.10000000149));
#1983 = VECTOR('',#1984,1.);
#1984 = DIRECTION('',(0.629320686911,0.777145721874,0.));
#1985 = ORIENTED_EDGE('',*,*,#1986,.F.);
#1986 = EDGE_CURVE('',#1987,#1979,#1989,.T.);
#1987 = VERTEX_POINT('',#1988);
#1988 = CARTESIAN_POINT('',(26.405899047852,7.300000190735,
    -0.10000000149));
#1989 = LINE('',#1990,#1991);
#1990 = CARTESIAN_POINT('',(26.405899047852,7.300000190735,
    -0.10000000149));
#1991 = VECTOR('',#1992,1.);
#1992 = DIRECTION('',(0.544638110595,0.83867116827,0.));
#1993 = ORIENTED_EDGE('',*,*,#1994,.F.);
#1994 = EDGE_CURVE('',#1995,#1987,#1997,.T.);
#1995 = VERTEX_POINT('',#1996);
#1996 = CARTESIAN_POINT('',(26.215818405151,6.926946640015,
    -0.10000000149));
#1997 = LINE('',#1998,#1999);
#1998 = CARTESIAN_POINT('',(26.215818405151,6.926946640015,
    -0.10000000149));
#1999 = VECTOR('',#2000,1.);
#2000 = DIRECTION('',(0.453991191043,0.891006171951,0.));
#2001 = ORIENTED_EDGE('',*,*,#2002,.F.);
#2002 = EDGE_CURVE('',#2003,#1995,#2005,.T.);
#2003 = VERTEX_POINT('',#2004);
#2004 = CARTESIAN_POINT('',(26.065773010254,6.536067962646,
    -0.10000000149));
#2005 = LINE('',#2006,#2007);
#2006 = CARTESIAN_POINT('',(26.065773010254,6.536067962646,
    -0.10000000149));
#2007 = VECTOR('',#2008,1.);
#2008 = DIRECTION('',(0.358370298909,0.933579524658,0.));
#2009 = ORIENTED_EDGE('',*,*,#2010,.F.);
#2010 = EDGE_CURVE('',#2011,#2003,#2013,.T.);
#2011 = VERTEX_POINT('',#2012);
#2012 = CARTESIAN_POINT('',(25.957408905029,6.131646633148,
    -0.10000000149));
#2013 = LINE('',#2014,#2015);
#2014 = CARTESIAN_POINT('',(25.957408905029,6.131646633148,
    -0.10000000149));
#2015 = VECTOR('',#2016,1.);
#2016 = DIRECTION('',(0.2588184581,0.965925983576,0.));
#2017 = ORIENTED_EDGE('',*,*,#2018,.F.);
#2018 = EDGE_CURVE('',#2019,#2011,#2021,.T.);
#2019 = VERTEX_POINT('',#2020);
#2020 = CARTESIAN_POINT('',(25.891912460327,5.718113899231,
    -0.10000000149));
#2021 = LINE('',#2022,#2023);
#2022 = CARTESIAN_POINT('',(25.891912460327,5.718113899231,
    -0.10000000149));
#2023 = VECTOR('',#2024,1.);
#2024 = DIRECTION('',(0.15643282028,0.987688601098,0.));
#2025 = ORIENTED_EDGE('',*,*,#2026,.F.);
#2026 = EDGE_CURVE('',#2027,#2019,#2029,.T.);
#2027 = VERTEX_POINT('',#2028);
#2028 = CARTESIAN_POINT('',(25.870000839233,5.300000190735,
    -0.10000000149));
#2029 = LINE('',#2030,#2031);
#2030 = CARTESIAN_POINT('',(25.870000839233,5.300000190735,
    -0.10000000149));
#2031 = VECTOR('',#2032,1.);
#2032 = DIRECTION('',(5.233407490429E-02,0.99862963335,0.));
#2033 = ORIENTED_EDGE('',*,*,#2034,.F.);
#2034 = EDGE_CURVE('',#2035,#2027,#2037,.T.);
#2035 = VERTEX_POINT('',#2036);
#2036 = CARTESIAN_POINT('',(25.891912460327,4.881886005402,
    -0.10000000149));
#2037 = LINE('',#2038,#2039);
#2038 = CARTESIAN_POINT('',(25.891912460327,4.881886005402,
    -0.10000000149));
#2039 = VECTOR('',#2040,1.);
#2040 = DIRECTION('',(-5.233401538351E-02,0.998629636469,0.));
#2041 = ORIENTED_EDGE('',*,*,#2042,.F.);
#2042 = EDGE_CURVE('',#2043,#2035,#2045,.T.);
#2043 = VERTEX_POINT('',#2044);
#2044 = CARTESIAN_POINT('',(25.957408905029,4.468353271484,
    -0.10000000149));
#2045 = LINE('',#2046,#2047);
#2046 = CARTESIAN_POINT('',(25.957408905029,4.468353271484,
    -0.10000000149));
#2047 = VECTOR('',#2048,1.);
#2048 = DIRECTION('',(-0.15643282028,0.987688601098,0.));
#2049 = ORIENTED_EDGE('',*,*,#2050,.F.);
#2050 = EDGE_CURVE('',#2051,#2043,#2053,.T.);
#2051 = VERTEX_POINT('',#2052);
#2052 = CARTESIAN_POINT('',(26.065773010254,4.063931941986,
    -0.10000000149));
#2053 = LINE('',#2054,#2055);
#2054 = CARTESIAN_POINT('',(26.065773010254,4.063931941986,
    -0.10000000149));
#2055 = VECTOR('',#2056,1.);
#2056 = DIRECTION('',(-0.2588184581,0.965925983576,0.));
#2057 = ORIENTED_EDGE('',*,*,#2058,.F.);
#2058 = EDGE_CURVE('',#2059,#2051,#2061,.T.);
#2059 = VERTEX_POINT('',#2060);
#2060 = CARTESIAN_POINT('',(26.215818405151,3.673053503036,
    -0.10000000149));
#2061 = LINE('',#2062,#2063);
#2062 = CARTESIAN_POINT('',(26.215818405151,3.673053503036,
    -0.10000000149));
#2063 = VECTOR('',#2064,1.);
#2064 = DIRECTION('',(-0.358370489425,0.933579451525,0.));
#2065 = ORIENTED_EDGE('',*,*,#2066,.F.);
#2066 = EDGE_CURVE('',#2067,#2059,#2069,.T.);
#2067 = VERTEX_POINT('',#2068);
#2068 = CARTESIAN_POINT('',(26.405899047852,3.299999952316,
    -0.10000000149));
#2069 = LINE('',#2070,#2071);
#2070 = CARTESIAN_POINT('',(26.405899047852,3.299999952316,
    -0.10000000149));
#2071 = VECTOR('',#2072,1.);
#2072 = DIRECTION('',(-0.453991191043,0.891006171951,0.));
#2073 = ORIENTED_EDGE('',*,*,#2074,.F.);
#2074 = EDGE_CURVE('',#2075,#2067,#2077,.T.);
#2075 = VERTEX_POINT('',#2076);
#2076 = CARTESIAN_POINT('',(26.633932113647,2.948858976364,
    -0.10000000149));
#2077 = LINE('',#2078,#2079);
#2078 = CARTESIAN_POINT('',(26.633932113647,2.948858976364,
    -0.10000000149));
#2079 = VECTOR('',#2080,1.);
#2080 = DIRECTION('',(-0.544638110595,0.83867116827,0.));
#2081 = ORIENTED_EDGE('',*,*,#2082,.F.);
#2082 = EDGE_CURVE('',#2083,#2075,#2085,.T.);
#2083 = VERTEX_POINT('',#2084);
#2084 = CARTESIAN_POINT('',(26.897420883179,2.623477458954,
    -0.10000000149));
#2085 = LINE('',#2086,#2087);
#2086 = CARTESIAN_POINT('',(26.897420883179,2.623477458954,
    -0.10000000149));
#2087 = VECTOR('',#2088,1.);
#2088 = DIRECTION('',(-0.629320408411,0.777145947398,0.));
#2089 = ORIENTED_EDGE('',*,*,#2090,.F.);
#2090 = EDGE_CURVE('',#2091,#2083,#2093,.T.);
#2091 = VERTEX_POINT('',#2092);
#2092 = CARTESIAN_POINT('',(27.193477630615,2.327420711517,
    -0.10000000149));
#2093 = LINE('',#2094,#2095);
#2094 = CARTESIAN_POINT('',(27.193477630615,2.327420711517,
    -0.10000000149));
#2095 = VECTOR('',#2096,1.);
#2096 = DIRECTION('',(-0.707106781187,0.707106781187,0.));
#2097 = ORIENTED_EDGE('',*,*,#2098,.F.);
#2098 = EDGE_CURVE('',#2099,#2091,#2101,.T.);
#2099 = VERTEX_POINT('',#2100);
#2100 = CARTESIAN_POINT('',(27.518859863281,2.063931941986,
    -0.10000000149));
#2101 = LINE('',#2102,#2103);
#2102 = CARTESIAN_POINT('',(27.518859863281,2.063931941986,
    -0.10000000149));
#2103 = VECTOR('',#2104,1.);
#2104 = DIRECTION('',(-0.77714662397,0.629319572914,0.));
#2105 = ORIENTED_EDGE('',*,*,#2106,.F.);
#2106 = EDGE_CURVE('',#2107,#2099,#2109,.T.);
#2107 = VERTEX_POINT('',#2108);
#2108 = CARTESIAN_POINT('',(27.870000839233,1.835898399353,
    -0.10000000149));
#2109 = LINE('',#2110,#2111);
#2110 = CARTESIAN_POINT('',(27.870000839233,1.835898399353,
    -0.10000000149));
#2111 = VECTOR('',#2112,1.);
#2112 = DIRECTION('',(-0.838670648058,0.544638911652,0.));
#2113 = ORIENTED_EDGE('',*,*,#2114,.F.);
#2114 = EDGE_CURVE('',#2115,#2107,#2117,.T.);
#2115 = VERTEX_POINT('',#2116);
#2116 = CARTESIAN_POINT('',(28.243053436279,1.645818114281,
    -0.10000000149));
#2117 = LINE('',#2118,#2119);
#2118 = CARTESIAN_POINT('',(28.243053436279,1.645818114281,
    -0.10000000149));
#2119 = VECTOR('',#2120,1.);
#2120 = DIRECTION('',(-0.891006048001,0.453991434308,0.));
#2121 = ORIENTED_EDGE('',*,*,#2122,.F.);
#2122 = EDGE_CURVE('',#2123,#2115,#2125,.T.);
#2123 = VERTEX_POINT('',#2124);
#2124 = CARTESIAN_POINT('',(28.633932113647,1.495773911476,
    -0.10000000149));
#2125 = LINE('',#2126,#2127);
#2126 = CARTESIAN_POINT('',(28.633932113647,1.495773911476,
    -0.10000000149));
#2127 = VECTOR('',#2128,1.);
#2128 = DIRECTION('',(-0.933580477238,0.35836781736,0.));
#2129 = ORIENTED_EDGE('',*,*,#2130,.F.);
#2130 = EDGE_CURVE('',#2131,#2123,#2133,.T.);
#2131 = VERTEX_POINT('',#2132);
#2132 = CARTESIAN_POINT('',(29.038352966309,1.387409567833,
    -0.10000000149));
#2133 = LINE('',#2134,#2135);
#2134 = CARTESIAN_POINT('',(29.038352966309,1.387409567833,
    -0.10000000149));
#2135 = VECTOR('',#2136,1.);
#2136 = DIRECTION('',(-0.965925764924,0.258819274118,0.));
#2137 = ORIENTED_EDGE('',*,*,#2138,.F.);
#2138 = EDGE_CURVE('',#2139,#2131,#2141,.T.);
#2139 = VERTEX_POINT('',#2140);
#2140 = CARTESIAN_POINT('',(29.451885223389,1.321912407875,
    -0.10000000149));
#2141 = LINE('',#2142,#2143);
#2142 = CARTESIAN_POINT('',(29.451885223389,1.321912407875,
    -0.10000000149));
#2143 = VECTOR('',#2144,1.);
#2144 = DIRECTION('',(-0.987688309278,0.156434662771,0.));
#2145 = ORIENTED_EDGE('',*,*,#2146,.F.);
#2146 = EDGE_CURVE('',#2147,#2139,#2149,.T.);
#2147 = VERTEX_POINT('',#2148);
#2148 = CARTESIAN_POINT('',(29.870000839233,1.299999952316,
    -0.10000000149));
#2149 = LINE('',#2150,#2151);
#2150 = CARTESIAN_POINT('',(29.870000839233,1.299999952316,
    -0.10000000149));
#2151 = VECTOR('',#2152,1.);
#2152 = DIRECTION('',(-0.998629541664,5.233582440394E-02,0.));
#2153 = ORIENTED_EDGE('',*,*,#2154,.F.);
#2154 = EDGE_CURVE('',#2155,#2147,#2157,.T.);
#2155 = VERTEX_POINT('',#2156);
#2156 = CARTESIAN_POINT('',(33.,1.299999952316,-0.10000000149));
#2157 = LINE('',#2158,#2159);
#2158 = CARTESIAN_POINT('',(33.,1.299999952316,-0.10000000149));
#2159 = VECTOR('',#2160,1.);
#2160 = DIRECTION('',(-1.,0.,0.));
#2161 = ORIENTED_EDGE('',*,*,#2162,.T.);
#2162 = EDGE_CURVE('',#2155,#2163,#2165,.T.);
#2163 = VERTEX_POINT('',#2164);
#2164 = CARTESIAN_POINT('',(33.,-13.,-0.10000000149));
#2165 = LINE('',#2166,#2167);
#2166 = CARTESIAN_POINT('',(33.,1.299999952316,-0.10000000149));
#2167 = VECTOR('',#2168,1.);
#2168 = DIRECTION('',(0.,-1.,0.));
#2169 = ORIENTED_EDGE('',*,*,#2170,.T.);
#2170 = EDGE_CURVE('',#2163,#2171,#2173,.T.);
#2171 = VERTEX_POINT('',#2172);
#2172 = CARTESIAN_POINT('',(32.989044189453,-13.20905685424,
    -0.10000000149));
#2173 = LINE('',#2174,#2175);
#2174 = CARTESIAN_POINT('',(33.,-13.,-0.10000000149));
#2175 = VECTOR('',#2176,1.);
#2176 = DIRECTION('',(-5.233407490429E-02,-0.99862963335,0.));
#2177 = ORIENTED_EDGE('',*,*,#2178,.T.);
#2178 = EDGE_CURVE('',#2171,#2179,#2181,.T.);
#2179 = VERTEX_POINT('',#2180);
#2180 = CARTESIAN_POINT('',(32.956295013428,-13.41582298278,
    -0.10000000149));
#2181 = LINE('',#2182,#2183);
#2182 = CARTESIAN_POINT('',(32.989044189453,-13.20905685424,
    -0.10000000149));
#2183 = VECTOR('',#2184,1.);
#2184 = DIRECTION('',(-0.15643744031,-0.987687869354,0.));
#2185 = ORIENTED_EDGE('',*,*,#2186,.T.);
#2186 = EDGE_CURVE('',#2179,#2187,#2189,.T.);
#2187 = VERTEX_POINT('',#2188);
#2188 = CARTESIAN_POINT('',(32.902114868164,-13.61803436279,
    -0.10000000149));
#2189 = LINE('',#2190,#2191);
#2190 = CARTESIAN_POINT('',(32.956295013428,-13.41582298278,
    -0.10000000149));
#2191 = VECTOR('',#2192,1.);
#2192 = DIRECTION('',(-0.258809103178,-0.965928490165,0.));
#2193 = ORIENTED_EDGE('',*,*,#2194,.T.);
#2194 = EDGE_CURVE('',#2187,#2195,#2197,.T.);
#2195 = VERTEX_POINT('',#2196);
#2196 = CARTESIAN_POINT('',(32.827091217041,-13.81347370147,
    -0.10000000149));
#2197 = LINE('',#2198,#2199);
#2198 = CARTESIAN_POINT('',(32.902114868164,-13.61803436279,
    -0.10000000149));
#2199 = VECTOR('',#2200,1.);
#2200 = DIRECTION('',(-0.35837426937,-0.933578000519,0.));
#2201 = ORIENTED_EDGE('',*,*,#2202,.T.);
#2202 = EDGE_CURVE('',#2195,#2203,#2205,.T.);
#2203 = VERTEX_POINT('',#2204);
#2204 = CARTESIAN_POINT('',(32.732051849365,-14.,-0.10000000149));
#2205 = LINE('',#2206,#2207);
#2206 = CARTESIAN_POINT('',(32.827091217041,-13.81347370147,
    -0.10000000149));
#2207 = VECTOR('',#2208,1.);
#2208 = DIRECTION('',(-0.453988495803,-0.891007545242,0.));
#2209 = ORIENTED_EDGE('',*,*,#2210,.T.);
#2210 = EDGE_CURVE('',#2203,#2211,#2213,.T.);
#2211 = VERTEX_POINT('',#2212);
#2212 = CARTESIAN_POINT('',(32.618034362793,-14.17557048797,
    -0.10000000149));
#2213 = LINE('',#2214,#2215);
#2214 = CARTESIAN_POINT('',(32.732051849365,-14.,-0.10000000149));
#2215 = VECTOR('',#2216,1.);
#2216 = DIRECTION('',(-0.544641314814,-0.838669087422,0.));
#2217 = ORIENTED_EDGE('',*,*,#2218,.T.);
#2218 = EDGE_CURVE('',#2211,#2219,#2221,.T.);
#2219 = VERTEX_POINT('',#2220);
#2220 = CARTESIAN_POINT('',(32.486289978027,-14.3382616043,
    -0.10000000149));
#2221 = LINE('',#2222,#2223);
#2222 = CARTESIAN_POINT('',(32.618034362793,-14.17557048797,
    -0.10000000149));
#2223 = VECTOR('',#2224,1.);
#2224 = DIRECTION('',(-0.629319572914,-0.77714662397,0.));
#2225 = ORIENTED_EDGE('',*,*,#2226,.T.);
#2226 = EDGE_CURVE('',#2219,#2227,#2229,.T.);
#2227 = VERTEX_POINT('',#2228);
#2228 = CARTESIAN_POINT('',(32.338260650635,-14.48628997802,
    -0.10000000149));
#2229 = LINE('',#2230,#2231);
#2230 = CARTESIAN_POINT('',(32.486289978027,-14.3382616043,
    -0.10000000149));
#2231 = VECTOR('',#2232,1.);
#2232 = DIRECTION('',(-0.707109058947,-0.707104503419,0.));
#2233 = ORIENTED_EDGE('',*,*,#2234,.T.);
#2234 = EDGE_CURVE('',#2227,#2235,#2237,.T.);
#2235 = VERTEX_POINT('',#2236);
#2236 = CARTESIAN_POINT('',(32.17557144165,-14.61803436279,
    -0.10000000149));
#2237 = LINE('',#2238,#2239);
#2238 = CARTESIAN_POINT('',(32.338260650635,-14.48628997802,
    -0.10000000149));
#2239 = VECTOR('',#2240,1.);
#2240 = DIRECTION('',(-0.777143015556,-0.629324028917,0.));
#2241 = ORIENTED_EDGE('',*,*,#2242,.T.);
#2242 = EDGE_CURVE('',#2235,#2243,#2245,.T.);
#2243 = VERTEX_POINT('',#2244);
#2244 = CARTESIAN_POINT('',(32.,-14.73205089569,-0.10000000149));
#2245 = LINE('',#2246,#2247);
#2246 = CARTESIAN_POINT('',(32.17557144165,-14.61803436279,
    -0.10000000149));
#2247 = VECTOR('',#2248,1.);
#2248 = DIRECTION('',(-0.838672519576,-0.544636029755,0.));
#2249 = ORIENTED_EDGE('',*,*,#2250,.T.);
#2250 = EDGE_CURVE('',#2243,#2251,#2253,.T.);
#2251 = VERTEX_POINT('',#2252);
#2252 = CARTESIAN_POINT('',(31.813472747803,-14.82709121704,
    -0.10000000149));
#2253 = LINE('',#2254,#2255);
#2254 = CARTESIAN_POINT('',(32.,-14.73205089569,-0.10000000149));
#2255 = VECTOR('',#2256,1.);
#2256 = DIRECTION('',(-0.891006641416,-0.453990269667,0.));
#2257 = ORIENTED_EDGE('',*,*,#2258,.T.);
#2258 = EDGE_CURVE('',#2251,#2259,#2261,.T.);
#2259 = VERTEX_POINT('',#2260);
#2260 = CARTESIAN_POINT('',(31.618034362793,-14.90211296081,
    -0.10000000149));
#2261 = LINE('',#2262,#2263);
#2262 = CARTESIAN_POINT('',(31.813472747803,-14.82709121704,
    -0.10000000149));
#2263 = VECTOR('',#2264,1.);
#2264 = DIRECTION('',(-0.933580463729,-0.358367852554,0.));
#2265 = ORIENTED_EDGE('',*,*,#2266,.T.);
#2266 = EDGE_CURVE('',#2259,#2267,#2269,.T.);
#2267 = VERTEX_POINT('',#2268);
#2268 = CARTESIAN_POINT('',(31.415822982788,-14.95629501342,
    -0.10000000149));
#2269 = LINE('',#2270,#2271);
#2270 = CARTESIAN_POINT('',(31.618034362793,-14.90211296081,
    -0.10000000149));
#2271 = VECTOR('',#2272,1.);
#2272 = DIRECTION('',(-0.965926212446,-0.25881760394,0.));
#2273 = ORIENTED_EDGE('',*,*,#2274,.T.);
#2274 = EDGE_CURVE('',#2267,#2275,#2277,.T.);
#2275 = VERTEX_POINT('',#2276);
#2276 = CARTESIAN_POINT('',(31.209056854248,-14.98904418945,
    -0.10000000149));
#2277 = LINE('',#2278,#2279);
#2278 = CARTESIAN_POINT('',(31.415822982788,-14.95629501342,
    -0.10000000149));
#2279 = VECTOR('',#2280,1.);
#2280 = DIRECTION('',(-0.987687869354,-0.15643744031,0.));
#2281 = ORIENTED_EDGE('',*,*,#2282,.T.);
#2282 = EDGE_CURVE('',#2275,#2283,#2285,.T.);
#2283 = VERTEX_POINT('',#2284);
#2284 = CARTESIAN_POINT('',(31.,-15.,-0.10000000149));
#2285 = LINE('',#2286,#2287);
#2286 = CARTESIAN_POINT('',(31.209056854248,-14.98904418945,
    -0.10000000149));
#2287 = VECTOR('',#2288,1.);
#2288 = DIRECTION('',(-0.99862963335,-5.233407490429E-02,0.));
#2289 = ORIENTED_EDGE('',*,*,#2290,.T.);
#2290 = EDGE_CURVE('',#2283,#2291,#2293,.T.);
#2291 = VERTEX_POINT('',#2292);
#2292 = CARTESIAN_POINT('',(-31.,-15.,-0.10000000149));
#2293 = LINE('',#2294,#2295);
#2294 = CARTESIAN_POINT('',(31.,-15.,-0.10000000149));
#2295 = VECTOR('',#2296,1.);
#2296 = DIRECTION('',(-1.,0.,0.));
#2297 = ORIENTED_EDGE('',*,*,#2298,.T.);
#2298 = EDGE_CURVE('',#2291,#2299,#2301,.T.);
#2299 = VERTEX_POINT('',#2300);
#2300 = CARTESIAN_POINT('',(-31.20905685424,-14.98904418945,
    -0.10000000149));
#2301 = LINE('',#2302,#2303);
#2302 = CARTESIAN_POINT('',(-31.,-15.,-0.10000000149));
#2303 = VECTOR('',#2304,1.);
#2304 = DIRECTION('',(-0.99862963335,5.233407490429E-02,0.));
#2305 = ORIENTED_EDGE('',*,*,#2306,.T.);
#2306 = EDGE_CURVE('',#2299,#2307,#2309,.T.);
#2307 = VERTEX_POINT('',#2308);
#2308 = CARTESIAN_POINT('',(-31.41582298278,-14.95629501342,
    -0.10000000149));
#2309 = LINE('',#2310,#2311);
#2310 = CARTESIAN_POINT('',(-31.20905685424,-14.98904418945,
    -0.10000000149));
#2311 = VECTOR('',#2312,1.);
#2312 = DIRECTION('',(-0.987687869354,0.15643744031,0.));
#2313 = ORIENTED_EDGE('',*,*,#2314,.T.);
#2314 = EDGE_CURVE('',#2307,#2315,#2317,.T.);
#2315 = VERTEX_POINT('',#2316);
#2316 = CARTESIAN_POINT('',(-31.61803436279,-14.90211296081,
    -0.10000000149));
#2317 = LINE('',#2318,#2319);
#2318 = CARTESIAN_POINT('',(-31.41582298278,-14.95629501342,
    -0.10000000149));
#2319 = VECTOR('',#2320,1.);
#2320 = DIRECTION('',(-0.965926212446,0.25881760394,0.));
#2321 = ORIENTED_EDGE('',*,*,#2322,.T.);
#2322 = EDGE_CURVE('',#2315,#2323,#2325,.T.);
#2323 = VERTEX_POINT('',#2324);
#2324 = CARTESIAN_POINT('',(-31.8134727478,-14.82709121704,
    -0.10000000149));
#2325 = LINE('',#2326,#2327);
#2326 = CARTESIAN_POINT('',(-31.61803436279,-14.90211296081,
    -0.10000000149));
#2327 = VECTOR('',#2328,1.);
#2328 = DIRECTION('',(-0.933580463729,0.358367852554,0.));
#2329 = ORIENTED_EDGE('',*,*,#2330,.T.);
#2330 = EDGE_CURVE('',#2323,#2331,#2333,.T.);
#2331 = VERTEX_POINT('',#2332);
#2332 = CARTESIAN_POINT('',(-32.,-14.73205089569,-0.10000000149));
#2333 = LINE('',#2334,#2335);
#2334 = CARTESIAN_POINT('',(-31.8134727478,-14.82709121704,
    -0.10000000149));
#2335 = VECTOR('',#2336,1.);
#2336 = DIRECTION('',(-0.891006641416,0.453990269667,0.));
#2337 = ORIENTED_EDGE('',*,*,#2338,.T.);
#2338 = EDGE_CURVE('',#2331,#2339,#2341,.T.);
#2339 = VERTEX_POINT('',#2340);
#2340 = CARTESIAN_POINT('',(-32.17557144165,-14.61803436279,
    -0.10000000149));
#2341 = LINE('',#2342,#2343);
#2342 = CARTESIAN_POINT('',(-32.,-14.73205089569,-0.10000000149));
#2343 = VECTOR('',#2344,1.);
#2344 = DIRECTION('',(-0.838672519576,0.544636029755,0.));
#2345 = ORIENTED_EDGE('',*,*,#2346,.T.);
#2346 = EDGE_CURVE('',#2339,#2347,#2349,.T.);
#2347 = VERTEX_POINT('',#2348);
#2348 = CARTESIAN_POINT('',(-32.33826065063,-14.48628997802,
    -0.10000000149));
#2349 = LINE('',#2350,#2351);
#2350 = CARTESIAN_POINT('',(-32.17557144165,-14.61803436279,
    -0.10000000149));
#2351 = VECTOR('',#2352,1.);
#2352 = DIRECTION('',(-0.777143015556,0.629324028917,0.));
#2353 = ORIENTED_EDGE('',*,*,#2354,.T.);
#2354 = EDGE_CURVE('',#2347,#2355,#2357,.T.);
#2355 = VERTEX_POINT('',#2356);
#2356 = CARTESIAN_POINT('',(-32.48628997802,-14.3382616043,
    -0.10000000149));
#2357 = LINE('',#2358,#2359);
#2358 = CARTESIAN_POINT('',(-32.33826065063,-14.48628997802,
    -0.10000000149));
#2359 = VECTOR('',#2360,1.);
#2360 = DIRECTION('',(-0.707109058947,0.707104503419,0.));
#2361 = ORIENTED_EDGE('',*,*,#2362,.T.);
#2362 = EDGE_CURVE('',#2355,#2363,#2365,.T.);
#2363 = VERTEX_POINT('',#2364);
#2364 = CARTESIAN_POINT('',(-32.61803436279,-14.17557048797,
    -0.10000000149));
#2365 = LINE('',#2366,#2367);
#2366 = CARTESIAN_POINT('',(-32.48628997802,-14.3382616043,
    -0.10000000149));
#2367 = VECTOR('',#2368,1.);
#2368 = DIRECTION('',(-0.629319572914,0.77714662397,0.));
#2369 = ORIENTED_EDGE('',*,*,#2370,.T.);
#2370 = EDGE_CURVE('',#2363,#2371,#2373,.T.);
#2371 = VERTEX_POINT('',#2372);
#2372 = CARTESIAN_POINT('',(-32.73205184936,-14.,-0.10000000149));
#2373 = LINE('',#2374,#2375);
#2374 = CARTESIAN_POINT('',(-32.61803436279,-14.17557048797,
    -0.10000000149));
#2375 = VECTOR('',#2376,1.);
#2376 = DIRECTION('',(-0.544641314814,0.838669087422,0.));
#2377 = ORIENTED_EDGE('',*,*,#2378,.T.);
#2378 = EDGE_CURVE('',#2371,#2379,#2381,.T.);
#2379 = VERTEX_POINT('',#2380);
#2380 = CARTESIAN_POINT('',(-32.82709121704,-13.81347370147,
    -0.10000000149));
#2381 = LINE('',#2382,#2383);
#2382 = CARTESIAN_POINT('',(-32.73205184936,-14.,-0.10000000149));
#2383 = VECTOR('',#2384,1.);
#2384 = DIRECTION('',(-0.453988495803,0.891007545242,0.));
#2385 = ORIENTED_EDGE('',*,*,#2386,.T.);
#2386 = EDGE_CURVE('',#2379,#2387,#2389,.T.);
#2387 = VERTEX_POINT('',#2388);
#2388 = CARTESIAN_POINT('',(-32.90211486816,-13.61803436279,
    -0.10000000149));
#2389 = LINE('',#2390,#2391);
#2390 = CARTESIAN_POINT('',(-32.82709121704,-13.81347370147,
    -0.10000000149));
#2391 = VECTOR('',#2392,1.);
#2392 = DIRECTION('',(-0.35837426937,0.933578000519,0.));
#2393 = ORIENTED_EDGE('',*,*,#2394,.T.);
#2394 = EDGE_CURVE('',#2387,#2395,#2397,.T.);
#2395 = VERTEX_POINT('',#2396);
#2396 = CARTESIAN_POINT('',(-32.95629501342,-13.41582298278,
    -0.10000000149));
#2397 = LINE('',#2398,#2399);
#2398 = CARTESIAN_POINT('',(-32.90211486816,-13.61803436279,
    -0.10000000149));
#2399 = VECTOR('',#2400,1.);
#2400 = DIRECTION('',(-0.258809103178,0.965928490165,0.));
#2401 = ORIENTED_EDGE('',*,*,#2402,.T.);
#2402 = EDGE_CURVE('',#2395,#2403,#2405,.T.);
#2403 = VERTEX_POINT('',#2404);
#2404 = CARTESIAN_POINT('',(-32.98904418945,-13.20905685424,
    -0.10000000149));
#2405 = LINE('',#2406,#2407);
#2406 = CARTESIAN_POINT('',(-32.95629501342,-13.41582298278,
    -0.10000000149));
#2407 = VECTOR('',#2408,1.);
#2408 = DIRECTION('',(-0.15643744031,0.987687869354,0.));
#2409 = ORIENTED_EDGE('',*,*,#2410,.T.);
#2410 = EDGE_CURVE('',#2403,#2411,#2413,.T.);
#2411 = VERTEX_POINT('',#2412);
#2412 = CARTESIAN_POINT('',(-33.,-13.,-0.10000000149));
#2413 = LINE('',#2414,#2415);
#2414 = CARTESIAN_POINT('',(-32.98904418945,-13.20905685424,
    -0.10000000149));
#2415 = VECTOR('',#2416,1.);
#2416 = DIRECTION('',(-5.233407490429E-02,0.99862963335,0.));
#2417 = ORIENTED_EDGE('',*,*,#2418,.T.);
#2418 = EDGE_CURVE('',#2411,#1627,#2419,.T.);
#2419 = LINE('',#2420,#2421);
#2420 = CARTESIAN_POINT('',(-33.,-13.,-0.10000000149));
#2421 = VECTOR('',#2422,1.);
#2422 = DIRECTION('',(0.,1.,0.));
#2423 = FACE_BOUND('',#2424,.T.);
#2424 = EDGE_LOOP('',(#2425,#2433,#2434,#2435,#2436,#2437,#2438,#2439,
    #2440,#2441,#2442,#2443,#2444,#2445,#2446,#2447,#2448,#2449,#2450,
    #2451,#2452,#2453,#2454,#2455,#2456,#2457,#2458,#2459,#2460,#2461,
    #2469,#2477,#2485,#2493,#2501,#2509,#2517,#2525,#2533,#2541,#2549,
    #2557,#2565,#2573,#2581,#2589,#2597,#2605,#2613,#2621,#2629,#2637,
    #2645,#2653,#2661,#2669,#2677,#2685,#2693,#2701));
#2425 = ORIENTED_EDGE('',*,*,#2426,.T.);
#2426 = EDGE_CURVE('',#2427,#1222,#2429,.T.);
#2427 = VERTEX_POINT('',#2428);
#2428 = CARTESIAN_POINT('',(-29.87000083923,3.731818199158,
    -0.10000000149));
#2429 = LINE('',#2430,#2431);
#2430 = CARTESIAN_POINT('',(-29.87000083923,3.731818199158,
    -0.10000000149));
#2431 = VECTOR('',#2432,1.);
#2432 = DIRECTION('',(-0.998629520762,5.233622324049E-02,0.));
#2433 = ORIENTED_EDGE('',*,*,#1221,.T.);
#2434 = ORIENTED_EDGE('',*,*,#862,.T.);
#2435 = ORIENTED_EDGE('',*,*,#1185,.T.);
#2436 = ORIENTED_EDGE('',*,*,#1055,.T.);
#2437 = ORIENTED_EDGE('',*,*,#1101,.T.);
#2438 = ORIENTED_EDGE('',*,*,#1148,.T.);
#2439 = ORIENTED_EDGE('',*,*,#1001,.T.);
#2440 = ORIENTED_EDGE('',*,*,#955,.T.);
#2441 = ORIENTED_EDGE('',*,*,#909,.T.);
#2442 = ORIENTED_EDGE('',*,*,#808,.T.);
#2443 = ORIENTED_EDGE('',*,*,#762,.T.);
#2444 = ORIENTED_EDGE('',*,*,#716,.T.);
#2445 = ORIENTED_EDGE('',*,*,#670,.T.);
#2446 = ORIENTED_EDGE('',*,*,#624,.T.);
#2447 = ORIENTED_EDGE('',*,*,#578,.T.);
#2448 = ORIENTED_EDGE('',*,*,#532,.T.);
#2449 = ORIENTED_EDGE('',*,*,#486,.T.);
#2450 = ORIENTED_EDGE('',*,*,#440,.T.);
#2451 = ORIENTED_EDGE('',*,*,#1244,.T.);
#2452 = ORIENTED_EDGE('',*,*,#385,.T.);
#2453 = ORIENTED_EDGE('',*,*,#1281,.T.);
#2454 = ORIENTED_EDGE('',*,*,#330,.T.);
#2455 = ORIENTED_EDGE('',*,*,#284,.T.);
#2456 = ORIENTED_EDGE('',*,*,#238,.T.);
#2457 = ORIENTED_EDGE('',*,*,#192,.T.);
#2458 = ORIENTED_EDGE('',*,*,#146,.T.);
#2459 = ORIENTED_EDGE('',*,*,#100,.T.);
#2460 = ORIENTED_EDGE('',*,*,#54,.T.);
#2461 = ORIENTED_EDGE('',*,*,#2462,.T.);
#2462 = EDGE_CURVE('',#24,#2463,#2465,.T.);
#2463 = VERTEX_POINT('',#2464);
#2464 = CARTESIAN_POINT('',(-29.87000083923,6.868181705475,
    -0.10000000149));
#2465 = LINE('',#2466,#2467);
#2466 = CARTESIAN_POINT('',(-30.03392028808,6.859591007233,
    -0.10000000149));
#2467 = VECTOR('',#2468,1.);
#2468 = DIRECTION('',(0.998629520762,5.233622324049E-02,0.));
#2469 = ORIENTED_EDGE('',*,*,#2470,.T.);
#2470 = EDGE_CURVE('',#2463,#2471,#2473,.T.);
#2471 = VERTEX_POINT('',#2472);
#2472 = CARTESIAN_POINT('',(-29.70607948303,6.859591007233,
    -0.10000000149));
#2473 = LINE('',#2474,#2475);
#2474 = CARTESIAN_POINT('',(-29.87000083923,6.868181705475,
    -0.10000000149));
#2475 = VECTOR('',#2476,1.);
#2476 = DIRECTION('',(0.998629552589,-5.233561593705E-02,0.));
#2477 = ORIENTED_EDGE('',*,*,#2478,.T.);
#2478 = EDGE_CURVE('',#2471,#2479,#2481,.T.);
#2479 = VERTEX_POINT('',#2480);
#2480 = CARTESIAN_POINT('',(-29.54395675659,6.833913326263,
    -0.10000000149));
#2481 = LINE('',#2482,#2483);
#2482 = CARTESIAN_POINT('',(-29.70607948303,6.859591007233,
    -0.10000000149));
#2483 = VECTOR('',#2484,1.);
#2484 = DIRECTION('',(0.987688374785,-0.156434249174,0.));
#2485 = ORIENTED_EDGE('',*,*,#2486,.T.);
#2486 = EDGE_CURVE('',#2479,#2487,#2489,.T.);
#2487 = VERTEX_POINT('',#2488);
#2488 = CARTESIAN_POINT('',(-29.38540458679,6.791429519653,
    -0.10000000149));
#2489 = LINE('',#2490,#2491);
#2490 = CARTESIAN_POINT('',(-29.54395675659,6.833913326263,
    -0.10000000149));
#2491 = VECTOR('',#2492,1.);
#2492 = DIRECTION('',(0.965926007905,-0.2588183673,0.));
#2493 = ORIENTED_EDGE('',*,*,#2494,.T.);
#2494 = EDGE_CURVE('',#2487,#2495,#2497,.T.);
#2495 = VERTEX_POINT('',#2496);
#2496 = CARTESIAN_POINT('',(-29.23216247558,6.732605457306,
    -0.10000000149));
#2497 = LINE('',#2498,#2499);
#2498 = CARTESIAN_POINT('',(-29.38540458679,6.791429519653,
    -0.10000000149));
#2499 = VECTOR('',#2500,1.);
#2500 = DIRECTION('',(0.933580574876,-0.358367563006,0.));
#2501 = ORIENTED_EDGE('',*,*,#2502,.T.);
#2502 = EDGE_CURVE('',#2495,#2503,#2505,.T.);
#2503 = VERTEX_POINT('',#2504);
#2504 = CARTESIAN_POINT('',(-29.08590888977,6.658085346222,
    -0.10000000149));
#2505 = LINE('',#2506,#2507);
#2506 = CARTESIAN_POINT('',(-29.23216247558,6.732605457306,
    -0.10000000149));
#2507 = VECTOR('',#2508,1.);
#2508 = DIRECTION('',(0.891006063278,-0.453991404326,0.));
#2509 = ORIENTED_EDGE('',*,*,#2510,.T.);
#2510 = EDGE_CURVE('',#2503,#2511,#2513,.T.);
#2511 = VERTEX_POINT('',#2512);
#2512 = CARTESIAN_POINT('',(-28.94824600219,6.568685531616,
    -0.10000000149));
#2513 = LINE('',#2514,#2515);
#2514 = CARTESIAN_POINT('',(-29.08590888977,6.658085346222,
    -0.10000000149));
#2515 = VECTOR('',#2516,1.);
#2516 = DIRECTION('',(0.838669204078,-0.544641135181,0.));
#2517 = ORIENTED_EDGE('',*,*,#2518,.T.);
#2518 = EDGE_CURVE('',#2511,#2519,#2521,.T.);
#2519 = VERTEX_POINT('',#2520);
#2520 = CARTESIAN_POINT('',(-28.82068061828,6.465386390686,
    -0.10000000149));
#2521 = LINE('',#2522,#2523);
#2522 = CARTESIAN_POINT('',(-28.94824600219,6.568685531616,
    -0.10000000149));
#2523 = VECTOR('',#2524,1.);
#2524 = DIRECTION('',(0.777149745878,-0.62931571765,0.));
#2525 = ORIENTED_EDGE('',*,*,#2526,.T.);
#2526 = EDGE_CURVE('',#2519,#2527,#2529,.T.);
#2527 = VERTEX_POINT('',#2528);
#2528 = CARTESIAN_POINT('',(-28.70461463928,6.349318504333,
    -0.10000000149));
#2529 = LINE('',#2530,#2531);
#2530 = CARTESIAN_POINT('',(-28.82068061828,6.465386390686,
    -0.10000000149));
#2531 = VECTOR('',#2532,1.);
#2532 = DIRECTION('',(0.707100971157,-0.707112591169,0.));
#2533 = ORIENTED_EDGE('',*,*,#2534,.T.);
#2534 = EDGE_CURVE('',#2527,#2535,#2537,.T.);
#2535 = VERTEX_POINT('',#2536);
#2536 = CARTESIAN_POINT('',(-28.60131454467,6.221754074097,
    -0.10000000149));
#2537 = LINE('',#2538,#2539);
#2538 = CARTESIAN_POINT('',(-28.70461463928,6.349318504333,
    -0.10000000149));
#2539 = VECTOR('',#2540,1.);
#2540 = DIRECTION('',(0.629322068103,-0.777144603403,0.));
#2541 = ORIENTED_EDGE('',*,*,#2542,.T.);
#2542 = EDGE_CURVE('',#2535,#2543,#2545,.T.);
#2543 = VERTEX_POINT('',#2544);
#2544 = CARTESIAN_POINT('',(-28.5119152069,6.084090709686,-0.10000000149
    ));
#2545 = LINE('',#2546,#2547);
#2546 = CARTESIAN_POINT('',(-28.60131454467,6.221754074097,
    -0.10000000149));
#2547 = VECTOR('',#2548,1.);
#2548 = DIRECTION('',(0.54463776499,-0.838671392708,0.));
#2549 = ORIENTED_EDGE('',*,*,#2550,.T.);
#2550 = EDGE_CURVE('',#2543,#2551,#2553,.T.);
#2551 = VERTEX_POINT('',#2552);
#2552 = CARTESIAN_POINT('',(-28.43739509582,5.937837123871,
    -0.10000000149));
#2553 = LINE('',#2554,#2555);
#2554 = CARTESIAN_POINT('',(-28.5119152069,6.084090709686,-0.10000000149
    ));
#2555 = VECTOR('',#2556,1.);
#2556 = DIRECTION('',(0.453991404326,-0.891006063278,0.));
#2557 = ORIENTED_EDGE('',*,*,#2558,.T.);
#2558 = EDGE_CURVE('',#2551,#2559,#2561,.T.);
#2559 = VERTEX_POINT('',#2560);
#2560 = CARTESIAN_POINT('',(-28.37857055664,5.784595012665,
    -0.10000000149));
#2561 = LINE('',#2562,#2563);
#2562 = CARTESIAN_POINT('',(-28.43739509582,5.937837123871,
    -0.10000000149));
#2563 = VECTOR('',#2564,1.);
#2564 = DIRECTION('',(0.358370094907,-0.933579602967,0.));
#2565 = ORIENTED_EDGE('',*,*,#2566,.T.);
#2566 = EDGE_CURVE('',#2559,#2567,#2569,.T.);
#2567 = VERTEX_POINT('',#2568);
#2568 = CARTESIAN_POINT('',(-28.33608627319,5.626043319702,
    -0.10000000149));
#2569 = LINE('',#2570,#2571);
#2570 = CARTESIAN_POINT('',(-28.37857055664,5.784595012665,
    -0.10000000149));
#2571 = VECTOR('',#2572,1.);
#2572 = DIRECTION('',(0.258821803922,-0.965925087061,0.));
#2573 = ORIENTED_EDGE('',*,*,#2574,.T.);
#2574 = EDGE_CURVE('',#2567,#2575,#2577,.T.);
#2575 = VERTEX_POINT('',#2576);
#2576 = CARTESIAN_POINT('',(-28.31040954589,5.463919639587,
    -0.10000000149));
#2577 = LINE('',#2578,#2579);
#2578 = CARTESIAN_POINT('',(-28.33608627319,5.626043319702,
    -0.10000000149));
#2579 = VECTOR('',#2580,1.);
#2580 = DIRECTION('',(0.15642768369,-0.987689414632,0.));
#2581 = ORIENTED_EDGE('',*,*,#2582,.T.);
#2582 = EDGE_CURVE('',#2575,#2583,#2585,.T.);
#2583 = VERTEX_POINT('',#2584);
#2584 = CARTESIAN_POINT('',(-28.30181884765,5.300000190735,
    -0.10000000149));
#2585 = LINE('',#2586,#2587);
#2586 = CARTESIAN_POINT('',(-28.31040954589,5.463919639587,
    -0.10000000149));
#2587 = VECTOR('',#2588,1.);
#2588 = DIRECTION('',(5.233622324049E-02,-0.998629520762,0.));
#2589 = ORIENTED_EDGE('',*,*,#2590,.T.);
#2590 = EDGE_CURVE('',#2583,#2591,#2593,.T.);
#2591 = VERTEX_POINT('',#2592);
#2592 = CARTESIAN_POINT('',(-28.31040954589,5.136080265045,
    -0.10000000149));
#2593 = LINE('',#2594,#2595);
#2594 = CARTESIAN_POINT('',(-28.30181884765,5.300000190735,
    -0.10000000149));
#2595 = VECTOR('',#2596,1.);
#2596 = DIRECTION('',(-5.233607141331E-02,-0.998629528719,0.));
#2597 = ORIENTED_EDGE('',*,*,#2598,.T.);
#2598 = EDGE_CURVE('',#2591,#2599,#2601,.T.);
#2599 = VERTEX_POINT('',#2600);
#2600 = CARTESIAN_POINT('',(-28.33608627319,4.97395658493,-0.10000000149
    ));
#2601 = LINE('',#2602,#2603);
#2602 = CARTESIAN_POINT('',(-28.31040954589,5.136080265045,
    -0.10000000149));
#2603 = VECTOR('',#2604,1.);
#2604 = DIRECTION('',(-0.15642768369,-0.987689414632,0.));
#2605 = ORIENTED_EDGE('',*,*,#2606,.T.);
#2606 = EDGE_CURVE('',#2599,#2607,#2609,.T.);
#2607 = VERTEX_POINT('',#2608);
#2608 = CARTESIAN_POINT('',(-28.37857055664,4.815405368805,
    -0.10000000149));
#2609 = LINE('',#2610,#2611);
#2610 = CARTESIAN_POINT('',(-28.33608627319,4.97395658493,-0.10000000149
    ));
#2611 = VECTOR('',#2612,1.);
#2612 = DIRECTION('',(-0.258822530176,-0.96592489246,0.));
#2613 = ORIENTED_EDGE('',*,*,#2614,.T.);
#2614 = EDGE_CURVE('',#2607,#2615,#2617,.T.);
#2615 = VERTEX_POINT('',#2616);
#2616 = CARTESIAN_POINT('',(-28.43739509582,4.662162780762,
    -0.10000000149));
#2617 = LINE('',#2618,#2619);
#2618 = CARTESIAN_POINT('',(-28.37857055664,4.815405368805,
    -0.10000000149));
#2619 = VECTOR('',#2620,1.);
#2620 = DIRECTION('',(-0.358369122999,-0.93357997605,0.));
#2621 = ORIENTED_EDGE('',*,*,#2622,.T.);
#2622 = EDGE_CURVE('',#2615,#2623,#2625,.T.);
#2623 = VERTEX_POINT('',#2624);
#2624 = CARTESIAN_POINT('',(-28.5119152069,4.515909194946,-0.10000000149
    ));
#2625 = LINE('',#2626,#2627);
#2626 = CARTESIAN_POINT('',(-28.43739509582,4.662162780762,
    -0.10000000149));
#2627 = VECTOR('',#2628,1.);
#2628 = DIRECTION('',(-0.453991404326,-0.891006063278,0.));
#2629 = ORIENTED_EDGE('',*,*,#2630,.T.);
#2630 = EDGE_CURVE('',#2623,#2631,#2633,.T.);
#2631 = VERTEX_POINT('',#2632);
#2632 = CARTESIAN_POINT('',(-28.60131454467,4.378245830536,
    -0.10000000149));
#2633 = LINE('',#2634,#2635);
#2634 = CARTESIAN_POINT('',(-28.5119152069,4.515909194946,-0.10000000149
    ));
#2635 = VECTOR('',#2636,1.);
#2636 = DIRECTION('',(-0.54463776499,-0.838671392708,0.));
#2637 = ORIENTED_EDGE('',*,*,#2638,.T.);
#2638 = EDGE_CURVE('',#2631,#2639,#2641,.T.);
#2639 = VERTEX_POINT('',#2640);
#2640 = CARTESIAN_POINT('',(-28.70461463928,4.250681400299,
    -0.10000000149));
#2641 = LINE('',#2642,#2643);
#2642 = CARTESIAN_POINT('',(-28.60131454467,4.378245830536,
    -0.10000000149));
#2643 = VECTOR('',#2644,1.);
#2644 = DIRECTION('',(-0.629322068103,-0.777144603403,0.));
#2645 = ORIENTED_EDGE('',*,*,#2646,.T.);
#2646 = EDGE_CURVE('',#2639,#2647,#2649,.T.);
#2647 = VERTEX_POINT('',#2648);
#2648 = CARTESIAN_POINT('',(-28.82068061828,4.134613990784,
    -0.10000000149));
#2649 = LINE('',#2650,#2651);
#2650 = CARTESIAN_POINT('',(-28.70461463928,4.250681400299,
    -0.10000000149));
#2651 = VECTOR('',#2652,1.);
#2652 = DIRECTION('',(-0.70710242366,-0.707111138687,0.));
#2653 = ORIENTED_EDGE('',*,*,#2654,.T.);
#2654 = EDGE_CURVE('',#2647,#2655,#2657,.T.);
#2655 = VERTEX_POINT('',#2656);
#2656 = CARTESIAN_POINT('',(-28.94824600219,4.031314373016,
    -0.10000000149));
#2657 = LINE('',#2658,#2659);
#2658 = CARTESIAN_POINT('',(-28.82068061828,4.134613990784,
    -0.10000000149));
#2659 = VECTOR('',#2660,1.);
#2660 = DIRECTION('',(-0.777148325137,-0.629317472137,0.));
#2661 = ORIENTED_EDGE('',*,*,#2662,.T.);
#2662 = EDGE_CURVE('',#2655,#2663,#2665,.T.);
#2663 = VERTEX_POINT('',#2664);
#2664 = CARTESIAN_POINT('',(-29.08590888977,3.941914796829,
    -0.10000000149));
#2665 = LINE('',#2666,#2667);
#2666 = CARTESIAN_POINT('',(-28.94824600219,4.031314373016,
    -0.10000000149));
#2667 = VECTOR('',#2668,1.);
#2668 = DIRECTION('',(-0.838669867539,-0.544640113545,0.));
#2669 = ORIENTED_EDGE('',*,*,#2670,.T.);
#2670 = EDGE_CURVE('',#2663,#2671,#2673,.T.);
#2671 = VERTEX_POINT('',#2672);
#2672 = CARTESIAN_POINT('',(-29.23216247558,3.867394685745,
    -0.10000000149));
#2673 = LINE('',#2674,#2675);
#2674 = CARTESIAN_POINT('',(-29.08590888977,3.941914796829,
    -0.10000000149));
#2675 = VECTOR('',#2676,1.);
#2676 = DIRECTION('',(-0.891006063278,-0.453991404326,0.));
#2677 = ORIENTED_EDGE('',*,*,#2678,.T.);
#2678 = EDGE_CURVE('',#2671,#2679,#2681,.T.);
#2679 = VERTEX_POINT('',#2680);
#2680 = CARTESIAN_POINT('',(-29.38540458679,3.808570384979,
    -0.10000000149));
#2681 = LINE('',#2682,#2683);
#2682 = CARTESIAN_POINT('',(-29.23216247558,3.867394685745,
    -0.10000000149));
#2683 = VECTOR('',#2684,1.);
#2684 = DIRECTION('',(-0.933580088922,-0.358368828958,0.));
#2685 = ORIENTED_EDGE('',*,*,#2686,.T.);
#2686 = EDGE_CURVE('',#2679,#2687,#2689,.T.);
#2687 = VERTEX_POINT('',#2688);
#2688 = CARTESIAN_POINT('',(-29.54395675659,3.766086816788,
    -0.10000000149));
#2689 = LINE('',#2690,#2691);
#2690 = CARTESIAN_POINT('',(-29.38540458679,3.808570384979,
    -0.10000000149));
#2691 = VECTOR('',#2692,1.);
#2692 = DIRECTION('',(-0.965926371025,-0.258817012112,0.));
#2693 = ORIENTED_EDGE('',*,*,#2694,.T.);
#2694 = EDGE_CURVE('',#2687,#2695,#2697,.T.);
#2695 = VERTEX_POINT('',#2696);
#2696 = CARTESIAN_POINT('',(-29.70607948303,3.7404088974,-0.10000000149)
  );
#2697 = LINE('',#2698,#2699);
#2698 = CARTESIAN_POINT('',(-29.54395675659,3.766086816788,
    -0.10000000149));
#2699 = VECTOR('',#2700,1.);
#2700 = DIRECTION('',(-0.987688150361,-0.156435666128,0.));
#2701 = ORIENTED_EDGE('',*,*,#2702,.T.);
#2702 = EDGE_CURVE('',#2695,#2427,#2703,.T.);
#2703 = LINE('',#2704,#2705);
#2704 = CARTESIAN_POINT('',(-29.70607948303,3.7404088974,-0.10000000149)
  );
#2705 = VECTOR('',#2706,1.);
#2706 = DIRECTION('',(-0.998629552589,-5.233561593705E-02,0.));
#2707 = FACE_BOUND('',#2708,.T.);
#2708 = EDGE_LOOP('',(#2709,#2719,#2727,#2735,#2743,#2751,#2759,#2767,
    #2775,#2783,#2791,#2799,#2807,#2815,#2823,#2831,#2839,#2847,#2855,
    #2863,#2871,#2879,#2887,#2895,#2903,#2911,#2919,#2927,#2935,#2943,
    #2951,#2959,#2967,#2975,#2983,#2991,#2999,#3007,#3015,#3023,#3031,
    #3039,#3047,#3055,#3063,#3071,#3079,#3087,#3095,#3103,#3111,#3119,
    #3127,#3135,#3143,#3151,#3159,#3167,#3175,#3183));
#2709 = ORIENTED_EDGE('',*,*,#2710,.T.);
#2710 = EDGE_CURVE('',#2711,#2713,#2715,.T.);
#2711 = VERTEX_POINT('',#2712);
#2712 = CARTESIAN_POINT('',(30.196043014526,3.766086816788,
    -0.10000000149));
#2713 = VERTEX_POINT('',#2714);
#2714 = CARTESIAN_POINT('',(30.033920288086,3.7404088974,-0.10000000149)
  );
#2715 = LINE('',#2716,#2717);
#2716 = CARTESIAN_POINT('',(30.196043014526,3.766086816788,
    -0.10000000149));
#2717 = VECTOR('',#2718,1.);
#2718 = DIRECTION('',(-0.987688150361,-0.156435666128,0.));
#2719 = ORIENTED_EDGE('',*,*,#2720,.T.);
#2720 = EDGE_CURVE('',#2713,#2721,#2723,.T.);
#2721 = VERTEX_POINT('',#2722);
#2722 = CARTESIAN_POINT('',(29.870000839233,3.731818199158,
    -0.10000000149));
#2723 = LINE('',#2724,#2725);
#2724 = CARTESIAN_POINT('',(30.033920288086,3.7404088974,-0.10000000149)
  );
#2725 = VECTOR('',#2726,1.);
#2726 = DIRECTION('',(-0.998629520762,-5.233622324049E-02,0.));
#2727 = ORIENTED_EDGE('',*,*,#2728,.T.);
#2728 = EDGE_CURVE('',#2721,#2729,#2731,.T.);
#2729 = VERTEX_POINT('',#2730);
#2730 = CARTESIAN_POINT('',(29.706079483032,3.7404088974,-0.10000000149)
  );
#2731 = LINE('',#2732,#2733);
#2732 = CARTESIAN_POINT('',(29.870000839233,3.731818199158,
    -0.10000000149));
#2733 = VECTOR('',#2734,1.);
#2734 = DIRECTION('',(-0.998629552589,5.233561593705E-02,0.));
#2735 = ORIENTED_EDGE('',*,*,#2736,.T.);
#2736 = EDGE_CURVE('',#2729,#2737,#2739,.T.);
#2737 = VERTEX_POINT('',#2738);
#2738 = CARTESIAN_POINT('',(29.543956756592,3.766086816788,
    -0.10000000149));
#2739 = LINE('',#2740,#2741);
#2740 = CARTESIAN_POINT('',(29.706079483032,3.7404088974,-0.10000000149)
  );
#2741 = VECTOR('',#2742,1.);
#2742 = DIRECTION('',(-0.987688150361,0.156435666128,0.));
#2743 = ORIENTED_EDGE('',*,*,#2744,.T.);
#2744 = EDGE_CURVE('',#2737,#2745,#2747,.T.);
#2745 = VERTEX_POINT('',#2746);
#2746 = CARTESIAN_POINT('',(29.385404586792,3.808570384979,
    -0.10000000149));
#2747 = LINE('',#2748,#2749);
#2748 = CARTESIAN_POINT('',(29.543956756592,3.766086816788,
    -0.10000000149));
#2749 = VECTOR('',#2750,1.);
#2750 = DIRECTION('',(-0.965926371025,0.258817012112,0.));
#2751 = ORIENTED_EDGE('',*,*,#2752,.T.);
#2752 = EDGE_CURVE('',#2745,#2753,#2755,.T.);
#2753 = VERTEX_POINT('',#2754);
#2754 = CARTESIAN_POINT('',(29.232162475586,3.867394685745,
    -0.10000000149));
#2755 = LINE('',#2756,#2757);
#2756 = CARTESIAN_POINT('',(29.385404586792,3.808570384979,
    -0.10000000149));
#2757 = VECTOR('',#2758,1.);
#2758 = DIRECTION('',(-0.933580088922,0.358368828958,0.));
#2759 = ORIENTED_EDGE('',*,*,#2760,.T.);
#2760 = EDGE_CURVE('',#2753,#2761,#2763,.T.);
#2761 = VERTEX_POINT('',#2762);
#2762 = CARTESIAN_POINT('',(29.085908889771,3.941914796829,
    -0.10000000149));
#2763 = LINE('',#2764,#2765);
#2764 = CARTESIAN_POINT('',(29.232162475586,3.867394685745,
    -0.10000000149));
#2765 = VECTOR('',#2766,1.);
#2766 = DIRECTION('',(-0.891006063278,0.453991404326,0.));
#2767 = ORIENTED_EDGE('',*,*,#2768,.T.);
#2768 = EDGE_CURVE('',#2761,#2769,#2771,.T.);
#2769 = VERTEX_POINT('',#2770);
#2770 = CARTESIAN_POINT('',(28.948246002197,4.031314373016,
    -0.10000000149));
#2771 = LINE('',#2772,#2773);
#2772 = CARTESIAN_POINT('',(29.085908889771,3.941914796829,
    -0.10000000149));
#2773 = VECTOR('',#2774,1.);
#2774 = DIRECTION('',(-0.838669867539,0.544640113545,0.));
#2775 = ORIENTED_EDGE('',*,*,#2776,.T.);
#2776 = EDGE_CURVE('',#2769,#2777,#2779,.T.);
#2777 = VERTEX_POINT('',#2778);
#2778 = CARTESIAN_POINT('',(28.820680618286,4.134613990784,
    -0.10000000149));
#2779 = LINE('',#2780,#2781);
#2780 = CARTESIAN_POINT('',(28.948246002197,4.031314373016,
    -0.10000000149));
#2781 = VECTOR('',#2782,1.);
#2782 = DIRECTION('',(-0.777148325137,0.629317472137,0.));
#2783 = ORIENTED_EDGE('',*,*,#2784,.T.);
#2784 = EDGE_CURVE('',#2777,#2785,#2787,.T.);
#2785 = VERTEX_POINT('',#2786);
#2786 = CARTESIAN_POINT('',(28.704614639282,4.250681400299,
    -0.10000000149));
#2787 = LINE('',#2788,#2789);
#2788 = CARTESIAN_POINT('',(28.820680618286,4.134613990784,
    -0.10000000149));
#2789 = VECTOR('',#2790,1.);
#2790 = DIRECTION('',(-0.70710242366,0.707111138687,0.));
#2791 = ORIENTED_EDGE('',*,*,#2792,.T.);
#2792 = EDGE_CURVE('',#2785,#2793,#2795,.T.);
#2793 = VERTEX_POINT('',#2794);
#2794 = CARTESIAN_POINT('',(28.601314544678,4.378245830536,
    -0.10000000149));
#2795 = LINE('',#2796,#2797);
#2796 = CARTESIAN_POINT('',(28.704614639282,4.250681400299,
    -0.10000000149));
#2797 = VECTOR('',#2798,1.);
#2798 = DIRECTION('',(-0.629322068103,0.777144603403,0.));
#2799 = ORIENTED_EDGE('',*,*,#2800,.T.);
#2800 = EDGE_CURVE('',#2793,#2801,#2803,.T.);
#2801 = VERTEX_POINT('',#2802);
#2802 = CARTESIAN_POINT('',(28.511915206909,4.515909194946,
    -0.10000000149));
#2803 = LINE('',#2804,#2805);
#2804 = CARTESIAN_POINT('',(28.601314544678,4.378245830536,
    -0.10000000149));
#2805 = VECTOR('',#2806,1.);
#2806 = DIRECTION('',(-0.54463776499,0.838671392708,0.));
#2807 = ORIENTED_EDGE('',*,*,#2808,.T.);
#2808 = EDGE_CURVE('',#2801,#2809,#2811,.T.);
#2809 = VERTEX_POINT('',#2810);
#2810 = CARTESIAN_POINT('',(28.437395095825,4.662162780762,
    -0.10000000149));
#2811 = LINE('',#2812,#2813);
#2812 = CARTESIAN_POINT('',(28.511915206909,4.515909194946,
    -0.10000000149));
#2813 = VECTOR('',#2814,1.);
#2814 = DIRECTION('',(-0.453991404326,0.891006063278,0.));
#2815 = ORIENTED_EDGE('',*,*,#2816,.T.);
#2816 = EDGE_CURVE('',#2809,#2817,#2819,.T.);
#2817 = VERTEX_POINT('',#2818);
#2818 = CARTESIAN_POINT('',(28.378570556641,4.815405368805,
    -0.10000000149));
#2819 = LINE('',#2820,#2821);
#2820 = CARTESIAN_POINT('',(28.437395095825,4.662162780762,
    -0.10000000149));
#2821 = VECTOR('',#2822,1.);
#2822 = DIRECTION('',(-0.358369122999,0.93357997605,0.));
#2823 = ORIENTED_EDGE('',*,*,#2824,.T.);
#2824 = EDGE_CURVE('',#2817,#2825,#2827,.T.);
#2825 = VERTEX_POINT('',#2826);
#2826 = CARTESIAN_POINT('',(28.336086273193,4.97395658493,-0.10000000149
    ));
#2827 = LINE('',#2828,#2829);
#2828 = CARTESIAN_POINT('',(28.378570556641,4.815405368805,
    -0.10000000149));
#2829 = VECTOR('',#2830,1.);
#2830 = DIRECTION('',(-0.258822530176,0.96592489246,0.));
#2831 = ORIENTED_EDGE('',*,*,#2832,.T.);
#2832 = EDGE_CURVE('',#2825,#2833,#2835,.T.);
#2833 = VERTEX_POINT('',#2834);
#2834 = CARTESIAN_POINT('',(28.310409545898,5.136080265045,
    -0.10000000149));
#2835 = LINE('',#2836,#2837);
#2836 = CARTESIAN_POINT('',(28.336086273193,4.97395658493,-0.10000000149
    ));
#2837 = VECTOR('',#2838,1.);
#2838 = DIRECTION('',(-0.15642768369,0.987689414632,0.));
#2839 = ORIENTED_EDGE('',*,*,#2840,.T.);
#2840 = EDGE_CURVE('',#2833,#2841,#2843,.T.);
#2841 = VERTEX_POINT('',#2842);
#2842 = CARTESIAN_POINT('',(28.301818847656,5.300000190735,
    -0.10000000149));
#2843 = LINE('',#2844,#2845);
#2844 = CARTESIAN_POINT('',(28.310409545898,5.136080265045,
    -0.10000000149));
#2845 = VECTOR('',#2846,1.);
#2846 = DIRECTION('',(-5.233607141331E-02,0.998629528719,0.));
#2847 = ORIENTED_EDGE('',*,*,#2848,.T.);
#2848 = EDGE_CURVE('',#2841,#2849,#2851,.T.);
#2849 = VERTEX_POINT('',#2850);
#2850 = CARTESIAN_POINT('',(28.310409545898,5.463919639587,
    -0.10000000149));
#2851 = LINE('',#2852,#2853);
#2852 = CARTESIAN_POINT('',(28.301818847656,5.300000190735,
    -0.10000000149));
#2853 = VECTOR('',#2854,1.);
#2854 = DIRECTION('',(5.233622324049E-02,0.998629520762,0.));
#2855 = ORIENTED_EDGE('',*,*,#2856,.T.);
#2856 = EDGE_CURVE('',#2849,#2857,#2859,.T.);
#2857 = VERTEX_POINT('',#2858);
#2858 = CARTESIAN_POINT('',(28.336086273193,5.626043319702,
    -0.10000000149));
#2859 = LINE('',#2860,#2861);
#2860 = CARTESIAN_POINT('',(28.310409545898,5.463919639587,
    -0.10000000149));
#2861 = VECTOR('',#2862,1.);
#2862 = DIRECTION('',(0.15642768369,0.987689414632,0.));
#2863 = ORIENTED_EDGE('',*,*,#2864,.T.);
#2864 = EDGE_CURVE('',#2857,#2865,#2867,.T.);
#2865 = VERTEX_POINT('',#2866);
#2866 = CARTESIAN_POINT('',(28.378570556641,5.784595012665,
    -0.10000000149));
#2867 = LINE('',#2868,#2869);
#2868 = CARTESIAN_POINT('',(28.336086273193,5.626043319702,
    -0.10000000149));
#2869 = VECTOR('',#2870,1.);
#2870 = DIRECTION('',(0.258821803922,0.965925087061,0.));
#2871 = ORIENTED_EDGE('',*,*,#2872,.T.);
#2872 = EDGE_CURVE('',#2865,#2873,#2875,.T.);
#2873 = VERTEX_POINT('',#2874);
#2874 = CARTESIAN_POINT('',(28.437395095825,5.937837123871,
    -0.10000000149));
#2875 = LINE('',#2876,#2877);
#2876 = CARTESIAN_POINT('',(28.378570556641,5.784595012665,
    -0.10000000149));
#2877 = VECTOR('',#2878,1.);
#2878 = DIRECTION('',(0.358370094907,0.933579602967,0.));
#2879 = ORIENTED_EDGE('',*,*,#2880,.T.);
#2880 = EDGE_CURVE('',#2873,#2881,#2883,.T.);
#2881 = VERTEX_POINT('',#2882);
#2882 = CARTESIAN_POINT('',(28.511915206909,6.084090709686,
    -0.10000000149));
#2883 = LINE('',#2884,#2885);
#2884 = CARTESIAN_POINT('',(28.437395095825,5.937837123871,
    -0.10000000149));
#2885 = VECTOR('',#2886,1.);
#2886 = DIRECTION('',(0.453991404326,0.891006063278,0.));
#2887 = ORIENTED_EDGE('',*,*,#2888,.T.);
#2888 = EDGE_CURVE('',#2881,#2889,#2891,.T.);
#2889 = VERTEX_POINT('',#2890);
#2890 = CARTESIAN_POINT('',(28.601314544678,6.221754074097,
    -0.10000000149));
#2891 = LINE('',#2892,#2893);
#2892 = CARTESIAN_POINT('',(28.511915206909,6.084090709686,
    -0.10000000149));
#2893 = VECTOR('',#2894,1.);
#2894 = DIRECTION('',(0.54463776499,0.838671392708,0.));
#2895 = ORIENTED_EDGE('',*,*,#2896,.T.);
#2896 = EDGE_CURVE('',#2889,#2897,#2899,.T.);
#2897 = VERTEX_POINT('',#2898);
#2898 = CARTESIAN_POINT('',(28.704614639282,6.349318504333,
    -0.10000000149));
#2899 = LINE('',#2900,#2901);
#2900 = CARTESIAN_POINT('',(28.601314544678,6.221754074097,
    -0.10000000149));
#2901 = VECTOR('',#2902,1.);
#2902 = DIRECTION('',(0.629322068103,0.777144603403,0.));
#2903 = ORIENTED_EDGE('',*,*,#2904,.T.);
#2904 = EDGE_CURVE('',#2897,#2905,#2907,.T.);
#2905 = VERTEX_POINT('',#2906);
#2906 = CARTESIAN_POINT('',(28.820680618286,6.465386390686,
    -0.10000000149));
#2907 = LINE('',#2908,#2909);
#2908 = CARTESIAN_POINT('',(28.704614639282,6.349318504333,
    -0.10000000149));
#2909 = VECTOR('',#2910,1.);
#2910 = DIRECTION('',(0.707100971157,0.707112591169,0.));
#2911 = ORIENTED_EDGE('',*,*,#2912,.T.);
#2912 = EDGE_CURVE('',#2905,#2913,#2915,.T.);
#2913 = VERTEX_POINT('',#2914);
#2914 = CARTESIAN_POINT('',(28.948246002197,6.568685531616,
    -0.10000000149));
#2915 = LINE('',#2916,#2917);
#2916 = CARTESIAN_POINT('',(28.820680618286,6.465386390686,
    -0.10000000149));
#2917 = VECTOR('',#2918,1.);
#2918 = DIRECTION('',(0.777149745878,0.62931571765,0.));
#2919 = ORIENTED_EDGE('',*,*,#2920,.T.);
#2920 = EDGE_CURVE('',#2913,#2921,#2923,.T.);
#2921 = VERTEX_POINT('',#2922);
#2922 = CARTESIAN_POINT('',(29.085908889771,6.658085346222,
    -0.10000000149));
#2923 = LINE('',#2924,#2925);
#2924 = CARTESIAN_POINT('',(28.948246002197,6.568685531616,
    -0.10000000149));
#2925 = VECTOR('',#2926,1.);
#2926 = DIRECTION('',(0.838669204078,0.544641135181,0.));
#2927 = ORIENTED_EDGE('',*,*,#2928,.T.);
#2928 = EDGE_CURVE('',#2921,#2929,#2931,.T.);
#2929 = VERTEX_POINT('',#2930);
#2930 = CARTESIAN_POINT('',(29.232162475586,6.732605457306,
    -0.10000000149));
#2931 = LINE('',#2932,#2933);
#2932 = CARTESIAN_POINT('',(29.085908889771,6.658085346222,
    -0.10000000149));
#2933 = VECTOR('',#2934,1.);
#2934 = DIRECTION('',(0.891006063278,0.453991404326,0.));
#2935 = ORIENTED_EDGE('',*,*,#2936,.T.);
#2936 = EDGE_CURVE('',#2929,#2937,#2939,.T.);
#2937 = VERTEX_POINT('',#2938);
#2938 = CARTESIAN_POINT('',(29.385404586792,6.791429519653,
    -0.10000000149));
#2939 = LINE('',#2940,#2941);
#2940 = CARTESIAN_POINT('',(29.232162475586,6.732605457306,
    -0.10000000149));
#2941 = VECTOR('',#2942,1.);
#2942 = DIRECTION('',(0.933580574876,0.358367563006,0.));
#2943 = ORIENTED_EDGE('',*,*,#2944,.T.);
#2944 = EDGE_CURVE('',#2937,#2945,#2947,.T.);
#2945 = VERTEX_POINT('',#2946);
#2946 = CARTESIAN_POINT('',(29.543956756592,6.833913326263,
    -0.10000000149));
#2947 = LINE('',#2948,#2949);
#2948 = CARTESIAN_POINT('',(29.385404586792,6.791429519653,
    -0.10000000149));
#2949 = VECTOR('',#2950,1.);
#2950 = DIRECTION('',(0.965926007905,0.2588183673,0.));
#2951 = ORIENTED_EDGE('',*,*,#2952,.T.);
#2952 = EDGE_CURVE('',#2945,#2953,#2955,.T.);
#2953 = VERTEX_POINT('',#2954);
#2954 = CARTESIAN_POINT('',(29.706079483032,6.859591007233,
    -0.10000000149));
#2955 = LINE('',#2956,#2957);
#2956 = CARTESIAN_POINT('',(29.543956756592,6.833913326263,
    -0.10000000149));
#2957 = VECTOR('',#2958,1.);
#2958 = DIRECTION('',(0.987688374785,0.156434249174,0.));
#2959 = ORIENTED_EDGE('',*,*,#2960,.T.);
#2960 = EDGE_CURVE('',#2953,#2961,#2963,.T.);
#2961 = VERTEX_POINT('',#2962);
#2962 = CARTESIAN_POINT('',(29.870000839233,6.868181705475,
    -0.10000000149));
#2963 = LINE('',#2964,#2965);
#2964 = CARTESIAN_POINT('',(29.706079483032,6.859591007233,
    -0.10000000149));
#2965 = VECTOR('',#2966,1.);
#2966 = DIRECTION('',(0.998629552589,5.233561593705E-02,0.));
#2967 = ORIENTED_EDGE('',*,*,#2968,.T.);
#2968 = EDGE_CURVE('',#2961,#2969,#2971,.T.);
#2969 = VERTEX_POINT('',#2970);
#2970 = CARTESIAN_POINT('',(30.033920288086,6.859591007233,
    -0.10000000149));
#2971 = LINE('',#2972,#2973);
#2972 = CARTESIAN_POINT('',(29.870000839233,6.868181705475,
    -0.10000000149));
#2973 = VECTOR('',#2974,1.);
#2974 = DIRECTION('',(0.998629520762,-5.233622324049E-02,0.));
#2975 = ORIENTED_EDGE('',*,*,#2976,.T.);
#2976 = EDGE_CURVE('',#2969,#2977,#2979,.T.);
#2977 = VERTEX_POINT('',#2978);
#2978 = CARTESIAN_POINT('',(30.196043014526,6.833913326263,
    -0.10000000149));
#2979 = LINE('',#2980,#2981);
#2980 = CARTESIAN_POINT('',(30.033920288086,6.859591007233,
    -0.10000000149));
#2981 = VECTOR('',#2982,1.);
#2982 = DIRECTION('',(0.987688374785,-0.156434249174,0.));
#2983 = ORIENTED_EDGE('',*,*,#2984,.T.);
#2984 = EDGE_CURVE('',#2977,#2985,#2987,.T.);
#2985 = VERTEX_POINT('',#2986);
#2986 = CARTESIAN_POINT('',(30.354595184326,6.791429519653,
    -0.10000000149));
#2987 = LINE('',#2988,#2989);
#2988 = CARTESIAN_POINT('',(30.196043014526,6.833913326263,
    -0.10000000149));
#2989 = VECTOR('',#2990,1.);
#2990 = DIRECTION('',(0.965926007905,-0.2588183673,0.));
#2991 = ORIENTED_EDGE('',*,*,#2992,.T.);
#2992 = EDGE_CURVE('',#2985,#2993,#2995,.T.);
#2993 = VERTEX_POINT('',#2994);
#2994 = CARTESIAN_POINT('',(30.507837295532,6.732605457306,
    -0.10000000149));
#2995 = LINE('',#2996,#2997);
#2996 = CARTESIAN_POINT('',(30.354595184326,6.791429519653,
    -0.10000000149));
#2997 = VECTOR('',#2998,1.);
#2998 = DIRECTION('',(0.933580574876,-0.358367563006,0.));
#2999 = ORIENTED_EDGE('',*,*,#3000,.T.);
#3000 = EDGE_CURVE('',#2993,#3001,#3003,.T.);
#3001 = VERTEX_POINT('',#3002);
#3002 = CARTESIAN_POINT('',(30.654090881348,6.658085346222,
    -0.10000000149));
#3003 = LINE('',#3004,#3005);
#3004 = CARTESIAN_POINT('',(30.507837295532,6.732605457306,
    -0.10000000149));
#3005 = VECTOR('',#3006,1.);
#3006 = DIRECTION('',(0.891006063278,-0.453991404326,0.));
#3007 = ORIENTED_EDGE('',*,*,#3008,.T.);
#3008 = EDGE_CURVE('',#3001,#3009,#3011,.T.);
#3009 = VERTEX_POINT('',#3010);
#3010 = CARTESIAN_POINT('',(30.791753768921,6.568685531616,
    -0.10000000149));
#3011 = LINE('',#3012,#3013);
#3012 = CARTESIAN_POINT('',(30.654090881348,6.658085346222,
    -0.10000000149));
#3013 = VECTOR('',#3014,1.);
#3014 = DIRECTION('',(0.838669204078,-0.544641135181,0.));
#3015 = ORIENTED_EDGE('',*,*,#3016,.T.);
#3016 = EDGE_CURVE('',#3009,#3017,#3019,.T.);
#3017 = VERTEX_POINT('',#3018);
#3018 = CARTESIAN_POINT('',(30.919319152832,6.465386390686,
    -0.10000000149));
#3019 = LINE('',#3020,#3021);
#3020 = CARTESIAN_POINT('',(30.791753768921,6.568685531616,
    -0.10000000149));
#3021 = VECTOR('',#3022,1.);
#3022 = DIRECTION('',(0.777149745878,-0.62931571765,0.));
#3023 = ORIENTED_EDGE('',*,*,#3024,.T.);
#3024 = EDGE_CURVE('',#3017,#3025,#3027,.T.);
#3025 = VERTEX_POINT('',#3026);
#3026 = CARTESIAN_POINT('',(31.035387039185,6.349318504333,
    -0.10000000149));
#3027 = LINE('',#3028,#3029);
#3028 = CARTESIAN_POINT('',(30.919319152832,6.465386390686,
    -0.10000000149));
#3029 = VECTOR('',#3030,1.);
#3030 = DIRECTION('',(0.707106781187,-0.707106781187,0.));
#3031 = ORIENTED_EDGE('',*,*,#3032,.T.);
#3032 = EDGE_CURVE('',#3025,#3033,#3035,.T.);
#3033 = VERTEX_POINT('',#3034);
#3034 = CARTESIAN_POINT('',(31.13868522644,6.221754074097,-0.10000000149
    ));
#3035 = LINE('',#3036,#3037);
#3036 = CARTESIAN_POINT('',(31.035387039185,6.349318504333,
    -0.10000000149));
#3037 = VECTOR('',#3038,1.);
#3038 = DIRECTION('',(0.629315050145,-0.777150286406,0.));
#3039 = ORIENTED_EDGE('',*,*,#3040,.T.);
#3040 = EDGE_CURVE('',#3033,#3041,#3043,.T.);
#3041 = VERTEX_POINT('',#3042);
#3042 = CARTESIAN_POINT('',(31.228084564209,6.084090709686,
    -0.10000000149));
#3043 = LINE('',#3044,#3045);
#3044 = CARTESIAN_POINT('',(31.13868522644,6.221754074097,-0.10000000149
    ));
#3045 = VECTOR('',#3046,1.);
#3046 = DIRECTION('',(0.54463776499,-0.838671392708,0.));
#3047 = ORIENTED_EDGE('',*,*,#3048,.T.);
#3048 = EDGE_CURVE('',#3041,#3049,#3051,.T.);
#3049 = VERTEX_POINT('',#3050);
#3050 = CARTESIAN_POINT('',(31.302604675293,5.937837123871,
    -0.10000000149));
#3051 = LINE('',#3052,#3053);
#3052 = CARTESIAN_POINT('',(31.228084564209,6.084090709686,
    -0.10000000149));
#3053 = VECTOR('',#3054,1.);
#3054 = DIRECTION('',(0.453991404326,-0.891006063278,0.));
#3055 = ORIENTED_EDGE('',*,*,#3056,.T.);
#3056 = EDGE_CURVE('',#3049,#3057,#3059,.T.);
#3057 = VERTEX_POINT('',#3058);
#3058 = CARTESIAN_POINT('',(31.361429214478,5.784595012665,
    -0.10000000149));
#3059 = LINE('',#3060,#3061);
#3060 = CARTESIAN_POINT('',(31.302604675293,5.937837123871,
    -0.10000000149));
#3061 = VECTOR('',#3062,1.);
#3062 = DIRECTION('',(0.358370094907,-0.933579602967,0.));
#3063 = ORIENTED_EDGE('',*,*,#3064,.T.);
#3064 = EDGE_CURVE('',#3057,#3065,#3067,.T.);
#3065 = VERTEX_POINT('',#3066);
#3066 = CARTESIAN_POINT('',(31.403913497925,5.626043319702,
    -0.10000000149));
#3067 = LINE('',#3068,#3069);
#3068 = CARTESIAN_POINT('',(31.361429214478,5.784595012665,
    -0.10000000149));
#3069 = VECTOR('',#3070,1.);
#3070 = DIRECTION('',(0.258821803922,-0.965925087061,0.));
#3071 = ORIENTED_EDGE('',*,*,#3072,.T.);
#3072 = EDGE_CURVE('',#3065,#3073,#3075,.T.);
#3073 = VERTEX_POINT('',#3074);
#3074 = CARTESIAN_POINT('',(31.42959022522,5.463919639587,-0.10000000149
    ));
#3075 = LINE('',#3076,#3077);
#3076 = CARTESIAN_POINT('',(31.403913497925,5.626043319702,
    -0.10000000149));
#3077 = VECTOR('',#3078,1.);
#3078 = DIRECTION('',(0.15642768369,-0.987689414632,0.));
#3079 = ORIENTED_EDGE('',*,*,#3080,.T.);
#3080 = EDGE_CURVE('',#3073,#3081,#3083,.T.);
#3081 = VERTEX_POINT('',#3082);
#3082 = CARTESIAN_POINT('',(31.438180923462,5.300000190735,
    -0.10000000149));
#3083 = LINE('',#3084,#3085);
#3084 = CARTESIAN_POINT('',(31.42959022522,5.463919639587,-0.10000000149
    ));
#3085 = VECTOR('',#3086,1.);
#3086 = DIRECTION('',(5.233622324049E-02,-0.998629520762,0.));
#3087 = ORIENTED_EDGE('',*,*,#3088,.T.);
#3088 = EDGE_CURVE('',#3081,#3089,#3091,.T.);
#3089 = VERTEX_POINT('',#3090);
#3090 = CARTESIAN_POINT('',(31.42959022522,5.136080265045,-0.10000000149
    ));
#3091 = LINE('',#3092,#3093);
#3092 = CARTESIAN_POINT('',(31.438180923462,5.300000190735,
    -0.10000000149));
#3093 = VECTOR('',#3094,1.);
#3094 = DIRECTION('',(-5.233607141331E-02,-0.998629528719,0.));
#3095 = ORIENTED_EDGE('',*,*,#3096,.T.);
#3096 = EDGE_CURVE('',#3089,#3097,#3099,.T.);
#3097 = VERTEX_POINT('',#3098);
#3098 = CARTESIAN_POINT('',(31.403913497925,4.97395658493,-0.10000000149
    ));
#3099 = LINE('',#3100,#3101);
#3100 = CARTESIAN_POINT('',(31.42959022522,5.136080265045,-0.10000000149
    ));
#3101 = VECTOR('',#3102,1.);
#3102 = DIRECTION('',(-0.15642768369,-0.987689414632,0.));
#3103 = ORIENTED_EDGE('',*,*,#3104,.T.);
#3104 = EDGE_CURVE('',#3097,#3105,#3107,.T.);
#3105 = VERTEX_POINT('',#3106);
#3106 = CARTESIAN_POINT('',(31.361429214478,4.815405368805,
    -0.10000000149));
#3107 = LINE('',#3108,#3109);
#3108 = CARTESIAN_POINT('',(31.403913497925,4.97395658493,-0.10000000149
    ));
#3109 = VECTOR('',#3110,1.);
#3110 = DIRECTION('',(-0.258822530176,-0.96592489246,0.));
#3111 = ORIENTED_EDGE('',*,*,#3112,.T.);
#3112 = EDGE_CURVE('',#3105,#3113,#3115,.T.);
#3113 = VERTEX_POINT('',#3114);
#3114 = CARTESIAN_POINT('',(31.302604675293,4.662162780762,
    -0.10000000149));
#3115 = LINE('',#3116,#3117);
#3116 = CARTESIAN_POINT('',(31.361429214478,4.815405368805,
    -0.10000000149));
#3117 = VECTOR('',#3118,1.);
#3118 = DIRECTION('',(-0.358369122999,-0.93357997605,0.));
#3119 = ORIENTED_EDGE('',*,*,#3120,.T.);
#3120 = EDGE_CURVE('',#3113,#3121,#3123,.T.);
#3121 = VERTEX_POINT('',#3122);
#3122 = CARTESIAN_POINT('',(31.228084564209,4.515909194946,
    -0.10000000149));
#3123 = LINE('',#3124,#3125);
#3124 = CARTESIAN_POINT('',(31.302604675293,4.662162780762,
    -0.10000000149));
#3125 = VECTOR('',#3126,1.);
#3126 = DIRECTION('',(-0.453991404326,-0.891006063278,0.));
#3127 = ORIENTED_EDGE('',*,*,#3128,.T.);
#3128 = EDGE_CURVE('',#3121,#3129,#3131,.T.);
#3129 = VERTEX_POINT('',#3130);
#3130 = CARTESIAN_POINT('',(31.13868522644,4.378245830536,-0.10000000149
    ));
#3131 = LINE('',#3132,#3133);
#3132 = CARTESIAN_POINT('',(31.228084564209,4.515909194946,
    -0.10000000149));
#3133 = VECTOR('',#3134,1.);
#3134 = DIRECTION('',(-0.54463776499,-0.838671392708,0.));
#3135 = ORIENTED_EDGE('',*,*,#3136,.T.);
#3136 = EDGE_CURVE('',#3129,#3137,#3139,.T.);
#3137 = VERTEX_POINT('',#3138);
#3138 = CARTESIAN_POINT('',(31.035387039185,4.250681400299,
    -0.10000000149));
#3139 = LINE('',#3140,#3141);
#3140 = CARTESIAN_POINT('',(31.13868522644,4.378245830536,-0.10000000149
    ));
#3141 = VECTOR('',#3142,1.);
#3142 = DIRECTION('',(-0.629315050145,-0.777150286406,0.));
#3143 = ORIENTED_EDGE('',*,*,#3144,.T.);
#3144 = EDGE_CURVE('',#3137,#3145,#3147,.T.);
#3145 = VERTEX_POINT('',#3146);
#3146 = CARTESIAN_POINT('',(30.919319152832,4.134613990784,
    -0.10000000149));
#3147 = LINE('',#3148,#3149);
#3148 = CARTESIAN_POINT('',(31.035387039185,4.250681400299,
    -0.10000000149));
#3149 = VECTOR('',#3150,1.);
#3150 = DIRECTION('',(-0.707108233678,-0.707105328693,0.));
#3151 = ORIENTED_EDGE('',*,*,#3152,.T.);
#3152 = EDGE_CURVE('',#3145,#3153,#3155,.T.);
#3153 = VERTEX_POINT('',#3154);
#3154 = CARTESIAN_POINT('',(30.791753768921,4.031314373016,
    -0.10000000149));
#3155 = LINE('',#3156,#3157);
#3156 = CARTESIAN_POINT('',(30.919319152832,4.134613990784,
    -0.10000000149));
#3157 = VECTOR('',#3158,1.);
#3158 = DIRECTION('',(-0.777148325137,-0.629317472137,0.));
#3159 = ORIENTED_EDGE('',*,*,#3160,.T.);
#3160 = EDGE_CURVE('',#3153,#3161,#3163,.T.);
#3161 = VERTEX_POINT('',#3162);
#3162 = CARTESIAN_POINT('',(30.654090881348,3.941914796829,
    -0.10000000149));
#3163 = LINE('',#3164,#3165);
#3164 = CARTESIAN_POINT('',(30.791753768921,4.031314373016,
    -0.10000000149));
#3165 = VECTOR('',#3166,1.);
#3166 = DIRECTION('',(-0.838669867539,-0.544640113545,0.));
#3167 = ORIENTED_EDGE('',*,*,#3168,.T.);
#3168 = EDGE_CURVE('',#3161,#3169,#3171,.T.);
#3169 = VERTEX_POINT('',#3170);
#3170 = CARTESIAN_POINT('',(30.507837295532,3.867394685745,
    -0.10000000149));
#3171 = LINE('',#3172,#3173);
#3172 = CARTESIAN_POINT('',(30.654090881348,3.941914796829,
    -0.10000000149));
#3173 = VECTOR('',#3174,1.);
#3174 = DIRECTION('',(-0.891006063278,-0.453991404326,0.));
#3175 = ORIENTED_EDGE('',*,*,#3176,.T.);
#3176 = EDGE_CURVE('',#3169,#3177,#3179,.T.);
#3177 = VERTEX_POINT('',#3178);
#3178 = CARTESIAN_POINT('',(30.354595184326,3.808570384979,
    -0.10000000149));
#3179 = LINE('',#3180,#3181);
#3180 = CARTESIAN_POINT('',(30.507837295532,3.867394685745,
    -0.10000000149));
#3181 = VECTOR('',#3182,1.);
#3182 = DIRECTION('',(-0.933580088922,-0.358368828958,0.));
#3183 = ORIENTED_EDGE('',*,*,#3184,.T.);
#3184 = EDGE_CURVE('',#3177,#2711,#3185,.T.);
#3185 = LINE('',#3186,#3187);
#3186 = CARTESIAN_POINT('',(30.354595184326,3.808570384979,
    -0.10000000149));
#3187 = VECTOR('',#3188,1.);
#3188 = DIRECTION('',(-0.965926371025,-0.258817012112,0.));
#3189 = PLANE('',#3190);
#3190 = AXIS2_PLACEMENT_3D('',#3191,#3192,#3193);
#3191 = CARTESIAN_POINT('',(-3.02267869268E-02,0.216391937621,
    -0.10000000149));
#3192 = DIRECTION('',(0.,0.,1.));
#3193 = DIRECTION('',(1.,0.,0.));
#3194 = ADVANCED_FACE('',(#3195),#3219,.T.);
#3195 = FACE_BOUND('',#3196,.T.);
#3196 = EDGE_LOOP('',(#3197,#3207,#3213));
#3197 = ORIENTED_EDGE('',*,*,#3198,.F.);
#3198 = EDGE_CURVE('',#3199,#3201,#3203,.T.);
#3199 = VERTEX_POINT('',#3200);
#3200 = CARTESIAN_POINT('',(-27.19165039062,4.107522010803,
    -2.099999904633));
#3201 = VERTEX_POINT('',#3202);
#3202 = CARTESIAN_POINT('',(-27.0816745758,4.394018173218,
    -2.099999904633));
#3203 = LINE('',#3204,#3205);
#3204 = CARTESIAN_POINT('',(-27.19165039062,4.107522010803,
    -2.099999904633));
#3205 = VECTOR('',#3206,1.);
#3206 = DIRECTION('',(0.358368636549,0.933580162781,0.));
#3207 = ORIENTED_EDGE('',*,*,#3208,.T.);
#3208 = EDGE_CURVE('',#3199,#2615,#3209,.T.);
#3209 = LINE('',#3210,#3211);
#3210 = CARTESIAN_POINT('',(-27.19165039062,4.107522010803,
    -2.099999904633));
#3211 = VECTOR('',#3212,1.);
#3212 = DIRECTION('',(-0.514634092624,0.229129650873,0.826227180502));
#3213 = ORIENTED_EDGE('',*,*,#3214,.T.);
#3214 = EDGE_CURVE('',#2615,#3201,#3215,.T.);
#3215 = LINE('',#3216,#3217);
#3216 = CARTESIAN_POINT('',(-28.43739509582,4.662162780762,
    -0.10000000149));
#3217 = VECTOR('',#3218,1.);
#3218 = DIRECTION('',(0.557674600685,-0.110301079559,-0.822698432962));
#3219 = PLANE('',#3220);
#3220 = AXIS2_PLACEMENT_3D('',#3221,#3222,#3223);
#3221 = CARTESIAN_POINT('',(-27.74828351628,4.444373832519,
    -1.159489402888));
#3222 = DIRECTION('',(-0.771684752328,0.296222674348,-0.562809710494));
#3223 = DIRECTION('',(0.589256171306,0.,-0.807946263422));
#3224 = ADVANCED_FACE('',(#3225),#3235,.T.);
#3225 = FACE_BOUND('',#3226,.T.);
#3226 = EDGE_LOOP('',(#3227,#3228,#3229));
#3227 = ORIENTED_EDGE('',*,*,#2622,.F.);
#3228 = ORIENTED_EDGE('',*,*,#3208,.F.);
#3229 = ORIENTED_EDGE('',*,*,#3230,.F.);
#3230 = EDGE_CURVE('',#2623,#3199,#3231,.T.);
#3231 = LINE('',#3232,#3233);
#3232 = CARTESIAN_POINT('',(-28.5119152069,4.515909194946,-0.10000000149
    ));
#3233 = VECTOR('',#3234,1.);
#3234 = DIRECTION('',(0.543089941564,-0.167989761778,-0.822698459528));
#3235 = PLANE('',#3236);
#3236 = AXIS2_PLACEMENT_3D('',#3237,#3238,#3239);
#3237 = CARTESIAN_POINT('',(-27.8541847474,4.356082179086,
    -1.067274569245));
#3238 = DIRECTION('',(-0.736493606465,0.375263177722,-0.562809661504));
#3239 = DIRECTION('',(0.607183672376,-2.775557561563E-17,-0.794561506744
    ));
#3240 = ADVANCED_FACE('',(#3241),#3265,.T.);
#3241 = FACE_BOUND('',#3242,.T.);
#3242 = EDGE_LOOP('',(#3243,#3253,#3259));
#3243 = ORIENTED_EDGE('',*,*,#3244,.F.);
#3244 = EDGE_CURVE('',#3245,#3247,#3249,.T.);
#3245 = VERTEX_POINT('',#3246);
#3246 = CARTESIAN_POINT('',(-27.4981098175,3.576720476151,
    -2.099999904633));
#3247 = VERTEX_POINT('',#3248);
#3248 = CARTESIAN_POINT('',(-27.33097076416,3.834090948105,
    -2.099999904633));
#3249 = LINE('',#3250,#3251);
#3250 = CARTESIAN_POINT('',(-27.4981098175,3.576720476151,
    -2.099999904633));
#3251 = VECTOR('',#3252,1.);
#3252 = DIRECTION('',(0.544640672862,0.838669504313,0.));
#3253 = ORIENTED_EDGE('',*,*,#3254,.T.);
#3254 = EDGE_CURVE('',#3245,#2631,#3255,.T.);
#3255 = LINE('',#3256,#3257);
#3256 = CARTESIAN_POINT('',(-27.4981098175,3.576720476151,
    -2.099999904633));
#3257 = VECTOR('',#3258,1.);
#3258 = DIRECTION('',(-0.455748992326,0.331121108882,0.826227370187));
#3259 = ORIENTED_EDGE('',*,*,#3260,.T.);
#3260 = EDGE_CURVE('',#2631,#3247,#3261,.T.);
#3261 = LINE('',#3262,#3263);
#3262 = CARTESIAN_POINT('',(-28.60131454467,4.378245830536,
    -0.10000000149));
#3263 = VECTOR('',#3264,1.);
#3264 = DIRECTION('',(0.52255502376,-0.223837729502,-0.822698558401));
#3265 = PLANE('',#3266);
#3266 = AXIS2_PLACEMENT_3D('',#3267,#3268,#3269);
#3267 = CARTESIAN_POINT('',(-27.972542982,4.021941799292,-1.159489500331
    ));
#3268 = DIRECTION('',(-0.69323303418,0.450192721023,-0.562809447556));
#3269 = DIRECTION('',(0.630294149562,2.775557561563E-17,-0.776356416234)
  );
#3270 = ADVANCED_FACE('',(#3271),#3281,.T.);
#3271 = FACE_BOUND('',#3272,.T.);
#3272 = EDGE_LOOP('',(#3273,#3274,#3275));
#3273 = ORIENTED_EDGE('',*,*,#2638,.F.);
#3274 = ORIENTED_EDGE('',*,*,#3254,.F.);
#3275 = ORIENTED_EDGE('',*,*,#3276,.F.);
#3276 = EDGE_CURVE('',#2639,#3245,#3277,.T.);
#3277 = LINE('',#3278,#3279);
#3278 = CARTESIAN_POINT('',(-28.70461463928,4.250681400299,
    -0.10000000149));
#3279 = VECTOR('',#3280,1.);
#3280 = DIRECTION('',(0.496294939888,-0.277233368901,-0.822698603262));
#3281 = PLANE('',#3282);
#3282 = AXIS2_PLACEMENT_3D('',#3283,#3284,#3285);
#3283 = CARTESIAN_POINT('',(-28.09448727991,3.957597548589,
    -1.067274424753));
#3284 = DIRECTION('',(-0.642377412383,0.520189267085,-0.562809369565));
#3285 = DIRECTION('',(0.658988003604,0.,-0.752153449175));
#3286 = ADVANCED_FACE('',(#3287),#3311,.T.);
#3287 = FACE_BOUND('',#3288,.T.);
#3288 = EDGE_LOOP('',(#3289,#3297,#3305));
#3289 = ORIENTED_EDGE('',*,*,#3290,.T.);
#3290 = EDGE_CURVE('',#3291,#2427,#3293,.T.);
#3291 = VERTEX_POINT('',#3292);
#3292 = CARTESIAN_POINT('',(-29.87000083923,2.368181705475,
    -2.099999904633));
#3293 = LINE('',#3294,#3295);
#3294 = CARTESIAN_POINT('',(-29.87000083923,2.368181705475,
    -2.099999904633));
#3295 = VECTOR('',#3296,1.);
#3296 = DIRECTION('',(0.,0.56333687994,0.826227305104));
#3297 = ORIENTED_EDGE('',*,*,#3298,.T.);
#3298 = EDGE_CURVE('',#2427,#3299,#3301,.T.);
#3299 = VERTEX_POINT('',#3300);
#3300 = CARTESIAN_POINT('',(-29.56354141235,2.384242534637,
    -2.099999904633));
#3301 = LINE('',#3302,#3303);
#3302 = CARTESIAN_POINT('',(-29.87000083923,3.731818199158,
    -0.10000000149));
#3303 = VECTOR('',#3304,1.);
#3304 = DIRECTION('',(0.126061873708,-0.55432431941,-0.822698579619));
#3305 = ORIENTED_EDGE('',*,*,#3306,.F.);
#3306 = EDGE_CURVE('',#3291,#3299,#3307,.T.);
#3307 = LINE('',#3308,#3309);
#3308 = CARTESIAN_POINT('',(-29.87000083923,2.368181705475,
    -2.099999904633));
#3309 = VECTOR('',#3310,1.);
#3310 = DIRECTION('',(0.998629539666,5.233586252053E-02,0.));
#3311 = PLANE('',#3312);
#3312 = AXIS2_PLACEMENT_3D('',#3313,#3314,#3315);
#3313 = CARTESIAN_POINT('',(-29.78867398909,3.013700982197,
    -1.15948959022));
#3314 = DIRECTION('',(-4.326012425577E-02,0.825453826322,-0.562809507968
    ));
#3315 = DIRECTION('',(-3.469446951954E-18,0.56333687994,0.826227305104)
  );
#3316 = ADVANCED_FACE('',(#3317),#3327,.T.);
#3317 = FACE_BOUND('',#3318,.T.);
#3318 = EDGE_LOOP('',(#3319,#3320,#3321));
#3319 = ORIENTED_EDGE('',*,*,#3298,.F.);
#3320 = ORIENTED_EDGE('',*,*,#2702,.F.);
#3321 = ORIENTED_EDGE('',*,*,#3322,.F.);
#3322 = EDGE_CURVE('',#3299,#2695,#3323,.T.);
#3323 = LINE('',#3324,#3325);
#3324 = CARTESIAN_POINT('',(-29.56354141235,2.384242534637,
    -2.099999904633));
#3325 = VECTOR('',#3326,1.);
#3326 = DIRECTION('',(-5.888442677109E-02,0.560250875414,0.826227317923)
  );
#3327 = PLANE('',#3328);
#3328 = AXIS2_PLACEMENT_3D('',#3329,#3330,#3331);
#3329 = CARTESIAN_POINT('',(-29.6795490632,3.082294108302,
    -1.067274180837));
#3330 = DIRECTION('',(-4.325992101833E-02,0.82545384817,-0.562809491546)
  );
#3331 = DIRECTION('',(3.469446951954E-18,0.563336858541,0.826227319694)
  );
#3332 = ADVANCED_FACE('',(#3333),#3350,.T.);
#3333 = FACE_BOUND('',#3334,.T.);
#3334 = EDGE_LOOP('',(#3335,#3336,#3344));
#3335 = ORIENTED_EDGE('',*,*,#3322,.T.);
#3336 = ORIENTED_EDGE('',*,*,#3337,.T.);
#3337 = EDGE_CURVE('',#2695,#3338,#3340,.T.);
#3338 = VERTEX_POINT('',#3339);
#3339 = CARTESIAN_POINT('',(-29.26044082641,2.432249069214,
    -2.099999904633));
#3340 = LINE('',#3341,#3342);
#3341 = CARTESIAN_POINT('',(-29.70607948303,3.7404088974,-0.10000000149)
  );
#3342 = VECTOR('',#3343,1.);
#3343 = DIRECTION('',(0.183313178658,-0.538110715347,-0.822698691234));
#3344 = ORIENTED_EDGE('',*,*,#3345,.F.);
#3345 = EDGE_CURVE('',#3299,#3338,#3346,.T.);
#3346 = LINE('',#3347,#3348);
#3347 = CARTESIAN_POINT('',(-29.56354141235,2.384242534637,
    -2.099999904633));
#3348 = VECTOR('',#3349,1.);
#3349 = DIRECTION('',(0.987688281229,0.156434839863,0.));
#3350 = PLANE('',#3351);
#3351 = AXIS2_PLACEMENT_3D('',#3352,#3353,#3354);
#3352 = CARTESIAN_POINT('',(-29.55013521853,3.034726696438,
    -1.15948937523));
#3353 = DIRECTION('',(-0.129306951382,0.816409954925,-0.562809468491));
#3354 = DIRECTION('',(-6.938893903907E-18,0.56757447477,0.823322060672)
  );
#3355 = ADVANCED_FACE('',(#3356),#3366,.T.);
#3356 = FACE_BOUND('',#3357,.T.);
#3357 = EDGE_LOOP('',(#3358,#3359,#3360));
#3358 = ORIENTED_EDGE('',*,*,#3337,.F.);
#3359 = ORIENTED_EDGE('',*,*,#2694,.F.);
#3360 = ORIENTED_EDGE('',*,*,#3361,.F.);
#3361 = EDGE_CURVE('',#3338,#2687,#3362,.T.);
#3362 = LINE('',#3363,#3364);
#3363 = CARTESIAN_POINT('',(-29.26044082641,2.432249069214,
    -2.099999904633));
#3364 = VECTOR('',#3365,1.);
#3365 = DIRECTION('',(-0.117124307817,0.551026613666,0.826227309855));
#3366 = PLANE('',#3367);
#3367 = AXIS2_PLACEMENT_3D('',#3368,#3369,#3370);
#3368 = CARTESIAN_POINT('',(-29.44877881181,3.114350190111,
    -1.067274694093));
#3369 = DIRECTION('',(-0.129307628436,0.816409809337,-0.562809524125));
#3370 = DIRECTION('',(6.938893903907E-18,0.56757458141,0.823321987157));
#3371 = ADVANCED_FACE('',(#3372),#3389,.T.);
#3372 = FACE_BOUND('',#3373,.T.);
#3373 = EDGE_LOOP('',(#3374,#3375,#3383));
#3374 = ORIENTED_EDGE('',*,*,#3361,.T.);
#3375 = ORIENTED_EDGE('',*,*,#3376,.T.);
#3376 = EDGE_CURVE('',#2687,#3377,#3379,.T.);
#3377 = VERTEX_POINT('',#3378);
#3378 = CARTESIAN_POINT('',(-28.96401786804,2.5116751194,-2.099999904633
    ));
#3379 = LINE('',#3380,#3381);
#3380 = CARTESIAN_POINT('',(-29.54395675659,3.766086816788,
    -0.10000000149));
#3381 = VECTOR('',#3382,1.);
#3382 = DIRECTION('',(0.23855745606,-0.516001374092,-0.822698560891));
#3383 = ORIENTED_EDGE('',*,*,#3384,.F.);
#3384 = EDGE_CURVE('',#3338,#3377,#3385,.T.);
#3385 = LINE('',#3386,#3387);
#3386 = CARTESIAN_POINT('',(-29.26044082641,2.432249069214,
    -2.099999904633));
#3387 = VECTOR('',#3388,1.);
#3388 = DIRECTION('',(0.965926023539,0.258818308955,0.));
#3389 = PLANE('',#3390);
#3390 = AXIS2_PLACEMENT_3D('',#3391,#3392,#3393);
#3391 = CARTESIAN_POINT('',(-29.31510226071,3.080570965017,
    -1.159489511659));
#3392 = DIRECTION('',(-0.213935752858,0.798421533182,-0.562809513958));
#3393 = DIRECTION('',(0.,0.576148661548,0.817344920946));
#3394 = ADVANCED_FACE('',(#3395),#3405,.T.);
#3395 = FACE_BOUND('',#3396,.T.);
#3396 = EDGE_LOOP('',(#3397,#3398,#3399));
#3397 = ORIENTED_EDGE('',*,*,#3376,.F.);
#3398 = ORIENTED_EDGE('',*,*,#2686,.F.);
#3399 = ORIENTED_EDGE('',*,*,#3400,.F.);
#3400 = EDGE_CURVE('',#3377,#2679,#3401,.T.);
#3401 = LINE('',#3402,#3403);
#3402 = CARTESIAN_POINT('',(-28.96401786804,2.5116751194,-2.099999904633
    ));
#3403 = VECTOR('',#3404,1.);
#3404 = DIRECTION('',(-0.174080620748,0.53576518393,0.82622733262));
#3405 = PLANE('',#3406);
#3406 = AXIS2_PLACEMENT_3D('',#3407,#3408,#3409);
#3407 = CARTESIAN_POINT('',(-29.2226235558,3.170353110895,
    -1.067274396501));
#3408 = DIRECTION('',(-0.21393469664,0.798421879132,-0.562809424669));
#3409 = DIRECTION('',(0.,0.576148433711,0.817345081549));
#3410 = ADVANCED_FACE('',(#3411),#3428,.T.);
#3411 = FACE_BOUND('',#3412,.T.);
#3412 = EDGE_LOOP('',(#3413,#3414,#3422));
#3413 = ORIENTED_EDGE('',*,*,#3400,.T.);
#3414 = ORIENTED_EDGE('',*,*,#3415,.T.);
#3415 = EDGE_CURVE('',#2679,#3416,#3418,.T.);
#3416 = VERTEX_POINT('',#3417);
#3417 = CARTESIAN_POINT('',(-28.6775226593,2.621650934219,
    -2.099999904633));
#3418 = LINE('',#3419,#3420);
#3419 = CARTESIAN_POINT('',(-29.38540458679,3.808570384979,
    -0.10000000149));
#3420 = VECTOR('',#3421,1.);
#3421 = DIRECTION('',(0.291186814822,-0.488238618469,-0.822698784677));
#3422 = ORIENTED_EDGE('',*,*,#3423,.F.);
#3423 = EDGE_CURVE('',#3377,#3416,#3424,.T.);
#3424 = LINE('',#3425,#3426);
#3425 = CARTESIAN_POINT('',(-28.96401786804,2.5116751194,-2.099999904633
    ));
#3426 = VECTOR('',#3427,1.);
#3427 = DIRECTION('',(0.933579763669,0.358369676267,0.));
#3428 = PLANE('',#3429);
#3429 = AXIS2_PLACEMENT_3D('',#3430,#3431,#3432);
#3430 = CARTESIAN_POINT('',(-29.08614842236,3.150731936003,
    -1.159489257687));
#3431 = DIRECTION('',(-0.29622360292,0.77168460258,-0.562809427084));
#3432 = DIRECTION('',(2.775557561563E-17,0.589256052252,0.807946350251)
  );
#3433 = ADVANCED_FACE('',(#3434),#3444,.T.);
#3434 = FACE_BOUND('',#3435,.T.);
#3435 = EDGE_LOOP('',(#3436,#3437,#3438));
#3436 = ORIENTED_EDGE('',*,*,#3415,.F.);
#3437 = ORIENTED_EDGE('',*,*,#2678,.F.);
#3438 = ORIENTED_EDGE('',*,*,#3439,.F.);
#3439 = EDGE_CURVE('',#3416,#2671,#3440,.T.);
#3440 = LINE('',#3441,#3442);
#3441 = CARTESIAN_POINT('',(-28.6775226593,2.621650934219,
    -2.099999904633));
#3442 = VECTOR('',#3443,1.);
#3443 = DIRECTION('',(-0.229129324038,0.514633849449,0.826227422607));
#3444 = PLANE('',#3445);
#3445 = AXIS2_PLACEMENT_3D('',#3446,#3447,#3448);
#3446 = CARTESIAN_POINT('',(-29.00356154215,3.249688791339,
    -1.067274508601));
#3447 = DIRECTION('',(-0.296222917272,0.771684909796,-0.562809366727));
#3448 = DIRECTION('',(-2.775557561563E-17,0.589255857866,0.807946492022)
  );
#3449 = ADVANCED_FACE('',(#3450),#3467,.T.);
#3450 = FACE_BOUND('',#3451,.T.);
#3451 = EDGE_LOOP('',(#3452,#3453,#3461));
#3452 = ORIENTED_EDGE('',*,*,#3439,.T.);
#3453 = ORIENTED_EDGE('',*,*,#3454,.T.);
#3454 = EDGE_CURVE('',#2671,#3455,#3457,.T.);
#3455 = VERTEX_POINT('',#3456);
#3456 = CARTESIAN_POINT('',(-28.40409088134,2.760971069336,
    -2.099999904633));
#3457 = LINE('',#3458,#3459);
#3458 = CARTESIAN_POINT('',(-29.23216247558,3.867394685745,
    -0.10000000149));
#3459 = VECTOR('',#3460,1.);
#3460 = DIRECTION('',(0.340626729643,-0.45512665895,-0.822698702665));
#3461 = ORIENTED_EDGE('',*,*,#3462,.F.);
#3462 = EDGE_CURVE('',#3416,#3455,#3463,.T.);
#3463 = LINE('',#3464,#3465);
#3464 = CARTESIAN_POINT('',(-28.6775226593,2.621650934219,
    -2.099999904633));
#3465 = VECTOR('',#3466,1.);
#3466 = DIRECTION('',(0.891006938677,0.453989686258,0.));
#3467 = PLANE('',#3468);
#3468 = AXIS2_PLACEMENT_3D('',#3469,#3470,#3471);
#3469 = CARTESIAN_POINT('',(-28.86578281501,3.24444059519,
    -1.159489511253));
#3470 = DIRECTION('',(-0.375261857542,0.736494526224,-0.562809338157));
#3471 = DIRECTION('',(0.,0.607182973425,0.794562040865));
#3472 = ADVANCED_FACE('',(#3473),#3483,.T.);
#3473 = FACE_BOUND('',#3474,.T.);
#3474 = EDGE_LOOP('',(#3475,#3476,#3477));
#3475 = ORIENTED_EDGE('',*,*,#3454,.F.);
#3476 = ORIENTED_EDGE('',*,*,#2670,.F.);
#3477 = ORIENTED_EDGE('',*,*,#3478,.F.);
#3478 = EDGE_CURVE('',#3455,#2663,#3479,.T.);
#3479 = LINE('',#3480,#3481);
#3480 = CARTESIAN_POINT('',(-28.40409088134,2.760971069336,
    -2.099999904633));
#3481 = VECTOR('',#3482,1.);
#3482 = DIRECTION('',(-0.281668355964,0.487864025444,0.826227347602));
#3483 = PLANE('',#3484);
#3484 = AXIS2_PLACEMENT_3D('',#3485,#3486,#3487);
#3485 = CARTESIAN_POINT('',(-28.7939918986,3.351488091355,
    -1.067274561364));
#3486 = DIRECTION('',(-0.375263238035,0.736493724834,-0.562809466392));
#3487 = DIRECTION('',(0.,0.607183477876,0.794561655377));
#3488 = ADVANCED_FACE('',(#3489),#3506,.T.);
#3489 = FACE_BOUND('',#3490,.T.);
#3490 = EDGE_LOOP('',(#3491,#3492,#3500));
#3491 = ORIENTED_EDGE('',*,*,#3478,.T.);
#3492 = ORIENTED_EDGE('',*,*,#3493,.T.);
#3493 = EDGE_CURVE('',#2663,#3494,#3496,.T.);
#3494 = VERTEX_POINT('',#3495);
#3495 = CARTESIAN_POINT('',(-28.14672088623,2.928109169006,
    -2.099999904633));
#3496 = LINE('',#3497,#3498);
#3497 = CARTESIAN_POINT('',(-29.08590888977,3.941914796829,
    -0.10000000149));
#3498 = VECTOR('',#3499,1.);
#3499 = DIRECTION('',(0.386334389095,-0.417028301479,-0.822698690632));
#3500 = ORIENTED_EDGE('',*,*,#3501,.F.);
#3501 = EDGE_CURVE('',#3455,#3494,#3502,.T.);
#3502 = LINE('',#3503,#3504);
#3503 = CARTESIAN_POINT('',(-28.40409088134,2.760971069336,
    -2.099999904633));
#3504 = VECTOR('',#3505,1.);
#3505 = DIRECTION('',(0.838670462891,0.544639196785,0.));
#3506 = PLANE('',#3507);
#3507 = AXIS2_PLACEMENT_3D('',#3508,#3509,#3510);
#3508 = CARTESIAN_POINT('',(-28.65641972354,3.360670483294,
    -1.159489336463));
#3509 = DIRECTION('',(-0.450191504581,0.693233832168,-0.56280943768));
#3510 = DIRECTION('',(0.,0.630293705593,0.776356776675));
#3511 = ADVANCED_FACE('',(#3512),#3522,.T.);
#3512 = FACE_BOUND('',#3513,.T.);
#3513 = EDGE_LOOP('',(#3514,#3515,#3516));
#3514 = ORIENTED_EDGE('',*,*,#3493,.F.);
#3515 = ORIENTED_EDGE('',*,*,#2662,.F.);
#3516 = ORIENTED_EDGE('',*,*,#3517,.F.);
#3517 = EDGE_CURVE('',#3494,#2655,#3518,.T.);
#3518 = LINE('',#3519,#3520);
#3519 = CARTESIAN_POINT('',(-28.14672088623,2.928109169006,
    -2.099999904633));
#3520 = VECTOR('',#3521,1.);
#3521 = DIRECTION('',(-0.33112099146,0.455749163262,0.826227322957));
#3522 = PLANE('',#3523);
#3523 = AXIS2_PLACEMENT_3D('',#3524,#3525,#3526);
#3524 = CARTESIAN_POINT('',(-28.59621178329,3.474635615875,
    -1.067274564112));
#3525 = DIRECTION('',(-0.450192235404,0.693233298546,-0.562809510375));
#3526 = DIRECTION('',(0.,0.630294047091,0.776356499426));
#3527 = ADVANCED_FACE('',(#3528),#3545,.T.);
#3528 = FACE_BOUND('',#3529,.T.);
#3529 = EDGE_LOOP('',(#3530,#3531,#3539));
#3530 = ORIENTED_EDGE('',*,*,#3517,.T.);
#3531 = ORIENTED_EDGE('',*,*,#3532,.T.);
#3532 = EDGE_CURVE('',#2655,#3533,#3535,.T.);
#3533 = VERTEX_POINT('',#3534);
#3534 = CARTESIAN_POINT('',(-27.90822982788,3.121234416962,
    -2.099999904633));
#3535 = LINE('',#3536,#3537);
#3536 = CARTESIAN_POINT('',(-28.94824600219,4.031314373016,
    -0.10000000149));
#3537 = VECTOR('',#3538,1.);
#3538 = DIRECTION('',(0.427809876876,-0.374360710498,-0.822698467048));
#3539 = ORIENTED_EDGE('',*,*,#3540,.F.);
#3540 = EDGE_CURVE('',#3494,#3533,#3541,.T.);
#3541 = LINE('',#3542,#3543);
#3542 = CARTESIAN_POINT('',(-28.14672088623,2.928109169006,
    -2.099999904633));
#3543 = VECTOR('',#3544,1.);
#3544 = DIRECTION('',(0.777147560181,0.629318416785,0.));
#3545 = PLANE('',#3546);
#3546 = AXIS2_PLACEMENT_3D('',#3547,#3548,#3549);
#3547 = CARTESIAN_POINT('',(-28.4603525143,3.498147859584,
    -1.159489591667));
#3548 = DIRECTION('',(-0.520186181698,0.642379773362,-0.562809526523));
#3549 = DIRECTION('',(0.,0.658986737351,0.752154558582));
#3550 = ADVANCED_FACE('',(#3551),#3561,.T.);
#3551 = FACE_BOUND('',#3552,.T.);
#3552 = EDGE_LOOP('',(#3553,#3554,#3555));
#3553 = ORIENTED_EDGE('',*,*,#3532,.F.);
#3554 = ORIENTED_EDGE('',*,*,#2654,.F.);
#3555 = ORIENTED_EDGE('',*,*,#3556,.F.);
#3556 = EDGE_CURVE('',#3533,#2647,#3557,.T.);
#3557 = LINE('',#3558,#3559);
#3558 = CARTESIAN_POINT('',(-27.90822982788,3.121234416962,
    -2.099999904633));
#3559 = VECTOR('',#3560,1.);
#3560 = DIRECTION('',(-0.376945893237,0.418640953199,0.826227296739));
#3561 = PLANE('',#3562);
#3562 = AXIS2_PLACEMENT_3D('',#3563,#3564,#3565);
#3563 = CARTESIAN_POINT('',(-28.41238650406,3.617782437827,
    -1.067274343726));
#3564 = DIRECTION('',(-0.520185435504,0.64238044844,-0.562809445684));
#3565 = DIRECTION('',(0.,0.658986292012,0.752154948758));
#3566 = ADVANCED_FACE('',(#3567),#3584,.T.);
#3567 = FACE_BOUND('',#3568,.T.);
#3568 = EDGE_LOOP('',(#3569,#3570,#3578));
#3569 = ORIENTED_EDGE('',*,*,#3556,.T.);
#3570 = ORIENTED_EDGE('',*,*,#3571,.T.);
#3571 = EDGE_CURVE('',#2647,#3572,#3574,.T.);
#3572 = VERTEX_POINT('',#3573);
#3573 = CARTESIAN_POINT('',(-27.69123458862,3.338230609894,
    -2.099999904633));
#3574 = LINE('',#3575,#3576);
#3575 = CARTESIAN_POINT('',(-28.82068061828,4.134613990784,
    -0.10000000149));
#3576 = VECTOR('',#3577,1.);
#3577 = DIRECTION('',(0.464596951935,-0.327591829636,-0.822698769544));
#3578 = ORIENTED_EDGE('',*,*,#3579,.F.);
#3579 = EDGE_CURVE('',#3533,#3572,#3580,.T.);
#3580 = LINE('',#3581,#3582);
#3581 = CARTESIAN_POINT('',(-27.90822982788,3.121234416962,
    -2.099999904633));
#3582 = VECTOR('',#3583,1.);
#3583 = DIRECTION('',(0.707105227353,0.707108335016,0.));
#3584 = PLANE('',#3585);
#3585 = AXIS2_PLACEMENT_3D('',#3586,#3587,#3588);
#3586 = CARTESIAN_POINT('',(-28.27972946167,3.655367034869,
    -1.159489284813));
#3587 = DIRECTION('',(-0.584486313835,0.584483745082,-0.562809471024));
#3588 = DIRECTION('',(-0.707105227353,-0.707108335016,0.));
#3589 = ADVANCED_FACE('',(#3590),#3600,.T.);
#3590 = FACE_BOUND('',#3591,.T.);
#3591 = EDGE_LOOP('',(#3592,#3593,#3594));
#3592 = ORIENTED_EDGE('',*,*,#3571,.F.);
#3593 = ORIENTED_EDGE('',*,*,#2646,.F.);
#3594 = ORIENTED_EDGE('',*,*,#3595,.F.);
#3595 = EDGE_CURVE('',#3572,#2639,#3596,.T.);
#3596 = LINE('',#3597,#3598);
#3597 = CARTESIAN_POINT('',(-27.69123458862,3.338230609894,
    -2.099999904633));
#3598 = VECTOR('',#3599,1.);
#3599 = DIRECTION('',(-0.418641115663,0.376945862151,0.826227228602));
#3600 = PLANE('',#3601);
#3601 = AXIS2_PLACEMENT_3D('',#3602,#3603,#3604);
#3602 = CARTESIAN_POINT('',(-28.24453224691,3.779359558836,
    -1.067274799251));
#3603 = DIRECTION('',(-0.584488504359,0.584481300636,-0.562809734706));
#3604 = DIRECTION('',(-0.70710242366,-0.707111138687,-2.775557561563E-17
    ));
#3605 = ADVANCED_FACE('',(#3606),#3616,.T.);
#3606 = FACE_BOUND('',#3607,.T.);
#3607 = EDGE_LOOP('',(#3608,#3614,#3615));
#3608 = ORIENTED_EDGE('',*,*,#3609,.F.);
#3609 = EDGE_CURVE('',#3572,#3245,#3610,.T.);
#3610 = LINE('',#3611,#3612);
#3611 = CARTESIAN_POINT('',(-27.69123458862,3.338230609894,
    -2.099999904633));
#3612 = VECTOR('',#3613,1.);
#3613 = DIRECTION('',(0.629319378177,0.777146781664,0.));
#3614 = ORIENTED_EDGE('',*,*,#3595,.T.);
#3615 = ORIENTED_EDGE('',*,*,#3276,.T.);
#3616 = PLANE('',#3617);
#3617 = AXIS2_PLACEMENT_3D('',#3618,#3619,#3620);
#3618 = CARTESIAN_POINT('',(-28.11653133255,3.830604792852,
    -1.159489369502));
#3619 = DIRECTION('',(-0.6423790911,0.520186944993,-0.562809599755));
#3620 = DIRECTION('',(0.65898718182,0.,-0.752154169168));
#3621 = ADVANCED_FACE('',(#3622),#3632,.T.);
#3622 = FACE_BOUND('',#3623,.T.);
#3623 = EDGE_LOOP('',(#3624,#3625,#3626));
#3624 = ORIENTED_EDGE('',*,*,#3260,.F.);
#3625 = ORIENTED_EDGE('',*,*,#2630,.F.);
#3626 = ORIENTED_EDGE('',*,*,#3627,.F.);
#3627 = EDGE_CURVE('',#3247,#2623,#3628,.T.);
#3628 = LINE('',#3629,#3630);
#3629 = CARTESIAN_POINT('',(-27.33097076416,3.834090948105,
    -2.099999904633));
#3630 = VECTOR('',#3631,1.);
#3631 = DIRECTION('',(-0.487864237063,0.28166840604,0.826227205576));
#3632 = PLANE('',#3633);
#3633 = AXIS2_PLACEMENT_3D('',#3634,#3635,#3636);
#3634 = CARTESIAN_POINT('',(-27.96389395278,4.15054311869,
    -1.067274516826));
#3635 = DIRECTION('',(-0.693234463429,0.450190231906,-0.562809678142));
#3636 = DIRECTION('',(0.63029352197,0.,-0.776356925752));
#3637 = ADVANCED_FACE('',(#3638),#3648,.T.);
#3638 = FACE_BOUND('',#3639,.T.);
#3639 = EDGE_LOOP('',(#3640,#3646,#3647));
#3640 = ORIENTED_EDGE('',*,*,#3641,.F.);
#3641 = EDGE_CURVE('',#3247,#3199,#3642,.T.);
#3642 = LINE('',#3643,#3644);
#3643 = CARTESIAN_POINT('',(-27.33097076416,3.834090948105,
    -2.099999904633));
#3644 = VECTOR('',#3645,1.);
#3645 = DIRECTION('',(0.453991245848,0.891006144027,0.));
#3646 = ORIENTED_EDGE('',*,*,#3627,.T.);
#3647 = ORIENTED_EDGE('',*,*,#3230,.T.);
#3648 = PLANE('',#3649);
#3649 = AXIS2_PLACEMENT_3D('',#3650,#3651,#3652);
#3650 = CARTESIAN_POINT('',(-27.84934389882,4.227281492032,
    -1.159489399177));
#3651 = DIRECTION('',(-0.736493666034,0.37526304307,-0.562809673333));
#3652 = DIRECTION('',(0.607183649428,0.,-0.794561524281));
#3653 = ADVANCED_FACE('',(#3654),#3664,.T.);
#3654 = FACE_BOUND('',#3655,.T.);
#3655 = EDGE_LOOP('',(#3656,#3657,#3658));
#3656 = ORIENTED_EDGE('',*,*,#3214,.F.);
#3657 = ORIENTED_EDGE('',*,*,#2614,.F.);
#3658 = ORIENTED_EDGE('',*,*,#3659,.F.);
#3659 = EDGE_CURVE('',#3201,#2607,#3660,.T.);
#3660 = LINE('',#3661,#3662);
#3661 = CARTESIAN_POINT('',(-27.0816745758,4.394018173218,
    -2.099999904633));
#3662 = VECTOR('',#3663,1.);
#3663 = DIRECTION('',(-0.535765376223,0.174080784208,0.826227173488));
#3664 = PLANE('',#3665);
#3665 = AXIS2_PLACEMENT_3D('',#3666,#3667,#3668);
#3666 = CARTESIAN_POINT('',(-27.76656121732,4.571963145923,
    -1.067274417819));
#3667 = DIRECTION('',(-0.771684620006,0.296223084896,-0.562809675841));
#3668 = DIRECTION('',(0.589256213579,0.,-0.807946232591));
#3669 = ADVANCED_FACE('',(#3670),#3687,.T.);
#3670 = FACE_BOUND('',#3671,.T.);
#3671 = EDGE_LOOP('',(#3672,#3680,#3681));
#3672 = ORIENTED_EDGE('',*,*,#3673,.F.);
#3673 = EDGE_CURVE('',#3201,#3674,#3676,.T.);
#3674 = VERTEX_POINT('',#3675);
#3675 = CARTESIAN_POINT('',(-27.00224876403,4.690440654755,
    -2.099999904633));
#3676 = LINE('',#3677,#3678);
#3677 = CARTESIAN_POINT('',(-27.0816745758,4.394018173218,
    -2.099999904633));
#3678 = VECTOR('',#3679,1.);
#3679 = DIRECTION('',(0.25881797254,0.965926113681,0.));
#3680 = ORIENTED_EDGE('',*,*,#3659,.T.);
#3681 = ORIENTED_EDGE('',*,*,#3682,.T.);
#3682 = EDGE_CURVE('',#2607,#3674,#3683,.T.);
#3683 = LINE('',#3684,#3685);
#3684 = CARTESIAN_POINT('',(-28.37857055664,4.815405368805,
    -0.10000000149));
#3685 = VECTOR('',#3686,1.);
#3686 = DIRECTION('',(0.566149004764,-5.14041475405E-02,-0.822698558417)
  );
#3687 = PLANE('',#3688);
#3688 = AXIS2_PLACEMENT_3D('',#3689,#3690,#3691);
#3689 = CARTESIAN_POINT('',(-27.67046907782,4.670840994359,
    -1.159489411742));
#3690 = DIRECTION('',(-0.798421502007,0.213935446464,-0.56280967465));
#3691 = DIRECTION('',(0.576148786471,-1.387778780781E-17,-0.817344832887
    ));
#3692 = ADVANCED_FACE('',(#3693),#3703,.T.);
#3693 = FACE_BOUND('',#3694,.T.);
#3694 = EDGE_LOOP('',(#3695,#3696,#3697));
#3695 = ORIENTED_EDGE('',*,*,#3682,.F.);
#3696 = ORIENTED_EDGE('',*,*,#2606,.F.);
#3697 = ORIENTED_EDGE('',*,*,#3698,.F.);
#3698 = EDGE_CURVE('',#3674,#2599,#3699,.T.);
#3699 = LINE('',#3700,#3701);
#3700 = CARTESIAN_POINT('',(-27.00224876403,4.690440654755,
    -2.099999904633));
#3701 = VECTOR('',#3702,1.);
#3702 = DIRECTION('',(-0.551026545078,0.117124314174,0.826227354697));
#3703 = PLANE('',#3704);
#3704 = AXIS2_PLACEMENT_3D('',#3705,#3706,#3707);
#3705 = CARTESIAN_POINT('',(-27.70198334837,4.795820689447,
    -1.067274538071));
#3706 = DIRECTION('',(-0.79842069894,0.213939269044,-0.562809360854));
#3707 = DIRECTION('',(0.576148959008,1.387778780781E-17,-0.817344711265)
  );
#3708 = ADVANCED_FACE('',(#3709),#3726,.T.);
#3709 = FACE_BOUND('',#3710,.T.);
#3710 = EDGE_LOOP('',(#3711,#3719,#3720));
#3711 = ORIENTED_EDGE('',*,*,#3712,.F.);
#3712 = EDGE_CURVE('',#3674,#3713,#3715,.T.);
#3713 = VERTEX_POINT('',#3714);
#3714 = CARTESIAN_POINT('',(-26.95424270629,4.993541717529,
    -2.099999904633));
#3715 = LINE('',#3716,#3717);
#3716 = CARTESIAN_POINT('',(-27.00224876403,4.690440654755,
    -2.099999904633));
#3717 = VECTOR('',#3718,1.);
#3718 = DIRECTION('',(0.156433083981,0.987688559332,0.));
#3719 = ORIENTED_EDGE('',*,*,#3698,.T.);
#3720 = ORIENTED_EDGE('',*,*,#3721,.T.);
#3721 = EDGE_CURVE('',#2599,#3713,#3722,.T.);
#3722 = LINE('',#3723,#3724);
#3723 = CARTESIAN_POINT('',(-28.33608627319,4.97395658493,-0.10000000149
    ));
#3724 = VECTOR('',#3725,1.);
#3725 = DIRECTION('',(0.568420509504,8.056332364439E-03,-0.822698741876)
  );
#3726 = PLANE('',#3727);
#3727 = AXIS2_PLACEMENT_3D('',#3728,#3729,#3730);
#3728 = CARTESIAN_POINT('',(-27.61675322189,4.904201116181,
    -1.159489450465));
#3729 = DIRECTION('',(-0.816410227538,0.129305506762,-0.562809404943));
#3730 = DIRECTION('',(0.56757430286,6.938893903907E-18,-0.823322179182)
  );
#3731 = ADVANCED_FACE('',(#3732),#3742,.T.);
#3732 = FACE_BOUND('',#3733,.T.);
#3733 = EDGE_LOOP('',(#3734,#3735,#3736));
#3734 = ORIENTED_EDGE('',*,*,#3721,.F.);
#3735 = ORIENTED_EDGE('',*,*,#2598,.F.);
#3736 = ORIENTED_EDGE('',*,*,#3737,.F.);
#3737 = EDGE_CURVE('',#3713,#2591,#3738,.T.);
#3738 = LINE('',#3739,#3740);
#3739 = CARTESIAN_POINT('',(-26.95424270629,4.993541717529,
    -2.099999904633));
#3740 = VECTOR('',#3741,1.);
#3741 = DIRECTION('',(-0.560251004072,5.888461657735E-02,0.826227217154)
  );
#3742 = PLANE('',#3743);
#3743 = AXIS2_PLACEMENT_3D('',#3744,#3745,#3746);
#3744 = CARTESIAN_POINT('',(-27.66115921973,5.025202104034,
    -1.067274549204));
#3745 = DIRECTION('',(-0.816410689989,0.129301004225,-0.562809768552));
#3746 = DIRECTION('',(0.567574333491,0.,-0.823322158066));
#3747 = ADVANCED_FACE('',(#3748),#3765,.T.);
#3748 = FACE_BOUND('',#3749,.T.);
#3749 = EDGE_LOOP('',(#3750,#3758,#3759));
#3750 = ORIENTED_EDGE('',*,*,#3751,.F.);
#3751 = EDGE_CURVE('',#3713,#3752,#3754,.T.);
#3752 = VERTEX_POINT('',#3753);
#3753 = CARTESIAN_POINT('',(-26.93818092346,5.300000190735,
    -2.099999904633));
#3754 = LINE('',#3755,#3756);
#3755 = CARTESIAN_POINT('',(-26.95424270629,4.993541717529,
    -2.099999904633));
#3756 = VECTOR('',#3757,1.);
#3757 = DIRECTION('',(5.233912408207E-02,0.99862936873,0.));
#3758 = ORIENTED_EDGE('',*,*,#3737,.T.);
#3759 = ORIENTED_EDGE('',*,*,#3760,.T.);
#3760 = EDGE_CURVE('',#2591,#3752,#3761,.T.);
#3761 = LINE('',#3762,#3763);
#3762 = CARTESIAN_POINT('',(-28.31040954589,5.136080265045,
    -0.10000000149));
#3763 = VECTOR('',#3764,1.);
#3764 = DIRECTION('',(0.564465125554,6.742832784734E-02,-0.822698330275)
  );
#3765 = PLANE('',#3766);
#3766 = AXIS2_PLACEMENT_3D('',#3767,#3768,#3769);
#3767 = CARTESIAN_POINT('',(-27.58772490217,5.141897811079,
    -1.159489414216));
#3768 = DIRECTION('',(-0.825453551837,4.326281323824E-02,-0.562809703852
    ));
#3769 = DIRECTION('',(0.563337141663,3.469446951954E-18,-0.826227126656)
  );
#3770 = ADVANCED_FACE('',(#3771),#3781,.T.);
#3771 = FACE_BOUND('',#3772,.T.);
#3772 = EDGE_LOOP('',(#3773,#3774,#3775));
#3773 = ORIENTED_EDGE('',*,*,#3760,.F.);
#3774 = ORIENTED_EDGE('',*,*,#2590,.F.);
#3775 = ORIENTED_EDGE('',*,*,#3776,.F.);
#3776 = EDGE_CURVE('',#3752,#2583,#3777,.T.);
#3777 = LINE('',#3778,#3779);
#3778 = CARTESIAN_POINT('',(-26.93818092346,5.300000190735,
    -2.099999904633));
#3779 = VECTOR('',#3780,1.);
#3780 = DIRECTION('',(-0.563337283362,0.,0.826227030043));
#3781 = PLANE('',#3782);
#3782 = AXIS2_PLACEMENT_3D('',#3783,#3784,#3785);
#3783 = CARTESIAN_POINT('',(-27.6445351477,5.257594292206,
    -1.067274466636));
#3784 = DIRECTION('',(-0.825453545851,4.326028269907E-02,-0.562809907148
    ));
#3785 = DIRECTION('',(0.563337283362,0.,-0.826227030043));
#3786 = ADVANCED_FACE('',(#3787),#3804,.T.);
#3787 = FACE_BOUND('',#3788,.T.);
#3788 = EDGE_LOOP('',(#3789,#3790,#3798));
#3789 = ORIENTED_EDGE('',*,*,#3776,.T.);
#3790 = ORIENTED_EDGE('',*,*,#3791,.T.);
#3791 = EDGE_CURVE('',#2583,#3792,#3794,.T.);
#3792 = VERTEX_POINT('',#3793);
#3793 = CARTESIAN_POINT('',(-26.95424270629,5.60645866394,
    -2.099999904633));
#3794 = LINE('',#3795,#3796);
#3795 = CARTESIAN_POINT('',(-28.30181884765,5.300000190735,
    -0.10000000149));
#3796 = VECTOR('',#3797,1.);
#3797 = DIRECTION('',(0.554324482699,0.126061473942,-0.822698530853));
#3798 = ORIENTED_EDGE('',*,*,#3799,.F.);
#3799 = EDGE_CURVE('',#3752,#3792,#3800,.T.);
#3800 = LINE('',#3801,#3802);
#3801 = CARTESIAN_POINT('',(-26.93818092346,5.300000190735,
    -2.099999904633));
#3802 = VECTOR('',#3803,1.);
#3803 = DIRECTION('',(-5.233912408207E-02,0.99862936873,0.));
#3804 = PLANE('',#3805);
#3805 = AXIS2_PLACEMENT_3D('',#3806,#3807,#3808);
#3806 = CARTESIAN_POINT('',(-27.5837012444,5.381326764521,
    -1.159489414729));
#3807 = DIRECTION('',(-0.825453455495,-4.326280818887E-02,
    -0.562809845542));
#3808 = DIRECTION('',(0.563337283362,-3.469446951954E-18,-0.826227030043
    ));
#3809 = ADVANCED_FACE('',(#3810),#3820,.T.);
#3810 = FACE_BOUND('',#3811,.T.);
#3811 = EDGE_LOOP('',(#3812,#3813,#3814));
#3812 = ORIENTED_EDGE('',*,*,#3791,.F.);
#3813 = ORIENTED_EDGE('',*,*,#2582,.F.);
#3814 = ORIENTED_EDGE('',*,*,#3815,.F.);
#3815 = EDGE_CURVE('',#3792,#2575,#3816,.T.);
#3816 = LINE('',#3817,#3818);
#3817 = CARTESIAN_POINT('',(-26.95424270629,5.60645866394,
    -2.099999904633));
#3818 = VECTOR('',#3819,1.);
#3819 = DIRECTION('',(-0.560250997573,-5.888481288224E-02,0.826227207571
    ));
#3820 = PLANE('',#3821);
#3821 = AXIS2_PLACEMENT_3D('',#3822,#3823,#3824);
#3822 = CARTESIAN_POINT('',(-27.65229427591,5.490451057085,
    -1.067274551205));
#3823 = DIRECTION('',(-0.825453712516,-4.326041727663E-02,
    -0.562809652361));
#3824 = DIRECTION('',(0.563337031623,0.,-0.826227201684));
#3825 = ADVANCED_FACE('',(#3826),#3843,.T.);
#3826 = FACE_BOUND('',#3827,.T.);
#3827 = EDGE_LOOP('',(#3828,#3829,#3837));
#3828 = ORIENTED_EDGE('',*,*,#3815,.T.);
#3829 = ORIENTED_EDGE('',*,*,#3830,.T.);
#3830 = EDGE_CURVE('',#2575,#3831,#3833,.T.);
#3831 = VERTEX_POINT('',#3832);
#3832 = CARTESIAN_POINT('',(-27.00224876403,5.909559249878,
    -2.099999904633));
#3833 = LINE('',#3834,#3835);
#3834 = CARTESIAN_POINT('',(-28.31040954589,5.463919639587,
    -0.10000000149));
#3835 = VECTOR('',#3836,1.);
#3836 = DIRECTION('',(0.53811095535,0.183313519072,-0.822698458403));
#3837 = ORIENTED_EDGE('',*,*,#3838,.F.);
#3838 = EDGE_CURVE('',#3792,#3831,#3839,.T.);
#3839 = LINE('',#3840,#3841);
#3840 = CARTESIAN_POINT('',(-26.95424270629,5.60645866394,
    -2.099999904633));
#3841 = VECTOR('',#3842,1.);
#3842 = DIRECTION('',(-0.156433324059,0.987688521308,0.));
#3843 = PLANE('',#3844);
#3844 = AXIS2_PLACEMENT_3D('',#3845,#3846,#3847);
#3845 = CARTESIAN_POINT('',(-27.60472698346,5.619864410902,
    -1.159489349967));
#3846 = DIRECTION('',(-0.816410014804,-0.129305676491,-0.562809674539));
#3847 = DIRECTION('',(0.567574587406,-6.938893903907E-18,-0.823321983024
    ));
#3848 = ADVANCED_FACE('',(#3849),#3859,.T.);
#3849 = FACE_BOUND('',#3850,.T.);
#3850 = EDGE_LOOP('',(#3851,#3852,#3853));
#3851 = ORIENTED_EDGE('',*,*,#3830,.F.);
#3852 = ORIENTED_EDGE('',*,*,#2574,.F.);
#3853 = ORIENTED_EDGE('',*,*,#3854,.F.);
#3854 = EDGE_CURVE('',#3831,#2567,#3855,.T.);
#3855 = LINE('',#3856,#3857);
#3856 = CARTESIAN_POINT('',(-27.00224876403,5.909559249878,
    -2.099999904633));
#3857 = VECTOR('',#3858,1.);
#3858 = DIRECTION('',(-0.551026545078,-0.117124314174,0.826227354697));
#3859 = PLANE('',#3860);
#3860 = AXIS2_PLACEMENT_3D('',#3861,#3862,#3863);
#3861 = CARTESIAN_POINT('',(-27.68435016299,5.721220985275,
    -1.06727455204));
#3862 = DIRECTION('',(-0.816411008624,-0.12930105469,-0.562809294747));
#3863 = DIRECTION('',(0.567573859441,0.,-0.823322484862));
#3864 = ADVANCED_FACE('',(#3865),#3882,.T.);
#3865 = FACE_BOUND('',#3866,.T.);
#3866 = EDGE_LOOP('',(#3867,#3868,#3876));
#3867 = ORIENTED_EDGE('',*,*,#3854,.T.);
#3868 = ORIENTED_EDGE('',*,*,#3869,.T.);
#3869 = EDGE_CURVE('',#2567,#3870,#3872,.T.);
#3870 = VERTEX_POINT('',#3871);
#3871 = CARTESIAN_POINT('',(-27.0816745758,6.205981731415,
    -2.099999904633));
#3872 = LINE('',#3873,#3874);
#3873 = CARTESIAN_POINT('',(-28.33608627319,5.626043319702,
    -0.10000000149));
#3874 = VECTOR('',#3875,1.);
#3875 = DIRECTION('',(0.516001398237,0.238557271076,-0.822698599387));
#3876 = ORIENTED_EDGE('',*,*,#3877,.F.);
#3877 = EDGE_CURVE('',#3831,#3870,#3878,.T.);
#3878 = LINE('',#3879,#3880);
#3879 = CARTESIAN_POINT('',(-27.00224876403,5.909559249878,
    -2.099999904633));
#3880 = VECTOR('',#3881,1.);
#3881 = DIRECTION('',(-0.25881797254,0.965926113681,0.));
#3882 = PLANE('',#3883);
#3883 = AXIS2_PLACEMENT_3D('',#3884,#3885,#3886);
#3884 = CARTESIAN_POINT('',(-27.65057054431,5.854897669369,
    -1.159489419261));
#3885 = DIRECTION('',(-0.798421645845,-0.213935485005,-0.562809455945));
#3886 = DIRECTION('',(0.576148567562,-1.387778780781E-17,-0.817344987197
    ));
#3887 = ADVANCED_FACE('',(#3888),#3898,.T.);
#3888 = FACE_BOUND('',#3889,.T.);
#3889 = EDGE_LOOP('',(#3890,#3891,#3892));
#3890 = ORIENTED_EDGE('',*,*,#3869,.F.);
#3891 = ORIENTED_EDGE('',*,*,#2566,.F.);
#3892 = ORIENTED_EDGE('',*,*,#3893,.F.);
#3893 = EDGE_CURVE('',#3870,#2559,#3894,.T.);
#3894 = LINE('',#3895,#3896);
#3895 = CARTESIAN_POINT('',(-27.0816745758,6.205981731415,
    -2.099999904633));
#3896 = VECTOR('',#3897,1.);
#3897 = DIRECTION('',(-0.535765394595,-0.174080593189,0.826227201821));
#3898 = PLANE('',#3899);
#3899 = AXIS2_PLACEMENT_3D('',#3900,#3901,#3902);
#3900 = CARTESIAN_POINT('',(-27.74035271764,5.94737618468,
    -1.067274451381));
#3901 = DIRECTION('',(-0.798420623765,-0.213938605488,-0.562809719735));
#3902 = DIRECTION('',(0.576149240682,0.,-0.817344512713));
#3903 = ADVANCED_FACE('',(#3904),#3921,.T.);
#3904 = FACE_BOUND('',#3905,.T.);
#3905 = EDGE_LOOP('',(#3906,#3907,#3915));
#3906 = ORIENTED_EDGE('',*,*,#3893,.T.);
#3907 = ORIENTED_EDGE('',*,*,#3908,.T.);
#3908 = EDGE_CURVE('',#2559,#3909,#3911,.T.);
#3909 = VERTEX_POINT('',#3910);
#3910 = CARTESIAN_POINT('',(-27.19165039062,6.492477893829,
    -2.099999904633));
#3911 = LINE('',#3912,#3913);
#3912 = CARTESIAN_POINT('',(-28.37857055664,5.784595012665,
    -0.10000000149));
#3913 = VECTOR('',#3914,1.);
#3914 = DIRECTION('',(0.488238786782,0.291187132024,-0.822698572519));
#3915 = ORIENTED_EDGE('',*,*,#3916,.F.);
#3916 = EDGE_CURVE('',#3870,#3909,#3917,.T.);
#3917 = LINE('',#3918,#3919);
#3918 = CARTESIAN_POINT('',(-27.0816745758,6.205981731415,
    -2.099999904633));
#3919 = VECTOR('',#3920,1.);
#3920 = DIRECTION('',(-0.358368636549,0.933580162781,0.));
#3921 = PLANE('',#3922);
#3922 = AXIS2_PLACEMENT_3D('',#3923,#3924,#3925);
#3923 = CARTESIAN_POINT('',(-27.72073163647,6.083851476042,
    -1.159489408364));
#3924 = DIRECTION('',(-0.771684798354,-0.296222692016,-0.562809638088));
#3925 = DIRECTION('',(0.589256098878,0.,-0.807946316246));
#3926 = ADVANCED_FACE('',(#3927),#3937,.T.);
#3927 = FACE_BOUND('',#3928,.T.);
#3928 = EDGE_LOOP('',(#3929,#3930,#3931));
#3929 = ORIENTED_EDGE('',*,*,#3908,.F.);
#3930 = ORIENTED_EDGE('',*,*,#2558,.F.);
#3931 = ORIENTED_EDGE('',*,*,#3932,.F.);
#3932 = EDGE_CURVE('',#3909,#2551,#3933,.T.);
#3933 = LINE('',#3934,#3935);
#3934 = CARTESIAN_POINT('',(-27.19165039062,6.492477893829,
    -2.099999904633));
#3935 = VECTOR('',#3936,1.);
#3936 = DIRECTION('',(-0.514634092624,-0.229129650873,0.826227180502));
#3937 = PLANE('',#3938);
#3938 = AXIS2_PLACEMENT_3D('',#3939,#3940,#3941);
#3939 = CARTESIAN_POINT('',(-27.81968868347,6.166438516738,
    -1.067274500842));
#3940 = DIRECTION('',(-0.771684269583,-0.296223872126,-0.562809741974));
#3941 = DIRECTION('',(0.589256433449,0.,-0.807946072234));
#3942 = ADVANCED_FACE('',(#3943),#3960,.T.);
#3943 = FACE_BOUND('',#3944,.T.);
#3944 = EDGE_LOOP('',(#3945,#3946,#3954));
#3945 = ORIENTED_EDGE('',*,*,#3932,.T.);
#3946 = ORIENTED_EDGE('',*,*,#3947,.T.);
#3947 = EDGE_CURVE('',#2551,#3948,#3950,.T.);
#3948 = VERTEX_POINT('',#3949);
#3949 = CARTESIAN_POINT('',(-27.33097076416,6.765909194946,
    -2.099999904633));
#3950 = LINE('',#3951,#3952);
#3951 = CARTESIAN_POINT('',(-28.43739509582,5.937837123871,
    -0.10000000149));
#3952 = VECTOR('',#3953,1.);
#3953 = DIRECTION('',(0.455126861817,0.340626857419,-0.822698537532));
#3954 = ORIENTED_EDGE('',*,*,#3955,.F.);
#3955 = EDGE_CURVE('',#3909,#3948,#3956,.T.);
#3956 = LINE('',#3957,#3958);
#3957 = CARTESIAN_POINT('',(-27.19165039062,6.492477893829,
    -2.099999904633));
#3958 = VECTOR('',#3959,1.);
#3959 = DIRECTION('',(-0.453990931579,0.891006304155,0.));
#3960 = PLANE('',#3961);
#3961 = AXIS2_PLACEMENT_3D('',#3962,#3963,#3964);
#3962 = CARTESIAN_POINT('',(-27.81444060389,6.30421713542,
    -1.159489439719));
#3963 = DIRECTION('',(-0.736493799083,-0.375262783651,-0.562809672197));
#3964 = DIRECTION('',(0.607183579405,0.,-0.794561577791));
#3965 = ADVANCED_FACE('',(#3966),#3976,.T.);
#3966 = FACE_BOUND('',#3967,.T.);
#3967 = EDGE_LOOP('',(#3968,#3969,#3970));
#3968 = ORIENTED_EDGE('',*,*,#3947,.F.);
#3969 = ORIENTED_EDGE('',*,*,#2550,.F.);
#3970 = ORIENTED_EDGE('',*,*,#3971,.F.);
#3971 = EDGE_CURVE('',#3948,#2543,#3972,.T.);
#3972 = LINE('',#3973,#3974);
#3973 = CARTESIAN_POINT('',(-27.33097076416,6.765909194946,
    -2.099999904633));
#3974 = VECTOR('',#3975,1.);
#3975 = DIRECTION('',(-0.487864223528,-0.28166849672,0.826227182654));
#3976 = PLANE('',#3977);
#3977 = AXIS2_PLACEMENT_3D('',#3978,#3979,#3980);
#3978 = CARTESIAN_POINT('',(-27.92148815187,6.376007933838,-1.0672745677
    ));
#3979 = DIRECTION('',(-0.736493578571,-0.37526316351,-0.562809707482));
#3980 = DIRECTION('',(0.60718371821,-2.775557561563E-17,-0.794561471719)
  );
#3981 = ADVANCED_FACE('',(#3982),#3999,.T.);
#3982 = FACE_BOUND('',#3983,.T.);
#3983 = EDGE_LOOP('',(#3984,#3985,#3993));
#3984 = ORIENTED_EDGE('',*,*,#3971,.T.);
#3985 = ORIENTED_EDGE('',*,*,#3986,.T.);
#3986 = EDGE_CURVE('',#2543,#3987,#3989,.T.);
#3987 = VERTEX_POINT('',#3988);
#3988 = CARTESIAN_POINT('',(-27.4981098175,7.023279666901,
    -2.099999904633));
#3989 = LINE('',#3990,#3991);
#3990 = CARTESIAN_POINT('',(-28.5119152069,6.084090709686,-0.10000000149
    ));
#3991 = VECTOR('',#3992,1.);
#3992 = DIRECTION('',(0.417028157259,0.386334738637,-0.822698599595));
#3993 = ORIENTED_EDGE('',*,*,#3994,.F.);
#3994 = EDGE_CURVE('',#3948,#3987,#3995,.T.);
#3995 = LINE('',#3996,#3997);
#3996 = CARTESIAN_POINT('',(-27.33097076416,6.765909194946,
    -2.099999904633));
#3997 = VECTOR('',#3998,1.);
#3998 = DIRECTION('',(-0.544640672862,0.838669504313,0.));
#3999 = PLANE('',#4000);
#4000 = AXIS2_PLACEMENT_3D('',#4001,#4002,#4003);
#4001 = CARTESIAN_POINT('',(-27.93067067858,6.513580316754,
    -1.159489495399));
#4002 = DIRECTION('',(-0.69323292147,-0.450192647828,-0.562809644935));
#4003 = DIRECTION('',(0.630294344559,2.775557561563E-17,-0.776356257923)
  );
#4004 = ADVANCED_FACE('',(#4005),#4015,.T.);
#4005 = FACE_BOUND('',#4006,.T.);
#4006 = EDGE_LOOP('',(#4007,#4008,#4009));
#4007 = ORIENTED_EDGE('',*,*,#3986,.F.);
#4008 = ORIENTED_EDGE('',*,*,#2542,.F.);
#4009 = ORIENTED_EDGE('',*,*,#4010,.F.);
#4010 = EDGE_CURVE('',#3987,#2535,#4011,.T.);
#4011 = LINE('',#4012,#4013);
#4012 = CARTESIAN_POINT('',(-27.4981098175,7.023279666901,
    -2.099999904633));
#4013 = VECTOR('',#4014,1.);
#4014 = DIRECTION('',(-0.455748977463,-0.331121196577,0.826227343241));
#4015 = PLANE('',#4016);
#4016 = AXIS2_PLACEMENT_3D('',#4017,#4018,#4019);
#4017 = CARTESIAN_POINT('',(-28.04463610521,6.573788375938,
    -1.067274513401));
#4018 = DIRECTION('',(-0.693234614065,-0.45019032973,-0.56280941435));
#4019 = DIRECTION('',(0.630293261361,0.,-0.77635713733));
#4020 = ADVANCED_FACE('',(#4021),#4038,.T.);
#4021 = FACE_BOUND('',#4022,.T.);
#4022 = EDGE_LOOP('',(#4023,#4024,#4032));
#4023 = ORIENTED_EDGE('',*,*,#4010,.T.);
#4024 = ORIENTED_EDGE('',*,*,#4025,.T.);
#4025 = EDGE_CURVE('',#2535,#4026,#4028,.T.);
#4026 = VERTEX_POINT('',#4027);
#4027 = CARTESIAN_POINT('',(-27.69123458862,7.261769294739,
    -2.099999904633));
#4028 = LINE('',#4029,#4030);
#4029 = CARTESIAN_POINT('',(-28.60131454467,6.221754074097,
    -0.10000000149));
#4030 = VECTOR('',#4031,1.);
#4031 = DIRECTION('',(0.374360773326,0.42780955638,-0.822698605119));
#4032 = ORIENTED_EDGE('',*,*,#4033,.F.);
#4033 = EDGE_CURVE('',#3987,#4026,#4034,.T.);
#4034 = LINE('',#4035,#4036);
#4035 = CARTESIAN_POINT('',(-27.4981098175,7.023279666901,
    -2.099999904633));
#4036 = VECTOR('',#4037,1.);
#4037 = DIRECTION('',(-0.629319758145,0.777146473973,0.));
#4038 = PLANE('',#4039);
#4039 = AXIS2_PLACEMENT_3D('',#4040,#4041,#4042);
#4040 = CARTESIAN_POINT('',(-28.06814828092,6.709647314958,
    -1.159489339657));
#4041 = DIRECTION('',(-0.642378904454,-0.520187313882,-0.562809471836));
#4042 = DIRECTION('',(0.658987205406,-2.775557561563E-17,-0.752154148504
    ));
#4043 = ADVANCED_FACE('',(#4044),#4054,.T.);
#4044 = FACE_BOUND('',#4045,.T.);
#4045 = EDGE_LOOP('',(#4046,#4047,#4048));
#4046 = ORIENTED_EDGE('',*,*,#4025,.F.);
#4047 = ORIENTED_EDGE('',*,*,#2534,.F.);
#4048 = ORIENTED_EDGE('',*,*,#4049,.F.);
#4049 = EDGE_CURVE('',#4026,#2527,#4050,.T.);
#4050 = LINE('',#4051,#4052);
#4051 = CARTESIAN_POINT('',(-27.69123458862,7.261769294739,
    -2.099999904633));
#4052 = VECTOR('',#4053,1.);
#4053 = DIRECTION('',(-0.418641115663,-0.376945862151,0.826227228602));
#4054 = PLANE('',#4055);
#4055 = AXIS2_PLACEMENT_3D('',#4056,#4057,#4058);
#4056 = CARTESIAN_POINT('',(-28.18778269522,6.757612909981,
    -1.067274427423));
#4057 = DIRECTION('',(-0.642377253669,-0.52018913856,-0.562809669509));
#4058 = DIRECTION('',(0.658988294402,2.775557561563E-17,-0.752153194397)
  );
#4059 = ADVANCED_FACE('',(#4060),#4077,.T.);
#4060 = FACE_BOUND('',#4061,.T.);
#4061 = EDGE_LOOP('',(#4062,#4063,#4071));
#4062 = ORIENTED_EDGE('',*,*,#4049,.T.);
#4063 = ORIENTED_EDGE('',*,*,#4064,.T.);
#4064 = EDGE_CURVE('',#2527,#4065,#4067,.T.);
#4065 = VERTEX_POINT('',#4066);
#4066 = CARTESIAN_POINT('',(-27.90822982788,7.478765487671,
    -2.099999904633));
#4067 = LINE('',#4068,#4069);
#4068 = CARTESIAN_POINT('',(-28.70461463928,6.349318504333,
    -0.10000000149));
#4069 = VECTOR('',#4070,1.);
#4070 = DIRECTION('',(0.327592295221,0.464597169992,-0.82269846101));
#4071 = ORIENTED_EDGE('',*,*,#4072,.F.);
#4072 = EDGE_CURVE('',#4026,#4065,#4073,.T.);
#4073 = LINE('',#4074,#4075);
#4074 = CARTESIAN_POINT('',(-27.69123458862,7.261769294739,
    -2.099999904633));
#4075 = VECTOR('',#4076,1.);
#4076 = DIRECTION('',(-0.707105227353,0.707108335016,0.));
#4077 = PLANE('',#4078);
#4078 = AXIS2_PLACEMENT_3D('',#4079,#4080,#4081);
#4079 = CARTESIAN_POINT('',(-28.22536719094,6.890269914947,
    -1.159489271997));
#4080 = DIRECTION('',(-0.584486225352,-0.584483656599,-0.562809654806));
#4081 = DIRECTION('',(0.707105227353,-0.707108335016,-2.775557561563E-17
    ));
#4082 = ADVANCED_FACE('',(#4083),#4093,.T.);
#4083 = FACE_BOUND('',#4084,.T.);
#4084 = EDGE_LOOP('',(#4085,#4086,#4087));
#4085 = ORIENTED_EDGE('',*,*,#4064,.F.);
#4086 = ORIENTED_EDGE('',*,*,#2526,.F.);
#4087 = ORIENTED_EDGE('',*,*,#4088,.F.);
#4088 = EDGE_CURVE('',#4065,#2519,#4089,.T.);
#4089 = LINE('',#4090,#4091);
#4090 = CARTESIAN_POINT('',(-27.90822982788,7.478765487671,
    -2.099999904633));
#4091 = VECTOR('',#4092,1.);
#4092 = DIRECTION('',(-0.376945924323,-0.418640790735,0.826227364876));
#4093 = PLANE('',#4094);
#4094 = AXIS2_PLACEMENT_3D('',#4095,#4096,#4097);
#4095 = CARTESIAN_POINT('',(-28.34935916567,6.92546778778,
    -1.067274737571));
#4096 = DIRECTION('',(-0.584489936162,-0.584480331214,-0.562809254499));
#4097 = DIRECTION('',(0.707100971157,-0.707112591169,2.775557561563E-17)
  );
#4098 = ADVANCED_FACE('',(#4099),#4123,.T.);
#4099 = FACE_BOUND('',#4100,.T.);
#4100 = EDGE_LOOP('',(#4101,#4111,#4117));
#4101 = ORIENTED_EDGE('',*,*,#4102,.F.);
#4102 = EDGE_CURVE('',#4103,#4105,#4107,.T.);
#4103 = VERTEX_POINT('',#4104);
#4104 = CARTESIAN_POINT('',(-29.56354141235,8.215757369995,
    -2.099999904633));
#4105 = VERTEX_POINT('',#4106);
#4106 = CARTESIAN_POINT('',(-29.87000083923,8.231818199158,
    -2.099999904633));
#4107 = LINE('',#4108,#4109);
#4108 = CARTESIAN_POINT('',(-29.56354141235,8.215757369995,
    -2.099999904633));
#4109 = VECTOR('',#4110,1.);
#4110 = DIRECTION('',(-0.998629539666,5.233586252053E-02,0.));
#4111 = ORIENTED_EDGE('',*,*,#4112,.T.);
#4112 = EDGE_CURVE('',#4103,#2471,#4113,.T.);
#4113 = LINE('',#4114,#4115);
#4114 = CARTESIAN_POINT('',(-29.56354141235,8.215757369995,
    -2.099999904633));
#4115 = VECTOR('',#4116,1.);
#4116 = DIRECTION('',(-5.888442677109E-02,-0.560250875414,0.826227317923
    ));
#4117 = ORIENTED_EDGE('',*,*,#4118,.T.);
#4118 = EDGE_CURVE('',#2471,#4105,#4119,.T.);
#4119 = LINE('',#4120,#4121);
#4120 = CARTESIAN_POINT('',(-29.70607948303,6.859591007233,
    -0.10000000149));
#4121 = VECTOR('',#4122,1.);
#4122 = DIRECTION('',(-6.742893600841E-02,0.564464702206,-0.822698570895
    ));
#4123 = PLANE('',#4124);
#4124 = AXIS2_PLACEMENT_3D('',#4125,#4126,#4127);
#4125 = CARTESIAN_POINT('',(-29.71189752951,7.582275265092,
    -1.159489590356));
#4126 = DIRECTION('',(-4.326012466362E-02,-0.825453834105,
    -0.562809496523));
#4127 = DIRECTION('',(-3.469446951954E-18,0.563336868494,-0.826227312908
    ));
#4128 = ADVANCED_FACE('',(#4129),#4139,.T.);
#4129 = FACE_BOUND('',#4130,.T.);
#4130 = EDGE_LOOP('',(#4131,#4132,#4133));
#4131 = ORIENTED_EDGE('',*,*,#4118,.F.);
#4132 = ORIENTED_EDGE('',*,*,#2470,.F.);
#4133 = ORIENTED_EDGE('',*,*,#4134,.F.);
#4134 = EDGE_CURVE('',#4105,#2463,#4135,.T.);
#4135 = LINE('',#4136,#4137);
#4136 = CARTESIAN_POINT('',(-29.87000083923,8.231818199158,
    -2.099999904633));
#4137 = VECTOR('',#4138,1.);
#4138 = DIRECTION('',(0.,-0.56333687994,0.826227305104));
#4139 = PLANE('',#4140);
#4140 = AXIS2_PLACEMENT_3D('',#4141,#4142,#4143);
#4141 = CARTESIAN_POINT('',(-29.82759455816,7.525464518345,
    -1.06727418125));
#4142 = DIRECTION('',(-4.325992025584E-02,-0.825453833621,
    -0.562809512944));
#4143 = DIRECTION('',(3.469446951954E-18,0.56333687994,-0.826227305104)
  );
#4144 = ADVANCED_FACE('',(#4145),#4155,.T.);
#4145 = FACE_BOUND('',#4146,.T.);
#4146 = EDGE_LOOP('',(#4147,#4148,#4149));
#4147 = ORIENTED_EDGE('',*,*,#2478,.F.);
#4148 = ORIENTED_EDGE('',*,*,#4112,.F.);
#4149 = ORIENTED_EDGE('',*,*,#4150,.F.);
#4150 = EDGE_CURVE('',#2479,#4103,#4151,.T.);
#4151 = LINE('',#4152,#4153);
#4152 = CARTESIAN_POINT('',(-29.54395675659,6.833913326263,
    -0.10000000149));
#4153 = VECTOR('',#4154,1.);
#4154 = DIRECTION('',(-8.056135332286E-03,0.568420643174,-0.82269865145)
  );
#4155 = PLANE('',#4156);
#4156 = AXIS2_PLACEMENT_3D('',#4157,#4158,#4159);
#4157 = CARTESIAN_POINT('',(-29.5952017901,7.508840959865,
    -1.067274701899));
#4158 = DIRECTION('',(-0.129306461842,-0.816410024152,-0.562809480543));
#4159 = DIRECTION('',(0.,0.567574450386,-0.823322077482));
#4160 = ADVANCED_FACE('',(#4161),#4178,.T.);
#4161 = FACE_BOUND('',#4162,.T.);
#4162 = EDGE_LOOP('',(#4163,#4171,#4177));
#4163 = ORIENTED_EDGE('',*,*,#4164,.F.);
#4164 = EDGE_CURVE('',#4165,#4103,#4167,.T.);
#4165 = VERTEX_POINT('',#4166);
#4166 = CARTESIAN_POINT('',(-29.26044082641,8.167751312256,
    -2.099999904633));
#4167 = LINE('',#4168,#4169);
#4168 = CARTESIAN_POINT('',(-29.26044082641,8.167751312256,
    -2.099999904633));
#4169 = VECTOR('',#4170,1.);
#4170 = DIRECTION('',(-0.987688521308,0.156433324059,0.));
#4171 = ORIENTED_EDGE('',*,*,#4172,.T.);
#4172 = EDGE_CURVE('',#4165,#2479,#4173,.T.);
#4173 = LINE('',#4174,#4175);
#4174 = CARTESIAN_POINT('',(-29.26044082641,8.167751312256,
    -2.099999904633));
#4175 = VECTOR('',#4176,1.);
#4176 = DIRECTION('',(-0.117124301461,-0.551026682254,0.826227265013));
#4177 = ORIENTED_EDGE('',*,*,#4150,.T.);
#4178 = PLANE('',#4179);
#4179 = AXIS2_PLACEMENT_3D('',#4180,#4181,#4182);
#4180 = CARTESIAN_POINT('',(-29.47420116743,7.553246567727,
    -1.159489358486));
#4181 = DIRECTION('',(-0.12930569052,-0.816410103376,-0.562809542834));
#4182 = DIRECTION('',(6.938893903907E-18,0.567574455633,-0.823322073865)
  );
#4183 = ADVANCED_FACE('',(#4184),#4194,.T.);
#4184 = FACE_BOUND('',#4185,.T.);
#4185 = EDGE_LOOP('',(#4186,#4187,#4188));
#4186 = ORIENTED_EDGE('',*,*,#2486,.F.);
#4187 = ORIENTED_EDGE('',*,*,#4172,.F.);
#4188 = ORIENTED_EDGE('',*,*,#4189,.F.);
#4189 = EDGE_CURVE('',#2487,#4165,#4190,.T.);
#4190 = LINE('',#4191,#4192);
#4191 = CARTESIAN_POINT('',(-29.38540458679,6.791429519653,
    -0.10000000149));
#4192 = VECTOR('',#4193,1.);
#4193 = DIRECTION('',(5.140375628382E-02,0.56614901618,-0.822698575007)
  );
#4194 = PLANE('',#4195);
#4195 = AXIS2_PLACEMENT_3D('',#4196,#4197,#4198);
#4196 = CARTESIAN_POINT('',(-29.36582063244,7.468016502429,
    -1.067274385621));
#4197 = DIRECTION('',(-0.21393578984,-0.79842147829,-0.562809577771));
#4198 = DIRECTION('',(0.,0.576148731651,-0.817344871531));
#4199 = ADVANCED_FACE('',(#4200),#4224,.T.);
#4200 = FACE_BOUND('',#4201,.T.);
#4201 = EDGE_LOOP('',(#4202,#4212,#4218));
#4202 = ORIENTED_EDGE('',*,*,#4203,.F.);
#4203 = EDGE_CURVE('',#4204,#4206,#4208,.T.);
#4204 = VERTEX_POINT('',#4205);
#4205 = CARTESIAN_POINT('',(-28.6775226593,7.978349208832,
    -2.099999904633));
#4206 = VERTEX_POINT('',#4207);
#4207 = CARTESIAN_POINT('',(-28.96401786804,8.088324546814,
    -2.099999904633));
#4208 = LINE('',#4209,#4210);
#4209 = CARTESIAN_POINT('',(-28.6775226593,7.978349208832,
    -2.099999904633));
#4210 = VECTOR('',#4211,1.);
#4211 = DIRECTION('',(-0.933580283529,0.358368321991,0.));
#4212 = ORIENTED_EDGE('',*,*,#4213,.T.);
#4213 = EDGE_CURVE('',#4204,#2495,#4214,.T.);
#4214 = LINE('',#4215,#4216);
#4215 = CARTESIAN_POINT('',(-28.6775226593,7.978349208832,
    -2.099999904633));
#4216 = VECTOR('',#4217,1.);
#4217 = DIRECTION('',(-0.229129324038,-0.514633849449,0.826227422607));
#4218 = ORIENTED_EDGE('',*,*,#4219,.T.);
#4219 = EDGE_CURVE('',#2495,#4206,#4220,.T.);
#4220 = LINE('',#4221,#4222);
#4221 = CARTESIAN_POINT('',(-29.23216247558,6.732605457306,
    -0.10000000149));
#4222 = VECTOR('',#4223,1.);
#4223 = DIRECTION('',(0.110301115755,0.55767419525,-0.822698702937));
#4224 = PLANE('',#4225);
#4225 = AXIS2_PLACEMENT_3D('',#4226,#4227,#4228);
#4226 = CARTESIAN_POINT('',(-29.01437381453,7.421716290122,
    -1.159489226786));
#4227 = DIRECTION('',(-0.296222500891,-0.771685077612,-0.562809355783));
#4228 = DIRECTION('',(-2.775557561563E-17,0.589255766737,-0.807946558485
    ));
#4229 = ADVANCED_FACE('',(#4230),#4240,.T.);
#4230 = FACE_BOUND('',#4231,.T.);
#4231 = EDGE_LOOP('',(#4232,#4233,#4234));
#4232 = ORIENTED_EDGE('',*,*,#4219,.F.);
#4233 = ORIENTED_EDGE('',*,*,#2494,.F.);
#4234 = ORIENTED_EDGE('',*,*,#4235,.F.);
#4235 = EDGE_CURVE('',#4206,#2487,#4236,.T.);
#4236 = LINE('',#4237,#4238);
#4237 = CARTESIAN_POINT('',(-28.96401786804,8.088324546814,
    -2.099999904633));
#4238 = VECTOR('',#4239,1.);
#4239 = DIRECTION('',(-0.174080629934,-0.535765113708,0.82622737622));
#4240 = PLANE('',#4241);
#4241 = AXIS2_PLACEMENT_3D('',#4242,#4243,#4244);
#4242 = CARTESIAN_POINT('',(-29.14196270049,7.403438594439,
    -1.067274527541));
#4243 = DIRECTION('',(-0.296221860331,-0.771685284067,-0.56280940985));
#4244 = DIRECTION('',(-2.775557561563E-17,0.58925570078,-0.807946606589)
  );
#4245 = ADVANCED_FACE('',(#4246),#4256,.T.);
#4246 = FACE_BOUND('',#4247,.T.);
#4247 = EDGE_LOOP('',(#4248,#4254,#4255));
#4248 = ORIENTED_EDGE('',*,*,#4249,.F.);
#4249 = EDGE_CURVE('',#4206,#4165,#4250,.T.);
#4250 = LINE('',#4251,#4252);
#4251 = CARTESIAN_POINT('',(-28.96401786804,8.088324546814,
    -2.099999904633));
#4252 = VECTOR('',#4253,1.);
#4253 = DIRECTION('',(-0.965925440854,0.258820483561,0.));
#4254 = ORIENTED_EDGE('',*,*,#4235,.T.);
#4255 = ORIENTED_EDGE('',*,*,#4189,.T.);
#4256 = PLANE('',#4257);
#4257 = AXIS2_PLACEMENT_3D('',#4258,#4259,#4260);
#4258 = CARTESIAN_POINT('',(-29.24084058068,7.499530839595,
    -1.159489548134));
#4259 = DIRECTION('',(-0.21393756479,-0.798421105401,-0.562809432066));
#4260 = DIRECTION('',(0.,0.576148811765,-0.817344815058));
#4261 = ADVANCED_FACE('',(#4262),#4272,.T.);
#4262 = FACE_BOUND('',#4263,.T.);
#4263 = EDGE_LOOP('',(#4264,#4265,#4266));
#4264 = ORIENTED_EDGE('',*,*,#2502,.F.);
#4265 = ORIENTED_EDGE('',*,*,#4213,.F.);
#4266 = ORIENTED_EDGE('',*,*,#4267,.F.);
#4267 = EDGE_CURVE('',#2503,#4204,#4268,.T.);
#4268 = LINE('',#4269,#4270);
#4269 = CARTESIAN_POINT('',(-29.08590888977,6.658085346222,
    -0.10000000149));
#4270 = VECTOR('',#4271,1.);
#4271 = DIRECTION('',(0.167989416346,0.543089700767,-0.822698689021));
#4272 = PLANE('',#4273);
#4273 = AXIS2_PLACEMENT_3D('',#4274,#4275,#4276);
#4274 = CARTESIAN_POINT('',(-28.92608233707,7.315815338561,
    -1.067274560193));
#4275 = DIRECTION('',(-0.375263289686,-0.736493826205,-0.562809299297));
#4276 = DIRECTION('',(2.775557561563E-17,0.607183311305,-0.794561782666)
  );
#4277 = ADVANCED_FACE('',(#4278),#4295,.T.);
#4278 = FACE_BOUND('',#4279,.T.);
#4279 = EDGE_LOOP('',(#4280,#4288,#4294));
#4280 = ORIENTED_EDGE('',*,*,#4281,.F.);
#4281 = EDGE_CURVE('',#4282,#4204,#4284,.T.);
#4282 = VERTEX_POINT('',#4283);
#4283 = CARTESIAN_POINT('',(-28.40409088134,7.839028835297,
    -2.099999904633));
#4284 = LINE('',#4285,#4286);
#4285 = CARTESIAN_POINT('',(-28.40409088134,7.839028835297,
    -2.099999904633));
#4286 = VECTOR('',#4287,1.);
#4287 = DIRECTION('',(-0.89100662441,0.453990303043,0.));
#4288 = ORIENTED_EDGE('',*,*,#4289,.T.);
#4289 = EDGE_CURVE('',#4282,#2503,#4290,.T.);
#4290 = LINE('',#4291,#4292);
#4291 = CARTESIAN_POINT('',(-28.40409088134,7.839028835297,
    -2.099999904633));
#4292 = VECTOR('',#4293,1.);
#4293 = DIRECTION('',(-0.281668369499,-0.487863950393,0.826227387304));
#4294 = ORIENTED_EDGE('',*,*,#4267,.T.);
#4295 = PLANE('',#4296);
#4296 = AXIS2_PLACEMENT_3D('',#4297,#4298,#4299);
#4297 = CARTESIAN_POINT('',(-28.79728146557,7.320656229513,
    -1.15948952933));
#4298 = DIRECTION('',(-0.375262353972,-0.736494240161,-0.562809381497));
#4299 = DIRECTION('',(2.775557561563E-17,0.607183151834,-0.794561904529)
  );
#4300 = ADVANCED_FACE('',(#4301),#4311,.T.);
#4301 = FACE_BOUND('',#4302,.T.);
#4302 = EDGE_LOOP('',(#4303,#4304,#4305));
#4303 = ORIENTED_EDGE('',*,*,#2510,.F.);
#4304 = ORIENTED_EDGE('',*,*,#4289,.F.);
#4305 = ORIENTED_EDGE('',*,*,#4306,.F.);
#4306 = EDGE_CURVE('',#2511,#4282,#4307,.T.);
#4307 = LINE('',#4308,#4309);
#4308 = CARTESIAN_POINT('',(-28.94824600219,6.568685531616,
    -0.10000000149));
#4309 = VECTOR('',#4310,1.);
#4310 = DIRECTION('',(0.223837845604,0.522554869702,-0.822698624665));
#4311 = PLANE('',#4312);
#4312 = AXIS2_PLACEMENT_3D('',#4313,#4314,#4315);
#4313 = CARTESIAN_POINT('',(-28.72054304302,7.206106027907,
    -1.067274539113));
#4314 = DIRECTION('',(-0.450193145045,-0.693232850492,-0.562809334637));
#4315 = DIRECTION('',(0.,0.630294174004,-0.77635639639));
#4316 = ADVANCED_FACE('',(#4317),#4334,.T.);
#4317 = FACE_BOUND('',#4318,.T.);
#4318 = EDGE_LOOP('',(#4319,#4320,#4328));
#4319 = ORIENTED_EDGE('',*,*,#4088,.T.);
#4320 = ORIENTED_EDGE('',*,*,#4321,.T.);
#4321 = EDGE_CURVE('',#2519,#4322,#4324,.T.);
#4322 = VERTEX_POINT('',#4323);
#4323 = CARTESIAN_POINT('',(-28.14672088623,7.671890735626,
    -2.099999904633));
#4324 = LINE('',#4325,#4326);
#4325 = CARTESIAN_POINT('',(-28.82068061828,6.465386390686,
    -0.10000000149));
#4326 = VECTOR('',#4327,1.);
#4327 = DIRECTION('',(0.277232943211,0.496294859523,-0.822698795192));
#4328 = ORIENTED_EDGE('',*,*,#4329,.F.);
#4329 = EDGE_CURVE('',#4065,#4322,#4330,.T.);
#4330 = LINE('',#4331,#4332);
#4331 = CARTESIAN_POINT('',(-27.90822982788,7.478765487671,
    -2.099999904633));
#4332 = VECTOR('',#4333,1.);
#4333 = DIRECTION('',(-0.777147560181,0.629318416785,0.));
#4334 = PLANE('',#4335);
#4335 = AXIS2_PLACEMENT_3D('',#4336,#4337,#4338);
#4336 = CARTESIAN_POINT('',(-28.40060423213,7.053469447459,
    -1.159489604266));
#4337 = DIRECTION('',(-0.520186250679,-0.642379858547,-0.562809365539));
#4338 = DIRECTION('',(0.,0.658986581274,-0.752154695326));
#4339 = ADVANCED_FACE('',(#4340),#4350,.T.);
#4340 = FACE_BOUND('',#4341,.T.);
#4341 = EDGE_LOOP('',(#4342,#4343,#4344));
#4342 = ORIENTED_EDGE('',*,*,#4321,.F.);
#4343 = ORIENTED_EDGE('',*,*,#2518,.F.);
#4344 = ORIENTED_EDGE('',*,*,#4345,.F.);
#4345 = EDGE_CURVE('',#4322,#2511,#4346,.T.);
#4346 = LINE('',#4347,#4348);
#4347 = CARTESIAN_POINT('',(-28.14672088623,7.671890735626,
    -2.099999904633));
#4348 = VECTOR('',#4349,1.);
#4349 = DIRECTION('',(-0.33112099146,-0.455749163262,0.826227322957));
#4350 = PLANE('',#4351);
#4351 = AXIS2_PLACEMENT_3D('',#4352,#4353,#4354);
#4352 = CARTESIAN_POINT('',(-28.52759760438,7.075513260029,
    -1.067274394768));
#4353 = DIRECTION('',(-0.520183920641,-0.642381542996,-0.562809596511));
#4354 = DIRECTION('',(0.,0.658985756684,-0.752155417775));
#4355 = ADVANCED_FACE('',(#4356),#4366,.T.);
#4356 = FACE_BOUND('',#4357,.T.);
#4357 = EDGE_LOOP('',(#4358,#4364,#4365));
#4358 = ORIENTED_EDGE('',*,*,#4359,.F.);
#4359 = EDGE_CURVE('',#4322,#4282,#4360,.T.);
#4360 = LINE('',#4361,#4362);
#4361 = CARTESIAN_POINT('',(-28.14672088623,7.671890735626,
    -2.099999904633));
#4362 = VECTOR('',#4363,1.);
#4363 = DIRECTION('',(-0.838670462891,0.544639196785,0.));
#4364 = ORIENTED_EDGE('',*,*,#4345,.T.);
#4365 = ORIENTED_EDGE('',*,*,#4306,.T.);
#4366 = PLANE('',#4367);
#4367 = AXIS2_PLACEMENT_3D('',#4368,#4369,#4370);
#4368 = CARTESIAN_POINT('',(-28.59194202273,7.197456992051,
    -1.159489333382));
#4369 = DIRECTION('',(-0.450191485792,-0.693233803235,-0.562809488347));
#4370 = DIRECTION('',(2.775557561563E-17,0.630293755649,-0.776356736037)
  );
#4371 = ADVANCED_FACE('',(#4372),#4396,.T.);
#4372 = FACE_BOUND('',#4373,.T.);
#4373 = EDGE_LOOP('',(#4374,#4384,#4390));
#4374 = ORIENTED_EDGE('',*,*,#4375,.F.);
#4375 = EDGE_CURVE('',#4376,#4378,#4380,.T.);
#4376 = VERTEX_POINT('',#4377);
#4377 = CARTESIAN_POINT('',(31.335908889771,7.839028835297,
    -2.099999904633));
#4378 = VERTEX_POINT('',#4379);
#4379 = CARTESIAN_POINT('',(31.062477111816,7.978349208832,
    -2.099999904633));
#4380 = LINE('',#4381,#4382);
#4381 = CARTESIAN_POINT('',(31.335908889771,7.839028835297,
    -2.099999904633));
#4382 = VECTOR('',#4383,1.);
#4383 = DIRECTION('',(-0.89100662441,0.453990303043,0.));
#4384 = ORIENTED_EDGE('',*,*,#4385,.T.);
#4385 = EDGE_CURVE('',#4376,#3001,#4386,.T.);
#4386 = LINE('',#4387,#4388);
#4387 = CARTESIAN_POINT('',(31.335908889771,7.839028835297,
    -2.099999904633));
#4388 = VECTOR('',#4389,1.);
#4389 = DIRECTION('',(-0.281668369499,-0.487863950393,0.826227387304));
#4390 = ORIENTED_EDGE('',*,*,#4391,.T.);
#4391 = EDGE_CURVE('',#3001,#4378,#4392,.T.);
#4392 = LINE('',#4393,#4394);
#4393 = CARTESIAN_POINT('',(30.654090881348,6.658085346222,
    -0.10000000149));
#4394 = VECTOR('',#4395,1.);
#4395 = DIRECTION('',(0.167989416346,0.543089700767,-0.822698689021));
#4396 = PLANE('',#4397);
#4397 = AXIS2_PLACEMENT_3D('',#4398,#4399,#4400);
#4398 = CARTESIAN_POINT('',(30.942718305539,7.320656229513,
    -1.15948952933));
#4399 = DIRECTION('',(-0.375262353972,-0.736494240161,-0.562809381497));
#4400 = DIRECTION('',(2.775557561563E-17,0.607183151834,-0.794561904529)
  );
#4401 = ADVANCED_FACE('',(#4402),#4412,.T.);
#4402 = FACE_BOUND('',#4403,.T.);
#4403 = EDGE_LOOP('',(#4404,#4405,#4406));
#4404 = ORIENTED_EDGE('',*,*,#3008,.F.);
#4405 = ORIENTED_EDGE('',*,*,#4385,.F.);
#4406 = ORIENTED_EDGE('',*,*,#4407,.F.);
#4407 = EDGE_CURVE('',#3009,#4376,#4408,.T.);
#4408 = LINE('',#4409,#4410);
#4409 = CARTESIAN_POINT('',(30.791753768921,6.568685531616,
    -0.10000000149));
#4410 = VECTOR('',#4411,1.);
#4411 = DIRECTION('',(0.223837845604,0.522554869702,-0.822698624665));
#4412 = PLANE('',#4413);
#4413 = AXIS2_PLACEMENT_3D('',#4414,#4415,#4416);
#4414 = CARTESIAN_POINT('',(31.019456728091,7.206106027907,
    -1.067274539113));
#4415 = DIRECTION('',(-0.450193145045,-0.693232850492,-0.562809334637));
#4416 = DIRECTION('',(0.,0.630294174004,-0.77635639639));
#4417 = ADVANCED_FACE('',(#4418),#4442,.T.);
#4418 = FACE_BOUND('',#4419,.T.);
#4419 = EDGE_LOOP('',(#4420,#4430,#4436));
#4420 = ORIENTED_EDGE('',*,*,#4421,.F.);
#4421 = EDGE_CURVE('',#4422,#4424,#4426,.T.);
#4422 = VERTEX_POINT('',#4423);
#4423 = CARTESIAN_POINT('',(32.658325195312,4.394018173218,
    -2.099999904633));
#4424 = VERTEX_POINT('',#4425);
#4425 = CARTESIAN_POINT('',(32.73775100708,4.690440654755,
    -2.099999904633));
#4426 = LINE('',#4427,#4428);
#4427 = CARTESIAN_POINT('',(32.658325195312,4.394018173218,
    -2.099999904633));
#4428 = VECTOR('',#4429,1.);
#4429 = DIRECTION('',(0.25881797254,0.965926113681,0.));
#4430 = ORIENTED_EDGE('',*,*,#4431,.T.);
#4431 = EDGE_CURVE('',#4422,#3105,#4432,.T.);
#4432 = LINE('',#4433,#4434);
#4433 = CARTESIAN_POINT('',(32.658325195312,4.394018173218,
    -2.099999904633));
#4434 = VECTOR('',#4435,1.);
#4435 = DIRECTION('',(-0.535765376223,0.174080784208,0.826227173488));
#4436 = ORIENTED_EDGE('',*,*,#4437,.T.);
#4437 = EDGE_CURVE('',#3105,#4424,#4438,.T.);
#4438 = LINE('',#4439,#4440);
#4439 = CARTESIAN_POINT('',(31.361429214478,4.815405368805,
    -0.10000000149));
#4440 = VECTOR('',#4441,1.);
#4441 = DIRECTION('',(0.566149004764,-5.14041475405E-02,-0.822698558417)
  );
#4442 = PLANE('',#4443);
#4443 = AXIS2_PLACEMENT_3D('',#4444,#4445,#4446);
#4444 = CARTESIAN_POINT('',(32.069530693293,4.670840994359,
    -1.159489411742));
#4445 = DIRECTION('',(-0.798421502007,0.213935446464,-0.56280967465));
#4446 = DIRECTION('',(0.576148786471,1.387778780781E-17,-0.817344832887)
  );
#4447 = ADVANCED_FACE('',(#4448),#4458,.T.);
#4448 = FACE_BOUND('',#4449,.T.);
#4449 = EDGE_LOOP('',(#4450,#4451,#4452));
#4450 = ORIENTED_EDGE('',*,*,#3112,.F.);
#4451 = ORIENTED_EDGE('',*,*,#4431,.F.);
#4452 = ORIENTED_EDGE('',*,*,#4453,.F.);
#4453 = EDGE_CURVE('',#3113,#4422,#4454,.T.);
#4454 = LINE('',#4455,#4456);
#4455 = CARTESIAN_POINT('',(31.302604675293,4.662162780762,
    -0.10000000149));
#4456 = VECTOR('',#4457,1.);
#4457 = DIRECTION('',(0.557674600685,-0.110301079559,-0.822698432962));
#4458 = PLANE('',#4459);
#4459 = AXIS2_PLACEMENT_3D('',#4460,#4461,#4462);
#4460 = CARTESIAN_POINT('',(31.97343855379,4.571963145923,
    -1.067274417819));
#4461 = DIRECTION('',(-0.771684620006,0.296223084896,-0.562809675841));
#4462 = DIRECTION('',(0.589256213579,0.,-0.807946232591));
#4463 = ADVANCED_FACE('',(#4464),#4488,.T.);
#4464 = FACE_BOUND('',#4465,.T.);
#4465 = EDGE_LOOP('',(#4466,#4476,#4482));
#4466 = ORIENTED_EDGE('',*,*,#4467,.F.);
#4467 = EDGE_CURVE('',#4468,#4470,#4472,.T.);
#4468 = VERTEX_POINT('',#4469);
#4469 = CARTESIAN_POINT('',(32.241889953613,3.576720476151,
    -2.099999904633));
#4470 = VERTEX_POINT('',#4471);
#4471 = CARTESIAN_POINT('',(32.409030914307,3.834090948105,
    -2.099999904633));
#4472 = LINE('',#4473,#4474);
#4473 = CARTESIAN_POINT('',(32.241889953613,3.576720476151,
    -2.099999904633));
#4474 = VECTOR('',#4475,1.);
#4475 = DIRECTION('',(0.544645044475,0.838666665326,0.));
#4476 = ORIENTED_EDGE('',*,*,#4477,.T.);
#4477 = EDGE_CURVE('',#4468,#3129,#4478,.T.);
#4478 = LINE('',#4479,#4480);
#4479 = CARTESIAN_POINT('',(32.241889953613,3.576720476151,
    -2.099999904633));
#4480 = VECTOR('',#4481,1.);
#4481 = DIRECTION('',(-0.455748992326,0.331121108882,0.826227370187));
#4482 = ORIENTED_EDGE('',*,*,#4483,.T.);
#4483 = EDGE_CURVE('',#3129,#4470,#4484,.T.);
#4484 = LINE('',#4485,#4486);
#4485 = CARTESIAN_POINT('',(31.13868522644,4.378245830536,-0.10000000149
    ));
#4486 = VECTOR('',#4487,1.);
#4487 = DIRECTION('',(0.522555594104,-0.22383763773,-0.822698221103));
#4488 = PLANE('',#4489);
#4489 = AXIS2_PLACEMENT_3D('',#4490,#4491,#4492);
#4490 = CARTESIAN_POINT('',(31.767457408882,4.021941751822,
    -1.159489678236));
#4491 = DIRECTION('',(-0.693230627531,0.450196295588,-0.562809552595));
#4492 = DIRECTION('',(0.630295539327,0.,-0.776355287935));
#4493 = ADVANCED_FACE('',(#4494),#4504,.T.);
#4494 = FACE_BOUND('',#4495,.T.);
#4495 = EDGE_LOOP('',(#4496,#4497,#4498));
#4496 = ORIENTED_EDGE('',*,*,#3136,.F.);
#4497 = ORIENTED_EDGE('',*,*,#4477,.F.);
#4498 = ORIENTED_EDGE('',*,*,#4499,.F.);
#4499 = EDGE_CURVE('',#3137,#4468,#4500,.T.);
#4500 = LINE('',#4501,#4502);
#4501 = CARTESIAN_POINT('',(31.035387039185,4.250681400299,
    -0.10000000149));
#4502 = VECTOR('',#4503,1.);
#4503 = DIRECTION('',(0.496294348551,-0.277233476852,-0.82269892361));
#4504 = PLANE('',#4505);
#4505 = AXIS2_PLACEMENT_3D('',#4506,#4507,#4508);
#4506 = CARTESIAN_POINT('',(31.645513119582,3.957597471472,
    -1.067274650054));
#4507 = DIRECTION('',(-0.642382013584,0.520183388158,-0.562809551544));
#4508 = DIRECTION('',(0.658985453786,0.,-0.752155683152));
#4509 = ADVANCED_FACE('',(#4510),#4527,.T.);
#4510 = FACE_BOUND('',#4511,.T.);
#4511 = EDGE_LOOP('',(#4512,#4520,#4526));
#4512 = ORIENTED_EDGE('',*,*,#4513,.F.);
#4513 = EDGE_CURVE('',#4514,#4468,#4516,.T.);
#4514 = VERTEX_POINT('',#4515);
#4515 = CARTESIAN_POINT('',(32.048767089844,3.338230609894,
    -2.099999904633));
#4516 = LINE('',#4517,#4518);
#4517 = CARTESIAN_POINT('',(32.048767089844,3.338230609894,
    -2.099999904633));
#4518 = VECTOR('',#4519,1.);
#4519 = DIRECTION('',(0.62931562437,0.777149821414,0.));
#4520 = ORIENTED_EDGE('',*,*,#4521,.T.);
#4521 = EDGE_CURVE('',#4514,#3137,#4522,.T.);
#4522 = LINE('',#4523,#4524);
#4523 = CARTESIAN_POINT('',(32.048767089844,3.338230609894,
    -2.099999904633));
#4524 = VECTOR('',#4525,1.);
#4525 = DIRECTION('',(-0.418641115663,0.376945862151,0.826227228602));
#4526 = ORIENTED_EDGE('',*,*,#4499,.T.);
#4527 = PLANE('',#4528);
#4528 = AXIS2_PLACEMENT_3D('',#4529,#4530,#4531);
#4529 = CARTESIAN_POINT('',(31.623469715532,3.830604864426,
    -1.159489161573));
#4530 = DIRECTION('',(-0.642381655228,0.52018388386,-0.562809502407));
#4531 = DIRECTION('',(0.658985629213,0.,-0.752155529455));
#4532 = ADVANCED_FACE('',(#4533),#4543,.T.);
#4533 = FACE_BOUND('',#4534,.T.);
#4534 = EDGE_LOOP('',(#4535,#4536,#4537));
#4535 = ORIENTED_EDGE('',*,*,#3144,.F.);
#4536 = ORIENTED_EDGE('',*,*,#4521,.F.);
#4537 = ORIENTED_EDGE('',*,*,#4538,.F.);
#4538 = EDGE_CURVE('',#3145,#4514,#4539,.T.);
#4539 = LINE('',#4540,#4541);
#4540 = CARTESIAN_POINT('',(30.919319152832,4.134613990784,
    -0.10000000149));
#4541 = VECTOR('',#4542,1.);
#4542 = DIRECTION('',(0.464597567168,-0.327591710224,-0.822698469656));
#4543 = PLANE('',#4544);
#4544 = AXIS2_PLACEMENT_3D('',#4545,#4546,#4547);
#4545 = CARTESIAN_POINT('',(31.495468796793,3.779359662379,
    -1.067274544943));
#4546 = DIRECTION('',(-0.584483781617,0.584486182838,-0.562809569124));
#4547 = DIRECTION('',(0.707108233678,0.707105328692,0.));
#4548 = ADVANCED_FACE('',(#4549),#4573,.T.);
#4549 = FACE_BOUND('',#4550,.T.);
#4550 = EDGE_LOOP('',(#4551,#4559,#4567));
#4551 = ORIENTED_EDGE('',*,*,#4552,.T.);
#4552 = EDGE_CURVE('',#4553,#2713,#4555,.T.);
#4553 = VERTEX_POINT('',#4554);
#4554 = CARTESIAN_POINT('',(30.176458358765,2.384242534637,
    -2.099999904633));
#4555 = LINE('',#4556,#4557);
#4556 = CARTESIAN_POINT('',(30.176458358765,2.384242534637,
    -2.099999904633));
#4557 = VECTOR('',#4558,1.);
#4558 = DIRECTION('',(-5.888442677109E-02,0.560250875414,0.826227317923)
  );
#4559 = ORIENTED_EDGE('',*,*,#4560,.T.);
#4560 = EDGE_CURVE('',#2713,#4561,#4563,.T.);
#4561 = VERTEX_POINT('',#4562);
#4562 = CARTESIAN_POINT('',(30.479558944702,2.432249069214,
    -2.099999904633));
#4563 = LINE('',#4564,#4565);
#4564 = CARTESIAN_POINT('',(30.033920288086,3.7404088974,-0.10000000149)
  );
#4565 = VECTOR('',#4566,1.);
#4566 = DIRECTION('',(0.183313178658,-0.538110715347,-0.822698691234));
#4567 = ORIENTED_EDGE('',*,*,#4568,.F.);
#4568 = EDGE_CURVE('',#4553,#4561,#4569,.T.);
#4569 = LINE('',#4570,#4571);
#4570 = CARTESIAN_POINT('',(30.176458358765,2.384242534637,
    -2.099999904633));
#4571 = VECTOR('',#4572,1.);
#4572 = DIRECTION('',(0.987688281229,0.156434839863,0.));
#4573 = PLANE('',#4574);
#4574 = AXIS2_PLACEMENT_3D('',#4575,#4576,#4577);
#4575 = CARTESIAN_POINT('',(30.189864552582,3.034726696438,
    -1.15948937523));
#4576 = DIRECTION('',(-0.129306951382,0.816409954925,-0.562809468491));
#4577 = DIRECTION('',(6.938893903907E-18,0.56757447477,0.823322060672));
#4578 = ADVANCED_FACE('',(#4579),#4589,.T.);
#4579 = FACE_BOUND('',#4580,.T.);
#4580 = EDGE_LOOP('',(#4581,#4582,#4583));
#4581 = ORIENTED_EDGE('',*,*,#4560,.F.);
#4582 = ORIENTED_EDGE('',*,*,#2710,.F.);
#4583 = ORIENTED_EDGE('',*,*,#4584,.F.);
#4584 = EDGE_CURVE('',#4561,#2711,#4585,.T.);
#4585 = LINE('',#4586,#4587);
#4586 = CARTESIAN_POINT('',(30.479558944702,2.432249069214,
    -2.099999904633));
#4587 = VECTOR('',#4588,1.);
#4588 = DIRECTION('',(-0.117124307817,0.551026613666,0.826227309855));
#4589 = PLANE('',#4590);
#4590 = AXIS2_PLACEMENT_3D('',#4591,#4592,#4593);
#4591 = CARTESIAN_POINT('',(30.291220959307,3.114350190111,
    -1.067274694093));
#4592 = DIRECTION('',(-0.129307628436,0.816409809337,-0.562809524125));
#4593 = DIRECTION('',(-6.938893903907E-18,0.56757458141,0.823321987157)
  );
#4594 = ADVANCED_FACE('',(#4595),#4612,.T.);
#4595 = FACE_BOUND('',#4596,.T.);
#4596 = EDGE_LOOP('',(#4597,#4598,#4606));
#4597 = ORIENTED_EDGE('',*,*,#4584,.T.);
#4598 = ORIENTED_EDGE('',*,*,#4599,.T.);
#4599 = EDGE_CURVE('',#2711,#4600,#4602,.T.);
#4600 = VERTEX_POINT('',#4601);
#4601 = CARTESIAN_POINT('',(30.775981903076,2.5116751194,-2.099999904633
    ));
#4602 = LINE('',#4603,#4604);
#4603 = CARTESIAN_POINT('',(30.196043014526,3.766086816788,
    -0.10000000149));
#4604 = VECTOR('',#4605,1.);
#4605 = DIRECTION('',(0.23855745606,-0.516001374092,-0.822698560891));
#4606 = ORIENTED_EDGE('',*,*,#4607,.F.);
#4607 = EDGE_CURVE('',#4561,#4600,#4608,.T.);
#4608 = LINE('',#4609,#4610);
#4609 = CARTESIAN_POINT('',(30.479558944702,2.432249069214,
    -2.099999904633));
#4610 = VECTOR('',#4611,1.);
#4611 = DIRECTION('',(0.965926023539,0.258818308955,0.));
#4612 = PLANE('',#4613);
#4613 = AXIS2_PLACEMENT_3D('',#4614,#4615,#4616);
#4614 = CARTESIAN_POINT('',(30.424897510405,3.080570965017,
    -1.159489511659));
#4615 = DIRECTION('',(-0.213935752858,0.798421533182,-0.562809513958));
#4616 = DIRECTION('',(0.,0.576148661548,0.817344920946));
#4617 = ADVANCED_FACE('',(#4618),#4628,.T.);
#4618 = FACE_BOUND('',#4619,.T.);
#4619 = EDGE_LOOP('',(#4620,#4621,#4622));
#4620 = ORIENTED_EDGE('',*,*,#4599,.F.);
#4621 = ORIENTED_EDGE('',*,*,#3184,.F.);
#4622 = ORIENTED_EDGE('',*,*,#4623,.F.);
#4623 = EDGE_CURVE('',#4600,#3177,#4624,.T.);
#4624 = LINE('',#4625,#4626);
#4625 = CARTESIAN_POINT('',(30.775981903076,2.5116751194,-2.099999904633
    ));
#4626 = VECTOR('',#4627,1.);
#4627 = DIRECTION('',(-0.174080620748,0.53576518393,0.82622733262));
#4628 = PLANE('',#4629);
#4629 = AXIS2_PLACEMENT_3D('',#4630,#4631,#4632);
#4630 = CARTESIAN_POINT('',(30.517376215318,3.170353110895,
    -1.067274396501));
#4631 = DIRECTION('',(-0.21393469664,0.798421879132,-0.562809424669));
#4632 = DIRECTION('',(0.,0.576148433711,0.817345081549));
#4633 = ADVANCED_FACE('',(#4634),#4651,.T.);
#4634 = FACE_BOUND('',#4635,.T.);
#4635 = EDGE_LOOP('',(#4636,#4637,#4645));
#4636 = ORIENTED_EDGE('',*,*,#4623,.T.);
#4637 = ORIENTED_EDGE('',*,*,#4638,.T.);
#4638 = EDGE_CURVE('',#3177,#4639,#4641,.T.);
#4639 = VERTEX_POINT('',#4640);
#4640 = CARTESIAN_POINT('',(31.062477111816,2.621650934219,
    -2.099999904633));
#4641 = LINE('',#4642,#4643);
#4642 = CARTESIAN_POINT('',(30.354595184326,3.808570384979,
    -0.10000000149));
#4643 = VECTOR('',#4644,1.);
#4644 = DIRECTION('',(0.291186814822,-0.488238618469,-0.822698784677));
#4645 = ORIENTED_EDGE('',*,*,#4646,.F.);
#4646 = EDGE_CURVE('',#4600,#4639,#4647,.T.);
#4647 = LINE('',#4648,#4649);
#4648 = CARTESIAN_POINT('',(30.775981903076,2.5116751194,-2.099999904633
    ));
#4649 = VECTOR('',#4650,1.);
#4650 = DIRECTION('',(0.933579763669,0.358369676267,0.));
#4651 = PLANE('',#4652);
#4652 = AXIS2_PLACEMENT_3D('',#4653,#4654,#4655);
#4653 = CARTESIAN_POINT('',(30.653851348752,3.150731936003,
    -1.159489257687));
#4654 = DIRECTION('',(-0.29622360292,0.77168460258,-0.562809427084));
#4655 = DIRECTION('',(0.,0.589256052252,0.807946350251));
#4656 = ADVANCED_FACE('',(#4657),#4667,.T.);
#4657 = FACE_BOUND('',#4658,.T.);
#4658 = EDGE_LOOP('',(#4659,#4660,#4661));
#4659 = ORIENTED_EDGE('',*,*,#4638,.F.);
#4660 = ORIENTED_EDGE('',*,*,#3176,.F.);
#4661 = ORIENTED_EDGE('',*,*,#4662,.F.);
#4662 = EDGE_CURVE('',#4639,#3169,#4663,.T.);
#4663 = LINE('',#4664,#4665);
#4664 = CARTESIAN_POINT('',(31.062477111816,2.621650934219,
    -2.099999904633));
#4665 = VECTOR('',#4666,1.);
#4666 = DIRECTION('',(-0.229129324038,0.514633849449,0.826227422607));
#4667 = PLANE('',#4668);
#4668 = AXIS2_PLACEMENT_3D('',#4669,#4670,#4671);
#4669 = CARTESIAN_POINT('',(30.736438228964,3.249688791339,
    -1.067274508601));
#4670 = DIRECTION('',(-0.296222917272,0.771684909796,-0.562809366727));
#4671 = DIRECTION('',(0.,0.589255857866,0.807946492022));
#4672 = ADVANCED_FACE('',(#4673),#4690,.T.);
#4673 = FACE_BOUND('',#4674,.T.);
#4674 = EDGE_LOOP('',(#4675,#4676,#4684));
#4675 = ORIENTED_EDGE('',*,*,#4662,.T.);
#4676 = ORIENTED_EDGE('',*,*,#4677,.T.);
#4677 = EDGE_CURVE('',#3169,#4678,#4680,.T.);
#4678 = VERTEX_POINT('',#4679);
#4679 = CARTESIAN_POINT('',(31.335908889771,2.760971069336,
    -2.099999904633));
#4680 = LINE('',#4681,#4682);
#4681 = CARTESIAN_POINT('',(30.507837295532,3.867394685745,
    -0.10000000149));
#4682 = VECTOR('',#4683,1.);
#4683 = DIRECTION('',(0.340626729643,-0.45512665895,-0.822698702665));
#4684 = ORIENTED_EDGE('',*,*,#4685,.F.);
#4685 = EDGE_CURVE('',#4639,#4678,#4686,.T.);
#4686 = LINE('',#4687,#4688);
#4687 = CARTESIAN_POINT('',(31.062477111816,2.621650934219,
    -2.099999904633));
#4688 = VECTOR('',#4689,1.);
#4689 = DIRECTION('',(0.891006938677,0.453989686258,0.));
#4690 = PLANE('',#4691);
#4691 = AXIS2_PLACEMENT_3D('',#4692,#4693,#4694);
#4692 = CARTESIAN_POINT('',(30.874216956103,3.24444059519,
    -1.159489511253));
#4693 = DIRECTION('',(-0.375261857542,0.736494526224,-0.562809338157));
#4694 = DIRECTION('',(0.,0.607182973425,0.794562040865));
#4695 = ADVANCED_FACE('',(#4696),#4706,.T.);
#4696 = FACE_BOUND('',#4697,.T.);
#4697 = EDGE_LOOP('',(#4698,#4699,#4700));
#4698 = ORIENTED_EDGE('',*,*,#4677,.F.);
#4699 = ORIENTED_EDGE('',*,*,#3168,.F.);
#4700 = ORIENTED_EDGE('',*,*,#4701,.F.);
#4701 = EDGE_CURVE('',#4678,#3161,#4702,.T.);
#4702 = LINE('',#4703,#4704);
#4703 = CARTESIAN_POINT('',(31.335908889771,2.760971069336,
    -2.099999904633));
#4704 = VECTOR('',#4705,1.);
#4705 = DIRECTION('',(-0.281668355964,0.487864025444,0.826227347602));
#4706 = PLANE('',#4707);
#4707 = AXIS2_PLACEMENT_3D('',#4708,#4709,#4710);
#4708 = CARTESIAN_POINT('',(30.946007872511,3.351488091355,
    -1.067274561364));
#4709 = DIRECTION('',(-0.375263238035,0.736493724834,-0.562809466392));
#4710 = DIRECTION('',(0.,0.607183477876,0.794561655377));
#4711 = ADVANCED_FACE('',(#4712),#4729,.T.);
#4712 = FACE_BOUND('',#4713,.T.);
#4713 = EDGE_LOOP('',(#4714,#4715,#4723));
#4714 = ORIENTED_EDGE('',*,*,#4701,.T.);
#4715 = ORIENTED_EDGE('',*,*,#4716,.T.);
#4716 = EDGE_CURVE('',#3161,#4717,#4719,.T.);
#4717 = VERTEX_POINT('',#4718);
#4718 = CARTESIAN_POINT('',(31.593278884888,2.928109169006,
    -2.099999904633));
#4719 = LINE('',#4720,#4721);
#4720 = CARTESIAN_POINT('',(30.654090881348,3.941914796829,
    -0.10000000149));
#4721 = VECTOR('',#4722,1.);
#4722 = DIRECTION('',(0.386334389095,-0.417028301479,-0.822698690632));
#4723 = ORIENTED_EDGE('',*,*,#4724,.F.);
#4724 = EDGE_CURVE('',#4678,#4717,#4725,.T.);
#4725 = LINE('',#4726,#4727);
#4726 = CARTESIAN_POINT('',(31.335908889771,2.760971069336,
    -2.099999904633));
#4727 = VECTOR('',#4728,1.);
#4728 = DIRECTION('',(0.838670462891,0.544639196785,0.));
#4729 = PLANE('',#4730);
#4730 = AXIS2_PLACEMENT_3D('',#4731,#4732,#4733);
#4731 = CARTESIAN_POINT('',(31.083580047577,3.360670483294,
    -1.159489336463));
#4732 = DIRECTION('',(-0.450191504581,0.693233832168,-0.56280943768));
#4733 = DIRECTION('',(2.775557561563E-17,0.630293705593,0.776356776675)
  );
#4734 = ADVANCED_FACE('',(#4735),#4745,.T.);
#4735 = FACE_BOUND('',#4736,.T.);
#4736 = EDGE_LOOP('',(#4737,#4738,#4739));
#4737 = ORIENTED_EDGE('',*,*,#4716,.F.);
#4738 = ORIENTED_EDGE('',*,*,#3160,.F.);
#4739 = ORIENTED_EDGE('',*,*,#4740,.F.);
#4740 = EDGE_CURVE('',#4717,#3153,#4741,.T.);
#4741 = LINE('',#4742,#4743);
#4742 = CARTESIAN_POINT('',(31.593278884888,2.928109169006,
    -2.099999904633));
#4743 = VECTOR('',#4744,1.);
#4744 = DIRECTION('',(-0.33112099146,0.455749163262,0.826227322957));
#4745 = PLANE('',#4746);
#4746 = AXIS2_PLACEMENT_3D('',#4747,#4748,#4749);
#4747 = CARTESIAN_POINT('',(31.143787987819,3.474635615875,
    -1.067274564112));
#4748 = DIRECTION('',(-0.450192235404,0.693233298546,-0.562809510375));
#4749 = DIRECTION('',(0.,0.630294047091,0.776356499426));
#4750 = ADVANCED_FACE('',(#4751),#4768,.T.);
#4751 = FACE_BOUND('',#4752,.T.);
#4752 = EDGE_LOOP('',(#4753,#4754,#4762));
#4753 = ORIENTED_EDGE('',*,*,#4740,.T.);
#4754 = ORIENTED_EDGE('',*,*,#4755,.T.);
#4755 = EDGE_CURVE('',#3153,#4756,#4758,.T.);
#4756 = VERTEX_POINT('',#4757);
#4757 = CARTESIAN_POINT('',(31.831769943237,3.121234416962,
    -2.099999904633));
#4758 = LINE('',#4759,#4760);
#4759 = CARTESIAN_POINT('',(30.791753768921,4.031314373016,
    -0.10000000149));
#4760 = VECTOR('',#4761,1.);
#4761 = DIRECTION('',(0.427809876876,-0.374360710498,-0.822698467048));
#4762 = ORIENTED_EDGE('',*,*,#4763,.F.);
#4763 = EDGE_CURVE('',#4717,#4756,#4764,.T.);
#4764 = LINE('',#4765,#4766);
#4765 = CARTESIAN_POINT('',(31.593278884888,2.928109169006,
    -2.099999904633));
#4766 = VECTOR('',#4767,1.);
#4767 = DIRECTION('',(0.777147560181,0.629318416785,0.));
#4768 = PLANE('',#4769);
#4769 = AXIS2_PLACEMENT_3D('',#4770,#4771,#4772);
#4770 = CARTESIAN_POINT('',(31.27964725681,3.498147859584,
    -1.159489591667));
#4771 = DIRECTION('',(-0.520186181698,0.642379773362,-0.562809526523));
#4772 = DIRECTION('',(0.,0.658986737351,0.752154558582));
#4773 = ADVANCED_FACE('',(#4774),#4784,.T.);
#4774 = FACE_BOUND('',#4775,.T.);
#4775 = EDGE_LOOP('',(#4776,#4777,#4778));
#4776 = ORIENTED_EDGE('',*,*,#4755,.F.);
#4777 = ORIENTED_EDGE('',*,*,#3152,.F.);
#4778 = ORIENTED_EDGE('',*,*,#4779,.F.);
#4779 = EDGE_CURVE('',#4756,#3145,#4780,.T.);
#4780 = LINE('',#4781,#4782);
#4781 = CARTESIAN_POINT('',(31.831769943237,3.121234416962,
    -2.099999904633));
#4782 = VECTOR('',#4783,1.);
#4783 = DIRECTION('',(-0.376945893237,0.418640953199,0.826227296739));
#4784 = PLANE('',#4785);
#4785 = AXIS2_PLACEMENT_3D('',#4786,#4787,#4788);
#4786 = CARTESIAN_POINT('',(31.327613267057,3.617782437827,
    -1.067274343726));
#4787 = DIRECTION('',(-0.520185435504,0.64238044844,-0.562809445684));
#4788 = DIRECTION('',(0.,0.658986292012,0.752154948758));
#4789 = ADVANCED_FACE('',(#4790),#4800,.T.);
#4790 = FACE_BOUND('',#4791,.T.);
#4791 = EDGE_LOOP('',(#4792,#4793,#4794));
#4792 = ORIENTED_EDGE('',*,*,#4779,.T.);
#4793 = ORIENTED_EDGE('',*,*,#4538,.T.);
#4794 = ORIENTED_EDGE('',*,*,#4795,.F.);
#4795 = EDGE_CURVE('',#4756,#4514,#4796,.T.);
#4796 = LINE('',#4797,#4798);
#4797 = CARTESIAN_POINT('',(31.831769943237,3.121234416962,
    -2.099999904633));
#4798 = VECTOR('',#4799,1.);
#4799 = DIRECTION('',(0.70710833501,0.70710522736,0.));
#4800 = PLANE('',#4801);
#4801 = AXIS2_PLACEMENT_3D('',#4802,#4803,#4804);
#4802 = CARTESIAN_POINT('',(31.460270945183,3.655366937511,
    -1.159489520489));
#4803 = DIRECTION('',(-0.584483702445,0.584486271187,-0.562809559594));
#4804 = DIRECTION('',(0.70710833501,0.70710522736,0.));
#4805 = ADVANCED_FACE('',(#4806),#4816,.T.);
#4806 = FACE_BOUND('',#4807,.T.);
#4807 = EDGE_LOOP('',(#4808,#4809,#4810));
#4808 = ORIENTED_EDGE('',*,*,#4483,.F.);
#4809 = ORIENTED_EDGE('',*,*,#3128,.F.);
#4810 = ORIENTED_EDGE('',*,*,#4811,.F.);
#4811 = EDGE_CURVE('',#4470,#3121,#4812,.T.);
#4812 = LINE('',#4813,#4814);
#4813 = CARTESIAN_POINT('',(32.409030914307,3.834090948105,
    -2.099999904633));
#4814 = VECTOR('',#4815,1.);
#4815 = DIRECTION('',(-0.487864837473,0.281668297763,0.826226887963));
#4816 = PLANE('',#4817);
#4817 = AXIS2_PLACEMENT_3D('',#4818,#4819,#4820);
#4818 = CARTESIAN_POINT('',(31.776106748228,4.15054311441,-1.0672745294)
  );
#4819 = DIRECTION('',(-0.693234205487,0.450190064397,-0.562810129849));
#4820 = DIRECTION('',(0.630293968226,-2.775557561563E-17,-0.776356563454
    ));
#4821 = ADVANCED_FACE('',(#4822),#4839,.T.);
#4822 = FACE_BOUND('',#4823,.T.);
#4823 = EDGE_LOOP('',(#4824,#4832,#4833));
#4824 = ORIENTED_EDGE('',*,*,#4825,.F.);
#4825 = EDGE_CURVE('',#4470,#4826,#4828,.T.);
#4826 = VERTEX_POINT('',#4827);
#4827 = CARTESIAN_POINT('',(32.548347473145,4.107522010803,
    -2.099999904633));
#4828 = LINE('',#4829,#4830);
#4829 = CARTESIAN_POINT('',(32.409030914307,3.834090948105,
    -2.099999904633));
#4830 = VECTOR('',#4831,1.);
#4831 = DIRECTION('',(0.453981377192,0.8910111723,0.));
#4832 = ORIENTED_EDGE('',*,*,#4811,.T.);
#4833 = ORIENTED_EDGE('',*,*,#4834,.T.);
#4834 = EDGE_CURVE('',#3121,#4826,#4835,.T.);
#4835 = LINE('',#4836,#4837);
#4836 = CARTESIAN_POINT('',(31.228084564209,4.515909194946,
    -0.10000000149));
#4837 = VECTOR('',#4838,1.);
#4838 = DIRECTION('',(0.543089388388,-0.167989833359,-0.82269881008));
#4839 = PLANE('',#4840);
#4840 = AXIS2_PLACEMENT_3D('',#4841,#4842,#4843);
#4841 = CARTESIAN_POINT('',(31.890655660446,4.22728155175,
    -1.159489084644));
#4842 = DIRECTION('',(-0.736497666621,0.375254806434,-0.562809930003));
#4843 = DIRECTION('',(0.607181742017,0.,-0.794562981872));
#4844 = ADVANCED_FACE('',(#4845),#4855,.T.);
#4845 = FACE_BOUND('',#4846,.T.);
#4846 = EDGE_LOOP('',(#4847,#4848,#4849));
#4847 = ORIENTED_EDGE('',*,*,#4834,.F.);
#4848 = ORIENTED_EDGE('',*,*,#3120,.F.);
#4849 = ORIENTED_EDGE('',*,*,#4850,.F.);
#4850 = EDGE_CURVE('',#4826,#3113,#4851,.T.);
#4851 = LINE('',#4852,#4853);
#4852 = CARTESIAN_POINT('',(32.548347473145,4.107522010803,
    -2.099999904633));
#4853 = VECTOR('',#4854,1.);
#4854 = DIRECTION('',(-0.51463351336,0.229129743787,0.826227515542));
#4855 = PLANE('',#4856);
#4856 = AXIS2_PLACEMENT_3D('',#4857,#4858,#4859);
#4857 = CARTESIAN_POINT('',(31.885814092991,4.35608218262,
    -1.067274556083));
#4858 = DIRECTION('',(-0.736493897603,0.375263326065,-0.562809181609));
#4859 = DIRECTION('',(0.607183193985,2.775557561563E-17,-0.794561872318)
  );
#4860 = ADVANCED_FACE('',(#4861),#4871,.T.);
#4861 = FACE_BOUND('',#4862,.T.);
#4862 = EDGE_LOOP('',(#4863,#4869,#4870));
#4863 = ORIENTED_EDGE('',*,*,#4864,.F.);
#4864 = EDGE_CURVE('',#4826,#4422,#4865,.T.);
#4865 = LINE('',#4866,#4867);
#4866 = CARTESIAN_POINT('',(32.548347473145,4.107522010803,
    -2.099999904633));
#4867 = VECTOR('',#4868,1.);
#4868 = DIRECTION('',(0.358374053622,0.933578083339,0.));
#4869 = ORIENTED_EDGE('',*,*,#4850,.T.);
#4870 = ORIENTED_EDGE('',*,*,#4453,.T.);
#4871 = PLANE('',#4872);
#4872 = AXIS2_PLACEMENT_3D('',#4873,#4874,#4875);
#4873 = CARTESIAN_POINT('',(31.991715844232,4.444373818193,
    -1.159489538831));
#4874 = DIRECTION('',(-0.771683278788,0.29622724619,-0.562809324597));
#4875 = DIRECTION('',(0.589256642063,0.,-0.807945920086));
#4876 = ADVANCED_FACE('',(#4877),#4887,.T.);
#4877 = FACE_BOUND('',#4878,.T.);
#4878 = EDGE_LOOP('',(#4879,#4880,#4881));
#4879 = ORIENTED_EDGE('',*,*,#4437,.F.);
#4880 = ORIENTED_EDGE('',*,*,#3104,.F.);
#4881 = ORIENTED_EDGE('',*,*,#4882,.F.);
#4882 = EDGE_CURVE('',#4424,#3097,#4883,.T.);
#4883 = LINE('',#4884,#4885);
#4884 = CARTESIAN_POINT('',(32.73775100708,4.690440654755,
    -2.099999904633));
#4885 = VECTOR('',#4886,1.);
#4886 = DIRECTION('',(-0.551026545078,0.117124314174,0.826227354697));
#4887 = PLANE('',#4888);
#4888 = AXIS2_PLACEMENT_3D('',#4889,#4890,#4891);
#4889 = CARTESIAN_POINT('',(32.038016422744,4.795820689447,
    -1.067274538071));
#4890 = DIRECTION('',(-0.79842069894,0.213939269044,-0.562809360854));
#4891 = DIRECTION('',(0.576148959008,1.387778780781E-17,-0.817344711265)
  );
#4892 = ADVANCED_FACE('',(#4893),#4910,.T.);
#4893 = FACE_BOUND('',#4894,.T.);
#4894 = EDGE_LOOP('',(#4895,#4903,#4904));
#4895 = ORIENTED_EDGE('',*,*,#4896,.F.);
#4896 = EDGE_CURVE('',#4424,#4897,#4899,.T.);
#4897 = VERTEX_POINT('',#4898);
#4898 = CARTESIAN_POINT('',(32.785758972168,4.993541717529,
    -2.099999904633));
#4899 = LINE('',#4900,#4901);
#4900 = CARTESIAN_POINT('',(32.73775100708,4.690440654755,
    -2.099999904633));
#4901 = VECTOR('',#4902,1.);
#4902 = DIRECTION('',(0.156439147183,0.987687599005,0.));
#4903 = ORIENTED_EDGE('',*,*,#4882,.T.);
#4904 = ORIENTED_EDGE('',*,*,#4905,.T.);
#4905 = EDGE_CURVE('',#3097,#4897,#4906,.T.);
#4906 = LINE('',#4907,#4908);
#4907 = CARTESIAN_POINT('',(31.403913497925,4.97395658493,-0.10000000149
    ));
#4908 = VECTOR('',#4909,1.);
#4909 = DIRECTION('',(0.568421040589,8.056328771515E-03,-0.822698374972)
  );
#4910 = PLANE('',#4911);
#4911 = AXIS2_PLACEMENT_3D('',#4912,#4913,#4914);
#4912 = CARTESIAN_POINT('',(32.123247086347,4.904201129301,
    -1.159489492363));
#4913 = DIRECTION('',(-0.81640935055,0.129310505347,-0.562809528653));
#4914 = DIRECTION('',(0.56757480071,-6.938893903907E-18,-0.823321835978)
  );
#4915 = ADVANCED_FACE('',(#4916),#4926,.T.);
#4916 = FACE_BOUND('',#4917,.T.);
#4917 = EDGE_LOOP('',(#4918,#4919,#4920));
#4918 = ORIENTED_EDGE('',*,*,#4905,.F.);
#4919 = ORIENTED_EDGE('',*,*,#3096,.F.);
#4920 = ORIENTED_EDGE('',*,*,#4921,.F.);
#4921 = EDGE_CURVE('',#4897,#3089,#4922,.T.);
#4922 = LINE('',#4923,#4924);
#4923 = CARTESIAN_POINT('',(32.785758972168,4.993541717529,
    -2.099999904633));
#4924 = VECTOR('',#4925,1.);
#4925 = DIRECTION('',(-0.5602515447,5.888459058269E-02,0.826226852416));
#4926 = PLANE('',#4927);
#4927 = AXIS2_PLACEMENT_3D('',#4928,#4929,#4930);
#4928 = CARTESIAN_POINT('',(32.07884148345,5.025202103513,
    -1.067274563249));
#4929 = DIRECTION('',(-0.816410332239,0.129300947566,-0.56281030052));
#4930 = DIRECTION('',(0.567574865733,0.,-0.823321791154));
#4931 = ADVANCED_FACE('',(#4932),#4949,.T.);
#4932 = FACE_BOUND('',#4933,.T.);
#4933 = EDGE_LOOP('',(#4934,#4942,#4943));
#4934 = ORIENTED_EDGE('',*,*,#4935,.F.);
#4935 = EDGE_CURVE('',#4897,#4936,#4938,.T.);
#4936 = VERTEX_POINT('',#4937);
#4937 = CARTESIAN_POINT('',(32.801818847656,5.300000190735,
    -2.099999904633));
#4938 = LINE('',#4939,#4940);
#4939 = CARTESIAN_POINT('',(32.785758972168,4.993541717529,
    -2.099999904633));
#4940 = VECTOR('',#4941,1.);
#4941 = DIRECTION('',(5.233292579533E-02,0.998629693569,0.));
#4942 = ORIENTED_EDGE('',*,*,#4921,.T.);
#4943 = ORIENTED_EDGE('',*,*,#4944,.T.);
#4944 = EDGE_CURVE('',#3089,#4936,#4945,.T.);
#4945 = LINE('',#4946,#4947);
#4946 = CARTESIAN_POINT('',(31.42959022522,5.136080265045,-0.10000000149
    ));
#4947 = VECTOR('',#4948,1.);
#4948 = DIRECTION('',(0.564465125554,6.742832784734E-02,-0.822698330275)
  );
#4949 = PLANE('',#4950);
#4950 = AXIS2_PLACEMENT_3D('',#4951,#4952,#4953);
#4951 = CARTESIAN_POINT('',(32.152275351532,5.141897795016,
    -1.159489383693));
#4952 = DIRECTION('',(-0.825453539676,4.325767510977E-02,-0.562810116629
    ));
#4953 = DIRECTION('',(0.563337429376,0.,-0.826226930488));
#4954 = ADVANCED_FACE('',(#4955),#4965,.T.);
#4955 = FACE_BOUND('',#4956,.T.);
#4956 = EDGE_LOOP('',(#4957,#4958,#4959));
#4957 = ORIENTED_EDGE('',*,*,#4944,.F.);
#4958 = ORIENTED_EDGE('',*,*,#3088,.F.);
#4959 = ORIENTED_EDGE('',*,*,#4960,.F.);
#4960 = EDGE_CURVE('',#4936,#3081,#4961,.T.);
#4961 = LINE('',#4962,#4963);
#4962 = CARTESIAN_POINT('',(32.801818847656,5.300000190735,
    -2.099999904633));
#4963 = VECTOR('',#4964,1.);
#4964 = DIRECTION('',(-0.563337283362,0.,0.826227030043));
#4965 = PLANE('',#4966);
#4966 = AXIS2_PLACEMENT_3D('',#4967,#4968,#4969);
#4967 = CARTESIAN_POINT('',(32.095464623415,5.257594292206,
    -1.067274466636));
#4968 = DIRECTION('',(-0.825453545851,4.326028269907E-02,-0.562809907148
    ));
#4969 = DIRECTION('',(0.563337283362,-3.469446951954E-18,-0.826227030043
    ));
#4970 = ADVANCED_FACE('',(#4971),#4988,.T.);
#4971 = FACE_BOUND('',#4972,.T.);
#4972 = EDGE_LOOP('',(#4973,#4974,#4982));
#4973 = ORIENTED_EDGE('',*,*,#4960,.T.);
#4974 = ORIENTED_EDGE('',*,*,#4975,.T.);
#4975 = EDGE_CURVE('',#3081,#4976,#4978,.T.);
#4976 = VERTEX_POINT('',#4977);
#4977 = CARTESIAN_POINT('',(32.785758972168,5.60645866394,
    -2.099999904633));
#4978 = LINE('',#4979,#4980);
#4979 = CARTESIAN_POINT('',(31.438180923462,5.300000190735,
    -0.10000000149));
#4980 = VECTOR('',#4981,1.);
#4981 = DIRECTION('',(0.554325026201,0.126061419116,-0.822698173049));
#4982 = ORIENTED_EDGE('',*,*,#4983,.F.);
#4983 = EDGE_CURVE('',#4936,#4976,#4984,.T.);
#4984 = LINE('',#4985,#4986);
#4985 = CARTESIAN_POINT('',(32.801818847656,5.300000190735,
    -2.099999904633));
#4986 = VECTOR('',#4987,1.);
#4987 = DIRECTION('',(-5.233292579533E-02,0.998629693569,0.));
#4988 = PLANE('',#4989);
#4989 = AXIS2_PLACEMENT_3D('',#4990,#4991,#4992);
#4990 = CARTESIAN_POINT('',(32.156299011455,5.381326777867,
    -1.159489384336));
#4991 = DIRECTION('',(-0.825453638952,-4.325768031227E-02,
    -0.562809970626));
#4992 = DIRECTION('',(0.563337283362,0.,-0.826227030043));
#4993 = ADVANCED_FACE('',(#4994),#5004,.T.);
#4994 = FACE_BOUND('',#4995,.T.);
#4995 = EDGE_LOOP('',(#4996,#4997,#4998));
#4996 = ORIENTED_EDGE('',*,*,#4975,.F.);
#4997 = ORIENTED_EDGE('',*,*,#3080,.F.);
#4998 = ORIENTED_EDGE('',*,*,#4999,.F.);
#4999 = EDGE_CURVE('',#4976,#3073,#5000,.T.);
#5000 = LINE('',#5001,#5002);
#5001 = CARTESIAN_POINT('',(32.785758972168,5.60645866394,
    -2.099999904633));
#5002 = VECTOR('',#5003,1.);
#5003 = DIRECTION('',(-0.560251538202,-5.888478688749E-02,0.826226842832
    ));
#5004 = PLANE('',#5005);
#5005 = AXIS2_PLACEMENT_3D('',#5006,#5007,#5008);
#5006 = CARTESIAN_POINT('',(32.087706427037,5.49045105877,
    -1.067274565076));
#5007 = DIRECTION('',(-0.825453346797,-4.326039811003E-02,
    -0.562810190221));
#5008 = DIRECTION('',(0.563337569519,3.469446951954E-18,-0.826226834936)
  );
#5009 = ADVANCED_FACE('',(#5010),#5027,.T.);
#5010 = FACE_BOUND('',#5011,.T.);
#5011 = EDGE_LOOP('',(#5012,#5013,#5021));
#5012 = ORIENTED_EDGE('',*,*,#4999,.T.);
#5013 = ORIENTED_EDGE('',*,*,#5014,.T.);
#5014 = EDGE_CURVE('',#3073,#5015,#5017,.T.);
#5015 = VERTEX_POINT('',#5016);
#5016 = CARTESIAN_POINT('',(32.73775100708,5.909559249878,
    -2.099999904633));
#5017 = LINE('',#5018,#5019);
#5018 = CARTESIAN_POINT('',(31.42959022522,5.463919639587,-0.10000000149
    ));
#5019 = VECTOR('',#5020,1.);
#5020 = DIRECTION('',(0.53811095535,0.183313519072,-0.822698458403));
#5021 = ORIENTED_EDGE('',*,*,#5022,.F.);
#5022 = EDGE_CURVE('',#4976,#5015,#5023,.T.);
#5023 = LINE('',#5024,#5025);
#5024 = CARTESIAN_POINT('',(32.785758972168,5.60645866394,
    -2.099999904633));
#5025 = VECTOR('',#5026,1.);
#5026 = DIRECTION('',(-0.15643938727,0.987687560978,0.));
#5027 = PLANE('',#5028);
#5028 = AXIS2_PLACEMENT_3D('',#5029,#5030,#5031);
#5029 = CARTESIAN_POINT('',(32.135273322417,5.619864401352,
    -1.159489392045));
#5030 = DIRECTION('',(-0.81640894646,-0.129310644775,-0.562810082788));
#5031 = DIRECTION('',(0.567575369944,0.,-0.823321443564));
#5032 = ADVANCED_FACE('',(#5033),#5043,.T.);
#5033 = FACE_BOUND('',#5034,.T.);
#5034 = EDGE_LOOP('',(#5035,#5036,#5037));
#5035 = ORIENTED_EDGE('',*,*,#5014,.F.);
#5036 = ORIENTED_EDGE('',*,*,#3072,.F.);
#5037 = ORIENTED_EDGE('',*,*,#5038,.F.);
#5038 = EDGE_CURVE('',#5015,#3065,#5039,.T.);
#5039 = LINE('',#5040,#5041);
#5040 = CARTESIAN_POINT('',(32.73775100708,5.909559249878,
    -2.099999904633));
#5041 = VECTOR('',#5042,1.);
#5042 = DIRECTION('',(-0.551026545078,-0.117124314174,0.826227354697));
#5043 = PLANE('',#5044);
#5044 = AXIS2_PLACEMENT_3D('',#5045,#5046,#5047);
#5045 = CARTESIAN_POINT('',(32.055649608119,5.721220985275,
    -1.06727455204));
#5046 = DIRECTION('',(-0.816411008624,-0.12930105469,-0.562809294747));
#5047 = DIRECTION('',(0.567573859441,0.,-0.823322484862));
#5048 = ADVANCED_FACE('',(#5049),#5066,.T.);
#5049 = FACE_BOUND('',#5050,.T.);
#5050 = EDGE_LOOP('',(#5051,#5052,#5060));
#5051 = ORIENTED_EDGE('',*,*,#5038,.T.);
#5052 = ORIENTED_EDGE('',*,*,#5053,.T.);
#5053 = EDGE_CURVE('',#3065,#5054,#5056,.T.);
#5054 = VERTEX_POINT('',#5055);
#5055 = CARTESIAN_POINT('',(32.658325195312,6.205981731415,
    -2.099999904633));
#5056 = LINE('',#5057,#5058);
#5057 = CARTESIAN_POINT('',(31.403913497925,5.626043319702,
    -0.10000000149));
#5058 = VECTOR('',#5059,1.);
#5059 = DIRECTION('',(0.516001398237,0.238557271076,-0.822698599387));
#5060 = ORIENTED_EDGE('',*,*,#5061,.F.);
#5061 = EDGE_CURVE('',#5015,#5054,#5062,.T.);
#5062 = LINE('',#5063,#5064);
#5063 = CARTESIAN_POINT('',(32.73775100708,5.909559249878,
    -2.099999904633));
#5064 = VECTOR('',#5065,1.);
#5065 = DIRECTION('',(-0.25881797254,0.965926113681,0.));
#5066 = PLANE('',#5067);
#5067 = AXIS2_PLACEMENT_3D('',#5068,#5069,#5070);
#5068 = CARTESIAN_POINT('',(32.089429226803,5.854897669369,
    -1.159489419261));
#5069 = DIRECTION('',(-0.798421645845,-0.213935485005,-0.562809455945));
#5070 = DIRECTION('',(0.576148567562,-1.387778780781E-17,-0.817344987197
    ));
#5071 = ADVANCED_FACE('',(#5072),#5082,.T.);
#5072 = FACE_BOUND('',#5073,.T.);
#5073 = EDGE_LOOP('',(#5074,#5075,#5076));
#5074 = ORIENTED_EDGE('',*,*,#5053,.F.);
#5075 = ORIENTED_EDGE('',*,*,#3064,.F.);
#5076 = ORIENTED_EDGE('',*,*,#5077,.F.);
#5077 = EDGE_CURVE('',#5054,#3057,#5078,.T.);
#5078 = LINE('',#5079,#5080);
#5079 = CARTESIAN_POINT('',(32.658325195312,6.205981731415,
    -2.099999904633));
#5080 = VECTOR('',#5081,1.);
#5081 = DIRECTION('',(-0.535765394595,-0.174080593189,0.826227201821));
#5082 = PLANE('',#5083);
#5083 = AXIS2_PLACEMENT_3D('',#5084,#5085,#5086);
#5084 = CARTESIAN_POINT('',(31.999647053474,5.94737618468,
    -1.067274451381));
#5085 = DIRECTION('',(-0.798420623765,-0.213938605488,-0.562809719735));
#5086 = DIRECTION('',(0.576149240682,-1.387778780781E-17,-0.817344512713
    ));
#5087 = ADVANCED_FACE('',(#5088),#5105,.T.);
#5088 = FACE_BOUND('',#5089,.T.);
#5089 = EDGE_LOOP('',(#5090,#5091,#5099));
#5090 = ORIENTED_EDGE('',*,*,#5077,.T.);
#5091 = ORIENTED_EDGE('',*,*,#5092,.T.);
#5092 = EDGE_CURVE('',#3057,#5093,#5095,.T.);
#5093 = VERTEX_POINT('',#5094);
#5094 = CARTESIAN_POINT('',(32.548347473145,6.492477893829,
    -2.099999904633));
#5095 = LINE('',#5096,#5097);
#5096 = CARTESIAN_POINT('',(31.361429214478,5.784595012665,
    -0.10000000149));
#5097 = VECTOR('',#5098,1.);
#5098 = DIRECTION('',(0.488238189223,0.291187243568,-0.822698887666));
#5099 = ORIENTED_EDGE('',*,*,#5100,.F.);
#5100 = EDGE_CURVE('',#5054,#5093,#5101,.T.);
#5101 = LINE('',#5102,#5103);
#5102 = CARTESIAN_POINT('',(32.658325195312,6.205981731415,
    -2.099999904633));
#5103 = VECTOR('',#5104,1.);
#5104 = DIRECTION('',(-0.358374053622,0.933578083339,0.));
#5105 = PLANE('',#5106);
#5106 = AXIS2_PLACEMENT_3D('',#5107,#5108,#5109);
#5107 = CARTESIAN_POINT('',(32.019267717493,6.083851501334,
    -1.159489543727));
#5108 = DIRECTION('',(-0.771683153852,-0.296227198231,-0.562809521144));
#5109 = DIRECTION('',(0.589256838669,0.,-0.807945776697));
#5110 = ADVANCED_FACE('',(#5111),#5121,.T.);
#5111 = FACE_BOUND('',#5112,.T.);
#5112 = EDGE_LOOP('',(#5113,#5114,#5115));
#5113 = ORIENTED_EDGE('',*,*,#5092,.F.);
#5114 = ORIENTED_EDGE('',*,*,#3056,.F.);
#5115 = ORIENTED_EDGE('',*,*,#5116,.F.);
#5116 = EDGE_CURVE('',#5093,#3049,#5117,.T.);
#5117 = LINE('',#5118,#5119);
#5118 = CARTESIAN_POINT('',(32.548347473145,6.492477893829,
    -2.099999904633));
#5119 = VECTOR('',#5120,1.);
#5120 = DIRECTION('',(-0.51463351336,-0.229129743787,0.826227515542));
#5121 = PLANE('',#5122);
#5122 = AXIS2_PLACEMENT_3D('',#5123,#5124,#5125);
#5123 = CARTESIAN_POINT('',(31.920310157746,6.166438512384,
    -1.067274488362));
#5124 = DIRECTION('',(-0.771684589208,-0.296223994819,-0.562809239149));
#5125 = DIRECTION('',(0.589255930473,0.,-0.807946439068));
#5126 = ADVANCED_FACE('',(#5127),#5144,.T.);
#5127 = FACE_BOUND('',#5128,.T.);
#5128 = EDGE_LOOP('',(#5129,#5130,#5138));
#5129 = ORIENTED_EDGE('',*,*,#5116,.T.);
#5130 = ORIENTED_EDGE('',*,*,#5131,.T.);
#5131 = EDGE_CURVE('',#3049,#5132,#5134,.T.);
#5132 = VERTEX_POINT('',#5133);
#5133 = CARTESIAN_POINT('',(32.409030914307,6.765909194946,
    -2.099999904633));
#5134 = LINE('',#5135,#5136);
#5135 = CARTESIAN_POINT('',(31.302604675293,5.937837123871,
    -0.10000000149));
#5136 = VECTOR('',#5137,1.);
#5137 = DIRECTION('',(0.455127483883,0.340626735785,-0.822698243758));
#5138 = ORIENTED_EDGE('',*,*,#5139,.F.);
#5139 = EDGE_CURVE('',#5093,#5132,#5140,.T.);
#5140 = LINE('',#5141,#5142);
#5141 = CARTESIAN_POINT('',(32.548347473145,6.492477893829,
    -2.099999904633));
#5142 = VECTOR('',#5143,1.);
#5143 = DIRECTION('',(-0.453981062927,0.891011332422,0.));
#5144 = PLANE('',#5145);
#5145 = AXIS2_PLACEMENT_3D('',#5146,#5147,#5148);
#5146 = CARTESIAN_POINT('',(31.925558971726,6.304217051285,
    -1.159489125281));
#5147 = DIRECTION('',(-0.73649811112,-0.375254705707,-0.562809415488));
#5148 = DIRECTION('',(0.607181160225,0.,-0.79456342646));
#5149 = ADVANCED_FACE('',(#5150),#5160,.T.);
#5150 = FACE_BOUND('',#5151,.T.);
#5151 = EDGE_LOOP('',(#5152,#5153,#5154));
#5152 = ORIENTED_EDGE('',*,*,#5131,.F.);
#5153 = ORIENTED_EDGE('',*,*,#3048,.F.);
#5154 = ORIENTED_EDGE('',*,*,#5155,.F.);
#5155 = EDGE_CURVE('',#5132,#3041,#5156,.T.);
#5156 = LINE('',#5157,#5158);
#5157 = CARTESIAN_POINT('',(32.409030914307,6.765909194946,
    -2.099999904633));
#5158 = VECTOR('',#5159,1.);
#5159 = DIRECTION('',(-0.487864823938,-0.281668388443,0.826226865041));
#5160 = PLANE('',#5161);
#5161 = AXIS2_PLACEMENT_3D('',#5162,#5163,#5164);
#5162 = CARTESIAN_POINT('',(31.818512548171,6.37600793875,
    -1.067274579435));
#5163 = DIRECTION('',(-0.736493287433,-0.375263015167,-0.562810187376));
#5164 = DIRECTION('',(0.607184196601,-2.775557561563E-17,-0.794561106145
    ));
#5165 = ADVANCED_FACE('',(#5166),#5183,.T.);
#5166 = FACE_BOUND('',#5167,.T.);
#5167 = EDGE_LOOP('',(#5168,#5169,#5177));
#5168 = ORIENTED_EDGE('',*,*,#5155,.T.);
#5169 = ORIENTED_EDGE('',*,*,#5170,.T.);
#5170 = EDGE_CURVE('',#3041,#5171,#5173,.T.);
#5171 = VERTEX_POINT('',#5172);
#5172 = CARTESIAN_POINT('',(32.241889953613,7.023279666901,
    -2.099999904633));
#5173 = LINE('',#5174,#5175);
#5174 = CARTESIAN_POINT('',(31.228084564209,6.084090709686,
    -0.10000000149));
#5175 = VECTOR('',#5176,1.);
#5176 = DIRECTION('',(0.417028157259,0.386334738637,-0.822698599595));
#5177 = ORIENTED_EDGE('',*,*,#5178,.F.);
#5178 = EDGE_CURVE('',#5132,#5171,#5179,.T.);
#5179 = LINE('',#5180,#5181);
#5180 = CARTESIAN_POINT('',(32.409030914307,6.765909194946,
    -2.099999904633));
#5181 = VECTOR('',#5182,1.);
#5182 = DIRECTION('',(-0.544645044475,0.838666665326,0.));
#5183 = PLANE('',#5184);
#5184 = AXIS2_PLACEMENT_3D('',#5185,#5186,#5187);
#5185 = CARTESIAN_POINT('',(31.80932970238,6.513580377503,
    -1.159489674067));
#5186 = DIRECTION('',(-0.693230376853,-0.450196132794,-0.562809991583));
#5187 = DIRECTION('',(0.630295973017,-2.775557561563E-17,-0.776354935837
    ));
#5188 = ADVANCED_FACE('',(#5189),#5199,.T.);
#5189 = FACE_BOUND('',#5190,.T.);
#5190 = EDGE_LOOP('',(#5191,#5192,#5193));
#5191 = ORIENTED_EDGE('',*,*,#5170,.F.);
#5192 = ORIENTED_EDGE('',*,*,#3040,.F.);
#5193 = ORIENTED_EDGE('',*,*,#5194,.F.);
#5194 = EDGE_CURVE('',#5171,#3033,#5195,.T.);
#5195 = LINE('',#5196,#5197);
#5196 = CARTESIAN_POINT('',(32.241889953613,7.023279666901,
    -2.099999904633));
#5197 = VECTOR('',#5198,1.);
#5198 = DIRECTION('',(-0.455748977463,-0.331121196577,0.826227343241));
#5199 = PLANE('',#5200);
#5200 = AXIS2_PLACEMENT_3D('',#5201,#5202,#5203);
#5201 = CARTESIAN_POINT('',(31.695363665907,6.573788375938,
    -1.067274513401));
#5202 = DIRECTION('',(-0.693234614065,-0.45019032973,-0.56280941435));
#5203 = DIRECTION('',(0.630293261361,0.,-0.77635713733));
#5204 = ADVANCED_FACE('',(#5205),#5222,.T.);
#5205 = FACE_BOUND('',#5206,.T.);
#5206 = EDGE_LOOP('',(#5207,#5208,#5216));
#5207 = ORIENTED_EDGE('',*,*,#5194,.T.);
#5208 = ORIENTED_EDGE('',*,*,#5209,.T.);
#5209 = EDGE_CURVE('',#3033,#5210,#5212,.T.);
#5210 = VERTEX_POINT('',#5211);
#5211 = CARTESIAN_POINT('',(32.048767089844,7.261769294739,
    -2.099999904633));
#5212 = LINE('',#5213,#5214);
#5213 = CARTESIAN_POINT('',(31.13868522644,6.221754074097,-0.10000000149
    ));
#5214 = VECTOR('',#5215,1.);
#5215 = DIRECTION('',(0.374361447956,0.427809430725,-0.822698363477));
#5216 = ORIENTED_EDGE('',*,*,#5217,.F.);
#5217 = EDGE_CURVE('',#5171,#5210,#5218,.T.);
#5218 = LINE('',#5219,#5220);
#5219 = CARTESIAN_POINT('',(32.241889953613,7.023279666901,
    -2.099999904633));
#5220 = VECTOR('',#5221,1.);
#5221 = DIRECTION('',(-0.62931600434,0.777149513724,0.));
#5222 = PLANE('',#5223);
#5223 = AXIS2_PLACEMENT_3D('',#5224,#5225,#5226);
#5224 = CARTESIAN_POINT('',(31.671851875374,6.709647218678,
    -1.159489112577));
#5225 = DIRECTION('',(-0.642381365568,-0.520184169329,-0.562809569171));
#5226 = DIRECTION('',(0.658985841547,-2.775557561563E-17,-0.752155343424
    ));
#5227 = ADVANCED_FACE('',(#5228),#5238,.T.);
#5228 = FACE_BOUND('',#5229,.T.);
#5229 = EDGE_LOOP('',(#5230,#5231,#5232));
#5230 = ORIENTED_EDGE('',*,*,#5209,.F.);
#5231 = ORIENTED_EDGE('',*,*,#3032,.F.);
#5232 = ORIENTED_EDGE('',*,*,#5233,.F.);
#5233 = EDGE_CURVE('',#5210,#3025,#5234,.T.);
#5234 = LINE('',#5235,#5236);
#5235 = CARTESIAN_POINT('',(32.048767089844,7.261769294739,
    -2.099999904633));
#5236 = VECTOR('',#5237,1.);
#5237 = DIRECTION('',(-0.418641115663,-0.376945862151,0.826227228602));
#5238 = PLANE('',#5239);
#5239 = AXIS2_PLACEMENT_3D('',#5240,#5241,#5242);
#5240 = CARTESIAN_POINT('',(31.552218607042,6.757613020697,
    -1.06727466356));
#5241 = DIRECTION('',(-0.642382047465,-0.520183415594,-0.562809487514));
#5242 = DIRECTION('',(0.658985391709,-5.551115123126E-17,-0.75215573754)
  );
#5243 = ADVANCED_FACE('',(#5244),#5261,.T.);
#5244 = FACE_BOUND('',#5245,.T.);
#5245 = EDGE_LOOP('',(#5246,#5247,#5255));
#5246 = ORIENTED_EDGE('',*,*,#5233,.T.);
#5247 = ORIENTED_EDGE('',*,*,#5248,.T.);
#5248 = EDGE_CURVE('',#3025,#5249,#5251,.T.);
#5249 = VERTEX_POINT('',#5250);
#5250 = CARTESIAN_POINT('',(31.831769943237,7.478765487671,
    -2.099999904633));
#5251 = LINE('',#5252,#5253);
#5252 = CARTESIAN_POINT('',(31.035387039185,6.349318504333,
    -0.10000000149));
#5253 = VECTOR('',#5254,1.);
#5254 = DIRECTION('',(0.327591594833,0.464597289404,-0.822698672463));
#5255 = ORIENTED_EDGE('',*,*,#5256,.F.);
#5256 = EDGE_CURVE('',#5210,#5249,#5257,.T.);
#5257 = LINE('',#5258,#5259);
#5258 = CARTESIAN_POINT('',(32.048767089844,7.261769294739,
    -2.099999904633));
#5259 = VECTOR('',#5260,1.);
#5260 = DIRECTION('',(-0.70710833501,0.70710522736,0.));
#5261 = PLANE('',#5262);
#5262 = AXIS2_PLACEMENT_3D('',#5263,#5264,#5265);
#5263 = CARTESIAN_POINT('',(31.514634102456,6.890270037562,
    -1.159489525098));
#5264 = DIRECTION('',(-0.584483699247,-0.584486267989,-0.562809566236));
#5265 = DIRECTION('',(-0.70710833501,0.70710522736,-2.775557561563E-17)
  );
#5266 = ADVANCED_FACE('',(#5267),#5277,.T.);
#5267 = FACE_BOUND('',#5268,.T.);
#5268 = EDGE_LOOP('',(#5269,#5270,#5271));
#5269 = ORIENTED_EDGE('',*,*,#5248,.F.);
#5270 = ORIENTED_EDGE('',*,*,#3024,.F.);
#5271 = ORIENTED_EDGE('',*,*,#5272,.F.);
#5272 = EDGE_CURVE('',#5249,#3017,#5273,.T.);
#5273 = LINE('',#5274,#5275);
#5274 = CARTESIAN_POINT('',(31.831769943237,7.478765487671,
    -2.099999904633));
#5275 = VECTOR('',#5276,1.);
#5276 = DIRECTION('',(-0.376945924323,-0.418640790735,0.826227364876));
#5277 = PLANE('',#5278);
#5278 = AXIS2_PLACEMENT_3D('',#5279,#5280,#5281);
#5279 = CARTESIAN_POINT('',(31.390640982399,6.925467649888,
    -1.067274473405));
#5280 = DIRECTION('',(-0.584485053978,-0.584485053978,-0.562809420098));
#5281 = DIRECTION('',(-0.707106781187,0.707106781187,0.));
#5282 = ADVANCED_FACE('',(#5283),#5300,.T.);
#5283 = FACE_BOUND('',#5284,.T.);
#5284 = EDGE_LOOP('',(#5285,#5293,#5299));
#5285 = ORIENTED_EDGE('',*,*,#5286,.F.);
#5286 = EDGE_CURVE('',#5287,#4376,#5289,.T.);
#5287 = VERTEX_POINT('',#5288);
#5288 = CARTESIAN_POINT('',(31.593278884888,7.671890735626,
    -2.099999904633));
#5289 = LINE('',#5290,#5291);
#5290 = CARTESIAN_POINT('',(31.593278884888,7.671890735626,
    -2.099999904633));
#5291 = VECTOR('',#5292,1.);
#5292 = DIRECTION('',(-0.838670462891,0.544639196785,0.));
#5293 = ORIENTED_EDGE('',*,*,#5294,.T.);
#5294 = EDGE_CURVE('',#5287,#3009,#5295,.T.);
#5295 = LINE('',#5296,#5297);
#5296 = CARTESIAN_POINT('',(31.593278884888,7.671890735626,
    -2.099999904633));
#5297 = VECTOR('',#5298,1.);
#5298 = DIRECTION('',(-0.33112099146,-0.455749163262,0.826227322957));
#5299 = ORIENTED_EDGE('',*,*,#4407,.T.);
#5300 = PLANE('',#5301);
#5301 = AXIS2_PLACEMENT_3D('',#5302,#5303,#5304);
#5302 = CARTESIAN_POINT('',(31.148057748384,7.197456992051,
    -1.159489333382));
#5303 = DIRECTION('',(-0.450191485792,-0.693233803235,-0.562809488347));
#5304 = DIRECTION('',(2.775557561563E-17,0.630293755649,-0.776356736037)
  );
#5305 = ADVANCED_FACE('',(#5306),#5316,.T.);
#5306 = FACE_BOUND('',#5307,.T.);
#5307 = EDGE_LOOP('',(#5308,#5309,#5310));
#5308 = ORIENTED_EDGE('',*,*,#3016,.F.);
#5309 = ORIENTED_EDGE('',*,*,#5294,.F.);
#5310 = ORIENTED_EDGE('',*,*,#5311,.F.);
#5311 = EDGE_CURVE('',#3017,#5287,#5312,.T.);
#5312 = LINE('',#5313,#5314);
#5313 = CARTESIAN_POINT('',(30.919319152832,6.465386390686,
    -0.10000000149));
#5314 = VECTOR('',#5315,1.);
#5315 = DIRECTION('',(0.277232943211,0.496294859523,-0.822698795192));
#5316 = PLANE('',#5317);
#5317 = AXIS2_PLACEMENT_3D('',#5318,#5319,#5320);
#5318 = CARTESIAN_POINT('',(31.212402166732,7.075513260029,
    -1.067274394768));
#5319 = DIRECTION('',(-0.520183920641,-0.642381542996,-0.562809596511));
#5320 = DIRECTION('',(2.775557561563E-17,0.658985756684,-0.752155417775)
  );
#5321 = ADVANCED_FACE('',(#5322),#5332,.T.);
#5322 = FACE_BOUND('',#5323,.T.);
#5323 = EDGE_LOOP('',(#5324,#5325,#5326));
#5324 = ORIENTED_EDGE('',*,*,#5272,.T.);
#5325 = ORIENTED_EDGE('',*,*,#5311,.T.);
#5326 = ORIENTED_EDGE('',*,*,#5327,.F.);
#5327 = EDGE_CURVE('',#5249,#5287,#5328,.T.);
#5328 = LINE('',#5329,#5330);
#5329 = CARTESIAN_POINT('',(31.831769943237,7.478765487671,
    -2.099999904633));
#5330 = VECTOR('',#5331,1.);
#5331 = DIRECTION('',(-0.777147560181,0.629318416785,0.));
#5332 = PLANE('',#5333);
#5333 = AXIS2_PLACEMENT_3D('',#5334,#5335,#5336);
#5334 = CARTESIAN_POINT('',(31.339395538981,7.053469447459,
    -1.159489604266));
#5335 = DIRECTION('',(-0.520186250679,-0.642379858547,-0.562809365539));
#5336 = DIRECTION('',(0.,0.658986581274,-0.752154695326));
#5337 = ADVANCED_FACE('',(#5338),#5348,.T.);
#5338 = FACE_BOUND('',#5339,.T.);
#5339 = EDGE_LOOP('',(#5340,#5341,#5342));
#5340 = ORIENTED_EDGE('',*,*,#4391,.F.);
#5341 = ORIENTED_EDGE('',*,*,#3000,.F.);
#5342 = ORIENTED_EDGE('',*,*,#5343,.F.);
#5343 = EDGE_CURVE('',#4378,#2993,#5344,.T.);
#5344 = LINE('',#5345,#5346);
#5345 = CARTESIAN_POINT('',(31.062477111816,7.978349208832,
    -2.099999904633));
#5346 = VECTOR('',#5347,1.);
#5347 = DIRECTION('',(-0.229129324038,-0.514633849449,0.826227422607));
#5348 = PLANE('',#5349);
#5349 = AXIS2_PLACEMENT_3D('',#5350,#5351,#5352);
#5350 = CARTESIAN_POINT('',(30.813917434044,7.315815338561,
    -1.067274560193));
#5351 = DIRECTION('',(-0.375263289686,-0.736493826205,-0.562809299297));
#5352 = DIRECTION('',(0.,0.607183311305,-0.794561782666));
#5353 = ADVANCED_FACE('',(#5354),#5378,.T.);
#5354 = FACE_BOUND('',#5355,.T.);
#5355 = EDGE_LOOP('',(#5356,#5366,#5372));
#5356 = ORIENTED_EDGE('',*,*,#5357,.F.);
#5357 = EDGE_CURVE('',#5358,#5360,#5362,.T.);
#5358 = VERTEX_POINT('',#5359);
#5359 = CARTESIAN_POINT('',(30.479558944702,8.167751312256,
    -2.099999904633));
#5360 = VERTEX_POINT('',#5361);
#5361 = CARTESIAN_POINT('',(30.176458358765,8.215757369995,
    -2.099999904633));
#5362 = LINE('',#5363,#5364);
#5363 = CARTESIAN_POINT('',(30.479558944702,8.167751312256,
    -2.099999904633));
#5364 = VECTOR('',#5365,1.);
#5365 = DIRECTION('',(-0.987688521308,0.156433324059,0.));
#5366 = ORIENTED_EDGE('',*,*,#5367,.T.);
#5367 = EDGE_CURVE('',#5358,#2977,#5368,.T.);
#5368 = LINE('',#5369,#5370);
#5369 = CARTESIAN_POINT('',(30.479558944702,8.167751312256,
    -2.099999904633));
#5370 = VECTOR('',#5371,1.);
#5371 = DIRECTION('',(-0.117124301461,-0.551026682254,0.826227265013));
#5372 = ORIENTED_EDGE('',*,*,#5373,.T.);
#5373 = EDGE_CURVE('',#2977,#5360,#5374,.T.);
#5374 = LINE('',#5375,#5376);
#5375 = CARTESIAN_POINT('',(30.196043014526,6.833913326263,
    -0.10000000149));
#5376 = VECTOR('',#5377,1.);
#5377 = DIRECTION('',(-8.056135332286E-03,0.568420643174,-0.82269865145)
  );
#5378 = PLANE('',#5379);
#5379 = AXIS2_PLACEMENT_3D('',#5380,#5381,#5382);
#5380 = CARTESIAN_POINT('',(30.265798603684,7.553246567727,
    -1.159489358486));
#5381 = DIRECTION('',(-0.12930569052,-0.816410103376,-0.562809542834));
#5382 = DIRECTION('',(0.,0.567574455633,-0.823322073865));
#5383 = ADVANCED_FACE('',(#5384),#5394,.T.);
#5384 = FACE_BOUND('',#5385,.T.);
#5385 = EDGE_LOOP('',(#5386,#5387,#5388));
#5386 = ORIENTED_EDGE('',*,*,#5373,.F.);
#5387 = ORIENTED_EDGE('',*,*,#2976,.F.);
#5388 = ORIENTED_EDGE('',*,*,#5389,.F.);
#5389 = EDGE_CURVE('',#5360,#2969,#5390,.T.);
#5390 = LINE('',#5391,#5392);
#5391 = CARTESIAN_POINT('',(30.176458358765,8.215757369995,
    -2.099999904633));
#5392 = VECTOR('',#5393,1.);
#5393 = DIRECTION('',(-5.888442677109E-02,-0.560250875414,0.826227317923
    ));
#5394 = PLANE('',#5395);
#5395 = AXIS2_PLACEMENT_3D('',#5396,#5397,#5398);
#5396 = CARTESIAN_POINT('',(30.144797981018,7.508840959865,
    -1.067274701899));
#5397 = DIRECTION('',(-0.129306461842,-0.816410024152,-0.562809480543));
#5398 = DIRECTION('',(-6.938893903907E-18,0.567574450386,-0.823322077482
    ));
#5399 = ADVANCED_FACE('',(#5400),#5410,.T.);
#5400 = FACE_BOUND('',#5401,.T.);
#5401 = EDGE_LOOP('',(#5402,#5403,#5404));
#5402 = ORIENTED_EDGE('',*,*,#2984,.F.);
#5403 = ORIENTED_EDGE('',*,*,#5367,.F.);
#5404 = ORIENTED_EDGE('',*,*,#5405,.F.);
#5405 = EDGE_CURVE('',#2985,#5358,#5406,.T.);
#5406 = LINE('',#5407,#5408);
#5407 = CARTESIAN_POINT('',(30.354595184326,6.791429519653,
    -0.10000000149));
#5408 = VECTOR('',#5409,1.);
#5409 = DIRECTION('',(5.140375628382E-02,0.56614901618,-0.822698575007)
  );
#5410 = PLANE('',#5411);
#5411 = AXIS2_PLACEMENT_3D('',#5412,#5413,#5414);
#5412 = CARTESIAN_POINT('',(30.374179138676,7.468016502429,
    -1.067274385621));
#5413 = DIRECTION('',(-0.21393578984,-0.79842147829,-0.562809577771));
#5414 = DIRECTION('',(1.387778780781E-17,0.576148731651,-0.817344871531)
  );
#5415 = ADVANCED_FACE('',(#5416),#5433,.T.);
#5416 = FACE_BOUND('',#5417,.T.);
#5417 = EDGE_LOOP('',(#5418,#5426,#5432));
#5418 = ORIENTED_EDGE('',*,*,#5419,.F.);
#5419 = EDGE_CURVE('',#5420,#5358,#5422,.T.);
#5420 = VERTEX_POINT('',#5421);
#5421 = CARTESIAN_POINT('',(30.775981903076,8.088324546814,
    -2.099999904633));
#5422 = LINE('',#5423,#5424);
#5423 = CARTESIAN_POINT('',(30.775981903076,8.088324546814,
    -2.099999904633));
#5424 = VECTOR('',#5425,1.);
#5425 = DIRECTION('',(-0.965925440854,0.258820483561,0.));
#5426 = ORIENTED_EDGE('',*,*,#5427,.T.);
#5427 = EDGE_CURVE('',#5420,#2985,#5428,.T.);
#5428 = LINE('',#5429,#5430);
#5429 = CARTESIAN_POINT('',(30.775981903076,8.088324546814,
    -2.099999904633));
#5430 = VECTOR('',#5431,1.);
#5431 = DIRECTION('',(-0.174080629934,-0.535765113708,0.82622737622));
#5432 = ORIENTED_EDGE('',*,*,#5405,.T.);
#5433 = PLANE('',#5434);
#5434 = AXIS2_PLACEMENT_3D('',#5435,#5436,#5437);
#5435 = CARTESIAN_POINT('',(30.499159190432,7.499530839595,
    -1.159489548134));
#5436 = DIRECTION('',(-0.21393756479,-0.798421105401,-0.562809432066));
#5437 = DIRECTION('',(0.,0.576148811765,-0.817344815058));
#5438 = ADVANCED_FACE('',(#5439),#5449,.T.);
#5439 = FACE_BOUND('',#5440,.T.);
#5440 = EDGE_LOOP('',(#5441,#5442,#5443));
#5441 = ORIENTED_EDGE('',*,*,#2992,.F.);
#5442 = ORIENTED_EDGE('',*,*,#5427,.F.);
#5443 = ORIENTED_EDGE('',*,*,#5444,.F.);
#5444 = EDGE_CURVE('',#2993,#5420,#5445,.T.);
#5445 = LINE('',#5446,#5447);
#5446 = CARTESIAN_POINT('',(30.507837295532,6.732605457306,
    -0.10000000149));
#5447 = VECTOR('',#5448,1.);
#5448 = DIRECTION('',(0.110301115755,0.55767419525,-0.822698702937));
#5449 = PLANE('',#5450);
#5450 = AXIS2_PLACEMENT_3D('',#5451,#5452,#5453);
#5451 = CARTESIAN_POINT('',(30.598037070623,7.403438594439,
    -1.067274527541));
#5452 = DIRECTION('',(-0.296221860331,-0.771685284067,-0.56280940985));
#5453 = DIRECTION('',(0.,0.58925570078,-0.807946606589));
#5454 = ADVANCED_FACE('',(#5455),#5465,.T.);
#5455 = FACE_BOUND('',#5456,.T.);
#5456 = EDGE_LOOP('',(#5457,#5463,#5464));
#5457 = ORIENTED_EDGE('',*,*,#5458,.F.);
#5458 = EDGE_CURVE('',#4378,#5420,#5459,.T.);
#5459 = LINE('',#5460,#5461);
#5460 = CARTESIAN_POINT('',(31.062477111816,7.978349208832,
    -2.099999904633));
#5461 = VECTOR('',#5462,1.);
#5462 = DIRECTION('',(-0.933580283529,0.358368321991,0.));
#5463 = ORIENTED_EDGE('',*,*,#5343,.T.);
#5464 = ORIENTED_EDGE('',*,*,#5444,.T.);
#5465 = PLANE('',#5466);
#5466 = AXIS2_PLACEMENT_3D('',#5467,#5468,#5469);
#5467 = CARTESIAN_POINT('',(30.725625956586,7.421716290122,
    -1.159489226786));
#5468 = DIRECTION('',(-0.296222500891,-0.771685077612,-0.562809355783));
#5469 = DIRECTION('',(2.775557561563E-17,0.589255766737,-0.807946558485)
  );
#5470 = ADVANCED_FACE('',(#5471),#5495,.T.);
#5471 = FACE_BOUND('',#5472,.T.);
#5472 = EDGE_LOOP('',(#5473,#5483,#5489));
#5473 = ORIENTED_EDGE('',*,*,#5474,.F.);
#5474 = EDGE_CURVE('',#5475,#5477,#5479,.T.);
#5475 = VERTEX_POINT('',#5476);
#5476 = CARTESIAN_POINT('',(29.870000839233,8.231818199158,
    -2.099999904633));
#5477 = VERTEX_POINT('',#5478);
#5478 = CARTESIAN_POINT('',(29.563541412354,8.215757369995,
    -2.099999904633));
#5479 = LINE('',#5480,#5481);
#5480 = CARTESIAN_POINT('',(29.870000839233,8.231818199158,
    -2.099999904633));
#5481 = VECTOR('',#5482,1.);
#5482 = DIRECTION('',(-0.998629539666,-5.233586252053E-02,0.));
#5483 = ORIENTED_EDGE('',*,*,#5484,.T.);
#5484 = EDGE_CURVE('',#5475,#2961,#5485,.T.);
#5485 = LINE('',#5486,#5487);
#5486 = CARTESIAN_POINT('',(29.870000839233,8.231818199158,
    -2.099999904633));
#5487 = VECTOR('',#5488,1.);
#5488 = DIRECTION('',(0.,-0.56333687994,0.826227305104));
#5489 = ORIENTED_EDGE('',*,*,#5490,.T.);
#5490 = EDGE_CURVE('',#2961,#5477,#5491,.T.);
#5491 = LINE('',#5492,#5493);
#5492 = CARTESIAN_POINT('',(29.870000839233,6.868181705475,
    -0.10000000149));
#5493 = VECTOR('',#5494,1.);
#5494 = DIRECTION('',(-0.126061873708,0.55432431941,-0.822698579619));
#5495 = PLANE('',#5496);
#5496 = AXIS2_PLACEMENT_3D('',#5497,#5498,#5499);
#5497 = CARTESIAN_POINT('',(29.78867398909,7.586298922435,-1.15948959022
    ));
#5498 = DIRECTION('',(4.326012425577E-02,-0.825453826322,-0.562809507968
    ));
#5499 = DIRECTION('',(-6.938893903907E-18,0.56333687994,-0.826227305104)
  );
#5500 = ADVANCED_FACE('',(#5501),#5511,.T.);
#5501 = FACE_BOUND('',#5502,.T.);
#5502 = EDGE_LOOP('',(#5503,#5504,#5505));
#5503 = ORIENTED_EDGE('',*,*,#5490,.F.);
#5504 = ORIENTED_EDGE('',*,*,#2960,.F.);
#5505 = ORIENTED_EDGE('',*,*,#5506,.F.);
#5506 = EDGE_CURVE('',#5477,#2953,#5507,.T.);
#5507 = LINE('',#5508,#5509);
#5508 = CARTESIAN_POINT('',(29.563541412354,8.215757369995,
    -2.099999904633));
#5509 = VECTOR('',#5510,1.);
#5510 = DIRECTION('',(5.888442677109E-02,-0.560250875414,0.826227317923)
  );
#5511 = PLANE('',#5512);
#5512 = AXIS2_PLACEMENT_3D('',#5513,#5514,#5515);
#5513 = CARTESIAN_POINT('',(29.679549063209,7.51770579633,
    -1.067274180837));
#5514 = DIRECTION('',(4.325992101833E-02,-0.82545384817,-0.562809491546)
  );
#5515 = DIRECTION('',(0.,0.563336858541,-0.826227319694));
#5516 = ADVANCED_FACE('',(#5517),#5534,.T.);
#5517 = FACE_BOUND('',#5518,.T.);
#5518 = EDGE_LOOP('',(#5519,#5520,#5528));
#5519 = ORIENTED_EDGE('',*,*,#5506,.T.);
#5520 = ORIENTED_EDGE('',*,*,#5521,.T.);
#5521 = EDGE_CURVE('',#2953,#5522,#5524,.T.);
#5522 = VERTEX_POINT('',#5523);
#5523 = CARTESIAN_POINT('',(29.260440826416,8.167751312256,
    -2.099999904633));
#5524 = LINE('',#5525,#5526);
#5525 = CARTESIAN_POINT('',(29.706079483032,6.859591007233,
    -0.10000000149));
#5526 = VECTOR('',#5527,1.);
#5527 = DIRECTION('',(-0.18331315931,0.538110854697,-0.8226986044));
#5528 = ORIENTED_EDGE('',*,*,#5529,.F.);
#5529 = EDGE_CURVE('',#5477,#5522,#5530,.T.);
#5530 = LINE('',#5531,#5532);
#5531 = CARTESIAN_POINT('',(29.563541412354,8.215757369995,
    -2.099999904633));
#5532 = VECTOR('',#5533,1.);
#5533 = DIRECTION('',(-0.987688521308,-0.156433324059,0.));
#5534 = PLANE('',#5535);
#5535 = AXIS2_PLACEMENT_3D('',#5536,#5537,#5538);
#5536 = CARTESIAN_POINT('',(29.550135217207,7.565273323109,
    -1.159489358671));
#5537 = DIRECTION('',(0.129305695144,-0.816410132572,-0.562809499419));
#5538 = DIRECTION('',(1.387778780781E-17,0.567574412196,-0.823322103809)
  );
#5539 = ADVANCED_FACE('',(#5540),#5550,.T.);
#5540 = FACE_BOUND('',#5541,.T.);
#5541 = EDGE_LOOP('',(#5542,#5543,#5544));
#5542 = ORIENTED_EDGE('',*,*,#5521,.F.);
#5543 = ORIENTED_EDGE('',*,*,#2952,.F.);
#5544 = ORIENTED_EDGE('',*,*,#5545,.F.);
#5545 = EDGE_CURVE('',#5522,#2945,#5546,.T.);
#5546 = LINE('',#5547,#5548);
#5547 = CARTESIAN_POINT('',(29.260440826416,8.167751312256,
    -2.099999904633));
#5548 = VECTOR('',#5549,1.);
#5549 = DIRECTION('',(0.117124301461,-0.551026682254,0.826227265013));
#5550 = PLANE('',#5551);
#5551 = AXIS2_PLACEMENT_3D('',#5552,#5553,#5554);
#5552 = CARTESIAN_POINT('',(29.448778811044,7.485650013152,
    -1.067274703817));
#5553 = DIRECTION('',(0.129306453197,-0.816409969567,-0.56280956171));
#5554 = DIRECTION('',(6.938893903907E-18,0.567574531594,-0.823322021499)
  );
#5555 = ADVANCED_FACE('',(#5556),#5573,.T.);
#5556 = FACE_BOUND('',#5557,.T.);
#5557 = EDGE_LOOP('',(#5558,#5559,#5567));
#5558 = ORIENTED_EDGE('',*,*,#5545,.T.);
#5559 = ORIENTED_EDGE('',*,*,#5560,.T.);
#5560 = EDGE_CURVE('',#2945,#5561,#5563,.T.);
#5561 = VERTEX_POINT('',#5562);
#5562 = CARTESIAN_POINT('',(28.964017868042,8.088324546814,
    -2.099999904633));
#5563 = LINE('',#5564,#5565);
#5564 = CARTESIAN_POINT('',(29.543956756592,6.833913326263,
    -0.10000000149));
#5565 = VECTOR('',#5566,1.);
#5566 = DIRECTION('',(-0.238557480205,0.516001230171,-0.822698644158));
#5567 = ORIENTED_EDGE('',*,*,#5568,.F.);
#5568 = EDGE_CURVE('',#5522,#5561,#5569,.T.);
#5569 = LINE('',#5570,#5571);
#5570 = CARTESIAN_POINT('',(29.260440826416,8.167751312256,
    -2.099999904633));
#5571 = VECTOR('',#5572,1.);
#5572 = DIRECTION('',(-0.965925440854,-0.258820483561,0.));
#5573 = PLANE('',#5574);
#5574 = AXIS2_PLACEMENT_3D('',#5575,#5576,#5577);
#5575 = CARTESIAN_POINT('',(29.315102258566,7.519429138672,
    -1.159489546733));
#5576 = DIRECTION('',(0.213937546894,-0.798421038612,-0.562809533618));
#5577 = DIRECTION('',(0.,0.576148913412,-0.817344743406));
#5578 = ADVANCED_FACE('',(#5579),#5589,.T.);
#5579 = FACE_BOUND('',#5580,.T.);
#5580 = EDGE_LOOP('',(#5581,#5582,#5583));
#5581 = ORIENTED_EDGE('',*,*,#5560,.F.);
#5582 = ORIENTED_EDGE('',*,*,#2944,.F.);
#5583 = ORIENTED_EDGE('',*,*,#5584,.F.);
#5584 = EDGE_CURVE('',#5561,#2937,#5585,.T.);
#5585 = LINE('',#5586,#5587);
#5586 = CARTESIAN_POINT('',(28.964017868042,8.088324546814,
    -2.099999904633));
#5587 = VECTOR('',#5588,1.);
#5588 = DIRECTION('',(0.174080629934,-0.535765113708,0.82622737622));
#5589 = PLANE('',#5590);
#5590 = AXIS2_PLACEMENT_3D('',#5591,#5592,#5593);
#5591 = CARTESIAN_POINT('',(29.222623558459,7.429646730713,
    -1.067274382162));
#5592 = DIRECTION('',(0.213935823298,-0.798421603156,-0.562809387913));
#5593 = DIRECTION('',(0.,0.576148541615,-0.817345005487));
#5594 = ADVANCED_FACE('',(#5595),#5612,.T.);
#5595 = FACE_BOUND('',#5596,.T.);
#5596 = EDGE_LOOP('',(#5597,#5598,#5606));
#5597 = ORIENTED_EDGE('',*,*,#5584,.T.);
#5598 = ORIENTED_EDGE('',*,*,#5599,.T.);
#5599 = EDGE_CURVE('',#2937,#5600,#5602,.T.);
#5600 = VERTEX_POINT('',#5601);
#5601 = CARTESIAN_POINT('',(28.677522659302,7.978349208832,
    -2.099999904633));
#5602 = LINE('',#5603,#5604);
#5603 = CARTESIAN_POINT('',(29.385404586792,6.791429519653,
    -0.10000000149));
#5604 = VECTOR('',#5605,1.);
#5605 = DIRECTION('',(-0.291186800879,0.488238693164,-0.822698745283));
#5606 = ORIENTED_EDGE('',*,*,#5607,.F.);
#5607 = EDGE_CURVE('',#5561,#5600,#5608,.T.);
#5608 = LINE('',#5609,#5610);
#5609 = CARTESIAN_POINT('',(28.964017868042,8.088324546814,
    -2.099999904633));
#5610 = VECTOR('',#5611,1.);
#5611 = DIRECTION('',(-0.933580283529,-0.358368321991,0.));
#5612 = PLANE('',#5613);
#5613 = AXIS2_PLACEMENT_3D('',#5614,#5615,#5616);
#5614 = CARTESIAN_POINT('',(29.08614842773,7.449267948301,
    -1.159489226662));
#5615 = DIRECTION('',(0.296222491696,-0.771685053659,-0.562809393466));
#5616 = DIRECTION('',(0.,0.589255804431,-0.807946530993));
#5617 = ADVANCED_FACE('',(#5618),#5628,.T.);
#5618 = FACE_BOUND('',#5619,.T.);
#5619 = EDGE_LOOP('',(#5620,#5621,#5622));
#5620 = ORIENTED_EDGE('',*,*,#5599,.F.);
#5621 = ORIENTED_EDGE('',*,*,#2936,.F.);
#5622 = ORIENTED_EDGE('',*,*,#5623,.F.);
#5623 = EDGE_CURVE('',#5600,#2929,#5624,.T.);
#5624 = LINE('',#5625,#5626);
#5625 = CARTESIAN_POINT('',(28.677522659302,7.978349208832,
    -2.099999904633));
#5626 = VECTOR('',#5627,1.);
#5627 = DIRECTION('',(0.229129324038,-0.514633849449,0.826227422607));
#5628 = PLANE('',#5629);
#5629 = AXIS2_PLACEMENT_3D('',#5630,#5631,#5632);
#5630 = CARTESIAN_POINT('',(29.003561537603,7.350311300857,
    -1.067274525838));
#5631 = DIRECTION('',(0.296221877522,-0.77168532885,-0.5628093394));
#5632 = DIRECTION('',(0.,0.589255630308,-0.807946657986));
#5633 = ADVANCED_FACE('',(#5634),#5651,.T.);
#5634 = FACE_BOUND('',#5635,.T.);
#5635 = EDGE_LOOP('',(#5636,#5637,#5645));
#5636 = ORIENTED_EDGE('',*,*,#5623,.T.);
#5637 = ORIENTED_EDGE('',*,*,#5638,.T.);
#5638 = EDGE_CURVE('',#2929,#5639,#5641,.T.);
#5639 = VERTEX_POINT('',#5640);
#5640 = CARTESIAN_POINT('',(28.404090881348,7.839028835297,
    -2.099999904633));
#5641 = LINE('',#5642,#5643);
#5642 = CARTESIAN_POINT('',(29.232162475586,6.732605457306,
    -0.10000000149));
#5643 = VECTOR('',#5644,1.);
#5644 = DIRECTION('',(-0.340626744847,0.455126581192,-0.822698739386));
#5645 = ORIENTED_EDGE('',*,*,#5646,.F.);
#5646 = EDGE_CURVE('',#5600,#5639,#5647,.T.);
#5647 = LINE('',#5648,#5649);
#5648 = CARTESIAN_POINT('',(28.677522659302,7.978349208832,
    -2.099999904633));
#5649 = VECTOR('',#5650,1.);
#5650 = DIRECTION('',(-0.89100662441,-0.453990303043,0.));
#5651 = PLANE('',#5652);
#5652 = AXIS2_PLACEMENT_3D('',#5653,#5654,#5655);
#5653 = CARTESIAN_POINT('',(28.865782809199,7.355559497664,
    -1.159489532239));
#5654 = DIRECTION('',(0.375262371681,-0.736494274918,-0.562809324207));
#5655 = DIRECTION('',(2.775557561563E-17,0.607183094723,-0.794561948171)
  );
#5656 = ADVANCED_FACE('',(#5657),#5667,.T.);
#5657 = FACE_BOUND('',#5658,.T.);
#5658 = EDGE_LOOP('',(#5659,#5660,#5661));
#5659 = ORIENTED_EDGE('',*,*,#5638,.F.);
#5660 = ORIENTED_EDGE('',*,*,#2928,.F.);
#5661 = ORIENTED_EDGE('',*,*,#5662,.F.);
#5662 = EDGE_CURVE('',#5639,#2921,#5663,.T.);
#5663 = LINE('',#5664,#5665);
#5664 = CARTESIAN_POINT('',(28.404090881348,7.839028835297,
    -2.099999904633));
#5665 = VECTOR('',#5666,1.);
#5666 = DIRECTION('',(0.281668369499,-0.487863950393,0.826227387304));
#5667 = PLANE('',#5668);
#5668 = AXIS2_PLACEMENT_3D('',#5669,#5670,#5671);
#5669 = CARTESIAN_POINT('',(28.793991899222,7.24851193558,
    -1.067274559897));
#5670 = DIRECTION('',(0.375263256577,-0.736493761226,-0.562809406405));
#5671 = DIRECTION('',(-2.775557561563E-17,0.607183418077,-0.794561701073
    ));
#5672 = ADVANCED_FACE('',(#5673),#5690,.T.);
#5673 = FACE_BOUND('',#5674,.T.);
#5674 = EDGE_LOOP('',(#5675,#5676,#5684));
#5675 = ORIENTED_EDGE('',*,*,#5662,.T.);
#5676 = ORIENTED_EDGE('',*,*,#5677,.T.);
#5677 = EDGE_CURVE('',#2921,#5678,#5680,.T.);
#5678 = VERTEX_POINT('',#5679);
#5679 = CARTESIAN_POINT('',(28.14672088623,7.671890735626,
    -2.099999904633));
#5680 = LINE('',#5681,#5682);
#5681 = CARTESIAN_POINT('',(29.085908889771,6.658085346222,
    -0.10000000149));
#5682 = VECTOR('',#5683,1.);
#5683 = DIRECTION('',(-0.386334404896,0.417028220462,-0.82269872428));
#5684 = ORIENTED_EDGE('',*,*,#5685,.F.);
#5685 = EDGE_CURVE('',#5639,#5678,#5686,.T.);
#5686 = LINE('',#5687,#5688);
#5687 = CARTESIAN_POINT('',(28.404090881348,7.839028835297,
    -2.099999904633));
#5688 = VECTOR('',#5689,1.);
#5689 = DIRECTION('',(-0.838670462891,-0.544639196785,0.));
#5690 = PLANE('',#5691);
#5691 = AXIS2_PLACEMENT_3D('',#5692,#5693,#5694);
#5692 = CARTESIAN_POINT('',(28.656419722316,7.23932953468,
    -1.159489338951));
#5693 = DIRECTION('',(0.450191525519,-0.69323386441,-0.562809381216));
#5694 = DIRECTION('',(2.775557561563E-17,0.630293649811,-0.776356821963)
  );
#5695 = ADVANCED_FACE('',(#5696),#5706,.T.);
#5696 = FACE_BOUND('',#5697,.T.);
#5697 = EDGE_LOOP('',(#5698,#5699,#5700));
#5698 = ORIENTED_EDGE('',*,*,#5677,.F.);
#5699 = ORIENTED_EDGE('',*,*,#2920,.F.);
#5700 = ORIENTED_EDGE('',*,*,#5701,.F.);
#5701 = EDGE_CURVE('',#5678,#2913,#5702,.T.);
#5702 = LINE('',#5703,#5704);
#5703 = CARTESIAN_POINT('',(28.14672088623,7.671890735626,
    -2.099999904633));
#5704 = VECTOR('',#5705,1.);
#5705 = DIRECTION('',(0.33112099146,-0.455749163262,0.826227322957));
#5706 = PLANE('',#5707);
#5707 = AXIS2_PLACEMENT_3D('',#5708,#5709,#5710);
#5708 = CARTESIAN_POINT('',(28.596211793797,7.125364336397,
    -1.067274538422));
#5709 = DIRECTION('',(0.450193070771,-0.69323273612,-0.562809534924));
#5710 = DIRECTION('',(-2.775557561563E-17,0.630294371875,-0.776356235747
    ));
#5711 = ADVANCED_FACE('',(#5712),#5729,.T.);
#5712 = FACE_BOUND('',#5713,.T.);
#5713 = EDGE_LOOP('',(#5714,#5715,#5723));
#5714 = ORIENTED_EDGE('',*,*,#5701,.T.);
#5715 = ORIENTED_EDGE('',*,*,#5716,.T.);
#5716 = EDGE_CURVE('',#2913,#5717,#5719,.T.);
#5717 = VERTEX_POINT('',#5718);
#5718 = CARTESIAN_POINT('',(27.908229827881,7.478765487671,
    -2.099999904633));
#5719 = LINE('',#5720,#5721);
#5720 = CARTESIAN_POINT('',(28.948246002197,6.568685531616,
    -0.10000000149));
#5721 = VECTOR('',#5722,1.);
#5722 = DIRECTION('',(-0.427809876876,0.374360710498,-0.822698467048));
#5723 = ORIENTED_EDGE('',*,*,#5724,.F.);
#5724 = EDGE_CURVE('',#5678,#5717,#5725,.T.);
#5725 = LINE('',#5726,#5727);
#5726 = CARTESIAN_POINT('',(28.14672088623,7.671890735626,
    -2.099999904633));
#5727 = VECTOR('',#5728,1.);
#5728 = DIRECTION('',(-0.777147560181,-0.629318416785,0.));
#5729 = PLANE('',#5730);
#5730 = AXIS2_PLACEMENT_3D('',#5731,#5732,#5733);
#5731 = CARTESIAN_POINT('',(28.460352514308,7.101852045049,
    -1.159489591667));
#5732 = DIRECTION('',(0.520186181698,-0.642379773362,-0.562809526523));
#5733 = DIRECTION('',(-2.775557561563E-17,0.658986737351,-0.752154558582
    ));
#5734 = ADVANCED_FACE('',(#5735),#5745,.T.);
#5735 = FACE_BOUND('',#5736,.T.);
#5736 = EDGE_LOOP('',(#5737,#5738,#5739));
#5737 = ORIENTED_EDGE('',*,*,#5716,.F.);
#5738 = ORIENTED_EDGE('',*,*,#2912,.F.);
#5739 = ORIENTED_EDGE('',*,*,#5740,.F.);
#5740 = EDGE_CURVE('',#5717,#2905,#5741,.T.);
#5741 = LINE('',#5742,#5743);
#5742 = CARTESIAN_POINT('',(27.908229827881,7.478765487671,
    -2.099999904633));
#5743 = VECTOR('',#5744,1.);
#5744 = DIRECTION('',(0.376945924323,-0.418640790735,0.826227364876));
#5745 = PLANE('',#5746);
#5746 = AXIS2_PLACEMENT_3D('',#5747,#5748,#5749);
#5747 = CARTESIAN_POINT('',(28.412386477726,6.982217617903,
    -1.067274400293));
#5748 = DIRECTION('',(0.520184049604,-0.642381702255,-0.56280929554));
#5749 = DIRECTION('',(0.,0.658985464889,-0.752155673425));
#5750 = ADVANCED_FACE('',(#5751),#5775,.T.);
#5751 = FACE_BOUND('',#5752,.T.);
#5752 = EDGE_LOOP('',(#5753,#5763,#5769));
#5753 = ORIENTED_EDGE('',*,*,#5754,.F.);
#5754 = EDGE_CURVE('',#5755,#5757,#5759,.T.);
#5755 = VERTEX_POINT('',#5756);
#5756 = CARTESIAN_POINT('',(27.498109817505,7.023279666901,
    -2.099999904633));
#5757 = VERTEX_POINT('',#5758);
#5758 = CARTESIAN_POINT('',(27.33097076416,6.765909194946,
    -2.099999904633));
#5759 = LINE('',#5760,#5761);
#5760 = CARTESIAN_POINT('',(27.498109817505,7.023279666901,
    -2.099999904633));
#5761 = VECTOR('',#5762,1.);
#5762 = DIRECTION('',(-0.544640672862,-0.838669504313,0.));
#5763 = ORIENTED_EDGE('',*,*,#5764,.T.);
#5764 = EDGE_CURVE('',#5755,#2889,#5765,.T.);
#5765 = LINE('',#5766,#5767);
#5766 = CARTESIAN_POINT('',(27.498109817505,7.023279666901,
    -2.099999904633));
#5767 = VECTOR('',#5768,1.);
#5768 = DIRECTION('',(0.455748977463,-0.331121196577,0.826227343241));
#5769 = ORIENTED_EDGE('',*,*,#5770,.T.);
#5770 = EDGE_CURVE('',#2889,#5757,#5771,.T.);
#5771 = LINE('',#5772,#5773);
#5772 = CARTESIAN_POINT('',(28.601314544678,6.221754074097,
    -0.10000000149));
#5773 = VECTOR('',#5774,1.);
#5774 = DIRECTION('',(-0.522555012288,0.223837822661,-0.822698540341));
#5775 = PLANE('',#5776);
#5776 = AXIS2_PLACEMENT_3D('',#5777,#5778,#5779);
#5777 = CARTESIAN_POINT('',(27.972542983121,6.578058231451,
    -1.159489498805));
#5778 = DIRECTION('',(0.693233013242,-0.450192707426,-0.562809484224));
#5779 = DIRECTION('',(0.630294185788,0.,0.776356386824));
#5780 = ADVANCED_FACE('',(#5781),#5791,.T.);
#5781 = FACE_BOUND('',#5782,.T.);
#5782 = EDGE_LOOP('',(#5783,#5784,#5785));
#5783 = ORIENTED_EDGE('',*,*,#5770,.F.);
#5784 = ORIENTED_EDGE('',*,*,#2888,.F.);
#5785 = ORIENTED_EDGE('',*,*,#5786,.F.);
#5786 = EDGE_CURVE('',#5757,#2881,#5787,.T.);
#5787 = LINE('',#5788,#5789);
#5788 = CARTESIAN_POINT('',(27.33097076416,6.765909194946,
    -2.099999904633));
#5789 = VECTOR('',#5790,1.);
#5790 = DIRECTION('',(0.487864223528,-0.28166849672,0.826227182654));
#5791 = PLANE('',#5792);
#5792 = AXIS2_PLACEMENT_3D('',#5793,#5794,#5795);
#5793 = CARTESIAN_POINT('',(27.96389395224,6.449456901395,
    -1.067274517613));
#5794 = DIRECTION('',(0.69323444249,-0.450190218308,-0.56280971481));
#5795 = DIRECTION('',(0.630293558195,-2.775557561563E-17,0.776356896342)
  );
#5796 = ADVANCED_FACE('',(#5797),#5814,.T.);
#5797 = FACE_BOUND('',#5798,.T.);
#5798 = EDGE_LOOP('',(#5799,#5807,#5808));
#5799 = ORIENTED_EDGE('',*,*,#5800,.F.);
#5800 = EDGE_CURVE('',#5757,#5801,#5803,.T.);
#5801 = VERTEX_POINT('',#5802);
#5802 = CARTESIAN_POINT('',(27.191650390625,6.492477893829,
    -2.099999904633));
#5803 = LINE('',#5804,#5805);
#5804 = CARTESIAN_POINT('',(27.33097076416,6.765909194946,
    -2.099999904633));
#5805 = VECTOR('',#5806,1.);
#5806 = DIRECTION('',(-0.453990931579,-0.891006304155,0.));
#5807 = ORIENTED_EDGE('',*,*,#5786,.T.);
#5808 = ORIENTED_EDGE('',*,*,#5809,.T.);
#5809 = EDGE_CURVE('',#2881,#5801,#5810,.T.);
#5810 = LINE('',#5811,#5812);
#5811 = CARTESIAN_POINT('',(28.511915206909,6.084090709686,
    -0.10000000149));
#5812 = VECTOR('',#5813,1.);
#5813 = DIRECTION('',(-0.543089941564,0.167989761778,-0.822698459528));
#5814 = PLANE('',#5815);
#5815 = AXIS2_PLACEMENT_3D('',#5816,#5817,#5818);
#5816 = CARTESIAN_POINT('',(27.849343875546,6.372718486874,
    -1.159489437133));
#5817 = DIRECTION('',(0.736493784163,-0.375262776049,-0.56280969679));
#5818 = DIRECTION('',(0.607183603921,-2.775557561563E-17,0.794561559056)
  );
#5819 = ADVANCED_FACE('',(#5820),#5830,.T.);
#5820 = FACE_BOUND('',#5821,.T.);
#5821 = EDGE_LOOP('',(#5822,#5823,#5824));
#5822 = ORIENTED_EDGE('',*,*,#5809,.F.);
#5823 = ORIENTED_EDGE('',*,*,#2880,.F.);
#5824 = ORIENTED_EDGE('',*,*,#5825,.F.);
#5825 = EDGE_CURVE('',#5801,#2873,#5826,.T.);
#5826 = LINE('',#5827,#5828);
#5827 = CARTESIAN_POINT('',(27.191650390625,6.492477893829,
    -2.099999904633));
#5828 = VECTOR('',#5829,1.);
#5829 = DIRECTION('',(0.514634092624,-0.229129650873,0.826227180502));
#5830 = PLANE('',#5831);
#5831 = AXIS2_PLACEMENT_3D('',#5832,#5833,#5834);
#5832 = CARTESIAN_POINT('',(27.854184747404,6.243917725546,
    -1.067274569245));
#5833 = DIRECTION('',(0.736493606465,-0.375263177722,-0.562809661504));
#5834 = DIRECTION('',(0.607183672376,0.,0.794561506744));
#5835 = ADVANCED_FACE('',(#5836),#5860,.T.);
#5836 = FACE_BOUND('',#5837,.T.);
#5837 = EDGE_LOOP('',(#5838,#5848,#5854));
#5838 = ORIENTED_EDGE('',*,*,#5839,.F.);
#5839 = EDGE_CURVE('',#5840,#5842,#5844,.T.);
#5840 = VERTEX_POINT('',#5841);
#5841 = CARTESIAN_POINT('',(27.081674575806,6.205981731415,
    -2.099999904633));
#5842 = VERTEX_POINT('',#5843);
#5843 = CARTESIAN_POINT('',(27.002248764038,5.909559249878,
    -2.099999904633));
#5844 = LINE('',#5845,#5846);
#5845 = CARTESIAN_POINT('',(27.081674575806,6.205981731415,
    -2.099999904633));
#5846 = VECTOR('',#5847,1.);
#5847 = DIRECTION('',(-0.25881797254,-0.965926113681,0.));
#5848 = ORIENTED_EDGE('',*,*,#5849,.T.);
#5849 = EDGE_CURVE('',#5840,#2865,#5850,.T.);
#5850 = LINE('',#5851,#5852);
#5851 = CARTESIAN_POINT('',(27.081674575806,6.205981731415,
    -2.099999904633));
#5852 = VECTOR('',#5853,1.);
#5853 = DIRECTION('',(0.535765394595,-0.174080593189,0.826227201821));
#5854 = ORIENTED_EDGE('',*,*,#5855,.T.);
#5855 = EDGE_CURVE('',#2865,#5842,#5856,.T.);
#5856 = LINE('',#5857,#5858);
#5857 = CARTESIAN_POINT('',(28.378570556641,5.784595012665,
    -0.10000000149));
#5858 = VECTOR('',#5859,1.);
#5859 = DIRECTION('',(-0.566149010472,5.140395191216E-02,-0.822698566712
    ));
#5860 = PLANE('',#5861);
#5861 = AXIS2_PLACEMENT_3D('',#5862,#5863,#5864);
#5862 = CARTESIAN_POINT('',(27.670469076771,5.929159133835,
    -1.159489412982));
#5863 = DIRECTION('',(0.798421524927,-0.213935452605,-0.5628096398));
#5864 = DIRECTION('',(0.576148751589,0.,0.817344857476));
#5865 = ADVANCED_FACE('',(#5866),#5876,.T.);
#5866 = FACE_BOUND('',#5867,.T.);
#5867 = EDGE_LOOP('',(#5868,#5869,#5870));
#5868 = ORIENTED_EDGE('',*,*,#5855,.F.);
#5869 = ORIENTED_EDGE('',*,*,#2864,.F.);
#5870 = ORIENTED_EDGE('',*,*,#5871,.F.);
#5871 = EDGE_CURVE('',#5842,#2857,#5872,.T.);
#5872 = LINE('',#5873,#5874);
#5873 = CARTESIAN_POINT('',(27.002248764038,5.909559249878,
    -2.099999904633));
#5874 = VECTOR('',#5875,1.);
#5875 = DIRECTION('',(0.551026545078,-0.117124314174,0.826227354697));
#5876 = PLANE('',#5877);
#5877 = AXIS2_PLACEMENT_3D('',#5878,#5879,#5880);
#5878 = CARTESIAN_POINT('',(27.70198340861,5.804179329255,
    -1.067274449089));
#5879 = DIRECTION('',(0.798420849829,-0.213938666062,-0.562809376008));
#5880 = DIRECTION('',(0.576148896632,-1.387778780781E-17,0.817344755235)
  );
#5881 = ADVANCED_FACE('',(#5882),#5899,.T.);
#5882 = FACE_BOUND('',#5883,.T.);
#5883 = EDGE_LOOP('',(#5884,#5892,#5893));
#5884 = ORIENTED_EDGE('',*,*,#5885,.F.);
#5885 = EDGE_CURVE('',#5842,#5886,#5888,.T.);
#5886 = VERTEX_POINT('',#5887);
#5887 = CARTESIAN_POINT('',(26.954242706299,5.60645866394,
    -2.099999904633));
#5888 = LINE('',#5889,#5890);
#5889 = CARTESIAN_POINT('',(27.002248764038,5.909559249878,
    -2.099999904633));
#5890 = VECTOR('',#5891,1.);
#5891 = DIRECTION('',(-0.156433324059,-0.987688521308,0.));
#5892 = ORIENTED_EDGE('',*,*,#5871,.T.);
#5893 = ORIENTED_EDGE('',*,*,#5894,.T.);
#5894 = EDGE_CURVE('',#2857,#5886,#5895,.T.);
#5895 = LINE('',#5896,#5897);
#5896 = CARTESIAN_POINT('',(28.336086273193,5.626043319702,
    -0.10000000149));
#5897 = VECTOR('',#5898,1.);
#5898 = DIRECTION('',(-0.568420510403,-8.056136230495E-03,
    -0.822698743176));
#5899 = PLANE('',#5900);
#5900 = AXIS2_PLACEMENT_3D('',#5901,#5902,#5903);
#5901 = CARTESIAN_POINT('',(27.616753280169,5.695798909372,
    -1.159489364642));
#5902 = DIRECTION('',(0.816410192813,-0.129305704685,-0.562809409842));
#5903 = DIRECTION('',(0.567574322572,0.,0.823322165593));
#5904 = ADVANCED_FACE('',(#5905),#5915,.T.);
#5905 = FACE_BOUND('',#5906,.T.);
#5906 = EDGE_LOOP('',(#5907,#5908,#5909));
#5907 = ORIENTED_EDGE('',*,*,#5894,.F.);
#5908 = ORIENTED_EDGE('',*,*,#2856,.F.);
#5909 = ORIENTED_EDGE('',*,*,#5910,.F.);
#5910 = EDGE_CURVE('',#5886,#2849,#5911,.T.);
#5911 = LINE('',#5912,#5913);
#5912 = CARTESIAN_POINT('',(26.954242706299,5.60645866394,
    -2.099999904633));
#5913 = VECTOR('',#5914,1.);
#5914 = DIRECTION('',(0.560250997573,-5.888481288224E-02,0.826227207571)
  );
#5915 = PLANE('',#5916);
#5916 = AXIS2_PLACEMENT_3D('',#5917,#5918,#5919);
#5917 = CARTESIAN_POINT('',(27.661159219584,5.574798030961,
    -1.067274549362));
#5918 = DIRECTION('',(0.816410675824,-0.129301001982,-0.562809789615));
#5919 = DIRECTION('',(0.567574354564,6.938893903907E-18,0.823322143538)
  );
#5920 = ADVANCED_FACE('',(#5921),#5938,.T.);
#5921 = FACE_BOUND('',#5922,.T.);
#5922 = EDGE_LOOP('',(#5923,#5931,#5932));
#5923 = ORIENTED_EDGE('',*,*,#5924,.F.);
#5924 = EDGE_CURVE('',#5886,#5925,#5927,.T.);
#5925 = VERTEX_POINT('',#5926);
#5926 = CARTESIAN_POINT('',(26.938180923462,5.300000190735,
    -2.099999904633));
#5927 = LINE('',#5928,#5929);
#5928 = CARTESIAN_POINT('',(26.954242706299,5.60645866394,
    -2.099999904633));
#5929 = VECTOR('',#5930,1.);
#5930 = DIRECTION('',(-5.233912408207E-02,-0.99862936873,0.));
#5931 = ORIENTED_EDGE('',*,*,#5910,.T.);
#5932 = ORIENTED_EDGE('',*,*,#5933,.T.);
#5933 = EDGE_CURVE('',#2849,#5925,#5934,.T.);
#5934 = LINE('',#5935,#5936);
#5935 = CARTESIAN_POINT('',(28.310409545898,5.463919639587,
    -0.10000000149));
#5936 = VECTOR('',#5937,1.);
#5937 = DIRECTION('',(-0.564465133019,-6.742813259256E-02,
    -0.822698341156));
#5938 = PLANE('',#5939);
#5939 = AXIS2_PLACEMENT_3D('',#5940,#5941,#5942);
#5940 = CARTESIAN_POINT('',(27.587724902192,5.45810234705,
    -1.159489414263));
#5941 = DIRECTION('',(0.825453547045,-4.326281298709E-02,-0.5628097109)
  );
#5942 = DIRECTION('',(0.563337148711,0.,0.826227121851));
#5943 = ADVANCED_FACE('',(#5944),#5954,.T.);
#5944 = FACE_BOUND('',#5945,.T.);
#5945 = EDGE_LOOP('',(#5946,#5947,#5948));
#5946 = ORIENTED_EDGE('',*,*,#5933,.F.);
#5947 = ORIENTED_EDGE('',*,*,#2848,.F.);
#5948 = ORIENTED_EDGE('',*,*,#5949,.F.);
#5949 = EDGE_CURVE('',#5925,#2841,#5950,.T.);
#5950 = LINE('',#5951,#5952);
#5951 = CARTESIAN_POINT('',(26.938180923462,5.300000190735,
    -2.099999904633));
#5952 = VECTOR('',#5953,1.);
#5953 = DIRECTION('',(0.563337283362,0.,0.826227030043));
#5954 = PLANE('',#5955);
#5955 = AXIS2_PLACEMENT_3D('',#5956,#5957,#5958);
#5956 = CARTESIAN_POINT('',(27.644535085024,5.342405961898,
    -1.067274558256));
#5957 = DIRECTION('',(0.825453541357,-4.326040830653E-02,-0.562809904084
    ));
#5958 = DIRECTION('',(0.563337283362,-3.469446951954E-18,0.826227030043)
  );
#5959 = ADVANCED_FACE('',(#5960),#5977,.T.);
#5960 = FACE_BOUND('',#5961,.T.);
#5961 = EDGE_LOOP('',(#5962,#5970,#5971));
#5962 = ORIENTED_EDGE('',*,*,#5963,.F.);
#5963 = EDGE_CURVE('',#5925,#5964,#5966,.T.);
#5964 = VERTEX_POINT('',#5965);
#5965 = CARTESIAN_POINT('',(26.954242706299,4.993541717529,
    -2.099999904633));
#5966 = LINE('',#5967,#5968);
#5967 = CARTESIAN_POINT('',(26.938180923462,5.300000190735,
    -2.099999904633));
#5968 = VECTOR('',#5969,1.);
#5969 = DIRECTION('',(5.233912408207E-02,-0.99862936873,0.));
#5970 = ORIENTED_EDGE('',*,*,#5949,.T.);
#5971 = ORIENTED_EDGE('',*,*,#5972,.T.);
#5972 = EDGE_CURVE('',#2841,#5964,#5973,.T.);
#5973 = LINE('',#5974,#5975);
#5974 = CARTESIAN_POINT('',(28.301818847656,5.300000190735,
    -0.10000000149));
#5975 = VECTOR('',#5976,1.);
#5976 = DIRECTION('',(-0.554324482699,-0.126061473942,-0.822698530853));
#5977 = PLANE('',#5978);
#5978 = AXIS2_PLACEMENT_3D('',#5979,#5980,#5981);
#5979 = CARTESIAN_POINT('',(27.583701244405,5.218673616949,
    -1.159489414729));
#5980 = DIRECTION('',(0.825453455495,4.326280818887E-02,-0.562809845542)
  );
#5981 = DIRECTION('',(0.563337283362,-3.469446951954E-18,0.826227030043)
  );
#5982 = ADVANCED_FACE('',(#5983),#5993,.T.);
#5983 = FACE_BOUND('',#5984,.T.);
#5984 = EDGE_LOOP('',(#5985,#5986,#5987));
#5985 = ORIENTED_EDGE('',*,*,#5972,.F.);
#5986 = ORIENTED_EDGE('',*,*,#2840,.F.);
#5987 = ORIENTED_EDGE('',*,*,#5988,.F.);
#5988 = EDGE_CURVE('',#5964,#2833,#5989,.T.);
#5989 = LINE('',#5990,#5991);
#5990 = CARTESIAN_POINT('',(26.954242706299,4.993541717529,
    -2.099999904633));
#5991 = VECTOR('',#5992,1.);
#5992 = DIRECTION('',(0.560251004072,5.888461657735E-02,0.826227217154)
  );
#5993 = PLANE('',#5994);
#5994 = AXIS2_PLACEMENT_3D('',#5995,#5996,#5997);
#5995 = CARTESIAN_POINT('',(27.652294338098,5.109549212071,
    -1.067274459192));
#5996 = DIRECTION('',(0.825453725968,4.326029213863E-02,-0.56280964225)
  );
#5997 = DIRECTION('',(0.563337018447,-3.469446951954E-18,0.826227210667)
  );
#5998 = ADVANCED_FACE('',(#5999),#6016,.T.);
#5999 = FACE_BOUND('',#6000,.T.);
#6000 = EDGE_LOOP('',(#6001,#6002,#6010));
#6001 = ORIENTED_EDGE('',*,*,#5988,.T.);
#6002 = ORIENTED_EDGE('',*,*,#6003,.T.);
#6003 = EDGE_CURVE('',#2833,#6004,#6006,.T.);
#6004 = VERTEX_POINT('',#6005);
#6005 = CARTESIAN_POINT('',(27.002248764038,4.690440654755,
    -2.099999904633));
#6006 = LINE('',#6007,#6008);
#6007 = CARTESIAN_POINT('',(28.310409545898,5.136080265045,
    -0.10000000149));
#6008 = VECTOR('',#6009,1.);
#6009 = DIRECTION('',(-0.53811095535,-0.183313519072,-0.822698458403));
#6010 = ORIENTED_EDGE('',*,*,#6011,.F.);
#6011 = EDGE_CURVE('',#5964,#6004,#6012,.T.);
#6012 = LINE('',#6013,#6014);
#6013 = CARTESIAN_POINT('',(26.954242706299,4.993541717529,
    -2.099999904633));
#6014 = VECTOR('',#6015,1.);
#6015 = DIRECTION('',(0.156433083981,-0.987688559332,0.));
#6016 = PLANE('',#6017);
#6017 = AXIS2_PLACEMENT_3D('',#6018,#6019,#6020);
#6018 = CARTESIAN_POINT('',(27.604726926118,4.980135606718,
    -1.159489436158));
#6019 = DIRECTION('',(0.816410057106,0.129305479768,-0.562809658373));
#6020 = DIRECTION('',(0.567574556421,-6.938893903907E-18,0.823322004385)
  );
#6021 = ADVANCED_FACE('',(#6022),#6032,.T.);
#6022 = FACE_BOUND('',#6023,.T.);
#6023 = EDGE_LOOP('',(#6024,#6025,#6026));
#6024 = ORIENTED_EDGE('',*,*,#6003,.F.);
#6025 = ORIENTED_EDGE('',*,*,#2832,.F.);
#6026 = ORIENTED_EDGE('',*,*,#6027,.F.);
#6027 = EDGE_CURVE('',#6004,#2825,#6028,.T.);
#6028 = LINE('',#6029,#6030);
#6029 = CARTESIAN_POINT('',(27.002248764038,4.690440654755,
    -2.099999904633));
#6030 = VECTOR('',#6031,1.);
#6031 = DIRECTION('',(0.551026545078,0.117124314174,0.826227354697));
#6032 = PLANE('',#6033);
#6033 = AXIS2_PLACEMENT_3D('',#6034,#6035,#6036);
#6034 = CARTESIAN_POINT('',(27.684350162999,4.878778919358,
    -1.06727455204));
#6035 = DIRECTION('',(0.816411008624,0.12930105469,-0.562809294747));
#6036 = DIRECTION('',(0.567573859441,0.,0.823322484862));
#6037 = ADVANCED_FACE('',(#6038),#6055,.T.);
#6038 = FACE_BOUND('',#6039,.T.);
#6039 = EDGE_LOOP('',(#6040,#6041,#6049));
#6040 = ORIENTED_EDGE('',*,*,#6027,.T.);
#6041 = ORIENTED_EDGE('',*,*,#6042,.T.);
#6042 = EDGE_CURVE('',#2825,#6043,#6045,.T.);
#6043 = VERTEX_POINT('',#6044);
#6044 = CARTESIAN_POINT('',(27.081674575806,4.394018173218,
    -2.099999904633));
#6045 = LINE('',#6046,#6047);
#6046 = CARTESIAN_POINT('',(28.336086273193,4.97395658493,-0.10000000149
    ));
#6047 = VECTOR('',#6048,1.);
#6048 = DIRECTION('',(-0.516001398237,-0.238557271076,-0.822698599387));
#6049 = ORIENTED_EDGE('',*,*,#6050,.F.);
#6050 = EDGE_CURVE('',#6004,#6043,#6051,.T.);
#6051 = LINE('',#6052,#6053);
#6052 = CARTESIAN_POINT('',(27.002248764038,4.690440654755,
    -2.099999904633));
#6053 = VECTOR('',#6054,1.);
#6054 = DIRECTION('',(0.25881797254,-0.965926113681,0.));
#6055 = PLANE('',#6056);
#6056 = AXIS2_PLACEMENT_3D('',#6057,#6058,#6059);
#6057 = CARTESIAN_POINT('',(27.650570544315,4.745102235263,
    -1.159489419261));
#6058 = DIRECTION('',(0.798421645845,0.213935485005,-0.562809455945));
#6059 = DIRECTION('',(0.576148567562,-1.387778780781E-17,0.817344987197)
  );
#6060 = ADVANCED_FACE('',(#6061),#6071,.T.);
#6061 = FACE_BOUND('',#6062,.T.);
#6062 = EDGE_LOOP('',(#6063,#6064,#6065));
#6063 = ORIENTED_EDGE('',*,*,#6042,.F.);
#6064 = ORIENTED_EDGE('',*,*,#2824,.F.);
#6065 = ORIENTED_EDGE('',*,*,#6066,.F.);
#6066 = EDGE_CURVE('',#6043,#2817,#6067,.T.);
#6067 = LINE('',#6068,#6069);
#6068 = CARTESIAN_POINT('',(27.081674575806,4.394018173218,
    -2.099999904633));
#6069 = VECTOR('',#6070,1.);
#6070 = DIRECTION('',(0.535765376223,0.174080784208,0.826227173488));
#6071 = PLANE('',#6072);
#6072 = AXIS2_PLACEMENT_3D('',#6073,#6074,#6075);
#6073 = CARTESIAN_POINT('',(27.74035266082,4.652623819796,
    -1.067274540745));
#6074 = DIRECTION('',(0.798420430025,0.213939196987,-0.562809769737));
#6075 = DIRECTION('',(0.576149368274,0.,0.817344422773));
#6076 = ADVANCED_FACE('',(#6077),#6094,.T.);
#6077 = FACE_BOUND('',#6078,.T.);
#6078 = EDGE_LOOP('',(#6079,#6080,#6088));
#6079 = ORIENTED_EDGE('',*,*,#6066,.T.);
#6080 = ORIENTED_EDGE('',*,*,#6081,.T.);
#6081 = EDGE_CURVE('',#2817,#6082,#6084,.T.);
#6082 = VERTEX_POINT('',#6083);
#6083 = CARTESIAN_POINT('',(27.191650390625,4.107522010803,
    -2.099999904633));
#6084 = LINE('',#6085,#6086);
#6085 = CARTESIAN_POINT('',(28.378570556641,4.815405368805,
    -0.10000000149));
#6086 = VECTOR('',#6087,1.);
#6087 = DIRECTION('',(-0.488238758896,-0.29118731154,-0.82269852553));
#6088 = ORIENTED_EDGE('',*,*,#6089,.F.);
#6089 = EDGE_CURVE('',#6043,#6082,#6090,.T.);
#6090 = LINE('',#6091,#6092);
#6091 = CARTESIAN_POINT('',(27.081674575806,4.394018173218,
    -2.099999904633));
#6092 = VECTOR('',#6093,1.);
#6093 = DIRECTION('',(0.358368636549,-0.933580162781,0.));
#6094 = PLANE('',#6095);
#6095 = AXIS2_PLACEMENT_3D('',#6096,#6097,#6098);
#6096 = CARTESIAN_POINT('',(27.72073163836,4.516148652779,
    -1.159489405806));
#6097 = DIRECTION('',(0.77168476768,0.296222680241,-0.562809686342));
#6098 = DIRECTION('',(0.589256147146,0.,0.807946281042));
#6099 = ADVANCED_FACE('',(#6100),#6110,.T.);
#6100 = FACE_BOUND('',#6101,.T.);
#6101 = EDGE_LOOP('',(#6102,#6103,#6104));
#6102 = ORIENTED_EDGE('',*,*,#6081,.F.);
#6103 = ORIENTED_EDGE('',*,*,#2816,.F.);
#6104 = ORIENTED_EDGE('',*,*,#6105,.F.);
#6105 = EDGE_CURVE('',#6082,#2809,#6106,.T.);
#6106 = LINE('',#6107,#6108);
#6107 = CARTESIAN_POINT('',(27.191650390625,4.107522010803,
    -2.099999904633));
#6108 = VECTOR('',#6109,1.);
#6109 = DIRECTION('',(0.514634092624,0.229129650873,0.826227180502));
#6110 = PLANE('',#6111);
#6111 = AXIS2_PLACEMENT_3D('',#6112,#6113,#6114);
#6112 = CARTESIAN_POINT('',(27.819688734732,4.433561539114,-1.0672744159
    ));
#6113 = DIRECTION('',(0.771684591304,0.296223073879,-0.562809720995));
#6114 = DIRECTION('',(0.589256258746,0.,0.80794619965));
#6115 = ADVANCED_FACE('',(#6116),#6133,.T.);
#6116 = FACE_BOUND('',#6117,.T.);
#6117 = EDGE_LOOP('',(#6118,#6119,#6127));
#6118 = ORIENTED_EDGE('',*,*,#6105,.T.);
#6119 = ORIENTED_EDGE('',*,*,#6120,.T.);
#6120 = EDGE_CURVE('',#2809,#6121,#6123,.T.);
#6121 = VERTEX_POINT('',#6122);
#6122 = CARTESIAN_POINT('',(27.33097076416,3.834090948105,
    -2.099999904633));
#6123 = LINE('',#6124,#6125);
#6124 = CARTESIAN_POINT('',(28.437395095825,4.662162780762,
    -0.10000000149));
#6125 = VECTOR('',#6126,1.);
#6126 = DIRECTION('',(-0.455126877021,-0.340626770725,-0.822698565016));
#6127 = ORIENTED_EDGE('',*,*,#6128,.F.);
#6128 = EDGE_CURVE('',#6082,#6121,#6129,.T.);
#6129 = LINE('',#6130,#6131);
#6130 = CARTESIAN_POINT('',(27.191650390625,4.107522010803,
    -2.099999904633));
#6131 = VECTOR('',#6132,1.);
#6132 = DIRECTION('',(0.453991245848,-0.891006144027,0.));
#6133 = PLANE('',#6134);
#6134 = AXIS2_PLACEMENT_3D('',#6135,#6136,#6137);
#6135 = CARTESIAN_POINT('',(27.814440625575,4.295782846616,
    -1.159489401924));
#6136 = DIRECTION('',(0.736493671036,0.375263045619,-0.562809665089));
#6137 = DIRECTION('',(0.60718364121,0.,0.794561530561));
#6138 = ADVANCED_FACE('',(#6139),#6149,.T.);
#6139 = FACE_BOUND('',#6140,.T.);
#6140 = EDGE_LOOP('',(#6141,#6142,#6143));
#6141 = ORIENTED_EDGE('',*,*,#6120,.F.);
#6142 = ORIENTED_EDGE('',*,*,#2808,.F.);
#6143 = ORIENTED_EDGE('',*,*,#6144,.F.);
#6144 = EDGE_CURVE('',#6121,#2801,#6145,.T.);
#6145 = LINE('',#6146,#6147);
#6146 = CARTESIAN_POINT('',(27.33097076416,3.834090948105,
    -2.099999904633));
#6147 = VECTOR('',#6148,1.);
#6148 = DIRECTION('',(0.487864237063,0.28166840604,0.826227205576));
#6149 = PLANE('',#6150);
#6150 = AXIS2_PLACEMENT_3D('',#6151,#6152,#6153);
#6151 = CARTESIAN_POINT('',(27.921488152482,4.223992086368,
    -1.067274566732));
#6152 = DIRECTION('',(0.736493597114,0.375263172958,-0.562809676917));
#6153 = DIRECTION('',(0.607183687741,-2.775557561563E-17,0.794561495003)
  );
#6154 = ADVANCED_FACE('',(#6155),#6179,.T.);
#6155 = FACE_BOUND('',#6156,.T.);
#6156 = EDGE_LOOP('',(#6157,#6167,#6173));
#6157 = ORIENTED_EDGE('',*,*,#6158,.F.);
#6158 = EDGE_CURVE('',#6159,#6161,#6163,.T.);
#6159 = VERTEX_POINT('',#6160);
#6160 = CARTESIAN_POINT('',(29.260440826416,2.432249069214,
    -2.099999904633));
#6161 = VERTEX_POINT('',#6162);
#6162 = CARTESIAN_POINT('',(29.563541412354,2.384242534637,
    -2.099999904633));
#6163 = LINE('',#6164,#6165);
#6164 = CARTESIAN_POINT('',(29.260440826416,2.432249069214,
    -2.099999904633));
#6165 = VECTOR('',#6166,1.);
#6166 = DIRECTION('',(0.987688281229,-0.156434839863,0.));
#6167 = ORIENTED_EDGE('',*,*,#6168,.T.);
#6168 = EDGE_CURVE('',#6159,#2737,#6169,.T.);
#6169 = LINE('',#6170,#6171);
#6170 = CARTESIAN_POINT('',(29.260440826416,2.432249069214,
    -2.099999904633));
#6171 = VECTOR('',#6172,1.);
#6172 = DIRECTION('',(0.117124307817,0.551026613666,0.826227309855));
#6173 = ORIENTED_EDGE('',*,*,#6174,.T.);
#6174 = EDGE_CURVE('',#2737,#6161,#6175,.T.);
#6175 = LINE('',#6176,#6177);
#6176 = CARTESIAN_POINT('',(29.543956756592,3.766086816788,
    -0.10000000149));
#6177 = VECTOR('',#6178,1.);
#6178 = DIRECTION('',(8.056134883181E-03,-0.56842070956,-0.822698605587)
  );
#6179 = PLANE('',#6180);
#6180 = AXIS2_PLACEMENT_3D('',#6181,#6182,#6183);
#6181 = CARTESIAN_POINT('',(29.474201170458,3.046753565263,
    -1.159489372039));
#6182 = DIRECTION('',(0.129306947252,0.816409928849,-0.562809507267));
#6183 = DIRECTION('',(6.938893903907E-18,0.567574513566,0.823322033928)
  );
#6184 = ADVANCED_FACE('',(#6185),#6195,.T.);
#6185 = FACE_BOUND('',#6186,.T.);
#6186 = EDGE_LOOP('',(#6187,#6188,#6189));
#6187 = ORIENTED_EDGE('',*,*,#2744,.F.);
#6188 = ORIENTED_EDGE('',*,*,#6168,.F.);
#6189 = ORIENTED_EDGE('',*,*,#6190,.F.);
#6190 = EDGE_CURVE('',#2745,#6159,#6191,.T.);
#6191 = LINE('',#6192,#6193);
#6192 = CARTESIAN_POINT('',(29.385404586792,3.808570384979,
    -0.10000000149));
#6193 = VECTOR('',#6194,1.);
#6194 = DIRECTION('',(-5.140376199211E-02,-0.566148882903,
    -0.822698666366));
#6195 = PLANE('',#6196);
#6196 = AXIS2_PLACEMENT_3D('',#6197,#6198,#6199);
#6197 = CARTESIAN_POINT('',(29.365820632582,3.131983687672,
    -1.067274394902));
#6198 = DIRECTION('',(0.213934676137,0.798421802614,-0.562809541014));
#6199 = DIRECTION('',(1.387778780781E-17,0.576148550165,0.817344999461)
  );
#6200 = ADVANCED_FACE('',(#6201),#6218,.T.);
#6201 = FACE_BOUND('',#6202,.T.);
#6202 = EDGE_LOOP('',(#6203,#6211,#6217));
#6203 = ORIENTED_EDGE('',*,*,#6204,.F.);
#6204 = EDGE_CURVE('',#6205,#6159,#6207,.T.);
#6205 = VERTEX_POINT('',#6206);
#6206 = CARTESIAN_POINT('',(28.964017868042,2.5116751194,-2.099999904633
    ));
#6207 = LINE('',#6208,#6209);
#6208 = CARTESIAN_POINT('',(28.964017868042,2.5116751194,-2.099999904633
    ));
#6209 = VECTOR('',#6210,1.);
#6210 = DIRECTION('',(0.965926023539,-0.258818308955,0.));
#6211 = ORIENTED_EDGE('',*,*,#6212,.T.);
#6212 = EDGE_CURVE('',#6205,#2745,#6213,.T.);
#6213 = LINE('',#6214,#6215);
#6214 = CARTESIAN_POINT('',(28.964017868042,2.5116751194,-2.099999904633
    ));
#6215 = VECTOR('',#6216,1.);
#6216 = DIRECTION('',(0.174080620748,0.53576518393,0.82622733262));
#6217 = ORIENTED_EDGE('',*,*,#6190,.T.);
#6218 = PLANE('',#6219);
#6219 = AXIS2_PLACEMENT_3D('',#6220,#6221,#6222);
#6220 = CARTESIAN_POINT('',(29.240840579368,3.100469151537,
    -1.159489516023));
#6221 = DIRECTION('',(0.213935763825,0.79842157411,-0.562809451727));
#6222 = DIRECTION('',(0.,0.576148599258,0.817344964854));
#6223 = ADVANCED_FACE('',(#6224),#6234,.T.);
#6224 = FACE_BOUND('',#6225,.T.);
#6225 = EDGE_LOOP('',(#6226,#6227,#6228));
#6226 = ORIENTED_EDGE('',*,*,#2752,.F.);
#6227 = ORIENTED_EDGE('',*,*,#6212,.F.);
#6228 = ORIENTED_EDGE('',*,*,#6229,.F.);
#6229 = EDGE_CURVE('',#2753,#6205,#6230,.T.);
#6230 = LINE('',#6231,#6232);
#6231 = CARTESIAN_POINT('',(29.232162475586,3.867394685745,
    -0.10000000149));
#6232 = VECTOR('',#6233,1.);
#6233 = DIRECTION('',(-0.110301103689,-0.557674330395,-0.822698612946));
#6234 = PLANE('',#6235);
#6235 = AXIS2_PLACEMENT_3D('',#6236,#6237,#6238);
#6236 = CARTESIAN_POINT('',(29.141962701844,3.19656126619,
    -1.067274513632));
#6237 = DIRECTION('',(0.296222898082,0.771684859803,-0.562809445375));
#6238 = DIRECTION('',(2.775557561563E-17,0.589255936538,0.807946434644)
  );
#6239 = ADVANCED_FACE('',(#6240),#6264,.T.);
#6240 = FACE_BOUND('',#6241,.T.);
#6241 = EDGE_LOOP('',(#6242,#6252,#6258));
#6242 = ORIENTED_EDGE('',*,*,#6243,.F.);
#6243 = EDGE_CURVE('',#6244,#6246,#6248,.T.);
#6244 = VERTEX_POINT('',#6245);
#6245 = CARTESIAN_POINT('',(28.404090881348,2.760971069336,
    -2.099999904633));
#6246 = VERTEX_POINT('',#6247);
#6247 = CARTESIAN_POINT('',(28.677522659302,2.621650934219,
    -2.099999904633));
#6248 = LINE('',#6249,#6250);
#6249 = CARTESIAN_POINT('',(28.404090881348,2.760971069336,
    -2.099999904633));
#6250 = VECTOR('',#6251,1.);
#6251 = DIRECTION('',(0.891006938677,-0.453989686258,0.));
#6252 = ORIENTED_EDGE('',*,*,#6253,.T.);
#6253 = EDGE_CURVE('',#6244,#2761,#6254,.T.);
#6254 = LINE('',#6255,#6256);
#6255 = CARTESIAN_POINT('',(28.404090881348,2.760971069336,
    -2.099999904633));
#6256 = VECTOR('',#6257,1.);
#6257 = DIRECTION('',(0.281668355964,0.487864025444,0.826227347602));
#6258 = ORIENTED_EDGE('',*,*,#6259,.T.);
#6259 = EDGE_CURVE('',#2761,#6246,#6260,.T.);
#6260 = LINE('',#6261,#6262);
#6261 = CARTESIAN_POINT('',(29.085908889771,3.941914796829,
    -0.10000000149));
#6262 = VECTOR('',#6263,1.);
#6263 = DIRECTION('',(-0.167989416346,-0.543089700767,-0.822698689021));
#6264 = PLANE('',#6265);
#6265 = AXIS2_PLACEMENT_3D('',#6266,#6267,#6268);
#6266 = CARTESIAN_POINT('',(28.797281469782,3.279343864472,
    -1.159489508254));
#6267 = DIRECTION('',(0.375261829915,0.736494472002,-0.562809427533));
#6268 = DIRECTION('',(2.775557561563E-17,0.607183062521,0.79456197278));
#6269 = ADVANCED_FACE('',(#6270),#6280,.T.);
#6270 = FACE_BOUND('',#6271,.T.);
#6271 = EDGE_LOOP('',(#6272,#6273,#6274));
#6272 = ORIENTED_EDGE('',*,*,#2768,.F.);
#6273 = ORIENTED_EDGE('',*,*,#6253,.F.);
#6274 = ORIENTED_EDGE('',*,*,#6275,.F.);
#6275 = EDGE_CURVE('',#2769,#6244,#6276,.T.);
#6276 = LINE('',#6277,#6278);
#6277 = CARTESIAN_POINT('',(28.948246002197,4.031314373016,
    -0.10000000149));
#6278 = VECTOR('',#6279,1.);
#6279 = DIRECTION('',(-0.223837845604,-0.522554869702,-0.822698624665));
#6280 = PLANE('',#6281);
#6281 = AXIS2_PLACEMENT_3D('',#6282,#6283,#6284);
#6282 = CARTESIAN_POINT('',(28.720543035918,3.393893921828,
    -1.067274564913));
#6283 = DIRECTION('',(0.450192270532,0.693233352637,-0.56280941565));
#6284 = DIRECTION('',(0.,0.630293953509,0.776356575402));
#6285 = ADVANCED_FACE('',(#6286),#6303,.T.);
#6286 = FACE_BOUND('',#6287,.T.);
#6287 = EDGE_LOOP('',(#6288,#6296,#6302));
#6288 = ORIENTED_EDGE('',*,*,#6289,.F.);
#6289 = EDGE_CURVE('',#6290,#6244,#6292,.T.);
#6290 = VERTEX_POINT('',#6291);
#6291 = CARTESIAN_POINT('',(28.14672088623,2.928109169006,
    -2.099999904633));
#6292 = LINE('',#6293,#6294);
#6293 = CARTESIAN_POINT('',(28.14672088623,2.928109169006,
    -2.099999904633));
#6294 = VECTOR('',#6295,1.);
#6295 = DIRECTION('',(0.838670462891,-0.544639196785,0.));
#6296 = ORIENTED_EDGE('',*,*,#6297,.T.);
#6297 = EDGE_CURVE('',#6290,#2769,#6298,.T.);
#6298 = LINE('',#6299,#6300);
#6299 = CARTESIAN_POINT('',(28.14672088623,2.928109169006,
    -2.099999904633));
#6300 = VECTOR('',#6301,1.);
#6301 = DIRECTION('',(0.33112099146,0.455749163262,0.826227322957));
#6302 = ORIENTED_EDGE('',*,*,#6275,.T.);
#6303 = PLANE('',#6304);
#6304 = AXIS2_PLACEMENT_3D('',#6305,#6306,#6307);
#6305 = CARTESIAN_POINT('',(28.591942022734,3.402542912581,
    -1.159489333382));
#6306 = DIRECTION('',(0.450191485792,0.693233803235,-0.562809488347));
#6307 = DIRECTION('',(2.775557561563E-17,0.630293755649,0.776356736037)
  );
#6308 = ADVANCED_FACE('',(#6309),#6319,.T.);
#6309 = FACE_BOUND('',#6310,.T.);
#6310 = EDGE_LOOP('',(#6311,#6312,#6313));
#6311 = ORIENTED_EDGE('',*,*,#2776,.F.);
#6312 = ORIENTED_EDGE('',*,*,#6297,.F.);
#6313 = ORIENTED_EDGE('',*,*,#6314,.F.);
#6314 = EDGE_CURVE('',#2777,#6290,#6315,.T.);
#6315 = LINE('',#6316,#6317);
#6316 = CARTESIAN_POINT('',(28.820680618286,4.134613990784,
    -0.10000000149));
#6317 = VECTOR('',#6318,1.);
#6318 = DIRECTION('',(-0.277232916223,-0.496295007357,-0.822698715105));
#6319 = PLANE('',#6320);
#6320 = AXIS2_PLACEMENT_3D('',#6321,#6322,#6323);
#6321 = CARTESIAN_POINT('',(28.527597623665,3.524486801697,
    -1.067274338443));
#6322 = DIRECTION('',(0.520185390369,0.642380392703,-0.562809551018));
#6323 = DIRECTION('',(-2.775557561563E-17,0.658986394135,0.752154859285)
  );
#6324 = ADVANCED_FACE('',(#6325),#6342,.T.);
#6325 = FACE_BOUND('',#6326,.T.);
#6326 = EDGE_LOOP('',(#6327,#6328,#6336));
#6327 = ORIENTED_EDGE('',*,*,#6144,.T.);
#6328 = ORIENTED_EDGE('',*,*,#6329,.T.);
#6329 = EDGE_CURVE('',#2801,#6330,#6332,.T.);
#6330 = VERTEX_POINT('',#6331);
#6331 = CARTESIAN_POINT('',(27.498109817505,3.576720476151,
    -2.099999904633));
#6332 = LINE('',#6333,#6334);
#6333 = CARTESIAN_POINT('',(28.511915206909,4.515909194946,
    -0.10000000149));
#6334 = VECTOR('',#6335,1.);
#6335 = DIRECTION('',(-0.417028173059,-0.386334655202,-0.822698630766));
#6336 = ORIENTED_EDGE('',*,*,#6337,.F.);
#6337 = EDGE_CURVE('',#6121,#6330,#6338,.T.);
#6338 = LINE('',#6339,#6340);
#6339 = CARTESIAN_POINT('',(27.33097076416,3.834090948105,
    -2.099999904633));
#6340 = VECTOR('',#6341,1.);
#6341 = DIRECTION('',(0.544640672862,-0.838669504313,0.));
#6342 = PLANE('',#6343);
#6343 = AXIS2_PLACEMENT_3D('',#6344,#6345,#6346);
#6344 = CARTESIAN_POINT('',(27.930670677377,4.086419713743,
    -1.159489497235));
#6345 = DIRECTION('',(0.693232942409,0.450192661426,-0.562809608267));
#6346 = DIRECTION('',(0.630294308334,0.,0.776356287333));
#6347 = ADVANCED_FACE('',(#6348),#6358,.T.);
#6348 = FACE_BOUND('',#6349,.T.);
#6349 = EDGE_LOOP('',(#6350,#6351,#6352));
#6350 = ORIENTED_EDGE('',*,*,#6329,.F.);
#6351 = ORIENTED_EDGE('',*,*,#2800,.F.);
#6352 = ORIENTED_EDGE('',*,*,#6353,.F.);
#6353 = EDGE_CURVE('',#6330,#2793,#6354,.T.);
#6354 = LINE('',#6355,#6356);
#6355 = CARTESIAN_POINT('',(27.498109817505,3.576720476151,
    -2.099999904633));
#6356 = VECTOR('',#6357,1.);
#6357 = DIRECTION('',(0.455748992326,0.331121108882,0.826227370187));
#6358 = PLANE('',#6359);
#6359 = AXIS2_PLACEMENT_3D('',#6360,#6361,#6362);
#6360 = CARTESIAN_POINT('',(28.044636105859,4.0262116444,-1.067274512285
    ));
#6361 = DIRECTION('',(0.693234635003,0.450190343327,-0.562809377682));
#6362 = DIRECTION('',(0.630293225136,0.,0.77635716674));
#6363 = ADVANCED_FACE('',(#6364),#6381,.T.);
#6364 = FACE_BOUND('',#6365,.T.);
#6365 = EDGE_LOOP('',(#6366,#6367,#6375));
#6366 = ORIENTED_EDGE('',*,*,#6353,.T.);
#6367 = ORIENTED_EDGE('',*,*,#6368,.T.);
#6368 = EDGE_CURVE('',#2793,#6369,#6371,.T.);
#6369 = VERTEX_POINT('',#6370);
#6370 = CARTESIAN_POINT('',(27.691234588623,3.338230609894,
    -2.099999904633));
#6371 = LINE('',#6372,#6373);
#6372 = CARTESIAN_POINT('',(28.601314544678,4.378245830536,
    -0.10000000149));
#6373 = VECTOR('',#6374,1.);
#6374 = DIRECTION('',(-0.374360773326,-0.42780955638,-0.822698605119));
#6375 = ORIENTED_EDGE('',*,*,#6376,.F.);
#6376 = EDGE_CURVE('',#6330,#6369,#6377,.T.);
#6377 = LINE('',#6378,#6379);
#6378 = CARTESIAN_POINT('',(27.498109817505,3.576720476151,
    -2.099999904633));
#6379 = VECTOR('',#6380,1.);
#6380 = DIRECTION('',(0.629319378177,-0.777146781664,0.));
#6381 = PLANE('',#6382);
#6382 = AXIS2_PLACEMENT_3D('',#6383,#6384,#6385);
#6383 = CARTESIAN_POINT('',(28.068148264197,3.890352635823,
    -1.159489374349));
#6384 = DIRECTION('',(0.642379175994,0.520187013738,-0.56280943932));
#6385 = DIRECTION('',(0.658987026276,0.,0.752154305446));
#6386 = ADVANCED_FACE('',(#6387),#6397,.T.);
#6387 = FACE_BOUND('',#6388,.T.);
#6388 = EDGE_LOOP('',(#6389,#6390,#6391));
#6389 = ORIENTED_EDGE('',*,*,#6368,.F.);
#6390 = ORIENTED_EDGE('',*,*,#2792,.F.);
#6391 = ORIENTED_EDGE('',*,*,#6392,.F.);
#6392 = EDGE_CURVE('',#6369,#2785,#6393,.T.);
#6393 = LINE('',#6394,#6395);
#6394 = CARTESIAN_POINT('',(27.691234588623,3.338230609894,
    -2.099999904633));
#6395 = VECTOR('',#6396,1.);
#6396 = DIRECTION('',(0.418641115663,0.376945862151,0.826227228602));
#6397 = PLANE('',#6398);
#6398 = AXIS2_PLACEMENT_3D('',#6399,#6400,#6401);
#6399 = CARTESIAN_POINT('',(28.187782695227,3.842386994651,
    -1.067274427423));
#6400 = DIRECTION('',(0.642377253669,0.52018913856,-0.562809669509));
#6401 = DIRECTION('',(0.658988294402,0.,0.752153194397));
#6402 = ADVANCED_FACE('',(#6403),#6420,.T.);
#6403 = FACE_BOUND('',#6404,.T.);
#6404 = EDGE_LOOP('',(#6405,#6406,#6414));
#6405 = ORIENTED_EDGE('',*,*,#6392,.T.);
#6406 = ORIENTED_EDGE('',*,*,#6407,.T.);
#6407 = EDGE_CURVE('',#2785,#6408,#6410,.T.);
#6408 = VERTEX_POINT('',#6409);
#6409 = CARTESIAN_POINT('',(27.908229827881,3.121234416962,
    -2.099999904633));
#6410 = LINE('',#6411,#6412);
#6411 = CARTESIAN_POINT('',(28.704614639282,4.250681400299,
    -0.10000000149));
#6412 = VECTOR('',#6413,1.);
#6413 = DIRECTION('',(-0.327592295221,-0.464597169992,-0.82269846101));
#6414 = ORIENTED_EDGE('',*,*,#6415,.F.);
#6415 = EDGE_CURVE('',#6369,#6408,#6416,.T.);
#6416 = LINE('',#6417,#6418);
#6417 = CARTESIAN_POINT('',(27.691234588623,3.338230609894,
    -2.099999904633));
#6418 = VECTOR('',#6419,1.);
#6419 = DIRECTION('',(0.707105227353,-0.707108335016,0.));
#6420 = PLANE('',#6421);
#6421 = AXIS2_PLACEMENT_3D('',#6422,#6423,#6424);
#6422 = CARTESIAN_POINT('',(28.225367190947,3.709729989686,
    -1.159489271997));
#6423 = DIRECTION('',(0.584486225352,0.584483656599,-0.562809654806));
#6424 = DIRECTION('',(-0.707105227353,0.707108335016,-2.775557561563E-17
    ));
#6425 = ADVANCED_FACE('',(#6426),#6436,.T.);
#6426 = FACE_BOUND('',#6427,.T.);
#6427 = EDGE_LOOP('',(#6428,#6429,#6430));
#6428 = ORIENTED_EDGE('',*,*,#6407,.F.);
#6429 = ORIENTED_EDGE('',*,*,#2784,.F.);
#6430 = ORIENTED_EDGE('',*,*,#6431,.F.);
#6431 = EDGE_CURVE('',#6408,#2777,#6432,.T.);
#6432 = LINE('',#6433,#6434);
#6433 = CARTESIAN_POINT('',(27.908229827881,3.121234416962,
    -2.099999904633));
#6434 = VECTOR('',#6435,1.);
#6435 = DIRECTION('',(0.376945893237,0.418640953199,0.826227296739));
#6436 = PLANE('',#6437);
#6437 = AXIS2_PLACEMENT_3D('',#6438,#6439,#6440);
#6438 = CARTESIAN_POINT('',(28.349359138489,3.674532203032,
    -1.067274803896));
#6439 = DIRECTION('',(0.584488669786,0.58448146606,-0.562809391112));
#6440 = DIRECTION('',(-0.70710242366,0.707111138687,-2.775557561563E-17)
  );
#6441 = ADVANCED_FACE('',(#6442),#6452,.T.);
#6442 = FACE_BOUND('',#6443,.T.);
#6443 = EDGE_LOOP('',(#6444,#6450,#6451));
#6444 = ORIENTED_EDGE('',*,*,#6445,.F.);
#6445 = EDGE_CURVE('',#6408,#6290,#6446,.T.);
#6446 = LINE('',#6447,#6448);
#6447 = CARTESIAN_POINT('',(27.908229827881,3.121234416962,
    -2.099999904633));
#6448 = VECTOR('',#6449,1.);
#6449 = DIRECTION('',(0.777147560181,-0.629318416785,0.));
#6450 = ORIENTED_EDGE('',*,*,#6431,.T.);
#6451 = ORIENTED_EDGE('',*,*,#6314,.T.);
#6452 = PLANE('',#6453);
#6453 = AXIS2_PLACEMENT_3D('',#6454,#6455,#6456);
#6454 = CARTESIAN_POINT('',(28.40060423455,3.546530683863,
    -1.159489599234));
#6455 = DIRECTION('',(0.52018620584,0.642379803175,-0.562809470181));
#6456 = DIRECTION('',(0.,0.658986682727,0.75215460644));
#6457 = ADVANCED_FACE('',(#6458),#6468,.T.);
#6458 = FACE_BOUND('',#6459,.T.);
#6459 = EDGE_LOOP('',(#6460,#6461,#6462));
#6460 = ORIENTED_EDGE('',*,*,#6259,.F.);
#6461 = ORIENTED_EDGE('',*,*,#2760,.F.);
#6462 = ORIENTED_EDGE('',*,*,#6463,.F.);
#6463 = EDGE_CURVE('',#6246,#2753,#6464,.T.);
#6464 = LINE('',#6465,#6466);
#6465 = CARTESIAN_POINT('',(28.677522659302,2.621650934219,
    -2.099999904633));
#6466 = VECTOR('',#6467,1.);
#6467 = DIRECTION('',(0.229129324038,0.514633849449,0.826227422607));
#6468 = PLANE('',#6469);
#6469 = AXIS2_PLACEMENT_3D('',#6470,#6471,#6472);
#6470 = CARTESIAN_POINT('',(28.926082337074,3.28418480449,
    -1.067274560193));
#6471 = DIRECTION('',(0.375263289686,0.736493826205,-0.562809299297));
#6472 = DIRECTION('',(0.,0.607183311305,0.794561782666));
#6473 = ADVANCED_FACE('',(#6474),#6484,.T.);
#6474 = FACE_BOUND('',#6475,.T.);
#6475 = EDGE_LOOP('',(#6476,#6482,#6483));
#6476 = ORIENTED_EDGE('',*,*,#6477,.F.);
#6477 = EDGE_CURVE('',#6246,#6205,#6478,.T.);
#6478 = LINE('',#6479,#6480);
#6479 = CARTESIAN_POINT('',(28.677522659302,2.621650934219,
    -2.099999904633));
#6480 = VECTOR('',#6481,1.);
#6481 = DIRECTION('',(0.933579763669,-0.358369676267,0.));
#6482 = ORIENTED_EDGE('',*,*,#6463,.T.);
#6483 = ORIENTED_EDGE('',*,*,#6229,.T.);
#6484 = PLANE('',#6485);
#6485 = AXIS2_PLACEMENT_3D('',#6486,#6487,#6488);
#6486 = CARTESIAN_POINT('',(29.014373812434,3.178283706707,
    -1.159489254875));
#6487 = DIRECTION('',(0.296223613184,0.77168462932,-0.562809385016));
#6488 = DIRECTION('',(2.775557561563E-17,0.589256010171,0.807946380942)
  );
#6489 = ADVANCED_FACE('',(#6490),#6500,.T.);
#6490 = FACE_BOUND('',#6491,.T.);
#6491 = EDGE_LOOP('',(#6492,#6493,#6494));
#6492 = ORIENTED_EDGE('',*,*,#6174,.F.);
#6493 = ORIENTED_EDGE('',*,*,#2736,.F.);
#6494 = ORIENTED_EDGE('',*,*,#6495,.F.);
#6495 = EDGE_CURVE('',#6161,#2729,#6496,.T.);
#6496 = LINE('',#6497,#6498);
#6497 = CARTESIAN_POINT('',(29.563541412354,2.384242534637,
    -2.099999904633));
#6498 = VECTOR('',#6499,1.);
#6499 = DIRECTION('',(5.888442677109E-02,0.560250875414,0.826227317923)
  );
#6500 = PLANE('',#6501);
#6501 = AXIS2_PLACEMENT_3D('',#6502,#6503,#6504);
#6502 = CARTESIAN_POINT('',(29.595201789202,3.091159010937,
    -1.06727469559));
#6503 = DIRECTION('',(0.129307636158,0.816409858089,-0.562809451631));
#6504 = DIRECTION('',(0.,0.567574508879,0.823322037158));
#6505 = ADVANCED_FACE('',(#6506),#6523,.T.);
#6506 = FACE_BOUND('',#6507,.T.);
#6507 = EDGE_LOOP('',(#6508,#6516,#6517));
#6508 = ORIENTED_EDGE('',*,*,#6509,.F.);
#6509 = EDGE_CURVE('',#6161,#6510,#6512,.T.);
#6510 = VERTEX_POINT('',#6511);
#6511 = CARTESIAN_POINT('',(29.870000839233,2.368181705475,
    -2.099999904633));
#6512 = LINE('',#6513,#6514);
#6513 = CARTESIAN_POINT('',(29.563541412354,2.384242534637,
    -2.099999904633));
#6514 = VECTOR('',#6515,1.);
#6515 = DIRECTION('',(0.998629539666,-5.233586252053E-02,0.));
#6516 = ORIENTED_EDGE('',*,*,#6495,.T.);
#6517 = ORIENTED_EDGE('',*,*,#6518,.T.);
#6518 = EDGE_CURVE('',#2729,#6510,#6519,.T.);
#6519 = LINE('',#6520,#6521);
#6520 = CARTESIAN_POINT('',(29.706079483032,3.7404088974,-0.10000000149)
  );
#6521 = VECTOR('',#6522,1.);
#6522 = DIRECTION('',(6.742893600841E-02,-0.564464702206,-0.822698570895
    ));
#6523 = PLANE('',#6524);
#6524 = AXIS2_PLACEMENT_3D('',#6525,#6526,#6527);
#6525 = CARTESIAN_POINT('',(29.711897529519,3.017724639541,
    -1.159489590356));
#6526 = DIRECTION('',(4.326012466362E-02,0.825453834105,-0.562809496523)
  );
#6527 = DIRECTION('',(0.,0.563336868494,0.826227312908));
#6528 = ADVANCED_FACE('',(#6529),#6539,.T.);
#6529 = FACE_BOUND('',#6530,.T.);
#6530 = EDGE_LOOP('',(#6531,#6532,#6538));
#6531 = ORIENTED_EDGE('',*,*,#2728,.F.);
#6532 = ORIENTED_EDGE('',*,*,#6533,.F.);
#6533 = EDGE_CURVE('',#6510,#2721,#6534,.T.);
#6534 = LINE('',#6535,#6536);
#6535 = CARTESIAN_POINT('',(29.870000839233,2.368181705475,
    -2.099999904633));
#6536 = VECTOR('',#6537,1.);
#6537 = DIRECTION('',(0.,0.56333687994,0.826227305104));
#6538 = ORIENTED_EDGE('',*,*,#6518,.F.);
#6539 = PLANE('',#6540);
#6540 = AXIS2_PLACEMENT_3D('',#6541,#6542,#6543);
#6541 = CARTESIAN_POINT('',(29.827594558161,3.074535386288,
    -1.06727418125));
#6542 = DIRECTION('',(4.325992025585E-02,0.825453833621,-0.562809512944)
  );
#6543 = DIRECTION('',(0.,0.56333687994,0.826227305104));
#6544 = ADVANCED_FACE('',(#6545),#6555,.T.);
#6545 = FACE_BOUND('',#6546,.T.);
#6546 = EDGE_LOOP('',(#6547,#6548,#6549));
#6547 = ORIENTED_EDGE('',*,*,#2872,.F.);
#6548 = ORIENTED_EDGE('',*,*,#5849,.F.);
#6549 = ORIENTED_EDGE('',*,*,#6550,.F.);
#6550 = EDGE_CURVE('',#2873,#5840,#6551,.T.);
#6551 = LINE('',#6552,#6553);
#6552 = CARTESIAN_POINT('',(28.437395095825,5.937837123871,
    -0.10000000149));
#6553 = VECTOR('',#6554,1.);
#6554 = DIRECTION('',(-0.557674600685,0.110301079559,-0.822698432962));
#6555 = PLANE('',#6556);
#6556 = AXIS2_PLACEMENT_3D('',#6557,#6558,#6559);
#6557 = CARTESIAN_POINT('',(27.766561161003,6.028036896921,
    -1.067274503125));
#6558 = DIRECTION('',(0.771684355631,-0.296223905157,-0.562809606606));
#6559 = DIRECTION('',(0.58925629804,0.,0.807946170991));
#6560 = ADVANCED_FACE('',(#6561),#6571,.T.);
#6561 = FACE_BOUND('',#6562,.T.);
#6562 = EDGE_LOOP('',(#6563,#6569,#6570));
#6563 = ORIENTED_EDGE('',*,*,#6564,.F.);
#6564 = EDGE_CURVE('',#5801,#5840,#6565,.T.);
#6565 = LINE('',#6566,#6567);
#6566 = CARTESIAN_POINT('',(27.191650390625,6.492477893829,
    -2.099999904633));
#6567 = VECTOR('',#6568,1.);
#6568 = DIRECTION('',(-0.358368636549,-0.933580162781,0.));
#6569 = ORIENTED_EDGE('',*,*,#5825,.T.);
#6570 = ORIENTED_EDGE('',*,*,#6550,.T.);
#6571 = PLANE('',#6572);
#6572 = AXIS2_PLACEMENT_3D('',#6573,#6574,#6575);
#6573 = CARTESIAN_POINT('',(27.748283516289,6.155626072114,
    -1.159489402888));
#6574 = DIRECTION('',(0.771684752328,-0.296222674348,-0.562809710494));
#6575 = DIRECTION('',(0.589256171306,2.775557561563E-17,0.807946263422)
  );
#6576 = ADVANCED_FACE('',(#6577),#6587,.T.);
#6577 = FACE_BOUND('',#6578,.T.);
#6578 = EDGE_LOOP('',(#6579,#6580,#6581));
#6579 = ORIENTED_EDGE('',*,*,#2896,.F.);
#6580 = ORIENTED_EDGE('',*,*,#5764,.F.);
#6581 = ORIENTED_EDGE('',*,*,#6582,.F.);
#6582 = EDGE_CURVE('',#2897,#5755,#6583,.T.);
#6583 = LINE('',#6584,#6585);
#6584 = CARTESIAN_POINT('',(28.704614639282,6.349318504333,
    -0.10000000149));
#6585 = VECTOR('',#6586,1.);
#6586 = DIRECTION('',(-0.496294926394,0.277233459437,-0.822698580894));
#6587 = PLANE('',#6588);
#6588 = AXIS2_PLACEMENT_3D('',#6589,#6590,#6591);
#6589 = CARTESIAN_POINT('',(28.094487279297,6.642402471617,
    -1.067274425699));
#6590 = DIRECTION('',(0.642377389964,-0.52018924893,-0.562809411934));
#6591 = DIRECTION('',(0.658988044681,-2.775557561563E-17,0.752153413186)
  );
#6592 = ADVANCED_FACE('',(#6593),#6610,.T.);
#6593 = FACE_BOUND('',#6594,.T.);
#6594 = EDGE_LOOP('',(#6595,#6603,#6609));
#6595 = ORIENTED_EDGE('',*,*,#6596,.F.);
#6596 = EDGE_CURVE('',#6597,#5755,#6599,.T.);
#6597 = VERTEX_POINT('',#6598);
#6598 = CARTESIAN_POINT('',(27.691234588623,7.261769294739,
    -2.099999904633));
#6599 = LINE('',#6600,#6601);
#6600 = CARTESIAN_POINT('',(27.691234588623,7.261769294739,
    -2.099999904633));
#6601 = VECTOR('',#6602,1.);
#6602 = DIRECTION('',(-0.629319758145,-0.777146473973,0.));
#6603 = ORIENTED_EDGE('',*,*,#6604,.T.);
#6604 = EDGE_CURVE('',#6597,#2897,#6605,.T.);
#6605 = LINE('',#6606,#6607);
#6606 = CARTESIAN_POINT('',(27.691234588623,7.261769294739,
    -2.099999904633));
#6607 = VECTOR('',#6608,1.);
#6608 = DIRECTION('',(0.418641115663,-0.376945862151,0.826227228602));
#6609 = ORIENTED_EDGE('',*,*,#6582,.T.);
#6610 = PLANE('',#6611);
#6611 = AXIS2_PLACEMENT_3D('',#6612,#6613,#6614);
#6612 = CARTESIAN_POINT('',(28.116531351107,6.769395160584,
    -1.159489334958));
#6613 = DIRECTION('',(0.642378831552,-0.520187254847,-0.562809609609));
#6614 = DIRECTION('',(0.658987338979,2.775557561563E-17,0.752154031476)
  );
#6615 = ADVANCED_FACE('',(#6616),#6626,.T.);
#6616 = FACE_BOUND('',#6617,.T.);
#6617 = EDGE_LOOP('',(#6618,#6619,#6620));
#6618 = ORIENTED_EDGE('',*,*,#2904,.F.);
#6619 = ORIENTED_EDGE('',*,*,#6604,.F.);
#6620 = ORIENTED_EDGE('',*,*,#6621,.F.);
#6621 = EDGE_CURVE('',#2905,#6597,#6622,.T.);
#6622 = LINE('',#6623,#6624);
#6623 = CARTESIAN_POINT('',(28.820680618286,6.465386390686,
    -0.10000000149));
#6624 = VECTOR('',#6625,1.);
#6625 = DIRECTION('',(-0.464596981788,0.327591654539,-0.822698822407));
#6626 = PLANE('',#6627);
#6627 = AXIS2_PLACEMENT_3D('',#6628,#6629,#6630);
#6628 = CARTESIAN_POINT('',(28.244532281385,6.820640440034,
    -1.067274733208));
#6629 = DIRECTION('',(0.584489685033,-0.584480080088,-0.562809776097));
#6630 = DIRECTION('',(0.707100971157,0.707112591169,0.));
#6631 = ADVANCED_FACE('',(#6632),#6642,.T.);
#6632 = FACE_BOUND('',#6633,.T.);
#6633 = EDGE_LOOP('',(#6634,#6640,#6641));
#6634 = ORIENTED_EDGE('',*,*,#6635,.F.);
#6635 = EDGE_CURVE('',#5717,#6597,#6636,.T.);
#6636 = LINE('',#6637,#6638);
#6637 = CARTESIAN_POINT('',(27.908229827881,7.478765487671,
    -2.099999904633));
#6638 = VECTOR('',#6639,1.);
#6639 = DIRECTION('',(-0.707105227353,-0.707108335016,0.));
#6640 = ORIENTED_EDGE('',*,*,#5740,.T.);
#6641 = ORIENTED_EDGE('',*,*,#6621,.T.);
#6642 = PLANE('',#6643);
#6643 = AXIS2_PLACEMENT_3D('',#6644,#6645,#6646);
#6644 = CARTESIAN_POINT('',(28.279729459119,6.944633095391,
    -1.159489288916));
#6645 = DIRECTION('',(0.584486359675,-0.584483790922,-0.562809375813));
#6646 = DIRECTION('',(0.707105227353,0.707108335016,-2.775557561563E-17)
  );
#6647 = ADVANCED_FACE('',(#6648,#7162,#7234),#7306,.T.);
#6648 = FACE_BOUND('',#6649,.T.);
#6649 = EDGE_LOOP('',(#6650,#6660,#6668,#6676,#6684,#6692,#6700,#6708,
    #6716,#6724,#6732,#6740,#6748,#6756,#6764,#6772,#6780,#6788,#6796,
    #6804,#6812,#6820,#6828,#6836,#6844,#6852,#6860,#6868,#6876,#6884,
    #6892,#6900,#6908,#6916,#6924,#6932,#6940,#6948,#6956,#6964,#6972,
    #6980,#6988,#6996,#7004,#7012,#7020,#7028,#7036,#7044,#7052,#7060,
    #7068,#7076,#7084,#7092,#7100,#7108,#7116,#7124,#7132,#7140,#7148,
    #7156));
#6650 = ORIENTED_EDGE('',*,*,#6651,.T.);
#6651 = EDGE_CURVE('',#6652,#6654,#6656,.T.);
#6652 = VERTEX_POINT('',#6653);
#6653 = CARTESIAN_POINT('',(34.909015655518,16.687786102295,
    -2.099999904633));
#6654 = VERTEX_POINT('',#6655);
#6655 = CARTESIAN_POINT('',(34.966026306152,16.60000038147,
    -2.099999904633));
#6656 = LINE('',#6657,#6658);
#6657 = CARTESIAN_POINT('',(34.909015655518,16.687786102295,
    -2.099999904633));
#6658 = VECTOR('',#6659,1.);
#6659 = DIRECTION('',(0.544652050599,-0.838662115383,0.));
#6660 = ORIENTED_EDGE('',*,*,#6661,.T.);
#6661 = EDGE_CURVE('',#6654,#6662,#6664,.T.);
#6662 = VERTEX_POINT('',#6663);
#6663 = CARTESIAN_POINT('',(35.01354598999,16.506736755371,
    -2.099999904633));
#6664 = LINE('',#6665,#6666);
#6665 = CARTESIAN_POINT('',(34.966026306152,16.60000038147,
    -2.099999904633));
#6666 = VECTOR('',#6667,1.);
#6667 = DIRECTION('',(0.453986653055,-0.891008484162,0.));
#6668 = ORIENTED_EDGE('',*,*,#6669,.T.);
#6669 = EDGE_CURVE('',#6662,#6670,#6672,.T.);
#6670 = VERTEX_POINT('',#6671);
#6671 = CARTESIAN_POINT('',(35.051055908203,16.409017562866,
    -2.099999904633));
#6672 = LINE('',#6673,#6674);
#6673 = CARTESIAN_POINT('',(35.01354598999,16.506736755371,
    -2.099999904633));
#6674 = VECTOR('',#6675,1.);
#6675 = DIRECTION('',(0.35835991151,-0.93358351197,0.));
#6676 = ORIENTED_EDGE('',*,*,#6677,.T.);
#6677 = EDGE_CURVE('',#6670,#6678,#6680,.T.);
#6678 = VERTEX_POINT('',#6679);
#6679 = CARTESIAN_POINT('',(35.078147888184,16.307910919189,
    -2.099999904633));
#6680 = LINE('',#6681,#6682);
#6681 = CARTESIAN_POINT('',(35.051055908203,16.409017562866,
    -2.099999904633));
#6682 = VECTOR('',#6683,1.);
#6683 = DIRECTION('',(0.258823826847,-0.965924545012,0.));
#6684 = ORIENTED_EDGE('',*,*,#6685,.T.);
#6685 = EDGE_CURVE('',#6678,#6686,#6688,.T.);
#6686 = VERTEX_POINT('',#6687);
#6687 = CARTESIAN_POINT('',(35.094520568848,16.204528808594,
    -2.099999904633));
#6688 = LINE('',#6689,#6690);
#6689 = CARTESIAN_POINT('',(35.078147888184,16.307910919189,
    -2.099999904633));
#6690 = VECTOR('',#6691,1.);
#6691 = DIRECTION('',(0.156421071624,-0.987690461811,0.));
#6692 = ORIENTED_EDGE('',*,*,#6693,.T.);
#6693 = EDGE_CURVE('',#6686,#6694,#6696,.T.);
#6694 = VERTEX_POINT('',#6695);
#6695 = CARTESIAN_POINT('',(35.099998474121,16.10000038147,
    -2.099999904633));
#6696 = LINE('',#6697,#6698);
#6697 = CARTESIAN_POINT('',(35.094520568848,16.204528808594,
    -2.099999904633));
#6698 = VECTOR('',#6699,1.);
#6699 = DIRECTION('',(5.233407490429E-02,-0.99862963335,0.));
#6700 = ORIENTED_EDGE('',*,*,#6701,.F.);
#6701 = EDGE_CURVE('',#6702,#6694,#6704,.T.);
#6702 = VERTEX_POINT('',#6703);
#6703 = CARTESIAN_POINT('',(35.099998474121,-13.,-2.099999904633));
#6704 = LINE('',#6705,#6706);
#6705 = CARTESIAN_POINT('',(35.099998474121,-13.,-2.099999904633));
#6706 = VECTOR('',#6707,1.);
#6707 = DIRECTION('',(0.,1.,0.));
#6708 = ORIENTED_EDGE('',*,*,#6709,.T.);
#6709 = EDGE_CURVE('',#6702,#6710,#6712,.T.);
#6710 = VERTEX_POINT('',#6711);
#6711 = CARTESIAN_POINT('',(35.077541351318,-13.42856693267,
    -2.099999904633));
#6712 = LINE('',#6713,#6714);
#6713 = CARTESIAN_POINT('',(35.099998474121,-13.,-2.099999904633));
#6714 = VECTOR('',#6715,1.);
#6715 = DIRECTION('',(-5.232870974037E-02,-0.998629914501,0.));
#6716 = ORIENTED_EDGE('',*,*,#6717,.T.);
#6717 = EDGE_CURVE('',#6710,#6718,#6720,.T.);
#6718 = VERTEX_POINT('',#6719);
#6719 = CARTESIAN_POINT('',(35.010406494141,-13.85243797302,
    -2.099999904633));
#6720 = LINE('',#6721,#6722);
#6721 = CARTESIAN_POINT('',(35.077541351318,-13.42856693267,
    -2.099999904633));
#6722 = VECTOR('',#6723,1.);
#6723 = DIRECTION('',(-0.156435100799,-0.987688239901,0.));
#6724 = ORIENTED_EDGE('',*,*,#6725,.T.);
#6725 = EDGE_CURVE('',#6718,#6726,#6728,.T.);
#6726 = VERTEX_POINT('',#6727);
#6727 = CARTESIAN_POINT('',(34.89933013916,-14.26696968078,
    -2.099999904633));
#6728 = LINE('',#6729,#6730);
#6729 = CARTESIAN_POINT('',(35.010406494141,-13.85243797302,
    -2.099999904633));
#6730 = VECTOR('',#6731,1.);
#6731 = DIRECTION('',(-0.258825390432,-0.965924126041,0.));
#6732 = ORIENTED_EDGE('',*,*,#6733,.T.);
#6733 = EDGE_CURVE('',#6726,#6734,#6736,.T.);
#6734 = VERTEX_POINT('',#6735);
#6735 = CARTESIAN_POINT('',(34.745536804199,-14.66762065887,
    -2.099999904633));
#6736 = LINE('',#6737,#6738);
#6737 = CARTESIAN_POINT('',(34.89933013916,-14.26696968078,
    -2.099999904633));
#6738 = VECTOR('',#6739,1.);
#6739 = DIRECTION('',(-0.358363550337,-0.933582115183,0.));
#6740 = ORIENTED_EDGE('',*,*,#6741,.T.);
#6741 = EDGE_CURVE('',#6734,#6742,#6744,.T.);
#6742 = VERTEX_POINT('',#6743);
#6743 = CARTESIAN_POINT('',(34.550704956055,-15.05000019073,
    -2.099999904633));
#6744 = LINE('',#6745,#6746);
#6745 = CARTESIAN_POINT('',(34.745536804199,-14.66762065887,
    -2.099999904633));
#6746 = VECTOR('',#6747,1.);
#6747 = DIRECTION('',(-0.453990028563,-0.891006764265,0.));
#6748 = ORIENTED_EDGE('',*,*,#6749,.T.);
#6749 = EDGE_CURVE('',#6742,#6750,#6752,.T.);
#6750 = VERTEX_POINT('',#6751);
#6751 = CARTESIAN_POINT('',(34.316970825195,-15.40991973877,
    -2.099999904633));
#6752 = LINE('',#6753,#6754);
#6753 = CARTESIAN_POINT('',(34.550704956055,-15.05000019073,
    -2.099999904633));
#6754 = VECTOR('',#6755,1.);
#6755 = DIRECTION('',(-0.544638450603,-0.838670947467,0.));
#6756 = ORIENTED_EDGE('',*,*,#6757,.T.);
#6757 = EDGE_CURVE('',#6750,#6758,#6760,.T.);
#6758 = VERTEX_POINT('',#6759);
#6759 = CARTESIAN_POINT('',(34.046894073486,-15.74343585968,
    -2.099999904633));
#6760 = LINE('',#6761,#6762);
#6761 = CARTESIAN_POINT('',(34.316970825195,-15.40991973877,
    -2.099999904633));
#6762 = VECTOR('',#6763,1.);
#6763 = DIRECTION('',(-0.629321407386,-0.777145138443,0.));
#6764 = ORIENTED_EDGE('',*,*,#6765,.T.);
#6765 = EDGE_CURVE('',#6758,#6766,#6768,.T.);
#6766 = VERTEX_POINT('',#6767);
#6767 = CARTESIAN_POINT('',(33.743434906006,-16.04689407348,
    -2.099999904633));
#6768 = LINE('',#6769,#6770);
#6769 = CARTESIAN_POINT('',(34.046894073486,-15.74343585968,
    -2.099999904633));
#6770 = VECTOR('',#6771,1.);
#6771 = DIRECTION('',(-0.707107892292,-0.70710567008,0.));
#6772 = ORIENTED_EDGE('',*,*,#6773,.T.);
#6773 = EDGE_CURVE('',#6766,#6774,#6776,.T.);
#6774 = VERTEX_POINT('',#6775);
#6775 = CARTESIAN_POINT('',(33.40991973877,-16.31696891784,
    -2.099999904633));
#6776 = LINE('',#6777,#6778);
#6777 = CARTESIAN_POINT('',(33.743434906006,-16.04689407348,
    -2.099999904633));
#6778 = VECTOR('',#6779,1.);
#6779 = DIRECTION('',(-0.777146432003,-0.629319809973,0.));
#6780 = ORIENTED_EDGE('',*,*,#6781,.T.);
#6781 = EDGE_CURVE('',#6774,#6782,#6784,.T.);
#6782 = VERTEX_POINT('',#6783);
#6783 = CARTESIAN_POINT('',(33.049999237061,-16.55070495605,
    -2.099999904633));
#6784 = LINE('',#6785,#6786);
#6785 = CARTESIAN_POINT('',(33.40991973877,-16.31696891784,
    -2.099999904633));
#6786 = VECTOR('',#6787,1.);
#6787 = DIRECTION('',(-0.838669576554,-0.54464056162,0.));
#6788 = ORIENTED_EDGE('',*,*,#6789,.T.);
#6789 = EDGE_CURVE('',#6782,#6790,#6792,.T.);
#6790 = VERTEX_POINT('',#6791);
#6791 = CARTESIAN_POINT('',(32.667621612549,-16.74553680419,
    -2.099999904633));
#6792 = LINE('',#6793,#6794);
#6793 = CARTESIAN_POINT('',(33.049999237061,-16.55070495605,
    -2.099999904633));
#6794 = VECTOR('',#6795,1.);
#6795 = DIRECTION('',(-0.891005848231,-0.453991826379,0.));
#6796 = ORIENTED_EDGE('',*,*,#6797,.T.);
#6797 = EDGE_CURVE('',#6790,#6798,#6800,.T.);
#6798 = VERTEX_POINT('',#6799);
#6799 = CARTESIAN_POINT('',(32.266967773438,-16.8993320465,
    -2.099999904633));
#6800 = LINE('',#6801,#6802);
#6801 = CARTESIAN_POINT('',(32.667621612549,-16.74553680419,
    -2.099999904633));
#6802 = VECTOR('',#6803,1.);
#6803 = DIRECTION('',(-0.93358148441,-0.358365193577,0.));
#6804 = ORIENTED_EDGE('',*,*,#6805,.T.);
#6805 = EDGE_CURVE('',#6798,#6806,#6808,.T.);
#6806 = VERTEX_POINT('',#6807);
#6807 = CARTESIAN_POINT('',(31.852437973022,-17.01040458679,
    -2.099999904633));
#6808 = LINE('',#6809,#6810);
#6809 = CARTESIAN_POINT('',(32.266967773438,-16.8993320465,
    -2.099999904633));
#6810 = VECTOR('',#6811,1.);
#6811 = DIRECTION('',(-0.965926050554,-0.258818208132,0.));
#6812 = ORIENTED_EDGE('',*,*,#6813,.T.);
#6813 = EDGE_CURVE('',#6806,#6814,#6816,.T.);
#6814 = VERTEX_POINT('',#6815);
#6815 = CARTESIAN_POINT('',(31.428565979004,-17.07753944397,
    -2.099999904633));
#6816 = LINE('',#6817,#6818);
#6817 = CARTESIAN_POINT('',(31.852437973022,-17.01040458679,
    -2.099999904633));
#6818 = VECTOR('',#6819,1.);
#6819 = DIRECTION('',(-0.987688294282,-0.156434757447,0.));
#6820 = ORIENTED_EDGE('',*,*,#6821,.T.);
#6821 = EDGE_CURVE('',#6814,#6822,#6824,.T.);
#6822 = VERTEX_POINT('',#6823);
#6823 = CARTESIAN_POINT('',(31.,-17.10000038147,-2.099999904633));
#6824 = LINE('',#6825,#6826);
#6825 = CARTESIAN_POINT('',(31.428565979004,-17.07753944397,
    -2.099999904633));
#6826 = VECTOR('',#6827,1.);
#6827 = DIRECTION('',(-0.99862944387,-5.233769039846E-02,0.));
#6828 = ORIENTED_EDGE('',*,*,#6829,.T.);
#6829 = EDGE_CURVE('',#6822,#6830,#6832,.T.);
#6830 = VERTEX_POINT('',#6831);
#6831 = CARTESIAN_POINT('',(-31.,-17.10000038147,-2.099999904633));
#6832 = LINE('',#6833,#6834);
#6833 = CARTESIAN_POINT('',(31.,-17.10000038147,-2.099999904633));
#6834 = VECTOR('',#6835,1.);
#6835 = DIRECTION('',(-1.,0.,0.));
#6836 = ORIENTED_EDGE('',*,*,#6837,.F.);
#6837 = EDGE_CURVE('',#6838,#6830,#6840,.T.);
#6838 = VERTEX_POINT('',#6839);
#6839 = CARTESIAN_POINT('',(-31.428565979,-17.07753944397,
    -2.099999904633));
#6840 = LINE('',#6841,#6842);
#6841 = CARTESIAN_POINT('',(-31.428565979,-17.07753944397,
    -2.099999904633));
#6842 = VECTOR('',#6843,1.);
#6843 = DIRECTION('',(0.99862944387,-5.233769039846E-02,0.));
#6844 = ORIENTED_EDGE('',*,*,#6845,.F.);
#6845 = EDGE_CURVE('',#6846,#6838,#6848,.T.);
#6846 = VERTEX_POINT('',#6847);
#6847 = CARTESIAN_POINT('',(-31.85243797302,-17.01040458679,
    -2.099999904633));
#6848 = LINE('',#6849,#6850);
#6849 = CARTESIAN_POINT('',(-31.85243797302,-17.01040458679,
    -2.099999904633));
#6850 = VECTOR('',#6851,1.);
#6851 = DIRECTION('',(0.987688294282,-0.156434757447,0.));
#6852 = ORIENTED_EDGE('',*,*,#6853,.F.);
#6853 = EDGE_CURVE('',#6854,#6846,#6856,.T.);
#6854 = VERTEX_POINT('',#6855);
#6855 = CARTESIAN_POINT('',(-32.26696777343,-16.8993320465,
    -2.099999904633));
#6856 = LINE('',#6857,#6858);
#6857 = CARTESIAN_POINT('',(-32.26696777343,-16.8993320465,
    -2.099999904633));
#6858 = VECTOR('',#6859,1.);
#6859 = DIRECTION('',(0.965926050554,-0.258818208132,0.));
#6860 = ORIENTED_EDGE('',*,*,#6861,.F.);
#6861 = EDGE_CURVE('',#6862,#6854,#6864,.T.);
#6862 = VERTEX_POINT('',#6863);
#6863 = CARTESIAN_POINT('',(-32.66762161254,-16.74553680419,
    -2.099999904633));
#6864 = LINE('',#6865,#6866);
#6865 = CARTESIAN_POINT('',(-32.66762161254,-16.74553680419,
    -2.099999904633));
#6866 = VECTOR('',#6867,1.);
#6867 = DIRECTION('',(0.93358148441,-0.358365193577,0.));
#6868 = ORIENTED_EDGE('',*,*,#6869,.F.);
#6869 = EDGE_CURVE('',#6870,#6862,#6872,.T.);
#6870 = VERTEX_POINT('',#6871);
#6871 = CARTESIAN_POINT('',(-33.04999923706,-16.55070495605,
    -2.099999904633));
#6872 = LINE('',#6873,#6874);
#6873 = CARTESIAN_POINT('',(-33.04999923706,-16.55070495605,
    -2.099999904633));
#6874 = VECTOR('',#6875,1.);
#6875 = DIRECTION('',(0.891005848231,-0.453991826379,0.));
#6876 = ORIENTED_EDGE('',*,*,#6877,.F.);
#6877 = EDGE_CURVE('',#6878,#6870,#6880,.T.);
#6878 = VERTEX_POINT('',#6879);
#6879 = CARTESIAN_POINT('',(-33.40991973877,-16.31696891784,
    -2.099999904633));
#6880 = LINE('',#6881,#6882);
#6881 = CARTESIAN_POINT('',(-33.40991973877,-16.31696891784,
    -2.099999904633));
#6882 = VECTOR('',#6883,1.);
#6883 = DIRECTION('',(0.838669576554,-0.54464056162,0.));
#6884 = ORIENTED_EDGE('',*,*,#6885,.F.);
#6885 = EDGE_CURVE('',#6886,#6878,#6888,.T.);
#6886 = VERTEX_POINT('',#6887);
#6887 = CARTESIAN_POINT('',(-33.743434906,-16.04689407348,
    -2.099999904633));
#6888 = LINE('',#6889,#6890);
#6889 = CARTESIAN_POINT('',(-33.743434906,-16.04689407348,
    -2.099999904633));
#6890 = VECTOR('',#6891,1.);
#6891 = DIRECTION('',(0.777146432003,-0.629319809973,0.));
#6892 = ORIENTED_EDGE('',*,*,#6893,.F.);
#6893 = EDGE_CURVE('',#6894,#6886,#6896,.T.);
#6894 = VERTEX_POINT('',#6895);
#6895 = CARTESIAN_POINT('',(-34.04689407348,-15.74343585968,
    -2.099999904633));
#6896 = LINE('',#6897,#6898);
#6897 = CARTESIAN_POINT('',(-34.04689407348,-15.74343585968,
    -2.099999904633));
#6898 = VECTOR('',#6899,1.);
#6899 = DIRECTION('',(0.707107892292,-0.70710567008,0.));
#6900 = ORIENTED_EDGE('',*,*,#6901,.F.);
#6901 = EDGE_CURVE('',#6902,#6894,#6904,.T.);
#6902 = VERTEX_POINT('',#6903);
#6903 = CARTESIAN_POINT('',(-34.31697082519,-15.40991973877,
    -2.099999904633));
#6904 = LINE('',#6905,#6906);
#6905 = CARTESIAN_POINT('',(-34.31697082519,-15.40991973877,
    -2.099999904633));
#6906 = VECTOR('',#6907,1.);
#6907 = DIRECTION('',(0.629321407386,-0.777145138443,0.));
#6908 = ORIENTED_EDGE('',*,*,#6909,.F.);
#6909 = EDGE_CURVE('',#6910,#6902,#6912,.T.);
#6910 = VERTEX_POINT('',#6911);
#6911 = CARTESIAN_POINT('',(-34.55070495605,-15.05000019073,
    -2.099999904633));
#6912 = LINE('',#6913,#6914);
#6913 = CARTESIAN_POINT('',(-34.55070495605,-15.05000019073,
    -2.099999904633));
#6914 = VECTOR('',#6915,1.);
#6915 = DIRECTION('',(0.544638450603,-0.838670947467,0.));
#6916 = ORIENTED_EDGE('',*,*,#6917,.F.);
#6917 = EDGE_CURVE('',#6918,#6910,#6920,.T.);
#6918 = VERTEX_POINT('',#6919);
#6919 = CARTESIAN_POINT('',(-34.74553680419,-14.66762065887,
    -2.099999904633));
#6920 = LINE('',#6921,#6922);
#6921 = CARTESIAN_POINT('',(-34.74553680419,-14.66762065887,
    -2.099999904633));
#6922 = VECTOR('',#6923,1.);
#6923 = DIRECTION('',(0.453990028563,-0.891006764265,0.));
#6924 = ORIENTED_EDGE('',*,*,#6925,.F.);
#6925 = EDGE_CURVE('',#6926,#6918,#6928,.T.);
#6926 = VERTEX_POINT('',#6927);
#6927 = CARTESIAN_POINT('',(-34.89933013916,-14.26696968078,
    -2.099999904633));
#6928 = LINE('',#6929,#6930);
#6929 = CARTESIAN_POINT('',(-34.89933013916,-14.26696968078,
    -2.099999904633));
#6930 = VECTOR('',#6931,1.);
#6931 = DIRECTION('',(0.358363550337,-0.933582115183,0.));
#6932 = ORIENTED_EDGE('',*,*,#6933,.F.);
#6933 = EDGE_CURVE('',#6934,#6926,#6936,.T.);
#6934 = VERTEX_POINT('',#6935);
#6935 = CARTESIAN_POINT('',(-35.01040649414,-13.85243797302,
    -2.099999904633));
#6936 = LINE('',#6937,#6938);
#6937 = CARTESIAN_POINT('',(-35.01040649414,-13.85243797302,
    -2.099999904633));
#6938 = VECTOR('',#6939,1.);
#6939 = DIRECTION('',(0.258825390432,-0.965924126041,0.));
#6940 = ORIENTED_EDGE('',*,*,#6941,.F.);
#6941 = EDGE_CURVE('',#6942,#6934,#6944,.T.);
#6942 = VERTEX_POINT('',#6943);
#6943 = CARTESIAN_POINT('',(-35.07754135131,-13.42856693267,
    -2.099999904633));
#6944 = LINE('',#6945,#6946);
#6945 = CARTESIAN_POINT('',(-35.07754135131,-13.42856693267,
    -2.099999904633));
#6946 = VECTOR('',#6947,1.);
#6947 = DIRECTION('',(0.156435100799,-0.987688239901,0.));
#6948 = ORIENTED_EDGE('',*,*,#6949,.F.);
#6949 = EDGE_CURVE('',#6950,#6942,#6952,.T.);
#6950 = VERTEX_POINT('',#6951);
#6951 = CARTESIAN_POINT('',(-35.09999847412,-13.,-2.099999904633));
#6952 = LINE('',#6953,#6954);
#6953 = CARTESIAN_POINT('',(-35.09999847412,-13.,-2.099999904633));
#6954 = VECTOR('',#6955,1.);
#6955 = DIRECTION('',(5.232870974037E-02,-0.998629914501,0.));
#6956 = ORIENTED_EDGE('',*,*,#6957,.T.);
#6957 = EDGE_CURVE('',#6950,#6958,#6960,.T.);
#6958 = VERTEX_POINT('',#6959);
#6959 = CARTESIAN_POINT('',(-35.09999847412,16.10000038147,
    -2.099999904633));
#6960 = LINE('',#6961,#6962);
#6961 = CARTESIAN_POINT('',(-35.09999847412,-13.,-2.099999904633));
#6962 = VECTOR('',#6963,1.);
#6963 = DIRECTION('',(0.,1.,0.));
#6964 = ORIENTED_EDGE('',*,*,#6965,.T.);
#6965 = EDGE_CURVE('',#6958,#6966,#6968,.T.);
#6966 = VERTEX_POINT('',#6967);
#6967 = CARTESIAN_POINT('',(-35.09452056884,16.204528808594,
    -2.099999904633));
#6968 = LINE('',#6969,#6970);
#6969 = CARTESIAN_POINT('',(-35.09999847412,16.10000038147,
    -2.099999904633));
#6970 = VECTOR('',#6971,1.);
#6971 = DIRECTION('',(5.233407490429E-02,0.99862963335,0.));
#6972 = ORIENTED_EDGE('',*,*,#6973,.T.);
#6973 = EDGE_CURVE('',#6966,#6974,#6976,.T.);
#6974 = VERTEX_POINT('',#6975);
#6975 = CARTESIAN_POINT('',(-35.07814788818,16.307910919189,
    -2.099999904633));
#6976 = LINE('',#6977,#6978);
#6977 = CARTESIAN_POINT('',(-35.09452056884,16.204528808594,
    -2.099999904633));
#6978 = VECTOR('',#6979,1.);
#6979 = DIRECTION('',(0.156421071624,0.987690461811,0.));
#6980 = ORIENTED_EDGE('',*,*,#6981,.T.);
#6981 = EDGE_CURVE('',#6974,#6982,#6984,.T.);
#6982 = VERTEX_POINT('',#6983);
#6983 = CARTESIAN_POINT('',(-35.0510559082,16.409017562866,
    -2.099999904633));
#6984 = LINE('',#6985,#6986);
#6985 = CARTESIAN_POINT('',(-35.07814788818,16.307910919189,
    -2.099999904633));
#6986 = VECTOR('',#6987,1.);
#6987 = DIRECTION('',(0.258823826847,0.965924545012,0.));
#6988 = ORIENTED_EDGE('',*,*,#6989,.T.);
#6989 = EDGE_CURVE('',#6982,#6990,#6992,.T.);
#6990 = VERTEX_POINT('',#6991);
#6991 = CARTESIAN_POINT('',(-35.01354598999,16.506736755371,
    -2.099999904633));
#6992 = LINE('',#6993,#6994);
#6993 = CARTESIAN_POINT('',(-35.0510559082,16.409017562866,
    -2.099999904633));
#6994 = VECTOR('',#6995,1.);
#6995 = DIRECTION('',(0.35835991151,0.93358351197,0.));
#6996 = ORIENTED_EDGE('',*,*,#6997,.T.);
#6997 = EDGE_CURVE('',#6990,#6998,#7000,.T.);
#6998 = VERTEX_POINT('',#6999);
#6999 = CARTESIAN_POINT('',(-34.96602630615,16.60000038147,
    -2.099999904633));
#7000 = LINE('',#7001,#7002);
#7001 = CARTESIAN_POINT('',(-35.01354598999,16.506736755371,
    -2.099999904633));
#7002 = VECTOR('',#7003,1.);
#7003 = DIRECTION('',(0.453986653055,0.891008484162,0.));
#7004 = ORIENTED_EDGE('',*,*,#7005,.T.);
#7005 = EDGE_CURVE('',#6998,#7006,#7008,.T.);
#7006 = VERTEX_POINT('',#7007);
#7007 = CARTESIAN_POINT('',(-34.90901565551,16.687786102295,
    -2.099999904633));
#7008 = LINE('',#7009,#7010);
#7009 = CARTESIAN_POINT('',(-34.96602630615,16.60000038147,
    -2.099999904633));
#7010 = VECTOR('',#7011,1.);
#7011 = DIRECTION('',(0.544652050599,0.838662115383,0.));
#7012 = ORIENTED_EDGE('',*,*,#7013,.T.);
#7013 = EDGE_CURVE('',#7006,#7014,#7016,.T.);
#7014 = VERTEX_POINT('',#7015);
#7015 = CARTESIAN_POINT('',(-34.84314346313,16.769130706787,
    -2.099999904633));
#7016 = LINE('',#7017,#7018);
#7017 = CARTESIAN_POINT('',(-34.90901565551,16.687786102295,
    -2.099999904633));
#7018 = VECTOR('',#7019,1.);
#7019 = DIRECTION('',(0.629324028917,0.777143015556,0.));
#7020 = ORIENTED_EDGE('',*,*,#7021,.T.);
#7021 = EDGE_CURVE('',#7014,#7022,#7024,.T.);
#7022 = VERTEX_POINT('',#7023);
#7023 = CARTESIAN_POINT('',(-34.76913070678,16.843145370483,
    -2.099999904633));
#7024 = LINE('',#7025,#7026);
#7025 = CARTESIAN_POINT('',(-34.84314346313,16.769130706787,
    -2.099999904633));
#7026 = VECTOR('',#7027,1.);
#7027 = DIRECTION('',(0.707097669984,0.707115892272,0.));
#7028 = ORIENTED_EDGE('',*,*,#7029,.T.);
#7029 = EDGE_CURVE('',#7022,#7030,#7032,.T.);
#7030 = VERTEX_POINT('',#7031);
#7031 = CARTESIAN_POINT('',(-34.68778610229,16.909017562866,
    -2.099999904633));
#7032 = LINE('',#7033,#7034);
#7033 = CARTESIAN_POINT('',(-34.76913070678,16.843145370483,
    -2.099999904633));
#7034 = VECTOR('',#7035,1.);
#7035 = DIRECTION('',(0.777143015556,0.629324028917,0.));
#7036 = ORIENTED_EDGE('',*,*,#7037,.T.);
#7037 = EDGE_CURVE('',#7030,#7038,#7040,.T.);
#7038 = VERTEX_POINT('',#7039);
#7039 = CARTESIAN_POINT('',(-34.59999847412,16.966026306152,
    -2.099999904633));
#7040 = LINE('',#7041,#7042);
#7041 = CARTESIAN_POINT('',(-34.68778610229,16.909017562866,
    -2.099999904633));
#7042 = VECTOR('',#7043,1.);
#7043 = DIRECTION('',(0.838675843863,0.544630910729,0.));
#7044 = ORIENTED_EDGE('',*,*,#7045,.T.);
#7045 = EDGE_CURVE('',#7038,#7046,#7048,.T.);
#7046 = VERTEX_POINT('',#7047);
#7047 = CARTESIAN_POINT('',(-34.50673675537,17.01354598999,
    -2.099999904633));
#7048 = LINE('',#7049,#7050);
#7049 = CARTESIAN_POINT('',(-34.59999847412,16.966026306152,
    -2.099999904633));
#7050 = VECTOR('',#7051,1.);
#7051 = DIRECTION('',(0.891004728414,0.453994024127,0.));
#7052 = ORIENTED_EDGE('',*,*,#7053,.T.);
#7053 = EDGE_CURVE('',#7046,#7054,#7056,.T.);
#7054 = VERTEX_POINT('',#7055);
#7055 = CARTESIAN_POINT('',(-34.40901565551,17.051055908203,
    -2.099999904633));
#7056 = LINE('',#7057,#7058);
#7057 = CARTESIAN_POINT('',(-34.50673675537,17.01354598999,
    -2.099999904633));
#7058 = VECTOR('',#7059,1.);
#7059 = DIRECTION('',(0.933585852052,0.358353815171,0.));
#7060 = ORIENTED_EDGE('',*,*,#7061,.T.);
#7061 = EDGE_CURVE('',#7054,#7062,#7064,.T.);
#7062 = VERTEX_POINT('',#7063);
#7063 = CARTESIAN_POINT('',(-34.30791091918,17.078147888184,
    -2.099999904633));
#7064 = LINE('',#7065,#7066);
#7065 = CARTESIAN_POINT('',(-34.40901565551,17.051055908203,
    -2.099999904633));
#7066 = VECTOR('',#7067,1.);
#7067 = DIRECTION('',(0.965923324299,0.258828382477,0.));
#7068 = ORIENTED_EDGE('',*,*,#7069,.T.);
#7069 = EDGE_CURVE('',#7062,#7070,#7072,.T.);
#7070 = VERTEX_POINT('',#7071);
#7071 = CARTESIAN_POINT('',(-34.20452880859,17.094522476196,
    -2.099999904633));
#7072 = LINE('',#7073,#7074);
#7073 = CARTESIAN_POINT('',(-34.30791091918,17.078147888184,
    -2.099999904633));
#7074 = VECTOR('',#7075,1.);
#7075 = DIRECTION('',(0.987687646378,0.15643884809,0.));
#7076 = ORIENTED_EDGE('',*,*,#7077,.T.);
#7077 = EDGE_CURVE('',#7070,#7078,#7080,.T.);
#7078 = VERTEX_POINT('',#7079);
#7079 = CARTESIAN_POINT('',(-34.09999847412,17.10000038147,
    -2.099999904633));
#7080 = LINE('',#7081,#7082);
#7081 = CARTESIAN_POINT('',(-34.20452880859,17.094522476196,
    -2.099999904633));
#7082 = VECTOR('',#7083,1.);
#7083 = DIRECTION('',(0.998629683256,5.233312258798E-02,0.));
#7084 = ORIENTED_EDGE('',*,*,#7085,.T.);
#7085 = EDGE_CURVE('',#7078,#7086,#7088,.T.);
#7086 = VERTEX_POINT('',#7087);
#7087 = CARTESIAN_POINT('',(34.099998474121,17.10000038147,
    -2.099999904633));
#7088 = LINE('',#7089,#7090);
#7089 = CARTESIAN_POINT('',(-34.09999847412,17.10000038147,
    -2.099999904633));
#7090 = VECTOR('',#7091,1.);
#7091 = DIRECTION('',(1.,0.,0.));
#7092 = ORIENTED_EDGE('',*,*,#7093,.T.);
#7093 = EDGE_CURVE('',#7086,#7094,#7096,.T.);
#7094 = VERTEX_POINT('',#7095);
#7095 = CARTESIAN_POINT('',(34.204528808594,17.094522476196,
    -2.099999904633));
#7096 = LINE('',#7097,#7098);
#7097 = CARTESIAN_POINT('',(34.099998474121,17.10000038147,
    -2.099999904633));
#7098 = VECTOR('',#7099,1.);
#7099 = DIRECTION('',(0.998629683256,-5.233312258798E-02,0.));
#7100 = ORIENTED_EDGE('',*,*,#7101,.T.);
#7101 = EDGE_CURVE('',#7094,#7102,#7104,.T.);
#7102 = VERTEX_POINT('',#7103);
#7103 = CARTESIAN_POINT('',(34.307910919189,17.078147888184,
    -2.099999904633));
#7104 = LINE('',#7105,#7106);
#7105 = CARTESIAN_POINT('',(34.204528808594,17.094522476196,
    -2.099999904633));
#7106 = VECTOR('',#7107,1.);
#7107 = DIRECTION('',(0.987687646378,-0.15643884809,0.));
#7108 = ORIENTED_EDGE('',*,*,#7109,.T.);
#7109 = EDGE_CURVE('',#7102,#7110,#7112,.T.);
#7110 = VERTEX_POINT('',#7111);
#7111 = CARTESIAN_POINT('',(34.409015655518,17.051055908203,
    -2.099999904633));
#7112 = LINE('',#7113,#7114);
#7113 = CARTESIAN_POINT('',(34.307910919189,17.078147888184,
    -2.099999904633));
#7114 = VECTOR('',#7115,1.);
#7115 = DIRECTION('',(0.965923324299,-0.258828382477,0.));
#7116 = ORIENTED_EDGE('',*,*,#7117,.T.);
#7117 = EDGE_CURVE('',#7110,#7118,#7120,.T.);
#7118 = VERTEX_POINT('',#7119);
#7119 = CARTESIAN_POINT('',(34.506736755371,17.01354598999,
    -2.099999904633));
#7120 = LINE('',#7121,#7122);
#7121 = CARTESIAN_POINT('',(34.409015655518,17.051055908203,
    -2.099999904633));
#7122 = VECTOR('',#7123,1.);
#7123 = DIRECTION('',(0.933585852052,-0.358353815171,0.));
#7124 = ORIENTED_EDGE('',*,*,#7125,.T.);
#7125 = EDGE_CURVE('',#7118,#7126,#7128,.T.);
#7126 = VERTEX_POINT('',#7127);
#7127 = CARTESIAN_POINT('',(34.599998474121,16.966026306152,
    -2.099999904633));
#7128 = LINE('',#7129,#7130);
#7129 = CARTESIAN_POINT('',(34.506736755371,17.01354598999,
    -2.099999904633));
#7130 = VECTOR('',#7131,1.);
#7131 = DIRECTION('',(0.891004728414,-0.453994024127,0.));
#7132 = ORIENTED_EDGE('',*,*,#7133,.T.);
#7133 = EDGE_CURVE('',#7126,#7134,#7136,.T.);
#7134 = VERTEX_POINT('',#7135);
#7135 = CARTESIAN_POINT('',(34.687786102295,16.909017562866,
    -2.099999904633));
#7136 = LINE('',#7137,#7138);
#7137 = CARTESIAN_POINT('',(34.599998474121,16.966026306152,
    -2.099999904633));
#7138 = VECTOR('',#7139,1.);
#7139 = DIRECTION('',(0.838675843863,-0.544630910729,0.));
#7140 = ORIENTED_EDGE('',*,*,#7141,.T.);
#7141 = EDGE_CURVE('',#7134,#7142,#7144,.T.);
#7142 = VERTEX_POINT('',#7143);
#7143 = CARTESIAN_POINT('',(34.769130706787,16.843145370483,
    -2.099999904633));
#7144 = LINE('',#7145,#7146);
#7145 = CARTESIAN_POINT('',(34.687786102295,16.909017562866,
    -2.099999904633));
#7146 = VECTOR('',#7147,1.);
#7147 = DIRECTION('',(0.777143015556,-0.629324028917,0.));
#7148 = ORIENTED_EDGE('',*,*,#7149,.T.);
#7149 = EDGE_CURVE('',#7142,#7150,#7152,.T.);
#7150 = VERTEX_POINT('',#7151);
#7151 = CARTESIAN_POINT('',(34.843143463135,16.769130706787,
    -2.099999904633));
#7152 = LINE('',#7153,#7154);
#7153 = CARTESIAN_POINT('',(34.769130706787,16.843145370483,
    -2.099999904633));
#7154 = VECTOR('',#7155,1.);
#7155 = DIRECTION('',(0.707097669984,-0.707115892272,0.));
#7156 = ORIENTED_EDGE('',*,*,#7157,.T.);
#7157 = EDGE_CURVE('',#7150,#6652,#7158,.T.);
#7158 = LINE('',#7159,#7160);
#7159 = CARTESIAN_POINT('',(34.843143463135,16.769130706787,
    -2.099999904633));
#7160 = VECTOR('',#7161,1.);
#7161 = DIRECTION('',(0.629324028917,-0.777143015556,0.));
#7162 = FACE_BOUND('',#7163,.T.);
#7163 = EDGE_LOOP('',(#7164,#7165,#7166,#7167,#7168,#7169,#7170,#7171,
    #7172,#7173,#7174,#7175,#7176,#7177,#7178,#7179,#7180,#7181,#7182,
    #7183,#7184,#7185,#7186,#7187,#7188,#7194,#7195,#7196,#7197,#7198,
    #7199,#7200,#7201,#7202,#7203,#7204,#7205,#7206,#7207,#7208,#7209,
    #7210,#7211,#7212,#7213,#7214,#7215,#7216,#7217,#7218,#7219,#7220,
    #7221,#7222,#7228,#7229,#7230,#7231,#7232,#7233));
#7164 = ORIENTED_EDGE('',*,*,#5724,.T.);
#7165 = ORIENTED_EDGE('',*,*,#6635,.T.);
#7166 = ORIENTED_EDGE('',*,*,#6596,.T.);
#7167 = ORIENTED_EDGE('',*,*,#5754,.T.);
#7168 = ORIENTED_EDGE('',*,*,#5800,.T.);
#7169 = ORIENTED_EDGE('',*,*,#6564,.T.);
#7170 = ORIENTED_EDGE('',*,*,#5839,.T.);
#7171 = ORIENTED_EDGE('',*,*,#5885,.T.);
#7172 = ORIENTED_EDGE('',*,*,#5924,.T.);
#7173 = ORIENTED_EDGE('',*,*,#5963,.T.);
#7174 = ORIENTED_EDGE('',*,*,#6011,.T.);
#7175 = ORIENTED_EDGE('',*,*,#6050,.T.);
#7176 = ORIENTED_EDGE('',*,*,#6089,.T.);
#7177 = ORIENTED_EDGE('',*,*,#6128,.T.);
#7178 = ORIENTED_EDGE('',*,*,#6337,.T.);
#7179 = ORIENTED_EDGE('',*,*,#6376,.T.);
#7180 = ORIENTED_EDGE('',*,*,#6415,.T.);
#7181 = ORIENTED_EDGE('',*,*,#6445,.T.);
#7182 = ORIENTED_EDGE('',*,*,#6289,.T.);
#7183 = ORIENTED_EDGE('',*,*,#6243,.T.);
#7184 = ORIENTED_EDGE('',*,*,#6477,.T.);
#7185 = ORIENTED_EDGE('',*,*,#6204,.T.);
#7186 = ORIENTED_EDGE('',*,*,#6158,.T.);
#7187 = ORIENTED_EDGE('',*,*,#6509,.T.);
#7188 = ORIENTED_EDGE('',*,*,#7189,.T.);
#7189 = EDGE_CURVE('',#6510,#4553,#7190,.T.);
#7190 = LINE('',#7191,#7192);
#7191 = CARTESIAN_POINT('',(29.870000839233,2.368181705475,
    -2.099999904633));
#7192 = VECTOR('',#7193,1.);
#7193 = DIRECTION('',(0.998629522642,5.23361873594E-02,0.));
#7194 = ORIENTED_EDGE('',*,*,#4568,.T.);
#7195 = ORIENTED_EDGE('',*,*,#4607,.T.);
#7196 = ORIENTED_EDGE('',*,*,#4646,.T.);
#7197 = ORIENTED_EDGE('',*,*,#4685,.T.);
#7198 = ORIENTED_EDGE('',*,*,#4724,.T.);
#7199 = ORIENTED_EDGE('',*,*,#4763,.T.);
#7200 = ORIENTED_EDGE('',*,*,#4795,.T.);
#7201 = ORIENTED_EDGE('',*,*,#4513,.T.);
#7202 = ORIENTED_EDGE('',*,*,#4467,.T.);
#7203 = ORIENTED_EDGE('',*,*,#4825,.T.);
#7204 = ORIENTED_EDGE('',*,*,#4864,.T.);
#7205 = ORIENTED_EDGE('',*,*,#4421,.T.);
#7206 = ORIENTED_EDGE('',*,*,#4896,.T.);
#7207 = ORIENTED_EDGE('',*,*,#4935,.T.);
#7208 = ORIENTED_EDGE('',*,*,#4983,.T.);
#7209 = ORIENTED_EDGE('',*,*,#5022,.T.);
#7210 = ORIENTED_EDGE('',*,*,#5061,.T.);
#7211 = ORIENTED_EDGE('',*,*,#5100,.T.);
#7212 = ORIENTED_EDGE('',*,*,#5139,.T.);
#7213 = ORIENTED_EDGE('',*,*,#5178,.T.);
#7214 = ORIENTED_EDGE('',*,*,#5217,.T.);
#7215 = ORIENTED_EDGE('',*,*,#5256,.T.);
#7216 = ORIENTED_EDGE('',*,*,#5327,.T.);
#7217 = ORIENTED_EDGE('',*,*,#5286,.T.);
#7218 = ORIENTED_EDGE('',*,*,#4375,.T.);
#7219 = ORIENTED_EDGE('',*,*,#5458,.T.);
#7220 = ORIENTED_EDGE('',*,*,#5419,.T.);
#7221 = ORIENTED_EDGE('',*,*,#5357,.T.);
#7222 = ORIENTED_EDGE('',*,*,#7223,.T.);
#7223 = EDGE_CURVE('',#5360,#5475,#7224,.T.);
#7224 = LINE('',#7225,#7226);
#7225 = CARTESIAN_POINT('',(30.176458358765,8.215757369995,
    -2.099999904633));
#7226 = VECTOR('',#7227,1.);
#7227 = DIRECTION('',(-0.998629522642,5.23361873594E-02,0.));
#7228 = ORIENTED_EDGE('',*,*,#5474,.T.);
#7229 = ORIENTED_EDGE('',*,*,#5529,.T.);
#7230 = ORIENTED_EDGE('',*,*,#5568,.T.);
#7231 = ORIENTED_EDGE('',*,*,#5607,.T.);
#7232 = ORIENTED_EDGE('',*,*,#5646,.T.);
#7233 = ORIENTED_EDGE('',*,*,#5685,.T.);
#7234 = FACE_BOUND('',#7235,.T.);
#7235 = EDGE_LOOP('',(#7236,#7237,#7238,#7239,#7240,#7241,#7247,#7248,
    #7249,#7250,#7251,#7252,#7253,#7254,#7255,#7256,#7257,#7258,#7259,
    #7260,#7261,#7262,#7263,#7264,#7265,#7266,#7267,#7268,#7269,#7270,
    #7271,#7272,#7273,#7274,#7275,#7281,#7282,#7283,#7284,#7285,#7286,
    #7287,#7288,#7289,#7290,#7291,#7292,#7293,#7294,#7295,#7296,#7297,
    #7298,#7299,#7300,#7301,#7302,#7303,#7304,#7305));
#7236 = ORIENTED_EDGE('',*,*,#4281,.T.);
#7237 = ORIENTED_EDGE('',*,*,#4203,.T.);
#7238 = ORIENTED_EDGE('',*,*,#4249,.T.);
#7239 = ORIENTED_EDGE('',*,*,#4164,.T.);
#7240 = ORIENTED_EDGE('',*,*,#4102,.T.);
#7241 = ORIENTED_EDGE('',*,*,#7242,.T.);
#7242 = EDGE_CURVE('',#4105,#22,#7243,.T.);
#7243 = LINE('',#7244,#7245);
#7244 = CARTESIAN_POINT('',(-29.87000083923,8.231818199158,
    -2.099999904633));
#7245 = VECTOR('',#7246,1.);
#7246 = DIRECTION('',(-0.998629522642,-5.23361873594E-02,0.));
#7247 = ORIENTED_EDGE('',*,*,#39,.T.);
#7248 = ORIENTED_EDGE('',*,*,#85,.T.);
#7249 = ORIENTED_EDGE('',*,*,#131,.T.);
#7250 = ORIENTED_EDGE('',*,*,#177,.T.);
#7251 = ORIENTED_EDGE('',*,*,#223,.T.);
#7252 = ORIENTED_EDGE('',*,*,#269,.T.);
#7253 = ORIENTED_EDGE('',*,*,#306,.T.);
#7254 = ORIENTED_EDGE('',*,*,#1302,.T.);
#7255 = ORIENTED_EDGE('',*,*,#352,.T.);
#7256 = ORIENTED_EDGE('',*,*,#1265,.T.);
#7257 = ORIENTED_EDGE('',*,*,#407,.T.);
#7258 = ORIENTED_EDGE('',*,*,#462,.T.);
#7259 = ORIENTED_EDGE('',*,*,#508,.T.);
#7260 = ORIENTED_EDGE('',*,*,#554,.T.);
#7261 = ORIENTED_EDGE('',*,*,#600,.T.);
#7262 = ORIENTED_EDGE('',*,*,#655,.T.);
#7263 = ORIENTED_EDGE('',*,*,#701,.T.);
#7264 = ORIENTED_EDGE('',*,*,#747,.T.);
#7265 = ORIENTED_EDGE('',*,*,#793,.T.);
#7266 = ORIENTED_EDGE('',*,*,#894,.T.);
#7267 = ORIENTED_EDGE('',*,*,#940,.T.);
#7268 = ORIENTED_EDGE('',*,*,#986,.T.);
#7269 = ORIENTED_EDGE('',*,*,#1124,.T.);
#7270 = ORIENTED_EDGE('',*,*,#1168,.T.);
#7271 = ORIENTED_EDGE('',*,*,#1078,.T.);
#7272 = ORIENTED_EDGE('',*,*,#1023,.T.);
#7273 = ORIENTED_EDGE('',*,*,#1205,.T.);
#7274 = ORIENTED_EDGE('',*,*,#830,.T.);
#7275 = ORIENTED_EDGE('',*,*,#7276,.T.);
#7276 = EDGE_CURVE('',#833,#3291,#7277,.T.);
#7277 = LINE('',#7278,#7279);
#7278 = CARTESIAN_POINT('',(-30.17645835876,2.384242534637,
    -2.099999904633));
#7279 = VECTOR('',#7280,1.);
#7280 = DIRECTION('',(0.998629522642,-5.23361873594E-02,0.));
#7281 = ORIENTED_EDGE('',*,*,#3306,.T.);
#7282 = ORIENTED_EDGE('',*,*,#3345,.T.);
#7283 = ORIENTED_EDGE('',*,*,#3384,.T.);
#7284 = ORIENTED_EDGE('',*,*,#3423,.T.);
#7285 = ORIENTED_EDGE('',*,*,#3462,.T.);
#7286 = ORIENTED_EDGE('',*,*,#3501,.T.);
#7287 = ORIENTED_EDGE('',*,*,#3540,.T.);
#7288 = ORIENTED_EDGE('',*,*,#3579,.T.);
#7289 = ORIENTED_EDGE('',*,*,#3609,.T.);
#7290 = ORIENTED_EDGE('',*,*,#3244,.T.);
#7291 = ORIENTED_EDGE('',*,*,#3641,.T.);
#7292 = ORIENTED_EDGE('',*,*,#3198,.T.);
#7293 = ORIENTED_EDGE('',*,*,#3673,.T.);
#7294 = ORIENTED_EDGE('',*,*,#3712,.T.);
#7295 = ORIENTED_EDGE('',*,*,#3751,.T.);
#7296 = ORIENTED_EDGE('',*,*,#3799,.T.);
#7297 = ORIENTED_EDGE('',*,*,#3838,.T.);
#7298 = ORIENTED_EDGE('',*,*,#3877,.T.);
#7299 = ORIENTED_EDGE('',*,*,#3916,.T.);
#7300 = ORIENTED_EDGE('',*,*,#3955,.T.);
#7301 = ORIENTED_EDGE('',*,*,#3994,.T.);
#7302 = ORIENTED_EDGE('',*,*,#4033,.T.);
#7303 = ORIENTED_EDGE('',*,*,#4072,.T.);
#7304 = ORIENTED_EDGE('',*,*,#4329,.T.);
#7305 = ORIENTED_EDGE('',*,*,#4359,.T.);
#7306 = PLANE('',#7307);
#7307 = AXIS2_PLACEMENT_3D('',#7308,#7309,#7310);
#7308 = CARTESIAN_POINT('',(1.695628804441E-15,0.234031342566,
    -2.099999904633));
#7309 = DIRECTION('',(-0.,-0.,-1.));
#7310 = DIRECTION('',(-1.,0.,0.));
#7311 = ADVANCED_FACE('',(#7312),#7337,.T.);
#7312 = FACE_BOUND('',#7313,.T.);
#7313 = EDGE_LOOP('',(#7314,#7322,#7330,#7336));
#7314 = ORIENTED_EDGE('',*,*,#7315,.T.);
#7315 = EDGE_CURVE('',#6942,#7316,#7318,.T.);
#7316 = VERTEX_POINT('',#7317);
#7317 = CARTESIAN_POINT('',(-35.07754135131,-13.42856693267,
    1.600000023842));
#7318 = LINE('',#7319,#7320);
#7319 = CARTESIAN_POINT('',(-35.07754135131,-13.42856693267,
    -2.099999904633));
#7320 = VECTOR('',#7321,1.);
#7321 = DIRECTION('',(0.,0.,1.));
#7322 = ORIENTED_EDGE('',*,*,#7323,.T.);
#7323 = EDGE_CURVE('',#7316,#7324,#7326,.T.);
#7324 = VERTEX_POINT('',#7325);
#7325 = CARTESIAN_POINT('',(-35.09999847412,-13.,1.600000023842));
#7326 = LINE('',#7327,#7328);
#7327 = CARTESIAN_POINT('',(-35.07754135131,-13.42856693267,
    1.600000023842));
#7328 = VECTOR('',#7329,1.);
#7329 = DIRECTION('',(-5.232870974037E-02,0.998629914501,0.));
#7330 = ORIENTED_EDGE('',*,*,#7331,.T.);
#7331 = EDGE_CURVE('',#7324,#6950,#7332,.T.);
#7332 = LINE('',#7333,#7334);
#7333 = CARTESIAN_POINT('',(-35.09999847412,-13.,1.600000023842));
#7334 = VECTOR('',#7335,1.);
#7335 = DIRECTION('',(0.,0.,-1.));
#7336 = ORIENTED_EDGE('',*,*,#6949,.T.);
#7337 = PLANE('',#7338);
#7338 = AXIS2_PLACEMENT_3D('',#7339,#7340,#7341);
#7339 = CARTESIAN_POINT('',(-35.08876991272,-13.21428346633,
    -0.249999940395));
#7340 = DIRECTION('',(-0.998629914501,-5.232870974037E-02,-0.));
#7341 = DIRECTION('',(5.232870974037E-02,-0.998629914501,0.));
#7342 = ADVANCED_FACE('',(#7343),#7368,.T.);
#7343 = FACE_BOUND('',#7344,.T.);
#7344 = EDGE_LOOP('',(#7345,#7353,#7354,#7362));
#7345 = ORIENTED_EDGE('',*,*,#7346,.T.);
#7346 = EDGE_CURVE('',#7347,#6934,#7349,.T.);
#7347 = VERTEX_POINT('',#7348);
#7348 = CARTESIAN_POINT('',(-35.01040649414,-13.85243797302,
    1.600000023842));
#7349 = LINE('',#7350,#7351);
#7350 = CARTESIAN_POINT('',(-35.01040649414,-13.85243797302,
    1.600000023842));
#7351 = VECTOR('',#7352,1.);
#7352 = DIRECTION('',(0.,0.,-1.));
#7353 = ORIENTED_EDGE('',*,*,#6933,.T.);
#7354 = ORIENTED_EDGE('',*,*,#7355,.F.);
#7355 = EDGE_CURVE('',#7356,#6926,#7358,.T.);
#7356 = VERTEX_POINT('',#7357);
#7357 = CARTESIAN_POINT('',(-34.89933013916,-14.26696968078,
    1.600000023842));
#7358 = LINE('',#7359,#7360);
#7359 = CARTESIAN_POINT('',(-34.89933013916,-14.26696968078,
    1.600000023842));
#7360 = VECTOR('',#7361,1.);
#7361 = DIRECTION('',(0.,0.,-1.));
#7362 = ORIENTED_EDGE('',*,*,#7363,.T.);
#7363 = EDGE_CURVE('',#7356,#7347,#7364,.T.);
#7364 = LINE('',#7365,#7366);
#7365 = CARTESIAN_POINT('',(-34.89933013916,-14.26696968078,
    1.600000023842));
#7366 = VECTOR('',#7367,1.);
#7367 = DIRECTION('',(-0.258825390432,0.965924126041,0.));
#7368 = PLANE('',#7369);
#7369 = AXIS2_PLACEMENT_3D('',#7370,#7371,#7372);
#7370 = CARTESIAN_POINT('',(-34.95486831665,-14.0597038269,
    -0.249999940395));
#7371 = DIRECTION('',(-0.965924126041,-0.258825390432,-0.));
#7372 = DIRECTION('',(0.258825390432,-0.965924126041,0.));
#7373 = ADVANCED_FACE('',(#7374),#7385,.T.);
#7374 = FACE_BOUND('',#7375,.T.);
#7375 = EDGE_LOOP('',(#7376,#7377,#7383,#7384));
#7376 = ORIENTED_EDGE('',*,*,#7346,.F.);
#7377 = ORIENTED_EDGE('',*,*,#7378,.T.);
#7378 = EDGE_CURVE('',#7347,#7316,#7379,.T.);
#7379 = LINE('',#7380,#7381);
#7380 = CARTESIAN_POINT('',(-35.01040649414,-13.85243797302,
    1.600000023842));
#7381 = VECTOR('',#7382,1.);
#7382 = DIRECTION('',(-0.156435100799,0.987688239901,0.));
#7383 = ORIENTED_EDGE('',*,*,#7315,.F.);
#7384 = ORIENTED_EDGE('',*,*,#6941,.T.);
#7385 = PLANE('',#7386);
#7386 = AXIS2_PLACEMENT_3D('',#7387,#7388,#7389);
#7387 = CARTESIAN_POINT('',(-35.04397392272,-13.64050245285,
    -0.249999940395));
#7388 = DIRECTION('',(-0.987688239901,-0.156435100799,-0.));
#7389 = DIRECTION('',(0.156435100799,-0.987688239901,0.));
#7390 = ADVANCED_FACE('',(#7391),#7409,.T.);
#7391 = FACE_BOUND('',#7392,.T.);
#7392 = EDGE_LOOP('',(#7393,#7394,#7395,#7403));
#7393 = ORIENTED_EDGE('',*,*,#7355,.T.);
#7394 = ORIENTED_EDGE('',*,*,#6925,.T.);
#7395 = ORIENTED_EDGE('',*,*,#7396,.F.);
#7396 = EDGE_CURVE('',#7397,#6918,#7399,.T.);
#7397 = VERTEX_POINT('',#7398);
#7398 = CARTESIAN_POINT('',(-34.74553680419,-14.66762065887,
    1.600000023842));
#7399 = LINE('',#7400,#7401);
#7400 = CARTESIAN_POINT('',(-34.74553680419,-14.66762065887,
    1.600000023842));
#7401 = VECTOR('',#7402,1.);
#7402 = DIRECTION('',(0.,0.,-1.));
#7403 = ORIENTED_EDGE('',*,*,#7404,.T.);
#7404 = EDGE_CURVE('',#7397,#7356,#7405,.T.);
#7405 = LINE('',#7406,#7407);
#7406 = CARTESIAN_POINT('',(-34.74553680419,-14.66762065887,
    1.600000023842));
#7407 = VECTOR('',#7408,1.);
#7408 = DIRECTION('',(-0.358363550337,0.933582115183,0.));
#7409 = PLANE('',#7410);
#7410 = AXIS2_PLACEMENT_3D('',#7411,#7412,#7413);
#7411 = CARTESIAN_POINT('',(-34.82243347168,-14.46729516983,
    -0.249999940395));
#7412 = DIRECTION('',(-0.933582115183,-0.358363550337,-0.));
#7413 = DIRECTION('',(0.358363550337,-0.933582115183,0.));
#7414 = ADVANCED_FACE('',(#7415),#7433,.T.);
#7415 = FACE_BOUND('',#7416,.T.);
#7416 = EDGE_LOOP('',(#7417,#7418,#7419,#7427));
#7417 = ORIENTED_EDGE('',*,*,#7396,.T.);
#7418 = ORIENTED_EDGE('',*,*,#6917,.T.);
#7419 = ORIENTED_EDGE('',*,*,#7420,.F.);
#7420 = EDGE_CURVE('',#7421,#6910,#7423,.T.);
#7421 = VERTEX_POINT('',#7422);
#7422 = CARTESIAN_POINT('',(-34.55070495605,-15.05000019073,
    1.600000023842));
#7423 = LINE('',#7424,#7425);
#7424 = CARTESIAN_POINT('',(-34.55070495605,-15.05000019073,
    1.600000023842));
#7425 = VECTOR('',#7426,1.);
#7426 = DIRECTION('',(0.,0.,-1.));
#7427 = ORIENTED_EDGE('',*,*,#7428,.T.);
#7428 = EDGE_CURVE('',#7421,#7397,#7429,.T.);
#7429 = LINE('',#7430,#7431);
#7430 = CARTESIAN_POINT('',(-34.55070495605,-15.05000019073,
    1.600000023842));
#7431 = VECTOR('',#7432,1.);
#7432 = DIRECTION('',(-0.453990028563,0.891006764265,0.));
#7433 = PLANE('',#7434);
#7434 = AXIS2_PLACEMENT_3D('',#7435,#7436,#7437);
#7435 = CARTESIAN_POINT('',(-34.64812088012,-14.8588104248,
    -0.249999940395));
#7436 = DIRECTION('',(-0.891006764265,-0.453990028563,-0.));
#7437 = DIRECTION('',(0.453990028563,-0.891006764265,0.));
#7438 = ADVANCED_FACE('',(#7439),#7464,.T.);
#7439 = FACE_BOUND('',#7440,.T.);
#7440 = EDGE_LOOP('',(#7441,#7449,#7450,#7458));
#7441 = ORIENTED_EDGE('',*,*,#7442,.T.);
#7442 = EDGE_CURVE('',#7443,#6902,#7445,.T.);
#7443 = VERTEX_POINT('',#7444);
#7444 = CARTESIAN_POINT('',(-34.31697082519,-15.40991973877,
    1.600000023842));
#7445 = LINE('',#7446,#7447);
#7446 = CARTESIAN_POINT('',(-34.31697082519,-15.40991973877,
    1.600000023842));
#7447 = VECTOR('',#7448,1.);
#7448 = DIRECTION('',(0.,0.,-1.));
#7449 = ORIENTED_EDGE('',*,*,#6901,.T.);
#7450 = ORIENTED_EDGE('',*,*,#7451,.F.);
#7451 = EDGE_CURVE('',#7452,#6894,#7454,.T.);
#7452 = VERTEX_POINT('',#7453);
#7453 = CARTESIAN_POINT('',(-34.04689407348,-15.74343585968,
    1.600000023842));
#7454 = LINE('',#7455,#7456);
#7455 = CARTESIAN_POINT('',(-34.04689407348,-15.74343585968,
    1.600000023842));
#7456 = VECTOR('',#7457,1.);
#7457 = DIRECTION('',(0.,0.,-1.));
#7458 = ORIENTED_EDGE('',*,*,#7459,.T.);
#7459 = EDGE_CURVE('',#7452,#7443,#7460,.T.);
#7460 = LINE('',#7461,#7462);
#7461 = CARTESIAN_POINT('',(-34.04689407348,-15.74343585968,
    1.600000023842));
#7462 = VECTOR('',#7463,1.);
#7463 = DIRECTION('',(-0.629321407386,0.777145138443,0.));
#7464 = PLANE('',#7465);
#7465 = AXIS2_PLACEMENT_3D('',#7466,#7467,#7468);
#7466 = CARTESIAN_POINT('',(-34.18193244934,-15.57667779922,
    -0.249999940395));
#7467 = DIRECTION('',(-0.777145138443,-0.629321407386,-0.));
#7468 = DIRECTION('',(0.629321407386,-0.777145138443,0.));
#7469 = ADVANCED_FACE('',(#7470),#7481,.T.);
#7470 = FACE_BOUND('',#7471,.T.);
#7471 = EDGE_LOOP('',(#7472,#7473,#7479,#7480));
#7472 = ORIENTED_EDGE('',*,*,#7442,.F.);
#7473 = ORIENTED_EDGE('',*,*,#7474,.T.);
#7474 = EDGE_CURVE('',#7443,#7421,#7475,.T.);
#7475 = LINE('',#7476,#7477);
#7476 = CARTESIAN_POINT('',(-34.31697082519,-15.40991973877,
    1.600000023842));
#7477 = VECTOR('',#7478,1.);
#7478 = DIRECTION('',(-0.544638450603,0.838670947467,0.));
#7479 = ORIENTED_EDGE('',*,*,#7420,.T.);
#7480 = ORIENTED_EDGE('',*,*,#6909,.T.);
#7481 = PLANE('',#7482);
#7482 = AXIS2_PLACEMENT_3D('',#7483,#7484,#7485);
#7483 = CARTESIAN_POINT('',(-34.43383789062,-15.22995996475,
    -0.249999940395));
#7484 = DIRECTION('',(-0.838670947467,-0.544638450603,-0.));
#7485 = DIRECTION('',(0.544638450603,-0.838670947467,0.));
#7486 = ADVANCED_FACE('',(#7487),#7505,.T.);
#7487 = FACE_BOUND('',#7488,.T.);
#7488 = EDGE_LOOP('',(#7489,#7490,#7491,#7499));
#7489 = ORIENTED_EDGE('',*,*,#7451,.T.);
#7490 = ORIENTED_EDGE('',*,*,#6893,.T.);
#7491 = ORIENTED_EDGE('',*,*,#7492,.F.);
#7492 = EDGE_CURVE('',#7493,#6886,#7495,.T.);
#7493 = VERTEX_POINT('',#7494);
#7494 = CARTESIAN_POINT('',(-33.743434906,-16.04689407348,1.600000023842
    ));
#7495 = LINE('',#7496,#7497);
#7496 = CARTESIAN_POINT('',(-33.743434906,-16.04689407348,1.600000023842
    ));
#7497 = VECTOR('',#7498,1.);
#7498 = DIRECTION('',(0.,0.,-1.));
#7499 = ORIENTED_EDGE('',*,*,#7500,.T.);
#7500 = EDGE_CURVE('',#7493,#7452,#7501,.T.);
#7501 = LINE('',#7502,#7503);
#7502 = CARTESIAN_POINT('',(-33.743434906,-16.04689407348,1.600000023842
    ));
#7503 = VECTOR('',#7504,1.);
#7504 = DIRECTION('',(-0.707107892292,0.70710567008,0.));
#7505 = PLANE('',#7506);
#7506 = AXIS2_PLACEMENT_3D('',#7507,#7508,#7509);
#7507 = CARTESIAN_POINT('',(-33.89516448974,-15.89516496658,
    -0.249999940395));
#7508 = DIRECTION('',(-0.70710567008,-0.707107892292,-0.));
#7509 = DIRECTION('',(-0.707107892292,0.70710567008,0.));
#7510 = ADVANCED_FACE('',(#7511),#7529,.T.);
#7511 = FACE_BOUND('',#7512,.T.);
#7512 = EDGE_LOOP('',(#7513,#7514,#7522,#7528));
#7513 = ORIENTED_EDGE('',*,*,#6885,.T.);
#7514 = ORIENTED_EDGE('',*,*,#7515,.T.);
#7515 = EDGE_CURVE('',#6878,#7516,#7518,.T.);
#7516 = VERTEX_POINT('',#7517);
#7517 = CARTESIAN_POINT('',(-33.40991973877,-16.31696891784,
    1.600000023842));
#7518 = LINE('',#7519,#7520);
#7519 = CARTESIAN_POINT('',(-33.40991973877,-16.31696891784,
    -2.099999904633));
#7520 = VECTOR('',#7521,1.);
#7521 = DIRECTION('',(0.,0.,1.));
#7522 = ORIENTED_EDGE('',*,*,#7523,.T.);
#7523 = EDGE_CURVE('',#7516,#7493,#7524,.T.);
#7524 = LINE('',#7525,#7526);
#7525 = CARTESIAN_POINT('',(-33.40991973877,-16.31696891784,
    1.600000023842));
#7526 = VECTOR('',#7527,1.);
#7527 = DIRECTION('',(-0.777146432003,0.629319809973,0.));
#7528 = ORIENTED_EDGE('',*,*,#7492,.T.);
#7529 = PLANE('',#7530);
#7530 = AXIS2_PLACEMENT_3D('',#7531,#7532,#7533);
#7531 = CARTESIAN_POINT('',(-33.57667732238,-16.18193149566,
    -0.249999940395));
#7532 = DIRECTION('',(-0.629319809973,-0.777146432003,-0.));
#7533 = DIRECTION('',(-0.777146432003,0.629319809973,0.));
#7534 = ADVANCED_FACE('',(#7535),#7560,.T.);
#7535 = FACE_BOUND('',#7536,.T.);
#7536 = EDGE_LOOP('',(#7537,#7538,#7546,#7554));
#7537 = ORIENTED_EDGE('',*,*,#6869,.T.);
#7538 = ORIENTED_EDGE('',*,*,#7539,.T.);
#7539 = EDGE_CURVE('',#6862,#7540,#7542,.T.);
#7540 = VERTEX_POINT('',#7541);
#7541 = CARTESIAN_POINT('',(-32.66762161254,-16.74553680419,
    1.600000023842));
#7542 = LINE('',#7543,#7544);
#7543 = CARTESIAN_POINT('',(-32.66762161254,-16.74553680419,
    -2.099999904633));
#7544 = VECTOR('',#7545,1.);
#7545 = DIRECTION('',(0.,0.,1.));
#7546 = ORIENTED_EDGE('',*,*,#7547,.T.);
#7547 = EDGE_CURVE('',#7540,#7548,#7550,.T.);
#7548 = VERTEX_POINT('',#7549);
#7549 = CARTESIAN_POINT('',(-33.04999923706,-16.55070495605,
    1.600000023842));
#7550 = LINE('',#7551,#7552);
#7551 = CARTESIAN_POINT('',(-32.66762161254,-16.74553680419,
    1.600000023842));
#7552 = VECTOR('',#7553,1.);
#7553 = DIRECTION('',(-0.891005848231,0.453991826379,0.));
#7554 = ORIENTED_EDGE('',*,*,#7555,.T.);
#7555 = EDGE_CURVE('',#7548,#6870,#7556,.T.);
#7556 = LINE('',#7557,#7558);
#7557 = CARTESIAN_POINT('',(-33.04999923706,-16.55070495605,
    1.600000023842));
#7558 = VECTOR('',#7559,1.);
#7559 = DIRECTION('',(0.,0.,-1.));
#7560 = PLANE('',#7561);
#7561 = AXIS2_PLACEMENT_3D('',#7562,#7563,#7564);
#7562 = CARTESIAN_POINT('',(-32.8588104248,-16.64812088012,
    -0.249999940395));
#7563 = DIRECTION('',(-0.453991826379,-0.891005848231,-0.));
#7564 = DIRECTION('',(-0.891005848231,0.453991826379,0.));
#7565 = ADVANCED_FACE('',(#7566),#7577,.T.);
#7566 = FACE_BOUND('',#7567,.T.);
#7567 = EDGE_LOOP('',(#7568,#7569,#7570,#7576));
#7568 = ORIENTED_EDGE('',*,*,#6877,.T.);
#7569 = ORIENTED_EDGE('',*,*,#7555,.F.);
#7570 = ORIENTED_EDGE('',*,*,#7571,.T.);
#7571 = EDGE_CURVE('',#7548,#7516,#7572,.T.);
#7572 = LINE('',#7573,#7574);
#7573 = CARTESIAN_POINT('',(-33.04999923706,-16.55070495605,
    1.600000023842));
#7574 = VECTOR('',#7575,1.);
#7575 = DIRECTION('',(-0.838669576554,0.54464056162,0.));
#7576 = ORIENTED_EDGE('',*,*,#7515,.F.);
#7577 = PLANE('',#7578);
#7578 = AXIS2_PLACEMENT_3D('',#7579,#7580,#7581);
#7579 = CARTESIAN_POINT('',(-33.22995948791,-16.43383693695,
    -0.249999940395));
#7580 = DIRECTION('',(-0.54464056162,-0.838669576554,-0.));
#7581 = DIRECTION('',(-0.838669576554,0.54464056162,0.));
#7582 = ADVANCED_FACE('',(#7583),#7601,.T.);
#7583 = FACE_BOUND('',#7584,.T.);
#7584 = EDGE_LOOP('',(#7585,#7586,#7594,#7600));
#7585 = ORIENTED_EDGE('',*,*,#6861,.T.);
#7586 = ORIENTED_EDGE('',*,*,#7587,.T.);
#7587 = EDGE_CURVE('',#6854,#7588,#7590,.T.);
#7588 = VERTEX_POINT('',#7589);
#7589 = CARTESIAN_POINT('',(-32.26696777343,-16.8993320465,
    1.600000023842));
#7590 = LINE('',#7591,#7592);
#7591 = CARTESIAN_POINT('',(-32.26696777343,-16.8993320465,
    -2.099999904633));
#7592 = VECTOR('',#7593,1.);
#7593 = DIRECTION('',(0.,0.,1.));
#7594 = ORIENTED_EDGE('',*,*,#7595,.T.);
#7595 = EDGE_CURVE('',#7588,#7540,#7596,.T.);
#7596 = LINE('',#7597,#7598);
#7597 = CARTESIAN_POINT('',(-32.26696777343,-16.8993320465,
    1.600000023842));
#7598 = VECTOR('',#7599,1.);
#7599 = DIRECTION('',(-0.93358148441,0.358365193577,0.));
#7600 = ORIENTED_EDGE('',*,*,#7539,.F.);
#7601 = PLANE('',#7602);
#7602 = AXIS2_PLACEMENT_3D('',#7603,#7604,#7605);
#7603 = CARTESIAN_POINT('',(-32.46729469299,-16.82243442535,
    -0.249999940395));
#7604 = DIRECTION('',(-0.358365193577,-0.93358148441,-0.));
#7605 = DIRECTION('',(-0.93358148441,0.358365193577,0.));
#7606 = ADVANCED_FACE('',(#7607),#7625,.T.);
#7607 = FACE_BOUND('',#7608,.T.);
#7608 = EDGE_LOOP('',(#7609,#7610,#7618,#7624));
#7609 = ORIENTED_EDGE('',*,*,#6853,.T.);
#7610 = ORIENTED_EDGE('',*,*,#7611,.T.);
#7611 = EDGE_CURVE('',#6846,#7612,#7614,.T.);
#7612 = VERTEX_POINT('',#7613);
#7613 = CARTESIAN_POINT('',(-31.85243797302,-17.01040458679,
    1.600000023842));
#7614 = LINE('',#7615,#7616);
#7615 = CARTESIAN_POINT('',(-31.85243797302,-17.01040458679,
    -2.099999904633));
#7616 = VECTOR('',#7617,1.);
#7617 = DIRECTION('',(0.,0.,1.));
#7618 = ORIENTED_EDGE('',*,*,#7619,.T.);
#7619 = EDGE_CURVE('',#7612,#7588,#7620,.T.);
#7620 = LINE('',#7621,#7622);
#7621 = CARTESIAN_POINT('',(-31.85243797302,-17.01040458679,
    1.600000023842));
#7622 = VECTOR('',#7623,1.);
#7623 = DIRECTION('',(-0.965926050554,0.258818208132,0.));
#7624 = ORIENTED_EDGE('',*,*,#7587,.F.);
#7625 = PLANE('',#7626);
#7626 = AXIS2_PLACEMENT_3D('',#7627,#7628,#7629);
#7627 = CARTESIAN_POINT('',(-32.05970287323,-16.95486831665,
    -0.249999940395));
#7628 = DIRECTION('',(-0.258818208132,-0.965926050554,-0.));
#7629 = DIRECTION('',(-0.965926050554,0.258818208132,0.));
#7630 = ADVANCED_FACE('',(#7631),#7649,.T.);
#7631 = FACE_BOUND('',#7632,.T.);
#7632 = EDGE_LOOP('',(#7633,#7634,#7642,#7648));
#7633 = ORIENTED_EDGE('',*,*,#6845,.T.);
#7634 = ORIENTED_EDGE('',*,*,#7635,.T.);
#7635 = EDGE_CURVE('',#6838,#7636,#7638,.T.);
#7636 = VERTEX_POINT('',#7637);
#7637 = CARTESIAN_POINT('',(-31.428565979,-17.07753944397,1.600000023842
    ));
#7638 = LINE('',#7639,#7640);
#7639 = CARTESIAN_POINT('',(-31.428565979,-17.07753944397,
    -2.099999904633));
#7640 = VECTOR('',#7641,1.);
#7641 = DIRECTION('',(0.,0.,1.));
#7642 = ORIENTED_EDGE('',*,*,#7643,.T.);
#7643 = EDGE_CURVE('',#7636,#7612,#7644,.T.);
#7644 = LINE('',#7645,#7646);
#7645 = CARTESIAN_POINT('',(-31.428565979,-17.07753944397,1.600000023842
    ));
#7646 = VECTOR('',#7647,1.);
#7647 = DIRECTION('',(-0.987688294282,0.156434757447,0.));
#7648 = ORIENTED_EDGE('',*,*,#7611,.F.);
#7649 = PLANE('',#7650);
#7650 = AXIS2_PLACEMENT_3D('',#7651,#7652,#7653);
#7651 = CARTESIAN_POINT('',(-31.64050197601,-17.04397201538,
    -0.249999940395));
#7652 = DIRECTION('',(-0.156434757447,-0.987688294282,-0.));
#7653 = DIRECTION('',(-0.987688294282,0.156434757447,0.));
#7654 = ADVANCED_FACE('',(#7655),#7673,.T.);
#7655 = FACE_BOUND('',#7656,.T.);
#7656 = EDGE_LOOP('',(#7657,#7658,#7666,#7672));
#7657 = ORIENTED_EDGE('',*,*,#6837,.T.);
#7658 = ORIENTED_EDGE('',*,*,#7659,.T.);
#7659 = EDGE_CURVE('',#6830,#7660,#7662,.T.);
#7660 = VERTEX_POINT('',#7661);
#7661 = CARTESIAN_POINT('',(-31.,-17.10000038147,1.600000023842));
#7662 = LINE('',#7663,#7664);
#7663 = CARTESIAN_POINT('',(-31.,-17.10000038147,-2.099999904633));
#7664 = VECTOR('',#7665,1.);
#7665 = DIRECTION('',(0.,0.,1.));
#7666 = ORIENTED_EDGE('',*,*,#7667,.T.);
#7667 = EDGE_CURVE('',#7660,#7636,#7668,.T.);
#7668 = LINE('',#7669,#7670);
#7669 = CARTESIAN_POINT('',(-31.,-17.10000038147,1.600000023842));
#7670 = VECTOR('',#7671,1.);
#7671 = DIRECTION('',(-0.99862944387,5.233769039846E-02,0.));
#7672 = ORIENTED_EDGE('',*,*,#7635,.F.);
#7673 = PLANE('',#7674);
#7674 = AXIS2_PLACEMENT_3D('',#7675,#7676,#7677);
#7675 = CARTESIAN_POINT('',(-31.2142829895,-17.08876991272,
    -0.249999940395));
#7676 = DIRECTION('',(-5.233769039846E-02,-0.99862944387,-0.));
#7677 = DIRECTION('',(-0.99862944387,5.233769039846E-02,0.));
#7678 = ADVANCED_FACE('',(#7679),#7889,.T.);
#7679 = FACE_BOUND('',#7680,.T.);
#7680 = EDGE_LOOP('',(#7681,#7682,#7690,#7698,#7706,#7714,#7722,#7730,
    #7738,#7746,#7754,#7762,#7770,#7778,#7786,#7794,#7802,#7810,#7818,
    #7826,#7834,#7842,#7850,#7858,#7866,#7874,#7882,#7888));
#7681 = ORIENTED_EDGE('',*,*,#7331,.F.);
#7682 = ORIENTED_EDGE('',*,*,#7683,.F.);
#7683 = EDGE_CURVE('',#7684,#7324,#7686,.T.);
#7684 = VERTEX_POINT('',#7685);
#7685 = CARTESIAN_POINT('',(-35.09999847412,-12.91864395141,
    1.600000023842));
#7686 = LINE('',#7687,#7688);
#7687 = CARTESIAN_POINT('',(-35.09999847412,-12.91864395141,
    1.600000023842));
#7688 = VECTOR('',#7689,1.);
#7689 = DIRECTION('',(0.,-1.,0.));
#7690 = ORIENTED_EDGE('',*,*,#7691,.F.);
#7691 = EDGE_CURVE('',#7692,#7684,#7694,.T.);
#7692 = VERTEX_POINT('',#7693);
#7693 = CARTESIAN_POINT('',(-35.09999847412,-12.86769104003,1.5));
#7694 = LINE('',#7695,#7696);
#7695 = CARTESIAN_POINT('',(-35.09999847412,-12.86769104003,1.5));
#7696 = VECTOR('',#7697,1.);
#7697 = DIRECTION('',(0.,-0.453993005777,0.891005247294));
#7698 = ORIENTED_EDGE('',*,*,#7699,.F.);
#7699 = EDGE_CURVE('',#7700,#7692,#7702,.T.);
#7700 = VERTEX_POINT('',#7701);
#7701 = CARTESIAN_POINT('',(-35.09999847412,-12.66246128082,
    1.183973073959));
#7702 = LINE('',#7703,#7704);
#7703 = CARTESIAN_POINT('',(-35.09999847412,-12.66246128082,
    1.183973073959));
#7704 = VECTOR('',#7705,1.);
#7705 = DIRECTION('',(0.,-0.544638052794,0.838671205806));
#7706 = ORIENTED_EDGE('',*,*,#7707,.F.);
#7707 = EDGE_CURVE('',#7708,#7700,#7710,.T.);
#7708 = VERTEX_POINT('',#7709);
#7709 = CARTESIAN_POINT('',(-35.09999847412,-12.42532157897,
    0.891129791737));
#7710 = LINE('',#7711,#7712);
#7711 = CARTESIAN_POINT('',(-35.09999847412,-12.42532157897,
    0.891129791737));
#7712 = VECTOR('',#7713,1.);
#7713 = DIRECTION('',(0.,-0.629320211011,0.777146107249));
#7714 = ORIENTED_EDGE('',*,*,#7715,.F.);
#7715 = EDGE_CURVE('',#7716,#7708,#7718,.T.);
#7716 = VERTEX_POINT('',#7717);
#7717 = CARTESIAN_POINT('',(-35.09999847412,-12.15886974334,
    0.624678611755));
#7718 = LINE('',#7719,#7720);
#7719 = CARTESIAN_POINT('',(-35.09999847412,-12.15886974334,
    0.624678611755));
#7720 = VECTOR('',#7721,1.);
#7721 = DIRECTION('',(0.,-0.707107651167,0.707105911205));
#7722 = ORIENTED_EDGE('',*,*,#7723,.F.);
#7723 = EDGE_CURVE('',#7724,#7716,#7726,.T.);
#7724 = VERTEX_POINT('',#7725);
#7725 = CARTESIAN_POINT('',(-35.09999847412,-11.86602687835,
    0.387538820505));
#7726 = LINE('',#7727,#7728);
#7727 = CARTESIAN_POINT('',(-35.09999847412,-11.86602687835,
    0.387538820505));
#7728 = VECTOR('',#7729,1.);
#7729 = DIRECTION('',(0.,-0.777145552687,0.629320895838));
#7730 = ORIENTED_EDGE('',*,*,#7731,.F.);
#7731 = EDGE_CURVE('',#7732,#7724,#7734,.T.);
#7732 = VERTEX_POINT('',#7733);
#7733 = CARTESIAN_POINT('',(-35.09999847412,-11.55000019073,
    0.182308539748));
#7734 = LINE('',#7735,#7736);
#7735 = CARTESIAN_POINT('',(-35.09999847412,-11.55000019073,
    0.182308539748));
#7736 = VECTOR('',#7737,1.);
#7737 = DIRECTION('',(0.,-0.838670385922,0.544639315307));
#7738 = ORIENTED_EDGE('',*,*,#7739,.F.);
#7739 = EDGE_CURVE('',#7740,#7732,#7742,.T.);
#7740 = VERTEX_POINT('',#7741);
#7741 = CARTESIAN_POINT('',(-35.09999847412,-11.21425151825,
    1.123635284603E-02));
#7742 = LINE('',#7743,#7744);
#7743 = CARTESIAN_POINT('',(-35.09999847412,-11.21425151825,
    1.123635284603E-02));
#7744 = VECTOR('',#7745,1.);
#7745 = DIRECTION('',(0.,-0.891006853063,0.453989854286));
#7746 = ORIENTED_EDGE('',*,*,#7747,.F.);
#7747 = EDGE_CURVE('',#7748,#7740,#7750,.T.);
#7748 = VERTEX_POINT('',#7749);
#7749 = CARTESIAN_POINT('',(-35.09999847412,-10.86246109008,
    -0.123803459108));
#7750 = LINE('',#7751,#7752);
#7751 = CARTESIAN_POINT('',(-35.09999847412,-10.86246109008,
    -0.123803459108));
#7752 = VECTOR('',#7753,1.);
#7753 = DIRECTION('',(0.,-0.933580321096,0.358368224125));
#7754 = ORIENTED_EDGE('',*,*,#7755,.F.);
#7755 = EDGE_CURVE('',#7756,#7748,#7758,.T.);
#7756 = VERTEX_POINT('',#7757);
#7757 = CARTESIAN_POINT('',(-35.09999847412,-10.49848175048,
    -0.221331357956));
#7758 = LINE('',#7759,#7760);
#7759 = CARTESIAN_POINT('',(-35.09999847412,-10.49848175048,
    -0.221331357956));
#7760 = VECTOR('',#7761,1.);
#7761 = DIRECTION('',(0.,-0.965925873566,0.258818868663));
#7762 = ORIENTED_EDGE('',*,*,#7763,.F.);
#7763 = EDGE_CURVE('',#7764,#7756,#7766,.T.);
#7764 = VERTEX_POINT('',#7765);
#7765 = CARTESIAN_POINT('',(-35.09999847412,-10.12630271911,
    -0.28027883172));
#7766 = LINE('',#7767,#7768);
#7767 = CARTESIAN_POINT('',(-35.09999847412,-10.12630271911,
    -0.28027883172));
#7768 = VECTOR('',#7769,1.);
#7769 = DIRECTION('',(0.,-0.987688297058,0.156434739925));
#7770 = ORIENTED_EDGE('',*,*,#7771,.F.);
#7771 = EDGE_CURVE('',#7772,#7764,#7774,.T.);
#7772 = VERTEX_POINT('',#7773);
#7773 = CARTESIAN_POINT('',(-35.09999847412,-9.75,-0.300000011921));
#7774 = LINE('',#7775,#7776);
#7775 = CARTESIAN_POINT('',(-35.09999847412,-9.75,-0.300000011921));
#7776 = VECTOR('',#7777,1.);
#7777 = DIRECTION('',(0.,-0.998629536093,5.233593071332E-02));
#7778 = ORIENTED_EDGE('',*,*,#7779,.F.);
#7779 = EDGE_CURVE('',#7780,#7772,#7782,.T.);
#7780 = VERTEX_POINT('',#7781);
#7781 = CARTESIAN_POINT('',(-35.09999847412,-3.950000047684,
    -0.300000011921));
#7782 = LINE('',#7783,#7784);
#7783 = CARTESIAN_POINT('',(-35.09999847412,-3.950000047684,
    -0.300000011921));
#7784 = VECTOR('',#7785,1.);
#7785 = DIRECTION('',(0.,-1.,0.));
#7786 = ORIENTED_EDGE('',*,*,#7787,.F.);
#7787 = EDGE_CURVE('',#7788,#7780,#7790,.T.);
#7788 = VERTEX_POINT('',#7789);
#7789 = CARTESIAN_POINT('',(-35.09999847412,-3.573697566986,
    -0.28027883172));
#7790 = LINE('',#7791,#7792);
#7791 = CARTESIAN_POINT('',(-35.09999847412,-3.573697566986,
    -0.28027883172));
#7792 = VECTOR('',#7793,1.);
#7793 = DIRECTION('',(0.,-0.998629534359,-5.233596378161E-02));
#7794 = ORIENTED_EDGE('',*,*,#7795,.F.);
#7795 = EDGE_CURVE('',#7796,#7788,#7798,.T.);
#7796 = VERTEX_POINT('',#7797);
#7797 = CARTESIAN_POINT('',(-35.09999847412,-3.201517820358,
    -0.221331357956));
#7798 = LINE('',#7799,#7800);
#7799 = CARTESIAN_POINT('',(-35.09999847412,-3.201517820358,
    -0.221331357956));
#7800 = VECTOR('',#7801,1.);
#7801 = DIRECTION('',(0.,-0.987688343509,-0.156434446646));
#7802 = ORIENTED_EDGE('',*,*,#7803,.F.);
#7803 = EDGE_CURVE('',#7804,#7796,#7806,.T.);
#7804 = VERTEX_POINT('',#7805);
#7805 = CARTESIAN_POINT('',(-35.09999847412,-2.837538719177,
    -0.123803459108));
#7806 = LINE('',#7807,#7808);
#7807 = CARTESIAN_POINT('',(-35.09999847412,-2.837538719177,
    -0.123803459108));
#7808 = VECTOR('',#7809,1.);
#7809 = DIRECTION('',(0.,-0.965925831182,-0.258819026841));
#7810 = ORIENTED_EDGE('',*,*,#7811,.F.);
#7811 = EDGE_CURVE('',#7812,#7804,#7814,.T.);
#7812 = VERTEX_POINT('',#7813);
#7813 = CARTESIAN_POINT('',(-35.09999847412,-2.485748052597,
    1.123635284603E-02));
#7814 = LINE('',#7815,#7816);
#7815 = CARTESIAN_POINT('',(-35.09999847412,-2.485748052597,
    1.123635284603E-02));
#7816 = VECTOR('',#7817,1.);
#7817 = DIRECTION('',(0.,-0.933580402354,-0.358368012441));
#7818 = ORIENTED_EDGE('',*,*,#7819,.F.);
#7819 = EDGE_CURVE('',#7820,#7812,#7822,.T.);
#7820 = VERTEX_POINT('',#7821);
#7821 = CARTESIAN_POINT('',(-35.09999847412,-2.150000095367,
    0.182308539748));
#7822 = LINE('',#7823,#7824);
#7823 = CARTESIAN_POINT('',(-35.09999847412,-2.150000095367,
    0.182308539748));
#7824 = VECTOR('',#7825,1.);
#7825 = DIRECTION('',(0.,-0.891006461843,-0.4539906221));
#7826 = ORIENTED_EDGE('',*,*,#7827,.F.);
#7827 = EDGE_CURVE('',#7828,#7820,#7830,.T.);
#7828 = VERTEX_POINT('',#7829);
#7829 = CARTESIAN_POINT('',(-35.09999847412,-1.833973050117,
    0.387538820505));
#7830 = LINE('',#7831,#7832);
#7831 = CARTESIAN_POINT('',(-35.09999847412,-1.833973050117,
    0.387538820505));
#7832 = VECTOR('',#7833,1.);
#7833 = DIRECTION('',(0.,-0.838670667446,-0.544638881797));
#7834 = ORIENTED_EDGE('',*,*,#7835,.F.);
#7835 = EDGE_CURVE('',#7836,#7828,#7838,.T.);
#7836 = VERTEX_POINT('',#7837);
#7837 = CARTESIAN_POINT('',(-35.09999847412,-1.541129827499,
    0.624678611755));
#7838 = LINE('',#7839,#7840);
#7839 = CARTESIAN_POINT('',(-35.09999847412,-1.541129827499,
    0.624678611755));
#7840 = VECTOR('',#7841,1.);
#7841 = DIRECTION('',(0.,-0.777145928562,-0.629320431672));
#7842 = ORIENTED_EDGE('',*,*,#7843,.F.);
#7843 = EDGE_CURVE('',#7844,#7836,#7846,.T.);
#7844 = VERTEX_POINT('',#7845);
#7845 = CARTESIAN_POINT('',(-35.09999847412,-1.274678587914,
    0.891129791737));
#7846 = LINE('',#7847,#7848);
#7847 = CARTESIAN_POINT('',(-35.09999847412,-1.274678587914,
    0.891129791737));
#7848 = VECTOR('',#7849,1.);
#7849 = DIRECTION('',(0.,-0.707106860276,-0.707106702097));
#7850 = ORIENTED_EDGE('',*,*,#7851,.F.);
#7851 = EDGE_CURVE('',#7852,#7844,#7854,.T.);
#7852 = VERTEX_POINT('',#7853);
#7853 = CARTESIAN_POINT('',(-35.09999847412,-1.037538766861,
    1.183973073959));
#7854 = LINE('',#7855,#7856);
#7855 = CARTESIAN_POINT('',(-35.09999847412,-1.037538766861,
    1.183973073959));
#7856 = VECTOR('',#7857,1.);
#7857 = DIRECTION('',(0.,-0.629320402077,-0.777145952527));
#7858 = ORIENTED_EDGE('',*,*,#7859,.F.);
#7859 = EDGE_CURVE('',#7860,#7852,#7862,.T.);
#7860 = VERTEX_POINT('',#7861);
#7861 = CARTESIAN_POINT('',(-35.09999847412,-0.832308530807,1.5));
#7862 = LINE('',#7863,#7864);
#7863 = CARTESIAN_POINT('',(-35.09999847412,-0.832308530807,1.5));
#7864 = VECTOR('',#7865,1.);
#7865 = DIRECTION('',(0.,-0.544638942857,-0.838670627793));
#7866 = ORIENTED_EDGE('',*,*,#7867,.F.);
#7867 = EDGE_CURVE('',#7868,#7860,#7870,.T.);
#7868 = VERTEX_POINT('',#7869);
#7869 = CARTESIAN_POINT('',(-35.09999847412,-0.781355977058,
    1.600000023842));
#7870 = LINE('',#7871,#7872);
#7871 = CARTESIAN_POINT('',(-35.09999847412,-0.781355977058,
    1.600000023842));
#7872 = VECTOR('',#7873,1.);
#7873 = DIRECTION('',(0.,-0.453990476054,-0.891006536257));
#7874 = ORIENTED_EDGE('',*,*,#7875,.T.);
#7875 = EDGE_CURVE('',#7868,#7876,#7878,.T.);
#7876 = VERTEX_POINT('',#7877);
#7877 = CARTESIAN_POINT('',(-35.09999847412,16.10000038147,
    1.600000023842));
#7878 = LINE('',#7879,#7880);
#7879 = CARTESIAN_POINT('',(-35.09999847412,-0.781355977058,
    1.600000023842));
#7880 = VECTOR('',#7881,1.);
#7881 = DIRECTION('',(0.,1.,0.));
#7882 = ORIENTED_EDGE('',*,*,#7883,.T.);
#7883 = EDGE_CURVE('',#7876,#6958,#7884,.T.);
#7884 = LINE('',#7885,#7886);
#7885 = CARTESIAN_POINT('',(-35.09999847412,16.10000038147,
    1.600000023842));
#7886 = VECTOR('',#7887,1.);
#7887 = DIRECTION('',(0.,0.,-1.));
#7888 = ORIENTED_EDGE('',*,*,#6957,.F.);
#7889 = PLANE('',#7890);
#7890 = AXIS2_PLACEMENT_3D('',#7891,#7892,#7893);
#7891 = CARTESIAN_POINT('',(-35.09999847412,1.371587368095,
    -0.518598342725));
#7892 = DIRECTION('',(-1.,-0.,-0.));
#7893 = DIRECTION('',(0.,0.,-1.));
#7894 = ADVANCED_FACE('',(#7895),#7912,.T.);
#7895 = FACE_BOUND('',#7896,.T.);
#7896 = EDGE_LOOP('',(#7897,#7898,#7906));
#7897 = ORIENTED_EDGE('',*,*,#7747,.T.);
#7898 = ORIENTED_EDGE('',*,*,#7899,.T.);
#7899 = EDGE_CURVE('',#7740,#7900,#7902,.T.);
#7900 = VERTEX_POINT('',#7901);
#7901 = CARTESIAN_POINT('',(-34.09999847412,-11.21425151825,
    1.123635284603E-02));
#7902 = LINE('',#7903,#7904);
#7903 = CARTESIAN_POINT('',(-35.09999847412,-11.21425151825,
    1.123635284603E-02));
#7904 = VECTOR('',#7905,1.);
#7905 = DIRECTION('',(1.,0.,0.));
#7906 = ORIENTED_EDGE('',*,*,#7907,.T.);
#7907 = EDGE_CURVE('',#7900,#7748,#7908,.T.);
#7908 = LINE('',#7909,#7910);
#7909 = CARTESIAN_POINT('',(-34.09999847412,-11.21425151825,
    1.123635284603E-02));
#7910 = VECTOR('',#7911,1.);
#7911 = DIRECTION('',(-0.935768497214,0.329194400295,-0.126366001896));
#7912 = PLANE('',#7913);
#7913 = AXIS2_PLACEMENT_3D('',#7914,#7915,#7916);
#7914 = CARTESIAN_POINT('',(-34.67704302939,-11.11028358482,
    -2.867323267835E-02));
#7915 = DIRECTION('',(0.,0.358368224125,0.933580321096));
#7916 = DIRECTION('',(0.,0.933580321096,-0.358368224125));
#7917 = ADVANCED_FACE('',(#7918),#7933,.T.);
#7918 = FACE_BOUND('',#7919,.T.);
#7919 = EDGE_LOOP('',(#7920,#7921,#7927));
#7920 = ORIENTED_EDGE('',*,*,#7907,.F.);
#7921 = ORIENTED_EDGE('',*,*,#7922,.F.);
#7922 = EDGE_CURVE('',#1329,#7900,#7923,.T.);
#7923 = LINE('',#7924,#7925);
#7924 = CARTESIAN_POINT('',(-34.09999847412,-10.92447090148,
    -0.10000000149));
#7925 = VECTOR('',#7926,1.);
#7926 = DIRECTION('',(0.,-0.933580429179,0.358367942558));
#7927 = ORIENTED_EDGE('',*,*,#7928,.F.);
#7928 = EDGE_CURVE('',#7748,#1329,#7929,.T.);
#7929 = LINE('',#7930,#7931);
#7930 = CARTESIAN_POINT('',(-35.09999847412,-10.86246109008,
    -0.123803459108));
#7931 = VECTOR('',#7932,1.);
#7932 = DIRECTION('',(0.997801361678,-6.187347425371E-02,
    2.375112242366E-02));
#7933 = PLANE('',#7934);
#7934 = AXIS2_PLACEMENT_3D('',#7935,#7936,#7937);
#7935 = CARTESIAN_POINT('',(-34.53482299064,-10.98141719341,
    -7.81404215115E-02));
#7936 = DIRECTION('',(-1.136484398105E-07,0.358367942558,0.933580429179)
  );
#7937 = DIRECTION('',(-6.617444900424E-24,0.933580429179,-0.358367942558
    ));
#7938 = ADVANCED_FACE('',(#7939),#7964,.T.);
#7939 = FACE_BOUND('',#7940,.T.);
#7940 = EDGE_LOOP('',(#7941,#7942,#7950,#7958));
#7941 = ORIENTED_EDGE('',*,*,#7691,.T.);
#7942 = ORIENTED_EDGE('',*,*,#7943,.T.);
#7943 = EDGE_CURVE('',#7684,#7944,#7946,.T.);
#7944 = VERTEX_POINT('',#7945);
#7945 = CARTESIAN_POINT('',(-34.09999847412,-12.91864395141,
    1.600000023842));
#7946 = LINE('',#7947,#7948);
#7947 = CARTESIAN_POINT('',(-35.09999847412,-12.91864395141,
    1.600000023842));
#7948 = VECTOR('',#7949,1.);
#7949 = DIRECTION('',(1.,0.,0.));
#7950 = ORIENTED_EDGE('',*,*,#7951,.F.);
#7951 = EDGE_CURVE('',#7952,#7944,#7954,.T.);
#7952 = VERTEX_POINT('',#7953);
#7953 = CARTESIAN_POINT('',(-34.09999847412,-12.86769104003,1.5));
#7954 = LINE('',#7955,#7956);
#7955 = CARTESIAN_POINT('',(-34.09999847412,-12.86769104003,1.5));
#7956 = VECTOR('',#7957,1.);
#7957 = DIRECTION('',(0.,-0.453993005777,0.891005247294));
#7958 = ORIENTED_EDGE('',*,*,#7959,.T.);
#7959 = EDGE_CURVE('',#7952,#7692,#7960,.T.);
#7960 = LINE('',#7961,#7962);
#7961 = CARTESIAN_POINT('',(-34.09999847412,-12.86769104003,1.5));
#7962 = VECTOR('',#7963,1.);
#7963 = DIRECTION('',(-1.,0.,0.));
#7964 = PLANE('',#7965);
#7965 = AXIS2_PLACEMENT_3D('',#7966,#7967,#7968);
#7966 = CARTESIAN_POINT('',(-34.59999847412,-12.89316749572,
    1.550000011921));
#7967 = DIRECTION('',(0.,0.891005247294,0.453993005777));
#7968 = DIRECTION('',(0.,-0.453993005777,0.891005247294));
#7969 = ADVANCED_FACE('',(#7970),#7995,.T.);
#7970 = FACE_BOUND('',#7971,.T.);
#7971 = EDGE_LOOP('',(#7972,#7973,#7981,#7989));
#7972 = ORIENTED_EDGE('',*,*,#7731,.T.);
#7973 = ORIENTED_EDGE('',*,*,#7974,.T.);
#7974 = EDGE_CURVE('',#7724,#7975,#7977,.T.);
#7975 = VERTEX_POINT('',#7976);
#7976 = CARTESIAN_POINT('',(-34.09999847412,-11.86602687835,
    0.387538820505));
#7977 = LINE('',#7978,#7979);
#7978 = CARTESIAN_POINT('',(-35.09999847412,-11.86602687835,
    0.387538820505));
#7979 = VECTOR('',#7980,1.);
#7980 = DIRECTION('',(1.,0.,0.));
#7981 = ORIENTED_EDGE('',*,*,#7982,.F.);
#7982 = EDGE_CURVE('',#7983,#7975,#7985,.T.);
#7983 = VERTEX_POINT('',#7984);
#7984 = CARTESIAN_POINT('',(-34.09999847412,-11.55000019073,
    0.182308539748));
#7985 = LINE('',#7986,#7987);
#7986 = CARTESIAN_POINT('',(-34.09999847412,-11.55000019073,
    0.182308539748));
#7987 = VECTOR('',#7988,1.);
#7988 = DIRECTION('',(0.,-0.838670385922,0.544639315307));
#7989 = ORIENTED_EDGE('',*,*,#7990,.F.);
#7990 = EDGE_CURVE('',#7732,#7983,#7991,.T.);
#7991 = LINE('',#7992,#7993);
#7992 = CARTESIAN_POINT('',(-35.09999847412,-11.55000019073,
    0.182308539748));
#7993 = VECTOR('',#7994,1.);
#7994 = DIRECTION('',(1.,0.,0.));
#7995 = PLANE('',#7996);
#7996 = AXIS2_PLACEMENT_3D('',#7997,#7998,#7999);
#7997 = CARTESIAN_POINT('',(-34.59999847412,-11.70801353454,
    0.284923680127));
#7998 = DIRECTION('',(0.,0.544639315307,0.838670385922));
#7999 = DIRECTION('',(0.,0.838670385922,-0.544639315307));
#8000 = ADVANCED_FACE('',(#8001),#8026,.T.);
#8001 = FACE_BOUND('',#8002,.T.);
#8002 = EDGE_LOOP('',(#8003,#8011,#8012,#8020));
#8003 = ORIENTED_EDGE('',*,*,#8004,.T.);
#8004 = EDGE_CURVE('',#8005,#2275,#8007,.T.);
#8005 = VERTEX_POINT('',#8006);
#8006 = CARTESIAN_POINT('',(31.209056854248,-14.98904418945,
    -1.100000023842));
#8007 = LINE('',#8008,#8009);
#8008 = CARTESIAN_POINT('',(31.209056854248,-14.98904418945,
    -1.100000023842));
#8009 = VECTOR('',#8010,1.);
#8010 = DIRECTION('',(0.,0.,1.));
#8011 = ORIENTED_EDGE('',*,*,#2274,.F.);
#8012 = ORIENTED_EDGE('',*,*,#8013,.F.);
#8013 = EDGE_CURVE('',#8014,#2267,#8016,.T.);
#8014 = VERTEX_POINT('',#8015);
#8015 = CARTESIAN_POINT('',(31.415822982788,-14.95629501342,
    -1.100000023842));
#8016 = LINE('',#8017,#8018);
#8017 = CARTESIAN_POINT('',(31.415822982788,-14.95629501342,
    -1.100000023842));
#8018 = VECTOR('',#8019,1.);
#8019 = DIRECTION('',(0.,0.,1.));
#8020 = ORIENTED_EDGE('',*,*,#8021,.T.);
#8021 = EDGE_CURVE('',#8014,#8005,#8022,.T.);
#8022 = LINE('',#8023,#8024);
#8023 = CARTESIAN_POINT('',(31.415822982788,-14.95629501342,
    -1.100000023842));
#8024 = VECTOR('',#8025,1.);
#8025 = DIRECTION('',(-0.987687869354,-0.15643744031,0.));
#8026 = PLANE('',#8027);
#8027 = AXIS2_PLACEMENT_3D('',#8028,#8029,#8030);
#8028 = CARTESIAN_POINT('',(31.312439918518,-14.97266960144,
    -0.600000012666));
#8029 = DIRECTION('',(-0.15643744031,0.987687869354,0.));
#8030 = DIRECTION('',(0.987687869354,0.15643744031,0.));
#8031 = ADVANCED_FACE('',(#8032),#8825,.T.);
#8032 = FACE_BOUND('',#8033,.T.);
#8033 = EDGE_LOOP('',(#8034,#8035,#8043,#8051,#8059,#8067,#8075,#8083,
    #8091,#8099,#8107,#8115,#8123,#8131,#8139,#8147,#8155,#8163,#8171,
    #8179,#8187,#8195,#8203,#8211,#8219,#8227,#8235,#8243,#8251,#8259,
    #8267,#8275,#8283,#8291,#8299,#8307,#8315,#8323,#8331,#8339,#8347,
    #8355,#8363,#8371,#8379,#8387,#8395,#8403,#8411,#8419,#8427,#8435,
    #8443,#8451,#8459,#8467,#8475,#8483,#8491,#8499,#8507,#8515,#8523,
    #8531,#8539,#8547,#8555,#8563,#8571,#8579,#8587,#8595,#8603,#8611,
    #8619,#8627,#8635,#8643,#8651,#8659,#8667,#8675,#8683,#8691,#8699,
    #8707,#8715,#8723,#8731,#8739,#8747,#8755,#8763,#8771,#8779,#8787,
    #8795,#8803,#8811,#8819));
#8034 = ORIENTED_EDGE('',*,*,#8021,.F.);
#8035 = ORIENTED_EDGE('',*,*,#8036,.T.);
#8036 = EDGE_CURVE('',#8014,#8037,#8039,.T.);
#8037 = VERTEX_POINT('',#8038);
#8038 = CARTESIAN_POINT('',(31.618034362793,-14.90211296081,
    -1.100000023842));
#8039 = LINE('',#8040,#8041);
#8040 = CARTESIAN_POINT('',(31.415822982788,-14.95629501342,
    -1.100000023842));
#8041 = VECTOR('',#8042,1.);
#8042 = DIRECTION('',(0.965926212446,0.25881760394,0.));
#8043 = ORIENTED_EDGE('',*,*,#8044,.T.);
#8044 = EDGE_CURVE('',#8037,#8045,#8047,.T.);
#8045 = VERTEX_POINT('',#8046);
#8046 = CARTESIAN_POINT('',(31.813472747803,-14.82709121704,
    -1.100000023842));
#8047 = LINE('',#8048,#8049);
#8048 = CARTESIAN_POINT('',(31.618034362793,-14.90211296081,
    -1.100000023842));
#8049 = VECTOR('',#8050,1.);
#8050 = DIRECTION('',(0.933580463729,0.358367852554,0.));
#8051 = ORIENTED_EDGE('',*,*,#8052,.T.);
#8052 = EDGE_CURVE('',#8045,#8053,#8055,.T.);
#8053 = VERTEX_POINT('',#8054);
#8054 = CARTESIAN_POINT('',(32.,-14.73205089569,-1.100000023842));
#8055 = LINE('',#8056,#8057);
#8056 = CARTESIAN_POINT('',(31.813472747803,-14.82709121704,
    -1.100000023842));
#8057 = VECTOR('',#8058,1.);
#8058 = DIRECTION('',(0.891006641416,0.453990269667,0.));
#8059 = ORIENTED_EDGE('',*,*,#8060,.T.);
#8060 = EDGE_CURVE('',#8053,#8061,#8063,.T.);
#8061 = VERTEX_POINT('',#8062);
#8062 = CARTESIAN_POINT('',(32.17557144165,-14.61803436279,
    -1.100000023842));
#8063 = LINE('',#8064,#8065);
#8064 = CARTESIAN_POINT('',(32.,-14.73205089569,-1.100000023842));
#8065 = VECTOR('',#8066,1.);
#8066 = DIRECTION('',(0.838672519576,0.544636029755,0.));
#8067 = ORIENTED_EDGE('',*,*,#8068,.T.);
#8068 = EDGE_CURVE('',#8061,#8069,#8071,.T.);
#8069 = VERTEX_POINT('',#8070);
#8070 = CARTESIAN_POINT('',(32.338260650635,-14.48628997802,
    -1.100000023842));
#8071 = LINE('',#8072,#8073);
#8072 = CARTESIAN_POINT('',(32.17557144165,-14.61803436279,
    -1.100000023842));
#8073 = VECTOR('',#8074,1.);
#8074 = DIRECTION('',(0.777143015556,0.629324028917,0.));
#8075 = ORIENTED_EDGE('',*,*,#8076,.T.);
#8076 = EDGE_CURVE('',#8069,#8077,#8079,.T.);
#8077 = VERTEX_POINT('',#8078);
#8078 = CARTESIAN_POINT('',(32.486289978027,-14.3382616043,
    -1.100000023842));
#8079 = LINE('',#8080,#8081);
#8080 = CARTESIAN_POINT('',(32.338260650635,-14.48628997802,
    -1.100000023842));
#8081 = VECTOR('',#8082,1.);
#8082 = DIRECTION('',(0.707109058947,0.707104503419,0.));
#8083 = ORIENTED_EDGE('',*,*,#8084,.T.);
#8084 = EDGE_CURVE('',#8077,#8085,#8087,.T.);
#8085 = VERTEX_POINT('',#8086);
#8086 = CARTESIAN_POINT('',(32.618034362793,-14.17557048797,
    -1.100000023842));
#8087 = LINE('',#8088,#8089);
#8088 = CARTESIAN_POINT('',(32.486289978027,-14.3382616043,
    -1.100000023842));
#8089 = VECTOR('',#8090,1.);
#8090 = DIRECTION('',(0.629319572914,0.77714662397,0.));
#8091 = ORIENTED_EDGE('',*,*,#8092,.T.);
#8092 = EDGE_CURVE('',#8085,#8093,#8095,.T.);
#8093 = VERTEX_POINT('',#8094);
#8094 = CARTESIAN_POINT('',(32.732051849365,-14.,-1.100000023842));
#8095 = LINE('',#8096,#8097);
#8096 = CARTESIAN_POINT('',(32.618034362793,-14.17557048797,
    -1.100000023842));
#8097 = VECTOR('',#8098,1.);
#8098 = DIRECTION('',(0.544641314814,0.838669087422,0.));
#8099 = ORIENTED_EDGE('',*,*,#8100,.T.);
#8100 = EDGE_CURVE('',#8093,#8101,#8103,.T.);
#8101 = VERTEX_POINT('',#8102);
#8102 = CARTESIAN_POINT('',(32.827091217041,-13.81347370147,
    -1.100000023842));
#8103 = LINE('',#8104,#8105);
#8104 = CARTESIAN_POINT('',(32.732051849365,-14.,-1.100000023842));
#8105 = VECTOR('',#8106,1.);
#8106 = DIRECTION('',(0.453988495803,0.891007545242,0.));
#8107 = ORIENTED_EDGE('',*,*,#8108,.T.);
#8108 = EDGE_CURVE('',#8101,#8109,#8111,.T.);
#8109 = VERTEX_POINT('',#8110);
#8110 = CARTESIAN_POINT('',(32.902114868164,-13.61803436279,
    -1.100000023842));
#8111 = LINE('',#8112,#8113);
#8112 = CARTESIAN_POINT('',(32.827091217041,-13.81347370147,
    -1.100000023842));
#8113 = VECTOR('',#8114,1.);
#8114 = DIRECTION('',(0.35837426937,0.933578000519,0.));
#8115 = ORIENTED_EDGE('',*,*,#8116,.T.);
#8116 = EDGE_CURVE('',#8109,#8117,#8119,.T.);
#8117 = VERTEX_POINT('',#8118);
#8118 = CARTESIAN_POINT('',(32.956295013428,-13.41582298278,
    -1.100000023842));
#8119 = LINE('',#8120,#8121);
#8120 = CARTESIAN_POINT('',(32.902114868164,-13.61803436279,
    -1.100000023842));
#8121 = VECTOR('',#8122,1.);
#8122 = DIRECTION('',(0.258809103178,0.965928490165,0.));
#8123 = ORIENTED_EDGE('',*,*,#8124,.T.);
#8124 = EDGE_CURVE('',#8117,#8125,#8127,.T.);
#8125 = VERTEX_POINT('',#8126);
#8126 = CARTESIAN_POINT('',(32.989044189453,-13.20905685424,
    -1.100000023842));
#8127 = LINE('',#8128,#8129);
#8128 = CARTESIAN_POINT('',(32.956295013428,-13.41582298278,
    -1.100000023842));
#8129 = VECTOR('',#8130,1.);
#8130 = DIRECTION('',(0.15643744031,0.987687869354,0.));
#8131 = ORIENTED_EDGE('',*,*,#8132,.T.);
#8132 = EDGE_CURVE('',#8125,#8133,#8135,.T.);
#8133 = VERTEX_POINT('',#8134);
#8134 = CARTESIAN_POINT('',(33.,-13.,-1.100000023842));
#8135 = LINE('',#8136,#8137);
#8136 = CARTESIAN_POINT('',(32.989044189453,-13.20905685424,
    -1.100000023842));
#8137 = VECTOR('',#8138,1.);
#8138 = DIRECTION('',(5.233407490429E-02,0.99862963335,0.));
#8139 = ORIENTED_EDGE('',*,*,#8140,.F.);
#8140 = EDGE_CURVE('',#8141,#8133,#8143,.T.);
#8141 = VERTEX_POINT('',#8142);
#8142 = CARTESIAN_POINT('',(33.,1.299999952316,-1.100000023842));
#8143 = LINE('',#8144,#8145);
#8144 = CARTESIAN_POINT('',(33.,1.299999952316,-1.100000023842));
#8145 = VECTOR('',#8146,1.);
#8146 = DIRECTION('',(0.,-1.,0.));
#8147 = ORIENTED_EDGE('',*,*,#8148,.T.);
#8148 = EDGE_CURVE('',#8141,#8149,#8151,.T.);
#8149 = VERTEX_POINT('',#8150);
#8150 = CARTESIAN_POINT('',(29.870000839233,1.299999952316,
    -1.100000023842));
#8151 = LINE('',#8152,#8153);
#8152 = CARTESIAN_POINT('',(33.,1.299999952316,-1.100000023842));
#8153 = VECTOR('',#8154,1.);
#8154 = DIRECTION('',(-1.,0.,0.));
#8155 = ORIENTED_EDGE('',*,*,#8156,.T.);
#8156 = EDGE_CURVE('',#8149,#8157,#8159,.T.);
#8157 = VERTEX_POINT('',#8158);
#8158 = CARTESIAN_POINT('',(29.451885223389,1.321912407875,
    -1.100000023842));
#8159 = LINE('',#8160,#8161);
#8160 = CARTESIAN_POINT('',(29.870000839233,1.299999952316,
    -1.100000023842));
#8161 = VECTOR('',#8162,1.);
#8162 = DIRECTION('',(-0.998629541664,5.233582440394E-02,0.));
#8163 = ORIENTED_EDGE('',*,*,#8164,.T.);
#8164 = EDGE_CURVE('',#8157,#8165,#8167,.T.);
#8165 = VERTEX_POINT('',#8166);
#8166 = CARTESIAN_POINT('',(29.038352966309,1.387409567833,
    -1.100000023842));
#8167 = LINE('',#8168,#8169);
#8168 = CARTESIAN_POINT('',(29.451885223389,1.321912407875,
    -1.100000023842));
#8169 = VECTOR('',#8170,1.);
#8170 = DIRECTION('',(-0.987688309278,0.156434662771,0.));
#8171 = ORIENTED_EDGE('',*,*,#8172,.T.);
#8172 = EDGE_CURVE('',#8165,#8173,#8175,.T.);
#8173 = VERTEX_POINT('',#8174);
#8174 = CARTESIAN_POINT('',(28.633932113647,1.495773911476,
    -1.100000023842));
#8175 = LINE('',#8176,#8177);
#8176 = CARTESIAN_POINT('',(29.038352966309,1.387409567833,
    -1.100000023842));
#8177 = VECTOR('',#8178,1.);
#8178 = DIRECTION('',(-0.965925764924,0.258819274118,0.));
#8179 = ORIENTED_EDGE('',*,*,#8180,.T.);
#8180 = EDGE_CURVE('',#8173,#8181,#8183,.T.);
#8181 = VERTEX_POINT('',#8182);
#8182 = CARTESIAN_POINT('',(28.243053436279,1.645818114281,
    -1.100000023842));
#8183 = LINE('',#8184,#8185);
#8184 = CARTESIAN_POINT('',(28.633932113647,1.495773911476,
    -1.100000023842));
#8185 = VECTOR('',#8186,1.);
#8186 = DIRECTION('',(-0.933580477238,0.35836781736,0.));
#8187 = ORIENTED_EDGE('',*,*,#8188,.T.);
#8188 = EDGE_CURVE('',#8181,#8189,#8191,.T.);
#8189 = VERTEX_POINT('',#8190);
#8190 = CARTESIAN_POINT('',(27.870000839233,1.835898399353,
    -1.100000023842));
#8191 = LINE('',#8192,#8193);
#8192 = CARTESIAN_POINT('',(28.243053436279,1.645818114281,
    -1.100000023842));
#8193 = VECTOR('',#8194,1.);
#8194 = DIRECTION('',(-0.891006048001,0.453991434308,0.));
#8195 = ORIENTED_EDGE('',*,*,#8196,.T.);
#8196 = EDGE_CURVE('',#8189,#8197,#8199,.T.);
#8197 = VERTEX_POINT('',#8198);
#8198 = CARTESIAN_POINT('',(27.518859863281,2.063931941986,
    -1.100000023842));
#8199 = LINE('',#8200,#8201);
#8200 = CARTESIAN_POINT('',(27.870000839233,1.835898399353,
    -1.100000023842));
#8201 = VECTOR('',#8202,1.);
#8202 = DIRECTION('',(-0.838670648058,0.544638911652,0.));
#8203 = ORIENTED_EDGE('',*,*,#8204,.T.);
#8204 = EDGE_CURVE('',#8197,#8205,#8207,.T.);
#8205 = VERTEX_POINT('',#8206);
#8206 = CARTESIAN_POINT('',(27.193477630615,2.327420711517,
    -1.100000023842));
#8207 = LINE('',#8208,#8209);
#8208 = CARTESIAN_POINT('',(27.518859863281,2.063931941986,
    -1.100000023842));
#8209 = VECTOR('',#8210,1.);
#8210 = DIRECTION('',(-0.77714662397,0.629319572914,0.));
#8211 = ORIENTED_EDGE('',*,*,#8212,.T.);
#8212 = EDGE_CURVE('',#8205,#8213,#8215,.T.);
#8213 = VERTEX_POINT('',#8214);
#8214 = CARTESIAN_POINT('',(26.897420883179,2.623477458954,
    -1.100000023842));
#8215 = LINE('',#8216,#8217);
#8216 = CARTESIAN_POINT('',(27.193477630615,2.327420711517,
    -1.100000023842));
#8217 = VECTOR('',#8218,1.);
#8218 = DIRECTION('',(-0.707106781187,0.707106781187,0.));
#8219 = ORIENTED_EDGE('',*,*,#8220,.T.);
#8220 = EDGE_CURVE('',#8213,#8221,#8223,.T.);
#8221 = VERTEX_POINT('',#8222);
#8222 = CARTESIAN_POINT('',(26.633932113647,2.948858976364,
    -1.100000023842));
#8223 = LINE('',#8224,#8225);
#8224 = CARTESIAN_POINT('',(26.897420883179,2.623477458954,
    -1.100000023842));
#8225 = VECTOR('',#8226,1.);
#8226 = DIRECTION('',(-0.629320408411,0.777145947398,0.));
#8227 = ORIENTED_EDGE('',*,*,#8228,.T.);
#8228 = EDGE_CURVE('',#8221,#8229,#8231,.T.);
#8229 = VERTEX_POINT('',#8230);
#8230 = CARTESIAN_POINT('',(26.405899047852,3.299999952316,
    -1.100000023842));
#8231 = LINE('',#8232,#8233);
#8232 = CARTESIAN_POINT('',(26.633932113647,2.948858976364,
    -1.100000023842));
#8233 = VECTOR('',#8234,1.);
#8234 = DIRECTION('',(-0.544638110595,0.83867116827,0.));
#8235 = ORIENTED_EDGE('',*,*,#8236,.T.);
#8236 = EDGE_CURVE('',#8229,#8237,#8239,.T.);
#8237 = VERTEX_POINT('',#8238);
#8238 = CARTESIAN_POINT('',(26.215818405151,3.673053503036,
    -1.100000023842));
#8239 = LINE('',#8240,#8241);
#8240 = CARTESIAN_POINT('',(26.405899047852,3.299999952316,
    -1.100000023842));
#8241 = VECTOR('',#8242,1.);
#8242 = DIRECTION('',(-0.453991191043,0.891006171951,0.));
#8243 = ORIENTED_EDGE('',*,*,#8244,.T.);
#8244 = EDGE_CURVE('',#8237,#8245,#8247,.T.);
#8245 = VERTEX_POINT('',#8246);
#8246 = CARTESIAN_POINT('',(26.065773010254,4.063931941986,
    -1.100000023842));
#8247 = LINE('',#8248,#8249);
#8248 = CARTESIAN_POINT('',(26.215818405151,3.673053503036,
    -1.100000023842));
#8249 = VECTOR('',#8250,1.);
#8250 = DIRECTION('',(-0.358370489425,0.933579451525,0.));
#8251 = ORIENTED_EDGE('',*,*,#8252,.T.);
#8252 = EDGE_CURVE('',#8245,#8253,#8255,.T.);
#8253 = VERTEX_POINT('',#8254);
#8254 = CARTESIAN_POINT('',(25.957408905029,4.468353271484,
    -1.100000023842));
#8255 = LINE('',#8256,#8257);
#8256 = CARTESIAN_POINT('',(26.065773010254,4.063931941986,
    -1.100000023842));
#8257 = VECTOR('',#8258,1.);
#8258 = DIRECTION('',(-0.2588184581,0.965925983576,0.));
#8259 = ORIENTED_EDGE('',*,*,#8260,.T.);
#8260 = EDGE_CURVE('',#8253,#8261,#8263,.T.);
#8261 = VERTEX_POINT('',#8262);
#8262 = CARTESIAN_POINT('',(25.891912460327,4.881886005402,
    -1.100000023842));
#8263 = LINE('',#8264,#8265);
#8264 = CARTESIAN_POINT('',(25.957408905029,4.468353271484,
    -1.100000023842));
#8265 = VECTOR('',#8266,1.);
#8266 = DIRECTION('',(-0.15643282028,0.987688601098,0.));
#8267 = ORIENTED_EDGE('',*,*,#8268,.T.);
#8268 = EDGE_CURVE('',#8261,#8269,#8271,.T.);
#8269 = VERTEX_POINT('',#8270);
#8270 = CARTESIAN_POINT('',(25.870000839233,5.300000190735,
    -1.100000023842));
#8271 = LINE('',#8272,#8273);
#8272 = CARTESIAN_POINT('',(25.891912460327,4.881886005402,
    -1.100000023842));
#8273 = VECTOR('',#8274,1.);
#8274 = DIRECTION('',(-5.233401538351E-02,0.998629636469,0.));
#8275 = ORIENTED_EDGE('',*,*,#8276,.T.);
#8276 = EDGE_CURVE('',#8269,#8277,#8279,.T.);
#8277 = VERTEX_POINT('',#8278);
#8278 = CARTESIAN_POINT('',(25.891912460327,5.718113899231,
    -1.100000023842));
#8279 = LINE('',#8280,#8281);
#8280 = CARTESIAN_POINT('',(25.870000839233,5.300000190735,
    -1.100000023842));
#8281 = VECTOR('',#8282,1.);
#8282 = DIRECTION('',(5.233407490429E-02,0.99862963335,0.));
#8283 = ORIENTED_EDGE('',*,*,#8284,.T.);
#8284 = EDGE_CURVE('',#8277,#8285,#8287,.T.);
#8285 = VERTEX_POINT('',#8286);
#8286 = CARTESIAN_POINT('',(25.957408905029,6.131646633148,
    -1.100000023842));
#8287 = LINE('',#8288,#8289);
#8288 = CARTESIAN_POINT('',(25.891912460327,5.718113899231,
    -1.100000023842));
#8289 = VECTOR('',#8290,1.);
#8290 = DIRECTION('',(0.15643282028,0.987688601098,0.));
#8291 = ORIENTED_EDGE('',*,*,#8292,.T.);
#8292 = EDGE_CURVE('',#8285,#8293,#8295,.T.);
#8293 = VERTEX_POINT('',#8294);
#8294 = CARTESIAN_POINT('',(26.065773010254,6.536067962646,
    -1.100000023842));
#8295 = LINE('',#8296,#8297);
#8296 = CARTESIAN_POINT('',(25.957408905029,6.131646633148,
    -1.100000023842));
#8297 = VECTOR('',#8298,1.);
#8298 = DIRECTION('',(0.2588184581,0.965925983576,0.));
#8299 = ORIENTED_EDGE('',*,*,#8300,.T.);
#8300 = EDGE_CURVE('',#8293,#8301,#8303,.T.);
#8301 = VERTEX_POINT('',#8302);
#8302 = CARTESIAN_POINT('',(26.215818405151,6.926946640015,
    -1.100000023842));
#8303 = LINE('',#8304,#8305);
#8304 = CARTESIAN_POINT('',(26.065773010254,6.536067962646,
    -1.100000023842));
#8305 = VECTOR('',#8306,1.);
#8306 = DIRECTION('',(0.358370298909,0.933579524658,0.));
#8307 = ORIENTED_EDGE('',*,*,#8308,.T.);
#8308 = EDGE_CURVE('',#8301,#8309,#8311,.T.);
#8309 = VERTEX_POINT('',#8310);
#8310 = CARTESIAN_POINT('',(26.405899047852,7.300000190735,
    -1.100000023842));
#8311 = LINE('',#8312,#8313);
#8312 = CARTESIAN_POINT('',(26.215818405151,6.926946640015,
    -1.100000023842));
#8313 = VECTOR('',#8314,1.);
#8314 = DIRECTION('',(0.453991191043,0.891006171951,0.));
#8315 = ORIENTED_EDGE('',*,*,#8316,.T.);
#8316 = EDGE_CURVE('',#8309,#8317,#8319,.T.);
#8317 = VERTEX_POINT('',#8318);
#8318 = CARTESIAN_POINT('',(26.633932113647,7.651141166687,
    -1.100000023842));
#8319 = LINE('',#8320,#8321);
#8320 = CARTESIAN_POINT('',(26.405899047852,7.300000190735,
    -1.100000023842));
#8321 = VECTOR('',#8322,1.);
#8322 = DIRECTION('',(0.544638110595,0.83867116827,0.));
#8323 = ORIENTED_EDGE('',*,*,#8324,.T.);
#8324 = EDGE_CURVE('',#8317,#8325,#8327,.T.);
#8325 = VERTEX_POINT('',#8326);
#8326 = CARTESIAN_POINT('',(26.897420883179,7.976522445679,
    -1.100000023842));
#8327 = LINE('',#8328,#8329);
#8328 = CARTESIAN_POINT('',(26.633932113647,7.651141166687,
    -1.100000023842));
#8329 = VECTOR('',#8330,1.);
#8330 = DIRECTION('',(0.629320686911,0.777145721874,0.));
#8331 = ORIENTED_EDGE('',*,*,#8332,.T.);
#8332 = EDGE_CURVE('',#8325,#8333,#8335,.T.);
#8333 = VERTEX_POINT('',#8334);
#8334 = CARTESIAN_POINT('',(27.193477630615,8.272579193115,
    -1.100000023842));
#8335 = LINE('',#8336,#8337);
#8336 = CARTESIAN_POINT('',(26.897420883179,7.976522445679,
    -1.100000023842));
#8337 = VECTOR('',#8338,1.);
#8338 = DIRECTION('',(0.707106781187,0.707106781187,0.));
#8339 = ORIENTED_EDGE('',*,*,#8340,.T.);
#8340 = EDGE_CURVE('',#8333,#8341,#8343,.T.);
#8341 = VERTEX_POINT('',#8342);
#8342 = CARTESIAN_POINT('',(27.518859863281,8.536067962646,
    -1.100000023842));
#8343 = LINE('',#8344,#8345);
#8344 = CARTESIAN_POINT('',(27.193477630615,8.272579193115,
    -1.100000023842));
#8345 = VECTOR('',#8346,1.);
#8346 = DIRECTION('',(0.77714662397,0.629319572914,0.));
#8347 = ORIENTED_EDGE('',*,*,#8348,.T.);
#8348 = EDGE_CURVE('',#8341,#8349,#8351,.T.);
#8349 = VERTEX_POINT('',#8350);
#8350 = CARTESIAN_POINT('',(27.870000839233,8.764101982117,
    -1.100000023842));
#8351 = LINE('',#8352,#8353);
#8352 = CARTESIAN_POINT('',(27.518859863281,8.536067962646,
    -1.100000023842));
#8353 = VECTOR('',#8354,1.);
#8354 = DIRECTION('',(0.838670127846,0.544639712708,0.));
#8355 = ORIENTED_EDGE('',*,*,#8356,.T.);
#8356 = EDGE_CURVE('',#8349,#8357,#8359,.T.);
#8357 = VERTEX_POINT('',#8358);
#8358 = CARTESIAN_POINT('',(28.243053436279,8.954181671143,
    -1.100000023842));
#8359 = LINE('',#8360,#8361);
#8360 = CARTESIAN_POINT('',(27.870000839233,8.764101982117,
    -1.100000023842));
#8361 = VECTOR('',#8362,1.);
#8362 = DIRECTION('',(0.891006623864,0.453990304116,0.));
#8363 = ORIENTED_EDGE('',*,*,#8364,.T.);
#8364 = EDGE_CURVE('',#8357,#8365,#8367,.T.);
#8365 = VERTEX_POINT('',#8366);
#8366 = CARTESIAN_POINT('',(28.633932113647,9.104226112366,
    -1.100000023842));
#8367 = LINE('',#8368,#8369);
#8368 = CARTESIAN_POINT('',(28.243053436279,8.954181671143,
    -1.100000023842));
#8369 = VECTOR('',#8370,1.);
#8370 = DIRECTION('',(0.933580286723,0.358368313671,0.));
#8371 = ORIENTED_EDGE('',*,*,#8372,.T.);
#8372 = EDGE_CURVE('',#8365,#8373,#8375,.T.);
#8373 = VERTEX_POINT('',#8374);
#8374 = CARTESIAN_POINT('',(29.038352966309,9.21259021759,
    -1.100000023842));
#8375 = LINE('',#8376,#8377);
#8376 = CARTESIAN_POINT('',(28.633932113647,9.104226112366,
    -1.100000023842));
#8377 = VECTOR('',#8378,1.);
#8378 = DIRECTION('',(0.965925907285,0.258818742821,0.));
#8379 = ORIENTED_EDGE('',*,*,#8380,.T.);
#8380 = EDGE_CURVE('',#8373,#8381,#8383,.T.);
#8381 = VERTEX_POINT('',#8382);
#8382 = CARTESIAN_POINT('',(29.451885223389,9.278087615967,
    -1.100000023842));
#8383 = LINE('',#8384,#8385);
#8384 = CARTESIAN_POINT('',(29.038352966309,9.21259021759,
    -1.100000023842));
#8385 = VECTOR('',#8386,1.);
#8386 = DIRECTION('',(0.987688221294,0.156435218279,0.));
#8387 = ORIENTED_EDGE('',*,*,#8388,.T.);
#8388 = EDGE_CURVE('',#8381,#8389,#8391,.T.);
#8389 = VERTEX_POINT('',#8390);
#8390 = CARTESIAN_POINT('',(29.870000839233,9.300000190735,
    -1.100000023842));
#8391 = LINE('',#8392,#8393);
#8392 = CARTESIAN_POINT('',(29.451885223389,9.278087615967,
    -1.100000023842));
#8393 = VECTOR('',#8394,1.);
#8394 = DIRECTION('',(0.998629526783,5.233610834417E-02,0.));
#8395 = ORIENTED_EDGE('',*,*,#8396,.T.);
#8396 = EDGE_CURVE('',#8389,#8397,#8399,.T.);
#8397 = VERTEX_POINT('',#8398);
#8398 = CARTESIAN_POINT('',(33.,9.300000190735,-1.100000023842));
#8399 = LINE('',#8400,#8401);
#8400 = CARTESIAN_POINT('',(29.870000839233,9.300000190735,
    -1.100000023842));
#8401 = VECTOR('',#8402,1.);
#8402 = DIRECTION('',(1.,0.,0.));
#8403 = ORIENTED_EDGE('',*,*,#8404,.T.);
#8404 = EDGE_CURVE('',#8397,#8405,#8407,.T.);
#8405 = VERTEX_POINT('',#8406);
#8406 = CARTESIAN_POINT('',(33.,15.,-1.100000023842));
#8407 = LINE('',#8408,#8409);
#8408 = CARTESIAN_POINT('',(33.,9.300000190735,-1.100000023842));
#8409 = VECTOR('',#8410,1.);
#8410 = DIRECTION('',(0.,1.,0.));
#8411 = ORIENTED_EDGE('',*,*,#8412,.T.);
#8412 = EDGE_CURVE('',#8405,#8413,#8415,.T.);
#8413 = VERTEX_POINT('',#8414);
#8414 = CARTESIAN_POINT('',(-33.,15.,-1.100000023842));
#8415 = LINE('',#8416,#8417);
#8416 = CARTESIAN_POINT('',(33.,15.,-1.100000023842));
#8417 = VECTOR('',#8418,1.);
#8418 = DIRECTION('',(-1.,0.,0.));
#8419 = ORIENTED_EDGE('',*,*,#8420,.T.);
#8420 = EDGE_CURVE('',#8413,#8421,#8423,.T.);
#8421 = VERTEX_POINT('',#8422);
#8422 = CARTESIAN_POINT('',(-33.,9.300000190735,-1.100000023842));
#8423 = LINE('',#8424,#8425);
#8424 = CARTESIAN_POINT('',(-33.,15.,-1.100000023842));
#8425 = VECTOR('',#8426,1.);
#8426 = DIRECTION('',(0.,-1.,0.));
#8427 = ORIENTED_EDGE('',*,*,#8428,.T.);
#8428 = EDGE_CURVE('',#8421,#8429,#8431,.T.);
#8429 = VERTEX_POINT('',#8430);
#8430 = CARTESIAN_POINT('',(-29.87000083923,9.300000190735,
    -1.100000023842));
#8431 = LINE('',#8432,#8433);
#8432 = CARTESIAN_POINT('',(-33.,9.300000190735,-1.100000023842));
#8433 = VECTOR('',#8434,1.);
#8434 = DIRECTION('',(1.,0.,0.));
#8435 = ORIENTED_EDGE('',*,*,#8436,.T.);
#8436 = EDGE_CURVE('',#8429,#8437,#8439,.T.);
#8437 = VERTEX_POINT('',#8438);
#8438 = CARTESIAN_POINT('',(-29.45188522338,9.278087615967,
    -1.100000023842));
#8439 = LINE('',#8440,#8441);
#8440 = CARTESIAN_POINT('',(-29.87000083923,9.300000190735,
    -1.100000023842));
#8441 = VECTOR('',#8442,1.);
#8442 = DIRECTION('',(0.998629526783,-5.233610834417E-02,0.));
#8443 = ORIENTED_EDGE('',*,*,#8444,.T.);
#8444 = EDGE_CURVE('',#8437,#8445,#8447,.T.);
#8445 = VERTEX_POINT('',#8446);
#8446 = CARTESIAN_POINT('',(-29.0383529663,9.21259021759,-1.100000023842
    ));
#8447 = LINE('',#8448,#8449);
#8448 = CARTESIAN_POINT('',(-29.45188522338,9.278087615967,
    -1.100000023842));
#8449 = VECTOR('',#8450,1.);
#8450 = DIRECTION('',(0.987688221294,-0.156435218279,0.));
#8451 = ORIENTED_EDGE('',*,*,#8452,.T.);
#8452 = EDGE_CURVE('',#8445,#8453,#8455,.T.);
#8453 = VERTEX_POINT('',#8454);
#8454 = CARTESIAN_POINT('',(-28.63393211364,9.104226112366,
    -1.100000023842));
#8455 = LINE('',#8456,#8457);
#8456 = CARTESIAN_POINT('',(-29.0383529663,9.21259021759,-1.100000023842
    ));
#8457 = VECTOR('',#8458,1.);
#8458 = DIRECTION('',(0.965925907285,-0.258818742821,0.));
#8459 = ORIENTED_EDGE('',*,*,#8460,.T.);
#8460 = EDGE_CURVE('',#8453,#8461,#8463,.T.);
#8461 = VERTEX_POINT('',#8462);
#8462 = CARTESIAN_POINT('',(-28.24305343627,8.954181671143,
    -1.100000023842));
#8463 = LINE('',#8464,#8465);
#8464 = CARTESIAN_POINT('',(-28.63393211364,9.104226112366,
    -1.100000023842));
#8465 = VECTOR('',#8466,1.);
#8466 = DIRECTION('',(0.933580286723,-0.358368313671,0.));
#8467 = ORIENTED_EDGE('',*,*,#8468,.T.);
#8468 = EDGE_CURVE('',#8461,#8469,#8471,.T.);
#8469 = VERTEX_POINT('',#8470);
#8470 = CARTESIAN_POINT('',(-27.87000083923,8.764101982117,
    -1.100000023842));
#8471 = LINE('',#8472,#8473);
#8472 = CARTESIAN_POINT('',(-28.24305343627,8.954181671143,
    -1.100000023842));
#8473 = VECTOR('',#8474,1.);
#8474 = DIRECTION('',(0.891006623864,-0.453990304116,0.));
#8475 = ORIENTED_EDGE('',*,*,#8476,.T.);
#8476 = EDGE_CURVE('',#8469,#8477,#8479,.T.);
#8477 = VERTEX_POINT('',#8478);
#8478 = CARTESIAN_POINT('',(-27.51885986328,8.536067962646,
    -1.100000023842));
#8479 = LINE('',#8480,#8481);
#8480 = CARTESIAN_POINT('',(-27.87000083923,8.764101982117,
    -1.100000023842));
#8481 = VECTOR('',#8482,1.);
#8482 = DIRECTION('',(0.838670127846,-0.544639712708,0.));
#8483 = ORIENTED_EDGE('',*,*,#8484,.T.);
#8484 = EDGE_CURVE('',#8477,#8485,#8487,.T.);
#8485 = VERTEX_POINT('',#8486);
#8486 = CARTESIAN_POINT('',(-27.19347763061,8.272579193115,
    -1.100000023842));
#8487 = LINE('',#8488,#8489);
#8488 = CARTESIAN_POINT('',(-27.51885986328,8.536067962646,
    -1.100000023842));
#8489 = VECTOR('',#8490,1.);
#8490 = DIRECTION('',(0.77714662397,-0.629319572914,0.));
#8491 = ORIENTED_EDGE('',*,*,#8492,.T.);
#8492 = EDGE_CURVE('',#8485,#8493,#8495,.T.);
#8493 = VERTEX_POINT('',#8494);
#8494 = CARTESIAN_POINT('',(-26.89742088317,7.976522445679,
    -1.100000023842));
#8495 = LINE('',#8496,#8497);
#8496 = CARTESIAN_POINT('',(-27.19347763061,8.272579193115,
    -1.100000023842));
#8497 = VECTOR('',#8498,1.);
#8498 = DIRECTION('',(0.707106781187,-0.707106781187,0.));
#8499 = ORIENTED_EDGE('',*,*,#8500,.T.);
#8500 = EDGE_CURVE('',#8493,#8501,#8503,.T.);
#8501 = VERTEX_POINT('',#8502);
#8502 = CARTESIAN_POINT('',(-26.63393211364,7.651141166687,
    -1.100000023842));
#8503 = LINE('',#8504,#8505);
#8504 = CARTESIAN_POINT('',(-26.89742088317,7.976522445679,
    -1.100000023842));
#8505 = VECTOR('',#8506,1.);
#8506 = DIRECTION('',(0.629320686911,-0.777145721874,0.));
#8507 = ORIENTED_EDGE('',*,*,#8508,.T.);
#8508 = EDGE_CURVE('',#8501,#8509,#8511,.T.);
#8509 = VERTEX_POINT('',#8510);
#8510 = CARTESIAN_POINT('',(-26.40589904785,7.300000190735,
    -1.100000023842));
#8511 = LINE('',#8512,#8513);
#8512 = CARTESIAN_POINT('',(-26.63393211364,7.651141166687,
    -1.100000023842));
#8513 = VECTOR('',#8514,1.);
#8514 = DIRECTION('',(0.544638110595,-0.83867116827,0.));
#8515 = ORIENTED_EDGE('',*,*,#8516,.T.);
#8516 = EDGE_CURVE('',#8509,#8517,#8519,.T.);
#8517 = VERTEX_POINT('',#8518);
#8518 = CARTESIAN_POINT('',(-26.21581840515,6.926946640015,
    -1.100000023842));
#8519 = LINE('',#8520,#8521);
#8520 = CARTESIAN_POINT('',(-26.40589904785,7.300000190735,
    -1.100000023842));
#8521 = VECTOR('',#8522,1.);
#8522 = DIRECTION('',(0.453991191043,-0.891006171951,0.));
#8523 = ORIENTED_EDGE('',*,*,#8524,.T.);
#8524 = EDGE_CURVE('',#8517,#8525,#8527,.T.);
#8525 = VERTEX_POINT('',#8526);
#8526 = CARTESIAN_POINT('',(-26.06577301025,6.536067962646,
    -1.100000023842));
#8527 = LINE('',#8528,#8529);
#8528 = CARTESIAN_POINT('',(-26.21581840515,6.926946640015,
    -1.100000023842));
#8529 = VECTOR('',#8530,1.);
#8530 = DIRECTION('',(0.358370298909,-0.933579524658,0.));
#8531 = ORIENTED_EDGE('',*,*,#8532,.T.);
#8532 = EDGE_CURVE('',#8525,#8533,#8535,.T.);
#8533 = VERTEX_POINT('',#8534);
#8534 = CARTESIAN_POINT('',(-25.95740890502,6.131646633148,
    -1.100000023842));
#8535 = LINE('',#8536,#8537);
#8536 = CARTESIAN_POINT('',(-26.06577301025,6.536067962646,
    -1.100000023842));
#8537 = VECTOR('',#8538,1.);
#8538 = DIRECTION('',(0.2588184581,-0.965925983576,0.));
#8539 = ORIENTED_EDGE('',*,*,#8540,.T.);
#8540 = EDGE_CURVE('',#8533,#8541,#8543,.T.);
#8541 = VERTEX_POINT('',#8542);
#8542 = CARTESIAN_POINT('',(-25.89191246032,5.718113899231,
    -1.100000023842));
#8543 = LINE('',#8544,#8545);
#8544 = CARTESIAN_POINT('',(-25.95740890502,6.131646633148,
    -1.100000023842));
#8545 = VECTOR('',#8546,1.);
#8546 = DIRECTION('',(0.15643282028,-0.987688601098,0.));
#8547 = ORIENTED_EDGE('',*,*,#8548,.T.);
#8548 = EDGE_CURVE('',#8541,#8549,#8551,.T.);
#8549 = VERTEX_POINT('',#8550);
#8550 = CARTESIAN_POINT('',(-25.87000083923,5.300000190735,
    -1.100000023842));
#8551 = LINE('',#8552,#8553);
#8552 = CARTESIAN_POINT('',(-25.89191246032,5.718113899231,
    -1.100000023842));
#8553 = VECTOR('',#8554,1.);
#8554 = DIRECTION('',(5.233407490429E-02,-0.99862963335,0.));
#8555 = ORIENTED_EDGE('',*,*,#8556,.T.);
#8556 = EDGE_CURVE('',#8549,#8557,#8559,.T.);
#8557 = VERTEX_POINT('',#8558);
#8558 = CARTESIAN_POINT('',(-25.89191246032,4.881886005402,
    -1.100000023842));
#8559 = LINE('',#8560,#8561);
#8560 = CARTESIAN_POINT('',(-25.87000083923,5.300000190735,
    -1.100000023842));
#8561 = VECTOR('',#8562,1.);
#8562 = DIRECTION('',(-5.233401538351E-02,-0.998629636469,0.));
#8563 = ORIENTED_EDGE('',*,*,#8564,.T.);
#8564 = EDGE_CURVE('',#8557,#8565,#8567,.T.);
#8565 = VERTEX_POINT('',#8566);
#8566 = CARTESIAN_POINT('',(-25.95740890502,4.468353271484,
    -1.100000023842));
#8567 = LINE('',#8568,#8569);
#8568 = CARTESIAN_POINT('',(-25.89191246032,4.881886005402,
    -1.100000023842));
#8569 = VECTOR('',#8570,1.);
#8570 = DIRECTION('',(-0.15643282028,-0.987688601098,0.));
#8571 = ORIENTED_EDGE('',*,*,#8572,.T.);
#8572 = EDGE_CURVE('',#8565,#8573,#8575,.T.);
#8573 = VERTEX_POINT('',#8574);
#8574 = CARTESIAN_POINT('',(-26.06577301025,4.063931941986,
    -1.100000023842));
#8575 = LINE('',#8576,#8577);
#8576 = CARTESIAN_POINT('',(-25.95740890502,4.468353271484,
    -1.100000023842));
#8577 = VECTOR('',#8578,1.);
#8578 = DIRECTION('',(-0.2588184581,-0.965925983576,0.));
#8579 = ORIENTED_EDGE('',*,*,#8580,.T.);
#8580 = EDGE_CURVE('',#8573,#8581,#8583,.T.);
#8581 = VERTEX_POINT('',#8582);
#8582 = CARTESIAN_POINT('',(-26.21581840515,3.673053503036,
    -1.100000023842));
#8583 = LINE('',#8584,#8585);
#8584 = CARTESIAN_POINT('',(-26.06577301025,4.063931941986,
    -1.100000023842));
#8585 = VECTOR('',#8586,1.);
#8586 = DIRECTION('',(-0.358370489425,-0.933579451525,0.));
#8587 = ORIENTED_EDGE('',*,*,#8588,.T.);
#8588 = EDGE_CURVE('',#8581,#8589,#8591,.T.);
#8589 = VERTEX_POINT('',#8590);
#8590 = CARTESIAN_POINT('',(-26.40589904785,3.299999952316,
    -1.100000023842));
#8591 = LINE('',#8592,#8593);
#8592 = CARTESIAN_POINT('',(-26.21581840515,3.673053503036,
    -1.100000023842));
#8593 = VECTOR('',#8594,1.);
#8594 = DIRECTION('',(-0.453991191043,-0.891006171951,0.));
#8595 = ORIENTED_EDGE('',*,*,#8596,.T.);
#8596 = EDGE_CURVE('',#8589,#8597,#8599,.T.);
#8597 = VERTEX_POINT('',#8598);
#8598 = CARTESIAN_POINT('',(-26.63393211364,2.948858976364,
    -1.100000023842));
#8599 = LINE('',#8600,#8601);
#8600 = CARTESIAN_POINT('',(-26.40589904785,3.299999952316,
    -1.100000023842));
#8601 = VECTOR('',#8602,1.);
#8602 = DIRECTION('',(-0.544638110595,-0.83867116827,0.));
#8603 = ORIENTED_EDGE('',*,*,#8604,.T.);
#8604 = EDGE_CURVE('',#8597,#8605,#8607,.T.);
#8605 = VERTEX_POINT('',#8606);
#8606 = CARTESIAN_POINT('',(-26.89742088317,2.623477458954,
    -1.100000023842));
#8607 = LINE('',#8608,#8609);
#8608 = CARTESIAN_POINT('',(-26.63393211364,2.948858976364,
    -1.100000023842));
#8609 = VECTOR('',#8610,1.);
#8610 = DIRECTION('',(-0.629320408411,-0.777145947398,0.));
#8611 = ORIENTED_EDGE('',*,*,#8612,.T.);
#8612 = EDGE_CURVE('',#8605,#8613,#8615,.T.);
#8613 = VERTEX_POINT('',#8614);
#8614 = CARTESIAN_POINT('',(-27.19347763061,2.327420711517,
    -1.100000023842));
#8615 = LINE('',#8616,#8617);
#8616 = CARTESIAN_POINT('',(-26.89742088317,2.623477458954,
    -1.100000023842));
#8617 = VECTOR('',#8618,1.);
#8618 = DIRECTION('',(-0.707106781187,-0.707106781187,0.));
#8619 = ORIENTED_EDGE('',*,*,#8620,.T.);
#8620 = EDGE_CURVE('',#8613,#8621,#8623,.T.);
#8621 = VERTEX_POINT('',#8622);
#8622 = CARTESIAN_POINT('',(-27.51885986328,2.063931941986,
    -1.100000023842));
#8623 = LINE('',#8624,#8625);
#8624 = CARTESIAN_POINT('',(-27.19347763061,2.327420711517,
    -1.100000023842));
#8625 = VECTOR('',#8626,1.);
#8626 = DIRECTION('',(-0.77714662397,-0.629319572914,0.));
#8627 = ORIENTED_EDGE('',*,*,#8628,.T.);
#8628 = EDGE_CURVE('',#8621,#8629,#8631,.T.);
#8629 = VERTEX_POINT('',#8630);
#8630 = CARTESIAN_POINT('',(-27.87000083923,1.835898399353,
    -1.100000023842));
#8631 = LINE('',#8632,#8633);
#8632 = CARTESIAN_POINT('',(-27.51885986328,2.063931941986,
    -1.100000023842));
#8633 = VECTOR('',#8634,1.);
#8634 = DIRECTION('',(-0.838670648058,-0.544638911652,0.));
#8635 = ORIENTED_EDGE('',*,*,#8636,.T.);
#8636 = EDGE_CURVE('',#8629,#8637,#8639,.T.);
#8637 = VERTEX_POINT('',#8638);
#8638 = CARTESIAN_POINT('',(-28.24305343627,1.645818114281,
    -1.100000023842));
#8639 = LINE('',#8640,#8641);
#8640 = CARTESIAN_POINT('',(-27.87000083923,1.835898399353,
    -1.100000023842));
#8641 = VECTOR('',#8642,1.);
#8642 = DIRECTION('',(-0.891006048001,-0.453991434308,0.));
#8643 = ORIENTED_EDGE('',*,*,#8644,.T.);
#8644 = EDGE_CURVE('',#8637,#8645,#8647,.T.);
#8645 = VERTEX_POINT('',#8646);
#8646 = CARTESIAN_POINT('',(-28.63393211364,1.495773911476,
    -1.100000023842));
#8647 = LINE('',#8648,#8649);
#8648 = CARTESIAN_POINT('',(-28.24305343627,1.645818114281,
    -1.100000023842));
#8649 = VECTOR('',#8650,1.);
#8650 = DIRECTION('',(-0.933580477238,-0.35836781736,0.));
#8651 = ORIENTED_EDGE('',*,*,#8652,.T.);
#8652 = EDGE_CURVE('',#8645,#8653,#8655,.T.);
#8653 = VERTEX_POINT('',#8654);
#8654 = CARTESIAN_POINT('',(-29.0383529663,1.387409567833,
    -1.100000023842));
#8655 = LINE('',#8656,#8657);
#8656 = CARTESIAN_POINT('',(-28.63393211364,1.495773911476,
    -1.100000023842));
#8657 = VECTOR('',#8658,1.);
#8658 = DIRECTION('',(-0.965925764924,-0.258819274118,0.));
#8659 = ORIENTED_EDGE('',*,*,#8660,.T.);
#8660 = EDGE_CURVE('',#8653,#8661,#8663,.T.);
#8661 = VERTEX_POINT('',#8662);
#8662 = CARTESIAN_POINT('',(-29.45188522338,1.321912407875,
    -1.100000023842));
#8663 = LINE('',#8664,#8665);
#8664 = CARTESIAN_POINT('',(-29.0383529663,1.387409567833,
    -1.100000023842));
#8665 = VECTOR('',#8666,1.);
#8666 = DIRECTION('',(-0.987688309278,-0.156434662771,0.));
#8667 = ORIENTED_EDGE('',*,*,#8668,.T.);
#8668 = EDGE_CURVE('',#8661,#8669,#8671,.T.);
#8669 = VERTEX_POINT('',#8670);
#8670 = CARTESIAN_POINT('',(-29.87000083923,1.299999952316,
    -1.100000023842));
#8671 = LINE('',#8672,#8673);
#8672 = CARTESIAN_POINT('',(-29.45188522338,1.321912407875,
    -1.100000023842));
#8673 = VECTOR('',#8674,1.);
#8674 = DIRECTION('',(-0.998629541664,-5.233582440394E-02,0.));
#8675 = ORIENTED_EDGE('',*,*,#8676,.T.);
#8676 = EDGE_CURVE('',#8669,#8677,#8679,.T.);
#8677 = VERTEX_POINT('',#8678);
#8678 = CARTESIAN_POINT('',(-33.,1.299999952316,-1.100000023842));
#8679 = LINE('',#8680,#8681);
#8680 = CARTESIAN_POINT('',(-29.87000083923,1.299999952316,
    -1.100000023842));
#8681 = VECTOR('',#8682,1.);
#8682 = DIRECTION('',(-1.,0.,0.));
#8683 = ORIENTED_EDGE('',*,*,#8684,.F.);
#8684 = EDGE_CURVE('',#8685,#8677,#8687,.T.);
#8685 = VERTEX_POINT('',#8686);
#8686 = CARTESIAN_POINT('',(-33.,-13.,-1.100000023842));
#8687 = LINE('',#8688,#8689);
#8688 = CARTESIAN_POINT('',(-33.,-13.,-1.100000023842));
#8689 = VECTOR('',#8690,1.);
#8690 = DIRECTION('',(0.,1.,0.));
#8691 = ORIENTED_EDGE('',*,*,#8692,.F.);
#8692 = EDGE_CURVE('',#8693,#8685,#8695,.T.);
#8693 = VERTEX_POINT('',#8694);
#8694 = CARTESIAN_POINT('',(-32.98904418945,-13.20905685424,
    -1.100000023842));
#8695 = LINE('',#8696,#8697);
#8696 = CARTESIAN_POINT('',(-32.98904418945,-13.20905685424,
    -1.100000023842));
#8697 = VECTOR('',#8698,1.);
#8698 = DIRECTION('',(-5.233407490429E-02,0.99862963335,0.));
#8699 = ORIENTED_EDGE('',*,*,#8700,.F.);
#8700 = EDGE_CURVE('',#8701,#8693,#8703,.T.);
#8701 = VERTEX_POINT('',#8702);
#8702 = CARTESIAN_POINT('',(-32.95629501342,-13.41582298278,
    -1.100000023842));
#8703 = LINE('',#8704,#8705);
#8704 = CARTESIAN_POINT('',(-32.95629501342,-13.41582298278,
    -1.100000023842));
#8705 = VECTOR('',#8706,1.);
#8706 = DIRECTION('',(-0.15643744031,0.987687869354,0.));
#8707 = ORIENTED_EDGE('',*,*,#8708,.F.);
#8708 = EDGE_CURVE('',#8709,#8701,#8711,.T.);
#8709 = VERTEX_POINT('',#8710);
#8710 = CARTESIAN_POINT('',(-32.90211486816,-13.61803436279,
    -1.100000023842));
#8711 = LINE('',#8712,#8713);
#8712 = CARTESIAN_POINT('',(-32.90211486816,-13.61803436279,
    -1.100000023842));
#8713 = VECTOR('',#8714,1.);
#8714 = DIRECTION('',(-0.258809103178,0.965928490165,0.));
#8715 = ORIENTED_EDGE('',*,*,#8716,.F.);
#8716 = EDGE_CURVE('',#8717,#8709,#8719,.T.);
#8717 = VERTEX_POINT('',#8718);
#8718 = CARTESIAN_POINT('',(-32.82709121704,-13.81347370147,
    -1.100000023842));
#8719 = LINE('',#8720,#8721);
#8720 = CARTESIAN_POINT('',(-32.82709121704,-13.81347370147,
    -1.100000023842));
#8721 = VECTOR('',#8722,1.);
#8722 = DIRECTION('',(-0.35837426937,0.933578000519,0.));
#8723 = ORIENTED_EDGE('',*,*,#8724,.F.);
#8724 = EDGE_CURVE('',#8725,#8717,#8727,.T.);
#8725 = VERTEX_POINT('',#8726);
#8726 = CARTESIAN_POINT('',(-32.73205184936,-14.,-1.100000023842));
#8727 = LINE('',#8728,#8729);
#8728 = CARTESIAN_POINT('',(-32.73205184936,-14.,-1.100000023842));
#8729 = VECTOR('',#8730,1.);
#8730 = DIRECTION('',(-0.453988495803,0.891007545242,0.));
#8731 = ORIENTED_EDGE('',*,*,#8732,.F.);
#8732 = EDGE_CURVE('',#8733,#8725,#8735,.T.);
#8733 = VERTEX_POINT('',#8734);
#8734 = CARTESIAN_POINT('',(-32.61803436279,-14.17557048797,
    -1.100000023842));
#8735 = LINE('',#8736,#8737);
#8736 = CARTESIAN_POINT('',(-32.61803436279,-14.17557048797,
    -1.100000023842));
#8737 = VECTOR('',#8738,1.);
#8738 = DIRECTION('',(-0.544641314814,0.838669087422,0.));
#8739 = ORIENTED_EDGE('',*,*,#8740,.F.);
#8740 = EDGE_CURVE('',#8741,#8733,#8743,.T.);
#8741 = VERTEX_POINT('',#8742);
#8742 = CARTESIAN_POINT('',(-32.48628997802,-14.3382616043,
    -1.100000023842));
#8743 = LINE('',#8744,#8745);
#8744 = CARTESIAN_POINT('',(-32.48628997802,-14.3382616043,
    -1.100000023842));
#8745 = VECTOR('',#8746,1.);
#8746 = DIRECTION('',(-0.629319572914,0.77714662397,0.));
#8747 = ORIENTED_EDGE('',*,*,#8748,.F.);
#8748 = EDGE_CURVE('',#8749,#8741,#8751,.T.);
#8749 = VERTEX_POINT('',#8750);
#8750 = CARTESIAN_POINT('',(-32.33826065063,-14.48628997802,
    -1.100000023842));
#8751 = LINE('',#8752,#8753);
#8752 = CARTESIAN_POINT('',(-32.33826065063,-14.48628997802,
    -1.100000023842));
#8753 = VECTOR('',#8754,1.);
#8754 = DIRECTION('',(-0.707109058947,0.707104503419,0.));
#8755 = ORIENTED_EDGE('',*,*,#8756,.F.);
#8756 = EDGE_CURVE('',#8757,#8749,#8759,.T.);
#8757 = VERTEX_POINT('',#8758);
#8758 = CARTESIAN_POINT('',(-32.17557144165,-14.61803436279,
    -1.100000023842));
#8759 = LINE('',#8760,#8761);
#8760 = CARTESIAN_POINT('',(-32.17557144165,-14.61803436279,
    -1.100000023842));
#8761 = VECTOR('',#8762,1.);
#8762 = DIRECTION('',(-0.777143015556,0.629324028917,0.));
#8763 = ORIENTED_EDGE('',*,*,#8764,.F.);
#8764 = EDGE_CURVE('',#8765,#8757,#8767,.T.);
#8765 = VERTEX_POINT('',#8766);
#8766 = CARTESIAN_POINT('',(-32.,-14.73205089569,-1.100000023842));
#8767 = LINE('',#8768,#8769);
#8768 = CARTESIAN_POINT('',(-32.,-14.73205089569,-1.100000023842));
#8769 = VECTOR('',#8770,1.);
#8770 = DIRECTION('',(-0.838672519576,0.544636029755,0.));
#8771 = ORIENTED_EDGE('',*,*,#8772,.F.);
#8772 = EDGE_CURVE('',#8773,#8765,#8775,.T.);
#8773 = VERTEX_POINT('',#8774);
#8774 = CARTESIAN_POINT('',(-31.8134727478,-14.82709121704,
    -1.100000023842));
#8775 = LINE('',#8776,#8777);
#8776 = CARTESIAN_POINT('',(-31.8134727478,-14.82709121704,
    -1.100000023842));
#8777 = VECTOR('',#8778,1.);
#8778 = DIRECTION('',(-0.891006641416,0.453990269667,0.));
#8779 = ORIENTED_EDGE('',*,*,#8780,.F.);
#8780 = EDGE_CURVE('',#8781,#8773,#8783,.T.);
#8781 = VERTEX_POINT('',#8782);
#8782 = CARTESIAN_POINT('',(-31.61803436279,-14.90211296081,
    -1.100000023842));
#8783 = LINE('',#8784,#8785);
#8784 = CARTESIAN_POINT('',(-31.61803436279,-14.90211296081,
    -1.100000023842));
#8785 = VECTOR('',#8786,1.);
#8786 = DIRECTION('',(-0.933580463729,0.358367852554,0.));
#8787 = ORIENTED_EDGE('',*,*,#8788,.F.);
#8788 = EDGE_CURVE('',#8789,#8781,#8791,.T.);
#8789 = VERTEX_POINT('',#8790);
#8790 = CARTESIAN_POINT('',(-31.41582298278,-14.95629501342,
    -1.100000023842));
#8791 = LINE('',#8792,#8793);
#8792 = CARTESIAN_POINT('',(-31.41582298278,-14.95629501342,
    -1.100000023842));
#8793 = VECTOR('',#8794,1.);
#8794 = DIRECTION('',(-0.965926212446,0.25881760394,0.));
#8795 = ORIENTED_EDGE('',*,*,#8796,.F.);
#8796 = EDGE_CURVE('',#8797,#8789,#8799,.T.);
#8797 = VERTEX_POINT('',#8798);
#8798 = CARTESIAN_POINT('',(-31.20905685424,-14.98904418945,
    -1.100000023842));
#8799 = LINE('',#8800,#8801);
#8800 = CARTESIAN_POINT('',(-31.20905685424,-14.98904418945,
    -1.100000023842));
#8801 = VECTOR('',#8802,1.);
#8802 = DIRECTION('',(-0.987687869354,0.15643744031,0.));
#8803 = ORIENTED_EDGE('',*,*,#8804,.F.);
#8804 = EDGE_CURVE('',#8805,#8797,#8807,.T.);
#8805 = VERTEX_POINT('',#8806);
#8806 = CARTESIAN_POINT('',(-31.,-15.,-1.100000023842));
#8807 = LINE('',#8808,#8809);
#8808 = CARTESIAN_POINT('',(-31.,-15.,-1.100000023842));
#8809 = VECTOR('',#8810,1.);
#8810 = DIRECTION('',(-0.99862963335,5.233407490429E-02,0.));
#8811 = ORIENTED_EDGE('',*,*,#8812,.F.);
#8812 = EDGE_CURVE('',#8813,#8805,#8815,.T.);
#8813 = VERTEX_POINT('',#8814);
#8814 = CARTESIAN_POINT('',(31.,-15.,-1.100000023842));
#8815 = LINE('',#8816,#8817);
#8816 = CARTESIAN_POINT('',(31.,-15.,-1.100000023842));
#8817 = VECTOR('',#8818,1.);
#8818 = DIRECTION('',(-1.,0.,0.));
#8819 = ORIENTED_EDGE('',*,*,#8820,.F.);
#8820 = EDGE_CURVE('',#8005,#8813,#8821,.T.);
#8821 = LINE('',#8822,#8823);
#8822 = CARTESIAN_POINT('',(31.209056854248,-14.98904418945,
    -1.100000023842));
#8823 = VECTOR('',#8824,1.);
#8824 = DIRECTION('',(-0.99862963335,-5.233407490429E-02,0.));
#8825 = PLANE('',#8826);
#8826 = AXIS2_PLACEMENT_3D('',#8827,#8828,#8829);
#8827 = CARTESIAN_POINT('',(-7.669660413807E-16,0.665649663717,
    -1.100000023842));
#8828 = DIRECTION('',(0.,0.,1.));
#8829 = DIRECTION('',(1.,0.,0.));
#8830 = ADVANCED_FACE('',(#8831),#8847,.T.);
#8831 = FACE_BOUND('',#8832,.T.);
#8832 = EDGE_LOOP('',(#8833,#8834,#8840,#8841));
#8833 = ORIENTED_EDGE('',*,*,#8420,.F.);
#8834 = ORIENTED_EDGE('',*,*,#8835,.T.);
#8835 = EDGE_CURVE('',#8413,#1883,#8836,.T.);
#8836 = LINE('',#8837,#8838);
#8837 = CARTESIAN_POINT('',(-33.,15.,-1.100000023842));
#8838 = VECTOR('',#8839,1.);
#8839 = DIRECTION('',(0.,0.,1.));
#8840 = ORIENTED_EDGE('',*,*,#1882,.F.);
#8841 = ORIENTED_EDGE('',*,*,#8842,.T.);
#8842 = EDGE_CURVE('',#1875,#8421,#8843,.T.);
#8843 = LINE('',#8844,#8845);
#8844 = CARTESIAN_POINT('',(-33.,9.300000190735,-0.10000000149));
#8845 = VECTOR('',#8846,1.);
#8846 = DIRECTION('',(0.,0.,-1.));
#8847 = PLANE('',#8848);
#8848 = AXIS2_PLACEMENT_3D('',#8849,#8850,#8851);
#8849 = CARTESIAN_POINT('',(-33.,12.150000095367,-0.600000012666));
#8850 = DIRECTION('',(1.,0.,0.));
#8851 = DIRECTION('',(0.,0.,1.));
#8852 = ADVANCED_FACE('',(#8853),#8869,.T.);
#8853 = FACE_BOUND('',#8854,.T.);
#8854 = EDGE_LOOP('',(#8855,#8856,#8862,#8863));
#8855 = ORIENTED_EDGE('',*,*,#2418,.F.);
#8856 = ORIENTED_EDGE('',*,*,#8857,.F.);
#8857 = EDGE_CURVE('',#8685,#2411,#8858,.T.);
#8858 = LINE('',#8859,#8860);
#8859 = CARTESIAN_POINT('',(-33.,-13.,-1.100000023842));
#8860 = VECTOR('',#8861,1.);
#8861 = DIRECTION('',(0.,0.,1.));
#8862 = ORIENTED_EDGE('',*,*,#8684,.T.);
#8863 = ORIENTED_EDGE('',*,*,#8864,.T.);
#8864 = EDGE_CURVE('',#8677,#1627,#8865,.T.);
#8865 = LINE('',#8866,#8867);
#8866 = CARTESIAN_POINT('',(-33.,1.299999952316,-1.100000023842));
#8867 = VECTOR('',#8868,1.);
#8868 = DIRECTION('',(0.,0.,1.));
#8869 = PLANE('',#8870);
#8870 = AXIS2_PLACEMENT_3D('',#8871,#8872,#8873);
#8871 = CARTESIAN_POINT('',(-33.,-5.850000023842,-0.600000012666));
#8872 = DIRECTION('',(1.,0.,0.));
#8873 = DIRECTION('',(0.,0.,1.));
#8874 = ADVANCED_FACE('',(#8875),#8891,.T.);
#8875 = FACE_BOUND('',#8876,.T.);
#8876 = EDGE_LOOP('',(#8877,#8878,#8884,#8885));
#8877 = ORIENTED_EDGE('',*,*,#8724,.T.);
#8878 = ORIENTED_EDGE('',*,*,#8879,.T.);
#8879 = EDGE_CURVE('',#8717,#2379,#8880,.T.);
#8880 = LINE('',#8881,#8882);
#8881 = CARTESIAN_POINT('',(-32.82709121704,-13.81347370147,
    -1.100000023842));
#8882 = VECTOR('',#8883,1.);
#8883 = DIRECTION('',(0.,0.,1.));
#8884 = ORIENTED_EDGE('',*,*,#2378,.F.);
#8885 = ORIENTED_EDGE('',*,*,#8886,.F.);
#8886 = EDGE_CURVE('',#8725,#2371,#8887,.T.);
#8887 = LINE('',#8888,#8889);
#8888 = CARTESIAN_POINT('',(-32.73205184936,-14.,-1.100000023842));
#8889 = VECTOR('',#8890,1.);
#8890 = DIRECTION('',(0.,0.,1.));
#8891 = PLANE('',#8892);
#8892 = AXIS2_PLACEMENT_3D('',#8893,#8894,#8895);
#8893 = CARTESIAN_POINT('',(-32.7795715332,-13.90673685073,
    -0.600000012666));
#8894 = DIRECTION('',(0.891007545242,0.453988495803,0.));
#8895 = DIRECTION('',(-0.453988495803,0.891007545242,0.));
#8896 = ADVANCED_FACE('',(#8897),#8908,.T.);
#8897 = FACE_BOUND('',#8898,.T.);
#8898 = EDGE_LOOP('',(#8899,#8900,#8901,#8902));
#8899 = ORIENTED_EDGE('',*,*,#8732,.T.);
#8900 = ORIENTED_EDGE('',*,*,#8886,.T.);
#8901 = ORIENTED_EDGE('',*,*,#2370,.F.);
#8902 = ORIENTED_EDGE('',*,*,#8903,.F.);
#8903 = EDGE_CURVE('',#8733,#2363,#8904,.T.);
#8904 = LINE('',#8905,#8906);
#8905 = CARTESIAN_POINT('',(-32.61803436279,-14.17557048797,
    -1.100000023842));
#8906 = VECTOR('',#8907,1.);
#8907 = DIRECTION('',(0.,0.,1.));
#8908 = PLANE('',#8909);
#8909 = AXIS2_PLACEMENT_3D('',#8910,#8911,#8912);
#8910 = CARTESIAN_POINT('',(-32.67504310607,-14.08778524398,
    -0.600000012666));
#8911 = DIRECTION('',(0.838669087422,0.544641314814,0.));
#8912 = DIRECTION('',(-0.544641314814,0.838669087422,0.));
#8913 = ADVANCED_FACE('',(#8914),#8925,.T.);
#8914 = FACE_BOUND('',#8915,.T.);
#8915 = EDGE_LOOP('',(#8916,#8917,#8918,#8919));
#8916 = ORIENTED_EDGE('',*,*,#8740,.T.);
#8917 = ORIENTED_EDGE('',*,*,#8903,.T.);
#8918 = ORIENTED_EDGE('',*,*,#2362,.F.);
#8919 = ORIENTED_EDGE('',*,*,#8920,.F.);
#8920 = EDGE_CURVE('',#8741,#2355,#8921,.T.);
#8921 = LINE('',#8922,#8923);
#8922 = CARTESIAN_POINT('',(-32.48628997802,-14.3382616043,
    -1.100000023842));
#8923 = VECTOR('',#8924,1.);
#8924 = DIRECTION('',(0.,0.,1.));
#8925 = PLANE('',#8926);
#8926 = AXIS2_PLACEMENT_3D('',#8927,#8928,#8929);
#8927 = CARTESIAN_POINT('',(-32.55216217041,-14.25691604614,
    -0.600000012666));
#8928 = DIRECTION('',(0.77714662397,0.629319572914,0.));
#8929 = DIRECTION('',(-0.629319572914,0.77714662397,0.));
#8930 = ADVANCED_FACE('',(#8931),#8947,.T.);
#8931 = FACE_BOUND('',#8932,.T.);
#8932 = EDGE_LOOP('',(#8933,#8939,#8940,#8946));
#8933 = ORIENTED_EDGE('',*,*,#8934,.T.);
#8934 = EDGE_CURVE('',#8765,#2331,#8935,.T.);
#8935 = LINE('',#8936,#8937);
#8936 = CARTESIAN_POINT('',(-32.,-14.73205089569,-1.100000023842));
#8937 = VECTOR('',#8938,1.);
#8938 = DIRECTION('',(0.,0.,1.));
#8939 = ORIENTED_EDGE('',*,*,#2330,.F.);
#8940 = ORIENTED_EDGE('',*,*,#8941,.F.);
#8941 = EDGE_CURVE('',#8773,#2323,#8942,.T.);
#8942 = LINE('',#8943,#8944);
#8943 = CARTESIAN_POINT('',(-31.8134727478,-14.82709121704,
    -1.100000023842));
#8944 = VECTOR('',#8945,1.);
#8945 = DIRECTION('',(0.,0.,1.));
#8946 = ORIENTED_EDGE('',*,*,#8772,.T.);
#8947 = PLANE('',#8948);
#8948 = AXIS2_PLACEMENT_3D('',#8949,#8950,#8951);
#8949 = CARTESIAN_POINT('',(-31.9067363739,-14.77957105636,
    -0.600000012666));
#8950 = DIRECTION('',(0.453990269667,0.891006641416,0.));
#8951 = DIRECTION('',(0.891006641416,-0.453990269667,0.));
#8952 = ADVANCED_FACE('',(#8953),#8964,.T.);
#8953 = FACE_BOUND('',#8954,.T.);
#8954 = EDGE_LOOP('',(#8955,#8956,#8957,#8958));
#8955 = ORIENTED_EDGE('',*,*,#8748,.T.);
#8956 = ORIENTED_EDGE('',*,*,#8920,.T.);
#8957 = ORIENTED_EDGE('',*,*,#2354,.F.);
#8958 = ORIENTED_EDGE('',*,*,#8959,.F.);
#8959 = EDGE_CURVE('',#8749,#2347,#8960,.T.);
#8960 = LINE('',#8961,#8962);
#8961 = CARTESIAN_POINT('',(-32.33826065063,-14.48628997802,
    -1.100000023842));
#8962 = VECTOR('',#8963,1.);
#8963 = DIRECTION('',(0.,0.,1.));
#8964 = PLANE('',#8965);
#8965 = AXIS2_PLACEMENT_3D('',#8966,#8967,#8968);
#8966 = CARTESIAN_POINT('',(-32.41227531433,-14.41227579116,
    -0.600000012666));
#8967 = DIRECTION('',(0.707104503419,0.707109058947,0.));
#8968 = DIRECTION('',(0.707109058947,-0.707104503419,0.));
#8969 = ADVANCED_FACE('',(#8970),#8981,.T.);
#8970 = FACE_BOUND('',#8971,.T.);
#8971 = EDGE_LOOP('',(#8972,#8973,#8974,#8975));
#8972 = ORIENTED_EDGE('',*,*,#8692,.T.);
#8973 = ORIENTED_EDGE('',*,*,#8857,.T.);
#8974 = ORIENTED_EDGE('',*,*,#2410,.F.);
#8975 = ORIENTED_EDGE('',*,*,#8976,.F.);
#8976 = EDGE_CURVE('',#8693,#2403,#8977,.T.);
#8977 = LINE('',#8978,#8979);
#8978 = CARTESIAN_POINT('',(-32.98904418945,-13.20905685424,
    -1.100000023842));
#8979 = VECTOR('',#8980,1.);
#8980 = DIRECTION('',(0.,0.,1.));
#8981 = PLANE('',#8982);
#8982 = AXIS2_PLACEMENT_3D('',#8983,#8984,#8985);
#8983 = CARTESIAN_POINT('',(-32.99452209472,-13.10452842712,
    -0.600000012666));
#8984 = DIRECTION('',(0.99862963335,5.233407490429E-02,0.));
#8985 = DIRECTION('',(-5.233407490429E-02,0.99862963335,0.));
#8986 = ADVANCED_FACE('',(#8987),#8998,.T.);
#8987 = FACE_BOUND('',#8988,.T.);
#8988 = EDGE_LOOP('',(#8989,#8990,#8991,#8992));
#8989 = ORIENTED_EDGE('',*,*,#8700,.T.);
#8990 = ORIENTED_EDGE('',*,*,#8976,.T.);
#8991 = ORIENTED_EDGE('',*,*,#2402,.F.);
#8992 = ORIENTED_EDGE('',*,*,#8993,.F.);
#8993 = EDGE_CURVE('',#8701,#2395,#8994,.T.);
#8994 = LINE('',#8995,#8996);
#8995 = CARTESIAN_POINT('',(-32.95629501342,-13.41582298278,
    -1.100000023842));
#8996 = VECTOR('',#8997,1.);
#8997 = DIRECTION('',(0.,0.,1.));
#8998 = PLANE('',#8999);
#8999 = AXIS2_PLACEMENT_3D('',#9000,#9001,#9002);
#9000 = CARTESIAN_POINT('',(-32.97266960144,-13.31243991851,
    -0.600000012666));
#9001 = DIRECTION('',(0.987687869354,0.15643744031,0.));
#9002 = DIRECTION('',(-0.15643744031,0.987687869354,0.));
#9003 = ADVANCED_FACE('',(#9004),#9015,.T.);
#9004 = FACE_BOUND('',#9005,.T.);
#9005 = EDGE_LOOP('',(#9006,#9007,#9008,#9014));
#9006 = ORIENTED_EDGE('',*,*,#8993,.T.);
#9007 = ORIENTED_EDGE('',*,*,#2394,.F.);
#9008 = ORIENTED_EDGE('',*,*,#9009,.F.);
#9009 = EDGE_CURVE('',#8709,#2387,#9010,.T.);
#9010 = LINE('',#9011,#9012);
#9011 = CARTESIAN_POINT('',(-32.90211486816,-13.61803436279,
    -1.100000023842));
#9012 = VECTOR('',#9013,1.);
#9013 = DIRECTION('',(0.,0.,1.));
#9014 = ORIENTED_EDGE('',*,*,#8708,.T.);
#9015 = PLANE('',#9016);
#9016 = AXIS2_PLACEMENT_3D('',#9017,#9018,#9019);
#9017 = CARTESIAN_POINT('',(-32.92920494079,-13.51692867279,
    -0.600000012666));
#9018 = DIRECTION('',(0.965928490165,0.258809103178,0.));
#9019 = DIRECTION('',(-0.258809103178,0.965928490165,0.));
#9020 = ADVANCED_FACE('',(#9021),#9037,.T.);
#9021 = FACE_BOUND('',#9022,.T.);
#9022 = EDGE_LOOP('',(#9023,#9024,#9030,#9031));
#9023 = ORIENTED_EDGE('',*,*,#8796,.T.);
#9024 = ORIENTED_EDGE('',*,*,#9025,.T.);
#9025 = EDGE_CURVE('',#8789,#2307,#9026,.T.);
#9026 = LINE('',#9027,#9028);
#9027 = CARTESIAN_POINT('',(-31.41582298278,-14.95629501342,
    -1.100000023842));
#9028 = VECTOR('',#9029,1.);
#9029 = DIRECTION('',(0.,0.,1.));
#9030 = ORIENTED_EDGE('',*,*,#2306,.F.);
#9031 = ORIENTED_EDGE('',*,*,#9032,.F.);
#9032 = EDGE_CURVE('',#8797,#2299,#9033,.T.);
#9033 = LINE('',#9034,#9035);
#9034 = CARTESIAN_POINT('',(-31.20905685424,-14.98904418945,
    -1.100000023842));
#9035 = VECTOR('',#9036,1.);
#9036 = DIRECTION('',(0.,0.,1.));
#9037 = PLANE('',#9038);
#9038 = AXIS2_PLACEMENT_3D('',#9039,#9040,#9041);
#9039 = CARTESIAN_POINT('',(-31.31243991851,-14.97266960144,
    -0.600000012666));
#9040 = DIRECTION('',(0.15643744031,0.987687869354,0.));
#9041 = DIRECTION('',(0.987687869354,-0.15643744031,0.));
#9042 = ADVANCED_FACE('',(#9043),#9068,.T.);
#9043 = FACE_BOUND('',#9044,.T.);
#9044 = EDGE_LOOP('',(#9045,#9053,#9061,#9067));
#9045 = ORIENTED_EDGE('',*,*,#9046,.T.);
#9046 = EDGE_CURVE('',#1401,#9047,#9049,.T.);
#9047 = VERTEX_POINT('',#9048);
#9048 = CARTESIAN_POINT('',(-33.07430648803,-15.30374908447,
    1.600000023842));
#9049 = LINE('',#9050,#9051);
#9050 = CARTESIAN_POINT('',(-33.07430648803,-15.30374908447,
    -0.10000000149));
#9051 = VECTOR('',#9052,1.);
#9052 = DIRECTION('',(0.,0.,1.));
#9053 = ORIENTED_EDGE('',*,*,#9054,.T.);
#9054 = EDGE_CURVE('',#9047,#9055,#9057,.T.);
#9055 = VERTEX_POINT('',#9056);
#9056 = CARTESIAN_POINT('',(-32.82213592529,-15.50795269012,
    1.600000023842));
#9057 = LINE('',#9058,#9059);
#9058 = CARTESIAN_POINT('',(-33.07430648803,-15.30374908447,
    1.600000023842));
#9059 = VECTOR('',#9060,1.);
#9060 = DIRECTION('',(0.777146096657,-0.629320224092,0.));
#9061 = ORIENTED_EDGE('',*,*,#9062,.F.);
#9062 = EDGE_CURVE('',#1409,#9055,#9063,.T.);
#9063 = LINE('',#9064,#9065);
#9064 = CARTESIAN_POINT('',(-32.82213592529,-15.50795269012,
    -0.10000000149));
#9065 = VECTOR('',#9066,1.);
#9066 = DIRECTION('',(0.,0.,1.));
#9067 = ORIENTED_EDGE('',*,*,#1408,.F.);
#9068 = PLANE('',#9069);
#9069 = AXIS2_PLACEMENT_3D('',#9070,#9071,#9072);
#9070 = CARTESIAN_POINT('',(-32.94822120666,-15.40585088729,
    0.750000011176));
#9071 = DIRECTION('',(0.629320224092,0.777146096657,0.));
#9072 = DIRECTION('',(0.777146096657,-0.629320224092,0.));
#9073 = ADVANCED_FACE('',(#9074),#9092,.T.);
#9074 = FACE_BOUND('',#9075,.T.);
#9075 = EDGE_LOOP('',(#9076,#9077,#9085,#9091));
#9076 = ORIENTED_EDGE('',*,*,#1400,.F.);
#9077 = ORIENTED_EDGE('',*,*,#9078,.T.);
#9078 = EDGE_CURVE('',#1393,#9079,#9081,.T.);
#9079 = VERTEX_POINT('',#9080);
#9080 = CARTESIAN_POINT('',(-33.30374908447,-15.07430458068,
    1.600000023842));
#9081 = LINE('',#9082,#9083);
#9082 = CARTESIAN_POINT('',(-33.30374908447,-15.07430458068,
    -0.10000000149));
#9083 = VECTOR('',#9084,1.);
#9084 = DIRECTION('',(0.,0.,1.));
#9085 = ORIENTED_EDGE('',*,*,#9086,.T.);
#9086 = EDGE_CURVE('',#9079,#9047,#9087,.T.);
#9087 = LINE('',#9088,#9089);
#9088 = CARTESIAN_POINT('',(-33.30374908447,-15.07430458068,
    1.600000023842));
#9089 = VECTOR('',#9090,1.);
#9090 = DIRECTION('',(0.707103842115,-0.707109720246,0.));
#9091 = ORIENTED_EDGE('',*,*,#9046,.F.);
#9092 = PLANE('',#9093);
#9093 = AXIS2_PLACEMENT_3D('',#9094,#9095,#9096);
#9094 = CARTESIAN_POINT('',(-33.18902778625,-15.18902683258,
    0.750000011176));
#9095 = DIRECTION('',(0.707109720246,0.707103842115,0.));
#9096 = DIRECTION('',(-0.707103842115,0.707109720246,0.));
#9097 = ADVANCED_FACE('',(#9098),#9123,.T.);
#9098 = FACE_BOUND('',#9099,.T.);
#9099 = EDGE_LOOP('',(#9100,#9108,#9116,#9122));
#9100 = ORIENTED_EDGE('',*,*,#9101,.T.);
#9101 = EDGE_CURVE('',#1441,#9102,#9104,.T.);
#9102 = VERTEX_POINT('',#9103);
#9103 = CARTESIAN_POINT('',(-31.64452552795,-16.03225708007,
    1.600000023842));
#9104 = LINE('',#9105,#9106);
#9105 = CARTESIAN_POINT('',(-31.64452552795,-16.03225708007,
    -0.10000000149));
#9106 = VECTOR('',#9107,1.);
#9107 = DIRECTION('',(0.,0.,1.));
#9108 = ORIENTED_EDGE('',*,*,#9109,.T.);
#9109 = EDGE_CURVE('',#9102,#9110,#9112,.T.);
#9110 = VERTEX_POINT('',#9111);
#9111 = CARTESIAN_POINT('',(-31.32403755188,-16.08301734924,
    1.600000023842));
#9112 = LINE('',#9113,#9114);
#9113 = CARTESIAN_POINT('',(-31.64452552795,-16.03225708007,
    1.600000023842));
#9114 = VECTOR('',#9115,1.);
#9115 = DIRECTION('',(0.987688359431,-0.156434346118,0.));
#9116 = ORIENTED_EDGE('',*,*,#9117,.F.);
#9117 = EDGE_CURVE('',#1449,#9110,#9118,.T.);
#9118 = LINE('',#9119,#9120);
#9119 = CARTESIAN_POINT('',(-31.32403755188,-16.08301734924,
    -0.10000000149));
#9120 = VECTOR('',#9121,1.);
#9121 = DIRECTION('',(0.,0.,1.));
#9122 = ORIENTED_EDGE('',*,*,#1448,.F.);
#9123 = PLANE('',#9124);
#9124 = AXIS2_PLACEMENT_3D('',#9125,#9126,#9127);
#9125 = CARTESIAN_POINT('',(-31.48428153991,-16.05763721466,
    0.750000011176));
#9126 = DIRECTION('',(0.156434346118,0.987688359431,0.));
#9127 = DIRECTION('',(0.987688359431,-0.156434346118,0.));
#9128 = ADVANCED_FACE('',(#9129),#9147,.T.);
#9129 = FACE_BOUND('',#9130,.T.);
#9130 = EDGE_LOOP('',(#9131,#9132,#9140,#9146));
#9131 = ORIENTED_EDGE('',*,*,#9117,.T.);
#9132 = ORIENTED_EDGE('',*,*,#9133,.T.);
#9133 = EDGE_CURVE('',#9110,#9134,#9136,.T.);
#9134 = VERTEX_POINT('',#9135);
#9135 = CARTESIAN_POINT('',(-31.,-16.10000038147,1.600000023842));
#9136 = LINE('',#9137,#9138);
#9137 = CARTESIAN_POINT('',(-31.32403755188,-16.08301734924,
    1.600000023842));
#9138 = VECTOR('',#9139,1.);
#9139 = DIRECTION('',(0.998629382744,-5.233885668852E-02,0.));
#9140 = ORIENTED_EDGE('',*,*,#9141,.T.);
#9141 = EDGE_CURVE('',#9134,#1457,#9142,.T.);
#9142 = LINE('',#9143,#9144);
#9143 = CARTESIAN_POINT('',(-31.,-16.10000038147,1.600000023842));
#9144 = VECTOR('',#9145,1.);
#9145 = DIRECTION('',(0.,0.,-1.));
#9146 = ORIENTED_EDGE('',*,*,#1456,.F.);
#9147 = PLANE('',#9148);
#9148 = AXIS2_PLACEMENT_3D('',#9149,#9150,#9151);
#9149 = CARTESIAN_POINT('',(-31.16201877594,-16.09150886535,
    0.750000011176));
#9150 = DIRECTION('',(5.233885668852E-02,0.998629382744,0.));
#9151 = DIRECTION('',(0.998629382744,-5.233885668852E-02,0.));
#9152 = ADVANCED_FACE('',(#9153),#9171,.T.);
#9153 = FACE_BOUND('',#9154,.T.);
#9154 = EDGE_LOOP('',(#9155,#9156,#9164,#9170));
#9155 = ORIENTED_EDGE('',*,*,#9062,.T.);
#9156 = ORIENTED_EDGE('',*,*,#9157,.T.);
#9157 = EDGE_CURVE('',#9055,#9158,#9160,.T.);
#9158 = VERTEX_POINT('',#9159);
#9159 = CARTESIAN_POINT('',(-32.54999923706,-15.68467903137,
    1.600000023842));
#9160 = LINE('',#9161,#9162);
#9161 = CARTESIAN_POINT('',(-32.82213592529,-15.50795269012,
    1.600000023842));
#9162 = VECTOR('',#9163,1.);
#9163 = DIRECTION('',(0.838672384527,-0.544636237714,0.));
#9164 = ORIENTED_EDGE('',*,*,#9165,.F.);
#9165 = EDGE_CURVE('',#1417,#9158,#9166,.T.);
#9166 = LINE('',#9167,#9168);
#9167 = CARTESIAN_POINT('',(-32.54999923706,-15.68467903137,
    -0.10000000149));
#9168 = VECTOR('',#9169,1.);
#9169 = DIRECTION('',(0.,0.,1.));
#9170 = ORIENTED_EDGE('',*,*,#1416,.F.);
#9171 = PLANE('',#9172);
#9172 = AXIS2_PLACEMENT_3D('',#9173,#9174,#9175);
#9173 = CARTESIAN_POINT('',(-32.68606758117,-15.59631586074,
    0.750000011176));
#9174 = DIRECTION('',(0.544636237714,0.838672384527,0.));
#9175 = DIRECTION('',(0.838672384527,-0.544636237714,0.));
#9176 = ADVANCED_FACE('',(#9177),#9195,.T.);
#9177 = FACE_BOUND('',#9178,.T.);
#9178 = EDGE_LOOP('',(#9179,#9180,#9188,#9194));
#9179 = ORIENTED_EDGE('',*,*,#9165,.T.);
#9180 = ORIENTED_EDGE('',*,*,#9181,.T.);
#9181 = EDGE_CURVE('',#9158,#9182,#9184,.T.);
#9182 = VERTEX_POINT('',#9183);
#9183 = CARTESIAN_POINT('',(-32.26088333129,-15.83199119567,
    1.600000023842));
#9184 = LINE('',#9185,#9186);
#9185 = CARTESIAN_POINT('',(-32.54999923706,-15.68467903137,
    1.600000023842));
#9186 = VECTOR('',#9187,1.);
#9187 = DIRECTION('',(0.891006209456,-0.453991117437,0.));
#9188 = ORIENTED_EDGE('',*,*,#9189,.F.);
#9189 = EDGE_CURVE('',#1425,#9182,#9190,.T.);
#9190 = LINE('',#9191,#9192);
#9191 = CARTESIAN_POINT('',(-32.26088333129,-15.83199119567,
    -0.10000000149));
#9192 = VECTOR('',#9193,1.);
#9193 = DIRECTION('',(0.,0.,1.));
#9194 = ORIENTED_EDGE('',*,*,#1424,.F.);
#9195 = PLANE('',#9196);
#9196 = AXIS2_PLACEMENT_3D('',#9197,#9198,#9199);
#9197 = CARTESIAN_POINT('',(-32.40544128418,-15.75833511352,
    0.750000011176));
#9198 = DIRECTION('',(0.453991117437,0.891006209456,0.));
#9199 = DIRECTION('',(0.891006209456,-0.453991117437,0.));
#9200 = ADVANCED_FACE('',(#9201),#9219,.T.);
#9201 = FACE_BOUND('',#9202,.T.);
#9202 = EDGE_LOOP('',(#9203,#9204,#9212,#9218));
#9203 = ORIENTED_EDGE('',*,*,#9189,.T.);
#9204 = ORIENTED_EDGE('',*,*,#9205,.T.);
#9205 = EDGE_CURVE('',#9182,#9206,#9208,.T.);
#9206 = VERTEX_POINT('',#9207);
#9207 = CARTESIAN_POINT('',(-31.95795249939,-15.9482755661,
    1.600000023842));
#9208 = LINE('',#9209,#9210);
#9209 = CARTESIAN_POINT('',(-32.26088333129,-15.83199119567,
    1.600000023842));
#9210 = VECTOR('',#9211,1.);
#9211 = DIRECTION('',(0.933580303852,-0.358368269047,0.));
#9212 = ORIENTED_EDGE('',*,*,#9213,.F.);
#9213 = EDGE_CURVE('',#1433,#9206,#9214,.T.);
#9214 = LINE('',#9215,#9216);
#9215 = CARTESIAN_POINT('',(-31.95795249939,-15.9482755661,
    -0.10000000149));
#9216 = VECTOR('',#9217,1.);
#9217 = DIRECTION('',(0.,0.,1.));
#9218 = ORIENTED_EDGE('',*,*,#1432,.F.);
#9219 = PLANE('',#9220);
#9220 = AXIS2_PLACEMENT_3D('',#9221,#9222,#9223);
#9221 = CARTESIAN_POINT('',(-32.10941791534,-15.89013338089,
    0.750000011176));
#9222 = DIRECTION('',(0.358368269047,0.933580303852,0.));
#9223 = DIRECTION('',(0.933580303852,-0.358368269047,0.));
#9224 = ADVANCED_FACE('',(#9225),#9236,.T.);
#9225 = FACE_BOUND('',#9226,.T.);
#9226 = EDGE_LOOP('',(#9227,#9228,#9229,#9235));
#9227 = ORIENTED_EDGE('',*,*,#1440,.F.);
#9228 = ORIENTED_EDGE('',*,*,#9213,.T.);
#9229 = ORIENTED_EDGE('',*,*,#9230,.T.);
#9230 = EDGE_CURVE('',#9206,#9102,#9231,.T.);
#9231 = LINE('',#9232,#9233);
#9232 = CARTESIAN_POINT('',(-31.95795249939,-15.9482755661,
    1.600000023842));
#9233 = VECTOR('',#9234,1.);
#9234 = DIRECTION('',(0.965926588963,-0.258816198747,0.));
#9235 = ORIENTED_EDGE('',*,*,#9101,.F.);
#9236 = PLANE('',#9237);
#9237 = AXIS2_PLACEMENT_3D('',#9238,#9239,#9240);
#9238 = CARTESIAN_POINT('',(-31.80123901367,-15.99026632309,
    0.750000011176));
#9239 = DIRECTION('',(0.258816198747,0.965926588963,0.));
#9240 = DIRECTION('',(0.965926588963,-0.258816198747,0.));
#9241 = ADVANCED_FACE('',(#9242),#9267,.T.);
#9242 = FACE_BOUND('',#9243,.T.);
#9243 = EDGE_LOOP('',(#9244,#9245,#9253,#9261));
#9244 = ORIENTED_EDGE('',*,*,#1384,.F.);
#9245 = ORIENTED_EDGE('',*,*,#9246,.T.);
#9246 = EDGE_CURVE('',#1377,#9247,#9249,.T.);
#9247 = VERTEX_POINT('',#9248);
#9248 = CARTESIAN_POINT('',(-33.68467712402,-14.55000019073,
    1.600000023842));
#9249 = LINE('',#9250,#9251);
#9250 = CARTESIAN_POINT('',(-33.68467712402,-14.55000019073,
    -0.10000000149));
#9251 = VECTOR('',#9252,1.);
#9252 = DIRECTION('',(0.,0.,1.));
#9253 = ORIENTED_EDGE('',*,*,#9254,.T.);
#9254 = EDGE_CURVE('',#9247,#9255,#9257,.T.);
#9255 = VERTEX_POINT('',#9256);
#9256 = CARTESIAN_POINT('',(-33.50795364379,-14.82213401794,
    1.600000023842));
#9257 = LINE('',#9258,#9259);
#9258 = CARTESIAN_POINT('',(-33.68467712402,-14.55000019073,
    1.600000023842));
#9259 = VECTOR('',#9260,1.);
#9260 = DIRECTION('',(0.544634063385,-0.838673796539,0.));
#9261 = ORIENTED_EDGE('',*,*,#9262,.F.);
#9262 = EDGE_CURVE('',#1385,#9255,#9263,.T.);
#9263 = LINE('',#9264,#9265);
#9264 = CARTESIAN_POINT('',(-33.50795364379,-14.82213401794,
    -0.10000000149));
#9265 = VECTOR('',#9266,1.);
#9266 = DIRECTION('',(0.,0.,1.));
#9267 = PLANE('',#9268);
#9268 = AXIS2_PLACEMENT_3D('',#9269,#9270,#9271);
#9269 = CARTESIAN_POINT('',(-33.59631538391,-14.68606710434,
    0.750000011176));
#9270 = DIRECTION('',(0.838673796539,0.544634063385,0.));
#9271 = DIRECTION('',(-0.544634063385,0.838673796539,0.));
#9272 = ADVANCED_FACE('',(#9273),#9284,.T.);
#9273 = FACE_BOUND('',#9274,.T.);
#9274 = EDGE_LOOP('',(#9275,#9276,#9277,#9283));
#9275 = ORIENTED_EDGE('',*,*,#1392,.F.);
#9276 = ORIENTED_EDGE('',*,*,#9262,.T.);
#9277 = ORIENTED_EDGE('',*,*,#9278,.T.);
#9278 = EDGE_CURVE('',#9255,#9079,#9279,.T.);
#9279 = LINE('',#9280,#9281);
#9280 = CARTESIAN_POINT('',(-33.50795364379,-14.82213401794,
    1.600000023842));
#9281 = VECTOR('',#9282,1.);
#9282 = DIRECTION('',(0.62932199915,-0.77714465924,0.));
#9283 = ORIENTED_EDGE('',*,*,#9078,.F.);
#9284 = PLANE('',#9285);
#9285 = AXIS2_PLACEMENT_3D('',#9286,#9287,#9288);
#9286 = CARTESIAN_POINT('',(-33.40585136413,-14.94821929931,
    0.750000011176));
#9287 = DIRECTION('',(0.77714465924,0.62932199915,0.));
#9288 = DIRECTION('',(-0.62932199915,0.77714465924,0.));
#9289 = ADVANCED_FACE('',(#9290),#9308,.T.);
#9290 = FACE_BOUND('',#9291,.T.);
#9291 = EDGE_LOOP('',(#9292,#9293,#9301,#9307));
#9292 = ORIENTED_EDGE('',*,*,#1376,.F.);
#9293 = ORIENTED_EDGE('',*,*,#9294,.T.);
#9294 = EDGE_CURVE('',#1369,#9295,#9297,.T.);
#9295 = VERTEX_POINT('',#9296);
#9296 = CARTESIAN_POINT('',(-33.83198928833,-14.26088333129,
    1.600000023842));
#9297 = LINE('',#9298,#9299);
#9298 = CARTESIAN_POINT('',(-33.83198928833,-14.26088333129,
    -0.10000000149));
#9299 = VECTOR('',#9300,1.);
#9300 = DIRECTION('',(0.,0.,1.));
#9301 = ORIENTED_EDGE('',*,*,#9302,.T.);
#9302 = EDGE_CURVE('',#9295,#9247,#9303,.T.);
#9303 = LINE('',#9304,#9305);
#9304 = CARTESIAN_POINT('',(-33.83198928833,-14.26088333129,
    1.600000023842));
#9305 = VECTOR('',#9306,1.);
#9306 = DIRECTION('',(0.453989928563,-0.891006815217,0.));
#9307 = ORIENTED_EDGE('',*,*,#9246,.F.);
#9308 = PLANE('',#9309);
#9309 = AXIS2_PLACEMENT_3D('',#9310,#9311,#9312);
#9310 = CARTESIAN_POINT('',(-33.75833320617,-14.40544176101,
    0.750000011176));
#9311 = DIRECTION('',(0.891006815217,0.453989928563,0.));
#9312 = DIRECTION('',(-0.453989928563,0.891006815217,0.));
#9313 = ADVANCED_FACE('',(#9314),#9332,.T.);
#9314 = FACE_BOUND('',#9315,.T.);
#9315 = EDGE_LOOP('',(#9316,#9317,#9325,#9331));
#9316 = ORIENTED_EDGE('',*,*,#1368,.F.);
#9317 = ORIENTED_EDGE('',*,*,#9318,.T.);
#9318 = EDGE_CURVE('',#1361,#9319,#9321,.T.);
#9319 = VERTEX_POINT('',#9320);
#9320 = CARTESIAN_POINT('',(-33.94827651977,-13.95795249939,
    1.600000023842));
#9321 = LINE('',#9322,#9323);
#9322 = CARTESIAN_POINT('',(-33.94827651977,-13.95795249939,
    -0.10000000149));
#9323 = VECTOR('',#9324,1.);
#9324 = DIRECTION('',(0.,0.,1.));
#9325 = ORIENTED_EDGE('',*,*,#9326,.T.);
#9326 = EDGE_CURVE('',#9319,#9295,#9327,.T.);
#9327 = LINE('',#9328,#9329);
#9328 = CARTESIAN_POINT('',(-33.94827651977,-13.95795249939,
    1.600000023842));
#9329 = VECTOR('',#9330,1.);
#9330 = DIRECTION('',(0.358375953816,-0.933577353906,0.));
#9331 = ORIENTED_EDGE('',*,*,#9294,.F.);
#9332 = PLANE('',#9333);
#9333 = AXIS2_PLACEMENT_3D('',#9334,#9335,#9336);
#9334 = CARTESIAN_POINT('',(-33.89013290405,-14.10941791534,
    0.750000011176));
#9335 = DIRECTION('',(0.933577353906,0.358375953816,0.));
#9336 = DIRECTION('',(-0.358375953816,0.933577353906,0.));
#9337 = ADVANCED_FACE('',(#9338),#9356,.T.);
#9338 = FACE_BOUND('',#9339,.T.);
#9339 = EDGE_LOOP('',(#9340,#9341,#9349,#9355));
#9340 = ORIENTED_EDGE('',*,*,#1360,.F.);
#9341 = ORIENTED_EDGE('',*,*,#9342,.T.);
#9342 = EDGE_CURVE('',#1353,#9343,#9345,.T.);
#9343 = VERTEX_POINT('',#9344);
#9344 = CARTESIAN_POINT('',(-34.03225708007,-13.64452648162,
    1.600000023842));
#9345 = LINE('',#9346,#9347);
#9346 = CARTESIAN_POINT('',(-34.03225708007,-13.64452648162,
    -0.10000000149));
#9347 = VECTOR('',#9348,1.);
#9348 = DIRECTION('',(0.,0.,1.));
#9349 = ORIENTED_EDGE('',*,*,#9350,.T.);
#9350 = EDGE_CURVE('',#9343,#9319,#9351,.T.);
#9351 = LINE('',#9352,#9353);
#9352 = CARTESIAN_POINT('',(-34.03225708007,-13.64452648162,
    1.600000023842));
#9353 = VECTOR('',#9354,1.);
#9354 = DIRECTION('',(0.258814191315,-0.965927126844,0.));
#9355 = ORIENTED_EDGE('',*,*,#9318,.F.);
#9356 = PLANE('',#9357);
#9357 = AXIS2_PLACEMENT_3D('',#9358,#9359,#9360);
#9358 = CARTESIAN_POINT('',(-33.99026679992,-13.8012394905,
    0.750000011176));
#9359 = DIRECTION('',(0.965927126844,0.258814191315,0.));
#9360 = DIRECTION('',(-0.258814191315,0.965927126844,0.));
#9361 = ADVANCED_FACE('',(#9362),#9380,.T.);
#9362 = FACE_BOUND('',#9363,.T.);
#9363 = EDGE_LOOP('',(#9364,#9365,#9373,#9379));
#9364 = ORIENTED_EDGE('',*,*,#1352,.F.);
#9365 = ORIENTED_EDGE('',*,*,#9366,.T.);
#9366 = EDGE_CURVE('',#1345,#9367,#9369,.T.);
#9367 = VERTEX_POINT('',#9368);
#9368 = CARTESIAN_POINT('',(-34.08301925659,-13.32403850555,
    1.600000023842));
#9369 = LINE('',#9370,#9371);
#9370 = CARTESIAN_POINT('',(-34.08301925659,-13.32403850555,
    -0.10000000149));
#9371 = VECTOR('',#9372,1.);
#9372 = DIRECTION('',(0.,0.,1.));
#9373 = ORIENTED_EDGE('',*,*,#9374,.T.);
#9374 = EDGE_CURVE('',#9367,#9343,#9375,.T.);
#9375 = LINE('',#9376,#9377);
#9376 = CARTESIAN_POINT('',(-34.08301925659,-13.32403850555,
    1.600000023842));
#9377 = VECTOR('',#9378,1.);
#9378 = DIRECTION('',(0.15644008038,-0.987687451196,0.));
#9379 = ORIENTED_EDGE('',*,*,#9342,.F.);
#9380 = PLANE('',#9381);
#9381 = AXIS2_PLACEMENT_3D('',#9382,#9383,#9384);
#9382 = CARTESIAN_POINT('',(-34.05763816833,-13.48428249359,
    0.750000011176));
#9383 = DIRECTION('',(0.987687451196,0.15644008038,0.));
#9384 = DIRECTION('',(-0.15644008038,0.987687451196,0.));
#9385 = ADVANCED_FACE('',(#9386),#9404,.T.);
#9386 = FACE_BOUND('',#9387,.T.);
#9387 = EDGE_LOOP('',(#9388,#9389,#9397,#9403));
#9388 = ORIENTED_EDGE('',*,*,#1344,.F.);
#9389 = ORIENTED_EDGE('',*,*,#9390,.T.);
#9390 = EDGE_CURVE('',#1337,#9391,#9393,.T.);
#9391 = VERTEX_POINT('',#9392);
#9392 = CARTESIAN_POINT('',(-34.09999847412,-13.,1.600000023842));
#9393 = LINE('',#9394,#9395);
#9394 = CARTESIAN_POINT('',(-34.09999847412,-13.,-0.10000000149));
#9395 = VECTOR('',#9396,1.);
#9396 = DIRECTION('',(0.,0.,1.));
#9397 = ORIENTED_EDGE('',*,*,#9398,.T.);
#9398 = EDGE_CURVE('',#9391,#9367,#9399,.T.);
#9399 = LINE('',#9400,#9401);
#9400 = CARTESIAN_POINT('',(-34.09999847412,-13.,1.600000023842));
#9401 = VECTOR('',#9402,1.);
#9402 = DIRECTION('',(5.23269790434E-02,-0.998630005189,0.));
#9403 = ORIENTED_EDGE('',*,*,#9366,.F.);
#9404 = PLANE('',#9405);
#9405 = AXIS2_PLACEMENT_3D('',#9406,#9407,#9408);
#9406 = CARTESIAN_POINT('',(-34.09150886535,-13.16201925277,
    0.750000011176));
#9407 = DIRECTION('',(0.998630005189,5.23269790434E-02,0.));
#9408 = DIRECTION('',(-5.23269790434E-02,0.998630005189,0.));
#9409 = ADVANCED_FACE('',(#9410),#9459,.T.);
#9410 = FACE_BOUND('',#9411,.T.);
#9411 = EDGE_LOOP('',(#9412,#9413,#9414,#9420,#9421,#9429,#9437,#9445,
    #9451,#9452,#9458));
#9412 = ORIENTED_EDGE('',*,*,#1336,.F.);
#9413 = ORIENTED_EDGE('',*,*,#7922,.T.);
#9414 = ORIENTED_EDGE('',*,*,#9415,.T.);
#9415 = EDGE_CURVE('',#7900,#7983,#9416,.T.);
#9416 = LINE('',#9417,#9418);
#9417 = CARTESIAN_POINT('',(-34.09999847412,-11.21425151825,
    1.123635284603E-02));
#9418 = VECTOR('',#9419,1.);
#9419 = DIRECTION('',(0.,-0.891006853063,0.453989854286));
#9420 = ORIENTED_EDGE('',*,*,#7982,.T.);
#9421 = ORIENTED_EDGE('',*,*,#9422,.T.);
#9422 = EDGE_CURVE('',#7975,#9423,#9425,.T.);
#9423 = VERTEX_POINT('',#9424);
#9424 = CARTESIAN_POINT('',(-34.09999847412,-12.15886974334,
    0.624678611755));
#9425 = LINE('',#9426,#9427);
#9426 = CARTESIAN_POINT('',(-34.09999847412,-11.86602687835,
    0.387538820505));
#9427 = VECTOR('',#9428,1.);
#9428 = DIRECTION('',(0.,-0.777145552687,0.629320895838));
#9429 = ORIENTED_EDGE('',*,*,#9430,.T.);
#9430 = EDGE_CURVE('',#9423,#9431,#9433,.T.);
#9431 = VERTEX_POINT('',#9432);
#9432 = CARTESIAN_POINT('',(-34.09999847412,-12.42532157897,
    0.891129791737));
#9433 = LINE('',#9434,#9435);
#9434 = CARTESIAN_POINT('',(-34.09999847412,-12.15886974334,
    0.624678611755));
#9435 = VECTOR('',#9436,1.);
#9436 = DIRECTION('',(0.,-0.707107651167,0.707105911205));
#9437 = ORIENTED_EDGE('',*,*,#9438,.T.);
#9438 = EDGE_CURVE('',#9431,#9439,#9441,.T.);
#9439 = VERTEX_POINT('',#9440);
#9440 = CARTESIAN_POINT('',(-34.09999847412,-12.66246128082,
    1.183973073959));
#9441 = LINE('',#9442,#9443);
#9442 = CARTESIAN_POINT('',(-34.09999847412,-12.42532157897,
    0.891129791737));
#9443 = VECTOR('',#9444,1.);
#9444 = DIRECTION('',(0.,-0.629320211011,0.777146107249));
#9445 = ORIENTED_EDGE('',*,*,#9446,.T.);
#9446 = EDGE_CURVE('',#9439,#7952,#9447,.T.);
#9447 = LINE('',#9448,#9449);
#9448 = CARTESIAN_POINT('',(-34.09999847412,-12.66246128082,
    1.183973073959));
#9449 = VECTOR('',#9450,1.);
#9450 = DIRECTION('',(0.,-0.544638052794,0.838671205806));
#9451 = ORIENTED_EDGE('',*,*,#7951,.T.);
#9452 = ORIENTED_EDGE('',*,*,#9453,.T.);
#9453 = EDGE_CURVE('',#7944,#9391,#9454,.T.);
#9454 = LINE('',#9455,#9456);
#9455 = CARTESIAN_POINT('',(-34.09999847412,-12.91864395141,
    1.600000023842));
#9456 = VECTOR('',#9457,1.);
#9457 = DIRECTION('',(0.,-1.,0.));
#9458 = ORIENTED_EDGE('',*,*,#9390,.F.);
#9459 = PLANE('',#9460);
#9460 = AXIS2_PLACEMENT_3D('',#9461,#9462,#9463);
#9461 = CARTESIAN_POINT('',(-34.09999847412,-12.27157073916,
    0.439511039558));
#9462 = DIRECTION('',(1.,0.,0.));
#9463 = DIRECTION('',(0.,0.,1.));
#9464 = ADVANCED_FACE('',(#9465),#9546,.T.);
#9465 = FACE_BOUND('',#9466,.T.);
#9466 = EDGE_LOOP('',(#9467,#9468,#9476,#9484,#9492,#9500,#9508,#9516,
    #9524,#9532,#9540));
#9467 = ORIENTED_EDGE('',*,*,#1608,.T.);
#9468 = ORIENTED_EDGE('',*,*,#9469,.T.);
#9469 = EDGE_CURVE('',#1601,#9470,#9472,.T.);
#9470 = VERTEX_POINT('',#9471);
#9471 = CARTESIAN_POINT('',(-34.09999847412,16.10000038147,
    1.600000023842));
#9472 = LINE('',#9473,#9474);
#9473 = CARTESIAN_POINT('',(-34.09999847412,16.10000038147,
    -0.10000000149));
#9474 = VECTOR('',#9475,1.);
#9475 = DIRECTION('',(0.,0.,1.));
#9476 = ORIENTED_EDGE('',*,*,#9477,.T.);
#9477 = EDGE_CURVE('',#9470,#9478,#9480,.T.);
#9478 = VERTEX_POINT('',#9479);
#9479 = CARTESIAN_POINT('',(-34.09999847412,-0.781355977058,
    1.600000023842));
#9480 = LINE('',#9481,#9482);
#9481 = CARTESIAN_POINT('',(-34.09999847412,16.10000038147,
    1.600000023842));
#9482 = VECTOR('',#9483,1.);
#9483 = DIRECTION('',(0.,-1.,0.));
#9484 = ORIENTED_EDGE('',*,*,#9485,.T.);
#9485 = EDGE_CURVE('',#9478,#9486,#9488,.T.);
#9486 = VERTEX_POINT('',#9487);
#9487 = CARTESIAN_POINT('',(-34.09999847412,-0.832308530807,1.5));
#9488 = LINE('',#9489,#9490);
#9489 = CARTESIAN_POINT('',(-34.09999847412,-0.781355977058,
    1.600000023842));
#9490 = VECTOR('',#9491,1.);
#9491 = DIRECTION('',(0.,-0.453990476054,-0.891006536257));
#9492 = ORIENTED_EDGE('',*,*,#9493,.T.);
#9493 = EDGE_CURVE('',#9486,#9494,#9496,.T.);
#9494 = VERTEX_POINT('',#9495);
#9495 = CARTESIAN_POINT('',(-34.09999847412,-1.037538766861,
    1.183973073959));
#9496 = LINE('',#9497,#9498);
#9497 = CARTESIAN_POINT('',(-34.09999847412,-0.832308530807,1.5));
#9498 = VECTOR('',#9499,1.);
#9499 = DIRECTION('',(0.,-0.544638942857,-0.838670627793));
#9500 = ORIENTED_EDGE('',*,*,#9501,.T.);
#9501 = EDGE_CURVE('',#9494,#9502,#9504,.T.);
#9502 = VERTEX_POINT('',#9503);
#9503 = CARTESIAN_POINT('',(-34.09999847412,-1.274678587914,
    0.891129791737));
#9504 = LINE('',#9505,#9506);
#9505 = CARTESIAN_POINT('',(-34.09999847412,-1.037538766861,
    1.183973073959));
#9506 = VECTOR('',#9507,1.);
#9507 = DIRECTION('',(0.,-0.629320402077,-0.777145952527));
#9508 = ORIENTED_EDGE('',*,*,#9509,.T.);
#9509 = EDGE_CURVE('',#9502,#9510,#9512,.T.);
#9510 = VERTEX_POINT('',#9511);
#9511 = CARTESIAN_POINT('',(-34.09999847412,-1.541129827499,
    0.624678611755));
#9512 = LINE('',#9513,#9514);
#9513 = CARTESIAN_POINT('',(-34.09999847412,-1.274678587914,
    0.891129791737));
#9514 = VECTOR('',#9515,1.);
#9515 = DIRECTION('',(0.,-0.707106860276,-0.707106702097));
#9516 = ORIENTED_EDGE('',*,*,#9517,.T.);
#9517 = EDGE_CURVE('',#9510,#9518,#9520,.T.);
#9518 = VERTEX_POINT('',#9519);
#9519 = CARTESIAN_POINT('',(-34.09999847412,-1.833973050117,
    0.387538820505));
#9520 = LINE('',#9521,#9522);
#9521 = CARTESIAN_POINT('',(-34.09999847412,-1.541129827499,
    0.624678611755));
#9522 = VECTOR('',#9523,1.);
#9523 = DIRECTION('',(0.,-0.777145928562,-0.629320431672));
#9524 = ORIENTED_EDGE('',*,*,#9525,.T.);
#9525 = EDGE_CURVE('',#9518,#9526,#9528,.T.);
#9526 = VERTEX_POINT('',#9527);
#9527 = CARTESIAN_POINT('',(-34.09999847412,-2.150000095367,
    0.182308539748));
#9528 = LINE('',#9529,#9530);
#9529 = CARTESIAN_POINT('',(-34.09999847412,-1.833973050117,
    0.387538820505));
#9530 = VECTOR('',#9531,1.);
#9531 = DIRECTION('',(0.,-0.838670667446,-0.544638881797));
#9532 = ORIENTED_EDGE('',*,*,#9533,.T.);
#9533 = EDGE_CURVE('',#9526,#9534,#9536,.T.);
#9534 = VERTEX_POINT('',#9535);
#9535 = CARTESIAN_POINT('',(-34.09999847412,-2.485748052597,
    1.123635284603E-02));
#9536 = LINE('',#9537,#9538);
#9537 = CARTESIAN_POINT('',(-34.09999847412,-2.150000095367,
    0.182308539748));
#9538 = VECTOR('',#9539,1.);
#9539 = DIRECTION('',(0.,-0.891006461843,-0.4539906221));
#9540 = ORIENTED_EDGE('',*,*,#9541,.T.);
#9541 = EDGE_CURVE('',#9534,#1609,#9542,.T.);
#9542 = LINE('',#9543,#9544);
#9543 = CARTESIAN_POINT('',(-34.09999847412,-2.485748052597,
    1.123635284603E-02));
#9544 = VECTOR('',#9545,1.);
#9545 = DIRECTION('',(0.,-0.933580429179,-0.358367942558));
#9546 = PLANE('',#9547);
#9547 = AXIS2_PLACEMENT_3D('',#9548,#9549,#9550);
#9548 = CARTESIAN_POINT('',(-34.09999847412,6.924128294638,0.69940936135
    ));
#9549 = DIRECTION('',(1.,0.,0.));
#9550 = DIRECTION('',(0.,0.,1.));
#9551 = ADVANCED_FACE('',(#9552),#9570,.T.);
#9552 = FACE_BOUND('',#9553,.T.);
#9553 = EDGE_LOOP('',(#9554,#9555,#9563,#9569));
#9554 = ORIENTED_EDGE('',*,*,#9141,.F.);
#9555 = ORIENTED_EDGE('',*,*,#9556,.T.);
#9556 = EDGE_CURVE('',#9134,#9557,#9559,.T.);
#9557 = VERTEX_POINT('',#9558);
#9558 = CARTESIAN_POINT('',(31.,-16.10000038147,1.600000023842));
#9559 = LINE('',#9560,#9561);
#9560 = CARTESIAN_POINT('',(-31.,-16.10000038147,1.600000023842));
#9561 = VECTOR('',#9562,1.);
#9562 = DIRECTION('',(1.,0.,0.));
#9563 = ORIENTED_EDGE('',*,*,#9564,.T.);
#9564 = EDGE_CURVE('',#9557,#1465,#9565,.T.);
#9565 = LINE('',#9566,#9567);
#9566 = CARTESIAN_POINT('',(31.,-16.10000038147,1.600000023842));
#9567 = VECTOR('',#9568,1.);
#9568 = DIRECTION('',(0.,0.,-1.));
#9569 = ORIENTED_EDGE('',*,*,#1464,.F.);
#9570 = PLANE('',#9571);
#9571 = AXIS2_PLACEMENT_3D('',#9572,#9573,#9574);
#9572 = CARTESIAN_POINT('',(0.,-16.10000038147,0.750000011176));
#9573 = DIRECTION('',(0.,1.,0.));
#9574 = DIRECTION('',(0.,0.,1.));
#9575 = ADVANCED_FACE('',(#9576),#9594,.T.);
#9576 = FACE_BOUND('',#9577,.T.);
#9577 = EDGE_LOOP('',(#9578,#9586,#9587,#9588));
#9578 = ORIENTED_EDGE('',*,*,#9579,.T.);
#9579 = EDGE_CURVE('',#9580,#9470,#9582,.T.);
#9580 = VERTEX_POINT('',#9581);
#9581 = CARTESIAN_POINT('',(34.099998474121,16.10000038147,
    1.600000023842));
#9582 = LINE('',#9583,#9584);
#9583 = CARTESIAN_POINT('',(34.099998474121,16.10000038147,
    1.600000023842));
#9584 = VECTOR('',#9585,1.);
#9585 = DIRECTION('',(-1.,0.,0.));
#9586 = ORIENTED_EDGE('',*,*,#9469,.F.);
#9587 = ORIENTED_EDGE('',*,*,#1600,.F.);
#9588 = ORIENTED_EDGE('',*,*,#9589,.T.);
#9589 = EDGE_CURVE('',#1593,#9580,#9590,.T.);
#9590 = LINE('',#9591,#9592);
#9591 = CARTESIAN_POINT('',(34.099998474121,16.10000038147,
    -0.10000000149));
#9592 = VECTOR('',#9593,1.);
#9593 = DIRECTION('',(0.,0.,1.));
#9594 = PLANE('',#9595);
#9595 = AXIS2_PLACEMENT_3D('',#9596,#9597,#9598);
#9596 = CARTESIAN_POINT('',(-4.06605302732E-16,16.10000038147,
    0.750000011176));
#9597 = DIRECTION('',(-0.,-1.,-0.));
#9598 = DIRECTION('',(0.,0.,-1.));
#9599 = ADVANCED_FACE('',(#9600),#9618,.T.);
#9600 = FACE_BOUND('',#9601,.T.);
#9601 = EDGE_LOOP('',(#9602,#9603,#9611,#9617));
#9602 = ORIENTED_EDGE('',*,*,#9564,.F.);
#9603 = ORIENTED_EDGE('',*,*,#9604,.T.);
#9604 = EDGE_CURVE('',#9557,#9605,#9607,.T.);
#9605 = VERTEX_POINT('',#9606);
#9606 = CARTESIAN_POINT('',(31.32403755188,-16.08301734924,
    1.600000023842));
#9607 = LINE('',#9608,#9609);
#9608 = CARTESIAN_POINT('',(31.,-16.10000038147,1.600000023842));
#9609 = VECTOR('',#9610,1.);
#9610 = DIRECTION('',(0.998629382744,5.233885668852E-02,0.));
#9611 = ORIENTED_EDGE('',*,*,#9612,.F.);
#9612 = EDGE_CURVE('',#1473,#9605,#9613,.T.);
#9613 = LINE('',#9614,#9615);
#9614 = CARTESIAN_POINT('',(31.32403755188,-16.08301734924,
    -0.10000000149));
#9615 = VECTOR('',#9616,1.);
#9616 = DIRECTION('',(0.,0.,1.));
#9617 = ORIENTED_EDGE('',*,*,#1472,.F.);
#9618 = PLANE('',#9619);
#9619 = AXIS2_PLACEMENT_3D('',#9620,#9621,#9622);
#9620 = CARTESIAN_POINT('',(31.16201877594,-16.09150886535,
    0.750000011176));
#9621 = DIRECTION('',(-5.233885668852E-02,0.998629382744,0.));
#9622 = DIRECTION('',(0.998629382744,5.233885668852E-02,0.));
#9623 = ADVANCED_FACE('',(#9624),#9642,.T.);
#9624 = FACE_BOUND('',#9625,.T.);
#9625 = EDGE_LOOP('',(#9626,#9627,#9635,#9641));
#9626 = ORIENTED_EDGE('',*,*,#9612,.T.);
#9627 = ORIENTED_EDGE('',*,*,#9628,.T.);
#9628 = EDGE_CURVE('',#9605,#9629,#9631,.T.);
#9629 = VERTEX_POINT('',#9630);
#9630 = CARTESIAN_POINT('',(31.644525527954,-16.03225708007,
    1.600000023842));
#9631 = LINE('',#9632,#9633);
#9632 = CARTESIAN_POINT('',(31.32403755188,-16.08301734924,
    1.600000023842));
#9633 = VECTOR('',#9634,1.);
#9634 = DIRECTION('',(0.987688359431,0.156434346118,0.));
#9635 = ORIENTED_EDGE('',*,*,#9636,.F.);
#9636 = EDGE_CURVE('',#1481,#9629,#9637,.T.);
#9637 = LINE('',#9638,#9639);
#9638 = CARTESIAN_POINT('',(31.644525527954,-16.03225708007,
    -0.10000000149));
#9639 = VECTOR('',#9640,1.);
#9640 = DIRECTION('',(0.,0.,1.));
#9641 = ORIENTED_EDGE('',*,*,#1480,.F.);
#9642 = PLANE('',#9643);
#9643 = AXIS2_PLACEMENT_3D('',#9644,#9645,#9646);
#9644 = CARTESIAN_POINT('',(31.484281539917,-16.05763721466,
    0.750000011176));
#9645 = DIRECTION('',(-0.156434346118,0.987688359431,0.));
#9646 = DIRECTION('',(0.987688359431,0.156434346118,0.));
#9647 = ADVANCED_FACE('',(#9648),#9666,.T.);
#9648 = FACE_BOUND('',#9649,.T.);
#9649 = EDGE_LOOP('',(#9650,#9651,#9659,#9665));
#9650 = ORIENTED_EDGE('',*,*,#9636,.T.);
#9651 = ORIENTED_EDGE('',*,*,#9652,.T.);
#9652 = EDGE_CURVE('',#9629,#9653,#9655,.T.);
#9653 = VERTEX_POINT('',#9654);
#9654 = CARTESIAN_POINT('',(31.95795249939,-15.9482755661,1.600000023842
    ));
#9655 = LINE('',#9656,#9657);
#9656 = CARTESIAN_POINT('',(31.644525527954,-16.03225708007,
    1.600000023842));
#9657 = VECTOR('',#9658,1.);
#9658 = DIRECTION('',(0.965926588963,0.258816198747,0.));
#9659 = ORIENTED_EDGE('',*,*,#9660,.F.);
#9660 = EDGE_CURVE('',#1489,#9653,#9661,.T.);
#9661 = LINE('',#9662,#9663);
#9662 = CARTESIAN_POINT('',(31.95795249939,-15.9482755661,-0.10000000149
    ));
#9663 = VECTOR('',#9664,1.);
#9664 = DIRECTION('',(0.,0.,1.));
#9665 = ORIENTED_EDGE('',*,*,#1488,.F.);
#9666 = PLANE('',#9667);
#9667 = AXIS2_PLACEMENT_3D('',#9668,#9669,#9670);
#9668 = CARTESIAN_POINT('',(31.801239013672,-15.99026632309,
    0.750000011176));
#9669 = DIRECTION('',(-0.258816198747,0.965926588963,0.));
#9670 = DIRECTION('',(0.965926588963,0.258816198747,0.));
#9671 = ADVANCED_FACE('',(#9672),#9690,.T.);
#9672 = FACE_BOUND('',#9673,.T.);
#9673 = EDGE_LOOP('',(#9674,#9675,#9683,#9689));
#9674 = ORIENTED_EDGE('',*,*,#9660,.T.);
#9675 = ORIENTED_EDGE('',*,*,#9676,.T.);
#9676 = EDGE_CURVE('',#9653,#9677,#9679,.T.);
#9677 = VERTEX_POINT('',#9678);
#9678 = CARTESIAN_POINT('',(32.260883331299,-15.83199119567,
    1.600000023842));
#9679 = LINE('',#9680,#9681);
#9680 = CARTESIAN_POINT('',(31.95795249939,-15.9482755661,1.600000023842
    ));
#9681 = VECTOR('',#9682,1.);
#9682 = DIRECTION('',(0.933580303852,0.358368269047,0.));
#9683 = ORIENTED_EDGE('',*,*,#9684,.F.);
#9684 = EDGE_CURVE('',#1497,#9677,#9685,.T.);
#9685 = LINE('',#9686,#9687);
#9686 = CARTESIAN_POINT('',(32.260883331299,-15.83199119567,
    -0.10000000149));
#9687 = VECTOR('',#9688,1.);
#9688 = DIRECTION('',(0.,0.,1.));
#9689 = ORIENTED_EDGE('',*,*,#1496,.F.);
#9690 = PLANE('',#9691);
#9691 = AXIS2_PLACEMENT_3D('',#9692,#9693,#9694);
#9692 = CARTESIAN_POINT('',(32.109417915344,-15.89013338089,
    0.750000011176));
#9693 = DIRECTION('',(-0.358368269047,0.933580303852,0.));
#9694 = DIRECTION('',(0.933580303852,0.358368269047,0.));
#9695 = ADVANCED_FACE('',(#9696),#9714,.T.);
#9696 = FACE_BOUND('',#9697,.T.);
#9697 = EDGE_LOOP('',(#9698,#9699,#9707,#9713));
#9698 = ORIENTED_EDGE('',*,*,#9684,.T.);
#9699 = ORIENTED_EDGE('',*,*,#9700,.T.);
#9700 = EDGE_CURVE('',#9677,#9701,#9703,.T.);
#9701 = VERTEX_POINT('',#9702);
#9702 = CARTESIAN_POINT('',(32.549999237061,-15.68467903137,
    1.600000023842));
#9703 = LINE('',#9704,#9705);
#9704 = CARTESIAN_POINT('',(32.260883331299,-15.83199119567,
    1.600000023842));
#9705 = VECTOR('',#9706,1.);
#9706 = DIRECTION('',(0.891006209456,0.453991117437,0.));
#9707 = ORIENTED_EDGE('',*,*,#9708,.F.);
#9708 = EDGE_CURVE('',#1505,#9701,#9709,.T.);
#9709 = LINE('',#9710,#9711);
#9710 = CARTESIAN_POINT('',(32.549999237061,-15.68467903137,
    -0.10000000149));
#9711 = VECTOR('',#9712,1.);
#9712 = DIRECTION('',(0.,0.,1.));
#9713 = ORIENTED_EDGE('',*,*,#1504,.F.);
#9714 = PLANE('',#9715);
#9715 = AXIS2_PLACEMENT_3D('',#9716,#9717,#9718);
#9716 = CARTESIAN_POINT('',(32.40544128418,-15.75833511352,
    0.750000011176));
#9717 = DIRECTION('',(-0.453991117437,0.891006209456,0.));
#9718 = DIRECTION('',(0.891006209456,0.453991117437,0.));
#9719 = ADVANCED_FACE('',(#9720),#9738,.T.);
#9720 = FACE_BOUND('',#9721,.T.);
#9721 = EDGE_LOOP('',(#9722,#9723,#9731,#9737));
#9722 = ORIENTED_EDGE('',*,*,#9708,.T.);
#9723 = ORIENTED_EDGE('',*,*,#9724,.T.);
#9724 = EDGE_CURVE('',#9701,#9725,#9727,.T.);
#9725 = VERTEX_POINT('',#9726);
#9726 = CARTESIAN_POINT('',(32.822135925293,-15.50795269012,
    1.600000023842));
#9727 = LINE('',#9728,#9729);
#9728 = CARTESIAN_POINT('',(32.549999237061,-15.68467903137,
    1.600000023842));
#9729 = VECTOR('',#9730,1.);
#9730 = DIRECTION('',(0.838672384527,0.544636237714,0.));
#9731 = ORIENTED_EDGE('',*,*,#9732,.F.);
#9732 = EDGE_CURVE('',#1513,#9725,#9733,.T.);
#9733 = LINE('',#9734,#9735);
#9734 = CARTESIAN_POINT('',(32.822135925293,-15.50795269012,
    -0.10000000149));
#9735 = VECTOR('',#9736,1.);
#9736 = DIRECTION('',(0.,0.,1.));
#9737 = ORIENTED_EDGE('',*,*,#1512,.F.);
#9738 = PLANE('',#9739);
#9739 = AXIS2_PLACEMENT_3D('',#9740,#9741,#9742);
#9740 = CARTESIAN_POINT('',(32.686067581177,-15.59631586074,
    0.750000011176));
#9741 = DIRECTION('',(-0.544636237714,0.838672384527,0.));
#9742 = DIRECTION('',(0.838672384527,0.544636237714,0.));
#9743 = ADVANCED_FACE('',(#9744),#9762,.T.);
#9744 = FACE_BOUND('',#9745,.T.);
#9745 = EDGE_LOOP('',(#9746,#9747,#9755,#9761));
#9746 = ORIENTED_EDGE('',*,*,#9732,.T.);
#9747 = ORIENTED_EDGE('',*,*,#9748,.T.);
#9748 = EDGE_CURVE('',#9725,#9749,#9751,.T.);
#9749 = VERTEX_POINT('',#9750);
#9750 = CARTESIAN_POINT('',(33.074306488037,-15.30374908447,
    1.600000023842));
#9751 = LINE('',#9752,#9753);
#9752 = CARTESIAN_POINT('',(32.822135925293,-15.50795269012,
    1.600000023842));
#9753 = VECTOR('',#9754,1.);
#9754 = DIRECTION('',(0.777146096657,0.629320224092,0.));
#9755 = ORIENTED_EDGE('',*,*,#9756,.F.);
#9756 = EDGE_CURVE('',#1521,#9749,#9757,.T.);
#9757 = LINE('',#9758,#9759);
#9758 = CARTESIAN_POINT('',(33.074306488037,-15.30374908447,
    -0.10000000149));
#9759 = VECTOR('',#9760,1.);
#9760 = DIRECTION('',(0.,0.,1.));
#9761 = ORIENTED_EDGE('',*,*,#1520,.F.);
#9762 = PLANE('',#9763);
#9763 = AXIS2_PLACEMENT_3D('',#9764,#9765,#9766);
#9764 = CARTESIAN_POINT('',(32.948221206665,-15.40585088729,
    0.750000011176));
#9765 = DIRECTION('',(-0.629320224092,0.777146096657,0.));
#9766 = DIRECTION('',(0.777146096657,0.629320224092,0.));
#9767 = ADVANCED_FACE('',(#9768),#9786,.T.);
#9768 = FACE_BOUND('',#9769,.T.);
#9769 = EDGE_LOOP('',(#9770,#9771,#9779,#9785));
#9770 = ORIENTED_EDGE('',*,*,#9756,.T.);
#9771 = ORIENTED_EDGE('',*,*,#9772,.T.);
#9772 = EDGE_CURVE('',#9749,#9773,#9775,.T.);
#9773 = VERTEX_POINT('',#9774);
#9774 = CARTESIAN_POINT('',(33.303749084473,-15.07430458068,
    1.600000023842));
#9775 = LINE('',#9776,#9777);
#9776 = CARTESIAN_POINT('',(33.074306488037,-15.30374908447,
    1.600000023842));
#9777 = VECTOR('',#9778,1.);
#9778 = DIRECTION('',(0.707103842115,0.707109720246,0.));
#9779 = ORIENTED_EDGE('',*,*,#9780,.F.);
#9780 = EDGE_CURVE('',#1529,#9773,#9781,.T.);
#9781 = LINE('',#9782,#9783);
#9782 = CARTESIAN_POINT('',(33.303749084473,-15.07430458068,
    -0.10000000149));
#9783 = VECTOR('',#9784,1.);
#9784 = DIRECTION('',(0.,0.,1.));
#9785 = ORIENTED_EDGE('',*,*,#1528,.F.);
#9786 = PLANE('',#9787);
#9787 = AXIS2_PLACEMENT_3D('',#9788,#9789,#9790);
#9788 = CARTESIAN_POINT('',(33.189027786255,-15.18902683258,
    0.750000011176));
#9789 = DIRECTION('',(-0.707109720246,0.707103842115,0.));
#9790 = DIRECTION('',(-0.707103842115,-0.707109720246,0.));
#9791 = ADVANCED_FACE('',(#9792),#9810,.T.);
#9792 = FACE_BOUND('',#9793,.T.);
#9793 = EDGE_LOOP('',(#9794,#9795,#9803,#9809));
#9794 = ORIENTED_EDGE('',*,*,#9780,.T.);
#9795 = ORIENTED_EDGE('',*,*,#9796,.T.);
#9796 = EDGE_CURVE('',#9773,#9797,#9799,.T.);
#9797 = VERTEX_POINT('',#9798);
#9798 = CARTESIAN_POINT('',(33.507953643799,-14.82213401794,
    1.600000023842));
#9799 = LINE('',#9800,#9801);
#9800 = CARTESIAN_POINT('',(33.303749084473,-15.07430458068,
    1.600000023842));
#9801 = VECTOR('',#9802,1.);
#9802 = DIRECTION('',(0.62932199915,0.77714465924,0.));
#9803 = ORIENTED_EDGE('',*,*,#9804,.F.);
#9804 = EDGE_CURVE('',#1537,#9797,#9805,.T.);
#9805 = LINE('',#9806,#9807);
#9806 = CARTESIAN_POINT('',(33.507953643799,-14.82213401794,
    -0.10000000149));
#9807 = VECTOR('',#9808,1.);
#9808 = DIRECTION('',(0.,0.,1.));
#9809 = ORIENTED_EDGE('',*,*,#1536,.F.);
#9810 = PLANE('',#9811);
#9811 = AXIS2_PLACEMENT_3D('',#9812,#9813,#9814);
#9812 = CARTESIAN_POINT('',(33.405851364136,-14.94821929931,
    0.750000011176));
#9813 = DIRECTION('',(-0.77714465924,0.62932199915,0.));
#9814 = DIRECTION('',(-0.62932199915,-0.77714465924,0.));
#9815 = ADVANCED_FACE('',(#9816),#9834,.T.);
#9816 = FACE_BOUND('',#9817,.T.);
#9817 = EDGE_LOOP('',(#9818,#9819,#9827,#9833));
#9818 = ORIENTED_EDGE('',*,*,#9804,.T.);
#9819 = ORIENTED_EDGE('',*,*,#9820,.T.);
#9820 = EDGE_CURVE('',#9797,#9821,#9823,.T.);
#9821 = VERTEX_POINT('',#9822);
#9822 = CARTESIAN_POINT('',(33.684677124023,-14.55000019073,
    1.600000023842));
#9823 = LINE('',#9824,#9825);
#9824 = CARTESIAN_POINT('',(33.507953643799,-14.82213401794,
    1.600000023842));
#9825 = VECTOR('',#9826,1.);
#9826 = DIRECTION('',(0.544634063385,0.838673796539,0.));
#9827 = ORIENTED_EDGE('',*,*,#9828,.F.);
#9828 = EDGE_CURVE('',#1545,#9821,#9829,.T.);
#9829 = LINE('',#9830,#9831);
#9830 = CARTESIAN_POINT('',(33.684677124023,-14.55000019073,
    -0.10000000149));
#9831 = VECTOR('',#9832,1.);
#9832 = DIRECTION('',(0.,0.,1.));
#9833 = ORIENTED_EDGE('',*,*,#1544,.F.);
#9834 = PLANE('',#9835);
#9835 = AXIS2_PLACEMENT_3D('',#9836,#9837,#9838);
#9836 = CARTESIAN_POINT('',(33.596315383911,-14.68606710434,
    0.750000011176));
#9837 = DIRECTION('',(-0.838673796539,0.544634063385,0.));
#9838 = DIRECTION('',(-0.544634063385,-0.838673796539,0.));
#9839 = ADVANCED_FACE('',(#9840),#9858,.T.);
#9840 = FACE_BOUND('',#9841,.T.);
#9841 = EDGE_LOOP('',(#9842,#9843,#9851,#9857));
#9842 = ORIENTED_EDGE('',*,*,#9828,.T.);
#9843 = ORIENTED_EDGE('',*,*,#9844,.T.);
#9844 = EDGE_CURVE('',#9821,#9845,#9847,.T.);
#9845 = VERTEX_POINT('',#9846);
#9846 = CARTESIAN_POINT('',(33.83198928833,-14.26088333129,
    1.600000023842));
#9847 = LINE('',#9848,#9849);
#9848 = CARTESIAN_POINT('',(33.684677124023,-14.55000019073,
    1.600000023842));
#9849 = VECTOR('',#9850,1.);
#9850 = DIRECTION('',(0.453989928563,0.891006815217,0.));
#9851 = ORIENTED_EDGE('',*,*,#9852,.F.);
#9852 = EDGE_CURVE('',#1553,#9845,#9853,.T.);
#9853 = LINE('',#9854,#9855);
#9854 = CARTESIAN_POINT('',(33.83198928833,-14.26088333129,
    -0.10000000149));
#9855 = VECTOR('',#9856,1.);
#9856 = DIRECTION('',(0.,0.,1.));
#9857 = ORIENTED_EDGE('',*,*,#1552,.F.);
#9858 = PLANE('',#9859);
#9859 = AXIS2_PLACEMENT_3D('',#9860,#9861,#9862);
#9860 = CARTESIAN_POINT('',(33.758333206177,-14.40544176101,
    0.750000011176));
#9861 = DIRECTION('',(-0.891006815217,0.453989928563,0.));
#9862 = DIRECTION('',(-0.453989928563,-0.891006815217,0.));
#9863 = ADVANCED_FACE('',(#9864),#9882,.T.);
#9864 = FACE_BOUND('',#9865,.T.);
#9865 = EDGE_LOOP('',(#9866,#9867,#9875,#9881));
#9866 = ORIENTED_EDGE('',*,*,#9852,.T.);
#9867 = ORIENTED_EDGE('',*,*,#9868,.T.);
#9868 = EDGE_CURVE('',#9845,#9869,#9871,.T.);
#9869 = VERTEX_POINT('',#9870);
#9870 = CARTESIAN_POINT('',(33.948276519775,-13.95795249939,
    1.600000023842));
#9871 = LINE('',#9872,#9873);
#9872 = CARTESIAN_POINT('',(33.83198928833,-14.26088333129,
    1.600000023842));
#9873 = VECTOR('',#9874,1.);
#9874 = DIRECTION('',(0.358375953816,0.933577353906,0.));
#9875 = ORIENTED_EDGE('',*,*,#9876,.F.);
#9876 = EDGE_CURVE('',#1561,#9869,#9877,.T.);
#9877 = LINE('',#9878,#9879);
#9878 = CARTESIAN_POINT('',(33.948276519775,-13.95795249939,
    -0.10000000149));
#9879 = VECTOR('',#9880,1.);
#9880 = DIRECTION('',(0.,0.,1.));
#9881 = ORIENTED_EDGE('',*,*,#1560,.F.);
#9882 = PLANE('',#9883);
#9883 = AXIS2_PLACEMENT_3D('',#9884,#9885,#9886);
#9884 = CARTESIAN_POINT('',(33.890132904053,-14.10941791534,
    0.750000011176));
#9885 = DIRECTION('',(-0.933577353906,0.358375953816,0.));
#9886 = DIRECTION('',(-0.358375953816,-0.933577353906,0.));
#9887 = ADVANCED_FACE('',(#9888),#9906,.T.);
#9888 = FACE_BOUND('',#9889,.T.);
#9889 = EDGE_LOOP('',(#9890,#9891,#9899,#9905));
#9890 = ORIENTED_EDGE('',*,*,#9876,.T.);
#9891 = ORIENTED_EDGE('',*,*,#9892,.T.);
#9892 = EDGE_CURVE('',#9869,#9893,#9895,.T.);
#9893 = VERTEX_POINT('',#9894);
#9894 = CARTESIAN_POINT('',(34.032257080078,-13.64452648162,
    1.600000023842));
#9895 = LINE('',#9896,#9897);
#9896 = CARTESIAN_POINT('',(33.948276519775,-13.95795249939,
    1.600000023842));
#9897 = VECTOR('',#9898,1.);
#9898 = DIRECTION('',(0.258814191315,0.965927126844,0.));
#9899 = ORIENTED_EDGE('',*,*,#9900,.F.);
#9900 = EDGE_CURVE('',#1569,#9893,#9901,.T.);
#9901 = LINE('',#9902,#9903);
#9902 = CARTESIAN_POINT('',(34.032257080078,-13.64452648162,
    -0.10000000149));
#9903 = VECTOR('',#9904,1.);
#9904 = DIRECTION('',(0.,0.,1.));
#9905 = ORIENTED_EDGE('',*,*,#1568,.F.);
#9906 = PLANE('',#9907);
#9907 = AXIS2_PLACEMENT_3D('',#9908,#9909,#9910);
#9908 = CARTESIAN_POINT('',(33.990266799927,-13.8012394905,
    0.750000011176));
#9909 = DIRECTION('',(-0.965927126844,0.258814191315,0.));
#9910 = DIRECTION('',(-0.258814191315,-0.965927126844,0.));
#9911 = ADVANCED_FACE('',(#9912),#9930,.T.);
#9912 = FACE_BOUND('',#9913,.T.);
#9913 = EDGE_LOOP('',(#9914,#9915,#9923,#9929));
#9914 = ORIENTED_EDGE('',*,*,#9900,.T.);
#9915 = ORIENTED_EDGE('',*,*,#9916,.T.);
#9916 = EDGE_CURVE('',#9893,#9917,#9919,.T.);
#9917 = VERTEX_POINT('',#9918);
#9918 = CARTESIAN_POINT('',(34.083019256592,-13.32403850555,
    1.600000023842));
#9919 = LINE('',#9920,#9921);
#9920 = CARTESIAN_POINT('',(34.032257080078,-13.64452648162,
    1.600000023842));
#9921 = VECTOR('',#9922,1.);
#9922 = DIRECTION('',(0.15644008038,0.987687451196,0.));
#9923 = ORIENTED_EDGE('',*,*,#9924,.F.);
#9924 = EDGE_CURVE('',#1577,#9917,#9925,.T.);
#9925 = LINE('',#9926,#9927);
#9926 = CARTESIAN_POINT('',(34.083019256592,-13.32403850555,
    -0.10000000149));
#9927 = VECTOR('',#9928,1.);
#9928 = DIRECTION('',(0.,0.,1.));
#9929 = ORIENTED_EDGE('',*,*,#1576,.F.);
#9930 = PLANE('',#9931);
#9931 = AXIS2_PLACEMENT_3D('',#9932,#9933,#9934);
#9932 = CARTESIAN_POINT('',(34.057638168335,-13.48428249359,
    0.750000011176));
#9933 = DIRECTION('',(-0.987687451196,0.15644008038,0.));
#9934 = DIRECTION('',(-0.15644008038,-0.987687451196,0.));
#9935 = ADVANCED_FACE('',(#9936),#9954,.T.);
#9936 = FACE_BOUND('',#9937,.T.);
#9937 = EDGE_LOOP('',(#9938,#9939,#9947,#9953));
#9938 = ORIENTED_EDGE('',*,*,#9924,.T.);
#9939 = ORIENTED_EDGE('',*,*,#9940,.T.);
#9940 = EDGE_CURVE('',#9917,#9941,#9943,.T.);
#9941 = VERTEX_POINT('',#9942);
#9942 = CARTESIAN_POINT('',(34.099998474121,-13.,1.600000023842));
#9943 = LINE('',#9944,#9945);
#9944 = CARTESIAN_POINT('',(34.083019256592,-13.32403850555,
    1.600000023842));
#9945 = VECTOR('',#9946,1.);
#9946 = DIRECTION('',(5.23269790434E-02,0.998630005189,0.));
#9947 = ORIENTED_EDGE('',*,*,#9948,.T.);
#9948 = EDGE_CURVE('',#9941,#1585,#9949,.T.);
#9949 = LINE('',#9950,#9951);
#9950 = CARTESIAN_POINT('',(34.099998474121,-13.,1.600000023842));
#9951 = VECTOR('',#9952,1.);
#9952 = DIRECTION('',(0.,0.,-1.));
#9953 = ORIENTED_EDGE('',*,*,#1584,.F.);
#9954 = PLANE('',#9955);
#9955 = AXIS2_PLACEMENT_3D('',#9956,#9957,#9958);
#9956 = CARTESIAN_POINT('',(34.091508865356,-13.16201925277,
    0.750000011176));
#9957 = DIRECTION('',(-0.998630005189,5.23269790434E-02,0.));
#9958 = DIRECTION('',(-5.23269790434E-02,-0.998630005189,0.));
#9959 = ADVANCED_FACE('',(#9960),#9971,.T.);
#9960 = FACE_BOUND('',#9961,.T.);
#9961 = EDGE_LOOP('',(#9962,#9963,#9969,#9970));
#9962 = ORIENTED_EDGE('',*,*,#9948,.F.);
#9963 = ORIENTED_EDGE('',*,*,#9964,.T.);
#9964 = EDGE_CURVE('',#9941,#9580,#9965,.T.);
#9965 = LINE('',#9966,#9967);
#9966 = CARTESIAN_POINT('',(34.099998474121,-13.,1.600000023842));
#9967 = VECTOR('',#9968,1.);
#9968 = DIRECTION('',(0.,1.,0.));
#9969 = ORIENTED_EDGE('',*,*,#9589,.F.);
#9970 = ORIENTED_EDGE('',*,*,#1592,.F.);
#9971 = PLANE('',#9972);
#9972 = AXIS2_PLACEMENT_3D('',#9973,#9974,#9975);
#9973 = CARTESIAN_POINT('',(34.099998474121,1.550000190735,
    0.750000011176));
#9974 = DIRECTION('',(-1.,-0.,-0.));
#9975 = DIRECTION('',(0.,0.,-1.));
#9976 = ADVANCED_FACE('',(#9977),#9988,.T.);
#9977 = FACE_BOUND('',#9978,.T.);
#9978 = EDGE_LOOP('',(#9979,#9980,#9981,#9987));
#9979 = ORIENTED_EDGE('',*,*,#9032,.T.);
#9980 = ORIENTED_EDGE('',*,*,#2298,.F.);
#9981 = ORIENTED_EDGE('',*,*,#9982,.T.);
#9982 = EDGE_CURVE('',#2291,#8805,#9983,.T.);
#9983 = LINE('',#9984,#9985);
#9984 = CARTESIAN_POINT('',(-31.,-15.,-0.10000000149));
#9985 = VECTOR('',#9986,1.);
#9986 = DIRECTION('',(0.,0.,-1.));
#9987 = ORIENTED_EDGE('',*,*,#8804,.T.);
#9988 = PLANE('',#9989);
#9989 = AXIS2_PLACEMENT_3D('',#9990,#9991,#9992);
#9990 = CARTESIAN_POINT('',(-31.10452842712,-14.99452209472,
    -0.600000012666));
#9991 = DIRECTION('',(5.233407490429E-02,0.99862963335,0.));
#9992 = DIRECTION('',(0.99862963335,-5.233407490429E-02,0.));
#9993 = ADVANCED_FACE('',(#9994),#10000,.T.);
#9994 = FACE_BOUND('',#9995,.T.);
#9995 = EDGE_LOOP('',(#9996,#9997,#9998,#9999));
#9996 = ORIENTED_EDGE('',*,*,#8716,.T.);
#9997 = ORIENTED_EDGE('',*,*,#9009,.T.);
#9998 = ORIENTED_EDGE('',*,*,#2386,.F.);
#9999 = ORIENTED_EDGE('',*,*,#8879,.F.);
#10000 = PLANE('',#10001);
#10001 = AXIS2_PLACEMENT_3D('',#10002,#10003,#10004);
#10002 = CARTESIAN_POINT('',(-32.8646030426,-13.71575403213,
    -0.600000012666));
#10003 = DIRECTION('',(0.933578000519,0.35837426937,0.));
#10004 = DIRECTION('',(-0.35837426937,0.933578000519,0.));
#10005 = ADVANCED_FACE('',(#10006),#10017,.T.);
#10006 = FACE_BOUND('',#10007,.T.);
#10007 = EDGE_LOOP('',(#10008,#10009,#10010,#10011));
#10008 = ORIENTED_EDGE('',*,*,#8756,.T.);
#10009 = ORIENTED_EDGE('',*,*,#8959,.T.);
#10010 = ORIENTED_EDGE('',*,*,#2346,.F.);
#10011 = ORIENTED_EDGE('',*,*,#10012,.F.);
#10012 = EDGE_CURVE('',#8757,#2339,#10013,.T.);
#10013 = LINE('',#10014,#10015);
#10014 = CARTESIAN_POINT('',(-32.17557144165,-14.61803436279,
    -1.100000023842));
#10015 = VECTOR('',#10016,1.);
#10016 = DIRECTION('',(0.,0.,1.));
#10017 = PLANE('',#10018);
#10018 = AXIS2_PLACEMENT_3D('',#10019,#10020,#10021);
#10019 = CARTESIAN_POINT('',(-32.25691604614,-14.55216217041,
    -0.600000012666));
#10020 = DIRECTION('',(0.629324028917,0.777143015556,0.));
#10021 = DIRECTION('',(0.777143015556,-0.629324028917,0.));
#10022 = ADVANCED_FACE('',(#10023),#10034,.T.);
#10023 = FACE_BOUND('',#10024,.T.);
#10024 = EDGE_LOOP('',(#10025,#10026,#10027,#10033));
#10025 = ORIENTED_EDGE('',*,*,#8941,.T.);
#10026 = ORIENTED_EDGE('',*,*,#2322,.F.);
#10027 = ORIENTED_EDGE('',*,*,#10028,.F.);
#10028 = EDGE_CURVE('',#8781,#2315,#10029,.T.);
#10029 = LINE('',#10030,#10031);
#10030 = CARTESIAN_POINT('',(-31.61803436279,-14.90211296081,
    -1.100000023842));
#10031 = VECTOR('',#10032,1.);
#10032 = DIRECTION('',(0.,0.,1.));
#10033 = ORIENTED_EDGE('',*,*,#8780,.T.);
#10034 = PLANE('',#10035);
#10035 = AXIS2_PLACEMENT_3D('',#10036,#10037,#10038);
#10036 = CARTESIAN_POINT('',(-31.71575355529,-14.86460208892,
    -0.600000012666));
#10037 = DIRECTION('',(0.358367852554,0.933580463729,0.));
#10038 = DIRECTION('',(0.933580463729,-0.358367852554,0.));
#10039 = ADVANCED_FACE('',(#10040),#10046,.T.);
#10040 = FACE_BOUND('',#10041,.T.);
#10041 = EDGE_LOOP('',(#10042,#10043,#10044,#10045));
#10042 = ORIENTED_EDGE('',*,*,#8764,.T.);
#10043 = ORIENTED_EDGE('',*,*,#10012,.T.);
#10044 = ORIENTED_EDGE('',*,*,#2338,.F.);
#10045 = ORIENTED_EDGE('',*,*,#8934,.F.);
#10046 = PLANE('',#10047);
#10047 = AXIS2_PLACEMENT_3D('',#10048,#10049,#10050);
#10048 = CARTESIAN_POINT('',(-32.08778572082,-14.67504262924,
    -0.600000012666));
#10049 = DIRECTION('',(0.544636029755,0.838672519576,0.));
#10050 = DIRECTION('',(0.838672519576,-0.544636029755,0.));
#10051 = ADVANCED_FACE('',(#10052),#10058,.T.);
#10052 = FACE_BOUND('',#10053,.T.);
#10053 = EDGE_LOOP('',(#10054,#10055,#10056,#10057));
#10054 = ORIENTED_EDGE('',*,*,#10028,.T.);
#10055 = ORIENTED_EDGE('',*,*,#2314,.F.);
#10056 = ORIENTED_EDGE('',*,*,#9025,.F.);
#10057 = ORIENTED_EDGE('',*,*,#8788,.T.);
#10058 = PLANE('',#10059);
#10059 = AXIS2_PLACEMENT_3D('',#10060,#10061,#10062);
#10060 = CARTESIAN_POINT('',(-31.51692867279,-14.92920398712,
    -0.600000012666));
#10061 = DIRECTION('',(0.25881760394,0.965926212446,0.));
#10062 = DIRECTION('',(0.965926212446,-0.25881760394,0.));
#10063 = ADVANCED_FACE('',(#10064),#10075,.T.);
#10064 = FACE_BOUND('',#10065,.T.);
#10065 = EDGE_LOOP('',(#10066,#10067,#10068,#10074));
#10066 = ORIENTED_EDGE('',*,*,#9982,.F.);
#10067 = ORIENTED_EDGE('',*,*,#2290,.F.);
#10068 = ORIENTED_EDGE('',*,*,#10069,.T.);
#10069 = EDGE_CURVE('',#2283,#8813,#10070,.T.);
#10070 = LINE('',#10071,#10072);
#10071 = CARTESIAN_POINT('',(31.,-15.,-0.10000000149));
#10072 = VECTOR('',#10073,1.);
#10073 = DIRECTION('',(0.,0.,-1.));
#10074 = ORIENTED_EDGE('',*,*,#8812,.T.);
#10075 = PLANE('',#10076);
#10076 = AXIS2_PLACEMENT_3D('',#10077,#10078,#10079);
#10077 = CARTESIAN_POINT('',(0.,-15.,-0.600000012666));
#10078 = DIRECTION('',(0.,1.,0.));
#10079 = DIRECTION('',(0.,0.,1.));
#10080 = ADVANCED_FACE('',(#10081),#10092,.T.);
#10081 = FACE_BOUND('',#10082,.T.);
#10082 = EDGE_LOOP('',(#10083,#10084,#10085,#10086));
#10083 = ORIENTED_EDGE('',*,*,#1890,.F.);
#10084 = ORIENTED_EDGE('',*,*,#8835,.F.);
#10085 = ORIENTED_EDGE('',*,*,#8412,.F.);
#10086 = ORIENTED_EDGE('',*,*,#10087,.T.);
#10087 = EDGE_CURVE('',#8405,#1891,#10088,.T.);
#10088 = LINE('',#10089,#10090);
#10089 = CARTESIAN_POINT('',(33.,15.,-1.100000023842));
#10090 = VECTOR('',#10091,1.);
#10091 = DIRECTION('',(0.,0.,1.));
#10092 = PLANE('',#10093);
#10093 = AXIS2_PLACEMENT_3D('',#10094,#10095,#10096);
#10094 = CARTESIAN_POINT('',(0.,15.,-0.600000012666));
#10095 = DIRECTION('',(-0.,-1.,-0.));
#10096 = DIRECTION('',(0.,0.,-1.));
#10097 = ADVANCED_FACE('',(#10098),#10104,.T.);
#10098 = FACE_BOUND('',#10099,.T.);
#10099 = EDGE_LOOP('',(#10100,#10101,#10102,#10103));
#10100 = ORIENTED_EDGE('',*,*,#10069,.F.);
#10101 = ORIENTED_EDGE('',*,*,#2282,.F.);
#10102 = ORIENTED_EDGE('',*,*,#8004,.F.);
#10103 = ORIENTED_EDGE('',*,*,#8820,.T.);
#10104 = PLANE('',#10105);
#10105 = AXIS2_PLACEMENT_3D('',#10106,#10107,#10108);
#10106 = CARTESIAN_POINT('',(31.104528427124,-14.99452209472,
    -0.600000012666));
#10107 = DIRECTION('',(-5.233407490429E-02,0.99862963335,0.));
#10108 = DIRECTION('',(0.99862963335,5.233407490429E-02,0.));
#10109 = ADVANCED_FACE('',(#10110),#10121,.T.);
#10110 = FACE_BOUND('',#10111,.T.);
#10111 = EDGE_LOOP('',(#10112,#10113,#10114,#10120));
#10112 = ORIENTED_EDGE('',*,*,#8013,.T.);
#10113 = ORIENTED_EDGE('',*,*,#2266,.F.);
#10114 = ORIENTED_EDGE('',*,*,#10115,.F.);
#10115 = EDGE_CURVE('',#8037,#2259,#10116,.T.);
#10116 = LINE('',#10117,#10118);
#10117 = CARTESIAN_POINT('',(31.618034362793,-14.90211296081,
    -1.100000023842));
#10118 = VECTOR('',#10119,1.);
#10119 = DIRECTION('',(0.,0.,1.));
#10120 = ORIENTED_EDGE('',*,*,#8036,.F.);
#10121 = PLANE('',#10122);
#10122 = AXIS2_PLACEMENT_3D('',#10123,#10124,#10125);
#10123 = CARTESIAN_POINT('',(31.516928672791,-14.92920398712,
    -0.600000012666));
#10124 = DIRECTION('',(-0.25881760394,0.965926212446,0.));
#10125 = DIRECTION('',(0.965926212446,0.25881760394,0.));
#10126 = ADVANCED_FACE('',(#10127),#10138,.T.);
#10127 = FACE_BOUND('',#10128,.T.);
#10128 = EDGE_LOOP('',(#10129,#10130,#10131,#10137));
#10129 = ORIENTED_EDGE('',*,*,#10115,.T.);
#10130 = ORIENTED_EDGE('',*,*,#2258,.F.);
#10131 = ORIENTED_EDGE('',*,*,#10132,.F.);
#10132 = EDGE_CURVE('',#8045,#2251,#10133,.T.);
#10133 = LINE('',#10134,#10135);
#10134 = CARTESIAN_POINT('',(31.813472747803,-14.82709121704,
    -1.100000023842));
#10135 = VECTOR('',#10136,1.);
#10136 = DIRECTION('',(0.,0.,1.));
#10137 = ORIENTED_EDGE('',*,*,#8044,.F.);
#10138 = PLANE('',#10139);
#10139 = AXIS2_PLACEMENT_3D('',#10140,#10141,#10142);
#10140 = CARTESIAN_POINT('',(31.715753555298,-14.86460208892,
    -0.600000012666));
#10141 = DIRECTION('',(-0.358367852554,0.933580463729,0.));
#10142 = DIRECTION('',(0.933580463729,0.358367852554,0.));
#10143 = ADVANCED_FACE('',(#10144),#10155,.T.);
#10144 = FACE_BOUND('',#10145,.T.);
#10145 = EDGE_LOOP('',(#10146,#10147,#10148,#10154));
#10146 = ORIENTED_EDGE('',*,*,#10132,.T.);
#10147 = ORIENTED_EDGE('',*,*,#2250,.F.);
#10148 = ORIENTED_EDGE('',*,*,#10149,.F.);
#10149 = EDGE_CURVE('',#8053,#2243,#10150,.T.);
#10150 = LINE('',#10151,#10152);
#10151 = CARTESIAN_POINT('',(32.,-14.73205089569,-1.100000023842));
#10152 = VECTOR('',#10153,1.);
#10153 = DIRECTION('',(0.,0.,1.));
#10154 = ORIENTED_EDGE('',*,*,#8052,.F.);
#10155 = PLANE('',#10156);
#10156 = AXIS2_PLACEMENT_3D('',#10157,#10158,#10159);
#10157 = CARTESIAN_POINT('',(31.906736373901,-14.77957105636,
    -0.600000012666));
#10158 = DIRECTION('',(-0.453990269667,0.891006641416,0.));
#10159 = DIRECTION('',(0.891006641416,0.453990269667,0.));
#10160 = ADVANCED_FACE('',(#10161),#10172,.T.);
#10161 = FACE_BOUND('',#10162,.T.);
#10162 = EDGE_LOOP('',(#10163,#10164,#10165,#10171));
#10163 = ORIENTED_EDGE('',*,*,#10149,.T.);
#10164 = ORIENTED_EDGE('',*,*,#2242,.F.);
#10165 = ORIENTED_EDGE('',*,*,#10166,.F.);
#10166 = EDGE_CURVE('',#8061,#2235,#10167,.T.);
#10167 = LINE('',#10168,#10169);
#10168 = CARTESIAN_POINT('',(32.17557144165,-14.61803436279,
    -1.100000023842));
#10169 = VECTOR('',#10170,1.);
#10170 = DIRECTION('',(0.,0.,1.));
#10171 = ORIENTED_EDGE('',*,*,#8060,.F.);
#10172 = PLANE('',#10173);
#10173 = AXIS2_PLACEMENT_3D('',#10174,#10175,#10176);
#10174 = CARTESIAN_POINT('',(32.087785720825,-14.67504262924,
    -0.600000012666));
#10175 = DIRECTION('',(-0.544636029755,0.838672519576,0.));
#10176 = DIRECTION('',(0.838672519576,0.544636029755,0.));
#10177 = ADVANCED_FACE('',(#10178),#10189,.T.);
#10178 = FACE_BOUND('',#10179,.T.);
#10179 = EDGE_LOOP('',(#10180,#10181,#10182,#10188));
#10180 = ORIENTED_EDGE('',*,*,#10166,.T.);
#10181 = ORIENTED_EDGE('',*,*,#2234,.F.);
#10182 = ORIENTED_EDGE('',*,*,#10183,.F.);
#10183 = EDGE_CURVE('',#8069,#2227,#10184,.T.);
#10184 = LINE('',#10185,#10186);
#10185 = CARTESIAN_POINT('',(32.338260650635,-14.48628997802,
    -1.100000023842));
#10186 = VECTOR('',#10187,1.);
#10187 = DIRECTION('',(0.,0.,1.));
#10188 = ORIENTED_EDGE('',*,*,#8068,.F.);
#10189 = PLANE('',#10190);
#10190 = AXIS2_PLACEMENT_3D('',#10191,#10192,#10193);
#10191 = CARTESIAN_POINT('',(32.256916046143,-14.55216217041,
    -0.600000012666));
#10192 = DIRECTION('',(-0.629324028917,0.777143015556,0.));
#10193 = DIRECTION('',(0.777143015556,0.629324028917,0.));
#10194 = ADVANCED_FACE('',(#10195),#10206,.T.);
#10195 = FACE_BOUND('',#10196,.T.);
#10196 = EDGE_LOOP('',(#10197,#10198,#10199,#10205));
#10197 = ORIENTED_EDGE('',*,*,#10183,.T.);
#10198 = ORIENTED_EDGE('',*,*,#2226,.F.);
#10199 = ORIENTED_EDGE('',*,*,#10200,.F.);
#10200 = EDGE_CURVE('',#8077,#2219,#10201,.T.);
#10201 = LINE('',#10202,#10203);
#10202 = CARTESIAN_POINT('',(32.486289978027,-14.3382616043,
    -1.100000023842));
#10203 = VECTOR('',#10204,1.);
#10204 = DIRECTION('',(0.,0.,1.));
#10205 = ORIENTED_EDGE('',*,*,#8076,.F.);
#10206 = PLANE('',#10207);
#10207 = AXIS2_PLACEMENT_3D('',#10208,#10209,#10210);
#10208 = CARTESIAN_POINT('',(32.412275314331,-14.41227579116,
    -0.600000012666));
#10209 = DIRECTION('',(-0.707104503419,0.707109058947,0.));
#10210 = DIRECTION('',(0.707109058947,0.707104503419,0.));
#10211 = ADVANCED_FACE('',(#10212),#10223,.T.);
#10212 = FACE_BOUND('',#10213,.T.);
#10213 = EDGE_LOOP('',(#10214,#10215,#10216,#10222));
#10214 = ORIENTED_EDGE('',*,*,#10200,.T.);
#10215 = ORIENTED_EDGE('',*,*,#2218,.F.);
#10216 = ORIENTED_EDGE('',*,*,#10217,.F.);
#10217 = EDGE_CURVE('',#8085,#2211,#10218,.T.);
#10218 = LINE('',#10219,#10220);
#10219 = CARTESIAN_POINT('',(32.618034362793,-14.17557048797,
    -1.100000023842));
#10220 = VECTOR('',#10221,1.);
#10221 = DIRECTION('',(0.,0.,1.));
#10222 = ORIENTED_EDGE('',*,*,#8084,.F.);
#10223 = PLANE('',#10224);
#10224 = AXIS2_PLACEMENT_3D('',#10225,#10226,#10227);
#10225 = CARTESIAN_POINT('',(32.55216217041,-14.25691604614,
    -0.600000012666));
#10226 = DIRECTION('',(-0.77714662397,0.629319572914,0.));
#10227 = DIRECTION('',(-0.629319572914,-0.77714662397,0.));
#10228 = ADVANCED_FACE('',(#10229),#10240,.T.);
#10229 = FACE_BOUND('',#10230,.T.);
#10230 = EDGE_LOOP('',(#10231,#10232,#10233,#10239));
#10231 = ORIENTED_EDGE('',*,*,#10217,.T.);
#10232 = ORIENTED_EDGE('',*,*,#2210,.F.);
#10233 = ORIENTED_EDGE('',*,*,#10234,.F.);
#10234 = EDGE_CURVE('',#8093,#2203,#10235,.T.);
#10235 = LINE('',#10236,#10237);
#10236 = CARTESIAN_POINT('',(32.732051849365,-14.,-1.100000023842));
#10237 = VECTOR('',#10238,1.);
#10238 = DIRECTION('',(0.,0.,1.));
#10239 = ORIENTED_EDGE('',*,*,#8092,.F.);
#10240 = PLANE('',#10241);
#10241 = AXIS2_PLACEMENT_3D('',#10242,#10243,#10244);
#10242 = CARTESIAN_POINT('',(32.675043106079,-14.08778524398,
    -0.600000012666));
#10243 = DIRECTION('',(-0.838669087422,0.544641314814,0.));
#10244 = DIRECTION('',(-0.544641314814,-0.838669087422,0.));
#10245 = ADVANCED_FACE('',(#10246),#10257,.T.);
#10246 = FACE_BOUND('',#10247,.T.);
#10247 = EDGE_LOOP('',(#10248,#10249,#10250,#10256));
#10248 = ORIENTED_EDGE('',*,*,#10234,.T.);
#10249 = ORIENTED_EDGE('',*,*,#2202,.F.);
#10250 = ORIENTED_EDGE('',*,*,#10251,.F.);
#10251 = EDGE_CURVE('',#8101,#2195,#10252,.T.);
#10252 = LINE('',#10253,#10254);
#10253 = CARTESIAN_POINT('',(32.827091217041,-13.81347370147,
    -1.100000023842));
#10254 = VECTOR('',#10255,1.);
#10255 = DIRECTION('',(0.,0.,1.));
#10256 = ORIENTED_EDGE('',*,*,#8100,.F.);
#10257 = PLANE('',#10258);
#10258 = AXIS2_PLACEMENT_3D('',#10259,#10260,#10261);
#10259 = CARTESIAN_POINT('',(32.779571533203,-13.90673685073,
    -0.600000012666));
#10260 = DIRECTION('',(-0.891007545242,0.453988495803,0.));
#10261 = DIRECTION('',(-0.453988495803,-0.891007545242,0.));
#10262 = ADVANCED_FACE('',(#10263),#10274,.T.);
#10263 = FACE_BOUND('',#10264,.T.);
#10264 = EDGE_LOOP('',(#10265,#10266,#10267,#10273));
#10265 = ORIENTED_EDGE('',*,*,#10251,.T.);
#10266 = ORIENTED_EDGE('',*,*,#2194,.F.);
#10267 = ORIENTED_EDGE('',*,*,#10268,.F.);
#10268 = EDGE_CURVE('',#8109,#2187,#10269,.T.);
#10269 = LINE('',#10270,#10271);
#10270 = CARTESIAN_POINT('',(32.902114868164,-13.61803436279,
    -1.100000023842));
#10271 = VECTOR('',#10272,1.);
#10272 = DIRECTION('',(0.,0.,1.));
#10273 = ORIENTED_EDGE('',*,*,#8108,.F.);
#10274 = PLANE('',#10275);
#10275 = AXIS2_PLACEMENT_3D('',#10276,#10277,#10278);
#10276 = CARTESIAN_POINT('',(32.864603042603,-13.71575403213,
    -0.600000012666));
#10277 = DIRECTION('',(-0.933578000519,0.35837426937,0.));
#10278 = DIRECTION('',(-0.35837426937,-0.933578000519,0.));
#10279 = ADVANCED_FACE('',(#10280),#10291,.T.);
#10280 = FACE_BOUND('',#10281,.T.);
#10281 = EDGE_LOOP('',(#10282,#10283,#10284,#10290));
#10282 = ORIENTED_EDGE('',*,*,#10268,.T.);
#10283 = ORIENTED_EDGE('',*,*,#2186,.F.);
#10284 = ORIENTED_EDGE('',*,*,#10285,.F.);
#10285 = EDGE_CURVE('',#8117,#2179,#10286,.T.);
#10286 = LINE('',#10287,#10288);
#10287 = CARTESIAN_POINT('',(32.956295013428,-13.41582298278,
    -1.100000023842));
#10288 = VECTOR('',#10289,1.);
#10289 = DIRECTION('',(0.,0.,1.));
#10290 = ORIENTED_EDGE('',*,*,#8116,.F.);
#10291 = PLANE('',#10292);
#10292 = AXIS2_PLACEMENT_3D('',#10293,#10294,#10295);
#10293 = CARTESIAN_POINT('',(32.929204940796,-13.51692867279,
    -0.600000012666));
#10294 = DIRECTION('',(-0.965928490165,0.258809103178,0.));
#10295 = DIRECTION('',(-0.258809103178,-0.965928490165,0.));
#10296 = ADVANCED_FACE('',(#10297),#10308,.T.);
#10297 = FACE_BOUND('',#10298,.T.);
#10298 = EDGE_LOOP('',(#10299,#10300,#10301,#10307));
#10299 = ORIENTED_EDGE('',*,*,#10285,.T.);
#10300 = ORIENTED_EDGE('',*,*,#2178,.F.);
#10301 = ORIENTED_EDGE('',*,*,#10302,.F.);
#10302 = EDGE_CURVE('',#8125,#2171,#10303,.T.);
#10303 = LINE('',#10304,#10305);
#10304 = CARTESIAN_POINT('',(32.989044189453,-13.20905685424,
    -1.100000023842));
#10305 = VECTOR('',#10306,1.);
#10306 = DIRECTION('',(0.,0.,1.));
#10307 = ORIENTED_EDGE('',*,*,#8124,.F.);
#10308 = PLANE('',#10309);
#10309 = AXIS2_PLACEMENT_3D('',#10310,#10311,#10312);
#10310 = CARTESIAN_POINT('',(32.97266960144,-13.31243991851,
    -0.600000012666));
#10311 = DIRECTION('',(-0.987687869354,0.15643744031,0.));
#10312 = DIRECTION('',(-0.15643744031,-0.987687869354,0.));
#10313 = ADVANCED_FACE('',(#10314),#10325,.T.);
#10314 = FACE_BOUND('',#10315,.T.);
#10315 = EDGE_LOOP('',(#10316,#10317,#10318,#10324));
#10316 = ORIENTED_EDGE('',*,*,#10302,.T.);
#10317 = ORIENTED_EDGE('',*,*,#2170,.F.);
#10318 = ORIENTED_EDGE('',*,*,#10319,.T.);
#10319 = EDGE_CURVE('',#2163,#8133,#10320,.T.);
#10320 = LINE('',#10321,#10322);
#10321 = CARTESIAN_POINT('',(33.,-13.,-0.10000000149));
#10322 = VECTOR('',#10323,1.);
#10323 = DIRECTION('',(0.,0.,-1.));
#10324 = ORIENTED_EDGE('',*,*,#8132,.F.);
#10325 = PLANE('',#10326);
#10326 = AXIS2_PLACEMENT_3D('',#10327,#10328,#10329);
#10327 = CARTESIAN_POINT('',(32.994522094727,-13.10452842712,
    -0.600000012666));
#10328 = DIRECTION('',(-0.99862963335,5.233407490429E-02,0.));
#10329 = DIRECTION('',(-5.233407490429E-02,-0.99862963335,0.));
#10330 = ADVANCED_FACE('',(#10331),#10342,.T.);
#10331 = FACE_BOUND('',#10332,.T.);
#10332 = EDGE_LOOP('',(#10333,#10334,#10335,#10341));
#10333 = ORIENTED_EDGE('',*,*,#10319,.F.);
#10334 = ORIENTED_EDGE('',*,*,#2162,.F.);
#10335 = ORIENTED_EDGE('',*,*,#10336,.T.);
#10336 = EDGE_CURVE('',#2155,#8141,#10337,.T.);
#10337 = LINE('',#10338,#10339);
#10338 = CARTESIAN_POINT('',(33.,1.299999952316,-0.10000000149));
#10339 = VECTOR('',#10340,1.);
#10340 = DIRECTION('',(0.,0.,-1.));
#10341 = ORIENTED_EDGE('',*,*,#8140,.T.);
#10342 = PLANE('',#10343);
#10343 = AXIS2_PLACEMENT_3D('',#10344,#10345,#10346);
#10344 = CARTESIAN_POINT('',(33.,-5.850000023842,-0.600000012666));
#10345 = DIRECTION('',(-1.,-0.,-0.));
#10346 = DIRECTION('',(0.,0.,-1.));
#10347 = ADVANCED_FACE('',(#10348),#10359,.T.);
#10348 = FACE_BOUND('',#10349,.T.);
#10349 = EDGE_LOOP('',(#10350,#10356,#10357,#10358));
#10350 = ORIENTED_EDGE('',*,*,#10351,.T.);
#10351 = EDGE_CURVE('',#8397,#1899,#10352,.T.);
#10352 = LINE('',#10353,#10354);
#10353 = CARTESIAN_POINT('',(33.,9.300000190735,-1.100000023842));
#10354 = VECTOR('',#10355,1.);
#10355 = DIRECTION('',(0.,0.,1.));
#10356 = ORIENTED_EDGE('',*,*,#1898,.F.);
#10357 = ORIENTED_EDGE('',*,*,#10087,.F.);
#10358 = ORIENTED_EDGE('',*,*,#8404,.F.);
#10359 = PLANE('',#10360);
#10360 = AXIS2_PLACEMENT_3D('',#10361,#10362,#10363);
#10361 = CARTESIAN_POINT('',(33.,12.150000095367,-0.600000012666));
#10362 = DIRECTION('',(-1.,-0.,-0.));
#10363 = DIRECTION('',(0.,0.,-1.));
#10364 = ADVANCED_FACE('',(#10365),#10383,.T.);
#10365 = FACE_BOUND('',#10366,.T.);
#10366 = EDGE_LOOP('',(#10367,#10368,#10376,#10382));
#10367 = ORIENTED_EDGE('',*,*,#1328,.F.);
#10368 = ORIENTED_EDGE('',*,*,#10369,.F.);
#10369 = EDGE_CURVE('',#10370,#1321,#10372,.T.);
#10370 = VERTEX_POINT('',#10371);
#10371 = CARTESIAN_POINT('',(-34.,-10.86246109008,-0.123803459108));
#10372 = LINE('',#10373,#10374);
#10373 = CARTESIAN_POINT('',(-34.,-10.86246109008,-0.123803459108));
#10374 = VECTOR('',#10375,1.);
#10375 = DIRECTION('',(0.,-0.933579816004,0.35836953993));
#10376 = ORIENTED_EDGE('',*,*,#10377,.F.);
#10377 = EDGE_CURVE('',#7748,#10370,#10378,.T.);
#10378 = LINE('',#10379,#10380);
#10379 = CARTESIAN_POINT('',(-35.09999847412,-10.86246109008,
    -0.123803459108));
#10380 = VECTOR('',#10381,1.);
#10381 = DIRECTION('',(1.,0.,0.));
#10382 = ORIENTED_EDGE('',*,*,#7928,.T.);
#10383 = PLANE('',#10384);
#10384 = AXIS2_PLACEMENT_3D('',#10385,#10386,#10387);
#10385 = CARTESIAN_POINT('',(-34.53394472218,-10.87979915042,
    -0.117147967419));
#10386 = DIRECTION('',(0.,0.35836953993,0.933579816004));
#10387 = DIRECTION('',(0.,0.933579816004,-0.35836953993));
#10388 = ADVANCED_FACE('',(#10389),#10455,.T.);
#10389 = FACE_BOUND('',#10390,.T.);
#10390 = EDGE_LOOP('',(#10391,#10392,#10393,#10401,#10409,#10417,#10425,
    #10433,#10441,#10449));
#10391 = ORIENTED_EDGE('',*,*,#10369,.T.);
#10392 = ORIENTED_EDGE('',*,*,#1318,.F.);
#10393 = ORIENTED_EDGE('',*,*,#10394,.T.);
#10394 = EDGE_CURVE('',#1319,#10395,#10397,.T.);
#10395 = VERTEX_POINT('',#10396);
#10396 = CARTESIAN_POINT('',(-34.,-2.837538719177,-0.123803459108));
#10397 = LINE('',#10398,#10399);
#10398 = CARTESIAN_POINT('',(-34.,-2.775528669357,-0.10000000149));
#10399 = VECTOR('',#10400,1.);
#10400 = DIRECTION('',(0.,-0.933580276994,-0.358368339015));
#10401 = ORIENTED_EDGE('',*,*,#10402,.T.);
#10402 = EDGE_CURVE('',#10395,#10403,#10405,.T.);
#10403 = VERTEX_POINT('',#10404);
#10404 = CARTESIAN_POINT('',(-34.,-3.201517820358,-0.221331357956));
#10405 = LINE('',#10406,#10407);
#10406 = CARTESIAN_POINT('',(-34.,-2.837538719177,-0.123803459108));
#10407 = VECTOR('',#10408,1.);
#10408 = DIRECTION('',(0.,-0.965925831182,-0.258819026841));
#10409 = ORIENTED_EDGE('',*,*,#10410,.T.);
#10410 = EDGE_CURVE('',#10403,#10411,#10413,.T.);
#10411 = VERTEX_POINT('',#10412);
#10412 = CARTESIAN_POINT('',(-34.,-3.573697566986,-0.28027883172));
#10413 = LINE('',#10414,#10415);
#10414 = CARTESIAN_POINT('',(-34.,-3.201517820358,-0.221331357956));
#10415 = VECTOR('',#10416,1.);
#10416 = DIRECTION('',(0.,-0.987688343509,-0.156434446646));
#10417 = ORIENTED_EDGE('',*,*,#10418,.F.);
#10418 = EDGE_CURVE('',#10419,#10411,#10421,.T.);
#10419 = VERTEX_POINT('',#10420);
#10420 = CARTESIAN_POINT('',(-34.,-3.950000047684,-0.300000011921));
#10421 = LINE('',#10422,#10423);
#10422 = CARTESIAN_POINT('',(-34.,-3.950000047684,-0.300000011921));
#10423 = VECTOR('',#10424,1.);
#10424 = DIRECTION('',(0.,0.998629534359,5.233596378161E-02));
#10425 = ORIENTED_EDGE('',*,*,#10426,.F.);
#10426 = EDGE_CURVE('',#10427,#10419,#10429,.T.);
#10427 = VERTEX_POINT('',#10428);
#10428 = CARTESIAN_POINT('',(-34.,-9.75,-0.300000011921));
#10429 = LINE('',#10430,#10431);
#10430 = CARTESIAN_POINT('',(-34.,-9.75,-0.300000011921));
#10431 = VECTOR('',#10432,1.);
#10432 = DIRECTION('',(0.,1.,0.));
#10433 = ORIENTED_EDGE('',*,*,#10434,.F.);
#10434 = EDGE_CURVE('',#10435,#10427,#10437,.T.);
#10435 = VERTEX_POINT('',#10436);
#10436 = CARTESIAN_POINT('',(-34.,-10.12630271911,-0.28027883172));
#10437 = LINE('',#10438,#10439);
#10438 = CARTESIAN_POINT('',(-34.,-10.12630271911,-0.28027883172));
#10439 = VECTOR('',#10440,1.);
#10440 = DIRECTION('',(0.,0.998629536093,-5.233593071332E-02));
#10441 = ORIENTED_EDGE('',*,*,#10442,.F.);
#10442 = EDGE_CURVE('',#10443,#10435,#10445,.T.);
#10443 = VERTEX_POINT('',#10444);
#10444 = CARTESIAN_POINT('',(-34.,-10.49848175048,-0.221331357956));
#10445 = LINE('',#10446,#10447);
#10446 = CARTESIAN_POINT('',(-34.,-10.49848175048,-0.221331357956));
#10447 = VECTOR('',#10448,1.);
#10448 = DIRECTION('',(0.,0.987688297058,-0.156434739925));
#10449 = ORIENTED_EDGE('',*,*,#10450,.T.);
#10450 = EDGE_CURVE('',#10443,#10370,#10451,.T.);
#10451 = LINE('',#10452,#10453);
#10452 = CARTESIAN_POINT('',(-34.,-10.49848175048,-0.221331357956));
#10453 = VECTOR('',#10454,1.);
#10454 = DIRECTION('',(0.,-0.965925873566,0.258818868663));
#10455 = PLANE('',#10456);
#10456 = AXIS2_PLACEMENT_3D('',#10457,#10458,#10459);
#10457 = CARTESIAN_POINT('',(-34.,-6.849999789487,-0.190145413238));
#10458 = DIRECTION('',(-1.,-0.,-0.));
#10459 = DIRECTION('',(0.,0.,-1.));
#10460 = ADVANCED_FACE('',(#10461),#10472,.T.);
#10461 = FACE_BOUND('',#10462,.T.);
#10462 = EDGE_LOOP('',(#10463,#10464,#10465,#10471));
#10463 = ORIENTED_EDGE('',*,*,#10377,.T.);
#10464 = ORIENTED_EDGE('',*,*,#10450,.F.);
#10465 = ORIENTED_EDGE('',*,*,#10466,.F.);
#10466 = EDGE_CURVE('',#7756,#10443,#10467,.T.);
#10467 = LINE('',#10468,#10469);
#10468 = CARTESIAN_POINT('',(-35.09999847412,-10.49848175048,
    -0.221331357956));
#10469 = VECTOR('',#10470,1.);
#10470 = DIRECTION('',(1.,0.,0.));
#10471 = ORIENTED_EDGE('',*,*,#7755,.T.);
#10472 = PLANE('',#10473);
#10473 = AXIS2_PLACEMENT_3D('',#10474,#10475,#10476);
#10474 = CARTESIAN_POINT('',(-34.54999923706,-10.68047142028,
    -0.172567408532));
#10475 = DIRECTION('',(0.,0.258818868663,0.965925873566));
#10476 = DIRECTION('',(0.,0.965925873566,-0.258818868663));
#10477 = ADVANCED_FACE('',(#10478),#10484,.T.);
#10478 = FACE_BOUND('',#10479,.T.);
#10479 = EDGE_LOOP('',(#10480,#10481,#10482,#10483));
#10480 = ORIENTED_EDGE('',*,*,#9415,.F.);
#10481 = ORIENTED_EDGE('',*,*,#7899,.F.);
#10482 = ORIENTED_EDGE('',*,*,#7739,.T.);
#10483 = ORIENTED_EDGE('',*,*,#7990,.T.);
#10484 = PLANE('',#10485);
#10485 = AXIS2_PLACEMENT_3D('',#10486,#10487,#10488);
#10486 = CARTESIAN_POINT('',(-34.59999847412,-11.38212585449,
    9.677244629711E-02));
#10487 = DIRECTION('',(0.,0.453989854286,0.891006853063));
#10488 = DIRECTION('',(0.,0.891006853063,-0.453989854286));
#10489 = ADVANCED_FACE('',(#10490),#10501,.T.);
#10490 = FACE_BOUND('',#10491,.T.);
#10491 = EDGE_LOOP('',(#10492,#10493,#10499,#10500));
#10492 = ORIENTED_EDGE('',*,*,#10442,.T.);
#10493 = ORIENTED_EDGE('',*,*,#10494,.T.);
#10494 = EDGE_CURVE('',#10435,#7764,#10495,.T.);
#10495 = LINE('',#10496,#10497);
#10496 = CARTESIAN_POINT('',(-34.,-10.12630271911,-0.28027883172));
#10497 = VECTOR('',#10498,1.);
#10498 = DIRECTION('',(-1.,0.,0.));
#10499 = ORIENTED_EDGE('',*,*,#7763,.T.);
#10500 = ORIENTED_EDGE('',*,*,#10466,.T.);
#10501 = PLANE('',#10502);
#10502 = AXIS2_PLACEMENT_3D('',#10503,#10504,#10505);
#10503 = CARTESIAN_POINT('',(-34.54999923706,-10.3123922348,
    -0.250805094838));
#10504 = DIRECTION('',(0.,0.156434739925,0.987688297058));
#10505 = DIRECTION('',(0.,0.987688297058,-0.156434739925));
#10506 = ADVANCED_FACE('',(#10507),#10518,.T.);
#10507 = FACE_BOUND('',#10508,.T.);
#10508 = EDGE_LOOP('',(#10509,#10510,#10511,#10517));
#10509 = ORIENTED_EDGE('',*,*,#10494,.F.);
#10510 = ORIENTED_EDGE('',*,*,#10434,.T.);
#10511 = ORIENTED_EDGE('',*,*,#10512,.T.);
#10512 = EDGE_CURVE('',#10427,#7772,#10513,.T.);
#10513 = LINE('',#10514,#10515);
#10514 = CARTESIAN_POINT('',(-34.,-9.75,-0.300000011921));
#10515 = VECTOR('',#10516,1.);
#10516 = DIRECTION('',(-1.,0.,0.));
#10517 = ORIENTED_EDGE('',*,*,#7771,.T.);
#10518 = PLANE('',#10519);
#10519 = AXIS2_PLACEMENT_3D('',#10520,#10521,#10522);
#10520 = CARTESIAN_POINT('',(-34.54999923706,-9.938151359558,
    -0.290139421821));
#10521 = DIRECTION('',(0.,5.233593071332E-02,0.998629536093));
#10522 = DIRECTION('',(0.,0.998629536093,-5.233593071332E-02));
#10523 = ADVANCED_FACE('',(#10524),#10535,.T.);
#10524 = FACE_BOUND('',#10525,.T.);
#10525 = EDGE_LOOP('',(#10526,#10527,#10528,#10534));
#10526 = ORIENTED_EDGE('',*,*,#10512,.F.);
#10527 = ORIENTED_EDGE('',*,*,#10426,.T.);
#10528 = ORIENTED_EDGE('',*,*,#10529,.T.);
#10529 = EDGE_CURVE('',#10419,#7780,#10530,.T.);
#10530 = LINE('',#10531,#10532);
#10531 = CARTESIAN_POINT('',(-34.,-3.950000047684,-0.300000011921));
#10532 = VECTOR('',#10533,1.);
#10533 = DIRECTION('',(-1.,0.,0.));
#10534 = ORIENTED_EDGE('',*,*,#7779,.T.);
#10535 = PLANE('',#10536);
#10536 = AXIS2_PLACEMENT_3D('',#10537,#10538,#10539);
#10537 = CARTESIAN_POINT('',(-34.54999923706,-6.850000023842,
    -0.300000011921));
#10538 = DIRECTION('',(0.,0.,1.));
#10539 = DIRECTION('',(1.,0.,0.));
#10540 = ADVANCED_FACE('',(#10541),#10552,.T.);
#10541 = FACE_BOUND('',#10542,.T.);
#10542 = EDGE_LOOP('',(#10543,#10544,#10545,#10551));
#10543 = ORIENTED_EDGE('',*,*,#10529,.F.);
#10544 = ORIENTED_EDGE('',*,*,#10418,.T.);
#10545 = ORIENTED_EDGE('',*,*,#10546,.F.);
#10546 = EDGE_CURVE('',#7788,#10411,#10547,.T.);
#10547 = LINE('',#10548,#10549);
#10548 = CARTESIAN_POINT('',(-35.09999847412,-3.573697566986,
    -0.28027883172));
#10549 = VECTOR('',#10550,1.);
#10550 = DIRECTION('',(1.,0.,0.));
#10551 = ORIENTED_EDGE('',*,*,#7787,.T.);
#10552 = PLANE('',#10553);
#10553 = AXIS2_PLACEMENT_3D('',#10554,#10555,#10556);
#10554 = CARTESIAN_POINT('',(-34.54999923706,-3.761848807335,
    -0.290139421821));
#10555 = DIRECTION('',(0.,-5.233596378161E-02,0.998629534359));
#10556 = DIRECTION('',(0.,0.998629534359,5.233596378161E-02));
#10557 = ADVANCED_FACE('',(#10558),#10569,.T.);
#10558 = FACE_BOUND('',#10559,.T.);
#10559 = EDGE_LOOP('',(#10560,#10561,#10562,#10568));
#10560 = ORIENTED_EDGE('',*,*,#10546,.T.);
#10561 = ORIENTED_EDGE('',*,*,#10410,.F.);
#10562 = ORIENTED_EDGE('',*,*,#10563,.T.);
#10563 = EDGE_CURVE('',#10403,#7796,#10564,.T.);
#10564 = LINE('',#10565,#10566);
#10565 = CARTESIAN_POINT('',(-34.,-3.201517820358,-0.221331357956));
#10566 = VECTOR('',#10567,1.);
#10567 = DIRECTION('',(-1.,0.,0.));
#10568 = ORIENTED_EDGE('',*,*,#7795,.T.);
#10569 = PLANE('',#10570);
#10570 = AXIS2_PLACEMENT_3D('',#10571,#10572,#10573);
#10571 = CARTESIAN_POINT('',(-34.54999923706,-3.387607693672,
    -0.250805094838));
#10572 = DIRECTION('',(0.,-0.156434446646,0.987688343509));
#10573 = DIRECTION('',(0.,0.987688343509,0.156434446646));
#10574 = ADVANCED_FACE('',(#10575),#10586,.T.);
#10575 = FACE_BOUND('',#10576,.T.);
#10576 = EDGE_LOOP('',(#10577,#10578,#10579,#10580));
#10577 = ORIENTED_EDGE('',*,*,#9422,.F.);
#10578 = ORIENTED_EDGE('',*,*,#7974,.F.);
#10579 = ORIENTED_EDGE('',*,*,#7723,.T.);
#10580 = ORIENTED_EDGE('',*,*,#10581,.T.);
#10581 = EDGE_CURVE('',#7716,#9423,#10582,.T.);
#10582 = LINE('',#10583,#10584);
#10583 = CARTESIAN_POINT('',(-35.09999847412,-12.15886974334,
    0.624678611755));
#10584 = VECTOR('',#10585,1.);
#10585 = DIRECTION('',(1.,0.,0.));
#10586 = PLANE('',#10587);
#10587 = AXIS2_PLACEMENT_3D('',#10588,#10589,#10590);
#10588 = CARTESIAN_POINT('',(-34.59999847412,-12.01244831085,
    0.50610871613));
#10589 = DIRECTION('',(0.,0.629320895838,0.777145552687));
#10590 = DIRECTION('',(0.,0.777145552687,-0.629320895838));
#10591 = ADVANCED_FACE('',(#10592),#10603,.T.);
#10592 = FACE_BOUND('',#10593,.T.);
#10593 = EDGE_LOOP('',(#10594,#10595,#10596,#10597));
#10594 = ORIENTED_EDGE('',*,*,#9430,.F.);
#10595 = ORIENTED_EDGE('',*,*,#10581,.F.);
#10596 = ORIENTED_EDGE('',*,*,#7715,.T.);
#10597 = ORIENTED_EDGE('',*,*,#10598,.T.);
#10598 = EDGE_CURVE('',#7708,#9431,#10599,.T.);
#10599 = LINE('',#10600,#10601);
#10600 = CARTESIAN_POINT('',(-35.09999847412,-12.42532157897,
    0.891129791737));
#10601 = VECTOR('',#10602,1.);
#10602 = DIRECTION('',(1.,0.,0.));
#10603 = PLANE('',#10604);
#10604 = AXIS2_PLACEMENT_3D('',#10605,#10606,#10607);
#10605 = CARTESIAN_POINT('',(-34.59999847412,-12.29209566116,
    0.757904201746));
#10606 = DIRECTION('',(0.,0.707105911205,0.707107651167));
#10607 = DIRECTION('',(0.,0.707107651167,-0.707105911205));
#10608 = ADVANCED_FACE('',(#10609),#10620,.T.);
#10609 = FACE_BOUND('',#10610,.T.);
#10610 = EDGE_LOOP('',(#10611,#10612,#10613,#10614));
#10611 = ORIENTED_EDGE('',*,*,#9438,.F.);
#10612 = ORIENTED_EDGE('',*,*,#10598,.F.);
#10613 = ORIENTED_EDGE('',*,*,#7707,.T.);
#10614 = ORIENTED_EDGE('',*,*,#10615,.T.);
#10615 = EDGE_CURVE('',#7700,#9439,#10616,.T.);
#10616 = LINE('',#10617,#10618);
#10617 = CARTESIAN_POINT('',(-35.09999847412,-12.66246128082,
    1.183973073959));
#10618 = VECTOR('',#10619,1.);
#10619 = DIRECTION('',(1.,0.,0.));
#10620 = PLANE('',#10621);
#10621 = AXIS2_PLACEMENT_3D('',#10622,#10623,#10624);
#10622 = CARTESIAN_POINT('',(-34.59999847412,-12.5438914299,
    1.037551432848));
#10623 = DIRECTION('',(0.,0.777146107249,0.629320211011));
#10624 = DIRECTION('',(0.,-0.629320211011,0.777146107249));
#10625 = ADVANCED_FACE('',(#10626),#10632,.T.);
#10626 = FACE_BOUND('',#10627,.T.);
#10627 = EDGE_LOOP('',(#10628,#10629,#10630,#10631));
#10628 = ORIENTED_EDGE('',*,*,#9446,.F.);
#10629 = ORIENTED_EDGE('',*,*,#10615,.F.);
#10630 = ORIENTED_EDGE('',*,*,#7699,.T.);
#10631 = ORIENTED_EDGE('',*,*,#7959,.F.);
#10632 = PLANE('',#10633);
#10633 = AXIS2_PLACEMENT_3D('',#10634,#10635,#10636);
#10634 = CARTESIAN_POINT('',(-34.59999847412,-12.76507616043,
    1.34198653698));
#10635 = DIRECTION('',(0.,0.838671205806,0.544638052794));
#10636 = DIRECTION('',(0.,-0.544638052794,0.838671205806));
#10637 = ADVANCED_FACE('',(#10638),#10649,.T.);
#10638 = FACE_BOUND('',#10639,.T.);
#10639 = EDGE_LOOP('',(#10640,#10641,#10642,#10648));
#10640 = ORIENTED_EDGE('',*,*,#10563,.F.);
#10641 = ORIENTED_EDGE('',*,*,#10402,.F.);
#10642 = ORIENTED_EDGE('',*,*,#10643,.T.);
#10643 = EDGE_CURVE('',#10395,#7804,#10644,.T.);
#10644 = LINE('',#10645,#10646);
#10645 = CARTESIAN_POINT('',(-34.,-2.837538719177,-0.123803459108));
#10646 = VECTOR('',#10647,1.);
#10647 = DIRECTION('',(-1.,0.,0.));
#10648 = ORIENTED_EDGE('',*,*,#7803,.T.);
#10649 = PLANE('',#10650);
#10650 = AXIS2_PLACEMENT_3D('',#10651,#10652,#10653);
#10651 = CARTESIAN_POINT('',(-34.54999923706,-3.019528269768,
    -0.172567408532));
#10652 = DIRECTION('',(0.,-0.258819026841,0.965925831182));
#10653 = DIRECTION('',(0.,0.965925831182,0.258819026841));
#10654 = ADVANCED_FACE('',(#10655),#10666,.T.);
#10655 = FACE_BOUND('',#10656,.T.);
#10656 = EDGE_LOOP('',(#10657,#10658,#10659,#10660));
#10657 = ORIENTED_EDGE('',*,*,#10643,.F.);
#10658 = ORIENTED_EDGE('',*,*,#10394,.F.);
#10659 = ORIENTED_EDGE('',*,*,#1616,.F.);
#10660 = ORIENTED_EDGE('',*,*,#10661,.T.);
#10661 = EDGE_CURVE('',#1609,#7804,#10662,.T.);
#10662 = LINE('',#10663,#10664);
#10663 = CARTESIAN_POINT('',(-34.09999847412,-2.775528669357,
    -0.10000000149));
#10664 = VECTOR('',#10665,1.);
#10665 = DIRECTION('',(-0.997801346991,-6.187371123735E-02,
    -2.375112207405E-02));
#10666 = PLANE('',#10667);
#10667 = AXIS2_PLACEMENT_3D('',#10668,#10669,#10670);
#10668 = CARTESIAN_POINT('',(-34.53394467023,-2.820200590747,
    -0.11714796687));
#10669 = DIRECTION('',(0.,-0.358368339015,0.933580276994));
#10670 = DIRECTION('',(0.,0.933580276994,0.358368339015));
#10671 = ADVANCED_FACE('',(#10672),#10683,.T.);
#10672 = FACE_BOUND('',#10673,.T.);
#10673 = EDGE_LOOP('',(#10674,#10675,#10676,#10682));
#10674 = ORIENTED_EDGE('',*,*,#10661,.F.);
#10675 = ORIENTED_EDGE('',*,*,#9541,.F.);
#10676 = ORIENTED_EDGE('',*,*,#10677,.T.);
#10677 = EDGE_CURVE('',#9534,#7812,#10678,.T.);
#10678 = LINE('',#10679,#10680);
#10679 = CARTESIAN_POINT('',(-34.09999847412,-2.485748052597,
    1.123635284603E-02));
#10680 = VECTOR('',#10681,1.);
#10681 = DIRECTION('',(-1.,0.,0.));
#10682 = ORIENTED_EDGE('',*,*,#7811,.T.);
#10683 = PLANE('',#10684);
#10684 = AXIS2_PLACEMENT_3D('',#10685,#10686,#10687);
#10685 = CARTESIAN_POINT('',(-34.61234719252,-2.646655158958,
    -5.053010463194E-02));
#10686 = DIRECTION('',(-1.260329137197E-08,-0.358367985019,0.93358041288
    ));
#10687 = DIRECTION('',(0.,0.93358041288,0.358367985019));
#10688 = ADVANCED_FACE('',(#10689),#10700,.T.);
#10689 = FACE_BOUND('',#10690,.T.);
#10690 = EDGE_LOOP('',(#10691,#10692,#10693,#10699));
#10691 = ORIENTED_EDGE('',*,*,#10677,.F.);
#10692 = ORIENTED_EDGE('',*,*,#9533,.F.);
#10693 = ORIENTED_EDGE('',*,*,#10694,.T.);
#10694 = EDGE_CURVE('',#9526,#7820,#10695,.T.);
#10695 = LINE('',#10696,#10697);
#10696 = CARTESIAN_POINT('',(-34.09999847412,-2.150000095367,
    0.182308539748));
#10697 = VECTOR('',#10698,1.);
#10698 = DIRECTION('',(-1.,0.,0.));
#10699 = ORIENTED_EDGE('',*,*,#7819,.T.);
#10700 = PLANE('',#10701);
#10701 = AXIS2_PLACEMENT_3D('',#10702,#10703,#10704);
#10702 = CARTESIAN_POINT('',(-34.59999847412,-2.317874073982,
    9.677244629711E-02));
#10703 = DIRECTION('',(0.,-0.4539906221,0.891006461843));
#10704 = DIRECTION('',(0.,0.891006461843,0.4539906221));
#10705 = ADVANCED_FACE('',(#10706),#10717,.T.);
#10706 = FACE_BOUND('',#10707,.T.);
#10707 = EDGE_LOOP('',(#10708,#10709,#10710,#10716));
#10708 = ORIENTED_EDGE('',*,*,#10694,.F.);
#10709 = ORIENTED_EDGE('',*,*,#9525,.F.);
#10710 = ORIENTED_EDGE('',*,*,#10711,.T.);
#10711 = EDGE_CURVE('',#9518,#7828,#10712,.T.);
#10712 = LINE('',#10713,#10714);
#10713 = CARTESIAN_POINT('',(-34.09999847412,-1.833973050117,
    0.387538820505));
#10714 = VECTOR('',#10715,1.);
#10715 = DIRECTION('',(-1.,0.,0.));
#10716 = ORIENTED_EDGE('',*,*,#7827,.T.);
#10717 = PLANE('',#10718);
#10718 = AXIS2_PLACEMENT_3D('',#10719,#10720,#10721);
#10719 = CARTESIAN_POINT('',(-34.59999847412,-1.991986572742,
    0.284923680127));
#10720 = DIRECTION('',(0.,-0.544638881797,0.838670667446));
#10721 = DIRECTION('',(0.,0.838670667446,0.544638881797));
#10722 = ADVANCED_FACE('',(#10723),#10734,.T.);
#10723 = FACE_BOUND('',#10724,.T.);
#10724 = EDGE_LOOP('',(#10725,#10726,#10727,#10733));
#10725 = ORIENTED_EDGE('',*,*,#10711,.F.);
#10726 = ORIENTED_EDGE('',*,*,#9517,.F.);
#10727 = ORIENTED_EDGE('',*,*,#10728,.T.);
#10728 = EDGE_CURVE('',#9510,#7836,#10729,.T.);
#10729 = LINE('',#10730,#10731);
#10730 = CARTESIAN_POINT('',(-34.09999847412,-1.541129827499,
    0.624678611755));
#10731 = VECTOR('',#10732,1.);
#10732 = DIRECTION('',(-1.,0.,0.));
#10733 = ORIENTED_EDGE('',*,*,#7835,.T.);
#10734 = PLANE('',#10735);
#10735 = AXIS2_PLACEMENT_3D('',#10736,#10737,#10738);
#10736 = CARTESIAN_POINT('',(-34.59999847412,-1.687551438808,
    0.50610871613));
#10737 = DIRECTION('',(0.,-0.629320431672,0.777145928562));
#10738 = DIRECTION('',(0.,0.777145928562,0.629320431672));
#10739 = ADVANCED_FACE('',(#10740),#10751,.T.);
#10740 = FACE_BOUND('',#10741,.T.);
#10741 = EDGE_LOOP('',(#10742,#10743,#10744,#10750));
#10742 = ORIENTED_EDGE('',*,*,#10728,.F.);
#10743 = ORIENTED_EDGE('',*,*,#9509,.F.);
#10744 = ORIENTED_EDGE('',*,*,#10745,.T.);
#10745 = EDGE_CURVE('',#9502,#7844,#10746,.T.);
#10746 = LINE('',#10747,#10748);
#10747 = CARTESIAN_POINT('',(-34.09999847412,-1.274678587914,
    0.891129791737));
#10748 = VECTOR('',#10749,1.);
#10749 = DIRECTION('',(-1.,0.,0.));
#10750 = ORIENTED_EDGE('',*,*,#7843,.T.);
#10751 = PLANE('',#10752);
#10752 = AXIS2_PLACEMENT_3D('',#10753,#10754,#10755);
#10753 = CARTESIAN_POINT('',(-34.59999847412,-1.407904207706,
    0.757904201746));
#10754 = DIRECTION('',(0.,-0.707106702097,0.707106860276));
#10755 = DIRECTION('',(0.,0.707106860276,0.707106702097));
#10756 = ADVANCED_FACE('',(#10757),#10768,.T.);
#10757 = FACE_BOUND('',#10758,.T.);
#10758 = EDGE_LOOP('',(#10759,#10760,#10761,#10767));
#10759 = ORIENTED_EDGE('',*,*,#10745,.F.);
#10760 = ORIENTED_EDGE('',*,*,#9501,.F.);
#10761 = ORIENTED_EDGE('',*,*,#10762,.T.);
#10762 = EDGE_CURVE('',#9494,#7852,#10763,.T.);
#10763 = LINE('',#10764,#10765);
#10764 = CARTESIAN_POINT('',(-34.09999847412,-1.037538766861,
    1.183973073959));
#10765 = VECTOR('',#10766,1.);
#10766 = DIRECTION('',(-1.,0.,0.));
#10767 = ORIENTED_EDGE('',*,*,#7851,.T.);
#10768 = PLANE('',#10769);
#10769 = AXIS2_PLACEMENT_3D('',#10770,#10771,#10772);
#10770 = CARTESIAN_POINT('',(-34.59999847412,-1.156108677387,
    1.037551432848));
#10771 = DIRECTION('',(0.,-0.777145952527,0.629320402077));
#10772 = DIRECTION('',(0.,-0.629320402077,-0.777145952527));
#10773 = ADVANCED_FACE('',(#10774),#10785,.T.);
#10774 = FACE_BOUND('',#10775,.T.);
#10775 = EDGE_LOOP('',(#10776,#10777,#10778,#10784));
#10776 = ORIENTED_EDGE('',*,*,#10762,.F.);
#10777 = ORIENTED_EDGE('',*,*,#9493,.F.);
#10778 = ORIENTED_EDGE('',*,*,#10779,.T.);
#10779 = EDGE_CURVE('',#9486,#7860,#10780,.T.);
#10780 = LINE('',#10781,#10782);
#10781 = CARTESIAN_POINT('',(-34.09999847412,-0.832308530807,1.5));
#10782 = VECTOR('',#10783,1.);
#10783 = DIRECTION('',(-1.,0.,0.));
#10784 = ORIENTED_EDGE('',*,*,#7859,.T.);
#10785 = PLANE('',#10786);
#10786 = AXIS2_PLACEMENT_3D('',#10787,#10788,#10789);
#10787 = CARTESIAN_POINT('',(-34.59999847412,-0.934923648834,
    1.34198653698));
#10788 = DIRECTION('',(0.,-0.838670627793,0.544638942857));
#10789 = DIRECTION('',(0.,-0.544638942857,-0.838670627793));
#10790 = ADVANCED_FACE('',(#10791),#10802,.T.);
#10791 = FACE_BOUND('',#10792,.T.);
#10792 = EDGE_LOOP('',(#10793,#10794,#10795,#10801));
#10793 = ORIENTED_EDGE('',*,*,#10779,.F.);
#10794 = ORIENTED_EDGE('',*,*,#9485,.F.);
#10795 = ORIENTED_EDGE('',*,*,#10796,.T.);
#10796 = EDGE_CURVE('',#9478,#7868,#10797,.T.);
#10797 = LINE('',#10798,#10799);
#10798 = CARTESIAN_POINT('',(-34.09999847412,-0.781355977058,
    1.600000023842));
#10799 = VECTOR('',#10800,1.);
#10800 = DIRECTION('',(-1.,0.,0.));
#10801 = ORIENTED_EDGE('',*,*,#7867,.T.);
#10802 = PLANE('',#10803);
#10803 = AXIS2_PLACEMENT_3D('',#10804,#10805,#10806);
#10804 = CARTESIAN_POINT('',(-34.59999847412,-0.806832253933,
    1.550000011921));
#10805 = DIRECTION('',(0.,-0.891006536257,0.453990476054));
#10806 = DIRECTION('',(0.,-0.453990476054,-0.891006536257));
#10807 = ADVANCED_FACE('',(#10808),#11246,.T.);
#10808 = FACE_BOUND('',#10809,.T.);
#10809 = EDGE_LOOP('',(#10810,#10811,#10812,#10813,#10814,#10815,#10816,
    #10824,#10832,#10840,#10848,#10856,#10864,#10872,#10880,#10888,
    #10896,#10904,#10912,#10920,#10928,#10936,#10944,#10952,#10960,
    #10968,#10976,#10984,#10992,#11000,#11008,#11016,#11024,#11032,
    #11040,#11048,#11056,#11064,#11072,#11080,#11088,#11096,#11104,
    #11112,#11120,#11128,#11136,#11144,#11152,#11160,#11168,#11176,
    #11184,#11192,#11198,#11199,#11200,#11201,#11202,#11203,#11204,
    #11205,#11206,#11207,#11208,#11209,#11210,#11211,#11212,#11213,
    #11214,#11215,#11216,#11217,#11218,#11219,#11220,#11221,#11222,
    #11223,#11224,#11225,#11226,#11227,#11228,#11229,#11230,#11231,
    #11232,#11233,#11234,#11235,#11236,#11237,#11238,#11239,#11240,
    #11241,#11242,#11243,#11244,#11245));
#10810 = ORIENTED_EDGE('',*,*,#7571,.F.);
#10811 = ORIENTED_EDGE('',*,*,#7547,.F.);
#10812 = ORIENTED_EDGE('',*,*,#7595,.F.);
#10813 = ORIENTED_EDGE('',*,*,#7619,.F.);
#10814 = ORIENTED_EDGE('',*,*,#7643,.F.);
#10815 = ORIENTED_EDGE('',*,*,#7667,.F.);
#10816 = ORIENTED_EDGE('',*,*,#10817,.F.);
#10817 = EDGE_CURVE('',#10818,#7660,#10820,.T.);
#10818 = VERTEX_POINT('',#10819);
#10819 = CARTESIAN_POINT('',(31.,-17.10000038147,1.600000023842));
#10820 = LINE('',#10821,#10822);
#10821 = CARTESIAN_POINT('',(31.,-17.10000038147,1.600000023842));
#10822 = VECTOR('',#10823,1.);
#10823 = DIRECTION('',(-1.,0.,0.));
#10824 = ORIENTED_EDGE('',*,*,#10825,.F.);
#10825 = EDGE_CURVE('',#10826,#10818,#10828,.T.);
#10826 = VERTEX_POINT('',#10827);
#10827 = CARTESIAN_POINT('',(31.428565979004,-17.07753944397,
    1.600000023842));
#10828 = LINE('',#10829,#10830);
#10829 = CARTESIAN_POINT('',(31.428565979004,-17.07753944397,
    1.600000023842));
#10830 = VECTOR('',#10831,1.);
#10831 = DIRECTION('',(-0.99862944387,-5.233769039846E-02,0.));
#10832 = ORIENTED_EDGE('',*,*,#10833,.F.);
#10833 = EDGE_CURVE('',#10834,#10826,#10836,.T.);
#10834 = VERTEX_POINT('',#10835);
#10835 = CARTESIAN_POINT('',(31.852437973022,-17.01040458679,
    1.600000023842));
#10836 = LINE('',#10837,#10838);
#10837 = CARTESIAN_POINT('',(31.852437973022,-17.01040458679,
    1.600000023842));
#10838 = VECTOR('',#10839,1.);
#10839 = DIRECTION('',(-0.987688294282,-0.156434757447,0.));
#10840 = ORIENTED_EDGE('',*,*,#10841,.F.);
#10841 = EDGE_CURVE('',#10842,#10834,#10844,.T.);
#10842 = VERTEX_POINT('',#10843);
#10843 = CARTESIAN_POINT('',(32.266967773438,-16.8993320465,
    1.600000023842));
#10844 = LINE('',#10845,#10846);
#10845 = CARTESIAN_POINT('',(32.266967773438,-16.8993320465,
    1.600000023842));
#10846 = VECTOR('',#10847,1.);
#10847 = DIRECTION('',(-0.965926050554,-0.258818208132,0.));
#10848 = ORIENTED_EDGE('',*,*,#10849,.F.);
#10849 = EDGE_CURVE('',#10850,#10842,#10852,.T.);
#10850 = VERTEX_POINT('',#10851);
#10851 = CARTESIAN_POINT('',(32.667621612549,-16.74553680419,
    1.600000023842));
#10852 = LINE('',#10853,#10854);
#10853 = CARTESIAN_POINT('',(32.667621612549,-16.74553680419,
    1.600000023842));
#10854 = VECTOR('',#10855,1.);
#10855 = DIRECTION('',(-0.93358148441,-0.358365193577,0.));
#10856 = ORIENTED_EDGE('',*,*,#10857,.F.);
#10857 = EDGE_CURVE('',#10858,#10850,#10860,.T.);
#10858 = VERTEX_POINT('',#10859);
#10859 = CARTESIAN_POINT('',(33.049999237061,-16.55070495605,
    1.600000023842));
#10860 = LINE('',#10861,#10862);
#10861 = CARTESIAN_POINT('',(33.049999237061,-16.55070495605,
    1.600000023842));
#10862 = VECTOR('',#10863,1.);
#10863 = DIRECTION('',(-0.891005848231,-0.453991826379,0.));
#10864 = ORIENTED_EDGE('',*,*,#10865,.F.);
#10865 = EDGE_CURVE('',#10866,#10858,#10868,.T.);
#10866 = VERTEX_POINT('',#10867);
#10867 = CARTESIAN_POINT('',(33.40991973877,-16.31696891784,
    1.600000023842));
#10868 = LINE('',#10869,#10870);
#10869 = CARTESIAN_POINT('',(33.40991973877,-16.31696891784,
    1.600000023842));
#10870 = VECTOR('',#10871,1.);
#10871 = DIRECTION('',(-0.838669576554,-0.54464056162,0.));
#10872 = ORIENTED_EDGE('',*,*,#10873,.F.);
#10873 = EDGE_CURVE('',#10874,#10866,#10876,.T.);
#10874 = VERTEX_POINT('',#10875);
#10875 = CARTESIAN_POINT('',(33.743434906006,-16.04689407348,
    1.600000023842));
#10876 = LINE('',#10877,#10878);
#10877 = CARTESIAN_POINT('',(33.743434906006,-16.04689407348,
    1.600000023842));
#10878 = VECTOR('',#10879,1.);
#10879 = DIRECTION('',(-0.777146432003,-0.629319809973,0.));
#10880 = ORIENTED_EDGE('',*,*,#10881,.F.);
#10881 = EDGE_CURVE('',#10882,#10874,#10884,.T.);
#10882 = VERTEX_POINT('',#10883);
#10883 = CARTESIAN_POINT('',(34.046894073486,-15.74343585968,
    1.600000023842));
#10884 = LINE('',#10885,#10886);
#10885 = CARTESIAN_POINT('',(34.046894073486,-15.74343585968,
    1.600000023842));
#10886 = VECTOR('',#10887,1.);
#10887 = DIRECTION('',(-0.707107892292,-0.70710567008,0.));
#10888 = ORIENTED_EDGE('',*,*,#10889,.F.);
#10889 = EDGE_CURVE('',#10890,#10882,#10892,.T.);
#10890 = VERTEX_POINT('',#10891);
#10891 = CARTESIAN_POINT('',(34.316970825195,-15.40991973877,
    1.600000023842));
#10892 = LINE('',#10893,#10894);
#10893 = CARTESIAN_POINT('',(34.316970825195,-15.40991973877,
    1.600000023842));
#10894 = VECTOR('',#10895,1.);
#10895 = DIRECTION('',(-0.629321407386,-0.777145138443,0.));
#10896 = ORIENTED_EDGE('',*,*,#10897,.F.);
#10897 = EDGE_CURVE('',#10898,#10890,#10900,.T.);
#10898 = VERTEX_POINT('',#10899);
#10899 = CARTESIAN_POINT('',(34.550704956055,-15.05000019073,
    1.600000023842));
#10900 = LINE('',#10901,#10902);
#10901 = CARTESIAN_POINT('',(34.550704956055,-15.05000019073,
    1.600000023842));
#10902 = VECTOR('',#10903,1.);
#10903 = DIRECTION('',(-0.544638450603,-0.838670947467,0.));
#10904 = ORIENTED_EDGE('',*,*,#10905,.F.);
#10905 = EDGE_CURVE('',#10906,#10898,#10908,.T.);
#10906 = VERTEX_POINT('',#10907);
#10907 = CARTESIAN_POINT('',(34.745536804199,-14.66762065887,
    1.600000023842));
#10908 = LINE('',#10909,#10910);
#10909 = CARTESIAN_POINT('',(34.745536804199,-14.66762065887,
    1.600000023842));
#10910 = VECTOR('',#10911,1.);
#10911 = DIRECTION('',(-0.453990028563,-0.891006764265,0.));
#10912 = ORIENTED_EDGE('',*,*,#10913,.F.);
#10913 = EDGE_CURVE('',#10914,#10906,#10916,.T.);
#10914 = VERTEX_POINT('',#10915);
#10915 = CARTESIAN_POINT('',(34.89933013916,-14.26696968078,
    1.600000023842));
#10916 = LINE('',#10917,#10918);
#10917 = CARTESIAN_POINT('',(34.89933013916,-14.26696968078,
    1.600000023842));
#10918 = VECTOR('',#10919,1.);
#10919 = DIRECTION('',(-0.358363550337,-0.933582115183,0.));
#10920 = ORIENTED_EDGE('',*,*,#10921,.F.);
#10921 = EDGE_CURVE('',#10922,#10914,#10924,.T.);
#10922 = VERTEX_POINT('',#10923);
#10923 = CARTESIAN_POINT('',(35.010406494141,-13.85243797302,
    1.600000023842));
#10924 = LINE('',#10925,#10926);
#10925 = CARTESIAN_POINT('',(35.010406494141,-13.85243797302,
    1.600000023842));
#10926 = VECTOR('',#10927,1.);
#10927 = DIRECTION('',(-0.258825390432,-0.965924126041,0.));
#10928 = ORIENTED_EDGE('',*,*,#10929,.F.);
#10929 = EDGE_CURVE('',#10930,#10922,#10932,.T.);
#10930 = VERTEX_POINT('',#10931);
#10931 = CARTESIAN_POINT('',(35.077541351318,-13.42856693267,
    1.600000023842));
#10932 = LINE('',#10933,#10934);
#10933 = CARTESIAN_POINT('',(35.077541351318,-13.42856693267,
    1.600000023842));
#10934 = VECTOR('',#10935,1.);
#10935 = DIRECTION('',(-0.156435100799,-0.987688239901,0.));
#10936 = ORIENTED_EDGE('',*,*,#10937,.F.);
#10937 = EDGE_CURVE('',#10938,#10930,#10940,.T.);
#10938 = VERTEX_POINT('',#10939);
#10939 = CARTESIAN_POINT('',(35.099998474121,-13.,1.600000023842));
#10940 = LINE('',#10941,#10942);
#10941 = CARTESIAN_POINT('',(35.099998474121,-13.,1.600000023842));
#10942 = VECTOR('',#10943,1.);
#10943 = DIRECTION('',(-5.232870974037E-02,-0.998629914501,0.));
#10944 = ORIENTED_EDGE('',*,*,#10945,.F.);
#10945 = EDGE_CURVE('',#10946,#10938,#10948,.T.);
#10946 = VERTEX_POINT('',#10947);
#10947 = CARTESIAN_POINT('',(35.099998474121,16.10000038147,
    1.600000023842));
#10948 = LINE('',#10949,#10950);
#10949 = CARTESIAN_POINT('',(35.099998474121,16.10000038147,
    1.600000023842));
#10950 = VECTOR('',#10951,1.);
#10951 = DIRECTION('',(0.,-1.,0.));
#10952 = ORIENTED_EDGE('',*,*,#10953,.F.);
#10953 = EDGE_CURVE('',#10954,#10946,#10956,.T.);
#10954 = VERTEX_POINT('',#10955);
#10955 = CARTESIAN_POINT('',(35.094520568848,16.204528808594,
    1.600000023842));
#10956 = LINE('',#10957,#10958);
#10957 = CARTESIAN_POINT('',(35.094520568848,16.204528808594,
    1.600000023842));
#10958 = VECTOR('',#10959,1.);
#10959 = DIRECTION('',(5.233407490429E-02,-0.99862963335,0.));
#10960 = ORIENTED_EDGE('',*,*,#10961,.F.);
#10961 = EDGE_CURVE('',#10962,#10954,#10964,.T.);
#10962 = VERTEX_POINT('',#10963);
#10963 = CARTESIAN_POINT('',(35.078147888184,16.307910919189,
    1.600000023842));
#10964 = LINE('',#10965,#10966);
#10965 = CARTESIAN_POINT('',(35.078147888184,16.307910919189,
    1.600000023842));
#10966 = VECTOR('',#10967,1.);
#10967 = DIRECTION('',(0.156421071624,-0.987690461811,0.));
#10968 = ORIENTED_EDGE('',*,*,#10969,.F.);
#10969 = EDGE_CURVE('',#10970,#10962,#10972,.T.);
#10970 = VERTEX_POINT('',#10971);
#10971 = CARTESIAN_POINT('',(35.051055908203,16.409017562866,
    1.600000023842));
#10972 = LINE('',#10973,#10974);
#10973 = CARTESIAN_POINT('',(35.051055908203,16.409017562866,
    1.600000023842));
#10974 = VECTOR('',#10975,1.);
#10975 = DIRECTION('',(0.258823826847,-0.965924545012,0.));
#10976 = ORIENTED_EDGE('',*,*,#10977,.F.);
#10977 = EDGE_CURVE('',#10978,#10970,#10980,.T.);
#10978 = VERTEX_POINT('',#10979);
#10979 = CARTESIAN_POINT('',(35.01354598999,16.506736755371,
    1.600000023842));
#10980 = LINE('',#10981,#10982);
#10981 = CARTESIAN_POINT('',(35.01354598999,16.506736755371,
    1.600000023842));
#10982 = VECTOR('',#10983,1.);
#10983 = DIRECTION('',(0.35835991151,-0.93358351197,0.));
#10984 = ORIENTED_EDGE('',*,*,#10985,.F.);
#10985 = EDGE_CURVE('',#10986,#10978,#10988,.T.);
#10986 = VERTEX_POINT('',#10987);
#10987 = CARTESIAN_POINT('',(34.966026306152,16.60000038147,
    1.600000023842));
#10988 = LINE('',#10989,#10990);
#10989 = CARTESIAN_POINT('',(34.966026306152,16.60000038147,
    1.600000023842));
#10990 = VECTOR('',#10991,1.);
#10991 = DIRECTION('',(0.453986653055,-0.891008484162,0.));
#10992 = ORIENTED_EDGE('',*,*,#10993,.F.);
#10993 = EDGE_CURVE('',#10994,#10986,#10996,.T.);
#10994 = VERTEX_POINT('',#10995);
#10995 = CARTESIAN_POINT('',(34.909015655518,16.687786102295,
    1.600000023842));
#10996 = LINE('',#10997,#10998);
#10997 = CARTESIAN_POINT('',(34.909015655518,16.687786102295,
    1.600000023842));
#10998 = VECTOR('',#10999,1.);
#10999 = DIRECTION('',(0.544652050599,-0.838662115383,0.));
#11000 = ORIENTED_EDGE('',*,*,#11001,.F.);
#11001 = EDGE_CURVE('',#11002,#10994,#11004,.T.);
#11002 = VERTEX_POINT('',#11003);
#11003 = CARTESIAN_POINT('',(34.843143463135,16.769130706787,
    1.600000023842));
#11004 = LINE('',#11005,#11006);
#11005 = CARTESIAN_POINT('',(34.843143463135,16.769130706787,
    1.600000023842));
#11006 = VECTOR('',#11007,1.);
#11007 = DIRECTION('',(0.629324028917,-0.777143015556,0.));
#11008 = ORIENTED_EDGE('',*,*,#11009,.F.);
#11009 = EDGE_CURVE('',#11010,#11002,#11012,.T.);
#11010 = VERTEX_POINT('',#11011);
#11011 = CARTESIAN_POINT('',(34.769130706787,16.843145370483,
    1.600000023842));
#11012 = LINE('',#11013,#11014);
#11013 = CARTESIAN_POINT('',(34.769130706787,16.843145370483,
    1.600000023842));
#11014 = VECTOR('',#11015,1.);
#11015 = DIRECTION('',(0.707097669984,-0.707115892272,0.));
#11016 = ORIENTED_EDGE('',*,*,#11017,.F.);
#11017 = EDGE_CURVE('',#11018,#11010,#11020,.T.);
#11018 = VERTEX_POINT('',#11019);
#11019 = CARTESIAN_POINT('',(34.687786102295,16.909017562866,
    1.600000023842));
#11020 = LINE('',#11021,#11022);
#11021 = CARTESIAN_POINT('',(34.687786102295,16.909017562866,
    1.600000023842));
#11022 = VECTOR('',#11023,1.);
#11023 = DIRECTION('',(0.777143015556,-0.629324028917,0.));
#11024 = ORIENTED_EDGE('',*,*,#11025,.F.);
#11025 = EDGE_CURVE('',#11026,#11018,#11028,.T.);
#11026 = VERTEX_POINT('',#11027);
#11027 = CARTESIAN_POINT('',(34.599998474121,16.966026306152,
    1.600000023842));
#11028 = LINE('',#11029,#11030);
#11029 = CARTESIAN_POINT('',(34.599998474121,16.966026306152,
    1.600000023842));
#11030 = VECTOR('',#11031,1.);
#11031 = DIRECTION('',(0.838675843863,-0.544630910729,0.));
#11032 = ORIENTED_EDGE('',*,*,#11033,.F.);
#11033 = EDGE_CURVE('',#11034,#11026,#11036,.T.);
#11034 = VERTEX_POINT('',#11035);
#11035 = CARTESIAN_POINT('',(34.506736755371,17.01354598999,
    1.600000023842));
#11036 = LINE('',#11037,#11038);
#11037 = CARTESIAN_POINT('',(34.506736755371,17.01354598999,
    1.600000023842));
#11038 = VECTOR('',#11039,1.);
#11039 = DIRECTION('',(0.891004728414,-0.453994024127,0.));
#11040 = ORIENTED_EDGE('',*,*,#11041,.F.);
#11041 = EDGE_CURVE('',#11042,#11034,#11044,.T.);
#11042 = VERTEX_POINT('',#11043);
#11043 = CARTESIAN_POINT('',(34.409015655518,17.051055908203,
    1.600000023842));
#11044 = LINE('',#11045,#11046);
#11045 = CARTESIAN_POINT('',(34.409015655518,17.051055908203,
    1.600000023842));
#11046 = VECTOR('',#11047,1.);
#11047 = DIRECTION('',(0.933585852052,-0.358353815171,0.));
#11048 = ORIENTED_EDGE('',*,*,#11049,.F.);
#11049 = EDGE_CURVE('',#11050,#11042,#11052,.T.);
#11050 = VERTEX_POINT('',#11051);
#11051 = CARTESIAN_POINT('',(34.307910919189,17.078147888184,
    1.600000023842));
#11052 = LINE('',#11053,#11054);
#11053 = CARTESIAN_POINT('',(34.307910919189,17.078147888184,
    1.600000023842));
#11054 = VECTOR('',#11055,1.);
#11055 = DIRECTION('',(0.965923324299,-0.258828382477,0.));
#11056 = ORIENTED_EDGE('',*,*,#11057,.F.);
#11057 = EDGE_CURVE('',#11058,#11050,#11060,.T.);
#11058 = VERTEX_POINT('',#11059);
#11059 = CARTESIAN_POINT('',(34.204528808594,17.094522476196,
    1.600000023842));
#11060 = LINE('',#11061,#11062);
#11061 = CARTESIAN_POINT('',(34.204528808594,17.094522476196,
    1.600000023842));
#11062 = VECTOR('',#11063,1.);
#11063 = DIRECTION('',(0.987687646378,-0.15643884809,0.));
#11064 = ORIENTED_EDGE('',*,*,#11065,.F.);
#11065 = EDGE_CURVE('',#11066,#11058,#11068,.T.);
#11066 = VERTEX_POINT('',#11067);
#11067 = CARTESIAN_POINT('',(34.099998474121,17.10000038147,
    1.600000023842));
#11068 = LINE('',#11069,#11070);
#11069 = CARTESIAN_POINT('',(34.099998474121,17.10000038147,
    1.600000023842));
#11070 = VECTOR('',#11071,1.);
#11071 = DIRECTION('',(0.998629683256,-5.233312258798E-02,0.));
#11072 = ORIENTED_EDGE('',*,*,#11073,.F.);
#11073 = EDGE_CURVE('',#11074,#11066,#11076,.T.);
#11074 = VERTEX_POINT('',#11075);
#11075 = CARTESIAN_POINT('',(-34.09999847412,17.10000038147,
    1.600000023842));
#11076 = LINE('',#11077,#11078);
#11077 = CARTESIAN_POINT('',(-34.09999847412,17.10000038147,
    1.600000023842));
#11078 = VECTOR('',#11079,1.);
#11079 = DIRECTION('',(1.,0.,0.));
#11080 = ORIENTED_EDGE('',*,*,#11081,.F.);
#11081 = EDGE_CURVE('',#11082,#11074,#11084,.T.);
#11082 = VERTEX_POINT('',#11083);
#11083 = CARTESIAN_POINT('',(-34.20452880859,17.094522476196,
    1.600000023842));
#11084 = LINE('',#11085,#11086);
#11085 = CARTESIAN_POINT('',(-34.20452880859,17.094522476196,
    1.600000023842));
#11086 = VECTOR('',#11087,1.);
#11087 = DIRECTION('',(0.998629683256,5.233312258798E-02,0.));
#11088 = ORIENTED_EDGE('',*,*,#11089,.F.);
#11089 = EDGE_CURVE('',#11090,#11082,#11092,.T.);
#11090 = VERTEX_POINT('',#11091);
#11091 = CARTESIAN_POINT('',(-34.30791091918,17.078147888184,
    1.600000023842));
#11092 = LINE('',#11093,#11094);
#11093 = CARTESIAN_POINT('',(-34.30791091918,17.078147888184,
    1.600000023842));
#11094 = VECTOR('',#11095,1.);
#11095 = DIRECTION('',(0.987687646378,0.15643884809,0.));
#11096 = ORIENTED_EDGE('',*,*,#11097,.F.);
#11097 = EDGE_CURVE('',#11098,#11090,#11100,.T.);
#11098 = VERTEX_POINT('',#11099);
#11099 = CARTESIAN_POINT('',(-34.40901565551,17.051055908203,
    1.600000023842));
#11100 = LINE('',#11101,#11102);
#11101 = CARTESIAN_POINT('',(-34.40901565551,17.051055908203,
    1.600000023842));
#11102 = VECTOR('',#11103,1.);
#11103 = DIRECTION('',(0.965923324299,0.258828382477,0.));
#11104 = ORIENTED_EDGE('',*,*,#11105,.F.);
#11105 = EDGE_CURVE('',#11106,#11098,#11108,.T.);
#11106 = VERTEX_POINT('',#11107);
#11107 = CARTESIAN_POINT('',(-34.50673675537,17.01354598999,
    1.600000023842));
#11108 = LINE('',#11109,#11110);
#11109 = CARTESIAN_POINT('',(-34.50673675537,17.01354598999,
    1.600000023842));
#11110 = VECTOR('',#11111,1.);
#11111 = DIRECTION('',(0.933585852052,0.358353815171,0.));
#11112 = ORIENTED_EDGE('',*,*,#11113,.F.);
#11113 = EDGE_CURVE('',#11114,#11106,#11116,.T.);
#11114 = VERTEX_POINT('',#11115);
#11115 = CARTESIAN_POINT('',(-34.59999847412,16.966026306152,
    1.600000023842));
#11116 = LINE('',#11117,#11118);
#11117 = CARTESIAN_POINT('',(-34.59999847412,16.966026306152,
    1.600000023842));
#11118 = VECTOR('',#11119,1.);
#11119 = DIRECTION('',(0.891004728414,0.453994024127,0.));
#11120 = ORIENTED_EDGE('',*,*,#11121,.F.);
#11121 = EDGE_CURVE('',#11122,#11114,#11124,.T.);
#11122 = VERTEX_POINT('',#11123);
#11123 = CARTESIAN_POINT('',(-34.68778610229,16.909017562866,
    1.600000023842));
#11124 = LINE('',#11125,#11126);
#11125 = CARTESIAN_POINT('',(-34.68778610229,16.909017562866,
    1.600000023842));
#11126 = VECTOR('',#11127,1.);
#11127 = DIRECTION('',(0.838675843863,0.544630910729,0.));
#11128 = ORIENTED_EDGE('',*,*,#11129,.F.);
#11129 = EDGE_CURVE('',#11130,#11122,#11132,.T.);
#11130 = VERTEX_POINT('',#11131);
#11131 = CARTESIAN_POINT('',(-34.76913070678,16.843145370483,
    1.600000023842));
#11132 = LINE('',#11133,#11134);
#11133 = CARTESIAN_POINT('',(-34.76913070678,16.843145370483,
    1.600000023842));
#11134 = VECTOR('',#11135,1.);
#11135 = DIRECTION('',(0.777143015556,0.629324028917,0.));
#11136 = ORIENTED_EDGE('',*,*,#11137,.F.);
#11137 = EDGE_CURVE('',#11138,#11130,#11140,.T.);
#11138 = VERTEX_POINT('',#11139);
#11139 = CARTESIAN_POINT('',(-34.84314346313,16.769130706787,
    1.600000023842));
#11140 = LINE('',#11141,#11142);
#11141 = CARTESIAN_POINT('',(-34.84314346313,16.769130706787,
    1.600000023842));
#11142 = VECTOR('',#11143,1.);
#11143 = DIRECTION('',(0.707097669984,0.707115892272,0.));
#11144 = ORIENTED_EDGE('',*,*,#11145,.F.);
#11145 = EDGE_CURVE('',#11146,#11138,#11148,.T.);
#11146 = VERTEX_POINT('',#11147);
#11147 = CARTESIAN_POINT('',(-34.90901565551,16.687786102295,
    1.600000023842));
#11148 = LINE('',#11149,#11150);
#11149 = CARTESIAN_POINT('',(-34.90901565551,16.687786102295,
    1.600000023842));
#11150 = VECTOR('',#11151,1.);
#11151 = DIRECTION('',(0.629324028917,0.777143015556,0.));
#11152 = ORIENTED_EDGE('',*,*,#11153,.F.);
#11153 = EDGE_CURVE('',#11154,#11146,#11156,.T.);
#11154 = VERTEX_POINT('',#11155);
#11155 = CARTESIAN_POINT('',(-34.96602630615,16.60000038147,
    1.600000023842));
#11156 = LINE('',#11157,#11158);
#11157 = CARTESIAN_POINT('',(-34.96602630615,16.60000038147,
    1.600000023842));
#11158 = VECTOR('',#11159,1.);
#11159 = DIRECTION('',(0.544652050599,0.838662115383,0.));
#11160 = ORIENTED_EDGE('',*,*,#11161,.F.);
#11161 = EDGE_CURVE('',#11162,#11154,#11164,.T.);
#11162 = VERTEX_POINT('',#11163);
#11163 = CARTESIAN_POINT('',(-35.01354598999,16.506736755371,
    1.600000023842));
#11164 = LINE('',#11165,#11166);
#11165 = CARTESIAN_POINT('',(-35.01354598999,16.506736755371,
    1.600000023842));
#11166 = VECTOR('',#11167,1.);
#11167 = DIRECTION('',(0.453986653055,0.891008484162,0.));
#11168 = ORIENTED_EDGE('',*,*,#11169,.F.);
#11169 = EDGE_CURVE('',#11170,#11162,#11172,.T.);
#11170 = VERTEX_POINT('',#11171);
#11171 = CARTESIAN_POINT('',(-35.0510559082,16.409017562866,
    1.600000023842));
#11172 = LINE('',#11173,#11174);
#11173 = CARTESIAN_POINT('',(-35.0510559082,16.409017562866,
    1.600000023842));
#11174 = VECTOR('',#11175,1.);
#11175 = DIRECTION('',(0.35835991151,0.93358351197,0.));
#11176 = ORIENTED_EDGE('',*,*,#11177,.F.);
#11177 = EDGE_CURVE('',#11178,#11170,#11180,.T.);
#11178 = VERTEX_POINT('',#11179);
#11179 = CARTESIAN_POINT('',(-35.07814788818,16.307910919189,
    1.600000023842));
#11180 = LINE('',#11181,#11182);
#11181 = CARTESIAN_POINT('',(-35.07814788818,16.307910919189,
    1.600000023842));
#11182 = VECTOR('',#11183,1.);
#11183 = DIRECTION('',(0.258823826847,0.965924545012,0.));
#11184 = ORIENTED_EDGE('',*,*,#11185,.F.);
#11185 = EDGE_CURVE('',#11186,#11178,#11188,.T.);
#11186 = VERTEX_POINT('',#11187);
#11187 = CARTESIAN_POINT('',(-35.09452056884,16.204528808594,
    1.600000023842));
#11188 = LINE('',#11189,#11190);
#11189 = CARTESIAN_POINT('',(-35.09452056884,16.204528808594,
    1.600000023842));
#11190 = VECTOR('',#11191,1.);
#11191 = DIRECTION('',(0.156421071624,0.987690461811,0.));
#11192 = ORIENTED_EDGE('',*,*,#11193,.F.);
#11193 = EDGE_CURVE('',#7876,#11186,#11194,.T.);
#11194 = LINE('',#11195,#11196);
#11195 = CARTESIAN_POINT('',(-35.09999847412,16.10000038147,
    1.600000023842));
#11196 = VECTOR('',#11197,1.);
#11197 = DIRECTION('',(5.233407490429E-02,0.99862963335,0.));
#11198 = ORIENTED_EDGE('',*,*,#7875,.F.);
#11199 = ORIENTED_EDGE('',*,*,#10796,.F.);
#11200 = ORIENTED_EDGE('',*,*,#9477,.F.);
#11201 = ORIENTED_EDGE('',*,*,#9579,.F.);
#11202 = ORIENTED_EDGE('',*,*,#9964,.F.);
#11203 = ORIENTED_EDGE('',*,*,#9940,.F.);
#11204 = ORIENTED_EDGE('',*,*,#9916,.F.);
#11205 = ORIENTED_EDGE('',*,*,#9892,.F.);
#11206 = ORIENTED_EDGE('',*,*,#9868,.F.);
#11207 = ORIENTED_EDGE('',*,*,#9844,.F.);
#11208 = ORIENTED_EDGE('',*,*,#9820,.F.);
#11209 = ORIENTED_EDGE('',*,*,#9796,.F.);
#11210 = ORIENTED_EDGE('',*,*,#9772,.F.);
#11211 = ORIENTED_EDGE('',*,*,#9748,.F.);
#11212 = ORIENTED_EDGE('',*,*,#9724,.F.);
#11213 = ORIENTED_EDGE('',*,*,#9700,.F.);
#11214 = ORIENTED_EDGE('',*,*,#9676,.F.);
#11215 = ORIENTED_EDGE('',*,*,#9652,.F.);
#11216 = ORIENTED_EDGE('',*,*,#9628,.F.);
#11217 = ORIENTED_EDGE('',*,*,#9604,.F.);
#11218 = ORIENTED_EDGE('',*,*,#9556,.F.);
#11219 = ORIENTED_EDGE('',*,*,#9133,.F.);
#11220 = ORIENTED_EDGE('',*,*,#9109,.F.);
#11221 = ORIENTED_EDGE('',*,*,#9230,.F.);
#11222 = ORIENTED_EDGE('',*,*,#9205,.F.);
#11223 = ORIENTED_EDGE('',*,*,#9181,.F.);
#11224 = ORIENTED_EDGE('',*,*,#9157,.F.);
#11225 = ORIENTED_EDGE('',*,*,#9054,.F.);
#11226 = ORIENTED_EDGE('',*,*,#9086,.F.);
#11227 = ORIENTED_EDGE('',*,*,#9278,.F.);
#11228 = ORIENTED_EDGE('',*,*,#9254,.F.);
#11229 = ORIENTED_EDGE('',*,*,#9302,.F.);
#11230 = ORIENTED_EDGE('',*,*,#9326,.F.);
#11231 = ORIENTED_EDGE('',*,*,#9350,.F.);
#11232 = ORIENTED_EDGE('',*,*,#9374,.F.);
#11233 = ORIENTED_EDGE('',*,*,#9398,.F.);
#11234 = ORIENTED_EDGE('',*,*,#9453,.F.);
#11235 = ORIENTED_EDGE('',*,*,#7943,.F.);
#11236 = ORIENTED_EDGE('',*,*,#7683,.T.);
#11237 = ORIENTED_EDGE('',*,*,#7323,.F.);
#11238 = ORIENTED_EDGE('',*,*,#7378,.F.);
#11239 = ORIENTED_EDGE('',*,*,#7363,.F.);
#11240 = ORIENTED_EDGE('',*,*,#7404,.F.);
#11241 = ORIENTED_EDGE('',*,*,#7428,.F.);
#11242 = ORIENTED_EDGE('',*,*,#7474,.F.);
#11243 = ORIENTED_EDGE('',*,*,#7459,.F.);
#11244 = ORIENTED_EDGE('',*,*,#7500,.F.);
#11245 = ORIENTED_EDGE('',*,*,#7523,.F.);
#11246 = PLANE('',#11247);
#11247 = AXIS2_PLACEMENT_3D('',#11248,#11249,#11250);
#11248 = CARTESIAN_POINT('',(2.026693513265,0.643503943423,
    1.600000023842));
#11249 = DIRECTION('',(0.,0.,1.));
#11250 = DIRECTION('',(1.,0.,0.));
#11251 = ADVANCED_FACE('',(#11252),#11263,.T.);
#11252 = FACE_BOUND('',#11253,.T.);
#11253 = EDGE_LOOP('',(#11254,#11255,#11256,#11257));
#11254 = ORIENTED_EDGE('',*,*,#10817,.T.);
#11255 = ORIENTED_EDGE('',*,*,#7659,.F.);
#11256 = ORIENTED_EDGE('',*,*,#6829,.F.);
#11257 = ORIENTED_EDGE('',*,*,#11258,.T.);
#11258 = EDGE_CURVE('',#6822,#10818,#11259,.T.);
#11259 = LINE('',#11260,#11261);
#11260 = CARTESIAN_POINT('',(31.,-17.10000038147,-2.099999904633));
#11261 = VECTOR('',#11262,1.);
#11262 = DIRECTION('',(0.,0.,1.));
#11263 = PLANE('',#11264);
#11264 = AXIS2_PLACEMENT_3D('',#11265,#11266,#11267);
#11265 = CARTESIAN_POINT('',(0.,-17.10000038147,-0.249999940395));
#11266 = DIRECTION('',(-0.,-1.,-0.));
#11267 = DIRECTION('',(0.,0.,-1.));
#11268 = ADVANCED_FACE('',(#11269),#11280,.T.);
#11269 = FACE_BOUND('',#11270,.T.);
#11270 = EDGE_LOOP('',(#11271,#11277,#11278,#11279));
#11271 = ORIENTED_EDGE('',*,*,#11272,.T.);
#11272 = EDGE_CURVE('',#11186,#6966,#11273,.T.);
#11273 = LINE('',#11274,#11275);
#11274 = CARTESIAN_POINT('',(-35.09452056884,16.204528808594,
    1.600000023842));
#11275 = VECTOR('',#11276,1.);
#11276 = DIRECTION('',(0.,0.,-1.));
#11277 = ORIENTED_EDGE('',*,*,#6965,.F.);
#11278 = ORIENTED_EDGE('',*,*,#7883,.F.);
#11279 = ORIENTED_EDGE('',*,*,#11193,.T.);
#11280 = PLANE('',#11281);
#11281 = AXIS2_PLACEMENT_3D('',#11282,#11283,#11284);
#11282 = CARTESIAN_POINT('',(-35.09725952148,16.152264595032,
    -0.249999940395));
#11283 = DIRECTION('',(-0.99862963335,5.233407490429E-02,0.));
#11284 = DIRECTION('',(-5.233407490429E-02,-0.99862963335,0.));
#11285 = ADVANCED_FACE('',(#11286),#11297,.T.);
#11286 = FACE_BOUND('',#11287,.T.);
#11287 = EDGE_LOOP('',(#11288,#11289,#11290,#11296));
#11288 = ORIENTED_EDGE('',*,*,#11272,.F.);
#11289 = ORIENTED_EDGE('',*,*,#11185,.T.);
#11290 = ORIENTED_EDGE('',*,*,#11291,.F.);
#11291 = EDGE_CURVE('',#6974,#11178,#11292,.T.);
#11292 = LINE('',#11293,#11294);
#11293 = CARTESIAN_POINT('',(-35.07814788818,16.307910919189,
    -2.099999904633));
#11294 = VECTOR('',#11295,1.);
#11295 = DIRECTION('',(0.,0.,1.));
#11296 = ORIENTED_EDGE('',*,*,#6973,.F.);
#11297 = PLANE('',#11298);
#11298 = AXIS2_PLACEMENT_3D('',#11299,#11300,#11301);
#11299 = CARTESIAN_POINT('',(-35.08633422851,16.256219863892,
    -0.249999940395));
#11300 = DIRECTION('',(-0.987690461811,0.156421071624,0.));
#11301 = DIRECTION('',(-0.156421071624,-0.987690461811,0.));
#11302 = ADVANCED_FACE('',(#11303),#11314,.T.);
#11303 = FACE_BOUND('',#11304,.T.);
#11304 = EDGE_LOOP('',(#11305,#11306,#11307,#11313));
#11305 = ORIENTED_EDGE('',*,*,#11291,.T.);
#11306 = ORIENTED_EDGE('',*,*,#11177,.T.);
#11307 = ORIENTED_EDGE('',*,*,#11308,.F.);
#11308 = EDGE_CURVE('',#6982,#11170,#11309,.T.);
#11309 = LINE('',#11310,#11311);
#11310 = CARTESIAN_POINT('',(-35.0510559082,16.409017562866,
    -2.099999904633));
#11311 = VECTOR('',#11312,1.);
#11312 = DIRECTION('',(0.,0.,1.));
#11313 = ORIENTED_EDGE('',*,*,#6981,.F.);
#11314 = PLANE('',#11315);
#11315 = AXIS2_PLACEMENT_3D('',#11316,#11317,#11318);
#11316 = CARTESIAN_POINT('',(-35.06460189819,16.358464241028,
    -0.249999940395));
#11317 = DIRECTION('',(-0.965924545012,0.258823826847,0.));
#11318 = DIRECTION('',(-0.258823826847,-0.965924545012,0.));
#11319 = ADVANCED_FACE('',(#11320),#11331,.T.);
#11320 = FACE_BOUND('',#11321,.T.);
#11321 = EDGE_LOOP('',(#11322,#11323,#11324,#11330));
#11322 = ORIENTED_EDGE('',*,*,#11308,.T.);
#11323 = ORIENTED_EDGE('',*,*,#11169,.T.);
#11324 = ORIENTED_EDGE('',*,*,#11325,.T.);
#11325 = EDGE_CURVE('',#11162,#6990,#11326,.T.);
#11326 = LINE('',#11327,#11328);
#11327 = CARTESIAN_POINT('',(-35.01354598999,16.506736755371,
    1.600000023842));
#11328 = VECTOR('',#11329,1.);
#11329 = DIRECTION('',(0.,0.,-1.));
#11330 = ORIENTED_EDGE('',*,*,#6989,.F.);
#11331 = PLANE('',#11332);
#11332 = AXIS2_PLACEMENT_3D('',#11333,#11334,#11335);
#11333 = CARTESIAN_POINT('',(-35.03230094909,16.457877159119,
    -0.249999940395));
#11334 = DIRECTION('',(-0.93358351197,0.35835991151,0.));
#11335 = DIRECTION('',(-0.35835991151,-0.93358351197,0.));
#11336 = ADVANCED_FACE('',(#11337),#11348,.T.);
#11337 = FACE_BOUND('',#11338,.T.);
#11338 = EDGE_LOOP('',(#11339,#11345,#11346,#11347));
#11339 = ORIENTED_EDGE('',*,*,#11340,.T.);
#11340 = EDGE_CURVE('',#11154,#6998,#11341,.T.);
#11341 = LINE('',#11342,#11343);
#11342 = CARTESIAN_POINT('',(-34.96602630615,16.60000038147,
    1.600000023842));
#11343 = VECTOR('',#11344,1.);
#11344 = DIRECTION('',(0.,0.,-1.));
#11345 = ORIENTED_EDGE('',*,*,#6997,.F.);
#11346 = ORIENTED_EDGE('',*,*,#11325,.F.);
#11347 = ORIENTED_EDGE('',*,*,#11161,.T.);
#11348 = PLANE('',#11349);
#11349 = AXIS2_PLACEMENT_3D('',#11350,#11351,#11352);
#11350 = CARTESIAN_POINT('',(-34.98978614807,16.55336856842,
    -0.249999940395));
#11351 = DIRECTION('',(-0.891008484162,0.453986653055,0.));
#11352 = DIRECTION('',(-0.453986653055,-0.891008484162,0.));
#11353 = ADVANCED_FACE('',(#11354),#11365,.T.);
#11354 = FACE_BOUND('',#11355,.T.);
#11355 = EDGE_LOOP('',(#11356,#11362,#11363,#11364));
#11356 = ORIENTED_EDGE('',*,*,#11357,.T.);
#11357 = EDGE_CURVE('',#11146,#7006,#11358,.T.);
#11358 = LINE('',#11359,#11360);
#11359 = CARTESIAN_POINT('',(-34.90901565551,16.687786102295,
    1.600000023842));
#11360 = VECTOR('',#11361,1.);
#11361 = DIRECTION('',(0.,0.,-1.));
#11362 = ORIENTED_EDGE('',*,*,#7005,.F.);
#11363 = ORIENTED_EDGE('',*,*,#11340,.F.);
#11364 = ORIENTED_EDGE('',*,*,#11153,.T.);
#11365 = PLANE('',#11366);
#11366 = AXIS2_PLACEMENT_3D('',#11367,#11368,#11369);
#11367 = CARTESIAN_POINT('',(-34.93752098083,16.643893241882,
    -0.249999940395));
#11368 = DIRECTION('',(-0.838662115383,0.544652050599,0.));
#11369 = DIRECTION('',(-0.544652050599,-0.838662115383,0.));
#11370 = ADVANCED_FACE('',(#11371),#11382,.T.);
#11371 = FACE_BOUND('',#11372,.T.);
#11372 = EDGE_LOOP('',(#11373,#11374,#11375,#11381));
#11373 = ORIENTED_EDGE('',*,*,#11357,.F.);
#11374 = ORIENTED_EDGE('',*,*,#11145,.T.);
#11375 = ORIENTED_EDGE('',*,*,#11376,.T.);
#11376 = EDGE_CURVE('',#11138,#7014,#11377,.T.);
#11377 = LINE('',#11378,#11379);
#11378 = CARTESIAN_POINT('',(-34.84314346313,16.769130706787,
    1.600000023842));
#11379 = VECTOR('',#11380,1.);
#11380 = DIRECTION('',(0.,0.,-1.));
#11381 = ORIENTED_EDGE('',*,*,#7013,.F.);
#11382 = PLANE('',#11383);
#11383 = AXIS2_PLACEMENT_3D('',#11384,#11385,#11386);
#11384 = CARTESIAN_POINT('',(-34.87607955932,16.728458404541,
    -0.249999940395));
#11385 = DIRECTION('',(-0.777143015556,0.629324028917,0.));
#11386 = DIRECTION('',(-0.629324028917,-0.777143015556,0.));
#11387 = ADVANCED_FACE('',(#11388),#11399,.T.);
#11388 = FACE_BOUND('',#11389,.T.);
#11389 = EDGE_LOOP('',(#11390,#11396,#11397,#11398));
#11390 = ORIENTED_EDGE('',*,*,#11391,.T.);
#11391 = EDGE_CURVE('',#11130,#7022,#11392,.T.);
#11392 = LINE('',#11393,#11394);
#11393 = CARTESIAN_POINT('',(-34.76913070678,16.843145370483,
    1.600000023842));
#11394 = VECTOR('',#11395,1.);
#11395 = DIRECTION('',(0.,0.,-1.));
#11396 = ORIENTED_EDGE('',*,*,#7021,.F.);
#11397 = ORIENTED_EDGE('',*,*,#11376,.F.);
#11398 = ORIENTED_EDGE('',*,*,#11137,.T.);
#11399 = PLANE('',#11400);
#11400 = AXIS2_PLACEMENT_3D('',#11401,#11402,#11403);
#11401 = CARTESIAN_POINT('',(-34.80613708496,16.806138038635,
    -0.249999940395));
#11402 = DIRECTION('',(-0.707115892272,0.707097669984,0.));
#11403 = DIRECTION('',(-0.707097669984,-0.707115892272,0.));
#11404 = ADVANCED_FACE('',(#11405),#11416,.T.);
#11405 = FACE_BOUND('',#11406,.T.);
#11406 = EDGE_LOOP('',(#11407,#11408,#11409,#11415));
#11407 = ORIENTED_EDGE('',*,*,#11391,.F.);
#11408 = ORIENTED_EDGE('',*,*,#11129,.T.);
#11409 = ORIENTED_EDGE('',*,*,#11410,.F.);
#11410 = EDGE_CURVE('',#7030,#11122,#11411,.T.);
#11411 = LINE('',#11412,#11413);
#11412 = CARTESIAN_POINT('',(-34.68778610229,16.909017562866,
    -2.099999904633));
#11413 = VECTOR('',#11414,1.);
#11414 = DIRECTION('',(0.,0.,1.));
#11415 = ORIENTED_EDGE('',*,*,#7029,.F.);
#11416 = PLANE('',#11417);
#11417 = AXIS2_PLACEMENT_3D('',#11418,#11419,#11420);
#11418 = CARTESIAN_POINT('',(-34.72845840454,16.876081466675,
    -0.249999940395));
#11419 = DIRECTION('',(-0.629324028917,0.777143015556,0.));
#11420 = DIRECTION('',(0.777143015556,0.629324028917,0.));
#11421 = ADVANCED_FACE('',(#11422),#11433,.T.);
#11422 = FACE_BOUND('',#11423,.T.);
#11423 = EDGE_LOOP('',(#11424,#11425,#11426,#11432));
#11424 = ORIENTED_EDGE('',*,*,#11410,.T.);
#11425 = ORIENTED_EDGE('',*,*,#11121,.T.);
#11426 = ORIENTED_EDGE('',*,*,#11427,.T.);
#11427 = EDGE_CURVE('',#11114,#7038,#11428,.T.);
#11428 = LINE('',#11429,#11430);
#11429 = CARTESIAN_POINT('',(-34.59999847412,16.966026306152,
    1.600000023842));
#11430 = VECTOR('',#11431,1.);
#11431 = DIRECTION('',(0.,0.,-1.));
#11432 = ORIENTED_EDGE('',*,*,#7037,.F.);
#11433 = PLANE('',#11434);
#11434 = AXIS2_PLACEMENT_3D('',#11435,#11436,#11437);
#11435 = CARTESIAN_POINT('',(-34.6438922882,16.937521934509,
    -0.249999940395));
#11436 = DIRECTION('',(-0.544630910729,0.838675843863,0.));
#11437 = DIRECTION('',(0.838675843863,0.544630910729,0.));
#11438 = ADVANCED_FACE('',(#11439),#11450,.T.);
#11439 = FACE_BOUND('',#11440,.T.);
#11440 = EDGE_LOOP('',(#11441,#11442,#11443,#11449));
#11441 = ORIENTED_EDGE('',*,*,#11427,.F.);
#11442 = ORIENTED_EDGE('',*,*,#11113,.T.);
#11443 = ORIENTED_EDGE('',*,*,#11444,.T.);
#11444 = EDGE_CURVE('',#11106,#7046,#11445,.T.);
#11445 = LINE('',#11446,#11447);
#11446 = CARTESIAN_POINT('',(-34.50673675537,17.01354598999,
    1.600000023842));
#11447 = VECTOR('',#11448,1.);
#11448 = DIRECTION('',(0.,0.,-1.));
#11449 = ORIENTED_EDGE('',*,*,#7045,.F.);
#11450 = PLANE('',#11451);
#11451 = AXIS2_PLACEMENT_3D('',#11452,#11453,#11454);
#11452 = CARTESIAN_POINT('',(-34.55336761474,16.989786148071,
    -0.249999940395));
#11453 = DIRECTION('',(-0.453994024127,0.891004728414,0.));
#11454 = DIRECTION('',(0.891004728414,0.453994024127,0.));
#11455 = ADVANCED_FACE('',(#11456),#11467,.T.);
#11456 = FACE_BOUND('',#11457,.T.);
#11457 = EDGE_LOOP('',(#11458,#11459,#11460,#11466));
#11458 = ORIENTED_EDGE('',*,*,#11444,.F.);
#11459 = ORIENTED_EDGE('',*,*,#11105,.T.);
#11460 = ORIENTED_EDGE('',*,*,#11461,.T.);
#11461 = EDGE_CURVE('',#11098,#7054,#11462,.T.);
#11462 = LINE('',#11463,#11464);
#11463 = CARTESIAN_POINT('',(-34.40901565551,17.051055908203,
    1.600000023842));
#11464 = VECTOR('',#11465,1.);
#11465 = DIRECTION('',(0.,0.,-1.));
#11466 = ORIENTED_EDGE('',*,*,#7053,.F.);
#11467 = PLANE('',#11468);
#11468 = AXIS2_PLACEMENT_3D('',#11469,#11470,#11471);
#11469 = CARTESIAN_POINT('',(-34.45787620544,17.032300949097,
    -0.249999940395));
#11470 = DIRECTION('',(-0.358353815171,0.933585852052,0.));
#11471 = DIRECTION('',(0.933585852052,0.358353815171,0.));
#11472 = ADVANCED_FACE('',(#11473),#11484,.T.);
#11473 = FACE_BOUND('',#11474,.T.);
#11474 = EDGE_LOOP('',(#11475,#11481,#11482,#11483));
#11475 = ORIENTED_EDGE('',*,*,#11476,.T.);
#11476 = EDGE_CURVE('',#11090,#7062,#11477,.T.);
#11477 = LINE('',#11478,#11479);
#11478 = CARTESIAN_POINT('',(-34.30791091918,17.078147888184,
    1.600000023842));
#11479 = VECTOR('',#11480,1.);
#11480 = DIRECTION('',(0.,0.,-1.));
#11481 = ORIENTED_EDGE('',*,*,#7061,.F.);
#11482 = ORIENTED_EDGE('',*,*,#11461,.F.);
#11483 = ORIENTED_EDGE('',*,*,#11097,.T.);
#11484 = PLANE('',#11485);
#11485 = AXIS2_PLACEMENT_3D('',#11486,#11487,#11488);
#11486 = CARTESIAN_POINT('',(-34.35846328735,17.064601898193,
    -0.249999940395));
#11487 = DIRECTION('',(-0.258828382477,0.965923324299,0.));
#11488 = DIRECTION('',(0.965923324299,0.258828382477,0.));
#11489 = ADVANCED_FACE('',(#11490),#11501,.T.);
#11490 = FACE_BOUND('',#11491,.T.);
#11491 = EDGE_LOOP('',(#11492,#11493,#11494,#11500));
#11492 = ORIENTED_EDGE('',*,*,#11476,.F.);
#11493 = ORIENTED_EDGE('',*,*,#11089,.T.);
#11494 = ORIENTED_EDGE('',*,*,#11495,.T.);
#11495 = EDGE_CURVE('',#11082,#7070,#11496,.T.);
#11496 = LINE('',#11497,#11498);
#11497 = CARTESIAN_POINT('',(-34.20452880859,17.094522476196,
    1.600000023842));
#11498 = VECTOR('',#11499,1.);
#11499 = DIRECTION('',(0.,0.,-1.));
#11500 = ORIENTED_EDGE('',*,*,#7069,.F.);
#11501 = PLANE('',#11502);
#11502 = AXIS2_PLACEMENT_3D('',#11503,#11504,#11505);
#11503 = CARTESIAN_POINT('',(-34.25621986389,17.08633518219,
    -0.249999940395));
#11504 = DIRECTION('',(-0.15643884809,0.987687646378,0.));
#11505 = DIRECTION('',(0.987687646378,0.15643884809,0.));
#11506 = ADVANCED_FACE('',(#11507),#11518,.T.);
#11507 = FACE_BOUND('',#11508,.T.);
#11508 = EDGE_LOOP('',(#11509,#11515,#11516,#11517));
#11509 = ORIENTED_EDGE('',*,*,#11510,.T.);
#11510 = EDGE_CURVE('',#11074,#7078,#11511,.T.);
#11511 = LINE('',#11512,#11513);
#11512 = CARTESIAN_POINT('',(-34.09999847412,17.10000038147,
    1.600000023842));
#11513 = VECTOR('',#11514,1.);
#11514 = DIRECTION('',(0.,0.,-1.));
#11515 = ORIENTED_EDGE('',*,*,#7077,.F.);
#11516 = ORIENTED_EDGE('',*,*,#11495,.F.);
#11517 = ORIENTED_EDGE('',*,*,#11081,.T.);
#11518 = PLANE('',#11519);
#11519 = AXIS2_PLACEMENT_3D('',#11520,#11521,#11522);
#11520 = CARTESIAN_POINT('',(-34.15226364135,17.097261428833,
    -0.249999940395));
#11521 = DIRECTION('',(-5.233312258798E-02,0.998629683256,0.));
#11522 = DIRECTION('',(0.998629683256,5.233312258798E-02,0.));
#11523 = ADVANCED_FACE('',(#11524),#11535,.T.);
#11524 = FACE_BOUND('',#11525,.T.);
#11525 = EDGE_LOOP('',(#11526,#11527,#11528,#11534));
#11526 = ORIENTED_EDGE('',*,*,#11510,.F.);
#11527 = ORIENTED_EDGE('',*,*,#11073,.T.);
#11528 = ORIENTED_EDGE('',*,*,#11529,.T.);
#11529 = EDGE_CURVE('',#11066,#7086,#11530,.T.);
#11530 = LINE('',#11531,#11532);
#11531 = CARTESIAN_POINT('',(34.099998474121,17.10000038147,
    1.600000023842));
#11532 = VECTOR('',#11533,1.);
#11533 = DIRECTION('',(0.,0.,-1.));
#11534 = ORIENTED_EDGE('',*,*,#7085,.F.);
#11535 = PLANE('',#11536);
#11536 = AXIS2_PLACEMENT_3D('',#11537,#11538,#11539);
#11537 = CARTESIAN_POINT('',(0.,17.10000038147,-0.249999940395));
#11538 = DIRECTION('',(0.,1.,0.));
#11539 = DIRECTION('',(0.,0.,1.));
#11540 = ADVANCED_FACE('',(#11541),#11552,.T.);
#11541 = FACE_BOUND('',#11542,.T.);
#11542 = EDGE_LOOP('',(#11543,#11544,#11550,#11551));
#11543 = ORIENTED_EDGE('',*,*,#6821,.F.);
#11544 = ORIENTED_EDGE('',*,*,#11545,.T.);
#11545 = EDGE_CURVE('',#6814,#10826,#11546,.T.);
#11546 = LINE('',#11547,#11548);
#11547 = CARTESIAN_POINT('',(31.428565979004,-17.07753944397,
    -2.099999904633));
#11548 = VECTOR('',#11549,1.);
#11549 = DIRECTION('',(0.,0.,1.));
#11550 = ORIENTED_EDGE('',*,*,#10825,.T.);
#11551 = ORIENTED_EDGE('',*,*,#11258,.F.);
#11552 = PLANE('',#11553);
#11553 = AXIS2_PLACEMENT_3D('',#11554,#11555,#11556);
#11554 = CARTESIAN_POINT('',(31.214282989502,-17.08876991272,
    -0.249999940395));
#11555 = DIRECTION('',(5.233769039846E-02,-0.99862944387,0.));
#11556 = DIRECTION('',(-0.99862944387,-5.233769039846E-02,0.));
#11557 = ADVANCED_FACE('',(#11558),#11569,.T.);
#11558 = FACE_BOUND('',#11559,.T.);
#11559 = EDGE_LOOP('',(#11560,#11561,#11567,#11568));
#11560 = ORIENTED_EDGE('',*,*,#6813,.F.);
#11561 = ORIENTED_EDGE('',*,*,#11562,.T.);
#11562 = EDGE_CURVE('',#6806,#10834,#11563,.T.);
#11563 = LINE('',#11564,#11565);
#11564 = CARTESIAN_POINT('',(31.852437973022,-17.01040458679,
    -2.099999904633));
#11565 = VECTOR('',#11566,1.);
#11566 = DIRECTION('',(0.,0.,1.));
#11567 = ORIENTED_EDGE('',*,*,#10833,.T.);
#11568 = ORIENTED_EDGE('',*,*,#11545,.F.);
#11569 = PLANE('',#11570);
#11570 = AXIS2_PLACEMENT_3D('',#11571,#11572,#11573);
#11571 = CARTESIAN_POINT('',(31.640501976013,-17.04397201538,
    -0.249999940395));
#11572 = DIRECTION('',(0.156434757447,-0.987688294282,0.));
#11573 = DIRECTION('',(-0.987688294282,-0.156434757447,0.));
#11574 = ADVANCED_FACE('',(#11575),#11586,.T.);
#11575 = FACE_BOUND('',#11576,.T.);
#11576 = EDGE_LOOP('',(#11577,#11578,#11584,#11585));
#11577 = ORIENTED_EDGE('',*,*,#6805,.F.);
#11578 = ORIENTED_EDGE('',*,*,#11579,.F.);
#11579 = EDGE_CURVE('',#10842,#6798,#11580,.T.);
#11580 = LINE('',#11581,#11582);
#11581 = CARTESIAN_POINT('',(32.266967773438,-16.8993320465,
    1.600000023842));
#11582 = VECTOR('',#11583,1.);
#11583 = DIRECTION('',(0.,0.,-1.));
#11584 = ORIENTED_EDGE('',*,*,#10841,.T.);
#11585 = ORIENTED_EDGE('',*,*,#11562,.F.);
#11586 = PLANE('',#11587);
#11587 = AXIS2_PLACEMENT_3D('',#11588,#11589,#11590);
#11588 = CARTESIAN_POINT('',(32.05970287323,-16.95486831665,
    -0.249999940395));
#11589 = DIRECTION('',(0.258818208132,-0.965926050554,0.));
#11590 = DIRECTION('',(-0.965926050554,-0.258818208132,0.));
#11591 = ADVANCED_FACE('',(#11592),#11603,.T.);
#11592 = FACE_BOUND('',#11593,.T.);
#11593 = EDGE_LOOP('',(#11594,#11595,#11601,#11602));
#11594 = ORIENTED_EDGE('',*,*,#6797,.F.);
#11595 = ORIENTED_EDGE('',*,*,#11596,.T.);
#11596 = EDGE_CURVE('',#6790,#10850,#11597,.T.);
#11597 = LINE('',#11598,#11599);
#11598 = CARTESIAN_POINT('',(32.667621612549,-16.74553680419,
    -2.099999904633));
#11599 = VECTOR('',#11600,1.);
#11600 = DIRECTION('',(0.,0.,1.));
#11601 = ORIENTED_EDGE('',*,*,#10849,.T.);
#11602 = ORIENTED_EDGE('',*,*,#11579,.T.);
#11603 = PLANE('',#11604);
#11604 = AXIS2_PLACEMENT_3D('',#11605,#11606,#11607);
#11605 = CARTESIAN_POINT('',(32.467294692993,-16.82243442535,
    -0.249999940395));
#11606 = DIRECTION('',(0.358365193577,-0.93358148441,0.));
#11607 = DIRECTION('',(-0.93358148441,-0.358365193577,0.));
#11608 = ADVANCED_FACE('',(#11609),#11620,.T.);
#11609 = FACE_BOUND('',#11610,.T.);
#11610 = EDGE_LOOP('',(#11611,#11612,#11618,#11619));
#11611 = ORIENTED_EDGE('',*,*,#6789,.F.);
#11612 = ORIENTED_EDGE('',*,*,#11613,.T.);
#11613 = EDGE_CURVE('',#6782,#10858,#11614,.T.);
#11614 = LINE('',#11615,#11616);
#11615 = CARTESIAN_POINT('',(33.049999237061,-16.55070495605,
    -2.099999904633));
#11616 = VECTOR('',#11617,1.);
#11617 = DIRECTION('',(0.,0.,1.));
#11618 = ORIENTED_EDGE('',*,*,#10857,.T.);
#11619 = ORIENTED_EDGE('',*,*,#11596,.F.);
#11620 = PLANE('',#11621);
#11621 = AXIS2_PLACEMENT_3D('',#11622,#11623,#11624);
#11622 = CARTESIAN_POINT('',(32.858810424805,-16.64812088012,
    -0.249999940395));
#11623 = DIRECTION('',(0.453991826379,-0.891005848231,0.));
#11624 = DIRECTION('',(-0.891005848231,-0.453991826379,0.));
#11625 = ADVANCED_FACE('',(#11626),#11637,.T.);
#11626 = FACE_BOUND('',#11627,.T.);
#11627 = EDGE_LOOP('',(#11628,#11629,#11635,#11636));
#11628 = ORIENTED_EDGE('',*,*,#6781,.F.);
#11629 = ORIENTED_EDGE('',*,*,#11630,.T.);
#11630 = EDGE_CURVE('',#6774,#10866,#11631,.T.);
#11631 = LINE('',#11632,#11633);
#11632 = CARTESIAN_POINT('',(33.40991973877,-16.31696891784,
    -2.099999904633));
#11633 = VECTOR('',#11634,1.);
#11634 = DIRECTION('',(0.,0.,1.));
#11635 = ORIENTED_EDGE('',*,*,#10865,.T.);
#11636 = ORIENTED_EDGE('',*,*,#11613,.F.);
#11637 = PLANE('',#11638);
#11638 = AXIS2_PLACEMENT_3D('',#11639,#11640,#11641);
#11639 = CARTESIAN_POINT('',(33.229959487915,-16.43383693695,
    -0.249999940395));
#11640 = DIRECTION('',(0.54464056162,-0.838669576554,0.));
#11641 = DIRECTION('',(-0.838669576554,-0.54464056162,0.));
#11642 = ADVANCED_FACE('',(#11643),#11654,.T.);
#11643 = FACE_BOUND('',#11644,.T.);
#11644 = EDGE_LOOP('',(#11645,#11646,#11652,#11653));
#11645 = ORIENTED_EDGE('',*,*,#6773,.F.);
#11646 = ORIENTED_EDGE('',*,*,#11647,.T.);
#11647 = EDGE_CURVE('',#6766,#10874,#11648,.T.);
#11648 = LINE('',#11649,#11650);
#11649 = CARTESIAN_POINT('',(33.743434906006,-16.04689407348,
    -2.099999904633));
#11650 = VECTOR('',#11651,1.);
#11651 = DIRECTION('',(0.,0.,1.));
#11652 = ORIENTED_EDGE('',*,*,#10873,.T.);
#11653 = ORIENTED_EDGE('',*,*,#11630,.F.);
#11654 = PLANE('',#11655);
#11655 = AXIS2_PLACEMENT_3D('',#11656,#11657,#11658);
#11656 = CARTESIAN_POINT('',(33.576677322388,-16.18193149566,
    -0.249999940395));
#11657 = DIRECTION('',(0.629319809973,-0.777146432003,0.));
#11658 = DIRECTION('',(-0.777146432003,-0.629319809973,0.));
#11659 = ADVANCED_FACE('',(#11660),#11671,.T.);
#11660 = FACE_BOUND('',#11661,.T.);
#11661 = EDGE_LOOP('',(#11662,#11663,#11669,#11670));
#11662 = ORIENTED_EDGE('',*,*,#6765,.F.);
#11663 = ORIENTED_EDGE('',*,*,#11664,.F.);
#11664 = EDGE_CURVE('',#10882,#6758,#11665,.T.);
#11665 = LINE('',#11666,#11667);
#11666 = CARTESIAN_POINT('',(34.046894073486,-15.74343585968,
    1.600000023842));
#11667 = VECTOR('',#11668,1.);
#11668 = DIRECTION('',(0.,0.,-1.));
#11669 = ORIENTED_EDGE('',*,*,#10881,.T.);
#11670 = ORIENTED_EDGE('',*,*,#11647,.F.);
#11671 = PLANE('',#11672);
#11672 = AXIS2_PLACEMENT_3D('',#11673,#11674,#11675);
#11673 = CARTESIAN_POINT('',(33.895164489746,-15.89516496658,
    -0.249999940395));
#11674 = DIRECTION('',(0.70710567008,-0.707107892292,0.));
#11675 = DIRECTION('',(-0.707107892292,-0.70710567008,0.));
#11676 = ADVANCED_FACE('',(#11677),#11688,.T.);
#11677 = FACE_BOUND('',#11678,.T.);
#11678 = EDGE_LOOP('',(#11679,#11680,#11686,#11687));
#11679 = ORIENTED_EDGE('',*,*,#6757,.F.);
#11680 = ORIENTED_EDGE('',*,*,#11681,.T.);
#11681 = EDGE_CURVE('',#6750,#10890,#11682,.T.);
#11682 = LINE('',#11683,#11684);
#11683 = CARTESIAN_POINT('',(34.316970825195,-15.40991973877,
    -2.099999904633));
#11684 = VECTOR('',#11685,1.);
#11685 = DIRECTION('',(0.,0.,1.));
#11686 = ORIENTED_EDGE('',*,*,#10889,.T.);
#11687 = ORIENTED_EDGE('',*,*,#11664,.T.);
#11688 = PLANE('',#11689);
#11689 = AXIS2_PLACEMENT_3D('',#11690,#11691,#11692);
#11690 = CARTESIAN_POINT('',(34.181932449341,-15.57667779922,
    -0.249999940395));
#11691 = DIRECTION('',(0.777145138443,-0.629321407386,0.));
#11692 = DIRECTION('',(0.629321407386,0.777145138443,0.));
#11693 = ADVANCED_FACE('',(#11694),#11705,.T.);
#11694 = FACE_BOUND('',#11695,.T.);
#11695 = EDGE_LOOP('',(#11696,#11697,#11703,#11704));
#11696 = ORIENTED_EDGE('',*,*,#6749,.F.);
#11697 = ORIENTED_EDGE('',*,*,#11698,.T.);
#11698 = EDGE_CURVE('',#6742,#10898,#11699,.T.);
#11699 = LINE('',#11700,#11701);
#11700 = CARTESIAN_POINT('',(34.550704956055,-15.05000019073,
    -2.099999904633));
#11701 = VECTOR('',#11702,1.);
#11702 = DIRECTION('',(0.,0.,1.));
#11703 = ORIENTED_EDGE('',*,*,#10897,.T.);
#11704 = ORIENTED_EDGE('',*,*,#11681,.F.);
#11705 = PLANE('',#11706);
#11706 = AXIS2_PLACEMENT_3D('',#11707,#11708,#11709);
#11707 = CARTESIAN_POINT('',(34.433837890625,-15.22995996475,
    -0.249999940395));
#11708 = DIRECTION('',(0.838670947467,-0.544638450603,0.));
#11709 = DIRECTION('',(0.544638450603,0.838670947467,0.));
#11710 = ADVANCED_FACE('',(#11711),#11722,.T.);
#11711 = FACE_BOUND('',#11712,.T.);
#11712 = EDGE_LOOP('',(#11713,#11714,#11720,#11721));
#11713 = ORIENTED_EDGE('',*,*,#6741,.F.);
#11714 = ORIENTED_EDGE('',*,*,#11715,.T.);
#11715 = EDGE_CURVE('',#6734,#10906,#11716,.T.);
#11716 = LINE('',#11717,#11718);
#11717 = CARTESIAN_POINT('',(34.745536804199,-14.66762065887,
    -2.099999904633));
#11718 = VECTOR('',#11719,1.);
#11719 = DIRECTION('',(0.,0.,1.));
#11720 = ORIENTED_EDGE('',*,*,#10905,.T.);
#11721 = ORIENTED_EDGE('',*,*,#11698,.F.);
#11722 = PLANE('',#11723);
#11723 = AXIS2_PLACEMENT_3D('',#11724,#11725,#11726);
#11724 = CARTESIAN_POINT('',(34.648120880127,-14.8588104248,
    -0.249999940395));
#11725 = DIRECTION('',(0.891006764265,-0.453990028563,0.));
#11726 = DIRECTION('',(0.453990028563,0.891006764265,0.));
#11727 = ADVANCED_FACE('',(#11728),#11739,.T.);
#11728 = FACE_BOUND('',#11729,.T.);
#11729 = EDGE_LOOP('',(#11730,#11731,#11737,#11738));
#11730 = ORIENTED_EDGE('',*,*,#6733,.F.);
#11731 = ORIENTED_EDGE('',*,*,#11732,.T.);
#11732 = EDGE_CURVE('',#6726,#10914,#11733,.T.);
#11733 = LINE('',#11734,#11735);
#11734 = CARTESIAN_POINT('',(34.89933013916,-14.26696968078,
    -2.099999904633));
#11735 = VECTOR('',#11736,1.);
#11736 = DIRECTION('',(0.,0.,1.));
#11737 = ORIENTED_EDGE('',*,*,#10913,.T.);
#11738 = ORIENTED_EDGE('',*,*,#11715,.F.);
#11739 = PLANE('',#11740);
#11740 = AXIS2_PLACEMENT_3D('',#11741,#11742,#11743);
#11741 = CARTESIAN_POINT('',(34.82243347168,-14.46729516983,
    -0.249999940395));
#11742 = DIRECTION('',(0.933582115183,-0.358363550337,0.));
#11743 = DIRECTION('',(0.358363550337,0.933582115183,0.));
#11744 = ADVANCED_FACE('',(#11745),#11756,.T.);
#11745 = FACE_BOUND('',#11746,.T.);
#11746 = EDGE_LOOP('',(#11747,#11748,#11754,#11755));
#11747 = ORIENTED_EDGE('',*,*,#6725,.F.);
#11748 = ORIENTED_EDGE('',*,*,#11749,.T.);
#11749 = EDGE_CURVE('',#6718,#10922,#11750,.T.);
#11750 = LINE('',#11751,#11752);
#11751 = CARTESIAN_POINT('',(35.010406494141,-13.85243797302,
    -2.099999904633));
#11752 = VECTOR('',#11753,1.);
#11753 = DIRECTION('',(0.,0.,1.));
#11754 = ORIENTED_EDGE('',*,*,#10921,.T.);
#11755 = ORIENTED_EDGE('',*,*,#11732,.F.);
#11756 = PLANE('',#11757);
#11757 = AXIS2_PLACEMENT_3D('',#11758,#11759,#11760);
#11758 = CARTESIAN_POINT('',(34.95486831665,-14.0597038269,
    -0.249999940395));
#11759 = DIRECTION('',(0.965924126041,-0.258825390432,0.));
#11760 = DIRECTION('',(0.258825390432,0.965924126041,0.));
#11761 = ADVANCED_FACE('',(#11762),#11773,.T.);
#11762 = FACE_BOUND('',#11763,.T.);
#11763 = EDGE_LOOP('',(#11764,#11765,#11771,#11772));
#11764 = ORIENTED_EDGE('',*,*,#6717,.F.);
#11765 = ORIENTED_EDGE('',*,*,#11766,.T.);
#11766 = EDGE_CURVE('',#6710,#10930,#11767,.T.);
#11767 = LINE('',#11768,#11769);
#11768 = CARTESIAN_POINT('',(35.077541351318,-13.42856693267,
    -2.099999904633));
#11769 = VECTOR('',#11770,1.);
#11770 = DIRECTION('',(0.,0.,1.));
#11771 = ORIENTED_EDGE('',*,*,#10929,.T.);
#11772 = ORIENTED_EDGE('',*,*,#11749,.F.);
#11773 = PLANE('',#11774);
#11774 = AXIS2_PLACEMENT_3D('',#11775,#11776,#11777);
#11775 = CARTESIAN_POINT('',(35.043973922729,-13.64050245285,
    -0.249999940395));
#11776 = DIRECTION('',(0.987688239901,-0.156435100799,0.));
#11777 = DIRECTION('',(0.156435100799,0.987688239901,0.));
#11778 = ADVANCED_FACE('',(#11779),#11790,.T.);
#11779 = FACE_BOUND('',#11780,.T.);
#11780 = EDGE_LOOP('',(#11781,#11782,#11788,#11789));
#11781 = ORIENTED_EDGE('',*,*,#6709,.F.);
#11782 = ORIENTED_EDGE('',*,*,#11783,.T.);
#11783 = EDGE_CURVE('',#6702,#10938,#11784,.T.);
#11784 = LINE('',#11785,#11786);
#11785 = CARTESIAN_POINT('',(35.099998474121,-13.,-2.099999904633));
#11786 = VECTOR('',#11787,1.);
#11787 = DIRECTION('',(0.,0.,1.));
#11788 = ORIENTED_EDGE('',*,*,#10937,.T.);
#11789 = ORIENTED_EDGE('',*,*,#11766,.F.);
#11790 = PLANE('',#11791);
#11791 = AXIS2_PLACEMENT_3D('',#11792,#11793,#11794);
#11792 = CARTESIAN_POINT('',(35.08876991272,-13.21428346633,
    -0.249999940395));
#11793 = DIRECTION('',(0.998629914501,-5.232870974037E-02,0.));
#11794 = DIRECTION('',(5.232870974037E-02,0.998629914501,0.));
#11795 = ADVANCED_FACE('',(#11796),#11807,.T.);
#11796 = FACE_BOUND('',#11797,.T.);
#11797 = EDGE_LOOP('',(#11798,#11799,#11805,#11806));
#11798 = ORIENTED_EDGE('',*,*,#6701,.T.);
#11799 = ORIENTED_EDGE('',*,*,#11800,.T.);
#11800 = EDGE_CURVE('',#6694,#10946,#11801,.T.);
#11801 = LINE('',#11802,#11803);
#11802 = CARTESIAN_POINT('',(35.099998474121,16.10000038147,
    -2.099999904633));
#11803 = VECTOR('',#11804,1.);
#11804 = DIRECTION('',(0.,0.,1.));
#11805 = ORIENTED_EDGE('',*,*,#10945,.T.);
#11806 = ORIENTED_EDGE('',*,*,#11783,.F.);
#11807 = PLANE('',#11808);
#11808 = AXIS2_PLACEMENT_3D('',#11809,#11810,#11811);
#11809 = CARTESIAN_POINT('',(35.099998474121,1.550000190735,
    -0.249999940395));
#11810 = DIRECTION('',(1.,0.,0.));
#11811 = DIRECTION('',(0.,0.,1.));
#11812 = ADVANCED_FACE('',(#11813),#11824,.T.);
#11813 = FACE_BOUND('',#11814,.T.);
#11814 = EDGE_LOOP('',(#11815,#11816,#11822,#11823));
#11815 = ORIENTED_EDGE('',*,*,#6693,.F.);
#11816 = ORIENTED_EDGE('',*,*,#11817,.T.);
#11817 = EDGE_CURVE('',#6686,#10954,#11818,.T.);
#11818 = LINE('',#11819,#11820);
#11819 = CARTESIAN_POINT('',(35.094520568848,16.204528808594,
    -2.099999904633));
#11820 = VECTOR('',#11821,1.);
#11821 = DIRECTION('',(0.,0.,1.));
#11822 = ORIENTED_EDGE('',*,*,#10953,.T.);
#11823 = ORIENTED_EDGE('',*,*,#11800,.F.);
#11824 = PLANE('',#11825);
#11825 = AXIS2_PLACEMENT_3D('',#11826,#11827,#11828);
#11826 = CARTESIAN_POINT('',(35.097259521484,16.152264595032,
    -0.249999940395));
#11827 = DIRECTION('',(0.99862963335,5.233407490429E-02,0.));
#11828 = DIRECTION('',(-5.233407490429E-02,0.99862963335,0.));
#11829 = ADVANCED_FACE('',(#11830),#11841,.T.);
#11830 = FACE_BOUND('',#11831,.T.);
#11831 = EDGE_LOOP('',(#11832,#11833,#11839,#11840));
#11832 = ORIENTED_EDGE('',*,*,#6685,.F.);
#11833 = ORIENTED_EDGE('',*,*,#11834,.F.);
#11834 = EDGE_CURVE('',#10962,#6678,#11835,.T.);
#11835 = LINE('',#11836,#11837);
#11836 = CARTESIAN_POINT('',(35.078147888184,16.307910919189,
    1.600000023842));
#11837 = VECTOR('',#11838,1.);
#11838 = DIRECTION('',(0.,0.,-1.));
#11839 = ORIENTED_EDGE('',*,*,#10961,.T.);
#11840 = ORIENTED_EDGE('',*,*,#11817,.F.);
#11841 = PLANE('',#11842);
#11842 = AXIS2_PLACEMENT_3D('',#11843,#11844,#11845);
#11843 = CARTESIAN_POINT('',(35.086334228516,16.256219863892,
    -0.249999940395));
#11844 = DIRECTION('',(0.987690461811,0.156421071624,0.));
#11845 = DIRECTION('',(-0.156421071624,0.987690461811,0.));
#11846 = ADVANCED_FACE('',(#11847),#11858,.T.);
#11847 = FACE_BOUND('',#11848,.T.);
#11848 = EDGE_LOOP('',(#11849,#11850,#11856,#11857));
#11849 = ORIENTED_EDGE('',*,*,#6677,.F.);
#11850 = ORIENTED_EDGE('',*,*,#11851,.F.);
#11851 = EDGE_CURVE('',#10970,#6670,#11852,.T.);
#11852 = LINE('',#11853,#11854);
#11853 = CARTESIAN_POINT('',(35.051055908203,16.409017562866,
    1.600000023842));
#11854 = VECTOR('',#11855,1.);
#11855 = DIRECTION('',(0.,0.,-1.));
#11856 = ORIENTED_EDGE('',*,*,#10969,.T.);
#11857 = ORIENTED_EDGE('',*,*,#11834,.T.);
#11858 = PLANE('',#11859);
#11859 = AXIS2_PLACEMENT_3D('',#11860,#11861,#11862);
#11860 = CARTESIAN_POINT('',(35.064601898193,16.358464241028,
    -0.249999940395));
#11861 = DIRECTION('',(0.965924545012,0.258823826847,0.));
#11862 = DIRECTION('',(-0.258823826847,0.965924545012,0.));
#11863 = ADVANCED_FACE('',(#11864),#11875,.T.);
#11864 = FACE_BOUND('',#11865,.T.);
#11865 = EDGE_LOOP('',(#11866,#11867,#11873,#11874));
#11866 = ORIENTED_EDGE('',*,*,#6669,.F.);
#11867 = ORIENTED_EDGE('',*,*,#11868,.T.);
#11868 = EDGE_CURVE('',#6662,#10978,#11869,.T.);
#11869 = LINE('',#11870,#11871);
#11870 = CARTESIAN_POINT('',(35.01354598999,16.506736755371,
    -2.099999904633));
#11871 = VECTOR('',#11872,1.);
#11872 = DIRECTION('',(0.,0.,1.));
#11873 = ORIENTED_EDGE('',*,*,#10977,.T.);
#11874 = ORIENTED_EDGE('',*,*,#11851,.T.);
#11875 = PLANE('',#11876);
#11876 = AXIS2_PLACEMENT_3D('',#11877,#11878,#11879);
#11877 = CARTESIAN_POINT('',(35.032300949097,16.457877159119,
    -0.249999940395));
#11878 = DIRECTION('',(0.93358351197,0.35835991151,0.));
#11879 = DIRECTION('',(-0.35835991151,0.93358351197,0.));
#11880 = ADVANCED_FACE('',(#11881),#11892,.T.);
#11881 = FACE_BOUND('',#11882,.T.);
#11882 = EDGE_LOOP('',(#11883,#11884,#11885,#11891));
#11883 = ORIENTED_EDGE('',*,*,#11529,.F.);
#11884 = ORIENTED_EDGE('',*,*,#11065,.T.);
#11885 = ORIENTED_EDGE('',*,*,#11886,.T.);
#11886 = EDGE_CURVE('',#11058,#7094,#11887,.T.);
#11887 = LINE('',#11888,#11889);
#11888 = CARTESIAN_POINT('',(34.204528808594,17.094522476196,
    1.600000023842));
#11889 = VECTOR('',#11890,1.);
#11890 = DIRECTION('',(0.,0.,-1.));
#11891 = ORIENTED_EDGE('',*,*,#7093,.F.);
#11892 = PLANE('',#11893);
#11893 = AXIS2_PLACEMENT_3D('',#11894,#11895,#11896);
#11894 = CARTESIAN_POINT('',(34.152263641357,17.097261428833,
    -0.249999940395));
#11895 = DIRECTION('',(5.233312258798E-02,0.998629683256,0.));
#11896 = DIRECTION('',(0.998629683256,-5.233312258798E-02,0.));
#11897 = ADVANCED_FACE('',(#11898),#11909,.T.);
#11898 = FACE_BOUND('',#11899,.T.);
#11899 = EDGE_LOOP('',(#11900,#11906,#11907,#11908));
#11900 = ORIENTED_EDGE('',*,*,#11901,.T.);
#11901 = EDGE_CURVE('',#11050,#7102,#11902,.T.);
#11902 = LINE('',#11903,#11904);
#11903 = CARTESIAN_POINT('',(34.307910919189,17.078147888184,
    1.600000023842));
#11904 = VECTOR('',#11905,1.);
#11905 = DIRECTION('',(0.,0.,-1.));
#11906 = ORIENTED_EDGE('',*,*,#7101,.F.);
#11907 = ORIENTED_EDGE('',*,*,#11886,.F.);
#11908 = ORIENTED_EDGE('',*,*,#11057,.T.);
#11909 = PLANE('',#11910);
#11910 = AXIS2_PLACEMENT_3D('',#11911,#11912,#11913);
#11911 = CARTESIAN_POINT('',(34.256219863892,17.08633518219,
    -0.249999940395));
#11912 = DIRECTION('',(0.15643884809,0.987687646378,0.));
#11913 = DIRECTION('',(0.987687646378,-0.15643884809,0.));
#11914 = ADVANCED_FACE('',(#11915),#11926,.T.);
#11915 = FACE_BOUND('',#11916,.T.);
#11916 = EDGE_LOOP('',(#11917,#11923,#11924,#11925));
#11917 = ORIENTED_EDGE('',*,*,#11918,.T.);
#11918 = EDGE_CURVE('',#11042,#7110,#11919,.T.);
#11919 = LINE('',#11920,#11921);
#11920 = CARTESIAN_POINT('',(34.409015655518,17.051055908203,
    1.600000023842));
#11921 = VECTOR('',#11922,1.);
#11922 = DIRECTION('',(0.,0.,-1.));
#11923 = ORIENTED_EDGE('',*,*,#7109,.F.);
#11924 = ORIENTED_EDGE('',*,*,#11901,.F.);
#11925 = ORIENTED_EDGE('',*,*,#11049,.T.);
#11926 = PLANE('',#11927);
#11927 = AXIS2_PLACEMENT_3D('',#11928,#11929,#11930);
#11928 = CARTESIAN_POINT('',(34.358463287354,17.064601898193,
    -0.249999940395));
#11929 = DIRECTION('',(0.258828382477,0.965923324299,0.));
#11930 = DIRECTION('',(0.965923324299,-0.258828382477,0.));
#11931 = ADVANCED_FACE('',(#11932),#11948,.T.);
#11932 = FACE_BOUND('',#11933,.T.);
#11933 = EDGE_LOOP('',(#11934,#11940,#11941,#11947));
#11934 = ORIENTED_EDGE('',*,*,#11935,.T.);
#11935 = EDGE_CURVE('',#7118,#11034,#11936,.T.);
#11936 = LINE('',#11937,#11938);
#11937 = CARTESIAN_POINT('',(34.506736755371,17.01354598999,
    -2.099999904633));
#11938 = VECTOR('',#11939,1.);
#11939 = DIRECTION('',(0.,0.,1.));
#11940 = ORIENTED_EDGE('',*,*,#11033,.T.);
#11941 = ORIENTED_EDGE('',*,*,#11942,.F.);
#11942 = EDGE_CURVE('',#7126,#11026,#11943,.T.);
#11943 = LINE('',#11944,#11945);
#11944 = CARTESIAN_POINT('',(34.599998474121,16.966026306152,
    -2.099999904633));
#11945 = VECTOR('',#11946,1.);
#11946 = DIRECTION('',(0.,0.,1.));
#11947 = ORIENTED_EDGE('',*,*,#7125,.F.);
#11948 = PLANE('',#11949);
#11949 = AXIS2_PLACEMENT_3D('',#11950,#11951,#11952);
#11950 = CARTESIAN_POINT('',(34.553367614746,16.989786148071,
    -0.249999940395));
#11951 = DIRECTION('',(0.453994024127,0.891004728414,0.));
#11952 = DIRECTION('',(0.891004728414,-0.453994024127,0.));
#11953 = ADVANCED_FACE('',(#11954),#11960,.T.);
#11954 = FACE_BOUND('',#11955,.T.);
#11955 = EDGE_LOOP('',(#11956,#11957,#11958,#11959));
#11956 = ORIENTED_EDGE('',*,*,#11918,.F.);
#11957 = ORIENTED_EDGE('',*,*,#11041,.T.);
#11958 = ORIENTED_EDGE('',*,*,#11935,.F.);
#11959 = ORIENTED_EDGE('',*,*,#7117,.F.);
#11960 = PLANE('',#11961);
#11961 = AXIS2_PLACEMENT_3D('',#11962,#11963,#11964);
#11962 = CARTESIAN_POINT('',(34.457876205444,17.032300949097,
    -0.249999940395));
#11963 = DIRECTION('',(0.358353815171,0.933585852052,0.));
#11964 = DIRECTION('',(0.933585852052,-0.358353815171,0.));
#11965 = ADVANCED_FACE('',(#11966),#11982,.T.);
#11966 = FACE_BOUND('',#11967,.T.);
#11967 = EDGE_LOOP('',(#11968,#11969,#11975,#11976));
#11968 = ORIENTED_EDGE('',*,*,#7149,.F.);
#11969 = ORIENTED_EDGE('',*,*,#11970,.T.);
#11970 = EDGE_CURVE('',#7142,#11010,#11971,.T.);
#11971 = LINE('',#11972,#11973);
#11972 = CARTESIAN_POINT('',(34.769130706787,16.843145370483,
    -2.099999904633));
#11973 = VECTOR('',#11974,1.);
#11974 = DIRECTION('',(0.,0.,1.));
#11975 = ORIENTED_EDGE('',*,*,#11009,.T.);
#11976 = ORIENTED_EDGE('',*,*,#11977,.T.);
#11977 = EDGE_CURVE('',#11002,#7150,#11978,.T.);
#11978 = LINE('',#11979,#11980);
#11979 = CARTESIAN_POINT('',(34.843143463135,16.769130706787,
    1.600000023842));
#11980 = VECTOR('',#11981,1.);
#11981 = DIRECTION('',(0.,0.,-1.));
#11982 = PLANE('',#11983);
#11983 = AXIS2_PLACEMENT_3D('',#11984,#11985,#11986);
#11984 = CARTESIAN_POINT('',(34.806137084961,16.806138038635,
    -0.249999940395));
#11985 = DIRECTION('',(0.707115892272,0.707097669984,0.));
#11986 = DIRECTION('',(-0.707097669984,0.707115892272,0.));
#11987 = ADVANCED_FACE('',(#11988),#12004,.T.);
#11988 = FACE_BOUND('',#11989,.T.);
#11989 = EDGE_LOOP('',(#11990,#11996,#11997,#12003));
#11990 = ORIENTED_EDGE('',*,*,#11991,.T.);
#11991 = EDGE_CURVE('',#6652,#10994,#11992,.T.);
#11992 = LINE('',#11993,#11994);
#11993 = CARTESIAN_POINT('',(34.909015655518,16.687786102295,
    -2.099999904633));
#11994 = VECTOR('',#11995,1.);
#11995 = DIRECTION('',(0.,0.,1.));
#11996 = ORIENTED_EDGE('',*,*,#10993,.T.);
#11997 = ORIENTED_EDGE('',*,*,#11998,.F.);
#11998 = EDGE_CURVE('',#6654,#10986,#11999,.T.);
#11999 = LINE('',#12000,#12001);
#12000 = CARTESIAN_POINT('',(34.966026306152,16.60000038147,
    -2.099999904633));
#12001 = VECTOR('',#12002,1.);
#12002 = DIRECTION('',(0.,0.,1.));
#12003 = ORIENTED_EDGE('',*,*,#6651,.F.);
#12004 = PLANE('',#12005);
#12005 = AXIS2_PLACEMENT_3D('',#12006,#12007,#12008);
#12006 = CARTESIAN_POINT('',(34.937520980835,16.643893241882,
    -0.249999940395));
#12007 = DIRECTION('',(0.838662115383,0.544652050599,0.));
#12008 = DIRECTION('',(-0.544652050599,0.838662115383,0.));
#12009 = ADVANCED_FACE('',(#12010),#12016,.T.);
#12010 = FACE_BOUND('',#12011,.T.);
#12011 = EDGE_LOOP('',(#12012,#12013,#12014,#12015));
#12012 = ORIENTED_EDGE('',*,*,#6661,.F.);
#12013 = ORIENTED_EDGE('',*,*,#11998,.T.);
#12014 = ORIENTED_EDGE('',*,*,#10985,.T.);
#12015 = ORIENTED_EDGE('',*,*,#11868,.F.);
#12016 = PLANE('',#12017);
#12017 = AXIS2_PLACEMENT_3D('',#12018,#12019,#12020);
#12018 = CARTESIAN_POINT('',(34.989786148071,16.55336856842,
    -0.249999940395));
#12019 = DIRECTION('',(0.891008484162,0.453986653055,0.));
#12020 = DIRECTION('',(-0.453986653055,0.891008484162,0.));
#12021 = ADVANCED_FACE('',(#12022),#12028,.T.);
#12022 = FACE_BOUND('',#12023,.T.);
#12023 = EDGE_LOOP('',(#12024,#12025,#12026,#12027));
#12024 = ORIENTED_EDGE('',*,*,#7157,.F.);
#12025 = ORIENTED_EDGE('',*,*,#11977,.F.);
#12026 = ORIENTED_EDGE('',*,*,#11001,.T.);
#12027 = ORIENTED_EDGE('',*,*,#11991,.F.);
#12028 = PLANE('',#12029);
#12029 = AXIS2_PLACEMENT_3D('',#12030,#12031,#12032);
#12030 = CARTESIAN_POINT('',(34.876079559326,16.728458404541,
    -0.249999940395));
#12031 = DIRECTION('',(0.777143015556,0.629324028917,0.));
#12032 = DIRECTION('',(-0.629324028917,0.777143015556,0.));
#12033 = ADVANCED_FACE('',(#12034),#12045,.T.);
#12034 = FACE_BOUND('',#12035,.T.);
#12035 = EDGE_LOOP('',(#12036,#12042,#12043,#12044));
#12036 = ORIENTED_EDGE('',*,*,#12037,.T.);
#12037 = EDGE_CURVE('',#11018,#7134,#12038,.T.);
#12038 = LINE('',#12039,#12040);
#12039 = CARTESIAN_POINT('',(34.687786102295,16.909017562866,
    1.600000023842));
#12040 = VECTOR('',#12041,1.);
#12041 = DIRECTION('',(0.,0.,-1.));
#12042 = ORIENTED_EDGE('',*,*,#7133,.F.);
#12043 = ORIENTED_EDGE('',*,*,#11942,.T.);
#12044 = ORIENTED_EDGE('',*,*,#11025,.T.);
#12045 = PLANE('',#12046);
#12046 = AXIS2_PLACEMENT_3D('',#12047,#12048,#12049);
#12047 = CARTESIAN_POINT('',(34.643892288208,16.937521934509,
    -0.249999940395));
#12048 = DIRECTION('',(0.544630910729,0.838675843863,0.));
#12049 = DIRECTION('',(0.838675843863,-0.544630910729,0.));
#12050 = ADVANCED_FACE('',(#12051),#12057,.T.);
#12051 = FACE_BOUND('',#12052,.T.);
#12052 = EDGE_LOOP('',(#12053,#12054,#12055,#12056));
#12053 = ORIENTED_EDGE('',*,*,#11970,.F.);
#12054 = ORIENTED_EDGE('',*,*,#7141,.F.);
#12055 = ORIENTED_EDGE('',*,*,#12037,.F.);
#12056 = ORIENTED_EDGE('',*,*,#11017,.T.);
#12057 = PLANE('',#12058);
#12058 = AXIS2_PLACEMENT_3D('',#12059,#12060,#12061);
#12059 = CARTESIAN_POINT('',(34.728458404541,16.876081466675,
    -0.249999940395));
#12060 = DIRECTION('',(0.629324028917,0.777143015556,0.));
#12061 = DIRECTION('',(0.777143015556,-0.629324028917,0.));
#12062 = ADVANCED_FACE('',(#12063),#12079,.T.);
#12063 = FACE_BOUND('',#12064,.T.);
#12064 = EDGE_LOOP('',(#12065,#12071,#12072,#12078));
#12065 = ORIENTED_EDGE('',*,*,#12066,.T.);
#12066 = EDGE_CURVE('',#8237,#2059,#12067,.T.);
#12067 = LINE('',#12068,#12069);
#12068 = CARTESIAN_POINT('',(26.215818405151,3.673053503036,
    -1.100000023842));
#12069 = VECTOR('',#12070,1.);
#12070 = DIRECTION('',(0.,0.,1.));
#12071 = ORIENTED_EDGE('',*,*,#2058,.T.);
#12072 = ORIENTED_EDGE('',*,*,#12073,.F.);
#12073 = EDGE_CURVE('',#8245,#2051,#12074,.T.);
#12074 = LINE('',#12075,#12076);
#12075 = CARTESIAN_POINT('',(26.065773010254,4.063931941986,
    -1.100000023842));
#12076 = VECTOR('',#12077,1.);
#12077 = DIRECTION('',(0.,0.,1.));
#12078 = ORIENTED_EDGE('',*,*,#8244,.F.);
#12079 = PLANE('',#12080);
#12080 = AXIS2_PLACEMENT_3D('',#12081,#12082,#12083);
#12081 = CARTESIAN_POINT('',(26.140795707703,3.868492722511,
    -0.600000012666));
#12082 = DIRECTION('',(-0.933579451525,-0.358370489425,-0.));
#12083 = DIRECTION('',(0.358370489425,-0.933579451525,0.));
#12084 = ADVANCED_FACE('',(#12085),#12096,.T.);
#12085 = FACE_BOUND('',#12086,.T.);
#12086 = EDGE_LOOP('',(#12087,#12088,#12089,#12095));
#12087 = ORIENTED_EDGE('',*,*,#12073,.T.);
#12088 = ORIENTED_EDGE('',*,*,#2050,.T.);
#12089 = ORIENTED_EDGE('',*,*,#12090,.F.);
#12090 = EDGE_CURVE('',#8253,#2043,#12091,.T.);
#12091 = LINE('',#12092,#12093);
#12092 = CARTESIAN_POINT('',(25.957408905029,4.468353271484,
    -1.100000023842));
#12093 = VECTOR('',#12094,1.);
#12094 = DIRECTION('',(0.,0.,1.));
#12095 = ORIENTED_EDGE('',*,*,#8252,.F.);
#12096 = PLANE('',#12097);
#12097 = AXIS2_PLACEMENT_3D('',#12098,#12099,#12100);
#12098 = CARTESIAN_POINT('',(26.011590957642,4.266142606735,
    -0.600000012666));
#12099 = DIRECTION('',(-0.965925983576,-0.2588184581,-0.));
#12100 = DIRECTION('',(0.2588184581,-0.965925983576,0.));
#12101 = ADVANCED_FACE('',(#12102),#12113,.T.);
#12102 = FACE_BOUND('',#12103,.T.);
#12103 = EDGE_LOOP('',(#12104,#12105,#12106,#12107));
#12104 = ORIENTED_EDGE('',*,*,#2066,.T.);
#12105 = ORIENTED_EDGE('',*,*,#12066,.F.);
#12106 = ORIENTED_EDGE('',*,*,#8236,.F.);
#12107 = ORIENTED_EDGE('',*,*,#12108,.T.);
#12108 = EDGE_CURVE('',#8229,#2067,#12109,.T.);
#12109 = LINE('',#12110,#12111);
#12110 = CARTESIAN_POINT('',(26.405899047852,3.299999952316,
    -1.100000023842));
#12111 = VECTOR('',#12112,1.);
#12112 = DIRECTION('',(0.,0.,1.));
#12113 = PLANE('',#12114);
#12114 = AXIS2_PLACEMENT_3D('',#12115,#12116,#12117);
#12115 = CARTESIAN_POINT('',(26.310858726501,3.486526727676,
    -0.600000012666));
#12116 = DIRECTION('',(-0.891006171951,-0.453991191043,-0.));
#12117 = DIRECTION('',(0.453991191043,-0.891006171951,0.));
#12118 = ADVANCED_FACE('',(#12119),#12130,.T.);
#12119 = FACE_BOUND('',#12120,.T.);
#12120 = EDGE_LOOP('',(#12121,#12122,#12123,#12129));
#12121 = ORIENTED_EDGE('',*,*,#12090,.T.);
#12122 = ORIENTED_EDGE('',*,*,#2042,.T.);
#12123 = ORIENTED_EDGE('',*,*,#12124,.F.);
#12124 = EDGE_CURVE('',#8261,#2035,#12125,.T.);
#12125 = LINE('',#12126,#12127);
#12126 = CARTESIAN_POINT('',(25.891912460327,4.881886005402,
    -1.100000023842));
#12127 = VECTOR('',#12128,1.);
#12128 = DIRECTION('',(0.,0.,1.));
#12129 = ORIENTED_EDGE('',*,*,#8260,.F.);
#12130 = PLANE('',#12131);
#12131 = AXIS2_PLACEMENT_3D('',#12132,#12133,#12134);
#12132 = CARTESIAN_POINT('',(25.924660682678,4.675119638443,
    -0.600000012666));
#12133 = DIRECTION('',(-0.987688601098,-0.15643282028,-0.));
#12134 = DIRECTION('',(0.15643282028,-0.987688601098,0.));
#12135 = ADVANCED_FACE('',(#12136),#12147,.T.);
#12136 = FACE_BOUND('',#12137,.T.);
#12137 = EDGE_LOOP('',(#12138,#12139,#12140,#12146));
#12138 = ORIENTED_EDGE('',*,*,#12124,.T.);
#12139 = ORIENTED_EDGE('',*,*,#2034,.T.);
#12140 = ORIENTED_EDGE('',*,*,#12141,.F.);
#12141 = EDGE_CURVE('',#8269,#2027,#12142,.T.);
#12142 = LINE('',#12143,#12144);
#12143 = CARTESIAN_POINT('',(25.870000839233,5.300000190735,
    -1.100000023842));
#12144 = VECTOR('',#12145,1.);
#12145 = DIRECTION('',(0.,0.,1.));
#12146 = ORIENTED_EDGE('',*,*,#8268,.F.);
#12147 = PLANE('',#12148);
#12148 = AXIS2_PLACEMENT_3D('',#12149,#12150,#12151);
#12149 = CARTESIAN_POINT('',(25.88095664978,5.090943098068,
    -0.600000012666));
#12150 = DIRECTION('',(-0.998629636469,-5.233401538351E-02,-0.));
#12151 = DIRECTION('',(5.233401538351E-02,-0.998629636469,0.));
#12152 = ADVANCED_FACE('',(#12153),#12164,.T.);
#12153 = FACE_BOUND('',#12154,.T.);
#12154 = EDGE_LOOP('',(#12155,#12156,#12157,#12163));
#12155 = ORIENTED_EDGE('',*,*,#12141,.T.);
#12156 = ORIENTED_EDGE('',*,*,#2026,.T.);
#12157 = ORIENTED_EDGE('',*,*,#12158,.F.);
#12158 = EDGE_CURVE('',#8277,#2019,#12159,.T.);
#12159 = LINE('',#12160,#12161);
#12160 = CARTESIAN_POINT('',(25.891912460327,5.718113899231,
    -1.100000023842));
#12161 = VECTOR('',#12162,1.);
#12162 = DIRECTION('',(0.,0.,1.));
#12163 = ORIENTED_EDGE('',*,*,#8276,.F.);
#12164 = PLANE('',#12165);
#12165 = AXIS2_PLACEMENT_3D('',#12166,#12167,#12168);
#12166 = CARTESIAN_POINT('',(25.88095664978,5.509057044983,
    -0.600000012666));
#12167 = DIRECTION('',(-0.99862963335,5.233407490429E-02,0.));
#12168 = DIRECTION('',(-5.233407490429E-02,-0.99862963335,0.));
#12169 = ADVANCED_FACE('',(#12170),#12181,.T.);
#12170 = FACE_BOUND('',#12171,.T.);
#12171 = EDGE_LOOP('',(#12172,#12173,#12174,#12180));
#12172 = ORIENTED_EDGE('',*,*,#12158,.T.);
#12173 = ORIENTED_EDGE('',*,*,#2018,.T.);
#12174 = ORIENTED_EDGE('',*,*,#12175,.F.);
#12175 = EDGE_CURVE('',#8285,#2011,#12176,.T.);
#12176 = LINE('',#12177,#12178);
#12177 = CARTESIAN_POINT('',(25.957408905029,6.131646633148,
    -1.100000023842));
#12178 = VECTOR('',#12179,1.);
#12179 = DIRECTION('',(0.,0.,1.));
#12180 = ORIENTED_EDGE('',*,*,#8284,.F.);
#12181 = PLANE('',#12182);
#12182 = AXIS2_PLACEMENT_3D('',#12183,#12184,#12185);
#12183 = CARTESIAN_POINT('',(25.924660682678,5.92488026619,
    -0.600000012666));
#12184 = DIRECTION('',(-0.987688601098,0.15643282028,0.));
#12185 = DIRECTION('',(-0.15643282028,-0.987688601098,0.));
#12186 = ADVANCED_FACE('',(#12187),#12198,.T.);
#12187 = FACE_BOUND('',#12188,.T.);
#12188 = EDGE_LOOP('',(#12189,#12190,#12191,#12197));
#12189 = ORIENTED_EDGE('',*,*,#12175,.T.);
#12190 = ORIENTED_EDGE('',*,*,#2010,.T.);
#12191 = ORIENTED_EDGE('',*,*,#12192,.F.);
#12192 = EDGE_CURVE('',#8293,#2003,#12193,.T.);
#12193 = LINE('',#12194,#12195);
#12194 = CARTESIAN_POINT('',(26.065773010254,6.536067962646,
    -1.100000023842));
#12195 = VECTOR('',#12196,1.);
#12196 = DIRECTION('',(0.,0.,1.));
#12197 = ORIENTED_EDGE('',*,*,#8292,.F.);
#12198 = PLANE('',#12199);
#12199 = AXIS2_PLACEMENT_3D('',#12200,#12201,#12202);
#12200 = CARTESIAN_POINT('',(26.011590957642,6.333857297897,
    -0.600000012666));
#12201 = DIRECTION('',(-0.965925983576,0.2588184581,0.));
#12202 = DIRECTION('',(-0.2588184581,-0.965925983576,0.));
#12203 = ADVANCED_FACE('',(#12204),#12215,.T.);
#12204 = FACE_BOUND('',#12205,.T.);
#12205 = EDGE_LOOP('',(#12206,#12207,#12208,#12214));
#12206 = ORIENTED_EDGE('',*,*,#12192,.T.);
#12207 = ORIENTED_EDGE('',*,*,#2002,.T.);
#12208 = ORIENTED_EDGE('',*,*,#12209,.F.);
#12209 = EDGE_CURVE('',#8301,#1995,#12210,.T.);
#12210 = LINE('',#12211,#12212);
#12211 = CARTESIAN_POINT('',(26.215818405151,6.926946640015,
    -1.100000023842));
#12212 = VECTOR('',#12213,1.);
#12213 = DIRECTION('',(0.,0.,1.));
#12214 = ORIENTED_EDGE('',*,*,#8300,.F.);
#12215 = PLANE('',#12216);
#12216 = AXIS2_PLACEMENT_3D('',#12217,#12218,#12219);
#12217 = CARTESIAN_POINT('',(26.140795707703,6.731507301331,
    -0.600000012666));
#12218 = DIRECTION('',(-0.933579524658,0.358370298909,0.));
#12219 = DIRECTION('',(-0.358370298909,-0.933579524658,0.));
#12220 = ADVANCED_FACE('',(#12221),#12232,.T.);
#12221 = FACE_BOUND('',#12222,.T.);
#12222 = EDGE_LOOP('',(#12223,#12224,#12225,#12231));
#12223 = ORIENTED_EDGE('',*,*,#12209,.T.);
#12224 = ORIENTED_EDGE('',*,*,#1994,.T.);
#12225 = ORIENTED_EDGE('',*,*,#12226,.F.);
#12226 = EDGE_CURVE('',#8309,#1987,#12227,.T.);
#12227 = LINE('',#12228,#12229);
#12228 = CARTESIAN_POINT('',(26.405899047852,7.300000190735,
    -1.100000023842));
#12229 = VECTOR('',#12230,1.);
#12230 = DIRECTION('',(0.,0.,1.));
#12231 = ORIENTED_EDGE('',*,*,#8308,.F.);
#12232 = PLANE('',#12233);
#12233 = AXIS2_PLACEMENT_3D('',#12234,#12235,#12236);
#12234 = CARTESIAN_POINT('',(26.310858726501,7.113473415375,
    -0.600000012666));
#12235 = DIRECTION('',(-0.891006171951,0.453991191043,0.));
#12236 = DIRECTION('',(-0.453991191043,-0.891006171951,0.));
#12237 = ADVANCED_FACE('',(#12238),#12254,.T.);
#12238 = FACE_BOUND('',#12239,.T.);
#12239 = EDGE_LOOP('',(#12240,#12241,#12247,#12248));
#12240 = ORIENTED_EDGE('',*,*,#8180,.F.);
#12241 = ORIENTED_EDGE('',*,*,#12242,.T.);
#12242 = EDGE_CURVE('',#8173,#2123,#12243,.T.);
#12243 = LINE('',#12244,#12245);
#12244 = CARTESIAN_POINT('',(28.633932113647,1.495773911476,
    -1.100000023842));
#12245 = VECTOR('',#12246,1.);
#12246 = DIRECTION('',(0.,0.,1.));
#12247 = ORIENTED_EDGE('',*,*,#2122,.T.);
#12248 = ORIENTED_EDGE('',*,*,#12249,.F.);
#12249 = EDGE_CURVE('',#8181,#2115,#12250,.T.);
#12250 = LINE('',#12251,#12252);
#12251 = CARTESIAN_POINT('',(28.243053436279,1.645818114281,
    -1.100000023842));
#12252 = VECTOR('',#12253,1.);
#12253 = DIRECTION('',(0.,0.,1.));
#12254 = PLANE('',#12255);
#12255 = AXIS2_PLACEMENT_3D('',#12256,#12257,#12258);
#12256 = CARTESIAN_POINT('',(28.438492774963,1.570796012878,
    -0.600000012666));
#12257 = DIRECTION('',(-0.35836781736,-0.933580477238,-0.));
#12258 = DIRECTION('',(-0.933580477238,0.35836781736,0.));
#12259 = ADVANCED_FACE('',(#12260),#12276,.T.);
#12260 = FACE_BOUND('',#12261,.T.);
#12261 = EDGE_LOOP('',(#12262,#12268,#12269,#12275));
#12262 = ORIENTED_EDGE('',*,*,#12263,.T.);
#12263 = EDGE_CURVE('',#8189,#2107,#12264,.T.);
#12264 = LINE('',#12265,#12266);
#12265 = CARTESIAN_POINT('',(27.870000839233,1.835898399353,
    -1.100000023842));
#12266 = VECTOR('',#12267,1.);
#12267 = DIRECTION('',(0.,0.,1.));
#12268 = ORIENTED_EDGE('',*,*,#2106,.T.);
#12269 = ORIENTED_EDGE('',*,*,#12270,.F.);
#12270 = EDGE_CURVE('',#8197,#2099,#12271,.T.);
#12271 = LINE('',#12272,#12273);
#12272 = CARTESIAN_POINT('',(27.518859863281,2.063931941986,
    -1.100000023842));
#12273 = VECTOR('',#12274,1.);
#12274 = DIRECTION('',(0.,0.,1.));
#12275 = ORIENTED_EDGE('',*,*,#8196,.F.);
#12276 = PLANE('',#12277);
#12277 = AXIS2_PLACEMENT_3D('',#12278,#12279,#12280);
#12278 = CARTESIAN_POINT('',(27.694430351257,1.94991517067,
    -0.600000012666));
#12279 = DIRECTION('',(-0.544638911652,-0.838670648058,-0.));
#12280 = DIRECTION('',(-0.838670648058,0.544638911652,0.));
#12281 = ADVANCED_FACE('',(#12282),#12288,.T.);
#12282 = FACE_BOUND('',#12283,.T.);
#12283 = EDGE_LOOP('',(#12284,#12285,#12286,#12287));
#12284 = ORIENTED_EDGE('',*,*,#8188,.F.);
#12285 = ORIENTED_EDGE('',*,*,#12249,.T.);
#12286 = ORIENTED_EDGE('',*,*,#2114,.T.);
#12287 = ORIENTED_EDGE('',*,*,#12263,.F.);
#12288 = PLANE('',#12289);
#12289 = AXIS2_PLACEMENT_3D('',#12290,#12291,#12292);
#12290 = CARTESIAN_POINT('',(28.056527137756,1.740858256817,
    -0.600000012666));
#12291 = DIRECTION('',(-0.453991434308,-0.891006048001,-0.));
#12292 = DIRECTION('',(-0.891006048001,0.453991434308,0.));
#12293 = ADVANCED_FACE('',(#12294),#12305,.T.);
#12294 = FACE_BOUND('',#12295,.T.);
#12295 = EDGE_LOOP('',(#12296,#12297,#12303,#12304));
#12296 = ORIENTED_EDGE('',*,*,#8172,.F.);
#12297 = ORIENTED_EDGE('',*,*,#12298,.T.);
#12298 = EDGE_CURVE('',#8165,#2131,#12299,.T.);
#12299 = LINE('',#12300,#12301);
#12300 = CARTESIAN_POINT('',(29.038352966309,1.387409567833,
    -1.100000023842));
#12301 = VECTOR('',#12302,1.);
#12302 = DIRECTION('',(0.,0.,1.));
#12303 = ORIENTED_EDGE('',*,*,#2130,.T.);
#12304 = ORIENTED_EDGE('',*,*,#12242,.F.);
#12305 = PLANE('',#12306);
#12306 = AXIS2_PLACEMENT_3D('',#12307,#12308,#12309);
#12307 = CARTESIAN_POINT('',(28.836142539978,1.441591739655,
    -0.600000012666));
#12308 = DIRECTION('',(-0.258819274118,-0.965925764924,-0.));
#12309 = DIRECTION('',(-0.965925764924,0.258819274118,0.));
#12310 = ADVANCED_FACE('',(#12311),#12322,.T.);
#12311 = FACE_BOUND('',#12312,.T.);
#12312 = EDGE_LOOP('',(#12313,#12314,#12320,#12321));
#12313 = ORIENTED_EDGE('',*,*,#8164,.F.);
#12314 = ORIENTED_EDGE('',*,*,#12315,.T.);
#12315 = EDGE_CURVE('',#8157,#2139,#12316,.T.);
#12316 = LINE('',#12317,#12318);
#12317 = CARTESIAN_POINT('',(29.451885223389,1.321912407875,
    -1.100000023842));
#12318 = VECTOR('',#12319,1.);
#12319 = DIRECTION('',(0.,0.,1.));
#12320 = ORIENTED_EDGE('',*,*,#2138,.T.);
#12321 = ORIENTED_EDGE('',*,*,#12298,.F.);
#12322 = PLANE('',#12323);
#12323 = AXIS2_PLACEMENT_3D('',#12324,#12325,#12326);
#12324 = CARTESIAN_POINT('',(29.245119094849,1.354660987854,
    -0.600000012666));
#12325 = DIRECTION('',(-0.156434662771,-0.987688309278,-0.));
#12326 = DIRECTION('',(-0.987688309278,0.156434662771,0.));
#12327 = ADVANCED_FACE('',(#12328),#12339,.T.);
#12328 = FACE_BOUND('',#12329,.T.);
#12329 = EDGE_LOOP('',(#12330,#12331,#12337,#12338));
#12330 = ORIENTED_EDGE('',*,*,#8156,.F.);
#12331 = ORIENTED_EDGE('',*,*,#12332,.T.);
#12332 = EDGE_CURVE('',#8149,#2147,#12333,.T.);
#12333 = LINE('',#12334,#12335);
#12334 = CARTESIAN_POINT('',(29.870000839233,1.299999952316,
    -1.100000023842));
#12335 = VECTOR('',#12336,1.);
#12336 = DIRECTION('',(0.,0.,1.));
#12337 = ORIENTED_EDGE('',*,*,#2146,.T.);
#12338 = ORIENTED_EDGE('',*,*,#12315,.F.);
#12339 = PLANE('',#12340);
#12340 = AXIS2_PLACEMENT_3D('',#12341,#12342,#12343);
#12341 = CARTESIAN_POINT('',(29.660943031311,1.310956180096,
    -0.600000012666));
#12342 = DIRECTION('',(-5.233582440394E-02,-0.998629541664,-0.));
#12343 = DIRECTION('',(-0.998629541664,5.233582440394E-02,0.));
#12344 = ADVANCED_FACE('',(#12345),#12356,.T.);
#12345 = FACE_BOUND('',#12346,.T.);
#12346 = EDGE_LOOP('',(#12347,#12348,#12349,#12355));
#12347 = ORIENTED_EDGE('',*,*,#12270,.T.);
#12348 = ORIENTED_EDGE('',*,*,#2098,.T.);
#12349 = ORIENTED_EDGE('',*,*,#12350,.F.);
#12350 = EDGE_CURVE('',#8205,#2091,#12351,.T.);
#12351 = LINE('',#12352,#12353);
#12352 = CARTESIAN_POINT('',(27.193477630615,2.327420711517,
    -1.100000023842));
#12353 = VECTOR('',#12354,1.);
#12354 = DIRECTION('',(0.,0.,1.));
#12355 = ORIENTED_EDGE('',*,*,#8204,.F.);
#12356 = PLANE('',#12357);
#12357 = AXIS2_PLACEMENT_3D('',#12358,#12359,#12360);
#12358 = CARTESIAN_POINT('',(27.356168746948,2.195676326752,
    -0.600000012666));
#12359 = DIRECTION('',(-0.629319572914,-0.77714662397,-0.));
#12360 = DIRECTION('',(-0.77714662397,0.629319572914,0.));
#12361 = ADVANCED_FACE('',(#12362),#12373,.T.);
#12362 = FACE_BOUND('',#12363,.T.);
#12363 = EDGE_LOOP('',(#12364,#12365,#12366,#12372));
#12364 = ORIENTED_EDGE('',*,*,#12350,.T.);
#12365 = ORIENTED_EDGE('',*,*,#2090,.T.);
#12366 = ORIENTED_EDGE('',*,*,#12367,.F.);
#12367 = EDGE_CURVE('',#8213,#2083,#12368,.T.);
#12368 = LINE('',#12369,#12370);
#12369 = CARTESIAN_POINT('',(26.897420883179,2.623477458954,
    -1.100000023842));
#12370 = VECTOR('',#12371,1.);
#12371 = DIRECTION('',(0.,0.,1.));
#12372 = ORIENTED_EDGE('',*,*,#8212,.F.);
#12373 = PLANE('',#12374);
#12374 = AXIS2_PLACEMENT_3D('',#12375,#12376,#12377);
#12375 = CARTESIAN_POINT('',(27.045449256897,2.475449085236,
    -0.600000012666));
#12376 = DIRECTION('',(-0.707106781187,-0.707106781187,-0.));
#12377 = DIRECTION('',(-0.707106781187,0.707106781187,0.));
#12378 = ADVANCED_FACE('',(#12379),#12390,.T.);
#12379 = FACE_BOUND('',#12380,.T.);
#12380 = EDGE_LOOP('',(#12381,#12382,#12383,#12389));
#12381 = ORIENTED_EDGE('',*,*,#12367,.T.);
#12382 = ORIENTED_EDGE('',*,*,#2082,.T.);
#12383 = ORIENTED_EDGE('',*,*,#12384,.F.);
#12384 = EDGE_CURVE('',#8221,#2075,#12385,.T.);
#12385 = LINE('',#12386,#12387);
#12386 = CARTESIAN_POINT('',(26.633932113647,2.948858976364,
    -1.100000023842));
#12387 = VECTOR('',#12388,1.);
#12388 = DIRECTION('',(0.,0.,1.));
#12389 = ORIENTED_EDGE('',*,*,#8220,.F.);
#12390 = PLANE('',#12391);
#12391 = AXIS2_PLACEMENT_3D('',#12392,#12393,#12394);
#12392 = CARTESIAN_POINT('',(26.765676498413,2.786168217659,
    -0.600000012666));
#12393 = DIRECTION('',(-0.777145947398,-0.629320408411,-0.));
#12394 = DIRECTION('',(0.629320408411,-0.777145947398,0.));
#12395 = ADVANCED_FACE('',(#12396),#12402,.T.);
#12396 = FACE_BOUND('',#12397,.T.);
#12397 = EDGE_LOOP('',(#12398,#12399,#12400,#12401));
#12398 = ORIENTED_EDGE('',*,*,#12384,.T.);
#12399 = ORIENTED_EDGE('',*,*,#2074,.T.);
#12400 = ORIENTED_EDGE('',*,*,#12108,.F.);
#12401 = ORIENTED_EDGE('',*,*,#8228,.F.);
#12402 = PLANE('',#12403);
#12403 = AXIS2_PLACEMENT_3D('',#12404,#12405,#12406);
#12404 = CARTESIAN_POINT('',(26.51991558075,3.12442946434,
    -0.600000012666));
#12405 = DIRECTION('',(-0.83867116827,-0.544638110595,-0.));
#12406 = DIRECTION('',(0.544638110595,-0.83867116827,0.));
#12407 = ADVANCED_FACE('',(#12408),#12419,.T.);
#12408 = FACE_BOUND('',#12409,.T.);
#12409 = EDGE_LOOP('',(#12410,#12411,#12412,#12418));
#12410 = ORIENTED_EDGE('',*,*,#12226,.T.);
#12411 = ORIENTED_EDGE('',*,*,#1986,.T.);
#12412 = ORIENTED_EDGE('',*,*,#12413,.F.);
#12413 = EDGE_CURVE('',#8317,#1979,#12414,.T.);
#12414 = LINE('',#12415,#12416);
#12415 = CARTESIAN_POINT('',(26.633932113647,7.651141166687,
    -1.100000023842));
#12416 = VECTOR('',#12417,1.);
#12417 = DIRECTION('',(0.,0.,1.));
#12418 = ORIENTED_EDGE('',*,*,#8316,.F.);
#12419 = PLANE('',#12420);
#12420 = AXIS2_PLACEMENT_3D('',#12421,#12422,#12423);
#12421 = CARTESIAN_POINT('',(26.51991558075,7.475570678711,
    -0.600000012666));
#12422 = DIRECTION('',(-0.83867116827,0.544638110595,0.));
#12423 = DIRECTION('',(-0.544638110595,-0.83867116827,0.));
#12424 = ADVANCED_FACE('',(#12425),#12436,.T.);
#12425 = FACE_BOUND('',#12426,.T.);
#12426 = EDGE_LOOP('',(#12427,#12428,#12429,#12435));
#12427 = ORIENTED_EDGE('',*,*,#12413,.T.);
#12428 = ORIENTED_EDGE('',*,*,#1978,.T.);
#12429 = ORIENTED_EDGE('',*,*,#12430,.F.);
#12430 = EDGE_CURVE('',#8325,#1971,#12431,.T.);
#12431 = LINE('',#12432,#12433);
#12432 = CARTESIAN_POINT('',(26.897420883179,7.976522445679,
    -1.100000023842));
#12433 = VECTOR('',#12434,1.);
#12434 = DIRECTION('',(0.,0.,1.));
#12435 = ORIENTED_EDGE('',*,*,#8324,.F.);
#12436 = PLANE('',#12437);
#12437 = AXIS2_PLACEMENT_3D('',#12438,#12439,#12440);
#12438 = CARTESIAN_POINT('',(26.765676498413,7.813831806183,
    -0.600000012666));
#12439 = DIRECTION('',(-0.777145721874,0.629320686911,0.));
#12440 = DIRECTION('',(-0.629320686911,-0.777145721874,0.));
#12441 = ADVANCED_FACE('',(#12442),#12453,.T.);
#12442 = FACE_BOUND('',#12443,.T.);
#12443 = EDGE_LOOP('',(#12444,#12445,#12446,#12452));
#12444 = ORIENTED_EDGE('',*,*,#12430,.T.);
#12445 = ORIENTED_EDGE('',*,*,#1970,.T.);
#12446 = ORIENTED_EDGE('',*,*,#12447,.F.);
#12447 = EDGE_CURVE('',#8333,#1963,#12448,.T.);
#12448 = LINE('',#12449,#12450);
#12449 = CARTESIAN_POINT('',(27.193477630615,8.272579193115,
    -1.100000023842));
#12450 = VECTOR('',#12451,1.);
#12451 = DIRECTION('',(0.,0.,1.));
#12452 = ORIENTED_EDGE('',*,*,#8332,.F.);
#12453 = PLANE('',#12454);
#12454 = AXIS2_PLACEMENT_3D('',#12455,#12456,#12457);
#12455 = CARTESIAN_POINT('',(27.045449256897,8.124550819397,
    -0.600000012666));
#12456 = DIRECTION('',(-0.707106781187,0.707106781187,0.));
#12457 = DIRECTION('',(-0.707106781187,-0.707106781187,0.));
#12458 = ADVANCED_FACE('',(#12459),#12470,.T.);
#12459 = FACE_BOUND('',#12460,.T.);
#12460 = EDGE_LOOP('',(#12461,#12462,#12463,#12469));
#12461 = ORIENTED_EDGE('',*,*,#12447,.T.);
#12462 = ORIENTED_EDGE('',*,*,#1962,.T.);
#12463 = ORIENTED_EDGE('',*,*,#12464,.T.);
#12464 = EDGE_CURVE('',#1955,#8341,#12465,.T.);
#12465 = LINE('',#12466,#12467);
#12466 = CARTESIAN_POINT('',(27.518859863281,8.536067962646,
    -0.10000000149));
#12467 = VECTOR('',#12468,1.);
#12468 = DIRECTION('',(0.,0.,-1.));
#12469 = ORIENTED_EDGE('',*,*,#8340,.F.);
#12470 = PLANE('',#12471);
#12471 = AXIS2_PLACEMENT_3D('',#12472,#12473,#12474);
#12472 = CARTESIAN_POINT('',(27.356168746948,8.404323577881,
    -0.600000012666));
#12473 = DIRECTION('',(-0.629319572914,0.77714662397,0.));
#12474 = DIRECTION('',(0.77714662397,0.629319572914,0.));
#12475 = ADVANCED_FACE('',(#12476),#12487,.T.);
#12476 = FACE_BOUND('',#12477,.T.);
#12477 = EDGE_LOOP('',(#12478,#12479,#12480,#12486));
#12478 = ORIENTED_EDGE('',*,*,#12464,.F.);
#12479 = ORIENTED_EDGE('',*,*,#1954,.T.);
#12480 = ORIENTED_EDGE('',*,*,#12481,.F.);
#12481 = EDGE_CURVE('',#8349,#1947,#12482,.T.);
#12482 = LINE('',#12483,#12484);
#12483 = CARTESIAN_POINT('',(27.870000839233,8.764101982117,
    -1.100000023842));
#12484 = VECTOR('',#12485,1.);
#12485 = DIRECTION('',(0.,0.,1.));
#12486 = ORIENTED_EDGE('',*,*,#8348,.F.);
#12487 = PLANE('',#12488);
#12488 = AXIS2_PLACEMENT_3D('',#12489,#12490,#12491);
#12489 = CARTESIAN_POINT('',(27.694430351257,8.650084972382,
    -0.600000012666));
#12490 = DIRECTION('',(-0.544639712708,0.838670127846,0.));
#12491 = DIRECTION('',(0.838670127846,0.544639712708,0.));
#12492 = ADVANCED_FACE('',(#12493),#12504,.T.);
#12493 = FACE_BOUND('',#12494,.T.);
#12494 = EDGE_LOOP('',(#12495,#12496,#12497,#12503));
#12495 = ORIENTED_EDGE('',*,*,#12481,.T.);
#12496 = ORIENTED_EDGE('',*,*,#1946,.T.);
#12497 = ORIENTED_EDGE('',*,*,#12498,.F.);
#12498 = EDGE_CURVE('',#8357,#1939,#12499,.T.);
#12499 = LINE('',#12500,#12501);
#12500 = CARTESIAN_POINT('',(28.243053436279,8.954181671143,
    -1.100000023842));
#12501 = VECTOR('',#12502,1.);
#12502 = DIRECTION('',(0.,0.,1.));
#12503 = ORIENTED_EDGE('',*,*,#8356,.F.);
#12504 = PLANE('',#12505);
#12505 = AXIS2_PLACEMENT_3D('',#12506,#12507,#12508);
#12506 = CARTESIAN_POINT('',(28.056527137756,8.85914182663,
    -0.600000012666));
#12507 = DIRECTION('',(-0.453990304116,0.891006623864,0.));
#12508 = DIRECTION('',(0.891006623864,0.453990304116,0.));
#12509 = ADVANCED_FACE('',(#12510),#12521,.T.);
#12510 = FACE_BOUND('',#12511,.T.);
#12511 = EDGE_LOOP('',(#12512,#12513,#12514,#12520));
#12512 = ORIENTED_EDGE('',*,*,#12498,.T.);
#12513 = ORIENTED_EDGE('',*,*,#1938,.T.);
#12514 = ORIENTED_EDGE('',*,*,#12515,.F.);
#12515 = EDGE_CURVE('',#8365,#1931,#12516,.T.);
#12516 = LINE('',#12517,#12518);
#12517 = CARTESIAN_POINT('',(28.633932113647,9.104226112366,
    -1.100000023842));
#12518 = VECTOR('',#12519,1.);
#12519 = DIRECTION('',(0.,0.,1.));
#12520 = ORIENTED_EDGE('',*,*,#8364,.F.);
#12521 = PLANE('',#12522);
#12522 = AXIS2_PLACEMENT_3D('',#12523,#12524,#12525);
#12523 = CARTESIAN_POINT('',(28.438492774963,9.029203891754,
    -0.600000012666));
#12524 = DIRECTION('',(-0.358368313671,0.933580286723,0.));
#12525 = DIRECTION('',(0.933580286723,0.358368313671,0.));
#12526 = ADVANCED_FACE('',(#12527),#12538,.T.);
#12527 = FACE_BOUND('',#12528,.T.);
#12528 = EDGE_LOOP('',(#12529,#12530,#12531,#12537));
#12529 = ORIENTED_EDGE('',*,*,#12515,.T.);
#12530 = ORIENTED_EDGE('',*,*,#1930,.T.);
#12531 = ORIENTED_EDGE('',*,*,#12532,.F.);
#12532 = EDGE_CURVE('',#8373,#1923,#12533,.T.);
#12533 = LINE('',#12534,#12535);
#12534 = CARTESIAN_POINT('',(29.038352966309,9.21259021759,
    -1.100000023842));
#12535 = VECTOR('',#12536,1.);
#12536 = DIRECTION('',(0.,0.,1.));
#12537 = ORIENTED_EDGE('',*,*,#8372,.F.);
#12538 = PLANE('',#12539);
#12539 = AXIS2_PLACEMENT_3D('',#12540,#12541,#12542);
#12540 = CARTESIAN_POINT('',(28.836142539978,9.158408164978,
    -0.600000012666));
#12541 = DIRECTION('',(-0.258818742821,0.965925907285,0.));
#12542 = DIRECTION('',(0.965925907285,0.258818742821,0.));
#12543 = ADVANCED_FACE('',(#12544),#12555,.T.);
#12544 = FACE_BOUND('',#12545,.T.);
#12545 = EDGE_LOOP('',(#12546,#12547,#12548,#12554));
#12546 = ORIENTED_EDGE('',*,*,#12532,.T.);
#12547 = ORIENTED_EDGE('',*,*,#1922,.T.);
#12548 = ORIENTED_EDGE('',*,*,#12549,.F.);
#12549 = EDGE_CURVE('',#8381,#1915,#12550,.T.);
#12550 = LINE('',#12551,#12552);
#12551 = CARTESIAN_POINT('',(29.451885223389,9.278087615967,
    -1.100000023842));
#12552 = VECTOR('',#12553,1.);
#12553 = DIRECTION('',(0.,0.,1.));
#12554 = ORIENTED_EDGE('',*,*,#8380,.F.);
#12555 = PLANE('',#12556);
#12556 = AXIS2_PLACEMENT_3D('',#12557,#12558,#12559);
#12557 = CARTESIAN_POINT('',(29.245119094849,9.245338916779,
    -0.600000012666));
#12558 = DIRECTION('',(-0.156435218279,0.987688221294,0.));
#12559 = DIRECTION('',(0.987688221294,0.156435218279,0.));
#12560 = ADVANCED_FACE('',(#12561),#12572,.T.);
#12561 = FACE_BOUND('',#12562,.T.);
#12562 = EDGE_LOOP('',(#12563,#12564,#12565,#12571));
#12563 = ORIENTED_EDGE('',*,*,#12549,.T.);
#12564 = ORIENTED_EDGE('',*,*,#1914,.T.);
#12565 = ORIENTED_EDGE('',*,*,#12566,.T.);
#12566 = EDGE_CURVE('',#1907,#8389,#12567,.T.);
#12567 = LINE('',#12568,#12569);
#12568 = CARTESIAN_POINT('',(29.870000839233,9.300000190735,
    -0.10000000149));
#12569 = VECTOR('',#12570,1.);
#12570 = DIRECTION('',(0.,0.,-1.));
#12571 = ORIENTED_EDGE('',*,*,#8388,.F.);
#12572 = PLANE('',#12573);
#12573 = AXIS2_PLACEMENT_3D('',#12574,#12575,#12576);
#12574 = CARTESIAN_POINT('',(29.660943031311,9.289043903351,
    -0.600000012666));
#12575 = DIRECTION('',(-5.233610834417E-02,0.998629526783,0.));
#12576 = DIRECTION('',(0.998629526783,5.233610834417E-02,0.));
#12577 = ADVANCED_FACE('',(#12578),#12594,.T.);
#12578 = FACE_BOUND('',#12579,.T.);
#12579 = EDGE_LOOP('',(#12580,#12581,#12587,#12588));
#12580 = ORIENTED_EDGE('',*,*,#8668,.F.);
#12581 = ORIENTED_EDGE('',*,*,#12582,.T.);
#12582 = EDGE_CURVE('',#8661,#1635,#12583,.T.);
#12583 = LINE('',#12584,#12585);
#12584 = CARTESIAN_POINT('',(-29.45188522338,1.321912407875,
    -1.100000023842));
#12585 = VECTOR('',#12586,1.);
#12586 = DIRECTION('',(0.,0.,1.));
#12587 = ORIENTED_EDGE('',*,*,#1634,.T.);
#12588 = ORIENTED_EDGE('',*,*,#12589,.T.);
#12589 = EDGE_CURVE('',#1625,#8669,#12590,.T.);
#12590 = LINE('',#12591,#12592);
#12591 = CARTESIAN_POINT('',(-29.87000083923,1.299999952316,
    -0.10000000149));
#12592 = VECTOR('',#12593,1.);
#12593 = DIRECTION('',(0.,0.,-1.));
#12594 = PLANE('',#12595);
#12595 = AXIS2_PLACEMENT_3D('',#12596,#12597,#12598);
#12596 = CARTESIAN_POINT('',(-29.66094303131,1.310956180096,
    -0.600000012666));
#12597 = DIRECTION('',(5.233582440394E-02,-0.998629541664,0.));
#12598 = DIRECTION('',(-0.998629541664,-5.233582440394E-02,0.));
#12599 = ADVANCED_FACE('',(#12600),#12611,.T.);
#12600 = FACE_BOUND('',#12601,.T.);
#12601 = EDGE_LOOP('',(#12602,#12603,#12609,#12610));
#12602 = ORIENTED_EDGE('',*,*,#8660,.F.);
#12603 = ORIENTED_EDGE('',*,*,#12604,.T.);
#12604 = EDGE_CURVE('',#8653,#1643,#12605,.T.);
#12605 = LINE('',#12606,#12607);
#12606 = CARTESIAN_POINT('',(-29.0383529663,1.387409567833,
    -1.100000023842));
#12607 = VECTOR('',#12608,1.);
#12608 = DIRECTION('',(0.,0.,1.));
#12609 = ORIENTED_EDGE('',*,*,#1642,.T.);
#12610 = ORIENTED_EDGE('',*,*,#12582,.F.);
#12611 = PLANE('',#12612);
#12612 = AXIS2_PLACEMENT_3D('',#12613,#12614,#12615);
#12613 = CARTESIAN_POINT('',(-29.24511909484,1.354660987854,
    -0.600000012666));
#12614 = DIRECTION('',(0.156434662771,-0.987688309278,0.));
#12615 = DIRECTION('',(-0.987688309278,-0.156434662771,0.));
#12616 = ADVANCED_FACE('',(#12617),#12628,.T.);
#12617 = FACE_BOUND('',#12618,.T.);
#12618 = EDGE_LOOP('',(#12619,#12620,#12626,#12627));
#12619 = ORIENTED_EDGE('',*,*,#8652,.F.);
#12620 = ORIENTED_EDGE('',*,*,#12621,.T.);
#12621 = EDGE_CURVE('',#8645,#1651,#12622,.T.);
#12622 = LINE('',#12623,#12624);
#12623 = CARTESIAN_POINT('',(-28.63393211364,1.495773911476,
    -1.100000023842));
#12624 = VECTOR('',#12625,1.);
#12625 = DIRECTION('',(0.,0.,1.));
#12626 = ORIENTED_EDGE('',*,*,#1650,.T.);
#12627 = ORIENTED_EDGE('',*,*,#12604,.F.);
#12628 = PLANE('',#12629);
#12629 = AXIS2_PLACEMENT_3D('',#12630,#12631,#12632);
#12630 = CARTESIAN_POINT('',(-28.83614253997,1.441591739655,
    -0.600000012666));
#12631 = DIRECTION('',(0.258819274118,-0.965925764924,0.));
#12632 = DIRECTION('',(-0.965925764924,-0.258819274118,0.));
#12633 = ADVANCED_FACE('',(#12634),#12645,.T.);
#12634 = FACE_BOUND('',#12635,.T.);
#12635 = EDGE_LOOP('',(#12636,#12637,#12643,#12644));
#12636 = ORIENTED_EDGE('',*,*,#8644,.F.);
#12637 = ORIENTED_EDGE('',*,*,#12638,.T.);
#12638 = EDGE_CURVE('',#8637,#1659,#12639,.T.);
#12639 = LINE('',#12640,#12641);
#12640 = CARTESIAN_POINT('',(-28.24305343627,1.645818114281,
    -1.100000023842));
#12641 = VECTOR('',#12642,1.);
#12642 = DIRECTION('',(0.,0.,1.));
#12643 = ORIENTED_EDGE('',*,*,#1658,.T.);
#12644 = ORIENTED_EDGE('',*,*,#12621,.F.);
#12645 = PLANE('',#12646);
#12646 = AXIS2_PLACEMENT_3D('',#12647,#12648,#12649);
#12647 = CARTESIAN_POINT('',(-28.43849277496,1.570796012878,
    -0.600000012666));
#12648 = DIRECTION('',(0.35836781736,-0.933580477238,0.));
#12649 = DIRECTION('',(-0.933580477238,-0.35836781736,0.));
#12650 = ADVANCED_FACE('',(#12651),#12662,.T.);
#12651 = FACE_BOUND('',#12652,.T.);
#12652 = EDGE_LOOP('',(#12653,#12654,#12660,#12661));
#12653 = ORIENTED_EDGE('',*,*,#8636,.F.);
#12654 = ORIENTED_EDGE('',*,*,#12655,.T.);
#12655 = EDGE_CURVE('',#8629,#1667,#12656,.T.);
#12656 = LINE('',#12657,#12658);
#12657 = CARTESIAN_POINT('',(-27.87000083923,1.835898399353,
    -1.100000023842));
#12658 = VECTOR('',#12659,1.);
#12659 = DIRECTION('',(0.,0.,1.));
#12660 = ORIENTED_EDGE('',*,*,#1666,.T.);
#12661 = ORIENTED_EDGE('',*,*,#12638,.F.);
#12662 = PLANE('',#12663);
#12663 = AXIS2_PLACEMENT_3D('',#12664,#12665,#12666);
#12664 = CARTESIAN_POINT('',(-28.05652713775,1.740858256817,
    -0.600000012666));
#12665 = DIRECTION('',(0.453991434308,-0.891006048001,0.));
#12666 = DIRECTION('',(-0.891006048001,-0.453991434308,0.));
#12667 = ADVANCED_FACE('',(#12668),#12679,.T.);
#12668 = FACE_BOUND('',#12669,.T.);
#12669 = EDGE_LOOP('',(#12670,#12671,#12677,#12678));
#12670 = ORIENTED_EDGE('',*,*,#8628,.F.);
#12671 = ORIENTED_EDGE('',*,*,#12672,.T.);
#12672 = EDGE_CURVE('',#8621,#1675,#12673,.T.);
#12673 = LINE('',#12674,#12675);
#12674 = CARTESIAN_POINT('',(-27.51885986328,2.063931941986,
    -1.100000023842));
#12675 = VECTOR('',#12676,1.);
#12676 = DIRECTION('',(0.,0.,1.));
#12677 = ORIENTED_EDGE('',*,*,#1674,.T.);
#12678 = ORIENTED_EDGE('',*,*,#12655,.F.);
#12679 = PLANE('',#12680);
#12680 = AXIS2_PLACEMENT_3D('',#12681,#12682,#12683);
#12681 = CARTESIAN_POINT('',(-27.69443035125,1.94991517067,
    -0.600000012666));
#12682 = DIRECTION('',(0.544638911652,-0.838670648058,0.));
#12683 = DIRECTION('',(-0.838670648058,-0.544638911652,0.));
#12684 = ADVANCED_FACE('',(#12685),#12696,.T.);
#12685 = FACE_BOUND('',#12686,.T.);
#12686 = EDGE_LOOP('',(#12687,#12688,#12694,#12695));
#12687 = ORIENTED_EDGE('',*,*,#8620,.F.);
#12688 = ORIENTED_EDGE('',*,*,#12689,.T.);
#12689 = EDGE_CURVE('',#8613,#1683,#12690,.T.);
#12690 = LINE('',#12691,#12692);
#12691 = CARTESIAN_POINT('',(-27.19347763061,2.327420711517,
    -1.100000023842));
#12692 = VECTOR('',#12693,1.);
#12693 = DIRECTION('',(0.,0.,1.));
#12694 = ORIENTED_EDGE('',*,*,#1682,.T.);
#12695 = ORIENTED_EDGE('',*,*,#12672,.F.);
#12696 = PLANE('',#12697);
#12697 = AXIS2_PLACEMENT_3D('',#12698,#12699,#12700);
#12698 = CARTESIAN_POINT('',(-27.35616874694,2.195676326752,
    -0.600000012666));
#12699 = DIRECTION('',(0.629319572914,-0.77714662397,0.));
#12700 = DIRECTION('',(-0.77714662397,-0.629319572914,0.));
#12701 = ADVANCED_FACE('',(#12702),#12713,.T.);
#12702 = FACE_BOUND('',#12703,.T.);
#12703 = EDGE_LOOP('',(#12704,#12705,#12711,#12712));
#12704 = ORIENTED_EDGE('',*,*,#8612,.F.);
#12705 = ORIENTED_EDGE('',*,*,#12706,.T.);
#12706 = EDGE_CURVE('',#8605,#1691,#12707,.T.);
#12707 = LINE('',#12708,#12709);
#12708 = CARTESIAN_POINT('',(-26.89742088317,2.623477458954,
    -1.100000023842));
#12709 = VECTOR('',#12710,1.);
#12710 = DIRECTION('',(0.,0.,1.));
#12711 = ORIENTED_EDGE('',*,*,#1690,.T.);
#12712 = ORIENTED_EDGE('',*,*,#12689,.F.);
#12713 = PLANE('',#12714);
#12714 = AXIS2_PLACEMENT_3D('',#12715,#12716,#12717);
#12715 = CARTESIAN_POINT('',(-27.04544925689,2.475449085236,
    -0.600000012666));
#12716 = DIRECTION('',(0.707106781187,-0.707106781187,0.));
#12717 = DIRECTION('',(0.707106781187,0.707106781187,0.));
#12718 = ADVANCED_FACE('',(#12719),#12730,.T.);
#12719 = FACE_BOUND('',#12720,.T.);
#12720 = EDGE_LOOP('',(#12721,#12722,#12728,#12729));
#12721 = ORIENTED_EDGE('',*,*,#8604,.F.);
#12722 = ORIENTED_EDGE('',*,*,#12723,.T.);
#12723 = EDGE_CURVE('',#8597,#1699,#12724,.T.);
#12724 = LINE('',#12725,#12726);
#12725 = CARTESIAN_POINT('',(-26.63393211364,2.948858976364,
    -1.100000023842));
#12726 = VECTOR('',#12727,1.);
#12727 = DIRECTION('',(0.,0.,1.));
#12728 = ORIENTED_EDGE('',*,*,#1698,.T.);
#12729 = ORIENTED_EDGE('',*,*,#12706,.F.);
#12730 = PLANE('',#12731);
#12731 = AXIS2_PLACEMENT_3D('',#12732,#12733,#12734);
#12732 = CARTESIAN_POINT('',(-26.76567649841,2.786168217659,
    -0.600000012666));
#12733 = DIRECTION('',(0.777145947398,-0.629320408411,0.));
#12734 = DIRECTION('',(0.629320408411,0.777145947398,0.));
#12735 = ADVANCED_FACE('',(#12736),#12747,.T.);
#12736 = FACE_BOUND('',#12737,.T.);
#12737 = EDGE_LOOP('',(#12738,#12739,#12745,#12746));
#12738 = ORIENTED_EDGE('',*,*,#8596,.F.);
#12739 = ORIENTED_EDGE('',*,*,#12740,.T.);
#12740 = EDGE_CURVE('',#8589,#1707,#12741,.T.);
#12741 = LINE('',#12742,#12743);
#12742 = CARTESIAN_POINT('',(-26.40589904785,3.299999952316,
    -1.100000023842));
#12743 = VECTOR('',#12744,1.);
#12744 = DIRECTION('',(0.,0.,1.));
#12745 = ORIENTED_EDGE('',*,*,#1706,.T.);
#12746 = ORIENTED_EDGE('',*,*,#12723,.F.);
#12747 = PLANE('',#12748);
#12748 = AXIS2_PLACEMENT_3D('',#12749,#12750,#12751);
#12749 = CARTESIAN_POINT('',(-26.51991558075,3.12442946434,
    -0.600000012666));
#12750 = DIRECTION('',(0.83867116827,-0.544638110595,0.));
#12751 = DIRECTION('',(0.544638110595,0.83867116827,0.));
#12752 = ADVANCED_FACE('',(#12753),#12764,.T.);
#12753 = FACE_BOUND('',#12754,.T.);
#12754 = EDGE_LOOP('',(#12755,#12756,#12757,#12758));
#12755 = ORIENTED_EDGE('',*,*,#1714,.T.);
#12756 = ORIENTED_EDGE('',*,*,#12740,.F.);
#12757 = ORIENTED_EDGE('',*,*,#8588,.F.);
#12758 = ORIENTED_EDGE('',*,*,#12759,.T.);
#12759 = EDGE_CURVE('',#8581,#1715,#12760,.T.);
#12760 = LINE('',#12761,#12762);
#12761 = CARTESIAN_POINT('',(-26.21581840515,3.673053503036,
    -1.100000023842));
#12762 = VECTOR('',#12763,1.);
#12763 = DIRECTION('',(0.,0.,1.));
#12764 = PLANE('',#12765);
#12765 = AXIS2_PLACEMENT_3D('',#12766,#12767,#12768);
#12766 = CARTESIAN_POINT('',(-26.3108587265,3.486526727676,
    -0.600000012666));
#12767 = DIRECTION('',(0.891006171951,-0.453991191043,0.));
#12768 = DIRECTION('',(0.453991191043,0.891006171951,0.));
#12769 = ADVANCED_FACE('',(#12770),#12786,.T.);
#12770 = FACE_BOUND('',#12771,.T.);
#12771 = EDGE_LOOP('',(#12772,#12778,#12779,#12785));
#12772 = ORIENTED_EDGE('',*,*,#12773,.T.);
#12773 = EDGE_CURVE('',#8509,#1787,#12774,.T.);
#12774 = LINE('',#12775,#12776);
#12775 = CARTESIAN_POINT('',(-26.40589904785,7.300000190735,
    -1.100000023842));
#12776 = VECTOR('',#12777,1.);
#12777 = DIRECTION('',(0.,0.,1.));
#12778 = ORIENTED_EDGE('',*,*,#1786,.T.);
#12779 = ORIENTED_EDGE('',*,*,#12780,.F.);
#12780 = EDGE_CURVE('',#8517,#1779,#12781,.T.);
#12781 = LINE('',#12782,#12783);
#12782 = CARTESIAN_POINT('',(-26.21581840515,6.926946640015,
    -1.100000023842));
#12783 = VECTOR('',#12784,1.);
#12784 = DIRECTION('',(0.,0.,1.));
#12785 = ORIENTED_EDGE('',*,*,#8516,.F.);
#12786 = PLANE('',#12787);
#12787 = AXIS2_PLACEMENT_3D('',#12788,#12789,#12790);
#12788 = CARTESIAN_POINT('',(-26.3108587265,7.113473415375,
    -0.600000012666));
#12789 = DIRECTION('',(0.891006171951,0.453991191043,0.));
#12790 = DIRECTION('',(-0.453991191043,0.891006171951,0.));
#12791 = ADVANCED_FACE('',(#12792),#12803,.T.);
#12792 = FACE_BOUND('',#12793,.T.);
#12793 = EDGE_LOOP('',(#12794,#12795,#12801,#12802));
#12794 = ORIENTED_EDGE('',*,*,#8508,.F.);
#12795 = ORIENTED_EDGE('',*,*,#12796,.T.);
#12796 = EDGE_CURVE('',#8501,#1795,#12797,.T.);
#12797 = LINE('',#12798,#12799);
#12798 = CARTESIAN_POINT('',(-26.63393211364,7.651141166687,
    -1.100000023842));
#12799 = VECTOR('',#12800,1.);
#12800 = DIRECTION('',(0.,0.,1.));
#12801 = ORIENTED_EDGE('',*,*,#1794,.T.);
#12802 = ORIENTED_EDGE('',*,*,#12773,.F.);
#12803 = PLANE('',#12804);
#12804 = AXIS2_PLACEMENT_3D('',#12805,#12806,#12807);
#12805 = CARTESIAN_POINT('',(-26.51991558075,7.475570678711,
    -0.600000012666));
#12806 = DIRECTION('',(0.83867116827,0.544638110595,0.));
#12807 = DIRECTION('',(-0.544638110595,0.83867116827,0.));
#12808 = ADVANCED_FACE('',(#12809),#12820,.T.);
#12809 = FACE_BOUND('',#12810,.T.);
#12810 = EDGE_LOOP('',(#12811,#12817,#12818,#12819));
#12811 = ORIENTED_EDGE('',*,*,#12812,.T.);
#12812 = EDGE_CURVE('',#8493,#1803,#12813,.T.);
#12813 = LINE('',#12814,#12815);
#12814 = CARTESIAN_POINT('',(-26.89742088317,7.976522445679,
    -1.100000023842));
#12815 = VECTOR('',#12816,1.);
#12816 = DIRECTION('',(0.,0.,1.));
#12817 = ORIENTED_EDGE('',*,*,#1802,.T.);
#12818 = ORIENTED_EDGE('',*,*,#12796,.F.);
#12819 = ORIENTED_EDGE('',*,*,#8500,.F.);
#12820 = PLANE('',#12821);
#12821 = AXIS2_PLACEMENT_3D('',#12822,#12823,#12824);
#12822 = CARTESIAN_POINT('',(-26.76567649841,7.813831806183,
    -0.600000012666));
#12823 = DIRECTION('',(0.777145721874,0.629320686911,0.));
#12824 = DIRECTION('',(-0.629320686911,0.777145721874,0.));
#12825 = ADVANCED_FACE('',(#12826),#12837,.T.);
#12826 = FACE_BOUND('',#12827,.T.);
#12827 = EDGE_LOOP('',(#12828,#12829,#12835,#12836));
#12828 = ORIENTED_EDGE('',*,*,#8492,.F.);
#12829 = ORIENTED_EDGE('',*,*,#12830,.T.);
#12830 = EDGE_CURVE('',#8485,#1811,#12831,.T.);
#12831 = LINE('',#12832,#12833);
#12832 = CARTESIAN_POINT('',(-27.19347763061,8.272579193115,
    -1.100000023842));
#12833 = VECTOR('',#12834,1.);
#12834 = DIRECTION('',(0.,0.,1.));
#12835 = ORIENTED_EDGE('',*,*,#1810,.T.);
#12836 = ORIENTED_EDGE('',*,*,#12812,.F.);
#12837 = PLANE('',#12838);
#12838 = AXIS2_PLACEMENT_3D('',#12839,#12840,#12841);
#12839 = CARTESIAN_POINT('',(-27.04544925689,8.124550819397,
    -0.600000012666));
#12840 = DIRECTION('',(0.707106781187,0.707106781187,0.));
#12841 = DIRECTION('',(0.707106781187,-0.707106781187,0.));
#12842 = ADVANCED_FACE('',(#12843),#12854,.T.);
#12843 = FACE_BOUND('',#12844,.T.);
#12844 = EDGE_LOOP('',(#12845,#12851,#12852,#12853));
#12845 = ORIENTED_EDGE('',*,*,#12846,.T.);
#12846 = EDGE_CURVE('',#8477,#1819,#12847,.T.);
#12847 = LINE('',#12848,#12849);
#12848 = CARTESIAN_POINT('',(-27.51885986328,8.536067962646,
    -1.100000023842));
#12849 = VECTOR('',#12850,1.);
#12850 = DIRECTION('',(0.,0.,1.));
#12851 = ORIENTED_EDGE('',*,*,#1818,.T.);
#12852 = ORIENTED_EDGE('',*,*,#12830,.F.);
#12853 = ORIENTED_EDGE('',*,*,#8484,.F.);
#12854 = PLANE('',#12855);
#12855 = AXIS2_PLACEMENT_3D('',#12856,#12857,#12858);
#12856 = CARTESIAN_POINT('',(-27.35616874694,8.404323577881,
    -0.600000012666));
#12857 = DIRECTION('',(0.629319572914,0.77714662397,0.));
#12858 = DIRECTION('',(0.77714662397,-0.629319572914,0.));
#12859 = ADVANCED_FACE('',(#12860),#12871,.T.);
#12860 = FACE_BOUND('',#12861,.T.);
#12861 = EDGE_LOOP('',(#12862,#12863,#12869,#12870));
#12862 = ORIENTED_EDGE('',*,*,#8580,.F.);
#12863 = ORIENTED_EDGE('',*,*,#12864,.T.);
#12864 = EDGE_CURVE('',#8573,#1723,#12865,.T.);
#12865 = LINE('',#12866,#12867);
#12866 = CARTESIAN_POINT('',(-26.06577301025,4.063931941986,
    -1.100000023842));
#12867 = VECTOR('',#12868,1.);
#12868 = DIRECTION('',(0.,0.,1.));
#12869 = ORIENTED_EDGE('',*,*,#1722,.T.);
#12870 = ORIENTED_EDGE('',*,*,#12759,.F.);
#12871 = PLANE('',#12872);
#12872 = AXIS2_PLACEMENT_3D('',#12873,#12874,#12875);
#12873 = CARTESIAN_POINT('',(-26.1407957077,3.868492722511,
    -0.600000012666));
#12874 = DIRECTION('',(0.933579451525,-0.358370489425,0.));
#12875 = DIRECTION('',(0.358370489425,0.933579451525,0.));
#12876 = ADVANCED_FACE('',(#12877),#12888,.T.);
#12877 = FACE_BOUND('',#12878,.T.);
#12878 = EDGE_LOOP('',(#12879,#12880,#12881,#12882));
#12879 = ORIENTED_EDGE('',*,*,#1730,.T.);
#12880 = ORIENTED_EDGE('',*,*,#12864,.F.);
#12881 = ORIENTED_EDGE('',*,*,#8572,.F.);
#12882 = ORIENTED_EDGE('',*,*,#12883,.T.);
#12883 = EDGE_CURVE('',#8565,#1731,#12884,.T.);
#12884 = LINE('',#12885,#12886);
#12885 = CARTESIAN_POINT('',(-25.95740890502,4.468353271484,
    -1.100000023842));
#12886 = VECTOR('',#12887,1.);
#12887 = DIRECTION('',(0.,0.,1.));
#12888 = PLANE('',#12889);
#12889 = AXIS2_PLACEMENT_3D('',#12890,#12891,#12892);
#12890 = CARTESIAN_POINT('',(-26.01159095764,4.266142606735,
    -0.600000012666));
#12891 = DIRECTION('',(0.965925983576,-0.2588184581,0.));
#12892 = DIRECTION('',(0.2588184581,0.965925983576,0.));
#12893 = ADVANCED_FACE('',(#12894),#12905,.T.);
#12894 = FACE_BOUND('',#12895,.T.);
#12895 = EDGE_LOOP('',(#12896,#12897,#12903,#12904));
#12896 = ORIENTED_EDGE('',*,*,#8564,.F.);
#12897 = ORIENTED_EDGE('',*,*,#12898,.T.);
#12898 = EDGE_CURVE('',#8557,#1739,#12899,.T.);
#12899 = LINE('',#12900,#12901);
#12900 = CARTESIAN_POINT('',(-25.89191246032,4.881886005402,
    -1.100000023842));
#12901 = VECTOR('',#12902,1.);
#12902 = DIRECTION('',(0.,0.,1.));
#12903 = ORIENTED_EDGE('',*,*,#1738,.T.);
#12904 = ORIENTED_EDGE('',*,*,#12883,.F.);
#12905 = PLANE('',#12906);
#12906 = AXIS2_PLACEMENT_3D('',#12907,#12908,#12909);
#12907 = CARTESIAN_POINT('',(-25.92466068267,4.675119638443,
    -0.600000012666));
#12908 = DIRECTION('',(0.987688601098,-0.15643282028,0.));
#12909 = DIRECTION('',(0.15643282028,0.987688601098,0.));
#12910 = ADVANCED_FACE('',(#12911),#12922,.T.);
#12911 = FACE_BOUND('',#12912,.T.);
#12912 = EDGE_LOOP('',(#12913,#12914,#12920,#12921));
#12913 = ORIENTED_EDGE('',*,*,#8556,.F.);
#12914 = ORIENTED_EDGE('',*,*,#12915,.T.);
#12915 = EDGE_CURVE('',#8549,#1747,#12916,.T.);
#12916 = LINE('',#12917,#12918);
#12917 = CARTESIAN_POINT('',(-25.87000083923,5.300000190735,
    -1.100000023842));
#12918 = VECTOR('',#12919,1.);
#12919 = DIRECTION('',(0.,0.,1.));
#12920 = ORIENTED_EDGE('',*,*,#1746,.T.);
#12921 = ORIENTED_EDGE('',*,*,#12898,.F.);
#12922 = PLANE('',#12923);
#12923 = AXIS2_PLACEMENT_3D('',#12924,#12925,#12926);
#12924 = CARTESIAN_POINT('',(-25.88095664978,5.090943098068,
    -0.600000012666));
#12925 = DIRECTION('',(0.998629636469,-5.233401538351E-02,0.));
#12926 = DIRECTION('',(5.233401538351E-02,0.998629636469,0.));
#12927 = ADVANCED_FACE('',(#12928),#12939,.T.);
#12928 = FACE_BOUND('',#12929,.T.);
#12929 = EDGE_LOOP('',(#12930,#12931,#12937,#12938));
#12930 = ORIENTED_EDGE('',*,*,#8548,.F.);
#12931 = ORIENTED_EDGE('',*,*,#12932,.T.);
#12932 = EDGE_CURVE('',#8541,#1755,#12933,.T.);
#12933 = LINE('',#12934,#12935);
#12934 = CARTESIAN_POINT('',(-25.89191246032,5.718113899231,
    -1.100000023842));
#12935 = VECTOR('',#12936,1.);
#12936 = DIRECTION('',(0.,0.,1.));
#12937 = ORIENTED_EDGE('',*,*,#1754,.T.);
#12938 = ORIENTED_EDGE('',*,*,#12915,.F.);
#12939 = PLANE('',#12940);
#12940 = AXIS2_PLACEMENT_3D('',#12941,#12942,#12943);
#12941 = CARTESIAN_POINT('',(-25.88095664978,5.509057044983,
    -0.600000012666));
#12942 = DIRECTION('',(0.99862963335,5.233407490429E-02,0.));
#12943 = DIRECTION('',(-5.233407490429E-02,0.99862963335,0.));
#12944 = ADVANCED_FACE('',(#12945),#12956,.T.);
#12945 = FACE_BOUND('',#12946,.T.);
#12946 = EDGE_LOOP('',(#12947,#12948,#12954,#12955));
#12947 = ORIENTED_EDGE('',*,*,#8540,.F.);
#12948 = ORIENTED_EDGE('',*,*,#12949,.T.);
#12949 = EDGE_CURVE('',#8533,#1763,#12950,.T.);
#12950 = LINE('',#12951,#12952);
#12951 = CARTESIAN_POINT('',(-25.95740890502,6.131646633148,
    -1.100000023842));
#12952 = VECTOR('',#12953,1.);
#12953 = DIRECTION('',(0.,0.,1.));
#12954 = ORIENTED_EDGE('',*,*,#1762,.T.);
#12955 = ORIENTED_EDGE('',*,*,#12932,.F.);
#12956 = PLANE('',#12957);
#12957 = AXIS2_PLACEMENT_3D('',#12958,#12959,#12960);
#12958 = CARTESIAN_POINT('',(-25.92466068267,5.92488026619,
    -0.600000012666));
#12959 = DIRECTION('',(0.987688601098,0.15643282028,0.));
#12960 = DIRECTION('',(-0.15643282028,0.987688601098,0.));
#12961 = ADVANCED_FACE('',(#12962),#12973,.T.);
#12962 = FACE_BOUND('',#12963,.T.);
#12963 = EDGE_LOOP('',(#12964,#12965,#12971,#12972));
#12964 = ORIENTED_EDGE('',*,*,#8532,.F.);
#12965 = ORIENTED_EDGE('',*,*,#12966,.T.);
#12966 = EDGE_CURVE('',#8525,#1771,#12967,.T.);
#12967 = LINE('',#12968,#12969);
#12968 = CARTESIAN_POINT('',(-26.06577301025,6.536067962646,
    -1.100000023842));
#12969 = VECTOR('',#12970,1.);
#12970 = DIRECTION('',(0.,0.,1.));
#12971 = ORIENTED_EDGE('',*,*,#1770,.T.);
#12972 = ORIENTED_EDGE('',*,*,#12949,.F.);
#12973 = PLANE('',#12974);
#12974 = AXIS2_PLACEMENT_3D('',#12975,#12976,#12977);
#12975 = CARTESIAN_POINT('',(-26.01159095764,6.333857297897,
    -0.600000012666));
#12976 = DIRECTION('',(0.965925983576,0.2588184581,0.));
#12977 = DIRECTION('',(-0.2588184581,0.965925983576,0.));
#12978 = ADVANCED_FACE('',(#12979),#12985,.T.);
#12979 = FACE_BOUND('',#12980,.T.);
#12980 = EDGE_LOOP('',(#12981,#12982,#12983,#12984));
#12981 = ORIENTED_EDGE('',*,*,#8524,.F.);
#12982 = ORIENTED_EDGE('',*,*,#12780,.T.);
#12983 = ORIENTED_EDGE('',*,*,#1778,.T.);
#12984 = ORIENTED_EDGE('',*,*,#12966,.F.);
#12985 = PLANE('',#12986);
#12986 = AXIS2_PLACEMENT_3D('',#12987,#12988,#12989);
#12987 = CARTESIAN_POINT('',(-26.1407957077,6.731507301331,
    -0.600000012666));
#12988 = DIRECTION('',(0.933579524658,0.358370298909,0.));
#12989 = DIRECTION('',(-0.358370298909,0.933579524658,0.));
#12990 = ADVANCED_FACE('',(#12991),#13007,.T.);
#12991 = FACE_BOUND('',#12992,.T.);
#12992 = EDGE_LOOP('',(#12993,#12999,#13000,#13006));
#12993 = ORIENTED_EDGE('',*,*,#12994,.T.);
#12994 = EDGE_CURVE('',#8429,#1867,#12995,.T.);
#12995 = LINE('',#12996,#12997);
#12996 = CARTESIAN_POINT('',(-29.87000083923,9.300000190735,
    -1.100000023842));
#12997 = VECTOR('',#12998,1.);
#12998 = DIRECTION('',(0.,0.,1.));
#12999 = ORIENTED_EDGE('',*,*,#1866,.T.);
#13000 = ORIENTED_EDGE('',*,*,#13001,.F.);
#13001 = EDGE_CURVE('',#8437,#1859,#13002,.T.);
#13002 = LINE('',#13003,#13004);
#13003 = CARTESIAN_POINT('',(-29.45188522338,9.278087615967,
    -1.100000023842));
#13004 = VECTOR('',#13005,1.);
#13005 = DIRECTION('',(0.,0.,1.));
#13006 = ORIENTED_EDGE('',*,*,#8436,.F.);
#13007 = PLANE('',#13008);
#13008 = AXIS2_PLACEMENT_3D('',#13009,#13010,#13011);
#13009 = CARTESIAN_POINT('',(-29.66094303131,9.289043903351,
    -0.600000012666));
#13010 = DIRECTION('',(5.233610834417E-02,0.998629526783,0.));
#13011 = DIRECTION('',(0.998629526783,-5.233610834417E-02,0.));
#13012 = ADVANCED_FACE('',(#13013),#13024,.T.);
#13013 = FACE_BOUND('',#13014,.T.);
#13014 = EDGE_LOOP('',(#13015,#13016,#13017,#13023));
#13015 = ORIENTED_EDGE('',*,*,#13001,.T.);
#13016 = ORIENTED_EDGE('',*,*,#1858,.T.);
#13017 = ORIENTED_EDGE('',*,*,#13018,.F.);
#13018 = EDGE_CURVE('',#8445,#1851,#13019,.T.);
#13019 = LINE('',#13020,#13021);
#13020 = CARTESIAN_POINT('',(-29.0383529663,9.21259021759,
    -1.100000023842));
#13021 = VECTOR('',#13022,1.);
#13022 = DIRECTION('',(0.,0.,1.));
#13023 = ORIENTED_EDGE('',*,*,#8444,.F.);
#13024 = PLANE('',#13025);
#13025 = AXIS2_PLACEMENT_3D('',#13026,#13027,#13028);
#13026 = CARTESIAN_POINT('',(-29.24511909484,9.245338916779,
    -0.600000012666));
#13027 = DIRECTION('',(0.156435218279,0.987688221294,0.));
#13028 = DIRECTION('',(0.987688221294,-0.156435218279,0.));
#13029 = ADVANCED_FACE('',(#13030),#13041,.T.);
#13030 = FACE_BOUND('',#13031,.T.);
#13031 = EDGE_LOOP('',(#13032,#13033,#13034,#13040));
#13032 = ORIENTED_EDGE('',*,*,#13018,.T.);
#13033 = ORIENTED_EDGE('',*,*,#1850,.T.);
#13034 = ORIENTED_EDGE('',*,*,#13035,.F.);
#13035 = EDGE_CURVE('',#8453,#1843,#13036,.T.);
#13036 = LINE('',#13037,#13038);
#13037 = CARTESIAN_POINT('',(-28.63393211364,9.104226112366,
    -1.100000023842));
#13038 = VECTOR('',#13039,1.);
#13039 = DIRECTION('',(0.,0.,1.));
#13040 = ORIENTED_EDGE('',*,*,#8452,.F.);
#13041 = PLANE('',#13042);
#13042 = AXIS2_PLACEMENT_3D('',#13043,#13044,#13045);
#13043 = CARTESIAN_POINT('',(-28.83614253997,9.158408164978,
    -0.600000012666));
#13044 = DIRECTION('',(0.258818742821,0.965925907285,0.));
#13045 = DIRECTION('',(0.965925907285,-0.258818742821,0.));
#13046 = ADVANCED_FACE('',(#13047),#13058,.T.);
#13047 = FACE_BOUND('',#13048,.T.);
#13048 = EDGE_LOOP('',(#13049,#13050,#13051,#13057));
#13049 = ORIENTED_EDGE('',*,*,#13035,.T.);
#13050 = ORIENTED_EDGE('',*,*,#1842,.T.);
#13051 = ORIENTED_EDGE('',*,*,#13052,.F.);
#13052 = EDGE_CURVE('',#8461,#1835,#13053,.T.);
#13053 = LINE('',#13054,#13055);
#13054 = CARTESIAN_POINT('',(-28.24305343627,8.954181671143,
    -1.100000023842));
#13055 = VECTOR('',#13056,1.);
#13056 = DIRECTION('',(0.,0.,1.));
#13057 = ORIENTED_EDGE('',*,*,#8460,.F.);
#13058 = PLANE('',#13059);
#13059 = AXIS2_PLACEMENT_3D('',#13060,#13061,#13062);
#13060 = CARTESIAN_POINT('',(-28.43849277496,9.029203891754,
    -0.600000012666));
#13061 = DIRECTION('',(0.358368313671,0.933580286723,0.));
#13062 = DIRECTION('',(0.933580286723,-0.358368313671,0.));
#13063 = ADVANCED_FACE('',(#13064),#13075,.T.);
#13064 = FACE_BOUND('',#13065,.T.);
#13065 = EDGE_LOOP('',(#13066,#13067,#13068,#13074));
#13066 = ORIENTED_EDGE('',*,*,#13052,.T.);
#13067 = ORIENTED_EDGE('',*,*,#1834,.T.);
#13068 = ORIENTED_EDGE('',*,*,#13069,.F.);
#13069 = EDGE_CURVE('',#8469,#1827,#13070,.T.);
#13070 = LINE('',#13071,#13072);
#13071 = CARTESIAN_POINT('',(-27.87000083923,8.764101982117,
    -1.100000023842));
#13072 = VECTOR('',#13073,1.);
#13073 = DIRECTION('',(0.,0.,1.));
#13074 = ORIENTED_EDGE('',*,*,#8468,.F.);
#13075 = PLANE('',#13076);
#13076 = AXIS2_PLACEMENT_3D('',#13077,#13078,#13079);
#13077 = CARTESIAN_POINT('',(-28.05652713775,8.85914182663,
    -0.600000012666));
#13078 = DIRECTION('',(0.453990304116,0.891006623864,0.));
#13079 = DIRECTION('',(0.891006623864,-0.453990304116,0.));
#13080 = ADVANCED_FACE('',(#13081),#13087,.T.);
#13081 = FACE_BOUND('',#13082,.T.);
#13082 = EDGE_LOOP('',(#13083,#13084,#13085,#13086));
#13083 = ORIENTED_EDGE('',*,*,#8476,.F.);
#13084 = ORIENTED_EDGE('',*,*,#13069,.T.);
#13085 = ORIENTED_EDGE('',*,*,#1826,.T.);
#13086 = ORIENTED_EDGE('',*,*,#12846,.F.);
#13087 = PLANE('',#13088);
#13088 = AXIS2_PLACEMENT_3D('',#13089,#13090,#13091);
#13089 = CARTESIAN_POINT('',(-27.69443035125,8.650084972382,
    -0.600000012666));
#13090 = DIRECTION('',(0.544639712708,0.838670127846,0.));
#13091 = DIRECTION('',(0.838670127846,-0.544639712708,0.));
#13092 = ADVANCED_FACE('',(#13093),#13099,.T.);
#13093 = FACE_BOUND('',#13094,.T.);
#13094 = EDGE_LOOP('',(#13095,#13096,#13097,#13098));
#13095 = ORIENTED_EDGE('',*,*,#8148,.F.);
#13096 = ORIENTED_EDGE('',*,*,#10336,.F.);
#13097 = ORIENTED_EDGE('',*,*,#2154,.T.);
#13098 = ORIENTED_EDGE('',*,*,#12332,.F.);
#13099 = PLANE('',#13100);
#13100 = AXIS2_PLACEMENT_3D('',#13101,#13102,#13103);
#13101 = CARTESIAN_POINT('',(31.435000419617,1.299999952316,
    -0.600000012666));
#13102 = DIRECTION('',(-0.,-1.,-0.));
#13103 = DIRECTION('',(0.,0.,-1.));
#13104 = ADVANCED_FACE('',(#13105),#13111,.T.);
#13105 = FACE_BOUND('',#13106,.T.);
#13106 = EDGE_LOOP('',(#13107,#13108,#13109,#13110));
#13107 = ORIENTED_EDGE('',*,*,#8676,.F.);
#13108 = ORIENTED_EDGE('',*,*,#12589,.F.);
#13109 = ORIENTED_EDGE('',*,*,#1624,.T.);
#13110 = ORIENTED_EDGE('',*,*,#8864,.F.);
#13111 = PLANE('',#13112);
#13112 = AXIS2_PLACEMENT_3D('',#13113,#13114,#13115);
#13113 = CARTESIAN_POINT('',(-31.43500041961,1.299999952316,
    -0.600000012666));
#13114 = DIRECTION('',(-0.,-1.,-0.));
#13115 = DIRECTION('',(0.,0.,-1.));
#13116 = ADVANCED_FACE('',(#13117),#13123,.T.);
#13117 = FACE_BOUND('',#13118,.T.);
#13118 = EDGE_LOOP('',(#13119,#13120,#13121,#13122));
#13119 = ORIENTED_EDGE('',*,*,#12566,.F.);
#13120 = ORIENTED_EDGE('',*,*,#1906,.T.);
#13121 = ORIENTED_EDGE('',*,*,#10351,.F.);
#13122 = ORIENTED_EDGE('',*,*,#8396,.F.);
#13123 = PLANE('',#13124);
#13124 = AXIS2_PLACEMENT_3D('',#13125,#13126,#13127);
#13125 = CARTESIAN_POINT('',(31.435000419617,9.300000190735,
    -0.600000012666));
#13126 = DIRECTION('',(0.,1.,0.));
#13127 = DIRECTION('',(0.,0.,1.));
#13128 = ADVANCED_FACE('',(#13129),#13135,.T.);
#13129 = FACE_BOUND('',#13130,.T.);
#13130 = EDGE_LOOP('',(#13131,#13132,#13133,#13134));
#13131 = ORIENTED_EDGE('',*,*,#12994,.F.);
#13132 = ORIENTED_EDGE('',*,*,#8428,.F.);
#13133 = ORIENTED_EDGE('',*,*,#8842,.F.);
#13134 = ORIENTED_EDGE('',*,*,#1874,.T.);
#13135 = PLANE('',#13136);
#13136 = AXIS2_PLACEMENT_3D('',#13137,#13138,#13139);
#13137 = CARTESIAN_POINT('',(-31.43500041961,9.300000190735,
    -0.600000012666));
#13138 = DIRECTION('',(0.,1.,0.));
#13139 = DIRECTION('',(0.,0.,1.));
#13140 = ADVANCED_FACE('',(#13141),#13147,.T.);
#13141 = FACE_BOUND('',#13142,.T.);
#13142 = EDGE_LOOP('',(#13143,#13144,#13145,#13146));
#13143 = ORIENTED_EDGE('',*,*,#7189,.F.);
#13144 = ORIENTED_EDGE('',*,*,#6533,.T.);
#13145 = ORIENTED_EDGE('',*,*,#2720,.F.);
#13146 = ORIENTED_EDGE('',*,*,#4552,.F.);
#13147 = PLANE('',#13148);
#13148 = AXIS2_PLACEMENT_3D('',#13149,#13150,#13151);
#13149 = CARTESIAN_POINT('',(29.988552526653,3.037893576123,
    -1.126868455053));
#13150 = DIRECTION('',(-4.326039929335E-02,0.82545381581,-0.562809502245
    ));
#13151 = DIRECTION('',(-3.469446951954E-18,0.563336880927,0.826227304431
    ));
#13152 = ADVANCED_FACE('',(#13153),#13159,.T.);
#13153 = FACE_BOUND('',#13154,.T.);
#13154 = EDGE_LOOP('',(#13155,#13156,#13157,#13158));
#13155 = ORIENTED_EDGE('',*,*,#7223,.F.);
#13156 = ORIENTED_EDGE('',*,*,#5389,.T.);
#13157 = ORIENTED_EDGE('',*,*,#2968,.F.);
#13158 = ORIENTED_EDGE('',*,*,#5484,.F.);
#13159 = PLANE('',#13160);
#13160 = AXIS2_PLACEMENT_3D('',#13161,#13162,#13163);
#13161 = CARTESIAN_POINT('',(29.988552526653,7.56210632851,
    -1.126868455053));
#13162 = DIRECTION('',(-4.326039929335E-02,-0.82545381581,
    -0.562809502245));
#13163 = DIRECTION('',(3.469446951954E-18,0.563336880927,-0.826227304431
    ));
#13164 = ADVANCED_FACE('',(#13165),#13171,.T.);
#13165 = FACE_BOUND('',#13166,.T.);
#13166 = EDGE_LOOP('',(#13167,#13168,#13169,#13170));
#13167 = ORIENTED_EDGE('',*,*,#7276,.F.);
#13168 = ORIENTED_EDGE('',*,*,#1229,.T.);
#13169 = ORIENTED_EDGE('',*,*,#2426,.F.);
#13170 = ORIENTED_EDGE('',*,*,#3290,.F.);
#13171 = PLANE('',#13172);
#13172 = AXIS2_PLACEMENT_3D('',#13173,#13174,#13175);
#13173 = CARTESIAN_POINT('',(-29.98855252665,3.037893576123,
    -1.126868455053));
#13174 = DIRECTION('',(4.326039929335E-02,0.82545381581,-0.562809502245)
  );
#13175 = DIRECTION('',(3.469446951954E-18,0.563336880927,0.826227304431)
  );
#13176 = ADVANCED_FACE('',(#13177),#13183,.T.);
#13177 = FACE_BOUND('',#13178,.T.);
#13178 = EDGE_LOOP('',(#13179,#13180,#13181,#13182));
#13179 = ORIENTED_EDGE('',*,*,#7242,.F.);
#13180 = ORIENTED_EDGE('',*,*,#4134,.T.);
#13181 = ORIENTED_EDGE('',*,*,#2462,.F.);
#13182 = ORIENTED_EDGE('',*,*,#21,.F.);
#13183 = PLANE('',#13184);
#13184 = AXIS2_PLACEMENT_3D('',#13185,#13186,#13187);
#13185 = CARTESIAN_POINT('',(-29.98855252665,7.56210632851,
    -1.126868455053));
#13186 = DIRECTION('',(4.326039929335E-02,-0.82545381581,-0.562809502245
    ));
#13187 = DIRECTION('',(-3.469446951954E-18,0.563336880927,
    -0.826227304431));
#13188 = ( GEOMETRIC_REPRESENTATION_CONTEXT(3) 
GLOBAL_UNCERTAINTY_ASSIGNED_CONTEXT((#13192)) 
GLOBAL_UNIT_ASSIGNED_CONTEXT((#13189,#13190,#13191)) 
REPRESENTATION_CONTEXT('Context #1',
  '3D Context with UNIT and UNCERTAINTY') );
#13189 = ( LENGTH_UNIT() NAMED_UNIT(*) SI_UNIT(.MILLI.,.METRE.) );
#13190 = ( NAMED_UNIT(*) PLANE_ANGLE_UNIT() SI_UNIT($,.RADIAN.) );
#13191 = ( NAMED_UNIT(*) SI_UNIT($,.STERADIAN.) SOLID_ANGLE_UNIT() );
#13192 = UNCERTAINTY_MEASURE_WITH_UNIT(LENGTH_MEASURE(1.E-07),#13189,
  'distance_accuracy_value','confusion accuracy');
#13193 = PRODUCT_RELATED_PRODUCT_CATEGORY('part',$,(#7));
ENDSEC;
END-ISO-10303-21;
