ISO-10303-21;
HEADER;
FILE_DESCRIPTION((''),'2;1');
FILE_NAME('001_MSC_82_FLAT_HEAD_ASM','2019-06-29T',('Admin'),(''),
'PRO/ENGINEER BY PARAMETRIC TECHNOLOGY CORPORATION, 2016240',
'PRO/ENGINEER BY PARAMETRIC TECHNOLOGY CORPORATION, 2016240','');
FILE_SCHEMA(('AUTOMOTIVE_DESIGN { 1 0 10303 214 1 1 1 1 }'));
ENDSEC;
DATA;
#14=CARTESIAN_POINT('',(0.E0,0.E0,0.E0));
#15=DIRECTION('',(-1.E0,0.E0,0.E0));
#16=DIRECTION('',(0.E0,1.E0,0.E0));
#17=AXIS2_PLACEMENT_3D('',#14,#15,#16);
#19=CARTESIAN_POINT('',(0.E0,0.E0,0.E0));
#20=DIRECTION('',(1.E0,0.E0,0.E0));
#21=DIRECTION('',(0.E0,1.E0,0.E0));
#22=AXIS2_PLACEMENT_3D('',#19,#20,#21);
#24=DIRECTION('',(0.E0,0.E0,-1.E0));
#25=VECTOR('',#24,2.44E-2);
#26=CARTESIAN_POINT('',(0.E0,6.1E-2,1.22E-2));
#27=LINE('',#26,#25);
#28=DIRECTION('',(0.E0,-1.E0,0.E0));
#29=VECTOR('',#28,3.677918471983E-2);
#30=CARTESIAN_POINT('',(0.E0,6.1E-2,-1.22E-2));
#31=LINE('',#30,#29);
#32=DIRECTION('',(0.E0,-9.135454576426E-1,-4.067366430758E-1));
#33=VECTOR('',#32,9.104732445915E-3);
#34=CARTESIAN_POINT('',(0.E0,2.422081528017E-2,-1.22E-2));
#35=LINE('',#34,#33);
#36=DIRECTION('',(0.E0,-4.067366430758E-1,-9.135454576426E-1));
#37=VECTOR('',#36,9.104732445915E-3);
#38=CARTESIAN_POINT('',(0.E0,1.590322831115E-2,-1.590322831115E-2));
#39=LINE('',#38,#37);
#40=DIRECTION('',(0.E0,0.E0,-1.E0));
#41=VECTOR('',#40,3.677918471983E-2);
#42=CARTESIAN_POINT('',(0.E0,1.22E-2,-2.422081528017E-2));
#43=LINE('',#42,#41);
#44=DIRECTION('',(0.E0,-1.E0,0.E0));
#45=VECTOR('',#44,2.44E-2);
#46=CARTESIAN_POINT('',(0.E0,1.22E-2,-6.1E-2));
#47=LINE('',#46,#45);
#48=DIRECTION('',(0.E0,0.E0,1.E0));
#49=VECTOR('',#48,3.677918471983E-2);
#50=CARTESIAN_POINT('',(0.E0,-1.22E-2,-6.1E-2));
#51=LINE('',#50,#49);
#52=DIRECTION('',(0.E0,-4.067366430758E-1,9.135454576426E-1));
#53=VECTOR('',#52,9.104732445915E-3);
#54=CARTESIAN_POINT('',(0.E0,-1.22E-2,-2.422081528017E-2));
#55=LINE('',#54,#53);
#56=DIRECTION('',(0.E0,-9.135454576426E-1,4.067366430758E-1));
#57=VECTOR('',#56,9.104732445915E-3);
#58=CARTESIAN_POINT('',(0.E0,-1.590322831115E-2,-1.590322831115E-2));
#59=LINE('',#58,#57);
#60=DIRECTION('',(0.E0,-1.E0,0.E0));
#61=VECTOR('',#60,3.677918471983E-2);
#62=CARTESIAN_POINT('',(0.E0,-2.422081528017E-2,-1.22E-2));
#63=LINE('',#62,#61);
#64=DIRECTION('',(0.E0,0.E0,1.E0));
#65=VECTOR('',#64,2.44E-2);
#66=CARTESIAN_POINT('',(0.E0,-6.1E-2,-1.22E-2));
#67=LINE('',#66,#65);
#68=DIRECTION('',(0.E0,1.E0,0.E0));
#69=VECTOR('',#68,3.677918471983E-2);
#70=CARTESIAN_POINT('',(0.E0,-6.1E-2,1.22E-2));
#71=LINE('',#70,#69);
#72=DIRECTION('',(0.E0,9.135454576426E-1,4.067366430758E-1));
#73=VECTOR('',#72,9.104732445915E-3);
#74=CARTESIAN_POINT('',(0.E0,-2.422081528017E-2,1.22E-2));
#75=LINE('',#74,#73);
#76=DIRECTION('',(0.E0,4.067366430758E-1,9.135454576426E-1));
#77=VECTOR('',#76,9.104732445915E-3);
#78=CARTESIAN_POINT('',(0.E0,-1.590322831115E-2,1.590322831115E-2));
#79=LINE('',#78,#77);
#80=DIRECTION('',(0.E0,0.E0,1.E0));
#81=VECTOR('',#80,3.677918471983E-2);
#82=CARTESIAN_POINT('',(0.E0,-1.22E-2,2.422081528017E-2));
#83=LINE('',#82,#81);
#84=DIRECTION('',(0.E0,1.E0,0.E0));
#85=VECTOR('',#84,2.44E-2);
#86=CARTESIAN_POINT('',(0.E0,-1.22E-2,6.1E-2));
#87=LINE('',#86,#85);
#88=DIRECTION('',(0.E0,0.E0,-1.E0));
#89=VECTOR('',#88,3.677918471983E-2);
#90=CARTESIAN_POINT('',(0.E0,1.22E-2,6.1E-2));
#91=LINE('',#90,#89);
#92=DIRECTION('',(0.E0,4.067366430758E-1,-9.135454576426E-1));
#93=VECTOR('',#92,9.104732445915E-3);
#94=CARTESIAN_POINT('',(0.E0,1.22E-2,2.422081528017E-2));
#95=LINE('',#94,#93);
#96=DIRECTION('',(0.E0,9.135454576426E-1,-4.067366430758E-1));
#97=VECTOR('',#96,9.104732445915E-3);
#98=CARTESIAN_POINT('',(0.E0,1.590322831115E-2,1.590322831115E-2));
#99=LINE('',#98,#97);
#100=DIRECTION('',(0.E0,1.E0,0.E0));
#101=VECTOR('',#100,3.677918471983E-2);
#102=CARTESIAN_POINT('',(0.E0,2.422081528017E-2,1.22E-2));
#103=LINE('',#102,#101);
#104=DIRECTION('',(-7.604059656E-1,6.494480483302E-1,0.E0));
#105=VECTOR('',#104,9.949831757386E-2);
#106=CARTESIAN_POINT('',(7.565911425033E-2,4.788101183952E-2,0.E0));
#107=LINE('',#106,#105);
#108=DIRECTION('',(-7.604059656E-1,-6.494480483302E-1,0.E0));
#109=VECTOR('',#108,9.949831757386E-2);
#110=CARTESIAN_POINT('',(7.565911425033E-2,-4.788101183952E-2,0.E0));
#111=LINE('',#110,#109);
#112=CARTESIAN_POINT('',(7.565911425033E-2,0.E0,0.E0));
#113=DIRECTION('',(1.E0,0.E0,0.E0));
#114=DIRECTION('',(0.E0,1.E0,0.E0));
#115=AXIS2_PLACEMENT_3D('',#112,#113,#114);
#117=CARTESIAN_POINT('',(1.187499999619E-1,4.788101183952E-2,0.E0));
#118=CARTESIAN_POINT('',(1.188116919925E-1,4.788101183952E-2,
7.423902240491E-4));
#119=CARTESIAN_POINT('',(1.189350824139E-1,4.784649084357E-2,
2.227248485392E-3));
#120=CARTESIAN_POINT('',(1.191202872768E-1,4.769101478724E-2,
4.451142755739E-3));
#121=CARTESIAN_POINT('',(1.193053109207E-1,4.743255949071E-2,
6.663238631730E-3));
#122=CARTESIAN_POINT('',(1.194905618838E-1,4.707104677721E-2,
8.863616207412E-3));
#123=CARTESIAN_POINT('',(1.196756166218E-1,4.660803339615E-2,
1.104248100337E-2));
#124=CARTESIAN_POINT('',(1.198607831325E-1,4.604389614234E-2,
1.319876783137E-2));
#125=CARTESIAN_POINT('',(1.200459552160E-1,4.537998509154E-2,
1.532652385789E-2));
#126=CARTESIAN_POINT('',(1.202310121810E-1,4.461834618044E-2,
1.741981263340E-2));
#127=CARTESIAN_POINT('',(1.204162262855E-1,4.375942112127E-2,
1.947714641459E-2));
#128=CARTESIAN_POINT('',(1.206012636332E-1,4.280664969647E-2,
2.149038456937E-2));
#129=CARTESIAN_POINT('',(1.207864818396E-1,4.176027073046E-2,
2.345906104371E-2));
#130=CARTESIAN_POINT('',(1.209099026738E-1,4.100271239404E-2,
2.473702386756E-2));
#131=CARTESIAN_POINT('',(1.209716134770E-1,4.060928215138E-2,
2.536685825888E-2));
#133=CARTESIAN_POINT('',(7.565911425033E-2,0.E0,0.E0));
#134=DIRECTION('',(1.E0,0.E0,0.E0));
#135=DIRECTION('',(0.E0,-1.E0,0.E0));
#136=AXIS2_PLACEMENT_3D('',#133,#134,#135);
#138=DIRECTION('',(1.E0,0.E0,0.E0));
#139=VECTOR('',#138,3.059088571162E-2);
#140=CARTESIAN_POINT('',(7.565911425033E-2,-4.788101183952E-2,0.E0));
#141=LINE('',#140,#139);
#142=CARTESIAN_POINT('',(1.062499999619E-1,-4.788101183952E-2,0.E0));
#143=CARTESIAN_POINT('',(1.063130858339E-1,-4.788101183952E-2,
-7.591634471487E-4));
#144=CARTESIAN_POINT('',(1.064392667972E-1,-4.784490038526E-2,
-2.277601698372E-3));
#145=CARTESIAN_POINT('',(1.066285998169E-1,-4.768240554533E-2,
-4.550843778803E-3));
#146=CARTESIAN_POINT('',(1.068178926624E-1,-4.741203097718E-2,
-6.813304714051E-3));
#147=CARTESIAN_POINT('',(1.070072179954E-1,-4.703429809241E-2,
-9.060732316479E-3));
#148=CARTESIAN_POINT('',(1.071965020037E-1,-4.655019517255E-2,
-1.128716196644E-2));
#149=CARTESIAN_POINT('',(1.073857521214E-1,-4.596090329175E-2,
-1.348766706130E-2));
#150=CARTESIAN_POINT('',(1.075750916228E-1,-4.526729070165E-2,
-1.565867828751E-2));
#151=CARTESIAN_POINT('',(1.077643636668E-1,-4.447149355175E-2,
-1.779348489946E-2));
#152=CARTESIAN_POINT('',(1.079537044283E-1,-4.357473959048E-2,
-1.988878684613E-2));
#153=CARTESIAN_POINT('',(1.081429428235E-1,-4.257988050504E-2,
-2.193795688923E-2));
#154=CARTESIAN_POINT('',(1.083322575982E-1,-4.148832379426E-2,
-2.393834167978E-2));
#155=CARTESIAN_POINT('',(1.085219084758E-1,-4.030066372512E-2,
-2.588794710235E-2));
#156=CARTESIAN_POINT('',(1.087115757460E-1,-3.902129268696E-2,
-2.777887671981E-2));
#157=CARTESIAN_POINT('',(1.089010482262E-1,-3.765469107041E-2,
-2.960482617079E-2));
#158=CARTESIAN_POINT('',(1.090902292775E-1,-3.620505274481E-2,
-3.136102852567E-2));
#159=CARTESIAN_POINT('',(1.092795973351E-1,-3.467208896817E-2,
-3.304803180173E-2));
#160=CARTESIAN_POINT('',(1.094692507035E-1,-3.305808736945E-2,
-3.466253973259E-2));
#161=CARTESIAN_POINT('',(1.096588672009E-1,-3.136928725635E-2,
-3.619797639966E-2));
#162=CARTESIAN_POINT('',(1.098482414570E-1,-2.961153866783E-2,
-3.764939536595E-2));
#163=CARTESIAN_POINT('',(1.100374140005E-1,-2.778874370435E-2,
-3.901418474729E-2));
#164=CARTESIAN_POINT('',(1.102268445524E-1,-2.590056109306E-2,
-4.029252560572E-2));
#165=CARTESIAN_POINT('',(1.104164798599E-1,-2.395152003388E-2,
-4.148075330093E-2));
#166=CARTESIAN_POINT('',(1.106060470896E-1,-2.194878214791E-2,
-4.257434431780E-2));
#167=CARTESIAN_POINT('',(1.107953082449E-1,-1.989958722263E-2,
-4.356977954064E-2));
#168=CARTESIAN_POINT('',(1.109845170086E-1,-1.780599553774E-2,
-4.446649042879E-2));
#169=CARTESIAN_POINT('',(1.111739992275E-1,-1.566903857531E-2,
-4.526376286715E-2));
#170=CARTESIAN_POINT('',(1.113636103685E-1,-1.349504520674E-2,
-4.595879518671E-2));
#171=CARTESIAN_POINT('',(1.115531014113E-1,-1.129180488439E-2,
-4.654908775823E-2));
#172=CARTESIAN_POINT('',(1.117423137654E-1,-9.066260535323E-3,
-4.703320145161E-2));
#173=CARTESIAN_POINT('',(1.119315489898E-1,-6.819959052294E-3,
-4.741108680299E-2));
#174=CARTESIAN_POINT('',(1.121210642338E-1,-4.554874405936E-3,
-4.768207781476E-2));
#175=CARTESIAN_POINT('',(1.123106544533E-1,-2.278549172717E-3,
-4.784489026235E-2));
#176=CARTESIAN_POINT('',(1.124368986073E-1,-7.593497637712E-4,
-4.788101183952E-2));
#177=CARTESIAN_POINT('',(1.124999999619E-1,0.E0,-4.788101183952E-2));
#179=DIRECTION('',(1.E0,0.E0,0.E0));
#180=VECTOR('',#179,8.471613515062E-3);
#181=CARTESIAN_POINT('',(1.124999999619E-1,0.E0,-4.788101183952E-2));
#182=LINE('',#181,#180);
#183=DIRECTION('',(1.E0,0.E0,0.E0));
#184=VECTOR('',#183,4.309088571162E-2);
#185=CARTESIAN_POINT('',(7.565911425033E-2,4.788101183952E-2,0.E0));
#186=LINE('',#185,#184);
#187=CARTESIAN_POINT('',(1.209716134770E-1,-4.060928263628E-2,
-2.536685748261E-2));
#188=CARTESIAN_POINT('',(1.210037082907E-1,-4.015290157083E-2,
-2.599254040431E-2));
#189=CARTESIAN_POINT('',(1.210679251227E-1,-3.921089066263E-2,
-2.722006172842E-2));
#190=CARTESIAN_POINT('',(1.211643318114E-1,-3.771388052820E-2,
-2.898573104192E-2));
#191=CARTESIAN_POINT('',(1.212608204591E-1,-3.613681131272E-2,
-3.067191330165E-2));
#192=CARTESIAN_POINT('',(1.213573914742E-1,-3.448380100078E-2,
-3.227493254357E-2));
#193=CARTESIAN_POINT('',(1.214540452682E-1,-3.275913952025E-2,
-3.379132225515E-2));
#194=CARTESIAN_POINT('',(1.215507822867E-1,-3.096727754669E-2,
-3.521783394514E-2));
#195=CARTESIAN_POINT('',(1.216476029024E-1,-2.911281765879E-2,
-3.655144330409E-2));
#196=CARTESIAN_POINT('',(1.217445075406E-1,-2.720050080251E-2,
-3.778935931110E-2));
#197=CARTESIAN_POINT('',(1.218414966551E-1,-2.523519497834E-2,
-3.892903027237E-2));
#198=CARTESIAN_POINT('',(1.219385706754E-1,-2.322188439520E-2,
-3.996814920981E-2));
#199=CARTESIAN_POINT('',(1.220357300521E-1,-2.116565631875E-2,
-4.090465983896E-2));
#200=CARTESIAN_POINT('',(1.221329751790E-1,-1.907169024480E-2,
-4.173676072385E-2));
#201=CARTESIAN_POINT('',(1.222303065375E-1,-1.694524207494E-2,
-4.246291079800E-2));
#202=CARTESIAN_POINT('',(1.223277245572E-1,-1.479163415027E-2,
-4.308183166435E-2));
#203=CARTESIAN_POINT('',(1.224252297167E-1,-1.261623993621E-2,
-4.359251134984E-2));
#204=CARTESIAN_POINT('',(1.225228224595E-1,-1.042447262572E-2,
-4.399420599689E-2));
#205=CARTESIAN_POINT('',(1.226205032250E-1,-8.221771087893E-3,
-4.428644185251E-2));
#206=CARTESIAN_POINT('',(1.227182725119E-1,-6.013584966465E-3,
-4.446901632772E-2));
#207=CARTESIAN_POINT('',(1.228161307732E-1,-3.805363563816E-3,
-4.454199788403E-2));
#208=CARTESIAN_POINT('',(1.229140784641E-1,-1.602541190687E-3,
-4.450572622620E-2));
#209=CARTESIAN_POINT('',(1.230121162222E-1,5.894801943392E-4,
-4.436080995093E-2));
#210=CARTESIAN_POINT('',(1.231102432623E-1,2.765309099607E-3,
-4.410813048008E-2));
#211=CARTESIAN_POINT('',(1.232084615861E-1,4.919671269421E-3,
-4.374882857367E-2));
#212=CARTESIAN_POINT('',(1.233067712472E-1,7.047317297654E-3,
-4.328431063257E-2));
#213=CARTESIAN_POINT('',(1.234051728304E-1,9.143091169067E-3,
-4.271624131502E-2));
#214=CARTESIAN_POINT('',(1.235036667795E-1,1.120192813783E-2,
-4.204654017562E-2));
#215=CARTESIAN_POINT('',(1.236022535914E-1,1.321887171255E-2,
-4.127737625064E-2));
#216=CARTESIAN_POINT('',(1.237009337280E-1,1.518908420349E-2,
-4.041116279493E-2));
#217=CARTESIAN_POINT('',(1.237997076993E-1,1.710786058577E-2,
-3.945055038517E-2));
#218=CARTESIAN_POINT('',(1.238985759891E-1,1.897063876220E-2,
-3.839842057907E-2));
#219=CARTESIAN_POINT('',(1.239975390781E-1,2.077301168880E-2,
-3.725787839597E-2));
#220=CARTESIAN_POINT('',(1.240635781196E-1,2.193149825350E-2,
-3.644078717035E-2));
#221=CARTESIAN_POINT('',(1.240966135150E-1,2.249928833272E-2,
-3.601864837905E-2));
#223=CARTESIAN_POINT('',(1.209716134770E-1,0.E0,0.E0));
#224=DIRECTION('',(-1.E0,0.E0,0.E0));
#225=DIRECTION('',(0.E0,8.481291558225E-1,5.297895195678E-1));
#226=AXIS2_PLACEMENT_3D('',#223,#224,#225);
#228=CARTESIAN_POINT('',(1.209716134770E-1,0.E0,0.E0));
#229=DIRECTION('',(1.E0,0.E0,0.E0));
#230=DIRECTION('',(0.E0,-8.481291659497E-1,-5.297895033552E-1));
#231=AXIS2_PLACEMENT_3D('',#228,#229,#230);
#233=DIRECTION('',(-5.E-1,8.630565250927E-1,7.164799016687E-2));
#234=VECTOR('',#233,1.562500007606E-2);
#235=CARTESIAN_POINT('',(1.987670567765E-1,-5.580802271387E-2,
-4.632990477890E-3));
#236=LINE('',#235,#234);
#237=DIRECTION('',(5.E-1,-7.345014034030E-1,-4.588111685639E-1));
#238=VECTOR('',#237,9.375E-3);
#239=CARTESIAN_POINT('',(1.209716134770E-1,-4.060928263628E-2,
-2.536685748261E-2));
#240=LINE('',#239,#238);
#241=CARTESIAN_POINT('',(1.209716134770E-1,0.E0,0.E0));
#242=DIRECTION('',(-1.E0,0.E0,0.E0));
#243=DIRECTION('',(0.E0,-8.481291659497E-1,-5.297895033552E-1));
#244=AXIS2_PLACEMENT_3D('',#241,#242,#243);
#246=CARTESIAN_POINT('',(1.256591134770E-1,-5.456279580033E-2,
1.260560646901E-2));
#247=CARTESIAN_POINT('',(1.256290383625E-1,-5.432147705908E-2,
1.341872832457E-2));
#248=CARTESIAN_POINT('',(1.255688604299E-1,-5.380228111544E-2,
1.503247904194E-2));
#249=CARTESIAN_POINT('',(1.254784598138E-1,-5.291513623570E-2,
1.741197194473E-2));
#250=CARTESIAN_POINT('',(1.253880773007E-1,-5.192336827946E-2,
1.974152323141E-2));
#251=CARTESIAN_POINT('',(1.252976911800E-1,-5.082948752812E-2,
2.201714335461E-2));
#252=CARTESIAN_POINT('',(1.252072092406E-1,-4.963508695541E-2,
2.423662090009E-2));
#253=CARTESIAN_POINT('',(1.251165304812E-1,-4.834136515385E-2,
2.639778205118E-2));
#254=CARTESIAN_POINT('',(1.250257893389E-1,-4.695305071199E-2,
2.849292543356E-2));
#255=CARTESIAN_POINT('',(1.249350801656E-1,-4.547502643512E-2,
3.051582656197E-2));
#256=CARTESIAN_POINT('',(1.248443979611E-1,-4.391098137325E-2,
3.246287140419E-2));
#257=CARTESIAN_POINT('',(1.247535768644E-1,-4.226165463829E-2,
3.433377651389E-2));
#258=CARTESIAN_POINT('',(1.246627167415E-1,-4.053253816636E-2,
3.612272025629E-2));
#259=CARTESIAN_POINT('',(1.245717882094E-1,-3.872708630224E-2,
3.782687027565E-2));
#260=CARTESIAN_POINT('',(1.244807822817E-1,-3.684915724648E-2,
3.944302247505E-2));
#261=CARTESIAN_POINT('',(1.243897673292E-1,-3.490449342962E-2,
4.096698675622E-2));
#262=CARTESIAN_POINT('',(1.242985909490E-1,-3.289414528816E-2,
4.239830380042E-2));
#263=CARTESIAN_POINT('',(1.242074338390E-1,-3.082658767075E-2,
4.373142952696E-2));
#264=CARTESIAN_POINT('',(1.241161434914E-1,-2.870302192699E-2,
4.496617140679E-2));
#265=CARTESIAN_POINT('',(1.240248256277E-1,-2.653057866396E-2,
4.609872987763E-2));
#266=CARTESIAN_POINT('',(1.239334410733E-1,-2.431321308373E-2,
4.712768892326E-2));
#267=CARTESIAN_POINT('',(1.238419502971E-1,-2.205482016994E-2,
4.805153040240E-2));
#268=CARTESIAN_POINT('',(1.237504645652E-1,-1.976316977485E-2,
4.886767209549E-2));
#269=CARTESIAN_POINT('',(1.236588188658E-1,-1.743916131430E-2,
4.957615384772E-2));
#270=CARTESIAN_POINT('',(1.235672122074E-1,-1.509294554970E-2,
5.017435377153E-2));
#271=CARTESIAN_POINT('',(1.234754656318E-1,-1.272510929961E-2,
5.066267390197E-2));
#272=CARTESIAN_POINT('',(1.233836822473E-1,-1.034346444204E-2,
5.103978577348E-2));
#273=CARTESIAN_POINT('',(1.232918232758E-1,-7.952214522961E-3,
5.130557692175E-2));
#274=CARTESIAN_POINT('',(1.231998725143E-1,-5.556139083419E-3,
5.145980421327E-2));
#275=CARTESIAN_POINT('',(1.231079429516E-1,-3.163380988159E-3,
5.150257857971E-2));
#276=CARTESIAN_POINT('',(1.23015797E-1,-7.729484245502E-4,5.143426027803E-2));
#277=CARTESIAN_POINT('',(1.229235101964E-1,1.607981566181E-3,
5.125498481145E-2));
#278=CARTESIAN_POINT('',(1.228311807843E-1,3.971706317417E-3,
5.096568800661E-2));
#279=CARTESIAN_POINT('',(1.227389307680E-1,6.310076226535E-3,
5.056817627142E-2));
#280=CARTESIAN_POINT('',(1.226466273016E-1,8.621526463142E-3,
5.006353740373E-2));
#281=CARTESIAN_POINT('',(1.225541386744E-1,1.090434652573E-2,
4.945235237194E-2));
#282=CARTESIAN_POINT('',(1.224615247582E-1,1.315205187242E-2,
4.873641256580E-2));
#283=CARTESIAN_POINT('',(1.223689377359E-1,1.535620027431E-2,
4.791899808082E-2));
#284=CARTESIAN_POINT('',(1.222763212882E-1,1.751356475134E-2,
4.700207916584E-2));
#285=CARTESIAN_POINT('',(1.221836549642E-1,1.962012062331E-2,
4.598798233196E-2));
#286=CARTESIAN_POINT('',(1.220908120710E-1,2.167422930470E-2,
4.487781090783E-2));
#287=CARTESIAN_POINT('',(1.219978821544E-1,2.366942302506E-2,
4.367520986947E-2));
#288=CARTESIAN_POINT('',(1.219049968602E-1,2.559886910999E-2,
4.238515782696E-2));
#289=CARTESIAN_POINT('',(1.218119749132E-1,2.746235101912E-2,
4.100841401358E-2));
#290=CARTESIAN_POINT('',(1.217189451637E-1,2.925344119737E-2,
3.955029130134E-2));
#291=CARTESIAN_POINT('',(1.216257349334E-1,3.097171451194E-2,
3.801161140577E-2));
#292=CARTESIAN_POINT('',(1.215325257133E-1,3.261024060228E-2,
3.639904939238E-2));
#293=CARTESIAN_POINT('',(1.214392235784E-1,3.416747430754E-2,
3.471501435621E-2));
#294=CARTESIAN_POINT('',(1.213458251889E-1,3.564021086521E-2,
3.296340698510E-2));
#295=CARTESIAN_POINT('',(1.212524073289E-1,3.702439206174E-2,
3.114993568792E-2));
#296=CARTESIAN_POINT('',(1.211588579870E-1,3.831892263299E-2,
2.927674748988E-2));
#297=CARTESIAN_POINT('',(1.210652874791E-1,3.951973435969E-2,
2.735049097291E-2));
#298=CARTESIAN_POINT('',(1.210028457495E-1,4.025692680810E-2,
2.603304494182E-2));
#299=CARTESIAN_POINT('',(1.209716134770E-1,4.060928215138E-2,
2.536685825888E-2));
#301=CARTESIAN_POINT('',(1.256591134770E-1,0.E0,0.E0));
#302=DIRECTION('',(1.E0,0.E0,0.E0));
#303=DIRECTION('',(0.E0,-9.743356392916E-1,2.251001155180E-1));
#304=AXIS2_PLACEMENT_3D('',#301,#302,#303);
#306=DIRECTION('',(5.E-1,-7.345013946325E-1,-4.588111826044E-1));
#307=VECTOR('',#306,6.250000076057E-3);
#308=CARTESIAN_POINT('',(1.209716134770E-1,4.060928215138E-2,
2.536685825888E-2));
#309=LINE('',#308,#307);
#310=CARTESIAN_POINT('',(1.847045567385E-1,-4.232276444365E-2,
-3.513490626084E-3));
#311=CARTESIAN_POINT('',(1.846385350139E-1,-4.238106403678E-2,
-2.811226066528E-3));
#312=CARTESIAN_POINT('',(1.845064915646E-1,-4.246269782345E-2,
-1.403794323550E-3));
#313=CARTESIAN_POINT('',(1.843084263906E-1,-4.247994896451E-2,
7.108311988990E-4));
#314=CARTESIAN_POINT('',(1.841103612167E-1,-4.239195782064E-2,
2.823695649134E-3));
#315=CARTESIAN_POINT('',(1.839122960428E-1,-4.219894238805E-2,
4.929564517179E-3));
#316=CARTESIAN_POINT('',(1.837142308688E-1,-4.190138085386E-2,
7.023220595580E-3));
#317=CARTESIAN_POINT('',(1.835161656949E-1,-4.150001041435E-2,
9.099476941258E-3));
#318=CARTESIAN_POINT('',(1.833181005210E-1,-4.099582544785E-2,
1.115318971617E-2));
#319=CARTESIAN_POINT('',(1.831200353470E-1,-4.039007505136E-2,
1.317927093359E-2));
#320=CARTESIAN_POINT('',(1.829219701731E-1,-3.968425994597E-2,
1.517270106263E-2));
#321=CARTESIAN_POINT('',(1.827239049992E-1,-3.888012875886E-2,
1.712854146417E-2));
#322=CARTESIAN_POINT('',(1.825258398252E-1,-3.797967369116E-2,
1.904194662603E-2));
#323=CARTESIAN_POINT('',(1.823277746513E-1,-3.698512558235E-2,
2.090817616755E-2));
#324=CARTESIAN_POINT('',(1.821297094774E-1,-3.589894838346E-2,
2.272260658369E-2));
#325=CARTESIAN_POINT('',(1.819316443034E-1,-3.472383305274E-2,
2.448074269954E-2));
#326=CARTESIAN_POINT('',(1.817335791295E-1,-3.346269088889E-2,
2.617822880698E-2));
#327=CARTESIAN_POINT('',(1.815355139556E-1,-3.211864631848E-2,
2.781085945569E-2));
#328=CARTESIAN_POINT('',(1.813374487816E-1,-3.069502915529E-2,
2.937458987206E-2));
#329=CARTESIAN_POINT('',(1.811393836077E-1,-2.919536635086E-2,
3.086554597986E-2));
#330=CARTESIAN_POINT('',(1.809413184338E-1,-2.762337325659E-2,
3.228003399817E-2));
#331=CARTESIAN_POINT('',(1.807432532598E-1,-2.598294441913E-2,
3.361454959252E-2));
#332=CARTESIAN_POINT('',(1.805451880859E-1,-2.427814393178E-2,
3.486578655679E-2));
#333=CARTESIAN_POINT('',(1.803471229120E-1,-2.251319536593E-2,
3.603064500410E-2));
#334=CARTESIAN_POINT('',(1.801490577380E-1,-2.069247130726E-2,
3.710623904674E-2));
#335=CARTESIAN_POINT('',(1.799509925641E-1,-1.882048252291E-2,
3.808990394580E-2));
#336=CARTESIAN_POINT('',(1.797529273902E-1,-1.690186678621E-2,
3.897920271295E-2));
#337=CARTESIAN_POINT('',(1.795548622163E-1,-1.494137738679E-2,
3.977193214795E-2));
#338=CARTESIAN_POINT('',(1.793567970423E-1,-1.294387135452E-2,
4.046612829705E-2));
#339=CARTESIAN_POINT('',(1.791587318684E-1,-1.091429742642E-2,
4.106007131854E-2));
#340=CARTESIAN_POINT('',(1.789606666945E-1,-8.857683786380E-3,
4.155228974360E-2));
#341=CARTESIAN_POINT('',(1.787626015205E-1,-6.779125608020E-3,
4.194156412184E-2));
#342=CARTESIAN_POINT('',(1.785645363466E-1,-4.683772431640E-3,
4.222693004238E-2));
#343=CARTESIAN_POINT('',(1.783664711727E-1,-2.576815406435E-3,
4.240768052319E-2));
#344=CARTESIAN_POINT('',(1.781684059987E-1,-4.634744296464E-4,
4.248336776256E-2));
#345=CARTESIAN_POINT('',(1.779703408248E-1,1.651014785510E-3,
4.245380424854E-2));
#346=CARTESIAN_POINT('',(1.777722756509E-1,3.761413681110E-3,
4.231906322351E-2));
#347=CARTESIAN_POINT('',(1.775742104769E-1,5.862493832820E-3,
4.207947850266E-2));
#348=CARTESIAN_POINT('',(1.773761453030E-1,7.949049903105E-3,
4.173564364705E-2));
#349=CARTESIAN_POINT('',(1.771780801291E-1,1.001591253723E-2,
4.128841049305E-2));
#350=CARTESIAN_POINT('',(1.769800149551E-1,1.205796117011E-2,
4.073888704194E-2));
#351=CARTESIAN_POINT('',(1.767819497812E-1,1.407013671232E-2,
4.008843471492E-2));
#352=CARTESIAN_POINT('',(1.765838846073E-1,1.604745408373E-2,
3.933866498022E-2));
#353=CARTESIAN_POINT('',(1.763858194333E-1,1.798501456390E-2,
3.849143536077E-2));
#354=CARTESIAN_POINT('',(1.761877542594E-1,1.987801792836E-2,
3.754884483223E-2));
#355=CARTESIAN_POINT('',(1.759896890855E-1,2.172177434108E-2,
3.651322862294E-2));
#356=CARTESIAN_POINT('',(1.757916239115E-1,2.351171597321E-2,
3.538715242840E-2));
#357=CARTESIAN_POINT('',(1.755935587376E-1,2.524340831981E-2,
3.417340605493E-2));
#358=CARTESIAN_POINT('',(1.753954935637E-1,2.691256118605E-2,
3.287499650802E-2));
#359=CARTESIAN_POINT('',(1.751974283897E-1,2.851503931605E-2,
3.149514054262E-2));
#360=CARTESIAN_POINT('',(1.749993632158E-1,3.004687263777E-2,
3.003725669374E-2));
#361=CARTESIAN_POINT('',(1.748012980419E-1,3.150426609870E-2,
2.850495680716E-2));
#362=CARTESIAN_POINT('',(1.746032328679E-1,3.288360906796E-2,
2.690203709129E-2));
#363=CARTESIAN_POINT('',(1.744051676940E-1,3.418148428147E-2,
2.523246871218E-2));
#364=CARTESIAN_POINT('',(1.742071025201E-1,3.539467630808E-2,
2.350038795513E-2));
#365=CARTESIAN_POINT('',(1.740090373461E-1,3.652017951567E-2,
2.171008597723E-2));
#366=CARTESIAN_POINT('',(1.738109721722E-1,3.755520551747E-2,
1.986599817618E-2));
#367=CARTESIAN_POINT('',(1.736129069983E-1,3.849719008018E-2,
1.797269320181E-2));
#368=CARTESIAN_POINT('',(1.734148418243E-1,3.934379947673E-2,
1.603486163739E-2));
#369=CARTESIAN_POINT('',(1.732167766504E-1,4.009293626803E-2,
1.405730437898E-2));
#370=CARTESIAN_POINT('',(1.730187114765E-1,4.074274449924E-2,
1.204492074135E-2));
#371=CARTESIAN_POINT('',(1.728206463025E-1,4.129161429785E-2,
1.000269632015E-2));
#372=CARTESIAN_POINT('',(1.726225811286E-1,4.173818586207E-2,
7.935690640329E-3));
#373=CARTESIAN_POINT('',(1.724245159547E-1,4.208135282966E-2,
5.849024621359E-3));
#374=CARTESIAN_POINT('',(1.722264507807E-1,4.232026501892E-2,
3.747867890368E-3));
#375=CARTESIAN_POINT('',(1.720283856068E-1,4.245433053498E-2,
1.637425974613E-3));
#376=CARTESIAN_POINT('',(1.718303204329E-1,4.248321723616E-2,
-4.770725949925E-4));
#377=CARTESIAN_POINT('',(1.716322552589E-1,4.240685355688E-2,
-2.590389237348E-3));
#378=CARTESIAN_POINT('',(1.714341900850E-1,4.222542868494E-2,
-4.697288299526E-3));
#379=CARTESIAN_POINT('',(1.712361249111E-1,4.193939209281E-2,
-6.792550027887E-3));
#380=CARTESIAN_POINT('',(1.710380597371E-1,4.154945242409E-2,
-8.870983499792E-3));
#381=CARTESIAN_POINT('',(1.708399945632E-1,4.105657573789E-2,
-1.092743948390E-2));
#382=CARTESIAN_POINT('',(1.706419293893E-1,4.046198311543E-2,
-1.295682319717E-2));
#383=CARTESIAN_POINT('',(1.704438642153E-1,3.976714763486E-2,
-1.495410692696E-2));
#384=CARTESIAN_POINT('',(1.702457990414E-1,3.897379072181E-2,
-1.691434248701E-2));
#385=CARTESIAN_POINT('',(1.700477338675E-1,3.808387788461E-2,
-1.883267347632E-2));
#386=CARTESIAN_POINT('',(1.698496686935E-1,3.709961384480E-2,
-2.070434731071E-2));
#387=CARTESIAN_POINT('',(1.696516035196E-1,3.602343707507E-2,
-2.252472699711E-2));
#388=CARTESIAN_POINT('',(1.694535383457E-1,3.485801375801E-2,
-2.428930262156E-2));
#389=CARTESIAN_POINT('',(1.692554731717E-1,3.360623118079E-2,
-2.599370252233E-2));
#390=CARTESIAN_POINT('',(1.690574079978E-1,3.227119058198E-2,
-2.763370412046E-2));
#391=CARTESIAN_POINT('',(1.688593428239E-1,3.085619946841E-2,
-2.920524438113E-2));
#392=CARTESIAN_POINT('',(1.686612776499E-1,2.936476342094E-2,
-3.070442987955E-2));
#393=CARTESIAN_POINT('',(1.684632124760E-1,2.780057740952E-2,
-3.212754644683E-2));
#394=CARTESIAN_POINT('',(1.682651473021E-1,2.616751663909E-2,
-3.347106837163E-2));
#395=CARTESIAN_POINT('',(1.680670821281E-1,2.446962694888E-2,
-3.473166713502E-2));
#396=CARTESIAN_POINT('',(1.678690169542E-1,2.271111478906E-2,
-3.590621965668E-2));
#397=CARTESIAN_POINT('',(1.676709517803E-1,2.089633679940E-2,
-3.699181603222E-2));
#398=CARTESIAN_POINT('',(1.674728866063E-1,1.902978901588E-2,
-3.798576674238E-2));
#399=CARTESIAN_POINT('',(1.672748214324E-1,1.711609573200E-2,
-3.888560931616E-2));
#400=CARTESIAN_POINT('',(1.670767562585E-1,1.515999804221E-2,
-3.968911443149E-2));
#401=CARTESIAN_POINT('',(1.668786910845E-1,1.316634209611E-2,
-4.039429143832E-2));
#402=CARTESIAN_POINT('',(1.666806259106E-1,1.114006709230E-2,
-4.099939329032E-2));
#403=CARTESIAN_POINT('',(1.664825607367E-1,9.086193041712E-3,
-4.150292087317E-2));
#404=CARTESIAN_POINT('',(1.662844955627E-1,7.009808330755E-3,
-4.190362671848E-2));
#405=CARTESIAN_POINT('',(1.660864303888E-1,4.916057115051E-3,
-4.220051809442E-2));
#406=CARTESIAN_POINT('',(1.658883652149E-1,2.810126575008E-3,
-4.239285946510E-2));
#407=CARTESIAN_POINT('',(1.656903000410E-1,6.972340647934E-4,
-4.248017431290E-2));
#408=CARTESIAN_POINT('',(1.654922348670E-1,-1.417385813435E-3,
-4.246224631895E-2));
#409=CARTESIAN_POINT('',(1.652941696931E-1,-3.528494178039E-3,
-4.233911989911E-2));
#410=CARTESIAN_POINT('',(1.650961045192E-1,-5.630860847008E-3,
-4.211110009389E-2));
#411=CARTESIAN_POINT('',(1.648980393452E-1,-7.719277295512E-3,
-4.177875181274E-2));
#412=CARTESIAN_POINT('',(1.646999741713E-1,-9.788569559808E-3,
-4.134289843454E-2));
#413=CARTESIAN_POINT('',(1.645019089974E-1,-1.183361105551E-2,
-4.080461976765E-2));
#414=CARTESIAN_POINT('',(1.643038438234E-1,-1.384933527849E-2,
-4.016524937480E-2));
#415=CARTESIAN_POINT('',(1.641057786495E-1,-1.583074835693E-2,
-3.942637126918E-2));
#416=CARTESIAN_POINT('',(1.639077134756E-1,-1.777294142342E-2,
-3.858981599017E-2));
#417=CARTESIAN_POINT('',(1.637096483016E-1,-1.967110277648E-2,
-3.765765606822E-2));
#418=CARTESIAN_POINT('',(1.635115831277E-1,-2.152052980136E-2,
-3.663220089026E-2));
#419=CARTESIAN_POINT('',(1.633135179538E-1,-2.331664062053E-2,
-3.551599097827E-2));
#420=CARTESIAN_POINT('',(1.631154527798E-1,-2.505498544513E-2,
-3.431179169528E-2));
#421=CARTESIAN_POINT('',(1.629173876059E-1,-2.673125759910E-2,
-3.302258639426E-2));
#422=CARTESIAN_POINT('',(1.627193224320E-1,-2.834130418883E-2,
-3.165156902702E-2));
#423=CARTESIAN_POINT('',(1.625212572580E-1,-2.988113639173E-2,
-3.020213623131E-2));
#424=CARTESIAN_POINT('',(1.623231920841E-1,-3.134693933841E-2,
-2.867787891581E-2));
#425=CARTESIAN_POINT('',(1.621251269102E-1,-3.273508156384E-2,
-2.708257336378E-2));
#426=CARTESIAN_POINT('',(1.619270617362E-1,-3.404212400415E-2,
-2.542017187750E-2));
#427=CARTESIAN_POINT('',(1.617289965623E-1,-3.526482851678E-2,
-2.369479298660E-2));
#428=CARTESIAN_POINT('',(1.615309313884E-1,-3.640016590282E-2,
-2.191071124457E-2));
#429=CARTESIAN_POINT('',(1.613328662144E-1,-3.744532341173E-2,
-2.007234663875E-2));
#430=CARTESIAN_POINT('',(1.611348010405E-1,-3.839771170984E-2,
-1.818425363999E-2));
#431=CARTESIAN_POINT('',(1.609367358666E-1,-3.925497129527E-2,
-1.625110991911E-2));
#432=CARTESIAN_POINT('',(1.607386706926E-1,-4.001497834352E-2,
-1.427770475824E-2));
#433=CARTESIAN_POINT('',(1.605406055187E-1,-4.067584996915E-2,
-1.226892718548E-2));
#434=CARTESIAN_POINT('',(1.603425403448E-1,-4.123594889057E-2,
-1.022975386264E-2));
#435=CARTESIAN_POINT('',(1.601444751708E-1,-4.169388748629E-2,
-8.165236755685E-3));
#436=CARTESIAN_POINT('',(1.599464099969E-1,-4.204853123274E-2,
-6.080490618751E-3));
#437=CARTESIAN_POINT('',(1.597483448230E-1,-4.229900151499E-2,
-3.980680322540E-3));
#438=CARTESIAN_POINT('',(1.595502796490E-1,-4.244467780347E-2,
-1.871008058576E-3));
#439=CARTESIAN_POINT('',(1.593522144751E-1,-4.248519919131E-2,
2.432995490081E-4));
#440=CARTESIAN_POINT('',(1.591541493012E-1,-4.242046528848E-2,
2.357004392213E-3));
#441=CARTESIAN_POINT('',(1.589560841272E-1,-4.225063647049E-2,
4.464869856359E-3));
#442=CARTESIAN_POINT('',(1.587580189533E-1,-4.197613348109E-2,
6.561673793587E-3));
#443=CARTESIAN_POINT('',(1.585599537794E-1,-4.159763638986E-2,
8.642221460500E-3));
#444=CARTESIAN_POINT('',(1.583618886054E-1,-4.111608290741E-2,
1.070135838793E-2));
#445=CARTESIAN_POINT('',(1.581638234315E-1,-4.053266606218E-2,
1.273398315090E-2));
#446=CARTESIAN_POINT('',(1.579657582576E-1,-3.984883124483E-2,
1.473506000723E-2));
#447=CARTESIAN_POINT('',(1.577676930836E-1,-3.906627262730E-2,
1.669963137333E-2));
#448=CARTESIAN_POINT('',(1.575696279097E-1,-3.818692896559E-2,
1.862283010642E-2));
#449=CARTESIAN_POINT('',(1.573715627358E-1,-3.721297879656E-2,
2.049989156269E-2));
#450=CARTESIAN_POINT('',(1.571734975618E-1,-3.614683504072E-2,
2.232616540148E-2));
#451=CARTESIAN_POINT('',(1.569754323879E-1,-3.499113902430E-2,
2.409712710632E-2));
#452=CARTESIAN_POINT('',(1.567773672140E-1,-3.374875393547E-2,
2.580838919419E-2));
#453=CARTESIAN_POINT('',(1.565793020400E-1,-3.242275773093E-2,
2.745571208541E-2));
#454=CARTESIAN_POINT('',(1.563812368661E-1,-3.101643551041E-2,
2.903501460692E-2));
#455=CARTESIAN_POINT('',(1.561831716922E-1,-2.953327137795E-2,
3.054238410327E-2));
#456=CARTESIAN_POINT('',(1.559851065182E-1,-2.797693981018E-2,
3.197408613007E-2));
#457=CARTESIAN_POINT('',(1.557870413443E-1,-2.635129655299E-2,
3.332657370586E-2));
#458=CARTESIAN_POINT('',(1.555889761704E-1,-2.466036906902E-2,
3.459649609968E-2));
#459=CARTESIAN_POINT('',(1.553909109964E-1,-2.290834655987E-2,
3.578070713231E-2));
#460=CARTESIAN_POINT('',(1.551928458225E-1,-2.109956958748E-2,
3.687627297082E-2));
#461=CARTESIAN_POINT('',(1.549947806486E-1,-1.923851932057E-2,
3.788047939701E-2));
#462=CARTESIAN_POINT('',(1.547967154746E-1,-1.732980643276E-2,
3.879083853178E-2));
#463=CARTESIAN_POINT('',(1.545986503007E-1,-1.537815967979E-2,
3.960509499873E-2));
#464=CARTESIAN_POINT('',(1.544005851268E-1,-1.338841418424E-2,
4.032123151178E-2));
#465=CARTESIAN_POINT('',(1.542025199528E-1,-1.136549945675E-2,
4.093747387290E-2));
#466=CARTESIAN_POINT('',(1.540044547789E-1,-9.314427183287E-3,
4.145229536760E-2));
#467=CARTESIAN_POINT('',(1.538063896050E-1,-7.240278808992E-3,
4.186442054733E-2));
#468=CARTESIAN_POINT('',(1.536083244310E-1,-5.148192949052E-3,
4.217282838932E-2));
#469=CARTESIAN_POINT('',(1.534102592571E-1,-3.043352658026E-3,
4.237675482614E-2));
#470=CARTESIAN_POINT('',(1.532121940832E-1,-9.309725890365E-4,
4.247569463863E-2));
#471=CARTESIAN_POINT('',(1.530141289092E-1,1.183713925311E-3,
4.246940270758E-2));
#472=CARTESIAN_POINT('',(1.528160637353E-1,3.295467838290E-3,
4.235789462098E-2));
#473=CARTESIAN_POINT('',(1.526179985614E-1,5.399057368571E-3,
4.214144663543E-2));
#474=CARTESIAN_POINT('',(1.524199333874E-1,7.489270961738E-3,
4.182059499167E-2));
#475=CARTESIAN_POINT('',(1.522218682135E-1,9.560930201695E-3,
4.139613458614E-2));
#476=CARTESIAN_POINT('',(1.520238030396E-1,1.160890263997E-2,
4.086911700161E-2));
#477=CARTESIAN_POINT('',(1.518257378656E-1,1.362811451116E-2,
4.024084790193E-2));
#478=CARTESIAN_POINT('',(1.516276726917E-1,1.561356330294E-2,
3.951288379732E-2));
#479=CARTESIAN_POINT('',(1.514296075178E-1,1.756033014959E-2,
3.868702818818E-2));
#480=CARTESIAN_POINT('',(1.512315423438E-1,1.946359201828E-2,
3.776532709698E-2));
#481=CARTESIAN_POINT('',(1.510334771699E-1,2.131863365795E-2,
3.675006399932E-2));
#482=CARTESIAN_POINT('',(1.508354119960E-1,2.312085928109E-2,
3.564375416675E-2));
#483=CARTESIAN_POINT('',(1.506373468220E-1,2.486580394968E-2,
3.444913843526E-2));
#484=CARTESIAN_POINT('',(1.504392816481E-1,2.654914463683E-2,
3.316917641498E-2));
#485=CARTESIAN_POINT('',(1.502412164742E-1,2.816671093692E-2,
3.180703915789E-2));
#486=CARTESIAN_POINT('',(1.500431513002E-1,2.971449539761E-2,
3.036610130163E-2));
#487=CARTESIAN_POINT('',(1.498450861263E-1,3.118866344813E-2,
2.884993270902E-2));
#488=CARTESIAN_POINT('',(1.496470209524E-1,3.258556289924E-2,
2.726228962387E-2));
#489=CARTESIAN_POINT('',(1.494489557785E-1,3.390173299142E-2,
2.560710536500E-2));
#490=CARTESIAN_POINT('',(1.492508906045E-1,3.513391296874E-2,
2.388848058167E-2));
#491=CARTESIAN_POINT('',(1.490528254306E-1,3.627905015721E-2,
2.211067309437E-2));
#492=CARTESIAN_POINT('',(1.488547602567E-1,3.733430752773E-2,
2.027808734621E-2));
#493=CARTESIAN_POINT('',(1.486566950827E-1,3.829707072461E-2,
1.839526349118E-2));
#494=CARTESIAN_POINT('',(1.484586299088E-1,3.916495454261E-2,
1.646686614602E-2));
#495=CARTESIAN_POINT('',(1.482605647349E-1,3.993580883614E-2,
1.449767283390E-2));
#496=CARTESIAN_POINT('',(1.480624995609E-1,4.060772384618E-2,
1.249256214826E-2));
#497=CARTESIAN_POINT('',(1.478644343870E-1,4.117903493159E-2,
1.045650166634E-2));
#498=CARTESIAN_POINT('',(1.476663692131E-1,4.164832669325E-2,
8.394535642180E-3));
#499=CARTESIAN_POINT('',(1.474683040391E-1,4.201443648059E-2,
6.311772509711E-3));
#500=CARTESIAN_POINT('',(1.472702388652E-1,4.227645727203E-2,
4.213372226826E-3));
#501=CARTESIAN_POINT('',(1.470721736913E-1,4.243373992211E-2,
2.104533491801E-3));
#502=CARTESIAN_POINT('',(1.468741085173E-1,4.248589476970E-2,
-9.519136264972E-6));
#503=CARTESIAN_POINT('',(1.466760433434E-1,4.243279260334E-2,
-2.123548181072E-3));
#504=CARTESIAN_POINT('',(1.464779781695E-1,4.227456498143E-2,
-4.232316224747E-3));
#505=CARTESIAN_POINT('',(1.462799129955E-1,4.201160390623E-2,
-6.330598883324E-3));
#506=CARTESIAN_POINT('',(1.460818478216E-1,4.164456085272E-2,
-8.413197749940E-3));
#507=CARTESIAN_POINT('',(1.458837826477E-1,4.117434515460E-2,
-1.047495327366E-2));
#508=CARTESIAN_POINT('',(1.456857174737E-1,4.060212175145E-2,
-1.251075754206E-2));
#509=CARTESIAN_POINT('',(1.454876522998E-1,3.992930830263E-2,
-1.451556693586E-2));
#510=CARTESIAN_POINT('',(1.452895871259E-1,3.915757167511E-2,
-1.648441462425E-2));
#511=CARTESIAN_POINT('',(1.450915219519E-1,3.828882381387E-2,
-1.841242287007E-2));
#512=CARTESIAN_POINT('',(1.448934567780E-1,3.732521700511E-2,
-2.029481511413E-2));
#513=CARTESIAN_POINT('',(1.446953916041E-1,3.626913854412E-2,
-2.212692780897E-2));
#514=CARTESIAN_POINT('',(1.444973264301E-1,3.512320482076E-2,
-2.390422197258E-2));
#515=CARTESIAN_POINT('',(1.442992612562E-1,3.389025483755E-2,
-2.562229443359E-2));
#516=CARTESIAN_POINT('',(1.441011960823E-1,3.257334317612E-2,
-2.727688873986E-2));
#517=CARTESIAN_POINT('',(1.439031309083E-1,3.117573242960E-2,
-2.886390570372E-2));
#518=CARTESIAN_POINT('',(1.437050657344E-1,2.970088511974E-2,
-3.037941355753E-2));
#519=CARTESIAN_POINT('',(1.435070005605E-1,2.815245511859E-2,
-3.181965769444E-2));
#520=CARTESIAN_POINT('',(1.433089353865E-1,2.653427859623E-2,
-3.318106997029E-2));
#521=CARTESIAN_POINT('',(1.431108702126E-1,2.485036451680E-2,
-3.446027754354E-2));
#522=CARTESIAN_POINT('',(1.429128050387E-1,2.310488470648E-2,
-3.565411123133E-2));
#523=CARTESIAN_POINT('',(1.427147398647E-1,2.130216351793E-2,
-3.675961336101E-2));
#524=CARTESIAN_POINT('',(1.425166746908E-1,1.944666711694E-2,
-3.777404509764E-2));
#525=CARTESIAN_POINT('',(1.423186095169E-1,1.754299241766E-2,
-3.869489322934E-2));
#526=CARTESIAN_POINT('',(1.421205443429E-1,1.559585569392E-2,
-3.951987639366E-2));
#527=CARTESIAN_POINT('',(1.419224791690E-1,1.361008089490E-2,
-4.024695072959E-2));
#528=CARTESIAN_POINT('',(1.417244139951E-1,1.159058769400E-2,
-4.087431494109E-2));
#529=CARTESIAN_POINT('',(1.415263488211E-1,9.542379300516E-3,
-4.140041475977E-2));
#530=CARTESIAN_POINT('',(1.413282836472E-1,7.470530064429E-3,
-4.182394679549E-2));
#531=CARTESIAN_POINT('',(1.411302184733E-1,5.380172904916E-3,
-4.214386176549E-2));
#532=CARTESIAN_POINT('',(1.409321532993E-1,3.276486593751E-3,
-4.235936709391E-2));
#533=CARTESIAN_POINT('',(1.407340881254E-1,1.164682925121E-3,
-4.246992887538E-2));
#534=CARTESIAN_POINT('',(1.405360229515E-1,-9.500061963760E-4,
-4.247527319774E-2));
#535=CARTESIAN_POINT('',(1.403379577775E-1,-3.062341717554E-3,
-4.237538682066E-2));
#536=CARTESIAN_POINT('',(1.401398926036E-1,-5.167090416175E-3,
-4.217051720843E-2));
#537=CARTESIAN_POINT('',(1.399418274297E-1,-7.259037866031E-3,
-4.186117191689E-2));
#538=CARTESIAN_POINT('',(1.397437622557E-1,-9.333001355469E-3,
-4.144811733595E-2));
#539=CARTESIAN_POINT('',(1.395456970818E-1,-1.138384272734E-2,
-4.093237679093E-2));
#540=CARTESIAN_POINT('',(1.393476319079E-1,-1.340648110857E-2,
-4.031522800731E-2));
#541=CARTESIAN_POINT('',(1.391495667339E-1,-1.539590549781E-2,
-3.959819994518E-2));
#542=CARTESIAN_POINT('',(1.389515015600E-1,-1.734718717995E-2,
-3.878306901135E-2));
#543=CARTESIAN_POINT('',(1.387534363861E-1,-1.925549193687E-2,
-3.787185465837E-2));
#544=CARTESIAN_POINT('',(1.385553712121E-1,-2.111609202394E-2,
-3.686681438139E-2));
#545=CARTESIAN_POINT('',(1.383573060382E-1,-2.292437788286E-2,
-3.577043812535E-2));
#546=CARTESIAN_POINT('',(1.381592408643E-1,-2.467586956160E-2,
-3.458544211622E-2));
#547=CARTESIAN_POINT('',(1.379611756903E-1,-2.636622781335E-2,
-3.331476213168E-2));
#548=CARTESIAN_POINT('',(1.377631105164E-1,-2.799126484676E-2,
-3.196154622784E-2));
#549=CARTESIAN_POINT('',(1.375650453425E-1,-2.954695470106E-2,
-3.052914694008E-2));
#550=CARTESIAN_POINT('',(1.373669801685E-1,-3.102944322020E-2,
-2.902111297728E-2));
#551=CARTESIAN_POINT('',(1.371689149946E-1,-3.243505760135E-2,
-2.744118043002E-2));
#552=CARTESIAN_POINT('',(1.369708498207E-1,-3.376031549410E-2,
-2.579326351462E-2));
#553=CARTESIAN_POINT('',(1.367727846467E-1,-3.500193362787E-2,
-2.408144487579E-2));
#554=CARTESIAN_POINT('',(1.365747194728E-1,-3.615683594606E-2,
-2.230996547207E-2));
#555=CARTESIAN_POINT('',(1.363766542989E-1,-3.722216122685E-2,
-2.048321406904E-2));
#556=CARTESIAN_POINT('',(1.361785891249E-1,-3.819527017174E-2,
-1.860571636631E-2));
#557=CARTESIAN_POINT('',(1.359805239510E-1,-3.907375194432E-2,
-1.668212378534E-2));
#558=CARTESIAN_POINT('',(1.357824587771E-1,-3.985543014303E-2,
-1.471720194567E-2));
#559=CARTESIAN_POINT('',(1.355843936031E-1,-4.053836819307E-2,
-1.271581885836E-2));
#560=CARTESIAN_POINT('',(1.353863284292E-1,-4.112087414420E-2,
-1.068293286567E-2));
#561=CARTESIAN_POINT('',(1.351882632553E-1,-4.160150486247E-2,
-8.623580356987E-3));
#562=CARTESIAN_POINT('',(1.349901980813E-1,-4.197906960553E-2,
-6.542863291369E-3));
#563=CARTESIAN_POINT('',(1.347921329074E-1,-4.225263297264E-2,
-4.445936557662E-3));
#564=CARTESIAN_POINT('',(1.345940677335E-1,-4.242151722209E-2,
-2.337995203486E-3));
#565=CARTESIAN_POINT('',(1.343960025595E-1,-4.248530395026E-2,
-2.242615647149E-4));
#566=CARTESIAN_POINT('',(1.341979373856E-1,-4.244383512823E-2,
1.890027672631E-3));
#567=CARTESIAN_POINT('',(1.339998722117E-1,-4.229721349325E-2,
3.999634446065E-3));
#568=CARTESIAN_POINT('',(1.338018070377E-1,-4.204580229424E-2,
6.099332293702E-3));
#569=CARTESIAN_POINT('',(1.336037418638E-1,-4.169022439186E-2,
8.183919302609E-3));
#570=CARTESIAN_POINT('',(1.334056766899E-1,-4.123136071538E-2,
1.024823099631E-2));
#571=CARTESIAN_POINT('',(1.332076115160E-1,-4.067034808021E-2,
1.228715312958E-2));
#572=CARTESIAN_POINT('',(1.330095463420E-1,-4.000857637153E-2,
1.429563435876E-2));
#573=CARTESIAN_POINT('',(1.328114811681E-1,-3.924768510084E-2,
1.626869875623E-2));
#574=CARTESIAN_POINT('',(1.326134159942E-1,-3.838955934422E-2,
1.820145813809E-2));
#575=CARTESIAN_POINT('',(1.324153508202E-1,-3.743632507205E-2,
2.008912417442E-2));
#576=CARTESIAN_POINT('',(1.322172856463E-1,-3.639034388209E-2,
2.192702025217E-2));
#577=CARTESIAN_POINT('',(1.320192204724E-1,-3.525420714864E-2,
2.371059306125E-2));
#578=CARTESIAN_POINT('',(1.318211552984E-1,-3.403072960260E-2,
2.543542387518E-2));
#579=CARTESIAN_POINT('',(1.316230901245E-1,-3.272294235803E-2,
2.709723949831E-2));
#580=CARTESIAN_POINT('',(1.314250249506E-1,-3.133408540270E-2,
2.869192285246E-2));
#581=CARTESIAN_POINT('',(1.312269597766E-1,-2.986759957121E-2,
3.021552317683E-2));
#582=CARTESIAN_POINT('',(1.310288946027E-1,-2.832711802040E-2,
3.166426581580E-2));
#583=CARTESIAN_POINT('',(1.308308294288E-1,-2.671645722841E-2,
3.303456157055E-2));
#584=CARTESIAN_POINT('',(1.306327642548E-1,-2.503960753946E-2,
3.432301559108E-2));
#585=CARTESIAN_POINT('',(1.304346990809E-1,-2.330072327799E-2,
3.552643578686E-2));
#586=CARTESIAN_POINT('',(1.302366339070E-1,-2.150411245651E-2,
3.664184073506E-2));
#587=CARTESIAN_POINT('',(1.300385687330E-1,-1.965422610259E-2,
3.766646706693E-2));
#588=CARTESIAN_POINT('',(1.298405035591E-1,-1.775564723173E-2,
3.859777631390E-2));
#589=CARTESIAN_POINT('',(1.296424383852E-1,-1.581307949308E-2,
3.943346119657E-2));
#590=CARTESIAN_POINT('',(1.294443732112E-1,-1.383133551635E-2,
4.017145134084E-2));
#591=CARTESIAN_POINT('',(1.292463080373E-1,-1.181532498873E-2,
4.080991840725E-2));
#592=CARTESIAN_POINT('',(1.290482428634E-1,-9.770042491347E-3,
4.134728062053E-2));
#593=CARTESIAN_POINT('',(1.288501776894E-1,-7.700555125402E-3,
4.178220668845E-2));
#594=CARTESIAN_POINT('',(1.286521125155E-1,-5.611989958635E-3,4.21136191E-2));
#595=CARTESIAN_POINT('',(1.284540473416E-1,-3.509521323234E-3,
4.234069679490E-2));
#596=CARTESIAN_POINT('',(1.282559821676E-1,-1.398357996647E-3,
4.246287719772E-2));
#597=CARTESIAN_POINT('',(1.280579169937E-1,7.162697029505E-4,
4.247985761168E-2));
#598=CARTESIAN_POINT('',(1.278598518198E-1,2.829122874542E-3,
4.239159596850E-2));
#599=CARTESIAN_POINT('',(1.276617866458E-1,4.934967013432E-3,
4.219831093269E-2));
#600=CARTESIAN_POINT('',(1.274637214719E-1,7.028584979505E-3,
4.190048135978E-2));
#601=CARTESIAN_POINT('',(1.272656562980E-1,9.104789922476E-3,
4.149884510999E-2));
#602=CARTESIAN_POINT('',(1.270675911240E-1,1.115843813209E-2,
4.099439722021E-2));
#603=CARTESIAN_POINT('',(1.268695259501E-1,1.318444178145E-2,
4.038838743881E-2));
#604=CARTESIAN_POINT('',(1.266714607762E-1,1.517778153189E-2,
3.968231712950E-2));
#605=CARTESIAN_POINT('',(1.264733956022E-1,1.713351896817E-2,
3.887793555171E-2));
#606=CARTESIAN_POINT('',(1.262753304283E-1,1.904680883322E-2,
3.797723552691E-2));
#607=CARTESIAN_POINT('',(1.260772652544E-1,2.091291103201E-2,
3.698244850146E-2));
#608=CARTESIAN_POINT('',(1.258792000804E-1,2.272720237499E-2,
3.589603901828E-2));
#609=CARTESIAN_POINT('',(1.256811349065E-1,2.448518803182E-2,
3.472069861109E-2));
#610=CARTESIAN_POINT('',(1.254830697326E-1,2.618251266710E-2,
3.345933913622E-2));
#611=CARTESIAN_POINT('',(1.252850045586E-1,2.781497123057E-2,
3.211508555864E-2));
#612=CARTESIAN_POINT('',(1.250869393847E-1,2.937851937498E-2,
3.069126820984E-2));
#613=CARTESIAN_POINT('',(1.248888742108E-1,3.086928347548E-2,
2.919141453767E-2));
#614=CARTESIAN_POINT('',(1.246908090368E-1,3.228357022767E-2,
2.761924036501E-2));
#615=CARTESIAN_POINT('',(1.244927438629E-1,3.361787579252E-2,
2.597864069231E-2));
#616=CARTESIAN_POINT('',(1.242946786890E-1,3.486889449624E-2,
2.427368001681E-2));
#617=CARTESIAN_POINT('',(1.241626352397E-1,3.564531613059E-2,
2.309694825810E-2));
#618=CARTESIAN_POINT('',(1.240966135150E-1,3.601864837906E-2,
2.249928833271E-2));
#620=DIRECTION('',(-5.E-1,-8.630565250927E-1,-7.164799016687E-2));
#621=VECTOR('',#620,1.562500007606E-2);
#622=CARTESIAN_POINT('',(1.847045567385E-1,-4.232276444365E-2,
-3.513490626084E-3));
#623=LINE('',#622,#621);
#624=CARTESIAN_POINT('',(1.909545567385E-1,-4.232276444365E-2,
-3.513490626084E-3));
#625=CARTESIAN_POINT('',(1.908884262309E-1,-4.238116009614E-2,
-2.810068955856E-3));
#626=CARTESIAN_POINT('',(1.907561652156E-1,-4.246287065875E-2,
-1.400313416864E-3));
#627=CARTESIAN_POINT('',(1.905577736927E-1,-4.247988964906E-2,
7.178006157588E-4));
#628=CARTESIAN_POINT('',(1.903593821697E-1,-4.239131947582E-2,
2.834130445747E-3));
#629=CARTESIAN_POINT('',(1.901609906468E-1,-4.219738029334E-2,
4.943415689314E-3));
#630=CARTESIAN_POINT('',(1.899625991239E-1,-4.189855416160E-2,
7.040413443916E-3));
#631=CARTESIAN_POINT('',(1.897642076010E-1,-4.149558385103E-2,
9.119911356887E-3));
#632=CARTESIAN_POINT('',(1.895658160781E-1,-4.098947099550E-2,
1.117674057156E-2));
#633=CARTESIAN_POINT('',(1.893674245552E-1,-4.038147360281E-2,
1.320578857776E-2));
#634=CARTESIAN_POINT('',(1.891690330322E-1,-3.967310292771E-2,
1.520201191888E-2));
#635=CARTESIAN_POINT('',(1.889706415093E-1,-3.886611971552E-2,
1.716044872822E-2));
#636=CARTESIAN_POINT('',(1.887722499864E-1,-3.796252982550E-2,
1.907623106231E-2));
#637=CARTESIAN_POINT('',(1.885738584635E-1,-3.696457924513E-2,
2.094459700079E-2));
#638=CARTESIAN_POINT('',(1.883754669406E-1,-3.587474850733E-2,
2.276090248278E-2));
#639=CARTESIAN_POINT('',(1.881770754176E-1,-3.469574652485E-2,
2.452063285027E-2));
#640=CARTESIAN_POINT('',(1.879786838947E-1,-3.343050385690E-2,
2.621941406989E-2));
#641=CARTESIAN_POINT('',(1.877802923718E-1,-3.208216542484E-2,
2.785302360513E-2));
#642=CARTESIAN_POINT('',(1.875819008489E-1,-3.065408269514E-2,
2.941740091194E-2));
#643=CARTESIAN_POINT('',(1.873835093260E-1,-2.914980534884E-2,
3.090865753182E-2));
#644=CARTESIAN_POINT('',(1.871851178031E-1,-2.757307245836E-2,
3.232308675700E-2));
#645=CARTESIAN_POINT('',(1.869867262801E-1,-2.592780319361E-2,
3.365717284396E-2));
#646=CARTESIAN_POINT('',(1.867883347572E-1,-2.421808708034E-2,
3.490759975226E-2));
#647=CARTESIAN_POINT('',(1.865899432343E-1,-2.244817383515E-2,
3.607125938696E-2));
#648=CARTESIAN_POINT('',(1.863915517114E-1,-2.062246280224E-2,
3.714525932424E-2));
#649=CARTESIAN_POINT('',(1.861931601885E-1,-1.874549201831E-2,
3.812693000080E-2));
#650=CARTESIAN_POINT('',(1.859947686655E-1,-1.682192693268E-2,
3.901383134949E-2));
#651=CARTESIAN_POINT('',(1.857963771426E-1,-1.485654881073E-2,
3.980375886432E-2));
#652=CARTESIAN_POINT('',(1.855979856197E-1,-1.285424284944E-2,
4.049474908013E-2));
#653=CARTESIAN_POINT('',(1.853995940968E-1,-1.081998603464E-2,
4.108508445294E-2));
#654=CARTESIAN_POINT('',(1.852012025739E-1,-8.758834770063E-3,
4.157329762919E-2));
#655=CARTESIAN_POINT('',(1.850028110510E-1,-6.675912309004E-3,
4.195817509303E-2));
#656=CARTESIAN_POINT('',(1.848044195280E-1,-4.576396019844E-3,
4.223876018261E-2));
#657=CARTESIAN_POINT('',(1.846060280051E-1,-2.465504517024E-3,
4.241435546806E-2));
#658=CARTESIAN_POINT('',(1.844076364822E-1,-3.484846895278E-4,
4.248452448499E-2));
#659=CARTESIAN_POINT('',(1.842092449593E-1,1.769401340933E-3,
4.244909281939E-2));
#660=CARTESIAN_POINT('',(1.840108534364E-1,3.882889299589E-3,
4.230814854117E-2));
#661=CARTESIAN_POINT('',(1.838124619134E-1,5.986725843638E-3,
4.206204198524E-2));
#662=CARTESIAN_POINT('',(1.836140703905E-1,8.075681620093E-3,
4.171138488070E-2));
#663=CARTESIAN_POINT('',(1.834156788676E-1,1.014456426401E-2,
4.125704883033E-2));
#664=CARTESIAN_POINT('',(1.832172873447E-1,1.218823130475E-2,
4.070016314410E-2));
#665=CARTESIAN_POINT('',(1.830188958218E-1,1.420160294828E-2,
4.004211203214E-2));
#666=CARTESIAN_POINT('',(1.828205042989E-1,1.617967470362E-2,
3.928453116406E-2));
#667=CARTESIAN_POINT('',(1.826221127759E-1,1.811752982214E-2,
3.842930360335E-2));
#668=CARTESIAN_POINT('',(1.824237212530E-1,2.001035151876E-2,
3.747855512677E-2));
#669=CARTESIAN_POINT('',(1.822253297301E-1,2.185343494472E-2,
3.643464894042E-2));
#670=CARTESIAN_POINT('',(1.820269382072E-1,2.364219888203E-2,
3.530017980574E-2));
#671=CARTESIAN_POINT('',(1.818285466843E-1,2.537219713068E-2,
3.407796758988E-2));
#672=CARTESIAN_POINT('',(1.816301551613E-1,2.703912956027E-2,
3.277105025656E-2));
#673=CARTESIAN_POINT('',(1.814317636384E-1,2.863885279849E-2,
3.138267631483E-2));
#674=CARTESIAN_POINT('',(1.812333721155E-1,3.016739053E-2,2.991629674450E-2));
#675=CARTESIAN_POINT('',(1.810349805926E-1,3.162094338011E-2,
2.837555641827E-2));
#676=CARTESIAN_POINT('',(1.808365890697E-1,3.299589835856E-2,
2.676428504194E-2));
#677=CARTESIAN_POINT('',(1.806381975468E-1,3.428883784009E-2,
2.508648763520E-2));
#678=CARTESIAN_POINT('',(1.804398060238E-1,3.549654805936E-2,
2.334633457664E-2));
#679=CARTESIAN_POINT('',(1.802414145009E-1,3.661602709921E-2,
2.154815123775E-2));
#680=CARTESIAN_POINT('',(1.800430229780E-1,3.764449235228E-2,
1.969640723163E-2));
#681=CARTESIAN_POINT('',(1.798446314551E-1,3.857938743752E-2,
1.779570530326E-2));
#682=CARTESIAN_POINT('',(1.796462399322E-1,3.941838855445E-2,
1.585076988872E-2));
#683=CARTESIAN_POINT('',(1.794478484092E-1,4.015941025921E-2,
1.386643537205E-2));
#684=CARTESIAN_POINT('',(1.792494568863E-1,4.080061064821E-2,
1.184763406878E-2));
#685=CARTESIAN_POINT('',(1.790510653634E-1,4.134039593644E-2,
9.799383965998E-3));
#686=CARTESIAN_POINT('',(1.788526738405E-1,4.177742441899E-2,
7.726776249525E-3));
#687=CARTESIAN_POINT('',(1.786542823176E-1,4.211060980605E-2,
5.634962649131E-3));
#688=CARTESIAN_POINT('',(1.784558907947E-1,4.233912392302E-2,
3.529142633249E-3));
#689=CARTESIAN_POINT('',(1.782574992717E-1,4.246239876903E-2,
1.414550485036E-3));
#690=CARTESIAN_POINT('',(1.780591077488E-1,4.248012792879E-2,
-7.035577081018E-4));
#691=CARTESIAN_POINT('',(1.778607162259E-1,4.239226733422E-2,
-2.819917119181E-3));
#692=CARTESIAN_POINT('',(1.776623247030E-1,4.219903537399E-2,
-4.929267268040E-3));
#693=CARTESIAN_POINT('',(1.774639331801E-1,4.190091235068E-2,
-7.026365096925E-3));
#694=CARTESIAN_POINT('',(1.772655416571E-1,4.149863928695E-2,
-9.105998002785E-3));
#695=CARTESIAN_POINT('',(1.770671501342E-1,4.099321608358E-2,
-1.116299679385E-2));
#696=CARTESIAN_POINT('',(1.768687586113E-1,4.038589903417E-2,
-1.319224853832E-2));
#697=CARTESIAN_POINT('',(1.766703670884E-1,3.967819770238E-2,
-1.518870927320E-2));
#698=CARTESIAN_POINT('',(1.764719755655E-1,3.887187116977E-2,
-1.714741654172E-2));
#699=CARTESIAN_POINT('',(1.762735840426E-1,3.796892366338E-2,
-1.906350172815E-2));
#700=CARTESIAN_POINT('',(1.760751925196E-1,3.697159957393E-2,
-2.093220215934E-2));
#701=CARTESIAN_POINT('',(1.758768009967E-1,3.588237787714E-2,
-2.274887294300E-2));
#702=CARTESIAN_POINT('',(1.756784094738E-1,3.470396597191E-2,
-2.450899851311E-2));
#703=CARTESIAN_POINT('',(1.754800179509E-1,3.343929295071E-2,
-2.620820385397E-2));
#704=CARTESIAN_POINT('',(1.752816264280E-1,3.209150231901E-2,
-2.784226537485E-2));
#705=CARTESIAN_POINT('',(1.750832349050E-1,3.066394418163E-2,
-2.940712140827E-2));
#706=CARTESIAN_POINT('',(1.748848433821E-1,2.916016691566E-2,
-3.089888230577E-2));
#707=CARTESIAN_POINT('',(1.746864518592E-1,2.758390835053E-2,
-3.231384010613E-2));
#708=CARTESIAN_POINT('',(1.744880603363E-1,2.593908647714E-2,
-3.364847775199E-2));
#709=CARTESIAN_POINT('',(1.742896688134E-1,2.422978970920E-2,
-3.489947783195E-2));
#710=CARTESIAN_POINT('',(1.740912772905E-1,2.246026672097E-2,
-3.606373082638E-2));
#711=CARTESIAN_POINT('',(1.738928857675E-1,2.063491588661E-2,
-3.713834283658E-2));
#712=CARTESIAN_POINT('',(1.736944942446E-1,1.875827434751E-2,
-3.812064277787E-2));
#713=CARTESIAN_POINT('',(1.734961027217E-1,1.683500673461E-2,
-3.900818901898E-2));
#714=CARTESIAN_POINT('',(1.732977111988E-1,1.486989357387E-2,
-3.979877545097E-2));
#715=CARTESIAN_POINT('',(1.730993196759E-1,1.286781940370E-2,
-4.049043697083E-2));
#716=CARTESIAN_POINT('',(1.729009281529E-1,1.083376063376E-2,
-4.108145436599E-2));
#717=CARTESIAN_POINT('',(1.727025366300E-1,8.772773175532E-3,
-4.157035858765E-2));
#718=CARTESIAN_POINT('',(1.725041451071E-1,6.689979875144E-3,
-4.195593440224E-2));
#719=CARTESIAN_POINT('',(1.723057535842E-1,4.590557779931E-3,
-4.223722341210E-2));
#720=CARTESIAN_POINT('',(1.721073620613E-1,2.479725270206E-3,
-4.241352643767E-2));
#721=CARTESIAN_POINT('',(1.719089705384E-1,3.627290883151E-4,
-4.248440525538E-2));
#722=CARTESIAN_POINT('',(1.717105790154E-1,-1.755168702802E-3,
-4.244968368692E-2));
#723=CARTESIAN_POINT('',(1.715121874925E-1,-3.868703799146E-3,
-4.230944803716E-2));
#724=CARTESIAN_POINT('',(1.713137959696E-1,-5.972622740745E-3,
-4.206404687963E-2));
#725=CARTESIAN_POINT('',(1.711154044467E-1,-8.061695969804E-3,
-4.171409019007E-2));
#726=CARTESIAN_POINT('',(1.709170129238E-1,-1.013073082943E-2,
-4.126044783029E-2));
#727=CARTESIAN_POINT('',(1.707186214008E-1,-1.217458447065E-2,
-4.070424738601E-2));
#728=CARTESIAN_POINT('',(1.705202298779E-1,-1.418817663560E-2,
-4.004687136409E-2));
#729=CARTESIAN_POINT('',(1.703218383550E-1,-1.616650228516E-2,
-3.928995375613E-2));
#730=CARTESIAN_POINT('',(1.701234468321E-1,-1.810464403961E-2,
-3.843537597700E-2));
#731=CARTESIAN_POINT('',(1.699250553092E-1,-1.999778440143E-2,
-3.748526218834E-2));
#732=CARTESIAN_POINT('',(1.697266637863E-1,-2.184121772974E-2,
-3.644197401866E-2));
#733=CARTESIAN_POINT('',(1.695282722633E-1,-2.363036193684E-2,
-3.530810469324E-2));
#734=CARTESIAN_POINT('',(1.693298807404E-1,-2.536076987752E-2,
-3.408647258832E-2));
#735=CARTESIAN_POINT('',(1.691314892175E-1,-2.702814040303E-2,
-3.278011422569E-2));
#736=CARTESIAN_POINT('',(1.689330976946E-1,-2.862832905210E-2,
-3.139227672500E-2));
#737=CARTESIAN_POINT('',(1.687347061717E-1,-3.015735835259E-2,
-2.992640973268E-2));
#738=CARTESIAN_POINT('',(1.685363146487E-1,-3.161142770792E-2,
-2.838615684733E-2));
#739=CARTESIAN_POINT('',(1.683379231258E-1,-3.298692284401E-2,
-2.677534656318E-2));
#740=CARTESIAN_POINT('',(1.681395316029E-1,-3.428042479295E-2,
-2.509798275379E-2));
#741=CARTESIAN_POINT('',(1.679411400800E-1,-3.548871839133E-2,
-2.335823472002E-2));
#742=CARTESIAN_POINT('',(1.677427485571E-1,-3.660880027193E-2,
-2.156042682658E-2));
#743=CARTESIAN_POINT('',(1.675443570341E-1,-3.763788632895E-2,
-1.970902775340E-2));
#744=CARTESIAN_POINT('',(1.673459655112E-1,-3.857341863825E-2,
-1.780863938804E-2));
#745=CARTESIAN_POINT('',(1.671475739883E-1,-3.941307181544E-2,
-1.586398538720E-2));
#746=CARTESIAN_POINT('',(1.669491824654E-1,-4.015475879590E-2,
-1.387989943545E-2));
#747=CARTESIAN_POINT('',(1.667507909425E-1,-4.079663602240E-2,
-1.186131323044E-2));
#748=CARTESIAN_POINT('',(1.665523994196E-1,-4.133710802756E-2,
-9.813244224629E-3));
#749=CARTESIAN_POINT('',(1.663540078966E-1,-4.177483139957E-2,
-7.740783153695E-3));
#750=CARTESIAN_POINT('',(1.661556163737E-1,-4.210871812136E-2,
-5.649081382900E-3));
#751=CARTESIAN_POINT('',(1.659572248508E-1,-4.233793827508E-2,
-3.543338102710E-3));
#752=CARTESIAN_POINT('',(1.657588333279E-1,-4.246192210492E-2,
-1.428787405547E-3));
#753=CARTESIAN_POINT('',(1.655604418050E-1,-4.248036143332E-2,
6.893147242153E-4));
#754=CARTESIAN_POINT('',(1.653620502820E-1,-4.239321042699E-2,
2.805703474665E-3));
#755=CARTESIAN_POINT('',(1.651636587591E-1,-4.220068571082E-2,
4.915118292713E-3));
#756=CARTESIAN_POINT('',(1.649652672362E-1,-4.190326582945E-2,
7.012315959863E-3));
#757=CARTESIAN_POINT('',(1.647668757133E-1,-4.150169005779E-2,
9.092083624904E-3));
#758=CARTESIAN_POINT('',(1.645684841904E-1,-4.099695656341E-2,
1.114925176110E-2));
#759=CARTESIAN_POINT('',(1.643700926675E-1,-4.039031992555E-2,
1.317870701573E-2));
#760=CARTESIAN_POINT('',(1.641717011445E-1,-3.968328801663E-2,
1.517540491995E-2));
#761=CARTESIAN_POINT('',(1.639733096216E-1,-3.887761825426E-2,
1.713438242746E-2));
#762=CARTESIAN_POINT('',(1.637749180987E-1,-3.797531323301E-2,
1.905077025083E-2));
#763=CARTESIAN_POINT('',(1.635765265758E-1,-3.697861574660E-2,
2.091980496467E-2));
#764=CARTESIAN_POINT('',(1.633781350529E-1,-3.589000321328E-2,
2.273684084577E-2));
#765=CARTESIAN_POINT('',(1.631797435299E-1,-3.471218151776E-2,
2.449736142063E-2));
#766=CARTESIAN_POINT('',(1.629813520070E-1,-3.344807828550E-2,
2.619699069171E-2));
#767=CARTESIAN_POINT('',(1.627829604841E-1,-3.210083560567E-2,
2.783150401456E-2));
#768=CARTESIAN_POINT('',(1.625845689612E-1,-3.067380222108E-2,
2.939683859868E-2));
#769=CARTESIAN_POINT('',(1.623861774383E-1,-2.917052520451E-2,
3.088910360609E-2));
#770=CARTESIAN_POINT('',(1.621877859154E-1,-2.759474114193E-2,
3.230458982258E-2));
#771=CARTESIAN_POINT('',(1.619893943924E-1,-2.595036684480E-2,
3.363977887732E-2));
#772=CARTESIAN_POINT('',(1.617910028695E-1,-2.424148961435E-2,
3.489135198831E-2));
#773=CARTESIAN_POINT('',(1.615926113466E-1,-2.247235708200E-2,
3.605619821160E-2));
#774=CARTESIAN_POINT('',(1.613942198237E-1,-2.064736665139E-2,
3.713142217392E-2));
#775=CARTESIAN_POINT('',(1.611958283008E-1,-1.877105456809E-2,
3.811435126952E-2));
#776=CARTESIAN_POINT('',(1.609974367778E-1,-1.684808464412E-2,
3.900254230328E-2));
#777=CARTESIAN_POINT('',(1.607990452549E-1,-1.488323666552E-2,
3.979378756355E-2));
#778=CARTESIAN_POINT('',(1.606006537320E-1,-1.288139451152E-2,
4.048612030972E-2));
#779=CARTESIAN_POINT('',(1.604022622091E-1,-1.084753401511E-2,
4.107781966081E-2));
#780=CARTESIAN_POINT('',(1.602038706862E-1,-8.786710594915E-3,
4.156741487290E-2));
#781=CARTESIAN_POINT('',(1.600054791633E-1,-6.704046689337E-3,
4.195368899491E-2));
#782=CARTESIAN_POINT('',(1.598070876403E-1,-4.604719024080E-3,
4.223568189344E-2));
#783=CARTESIAN_POINT('',(1.596086961174E-1,-2.493945744740E-3,
4.241269263932E-2));
#784=CARTESIAN_POINT('',(1.594103045945E-1,-3.769734464376E-4,
4.248428124984E-2));
#785=CARTESIAN_POINT('',(1.592119130716E-1,1.740935867253E-3,
4.245026978243E-2));
#786=CARTESIAN_POINT('',(1.590135215487E-1,3.854517863690E-3,
4.231074277690E-2));
#787=CARTESIAN_POINT('',(1.588151300257E-1,5.958518966328E-3,
4.206604704536E-2));
#788=CARTESIAN_POINT('',(1.586167385028E-1,8.047709413148E-3,
4.171679081013E-2));
#789=CARTESIAN_POINT('',(1.584183469799E-1,1.011689625590E-2,
4.126384219195E-2));
#790=CARTESIAN_POINT('',(1.582199554570E-1,1.216093626783E-2,
4.070832705215E-2));
#791=CARTESIAN_POINT('',(1.580215639341E-1,1.417474872784E-2,
4.005162619417E-2));
#792=CARTESIAN_POINT('',(1.578231724112E-1,1.615332804922E-2,
3.929537193142E-2));
#793=CARTESIAN_POINT('',(1.576247808882E-1,1.809175622174E-2,
3.844144402995E-2));
#794=CARTESIAN_POINT('',(1.574263893653E-1,1.998521503593E-2,
3.749196503602E-2));
#795=CARTESIAN_POINT('',(1.572279978424E-1,2.182899805937E-2,
3.644929500030E-2));
#796=CARTESIAN_POINT('',(1.570296063195E-1,2.361852233514E-2,
3.531602561160E-2));
#797=CARTESIAN_POINT('',(1.568312147966E-1,2.534933977333E-2,
3.409497375496E-2));
#798=CARTESIAN_POINT('',(1.566328232736E-1,2.701714820731E-2,
3.278917450987E-2));
#799=CARTESIAN_POINT('',(1.564344317507E-1,2.861780208737E-2,
3.140187360625E-2));
#800=CARTESIAN_POINT('',(1.562360402278E-1,3.014732278494E-2,
2.993651935672E-2));
#801=CARTESIAN_POINT('',(1.560376487049E-1,3.160190848204E-2,
2.839675408541E-2));
#802=CARTESIAN_POINT('',(1.558392571820E-1,3.297794362114E-2,
2.678640507451E-2));
#803=CARTESIAN_POINT('',(1.556408656590E-1,3.427200789209E-2,
2.510947505105E-2));
#804=CARTESIAN_POINT('',(1.554424741361E-1,3.548088473376E-2,
2.337013223763E-2));
#805=CARTESIAN_POINT('',(1.552440826132E-1,3.660156932920E-2,
2.157269999176E-2));
#806=CARTESIAN_POINT('',(1.550456910903E-1,3.763127607448E-2,
1.972164605963E-2));
#807=CARTESIAN_POINT('',(1.548472995674E-1,3.856744550267E-2,
1.782157147092E-2));
#808=CARTESIAN_POINT('',(1.546489080445E-1,3.940775064575E-2,
1.587719910241E-2));
#809=CARTESIAN_POINT('',(1.544505165215E-1,4.015010281852E-2,
1.389336193860E-2));
#810=CARTESIAN_POINT('',(1.542521249986E-1,4.079265681037E-2,
1.187499105878E-2));
#811=CARTESIAN_POINT('',(1.540537334757E-1,4.133381547172E-2,
9.827103380177E-3));
#812=CARTESIAN_POINT('',(1.538553419528E-1,4.177223368397E-2,
7.754789187758E-3));
#813=CARTESIAN_POINT('',(1.536569504299E-1,4.210682170296E-2,
5.663199481702E-3));
#814=CARTESIAN_POINT('',(1.534585589069E-1,4.233674786768E-2,
3.557533173924E-3));
#815=CARTESIAN_POINT('',(1.532601673840E-1,4.246144066742E-2,
1.443024165519E-3));
#816=CARTESIAN_POINT('',(1.530617758611E-1,4.248059016239E-2,
-6.750716627599E-4));
#817=CARTESIAN_POINT('',(1.528633843382E-1,4.239414875409E-2,
-2.791489514666E-3));
#818=CARTESIAN_POINT('',(1.526649928153E-1,4.220233130363E-2,
-4.900968764772E-3));
#819=CARTESIAN_POINT('',(1.524666012924E-1,4.190561459764E-2,
-6.998266034431E-3));
#820=CARTESIAN_POINT('',(1.522682097694E-1,4.150473616319E-2,
-9.078168224854E-3));
#821=CARTESIAN_POINT('',(1.520698182465E-1,4.100069243455E-2,
-1.113550547493E-2));
#822=CARTESIAN_POINT('',(1.518714267236E-1,4.039473627644E-2,
-1.316516401158E-2));
#823=CARTESIAN_POINT('',(1.516730352007E-1,3.968837386986E-2,
-1.516209886067E-2));
#824=CARTESIAN_POINT('',(1.514746436778E-1,3.888336096832E-2,
-1.712134638696E-2));
#825=CARTESIAN_POINT('',(1.512762521548E-1,3.798169853363E-2,
-1.903803663183E-2));
#826=CARTESIAN_POINT('',(1.510778606319E-1,3.698562776233E-2,
-2.090740541821E-2));
#827=CARTESIAN_POINT('',(1.508794691090E-1,3.589762451483E-2,
-2.272480619250E-2));
#828=CARTESIAN_POINT('',(1.506810775861E-1,3.472039316144E-2,
-2.448572157420E-2));
#829=CARTESIAN_POINT('',(1.504826860632E-1,3.345685986023E-2,
-2.618577458445E-2));
#830=CARTESIAN_POINT('',(1.502842945403E-1,3.211016528372E-2,
-2.782073952552E-2));
#831=CARTESIAN_POINT('',(1.500859030173E-1,3.068365681236E-2,
-2.938655248436E-2));
#832=CARTESIAN_POINT('',(1.498875114944E-1,2.918088021417E-2,
-3.087932143395E-2));
#833=CARTESIAN_POINT('',(1.496891199715E-1,2.760557083128E-2,
-3.229533590744E-2));
#834=CARTESIAN_POINT('',(1.494907284486E-1,2.596164429528E-2,
-3.363107622096E-2));
#835=CARTESIAN_POINT('',(1.492923369257E-1,2.425318679441E-2,
-3.488322222230E-2));
#836=CARTESIAN_POINT('',(1.490939454027E-1,2.248444491682E-2,
-3.604866154349E-2));
#837=CARTESIAN_POINT('',(1.488955538798E-1,2.065981509513E-2,
-3.712449733706E-2));
#838=CARTESIAN_POINT('',(1.486971623569E-1,1.878383267855E-2,
-3.810805547649E-2));
#839=CARTESIAN_POINT('',(1.484987708340E-1,1.686116065969E-2,
-3.899689120305E-2));
#840=CARTESIAN_POINT('',(1.483003793111E-1,1.489657808410E-2,
-3.978879520266E-2));
#841=CARTESIAN_POINT('',(1.481019877882E-1,1.289496817132E-2,
-4.048179909732E-2));
#842=CARTESIAN_POINT('',(1.479035962652E-1,1.086130617707E-2,
-4.107418033781E-2));
#843=CARTESIAN_POINT('',(1.477052047423E-1,8.800647026581E-3,
-4.156446648531E-2));
#844=CARTESIAN_POINT('',(1.475068132194E-1,6.718112749937E-3,
-4.195143887132E-2));
#845=CARTESIAN_POINT('',(1.473084216965E-1,4.618879750633E-3,
-4.223413562681E-2));
#846=CARTESIAN_POINT('',(1.471100301736E-1,2.508165938961E-3,
-4.241185407309E-2));
#847=CARTESIAN_POINT('',(1.469116386506E-1,3.912177622287E-4,
-4.248415246839E-2));
#848=CARTESIAN_POINT('',(1.467132471277E-1,-1.726702835949E-3,
-4.245085110585E-2));
#849=CARTESIAN_POINT('',(1.465148556048E-1,-3.840331494881E-3,
-4.231203276025E-2));
#850=CARTESIAN_POINT('',(1.463164640819E-1,-5.944414522034E-3,
-4.206804248221E-2));
#851=CARTESIAN_POINT('',(1.461180725590E-1,-8.033721951759E-3,
-4.171948674057E-2));
#852=CARTESIAN_POINT('',(1.459196810361E-1,-1.010306054503E-2,
-4.126723191490E-2));
#853=CARTESIAN_POINT('',(1.457212895131E-1,-1.214728669789E-2,
-4.071240214202E-2));
#854=CARTESIAN_POINT('',(1.455228979902E-1,-1.416131922657E-2,
-4.005637652182E-2));
#855=CARTESIAN_POINT('',(1.453245064673E-1,-1.614015199736E-2,
-3.930078568931E-2));
#856=CARTESIAN_POINT('',(1.451261149444E-1,-1.807886637004E-2,
-3.844750776148E-2));
#857=CARTESIAN_POINT('',(1.449277234215E-1,-1.997264342374E-2,
-3.749866366903E-2));
#858=CARTESIAN_POINT('',(1.447293318985E-1,-2.181677593504E-2,
-3.645661188447E-2));
#859=CARTESIAN_POINT('',(1.445309403756E-1,-2.360668007832E-2,
-3.532394255990E-2));
#860=CARTESIAN_POINT('',(1.443325488527E-1,-2.533790681943E-2,
-3.410347108880E-2));
#861=CARTESIAN_POINT('',(1.441341573298E-1,-2.700615297441E-2,
-3.279823110805E-2));
#862=CARTESIAN_POINT('',(1.439357658069E-1,-2.860727190551E-2,
-3.141146695745E-2));
#863=CARTESIAN_POINT('',(1.437373742839E-1,-3.013728382824E-2,
-2.994662561544E-2));
#864=CARTESIAN_POINT('',(1.435389827610E-1,-3.159238570358E-2,
-2.840734813126E-2));
#865=CARTESIAN_POINT('',(1.433405912381E-1,-3.296896069100E-2,
-2.679746057465E-2));
#866=CARTESIAN_POINT('',(1.431421997152E-1,-3.426358713849E-2,
-2.512096452562E-2));
#867=CARTESIAN_POINT('',(1.429438081923E-1,-3.547304708756E-2,
-2.338202712809E-2));
#868=CARTESIAN_POINT('',(1.427454166694E-1,-3.659433427185E-2,
-2.158497073185E-2));
#869=CARTESIAN_POINT('',(1.425470251464E-1,-3.762466158964E-2,
-1.973426214886E-2));
#870=CARTESIAN_POINT('',(1.423486336235E-1,-3.856146803149E-2,
-1.783450155040E-2));
#871=CARTESIAN_POINT('',(1.421502421006E-1,-3.940242504598E-2,
-1.589041103278E-2));
#872=CARTESIAN_POINT('',(1.419518505777E-1,-4.014544232763E-2,
-1.390682287993E-2));
#873=CARTESIAN_POINT('',(1.417534590548E-1,-4.078867301259E-2,
-1.188866755220E-2));
#874=CARTESIAN_POINT('',(1.415550675318E-1,-4.133051826929E-2,
-9.840961431019E-3));
#875=CARTESIAN_POINT('',(1.413566760089E-1,-4.176963127250E-2,
-7.768794350077E-3));
#876=CARTESIAN_POINT('',(1.411582844860E-1,-4.210492055109E-2,
-5.677316943888E-3));
#877=CARTESIAN_POINT('',(1.409598929631E-1,-4.233555270094E-2,
-3.571727845230E-3));
#878=CARTESIAN_POINT('',(1.407615014402E-1,-4.246095445657E-2,
-1.457260763287E-3));
#879=CARTESIAN_POINT('',(1.405631099173E-1,-4.248081411596E-2,
6.608285254025E-4));
#880=CARTESIAN_POINT('',(1.403647183943E-1,-4.239508231542E-2,
2.777275240846E-3));
#881=CARTESIAN_POINT('',(1.401663268714E-1,-4.220397215223E-2,
4.886818685873E-3));
#882=CARTESIAN_POINT('',(1.399679353485E-1,-4.190795865497E-2,
6.984215322272E-3));
#883=CARTESIAN_POINT('',(1.397695438256E-1,-4.150777760280E-2,
9.064251804264E-3));
#884=CARTESIAN_POINT('',(1.395711523027E-1,-4.100442369656E-2,
1.112175793694E-2));
#885=CARTESIAN_POINT('',(1.393727607797E-1,-4.039914808632E-2,
1.315161952744E-2));
#886=CARTESIAN_POINT('',(1.391743692568E-1,-3.969345526150E-2,
1.514879109692E-2));
#887=CARTESIAN_POINT('',(1.389759777339E-1,-3.888909931127E-2,
1.710830842174E-2));
#888=CARTESIAN_POINT('',(1.387775862110E-1,-3.798807956451E-2,
1.902530087266E-2));
#889=CARTESIAN_POINT('',(1.385791946881E-1,-3.699263562027E-2,
2.089500352143E-2));
#890=CARTESIAN_POINT('',(1.383808031652E-1,-3.590524178093E-2,
2.271276898460E-2));
#891=CARTESIAN_POINT('',(1.381824116422E-1,-3.472860090201E-2,
2.447407897519E-2));
#892=CARTESIAN_POINT('',(1.379840201193E-1,-3.346563767387E-2,
2.617455553349E-2));
#893=CARTESIAN_POINT('',(1.377856285964E-1,-3.211949135208E-2,
2.780997190899E-2));
#894=CARTESIAN_POINT('',(1.375872370735E-1,-3.069350795430E-2,
2.937626306653E-2));
#895=CARTESIAN_POINT('',(1.373888455506E-1,-2.919123194343E-2,
3.086953579048E-2));
#896=CARTESIAN_POINT('',(1.371904540276E-1,-2.761639741732E-2,
3.228607836179E-2));
#897=CARTESIAN_POINT('',(1.369920625047E-1,-2.597291882725E-2,
3.362236978394E-2));
#898=CARTESIAN_POINT('',(1.367936709818E-1,-2.426488124803E-2,
3.487508853485E-2));
#899=CARTESIAN_POINT('',(1.365952794589E-1,-2.249653022403E-2,
3.604112082294E-2));
#900=CARTESIAN_POINT('',(1.363968879360E-1,-2.067226121637E-2,
3.711756832683E-2));
#901=CARTESIAN_POINT('',(1.361984964131E-1,-1.879660867740E-2,
3.810175539950E-2));
#902=CARTESIAN_POINT('',(1.360001048901E-1,-1.687423477979E-2,
3.899123571896E-2));
#903=CARTESIAN_POINT('',(1.358017133672E-1,-1.490991782805E-2,
3.978379836888E-2));
#904=CARTESIAN_POINT('',(1.356033218443E-1,-1.290854038151E-2,
4.047747333411E-2));
#905=CARTESIAN_POINT('',(1.354049303214E-1,-1.087507711804E-2,
4.107053639742E-2));
#906=CARTESIAN_POINT('',(1.352065387985E-1,-8.814582468901E-3,
4.156151342521E-2));
#907=CARTESIAN_POINT('',(1.350081472755E-1,-6.732178055299E-3,
4.194918403171E-2));
#908=CARTESIAN_POINT('',(1.348097557526E-1,-4.633039957935E-3,
4.223258461239E-2));
#909=CARTESIAN_POINT('',(1.346113642297E-1,-2.522385851208E-3,
4.241101073910E-2));
#910=CARTESIAN_POINT('',(1.344129727068E-1,-4.054620340224E-4,
4.248401891104E-2));
#911=CARTESIAN_POINT('',(1.342145811839E-1,1.712469610555E-3,
4.245142765712E-2));
#912=CARTESIAN_POINT('',(1.340161896610E-1,3.826144694376E-3,
4.231331798704E-2));
#913=CARTESIAN_POINT('',(1.338177981380E-1,5.930309409514E-3,
4.207003318993E-2));
#914=CARTESIAN_POINT('',(1.336194066151E-1,8.019733587273E-3,
4.172217798107E-2));
#915=CARTESIAN_POINT('',(1.334210150922E-1,1.008922369843E-2,
4.127061699875E-2));
#916=CARTESIAN_POINT('',(1.332226235693E-1,1.213363576243E-2,
4.071647265517E-2));
#917=CARTESIAN_POINT('',(1.330242320464E-1,1.414788813337E-2,
4.006112234649E-2));
#918=CARTESIAN_POINT('',(1.328258405234E-1,1.612697413111E-2,
3.930619502914E-2));
#919=CARTESIAN_POINT('',(1.326274490005E-1,1.806597448600E-2,
3.845356717089E-2));
#920=CARTESIAN_POINT('',(1.324290574776E-1,1.996006956634E-2,
3.750535808657E-2));
#921=CARTESIAN_POINT('',(1.322306659547E-1,2.180455135819E-2,
3.646392467032E-2));
#922=CARTESIAN_POINT('',(1.320322744318E-1,2.359483516775E-2,
3.533185553720E-2));
#923=CARTESIAN_POINT('',(1.318338829088E-1,2.532647101718E-2,
3.411196458884E-2));
#924=CARTESIAN_POINT('',(1.316354913859E-1,2.699515470562E-2,
3.280728401917E-2));
#925=CARTESIAN_POINT('',(1.314370998630E-1,2.859673850777E-2,
3.142105677747E-2));
#926=CARTESIAN_POINT('',(1.312387083401E-1,3.012724148364E-2,
2.995672850765E-2));
#927=CARTESIAN_POINT('',(1.310403168172E-1,3.158285937366E-2,
2.841793898365E-2));
#928=CARTESIAN_POINT('',(1.308419252943E-1,3.295997405466E-2,
2.680851306229E-2));
#929=CARTESIAN_POINT('',(1.306435337713E-1,3.425516253315E-2,
2.513245117617E-2));
#930=CARTESIAN_POINT('',(1.304451422484E-1,3.546520545364E-2,2.339391939E-2));
#931=CARTESIAN_POINT('',(1.302467507255E-1,3.658709510074E-2,
2.159723904540E-2));
#932=CARTESIAN_POINT('',(1.300483592026E-1,3.761804287521E-2,
1.974687601960E-2));
#933=CARTESIAN_POINT('',(1.298499676797E-1,3.855548622540E-2,
1.784742962496E-2));
#934=CARTESIAN_POINT('',(1.296515761567E-1,3.939709501677E-2,
1.590362117678E-2));
#935=CARTESIAN_POINT('',(1.294531846338E-1,4.014077732376E-2,
1.392028225788E-2));
#936=CARTESIAN_POINT('',(1.292547931109E-1,4.078468462952E-2,
1.190234270910E-2));
#937=CARTESIAN_POINT('',(1.290564015880E-1,4.132721642066E-2,
9.854818375536E-3));
#938=CARTESIAN_POINT('',(1.288580100651E-1,4.176702416547E-2,
7.782798639013E-3));
#939=CARTESIAN_POINT('',(1.286596185422E-1,4.210301466595E-2,
5.691433767805E-3));
#940=CARTESIAN_POINT('',(1.284612270192E-1,4.233435277502E-2,
3.585922114968E-3));
#941=CARTESIAN_POINT('',(1.282628354963E-1,4.246046347243E-2,
1.471497197186E-3));
#942=CARTESIAN_POINT('',(1.280644439734E-1,4.248103329401E-2,
-6.465853138087E-4));
#943=CARTESIAN_POINT('',(1.278660524505E-1,4.239601111086E-2,
-2.763060654868E-3));
#944=CARTESIAN_POINT('',(1.276676609276E-1,4.220560825642E-2,
-4.872668057671E-3));
#945=CARTESIAN_POINT('',(1.274692694046E-1,4.191029800117E-2,
-6.970163825029E-3));
#946=CARTESIAN_POINT('',(1.272708778817E-1,4.151081437627E-2,
-9.050334364761E-3));
#947=CARTESIAN_POINT('',(1.270724863588E-1,4.100815034900E-2,
-1.110800914874E-2));
#948=CARTESIAN_POINT('',(1.268740948359E-1,4.040355535467E-2,
-1.313807356491E-2));
#949=CARTESIAN_POINT('',(1.266757033130E-1,3.969853219094E-2,
-1.513548163026E-2));
#950=CARTESIAN_POINT('',(1.264773117901E-1,3.889483328243E-2,
-1.709526853332E-2));
#951=CARTESIAN_POINT('',(1.262789202671E-1,3.799445632490E-2,
-1.901256297479E-2));
#952=CARTESIAN_POINT('',(1.260805287442E-1,3.699963931963E-2,
-2.088259927576E-2));
#953=CARTESIAN_POINT('',(1.258821372213E-1,3.591285501067E-2,
-2.270072922347E-2));
#954=CARTESIAN_POINT('',(1.256837456984E-1,3.473680473848E-2,
-2.446243362496E-2));
#955=CARTESIAN_POINT('',(1.254853541755E-1,3.347441172540E-2,
-2.616333354015E-2));
#956=CARTESIAN_POINT('',(1.252869626525E-1,3.212881380966E-2,
-2.779920116621E-2));
#957=CARTESIAN_POINT('',(1.250885711296E-1,3.070335564570E-2,
-2.936597034642E-2));
#958=CARTESIAN_POINT('',(1.248901796067E-1,2.920158039126E-2,
-3.085974667672E-2));
#959=CARTESIAN_POINT('',(1.246917880838E-1,2.762722089810E-2,
-3.227681718714E-2));
#960=CARTESIAN_POINT('',(1.244933965609E-1,2.598419044195E-2,
-3.361365956567E-2));
#961=CARTESIAN_POINT('',(1.242950050380E-1,2.427657296428E-2,
-3.486695093290E-2));
#962=CARTESIAN_POINT('',(1.241627440227E-1,2.309793301331E-2,
-3.564470099669E-2));
#963=CARTESIAN_POINT('',(1.240966135150E-1,2.249928833272E-2,
-3.601864837905E-2));
#965=CARTESIAN_POINT('',(1.909545567385E-1,-4.232276444365E-2,
-3.513490626084E-3));
#966=CARTESIAN_POINT('',(1.908973029567E-1,-4.222393794371E-2,
-3.505286389293E-3));
#967=CARTESIAN_POINT('',(1.907733010033E-1,-4.203175213552E-2,
-3.489331783198E-3));
#968=CARTESIAN_POINT('',(1.905607326463E-1,-4.176233755041E-2,
-3.466965909140E-3));
#969=CARTESIAN_POINT('',(1.903234405541E-1,-4.151425342246E-2,
-3.446370816416E-3));
#970=CARTESIAN_POINT('',(1.900634734947E-1,-4.128987907495E-2,
-3.427744028278E-3));
#971=CARTESIAN_POINT('',(1.897833742968E-1,-4.109102595084E-2,
-3.411235924502E-3));
#972=CARTESIAN_POINT('',(1.894855344066E-1,-4.091965705723E-2,
-3.397009467199E-3));
#973=CARTESIAN_POINT('',(1.891726801347E-1,-4.077734170387E-2,
-3.385194935078E-3));
#974=CARTESIAN_POINT('',(1.888477147571E-1,-4.066516324472E-2,
-3.375882264466E-3));
#975=CARTESIAN_POINT('',(1.885134817649E-1,-4.058440959721E-2,
-3.369178373846E-3));
#976=CARTESIAN_POINT('',(1.881730758638E-1,-4.053565834243E-2,
-3.365131212019E-3));
#977=CARTESIAN_POINT('',(1.878295567385E-1,-4.051926585335E-2,
-3.363770363845E-3));
#978=CARTESIAN_POINT('',(1.874860376132E-1,-4.053565834243E-2,
-3.365131212019E-3));
#979=CARTESIAN_POINT('',(1.871456317121E-1,-4.058440959721E-2,
-3.369178373846E-3));
#980=CARTESIAN_POINT('',(1.868113987199E-1,-4.066516324472E-2,
-3.375882264465E-3));
#981=CARTESIAN_POINT('',(1.864864333423E-1,-4.077734170387E-2,
-3.385194935078E-3));
#982=CARTESIAN_POINT('',(1.861735790704E-1,-4.091965705723E-2,
-3.397009467199E-3));
#983=CARTESIAN_POINT('',(1.858757391802E-1,-4.109102595084E-2,
-3.411235924502E-3));
#984=CARTESIAN_POINT('',(1.855956399823E-1,-4.128987907495E-2,
-3.427744028278E-3));
#985=CARTESIAN_POINT('',(1.853356729229E-1,-4.151425342246E-2,
-3.446370816416E-3));
#986=CARTESIAN_POINT('',(1.850983808307E-1,-4.176233755041E-2,
-3.466965909140E-3));
#987=CARTESIAN_POINT('',(1.848858124738E-1,-4.203175213552E-2,
-3.489331783198E-3));
#988=CARTESIAN_POINT('',(1.847618105203E-1,-4.222393794371E-2,
-3.505286389293E-3));
#989=CARTESIAN_POINT('',(1.847045567385E-1,-4.232276444365E-2,
-3.513490626084E-3));
#991=CARTESIAN_POINT('',(1.240966135150E-1,3.601864837906E-2,
2.249928833271E-2));
#992=CARTESIAN_POINT('',(1.241054425999E-1,3.600567842874E-2,
2.249118656696E-2));
#993=CARTESIAN_POINT('',(1.241231646345E-1,3.598132795887E-2,
2.247223014114E-2));
#994=CARTESIAN_POINT('',(1.241503013172E-1,3.594949886363E-2,
2.243446125827E-2));
#995=CARTESIAN_POINT('',(1.241769077805E-1,3.592375796245E-2,
2.238865325088E-2));
#996=CARTESIAN_POINT('',(1.242032319613E-1,3.590366018497E-2,
2.233467459036E-2));
#997=CARTESIAN_POINT('',(1.242294919239E-1,3.588906862280E-2,
2.227198292058E-2));
#998=CARTESIAN_POINT('',(1.242557299316E-1,3.588007914698E-2,
2.220022000346E-2));
#999=CARTESIAN_POINT('',(1.242814825361E-1,3.587682355106E-2,
2.212061864733E-2));
#1000=CARTESIAN_POINT('',(1.243066870803E-1,3.587904025614E-2,
2.203372654698E-2));
#1001=CARTESIAN_POINT('',(1.243319271595E-1,3.588672799965E-2,
2.193751567620E-2));
#1002=CARTESIAN_POINT('',(1.243573928766E-1,3.590018837149E-2,
2.183072739648E-2));
#1003=CARTESIAN_POINT('',(1.243831059589E-1,3.591973621426E-2,
2.171260367537E-2));
#1004=CARTESIAN_POINT('',(1.244090188448E-1,3.594564168661E-2,
2.158265505306E-2));
#1005=CARTESIAN_POINT('',(1.244351128662E-1,3.597818721419E-2,
2.144023509683E-2));
#1006=CARTESIAN_POINT('',(1.244612711376E-1,3.601750417347E-2,
2.128523897211E-2));
#1007=CARTESIAN_POINT('',(1.244872863918E-1,3.606344061756E-2,
2.111832061435E-2));
#1008=CARTESIAN_POINT('',(1.245130293348E-1,3.611577923672E-2,
2.093997416492E-2));
#1009=CARTESIAN_POINT('',(1.245386709710E-1,3.617490163561E-2,
2.074860038124E-2));
#1010=CARTESIAN_POINT('',(1.245644880748E-1,3.624168510404E-2,
2.054125918245E-2));
#1011=CARTESIAN_POINT('',(1.245906406602E-1,3.631697014397E-2,
2.031531931808E-2));
#1012=CARTESIAN_POINT('',(1.246172239173E-1,3.640159981885E-2,
2.006819451447E-2));
#1013=CARTESIAN_POINT('',(1.246443054443E-1,3.649648514438E-2,
1.979705503377E-2));
#1014=CARTESIAN_POINT('',(1.246717995656E-1,3.660209311356E-2,
1.950018493104E-2));
#1015=CARTESIAN_POINT('',(1.246993868881E-1,3.671780841282E-2,
1.917857741722E-2));
#1016=CARTESIAN_POINT('',(1.247267593061E-1,3.684263774335E-2,
1.883389460407E-2));
#1017=CARTESIAN_POINT('',(1.247537008131E-1,3.697564104759E-2,
1.846737483276E-2));
#1018=CARTESIAN_POINT('',(1.247800093323E-1,3.711565616788E-2,
1.808068038505E-2));
#1019=CARTESIAN_POINT('',(1.248055570439E-1,3.726162966575E-2,
1.767507126912E-2));
#1020=CARTESIAN_POINT('',(1.248305618408E-1,3.741447493346E-2,
1.724623816926E-2));
#1021=CARTESIAN_POINT('',(1.248554466564E-1,3.757691091315E-2,
1.678435633983E-2));
#1022=CARTESIAN_POINT('',(1.248804097572E-1,3.775085584573E-2,
1.628101934567E-2));
#1023=CARTESIAN_POINT('',(1.249055702721E-1,3.793796934441E-2,
1.572735953279E-2));
#1024=CARTESIAN_POINT('',(1.249309389576E-1,3.813939232649E-2,
1.511446496565E-2));
#1025=CARTESIAN_POINT('',(1.249564293822E-1,3.835565200976E-2,
1.443325889873E-2));
#1026=CARTESIAN_POINT('',(1.249818623389E-1,3.858649462438E-2,
1.367453372806E-2));
#1027=CARTESIAN_POINT('',(1.250069644167E-1,3.883065922548E-2,
1.282908814752E-2));
#1028=CARTESIAN_POINT('',(1.250313995024E-1,3.908589390513E-2,
1.188725987566E-2));
#1029=CARTESIAN_POINT('',(1.250549456603E-1,3.935092797769E-2,
1.082949146597E-2));
#1030=CARTESIAN_POINT('',(1.250768805089E-1,3.961866919446E-2,
9.649859964987E-3));
#1031=CARTESIAN_POINT('',(1.250961161543E-1,3.987478369822E-2,
8.373908628407E-3));
#1032=CARTESIAN_POINT('',(1.251124802733E-1,4.011418898539E-2,
6.985124630980E-3));
#1033=CARTESIAN_POINT('',(1.251258190579E-1,4.033346659574E-2,
5.427705731024E-3));
#1034=CARTESIAN_POINT('',(1.251352727721E-1,4.051903756556E-2,
3.661477052029E-3));
#1035=CARTESIAN_POINT('',(1.251394763293E-1,4.064918383919E-2,
1.621828338078E-3));
#1036=CARTESIAN_POINT('',(1.251363595126E-1,4.068297857625E-2,
-6.160628594304E-4));
#1037=CARTESIAN_POINT('',(1.251265559586E-1,4.060831951939E-2,
-2.782411615303E-3));
#1038=CARTESIAN_POINT('',(1.251107118278E-1,4.042909618426E-2,
-4.952252749047E-3));
#1039=CARTESIAN_POINT('',(1.250892988590E-1,4.014545681295E-2,
-7.096974702214E-3));
#1040=CARTESIAN_POINT('',(1.250627620998E-1,3.976034373629E-2,
-9.212981650294E-3));
#1041=CARTESIAN_POINT('',(1.250312783501E-1,3.927382907826E-2,
-1.130386868505E-2));
#1042=CARTESIAN_POINT('',(1.249950789540E-1,3.868691451946E-2,
-1.336637281357E-2));
#1043=CARTESIAN_POINT('',(1.249542570292E-1,3.799970000752E-2,
-1.539976721380E-2));
#1044=CARTESIAN_POINT('',(1.249089600538E-1,3.721424647780E-2,
-1.739724055425E-2));
#1045=CARTESIAN_POINT('',(1.248592793474E-1,3.633285496867E-2,
-1.935370874989E-2));
#1046=CARTESIAN_POINT('',(1.248050887671E-1,3.535490591009E-2,
-2.126994961573E-2));
#1047=CARTESIAN_POINT('',(1.247465042608E-1,3.428399638969E-2,
-2.313815483392E-2));
#1048=CARTESIAN_POINT('',(1.246833570852E-1,3.311959957903E-2,
-2.495838244161E-2));
#1049=CARTESIAN_POINT('',(1.246157150580E-1,3.186661596282E-2,
-2.672232470723E-2));
#1050=CARTESIAN_POINT('',(1.245431769960E-1,3.052239750920E-2,
-2.843287387122E-2));
#1051=CARTESIAN_POINT('',(1.244654575205E-1,2.908792700407E-2,
-3.008653126370E-2));
#1052=CARTESIAN_POINT('',(1.243823984415E-1,2.756685468238E-2,
-3.167719411055E-2));
#1053=CARTESIAN_POINT('',(1.242938781294E-1,2.596478901517E-2,
-3.319806229311E-2));
#1054=CARTESIAN_POINT('',(1.241993807233E-1,2.428207976181E-2,
-3.464832132316E-2));
#1055=CARTESIAN_POINT('',(1.241317155854E-1,2.310259902496E-2,
-3.557010083354E-2));
#1056=CARTESIAN_POINT('',(1.240966135150E-1,2.249928833272E-2,
-3.601864837905E-2));
#1058=CARTESIAN_POINT('',(2.452916744911E-1,3.915004210209E-2,
-1.645707173034E-2));
#1059=CARTESIAN_POINT('',(2.453392851534E-1,3.925598394113E-2,
-1.613411034020E-2));
#1060=CARTESIAN_POINT('',(2.454319269742E-1,3.945011180094E-2,
-1.551336360446E-2));
#1061=CARTESIAN_POINT('',(2.455622982158E-1,3.969360703356E-2,
-1.466174591050E-2));
#1062=CARTESIAN_POINT('',(2.456843644971E-1,3.989664188029E-2,
-1.388543484162E-2));
#1063=CARTESIAN_POINT('',(2.457980672372E-1,4.006491989670E-2,
-1.318221208906E-2));
#1064=CARTESIAN_POINT('',(2.459034120466E-1,4.020361351648E-2,
-1.254911485969E-2));
#1065=CARTESIAN_POINT('',(2.460006276911E-1,4.031749043879E-2,
-1.198169278902E-2));
#1066=CARTESIAN_POINT('',(2.460901445955E-1,4.041081590074E-2,
-1.147439637687E-2));
#1067=CARTESIAN_POINT('',(2.461723987327E-1,4.048716679515E-2,
-1.102185469221E-2));
#1068=CARTESIAN_POINT('',(2.462479539889E-1,4.054963427745E-2,
-1.061826325279E-2));
#1069=CARTESIAN_POINT('',(2.463174671201E-1,4.060083000060E-2,
-1.025769088801E-2));
#1070=CARTESIAN_POINT('',(2.463817014352E-1,4.064295195986E-2,
-9.934081745010E-3));
#1071=CARTESIAN_POINT('',(2.464415296186E-1,4.067783094377E-2,
-9.641311493754E-3));
#1072=CARTESIAN_POINT('',(2.464979388044E-1,4.070697376942E-2,
-9.373221945980E-3));
#1073=CARTESIAN_POINT('',(2.465520464649E-1,4.073160068477E-2,
-9.123609296395E-3));
#1074=CARTESIAN_POINT('',(2.466050865490E-1,4.075265644628E-2,
-8.886368324235E-3));
#1075=CARTESIAN_POINT('',(2.466585543446E-1,4.077087106786E-2,
-8.654944711318E-3));
#1076=CARTESIAN_POINT('',(2.467139189434E-1,4.078659832679E-2,
-8.423874072352E-3));
#1077=CARTESIAN_POINT('',(2.467702909913E-1,4.079937023067E-2,
-8.198060660281E-3));
#1078=CARTESIAN_POINT('',(2.468251875497E-1,4.080872975673E-2,
-7.987780295563E-3));
#1079=CARTESIAN_POINT('',(2.468765274665E-1,4.081482408215E-2,
-7.800009524671E-3));
#1080=CARTESIAN_POINT('',(2.469245347927E-1,4.081827289311E-2,
-7.632428124606E-3));
#1081=CARTESIAN_POINT('',(2.469701580741E-1,4.081956619592E-2,
-7.480641425989E-3));
#1082=CARTESIAN_POINT('',(2.470136576921E-1,4.081901678465E-2,
-7.343008164607E-3));
#1083=CARTESIAN_POINT('',(2.470550645423E-1,4.081689821543E-2,
-7.218675758585E-3));
#1084=CARTESIAN_POINT('',(2.470946117565E-1,4.081343743026E-2,
-7.106240386451E-3));
#1085=CARTESIAN_POINT('',(2.471325810841E-1,4.080880278723E-2,
-7.004317353395E-3));
#1086=CARTESIAN_POINT('',(2.471693412297E-1,4.080309744147E-2,
-6.911475467057E-3));
#1087=CARTESIAN_POINT('',(2.472053452743E-1,4.079635012927E-2,
-6.826317280891E-3));
#1088=CARTESIAN_POINT('',(2.472411517410E-1,4.078850182266E-2,
-6.747506301194E-3));
#1089=CARTESIAN_POINT('',(2.472774942417E-1,4.077937221498E-2,
-6.673739870356E-3));
#1090=CARTESIAN_POINT('',(2.473148832210E-1,4.076873394775E-2,
-6.604736891672E-3));
#1091=CARTESIAN_POINT('',(2.473524221543E-1,4.075675464150E-2,
-6.542866481891E-3));
#1092=CARTESIAN_POINT('',(2.473893232615E-1,4.074369850469E-2,
-6.489566783310E-3));
#1093=CARTESIAN_POINT('',(2.474256330100E-1,4.072958384419E-2,
-6.444753702736E-3));
#1094=CARTESIAN_POINT('',(2.474607877371E-1,4.071468240495E-2,
-6.408961567108E-3));
#1095=CARTESIAN_POINT('',(2.474947817607E-1,4.069908903950E-2,
-6.381747908628E-3));
#1096=CARTESIAN_POINT('',(2.475282009803E-1,4.068257900053E-2,
-6.362457904025E-3));
#1097=CARTESIAN_POINT('',(2.475608197995E-1,4.066527629267E-2,
-6.351203373575E-3));
#1098=CARTESIAN_POINT('',(2.475925102070E-1,4.064730388996E-2,
-6.347708012250E-3));
#1099=CARTESIAN_POINT('',(2.476243014423E-1,4.062804954174E-2,
-6.352043336445E-3));
#1100=CARTESIAN_POINT('',(2.476549680691E-1,4.060823855470E-2,
-6.364123343635E-3));
#1101=CARTESIAN_POINT('',(2.476848381881E-1,4.058772337671E-2,
-6.383612655611E-3));
#1102=CARTESIAN_POINT('',(2.477145289657E-1,4.056605444524E-2,
-6.410996397426E-3));
#1103=CARTESIAN_POINT('',(2.477440486724E-1,4.054314797579E-2,
-6.446657524527E-3));
#1104=CARTESIAN_POINT('',(2.477729458500E-1,4.051930328873E-2,
-6.490222850369E-3));
#1105=CARTESIAN_POINT('',(2.478010232189E-1,4.049468906987E-2,
-6.541193793027E-3));
#1106=CARTESIAN_POINT('',(2.478285733422E-1,4.046902607881E-2,
-6.600047640454E-3));
#1107=CARTESIAN_POINT('',(2.478549865478E-1,4.044288019485E-2,
-6.665286068184E-3));
#1108=CARTESIAN_POINT('',(2.478800811202E-1,4.041652979454E-2,
-6.735687476491E-3));
#1109=CARTESIAN_POINT('',(2.479044083991E-1,4.038945581716E-2,
-6.812253429560E-3));
#1110=CARTESIAN_POINT('',(2.479282967293E-1,4.036126098794E-2,
-6.895966968610E-3));
#1111=CARTESIAN_POINT('',(2.479519833497E-1,4.033157409188E-2,
-6.987898364324E-3));
#1112=CARTESIAN_POINT('',(2.479756173569E-1,4.030005684027E-2,
-7.089135756187E-3));
#1113=CARTESIAN_POINT('',(2.479992751413E-1,4.026640423523E-2,
-7.200719709391E-3));
#1114=CARTESIAN_POINT('',(2.480229774116E-1,4.023033069109E-2,
-7.323648025217E-3));
#1115=CARTESIAN_POINT('',(2.480466565941E-1,4.019165440491E-2,
-7.458525337422E-3));
#1116=CARTESIAN_POINT('',(2.480704669172E-1,4.014976330948E-2,
-7.607433776990E-3));
#1117=CARTESIAN_POINT('',(2.480944268461E-1,4.010415547237E-2,
-7.772059407637E-3));
#1118=CARTESIAN_POINT('',(2.481186099515E-1,4.005407227075E-2,
-7.954955969633E-3));
#1119=CARTESIAN_POINT('',(2.481425094171E-1,3.999990449778E-2,
-8.154323566524E-3));
#1120=CARTESIAN_POINT('',(2.481654785172E-1,3.994271061152E-2,
-8.365646001197E-3));
#1121=CARTESIAN_POINT('',(2.481870368292E-1,3.988367106432E-2,
-8.583835146001E-3));
#1122=CARTESIAN_POINT('',(2.482073879395E-1,3.982236362731E-2,
-8.809755089531E-3));
#1123=CARTESIAN_POINT('',(2.482268857509E-1,3.975761085696E-2,
-9.047039407853E-3));
#1124=CARTESIAN_POINT('',(2.482457341095E-1,3.968835041320E-2,
-9.298764258433E-3));
#1125=CARTESIAN_POINT('',(2.482640678644E-1,3.961342857160E-2,
-9.568144166653E-3));
#1126=CARTESIAN_POINT('',(2.482819478287E-1,3.953162965641E-2,
-9.858338457817E-3));
#1127=CARTESIAN_POINT('',(2.482993744694E-1,3.944164221460E-2,
-1.017249143116E-2));
#1128=CARTESIAN_POINT('',(2.483162934991E-1,3.934204278125E-2,
-1.051370188158E-2));
#1129=CARTESIAN_POINT('',(2.483326023826E-1,3.923126826270E-2,
-1.088502435067E-2));
#1130=CARTESIAN_POINT('',(2.483481536858E-1,3.910761217109E-2,
-1.128938913399E-2));
#1131=CARTESIAN_POINT('',(2.483627657284E-1,3.896913507954E-2,
-1.172978287332E-2));
#1132=CARTESIAN_POINT('',(2.483762045413E-1,3.881389959590E-2,
-1.220841943410E-2));
#1133=CARTESIAN_POINT('',(2.483882610216E-1,3.863915180526E-2,
-1.272918946401E-2));
#1134=CARTESIAN_POINT('',(2.483987437244E-1,3.844022951589E-2,
-1.330026398894E-2));
#1135=CARTESIAN_POINT('',(2.484073229972E-1,3.821191059695E-2,
-1.392930196444E-2));
#1136=CARTESIAN_POINT('',(2.484135634422E-1,3.794838120617E-2,
-1.462337170927E-2));
#1137=CARTESIAN_POINT('',(2.484169072864E-1,3.764241922774E-2,
-1.539014977374E-2));
#1138=CARTESIAN_POINT('',(2.484167648146E-1,3.728825044572E-2,
-1.623184252127E-2));
#1139=CARTESIAN_POINT('',(2.484122222839E-1,3.686597743591E-2,
-1.717734486232E-2));
#1140=CARTESIAN_POINT('',(2.484030182995E-1,3.639693747961E-2,
-1.816308906550E-2));
#1141=CARTESIAN_POINT('',(2.483887739757E-1,3.586553717837E-2,
-1.921060436683E-2));
#1142=CARTESIAN_POINT('',(2.483684015663E-1,3.524659691411E-2,
-2.035058050122E-2));
#1143=CARTESIAN_POINT('',(2.483402554877E-1,3.450896382950E-2,
-2.161217971359E-2));
#1144=CARTESIAN_POINT('',(2.483025703795E-1,3.362335857316E-2,
-2.301019809072E-2));
#1145=CARTESIAN_POINT('',(2.482517630853E-1,3.252584420548E-2,
-2.459205846422E-2));
#1146=CARTESIAN_POINT('',(2.481890577093E-1,3.125427923841E-2,
-2.624756643228E-2));
#1147=CARTESIAN_POINT('',(2.481185892541E-1,2.988480951403E-2,
-2.785651323340E-2));
#1148=CARTESIAN_POINT('',(2.480419588583E-1,2.843648885902E-2,
-2.939485036492E-2));
#1149=CARTESIAN_POINT('',(2.479603193992E-1,2.692253096448E-2,
-3.084984815026E-2));
#1150=CARTESIAN_POINT('',(2.478737088384E-1,2.533777951842E-2,
-3.222779200116E-2));
#1151=CARTESIAN_POINT('',(2.477825718528E-1,2.368683375589E-2,
-3.352435211529E-2));
#1152=CARTESIAN_POINT('',(2.476871772339E-1,2.197248522586E-2,
-3.473729877627E-2));
#1153=CARTESIAN_POINT('',(2.475879253597E-1,2.020105237449E-2,
-3.586222976828E-2));
#1154=CARTESIAN_POINT('',(2.474848756788E-1,1.837372430127E-2,
-3.689837282976E-2));
#1155=CARTESIAN_POINT('',(2.473783532399E-1,1.649668884851E-2,
-3.784196578405E-2));
#1156=CARTESIAN_POINT('',(2.472685576388E-1,1.457459121979E-2,
-3.869072314273E-2));
#1157=CARTESIAN_POINT('',(2.471556464692E-1,1.261196670054E-2,
-3.944266965357E-2));
#1158=CARTESIAN_POINT('',(2.470396394293E-1,1.061150708818E-2,
-4.009655763228E-2));
#1159=CARTESIAN_POINT('',(2.469207573274E-1,8.579839168533E-3,
-4.064999047406E-2));
#1160=CARTESIAN_POINT('',(2.467990907942E-1,6.521707698263E-3,
-4.110162027996E-2));
#1161=CARTESIAN_POINT('',(2.466747387544E-1,4.442308001678E-3,
-4.145025995691E-2));
#1162=CARTESIAN_POINT('',(2.465475650549E-1,2.343276847254E-3,
-4.169531837321E-2));
#1163=CARTESIAN_POINT('',(2.464176109703E-1,2.294627341142E-4,
-4.183555646431E-2));
#1164=CARTESIAN_POINT('',(2.462850967069E-1,-1.891430825299E-3,
-4.186995497272E-2));
#1165=CARTESIAN_POINT('',(2.461503655626E-1,-4.009744657767E-3,
-4.179851513342E-2));
#1166=CARTESIAN_POINT('',(2.460132324979E-1,-6.124085134253E-3,
-4.162146741017E-2));
#1167=CARTESIAN_POINT('',(2.458736946294E-1,-8.229872285709E-3,
-4.133891671810E-2));
#1168=CARTESIAN_POINT('',(2.457317875251E-1,-1.032183020562E-2,
-4.095133338786E-2));
#1169=CARTESIAN_POINT('',(2.455875164028E-1,-1.239501456848E-2,
-4.045934388445E-2));
#1170=CARTESIAN_POINT('',(2.454409658171E-1,-1.444330988495E-2,
-3.986419890696E-2));
#1171=CARTESIAN_POINT('',(2.453416968745E-1,-1.578962125746E-2,
-3.939928259359E-2));
#1172=CARTESIAN_POINT('',(2.452916744911E-1,-1.645707173036E-2,
-3.915004210208E-2));
#1174=CARTESIAN_POINT('',(2.452916744911E-1,-1.645707173036E-2,
-3.915004210208E-2));
#1175=CARTESIAN_POINT('',(2.452258113181E-1,-1.710513102331E-2,
-3.887762455929E-2));
#1176=CARTESIAN_POINT('',(2.450940849720E-1,-1.838771858973E-2,
-3.830060048556E-2));
#1177=CARTESIAN_POINT('',(2.448964954529E-1,-2.026626369505E-2,
-3.734063133376E-2));
#1178=CARTESIAN_POINT('',(2.446989059338E-1,-2.209484078429E-2,
-3.628859604950E-2));
#1179=CARTESIAN_POINT('',(2.445013164147E-1,-2.386894138359E-2,
-3.514708849630E-2));
#1180=CARTESIAN_POINT('',(2.443037268956E-1,-2.558419130876E-2,
-3.391892314936E-2));
#1181=CARTESIAN_POINT('',(2.441061373765E-1,-2.723636148337E-2,
-3.260712814224E-2));
#1182=CARTESIAN_POINT('',(2.439085478574E-1,-2.882137835701E-2,
-3.121493780450E-2));
#1183=CARTESIAN_POINT('',(2.437109583383E-1,-3.033533395129E-2,
-2.974578468625E-2));
#1184=CARTESIAN_POINT('',(2.435133688192E-1,-3.177449549461E-2,
-2.820329109518E-2));
#1185=CARTESIAN_POINT('',(2.433157793001E-1,-3.313531462581E-2,
-2.659126016542E-2));
#1186=CARTESIAN_POINT('',(2.431181897810E-1,-3.441443614279E-2,
-2.491366648068E-2));
#1187=CARTESIAN_POINT('',(2.429206002619E-1,-3.560870627510E-2,
-2.317464627454E-2));
#1188=CARTESIAN_POINT('',(2.427230107428E-1,-3.671518045978E-2,
-2.137848723232E-2));
#1189=CARTESIAN_POINT('',(2.425254212237E-1,-3.773113060136E-2,
-1.952961791944E-2));
#1190=CARTESIAN_POINT('',(2.423278317046E-1,-3.865405179826E-2,
-1.763259686246E-2));
#1191=CARTESIAN_POINT('',(2.421302421855E-1,-3.948166851873E-2,
-1.569210130970E-2));
#1192=CARTESIAN_POINT('',(2.419326526664E-1,-4.021194021141E-2,
-1.371291569911E-2));
#1193=CARTESIAN_POINT('',(2.417350631473E-1,-4.084306633642E-2,
-1.169991986190E-2));
#1194=CARTESIAN_POINT('',(2.415374736282E-1,-4.137349080478E-2,
-9.658076990949E-3));
#1195=CARTESIAN_POINT('',(2.413398841091E-1,-4.180190581500E-2,
-7.592421403655E-3));
#1196=CARTESIAN_POINT('',(2.411422945900E-1,-4.212725507759E-2,
-5.508046129471E-3));
#1197=CARTESIAN_POINT('',(2.409447050709E-1,-4.234873641944E-2,
-3.410090352648E-3));
#1198=CARTESIAN_POINT('',(2.407471155518E-1,-4.246580376162E-2,
-1.303726741186E-3));
#1199=CARTESIAN_POINT('',(2.405495260327E-1,-4.247816846579E-2,
8.058513067625E-4));
#1200=CARTESIAN_POINT('',(2.403519365136E-1,-4.238580004582E-2,
2.913442467612E-3));
#1201=CARTESIAN_POINT('',(2.401543469945E-1,-4.218892624302E-2,
5.013850316594E-3));
#1202=CARTESIAN_POINT('',(2.399567574754E-1,-4.188803246458E-2,
7.101896139941E-3));
#1203=CARTESIAN_POINT('',(2.397591679563E-1,-4.148386058678E-2,
9.172431703384E-3));
#1204=CARTESIAN_POINT('',(2.395615784372E-1,-4.097740712582E-2,
1.122035194553E-2));
#1205=CARTESIAN_POINT('',(2.393639889181E-1,-4.036992078086E-2,
1.324060756475E-2));
#1206=CARTESIAN_POINT('',(2.391663993990E-1,-3.966289935525E-2,
1.522821746863E-2));
#1207=CARTESIAN_POINT('',(2.389688098799E-1,-3.885808606357E-2,
1.717828105524E-2));
#1208=CARTESIAN_POINT('',(2.387712203608E-1,-3.795746523361E-2,
1.908599029591E-2));
#1209=CARTESIAN_POINT('',(2.385736308417E-1,-3.696325741388E-2,
2.094664158981E-2));
#1210=CARTESIAN_POINT('',(2.383760413226E-1,-3.587791389864E-2,
2.275564736101E-2));
#1211=CARTESIAN_POINT('',(2.381784518035E-1,-3.470411068408E-2,
2.450854736951E-2));
#1212=CARTESIAN_POINT('',(2.379808622844E-1,-3.344474187046E-2,
2.620101970830E-2));
#1213=CARTESIAN_POINT('',(2.377832727653E-1,-3.210291252645E-2,
2.782889145934E-2));
#1214=CARTESIAN_POINT('',(2.375856832462E-1,-3.068193103337E-2,
2.938814898221E-2));
#1215=CARTESIAN_POINT('',(2.373880937271E-1,-2.918530092813E-2,
3.087494781002E-2));
#1216=CARTESIAN_POINT('',(2.371905042080E-1,-2.761671226499E-2,
3.228562212827E-2));
#1217=CARTESIAN_POINT('',(2.369929146889E-1,-2.598003251746E-2,
3.361669381317E-2));
#1218=CARTESIAN_POINT('',(2.367953251698E-1,-2.427929704275E-2,
3.486488100720E-2));
#1219=CARTESIAN_POINT('',(2.365977356507E-1,-2.251869913228E-2,
3.602710621083E-2));
#1220=CARTESIAN_POINT('',(2.364001461316E-1,-2.070257967282E-2,
3.710050387026E-2));
#1221=CARTESIAN_POINT('',(2.362025566125E-1,-1.883541644370E-2,
3.808242744270E-2));
#1222=CARTESIAN_POINT('',(2.360049670934E-1,-1.692181307652E-2,
3.897045592163E-2));
#1223=CARTESIAN_POINT('',(2.358073775743E-1,-1.496648770451E-2,
3.976239980594E-2));
#1224=CARTESIAN_POINT('',(2.356097880552E-1,-1.297426132968E-2,
4.045630649832E-2));
#1225=CARTESIAN_POINT('',(2.354121985361E-1,-1.095004593622E-2,
4.105046511955E-2));
#1226=CARTESIAN_POINT('',(2.352146090170E-1,-8.898832379671E-3,
4.154341072679E-2));
#1227=CARTESIAN_POINT('',(2.350170194979E-1,-6.825678081557E-3,
4.193392792553E-2));
#1228=CARTESIAN_POINT('',(2.348194299788E-1,-4.735694559972E-3,
4.222105386618E-2));
#1229=CARTESIAN_POINT('',(2.346218404597E-1,-2.634034826720E-3,
4.240408061812E-2));
#1230=CARTESIAN_POINT('',(2.344242509406E-1,-5.258806821883E-4,
4.248255691510E-2));
#1231=CARTESIAN_POINT('',(2.342266614215E-1,1.583570060779E-3,
4.245628926789E-2));
#1232=CARTESIAN_POINT('',(2.340290719024E-1,3.689116392475E-3,
4.232534244137E-2));
#1233=CARTESIAN_POINT('',(2.338314823833E-1,5.785566929813E-3,
4.209003929479E-2));
#1234=CARTESIAN_POINT('',(2.336338928642E-1,7.867752716073E-3,
4.175095998579E-2));
#1235=CARTESIAN_POINT('',(2.334363033451E-1,9.930539965353E-3,
4.130894053995E-2));
#1236=CARTESIAN_POINT('',(2.332387138260E-1,1.196884272030E-2,
4.076507078950E-2));
#1237=CARTESIAN_POINT('',(2.330411243069E-1,1.397763539195E-2,
4.012069168629E-2));
#1238=CARTESIAN_POINT('',(2.328435347878E-1,1.595196515063E-2,
3.937739199553E-2));
#1239=CARTESIAN_POINT('',(2.326459452687E-1,1.788696413761E-2,
3.853700437860E-2));
#1240=CARTESIAN_POINT('',(2.324483557496E-1,1.977786146712E-2,
3.760160087448E-2));
#1241=CARTESIAN_POINT('',(2.322507662305E-1,2.161999498937E-2,
3.657348779097E-2));
#1242=CARTESIAN_POINT('',(2.320531767114E-1,2.340882278540E-2,
3.545520001831E-2));
#1243=CARTESIAN_POINT('',(2.318555871923E-1,2.513993436551E-2,
3.424949477926E-2));
#1244=CARTESIAN_POINT('',(2.316579976732E-1,2.680906154372E-2,
3.295934483089E-2));
#1245=CARTESIAN_POINT('',(2.314604081541E-1,2.841208896123E-2,
3.158793113510E-2));
#1246=CARTESIAN_POINT('',(2.312628186350E-1,2.994506423319E-2,
3.013863501565E-2));
#1247=CARTESIAN_POINT('',(2.310652291159E-1,3.140420769360E-2,
2.861502982130E-2));
#1248=CARTESIAN_POINT('',(2.308676395968E-1,3.278592171433E-2,
2.702087211543E-2));
#1249=CARTESIAN_POINT('',(2.306700500777E-1,3.408679957540E-2,
2.536009241394E-2));
#1250=CARTESIAN_POINT('',(2.304724605586E-1,3.530363386443E-2,
2.363678549428E-2));
#1251=CARTESIAN_POINT('',(2.302748710395E-1,3.643342438484E-2,
2.185520029949E-2));
#1252=CARTESIAN_POINT('',(2.300772815204E-1,3.747338555298E-2,
2.001972946206E-2));
#1253=CARTESIAN_POINT('',(2.298796920013E-1,3.842095326626E-2,
1.813489847361E-2));
#1254=CARTESIAN_POINT('',(2.296821024822E-1,3.927379122511E-2,
1.620535452691E-2));
#1255=CARTESIAN_POINT('',(2.294845129631E-1,4.002979669329E-2,
1.423585505792E-2));
#1256=CARTESIAN_POINT('',(2.292869234440E-1,4.068710568238E-2,
1.223125601592E-2));
#1257=CARTESIAN_POINT('',(2.290893339249E-1,4.124409754755E-2,
1.019649989087E-2));
#1258=CARTESIAN_POINT('',(2.288917444058E-1,4.169939898340E-2,
8.136603527265E-3));
#1259=CARTESIAN_POINT('',(2.286941548867E-1,4.205188740994E-2,
6.056645754749E-3));
#1260=CARTESIAN_POINT('',(2.284965653676E-1,4.230069374040E-2,
3.961754865892E-3));
#1261=CARTESIAN_POINT('',(2.282989758485E-1,4.244520452404E-2,
1.857095971984E-3));
#1262=CARTESIAN_POINT('',(2.281013863294E-1,4.248506345863E-2,
-2.521417319336E-4));
#1263=CARTESIAN_POINT('',(2.279037968103E-1,4.242017226896E-2,
-2.360757761418E-3));
#1264=CARTESIAN_POINT('',(2.277062072912E-1,4.225069094916E-2,
-4.463553164811E-3));
#1265=CARTESIAN_POINT('',(2.275086177721E-1,4.197703736818E-2,
-6.555343341648E-3));
#1266=CARTESIAN_POINT('',(2.273110282530E-1,4.159988623954E-2,
-8.630970825678E-3));
#1267=CARTESIAN_POINT('',(2.271134387339E-1,4.112016745776E-2,
-1.068531800099E-2));
#1268=CARTESIAN_POINT('',(2.269158492148E-1,4.053906380563E-2,
-1.271331971987E-2));
#1269=CARTESIAN_POINT('',(2.267182596957E-1,3.985800803798E-2,
-1.470997579131E-2));
#1270=CARTESIAN_POINT('',(2.265206701766E-1,3.907867934910E-2,
-1.667036330938E-2));
#1271=CARTESIAN_POINT('',(2.263230806575E-1,3.820299923259E-2,
-1.858964879096E-2));
#1272=CARTESIAN_POINT('',(2.261254911384E-1,3.723312674373E-2,
-2.046310009315E-2));
#1273=CARTESIAN_POINT('',(2.259279016193E-1,3.617145317620E-2,
-2.228609808061E-2));
#1274=CARTESIAN_POINT('',(2.257303121002E-1,3.502059616616E-2,
-2.405414801450E-2));
#1275=CARTESIAN_POINT('',(2.255327225811E-1,3.378339323825E-2,
-2.576289063452E-2));
#1276=CARTESIAN_POINT('',(2.253351330620E-1,3.246289480949E-2,
-2.740811290703E-2));
#1277=CARTESIAN_POINT('',(2.251375435429E-1,3.106235666823E-2,
-2.898575841257E-2));
#1278=CARTESIAN_POINT('',(2.249399540238E-1,2.958523194676E-2,
-3.049193734733E-2));
#1279=CARTESIAN_POINT('',(2.247423645047E-1,2.803516260733E-2,
-3.192293611366E-2));
#1280=CARTESIAN_POINT('',(2.245447749856E-1,2.641597046267E-2,
-3.327522647634E-2));
#1281=CARTESIAN_POINT('',(2.243471854665E-1,2.473164775299E-2,
-3.454547426159E-2));
#1282=CARTESIAN_POINT('',(2.241495959474E-1,2.298634730280E-2,
-3.573054757783E-2));
#1283=CARTESIAN_POINT('',(2.239520064283E-1,2.118437228183E-2,
-3.682752453752E-2));
#1284=CARTESIAN_POINT('',(2.237544169092E-1,1.933016559523E-2,
-3.783370046133E-2));
#1285=CARTESIAN_POINT('',(2.235568273901E-1,1.742829892926E-2,
-3.874659454673E-2));
#1286=CARTESIAN_POINT('',(2.233592378710E-1,1.548346147945E-2,
-3.956395598460E-2));
#1287=CARTESIAN_POINT('',(2.231616483519E-1,1.350044838903E-2,
-4.028376950872E-2));
#1288=CARTESIAN_POINT('',(2.229640588328E-1,1.148414892615E-2,
-4.090426036464E-2));
#1289=CARTESIAN_POINT('',(2.227664693137E-1,9.439534429018E-3,
-4.142389868542E-2));
#1290=CARTESIAN_POINT('',(2.225688797946E-1,7.371646048696E-3,
-4.184140326362E-2));
#1291=CARTESIAN_POINT('',(2.223712902755E-1,5.285582319753E-3,
-4.215574471027E-2));
#1292=CARTESIAN_POINT('',(2.221737007564E-1,3.186486589451E-3,
-4.236614799285E-2));
#1293=CARTESIAN_POINT('',(2.219761112373E-1,1.079534336431E-3,
-4.247209434621E-2));
#1294=CARTESIAN_POINT('',(2.217785217181E-1,-1.030079589812E-3,
-4.247332255163E-2));
#1295=CARTESIAN_POINT('',(2.215809321990E-1,-3.137153777235E-3,
-4.236982958090E-2));
#1296=CARTESIAN_POINT('',(2.213833426799E-1,-5.236493075705E-3,
-4.216187060372E-2));
#1297=CARTESIAN_POINT('',(2.211857531608E-1,-7.322921406045E-3,
-4.184995835861E-2));
#1298=CARTESIAN_POINT('',(2.209881636417E-1,-9.391294522040E-3,
-4.143486188871E-2));
#1299=CARTESIAN_POINT('',(2.207905741226E-1,-1.143651269397E-2,
-4.091760464564E-2));
#1300=CARTESIAN_POINT('',(2.205929846035E-1,-1.345353328236E-2,
-4.029946196610E-2));
#1301=CARTESIAN_POINT('',(2.203953950844E-1,-1.543738317103E-2,
-3.958195792741E-2));
#1302=CARTESIAN_POINT('',(2.201978055653E-1,-1.738317102863E-2,
-3.876686158984E-2));
#1303=CARTESIAN_POINT('',(2.200002160462E-1,-1.928609936862E-2,
-3.785618263481E-2));
#1304=CARTESIAN_POINT('',(2.198026265271E-1,-2.114147637785E-2,
-3.685216640988E-2));
#1305=CARTESIAN_POINT('',(2.196050370080E-1,-2.294472748453E-2,
-3.575728839268E-2));
#1306=CARTESIAN_POINT('',(2.194074474889E-1,-2.469140663723E-2,
-3.457424808744E-2));
#1307=CARTESIAN_POINT('',(2.192098579698E-1,-2.637720726691E-2,
-3.330596236914E-2));
#1308=CARTESIAN_POINT('',(2.190122684507E-1,-2.799797290516E-2,
-3.195555829177E-2));
#1309=CARTESIAN_POINT('',(2.188146789316E-1,-2.954970743218E-2,
-3.052636537829E-2));
#1310=CARTESIAN_POINT('',(2.186170894125E-1,-3.102858492962E-2,
-2.902190741150E-2));
#1311=CARTESIAN_POINT('',(2.184194998934E-1,-3.243095911361E-2,
-2.744589374583E-2));
#1312=CARTESIAN_POINT('',(2.182219103743E-1,-3.375337232497E-2,
-2.580221016170E-2));
#1313=CARTESIAN_POINT('',(2.180243208552E-1,-3.499256405429E-2,
-2.409490928480E-2));
#1314=CARTESIAN_POINT('',(2.178267313361E-1,-3.614547898103E-2,
-2.232820059405E-2));
#1315=CARTESIAN_POINT('',(2.176291418170E-1,-3.720927450660E-2,
-2.050644004280E-2));
#1316=CARTESIAN_POINT('',(2.174315522979E-1,-3.818132776298E-2,
-1.863411931893E-2));
#1317=CARTESIAN_POINT('',(2.172339627788E-1,-3.905924207966E-2,
-1.671585477022E-2));
#1318=CARTESIAN_POINT('',(2.170363732597E-1,-3.984085289275E-2,
-1.475637602240E-2));
#1319=CARTESIAN_POINT('',(2.168387837406E-1,-4.052423308193E-2,
-1.276051431794E-2));
#1320=CARTESIAN_POINT('',(2.166411942215E-1,-4.110769772184E-2,
-1.073319060420E-2));
#1321=CARTESIAN_POINT('',(2.164436047024E-1,-4.158980823648E-2,
-8.679403400534E-3));
#1322=CARTESIAN_POINT('',(2.162460151833E-1,-4.196937594606E-2,
-6.604216473980E-3));
#1323=CARTESIAN_POINT('',(2.160484256642E-1,-4.224546499778E-2,
-4.512746354230E-3));
#1324=CARTESIAN_POINT('',(2.158508361451E-1,-4.241739467331E-2,
-2.410149718410E-3));
#1325=CARTESIAN_POINT('',(2.156532466260E-1,-4.248474106707E-2,
-3.016106769082E-4));
#1326=CARTESIAN_POINT('',(2.154556571069E-1,-4.244733813146E-2,
1.807672008437E-3));
#1327=CARTESIAN_POINT('',(2.152580675878E-1,-4.230527808623E-2,
3.912497742278E-3));
#1328=CARTESIAN_POINT('',(2.150604780687E-1,-4.205891119112E-2,
6.007676918216E-3));
#1329=CARTESIAN_POINT('',(2.148628885496E-1,-4.170884488228E-2,
8.088043714169E-3));
#1330=CARTESIAN_POINT('',(2.146652990305E-1,-4.125594227456E-2,
1.014846882909E-2));
#1331=CARTESIAN_POINT('',(2.144677095114E-1,-4.070132003344E-2,
1.218387212966E-2));
#1332=CARTESIAN_POINT('',(2.142701199923E-1,-4.004634562185E-2,
1.418923517571E-2));
#1333=CARTESIAN_POINT('',(2.140725304732E-1,-3.929263392854E-2,
1.615961359359E-2));
#1334=CARTESIAN_POINT('',(2.138749409541E-1,-3.844204328646E-2,
1.809014926689E-2));
#1335=CARTESIAN_POINT('',(2.136773514350E-1,-3.749667089091E-2,
1.997608231449E-2));
#1336=CARTESIAN_POINT('',(2.134797619159E-1,-3.645884762875E-2,
2.181276282639E-2));
#1337=CARTESIAN_POINT('',(2.132821723968E-1,-3.533113233140E-2,
2.359566232844E-2));
#1338=CARTESIAN_POINT('',(2.130845828777E-1,-3.411630546588E-2,
2.532038494762E-2));
#1339=CARTESIAN_POINT('',(2.128869933586E-1,-3.281736227933E-2,
2.698267825038E-2));
#1340=CARTESIAN_POINT('',(2.126894038395E-1,-3.143750541404E-2,
2.857844372738E-2));
#1341=CARTESIAN_POINT('',(2.124918143204E-1,-2.998013701103E-2,
3.010374689862E-2));
#1342=CARTESIAN_POINT('',(2.122942248013E-1,-2.844885032189E-2,
3.155482701425E-2));
#1343=CARTESIAN_POINT('',(2.120966352822E-1,-2.684742084930E-2,
3.292810632692E-2));
#1344=CARTESIAN_POINT('',(2.118990457631E-1,-2.517979703826E-2,
3.422019891305E-2));
#1345=CARTESIAN_POINT('',(2.117014562440E-1,-2.345009054088E-2,
3.542791902103E-2));
#1346=CARTESIAN_POINT('',(2.115038667249E-1,-2.166256607884E-2,
3.654828892597E-2));
#1347=CARTESIAN_POINT('',(2.113062772058E-1,-1.982163092835E-2,
3.757854627147E-2));
#1348=CARTESIAN_POINT('',(2.111086876867E-1,-1.793182405368E-2,
3.851615088043E-2));
#1349=CARTESIAN_POINT('',(2.109110981676E-1,-1.599780491605E-2,
3.935879101808E-2));
#1350=CARTESIAN_POINT('',(2.107135086485E-1,-1.402434198532E-2,
4.010438909166E-2));
#1351=CARTESIAN_POINT('',(2.105159191294E-1,-1.201630098301E-2,
4.075110677297E-2));
#1352=CARTESIAN_POINT('',(2.103183296103E-1,-9.978632885466E-3,
4.129734953085E-2));
#1353=CARTESIAN_POINT('',(2.101207400912E-1,-7.916361716876E-3,
4.174177056264E-2));
#1354=CARTESIAN_POINT('',(2.099231505721E-1,-5.834572162154E-3,
4.208327411480E-2));
#1355=CARTESIAN_POINT('',(2.097255610530E-1,-3.738397030262E-3,
4.232101818459E-2));
#1356=CARTESIAN_POINT('',(2.095279715339E-1,-1.633004598887E-3,
4.245441659612E-2));
#1357=CARTESIAN_POINT('',(2.093303820148E-1,4.764141283366E-4,
4.248314044553E-2));
#1358=CARTESIAN_POINT('',(2.091327924957E-1,2.584658220640E-3,
4.240711891203E-2));
#1359=CARTESIAN_POINT('',(2.089352029766E-1,4.686529643404E-3,
4.222653943242E-2));
#1360=CARTESIAN_POINT('',(2.087376134575E-1,6.776846074307E-3,
4.194184723902E-2));
#1361=CARTESIAN_POINT('',(2.085400239384E-1,8.850453680731E-3,
4.155374426188E-2));
#1362=CARTESIAN_POINT('',(2.083424344193E-1,1.090223982692E-2,
4.106318739812E-2));
#1363=CARTESIAN_POINT('',(2.081448449002E-1,1.292714567958E-2,
4.047138615263E-2));
#1364=CARTESIAN_POINT('',(2.079472553811E-1,1.492017868080E-2,
3.977979965598E-2));
#1365=CARTESIAN_POINT('',(2.077496658620E-1,1.687642485757E-2,
3.899013306675E-2));
#1366=CARTESIAN_POINT('',(2.075520763429E-1,1.879106093760E-2,
3.810433336742E-2));
#1367=CARTESIAN_POINT('',(2.073544868238E-1,2.065936624141E-2,
3.712458456387E-2));
#1368=CARTESIAN_POINT('',(2.071568973047E-1,2.247673432152E-2,
3.605330230057E-2));
#1369=CARTESIAN_POINT('',(2.069593077856E-1,2.423868432005E-2,
3.489312790464E-2));
#1370=CARTESIAN_POINT('',(2.067617182665E-1,2.594087201655E-2,
3.364692187345E-2));
#1371=CARTESIAN_POINT('',(2.065641287474E-1,2.757910053902E-2,
3.231775682183E-2));
#1372=CARTESIAN_POINT('',(2.063665392283E-1,2.914933071165E-2,
3.090890990636E-2));
#1373=CARTESIAN_POINT('',(2.061689497092E-1,3.064769101367E-2,
2.942385474521E-2));
#1374=CARTESIAN_POINT('',(2.059713601901E-1,3.207048712487E-2,
2.786625285377E-2));
#1375=CARTESIAN_POINT('',(2.057737706710E-1,3.341421103427E-2,
2.623994461682E-2));
#1376=CARTESIAN_POINT('',(2.055761811519E-1,3.467554968936E-2,
2.454893981982E-2));
#1377=CARTESIAN_POINT('',(2.053785916328E-1,3.585139316467E-2,
2.279740776249E-2));
#1378=CARTESIAN_POINT('',(2.051810021137E-1,3.693884232952E-2,
2.098966697904E-2));
#1379=CARTESIAN_POINT('',(2.049834125946E-1,3.793521599611E-2,
1.913017459056E-2));
#1380=CARTESIAN_POINT('',(2.047858230755E-1,3.883805753008E-2,
1.722351531559E-2));
#1381=CARTESIAN_POINT('',(2.045882335564E-1,3.964514090764E-2,
1.527439016621E-2));
#1382=CARTESIAN_POINT('',(2.043906440373E-1,4.035447620392E-2,
1.328760485729E-2));
#1383=CARTESIAN_POINT('',(2.041930545182E-1,4.096431449932E-2,
1.126805795767E-2));
#1384=CARTESIAN_POINT('',(2.039954649991E-1,4.147315219157E-2,
9.220728812366E-3));
#1385=CARTESIAN_POINT('',(2.037978754800E-1,4.187973470303E-2,
7.150665265596E-3));
#1386=CARTESIAN_POINT('',(2.036002859609E-1,4.218305957387E-2,
5.062971214972E-3));
#1387=CARTESIAN_POINT('',(2.034026964418E-1,4.238237893379E-2,
2.962794027437E-3));
#1388=CARTESIAN_POINT('',(2.032051069227E-1,4.247720134589E-2,
8.553118480463E-4));
#1389=CARTESIAN_POINT('',(2.030075174036E-1,4.246729301836E-2,
-1.254279167134E-3));
#1390=CARTESIAN_POINT('',(2.028099278845E-1,4.235267838094E-2,
-3.360777662546E-3));
#1391=CARTESIAN_POINT('',(2.026123383654E-1,4.213364002465E-2,
-5.458989907472E-3));
#1392=CARTESIAN_POINT('',(2.024147488463E-1,4.181071800505E-2,
-7.543742601568E-3));
#1393=CARTESIAN_POINT('',(2.022171593272E-1,4.138470851071E-2,
-9.609895630029E-3));
#1394=CARTESIAN_POINT('',(2.020195698081E-1,4.085666190013E-2,
-1.165235473692E-2));
#1395=CARTESIAN_POINT('',(2.018219802890E-1,4.022788011200E-2,
-1.366608408547E-2));
#1396=CARTESIAN_POINT('',(2.016243907699E-1,3.949991345519E-2,
-1.564611867427E-2));
#1397=CARTESIAN_POINT('',(2.014268012508E-1,3.867455678632E-2,
-1.758757657890E-2));
#1398=CARTESIAN_POINT('',(2.012292117317E-1,3.775384508443E-2,
-1.948567098864E-2));
#1399=CARTESIAN_POINT('',(2.010316222126E-1,3.674004843358E-2,
-2.133572200875E-2));
#1400=CARTESIAN_POINT('',(2.008340326935E-1,3.563566642578E-2,
-2.313316819908E-2));
#1401=CARTESIAN_POINT('',(2.006364431744E-1,3.444342199806E-2,
-2.487357782065E-2));
#1402=CARTESIAN_POINT('',(2.004388536553E-1,3.316625471887E-2,
-2.655265976244E-2));
#1403=CARTESIAN_POINT('',(2.002412641362E-1,3.180731354033E-2,
-2.816627412143E-2));
#1404=CARTESIAN_POINT('',(2.000436746171E-1,3.036994903429E-2,
-2.971044240989E-2));
#1405=CARTESIAN_POINT('',(1.998460850980E-1,2.885770513121E-2,
-3.118135736456E-2));
#1406=CARTESIAN_POINT('',(1.996484955789E-1,2.727431038235E-2,
-3.257539233384E-2));
#1407=CARTESIAN_POINT('',(1.994509060598E-1,2.562366876674E-2,
-3.388911021949E-2));
#1408=CARTESIAN_POINT('',(1.992533165407E-1,2.390985006561E-2,
-3.511927195112E-2));
#1409=CARTESIAN_POINT('',(1.990557270216E-1,2.213707982808E-2,
-3.626284447229E-2));
#1410=CARTESIAN_POINT('',(1.988581375025E-1,2.030972895270E-2,
-3.731700821883E-2));
#1411=CARTESIAN_POINT('',(1.986605479834E-1,1.843230291070E-2,
-3.827916407061E-2));
#1412=CARTESIAN_POINT('',(1.984629584643E-1,1.650943063741E-2,
-3.914693975990E-2));
#1413=CARTESIAN_POINT('',(1.982653689452E-1,1.454585311928E-2,
-3.991819572036E-2));
#1414=CARTESIAN_POINT('',(1.980677794261E-1,1.254641170457E-2,
-4.059103036233E-2));
#1415=CARTESIAN_POINT('',(1.978701899070E-1,1.051603616672E-2,
-4.116378476133E-2));
#1416=CARTESIAN_POINT('',(1.976726003879E-1,8.459732549548E-3,
-4.163504674822E-2));
#1417=CARTESIAN_POINT('',(1.974750108688E-1,6.382570824525E-3,
-4.200365439109E-2));
#1418=CARTESIAN_POINT('',(1.972774213497E-1,4.289672390351E-3,
-4.226869886003E-2));
#1419=CARTESIAN_POINT('',(1.970798318306E-1,2.186197445769E-3,
-4.242952666793E-2));
#1420=CARTESIAN_POINT('',(1.968822423115E-1,7.733226670250E-5,
-4.248574128172E-2));
#1421=CARTESIAN_POINT('',(1.966846527924E-1,-2.031723580892E-3,
-4.243720410003E-2));
#1422=CARTESIAN_POINT('',(1.964870632733E-1,-4.135770060954E-3,
-4.228403479494E-2));
#1423=CARTESIAN_POINT('',(1.962894737542E-1,-6.229619488392E-3,
-4.202661101691E-2));
#1424=CARTESIAN_POINT('',(1.960918842351E-1,-8.308109319719E-3,
-4.166556746365E-2));
#1425=CARTESIAN_POINT('',(1.958942947160E-1,-1.036611488169E-2,
-4.120179431525E-2));
#1426=CARTESIAN_POINT('',(1.956967051969E-1,-1.239856200657E-2,
-4.063643503933E-2));
#1427=CARTESIAN_POINT('',(1.954991156778E-1,-1.440043954286E-2,
-3.997088357178E-2));
#1428=CARTESIAN_POINT('',(1.953015261587E-1,-1.636681171071E-2,
-3.920678087988E-2));
#1429=CARTESIAN_POINT('',(1.951039366396E-1,-1.829283027142E-2,
-3.834601091636E-2));
#1430=CARTESIAN_POINT('',(1.949063471205E-1,-2.017374648114E-2,
-3.739069597442E-2));
#1431=CARTESIAN_POINT('',(1.947087576014E-1,-2.200492279927E-2,
-3.634319145500E-2));
#1432=CARTESIAN_POINT('',(1.945111680823E-1,-2.378184432266E-2,
-3.520608005941E-2));
#1433=CARTESIAN_POINT('',(1.943135785632E-1,-2.550012991744E-2,
-3.398216542144E-2));
#1434=CARTESIAN_POINT('',(1.941159890441E-1,-2.715554302105E-2,
-3.267446519483E-2));
#1435=CARTESIAN_POINT('',(1.939183995250E-1,-2.874400208779E-2,
-3.128620361300E-2));
#1436=CARTESIAN_POINT('',(1.937208100059E-1,-3.026159065215E-2,
-2.982080353944E-2));
#1437=CARTESIAN_POINT('',(1.935232204868E-1,-3.170456698524E-2,
-2.828187802843E-2));
#1438=CARTESIAN_POINT('',(1.933256309677E-1,-3.306937332019E-2,
-2.667322141674E-2));
#1439=CARTESIAN_POINT('',(1.931280414486E-1,-3.435264462419E-2,
-2.499879996841E-2));
#1440=CARTESIAN_POINT('',(1.929304519295E-1,-3.555121689517E-2,
-2.326274209566E-2));
#1441=CARTESIAN_POINT('',(1.927328624104E-1,-3.666213496290E-2,
-2.146932817995E-2));
#1442=CARTESIAN_POINT('',(1.925352728913E-1,-3.768265977521E-2,
-1.962298001839E-2));
#1443=CARTESIAN_POINT('',(1.923376833722E-1,-3.861027515131E-2,
-1.772824992143E-2));
#1444=CARTESIAN_POINT('',(1.921400938531E-1,-3.944269398560E-2,
-1.578980948888E-2));
#1445=CARTESIAN_POINT('',(1.919425043340E-1,-4.017786388675E-2,
-1.381243809155E-2));
#1446=CARTESIAN_POINT('',(1.917449148149E-1,-4.081397223797E-2,
-1.180101108798E-2));
#1447=CARTESIAN_POINT('',(1.915473252958E-1,-4.134945066632E-2,
-9.760487801360E-3));
#1448=CARTESIAN_POINT('',(1.913497357767E-1,-4.178297890890E-2,
-7.695899301568E-3));
#1449=CARTESIAN_POINT('',(1.911521462576E-1,-4.211348807104E-2,
-5.612335964675E-3));
#1450=CARTESIAN_POINT('',(1.910204199115E-1,-4.226460485739E-2,
-4.214068692627E-3));
#1451=CARTESIAN_POINT('',(1.909545567385E-1,-4.232276444365E-2,
-3.513490626084E-3));
#1453=CARTESIAN_POINT('',(2.324166686228E-1,4.990174110388E-2,0.E0));
#1454=CARTESIAN_POINT('',(2.323690285129E-1,4.992924613415E-2,
-7.966490627589E-4));
#1455=CARTESIAN_POINT('',(2.322737679079E-1,4.994608355146E-2,
-2.392254336159E-3));
#1456=CARTESIAN_POINT('',(2.321309359330E-1,4.985652756526E-2,
-4.787080523903E-3));
#1457=CARTESIAN_POINT('',(2.319881626252E-1,4.965212948996E-2,
-7.177817391775E-3));
#1458=CARTESIAN_POINT('',(2.318454479213E-1,4.933312380942E-2,
-9.558956768941E-3));
#1459=CARTESIAN_POINT('',(2.317027917059E-1,4.890000911080E-2,
-1.192500675005E-2));
#1460=CARTESIAN_POINT('',(2.315601937655E-1,4.835354647789E-2,
-1.427050509522E-2));
#1461=CARTESIAN_POINT('',(2.314176540045E-1,4.769475861851E-2,
-1.659002821034E-2));
#1462=CARTESIAN_POINT('',(2.312751722174E-1,4.692492671757E-2,
-1.887820735772E-2));
#1463=CARTESIAN_POINT('',(2.311327483522E-1,4.604558892184E-2,
-2.112973673870E-2));
#1464=CARTESIAN_POINT('',(2.309903821887E-1,4.505853514349E-2,
-2.333939082572E-2));
#1465=CARTESIAN_POINT('',(2.308480736345E-1,4.396580475110E-2,
-2.550203165483E-2));
#1466=CARTESIAN_POINT('',(2.307058225414E-1,4.276968093512E-2,
-2.761262353632E-2));
#1467=CARTESIAN_POINT('',(2.305636287587E-1,4.147268580593E-2,
-2.966624371986E-2));
#1468=CARTESIAN_POINT('',(2.304214921583E-1,4.007757501460E-2,
-3.165809335949E-2));
#1469=CARTESIAN_POINT('',(2.302794125614E-1,3.858733079083E-2,
-3.358350949884E-2));
#1470=CARTESIAN_POINT('',(2.301373899070E-1,3.700515702037E-2,
-3.543797351205E-2));
#1471=CARTESIAN_POINT('',(2.299954240181E-1,3.533446957516E-2,
-3.721712461276E-2));
#1472=CARTESIAN_POINT('',(2.298535147699E-1,3.357889035537E-2,
-3.891676755861E-2));
#1473=CARTESIAN_POINT('',(2.297116619710E-1,3.174223772099E-2,
-4.053288372086E-2));
#1474=CARTESIAN_POINT('',(2.295698655318E-1,2.982852000008E-2,
-4.206163830277E-2));
#1475=CARTESIAN_POINT('',(2.294281253610E-1,2.784192529435E-2,
-4.349939049302E-2));
#1476=CARTESIAN_POINT('',(2.292864412976E-1,2.578681099164E-2,
-4.484270239900E-2));
#1477=CARTESIAN_POINT('',(2.291448131547E-1,2.366769441923E-2,
-4.608834629140E-2));
#1478=CARTESIAN_POINT('',(2.290032408152E-1,2.148924413200E-2,
-4.723331116928E-2));
#1479=CARTESIAN_POINT('',(2.288617241816E-1,1.925626874885E-2,
-4.827481026276E-2));
#1480=CARTESIAN_POINT('',(2.287202631663E-1,1.697370599745E-2,
-4.921028757294E-2));
#1481=CARTESIAN_POINT('',(2.285788575799E-1,1.464660973281E-2,
-5.003742435893E-2));
#1482=CARTESIAN_POINT('',(2.284375072856E-1,1.228014100609E-2,
-5.075414331165E-2));
#1483=CARTESIAN_POINT('',(2.282962121864E-1,9.879556349130E-3,
-5.135861365296E-2));
#1484=CARTESIAN_POINT('',(2.281549721120E-1,7.450194008077E-3,
-5.184925579971E-2));
#1485=CARTESIAN_POINT('',(2.280137869820E-1,4.997464739437E-3,
-5.222474437973E-2));
#1486=CARTESIAN_POINT('',(2.278726566167E-1,2.526836392091E-3,
-5.248401192937E-2));
#1487=CARTESIAN_POINT('',(2.277315809343E-1,4.382504511464E-5,
-5.262625085332E-2));
#1488=CARTESIAN_POINT('',(2.275905597756E-1,-2.446020430233E-3,
-5.265091572149E-2));
#1489=CARTESIAN_POINT('',(2.274495930319E-1,-4.937128586247E-3,
-5.255772435735E-2));
#1490=CARTESIAN_POINT('',(2.273086805833E-1,-7.423918974408E-3,
-5.234665871179E-2));
#1491=CARTESIAN_POINT('',(2.271678222785E-1,-9.900815020307E-3,
-5.201796483746E-2));
#1492=CARTESIAN_POINT('',(2.270270180248E-1,-1.236225492952E-2,
-5.157215266204E-2));
#1493=CARTESIAN_POINT('',(2.268862676658E-1,-1.480270630689E-2,
-5.100999462149E-2));
#1494=CARTESIAN_POINT('',(2.267455711127E-1,-1.721667623899E-2,
-5.033252444875E-2));
#1495=CARTESIAN_POINT('',(2.266049282146E-1,-1.959872585390E-2,
-4.954103446983E-2));
#1496=CARTESIAN_POINT('',(2.264643388277E-1,-2.194348125615E-2,
-4.863707297992E-2));
#1497=CARTESIAN_POINT('',(2.263238028569E-1,-2.424564487739E-2,
-4.762244125416E-2));
#1498=CARTESIAN_POINT('',(2.261833202142E-1,-2.650000806580E-2,
-4.649918947593E-2));
#1499=CARTESIAN_POINT('',(2.260428907609E-1,-2.870146364028E-2,
-4.526961172574E-2));
#1500=CARTESIAN_POINT('',(2.259025143570E-1,-3.084501644791E-2,
-4.393624124742E-2));
#1501=CARTESIAN_POINT('',(2.257621908684E-1,-3.292579440813E-2,
-4.250184496839E-2));
#1502=CARTESIAN_POINT('',(2.256219202042E-1,-3.493905887545E-2,
-4.096941787975E-2));
#1503=CARTESIAN_POINT('',(2.254817022576E-1,-3.688021613557E-2,
-3.934217591378E-2));
#1504=CARTESIAN_POINT('',(2.253415368911E-1,-3.874482779212E-2,
-3.762354861442E-2));
#1505=CARTESIAN_POINT('',(2.252014239818E-1,-4.052862002206E-2,
-3.581717211002E-2));
#1506=CARTESIAN_POINT('',(2.250613634032E-1,-4.222749335868E-2,
-3.392688091136E-2));
#1507=CARTESIAN_POINT('',(2.249213550689E-1,-4.383753134175E-2,
-3.195670012191E-2));
#1508=CARTESIAN_POINT('',(2.247813988386E-1,-4.535501036015E-2,
-2.991083529389E-2));
#1509=CARTESIAN_POINT('',(2.246414946087E-1,-4.677640687833E-2,
-2.779366442874E-2));
#1510=CARTESIAN_POINT('',(2.245016422551E-1,-4.809840595020E-2,
-2.560972756446E-2));
#1511=CARTESIAN_POINT('',(2.243618416638E-1,-4.931790826627E-2,
-2.336371723754E-2));
#1512=CARTESIAN_POINT('',(2.242220927259E-1,-5.043203715970E-2,
-2.106046813271E-2));
#1513=CARTESIAN_POINT('',(2.240823953102E-1,-5.143814521330E-2,
-1.870494599494E-2));
#1514=CARTESIAN_POINT('',(2.239427493246E-1,-5.233381971753E-2,
-1.630223777935E-2));
#1515=CARTESIAN_POINT('',(2.238031546496E-1,-5.311688857839E-2,
-1.385753936720E-2));
#1516=CARTESIAN_POINT('',(2.236636111728E-1,-5.378542488885E-2,
-1.137614475403E-2));
#1517=CARTESIAN_POINT('',(2.235241187705E-1,-5.433775138613E-2,
-8.863434113970E-3));
#1518=CARTESIAN_POINT('',(2.233846773103E-1,-5.477244404734E-2,
-6.324862043755E-3));
#1519=CARTESIAN_POINT('',(2.232452867849E-1,-5.508833530313E-2,
-3.765948103404E-3));
#1520=CARTESIAN_POINT('',(2.231059467851E-1,-5.528451716305E-2,
-1.192254985642E-3));
#1521=CARTESIAN_POINT('',(2.229666582953E-1,-5.536034193146E-2,
1.390590411197E-3));
#1522=CARTESIAN_POINT('',(2.228274208551E-1,-5.531542787724E-2,
3.976961800563E-3));
#1523=CARTESIAN_POINT('',(2.226882337285E-1,-5.514965468108E-2,
6.561224446398E-3));
#1524=CARTESIAN_POINT('',(2.225490970337E-1,-5.486316615034E-2,
9.137726297190E-3));
#1525=CARTESIAN_POINT('',(2.224100106284E-1,-5.445637001812E-2,
1.170083107264E-2));
#1526=CARTESIAN_POINT('',(2.222709744085E-1,-5.392993697425E-2,
1.424492500653E-2));
#1527=CARTESIAN_POINT('',(2.221319883050E-1,-5.328479959723E-2,
1.676442919492E-2));
#1528=CARTESIAN_POINT('',(2.219930522226E-1,-5.252215014996E-2,
1.925381292831E-2));
#1529=CARTESIAN_POINT('',(2.219004614424E-1,-5.193634207126E-2,
2.088967456938E-2));
#1530=CARTESIAN_POINT('',(2.218541743770E-1,-5.162437833373E-2,
2.170077329626E-2));
#1532=CARTESIAN_POINT('',(2.218541743770E-1,-2.115918503064E-2,
5.184871154464E-2));
#1533=CARTESIAN_POINT('',(2.219475287619E-1,-2.194982081872E-2,
5.146784370082E-2));
#1534=CARTESIAN_POINT('',(2.221343050558E-1,-2.351144628368E-2,
5.066968089903E-2));
#1535=CARTESIAN_POINT('',(2.224146717047E-1,-2.578993063354E-2,
4.936621638670E-2));
#1536=CARTESIAN_POINT('',(2.226952416533E-1,-2.799961105697E-2,
4.795981838148E-2));
#1537=CARTESIAN_POINT('',(2.229760156870E-1,-3.013579919182E-2,
4.645399878431E-2));
#1538=CARTESIAN_POINT('',(2.232569947867E-1,-3.219398284426E-2,
4.485248441829E-2));
#1539=CARTESIAN_POINT('',(2.235381798358E-1,-3.416983373343E-2,
4.315920989796E-2));
#1540=CARTESIAN_POINT('',(2.238195716480E-1,-3.605921752342E-2,
4.137830870695E-2));
#1541=CARTESIAN_POINT('',(2.241011710900E-1,-3.785820395006E-2,
3.951410301433E-2));
#1542=CARTESIAN_POINT('',(2.243829791162E-1,-3.956307571168E-2,
3.757109346531E-2));
#1543=CARTESIAN_POINT('',(2.246649966469E-1,-4.117033597471E-2,
3.555394966489E-2));
#1544=CARTESIAN_POINT('',(2.249472246078E-1,-4.267671645987E-2,
3.346749925447E-2));
#1545=CARTESIAN_POINT('',(2.252296638650E-1,-4.407918445345E-2,
3.131671735775E-2));
#1546=CARTESIAN_POINT('',(2.255123153722E-1,-4.537495035231E-2,
2.910671407712E-2));
#1547=CARTESIAN_POINT('',(2.257951800747E-1,-4.656147334892E-2,
2.684272344661E-2));
#1548=CARTESIAN_POINT('',(2.260782589397E-1,-4.763646723721E-2,
2.453009118671E-2));
#1549=CARTESIAN_POINT('',(2.263615528889E-1,-4.859790526436E-2,
2.217426296236E-2));
#1550=CARTESIAN_POINT('',(2.266450628891E-1,-4.944402500215E-2,
1.978077111868E-2));
#1551=CARTESIAN_POINT('',(2.269287899302E-1,-5.017333208828E-2,
1.735522209051E-2));
#1552=CARTESIAN_POINT('',(2.272127349460E-1,-5.078460336572E-2,
1.490328416051E-2));
#1553=CARTESIAN_POINT('',(2.274968989887E-1,-5.127688990736E-2,
1.243067286433E-2));
#1554=CARTESIAN_POINT('',(2.277812829666E-1,-5.164951858035E-2,
9.943140051138E-3));
#1555=CARTESIAN_POINT('',(2.280658880091E-1,-5.190209394072E-2,
7.446457397807E-3));
#1556=CARTESIAN_POINT('',(2.283507149822E-1,-5.203449857272E-2,
4.946407264024E-3));
#1557=CARTESIAN_POINT('',(2.286357651367E-1,-5.204689325498E-2,
2.448763646954E-3));
#1558=CARTESIAN_POINT('',(2.289210385644E-1,-5.193971760581E-2,
-4.070786102238E-5));
#1559=CARTESIAN_POINT('',(2.292065402456E-1,-5.171368370415E-2,
-2.516315838543E-3));
#1560=CARTESIAN_POINT('',(2.294922676926E-1,-5.136978241202E-2,
-4.972348857371E-3));
#1561=CARTESIAN_POINT('',(2.297782228145E-1,-5.090927562746E-2,
-7.403192240433E-3));
#1562=CARTESIAN_POINT('',(2.300644064341E-1,-5.033369481312E-2,
-9.803293272024E-3));
#1563=CARTESIAN_POINT('',(2.303508197843E-1,-4.964483658623E-2,
-1.216718717758E-2));
#1564=CARTESIAN_POINT('',(2.306374640380E-1,-4.884475850706E-2,
-1.448950576501E-2));
#1565=CARTESIAN_POINT('',(2.309243402240E-1,-4.793577470948E-2,
-1.676498940006E-2));
#1566=CARTESIAN_POINT('',(2.312114493927E-1,-4.692044994251E-2,
-1.898850072442E-2));
#1567=CARTESIAN_POINT('',(2.314987926774E-1,-4.580159311372E-2,
-2.115503716324E-2));
#1568=CARTESIAN_POINT('',(2.317863713807E-1,-4.458224995949E-2,
-2.325974318915E-2));
#1569=CARTESIAN_POINT('',(2.320741866115E-1,-4.326569717469E-2,
-2.529791901205E-2));
#1570=CARTESIAN_POINT('',(2.323622394721E-1,-4.185543394275E-2,
-2.726503314237E-2));
#1571=CARTESIAN_POINT('',(2.326505310635E-1,-4.035517347978E-2,
-2.915673311821E-2));
#1572=CARTESIAN_POINT('',(2.329390626482E-1,-3.876883316766E-2,
-3.096885677070E-2));
#1573=CARTESIAN_POINT('',(2.332278354646E-1,-3.710052595350E-2,
-3.269744071163E-2));
#1574=CARTESIAN_POINT('',(2.335168506557E-1,-3.535455096206E-2,
-3.433872937171E-2));
#1575=CARTESIAN_POINT('',(2.338061095086E-1,-3.353538167918E-2,
-3.588918524995E-2));
#1576=CARTESIAN_POINT('',(2.340956131871E-1,-3.164765675429E-2,
-3.734549575520E-2));
#1577=CARTESIAN_POINT('',(2.343853629898E-1,-2.969616716268E-2,
-3.870458242017E-2));
#1578=CARTESIAN_POINT('',(2.346753601220E-1,-2.768584606080E-2,
-3.996360700075E-2));
#1579=CARTESIAN_POINT('',(2.349656058857E-1,-2.562175556575E-2,
-4.111997909134E-2));
#1580=CARTESIAN_POINT('',(2.352561015279E-1,-2.350907549173E-2,
-4.217136154657E-2));
#1581=CARTESIAN_POINT('',(2.355468483569E-1,-2.135308995144E-2,
-4.311567648914E-2));
#1582=CARTESIAN_POINT('',(2.358378477293E-1,-1.915917454584E-2,
-4.395111003044E-2));
#1583=CARTESIAN_POINT('',(2.361291008953E-1,-1.693278444862E-2,
-4.467611611243E-2));
#1584=CARTESIAN_POINT('',(2.364206091304E-1,-1.467944013138E-2,
-4.528942060948E-2));
#1585=CARTESIAN_POINT('',(2.367123737840E-1,-1.240471347810E-2,
-4.579002431231E-2));
#1586=CARTESIAN_POINT('',(2.370043962847E-1,-1.011421408725E-2,
-4.617720507895E-2));
#1587=CARTESIAN_POINT('',(2.372966779883E-1,-7.813576727205E-3,
-4.645051919574E-2));
#1588=CARTESIAN_POINT('',(2.375892202060E-1,-5.508447310866E-3,
-4.660980250821E-2));
#1589=CARTESIAN_POINT('',(2.378820243248E-1,-3.204468072639E-3,
-4.665517076173E-2));
#1590=CARTESIAN_POINT('',(2.381750917957E-1,-9.072637809507E-4,
-4.658701902135E-2));
#1591=CARTESIAN_POINT('',(2.384684240658E-1,1.377571566112E-3,
-4.640602048734E-2));
#1592=CARTESIAN_POINT('',(2.387620225156E-1,3.644488061123E-3,
-4.611312479844E-2));
#1593=CARTESIAN_POINT('',(2.390558885783E-1,5.887994528696E-3,
-4.570955548848E-2));
#1594=CARTESIAN_POINT('',(2.393500237241E-1,8.102671973683E-3,
-4.519680673879E-2));
#1595=CARTESIAN_POINT('',(2.396444294704E-1,1.028318706338E-2,
-4.457663944107E-2));
#1596=CARTESIAN_POINT('',(2.399391072972E-1,1.242430471511E-2,
-4.385107681562E-2));
#1597=CARTESIAN_POINT('',(2.402340586527E-1,1.452090118047E-2,
-4.302239932173E-2));
#1598=CARTESIAN_POINT('',(2.405292851215E-1,1.656797796823E-2,
-4.209313829240E-2));
#1599=CARTESIAN_POINT('',(2.408247881834E-1,1.856067258661E-2,
-4.106607013883E-2));
#1600=CARTESIAN_POINT('',(2.411205694609E-1,2.049427235953E-2,
-3.994420845244E-2));
#1601=CARTESIAN_POINT('',(2.414166304397E-1,2.236422433586E-2,
-3.873079727840E-2));
#1602=CARTESIAN_POINT('',(2.417129727865E-1,2.416614872640E-2,
-3.742930160077E-2));
#1603=CARTESIAN_POINT('',(2.420095980518E-1,2.589584795852E-2,
-3.604339963252E-2));
#1604=CARTESIAN_POINT('',(2.423065078390E-1,2.754931829811E-2,
-3.457697274175E-2));
#1605=CARTESIAN_POINT('',(2.426037037912E-1,2.912275975409E-2,
-3.303409548974E-2));
#1606=CARTESIAN_POINT('',(2.429011875977E-1,3.061258562604E-2,
-3.141902510399E-2));
#1607=CARTESIAN_POINT('',(2.431989609581E-1,3.201543127692E-2,
-2.973619069340E-2));
#1608=CARTESIAN_POINT('',(2.434970254337E-1,3.332816199772E-2,
-2.799018276872E-2));
#1609=CARTESIAN_POINT('',(2.437953827742E-1,3.454788241400E-2,
-2.618573954472E-2));
#1610=CARTESIAN_POINT('',(2.440940347311E-1,3.567194279755E-2,
-2.432773570910E-2));
#1611=CARTESIAN_POINT('',(2.443929831267E-1,3.669794600590E-2,
-2.242116941001E-2));
#1612=CARTESIAN_POINT('',(2.446922296774E-1,3.762375279809E-2,
-2.047115042894E-2));
#1613=CARTESIAN_POINT('',(2.449917758487E-1,3.844748732594E-2,
-1.848288804284E-2));
#1614=CARTESIAN_POINT('',(2.451916747915E-1,3.892752572501E-2,
-1.713540806204E-2));
#1615=CARTESIAN_POINT('',(2.452916744911E-1,3.915004210209E-2,
-1.645707173034E-2));
#1617=DIRECTION('',(8.660254037844E-1,5.E-1,0.E0));
#1618=VECTOR('',#1617,9.478164660464E-3);
#1619=CARTESIAN_POINT('',(2.417916686228E-1,-4.448908233023E-2,0.E0));
#1620=LINE('',#1619,#1618);
#1621=DIRECTION('',(8.660254037844E-1,-5.E-1,0.E0));
#1622=VECTOR('',#1621,2.030348220777E-2);
#1623=CARTESIAN_POINT('',(2.324166686228E-1,4.990174110388E-2,0.E0));
#1624=LINE('',#1623,#1622);
#1625=CARTESIAN_POINT('',(2.417916686228E-1,-4.448908233023E-2,0.E0));
#1626=CARTESIAN_POINT('',(2.417421388275E-1,-4.451767837087E-2,
7.384117127451E-4));
#1627=CARTESIAN_POINT('',(2.416430529174E-1,-4.453812315281E-2,
2.218476487737E-3));
#1628=CARTESIAN_POINT('',(2.414942671213E-1,-4.445774380785E-2,
4.443959308424E-3));
#1629=CARTESIAN_POINT('',(2.413455583106E-1,-4.426606244456E-2,
6.665768108366E-3));
#1630=CARTESIAN_POINT('',(2.411971849313E-1,-4.396399719786E-2,
8.874499654024E-3));
#1631=CARTESIAN_POINT('',(2.410489647244E-1,-4.355215062261E-2,
1.106739734601E-2));
#1632=CARTESIAN_POINT('',(2.409006955076E-1,-4.303056360915E-2,
1.324194262986E-2));
#1633=CARTESIAN_POINT('',(2.407526318952E-1,-4.240123453912E-2,
1.538897762722E-2));
#1634=CARTESIAN_POINT('',(2.406044892683E-1,-4.166421702494E-2,
1.750722244283E-2));
#1635=CARTESIAN_POINT('',(2.404565883305E-1,-4.082271588122E-2,
1.958679543079E-2));
#1636=CARTESIAN_POINT('',(2.403085935026E-1,-3.987667259688E-2,
2.162717506233E-2));
#1637=CARTESIAN_POINT('',(2.401608111183E-1,-3.883009612185E-2,
2.361899100154E-2));
#1638=CARTESIAN_POINT('',(2.400129661392E-1,-3.768342983585E-2,
2.556092964392E-2));
#1639=CARTESIAN_POINT('',(2.398653087904E-1,-3.644114084746E-2,
2.744476075264E-2));
#1640=CARTESIAN_POINT('',(2.397176847453E-1,-3.510495818510E-2,
2.926779079697E-2));
#1641=CARTESIAN_POINT('',(2.395698707769E-1,-3.367558347386E-2,
3.102790570998E-2));
#1642=CARTESIAN_POINT('',(2.394221181995E-1,-3.215845528047E-2,
3.271738559355E-2));
#1643=CARTESIAN_POINT('',(2.392746541925E-1,-3.055968313466E-2,
3.432950040074E-2));
#1644=CARTESIAN_POINT('',(2.391273737456E-1,-2.888220582652E-2,
3.586157975512E-2));
#1645=CARTESIAN_POINT('',(2.389800078291E-1,-2.712684383691E-2,
3.731244036468E-2));
#1646=CARTESIAN_POINT('',(2.388325730831E-1,-2.529763826482E-2,
3.867784332682E-2));
#1647=CARTESIAN_POINT('',(2.386853362659E-1,-2.340222647385E-2,
3.995177360858E-2));
#1648=CARTESIAN_POINT('',(2.385382849416E-1,-2.144514280105E-2,
4.113129290335E-2));
#1649=CARTESIAN_POINT('',(2.383913071567E-1,-1.942962203322E-2,
4.221434179511E-2));
#1650=CARTESIAN_POINT('',(2.382442449634E-1,-1.735818443699E-2,
4.319904816623E-2));
#1651=CARTESIAN_POINT('',(2.380972413326E-1,-1.523765679948E-2,
4.408158043070E-2));
#1652=CARTESIAN_POINT('',(2.379504813801E-1,-1.307589923023E-2,
4.485872992054E-2));
#1653=CARTESIAN_POINT('',(2.378036596211E-1,-1.087358884639E-2,
4.552999085208E-2));
#1654=CARTESIAN_POINT('',(2.376570289182E-1,-8.639781570740E-3,
4.609234822402E-2));
#1655=CARTESIAN_POINT('',(2.375102927511E-1,-6.375306555604E-3,
4.654524968267E-2));
#1656=CARTESIAN_POINT('',(2.373637987892E-1,-4.090956303906E-3,
4.688628469913E-2));
#1657=CARTESIAN_POINT('',(2.372172109433E-1,-1.787005527934E-3,
4.711521907249E-2));
#1658=CARTESIAN_POINT('',(2.370707572324E-1,5.274473593105E-4,
4.723069645947E-2));
#1659=CARTESIAN_POINT('',(2.369244082665E-1,2.847261702472E-3,
4.723240812188E-2));
#1660=CARTESIAN_POINT('',(2.367781339424E-1,5.167316943876E-3,
4.712013674956E-2));
#1661=CARTESIAN_POINT('',(2.366318538801E-1,7.483282491728E-3,
4.689379783307E-2));
#1662=CARTESIAN_POINT('',(2.364855168090E-1,9.790336846836E-3,
4.655328854036E-2));
#1663=CARTESIAN_POINT('',(2.363394314498E-1,1.207803051041E-2,
4.610000589696E-2));
#1664=CARTESIAN_POINT('',(2.361934186153E-1,1.434365605802E-2,
4.553452148385E-2));
#1665=CARTESIAN_POINT('',(2.360474501948E-1,1.658214992684E-2,
4.485782207450E-2));
#1666=CARTESIAN_POINT('',(2.359013288151E-1,1.879100587431E-2,
4.407007815572E-2));
#1667=CARTESIAN_POINT('',(2.357553045325E-1,2.096095664004E-2,
4.317399801144E-2));
#1668=CARTESIAN_POINT('',(2.356095721912E-1,2.308393694262E-2,
4.217307283942E-2));
#1669=CARTESIAN_POINT('',(2.354639084709E-1,2.515815904264E-2,
4.106827766171E-2));
#1670=CARTESIAN_POINT('',(2.353180322093E-1,2.718236262512E-2,
3.985952733279E-2));
#1671=CARTESIAN_POINT('',(2.351721643662E-1,2.914828842421E-2,
3.855093545621E-2));
#1672=CARTESIAN_POINT('',(2.350264618358E-1,3.104898544314E-2,
3.714687654262E-2));
#1673=CARTESIAN_POINT('',(2.348811142520E-1,3.287763941901E-2,
3.565282963426E-2));
#1674=CARTESIAN_POINT('',(2.347356358482E-1,3.463588628602E-2,
3.406723863793E-2));
#1675=CARTESIAN_POINT('',(2.345903242569E-1,3.631566509086E-2,
3.239679325386E-2));
#1676=CARTESIAN_POINT('',(2.344450196593E-1,3.791473873201E-2,
3.064356375296E-2));
#1677=CARTESIAN_POINT('',(2.342997920747E-1,3.942826803800E-2,
2.881231054611E-2));
#1678=CARTESIAN_POINT('',(2.341546526035E-1,4.085243556596E-2,
2.690744216013E-2));
#1679=CARTESIAN_POINT('',(2.340095089779E-1,4.218447823600E-2,
2.493205483466E-2));
#1680=CARTESIAN_POINT('',(2.338645303070E-1,4.341956914587E-2,
2.289305260648E-2));
#1681=CARTESIAN_POINT('',(2.337194740999E-1,4.455654264953E-2,
2.079168118266E-2));
#1682=CARTESIAN_POINT('',(2.335746846436E-1,4.558990224753E-2,
1.863783700396E-2));
#1683=CARTESIAN_POINT('',(2.334296981116E-1,4.652029231169E-2,
1.642961848464E-2));
#1684=CARTESIAN_POINT('',(2.332846389221E-1,4.734392970743E-2,
1.417378463246E-2));
#1685=CARTESIAN_POINT('',(2.331396690021E-1,4.805758918935E-2,
1.187807351125E-2));
#1686=CARTESIAN_POINT('',(2.329950298419E-1,4.865854414221E-2,
9.551799760016E-3));
#1687=CARTESIAN_POINT('',(2.328505036878E-1,4.914652835641E-2,
7.197028123317E-3));
#1688=CARTESIAN_POINT('',(2.327058064467E-1,4.952082197433E-2,
4.814552106780E-3));
#1689=CARTESIAN_POINT('',(2.325611081674E-1,4.977941377355E-2,
2.412664423148E-3));
#1690=CARTESIAN_POINT('',(2.324647979233E-1,4.987395363930E-2,
8.048294223327E-4));
#1691=CARTESIAN_POINT('',(2.324166686228E-1,4.990174110388E-2,0.E0));
#1693=CARTESIAN_POINT('',(2.452916744911E-1,-1.645707173036E-2,
-3.915004210208E-2));
#1694=CARTESIAN_POINT('',(2.452427649845E-1,-1.710967304843E-2,
-3.890634660723E-2));
#1695=CARTESIAN_POINT('',(2.451449727179E-1,-1.840381940559E-2,
-3.838646902524E-2));
#1696=CARTESIAN_POINT('',(2.449982934506E-1,-2.030795555960E-2,
-3.751034715747E-2));
#1697=CARTESIAN_POINT('',(2.448518366383E-1,-2.216756040713E-2,
-3.654118752960E-2));
#1698=CARTESIAN_POINT('',(2.447054671742E-1,-2.397981952285E-2,
-3.548041138167E-2));
#1699=CARTESIAN_POINT('',(2.445591534842E-1,-2.574061755791E-2,
-3.433012439408E-2));
#1700=CARTESIAN_POINT('',(2.444127941148E-1,-2.744669042405E-2,
-3.309194391721E-2));
#1701=CARTESIAN_POINT('',(2.442665939933E-1,-2.909135608045E-2,
-3.177034560111E-2));
#1702=CARTESIAN_POINT('',(2.441205018310E-1,-3.067118732822E-2,
-3.036801723391E-2));
#1703=CARTESIAN_POINT('',(2.439744293790E-1,-3.218312243254E-2,
-2.888724538440E-2));
#1704=CARTESIAN_POINT('',(2.438284903626E-1,-3.362220268207E-2,
-2.733259262001E-2));
#1705=CARTESIAN_POINT('',(2.436825401060E-1,-3.498617358772E-2,
-2.570605247477E-2));
#1706=CARTESIAN_POINT('',(2.435367544497E-1,-3.626996610866E-2,
-2.401335364924E-2));
#1707=CARTESIAN_POINT('',(2.433908729002E-1,-3.747250548003E-2,
-2.225531815873E-2));
#1708=CARTESIAN_POINT('',(2.432452176245E-1,-3.858802948974E-2,
-2.043987752357E-2));
#1709=CARTESIAN_POINT('',(2.430995986832E-1,-3.961525236322E-2,
-1.856898544158E-2));
#1710=CARTESIAN_POINT('',(2.429541018302E-1,-4.055091544937E-2,
-1.664809727549E-2));
#1711=CARTESIAN_POINT('',(2.428084780778E-1,-4.139402343941E-2,
-1.467833714008E-2));
#1712=CARTESIAN_POINT('',(2.426629362831E-1,-4.214085729953E-2,
-1.266700975319E-2));
#1713=CARTESIAN_POINT('',(2.425176523150E-1,-4.278877090849E-2,
-1.062137626686E-2));
#1714=CARTESIAN_POINT('',(2.423724456652E-1,-4.333704569384E-2,
-8.543781368401E-3));
#1715=CARTESIAN_POINT('',(2.422271189689E-1,-4.378465477762E-2,
-6.436207626026E-3));
#1716=CARTESIAN_POINT('',(2.420817529704E-1,-4.412965978852E-2,
-4.304696078053E-3));
#1717=CARTESIAN_POINT('',(2.419365803698E-1,-4.437047541584E-2,
-2.157701524771E-3));
#1718=CARTESIAN_POINT('',(2.418399487016E-1,-4.446120781373E-2,
-7.197803967786E-4));
#1719=CARTESIAN_POINT('',(2.417916686228E-1,-4.448908233023E-2,0.E0));
#1721=CARTESIAN_POINT('',(2.5E-1,0.E0,0.E0));
#1722=DIRECTION('',(1.E0,0.E0,0.E0));
#1723=DIRECTION('',(0.E0,1.E0,0.E0));
#1724=AXIS2_PLACEMENT_3D('',#1721,#1722,#1723);
#1726=CARTESIAN_POINT('',(2.5E-1,0.E0,0.E0));
#1727=DIRECTION('',(1.E0,0.E0,0.E0));
#1728=DIRECTION('',(0.E0,-1.E0,0.E0));
#1729=AXIS2_PLACEMENT_3D('',#1726,#1727,#1728);
#1731=CARTESIAN_POINT('',(2.078124999620E-1,0.E0,-5.6E-2));
#1732=CARTESIAN_POINT('',(2.077512254522E-1,-8.623979833385E-4,-5.6E-2));
#1733=CARTESIAN_POINT('',(2.076286764326E-1,-2.587193874384E-3,
-5.596015021905E-2));
#1734=CARTESIAN_POINT('',(2.074448529032E-1,-5.168866569616E-3,
-5.578095376693E-2));
#1735=CARTESIAN_POINT('',(2.072610293738E-1,-7.739508626819E-3,
-5.548271794837E-2));
#1736=CARTESIAN_POINT('',(2.070772058443E-1,-1.029363418694E-2,
-5.506607921365E-2));
#1737=CARTESIAN_POINT('',(2.068933823149E-1,-1.282579261179E-2,
-5.453192669082E-2));
#1738=CARTESIAN_POINT('',(2.067095587855E-1,-1.533058014915E-2,
-5.388140028827E-2));
#1739=CARTESIAN_POINT('',(2.065257352561E-1,-1.780265145581E-2,
-5.311588826215E-2));
#1740=CARTESIAN_POINT('',(2.063419117267E-1,-2.023673100712E-2,
-5.223702425369E-2));
#1741=CARTESIAN_POINT('',(2.061580881973E-1,-2.262762435461E-2,
-5.124668380297E-2));
#1742=CARTESIAN_POINT('',(2.059742646679E-1,-2.497022921141E-2,
-5.014698034642E-2));
#1743=CARTESIAN_POINT('',(2.057904411385E-1,-2.725954634068E-2,
-4.894026070665E-2));
#1744=CARTESIAN_POINT('',(2.056066176090E-1,-2.949069022432E-2,
-4.762910008417E-2));
#1745=CARTESIAN_POINT('',(2.054227940796E-1,-3.165889948883E-2,
-4.621629656183E-2));
#1746=CARTESIAN_POINT('',(2.052389705502E-1,-3.375954706637E-2,
-4.470486513354E-2));
#1747=CARTESIAN_POINT('',(2.050551470208E-1,-3.578815006914E-2,
-4.309803127015E-2));
#1748=CARTESIAN_POINT('',(2.048713234914E-1,-3.774037935612E-2,
-4.139922403609E-2));
#1749=CARTESIAN_POINT('',(2.046874999620E-1,-3.961206877162E-2,
-3.961206877162E-2));
#1750=CARTESIAN_POINT('',(2.045036764326E-1,-4.139922403609E-2,
-3.774037935612E-2));
#1751=CARTESIAN_POINT('',(2.043198529032E-1,-4.309803127015E-2,
-3.578815006914E-2));
#1752=CARTESIAN_POINT('',(2.041360293738E-1,-4.470486513354E-2,
-3.375954706637E-2));
#1753=CARTESIAN_POINT('',(2.039522058443E-1,-4.621629656183E-2,
-3.165889948883E-2));
#1754=CARTESIAN_POINT('',(2.037683823149E-1,-4.762910008417E-2,
-2.949069022432E-2));
#1755=CARTESIAN_POINT('',(2.035845587855E-1,-4.894026070665E-2,
-2.725954634068E-2));
#1756=CARTESIAN_POINT('',(2.034007352561E-1,-5.014698034642E-2,
-2.497022921141E-2));
#1757=CARTESIAN_POINT('',(2.032169117267E-1,-5.124668380297E-2,
-2.262762435461E-2));
#1758=CARTESIAN_POINT('',(2.030330881973E-1,-5.223702425369E-2,
-2.023673100711E-2));
#1759=CARTESIAN_POINT('',(2.028492646679E-1,-5.311588826215E-2,
-1.780265145582E-2));
#1760=CARTESIAN_POINT('',(2.026654411385E-1,-5.388140028827E-2,
-1.533058014914E-2));
#1761=CARTESIAN_POINT('',(2.024816176090E-1,-5.453192669082E-2,
-1.282579261184E-2));
#1762=CARTESIAN_POINT('',(2.022977940796E-1,-5.506607921365E-2,
-1.029363418675E-2));
#1763=CARTESIAN_POINT('',(2.021139705502E-1,-5.548271794837E-2,
-7.739508627546E-3));
#1764=CARTESIAN_POINT('',(2.019301470208E-1,-5.578095376693E-2,
-5.168866566902E-3));
#1765=CARTESIAN_POINT('',(2.017463234914E-1,-5.596015021905E-2,
-2.587193884516E-3));
#1766=CARTESIAN_POINT('',(2.015624999620E-1,-5.601992489048E-2,0.E0));
#1767=CARTESIAN_POINT('',(2.013786764326E-1,-5.596015021905E-2,
2.587193884516E-3));
#1768=CARTESIAN_POINT('',(2.011948529032E-1,-5.578095376693E-2,
5.168866566902E-3));
#1769=CARTESIAN_POINT('',(2.010110293738E-1,-5.548271794837E-2,
7.739508627546E-3));
#1770=CARTESIAN_POINT('',(2.008272058443E-1,-5.506607921365E-2,
1.029363418675E-2));
#1771=CARTESIAN_POINT('',(2.006433823149E-1,-5.453192669082E-2,
1.282579261184E-2));
#1772=CARTESIAN_POINT('',(2.004595587855E-1,-5.388140028827E-2,
1.533058014914E-2));
#1773=CARTESIAN_POINT('',(2.002757352561E-1,-5.311588826215E-2,
1.780265145581E-2));
#1774=CARTESIAN_POINT('',(2.000919117267E-1,-5.223702425369E-2,
2.023673100711E-2));
#1775=CARTESIAN_POINT('',(1.999080881973E-1,-5.124668380297E-2,
2.262762435461E-2));
#1776=CARTESIAN_POINT('',(1.997242646679E-1,-5.014698034642E-2,
2.497022921141E-2));
#1777=CARTESIAN_POINT('',(1.995404411385E-1,-4.894026070665E-2,
2.725954634068E-2));
#1778=CARTESIAN_POINT('',(1.993566176090E-1,-4.762910008417E-2,
2.949069022432E-2));
#1779=CARTESIAN_POINT('',(1.991727940796E-1,-4.621629656183E-2,
3.165889948883E-2));
#1780=CARTESIAN_POINT('',(1.989889705502E-1,-4.470486513354E-2,
3.375954706637E-2));
#1781=CARTESIAN_POINT('',(1.988051470208E-1,-4.309803127015E-2,
3.578815006914E-2));
#1782=CARTESIAN_POINT('',(1.986213234914E-1,-4.139922403609E-2,
3.774037935612E-2));
#1783=CARTESIAN_POINT('',(1.984374999620E-1,-3.961206877162E-2,
3.961206877162E-2));
#1784=CARTESIAN_POINT('',(1.982536764326E-1,-3.774037935612E-2,
4.139922403609E-2));
#1785=CARTESIAN_POINT('',(1.980698529032E-1,-3.578815006914E-2,
4.309803127015E-2));
#1786=CARTESIAN_POINT('',(1.978860293738E-1,-3.375954706637E-2,
4.470486513354E-2));
#1787=CARTESIAN_POINT('',(1.977022058443E-1,-3.165889948883E-2,
4.621629656183E-2));
#1788=CARTESIAN_POINT('',(1.975183823149E-1,-2.949069022432E-2,
4.762910008417E-2));
#1789=CARTESIAN_POINT('',(1.973345587855E-1,-2.725954634068E-2,
4.894026070665E-2));
#1790=CARTESIAN_POINT('',(1.971507352561E-1,-2.497022921141E-2,
5.014698034642E-2));
#1791=CARTESIAN_POINT('',(1.969669117267E-1,-2.262762435461E-2,
5.124668380297E-2));
#1792=CARTESIAN_POINT('',(1.967830881973E-1,-2.023673100712E-2,
5.223702425369E-2));
#1793=CARTESIAN_POINT('',(1.965992646679E-1,-1.780265145581E-2,
5.311588826215E-2));
#1794=CARTESIAN_POINT('',(1.964154411385E-1,-1.533058014915E-2,
5.388140028827E-2));
#1795=CARTESIAN_POINT('',(1.962316176090E-1,-1.282579261179E-2,
5.453192669082E-2));
#1796=CARTESIAN_POINT('',(1.960477940796E-1,-1.029363418694E-2,
5.506607921365E-2));
#1797=CARTESIAN_POINT('',(1.958639705502E-1,-7.739508626819E-3,
5.548271794837E-2));
#1798=CARTESIAN_POINT('',(1.956801470208E-1,-5.168866569616E-3,
5.578095376693E-2));
#1799=CARTESIAN_POINT('',(1.954963234914E-1,-2.587193874384E-3,
5.596015021905E-2));
#1800=CARTESIAN_POINT('',(1.953737744718E-1,-8.623979833382E-4,5.6E-2));
#1801=CARTESIAN_POINT('',(1.953124999620E-1,0.E0,5.6E-2));
#1803=CARTESIAN_POINT('',(1.987670567765E-1,-5.580802271387E-2,
-4.632990477890E-3));
#1804=CARTESIAN_POINT('',(1.988286893981E-1,-5.573625784292E-2,
-5.497454924164E-3));
#1805=CARTESIAN_POINT('',(1.989519713680E-1,-5.555254998337E-2,
-7.223286144909E-3));
#1806=CARTESIAN_POINT('',(1.991370525123E-1,-5.515657341316E-2,
-9.798619091133E-3));
#1807=CARTESIAN_POINT('',(1.993219678189E-1,-5.464179335001E-2,
-1.235047843881E-2));
#1808=CARTESIAN_POINT('',(1.995070223122E-1,-5.400851607232E-2,
-1.487756016320E-2));
#1809=CARTESIAN_POINT('',(1.996919897154E-1,-5.325877829962E-2,
-1.737129107926E-2));
#1810=CARTESIAN_POINT('',(1.998769736612E-1,-5.239392533318E-2,
-1.982771994070E-2));
#1811=CARTESIAN_POINT('',(2.000620230683E-1,-5.141543822393E-2,
-2.224212914468E-2));
#1812=CARTESIAN_POINT('',(2.002469396918E-1,-5.032661217861E-2,
-2.460677305316E-2));
#1813=CARTESIAN_POINT('',(2.004320345081E-1,-4.912788288746E-2,
-2.692046817446E-2));
#1814=CARTESIAN_POINT('',(2.006169117564E-1,-4.782444405217E-2,
-2.917329825568E-2));
#1815=CARTESIAN_POINT('',(2.008019376581E-1,-4.641663300705E-2,
-3.136490737903E-2));
#1816=CARTESIAN_POINT('',(2.009869001552E-1,-4.490896748624E-2,
-3.348796798969E-2));
#1817=CARTESIAN_POINT('',(2.011718860059E-1,-4.330409291803E-2,
-3.553895063100E-2));
#1818=CARTESIAN_POINT('',(2.013568966493E-1,-4.160536423417E-2,
-3.751335865448E-2));
#1819=CARTESIAN_POINT('',(2.015417564022E-1,-3.981821820409E-2,
-3.940518767803E-2));
#1820=CARTESIAN_POINT('',(2.017268692362E-1,-3.794255265206E-2,
-4.121442649907E-2));
#1821=CARTESIAN_POINT('',(2.019121378412E-1,-3.598305783699E-2,
-4.293584917083E-2));
#1822=CARTESIAN_POINT('',(2.020973420167E-1,-3.394624559304E-2,
-4.456359958740E-2));
#1823=CARTESIAN_POINT('',(2.022822608829E-1,-3.183921191488E-2,
-4.609253696539E-2));
#1824=CARTESIAN_POINT('',(2.024671759437E-1,-2.966350440750E-2,
-4.752196071808E-2));
#1825=CARTESIAN_POINT('',(2.026522578208E-1,-2.742169825309E-2,
-4.884993164977E-2));
#1826=CARTESIAN_POINT('',(2.028374694408E-1,-2.511890651271E-2,
-5.007299003689E-2));
#1827=CARTESIAN_POINT('',(2.030224826601E-1,-2.276424172683E-2,
-5.118641609450E-2));
#1828=CARTESIAN_POINT('',(2.032074492412E-1,-2.036099185654E-2,
-5.218897483958E-2));
#1829=CARTESIAN_POINT('',(2.033923764378E-1,-1.791427891885E-2,
-5.307860702227E-2));
#1830=CARTESIAN_POINT('',(2.035774385202E-1,-1.542705774406E-2,
-5.385415777758E-2));
#1831=CARTESIAN_POINT('',(2.037625655537E-1,-1.290555920495E-2,
-5.451336303558E-2));
#1832=CARTESIAN_POINT('',(2.039474615905E-1,-1.035933275817E-2,
-5.505401537598E-2));
#1833=CARTESIAN_POINT('',(2.041325485993E-1,-7.788080391311E-3,
-5.547618184642E-2));
#1834=CARTESIAN_POINT('',(2.043174611112E-1,-5.202420357377E-3,
-5.577808301317E-2));
#1835=CARTESIAN_POINT('',(2.045025191994E-1,-2.603483390983E-3,
-5.595966244810E-2));
#1836=CARTESIAN_POINT('',(2.046258400559E-1,-8.678232496632E-4,-5.6E-2));
#1837=CARTESIAN_POINT('',(2.046875000380E-1,0.E0,-5.6E-2));
#1839=CARTESIAN_POINT('',(1.921875000380E-1,0.E0,5.6E-2));
#1840=CARTESIAN_POINT('',(1.922483616502E-1,-8.565867231944E-4,5.6E-2));
#1841=CARTESIAN_POINT('',(1.923701389247E-1,-2.570521416683E-3,
5.596068282469E-2));
#1842=CARTESIAN_POINT('',(1.925529568866E-1,-5.138142515720E-3,
5.578359668466E-2));
#1843=CARTESIAN_POINT('',(1.927359572010E-1,-7.697462746766E-3,
5.548839302438E-2));
#1844=CARTESIAN_POINT('',(1.929188982869E-1,-1.023967130695E-2,
5.507591197939E-2));
#1845=CARTESIAN_POINT('',(1.931015572844E-1,-1.275636825707E-2,
5.454793975992E-2));
#1846=CARTESIAN_POINT('',(1.932842140551E-1,-1.524616790832E-2,
5.390509541906E-2));
#1847=CARTESIAN_POINT('',(1.934670028704E-1,-1.770561620661E-2,
5.314810111101E-2));
#1848=CARTESIAN_POINT('',(1.936499415814E-1,-2.012966178661E-2,
5.227816144242E-2));
#1849=CARTESIAN_POINT('',(1.938327270757E-1,-2.250917059649E-2,
5.129855839785E-2));
#1850=CARTESIAN_POINT('',(1.940154014023E-1,-2.483979322227E-2,
5.021144085250E-2));
#1851=CARTESIAN_POINT('',(1.941980912253E-1,-2.711826285833E-2,
4.901841016629E-2));
#1852=CARTESIAN_POINT('',(1.943808423202E-1,-2.934032428755E-2,
4.772163036621E-2));
#1853=CARTESIAN_POINT('',(1.945637208531E-1,-3.150195260792E-2,
4.632313690378E-2));
#1854=CARTESIAN_POINT('',(1.947463647218E-1,-3.359440646117E-2,
4.482879229555E-2));
#1855=CARTESIAN_POINT('',(1.949291619063E-1,-3.561776628597E-2,
4.323865474052E-2));
#1856=CARTESIAN_POINT('',(1.951118550815E-1,-3.756485389593E-2,
4.155822447859E-2));
#1857=CARTESIAN_POINT('',(1.952945889641E-1,-3.943319568459E-2,
3.978982374817E-2));
#1858=CARTESIAN_POINT('',(1.954773654911E-1,-4.121875228294E-2,
3.793703794079E-2));
#1859=CARTESIAN_POINT('',(1.956600250261E-1,-4.291631960923E-2,
3.600550280114E-2));
#1860=CARTESIAN_POINT('',(1.958429091871E-1,-4.452536776282E-2,
3.399557935976E-2));
#1861=CARTESIAN_POINT('',(1.960256164727E-1,-4.603891701565E-2,
3.191586997941E-2));
#1862=CARTESIAN_POINT('',(1.962083377932E-1,-4.745553067062E-2,
2.976872513170E-2));
#1863=CARTESIAN_POINT('',(1.963909939741E-1,-4.877163712944E-2,
2.755961252885E-2));
#1864=CARTESIAN_POINT('',(1.965738095795E-1,-4.998603218154E-2,
2.529044741678E-2));
#1865=CARTESIAN_POINT('',(1.967567425907E-1,-5.109554395948E-2,
2.296636430799E-2));
#1866=CARTESIAN_POINT('',(1.969394856580E-1,-5.209606586633E-2,
2.059622358041E-2));
#1867=CARTESIAN_POINT('',(1.971221571233E-1,-5.298640869118E-2,
1.818361007619E-2));
#1868=CARTESIAN_POINT('',(1.973048294407E-1,-5.376513892827E-2,
1.573267885346E-2));
#1869=CARTESIAN_POINT('',(1.974877869209E-1,-5.443152477425E-2,
1.324469112813E-2));
#1870=CARTESIAN_POINT('',(1.976707737299E-1,-5.498285043E-2,1.072827948908E-2));
#1871=CARTESIAN_POINT('',(1.978535575101E-1,-5.541745653241E-2,
8.192008092997E-3));
#1872=CARTESIAN_POINT('',(1.980361644058E-1,-5.573494425253E-2,
5.640940105405E-3));
#1873=CARTESIAN_POINT('',(1.982189242449E-1,-5.593518639821E-2,
3.075843480229E-3));
#1874=CARTESIAN_POINT('',(1.984016171536E-1,-5.601740322953E-2,
5.051981360733E-4));
#1875=CARTESIAN_POINT('',(1.985843448092E-1,-5.598154163167E-2,
-2.066999683292E-3));
#1876=CARTESIAN_POINT('',(1.987061526751E-1,-5.587893929784E-2,
-3.778744316999E-3));
#1877=CARTESIAN_POINT('',(1.987670567765E-1,-5.580802271387E-2,
-4.632990477890E-3));
#1879=DIRECTION('',(1.E0,0.E0,0.E0));
#1880=VECTOR('',#1879,3.124999923947E-3);
#1881=CARTESIAN_POINT('',(1.921875000380E-1,0.E0,5.6E-2));
#1882=LINE('',#1881,#1880);
#1883=CARTESIAN_POINT('',(1.768920567005E-1,-5.580802271387E-2,
-4.632990477890E-3));
#1884=CARTESIAN_POINT('',(1.768311348788E-1,-5.587895993118E-2,
-3.778495772160E-3));
#1885=CARTESIAN_POINT('',(1.767092912355E-1,-5.598157712261E-2,
-2.066247432857E-3));
#1886=CARTESIAN_POINT('',(1.765265257706E-1,-5.601740648780E-2,
5.064840053285E-4));
#1887=CARTESIAN_POINT('',(1.763437603056E-1,-5.593506384067E-2,
3.078146969974E-3));
#1888=CARTESIAN_POINT('',(1.761609948406E-1,-5.573472288955E-2,
5.643316406914E-3));
#1889=CARTESIAN_POINT('',(1.759782293757E-1,-5.541680626500E-2,
8.196580935118E-3));
#1890=CARTESIAN_POINT('',(1.757954639107E-1,-5.498198463094E-2,
1.073255429445E-2));
#1891=CARTESIAN_POINT('',(1.756126984458E-1,-5.443117526913E-2,
1.324588669969E-2));
#1892=CARTESIAN_POINT('',(1.754299329808E-1,-5.376554014429E-2,
1.573127612852E-2));
#1893=CARTESIAN_POINT('',(1.752471675159E-1,-5.298648345285E-2,
1.818347950587E-2));
#1894=CARTESIAN_POINT('',(1.750644020509E-1,-5.209564866067E-2,
2.059732376460E-2));
#1895=CARTESIAN_POINT('',(1.748816365859E-1,-5.109491503610E-2,
2.296771675839E-2));
#1896=CARTESIAN_POINT('',(1.746988711210E-1,-4.998639368553E-2,
2.528965800392E-2));
#1897=CARTESIAN_POINT('',(1.745161056560E-1,-4.877242309989E-2,
2.755824922967E-2));
#1898=CARTESIAN_POINT('',(1.743333401911E-1,-4.745556422148E-2,
2.976870470914E-2));
#1899=CARTESIAN_POINT('',(1.741505747261E-1,-4.603859504150E-2,
3.191636135659E-2));
#1900=CARTESIAN_POINT('',(1.739678092611E-1,-4.452450473969E-2,
3.399668856411E-2));
#1901=CARTESIAN_POINT('',(1.737850437962E-1,-4.291648737853E-2,
3.600529775919E-2));
#1902=CARTESIAN_POINT('',(1.736022783312E-1,-4.121793516514E-2,
3.793795166270E-2));
#1903=CARTESIAN_POINT('',(1.734195128663E-1,-3.943243129524E-2,
3.979057322765E-2));
#1904=CARTESIAN_POINT('',(1.732367474013E-1,-3.756374239417E-2,
4.155925423998E-2));
#1905=CARTESIAN_POINT('',(1.730539819364E-1,-3.561581057099E-2,
4.324026356315E-2));
#1906=CARTESIAN_POINT('',(1.728712164714E-1,-3.359274510235E-2,
4.483005500920E-2));
#1907=CARTESIAN_POINT('',(1.726884510064E-1,-3.149881376374E-2,
4.632527481966E-2));
#1908=CARTESIAN_POINT('',(1.725056855415E-1,-2.933843382639E-2,
4.772276874045E-2));
#1909=CARTESIAN_POINT('',(1.723229200765E-1,-2.711616273873E-2,
4.901958867602E-2));
#1910=CARTESIAN_POINT('',(1.721401546116E-1,-2.483668851221E-2,
5.021299890852E-2));
#1911=CARTESIAN_POINT('',(1.719573891466E-1,-2.250481983169E-2,
5.130048186891E-2));
#1912=CARTESIAN_POINT('',(1.717746236816E-1,-2.012547591118E-2,
5.227974344800E-2));
#1913=CARTESIAN_POINT('',(1.715918582167E-1,-1.770367611649E-2,
5.314871783591E-2));
#1914=CARTESIAN_POINT('',(1.714090927517E-1,-1.524452937666E-2,
5.390557188013E-2));
#1915=CARTESIAN_POINT('',(1.712263272868E-1,-1.275322340614E-2,
5.454870895256E-2));
#1916=CARTESIAN_POINT('',(1.710435618218E-1,-1.023501376167E-2,
5.507677231775E-2));
#1917=CARTESIAN_POINT('',(1.708607963569E-1,-7.695212753052E-3,
5.548864799501E-2));
#1918=CARTESIAN_POINT('',(1.706780308919E-1,-5.139178245138E-3,
5.578346710838E-2));
#1919=CARTESIAN_POINT('',(1.704952654269E-1,-2.572302322875E-3,
5.596060771961E-2));
#1920=CARTESIAN_POINT('',(1.703734217836E-1,-8.574341321182E-4,5.6E-2));
#1921=CARTESIAN_POINT('',(1.703124999620E-1,0.E0,5.6E-2));
#1923=CARTESIAN_POINT('',(1.828124999620E-1,0.E0,-5.6E-2));
#1924=CARTESIAN_POINT('',(1.827526975048E-1,-8.416798215382E-4,-5.6E-2));
#1925=CARTESIAN_POINT('',(1.826330925904E-1,-2.525039397643E-3,
-5.596204223453E-2));
#1926=CARTESIAN_POINT('',(1.824536852189E-1,-5.044946009459E-3,
-5.579134802862E-2));
#1927=CARTESIAN_POINT('',(1.822742778473E-1,-7.554597428275E-3,
-5.550724324583E-2));
#1928=CARTESIAN_POINT('',(1.820948704757E-1,-1.004889214633E-2,
-5.511030540379E-2));
#1929=CARTESIAN_POINT('',(1.819154631042E-1,-1.252275984920E-2,
-5.460134138300E-2));
#1930=CARTESIAN_POINT('',(1.817360557326E-1,-1.497117175197E-2,
-5.398138578656E-2));
#1931=CARTESIAN_POINT('',(1.815566483611E-1,-1.738915081364E-2,
-5.325169883717E-2));
#1932=CARTESIAN_POINT('',(1.813772409895E-1,-1.977178185642E-2,
-5.241376381530E-2));
#1933=CARTESIAN_POINT('',(1.811978336179E-1,-2.211422155653E-2,
-5.146928404411E-2));
#1934=CARTESIAN_POINT('',(1.810184262464E-1,-2.441170828970E-2,
-5.042017942692E-2));
#1935=CARTESIAN_POINT('',(1.808390188748E-1,-2.665957181035E-2,
-4.926858254459E-2));
#1936=CARTESIAN_POINT('',(1.806596115032E-1,-2.885324274514E-2,
-4.801683432042E-2));
#1937=CARTESIAN_POINT('',(1.804802041317E-1,-3.098826188140E-2,
-4.666747926163E-2));
#1938=CARTESIAN_POINT('',(1.803007967601E-1,-3.306028923164E-2,
-4.522326028699E-2));
#1939=CARTESIAN_POINT('',(1.801213893886E-1,-3.506511285575E-2,
-4.368711315111E-2));
#1940=CARTESIAN_POINT('',(1.799419820170E-1,-3.699865742285E-2,
-4.206216047674E-2));
#1941=CARTESIAN_POINT('',(1.797625746454E-1,-3.885699249546E-2,
-4.035170540724E-2));
#1942=CARTESIAN_POINT('',(1.795831672739E-1,-4.063634051917E-2,
-3.855922489203E-2));
#1943=CARTESIAN_POINT('',(1.794037599023E-1,-4.233308450152E-2,
-3.668836261885E-2));
#1944=CARTESIAN_POINT('',(1.792243525308E-1,-4.394377536444E-2,
-3.474292160690E-2));
#1945=CARTESIAN_POINT('',(1.790449451592E-1,-4.546513895549E-2,
-3.272685647633E-2));
#1946=CARTESIAN_POINT('',(1.788655377876E-1,-4.689408270333E-2,
-3.064426540933E-2));
#1947=CARTESIAN_POINT('',(1.786861304161E-1,-4.822770190428E-2,
-2.849938181954E-2));
#1948=CARTESIAN_POINT('',(1.785067230445E-1,-4.946328562683E-2,
-2.629656574655E-2));
#1949=CARTESIAN_POINT('',(1.783273156730E-1,-5.059832222236E-2,
-2.404029499292E-2));
#1950=CARTESIAN_POINT('',(1.781479083014E-1,-5.163050443069E-2,
-2.173515602190E-2));
#1951=CARTESIAN_POINT('',(1.779685009298E-1,-5.255773407023E-2,
-1.938583463428E-2));
#1952=CARTESIAN_POINT('',(1.777890935583E-1,-5.337812630307E-2,
-1.699710644307E-2));
#1953=CARTESIAN_POINT('',(1.776096861867E-1,-5.409001346635E-2,
-1.457382716644E-2));
#1954=CARTESIAN_POINT('',(1.774302788152E-1,-5.469194846246E-2,
-1.212092275506E-2));
#1955=CARTESIAN_POINT('',(1.772508714436E-1,-5.518270769991E-2,
-9.643379386632E-3));
#1956=CARTESIAN_POINT('',(1.770714640720E-1,-5.556129358310E-2,
-7.146233300946E-3));
#1957=CARTESIAN_POINT('',(1.769518591577E-1,-5.573838888175E-2,
-5.471784881430E-3));
#1958=CARTESIAN_POINT('',(1.768920567005E-1,-5.580802271387E-2,
-4.632990477890E-3));
#1960=CARTESIAN_POINT('',(1.796875000380E-1,0.E0,-5.6E-2));
#1961=CARTESIAN_POINT('',(1.796262763130E-1,-8.616832218576E-4,-5.6E-2));
#1962=CARTESIAN_POINT('',(1.795037867738E-1,-2.585642012371E-3,
-5.596020704152E-2));
#1963=CARTESIAN_POINT('',(1.793199742672E-1,-5.167168115273E-3,
-5.578113399446E-2));
#1964=CARTESIAN_POINT('',(1.791359393544E-1,-7.740772570668E-3,
-5.548259635962E-2));
#1965=CARTESIAN_POINT('',(1.789519583832E-1,-1.029706018402E-2,
-5.506543903816E-2));
#1966=CARTESIAN_POINT('',(1.787682487933E-1,-1.282761773073E-2,
-5.453146937437E-2));
#1967=CARTESIAN_POINT('',(1.785845017491E-1,-1.533134889807E-2,
-5.388116586480E-2));
#1968=CARTESIAN_POINT('',(1.784007079909E-1,-1.780302250770E-2,
-5.311578344987E-2));
#1969=CARTESIAN_POINT('',(1.782167263885E-1,-2.023917393961E-2,
-5.223610398443E-2));
#1970=CARTESIAN_POINT('',(1.780329075951E-1,-2.262994496287E-2,
-5.124564106411E-2));
#1971=CARTESIAN_POINT('',(1.778491617115E-1,-2.497152252136E-2,
-5.014632293411E-2));
#1972=CARTESIAN_POINT('',(1.776653843664E-1,-2.726023733969E-2,
-4.893985738621E-2));
#1973=CARTESIAN_POINT('',(1.774816128608E-1,-2.949075500857E-2,
-4.762907475113E-2));
#1974=CARTESIAN_POINT('',(1.772976933294E-1,-3.166006703213E-2,
-4.621548999207E-2));
#1975=CARTESIAN_POINT('',(1.771140011709E-1,-3.375919632973E-2,
-4.470511343356E-2));
#1976=CARTESIAN_POINT('',(1.769301218877E-1,-3.578842879E-2,
-4.309781192790E-2));
#1977=CARTESIAN_POINT('',(1.767463449674E-1,-3.774014460759E-2,
-4.139941349743E-2));
#1978=CARTESIAN_POINT('',(1.765625764835E-1,-3.961130580320E-2,
-3.961282771726E-2));
#1979=CARTESIAN_POINT('',(1.763787693859E-1,-4.139833017119E-2,
-3.774133452575E-2));
#1980=CARTESIAN_POINT('',(1.761950236828E-1,-4.309650360973E-2,
-3.579000507002E-2));
#1981=CARTESIAN_POINT('',(1.760110597688E-1,-4.470462237271E-2,
-3.375989914595E-2));
#1982=CARTESIAN_POINT('',(1.758272705250E-1,-4.621577080225E-2,
-3.165964114414E-2));
#1983=CARTESIAN_POINT('',(1.756435115101E-1,-4.762812224472E-2,
-2.949222334669E-2));
#1984=CARTESIAN_POINT('',(1.754598070354E-1,-4.893855355228E-2,
-2.726259515043E-2));
#1985=CARTESIAN_POINT('',(1.752758841156E-1,-5.014608452773E-2,
-2.497212344967E-2));
#1986=CARTESIAN_POINT('',(1.750918731503E-1,-5.124692607951E-2,
-2.262713622066E-2));
#1987=CARTESIAN_POINT('',(1.749080510656E-1,-5.223719561028E-2,
-2.023623523725E-2));
#1988=CARTESIAN_POINT('',(1.747243509261E-1,-5.311547559568E-2,
-1.780379319849E-2));
#1989=CARTESIAN_POINT('',(1.745405754199E-1,-5.388090383228E-2,
-1.533240364919E-2));
#1990=CARTESIAN_POINT('',(1.743565165589E-1,-5.453231502689E-2,
-1.282442153538E-2));
#1991=CARTESIAN_POINT('',(1.741724475018E-1,-5.506701024064E-2,
-1.028884240491E-2));
#1992=CARTESIAN_POINT('',(1.739886003097E-1,-5.548340972597E-2,
-7.734340977284E-3));
#1993=CARTESIAN_POINT('',(1.738049453177E-1,-5.578120109345E-2,
-5.166036056782E-3));
#1994=CARTESIAN_POINT('',(1.736210922380E-1,-5.596029799438E-2,
-2.583940703199E-3));
#1995=CARTESIAN_POINT('',(1.734373631091E-1,-5.601990761094E-2,
1.928129212955E-6));
#1996=CARTESIAN_POINT('',(1.732535533012E-1,-5.596007132192E-2,
2.588926791023E-3));
#1997=CARTESIAN_POINT('',(1.730697737691E-1,-5.578082565626E-2,
5.169974421269E-3));
#1998=CARTESIAN_POINT('',(1.728860593007E-1,-5.548277655054E-2,
7.739092920864E-3));
#1999=CARTESIAN_POINT('',(1.727021765087E-1,-5.506599388007E-2,
1.029403886994E-2));
#2000=CARTESIAN_POINT('',(1.725184862408E-1,-5.453225094108E-2,
1.282436748316E-2));
#2001=CARTESIAN_POINT('',(1.723346083289E-1,-5.388159174467E-2,
1.532991001967E-2));
#2002=CARTESIAN_POINT('',(1.721508849226E-1,-5.311653640453E-2,
1.780064767970E-2));
#2003=CARTESIAN_POINT('',(1.719670913982E-1,-5.223794086150E-2,
2.023437441664E-2));
#2004=CARTESIAN_POINT('',(1.717832785140E-1,-5.124774912589E-2,
2.262516646505E-2));
#2005=CARTESIAN_POINT('',(1.715995502746E-1,-5.014877225756E-2,
2.496663114678E-2));
#2006=CARTESIAN_POINT('',(1.714156802749E-1,-4.894188536850E-2,
2.725659806735E-2));
#2007=CARTESIAN_POINT('',(1.712320369601E-1,-4.763218472128E-2,
2.948565732257E-2));
#2008=CARTESIAN_POINT('',(1.710481537284E-1,-4.621919337586E-2,
3.165474659497E-2));
#2009=CARTESIAN_POINT('',(1.708640611082E-1,-4.470568693239E-2,
3.375857156159E-2));
#2010=CARTESIAN_POINT('',(1.706799761853E-1,-4.309651710925E-2,
3.579002095496E-2));
#2011=CARTESIAN_POINT('',(1.704961690947E-1,-4.139773649332E-2,
3.774196652336E-2));
#2012=CARTESIAN_POINT('',(1.703124967305E-1,-3.961202232324E-2,
3.961208787588E-2));
#2013=CARTESIAN_POINT('',(1.701286374789E-1,-3.773999527020E-2,
4.139961785619E-2));
#2014=CARTESIAN_POINT('',(1.699446087335E-1,-3.578553421184E-2,
4.310026439516E-2));
#2015=CARTESIAN_POINT('',(1.697606556696E-1,-3.375534572881E-2,
4.470803448173E-2));
#2016=CARTESIAN_POINT('',(1.695769498176E-1,-3.165590775280E-2,
4.621831004257E-2));
#2017=CARTESIAN_POINT('',(1.693932145719E-1,-2.948867469622E-2,
4.763033213616E-2));
#2018=CARTESIAN_POINT('',(1.692093930435E-1,-2.725751854490E-2,
4.894141841475E-2));
#2019=CARTESIAN_POINT('',(1.690254136895E-1,-2.496618211471E-2,
5.014901177287E-2));
#2020=CARTESIAN_POINT('',(1.688416417110E-1,-2.262413891244E-2,
5.124820553719E-2));
#2021=CARTESIAN_POINT('',(1.686578561433E-1,-2.023367981907E-2,
5.223819512222E-2));
#2022=CARTESIAN_POINT('',(1.684741084437E-1,-1.780055968549E-2,
5.311657124329E-2));
#2023=CARTESIAN_POINT('',(1.682903056366E-1,-1.532874822307E-2,
5.388193820660E-2));
#2024=CARTESIAN_POINT('',(1.681064066321E-1,-1.282289783587E-2,
5.453259548915E-2));
#2025=CARTESIAN_POINT('',(1.679227178900E-1,-1.029257665750E-2,
5.506626873847E-2));
#2026=CARTESIAN_POINT('',(1.677388169289E-1,-7.737366837670E-3,
5.548302315947E-2));
#2027=CARTESIAN_POINT('',(1.675550697401E-1,-5.167780056040E-3,
5.578103737054E-2));
#2028=CARTESIAN_POINT('',(1.673712717994E-1,-2.586465856148E-3,
5.596017916307E-2));
#2029=CARTESIAN_POINT('',(1.672487572383E-1,-8.621543624063E-4,5.6E-2));
#2030=CARTESIAN_POINT('',(1.671875000380E-1,0.E0,5.6E-2));
#2032=DIRECTION('',(1.E0,-3.182639414715E-14,0.E0));
#2033=VECTOR('',#2032,3.124999923947E-3);
#2034=CARTESIAN_POINT('',(1.671875000380E-1,0.E0,5.6E-2));
#2035=LINE('',#2034,#2033);
#2036=CARTESIAN_POINT('',(1.421875000380E-1,0.E0,5.6E-2));
#2037=CARTESIAN_POINT('',(1.422487571290E-1,-8.621528251147E-4,5.6E-2));
#2038=CARTESIAN_POINT('',(1.423713024637E-1,-2.586898109823E-3,
5.596018792820E-2));
#2039=CARTESIAN_POINT('',(1.425553108654E-1,-5.171166148740E-3,
5.578078032832E-2));
#2040=CARTESIAN_POINT('',(1.427392188422E-1,-7.742969279152E-3,
5.548222814368E-2));
#2041=CARTESIAN_POINT('',(1.429229161850E-1,-1.029531566777E-2,
5.506572508873E-2));
#2042=CARTESIAN_POINT('',(1.431066230488E-1,-1.282586715676E-2,
5.453191469435E-2));
#2043=CARTESIAN_POINT('',(1.432906201604E-1,-1.533301793236E-2,
5.388076339420E-2));
#2044=CARTESIAN_POINT('',(1.434746919022E-1,-1.780837035295E-2,
5.311402461791E-2));
#2045=CARTESIAN_POINT('',(1.436586451412E-1,-2.024403756660E-2,
5.223418076805E-2));
#2046=CARTESIAN_POINT('',(1.438422966913E-1,-2.263256865467E-2,
5.124446521972E-2));
#2047=CARTESIAN_POINT('',(1.440260827244E-1,-2.497460913370E-2,
5.014480366604E-2));
#2048=CARTESIAN_POINT('',(1.442098893731E-1,-2.726360191427E-2,
4.893797937914E-2));
#2049=CARTESIAN_POINT('',(1.443936124519E-1,-2.949344307768E-2,
4.762739216855E-2));
#2050=CARTESIAN_POINT('',(1.445774610751E-1,-3.166185223045E-2,
4.621425142195E-2));
#2051=CARTESIAN_POINT('',(1.447611202906E-1,-3.376055973262E-2,
4.470408282447E-2));
#2052=CARTESIAN_POINT('',(1.449449960721E-1,-3.578970063873E-2,
4.309674576906E-2));
#2053=CARTESIAN_POINT('',(1.451287252615E-1,-3.774087338219E-2,
4.139874670745E-2));
#2054=CARTESIAN_POINT('',(1.453125330915E-1,-3.961240250840E-2,
3.961174430299E-2));
#2055=CARTESIAN_POINT('',(1.454963491127E-1,-4.139945027572E-2,
3.774009932864E-2));
#2056=CARTESIAN_POINT('',(1.456800514381E-1,-4.309716782522E-2,
3.578918301699E-2));
#2057=CARTESIAN_POINT('',(1.458639203353E-1,-4.470442973706E-2,
3.376010633279E-2));
#2058=CARTESIAN_POINT('',(1.460476088761E-1,-4.621481250249E-2,
3.166104419214E-2));
#2059=CARTESIAN_POINT('',(1.462314774260E-1,-4.762806109327E-2,
2.949236987056E-2));
#2060=CARTESIAN_POINT('',(1.464151877021E-1,-4.893849256837E-2,
2.726264708383E-2));
#2061=CARTESIAN_POINT('',(1.465989367368E-1,-5.014493948660E-2,
2.497437231801E-2));
#2062=CARTESIAN_POINT('',(1.467830072956E-1,-5.124628528030E-2,
2.262869503006E-2));
#2063=CARTESIAN_POINT('',(1.469671058273E-1,-5.223805606196E-2,
2.023420060079E-2));
#2064=CARTESIAN_POINT('',(1.471510376656E-1,-5.311723057136E-2,
1.779861178328E-2));
#2065=CARTESIAN_POINT('',(1.473347035309E-1,-5.388192244226E-2,
1.532861100587E-2));
#2066=CARTESIAN_POINT('',(1.475184665373E-1,-5.453221292439E-2,
1.282464339625E-2));
#2067=CARTESIAN_POINT('',(1.477024736103E-1,-5.506682530820E-2,
1.028993924581E-2));
#2068=CARTESIAN_POINT('',(1.478864856148E-1,-5.548361305968E-2,
7.733148792777E-3));
#2069=CARTESIAN_POINT('',(1.480702216692E-1,-5.578141085016E-2,
5.163695255446E-3));
#2070=CARTESIAN_POINT('',(1.482539794769E-1,-5.596032627962E-2,
2.582932382373E-3));
#2071=CARTESIAN_POINT('',(1.484377154343E-1,-5.601992999161E-2,
-3.032690984490E-6));
#2072=CARTESIAN_POINT('',(1.486216795700E-1,-5.595995307239E-2,
-2.592202435857E-3));
#2073=CARTESIAN_POINT('',(1.488055582768E-1,-5.578040312993E-2,
-5.174629461894E-3));
#2074=CARTESIAN_POINT('',(1.489892610844E-1,-5.548214073887E-2,
-7.743557637561E-3));
#2075=CARTESIAN_POINT('',(1.491730816102E-1,-5.506532007637E-2,
-1.029760884728E-2));
#2076=CARTESIAN_POINT('',(1.493567954128E-1,-5.453135528622E-2,
-1.282822940577E-2));
#2077=CARTESIAN_POINT('',(1.495407212781E-1,-5.388032505825E-2,
-1.533437331380E-2));
#2078=CARTESIAN_POINT('',(1.497244386365E-1,-5.311509086301E-2,
-1.780496668207E-2));
#2079=CARTESIAN_POINT('',(1.499082692669E-1,-5.223611545525E-2,
-2.023911169432E-2));
#2080=CARTESIAN_POINT('',(1.500921057242E-1,-5.124556515838E-2,
-2.263011480256E-2));
#2081=CARTESIAN_POINT('',(1.502758187977E-1,-5.014645029136E-2,
-2.497127858925E-2));
#2082=CARTESIAN_POINT('',(1.504596634601E-1,-4.893953223391E-2,
-2.726082560483E-2));
#2083=CARTESIAN_POINT('',(1.506433645365E-1,-4.762922919297E-2,
-2.949047492084E-2));
#2084=CARTESIAN_POINT('',(1.508273110600E-1,-4.621548375316E-2,
-3.166013661133E-2));
#2085=CARTESIAN_POINT('',(1.510111630811E-1,-4.470372122103E-2,
-3.376104137819E-2));
#2086=CARTESIAN_POINT('',(1.511948848273E-1,-4.309772406175E-2,
-3.578847776096E-2));
#2087=CARTESIAN_POINT('',(1.513786072477E-1,-4.139987256747E-2,
-3.773965065297E-2));
#2088=CARTESIAN_POINT('',(1.515624652611E-1,-3.961243648398E-2,
-3.961174386830E-2));
#2089=CARTESIAN_POINT('',(1.517464784335E-1,-3.773879243519E-2,
-4.140071989142E-2));
#2090=CARTESIAN_POINT('',(1.519303665255E-1,-3.578576625323E-2,
-4.309999709377E-2));
#2091=CARTESIAN_POINT('',(1.521140593650E-1,-3.375852751918E-2,
-4.470558786782E-2));
#2092=CARTESIAN_POINT('',(1.522977832069E-1,-3.165903318253E-2,
-4.621621860241E-2));
#2093=CARTESIAN_POINT('',(1.524818080793E-1,-2.948844241121E-2,
-4.763056103235E-2));
#2094=CARTESIAN_POINT('',(1.526658829737E-1,-2.725413528264E-2,
-4.894332913385E-2));
#2095=CARTESIAN_POINT('',(1.528498130160E-1,-2.496331109377E-2,
-5.015040471908E-2));
#2096=CARTESIAN_POINT('',(1.530334521630E-1,-2.262292612603E-2,
-5.124872800363E-2));
#2097=CARTESIAN_POINT('',(1.532172691194E-1,-2.023204132759E-2,
-5.223884450912E-2));
#2098=CARTESIAN_POINT('',(1.534010475099E-1,-1.779847767640E-2,
-5.311726583890E-2));
#2099=CARTESIAN_POINT('',(1.535847975546E-1,-1.532734732303E-2,
-5.388231966362E-2));
#2100=CARTESIAN_POINT('',(1.537686290139E-1,-1.282240818852E-2,
-5.453270067801E-2));
#2101=CARTESIAN_POINT('',(1.539522994003E-1,-1.029233823049E-2,
-5.506631255943E-2));
#2102=CARTESIAN_POINT('',(1.541361846417E-1,-7.737344792027E-3,
-5.548301657178E-2));
#2103=CARTESIAN_POINT('',(1.543198883754E-1,-5.168368281177E-3,
-5.578098341500E-2));
#2104=CARTESIAN_POINT('',(1.545037305137E-1,-2.586434900705E-3,
-5.596018849792E-2));
#2105=CARTESIAN_POINT('',(1.546262437573E-1,-8.621414204807E-4,-5.6E-2));
#2106=CARTESIAN_POINT('',(1.546875000380E-1,0.E0,-5.6E-2));
#2108=DIRECTION('',(1.E0,2.257453538327E-14,0.E0));
#2109=VECTOR('',#2108,3.124999923970E-3);
#2110=CARTESIAN_POINT('',(1.421875000380E-1,0.E0,5.6E-2));
#2111=LINE('',#2110,#2109);
#2112=CARTESIAN_POINT('',(1.578124999620E-1,0.E0,-5.6E-2));
#2113=CARTESIAN_POINT('',(1.577512254522E-1,-8.623979833385E-4,-5.6E-2));
#2114=CARTESIAN_POINT('',(1.576286764326E-1,-2.587193874384E-3,
-5.596015021905E-2));
#2115=CARTESIAN_POINT('',(1.574448529032E-1,-5.168866569617E-3,
-5.578095376693E-2));
#2116=CARTESIAN_POINT('',(1.572610293738E-1,-7.739508626819E-3,
-5.548271794837E-2));
#2117=CARTESIAN_POINT('',(1.570772058443E-1,-1.029363418694E-2,
-5.506607921365E-2));
#2118=CARTESIAN_POINT('',(1.568933823149E-1,-1.282579261179E-2,
-5.453192669082E-2));
#2119=CARTESIAN_POINT('',(1.567095587855E-1,-1.533058014916E-2,
-5.388140028827E-2));
#2120=CARTESIAN_POINT('',(1.565257352561E-1,-1.780265145581E-2,
-5.311588826215E-2));
#2121=CARTESIAN_POINT('',(1.563419117267E-1,-2.023673100712E-2,
-5.223702425369E-2));
#2122=CARTESIAN_POINT('',(1.561580881973E-1,-2.262762435461E-2,
-5.124668380297E-2));
#2123=CARTESIAN_POINT('',(1.559742646679E-1,-2.497022921141E-2,
-5.014698034642E-2));
#2124=CARTESIAN_POINT('',(1.557904411385E-1,-2.725954634068E-2,
-4.894026070665E-2));
#2125=CARTESIAN_POINT('',(1.556066176090E-1,-2.949069022432E-2,
-4.762910008417E-2));
#2126=CARTESIAN_POINT('',(1.554227940796E-1,-3.165889948883E-2,
-4.621629656183E-2));
#2127=CARTESIAN_POINT('',(1.552389705502E-1,-3.375954706637E-2,
-4.470486513354E-2));
#2128=CARTESIAN_POINT('',(1.550551470208E-1,-3.578815006914E-2,
-4.309803127015E-2));
#2129=CARTESIAN_POINT('',(1.548713234914E-1,-3.774037935612E-2,
-4.139922403609E-2));
#2130=CARTESIAN_POINT('',(1.546874999620E-1,-3.961206877162E-2,
-3.961206877162E-2));
#2131=CARTESIAN_POINT('',(1.545036764326E-1,-4.139922403609E-2,
-3.774037935612E-2));
#2132=CARTESIAN_POINT('',(1.543198529032E-1,-4.309803127015E-2,
-3.578815006914E-2));
#2133=CARTESIAN_POINT('',(1.541360293737E-1,-4.470486513354E-2,
-3.375954706636E-2));
#2134=CARTESIAN_POINT('',(1.539522058443E-1,-4.621629656183E-2,
-3.165889948883E-2));
#2135=CARTESIAN_POINT('',(1.537683823149E-1,-4.762910008417E-2,
-2.949069022432E-2));
#2136=CARTESIAN_POINT('',(1.535845587855E-1,-4.894026070665E-2,
-2.725954634068E-2));
#2137=CARTESIAN_POINT('',(1.534007352561E-1,-5.014698034642E-2,
-2.497022921141E-2));
#2138=CARTESIAN_POINT('',(1.532169117267E-1,-5.124668380297E-2,
-2.262762435461E-2));
#2139=CARTESIAN_POINT('',(1.530330881973E-1,-5.223702425369E-2,
-2.023673100711E-2));
#2140=CARTESIAN_POINT('',(1.528492646679E-1,-5.311588826215E-2,
-1.780265145582E-2));
#2141=CARTESIAN_POINT('',(1.526654411385E-1,-5.388140028827E-2,
-1.533058014914E-2));
#2142=CARTESIAN_POINT('',(1.524816176090E-1,-5.453192669082E-2,
-1.282579261184E-2));
#2143=CARTESIAN_POINT('',(1.522977940796E-1,-5.506607921365E-2,
-1.029363418675E-2));
#2144=CARTESIAN_POINT('',(1.521139705502E-1,-5.548271794837E-2,
-7.739508627545E-3));
#2145=CARTESIAN_POINT('',(1.519301470208E-1,-5.578095376693E-2,
-5.168866566902E-3));
#2146=CARTESIAN_POINT('',(1.517463234914E-1,-5.596015021905E-2,
-2.587193884516E-3));
#2147=CARTESIAN_POINT('',(1.515624999620E-1,-5.601992489048E-2,0.E0));
#2148=CARTESIAN_POINT('',(1.513786764326E-1,-5.596015021905E-2,
2.587193884517E-3));
#2149=CARTESIAN_POINT('',(1.511948529032E-1,-5.578095376693E-2,
5.168866566901E-3));
#2150=CARTESIAN_POINT('',(1.510110293737E-1,-5.548271794837E-2,
7.739508627546E-3));
#2151=CARTESIAN_POINT('',(1.508272058443E-1,-5.506607921365E-2,
1.029363418675E-2));
#2152=CARTESIAN_POINT('',(1.506433823149E-1,-5.453192669082E-2,
1.282579261184E-2));
#2153=CARTESIAN_POINT('',(1.504595587855E-1,-5.388140028827E-2,
1.533058014914E-2));
#2154=CARTESIAN_POINT('',(1.502757352561E-1,-5.311588826215E-2,
1.780265145582E-2));
#2155=CARTESIAN_POINT('',(1.500919117267E-1,-5.223702425369E-2,
2.023673100711E-2));
#2156=CARTESIAN_POINT('',(1.499080881973E-1,-5.124668380297E-2,
2.262762435461E-2));
#2157=CARTESIAN_POINT('',(1.497242646679E-1,-5.014698034642E-2,
2.497022921141E-2));
#2158=CARTESIAN_POINT('',(1.495404411385E-1,-4.894026070665E-2,
2.725954634068E-2));
#2159=CARTESIAN_POINT('',(1.493566176090E-1,-4.762910008417E-2,
2.949069022432E-2));
#2160=CARTESIAN_POINT('',(1.491727940796E-1,-4.621629656183E-2,
3.165889948883E-2));
#2161=CARTESIAN_POINT('',(1.489889705502E-1,-4.470486513354E-2,
3.375954706637E-2));
#2162=CARTESIAN_POINT('',(1.488051470208E-1,-4.309803127015E-2,
3.578815006914E-2));
#2163=CARTESIAN_POINT('',(1.486213234914E-1,-4.139922403609E-2,
3.774037935612E-2));
#2164=CARTESIAN_POINT('',(1.484374999620E-1,-3.961206877162E-2,
3.961206877162E-2));
#2165=CARTESIAN_POINT('',(1.482536764326E-1,-3.774037935612E-2,
4.139922403609E-2));
#2166=CARTESIAN_POINT('',(1.480698529032E-1,-3.578815006914E-2,
4.309803127015E-2));
#2167=CARTESIAN_POINT('',(1.478860293737E-1,-3.375954706636E-2,
4.470486513355E-2));
#2168=CARTESIAN_POINT('',(1.477022058443E-1,-3.165889948883E-2,
4.621629656183E-2));
#2169=CARTESIAN_POINT('',(1.475183823149E-1,-2.949069022432E-2,
4.762910008417E-2));
#2170=CARTESIAN_POINT('',(1.473345587855E-1,-2.725954634068E-2,
4.894026070665E-2));
#2171=CARTESIAN_POINT('',(1.471507352561E-1,-2.497022921140E-2,
5.014698034642E-2));
#2172=CARTESIAN_POINT('',(1.469669117267E-1,-2.262762435461E-2,
5.124668380297E-2));
#2173=CARTESIAN_POINT('',(1.467830881973E-1,-2.023673100711E-2,
5.223702425369E-2));
#2174=CARTESIAN_POINT('',(1.465992646679E-1,-1.780265145581E-2,
5.311588826215E-2));
#2175=CARTESIAN_POINT('',(1.464154411384E-1,-1.533058014915E-2,
5.388140028827E-2));
#2176=CARTESIAN_POINT('',(1.462316176090E-1,-1.282579261179E-2,
5.453192669082E-2));
#2177=CARTESIAN_POINT('',(1.460477940796E-1,-1.029363418694E-2,
5.506607921365E-2));
#2178=CARTESIAN_POINT('',(1.458639705502E-1,-7.739508626819E-3,
5.548271794837E-2));
#2179=CARTESIAN_POINT('',(1.456801470208E-1,-5.168866569615E-3,
5.578095376693E-2));
#2180=CARTESIAN_POINT('',(1.454963234914E-1,-2.587193874384E-3,
5.596015021905E-2));
#2181=CARTESIAN_POINT('',(1.453737744718E-1,-8.623979833384E-4,5.6E-2));
#2182=CARTESIAN_POINT('',(1.453124999620E-1,0.E0,5.6E-2));
#2184=CARTESIAN_POINT('',(2.452916744911E-1,3.915004210209E-2,
-1.645707173034E-2));
#2185=CARTESIAN_POINT('',(2.452256754521E-1,3.887706260250E-2,
-1.710646787305E-2));
#2186=CARTESIAN_POINT('',(2.450936773743E-1,3.829878164879E-2,
-1.839167324447E-2));
#2187=CARTESIAN_POINT('',(2.448956802574E-1,3.733654175589E-2,
-2.027394806877E-2));
#2188=CARTESIAN_POINT('',(2.446976831406E-1,3.628186570464E-2,
-2.210602952907E-2));
#2189=CARTESIAN_POINT('',(2.444996860237E-1,3.513736460673E-2,
-2.388338185972E-2));
#2190=CARTESIAN_POINT('',(2.443016889069E-1,3.390587196992E-2,
-2.560160476450E-2));
#2191=CARTESIAN_POINT('',(2.441036917901E-1,3.259043666881E-2,
-2.725644434435E-2));
#2192=CARTESIAN_POINT('',(2.439056946732E-1,3.119431540033E-2,
-2.884380361992E-2));
#2193=CARTESIAN_POINT('',(2.437076975564E-1,2.972096461996E-2,
-3.035975267716E-2));
#2194=CARTESIAN_POINT('',(2.435097004395E-1,2.817403198469E-2,
-3.180053839616E-2));
#2195=CARTESIAN_POINT('',(2.433117033227E-1,2.655734732217E-2,
-3.316259374309E-2));
#2196=CARTESIAN_POINT('',(2.431137062059E-1,2.487491314907E-2,
-3.444254660134E-2));
#2197=CARTESIAN_POINT('',(2.429157090890E-1,2.313089476182E-2,
-3.563722812001E-2));
#2198=CARTESIAN_POINT('',(2.427177119722E-1,2.132960992428E-2,
-3.674368055921E-2));
#2199=CARTESIAN_POINT('',(2.425197148554E-1,1.947551817813E-2,
-3.775916461275E-2));
#2200=CARTESIAN_POINT('',(2.423217177385E-1,1.757320980203E-2,
-3.868116618994E-2));
#2201=CARTESIAN_POINT('',(2.421237206217E-1,1.562739444724E-2,
-3.950740263989E-2));
#2202=CARTESIAN_POINT('',(2.419257235048E-1,1.364288947771E-2,
-4.023582840279E-2));
#2203=CARTESIAN_POINT('',(2.417277263880E-1,1.162460804342E-2,
-4.086464007423E-2));
#2204=CARTESIAN_POINT('',(2.415297292712E-1,9.577546916636E-3,
-4.139228086998E-2));
#2205=CARTESIAN_POINT('',(2.413317321543E-1,7.506774121110E-3,
-4.181744448020E-2));
#2206=CARTESIAN_POINT('',(2.411337350375E-1,5.417416384910E-3,
-4.213907830354E-2));
#2207=CARTESIAN_POINT('',(2.409357379206E-1,3.314646447877E-3,
-4.235638605317E-2));
#2208=CARTESIAN_POINT('',(2.407377408038E-1,1.203670255187E-3,
-4.246882972813E-2));
#2209=CARTESIAN_POINT('',(2.405397436870E-1,-9.102859312958E-4,
-4.247613094531E-2));
#2210=CARTESIAN_POINT('',(2.403417465701E-1,-3.021988471970E-3,
-4.237827162869E-2));
#2211=CARTESIAN_POINT('',(2.401437494533E-1,-5.126209306713E-3,
-4.217549405405E-2));
#2212=CARTESIAN_POINT('',(2.399457523365E-1,-7.217738898278E-3,
-4.186830024919E-2));
#2213=CARTESIAN_POINT('',(2.397477552196E-1,-9.291399129840E-3,
-4.145745075098E-2));
#2214=CARTESIAN_POINT('',(2.395497581028E-1,-1.134205612475E-2,
-4.094396272252E-2));
#2215=CARTESIAN_POINT('',(2.393517609859E-1,-1.336463295675E-2,
-4.032910743484E-2));
#2216=CARTESIAN_POINT('',(2.391537638691E-1,-1.535412221923E-2,
-3.961440711959E-2));
#2217=CARTESIAN_POINT('',(2.389557667523E-1,-1.730559842231E-2,
-3.880163120032E-2));
#2218=CARTESIAN_POINT('',(2.387577696354E-1,-1.921423018718E-2,
-3.789279191184E-2));
#2219=CARTESIAN_POINT('',(2.385597725186E-1,-2.107529220739E-2,
-3.689013931843E-2));
#2220=CARTESIAN_POINT('',(2.383617754017E-1,-2.288417694758E-2,
-3.579615574320E-2));
#2221=CARTESIAN_POINT('',(2.381637782849E-1,-2.463640605059E-2,
-3.461354962251E-2));
#2222=CARTESIAN_POINT('',(2.379657811681E-1,-2.632764142480E-2,
-3.334524880049E-2));
#2223=CARTESIAN_POINT('',(2.377677840512E-1,-2.795369598419E-2,
-3.199439328044E-2));
#2224=CARTESIAN_POINT('',(2.375697869344E-1,-2.951054401449E-2,
-3.056432745095E-2));
#2225=CARTESIAN_POINT('',(2.373717898176E-1,-3.099433113994E-2,
-2.905859180599E-2));
#2226=CARTESIAN_POINT('',(2.371737927007E-1,-3.240138386575E-2,
-2.748091417956E-2));
#2227=CARTESIAN_POINT('',(2.369757955839E-1,-3.372821867275E-2,
-2.583520051641E-2));
#2228=CARTESIAN_POINT('',(2.367777984670E-1,-3.497155064178E-2,
-2.412552520194E-2));
#2229=CARTESIAN_POINT('',(2.365798013502E-1,-3.612830158632E-2,
-2.235612097497E-2));
#2230=CARTESIAN_POINT('',(2.363818042334E-1,-3.719560767336E-2,
-2.053136844853E-2));
#2231=CARTESIAN_POINT('',(2.361838071165E-1,-3.817082651348E-2,
-1.865578526456E-2));
#2232=CARTESIAN_POINT('',(2.359858099997E-1,-3.905154370286E-2,
-1.673401490927E-2));
#2233=CARTESIAN_POINT('',(2.357878128828E-1,-3.983557880066E-2,
-1.477081521704E-2));
#2234=CARTESIAN_POINT('',(2.355898157660E-1,-4.052099072734E-2,
-1.277104659120E-2));
#2235=CARTESIAN_POINT('',(2.353918186492E-1,-4.110608257024E-2,
-1.073965997081E-2));
#2236=CARTESIAN_POINT('',(2.351938215323E-1,-4.158940578475E-2,
-8.681684573368E-3));
#2237=CARTESIAN_POINT('',(2.349958244155E-1,-4.196976378054E-2,
-6.602215443716E-3));
#2238=CARTESIAN_POINT('',(2.347978272986E-1,-4.224621488406E-2,
-4.506400839915E-3));
#2239=CARTESIAN_POINT('',(2.345998301818E-1,-4.241807466982E-2,
-2.399429487434E-3));
#2240=CARTESIAN_POINT('',(2.344018330650E-1,-4.248491765496E-2,
-2.865177331289E-4));
#2241=CARTESIAN_POINT('',(2.342038359481E-1,-4.244657835254E-2,
1.827103369158E-3));
#2242=CARTESIAN_POINT('',(2.340058388313E-1,-4.230315168133E-2,
3.936201009411E-3));
#2243=CARTESIAN_POINT('',(2.338078417145E-1,-4.205499273075E-2,
6.035553576607E-3));
#2244=CARTESIAN_POINT('',(2.336098445976E-1,-4.170271588182E-2,
8.119963586140E-3));
#2245=CARTESIAN_POINT('',(2.334118474808E-1,-4.124719328602E-2,
1.018427054753E-2));
#2246=CARTESIAN_POINT('',(2.332138503639E-1,-4.068955270614E-2,
1.222336374055E-2));
#2247=CARTESIAN_POINT('',(2.330158532471E-1,-4.003117472416E-2,
1.423219486809E-2));
#2248=CARTESIAN_POINT('',(2.328178561303E-1,-3.927368932328E-2,
1.620579055455E-2));
#2249=CARTESIAN_POINT('',(2.326198590134E-1,-3.841897185249E-2,
1.813926465866E-2));
#2250=CARTESIAN_POINT('',(2.324218618966E-1,-3.746913838366E-2,
2.002783037042E-2));
#2251=CARTESIAN_POINT('',(2.322238647797E-1,-3.642654047263E-2,
2.186681206202E-2));
#2252=CARTESIAN_POINT('',(2.320258676629E-1,-3.529375933739E-2,
2.365165686362E-2));
#2253=CARTESIAN_POINT('',(2.318278705461E-1,-3.407359946757E-2,
2.537794593507E-2));
#2254=CARTESIAN_POINT('',(2.316298734292E-1,-3.276908168123E-2,
2.704140540595E-2));
#2255=CARTESIAN_POINT('',(2.314318763124E-1,-3.138343564603E-2,
2.863791695657E-2));
#2256=CARTESIAN_POINT('',(2.312338791956E-1,-2.992009188338E-2,
3.016352801397E-2));
#2257=CARTESIAN_POINT('',(2.310358820787E-1,-2.838267327531E-2,
3.161446153751E-2));
#2258=CARTESIAN_POINT('',(2.308378849619E-1,-2.677498609509E-2,
3.298712536987E-2));
#2259=CARTESIAN_POINT('',(2.306398878450E-1,-2.510101058380E-2,
3.427812113042E-2));
#2260=CARTESIAN_POINT('',(2.304418907282E-1,-2.336489109628E-2,
3.548425262872E-2));
#2261=CARTESIAN_POINT('',(2.302438936114E-1,-2.157092584067E-2,
3.660253377754E-2));
#2262=CARTESIAN_POINT('',(2.300458964945E-1,-1.972355623713E-2,
3.763019598568E-2));
#2263=CARTESIAN_POINT('',(2.298478993777E-1,-1.782735592193E-2,
3.856469501231E-2));
#2264=CARTESIAN_POINT('',(2.296499022608E-1,-1.588701942428E-2,
3.940371726592E-2));
#2265=CARTESIAN_POINT('',(2.294519051440E-1,-1.390735054381E-2,
4.014518553216E-2));
#2266=CARTESIAN_POINT('',(2.292539080272E-1,-1.189325045753E-2,
4.078726411656E-2));
#2267=CARTESIAN_POINT('',(2.290559109103E-1,-9.849705585686E-3,
4.132836338926E-2));
#2268=CARTESIAN_POINT('',(2.288579137935E-1,-7.781775246664E-3,
4.176714372051E-2));
#2269=CARTESIAN_POINT('',(2.286599166767E-1,-5.694579131295E-3,
4.210251879730E-2));
#2270=CARTESIAN_POINT('',(2.284619195598E-1,-3.593284627776E-3,
4.233365831278E-2));
#2271=CARTESIAN_POINT('',(2.282639224430E-1,-1.483094028469E-3,
4.245999002193E-2));
#2272=CARTESIAN_POINT('',(2.280659253261E-1,6.307683496992E-4,
4.248120115826E-2));
#2273=CARTESIAN_POINT('',(2.278679282093E-1,2.743069099374E-3,
4.239723920818E-2));
#2274=CARTESIAN_POINT('',(2.276699310925E-1,4.848578679413E-3,
4.220831204099E-2));
#2275=CARTESIAN_POINT('',(2.274719339756E-1,6.942084361951E-3,
4.191488739423E-2));
#2276=CARTESIAN_POINT('',(2.272739368588E-1,9.018403137843E-3,
4.151769171574E-2));
#2277=CARTESIAN_POINT('',(2.270759397419E-1,1.107239454853E-2,
4.101770836506E-2));
#2278=CARTESIAN_POINT('',(2.268779426251E-1,1.309897341257E-2,
4.041617517896E-2));
#2279=CARTESIAN_POINT('',(2.266799455083E-1,1.509312241528E-2,
3.971458140680E-2));
#2280=CARTESIAN_POINT('',(2.264819483914E-1,1.704990453040E-2,
3.891466402353E-2));
#2281=CARTESIAN_POINT('',(2.262839512746E-1,1.896447524299E-2,
3.801840342936E-2));
#2282=CARTESIAN_POINT('',(2.260859541578E-1,2.083209454320E-2,
3.702801854681E-2));
#2283=CARTESIAN_POINT('',(2.258879570409E-1,2.264813866146E-2,
3.594596132712E-2));
#2284=CARTESIAN_POINT('',(2.256899599241E-1,2.440811151574E-2,
3.477491067990E-2));
#2285=CARTESIAN_POINT('',(2.254919628072E-1,2.610765584277E-2,
3.351776584075E-2));
#2286=CARTESIAN_POINT('',(2.252939656904E-1,2.774256398558E-2,
3.217763919348E-2));
#2287=CARTESIAN_POINT('',(2.250959685736E-1,2.930878831061E-2,
3.075784856461E-2));
#2288=CARTESIAN_POINT('',(2.248979714567E-1,3.080245122867E-2,
2.926190900924E-2));
#2289=CARTESIAN_POINT('',(2.246999743399E-1,3.221985479492E-2,
2.769352410861E-2));
#2290=CARTESIAN_POINT('',(2.245019772230E-1,3.355748986404E-2,
2.605657680097E-2));
#2291=CARTESIAN_POINT('',(2.243039801062E-1,3.481204477806E-2,
2.435511976834E-2));
#2292=CARTESIAN_POINT('',(2.241059829894E-1,3.598041356518E-2,
2.259336540311E-2));
#2293=CARTESIAN_POINT('',(2.239079858725E-1,3.705970362943E-2,
2.077567537911E-2));
#2294=CARTESIAN_POINT('',(2.237099887557E-1,3.804724291203E-2,
1.890654985324E-2));
#2295=CARTESIAN_POINT('',(2.235119916389E-1,3.894058650670E-2,
1.699061632413E-2));
#2296=CARTESIAN_POINT('',(2.233139945220E-1,3.973752271275E-2,
1.503261817560E-2));
#2297=CARTESIAN_POINT('',(2.231159974052E-1,4.043607851061E-2,
1.303740293322E-2));
#2298=CARTESIAN_POINT('',(2.229180002883E-1,4.103452444662E-2,
1.100991026300E-2));
#2299=CARTESIAN_POINT('',(2.227200031715E-1,4.153137891469E-2,
8.955159741964E-3));
#2300=CARTESIAN_POINT('',(2.225220060547E-1,4.192541182442E-2,
6.878238430938E-3));
#2301=CARTESIAN_POINT('',(2.223240089378E-1,4.221564764648E-2,
4.784288280211E-3));
#2302=CARTESIAN_POINT('',(2.221260118210E-1,4.240136782781E-2,
2.678493399321E-3));
#2303=CARTESIAN_POINT('',(2.219280147041E-1,4.248211257058E-2,
5.660672224680E-4));
#2304=CARTESIAN_POINT('',(2.217300175873E-1,4.245768197050E-2,
-1.547760398677E-3));
#2305=CARTESIAN_POINT('',(2.215320204705E-1,4.232813651178E-2,
-3.657756142811E-3));
#2306=CARTESIAN_POINT('',(2.213340233536E-1,4.209379691735E-2,
-5.758696175421E-3));
#2307=CARTESIAN_POINT('',(2.211360262368E-1,4.175524335486E-2,
-7.845379081726E-3));
#2308=CARTESIAN_POINT('',(2.209380291199E-1,4.131331400031E-2,
-9.912638744111E-3));
#2309=CARTESIAN_POINT('',(2.207400320031E-1,4.076910296293E-2,
-1.195535713217E-2));
#2310=CARTESIAN_POINT('',(2.205420348863E-1,4.012395757642E-2,
-1.396847697371E-2));
#2311=CARTESIAN_POINT('',(2.203440377694E-1,3.937947506332E-2,
-1.594701427531E-2));
#2312=CARTESIAN_POINT('',(2.201460406526E-1,3.853749858063E-2,
-1.788607066148E-2));
#2313=CARTESIAN_POINT('',(2.199480435358E-1,3.760011265664E-2,
-1.978084550184E-2));
#2314=CARTESIAN_POINT('',(2.197500464189E-1,3.656963803013E-2,
-2.162664779630E-2));
#2315=CARTESIAN_POINT('',(2.195520493021E-1,3.544862590477E-2,
-2.341890778886E-2));
#2316=CARTESIAN_POINT('',(2.193540521852E-1,3.423985163301E-2,
-2.515318828119E-2));
#2317=CARTESIAN_POINT('',(2.191560550684E-1,3.294630784494E-2,
-2.682519561804E-2));
#2318=CARTESIAN_POINT('',(2.189580579516E-1,3.157119703928E-2,
-2.843079031730E-2));
#2319=CARTESIAN_POINT('',(2.187600608347E-1,3.011792365480E-2,
-2.996599731836E-2));
#2320=CARTESIAN_POINT('',(2.185620637179E-1,2.859008564170E-2,
-3.142701582333E-2));
#2321=CARTESIAN_POINT('',(2.183640666010E-1,2.699146555405E-2,
-3.281022870698E-2));
#2322=CARTESIAN_POINT('',(2.181660694842E-1,2.532602118503E-2,
-3.411221147178E-2));
#2323=CARTESIAN_POINT('',(2.179680723674E-1,2.359787576844E-2,
-3.532974072615E-2));
#2324=CARTESIAN_POINT('',(2.177700752505E-1,2.181130777057E-2,
-3.645980216481E-2));
#2325=CARTESIAN_POINT('',(2.175720781337E-1,1.997074029778E-2,
-3.749959803142E-2));
#2326=CARTESIAN_POINT('',(2.173740810169E-1,1.808073014592E-2,
-3.844655404519E-2));
#2327=CARTESIAN_POINT('',(2.171760839E-1,1.614595651888E-2,-3.929832577414E-2));
#2328=CARTESIAN_POINT('',(2.169780867832E-1,1.417120944396E-2,
-4.005280443933E-2));
#2329=CARTESIAN_POINT('',(2.167800896663E-1,1.216137791298E-2,
-4.070812213573E-2));
#2330=CARTESIAN_POINT('',(2.165820925495E-1,1.012143777830E-2,
-4.126265645665E-2));
#2331=CARTESIAN_POINT('',(2.163840954327E-1,8.056439433854E-3,
-4.171503451045E-2));
#2332=CARTESIAN_POINT('',(2.161860983158E-1,5.971495311564E-3,
-4.206413631948E-2));
#2333=CARTESIAN_POINT('',(2.159881011990E-1,3.871767224242E-3,
-4.230909759285E-2));
#2334=CARTESIAN_POINT('',(2.157901040821E-1,1.762453586189E-3,
-4.244931186623E-2));
#2335=CARTESIAN_POINT('',(2.155921069653E-1,-3.512234568114E-4,
-4.248443200330E-2));
#2336=CARTESIAN_POINT('',(2.153941098485E-1,-2.464030956250E-3,
-4.241437105518E-2));
#2337=CARTESIAN_POINT('',(2.151961127316E-1,-4.570738116395E-3,
-4.223930247567E-2));
#2338=CARTESIAN_POINT('',(2.149981156148E-1,-6.666129244465E-3,
-4.195965969185E-2));
#2339=CARTESIAN_POINT('',(2.148001184980E-1,-8.745016663412E-3,
-4.157613503101E-2));
#2340=CARTESIAN_POINT('',(2.146021213811E-1,-1.080225355535E-2,
-4.108967800660E-2));
#2341=CARTESIAN_POINT('',(2.144041242643E-1,-1.283274670380E-2,
-4.050149296749E-2));
#2342=CARTESIAN_POINT('',(2.142061271474E-1,-1.483146910328E-2,
-3.981303611630E-2));
#2343=CARTESIAN_POINT('',(2.140081300306E-1,-1.679347240492E-2,
-3.902601190417E-2));
#2344=CARTESIAN_POINT('',(2.138101329138E-1,-1.871389916739E-2,
-3.814236881098E-2));
#2345=CARTESIAN_POINT('',(2.136121357969E-1,-2.058799488269E-2,
-3.716429452136E-2));
#2346=CARTESIAN_POINT('',(2.134141386801E-1,-2.241111974722E-2,
-3.609421050855E-2));
#2347=CARTESIAN_POINT('',(2.132161415632E-1,-2.417876014875E-2,
-3.493476603942E-2));
#2348=CARTESIAN_POINT('',(2.130181444464E-1,-2.588653984105E-2,
-3.368883161550E-2));
#2349=CARTESIAN_POINT('',(2.128201473296E-1,-2.753023077839E-2,
-3.235949186635E-2));
#2350=CARTESIAN_POINT('',(2.126221502127E-1,-2.910576358314E-2,
-3.095003791277E-2));
#2351=CARTESIAN_POINT('',(2.124241530959E-1,-3.060923762061E-2,
-2.946395921876E-2));
#2352=CARTESIAN_POINT('',(2.122261559791E-1,-3.203693065600E-2,
-2.790493495248E-2));
#2353=CARTESIAN_POINT('',(2.120281588622E-1,-3.338530806979E-2,
-2.627682487754E-2));
#2354=CARTESIAN_POINT('',(2.118301617454E-1,-3.465103160857E-2,
-2.458365979714E-2));
#2355=CARTESIAN_POINT('',(2.116321646285E-1,-3.583096764978E-2,
-2.282963157479E-2));
#2356=CARTESIAN_POINT('',(2.114341675117E-1,-3.692219495972E-2,
-2.101908275629E-2));
#2357=CARTESIAN_POINT('',(2.112361703949E-1,-3.792201192592E-2,
-1.915649581866E-2));
#2358=CARTESIAN_POINT('',(2.110381732780E-1,-3.882794324556E-2,
-1.724648207257E-2));
#2359=CARTESIAN_POINT('',(2.108401761612E-1,-3.963774605379E-2,
-1.529377024593E-2));
#2360=CARTESIAN_POINT('',(2.106421790443E-1,-4.034941547649E-2,
-1.330319477664E-2));
#2361=CARTESIAN_POINT('',(2.104441819275E-1,-4.096118959386E-2,
-1.127968384377E-2));
#2362=CARTESIAN_POINT('',(2.102461848107E-1,-4.147155380249E-2,
-9.228247166540E-3));
#2363=CARTESIAN_POINT('',(2.100481876938E-1,-4.187924456516E-2,
-7.153963601506E-3));
#2364=CARTESIAN_POINT('',(2.098501905770E-1,-4.218325253902E-2,
-5.061968568538E-3));
#2365=CARTESIAN_POINT('',(2.096521934602E-1,-4.238282507454E-2,
-2.957441336783E-3));
#2366=CARTESIAN_POINT('',(2.094541963433E-1,-4.247746807882E-2,
-8.455922020497E-4));
#2367=CARTESIAN_POINT('',(2.092561992265E-1,-4.246694723889E-2,
1.268350412607E-3));
#2368=CARTESIAN_POINT('',(2.090582021096E-1,-4.235128860177E-2,
3.379152901186E-3));
#2369=CARTESIAN_POINT('',(2.088602049928E-1,-4.213077851002E-2,
5.481589431874E-3));
#2370=CARTESIAN_POINT('',(2.086622078760E-1,-4.180596289281E-2,
7.570454884925E-3));
#2371=CARTESIAN_POINT('',(2.084642107591E-1,-4.137764591434E-2,
9.640577739273E-3));
#2372=CARTESIAN_POINT('',(2.082662136423E-1,-4.084688798292E-2,
1.168683287595E-2));
#2373=CARTESIAN_POINT('',(2.080682165254E-1,-4.021500312565E-2,
1.370415426663E-2));
#2374=CARTESIAN_POINT('',(2.078702194086E-1,-3.948355573523E-2,
1.568754751588E-2));
#2375=CARTESIAN_POINT('',(2.076722222918E-1,-3.865435669688E-2,
1.763210222607E-2));
#2376=CARTESIAN_POINT('',(2.074742251749E-1,-3.772945890504E-2,
1.953300415431E-2));
#2377=CARTESIAN_POINT('',(2.072762280581E-1,-3.671115218094E-2,
2.138554713135E-2));
#2378=CARTESIAN_POINT('',(2.070782309413E-1,-3.560195760350E-2,
2.318514471290E-2));
#2379=CARTESIAN_POINT('',(2.068802338244E-1,-3.440462126779E-2,
2.492734153454E-2));
#2380=CARTESIAN_POINT('',(2.066822367076E-1,-3.312210748637E-2,
2.660782434212E-2));
#2381=CARTESIAN_POINT('',(2.064842395907E-1,-3.175759145035E-2,
2.822243267035E-2));
#2382=CARTESIAN_POINT('',(2.062862424739E-1,-3.031445136843E-2,
2.976716914305E-2));
#2383=CARTESIAN_POINT('',(2.060882453571E-1,-2.879626010325E-2,
3.123820936971E-2));
#2384=CARTESIAN_POINT('',(2.058902482402E-1,-2.720677632586E-2,
3.263191141374E-2));
#2385=CARTESIAN_POINT('',(2.056922511234E-1,-2.554993521018E-2,
3.394482480903E-2));
#2386=CARTESIAN_POINT('',(2.054942540065E-1,-2.382983869044E-2,
3.517369910241E-2));
#2387=CARTESIAN_POINT('',(2.052962568897E-1,-2.205074530586E-2,
3.631549190106E-2));
#2388=CARTESIAN_POINT('',(2.050982597729E-1,-2.021705965744E-2,
3.736737640466E-2));
#2389=CARTESIAN_POINT('',(2.049002626560E-1,-1.833332150333E-2,
3.832674840389E-2));
#2390=CARTESIAN_POINT('',(2.047022655392E-1,-1.640419451949E-2,
3.919123272783E-2));
#2391=CARTESIAN_POINT('',(2.045042684224E-1,-1.443445475350E-2,
3.995868912426E-2));
#2392=CARTESIAN_POINT('',(2.043062713055E-1,-1.242897880031E-2,
4.062721755844E-2));
#2393=CARTESIAN_POINT('',(2.041082741887E-1,-1.039273172894E-2,
4.119516291714E-2));
#2394=CARTESIAN_POINT('',(2.039102770718E-1,-8.330754790186E-3,
4.166111910625E-2));
#2395=CARTESIAN_POINT('',(2.037122799550E-1,-6.248152935715E-3,
4.202393253197E-2));
#2396=CARTESIAN_POINT('',(2.035142828382E-1,-4.150082179452E-3,
4.228270495680E-2));
#2397=CARTESIAN_POINT('',(2.033162857213E-1,-2.041736832553E-3,
4.243679572336E-2));
#2398=CARTESIAN_POINT('',(2.031182886045E-1,7.166335645126E-5,
4.248582334053E-2));
#2399=CARTESIAN_POINT('',(2.029202914876E-1,2.184886124475E-3,
4.242966642790E-2));
#2400=CARTESIAN_POINT('',(2.027222943708E-1,4.292699647682E-3,
4.226846401627E-2));
#2401=CARTESIAN_POINT('',(2.025242972540E-1,6.389885494207E-3,
4.200261520347E-2));
#2402=CARTESIAN_POINT('',(2.023263001371E-1,8.471251543718E-3,
4.163277816628E-2));
#2403=CARTESIAN_POINT('',(2.021283030203E-1,1.053164484184E-2,
4.115986853095E-2));
#2404=CARTESIAN_POINT('',(2.019303059035E-1,1.256596435761E-2,
4.058505710632E-2));
#2405=CARTESIAN_POINT('',(2.017323087866E-1,1.456917361239E-2,
3.990976698519E-2));
#2406=CARTESIAN_POINT('',(2.015343116698E-1,1.653631314895E-2,
3.913567002109E-2));
#2407=CARTESIAN_POINT('',(2.013363145529E-1,1.846251280989E-2,
3.826468268919E-2));
#2408=CARTESIAN_POINT('',(2.011383174361E-1,2.034300379494E-2,
3.729896134156E-2));
#2409=CARTESIAN_POINT('',(2.009403203193E-1,2.217313046736E-2,
3.624089686855E-2));
#2410=CARTESIAN_POINT('',(2.007423232024E-1,2.394836188016E-2,
3.509310877960E-2));
#2411=CARTESIAN_POINT('',(2.005443260856E-1,2.566430299360E-2,
3.385843871788E-2));
#2412=CARTESIAN_POINT('',(2.003463289687E-1,2.731670555628E-2,
3.253994342514E-2));
#2413=CARTESIAN_POINT('',(2.001483318519E-1,2.890147862272E-2,
3.114088717394E-2));
#2414=CARTESIAN_POINT('',(1.999503347351E-1,3.041469868158E-2,
2.966473368612E-2));
#2415=CARTESIAN_POINT('',(1.997523376182E-1,3.185261936929E-2,
2.811513755745E-2));
#2416=CARTESIAN_POINT('',(1.995543405014E-1,3.321168074517E-2,
2.649593520977E-2));
#2417=CARTESIAN_POINT('',(1.993563433845E-1,3.448851810493E-2,
2.481113539292E-2));
#2418=CARTESIAN_POINT('',(1.991583462677E-1,3.567997031087E-2,
2.306490926007E-2));
#2419=CARTESIAN_POINT('',(1.989603491509E-1,3.678308761812E-2,
2.126158004094E-2));
#2420=CARTESIAN_POINT('',(1.987623520340E-1,3.779513897745E-2,
1.940561233857E-2));
#2421=CARTESIAN_POINT('',(1.985643549172E-1,3.871361879668E-2,
1.750160107605E-2));
#2422=CARTESIAN_POINT('',(1.983663578004E-1,3.953625314393E-2,
1.555426012058E-2));
#2423=CARTESIAN_POINT('',(1.981683606835E-1,4.026100537733E-2,
1.356841061312E-2));
#2424=CARTESIAN_POINT('',(1.979703635667E-1,4.088608118723E-2,
1.154896903238E-2));
#2425=CARTESIAN_POINT('',(1.977723664498E-1,4.140993303847E-2,
9.500935022876E-3));
#2426=CARTESIAN_POINT('',(1.975743693330E-1,4.183126400172E-2,
7.429379016987E-3));
#2427=CARTESIAN_POINT('',(1.973763722162E-1,4.214903096434E-2,
5.339429681813E-3));
#2428=CARTESIAN_POINT('',(1.971783750993E-1,4.236244721288E-2,
3.236261221848E-3));
#2429=CARTESIAN_POINT('',(1.969803779825E-1,4.247098438079E-2,
1.125080568917E-3));
#2430=CARTESIAN_POINT('',(1.967823808656E-1,4.247437375654E-2,
-9.888855089226E-4));
#2431=CARTESIAN_POINT('',(1.965843837488E-1,4.237260694885E-2,
-3.100403347584E-3));
#2432=CARTESIAN_POINT('',(1.963863866320E-1,4.216593590752E-2,
-5.204245344217E-3));
#2433=CARTESIAN_POINT('',(1.961883895151E-1,4.185487229959E-2,
-7.295202899490E-3));
#2434=CARTESIAN_POINT('',(1.959903923983E-1,4.144018624265E-2,
-9.368099312797E-3));
#2435=CARTESIAN_POINT('',(1.957923952815E-1,4.092290439816E-2,
-1.141780259852E-2));
#2436=CARTESIAN_POINT('',(1.955943981646E-1,4.030430742973E-2,
-1.343923819155E-2));
#2437=CARTESIAN_POINT('',(1.953964010478E-1,3.958592683249E-2,
-1.542740151070E-2));
#2438=CARTESIAN_POINT('',(1.951984039309E-1,3.876954114146E-2,
-1.737737034882E-2));
#2439=CARTESIAN_POINT('',(1.950004068141E-1,3.785717152839E-2,
-1.928431705895E-2));
#2440=CARTESIAN_POINT('',(1.948024096973E-1,3.685107679776E-2,
-2.114352050643E-2));
#2441=CARTESIAN_POINT('',(1.946044125804E-1,3.575374779458E-2,
-2.295037775727E-2));
#2442=CARTESIAN_POINT('',(1.944064154636E-1,3.456790123767E-2,
-2.470041547388E-2));
#2443=CARTESIAN_POINT('',(1.942084183467E-1,3.329647299368E-2,-2.638930099E-2));
#2444=CARTESIAN_POINT('',(1.940104212299E-1,3.194261080867E-2,
-2.801285303724E-2));
#2445=CARTESIAN_POINT('',(1.938124241131E-1,3.050966651497E-2,
-2.956705209697E-2));
#2446=CARTESIAN_POINT('',(1.936144269962E-1,2.900118773295E-2,
-3.104805035164E-2));
#2447=CARTESIAN_POINT('',(1.934164298794E-1,2.742090908792E-2,
-3.245218121100E-2));
#2448=CARTESIAN_POINT('',(1.932184327626E-1,2.577274296415E-2,
-3.377596838972E-2));
#2449=CARTESIAN_POINT('',(1.930204356457E-1,2.406076981870E-2,
-3.501613451384E-2));
#2450=CARTESIAN_POINT('',(1.928224385289E-1,2.228922807928E-2,
-3.616960923468E-2));
#2451=CARTESIAN_POINT('',(1.926244414120E-1,2.046250365089E-2,
-3.723353683035E-2));
#2452=CARTESIAN_POINT('',(1.924264442952E-1,1.858511905738E-2,
-3.820528327578E-2));
#2453=CARTESIAN_POINT('',(1.922284471784E-1,1.666172224485E-2,
-3.908244276392E-2));
#2454=CARTESIAN_POINT('',(1.920304500615E-1,1.469707507437E-2,
-3.986284366196E-2));
#2455=CARTESIAN_POINT('',(1.918324529447E-1,1.269604153287E-2,
-4.054455388773E-2));
#2456=CARTESIAN_POINT('',(1.916344558278E-1,1.066357569104E-2,
-4.112588569309E-2));
#2457=CARTESIAN_POINT('',(1.914364587110E-1,8.604709438274E-3,
-4.160539984236E-2));
#2458=CARTESIAN_POINT('',(1.912384615942E-1,6.524540024944E-3,
-4.198190917553E-2));
#2459=CARTESIAN_POINT('',(1.910404644773E-1,4.428217442842E-3,
-4.225448154739E-2));
#2460=CARTESIAN_POINT('',(1.908424673605E-1,2.320931675073E-3,
-4.242244213526E-2));
#2461=CARTESIAN_POINT('',(1.906444702437E-1,2.078998469045E-4,
-4.248537510972E-2));
#2462=CARTESIAN_POINT('',(1.904464731268E-1,-1.905646690546E-3,
-4.244312466408E-2));
#2463=CARTESIAN_POINT('',(1.902484760100E-1,-4.014475311868E-3,
-4.229579540014E-2));
#2464=CARTESIAN_POINT('',(1.900504788931E-1,-6.113365072063E-3,
-4.204375206919E-2));
#2465=CARTESIAN_POINT('',(1.898524817763E-1,-8.197119632323E-3,
-4.168761866901E-2));
#2466=CARTESIAN_POINT('',(1.896544846595E-1,-1.026058012490E-2,
-4.122827689899E-2));
#2467=CARTESIAN_POINT('',(1.894564875426E-1,-1.229863792522E-2,
-4.066686397725E-2));
#2468=CARTESIAN_POINT('',(1.892584904258E-1,-1.430624729955E-2,
-4.000476982516E-2));
#2469=CARTESIAN_POINT('',(1.890604933089E-1,-1.627843789704E-2,
-3.924363362626E-2));
#2470=CARTESIAN_POINT('',(1.888624961921E-1,-1.821032705510E-2,
-3.838533976802E-2));
#2471=CARTESIAN_POINT('',(1.886644990753E-1,-2.009713188765E-2,
-3.743201317656E-2));
#2472=CARTESIAN_POINT('',(1.884665019584E-1,-2.193418112641E-2,
-3.638601405586E-2));
#2473=CARTESIAN_POINT('',(1.882685048416E-1,-2.371692668580E-2,
-3.524993204447E-2));
#2474=CARTESIAN_POINT('',(1.880705077248E-1,-2.544095492290E-2,
-3.402657980419E-2));
#2475=CARTESIAN_POINT('',(1.878725106079E-1,-2.710199756454E-2,
-3.271898605659E-2));
#2476=CARTESIAN_POINT('',(1.876745134911E-1,-2.869594227454E-2,
-3.133038808467E-2));
#2477=CARTESIAN_POINT('',(1.874765163742E-1,-3.021884283478E-2,
-2.986422371813E-2));
#2478=CARTESIAN_POINT('',(1.872785192574E-1,-3.166692891516E-2,
-2.832412282211E-2));
#2479=CARTESIAN_POINT('',(1.870805221406E-1,-3.303661540795E-2,
-2.671389831056E-2));
#2480=CARTESIAN_POINT('',(1.868825250237E-1,-3.432451130367E-2,
-2.503753670639E-2));
#2481=CARTESIAN_POINT('',(1.866845279069E-1,-3.552742808639E-2,
-2.329918827183E-2));
#2482=CARTESIAN_POINT('',(1.864865307900E-1,-3.664238762774E-2,
-2.150315673333E-2));
#2483=CARTESIAN_POINT('',(1.862885336732E-1,-3.766662956E-2,
-1.965388862667E-2));
#2484=CARTESIAN_POINT('',(1.860905365564E-1,-3.859761811012E-2,
-1.775596228834E-2));
#2485=CARTESIAN_POINT('',(1.858925394395E-1,-3.943304837765E-2,
-1.581407652081E-2));
#2486=CARTESIAN_POINT('',(1.856945423227E-1,-4.017085204115E-2,
-1.383303895920E-2));
#2487=CARTESIAN_POINT('',(1.854965452059E-1,-4.080920247878E-2,
-1.181775416945E-2));
#2488=CARTESIAN_POINT('',(1.852985480890E-1,-4.134651929077E-2,
-9.773211503255E-3));
#2489=CARTESIAN_POINT('',(1.851005509722E-1,-4.178147221134E-2,
-7.704472755339E-3));
#2490=CARTESIAN_POINT('',(1.849025538553E-1,-4.211298440508E-2,
-5.616659595337E-3));
#2491=CARTESIAN_POINT('',(1.847705557774E-1,-4.226448488283E-2,
-4.215513880796E-3));
#2492=CARTESIAN_POINT('',(1.847045567385E-1,-4.232276444365E-2,
-3.513490626084E-3));
#2494=CARTESIAN_POINT('',(2.078124999620E-1,0.E0,-5.6E-2));
#2495=CARTESIAN_POINT('',(2.078749073835E-1,8.783429628232E-4,-5.6E-2));
#2496=CARTESIAN_POINT('',(2.079997222373E-1,2.635028955614E-3,
-5.595866274746E-2));
#2497=CARTESIAN_POINT('',(2.081869445504E-1,5.264225359522E-3,
-5.577278230752E-2));
#2498=CARTESIAN_POINT('',(2.083741668943E-1,7.881768866198E-3,
-5.546343872498E-2));
#2499=CARTESIAN_POINT('',(2.085613892679E-1,1.048186507071E-2,
-5.503131672999E-2));
#2500=CARTESIAN_POINT('',(2.087486116700E-1,1.305875815577E-2,
-5.447737284881E-2));
#2501=CARTESIAN_POINT('',(2.089358340992E-1,1.560674367297E-2,
-5.380283328659E-2));
#2502=CARTESIAN_POINT('',(2.091230565544E-1,1.812018116048E-2,
-5.300919121319E-2));
#2503=CARTESIAN_POINT('',(2.093102790344E-1,2.059350663248E-2,
-5.209820345789E-2));
#2504=CARTESIAN_POINT('',(2.094975015378E-1,2.302124489571E-2,
-5.107188662052E-2));
#2505=CARTESIAN_POINT('',(2.096847240635E-1,2.539802167043E-2,
-4.993251260744E-2));
#2506=CARTESIAN_POINT('',(2.098719466102E-1,2.771857548771E-2,
-4.868260360232E-2));
#2507=CARTESIAN_POINT('',(2.100591691767E-1,2.997776933712E-2,
-4.732492648292E-2));
#2508=CARTESIAN_POINT('',(2.102463917618E-1,3.217060203884E-2,
-4.586248669605E-2));
#2509=CARTESIAN_POINT('',(2.104336143642E-1,3.429221931510E-2,
-4.429852160451E-2));
#2510=CARTESIAN_POINT('',(2.106208369827E-1,3.633792453642E-2,
-4.263649332049E-2));
#2511=CARTESIAN_POINT('',(2.108080596161E-1,3.830318911886E-2,
-4.088008104152E-2));
#2512=CARTESIAN_POINT('',(2.109952822631E-1,4.018366254922E-2,
-3.903317290572E-2));
#2513=CARTESIAN_POINT('',(2.111825049224E-1,4.197518201614E-2,
-3.709985738464E-2));
#2514=CARTESIAN_POINT('',(2.113697275929E-1,4.367378162554E-2,
-3.508441423245E-2));
#2515=CARTESIAN_POINT('',(2.115569502734E-1,4.527570118024E-2,
-3.299130501174E-2));
#2516=CARTESIAN_POINT('',(2.117441729625E-1,4.677739450414E-2,
-3.082516321683E-2));
#2517=CARTESIAN_POINT('',(2.119313956591E-1,4.817553729264E-2,
-2.859078401643E-2));
#2518=CARTESIAN_POINT('',(2.121186183619E-1,4.946703447190E-2,
-2.629311363842E-2));
#2519=CARTESIAN_POINT('',(2.123058410697E-1,5.064902705061E-2,
-2.393723842012E-2));
#2520=CARTESIAN_POINT('',(2.124930637813E-1,5.171889844910E-2,
-2.152837354853E-2));
#2521=CARTESIAN_POINT('',(2.126802864953E-1,5.267428029184E-2,
-1.907185151516E-2));
#2522=CARTESIAN_POINT('',(2.128675092107E-1,5.351305765050E-2,
-1.657311031131E-2));
#2523=CARTESIAN_POINT('',(2.130547319261E-1,5.423337372582E-2,
-1.403768138969E-2));
#2524=CARTESIAN_POINT('',(2.132419546403E-1,5.483363395814E-2,
-1.147117741920E-2));
#2525=CARTESIAN_POINT('',(2.134291773521E-1,5.531250955736E-2,
-8.879279859890E-3));
#2526=CARTESIAN_POINT('',(2.136164000602E-1,5.566894044449E-2,
-6.267726385615E-3));
#2527=CARTESIAN_POINT('',(2.138036227635E-1,5.590213759842E-2,
-3.642298182275E-3));
#2528=CARTESIAN_POINT('',(2.139908454606E-1,5.601158480251E-2,
-1.008807149716E-3));
#2529=CARTESIAN_POINT('',(2.141780681504E-1,5.599703978737E-2,
1.626916964359E-3));
#2530=CARTESIAN_POINT('',(2.143652908316E-1,5.585853476706E-2,
4.259039469985E-3));
#2531=CARTESIAN_POINT('',(2.145525135030E-1,5.559637636772E-2,
6.881733651471E-3));
#2532=CARTESIAN_POINT('',(2.147397361633E-1,5.521114494870E-2,
9.489193666270E-3));
#2533=CARTESIAN_POINT('',(2.149269588113E-1,5.470369331764E-2,
1.207564739764E-2));
#2534=CARTESIAN_POINT('',(2.151141814458E-1,5.407514484250E-2,
1.463536923263E-2));
#2535=CARTESIAN_POINT('',(2.153014040656E-1,5.332689096453E-2,
1.716269273714E-2));
#2536=CARTESIAN_POINT('',(2.154886266693E-1,5.246058811788E-2,
1.965202319987E-2));
#2537=CARTESIAN_POINT('',(2.156758492559E-1,5.147815406247E-2,
2.209785001762E-2));
#2538=CARTESIAN_POINT('',(2.158630718239E-1,5.038176363843E-2,
2.449475889428E-2));
#2539=CARTESIAN_POINT('',(2.160502943723E-1,4.917384395141E-2,
2.683744382663E-2));
#2540=CARTESIAN_POINT('',(2.162375168998E-1,4.785706899935E-2,
2.912071885040E-2));
#2541=CARTESIAN_POINT('',(2.164247394050E-1,4.643435375278E-2,
3.133952952057E-2));
#2542=CARTESIAN_POINT('',(2.166119618869E-1,4.490884770163E-2,
3.348896410053E-2));
#2543=CARTESIAN_POINT('',(2.167991843442E-1,4.328392788289E-2,
3.556426443524E-2));
#2544=CARTESIAN_POINT('',(2.169864067756E-1,4.156319140434E-2,
3.756083648455E-2));
#2545=CARTESIAN_POINT('',(2.171736291799E-1,3.975044748205E-2,
3.947426049252E-2));
#2546=CARTESIAN_POINT('',(2.173608515559E-1,3.784970900460E-2,
4.130030077352E-2));
#2547=CARTESIAN_POINT('',(2.175480739019E-1,3.586518366043E-2,
4.303491508100E-2));
#2548=CARTESIAN_POINT('',(2.177352962189E-1,3.380126458157E-2,
4.467426358465E-2));
#2549=CARTESIAN_POINT('',(2.179225184973E-1,3.166252077255E-2,
4.621471726265E-2));
#2550=CARTESIAN_POINT('',(2.181097407669E-1,2.945368641945E-2,
4.765286633802E-2));
#2551=CARTESIAN_POINT('',(2.182969630797E-1,2.717965053578E-2,
4.898552757390E-2));
#2552=CARTESIAN_POINT('',(2.184841854206E-1,2.484544725273E-2,
5.020975071034E-2));
#2553=CARTESIAN_POINT('',(2.186714077920E-1,2.245624369483E-2,
5.132282567694E-2));
#2554=CARTESIAN_POINT('',(2.188586301918E-1,2.001732879958E-2,
5.232228841274E-2));
#2555=CARTESIAN_POINT('',(2.190458526188E-1,1.753410154142E-2,
5.320592636953E-2));
#2556=CARTESIAN_POINT('',(2.192330750721E-1,1.501205899326E-2,
5.397178339687E-2));
#2557=CARTESIAN_POINT('',(2.194202975495E-1,1.245678417170E-2,
5.461816407759E-2));
#2558=CARTESIAN_POINT('',(2.196075200531E-1,9.873933607552E-3,
5.514363747516E-2));
#2559=CARTESIAN_POINT('',(2.197947425697E-1,7.269225090354E-3,
5.554704032119E-2));
#2560=CARTESIAN_POINT('',(2.199819651422E-1,4.648424014655E-3,
5.582747951892E-2));
#2561=CARTESIAN_POINT('',(2.201691876048E-1,2.017334334511E-3,
5.598433438848E-2));
#2562=CARTESIAN_POINT('',(2.203564105703E-1,-6.182281591782E-4,
5.601725704145E-2));
#2563=CARTESIAN_POINT('',(2.205436306074E-1,-3.252380908300E-3,
5.592617705863E-2));
#2564=CARTESIAN_POINT('',(2.207308517239E-1,-5.879349229024E-3,
5.571129635703E-2));
#2565=CARTESIAN_POINT('',(2.209180726852E-1,-8.493300546288E-3,
5.537309026361E-2));
#2566=CARTESIAN_POINT('',(2.211052936609E-1,-1.108845088871E-2,
5.491230770370E-2));
#2567=CARTESIAN_POINT('',(2.212925144456E-1,-1.365905268228E-2,
5.432996919737E-2));
#2568=CARTESIAN_POINT('',(2.214797349302E-1,-1.619941414133E-2,
5.362736471630E-2));
#2569=CARTESIAN_POINT('',(2.216669549955E-1,-1.870391041533E-2,
5.280605066631E-2));
#2570=CARTESIAN_POINT('',(2.217917679761E-1,-2.034596706388E-2,
5.218058149697E-2));
#2571=CARTESIAN_POINT('',(2.218541743770E-1,-2.115918503064E-2,
5.184871154464E-2));
#2573=CARTESIAN_POINT('',(2.218541743770E-1,0.E0,0.E0));
#2574=DIRECTION('',(1.E0,0.E0,0.E0));
#2575=DIRECTION('',(0.E0,-3.778425898329E-1,9.258698490114E-1));
#2576=AXIS2_PLACEMENT_3D('',#2573,#2574,#2575);
#2578=CARTESIAN_POINT('',(2.218541743770E-1,-5.162437833373E-2,
2.170077329626E-2));
#2579=CARTESIAN_POINT('',(2.217919766700E-1,-5.128515208983E-2,
2.250776499730E-2));
#2580=CARTESIAN_POINT('',(2.216675812137E-1,-5.056884781125E-2,
2.410583761640E-2));
#2581=CARTESIAN_POINT('',(2.214809878980E-1,-4.938319818661E-2,
2.644994359439E-2));
#2582=CARTESIAN_POINT('',(2.212943944637E-1,-4.808896229456E-2,
2.873589197654E-2));
#2583=CARTESIAN_POINT('',(2.211078009E-1,-4.668898565188E-2,3.095865637123E-2));
#2584=CARTESIAN_POINT('',(2.209212072217E-1,-4.518634648097E-2,
3.311334895900E-2));
#2585=CARTESIAN_POINT('',(2.207346134859E-1,-4.358434916831E-2,
3.519523115935E-2));
#2586=CARTESIAN_POINT('',(2.205480196905E-1,-4.188651615523E-2,
3.719972519981E-2));
#2587=CARTESIAN_POINT('',(2.203614258141E-1,-4.009658041046E-2,
3.912242364720E-2));
#2588=CARTESIAN_POINT('',(2.201748318612E-1,-3.821847765197E-2,
4.095909862478E-2));
#2589=CARTESIAN_POINT('',(2.199882378674E-1,-3.625633781372E-2,
4.270571112805E-2));
#2590=CARTESIAN_POINT('',(2.198016438715E-1,-3.421447573067E-2,
4.435842022691E-2));
#2591=CARTESIAN_POINT('',(2.196150498662E-1,-3.209738106857E-2,
4.591359192837E-2));
#2592=CARTESIAN_POINT('',(2.194284558232E-1,-2.990970864952E-2,
4.736780683729E-2));
#2593=CARTESIAN_POINT('',(2.192418617642E-1,-2.765626905507E-2,
4.871786713244E-2));
#2594=CARTESIAN_POINT('',(2.190552677329E-1,-2.534201779642E-2,
4.996080392319E-2));
#2595=CARTESIAN_POINT('',(2.188686737639E-1,-2.297204404189E-2,
5.109388403668E-2));
#2596=CARTESIAN_POINT('',(2.186820798264E-1,-2.055155865581E-2,
5.211461627549E-2));
#2597=CARTESIAN_POINT('',(2.184954859338E-1,-1.808588411429E-2,
5.302075618921E-2));
#2598=CARTESIAN_POINT('',(2.183088921127E-1,-1.558044245259E-2,
5.381031130512E-2));
#2599=CARTESIAN_POINT('',(2.181222983457E-1,-1.304074255204E-2,
5.448154569223E-2));
#2600=CARTESIAN_POINT('',(2.179357046918E-1,-1.047236966148E-2,
5.503298338020E-2));
#2601=CARTESIAN_POINT('',(2.177491110902E-1,-7.880970421958E-3,
5.546341214304E-2));
#2602=CARTESIAN_POINT('',(2.175625176655E-1,-5.272244673790E-3,
5.577188557534E-2));
#2603=CARTESIAN_POINT('',(2.173759241894E-1,-2.651925400393E-3,
5.595772564030E-2));
#2604=CARTESIAN_POINT('',(2.171893313901E-1,-2.578450966904E-5,
5.602052411722E-2));
#2605=CARTESIAN_POINT('',(2.170027367461E-1,2.600439031260E-3,
5.596014231236E-2));
#2606=CARTESIAN_POINT('',(2.168161425837E-1,5.220937806076E-3,
5.577671203746E-2));
#2607=CARTESIAN_POINT('',(2.166295482651E-1,7.829958687816E-3,
5.547063683249E-2));
#2608=CARTESIAN_POINT('',(2.164429539620E-1,1.042176239336E-2,
5.504258960700E-2));
#2609=CARTESIAN_POINT('',(2.162563596293E-1,1.299065054705E-2,
5.449351155500E-2));
#2610=CARTESIAN_POINT('',(2.160697652799E-1,1.553097434071E-2,
5.382460997995E-2));
#2611=CARTESIAN_POINT('',(2.158831709112E-1,1.803714799173E-2,
5.303735566856E-2));
#2612=CARTESIAN_POINT('',(2.156965765248E-1,2.050366074785E-2,
5.213347964924E-2));
#2613=CARTESIAN_POINT('',(2.155099821210E-1,2.292508907916E-2,
5.111496938801E-2));
#2614=CARTESIAN_POINT('',(2.153233877007E-1,2.529610858395E-2,
4.998406441790E-2));
#2615=CARTESIAN_POINT('',(2.151367932644E-1,2.761150570194E-2,
4.874325141474E-2));
#2616=CARTESIAN_POINT('',(2.149501988129E-1,2.986618917695E-2,
4.739525872937E-2));
#2617=CARTESIAN_POINT('',(2.147636043467E-1,3.205520125249E-2,
4.594305038840E-2));
#2618=CARTESIAN_POINT('',(2.145770098667E-1,3.417372857331E-2,
4.438981957681E-2));
#2619=CARTESIAN_POINT('',(2.143904153733E-1,3.621711276952E-2,
4.273898161658E-2));
#2620=CARTESIAN_POINT('',(2.142038208674E-1,3.818086069998E-2,
4.099416645687E-2));
#2621=CARTESIAN_POINT('',(2.140172263496E-1,4.006065433228E-2,
3.915921069225E-2));
#2622=CARTESIAN_POINT('',(2.138306318205E-1,4.185236023773E-2,
3.723814912655E-2));
#2623=CARTESIAN_POINT('',(2.136440372809E-1,4.355203868042E-2,
3.523520590080E-2));
#2624=CARTESIAN_POINT('',(2.134574427313E-1,4.515595228034E-2,
3.315478520492E-2));
#2625=CARTESIAN_POINT('',(2.132708481724E-1,4.666057423159E-2,
3.100146159339E-2));
#2626=CARTESIAN_POINT('',(2.130842536050E-1,4.806259605752E-2,
2.877996992637E-2));
#2627=CARTESIAN_POINT('',(2.128976590297E-1,4.935893488579E-2,
2.649519495832E-2));
#2628=CARTESIAN_POINT('',(2.127110644472E-1,5.054674022734E-2,
2.415216059690E-2));
#2629=CARTESIAN_POINT('',(2.125244698580E-1,5.162340024443E-2,
2.175601885607E-2));
#2630=CARTESIAN_POINT('',(2.123378752630E-1,5.258654749383E-2,
1.931203852729E-2));
#2631=CARTESIAN_POINT('',(2.121512806627E-1,5.343406413261E-2,
1.682559359407E-2));
#2632=CARTESIAN_POINT('',(2.119646860579E-1,5.416408657517E-2,
1.430215141518E-2));
#2633=CARTESIAN_POINT('',(2.117780914492E-1,5.477500959107E-2,
1.174726070245E-2));
#2634=CARTESIAN_POINT('',(2.115914968372E-1,5.526548983482E-2,
9.166539319810E-3));
#2635=CARTESIAN_POINT('',(2.114049022227E-1,5.563444879981E-2,
6.565661930156E-3));
#2636=CARTESIAN_POINT('',(2.112183076063E-1,5.588107518981E-2,
3.950347517385E-3));
#2637=CARTESIAN_POINT('',(2.110317129886E-1,5.600482670303E-2,
1.326346810937E-3));
#2638=CARTESIAN_POINT('',(2.108451183704E-1,5.600543122453E-2,
-1.300570359456E-3));
#2639=CARTESIAN_POINT('',(2.106585237524E-1,5.588288742460E-2,
-3.924627751026E-3));
#2640=CARTESIAN_POINT('',(2.104719291351E-1,5.563746476170E-2,
-6.540055409332E-3));
#2641=CARTESIAN_POINT('',(2.102853345192E-1,5.526970288995E-2,
-9.141102355782E-3));
#2642=CARTESIAN_POINT('',(2.100987399055E-1,5.478041047246E-2,
-1.172204923344E-2));
#2643=CARTESIAN_POINT('',(2.099121452945E-1,5.417066340312E-2,
-1.427722088331E-2));
#2644=CARTESIAN_POINT('',(2.097255506871E-1,5.344180244087E-2,
-1.680099882337E-2));
#2645=CARTESIAN_POINT('',(2.095389560837E-1,5.259543026140E-2,
-1.928783360309E-2));
#2646=CARTESIAN_POINT('',(2.093523614851E-1,5.163340793304E-2,
-2.173225700602E-2));
#2647=CARTESIAN_POINT('',(2.091657668920E-1,5.055785082442E-2,
-2.412889407386E-2));
#2648=CARTESIAN_POINT('',(2.089791723050E-1,4.937112395295E-2,
-2.647247492540E-2));
#2649=CARTESIAN_POINT('',(2.087925777249E-1,4.807583678429E-2,
-2.875784634438E-2));
#2650=CARTESIAN_POINT('',(2.086059831522E-1,4.667483749444E-2,
-3.097998311092E-2));
#2651=CARTESIAN_POINT('',(2.084193885876E-1,4.517120670674E-2,
-3.313399905132E-2));
#2652=CARTESIAN_POINT('',(2.082327940318E-1,4.356825071791E-2,
-3.521515778230E-2));
#2653=CARTESIAN_POINT('',(2.080461994855E-1,4.186949422774E-2,
-3.721888312567E-2));
#2654=CARTESIAN_POINT('',(2.078596049494E-1,4.007867258858E-2,
-3.914076917087E-2));
#2655=CARTESIAN_POINT('',(2.076730104240E-1,3.819972359164E-2,
-4.097658996302E-2));
#2656=CARTESIAN_POINT('',(2.074864159102E-1,3.623677880809E-2,
-4.272230879526E-2));
#2657=CARTESIAN_POINT('',(2.072998214085E-1,3.419415450413E-2,
-4.437408708497E-2));
#2658=CARTESIAN_POINT('',(2.071132269196E-1,3.207634214986E-2,
-4.592829281431E-2));
#2659=CARTESIAN_POINT('',(2.069266324441E-1,2.988799854297E-2,
-4.738150851658E-2));
#2660=CARTESIAN_POINT('',(2.067400379829E-1,2.763393556886E-2,
-4.873053879068E-2));
#2661=CARTESIAN_POINT('',(2.065534435364E-1,2.531910961972E-2,
-4.997241732741E-2));
#2662=CARTESIAN_POINT('',(2.063668491055E-1,2.294861069590E-2,
-5.110441343190E-2));
#2663=CARTESIAN_POINT('',(2.061802546907E-1,2.052765121346E-2,
-5.212403802798E-2));
#2664=CARTESIAN_POINT('',(2.059936602927E-1,1.806155454256E-2,
-5.302904913127E-2));
#2665=CARTESIAN_POINT('',(2.058070659123E-1,1.555574330195E-2,
-5.381745677886E-2));
#2666=CARTESIAN_POINT('',(2.056204715500E-1,1.301572743494E-2,
-5.448752740492E-2));
#2667=CARTESIAN_POINT('',(2.054338772065E-1,1.044709209433E-2,
-5.503778765238E-2));
#2668=CARTESIAN_POINT('',(2.052472828825E-1,7.855485358509E-3,
-5.546702761255E-2));
#2669=CARTESIAN_POINT('',(2.050606885788E-1,5.246605821957E-3,
-5.577430348537E-2));
#2670=CARTESIAN_POINT('',(2.048740942958E-1,2.626190027255E-3,
-5.595893965450E-2));
#2671=CARTESIAN_POINT('',(2.047496981216E-1,8.753966694104E-4,-5.6E-2));
#2672=CARTESIAN_POINT('',(2.046875000380E-1,0.E0,-5.6E-2));
#2674=DIRECTION('',(1.E0,-1.085896930249E-14,0.E0));
#2675=VECTOR('',#2674,3.124999923954E-3);
#2676=CARTESIAN_POINT('',(2.046875000380E-1,0.E0,-5.6E-2));
#2677=LINE('',#2676,#2675);
#2678=CARTESIAN_POINT('',(1.953124999620E-1,0.E0,5.6E-2));
#2679=CARTESIAN_POINT('',(1.952512254522E-1,8.623979833387E-4,5.6E-2));
#2680=CARTESIAN_POINT('',(1.951286764326E-1,2.587193874385E-3,
5.596015021905E-2));
#2681=CARTESIAN_POINT('',(1.949448529032E-1,5.168866569616E-3,
5.578095376693E-2));
#2682=CARTESIAN_POINT('',(1.947610293738E-1,7.739508626820E-3,
5.548271794837E-2));
#2683=CARTESIAN_POINT('',(1.945772058443E-1,1.029363418694E-2,
5.506607921365E-2));
#2684=CARTESIAN_POINT('',(1.943933823149E-1,1.282579261179E-2,
5.453192669082E-2));
#2685=CARTESIAN_POINT('',(1.942095587855E-1,1.533058014916E-2,
5.388140028827E-2));
#2686=CARTESIAN_POINT('',(1.940257352561E-1,1.780265145581E-2,
5.311588826215E-2));
#2687=CARTESIAN_POINT('',(1.938419117267E-1,2.023673100712E-2,
5.223702425369E-2));
#2688=CARTESIAN_POINT('',(1.936580881973E-1,2.262762435461E-2,
5.124668380297E-2));
#2689=CARTESIAN_POINT('',(1.934742646679E-1,2.497022921141E-2,
5.014698034642E-2));
#2690=CARTESIAN_POINT('',(1.932904411385E-1,2.725954634068E-2,
4.894026070665E-2));
#2691=CARTESIAN_POINT('',(1.931066176090E-1,2.949069022432E-2,
4.762910008417E-2));
#2692=CARTESIAN_POINT('',(1.929227940796E-1,3.165889948883E-2,
4.621629656183E-2));
#2693=CARTESIAN_POINT('',(1.927389705502E-1,3.375954706636E-2,
4.470486513355E-2));
#2694=CARTESIAN_POINT('',(1.925551470208E-1,3.578815006914E-2,
4.309803127015E-2));
#2695=CARTESIAN_POINT('',(1.923713234914E-1,3.774037935612E-2,
4.139922403609E-2));
#2696=CARTESIAN_POINT('',(1.921874999620E-1,3.961206877162E-2,
3.961206877162E-2));
#2697=CARTESIAN_POINT('',(1.920036764326E-1,4.139922403609E-2,
3.774037935612E-2));
#2698=CARTESIAN_POINT('',(1.918198529032E-1,4.309803127015E-2,
3.578815006914E-2));
#2699=CARTESIAN_POINT('',(1.916360293737E-1,4.470486513354E-2,
3.375954706637E-2));
#2700=CARTESIAN_POINT('',(1.914522058443E-1,4.621629656183E-2,
3.165889948883E-2));
#2701=CARTESIAN_POINT('',(1.912683823149E-1,4.762910008417E-2,
2.949069022432E-2));
#2702=CARTESIAN_POINT('',(1.910845587855E-1,4.894026070665E-2,
2.725954634068E-2));
#2703=CARTESIAN_POINT('',(1.909007352561E-1,5.014698034642E-2,
2.497022921141E-2));
#2704=CARTESIAN_POINT('',(1.907169117267E-1,5.124668380297E-2,
2.262762435461E-2));
#2705=CARTESIAN_POINT('',(1.905330881973E-1,5.223702425369E-2,
2.023673100711E-2));
#2706=CARTESIAN_POINT('',(1.903492646679E-1,5.311588826215E-2,
1.780265145582E-2));
#2707=CARTESIAN_POINT('',(1.901654411385E-1,5.388140028827E-2,
1.533058014914E-2));
#2708=CARTESIAN_POINT('',(1.899816176090E-1,5.453192669082E-2,
1.282579261184E-2));
#2709=CARTESIAN_POINT('',(1.897977940796E-1,5.506607921365E-2,
1.029363418675E-2));
#2710=CARTESIAN_POINT('',(1.896139705502E-1,5.548271794837E-2,
7.739508627547E-3));
#2711=CARTESIAN_POINT('',(1.894301470208E-1,5.578095376693E-2,
5.168866566901E-3));
#2712=CARTESIAN_POINT('',(1.892463234914E-1,5.596015021905E-2,
2.587193884517E-3));
#2713=CARTESIAN_POINT('',(1.890624999620E-1,5.601992489048E-2,0.E0));
#2714=CARTESIAN_POINT('',(1.888786764326E-1,5.596015021905E-2,
-2.587193884516E-3));
#2715=CARTESIAN_POINT('',(1.886948529032E-1,5.578095376693E-2,
-5.168866566902E-3));
#2716=CARTESIAN_POINT('',(1.885110293737E-1,5.548271794837E-2,
-7.739508627545E-3));
#2717=CARTESIAN_POINT('',(1.883272058443E-1,5.506607921365E-2,
-1.029363418675E-2));
#2718=CARTESIAN_POINT('',(1.881433823149E-1,5.453192669082E-2,
-1.282579261184E-2));
#2719=CARTESIAN_POINT('',(1.879595587855E-1,5.388140028827E-2,
-1.533058014914E-2));
#2720=CARTESIAN_POINT('',(1.877757352561E-1,5.311588826215E-2,
-1.780265145582E-2));
#2721=CARTESIAN_POINT('',(1.875919117267E-1,5.223702425369E-2,
-2.023673100711E-2));
#2722=CARTESIAN_POINT('',(1.874080881973E-1,5.124668380297E-2,
-2.262762435461E-2));
#2723=CARTESIAN_POINT('',(1.872242646679E-1,5.014698034642E-2,
-2.497022921141E-2));
#2724=CARTESIAN_POINT('',(1.870404411385E-1,4.894026070665E-2,
-2.725954634068E-2));
#2725=CARTESIAN_POINT('',(1.868566176090E-1,4.762910008417E-2,
-2.949069022432E-2));
#2726=CARTESIAN_POINT('',(1.866727940796E-1,4.621629656183E-2,
-3.165889948883E-2));
#2727=CARTESIAN_POINT('',(1.864889705502E-1,4.470486513354E-2,
-3.375954706637E-2));
#2728=CARTESIAN_POINT('',(1.863051470208E-1,4.309803127015E-2,
-3.578815006914E-2));
#2729=CARTESIAN_POINT('',(1.861213234914E-1,4.139922403609E-2,
-3.774037935612E-2));
#2730=CARTESIAN_POINT('',(1.859374999620E-1,3.961206877162E-2,
-3.961206877162E-2));
#2731=CARTESIAN_POINT('',(1.857536764326E-1,3.774037935612E-2,
-4.139922403609E-2));
#2732=CARTESIAN_POINT('',(1.855698529032E-1,3.578815006914E-2,
-4.309803127015E-2));
#2733=CARTESIAN_POINT('',(1.853860293737E-1,3.375954706637E-2,
-4.470486513354E-2));
#2734=CARTESIAN_POINT('',(1.852022058443E-1,3.165889948883E-2,
-4.621629656183E-2));
#2735=CARTESIAN_POINT('',(1.850183823149E-1,2.949069022432E-2,
-4.762910008417E-2));
#2736=CARTESIAN_POINT('',(1.848345587855E-1,2.725954634068E-2,
-4.894026070665E-2));
#2737=CARTESIAN_POINT('',(1.846507352561E-1,2.497022921141E-2,
-5.014698034642E-2));
#2738=CARTESIAN_POINT('',(1.844669117267E-1,2.262762435461E-2,
-5.124668380297E-2));
#2739=CARTESIAN_POINT('',(1.842830881973E-1,2.023673100712E-2,
-5.223702425369E-2));
#2740=CARTESIAN_POINT('',(1.840992646679E-1,1.780265145581E-2,
-5.311588826215E-2));
#2741=CARTESIAN_POINT('',(1.839154411384E-1,1.533058014916E-2,
-5.388140028827E-2));
#2742=CARTESIAN_POINT('',(1.837316176090E-1,1.282579261179E-2,
-5.453192669082E-2));
#2743=CARTESIAN_POINT('',(1.835477940796E-1,1.029363418694E-2,
-5.506607921365E-2));
#2744=CARTESIAN_POINT('',(1.833639705502E-1,7.739508626820E-3,
-5.548271794837E-2));
#2745=CARTESIAN_POINT('',(1.831801470208E-1,5.168866569616E-3,
-5.578095376693E-2));
#2746=CARTESIAN_POINT('',(1.829963234914E-1,2.587193874385E-3,
-5.596015021905E-2));
#2747=CARTESIAN_POINT('',(1.828737744718E-1,8.623979833386E-4,-5.6E-2));
#2748=CARTESIAN_POINT('',(1.828124999620E-1,0.E0,-5.6E-2));
#2750=CARTESIAN_POINT('',(1.921875000380E-1,0.E0,5.6E-2));
#2751=CARTESIAN_POINT('',(1.921262434992E-1,8.621450544812E-4,5.6E-2));
#2752=CARTESIAN_POINT('',(1.920037306915E-1,2.586431734919E-3,
5.596017884687E-2));
#2753=CARTESIAN_POINT('',(1.918199394516E-1,5.167652508766E-3,
5.578105053771E-2));
#2754=CARTESIAN_POINT('',(1.916361946995E-1,7.737204411412E-3,
5.548303627966E-2));
#2755=CARTESIAN_POINT('',(1.914523688011E-1,1.029137534584E-2,
5.506647901749E-2));
#2756=CARTESIAN_POINT('',(1.912687037523E-1,1.282138638794E-2,
5.453295215654E-2));
#2757=CARTESIAN_POINT('',(1.910848204778E-1,1.532703663584E-2,
5.388240777523E-2));
#2758=CARTESIAN_POINT('',(1.909011039891E-1,1.779772461966E-2,
5.311752027486E-2));
#2759=CARTESIAN_POINT('',(1.907172768897E-1,2.023193975508E-2,
5.223888611110E-2));
#2760=CARTESIAN_POINT('',(1.905334818457E-1,2.262254673151E-2,
5.124890311089E-2));
#2761=CARTESIAN_POINT('',(1.903497472886E-1,2.496414774387E-2,
5.015000810218E-2));
#2762=CARTESIAN_POINT('',(1.901658863673E-1,2.725406388349E-2,
4.894329899032E-2));
#2763=CARTESIAN_POINT('',(1.899821927744E-1,2.948380228294E-2,
4.763335522351E-2));
#2764=CARTESIAN_POINT('',(1.897983108070E-1,3.165289625235E-2,
4.622040500271E-2));
#2765=CARTESIAN_POINT('',(1.896146242526E-1,3.375218321470E-2,
4.471038430654E-2));
#2766=CARTESIAN_POINT('',(1.894308188630E-1,3.578089338112E-2,
4.310409791597E-2));
#2767=CARTESIAN_POINT('',(1.892467199305E-1,3.773630301926E-2,
4.140303624905E-2));
#2768=CARTESIAN_POINT('',(1.890626104734E-1,3.961100358643E-2,
3.961320171598E-2));
#2769=CARTESIAN_POINT('',(1.888786943984E-1,4.139904205691E-2,
3.774055411704E-2));
#2770=CARTESIAN_POINT('',(1.886950425877E-1,4.309630087178E-2,
3.579018311641E-2));
#2771=CARTESIAN_POINT('',(1.885112331774E-1,4.470315650934E-2,
3.376185179862E-2));
#2772=CARTESIAN_POINT('',(1.883272025094E-1,4.621637014150E-2,
3.165889134127E-2));
#2773=CARTESIAN_POINT('',(1.881431902854E-1,4.763053047242E-2,
2.948839460439E-2));
#2774=CARTESIAN_POINT('',(1.879594620583E-1,4.894090127167E-2,
2.725834253683E-2));
#2775=CARTESIAN_POINT('',(1.877757202006E-1,5.014705877864E-2,
2.497003084300E-2));
#2776=CARTESIAN_POINT('',(1.875919451170E-1,5.124650750980E-2,
2.262805918578E-2));
#2777=CARTESIAN_POINT('',(1.874079621485E-1,5.223769646868E-2,
2.023508706071E-2));
#2778=CARTESIAN_POINT('',(1.872240966315E-1,5.311662592193E-2,
1.780040227481E-2));
#2779=CARTESIAN_POINT('',(1.870403820133E-1,5.388161380440E-2,
1.532977396495E-2));
#2780=CARTESIAN_POINT('',(1.868565913963E-1,5.453199575815E-2,
1.282542925233E-2));
#2781=CARTESIAN_POINT('',(1.866728415228E-1,5.506596640199E-2,
1.029429099704E-2));
#2782=CARTESIAN_POINT('',(1.864889067958E-1,5.548284319323E-2,
7.738619208028E-3));
#2783=CARTESIAN_POINT('',(1.863051992708E-1,5.578086850181E-2,
5.169595945098E-3));
#2784=CARTESIAN_POINT('',(1.861213535270E-1,5.596013899547E-2,
2.587615836679E-3));
#2785=CARTESIAN_POINT('',(1.859375569987E-1,5.601990620172E-2,
8.020158338219E-7));
#2786=CARTESIAN_POINT('',(1.857538109705E-1,5.596023615228E-2,
-2.585303043556E-3));
#2787=CARTESIAN_POINT('',(1.855699713070E-1,5.578109211232E-2,
-5.167205737100E-3));
#2788=CARTESIAN_POINT('',(1.853862604182E-1,5.548316762990E-2,
-7.736288398315E-3));
#2789=CARTESIAN_POINT('',(1.852023121216E-1,5.506637477837E-2,
-1.029216787551E-2));
#2790=CARTESIAN_POINT('',(1.850185048347E-1,5.453230716264E-2,
-1.282411165989E-2));
#2791=CARTESIAN_POINT('',(1.848347575834E-1,5.388214343087E-2,
-1.532788247423E-2));
#2792=CARTESIAN_POINT('',(1.846510419172E-1,5.311724885971E-2,
-1.779855476844E-2));
#2793=CARTESIAN_POINT('',(1.844671660396E-1,5.223834893778E-2,
-2.023340537577E-2));
#2794=CARTESIAN_POINT('',(1.842831619275E-1,5.124712755947E-2,
-2.262668678448E-2));
#2795=CARTESIAN_POINT('',(1.840993226821E-1,5.014733009938E-2,
-2.496949256547E-2));
#2796=CARTESIAN_POINT('',(1.839156170674E-1,4.894143704607E-2,
-2.725736715563E-2));
#2797=CARTESIAN_POINT('',(1.837318806615E-1,4.763105993900E-2,
-2.948754869926E-2));
#2798=CARTESIAN_POINT('',(1.835478512172E-1,4.621679985476E-2,
-3.165827005343E-2));
#2799=CARTESIAN_POINT('',(1.833637900448E-1,4.470336289701E-2,
-3.376159937383E-2));
#2800=CARTESIAN_POINT('',(1.831799167224E-1,4.309594021169E-2,
-3.579062955429E-2));
#2801=CARTESIAN_POINT('',(1.829962686959E-1,4.139868766036E-2,
-3.774093616193E-2));
#2802=CARTESIAN_POINT('',(1.828124397217E-1,3.961146787070E-2,
-3.961266839272E-2));
#2803=CARTESIAN_POINT('',(1.826286885261E-1,3.774049174582E-2,
-4.139909630190E-2));
#2804=CARTESIAN_POINT('',(1.824449088898E-1,3.578875556187E-2,
-4.309752857209E-2));
#2805=CARTESIAN_POINT('',(1.822611082180E-1,3.376041726889E-2,
-4.470417650885E-2));
#2806=CARTESIAN_POINT('',(1.820774233959E-1,3.166142243489E-2,
-4.621456255767E-2));
#2807=CARTESIAN_POINT('',(1.818935367201E-1,2.949253528047E-2,
-4.762795126235E-2));
#2808=CARTESIAN_POINT('',(1.817098396255E-1,2.726299198536E-2,
-4.893832433007E-2));
#2809=CARTESIAN_POINT('',(1.815259841004E-1,2.497336629119E-2,
-5.014542201119E-2));
#2810=CARTESIAN_POINT('',(1.813422273691E-1,2.263167987232E-2,
-5.124486923098E-2));
#2811=CARTESIAN_POINT('',(1.811584613578E-1,2.024162967400E-2,
-5.223512885881E-2));
#2812=CARTESIAN_POINT('',(1.809746237734E-1,1.780743945172E-2,
-5.311426591921E-2));
#2813=CARTESIAN_POINT('',(1.807909166436E-1,1.533701679984E-2,
-5.387956511873E-2));
#2814=CARTESIAN_POINT('',(1.806070360360E-1,1.283152451504E-2,
-5.453056880276E-2));
#2815=CARTESIAN_POINT('',(1.804233772526E-1,1.030169820098E-2,
-5.506454062444E-2));
#2816=CARTESIAN_POINT('',(1.802395294205E-1,7.747306444829E-3,
-5.548166806357E-2));
#2817=CARTESIAN_POINT('',(1.800554328680E-1,5.172879316834E-3,
-5.578065339481E-2));
#2818=CARTESIAN_POINT('',(1.798713283044E-1,2.587262007672E-3,
-5.596018449924E-2));
#2819=CARTESIAN_POINT('',(1.797487579741E-1,8.621647181987E-4,-5.6E-2));
#2820=CARTESIAN_POINT('',(1.796875000380E-1,0.E0,-5.6E-2));
#2822=DIRECTION('',(1.E0,-1.067887833629E-14,0.E0));
#2823=VECTOR('',#2822,3.124999923934E-3);
#2824=CARTESIAN_POINT('',(1.796875000380E-1,0.E0,-5.6E-2));
#2825=LINE('',#2824,#2823);
#2826=CARTESIAN_POINT('',(1.546875000380E-1,0.E0,-5.6E-2));
#2827=CARTESIAN_POINT('',(1.547487745478E-1,8.623979833383E-4,-5.6E-2));
#2828=CARTESIAN_POINT('',(1.548713235674E-1,2.587193874384E-3,
-5.596015021905E-2));
#2829=CARTESIAN_POINT('',(1.550551470968E-1,5.168866569617E-3,
-5.578095376693E-2));
#2830=CARTESIAN_POINT('',(1.552389706263E-1,7.739508626818E-3,
-5.548271794837E-2));
#2831=CARTESIAN_POINT('',(1.554227941557E-1,1.029363418694E-2,
-5.506607921365E-2));
#2832=CARTESIAN_POINT('',(1.556066176851E-1,1.282579261179E-2,
-5.453192669082E-2));
#2833=CARTESIAN_POINT('',(1.557904412145E-1,1.533058014916E-2,
-5.388140028827E-2));
#2834=CARTESIAN_POINT('',(1.559742647439E-1,1.780265145581E-2,
-5.311588826215E-2));
#2835=CARTESIAN_POINT('',(1.561580882733E-1,2.023673100712E-2,
-5.223702425369E-2));
#2836=CARTESIAN_POINT('',(1.563419118027E-1,2.262762435461E-2,
-5.124668380297E-2));
#2837=CARTESIAN_POINT('',(1.565257353321E-1,2.497022921141E-2,
-5.014698034642E-2));
#2838=CARTESIAN_POINT('',(1.567095588616E-1,2.725954634068E-2,
-4.894026070665E-2));
#2839=CARTESIAN_POINT('',(1.568933823910E-1,2.949069022432E-2,
-4.762910008417E-2));
#2840=CARTESIAN_POINT('',(1.570772059204E-1,3.165889948883E-2,
-4.621629656183E-2));
#2841=CARTESIAN_POINT('',(1.572610294498E-1,3.375954706637E-2,
-4.470486513354E-2));
#2842=CARTESIAN_POINT('',(1.574448529792E-1,3.578815006914E-2,
-4.309803127015E-2));
#2843=CARTESIAN_POINT('',(1.576286765086E-1,3.774037935612E-2,
-4.139922403609E-2));
#2844=CARTESIAN_POINT('',(1.578125000380E-1,3.961206877162E-2,
-3.961206877162E-2));
#2845=CARTESIAN_POINT('',(1.579963235674E-1,4.139922403609E-2,
-3.774037935612E-2));
#2846=CARTESIAN_POINT('',(1.581801470968E-1,4.309803127015E-2,
-3.578815006914E-2));
#2847=CARTESIAN_POINT('',(1.583639706263E-1,4.470486513354E-2,
-3.375954706636E-2));
#2848=CARTESIAN_POINT('',(1.585477941557E-1,4.621629656183E-2,
-3.165889948883E-2));
#2849=CARTESIAN_POINT('',(1.587316176851E-1,4.762910008417E-2,
-2.949069022432E-2));
#2850=CARTESIAN_POINT('',(1.589154412145E-1,4.894026070665E-2,
-2.725954634068E-2));
#2851=CARTESIAN_POINT('',(1.590992647439E-1,5.014698034642E-2,
-2.497022921141E-2));
#2852=CARTESIAN_POINT('',(1.592830882733E-1,5.124668380297E-2,
-2.262762435461E-2));
#2853=CARTESIAN_POINT('',(1.594669118027E-1,5.223702425369E-2,
-2.023673100712E-2));
#2854=CARTESIAN_POINT('',(1.596507353321E-1,5.311588826215E-2,
-1.780265145581E-2));
#2855=CARTESIAN_POINT('',(1.598345588616E-1,5.388140028827E-2,
-1.533058014914E-2));
#2856=CARTESIAN_POINT('',(1.600183823910E-1,5.453192669082E-2,
-1.282579261184E-2));
#2857=CARTESIAN_POINT('',(1.602022059204E-1,5.506607921365E-2,
-1.029363418675E-2));
#2858=CARTESIAN_POINT('',(1.603860294498E-1,5.548271794837E-2,
-7.739508627546E-3));
#2859=CARTESIAN_POINT('',(1.605698529792E-1,5.578095376693E-2,
-5.168866566902E-3));
#2860=CARTESIAN_POINT('',(1.607536765086E-1,5.596015021905E-2,
-2.587193884517E-3));
#2861=CARTESIAN_POINT('',(1.609375000380E-1,5.601992489048E-2,0.E0));
#2862=CARTESIAN_POINT('',(1.611213235674E-1,5.596015021905E-2,
2.587193884517E-3));
#2863=CARTESIAN_POINT('',(1.613051470969E-1,5.578095376693E-2,
5.168866566901E-3));
#2864=CARTESIAN_POINT('',(1.614889706263E-1,5.548271794837E-2,
7.739508627546E-3));
#2865=CARTESIAN_POINT('',(1.616727941557E-1,5.506607921365E-2,
1.029363418675E-2));
#2866=CARTESIAN_POINT('',(1.618566176851E-1,5.453192669082E-2,
1.282579261184E-2));
#2867=CARTESIAN_POINT('',(1.620404412145E-1,5.388140028827E-2,
1.533058014914E-2));
#2868=CARTESIAN_POINT('',(1.622242647439E-1,5.311588826215E-2,
1.780265145582E-2));
#2869=CARTESIAN_POINT('',(1.624080882733E-1,5.223702425369E-2,
2.023673100711E-2));
#2870=CARTESIAN_POINT('',(1.625919118027E-1,5.124668380297E-2,
2.262762435461E-2));
#2871=CARTESIAN_POINT('',(1.627757353321E-1,5.014698034642E-2,
2.497022921141E-2));
#2872=CARTESIAN_POINT('',(1.629595588616E-1,4.894026070665E-2,
2.725954634068E-2));
#2873=CARTESIAN_POINT('',(1.631433823910E-1,4.762910008417E-2,
2.949069022432E-2));
#2874=CARTESIAN_POINT('',(1.633272059204E-1,4.621629656183E-2,
3.165889948883E-2));
#2875=CARTESIAN_POINT('',(1.635110294498E-1,4.470486513355E-2,
3.375954706636E-2));
#2876=CARTESIAN_POINT('',(1.636948529792E-1,4.309803127015E-2,
3.578815006914E-2));
#2877=CARTESIAN_POINT('',(1.638786765086E-1,4.139922403609E-2,
3.774037935612E-2));
#2878=CARTESIAN_POINT('',(1.640625000380E-1,3.961206877162E-2,
3.961206877162E-2));
#2879=CARTESIAN_POINT('',(1.642463235674E-1,3.774037935612E-2,
4.139922403609E-2));
#2880=CARTESIAN_POINT('',(1.644301470969E-1,3.578815006914E-2,
4.309803127015E-2));
#2881=CARTESIAN_POINT('',(1.646139706263E-1,3.375954706636E-2,
4.470486513354E-2));
#2882=CARTESIAN_POINT('',(1.647977941557E-1,3.165889948883E-2,
4.621629656183E-2));
#2883=CARTESIAN_POINT('',(1.649816176851E-1,2.949069022432E-2,
4.762910008417E-2));
#2884=CARTESIAN_POINT('',(1.651654412145E-1,2.725954634068E-2,
4.894026070665E-2));
#2885=CARTESIAN_POINT('',(1.653492647439E-1,2.497022921141E-2,
5.014698034642E-2));
#2886=CARTESIAN_POINT('',(1.655330882733E-1,2.262762435461E-2,
5.124668380297E-2));
#2887=CARTESIAN_POINT('',(1.657169118027E-1,2.023673100712E-2,
5.223702425369E-2));
#2888=CARTESIAN_POINT('',(1.659007353322E-1,1.780265145581E-2,
5.311588826215E-2));
#2889=CARTESIAN_POINT('',(1.660845588616E-1,1.533058014916E-2,
5.388140028827E-2));
#2890=CARTESIAN_POINT('',(1.662683823910E-1,1.282579261179E-2,
5.453192669082E-2));
#2891=CARTESIAN_POINT('',(1.664522059204E-1,1.029363418694E-2,
5.506607921365E-2));
#2892=CARTESIAN_POINT('',(1.666360294498E-1,7.739508626818E-3,
5.548271794837E-2));
#2893=CARTESIAN_POINT('',(1.668198529792E-1,5.168866569616E-3,
5.578095376693E-2));
#2894=CARTESIAN_POINT('',(1.670036765086E-1,2.587193874384E-3,
5.596015021905E-2));
#2895=CARTESIAN_POINT('',(1.671262255282E-1,8.623979833382E-4,5.6E-2));
#2896=CARTESIAN_POINT('',(1.671875000380E-1,0.E0,5.6E-2));
#2898=DIRECTION('',(1.E0,-1.656532586962E-14,0.E0));
#2899=VECTOR('',#2898,3.124999923966E-3);
#2900=CARTESIAN_POINT('',(1.546875000380E-1,0.E0,-5.6E-2));
#2901=LINE('',#2900,#2899);
#2902=CARTESIAN_POINT('',(1.703124999620E-1,0.E0,5.6E-2));
#2903=CARTESIAN_POINT('',(1.702512254522E-1,8.623979833381E-4,5.6E-2));
#2904=CARTESIAN_POINT('',(1.701286764326E-1,2.587193874384E-3,
5.596015021905E-2));
#2905=CARTESIAN_POINT('',(1.699448529032E-1,5.168866569617E-3,
5.578095376693E-2));
#2906=CARTESIAN_POINT('',(1.697610293737E-1,7.739508626819E-3,
5.548271794837E-2));
#2907=CARTESIAN_POINT('',(1.695772058443E-1,1.029363418694E-2,
5.506607921365E-2));
#2908=CARTESIAN_POINT('',(1.693933823149E-1,1.282579261179E-2,
5.453192669082E-2));
#2909=CARTESIAN_POINT('',(1.692095587855E-1,1.533058014916E-2,
5.388140028827E-2));
#2910=CARTESIAN_POINT('',(1.690257352561E-1,1.780265145581E-2,
5.311588826215E-2));
#2911=CARTESIAN_POINT('',(1.688419117267E-1,2.023673100712E-2,
5.223702425369E-2));
#2912=CARTESIAN_POINT('',(1.686580881973E-1,2.262762435461E-2,
5.124668380297E-2));
#2913=CARTESIAN_POINT('',(1.684742646679E-1,2.497022921141E-2,
5.014698034642E-2));
#2914=CARTESIAN_POINT('',(1.682904411385E-1,2.725954634068E-2,
4.894026070665E-2));
#2915=CARTESIAN_POINT('',(1.681066176090E-1,2.949069022432E-2,
4.762910008417E-2));
#2916=CARTESIAN_POINT('',(1.679227940796E-1,3.165889948883E-2,
4.621629656183E-2));
#2917=CARTESIAN_POINT('',(1.677389705502E-1,3.375954706637E-2,
4.470486513354E-2));
#2918=CARTESIAN_POINT('',(1.675551470208E-1,3.578815006914E-2,
4.309803127015E-2));
#2919=CARTESIAN_POINT('',(1.673713234914E-1,3.774037935612E-2,
4.139922403609E-2));
#2920=CARTESIAN_POINT('',(1.671874999620E-1,3.961206877162E-2,
3.961206877162E-2));
#2921=CARTESIAN_POINT('',(1.670036764326E-1,4.139922403609E-2,
3.774037935612E-2));
#2922=CARTESIAN_POINT('',(1.668198529032E-1,4.309803127015E-2,
3.578815006914E-2));
#2923=CARTESIAN_POINT('',(1.666360293737E-1,4.470486513354E-2,
3.375954706637E-2));
#2924=CARTESIAN_POINT('',(1.664522058443E-1,4.621629656183E-2,
3.165889948883E-2));
#2925=CARTESIAN_POINT('',(1.662683823149E-1,4.762910008417E-2,
2.949069022432E-2));
#2926=CARTESIAN_POINT('',(1.660845587855E-1,4.894026070665E-2,
2.725954634068E-2));
#2927=CARTESIAN_POINT('',(1.659007352561E-1,5.014698034642E-2,
2.497022921141E-2));
#2928=CARTESIAN_POINT('',(1.657169117267E-1,5.124668380297E-2,
2.262762435461E-2));
#2929=CARTESIAN_POINT('',(1.655330881973E-1,5.223702425369E-2,
2.023673100712E-2));
#2930=CARTESIAN_POINT('',(1.653492646679E-1,5.311588826215E-2,
1.780265145582E-2));
#2931=CARTESIAN_POINT('',(1.651654411385E-1,5.388140028827E-2,
1.533058014914E-2));
#2932=CARTESIAN_POINT('',(1.649816176090E-1,5.453192669082E-2,
1.282579261184E-2));
#2933=CARTESIAN_POINT('',(1.647977940796E-1,5.506607921365E-2,
1.029363418674E-2));
#2934=CARTESIAN_POINT('',(1.646139705502E-1,5.548271794837E-2,
7.739508627547E-3));
#2935=CARTESIAN_POINT('',(1.644301470208E-1,5.578095376693E-2,
5.168866566901E-3));
#2936=CARTESIAN_POINT('',(1.642463234914E-1,5.596015021905E-2,
2.587193884516E-3));
#2937=CARTESIAN_POINT('',(1.640624999620E-1,5.601992489048E-2,0.E0));
#2938=CARTESIAN_POINT('',(1.638786764326E-1,5.596015021905E-2,
-2.587193884516E-3));
#2939=CARTESIAN_POINT('',(1.636948529032E-1,5.578095376693E-2,
-5.168866566901E-3));
#2940=CARTESIAN_POINT('',(1.635110293738E-1,5.548271794837E-2,
-7.739508627546E-3));
#2941=CARTESIAN_POINT('',(1.633272058443E-1,5.506607921365E-2,
-1.029363418675E-2));
#2942=CARTESIAN_POINT('',(1.631433823149E-1,5.453192669082E-2,
-1.282579261184E-2));
#2943=CARTESIAN_POINT('',(1.629595587855E-1,5.388140028827E-2,
-1.533058014914E-2));
#2944=CARTESIAN_POINT('',(1.627757352561E-1,5.311588826215E-2,
-1.780265145582E-2));
#2945=CARTESIAN_POINT('',(1.625919117267E-1,5.223702425369E-2,
-2.023673100711E-2));
#2946=CARTESIAN_POINT('',(1.624080881973E-1,5.124668380297E-2,
-2.262762435461E-2));
#2947=CARTESIAN_POINT('',(1.622242646679E-1,5.014698034642E-2,
-2.497022921141E-2));
#2948=CARTESIAN_POINT('',(1.620404411385E-1,4.894026070665E-2,
-2.725954634068E-2));
#2949=CARTESIAN_POINT('',(1.618566176090E-1,4.762910008417E-2,
-2.949069022432E-2));
#2950=CARTESIAN_POINT('',(1.616727940796E-1,4.621629656183E-2,
-3.165889948883E-2));
#2951=CARTESIAN_POINT('',(1.614889705502E-1,4.470486513355E-2,
-3.375954706636E-2));
#2952=CARTESIAN_POINT('',(1.613051470208E-1,4.309803127015E-2,
-3.578815006914E-2));
#2953=CARTESIAN_POINT('',(1.611213234914E-1,4.139922403609E-2,
-3.774037935612E-2));
#2954=CARTESIAN_POINT('',(1.609374999620E-1,3.961206877162E-2,
-3.961206877162E-2));
#2955=CARTESIAN_POINT('',(1.607536764326E-1,3.774037935612E-2,
-4.139922403609E-2));
#2956=CARTESIAN_POINT('',(1.605698529032E-1,3.578815006914E-2,
-4.309803127015E-2));
#2957=CARTESIAN_POINT('',(1.603860293738E-1,3.375954706637E-2,
-4.470486513354E-2));
#2958=CARTESIAN_POINT('',(1.602022058443E-1,3.165889948883E-2,
-4.621629656183E-2));
#2959=CARTESIAN_POINT('',(1.600183823149E-1,2.949069022432E-2,
-4.762910008417E-2));
#2960=CARTESIAN_POINT('',(1.598345587855E-1,2.725954634068E-2,
-4.894026070665E-2));
#2961=CARTESIAN_POINT('',(1.596507352561E-1,2.497022921141E-2,
-5.014698034642E-2));
#2962=CARTESIAN_POINT('',(1.594669117267E-1,2.262762435461E-2,
-5.124668380297E-2));
#2963=CARTESIAN_POINT('',(1.592830881973E-1,2.023673100712E-2,
-5.223702425369E-2));
#2964=CARTESIAN_POINT('',(1.590992646679E-1,1.780265145581E-2,
-5.311588826215E-2));
#2965=CARTESIAN_POINT('',(1.589154411385E-1,1.533058014916E-2,
-5.388140028827E-2));
#2966=CARTESIAN_POINT('',(1.587316176090E-1,1.282579261179E-2,
-5.453192669082E-2));
#2967=CARTESIAN_POINT('',(1.585477940796E-1,1.029363418694E-2,
-5.506607921365E-2));
#2968=CARTESIAN_POINT('',(1.583639705502E-1,7.739508626819E-3,
-5.548271794837E-2));
#2969=CARTESIAN_POINT('',(1.581801470208E-1,5.168866569617E-3,
-5.578095376693E-2));
#2970=CARTESIAN_POINT('',(1.579963234914E-1,2.587193874385E-3,
-5.596015021905E-2));
#2971=CARTESIAN_POINT('',(1.578737744718E-1,8.623979833385E-4,-5.6E-2));
#2972=CARTESIAN_POINT('',(1.578124999620E-1,0.E0,-5.6E-2));
#2974=CARTESIAN_POINT('',(1.421875000380E-1,0.E0,5.6E-2));
#2975=CARTESIAN_POINT('',(1.421255959063E-1,8.712594924533E-4,5.6E-2));
#2976=CARTESIAN_POINT('',(1.420017876381E-1,2.613778466128E-3,
5.595932691185E-2));
#2977=CARTESIAN_POINT('',(1.418160752395E-1,5.221863804446E-3,
5.577643091263E-2));
#2978=CARTESIAN_POINT('',(1.416303627897E-1,7.818575972082E-3,
5.547204681715E-2));
#2979=CARTESIAN_POINT('',(1.414446503187E-1,1.039825859588E-2,
5.504683756241E-2));
#2980=CARTESIAN_POINT('',(1.412589378947E-1,1.295529185690E-2,
5.450172951901E-2));
#2981=CARTESIAN_POINT('',(1.410732254187E-1,1.548410757780E-2,
5.383790969714E-2));
#2982=CARTESIAN_POINT('',(1.408875129718E-1,1.797919657047E-2,
5.305682424238E-2));
#2983=CARTESIAN_POINT('',(1.407018004810E-1,2.043512519344E-2,
5.216017414822E-2));
#2984=CARTESIAN_POINT('',(1.405160879962E-1,2.284654344799E-2,
5.114991261763E-2));
#2985=CARTESIAN_POINT('',(1.403303755093E-1,2.520819907524E-2,
5.002824011201E-2));
#2986=CARTESIAN_POINT('',(1.401446629783E-1,2.751494859469E-2,
4.879759945989E-2));
#2987=CARTESIAN_POINT('',(1.399589504856E-1,2.976176659118E-2,
4.746067170224E-2));
#2988=CARTESIAN_POINT('',(1.397732379613E-1,3.194376006030E-2,
4.602036834398E-2));
#2989=CARTESIAN_POINT('',(1.395875254536E-1,3.405617576864E-2,
4.447982690605E-2));
#2990=CARTESIAN_POINT('',(1.394018128939E-1,3.609441336891E-2,
4.284240229500E-2));
#2991=CARTESIAN_POINT('',(1.392161003222E-1,3.805403282462E-2,
4.111166131363E-2));
#2992=CARTESIAN_POINT('',(1.390303877870E-1,3.993076535121E-2,
3.929137422195E-2));
#2993=CARTESIAN_POINT('',(1.388446752414E-1,4.172052367901E-2,
3.738550540095E-2));
#2994=CARTESIAN_POINT('',(1.386589626800E-1,4.341940951816E-2,
3.539820600177E-2));
#2995=CARTESIAN_POINT('',(1.384732500688E-1,4.502372273515E-2,
3.333380420742E-2));
#2996=CARTESIAN_POINT('',(1.382875374612E-1,4.652996842001E-2,
3.119679710972E-2));
#2997=CARTESIAN_POINT('',(1.381018248924E-1,4.793486553696E-2,
2.899183982227E-2));
#2998=CARTESIAN_POINT('',(1.379161123236E-1,4.923535437629E-2,
2.672373459486E-2));
#2999=CARTESIAN_POINT('',(1.377303996984E-1,5.042860264230E-2,
2.439742092881E-2));
#3000=CARTESIAN_POINT('',(1.375446870506E-1,5.151201098909E-2,2.201796622E-2));
#3001=CARTESIAN_POINT('',(1.373589744126E-1,5.248321941176E-2,
1.959055363844E-2));
#3002=CARTESIAN_POINT('',(1.371732618205E-1,5.334011236609E-2,
1.712047090113E-2));
#3003=CARTESIAN_POINT('',(1.369875492169E-1,5.408082373264E-2,
1.461309741998E-2));
#3004=CARTESIAN_POINT('',(1.368018365967E-1,5.470374012245E-2,
1.207389449403E-2));
#3005=CARTESIAN_POINT('',(1.366161239901E-1,5.520750464963E-2,
9.508393250181E-3));
#3006=CARTESIAN_POINT('',(1.364304113599E-1,5.559102013650E-2,
6.922181167914E-3));
#3007=CARTESIAN_POINT('',(1.362446987452E-1,5.585345114832E-2,
4.320891893589E-3));
#3008=CARTESIAN_POINT('',(1.360589861098E-1,5.599422612589E-2,
1.710190866440E-3));
#3009=CARTESIAN_POINT('',(1.358732734808E-1,5.601303840170E-2,
-9.042350900001E-4));
#3010=CARTESIAN_POINT('',(1.356875608452E-1,5.590984700936E-2,
-3.516691596541E-3));
#3011=CARTESIAN_POINT('',(1.355018482043E-1,5.568487669353E-2,
-6.121488365452E-3));
#3012=CARTESIAN_POINT('',(1.353161355743E-1,5.533861750144E-2,
-8.712951586593E-3));
#3013=CARTESIAN_POINT('',(1.351304229268E-1,5.487182356845E-2,
-1.128543710876E-2));
#3014=CARTESIAN_POINT('',(1.349447102871E-1,5.428551168518E-2,
-1.383334137309E-2));
#3015=CARTESIAN_POINT('',(1.347589976365E-1,5.358095885485E-2,
-1.635111496933E-2));
#3016=CARTESIAN_POINT('',(1.345732849951E-1,5.275969975738E-2,
-1.883327358327E-2));
#3017=CARTESIAN_POINT('',(1.343875723448E-1,5.182352313136E-2,
-2.127441099723E-2));
#3018=CARTESIAN_POINT('',(1.342018596615E-1,5.077446792422E-2,
-2.366921039277E-2));
#3019=CARTESIAN_POINT('',(1.340161469752E-1,4.961481924482E-2,
-2.601245518143E-2));
#3020=CARTESIAN_POINT('',(1.338304343119E-1,4.834710314499E-2,
-2.829904115117E-2));
#3021=CARTESIAN_POINT('',(1.336447216679E-1,4.697408089482E-2,
-3.052398788818E-2));
#3022=CARTESIAN_POINT('',(1.334590090091E-1,4.549874286781E-2,
-3.268244958094E-2));
#3023=CARTESIAN_POINT('',(1.332732963287E-1,4.392430245050E-2,
-3.476972487020E-2));
#3024=CARTESIAN_POINT('',(1.330875836589E-1,4.225418924277E-2,
-3.678126702965E-2));
#3025=CARTESIAN_POINT('',(1.329018710040E-1,4.049204103471E-2,
-3.871269462920E-2));
#3026=CARTESIAN_POINT('',(1.327161583538E-1,3.864169593101E-2,
-4.055980088981E-2));
#3027=CARTESIAN_POINT('',(1.325304456951E-1,3.670718409162E-2,
-4.231856270142E-2));
#3028=CARTESIAN_POINT('',(1.323447330245E-1,3.469271908182E-2,
-4.398514926206E-2));
#3029=CARTESIAN_POINT('',(1.321590203718E-1,3.260268899791E-2,
-4.555593027009E-2));
#3030=CARTESIAN_POINT('',(1.319733077158E-1,3.044164597161E-2,
-4.702748455104E-2));
#3031=CARTESIAN_POINT('',(1.317875950675E-1,2.821429716384E-2,
-4.839660678338E-2));
#3032=CARTESIAN_POINT('',(1.316018824140E-1,2.592549387804E-2,
-4.966031493923E-2));
#3033=CARTESIAN_POINT('',(1.314161697648E-1,2.358022154164E-2,
-5.081585642793E-2));
#3034=CARTESIAN_POINT('',(1.312304571188E-1,2.118358845525E-2,
-5.186071434986E-2));
#3035=CARTESIAN_POINT('',(1.310447444601E-1,1.874081458560E-2,
-5.279261294221E-2));
#3036=CARTESIAN_POINT('',(1.308590318218E-1,1.625722105094E-2,
-5.360952225077E-2));
#3037=CARTESIAN_POINT('',(1.306733191823E-1,1.373821716060E-2,
-5.430966305901E-2));
#3038=CARTESIAN_POINT('',(1.304876065529E-1,1.118928978547E-2,
-5.489151032531E-2));
#3039=CARTESIAN_POINT('',(1.303018939120E-1,8.615990528423E-3,
-5.535379681192E-2));
#3040=CARTESIAN_POINT('',(1.301161812299E-1,6.023923941060E-3,
-5.569551551779E-2));
#3041=CARTESIAN_POINT('',(1.299304687077E-1,3.418738711240E-3,
-5.591592211658E-2));
#3042=CARTESIAN_POINT('',(1.297447557157E-1,8.061004138245E-4,
-5.601453653239E-2));
#3043=CARTESIAN_POINT('',(1.295590445078E-1,-1.808268563156E-3,
-5.599114426054E-2));
#3044=CARTESIAN_POINT('',(1.293733333498E-1,-4.418698246777E-3,
-5.584579824263E-2));
#3045=CARTESIAN_POINT('',(1.291876223970E-1,-7.019500716529E-3,
-5.557881500561E-2));
#3046=CARTESIAN_POINT('',(1.290019116563E-1,-9.605011131864E-3,
-5.519077662720E-2));
#3047=CARTESIAN_POINT('',(1.288162011664E-1,-1.216959755196E-2,
-5.468252874011E-2));
#3048=CARTESIAN_POINT('',(1.286304909883E-1,-1.470767340144E-2,
-5.405517919821E-2));
#3049=CARTESIAN_POINT('',(1.284447804417E-1,-1.721371983535E-2,
-5.331009204668E-2));
#3050=CARTESIAN_POINT('',(1.282590696687E-1,-1.968227637145E-2,
-5.244889003526E-2));
#3051=CARTESIAN_POINT('',(1.280733586783E-1,-2.210796603041E-2,
-5.147344861409E-2));
#3052=CARTESIAN_POINT('',(1.278876475150E-1,-2.448550470805E-2,
-5.038589224294E-2));
#3053=CARTESIAN_POINT('',(1.277019362138E-1,-2.680971332440E-2,
-4.918858965602E-2));
#3054=CARTESIAN_POINT('',(1.275162248124E-1,-2.907552894551E-2,
-4.788414872815E-2));
#3055=CARTESIAN_POINT('',(1.273305133475E-1,-3.127801586579E-2,
-4.647541078339E-2));
#3056=CARTESIAN_POINT('',(1.271448018564E-1,-3.341237635564E-2,
-4.496544440394E-2));
#3057=CARTESIAN_POINT('',(1.269590903760E-1,-3.547396112356E-2,
-4.335753874081E-2));
#3058=CARTESIAN_POINT('',(1.267733789435E-1,-3.745827945015E-2,
-4.165519634411E-2));
#3059=CARTESIAN_POINT('',(1.265876675957E-1,-3.936100897783E-2,
-3.986212552707E-2));
#3060=CARTESIAN_POINT('',(1.264019563698E-1,-4.117800513140E-2,
-3.798223228381E-2));
#3061=CARTESIAN_POINT('',(1.262162453027E-1,-4.290531015671E-2,
-3.601961176647E-2));
#3062=CARTESIAN_POINT('',(1.260305344323E-1,-4.453916172973E-2,
-3.397853938514E-2));
#3063=CARTESIAN_POINT('',(1.258448237919E-1,-4.607600122174E-2,
-3.186346138250E-2));
#3064=CARTESIAN_POINT('',(1.257210168859E-1,-4.703365454850E-2,
-3.040714414723E-2));
#3065=CARTESIAN_POINT('',(1.256591134770E-1,-4.749523329319E-2,
-2.966821218789E-2));
#3067=CARTESIAN_POINT('',(1.256591134770E-1,-5.456279580033E-2,
1.260560646901E-2));
#3068=CARTESIAN_POINT('',(1.257215047613E-1,-5.476045977783E-2,
1.175002690862E-2));
#3069=CARTESIAN_POINT('',(1.258462873881E-1,-5.511553237174E-2,
1.002956686281E-2));
#3070=CARTESIAN_POINT('',(1.260334615111E-1,-5.552619650404E-2,
7.426683393429E-3));
#3071=CARTESIAN_POINT('',(1.262206357916E-1,-5.581400685527E-2,
4.807365890199E-3));
#3072=CARTESIAN_POINT('',(1.264078102132E-1,-5.597832631953E-2,
2.177409883353E-3));
#3073=CARTESIAN_POINT('',(1.265949847572E-1,-5.601879105223E-2,
-4.573654714917E-4));
#3074=CARTESIAN_POINT('',(1.267821594055E-1,-5.593531129473E-2,
-3.091130351141E-3));
#3075=CARTESIAN_POINT('',(1.269693341399E-1,-5.572807156938E-2,
-5.718057147892E-3));
#3076=CARTESIAN_POINT('',(1.271565089422E-1,-5.539753027332E-2,
-8.332333374130E-3));
#3077=CARTESIAN_POINT('',(1.273436837940E-1,-5.494441866435E-2,
-1.092817452644E-2));
#3078=CARTESIAN_POINT('',(1.275308586773E-1,-5.436973924295E-2,
-1.349983688967E-2));
#3079=CARTESIAN_POINT('',(1.277180335737E-1,-5.367476353378E-2,
-1.604163025028E-2));
#3080=CARTESIAN_POINT('',(1.279052084650E-1,-5.286102927142E-2,
-1.854793049127E-2));
#3081=CARTESIAN_POINT('',(1.280923833330E-1,-5.193033699675E-2,
-2.101319204084E-2));
#3082=CARTESIAN_POINT('',(1.282795581595E-1,-5.088474607143E-2,
-2.343196014710E-2));
#3083=CARTESIAN_POINT('',(1.284667329262E-1,-4.972657011929E-2,
-2.579888295169E-2));
#3084=CARTESIAN_POINT('',(1.286539076149E-1,-4.845837190500E-2,
-2.810872333547E-2));
#3085=CARTESIAN_POINT('',(1.288410822075E-1,-4.708295766022E-2,
-3.035637051064E-2));
#3086=CARTESIAN_POINT('',(1.290282566855E-1,-4.560337087400E-2,
-3.253685133102E-2));
#3087=CARTESIAN_POINT('',(1.292154310312E-1,-4.402288554566E-2,
-3.464534130536E-2));
#3088=CARTESIAN_POINT('',(1.294026052246E-1,-4.234499897313E-2,
-3.667717525232E-2));
#3089=CARTESIAN_POINT('',(1.295897792543E-1,-4.057342387593E-2,
-3.862785771123E-2));
#3090=CARTESIAN_POINT('',(1.297769530763E-1,-3.871208067923E-2,
-4.049307257185E-2));
#3091=CARTESIAN_POINT('',(1.299641271321E-1,-3.676508326062E-2,
-4.226869735333E-2));
#3092=CARTESIAN_POINT('',(1.301513013419E-1,-3.473673993836E-2,
-4.395080232205E-2));
#3093=CARTESIAN_POINT('',(1.303384757040E-1,-3.263153835652E-2,
-4.553566552150E-2));
#3094=CARTESIAN_POINT('',(1.305256501958E-1,-3.045413644896E-2,
-4.701977994496E-2));
#3095=CARTESIAN_POINT('',(1.307128248002E-1,-2.820935189008E-2,
-4.839986158498E-2));
#3096=CARTESIAN_POINT('',(1.308999994987E-1,-2.590215149636E-2,
-4.967285662672E-2));
#3097=CARTESIAN_POINT('',(1.310871742731E-1,-2.353764021588E-2,
-5.083594822879E-2));
#3098=CARTESIAN_POINT('',(1.312743491052E-1,-2.112104983422E-2,
-5.188656275337E-2));
#3099=CARTESIAN_POINT('',(1.314615239768E-1,-1.865772739224E-2,
-5.282237546485E-2));
#3100=CARTESIAN_POINT('',(1.316486988695E-1,-1.615312335528E-2,
-5.364131567565E-2));
#3101=CARTESIAN_POINT('',(1.318358737657E-1,-1.361277953416E-2,
-5.434157132968E-2));
#3102=CARTESIAN_POINT('',(1.320230486448E-1,-1.104231687381E-2,
-5.492159301412E-2));
#3103=CARTESIAN_POINT('',(1.322102234976E-1,-8.447422806432E-3,
-5.538009738585E-2));
#3104=CARTESIAN_POINT('',(1.323973982720E-1,-5.833839428649E-3,
-5.571607002323E-2));
#3105=CARTESIAN_POINT('',(1.325845730761E-1,-3.207347932965E-3,
-5.592876762832E-2));
#3106=CARTESIAN_POINT('',(1.327717474203E-1,-5.737664803686E-4,
-5.601771983086E-2));
#3107=CARTESIAN_POINT('',(1.329589230460E-1,2.061102495005E-3,
-5.598272963386E-2));
#3108=CARTESIAN_POINT('',(1.331460984089E-1,4.691407438866E-3,
-5.582387345771E-2));
#3109=CARTESIAN_POINT('',(1.333332738166E-1,7.311332942201E-3,
-5.554150308561E-2));
#3110=CARTESIAN_POINT('',(1.335204491852E-1,9.915081059340E-3,
-5.513624325499E-2));
#3111=CARTESIAN_POINT('',(1.337076245357E-1,1.249689111712E-2,
-5.460899069658E-2));
#3112=CARTESIAN_POINT('',(1.338947998610E-1,1.505105059062E-2,
-5.396091203715E-2));
#3113=CARTESIAN_POINT('',(1.340819751615E-1,1.757190824411E-2,
-5.319344124817E-2));
#3114=CARTESIAN_POINT('',(1.342691504355E-1,2.005388650023E-2,
-5.230827646486E-2));
#3115=CARTESIAN_POINT('',(1.344563256821E-1,2.249149381908E-2,
-5.130737622964E-2));
#3116=CARTESIAN_POINT('',(1.346435008997E-1,2.487933683133E-2,
-5.019295516227E-2));
#3117=CARTESIAN_POINT('',(1.348306760885E-1,2.721213230349E-2,
-4.896747904258E-2));
#3118=CARTESIAN_POINT('',(1.350178512419E-1,2.948471871767E-2,
-4.763365941811E-2));
#3119=CARTESIAN_POINT('',(1.352050263794E-1,3.169206809978E-2,
-4.619444736593E-2));
#3120=CARTESIAN_POINT('',(1.353922015600E-1,3.382929722293E-2,
-4.465302675432E-2));
#3121=CARTESIAN_POINT('',(1.355793767678E-1,3.589167709963E-2,
-4.301280814487E-2));
#3122=CARTESIAN_POINT('',(1.357665520056E-1,3.787464457597E-2,
-4.127742056532E-2));
#3123=CARTESIAN_POINT('',(1.359537272710E-1,3.977381214108E-2,
-3.945070365289E-2));
#3124=CARTESIAN_POINT('',(1.361409025632E-1,4.158497771222E-2,
-3.753669911257E-2));
#3125=CARTESIAN_POINT('',(1.363280778809E-1,4.330413391197E-2,
-3.553964178693E-2));
#3126=CARTESIAN_POINT('',(1.365152532229E-1,4.492747694077E-2,
-3.346395028286E-2));
#3127=CARTESIAN_POINT('',(1.367024285881E-1,4.645141499204E-2,
-3.131421719592E-2));
#3128=CARTESIAN_POINT('',(1.368896039754E-1,4.787257620005E-2,
-2.909519894854E-2));
#3129=CARTESIAN_POINT('',(1.370767793834E-1,4.918781610075E-2,
-2.681180526603E-2));
#3130=CARTESIAN_POINT('',(1.372639548110E-1,5.039422458944E-2,
-2.446908831331E-2));
#3131=CARTESIAN_POINT('',(1.374511302571E-1,5.148913235997E-2,
-2.207223151641E-2));
#3132=CARTESIAN_POINT('',(1.376383057204E-1,5.247011681108E-2,
-1.962653809362E-2));
#3133=CARTESIAN_POINT('',(1.378254811998E-1,5.333500740688E-2,
-1.713741932148E-2));
#3134=CARTESIAN_POINT('',(1.380126566941E-1,5.408189047959E-2,
-1.461038256170E-2));
#3135=CARTESIAN_POINT('',(1.381998322021E-1,5.470911346396E-2,
-1.205101907546E-2));
#3136=CARTESIAN_POINT('',(1.383870077226E-1,5.521528855391E-2,
-9.464991652067E-3));
#3137=CARTESIAN_POINT('',(1.385741832544E-1,5.559929577333E-2,
-6.858022079330E-3));
#3138=CARTESIAN_POINT('',(1.387613587964E-1,5.586028545435E-2,
-4.235878483370E-3));
#3139=CARTESIAN_POINT('',(1.389485343474E-1,5.599768011741E-2,
-1.604362565914E-3));
#3140=CARTESIAN_POINT('',(1.391357099061E-1,5.601117574912E-2,
1.030703232728E-3));
#3141=CARTESIAN_POINT('',(1.393228854715E-1,5.590074247501E-2,
3.663488616566E-3));
#3142=CARTESIAN_POINT('',(1.395100610423E-1,5.566662462572E-2,
6.288168334229E-3));
#3143=CARTESIAN_POINT('',(1.396972366173E-1,5.530934019643E-2,
8.898935068099E-3));
#3144=CARTESIAN_POINT('',(1.398844121953E-1,5.482967970078E-2,
1.149001228378E-2));
#3145=CARTESIAN_POINT('',(1.400715877752E-1,5.422870442180E-2,
1.405566701142E-2));
#3146=CARTESIAN_POINT('',(1.402587633559E-1,5.350774406371E-2,
1.659022253071E-2));
#3147=CARTESIAN_POINT('',(1.404459389360E-1,5.266839380975E-2,
1.908807093134E-2));
#3148=CARTESIAN_POINT('',(1.406331145144E-1,5.171251079268E-2,
2.154368552125E-2));
#3149=CARTESIAN_POINT('',(1.408202900900E-1,5.064220998560E-2,
2.395163305520E-2));
#3150=CARTESIAN_POINT('',(1.410074656615E-1,4.945985952225E-2,
2.630658575645E-2));
#3151=CARTESIAN_POINT('',(1.411946412278E-1,4.816807545717E-2,
2.860333310525E-2));
#3152=CARTESIAN_POINT('',(1.413818167877E-1,4.676971597735E-2,
3.083679336770E-2));
#3153=CARTESIAN_POINT('',(1.415689923399E-1,4.526787507799E-2,
3.300202483978E-2));
#3154=CARTESIAN_POINT('',(1.417561678834E-1,4.366587571659E-2,
3.509423678146E-2));
#3155=CARTESIAN_POINT('',(1.419433434169E-1,4.196726246045E-2,
3.710880001677E-2));
#3156=CARTESIAN_POINT('',(1.421305189393E-1,4.017579364369E-2,
3.904125717645E-2));
#3157=CARTESIAN_POINT('',(1.423176944494E-1,3.829543305144E-2,
4.088733256036E-2));
#3158=CARTESIAN_POINT('',(1.425048699459E-1,3.633034114931E-2,
4.264294159793E-2));
#3159=CARTESIAN_POINT('',(1.426920454277E-1,3.428486587774E-2,
4.430419988576E-2));
#3160=CARTESIAN_POINT('',(1.428792208937E-1,3.216353303152E-2,
4.586743178220E-2));
#3161=CARTESIAN_POINT('',(1.430663963426E-1,2.997103624580E-2,
4.732917854009E-2));
#3162=CARTESIAN_POINT('',(1.432535717732E-1,2.771222661070E-2,
4.868620595958E-2));
#3163=CARTESIAN_POINT('',(1.434407471844E-1,2.539210193752E-2,
4.993551154400E-2));
#3164=CARTESIAN_POINT('',(1.436279225750E-1,2.301579570041E-2,
5.107433114314E-2));
#3165=CARTESIAN_POINT('',(1.438150979438E-1,2.058856567773E-2,
5.210014506910E-2));
#3166=CARTESIAN_POINT('',(1.440022732896E-1,1.811578231852E-2,
5.301068367124E-2));
#3167=CARTESIAN_POINT('',(1.441894486113E-1,1.560291685958E-2,
5.380393235783E-2));
#3168=CARTESIAN_POINT('',(1.443766239076E-1,1.305552921945E-2,
5.447813605337E-2));
#3169=CARTESIAN_POINT('',(1.445637991773E-1,1.047925569702E-2,
5.503180308168E-2));
#3170=CARTESIAN_POINT('',(1.447509744194E-1,7.879796497660E-3,
5.546370846618E-2));
#3171=CARTESIAN_POINT('',(1.449381496325E-1,5.262903131242E-3,
5.577289663999E-2));
#3172=CARTESIAN_POINT('',(1.451253248156E-1,2.634365646997E-3,
5.595868355998E-2));
#3173=CARTESIAN_POINT('',(1.452501082500E-1,8.781218612635E-4,5.6E-2));
#3174=CARTESIAN_POINT('',(1.453124999620E-1,0.E0,5.6E-2));
#3176=DIRECTION('',(8.727595919798E-1,-4.869074666183E-1,-3.481111257366E-2));
#3177=VECTOR('',#3176,6.459086231193E-2);
#3178=CARTESIAN_POINT('',(0.E0,6.1E-2,1.22E-2));
#3179=LINE('',#3178,#3177);
#3180=CARTESIAN_POINT('',(5.676553774594E-2,2.933083883684E-2,0.E0));
#3181=CARTESIAN_POINT('',(5.676553774594E-2,2.933083883684E-2,
4.751762407137E-4));
#3182=CARTESIAN_POINT('',(5.675996544787E-2,2.933394758931E-2,
1.425096605542E-3));
#3183=CARTESIAN_POINT('',(5.673499549175E-2,2.934787818164E-2,
2.849082545604E-3));
#3184=CARTESIAN_POINT('',(5.669370698339E-2,2.937091279872E-2,
4.270968664857E-3));
#3185=CARTESIAN_POINT('',(5.663653539716E-2,2.940280849196E-2,
5.690724898878E-3));
#3186=CARTESIAN_POINT('',(5.656397722610E-2,2.944328827079E-2,
7.109215791194E-3));
#3187=CARTESIAN_POINT('',(5.647656089413E-2,2.949205733060E-2,
8.527885136314E-3));
#3188=CARTESIAN_POINT('',(5.640858926909E-2,2.952997830225E-2,
9.476630231817E-3));
#3189=CARTESIAN_POINT('',(5.637229463699E-2,2.955022686501E-2,
9.951520220830E-3));
#3191=CARTESIAN_POINT('',(5.637229463699E-2,2.955022686501E-2,
-9.951520220830E-3));
#3192=CARTESIAN_POINT('',(5.640408109557E-2,2.953249338586E-2,
-9.535616543266E-3));
#3193=CARTESIAN_POINT('',(5.646409757142E-2,2.949901054537E-2,
-8.704804581546E-3));
#3194=CARTESIAN_POINT('',(5.654299722958E-2,2.945499288802E-2,
-7.462538505744E-3));
#3195=CARTESIAN_POINT('',(5.661058491221E-2,2.941728611558E-2,
-6.221171384583E-3));
#3196=CARTESIAN_POINT('',(5.666652506626E-2,2.938607743115E-2,
-4.979510206977E-3));
#3197=CARTESIAN_POINT('',(5.671048888343E-2,2.936155027494E-2,
-3.736616501866E-3));
#3198=CARTESIAN_POINT('',(5.674215908461E-2,2.934388165513E-2,
-2.492227044547E-3));
#3199=CARTESIAN_POINT('',(5.676127593740E-2,2.933321647488E-2,
-1.246476437426E-3));
#3200=CARTESIAN_POINT('',(5.676553774594E-2,2.933083883684E-2,
-4.155859063395E-4));
#3201=CARTESIAN_POINT('',(5.676553774594E-2,2.933083883684E-2,0.E0));
#3203=DIRECTION('',(9.990482215819E-1,-1.774160319E-2,-3.984829319276E-2));
#3204=VECTOR('',#3203,5.769384319510E-2);
#3205=CARTESIAN_POINT('',(0.E0,2.422081528017E-2,1.22E-2));
#3206=LINE('',#3205,#3204);
#3207=CARTESIAN_POINT('',(5.637229463699E-2,2.955022686501E-2,
9.951520220830E-3));
#3208=CARTESIAN_POINT('',(5.650240104225E-2,2.890609422763E-2,
9.946330763433E-3));
#3209=CARTESIAN_POINT('',(5.674944671853E-2,2.767889502359E-2,
9.936477036328E-3));
#3210=CARTESIAN_POINT('',(5.707792346589E-2,2.603594236198E-2,
9.923375328669E-3));
#3211=CARTESIAN_POINT('',(5.737342599328E-2,2.454716440595E-2,
9.911588839192E-3));
#3212=CARTESIAN_POINT('',(5.755349480699E-2,2.363280851437E-2,
9.904406568378E-3));
#3213=CARTESIAN_POINT('',(5.763893144029E-2,2.319723400770E-2,
9.900998820945E-3));
#3215=DIRECTION('',(9.989082051133E-1,-3.303329954300E-2,-3.303329954300E-2));
#3216=VECTOR('',#3215,5.886830759043E-2);
#3217=CARTESIAN_POINT('',(0.E0,1.590322831115E-2,1.590322831115E-2));
#3218=LINE('',#3217,#3216);
#3219=CARTESIAN_POINT('',(5.763893144029E-2,2.319723400770E-2,
9.900998820945E-3));
#3220=CARTESIAN_POINT('',(5.770054700503E-2,2.280966133901E-2,
1.007061250711E-2));
#3221=CARTESIAN_POINT('',(5.781896046360E-2,2.204959550434E-2,
1.040335630253E-2));
#3222=CARTESIAN_POINT('',(5.798155817782E-2,2.095976042653E-2,
1.088081113292E-2));
#3223=CARTESIAN_POINT('',(5.813153683643E-2,1.990519381995E-2,
1.134316652889E-2));
#3224=CARTESIAN_POINT('',(5.826977911278E-2,1.887953199684E-2,
1.179321360131E-2));
#3225=CARTESIAN_POINT('',(5.839719849444E-2,1.787520939882E-2,
1.223427709559E-2));
#3226=CARTESIAN_POINT('',(5.851432512943E-2,1.688618464271E-2,
1.266902147155E-2));
#3227=CARTESIAN_POINT('',(5.862147026797E-2,1.590683442135E-2,
1.309993551131E-2));
#3228=CARTESIAN_POINT('',(5.871864678168E-2,1.493286342509E-2,
1.352893099476E-2));
#3229=CARTESIAN_POINT('',(5.877677431702E-2,1.428320738900E-2,
1.381539841692E-2));
#3230=CARTESIAN_POINT('',(5.880403547321E-2,1.395861387293E-2,
1.395861387293E-2));
#3232=DIRECTION('',(9.990482215819E-1,-3.984829319276E-2,-1.774160319E-2));
#3233=VECTOR('',#3232,5.769384319510E-2);
#3234=CARTESIAN_POINT('',(0.E0,1.22E-2,2.422081528017E-2));
#3235=LINE('',#3234,#3233);
#3236=CARTESIAN_POINT('',(5.880403547321E-2,1.395861387293E-2,
1.395861387293E-2));
#3237=CARTESIAN_POINT('',(5.877655633113E-2,1.381425323623E-2,
1.428580290652E-2));
#3238=CARTESIAN_POINT('',(5.871797686518E-2,1.352571347758E-2,
1.494016199886E-2));
#3239=CARTESIAN_POINT('',(5.862013059925E-2,1.309423987188E-2,
1.591977084304E-2));
#3240=CARTESIAN_POINT('',(5.851239175065E-2,1.266153234981E-2,
1.690321302314E-2));
#3241=CARTESIAN_POINT('',(5.839481062721E-2,1.222572171147E-2,
1.789468143059E-2));
#3242=CARTESIAN_POINT('',(5.826714040426E-2,1.178437643211E-2,
1.889966385470E-2));
#3243=CARTESIAN_POINT('',(5.812891663134E-2,1.133489944993E-2,
1.992404324793E-2));
#3244=CARTESIAN_POINT('',(5.797930634166E-2,1.087407938311E-2,
2.097512190639E-2));
#3245=CARTESIAN_POINT('',(5.781750115159E-2,1.039921715197E-2,
2.205904883783E-2));
#3246=CARTESIAN_POINT('',(5.769999576241E-2,1.006909506110E-2,
2.281312875144E-2));
#3247=CARTESIAN_POINT('',(5.763893144029E-2,9.900998820945E-3,
2.319723400770E-2));
#3249=DIRECTION('',(8.727595919798E-1,-3.481111257366E-2,-4.869074666183E-1));
#3250=VECTOR('',#3249,6.459086231193E-2);
#3251=CARTESIAN_POINT('',(0.E0,1.22E-2,6.1E-2));
#3252=LINE('',#3251,#3250);
#3253=CARTESIAN_POINT('',(5.763893144029E-2,9.900998820945E-3,
2.319723400770E-2));
#3254=CARTESIAN_POINT('',(5.755318578210E-2,9.904418894224E-3,
2.363438399035E-2));
#3255=CARTESIAN_POINT('',(5.737266846765E-2,9.911619054054E-3,
2.455100301528E-2));
#3256=CARTESIAN_POINT('',(5.707676625028E-2,9.923421485667E-3,
2.604174787075E-2));
#3257=CARTESIAN_POINT('',(5.674891408208E-2,9.936498281202E-3,
2.768154139518E-2));
#3258=CARTESIAN_POINT('',(5.650219526535E-2,9.946338971103E-3,
2.890711299080E-2));
#3259=CARTESIAN_POINT('',(5.637229463699E-2,9.951520220830E-3,
2.955022686501E-2));
#3261=DIRECTION('',(8.727595919798E-1,3.481111257366E-2,-4.869074666183E-1));
#3262=VECTOR('',#3261,6.459086231193E-2);
#3263=CARTESIAN_POINT('',(0.E0,-1.22E-2,6.1E-2));
#3264=LINE('',#3263,#3262);
#3265=CARTESIAN_POINT('',(5.637229463699E-2,9.951520220830E-3,
2.955022686501E-2));
#3266=CARTESIAN_POINT('',(5.640871950029E-2,9.474926247217E-3,
2.952990564703E-2));
#3267=CARTESIAN_POINT('',(5.647687169480E-2,8.523384823298E-3,
2.949188393672E-2));
#3268=CARTESIAN_POINT('',(5.656436040010E-2,7.102511384123E-3,
2.944307450026E-2));
#3269=CARTESIAN_POINT('',(5.663687214074E-2,5.683360774971E-3,
2.940262062469E-2));
#3270=CARTESIAN_POINT('',(5.669393597176E-2,4.264241428079E-3,
2.937078504745E-2));
#3271=CARTESIAN_POINT('',(5.673510659422E-2,2.843966043883E-3,
2.934781619822E-2));
#3272=CARTESIAN_POINT('',(5.675998798418E-2,1.422373579470E-3,
2.933393501644E-2));
#3273=CARTESIAN_POINT('',(5.676831298718E-2,-6.169227505384E-8,
2.932929054601E-2));
#3274=CARTESIAN_POINT('',(5.675998654267E-2,-1.422497170050E-3,
2.933393582065E-2));
#3275=CARTESIAN_POINT('',(5.673510368860E-2,-2.844090957688E-3,
2.934781781925E-2));
#3276=CARTESIAN_POINT('',(5.669393170067E-2,-4.264363998472E-3,
2.937078743027E-2));
#3277=CARTESIAN_POINT('',(5.663686695019E-2,-5.683473385311E-3,
2.940262352046E-2));
#3278=CARTESIAN_POINT('',(5.656435497433E-2,-7.102605556388E-3,
2.944307752726E-2));
#3279=CARTESIAN_POINT('',(5.647686824921E-2,-8.523434030240E-3,
2.949188585900E-2));
#3280=CARTESIAN_POINT('',(5.640871815769E-2,-9.474943814285E-3,
2.952990639606E-2));
#3281=CARTESIAN_POINT('',(5.637229463699E-2,-9.951520220830E-3,
2.955022686501E-2));
#3283=DIRECTION('',(9.990482215819E-1,3.984829319276E-2,-1.774160319E-2));
#3284=VECTOR('',#3283,5.769384319510E-2);
#3285=CARTESIAN_POINT('',(0.E0,-1.22E-2,2.422081528017E-2));
#3286=LINE('',#3285,#3284);
#3287=CARTESIAN_POINT('',(5.637229463699E-2,-9.951520220830E-3,
2.955022686501E-2));
#3288=CARTESIAN_POINT('',(5.650240104225E-2,-9.946330763433E-3,
2.890609422763E-2));
#3289=CARTESIAN_POINT('',(5.674944671853E-2,-9.936477036328E-3,
2.767889502359E-2));
#3290=CARTESIAN_POINT('',(5.707792346589E-2,-9.923375328669E-3,
2.603594236198E-2));
#3291=CARTESIAN_POINT('',(5.737342599328E-2,-9.911588839192E-3,
2.454716440595E-2));
#3292=CARTESIAN_POINT('',(5.755349480699E-2,-9.904406568378E-3,
2.363280851437E-2));
#3293=CARTESIAN_POINT('',(5.763893144029E-2,-9.900998820945E-3,
2.319723400770E-2));
#3295=DIRECTION('',(9.989082051133E-1,3.303329954300E-2,-3.303329954300E-2));
#3296=VECTOR('',#3295,5.886830759043E-2);
#3297=CARTESIAN_POINT('',(0.E0,-1.590322831115E-2,1.590322831115E-2));
#3298=LINE('',#3297,#3296);
#3299=CARTESIAN_POINT('',(5.763893144029E-2,-9.900998820945E-3,
2.319723400770E-2));
#3300=CARTESIAN_POINT('',(5.770054700503E-2,-1.007061250711E-2,
2.280966133901E-2));
#3301=CARTESIAN_POINT('',(5.781896046360E-2,-1.040335630253E-2,
2.204959550434E-2));
#3302=CARTESIAN_POINT('',(5.798155817782E-2,-1.088081113292E-2,
2.095976042653E-2));
#3303=CARTESIAN_POINT('',(5.813153683643E-2,-1.134316652889E-2,
1.990519381995E-2));
#3304=CARTESIAN_POINT('',(5.826977911278E-2,-1.179321360131E-2,
1.887953199684E-2));
#3305=CARTESIAN_POINT('',(5.839719849444E-2,-1.223427709559E-2,
1.787520939882E-2));
#3306=CARTESIAN_POINT('',(5.851432512943E-2,-1.266902147155E-2,
1.688618464271E-2));
#3307=CARTESIAN_POINT('',(5.862147026797E-2,-1.309993551131E-2,
1.590683442135E-2));
#3308=CARTESIAN_POINT('',(5.871864678168E-2,-1.352893099476E-2,
1.493286342509E-2));
#3309=CARTESIAN_POINT('',(5.877677431702E-2,-1.381539841692E-2,
1.428320738900E-2));
#3310=CARTESIAN_POINT('',(5.880403547321E-2,-1.395861387293E-2,
1.395861387293E-2));
#3312=DIRECTION('',(9.990482215819E-1,1.774160319E-2,-3.984829319276E-2));
#3313=VECTOR('',#3312,5.769384319510E-2);
#3314=CARTESIAN_POINT('',(0.E0,-2.422081528017E-2,1.22E-2));
#3315=LINE('',#3314,#3313);
#3316=CARTESIAN_POINT('',(5.880403547321E-2,-1.395861387293E-2,
1.395861387293E-2));
#3317=CARTESIAN_POINT('',(5.877655633113E-2,-1.428580290652E-2,
1.381425323623E-2));
#3318=CARTESIAN_POINT('',(5.871797686518E-2,-1.494016199886E-2,
1.352571347758E-2));
#3319=CARTESIAN_POINT('',(5.862013059925E-2,-1.591977084304E-2,
1.309423987188E-2));
#3320=CARTESIAN_POINT('',(5.851239175065E-2,-1.690321302314E-2,
1.266153234981E-2));
#3321=CARTESIAN_POINT('',(5.839481062721E-2,-1.789468143059E-2,
1.222572171147E-2));
#3322=CARTESIAN_POINT('',(5.826714040426E-2,-1.889966385470E-2,
1.178437643211E-2));
#3323=CARTESIAN_POINT('',(5.812891663134E-2,-1.992404324793E-2,
1.133489944993E-2));
#3324=CARTESIAN_POINT('',(5.797930634166E-2,-2.097512190639E-2,
1.087407938311E-2));
#3325=CARTESIAN_POINT('',(5.781750115159E-2,-2.205904883783E-2,
1.039921715197E-2));
#3326=CARTESIAN_POINT('',(5.769999576241E-2,-2.281312875144E-2,
1.006909506110E-2));
#3327=CARTESIAN_POINT('',(5.763893144029E-2,-2.319723400770E-2,
9.900998820945E-3));
#3329=DIRECTION('',(8.727595919798E-1,4.869074666183E-1,-3.481111257366E-2));
#3330=VECTOR('',#3329,6.459086231193E-2);
#3331=CARTESIAN_POINT('',(0.E0,-6.1E-2,1.22E-2));
#3332=LINE('',#3331,#3330);
#3333=CARTESIAN_POINT('',(5.763893144029E-2,-2.319723400770E-2,
9.900998820945E-3));
#3334=CARTESIAN_POINT('',(5.755318578210E-2,-2.363438399035E-2,
9.904418894224E-3));
#3335=CARTESIAN_POINT('',(5.737266846765E-2,-2.455100301528E-2,
9.911619054054E-3));
#3336=CARTESIAN_POINT('',(5.707676625028E-2,-2.604174787075E-2,
9.923421485667E-3));
#3337=CARTESIAN_POINT('',(5.674891408208E-2,-2.768154139518E-2,
9.936498281202E-3));
#3338=CARTESIAN_POINT('',(5.650219526535E-2,-2.890711299080E-2,
9.946338971103E-3));
#3339=CARTESIAN_POINT('',(5.637229463699E-2,-2.955022686501E-2,
9.951520220830E-3));
#3341=DIRECTION('',(8.727595919798E-1,4.869074666183E-1,3.481111257366E-2));
#3342=VECTOR('',#3341,6.459086231193E-2);
#3343=CARTESIAN_POINT('',(0.E0,-6.1E-2,-1.22E-2));
#3344=LINE('',#3343,#3342);
#3345=CARTESIAN_POINT('',(5.676553774594E-2,-2.933083883684E-2,0.E0));
#3346=CARTESIAN_POINT('',(5.676553774594E-2,-2.933083883684E-2,
-4.751762407139E-4));
#3347=CARTESIAN_POINT('',(5.675996544787E-2,-2.933394758931E-2,
-1.425096605542E-3));
#3348=CARTESIAN_POINT('',(5.673499549175E-2,-2.934787818164E-2,
-2.849082545604E-3));
#3349=CARTESIAN_POINT('',(5.669370698339E-2,-2.937091279872E-2,
-4.270968664857E-3));
#3350=CARTESIAN_POINT('',(5.663653539716E-2,-2.940280849196E-2,
-5.690724898878E-3));
#3351=CARTESIAN_POINT('',(5.656397722610E-2,-2.944328827079E-2,
-7.109215791194E-3));
#3352=CARTESIAN_POINT('',(5.647656089413E-2,-2.949205733060E-2,
-8.527885136314E-3));
#3353=CARTESIAN_POINT('',(5.640858926909E-2,-2.952997830225E-2,
-9.476630231817E-3));
#3354=CARTESIAN_POINT('',(5.637229463699E-2,-2.955022686501E-2,
-9.951520220830E-3));
#3356=CARTESIAN_POINT('',(5.637229463699E-2,-2.955022686501E-2,
9.951520220830E-3));
#3357=CARTESIAN_POINT('',(5.640408109557E-2,-2.953249338586E-2,
9.535616543266E-3));
#3358=CARTESIAN_POINT('',(5.646409757142E-2,-2.949901054537E-2,
8.704804581546E-3));
#3359=CARTESIAN_POINT('',(5.654299722958E-2,-2.945499288802E-2,
7.462538505744E-3));
#3360=CARTESIAN_POINT('',(5.661058491221E-2,-2.941728611558E-2,
6.221171384583E-3));
#3361=CARTESIAN_POINT('',(5.666652506626E-2,-2.938607743115E-2,
4.979510206977E-3));
#3362=CARTESIAN_POINT('',(5.671048888343E-2,-2.936155027494E-2,
3.736616501866E-3));
#3363=CARTESIAN_POINT('',(5.674215908461E-2,-2.934388165513E-2,
2.492227044547E-3));
#3364=CARTESIAN_POINT('',(5.676127593740E-2,-2.933321647488E-2,
1.246476437426E-3));
#3365=CARTESIAN_POINT('',(5.676553774594E-2,-2.933083883684E-2,
4.155859063393E-4));
#3366=CARTESIAN_POINT('',(5.676553774594E-2,-2.933083883684E-2,0.E0));
#3368=DIRECTION('',(9.990482215819E-1,1.774160319E-2,3.984829319276E-2));
#3369=VECTOR('',#3368,5.769384319510E-2);
#3370=CARTESIAN_POINT('',(0.E0,-2.422081528017E-2,-1.22E-2));
#3371=LINE('',#3370,#3369);
#3372=CARTESIAN_POINT('',(5.637229463699E-2,-2.955022686501E-2,
-9.951520220830E-3));
#3373=CARTESIAN_POINT('',(5.650240104225E-2,-2.890609422763E-2,
-9.946330763433E-3));
#3374=CARTESIAN_POINT('',(5.674944671853E-2,-2.767889502359E-2,
-9.936477036328E-3));
#3375=CARTESIAN_POINT('',(5.707792346589E-2,-2.603594236198E-2,
-9.923375328669E-3));
#3376=CARTESIAN_POINT('',(5.737342599328E-2,-2.454716440595E-2,
-9.911588839192E-3));
#3377=CARTESIAN_POINT('',(5.755349480699E-2,-2.363280851437E-2,
-9.904406568378E-3));
#3378=CARTESIAN_POINT('',(5.763893144029E-2,-2.319723400770E-2,
-9.900998820945E-3));
#3380=DIRECTION('',(9.989082051133E-1,3.303329954300E-2,3.303329954300E-2));
#3381=VECTOR('',#3380,5.886830759043E-2);
#3382=CARTESIAN_POINT('',(0.E0,-1.590322831115E-2,-1.590322831115E-2));
#3383=LINE('',#3382,#3381);
#3384=CARTESIAN_POINT('',(5.763893144029E-2,-2.319723400770E-2,
-9.900998820945E-3));
#3385=CARTESIAN_POINT('',(5.770054700503E-2,-2.280966133901E-2,
-1.007061250711E-2));
#3386=CARTESIAN_POINT('',(5.781896046360E-2,-2.204959550434E-2,
-1.040335630253E-2));
#3387=CARTESIAN_POINT('',(5.798155817782E-2,-2.095976042653E-2,
-1.088081113292E-2));
#3388=CARTESIAN_POINT('',(5.813153683643E-2,-1.990519381995E-2,
-1.134316652889E-2));
#3389=CARTESIAN_POINT('',(5.826977911278E-2,-1.887953199684E-2,
-1.179321360131E-2));
#3390=CARTESIAN_POINT('',(5.839719849444E-2,-1.787520939882E-2,
-1.223427709559E-2));
#3391=CARTESIAN_POINT('',(5.851432512943E-2,-1.688618464271E-2,
-1.266902147155E-2));
#3392=CARTESIAN_POINT('',(5.862147026797E-2,-1.590683442135E-2,
-1.309993551131E-2));
#3393=CARTESIAN_POINT('',(5.871864678168E-2,-1.493286342509E-2,
-1.352893099476E-2));
#3394=CARTESIAN_POINT('',(5.877677431702E-2,-1.428320738900E-2,
-1.381539841692E-2));
#3395=CARTESIAN_POINT('',(5.880403547321E-2,-1.395861387293E-2,
-1.395861387293E-2));
#3397=DIRECTION('',(9.990482215819E-1,3.984829319276E-2,1.774160319E-2));
#3398=VECTOR('',#3397,5.769384319510E-2);
#3399=CARTESIAN_POINT('',(0.E0,-1.22E-2,-2.422081528017E-2));
#3400=LINE('',#3399,#3398);
#3401=CARTESIAN_POINT('',(5.880403547321E-2,-1.395861387293E-2,
-1.395861387293E-2));
#3402=CARTESIAN_POINT('',(5.877655633113E-2,-1.381425323623E-2,
-1.428580290652E-2));
#3403=CARTESIAN_POINT('',(5.871797686518E-2,-1.352571347758E-2,
-1.494016199886E-2));
#3404=CARTESIAN_POINT('',(5.862013059925E-2,-1.309423987188E-2,
-1.591977084304E-2));
#3405=CARTESIAN_POINT('',(5.851239175065E-2,-1.266153234981E-2,
-1.690321302314E-2));
#3406=CARTESIAN_POINT('',(5.839481062721E-2,-1.222572171147E-2,
-1.789468143059E-2));
#3407=CARTESIAN_POINT('',(5.826714040426E-2,-1.178437643211E-2,
-1.889966385470E-2));
#3408=CARTESIAN_POINT('',(5.812891663134E-2,-1.133489944993E-2,
-1.992404324793E-2));
#3409=CARTESIAN_POINT('',(5.797930634166E-2,-1.087407938311E-2,
-2.097512190639E-2));
#3410=CARTESIAN_POINT('',(5.781750115159E-2,-1.039921715197E-2,
-2.205904883783E-2));
#3411=CARTESIAN_POINT('',(5.769999576241E-2,-1.006909506110E-2,
-2.281312875144E-2));
#3412=CARTESIAN_POINT('',(5.763893144029E-2,-9.900998820945E-3,
-2.319723400770E-2));
#3414=DIRECTION('',(8.727595919798E-1,3.481111257366E-2,4.869074666183E-1));
#3415=VECTOR('',#3414,6.459086231193E-2);
#3416=CARTESIAN_POINT('',(0.E0,-1.22E-2,-6.1E-2));
#3417=LINE('',#3416,#3415);
#3418=CARTESIAN_POINT('',(5.763893144029E-2,-9.900998820945E-3,
-2.319723400770E-2));
#3419=CARTESIAN_POINT('',(5.755318578210E-2,-9.904418894224E-3,
-2.363438399035E-2));
#3420=CARTESIAN_POINT('',(5.737266846765E-2,-9.911619054054E-3,
-2.455100301528E-2));
#3421=CARTESIAN_POINT('',(5.707676625028E-2,-9.923421485667E-3,
-2.604174787075E-2));
#3422=CARTESIAN_POINT('',(5.674891408208E-2,-9.936498281201E-3,
-2.768154139518E-2));
#3423=CARTESIAN_POINT('',(5.650219526535E-2,-9.946338971103E-3,
-2.890711299080E-2));
#3424=CARTESIAN_POINT('',(5.637229463699E-2,-9.951520220829E-3,
-2.955022686501E-2));
#3426=DIRECTION('',(8.727595919798E-1,-3.481111257366E-2,4.869074666183E-1));
#3427=VECTOR('',#3426,6.459086231193E-2);
#3428=CARTESIAN_POINT('',(0.E0,1.22E-2,-6.1E-2));
#3429=LINE('',#3428,#3427);
#3430=CARTESIAN_POINT('',(5.637229463699E-2,-9.951520220829E-3,
-2.955022686501E-2));
#3431=CARTESIAN_POINT('',(5.640871950029E-2,-9.474926247217E-3,
-2.952990564703E-2));
#3432=CARTESIAN_POINT('',(5.647687169480E-2,-8.523384823298E-3,
-2.949188393672E-2));
#3433=CARTESIAN_POINT('',(5.656436040010E-2,-7.102511384123E-3,
-2.944307450026E-2));
#3434=CARTESIAN_POINT('',(5.663687214074E-2,-5.683360774971E-3,
-2.940262062469E-2));
#3435=CARTESIAN_POINT('',(5.669393597176E-2,-4.264241428079E-3,
-2.937078504745E-2));
#3436=CARTESIAN_POINT('',(5.673510659422E-2,-2.843966043883E-3,
-2.934781619822E-2));
#3437=CARTESIAN_POINT('',(5.675998798418E-2,-1.422373579470E-3,
-2.933393501644E-2));
#3438=CARTESIAN_POINT('',(5.676831298718E-2,6.169227510761E-8,
-2.932929054601E-2));
#3439=CARTESIAN_POINT('',(5.675998654267E-2,1.422497170050E-3,
-2.933393582065E-2));
#3440=CARTESIAN_POINT('',(5.673510368860E-2,2.844090957688E-3,
-2.934781781925E-2));
#3441=CARTESIAN_POINT('',(5.669393170067E-2,4.264363998472E-3,
-2.937078743027E-2));
#3442=CARTESIAN_POINT('',(5.663686695019E-2,5.683473385311E-3,
-2.940262352046E-2));
#3443=CARTESIAN_POINT('',(5.656435497433E-2,7.102605556388E-3,
-2.944307752726E-2));
#3444=CARTESIAN_POINT('',(5.647686824921E-2,8.523434030241E-3,
-2.949188585900E-2));
#3445=CARTESIAN_POINT('',(5.640871815769E-2,9.474943814285E-3,
-2.952990639606E-2));
#3446=CARTESIAN_POINT('',(5.637229463699E-2,9.951520220830E-3,
-2.955022686501E-2));
#3448=DIRECTION('',(9.990482215819E-1,-3.984829319276E-2,1.774160319E-2));
#3449=VECTOR('',#3448,5.769384319510E-2);
#3450=CARTESIAN_POINT('',(0.E0,1.22E-2,-2.422081528017E-2));
#3451=LINE('',#3450,#3449);
#3452=CARTESIAN_POINT('',(5.637229463699E-2,9.951520220830E-3,
-2.955022686501E-2));
#3453=CARTESIAN_POINT('',(5.650240104225E-2,9.946330763433E-3,
-2.890609422763E-2));
#3454=CARTESIAN_POINT('',(5.674944671853E-2,9.936477036328E-3,
-2.767889502359E-2));
#3455=CARTESIAN_POINT('',(5.707792346589E-2,9.923375328669E-3,
-2.603594236198E-2));
#3456=CARTESIAN_POINT('',(5.737342599328E-2,9.911588839192E-3,
-2.454716440595E-2));
#3457=CARTESIAN_POINT('',(5.755349480699E-2,9.904406568378E-3,
-2.363280851437E-2));
#3458=CARTESIAN_POINT('',(5.763893144029E-2,9.900998820945E-3,
-2.319723400770E-2));
#3460=DIRECTION('',(9.989082051133E-1,-3.303329954300E-2,3.303329954300E-2));
#3461=VECTOR('',#3460,5.886830759043E-2);
#3462=CARTESIAN_POINT('',(0.E0,1.590322831115E-2,-1.590322831115E-2));
#3463=LINE('',#3462,#3461);
#3464=CARTESIAN_POINT('',(5.763893144029E-2,9.900998820945E-3,
-2.319723400770E-2));
#3465=CARTESIAN_POINT('',(5.770054700503E-2,1.007061250711E-2,
-2.280966133901E-2));
#3466=CARTESIAN_POINT('',(5.781896046360E-2,1.040335630253E-2,
-2.204959550434E-2));
#3467=CARTESIAN_POINT('',(5.798155817782E-2,1.088081113292E-2,
-2.095976042653E-2));
#3468=CARTESIAN_POINT('',(5.813153683643E-2,1.134316652889E-2,
-1.990519381995E-2));
#3469=CARTESIAN_POINT('',(5.826977911278E-2,1.179321360131E-2,
-1.887953199684E-2));
#3470=CARTESIAN_POINT('',(5.839719849444E-2,1.223427709559E-2,
-1.787520939882E-2));
#3471=CARTESIAN_POINT('',(5.851432512943E-2,1.266902147155E-2,
-1.688618464271E-2));
#3472=CARTESIAN_POINT('',(5.862147026797E-2,1.309993551131E-2,
-1.590683442135E-2));
#3473=CARTESIAN_POINT('',(5.871864678168E-2,1.352893099476E-2,
-1.493286342509E-2));
#3474=CARTESIAN_POINT('',(5.877677431702E-2,1.381539841692E-2,
-1.428320738900E-2));
#3475=CARTESIAN_POINT('',(5.880403547321E-2,1.395861387293E-2,
-1.395861387293E-2));
#3477=DIRECTION('',(9.990482215819E-1,-1.774160319E-2,3.984829319276E-2));
#3478=VECTOR('',#3477,5.769384319510E-2);
#3479=CARTESIAN_POINT('',(0.E0,2.422081528017E-2,-1.22E-2));
#3480=LINE('',#3479,#3478);
#3481=CARTESIAN_POINT('',(5.880403547321E-2,1.395861387293E-2,
-1.395861387293E-2));
#3482=CARTESIAN_POINT('',(5.877655633113E-2,1.428580290652E-2,
-1.381425323623E-2));
#3483=CARTESIAN_POINT('',(5.871797686518E-2,1.494016199886E-2,
-1.352571347758E-2));
#3484=CARTESIAN_POINT('',(5.862013059925E-2,1.591977084304E-2,
-1.309423987188E-2));
#3485=CARTESIAN_POINT('',(5.851239175065E-2,1.690321302314E-2,
-1.266153234981E-2));
#3486=CARTESIAN_POINT('',(5.839481062721E-2,1.789468143059E-2,
-1.222572171147E-2));
#3487=CARTESIAN_POINT('',(5.826714040426E-2,1.889966385470E-2,
-1.178437643211E-2));
#3488=CARTESIAN_POINT('',(5.812891663134E-2,1.992404324793E-2,
-1.133489944993E-2));
#3489=CARTESIAN_POINT('',(5.797930634166E-2,2.097512190639E-2,
-1.087407938311E-2));
#3490=CARTESIAN_POINT('',(5.781750115159E-2,2.205904883783E-2,
-1.039921715197E-2));
#3491=CARTESIAN_POINT('',(5.769999576241E-2,2.281312875144E-2,
-1.006909506110E-2));
#3492=CARTESIAN_POINT('',(5.763893144029E-2,2.319723400770E-2,
-9.900998820945E-3));
#3494=DIRECTION('',(8.727595919798E-1,-4.869074666183E-1,3.481111257366E-2));
#3495=VECTOR('',#3494,6.459086231193E-2);
#3496=CARTESIAN_POINT('',(0.E0,6.1E-2,-1.22E-2));
#3497=LINE('',#3496,#3495);
#3498=CARTESIAN_POINT('',(5.763893144029E-2,2.319723400770E-2,
-9.900998820945E-3));
#3499=CARTESIAN_POINT('',(5.755318578210E-2,2.363438399035E-2,
-9.904418894224E-3));
#3500=CARTESIAN_POINT('',(5.737266846765E-2,2.455100301528E-2,
-9.911619054054E-3));
#3501=CARTESIAN_POINT('',(5.707676625028E-2,2.604174787075E-2,
-9.923421485667E-3));
#3502=CARTESIAN_POINT('',(5.674891408208E-2,2.768154139518E-2,
-9.936498281202E-3));
#3503=CARTESIAN_POINT('',(5.650219526535E-2,2.890711299080E-2,
-9.946338971103E-3));
#3504=CARTESIAN_POINT('',(5.637229463699E-2,2.955022686501E-2,
-9.951520220830E-3));
#3506=DIRECTION('',(2.079116908178E-1,-9.781476007338E-1,0.E0));
#3507=VECTOR('',#3506,2.998610722435E-2);
#3508=CARTESIAN_POINT('',(5.676553774594E-2,2.933083883684E-2,0.E0));
#3509=LINE('',#3508,#3507);
#3510=DIRECTION('',(2.079116908178E-1,9.781476007338E-1,0.E0));
#3511=VECTOR('',#3510,2.998610722435E-2);
#3512=CARTESIAN_POINT('',(5.676553774594E-2,-2.933083883684E-2,0.E0));
#3513=LINE('',#3512,#3511);
#3514=CARTESIAN_POINT('',(1.124999999619E-1,0.E0,-4.788101183952E-2));
#3515=CARTESIAN_POINT('',(1.209716134770E-1,0.E0,-4.788101183952E-2));
#3516=VERTEX_POINT('',#3514);
#3517=VERTEX_POINT('',#3515);
#3518=CARTESIAN_POINT('',(1.209716134770E-1,-4.060928263628E-2,
-2.536685748261E-2));
#3519=VERTEX_POINT('',#3518);
#3520=CARTESIAN_POINT('',(1.209716134770E-1,4.060928215138E-2,
2.536685825888E-2));
#3521=VERTEX_POINT('',#3520);
#3522=VERTEX_POINT('',#117);
#3523=CARTESIAN_POINT('',(0.E0,1.125E-1,0.E0));
#3524=CARTESIAN_POINT('',(0.E0,-1.125E-1,0.E0));
#3525=VERTEX_POINT('',#3523);
#3526=VERTEX_POINT('',#3524);
#3527=CARTESIAN_POINT('',(7.565911425033E-2,4.788101183952E-2,0.E0));
#3528=VERTEX_POINT('',#3527);
#3529=CARTESIAN_POINT('',(7.565911425033E-2,-4.788101183952E-2,0.E0));
#3530=VERTEX_POINT('',#3529);
#3531=CARTESIAN_POINT('',(2.5E-1,3.975E-2,0.E0));
#3532=CARTESIAN_POINT('',(2.5E-1,-3.975E-2,0.E0));
#3533=VERTEX_POINT('',#3531);
#3534=VERTEX_POINT('',#3532);
#3535=CARTESIAN_POINT('',(2.324166686228E-1,4.990174110388E-2,0.E0));
#3536=VERTEX_POINT('',#3535);
#3537=CARTESIAN_POINT('',(2.417916686228E-1,-4.448908233023E-2,0.E0));
#3538=VERTEX_POINT('',#3537);
#3539=CARTESIAN_POINT('',(2.218541743770E-1,-2.115918503064E-2,
5.184871154464E-2));
#3540=CARTESIAN_POINT('',(2.218541743770E-1,-5.162437833373E-2,
2.170077329626E-2));
#3541=VERTEX_POINT('',#3539);
#3542=VERTEX_POINT('',#3540);
#3543=VERTEX_POINT('',#2678);
#3544=VERTEX_POINT('',#2748);
#3545=VERTEX_POINT('',#2826);
#3546=VERTEX_POINT('',#2896);
#3547=VERTEX_POINT('',#2902);
#3548=VERTEX_POINT('',#2972);
#3549=VERTEX_POINT('',#1731);
#3550=VERTEX_POINT('',#1803);
#3551=VERTEX_POINT('',#1837);
#3552=VERTEX_POINT('',#1883);
#3553=CARTESIAN_POINT('',(1.909545567385E-1,-4.232276444365E-2,
-3.513490626084E-3));
#3554=VERTEX_POINT('',#3553);
#3555=CARTESIAN_POINT('',(1.847045567385E-1,-4.232276444365E-2,
-3.513490626084E-3));
#3556=VERTEX_POINT('',#3555);
#3557=CARTESIAN_POINT('',(1.796875000380E-1,0.E0,-5.6E-2));
#3558=VERTEX_POINT('',#3557);
#3559=CARTESIAN_POINT('',(1.421875000380E-1,0.E0,5.6E-2));
#3560=CARTESIAN_POINT('',(1.453124999620E-1,0.E0,5.6E-2));
#3561=VERTEX_POINT('',#3559);
#3562=VERTEX_POINT('',#3560);
#3563=CARTESIAN_POINT('',(1.921875000380E-1,0.E0,5.6E-2));
#3564=VERTEX_POINT('',#3563);
#3565=VERTEX_POINT('',#221);
#3566=VERTEX_POINT('',#1693);
#3567=CARTESIAN_POINT('',(1.256591134770E-1,-5.456279580033E-2,
1.260560646901E-2));
#3568=CARTESIAN_POINT('',(1.256591134770E-1,-4.749523329319E-2,
-2.966821218789E-2));
#3569=VERTEX_POINT('',#3567);
#3570=VERTEX_POINT('',#3568);
#3571=VERTEX_POINT('',#1615);
#3572=CARTESIAN_POINT('',(1.062499999619E-1,-4.788101183952E-2,0.E0));
#3573=VERTEX_POINT('',#3572);
#3574=CARTESIAN_POINT('',(1.240966135150E-1,3.601864837906E-2,
2.249928833271E-2));
#3575=VERTEX_POINT('',#3574);
#3576=CARTESIAN_POINT('',(0.E0,6.1E-2,1.22E-2));
#3577=CARTESIAN_POINT('',(0.E0,6.1E-2,-1.22E-2));
#3578=VERTEX_POINT('',#3576);
#3579=VERTEX_POINT('',#3577);
#3580=CARTESIAN_POINT('',(0.E0,2.422081528017E-2,-1.22E-2));
#3581=VERTEX_POINT('',#3580);
#3582=CARTESIAN_POINT('',(0.E0,1.590322831115E-2,-1.590322831115E-2));
#3583=VERTEX_POINT('',#3582);
#3584=CARTESIAN_POINT('',(0.E0,1.22E-2,-2.422081528017E-2));
#3585=VERTEX_POINT('',#3584);
#3586=CARTESIAN_POINT('',(0.E0,1.22E-2,-6.1E-2));
#3587=VERTEX_POINT('',#3586);
#3588=CARTESIAN_POINT('',(0.E0,-1.22E-2,-6.1E-2));
#3589=VERTEX_POINT('',#3588);
#3590=CARTESIAN_POINT('',(0.E0,-1.22E-2,-2.422081528017E-2));
#3591=VERTEX_POINT('',#3590);
#3592=CARTESIAN_POINT('',(0.E0,-1.590322831115E-2,-1.590322831115E-2));
#3593=VERTEX_POINT('',#3592);
#3594=CARTESIAN_POINT('',(0.E0,-2.422081528017E-2,-1.22E-2));
#3595=VERTEX_POINT('',#3594);
#3596=CARTESIAN_POINT('',(0.E0,-6.1E-2,-1.22E-2));
#3597=VERTEX_POINT('',#3596);
#3598=CARTESIAN_POINT('',(0.E0,-6.1E-2,1.22E-2));
#3599=VERTEX_POINT('',#3598);
#3600=CARTESIAN_POINT('',(0.E0,-2.422081528017E-2,1.22E-2));
#3601=VERTEX_POINT('',#3600);
#3602=CARTESIAN_POINT('',(0.E0,-1.590322831115E-2,1.590322831115E-2));
#3603=VERTEX_POINT('',#3602);
#3604=CARTESIAN_POINT('',(0.E0,-1.22E-2,2.422081528017E-2));
#3605=VERTEX_POINT('',#3604);
#3606=CARTESIAN_POINT('',(0.E0,-1.22E-2,6.1E-2));
#3607=VERTEX_POINT('',#3606);
#3608=CARTESIAN_POINT('',(0.E0,1.22E-2,6.1E-2));
#3609=VERTEX_POINT('',#3608);
#3610=CARTESIAN_POINT('',(0.E0,1.22E-2,2.422081528017E-2));
#3611=VERTEX_POINT('',#3610);
#3612=CARTESIAN_POINT('',(0.E0,1.590322831115E-2,1.590322831115E-2));
#3613=VERTEX_POINT('',#3612);
#3614=CARTESIAN_POINT('',(0.E0,2.422081528017E-2,1.22E-2));
#3615=VERTEX_POINT('',#3614);
#3616=CARTESIAN_POINT('',(5.637229463699E-2,2.955022686501E-2,
9.951520220830E-3));
#3617=VERTEX_POINT('',#3616);
#3618=CARTESIAN_POINT('',(5.637229463699E-2,2.955022686501E-2,
-9.951520220830E-3));
#3619=VERTEX_POINT('',#3618);
#3620=CARTESIAN_POINT('',(5.763893144029E-2,2.319723400770E-2,
-9.900998820945E-3));
#3621=VERTEX_POINT('',#3620);
#3622=CARTESIAN_POINT('',(5.880403547321E-2,1.395861387293E-2,
-1.395861387293E-2));
#3623=VERTEX_POINT('',#3622);
#3624=CARTESIAN_POINT('',(5.763893144029E-2,9.900998820945E-3,
-2.319723400770E-2));
#3625=VERTEX_POINT('',#3624);
#3626=CARTESIAN_POINT('',(5.637229463699E-2,9.951520220830E-3,
-2.955022686501E-2));
#3627=VERTEX_POINT('',#3626);
#3628=CARTESIAN_POINT('',(5.637229463699E-2,-9.951520220829E-3,
-2.955022686501E-2));
#3629=VERTEX_POINT('',#3628);
#3630=CARTESIAN_POINT('',(5.763893144029E-2,-9.900998820945E-3,
-2.319723400770E-2));
#3631=VERTEX_POINT('',#3630);
#3632=CARTESIAN_POINT('',(5.880403547321E-2,-1.395861387293E-2,
-1.395861387293E-2));
#3633=VERTEX_POINT('',#3632);
#3634=CARTESIAN_POINT('',(5.763893144029E-2,-2.319723400770E-2,
-9.900998820945E-3));
#3635=VERTEX_POINT('',#3634);
#3636=CARTESIAN_POINT('',(5.637229463699E-2,-2.955022686501E-2,
-9.951520220830E-3));
#3637=VERTEX_POINT('',#3636);
#3638=CARTESIAN_POINT('',(5.637229463699E-2,-2.955022686501E-2,
9.951520220830E-3));
#3639=VERTEX_POINT('',#3638);
#3640=CARTESIAN_POINT('',(5.763893144029E-2,-2.319723400770E-2,
9.900998820945E-3));
#3641=VERTEX_POINT('',#3640);
#3642=CARTESIAN_POINT('',(5.880403547321E-2,-1.395861387293E-2,
1.395861387293E-2));
#3643=VERTEX_POINT('',#3642);
#3644=CARTESIAN_POINT('',(5.763893144029E-2,-9.900998820945E-3,
2.319723400770E-2));
#3645=VERTEX_POINT('',#3644);
#3646=CARTESIAN_POINT('',(5.637229463699E-2,-9.951520220830E-3,
2.955022686501E-2));
#3647=VERTEX_POINT('',#3646);
#3648=CARTESIAN_POINT('',(5.637229463699E-2,9.951520220830E-3,
2.955022686501E-2));
#3649=VERTEX_POINT('',#3648);
#3650=CARTESIAN_POINT('',(5.763893144029E-2,9.900998820945E-3,
2.319723400770E-2));
#3651=VERTEX_POINT('',#3650);
#3652=CARTESIAN_POINT('',(5.880403547321E-2,1.395861387293E-2,
1.395861387293E-2));
#3653=VERTEX_POINT('',#3652);
#3654=CARTESIAN_POINT('',(5.763893144029E-2,2.319723400770E-2,
9.900998820945E-3));
#3655=VERTEX_POINT('',#3654);
#3656=VERTEX_POINT('',#3180);
#3657=VERTEX_POINT('',#3366);
#3658=CARTESIAN_POINT('',(6.3E-2,0.E0,0.E0));
#3659=VERTEX_POINT('',#3658);
#3660=CARTESIAN_POINT('',(0.E0,0.E0,0.E0));
#3661=DIRECTION('',(1.E0,0.E0,0.E0));
#3662=DIRECTION('',(0.E0,0.E0,-1.E0));
#3663=AXIS2_PLACEMENT_3D('',#3660,#3661,#3662);
#3664=PLANE('',#3663);
#3666=ORIENTED_EDGE('',*,*,#3665,.F.);
#3668=ORIENTED_EDGE('',*,*,#3667,.T.);
#3669=EDGE_LOOP('',(#3666,#3668));
#3670=FACE_OUTER_BOUND('',#3669,.F.);
#3672=ORIENTED_EDGE('',*,*,#3671,.T.);
#3674=ORIENTED_EDGE('',*,*,#3673,.T.);
#3676=ORIENTED_EDGE('',*,*,#3675,.T.);
#3678=ORIENTED_EDGE('',*,*,#3677,.T.);
#3680=ORIENTED_EDGE('',*,*,#3679,.T.);
#3682=ORIENTED_EDGE('',*,*,#3681,.T.);
#3684=ORIENTED_EDGE('',*,*,#3683,.T.);
#3686=ORIENTED_EDGE('',*,*,#3685,.T.);
#3688=ORIENTED_EDGE('',*,*,#3687,.T.);
#3690=ORIENTED_EDGE('',*,*,#3689,.T.);
#3692=ORIENTED_EDGE('',*,*,#3691,.T.);
#3694=ORIENTED_EDGE('',*,*,#3693,.T.);
#3696=ORIENTED_EDGE('',*,*,#3695,.T.);
#3698=ORIENTED_EDGE('',*,*,#3697,.T.);
#3700=ORIENTED_EDGE('',*,*,#3699,.T.);
#3702=ORIENTED_EDGE('',*,*,#3701,.T.);
#3704=ORIENTED_EDGE('',*,*,#3703,.T.);
#3706=ORIENTED_EDGE('',*,*,#3705,.T.);
#3708=ORIENTED_EDGE('',*,*,#3707,.T.);
#3710=ORIENTED_EDGE('',*,*,#3709,.T.);
#3711=EDGE_LOOP('',(#3672,#3674,#3676,#3678,#3680,#3682,#3684,#3686,#3688,#3690,
#3692,#3694,#3696,#3698,#3700,#3702,#3704,#3706,#3708,#3710));
#3712=FACE_BOUND('',#3711,.F.);
#3714=CARTESIAN_POINT('',(3.782955712516E-2,0.E0,0.E0));
#3715=DIRECTION('',(-1.E0,0.E0,0.E0));
#3716=DIRECTION('',(0.E0,1.E0,0.E0));
#3717=AXIS2_PLACEMENT_3D('',#3714,#3715,#3716);
#3718=CONICAL_SURFACE('',#3717,8.019050591976E-2,4.05E1);
#3720=ORIENTED_EDGE('',*,*,#3719,.T.);
#3721=ORIENTED_EDGE('',*,*,#3665,.T.);
#3723=ORIENTED_EDGE('',*,*,#3722,.F.);
#3725=ORIENTED_EDGE('',*,*,#3724,.T.);
#3726=EDGE_LOOP('',(#3720,#3721,#3723,#3725));
#3727=FACE_OUTER_BOUND('',#3726,.F.);
#3729=CARTESIAN_POINT('',(3.782955712516E-2,0.E0,0.E0));
#3730=DIRECTION('',(-1.E0,0.E0,0.E0));
#3731=DIRECTION('',(0.E0,1.E0,0.E0));
#3732=AXIS2_PLACEMENT_3D('',#3729,#3730,#3731);
#3733=CONICAL_SURFACE('',#3732,8.019050591976E-2,4.05E1);
#3734=ORIENTED_EDGE('',*,*,#3719,.F.);
#3736=ORIENTED_EDGE('',*,*,#3735,.T.);
#3737=ORIENTED_EDGE('',*,*,#3722,.T.);
#3738=ORIENTED_EDGE('',*,*,#3667,.F.);
#3739=EDGE_LOOP('',(#3734,#3736,#3737,#3738));
#3740=FACE_OUTER_BOUND('',#3739,.F.);
#3742=CARTESIAN_POINT('',(-6.950690469459E-3,0.E0,0.E0));
#3743=DIRECTION('',(1.E0,0.E0,0.E0));
#3744=DIRECTION('',(0.E0,-1.E0,0.E0));
#3745=AXIS2_PLACEMENT_3D('',#3742,#3743,#3744);
#3746=CYLINDRICAL_SURFACE('',#3745,4.788101183952E-2);
#3747=ORIENTED_EDGE('',*,*,#3735,.F.);
#3749=ORIENTED_EDGE('',*,*,#3748,.T.);
#3751=ORIENTED_EDGE('',*,*,#3750,.T.);
#3753=ORIENTED_EDGE('',*,*,#3752,.F.);
#3755=ORIENTED_EDGE('',*,*,#3754,.T.);
#3757=ORIENTED_EDGE('',*,*,#3756,.F.);
#3759=ORIENTED_EDGE('',*,*,#3758,.F.);
#3761=ORIENTED_EDGE('',*,*,#3760,.F.);
#3762=EDGE_LOOP('',(#3747,#3749,#3751,#3753,#3755,#3757,#3759,#3761));
#3763=FACE_OUTER_BOUND('',#3762,.F.);
#3765=CARTESIAN_POINT('',(-6.950690469459E-3,0.E0,0.E0));
#3766=DIRECTION('',(1.E0,0.E0,0.E0));
#3767=DIRECTION('',(0.E0,-1.E0,0.E0));
#3768=AXIS2_PLACEMENT_3D('',#3765,#3766,#3767);
#3769=CYLINDRICAL_SURFACE('',#3768,4.788101183952E-2);
#3770=ORIENTED_EDGE('',*,*,#3724,.F.);
#3771=ORIENTED_EDGE('',*,*,#3760,.T.);
#3772=ORIENTED_EDGE('',*,*,#3758,.T.);
#3773=ORIENTED_EDGE('',*,*,#3756,.T.);
#3775=ORIENTED_EDGE('',*,*,#3774,.F.);
#3776=ORIENTED_EDGE('',*,*,#3750,.F.);
#3777=ORIENTED_EDGE('',*,*,#3748,.F.);
#3778=EDGE_LOOP('',(#3770,#3771,#3772,#3773,#3775,#3776,#3777));
#3779=FACE_OUTER_BOUND('',#3778,.F.);
#3781=CARTESIAN_POINT('',(1.230549431535E-1,0.E0,0.E0));
#3782=DIRECTION('',(-1.E0,0.E0,0.E0));
#3783=DIRECTION('',(0.E0,0.E0,-1.E0));
#3784=AXIS2_PLACEMENT_3D('',#3781,#3782,#3783);
#3785=CONICAL_SURFACE('',#3784,4.427257899094E-2,6.E1);
#3787=ORIENTED_EDGE('',*,*,#3786,.T.);
#3789=ORIENTED_EDGE('',*,*,#3788,.F.);
#3791=ORIENTED_EDGE('',*,*,#3790,.F.);
#3792=ORIENTED_EDGE('',*,*,#3774,.T.);
#3793=ORIENTED_EDGE('',*,*,#3754,.F.);
#3794=EDGE_LOOP('',(#3787,#3789,#3791,#3792,#3793));
#3795=FACE_OUTER_BOUND('',#3794,.F.);
#3797=CARTESIAN_POINT('',(2.003854656433E-1,-5.066120588903E-2,
-2.449135254203E-2));
#3798=CARTESIAN_POINT('',(1.999894642837E-1,-5.309873216756E-2,
-1.944924551896E-2));
#3799=CARTESIAN_POINT('',(1.991974615647E-1,-5.645672863199E-2,
-8.632596457336E-3));
#3800=CARTESIAN_POINT('',(1.980094574860E-1,-5.649825114047E-2,
8.356879843779E-3));
#3801=CARTESIAN_POINT('',(1.968214534074E-1,-5.154024881517E-2,
2.460670307210E-2));
#3802=CARTESIAN_POINT('',(1.956334493288E-1,-4.202154917716E-2,
3.867916064686E-2));
#3803=CARTESIAN_POINT('',(1.944454452502E-1,-2.878442040770E-2,
4.932894586630E-2));
#3804=CARTESIAN_POINT('',(1.932574411716E-1,-1.300020330904E-2,
5.561369038602E-2));
#3805=CARTESIAN_POINT('',(1.920694370930E-1,3.934382548797E-3,
5.697726262533E-2));
#3806=CARTESIAN_POINT('',(1.908814330143E-1,2.052082072945E-2,
5.329900321827E-2));
#3807=CARTESIAN_POINT('',(1.896934289357E-1,3.529140252112E-2,
4.490439549210E-2));
#3808=CARTESIAN_POINT('',(1.885054248571E-1,4.693910142246E-2,
3.253626567755E-2));
#3809=CARTESIAN_POINT('',(1.873174207785E-1,5.443323016788E-2,
1.728905087238E-2));
#3810=CARTESIAN_POINT('',(1.861294166999E-1,5.711064462593E-2,
5.119540811253E-4));
#3811=CARTESIAN_POINT('',(1.849414126213E-1,5.473442443762E-2,
-1.631044475350E-2));
#3812=CARTESIAN_POINT('',(1.837534085426E-1,4.751483773666E-2,
-3.168955697752E-2));
#3813=CARTESIAN_POINT('',(1.825654044640E-1,3.609073484119E-2,
-4.426450818880E-2));
#3814=CARTESIAN_POINT('',(1.813774003854E-1,2.147301735415E-2,
-5.292255995586E-2));
#3815=CARTESIAN_POINT('',(1.801893963068E-1,4.955185008013E-3,
-5.689757436051E-2));
#3816=CARTESIAN_POINT('',(1.790013922282E-1,-1.200112417200E-2,
-5.583780838447E-2));
#3817=CARTESIAN_POINT('',(1.778133881496E-1,-2.789547200820E-2,
-4.983703911764E-2));
#3818=CARTESIAN_POINT('',(1.766253840709E-1,-4.132139167755E-2,
-3.942626556501E-2));
#3819=CARTESIAN_POINT('',(1.754373799923E-1,-5.109084383562E-2,
-2.552672134719E-2));
#3820=CARTESIAN_POINT('',(1.742493759137E-1,-5.633934442296E-2,
-9.368356129244E-3));
#3821=CARTESIAN_POINT('',(1.730613718351E-1,-5.660246155328E-2,
7.619000766623E-3));
#3822=CARTESIAN_POINT('',(1.718733677565E-1,-5.185691238932E-2,
2.393216379726E-2));
#3823=CARTESIAN_POINT('',(1.706853636779E-1,-4.252262340588E-2,
3.812760581593E-2));
#3824=CARTESIAN_POINT('',(1.694973595992E-1,-2.942557173061E-2,
4.894919360826E-2));
#3825=CARTESIAN_POINT('',(1.683093555206E-1,-1.372469567611E-2,
5.543934122237E-2));
#3826=CARTESIAN_POINT('',(1.671213514420E-1,3.190657960208E-3,
5.702374530276E-2));
#3827=CARTESIAN_POINT('',(1.659333473634E-1,1.982367509484E-2,
5.356220432644E-2));
#3828=CARTESIAN_POINT('',(1.647453432848E-1,3.470252517469E-2,
4.536102482388E-2));
#3829=CARTESIAN_POINT('',(1.635573392062E-1,4.651060123872E-2,
3.314591677697E-2));
#3830=CARTESIAN_POINT('',(1.623693351275E-1,5.420302447849E-2,
1.799777663926E-2));
#3831=CARTESIAN_POINT('',(1.611813310489E-1,5.709910398509E-2,
1.257040442092E-3));
#3832=CARTESIAN_POINT('',(1.599933269703E-1,5.494257005905E-2,
-1.559492936436E-2));
#3833=CARTESIAN_POINT('',(1.588053228917E-1,4.792425112889E-2,
-3.106692743591E-2));
#3834=CARTESIAN_POINT('',(1.576173188131E-1,3.666518763177E-2,
-4.378986004202E-2));
#3835=CARTESIAN_POINT('',(1.564293147344E-1,2.216167708368E-2,
-5.263789410122E-2));
#3836=CARTESIAN_POINT('',(1.552413106558E-1,5.697113217616E-3,
-5.682808044936E-2));
#3837=CARTESIAN_POINT('',(1.540533065772E-1,-1.127157958851E-2,
-5.598963582801E-2));
#3838=CARTESIAN_POINT('',(1.528653024986E-1,-2.724286734865E-2,
-5.019675293479E-2));
#3839=CARTESIAN_POINT('',(1.516772984200E-1,-4.080347494216E-2,
-3.996203522367E-2));
#3840=CARTESIAN_POINT('',(1.504892943414E-1,-5.075344469370E-2,
-2.619113739981E-2));
#3841=CARTESIAN_POINT('',(1.493012902627E-1,-5.621231881477E-2,
-1.010262540330E-2));
#3842=CARTESIAN_POINT('',(1.481132861841E-1,-5.669704978296E-2,
6.879852649689E-3));
#3843=CARTESIAN_POINT('',(1.469252821055E-1,-5.216474448734E-2,
2.325354293744E-2));
#3844=CARTESIAN_POINT('',(1.457372780269E-1,-4.301645977503E-2,
3.756956234767E-2));
#3845=CARTESIAN_POINT('',(1.445492739483E-1,-3.006171353681E-2,
4.856110795486E-2));
#3846=CARTESIAN_POINT('',(1.433612698697E-1,-1.444685169214E-2,
5.525555449688E-2));
#3847=CARTESIAN_POINT('',(1.421732657910E-1,2.446390228990E-3,
5.706052051481E-2));
#3848=CARTESIAN_POINT('',(1.409852617124E-1,1.912315477536E-2,
5.381628729307E-2));
#3849=CARTESIAN_POINT('',(1.397972576338E-1,3.410774025149E-2,
4.580993212733E-2));
#3850=CARTESIAN_POINT('',(1.386092535552E-1,4.607418333093E-2,
3.374992528818E-2));
#3851=CARTESIAN_POINT('',(1.374212494766E-1,5.396359154727E-2,
1.870343855808E-2));
#3852=CARTESIAN_POINT('',(1.362332453980E-1,5.707784308896E-2,
2.001912810333E-3));
#3853=CARTESIAN_POINT('',(1.350452413193E-1,5.514136254165E-2,
-1.487675917224E-2));
#3854=CARTESIAN_POINT('',(1.338572372407E-1,4.832550614726E-2,
-3.043900923292E-2));
#3855=CARTESIAN_POINT('',(1.326692331621E-1,3.723339872276E-2,
-4.330775729437E-2));
#3856=CARTESIAN_POINT('',(1.314812290835E-1,2.284656415454E-2,
-5.234426760172E-2));
#3857=CARTESIAN_POINT('',(1.302932250049E-1,6.438071466691E-3,
-5.674891183342E-2));
#3858=CARTESIAN_POINT('',(1.291052209262E-1,-1.054011576656E-2,
-5.613193407697E-2));
#3859=CARTESIAN_POINT('',(1.279172168476E-1,-2.658562658455E-2,
-5.054791334086E-2));
#3860=CARTESIAN_POINT('',(1.267292127690E-1,-4.027860613894E-2,
-4.049103246596E-2));
#3861=CARTESIAN_POINT('',(1.255412086904E-1,-5.040742755253E-2,
-2.685098093102E-2));
#3862=CARTESIAN_POINT('',(1.247492059713E-1,-5.418623704629E-2,
-1.617406021449E-2));
#3863=CARTESIAN_POINT('',(1.243532046118E-1,-5.524871456685E-2,
-1.067537681673E-2));
#3864=CARTESIAN_POINT('',(1.976771322968E-1,-4.643786178914E-2,
-2.244964414916E-2));
#3865=CARTESIAN_POINT('',(1.972811309372E-1,-4.867218500438E-2,
-1.782786965812E-2));
#3866=CARTESIAN_POINT('',(1.964891282181E-1,-5.175024390502E-2,
-7.912944710501E-3));
#3867=CARTESIAN_POINT('',(1.953011241395E-1,-5.178830491198E-2,
7.660213063699E-3));
#3868=CARTESIAN_POINT('',(1.941131200609E-1,-4.724362377595E-2,
2.255537854451E-2));
#3869=CARTESIAN_POINT('',(1.929251159823E-1,-3.851844539842E-2,
3.545469328490E-2));
#3870=CARTESIAN_POINT('',(1.917371119037E-1,-2.638482272809E-2,
4.521666490453E-2));
#3871=CARTESIAN_POINT('',(1.905491078251E-1,-1.191644837311E-2,
5.097748508765E-2));
#3872=CARTESIAN_POINT('',(1.893611037464E-1,3.606394870009E-3,
5.222738386280E-2));
#3873=CARTESIAN_POINT('',(1.881730996678E-1,1.881011357924E-2,
4.885576056698E-2));
#3874=CARTESIAN_POINT('',(1.869850955892E-1,3.234935378780E-2,
4.116096478546E-2));
#3875=CARTESIAN_POINT('',(1.857970915106E-1,4.302604855355E-2,
2.982389744094E-2));
#3876=CARTESIAN_POINT('',(1.846090874320E-1,4.989543329879E-2,
1.584775847293E-2));
#3877=CARTESIAN_POINT('',(1.834210833534E-1,5.234964654487E-2,
4.692753053245E-4));
#3878=CARTESIAN_POINT('',(1.822330792747E-1,5.017151867072E-2,
-1.495073332525E-2));
#3879=CARTESIAN_POINT('',(1.810450751961E-1,4.355378892049E-2,
-2.904777415494E-2));
#3880=CARTESIAN_POINT('',(1.798570711175E-1,3.308205020020E-2,
-4.057442134201E-2));
#3881=CARTESIAN_POINT('',(1.786690670389E-1,1.968293084598E-2,
-4.851069929407E-2));
#3882=CARTESIAN_POINT('',(1.774810629603E-1,4.542098682881E-3,
-5.215433876719E-2));
#3883=CARTESIAN_POINT('',(1.762930588817E-1,-1.100065692937E-2,
-5.118291961006E-2));
#3884=CARTESIAN_POINT('',(1.751050548030E-1,-2.556998103237E-2,
-4.568240123605E-2));
#3885=CARTESIAN_POINT('',(1.739170507244E-1,-3.787665615107E-2,
-3.613951620458E-2));
#3886=CARTESIAN_POINT('',(1.727290466458E-1,-4.683168320008E-2,
-2.339869999241E-2));
#3887=CARTESIAN_POINT('',(1.715410425672E-1,-5.164264536725E-2,
-8.587368174264E-3));
#3888=CARTESIAN_POINT('',(1.703530384886E-1,-5.188382787994E-2,
6.983846877763E-3));
#3889=CARTESIAN_POINT('',(1.691650344100E-1,-4.753388886206E-2,
2.193707187245E-2));
#3890=CARTESIAN_POINT('',(1.679770303313E-1,-3.897774784436E-2,
3.494911852492E-2));
#3891=CARTESIAN_POINT('',(1.667890262527E-1,-2.697252481684E-2,
4.486857048862E-2));
#3892=CARTESIAN_POINT('',(1.656010221741E-1,-1.258054382482E-2,
5.081767044798E-2));
#3893=CARTESIAN_POINT('',(1.644130180955E-1,2.924670480547E-3,
5.226999153690E-2));
#3894=CARTESIAN_POINT('',(1.632250140169E-1,1.817108511439E-2,
4.909702005675E-2));
#3895=CARTESIAN_POINT('',(1.620370099383E-1,3.180956788368E-2,
4.157952745933E-2));
#3896=CARTESIAN_POINT('',(1.608490058596E-1,4.263327005647E-2,
3.038272530534E-2));
#3897=CARTESIAN_POINT('',(1.596610017810E-1,4.968441858252E-2,
1.649740169858E-2));
#3898=CARTESIAN_POINT('',(1.584729977024E-1,5.233906798333E-2,
1.152247943744E-3));
#3899=CARTESIAN_POINT('',(1.572849936238E-1,5.036231234470E-2,
-1.429486649054E-2));
#3900=CARTESIAN_POINT('',(1.560969895452E-1,4.392907178614E-2,
-2.847704978919E-2));
#3901=CARTESIAN_POINT('',(1.549089854665E-1,3.360861404379E-2,
-4.013934198194E-2));
#3902=CARTESIAN_POINT('',(1.537209813879E-1,2.031418082865E-2,
-4.824976445485E-2));
#3903=CARTESIAN_POINT('',(1.525329773093E-1,5.222176447522E-3,
-5.209063817845E-2));
#3904=CARTESIAN_POINT('',(1.513449732307E-1,-1.033193043653E-2,
-5.132209004066E-2));
#3905=CARTESIAN_POINT('',(1.501569691521E-1,-2.497178040822E-2,
-4.601212770489E-2));
#3906=CARTESIAN_POINT('',(1.489689650735E-1,-3.740191526493E-2,
-3.663062171466E-2));
#3907=CARTESIAN_POINT('',(1.477809609948E-1,-4.652241115562E-2,
-2.400772735922E-2));
#3908=CARTESIAN_POINT('',(1.465929569162E-1,-5.152620918036E-2,
-9.260425486386E-3));
#3909=CARTESIAN_POINT('',(1.454049528376E-1,-5.197053081288E-2,
6.306317444866E-3));
#3910=CARTESIAN_POINT('',(1.442169487590E-1,-4.781605870329E-2,
2.131502387452E-2));
#3911=CARTESIAN_POINT('',(1.430289446804E-1,-3.943041581100E-2,
3.443759604936E-2));
#3912=CARTESIAN_POINT('',(1.418409406018E-1,-2.755563500452E-2,
4.451283738637E-2));
#3913=CARTESIAN_POINT('',(1.406529365231E-1,-1.324249769414E-2,
5.064920500371E-2));
#3914=CARTESIAN_POINT('',(1.394649324445E-1,2.242448227249E-3,
5.230370100323E-2));
#3915=CARTESIAN_POINT('',(1.382769283659E-1,1.752896329344E-2,
4.932992153394E-2));
#3916=CARTESIAN_POINT('',(1.370889242873E-1,3.126436688476E-2,
4.199101184758E-2));
#3917=CARTESIAN_POINT('',(1.359009202087E-1,4.223323389215E-2,
3.093638097283E-2));
#3918=CARTESIAN_POINT('',(1.347129161301E-1,4.946494584845E-2,
1.714423649221E-2));
#3919=CARTESIAN_POINT('',(1.335249120514E-1,5.231957949033E-2,
1.835024428826E-3));
#3920=CARTESIAN_POINT('',(1.323369079728E-1,5.054453259923E-2,
-1.363656616908E-2));
#3921=CARTESIAN_POINT('',(1.311489038942E-1,4.429687639636E-2,
-2.790147764846E-2));
#3922=CARTESIAN_POINT('',(1.299608998156E-1,3.412945652369E-2,
-3.969742946978E-2));
#3923=CARTESIAN_POINT('',(1.287728957370E-1,2.094197265832E-2,
-4.798061597008E-2));
#3924=CARTESIAN_POINT('',(1.275848916583E-1,5.901365111871E-3,
-5.201806941148E-2));
#3925=CARTESIAN_POINT('',(1.263968875797E-1,-9.661444701515E-3,
-5.145252567287E-2));
#3926=CARTESIAN_POINT('',(1.252088835011E-1,-2.436933016587E-2,
-4.633401381314E-2));
#3927=CARTESIAN_POINT('',(1.240208794225E-1,-3.692080186635E-2,
-3.711551938722E-2));
#3928=CARTESIAN_POINT('',(1.228328753439E-1,-4.620523954676E-2,
-2.461256339039E-2));
#3929=CARTESIAN_POINT('',(1.220408726248E-1,-4.966903062555E-2,
-1.482571840976E-2));
#3930=CARTESIAN_POINT('',(1.216448712653E-1,-5.064293528076E-2,
-9.785429787202E-3));
#3931=CARTESIAN_POINT('',(1.949687989502E-1,-4.221451768925E-2,
-2.040793575628E-2));
#3932=CARTESIAN_POINT('',(1.945727975907E-1,-4.424563784120E-2,
-1.620649379727E-2));
#3933=CARTESIAN_POINT('',(1.937807948716E-1,-4.704375917804E-2,
-7.193292963667E-3));
#3934=CARTESIAN_POINT('',(1.925927907930E-1,-4.707835868349E-2,
6.963546283619E-3));
#3935=CARTESIAN_POINT('',(1.914047867144E-1,-4.294699873672E-2,
2.050405401693E-2));
#3936=CARTESIAN_POINT('',(1.902167826358E-1,-3.501534161968E-2,
3.223022592295E-2));
#3937=CARTESIAN_POINT('',(1.890287785572E-1,-2.398522504848E-2,
4.110438394275E-2));
#3938=CARTESIAN_POINT('',(1.878407744785E-1,-1.083269343717E-2,
4.634127978927E-2));
#3939=CARTESIAN_POINT('',(1.866527703999E-1,3.278407191220E-3,
4.747750510027E-2));
#3940=CARTESIAN_POINT('',(1.854647663213E-1,1.709940642903E-2,
4.441251791570E-2));
#3941=CARTESIAN_POINT('',(1.842767622427E-1,2.940730505448E-2,
3.741753407882E-2));
#3942=CARTESIAN_POINT('',(1.830887581641E-1,3.911299568464E-2,
2.711152920434E-2));
#3943=CARTESIAN_POINT('',(1.819007540855E-1,4.535763642971E-2,
1.440646607349E-2));
#3944=CARTESIAN_POINT('',(1.807127500068E-1,4.758864846382E-2,
4.265965295241E-4));
#3945=CARTESIAN_POINT('',(1.795247459282E-1,4.560861290381E-2,
-1.359102189700E-2));
#3946=CARTESIAN_POINT('',(1.783367418496E-1,3.959274010433E-2,
-2.640599133235E-2));
#3947=CARTESIAN_POINT('',(1.771487377710E-1,3.007336555922E-2,
-3.688433449522E-2));
#3948=CARTESIAN_POINT('',(1.759607336924E-1,1.789284433781E-2,
-4.409883863229E-2));
#3949=CARTESIAN_POINT('',(1.747727296138E-1,4.129012357750E-3,
-4.741110317387E-2));
#3950=CARTESIAN_POINT('',(1.735847255351E-1,-1.000018968675E-2,
-4.652803083564E-2));
#3951=CARTESIAN_POINT('',(1.723967214565E-1,-2.324449005655E-2,
-4.152776335447E-2));
#3952=CARTESIAN_POINT('',(1.712087173779E-1,-3.443192062458E-2,
-3.285276684415E-2));
#3953=CARTESIAN_POINT('',(1.700207132993E-1,-4.257252256455E-2,
-2.127067863762E-2));
#3954=CARTESIAN_POINT('',(1.688327092207E-1,-4.694594631154E-2,
-7.806380219285E-3));
#3955=CARTESIAN_POINT('',(1.676447051421E-1,-4.716519420660E-2,
6.348692988903E-3));
#3956=CARTESIAN_POINT('',(1.664567010634E-1,-4.321086533480E-2,
1.994197994763E-2));
#3957=CARTESIAN_POINT('',(1.652686969848E-1,-3.543287228285E-2,
3.177063123391E-2));
#3958=CARTESIAN_POINT('',(1.640806929062E-1,-2.451947790306E-2,
4.078794736898E-2));
#3959=CARTESIAN_POINT('',(1.628926888276E-1,-1.143639197354E-2,
4.619599967358E-2));
#3960=CARTESIAN_POINT('',(1.617046847490E-1,2.658683000886E-3,
4.751623777104E-2));
#3961=CARTESIAN_POINT('',(1.605166806704E-1,1.651849513393E-2,
4.463183578707E-2));
#3962=CARTESIAN_POINT('',(1.593286765917E-1,2.891661059268E-2,
3.779803009477E-2));
#3963=CARTESIAN_POINT('',(1.581406725131E-1,3.875593887422E-2,
2.761953383370E-2));
#3964=CARTESIAN_POINT('',(1.569526684345E-1,4.516581268655E-2,
1.499702675790E-2));
#3965=CARTESIAN_POINT('',(1.557646643559E-1,4.757903198157E-2,
1.047455445397E-3));
#3966=CARTESIAN_POINT('',(1.545766602773E-1,4.578205463035E-2,
-1.299480361672E-2));
#3967=CARTESIAN_POINT('',(1.533886561986E-1,3.993389244339E-2,
-2.588717214246E-2));
#3968=CARTESIAN_POINT('',(1.522006521200E-1,3.055204045580E-2,
-3.648882392186E-2));
#3969=CARTESIAN_POINT('',(1.510126480414E-1,1.846668457363E-2,
-4.386163480847E-2));
#3970=CARTESIAN_POINT('',(1.498246439628E-1,4.747239677428E-3,
-4.735319590755E-2));
#3971=CARTESIAN_POINT('',(1.486366398842E-1,-9.392281284562E-3,
-4.665454425332E-2));
#3972=CARTESIAN_POINT('',(1.474486358056E-1,-2.270069346779E-2,
-4.182750247499E-2));
#3973=CARTESIAN_POINT('',(1.462606317269E-1,-3.400035558770E-2,
-3.329920820565E-2));
#3974=CARTESIAN_POINT('',(1.450726276483E-1,-4.229137761754E-2,
-2.182431731862E-2));
#3975=CARTESIAN_POINT('',(1.438846235697E-1,-4.684009954596E-2,
-8.418225569475E-3));
#3976=CARTESIAN_POINT('',(1.426966194911E-1,-4.724401184279E-2,
5.732782240043E-3));
#3977=CARTESIAN_POINT('',(1.415086154125E-1,-4.346737291923E-2,
1.937650481160E-2));
#3978=CARTESIAN_POINT('',(1.403206113339E-1,-3.584437184697E-2,
3.130562975105E-2));
#3979=CARTESIAN_POINT('',(1.391326072552E-1,-2.504955647224E-2,
4.046456681787E-2));
#3980=CARTESIAN_POINT('',(1.379446031766E-1,-1.203814369614E-2,
4.604285551054E-2));
#3981=CARTESIAN_POINT('',(1.367565990980E-1,2.038506225508E-3,
4.754688149166E-2));
#3982=CARTESIAN_POINT('',(1.355685950194E-1,1.593477181153E-2,
4.484355577480E-2));
#3983=CARTESIAN_POINT('',(1.343805909408E-1,2.842099351802E-2,
3.817209156784E-2));
#3984=CARTESIAN_POINT('',(1.331925868622E-1,3.839228445336E-2,
2.812283665749E-2));
#3985=CARTESIAN_POINT('',(1.320045827835E-1,4.496630014962E-2,
1.558503442633E-2));
#3986=CARTESIAN_POINT('',(1.308165787049E-1,4.756131589171E-2,
1.668136047319E-3));
#3987=CARTESIAN_POINT('',(1.296285746263E-1,4.594770265680E-2,
-1.239637316591E-2));
#3988=CARTESIAN_POINT('',(1.284405705477E-1,4.026824664546E-2,
-2.536394606400E-2));
#3989=CARTESIAN_POINT('',(1.272525664691E-1,3.102551432463E-2,
-3.608710164519E-2));
#3990=CARTESIAN_POINT('',(1.260645623904E-1,1.903738116209E-2,
-4.361696433844E-2));
#3991=CARTESIAN_POINT('',(1.248765583118E-1,5.364658757051E-3,
-4.728722698953E-2));
#3992=CARTESIAN_POINT('',(1.236885542332E-1,-8.782773636473E-3,
-4.677311726876E-2));
#3993=CARTESIAN_POINT('',(1.225005501546E-1,-2.215303374720E-2,
-4.212011428541E-2));
#3994=CARTESIAN_POINT('',(1.213125460760E-1,-3.356299759377E-2,
-3.374000630847E-2));
#3995=CARTESIAN_POINT('',(1.201245419974E-1,-4.200305154100E-2,
-2.237414584977E-2));
#3996=CARTESIAN_POINT('',(1.193325392783E-1,-4.515182420481E-2,
-1.347737660503E-2));
#3997=CARTESIAN_POINT('',(1.189365379187E-1,-4.603715599466E-2,
-8.895482757680E-3));
#3998=CARTESIAN_POINT('',(1.922604656037E-1,-3.799117358937E-2,
-1.836622736341E-2));
#3999=CARTESIAN_POINT('',(1.918644642442E-1,-3.981909067802E-2,
-1.458511793643E-2));
#4000=CARTESIAN_POINT('',(1.910724615251E-1,-4.233727445107E-2,
-6.473641216832E-3));
#4001=CARTESIAN_POINT('',(1.898844574465E-1,-4.236841245499E-2,
6.266879503539E-3));
#4002=CARTESIAN_POINT('',(1.886964533679E-1,-3.865037369749E-2,
1.845272948934E-2));
#4003=CARTESIAN_POINT('',(1.875084492893E-1,-3.151223784094E-2,
2.900575856099E-2));
#4004=CARTESIAN_POINT('',(1.863204452106E-1,-2.158562736887E-2,
3.699210298098E-2));
#4005=CARTESIAN_POINT('',(1.851324411320E-1,-9.748938501241E-3,
4.170507449090E-2));
#4006=CARTESIAN_POINT('',(1.839444370534E-1,2.950419512432E-3,
4.272762633775E-2));
#4007=CARTESIAN_POINT('',(1.827564329748E-1,1.538869927883E-2,
3.996927526441E-2));
#4008=CARTESIAN_POINT('',(1.815684288962E-1,2.646525632116E-2,
3.367410337217E-2));
#4009=CARTESIAN_POINT('',(1.803804248176E-1,3.519994281573E-2,
2.439916096773E-2));
#4010=CARTESIAN_POINT('',(1.791924207389E-1,4.081983956062E-2,
1.296517367405E-2));
#4011=CARTESIAN_POINT('',(1.780044166603E-1,4.282765038276E-2,
3.839177537233E-4));
#4012=CARTESIAN_POINT('',(1.768164125817E-1,4.104570713691E-2,
-1.223131046875E-2));
#4013=CARTESIAN_POINT('',(1.756284085031E-1,3.563169128817E-2,
-2.376420850977E-2));
#4014=CARTESIAN_POINT('',(1.744404044245E-1,2.706468091823E-2,
-3.319424764843E-2));
#4015=CARTESIAN_POINT('',(1.732524003459E-1,1.610275782965E-2,
-3.968697797050E-2));
#4016=CARTESIAN_POINT('',(1.720643962672E-1,3.715926032618E-3,
-4.266786758055E-2));
#4017=CARTESIAN_POINT('',(1.708763921886E-1,-8.999722444125E-3,
-4.187314206123E-2));
#4018=CARTESIAN_POINT('',(1.696883881100E-1,-2.091899908072E-2,
-3.737312547288E-2));
#4019=CARTESIAN_POINT('',(1.685003840314E-1,-3.098718509810E-2,
-2.956601748371E-2));
#4020=CARTESIAN_POINT('',(1.673123799528E-1,-3.831336192901E-2,
-1.914265728283E-2));
#4021=CARTESIAN_POINT('',(1.661243758742E-1,-4.224924725582E-2,
-7.025392264305E-3));
#4022=CARTESIAN_POINT('',(1.649363717955E-1,-4.244656053326E-2,
5.713539100043E-3));
#4023=CARTESIAN_POINT('',(1.637483677169E-1,-3.888784180753E-2,
1.794688802281E-2));
#4024=CARTESIAN_POINT('',(1.625603636383E-1,-3.188799672133E-2,
2.859214394290E-2));
#4025=CARTESIAN_POINT('',(1.613723595597E-1,-2.206643098928E-2,
3.670732424934E-2));
#4026=CARTESIAN_POINT('',(1.601843554811E-1,-1.029224012225E-2,
4.157432889918E-2));
#4027=CARTESIAN_POINT('',(1.589963514025E-1,2.392695521225E-3,
4.276248400519E-2));
#4028=CARTESIAN_POINT('',(1.578083473238E-1,1.486590515348E-2,
4.016665151738E-2));
#4029=CARTESIAN_POINT('',(1.566203432452E-1,2.602365330168E-2,
3.401653273021E-2));
#4030=CARTESIAN_POINT('',(1.554323391666E-1,3.487860769198E-2,
2.485634236206E-2));
#4031=CARTESIAN_POINT('',(1.542443350880E-1,4.064720679058E-2,
1.349665181722E-2));
#4032=CARTESIAN_POINT('',(1.530563310094E-1,4.281899597982E-2,
9.426629470491E-4));
#4033=CARTESIAN_POINT('',(1.518683269307E-1,4.120179691600E-2,
-1.169474074291E-2));
#4034=CARTESIAN_POINT('',(1.506803228521E-1,3.593871310064E-2,
-2.329729449574E-2));
#4035=CARTESIAN_POINT('',(1.494923187735E-1,2.749546686782E-2,
-3.283830586178E-2));
#4036=CARTESIAN_POINT('',(1.483043146949E-1,1.661918831861E-2,
-3.947350516209E-2));
#4037=CARTESIAN_POINT('',(1.471163106163E-1,4.272302907334E-3,
-4.261575363664E-2));
#4038=CARTESIAN_POINT('',(1.459283065377E-1,-8.452632132590E-3,
-4.198699846598E-2));
#4039=CARTESIAN_POINT('',(1.447403024590E-1,-2.042960652736E-2,
-3.764287724508E-2));
#4040=CARTESIAN_POINT('',(1.435522983804E-1,-3.059879591048E-2,
-2.996779469664E-2));
#4041=CARTESIAN_POINT('',(1.423642943018E-1,-3.806034407946E-2,
-1.964090727803E-2));
#4042=CARTESIAN_POINT('',(1.411762902232E-1,-4.215398991155E-2,
-7.576025652563E-3));
#4043=CARTESIAN_POINT('',(1.399882861446E-1,-4.251749287271E-2,
5.159247035219E-3));
#4044=CARTESIAN_POINT('',(1.388002820660E-1,-3.911868713518E-2,
1.743798574868E-2));
#4045=CARTESIAN_POINT('',(1.376122779873E-1,-3.225832788294E-2,
2.817366345273E-2));
#4046=CARTESIAN_POINT('',(1.364242739087E-1,-2.254347793995E-2,
3.641629624937E-2));
#4047=CARTESIAN_POINT('',(1.352362698301E-1,-1.083378969814E-2,
4.143650601737E-2));
#4048=CARTESIAN_POINT('',(1.340482657515E-1,1.834564223767E-3,
4.279006198009E-2));
#4049=CARTESIAN_POINT('',(1.328602616729E-1,1.434058032962E-2,
4.035719001567E-2));
#4050=CARTESIAN_POINT('',(1.316722575943E-1,2.557762015128E-2,
3.435317128809E-2));
#4051=CARTESIAN_POINT('',(1.304842535156E-1,3.455133501457E-2,
2.530929234215E-2));
#4052=CARTESIAN_POINT('',(1.292962494370E-1,4.046765445080E-2,
1.402583236046E-2));
#4053=CARTESIAN_POINT('',(1.281082453584E-1,4.280305229309E-2,
1.501247665812E-3));
#4054=CARTESIAN_POINT('',(1.269202412798E-1,4.135087271438E-2,
-1.115618016274E-2));
#4055=CARTESIAN_POINT('',(1.257322372012E-1,3.623961689456E-2,
-2.282641447954E-2));
#4056=CARTESIAN_POINT('',(1.245442331225E-1,2.792157212556E-2,
-3.247677382060E-2));
#4057=CARTESIAN_POINT('',(1.233562290439E-1,1.713278966587E-2,
-3.925331270680E-2));
#4058=CARTESIAN_POINT('',(1.221682249653E-1,4.827952402230E-3,
-4.255638456759E-2));
#4059=CARTESIAN_POINT('',(1.209802208867E-1,-7.904102571432E-3,
-4.209370886466E-2));
#4060=CARTESIAN_POINT('',(1.197922168081E-1,-1.993673732852E-2,
-3.790621475769E-2));
#4061=CARTESIAN_POINT('',(1.186042127295E-1,-3.020519332118E-2,
-3.036449322973E-2));
#4062=CARTESIAN_POINT('',(1.174162086508E-1,-3.780086353524E-2,
-2.013572830914E-2));
#4063=CARTESIAN_POINT('',(1.166242059318E-1,-4.063461778406E-2,
-1.212903480031E-2));
#4064=CARTESIAN_POINT('',(1.162282045722E-1,-4.143137670857E-2,
-8.005535728157E-3));
#4065=B_SPLINE_SURFACE_WITH_KNOTS('',3,3,((#3797,#3798,#3799,#3800,#3801,#3802,
#3803,#3804,#3805,#3806,#3807,#3808,#3809,#3810,#3811,#3812,#3813,#3814,#3815,
#3816,#3817,#3818,#3819,#3820,#3821,#3822,#3823,#3824,#3825,#3826,#3827,#3828,
#3829,#3830,#3831,#3832,#3833,#3834,#3835,#3836,#3837,#3838,#3839,#3840,#3841,
#3842,#3843,#3844,#3845,#3846,#3847,#3848,#3849,#3850,#3851,#3852,#3853,#3854,
#3855,#3856,#3857,#3858,#3859,#3860,#3861,#3862,#3863),(#3864,#3865,#3866,#3867,
#3868,#3869,#3870,#3871,#3872,#3873,#3874,#3875,#3876,#3877,#3878,#3879,#3880,
#3881,#3882,#3883,#3884,#3885,#3886,#3887,#3888,#3889,#3890,#3891,#3892,#3893,
#3894,#3895,#3896,#3897,#3898,#3899,#3900,#3901,#3902,#3903,#3904,#3905,#3906,
#3907,#3908,#3909,#3910,#3911,#3912,#3913,#3914,#3915,#3916,#3917,#3918,#3919,
#3920,#3921,#3922,#3923,#3924,#3925,#3926,#3927,#3928,#3929,#3930),(#3931,#3932,
#3933,#3934,#3935,#3936,#3937,#3938,#3939,#3940,#3941,#3942,#3943,#3944,#3945,
#3946,#3947,#3948,#3949,#3950,#3951,#3952,#3953,#3954,#3955,#3956,#3957,#3958,
#3959,#3960,#3961,#3962,#3963,#3964,#3965,#3966,#3967,#3968,#3969,#3970,#3971,
#3972,#3973,#3974,#3975,#3976,#3977,#3978,#3979,#3980,#3981,#3982,#3983,#3984,
#3985,#3986,#3987,#3988,#3989,#3990,#3991,#3992,#3993,#3994,#3995,#3996,#3997),(
#3998,#3999,#4000,#4001,#4002,#4003,#4004,#4005,#4006,#4007,#4008,#4009,#4010,
#4011,#4012,#4013,#4014,#4015,#4016,#4017,#4018,#4019,#4020,#4021,#4022,#4023,
#4024,#4025,#4026,#4027,#4028,#4029,#4030,#4031,#4032,#4033,#4034,#4035,#4036,
#4037,#4038,#4039,#4040,#4041,#4042,#4043,#4044,#4045,#4046,#4047,#4048,#4049,
#4050,#4051,#4052,#4053,#4054,#4055,#4056,#4057,#4058,#4059,#4060,#4061,#4062,
#4063,#4064)),.UNSPECIFIED.,.F.,.F.,.F.,(4,4),(4,1,1,1,1,1,1,1,1,1,1,1,1,1,1,1,
1,1,1,1,1,1,1,1,1,1,1,1,1,1,1,1,1,1,1,1,1,1,1,1,1,1,1,1,1,1,1,1,1,1,1,1,1,1,1,1,
1,1,1,1,1,1,1,1,4),(-2.E-2,1.02E0),(-1.677356235992E-2,-3.145042942464E-3,
1.048347647499E-2,2.411199589244E-2,3.774051530989E-2,5.136903472734E-2,
6.499755414479E-2,7.862607356224E-2,9.225459297969E-2,1.058831123971E-1,
1.195116318146E-1,1.331401512320E-1,1.467686706495E-1,1.603971900670E-1,
1.740257094844E-1,1.876542289019E-1,2.012827483193E-1,2.149112677368E-1,
2.285397871542E-1,2.421683065717E-1,2.557968259891E-1,2.694253454066E-1,
2.830538648240E-1,2.966823842415E-1,3.103109036589E-1,3.239394230764E-1,
3.375679424938E-1,3.511964619113E-1,3.648249813287E-1,3.784535007462E-1,
3.920820201636E-1,4.057105395811E-1,4.193390589985E-1,4.329675784160E-1,
4.465960978334E-1,4.602246172509E-1,4.738531366683E-1,4.874816560858E-1,
5.011101755032E-1,5.147386949207E-1,5.283672143381E-1,5.419957337556E-1,
5.556242531730E-1,5.692527725905E-1,5.828812920079E-1,5.965098114254E-1,
6.101383308428E-1,6.237668502603E-1,6.373953696777E-1,6.510238890952E-1,
6.646524085126E-1,6.782809279301E-1,6.919094473475E-1,7.055379667650E-1,
7.191664861825E-1,7.327950055999E-1,7.464235250174E-1,7.600520444348E-1,
7.736805638523E-1,7.873090832697E-1,8.009376026872E-1,8.145661221046E-1,
8.281946415221E-1,8.418231609395E-1,8.554516803570E-1),.UNSPECIFIED.);
#4066=ORIENTED_EDGE('',*,*,#3786,.F.);
#4068=ORIENTED_EDGE('',*,*,#4067,.T.);
#4070=ORIENTED_EDGE('',*,*,#4069,.F.);
#4072=ORIENTED_EDGE('',*,*,#4071,.T.);
#4074=ORIENTED_EDGE('',*,*,#4073,.T.);
#4076=ORIENTED_EDGE('',*,*,#4075,.F.);
#4078=ORIENTED_EDGE('',*,*,#4077,.F.);
#4080=ORIENTED_EDGE('',*,*,#4079,.T.);
#4082=ORIENTED_EDGE('',*,*,#4081,.T.);
#4084=ORIENTED_EDGE('',*,*,#4083,.T.);
#4085=EDGE_LOOP('',(#4066,#4068,#4070,#4072,#4074,#4076,#4078,#4080,#4082,
#4084));
#4086=FACE_OUTER_BOUND('',#4085,.F.);
#4088=CARTESIAN_POINT('',(1.233153634770E-1,0.E0,0.E0));
#4089=DIRECTION('',(1.E0,0.E0,0.E0));
#4090=DIRECTION('',(0.E0,-1.E0,0.E0));
#4091=AXIS2_PLACEMENT_3D('',#4088,#4089,#4090);
#4092=CONICAL_SURFACE('',#4091,5.194050591976E-2,6.E1);
#4093=ORIENTED_EDGE('',*,*,#4067,.F.);
#4094=ORIENTED_EDGE('',*,*,#3752,.T.);
#4096=ORIENTED_EDGE('',*,*,#4095,.F.);
#4098=ORIENTED_EDGE('',*,*,#4097,.T.);
#4099=EDGE_LOOP('',(#4093,#4094,#4096,#4098));
#4100=FACE_OUTER_BOUND('',#4099,.F.);
#4102=CARTESIAN_POINT('',(1.860729656037E-1,-3.906943165059E-2,
-1.594450026694E-2));
#4103=CARTESIAN_POINT('',(1.857446725779E-1,-4.038499700739E-2,
-1.272091909919E-2));
#4104=CARTESIAN_POINT('',(1.850880865263E-1,-4.221402593991E-2,
-5.946687246900E-3));
#4105=CARTESIAN_POINT('',(1.841032074490E-1,-4.238438498778E-2,
4.577342245742E-3));
#4106=CARTESIAN_POINT('',(1.831183283716E-1,-3.997107843746E-2,
1.482229848654E-2));
#4107=CARTESIAN_POINT('',(1.821334492942E-1,-3.512124124932E-2,
2.416373820525E-2));
#4108=CARTESIAN_POINT('',(1.811485702168E-1,-2.813050032892E-2,
3.203221380948E-2));
#4109=CARTESIAN_POINT('',(1.801636911394E-1,-1.942499546553E-2,
3.794808742925E-2));
#4110=CARTESIAN_POINT('',(1.791788120621E-1,-9.535391776477E-3,
4.155074111256E-2));
#4111=CARTESIAN_POINT('',(1.781939329847E-1,9.354653122941E-4,
4.262056650613E-2));
#4112=CARTESIAN_POINT('',(1.772090539073E-1,1.134929880306E-2,
4.109234966522E-2));
#4113=CARTESIAN_POINT('',(1.762241748299E-1,2.107130766747E-2,
3.705924685671E-2));
#4114=CARTESIAN_POINT('',(1.752392957525E-1,2.950886277327E-2,
3.076710584727E-2));
#4115=CARTESIAN_POINT('',(1.742544166752E-1,3.614763204582E-2,
2.259947968143E-2));
#4116=CARTESIAN_POINT('',(1.732695375978E-1,4.058293285796E-2,
1.305424624547E-2));
#4117=CARTESIAN_POINT('',(1.722846585204E-1,4.254440046100E-2,
2.713258890165E-3));
#4118=CARTESIAN_POINT('',(1.712997794430E-1,4.191246873804E-2,
-7.793121882398E-3));
#4119=CARTESIAN_POINT('',(1.703149003656E-1,3.872565865274E-2,
-1.782445360459E-2));
#4120=CARTESIAN_POINT('',(1.693300212883E-1,3.317823010859E-2,
-2.676925160053E-2));
#4121=CARTESIAN_POINT('',(1.683451422109E-1,2.560834035523E-2,
-3.408226354927E-2));
#4122=CARTESIAN_POINT('',(1.673602631335E-1,1.647743077558E-2,
-3.931770669084E-2));
#4123=CARTESIAN_POINT('',(1.663753840561E-1,6.342098583202E-3,
-4.215644161871E-2));
#4124=CARTESIAN_POINT('',(1.653905049787E-1,-4.179831939688E-3,
-4.242542621291E-2));
#4125=CARTESIAN_POINT('',(1.644056259013E-1,-1.444697045193E-2,
-4.010826385113E-2));
#4126=CARTESIAN_POINT('',(1.634207468240E-1,-2.383345809057E-2,
-3.534620290549E-2));
#4127=CARTESIAN_POINT('',(1.624358677466E-1,-3.176711824831E-2,
-2.842952659804E-2));
#4128=CARTESIAN_POINT('',(1.614509886692E-1,-3.776433501605E-2,
-1.977985806791E-2));
#4129=CARTESIAN_POINT('',(1.604661095918E-1,-4.145953318871E-2,
-9.924459288304E-3));
#4130=CARTESIAN_POINT('',(1.594812305144E-1,-4.262746280751E-2,
5.359094932388E-4));
#4131=CARTESIAN_POINT('',(1.584963514371E-1,-4.119692982921E-2,
1.096361058400E-2));
#4132=CARTESIAN_POINT('',(1.575114723597E-1,-3.725513593539E-2,
2.072299763130E-2));
#4133=CARTESIAN_POINT('',(1.565265932823E-1,-3.104236293789E-2,
2.921916302058E-2));
#4134=CARTESIAN_POINT('',(1.555417142049E-1,-2.293732580580E-2,
3.593420194285E-2));
#4135=CARTESIAN_POINT('',(1.545568351275E-1,-1.343408715622E-2,
4.045878256535E-2));
#4136=CARTESIAN_POINT('',(1.535719560502E-1,-3.111940443561E-3,
4.251709786741E-2));
#4137=CARTESIAN_POINT('',(1.525870769728E-1,7.399902308090E-3,
4.198367814070E-2));
#4138=CARTESIAN_POINT('',(1.516021978954E-1,1.746066568266E-2,
3.889103930611E-2));
#4139=CARTESIAN_POINT('',(1.506173188180E-1,2.645707092497E-2,
3.342770082525E-2));
#4140=CARTESIAN_POINT('',(1.496324397406E-1,3.384071986653E-2,
2.592669402962E-2));
#4141=CARTESIAN_POINT('',(1.486475606632E-1,3.916152389450E-2,
1.684526137083E-2));
#4142=CARTESIAN_POINT('',(1.476626815859E-1,4.209514021803E-2,
6.736984074144E-3));
#4143=CARTESIAN_POINT('',(1.466778025085E-1,4.246274298663E-2,
-3.781962776410E-3));
#4144=CARTESIAN_POINT('',(1.456929234311E-1,4.024192406288E-2,
-1.407037071681E-2));
#4145=CARTESIAN_POINT('',(1.447080443537E-1,3.556805896593E-2,
-2.350108435343E-2));
#4146=CARTESIAN_POINT('',(1.437231652763E-1,2.872605472142E-2,
-3.149923117368E-2));
#4147=CARTESIAN_POINT('',(1.427382861990E-1,2.013298264786E-2,
-3.757726432421E-2));
#4148=CARTESIAN_POINT('',(1.417534071216E-1,1.031265474126E-2,
-4.136468223713E-2));
#4149=CARTESIAN_POINT('',(1.407685280442E-1,-1.363065827964E-4,
-4.263061347091E-2));
#4150=CARTESIAN_POINT('',(1.397836489668E-1,-1.057695900142E-2,
-4.129789005110E-2));
#4151=CARTESIAN_POINT('',(1.387987698894E-1,-2.037286668165E-2,
-3.744775143533E-2));
#4152=CARTESIAN_POINT('',(1.378138908121E-1,-2.892689580329E-2,
-3.131489236093E-2));
#4153=CARTESIAN_POINT('',(1.368290117347E-1,-3.571761433019E-2,
-2.327315644580E-2));
#4154=CARTESIAN_POINT('',(1.358441326573E-1,-4.033107719180E-2,
-1.381274762457E-2));
#4155=CARTESIAN_POINT('',(1.348592535799E-1,-4.248605933039E-2,
-3.510348553329E-3));
#4156=CARTESIAN_POINT('',(1.338743745025E-1,-4.205119847110E-2,
7.006032510122E-3));
#4157=CARTESIAN_POINT('',(1.328894954251E-1,-3.905300263502E-2,
1.709534350614E-2));
#4158=CARTESIAN_POINT('',(1.319046163478E-1,-3.367423427635E-2,
2.614256548679E-2));
#4159=CARTESIAN_POINT('',(1.309197372704E-1,-2.624276954702E-2,3.359620263E-2));
#4160=CARTESIAN_POINT('',(1.299348581930E-1,-1.721161178331E-2,
3.900189999416E-2));
#4161=CARTESIAN_POINT('',(1.289499791156E-1,-7.131277603485E-3,
4.203013999639E-2));
#4162=CARTESIAN_POINT('',(1.279651000382E-1,3.383761338977E-3,
4.249632842367E-2));
#4163=CARTESIAN_POINT('',(1.269802209609E-1,1.369253446554E-2,
4.037204888106E-2));
#4164=CARTESIAN_POINT('',(1.259953418835E-1,2.316664620649E-2,
3.578678733025E-2));
#4165=CARTESIAN_POINT('',(1.250104628061E-1,3.122857400381E-2,
2.902006751397E-2));
#4166=CARTESIAN_POINT('',(1.240255837287E-1,3.738690026835E-2,
2.048430529925E-2));
#4167=CARTESIAN_POINT('',(1.233689976771E-1,3.997307662700E-2,
1.396147954147E-2));
#4168=CARTESIAN_POINT('',(1.230407046513E-1,4.084694939674E-2,
1.059123709688E-2));
#4169=CARTESIAN_POINT('',(1.833646322572E-1,-4.341264187702E-2,
-1.771699384283E-2));
#4170=CARTESIAN_POINT('',(1.830363392314E-1,-4.487445397123E-2,
-1.413505858335E-2));
#4171=CARTESIAN_POINT('',(1.823797531798E-1,-4.690680956678E-2,
-6.607759388801E-3));
#4172=CARTESIAN_POINT('',(1.813948741025E-1,-4.709610682613E-2,
5.086189157808E-3));
#4173=CARTESIAN_POINT('',(1.804099950251E-1,-4.441452154110E-2,
1.647004086840E-2));
#4174=CARTESIAN_POINT('',(1.794251159477E-1,-3.902554514406E-2,
2.684993532786E-2));
#4175=CARTESIAN_POINT('',(1.784402368703E-1,-3.125766833576E-2,
3.559312147348E-2));
#4176=CARTESIAN_POINT('',(1.774553577929E-1,-2.158440335528E-2,
4.216664179345E-2));
#4177=CARTESIAN_POINT('',(1.764704787155E-1,-1.059540747998E-2,
4.616978971633E-2));
#4178=CARTESIAN_POINT('',(1.754855996382E-1,1.039457675100E-3,
4.735854380668E-2));
#4179=CARTESIAN_POINT('',(1.745007205608E-1,1.261096012092E-2,
4.566044051666E-2));
#4180=CARTESIAN_POINT('',(1.735158414834E-1,2.341373024900E-2,
4.117899196514E-2));
#4181=CARTESIAN_POINT('',(1.725309624060E-1,3.278925844715E-2,
3.418737594355E-2));
#4182=CARTESIAN_POINT('',(1.715460833286E-1,4.016603616715E-2,
2.511178372880E-2));
#4183=CARTESIAN_POINT('',(1.705612042513E-1,4.509439364867E-2,
1.450544052695E-2));
#4184=CARTESIAN_POINT('',(1.695763251739E-1,4.727391065229E-2,
3.014882263244E-3));
#4185=CARTESIAN_POINT('',(1.685914460965E-1,4.657172931971E-2,
-8.659455617635E-3));
#4186=CARTESIAN_POINT('',(1.676065670191E-1,4.303065285358E-2,
-1.980593492913E-2));
#4187=CARTESIAN_POINT('',(1.666216879417E-1,3.686653634225E-2,
-2.974509441148E-2));
#4188=CARTESIAN_POINT('',(1.656368088644E-1,2.845512877814E-2,
-3.787106797598E-2));
#4189=CARTESIAN_POINT('',(1.646519297870E-1,1.830916834703E-2,
-4.368851677343E-2));
#4190=CARTESIAN_POINT('',(1.636670507096E-1,7.047127201738E-3,
-4.684282380072E-2));
#4191=CARTESIAN_POINT('',(1.626821716322E-1,-4.644489040092E-3,
-4.714171045877E-2));
#4192=CARTESIAN_POINT('',(1.616972925548E-1,-1.605298894662E-2,
-4.456695737093E-2));
#4193=CARTESIAN_POINT('',(1.607124134775E-1,-2.648293914358E-2,
-3.927551499013E-2));
#4194=CARTESIAN_POINT('',(1.597275344001E-1,-3.529855617846E-2,
-3.158993629526E-2));
#4195=CARTESIAN_POINT('',(1.587426553227E-1,-4.196246227582E-2,
-2.197871477528E-2));
#4196=CARTESIAN_POINT('',(1.577577762453E-1,-4.606844253089E-2,
-1.102772624796E-2));
#4197=CARTESIAN_POINT('',(1.567728971679E-1,-4.736620674544E-2,
5.954846519535E-4));
#4198=CARTESIAN_POINT('',(1.557880180905E-1,-4.577664648678E-2,
1.218239630971E-2));
#4199=CARTESIAN_POINT('',(1.548031390132E-1,-4.139665733833E-2,
2.302669982076E-2));
#4200=CARTESIAN_POINT('',(1.538182599358E-1,-3.449323238924E-2,
3.246735379984E-2));
#4201=CARTESIAN_POINT('',(1.528333808584E-1,-2.548718700925E-2,
3.992887979618E-2));
#4202=CARTESIAN_POINT('',(1.518485017810E-1,-1.492750700531E-2,
4.495644200811E-2));
#4203=CARTESIAN_POINT('',(1.508636227036E-1,-3.457883831717E-3,
4.724357292615E-2));
#4204=CARTESIAN_POINT('',(1.498787436263E-1,8.222523217105E-3,
4.665085481925E-2));
#4205=CARTESIAN_POINT('',(1.488938645489E-1,1.940170599344E-2,
4.321441828795E-2));
#4206=CARTESIAN_POINT('',(1.479089854715E-1,2.939820971681E-2,
3.714373983417E-2));
#4207=CARTESIAN_POINT('',(1.469241063941E-1,3.760267273825E-2,
2.880887270204E-2));
#4208=CARTESIAN_POINT('',(1.459392273167E-1,4.351497168924E-2,
1.871788936570E-2));
#4209=CARTESIAN_POINT('',(1.449543482393E-1,4.677470774062E-2,
7.485910712950E-3));
#4210=CARTESIAN_POINT('',(1.439694691620E-1,4.718317560595E-2,
-4.202390172267E-3));
#4211=CARTESIAN_POINT('',(1.429845900846E-1,4.471547611462E-2,
-1.563452395389E-2));
#4212=CARTESIAN_POINT('',(1.419997110072E-1,3.952203400239E-2,
-2.611361659625E-2));
#4213=CARTESIAN_POINT('',(1.410148319298E-1,3.191942839900E-2,
-3.500088904733E-2));
#4214=CARTESIAN_POINT('',(1.400299528524E-1,2.237109496305E-2,
-4.175459559828E-2));
#4215=CARTESIAN_POINT('',(1.390450737751E-1,1.145907601338E-2,
-4.596304733524E-2));
#4216=CARTESIAN_POINT('',(1.380601946977E-1,-1.514593024373E-4,
-4.736970765692E-2));
#4217=CARTESIAN_POINT('',(1.370753156203E-1,-1.175276204126E-2,
-4.588883009866E-2));
#4218=CARTESIAN_POINT('',(1.360904365429E-1,-2.263764605456E-2,
-4.161068522063E-2));
#4219=CARTESIAN_POINT('',(1.351055574655E-1,-3.214259627202E-2,
-3.479605794219E-2));
#4220=CARTESIAN_POINT('',(1.341206783882E-1,-3.968821490636E-2,
-2.586035075107E-2));
#4221=CARTESIAN_POINT('',(1.331357993108E-1,-4.481454008087E-2,
-1.534826181568E-2));
#4222=CARTESIAN_POINT('',(1.321509202334E-1,-4.720908394500E-2,
-3.900581558803E-3));
#4223=CARTESIAN_POINT('',(1.311660411560E-1,-4.672588114544E-2,
7.784868309854E-3));
#4224=CARTESIAN_POINT('',(1.301811620786E-1,-4.339438650602E-2,
1.899577224552E-2));
#4225=CARTESIAN_POINT('',(1.291962830012E-1,-3.741767953515E-2,
2.904874182390E-2));
#4226=CARTESIAN_POINT('',(1.282114039239E-1,-2.916008521431E-2,
3.733097338727E-2));
#4227=CARTESIAN_POINT('',(1.272265248465E-1,-1.912496565493E-2,
4.333760296572E-2));
#4228=CARTESIAN_POINT('',(1.262416457691E-1,-7.924036456288E-3,
4.670248167474E-2));
#4229=CARTESIAN_POINT('',(1.252567666917E-1,3.759922092547E-3,
4.722049461698E-2));
#4230=CARTESIAN_POINT('',(1.242718876143E-1,1.521468498588E-2,
4.486006644758E-2));
#4231=CARTESIAN_POINT('',(1.232870085370E-1,2.574200014601E-2,
3.976507762364E-2));
#4232=CARTESIAN_POINT('',(1.223021294596E-1,3.470014387929E-2,
3.224612555151E-2));
#4233=CARTESIAN_POINT('',(1.213172503822E-1,4.154306944511E-2,
2.276147290825E-2));
#4234=CARTESIAN_POINT('',(1.206606643306E-1,4.441674186229E-2,
1.551352773257E-2));
#4235=CARTESIAN_POINT('',(1.203323713048E-1,4.538775997021E-2,
1.176862738197E-2));
#4236=CARTESIAN_POINT('',(1.806562989107E-1,-4.775585210345E-2,
-1.948948741873E-2));
#4237=CARTESIAN_POINT('',(1.803280058849E-1,-4.936391093507E-2,
-1.554919806752E-2));
#4238=CARTESIAN_POINT('',(1.796714198333E-1,-5.159959319365E-2,
-7.268831530702E-3));
#4239=CARTESIAN_POINT('',(1.786865407559E-1,-5.180782866448E-2,
5.595036069875E-3));
#4240=CARTESIAN_POINT('',(1.777016616786E-1,-4.885796464474E-2,
1.811778325026E-2));
#4241=CARTESIAN_POINT('',(1.767167826012E-1,-4.292984903881E-2,
2.953613245047E-2));
#4242=CARTESIAN_POINT('',(1.757319035238E-1,-3.438483634260E-2,
3.915402913747E-2));
#4243=CARTESIAN_POINT('',(1.747470244464E-1,-2.374381124503E-2,
4.638519615764E-2));
#4244=CARTESIAN_POINT('',(1.737621453690E-1,-1.165542318349E-2,
5.078883832010E-2));
#4245=CARTESIAN_POINT('',(1.727772662917E-1,1.143450037906E-3,
5.209652110722E-2));
#4246=CARTESIAN_POINT('',(1.717923872143E-1,1.387262143878E-2,
5.022853136810E-2));
#4247=CARTESIAN_POINT('',(1.708075081369E-1,2.575615283052E-2,
4.529873707358E-2));
#4248=CARTESIAN_POINT('',(1.698226290595E-1,3.606965412102E-2,
3.760764603984E-2));
#4249=CARTESIAN_POINT('',(1.688377499821E-1,4.418444028847E-2,
2.762408777618E-2));
#4250=CARTESIAN_POINT('',(1.678528709047E-1,4.960585443939E-2,
1.595663480842E-2));
#4251=CARTESIAN_POINT('',(1.668679918274E-1,5.200342084359E-2,
3.316505636322E-3));
#4252=CARTESIAN_POINT('',(1.658831127500E-1,5.123098990139E-2,
-9.525789352872E-3));
#4253=CARTESIAN_POINT('',(1.648982336726E-1,4.733564705442E-2,
-2.178741625367E-2));
#4254=CARTESIAN_POINT('',(1.639133545952E-1,4.055484257591E-2,
-3.272093722243E-2));
#4255=CARTESIAN_POINT('',(1.629284755178E-1,3.130191720106E-2,
-4.165987240270E-2));
#4256=CARTESIAN_POINT('',(1.619435964405E-1,2.014090591848E-2,
-4.805932685602E-2));
#4257=CARTESIAN_POINT('',(1.609587173631E-1,7.752155820274E-3,
-5.152920598272E-2));
#4258=CARTESIAN_POINT('',(1.599738382857E-1,-5.109146140497E-3,
-5.185799470464E-2));
#4259=CARTESIAN_POINT('',(1.589889592083E-1,-1.765900744131E-2,
-4.902565089072E-2));
#4260=CARTESIAN_POINT('',(1.580040801309E-1,-2.913242019660E-2,
-4.320482707476E-2));
#4261=CARTESIAN_POINT('',(1.570192010536E-1,-3.882999410861E-2,
-3.475034599247E-2));
#4262=CARTESIAN_POINT('',(1.560343219762E-1,-4.616058953558E-2,
-2.417757148265E-2));
#4263=CARTESIAN_POINT('',(1.550494428988E-1,-5.067735187308E-2,
-1.213099320762E-2));
#4264=CARTESIAN_POINT('',(1.540645638214E-1,-5.210495068336E-2,
6.550598106686E-4));
#4265=CARTESIAN_POINT('',(1.530796847440E-1,-5.035636314434E-2,
1.340118203541E-2));
#4266=CARTESIAN_POINT('',(1.520948056666E-1,-4.553817874127E-2,
2.533040201023E-2));
#4267=CARTESIAN_POINT('',(1.511099265893E-1,-3.794410184058E-2,
3.571554457911E-2));
#4268=CARTESIAN_POINT('',(1.501250475119E-1,-2.803704821270E-2,
4.392355764951E-2));
#4269=CARTESIAN_POINT('',(1.491401684345E-1,-1.642092685440E-2,
4.945410145088E-2));
#4270=CARTESIAN_POINT('',(1.481552893571E-1,-3.803827219872E-3,
5.197004798490E-2));
#4271=CARTESIAN_POINT('',(1.471704102797E-1,9.045144126120E-3,
5.131803149780E-2));
#4272=CARTESIAN_POINT('',(1.461855312024E-1,2.134274630423E-2,
4.753779726980E-2));
#4273=CARTESIAN_POINT('',(1.452006521250E-1,3.233934850865E-2,
4.085977884310E-2));
#4274=CARTESIAN_POINT('',(1.442157730476E-1,4.136462560996E-2,
3.169105137447E-2));
#4275=CARTESIAN_POINT('',(1.432308939702E-1,4.786841948399E-2,
2.059051736057E-2));
#4276=CARTESIAN_POINT('',(1.422460148928E-1,5.145427526320E-2,
8.234837351755E-3));
#4277=CARTESIAN_POINT('',(1.412611358155E-1,5.190360822528E-2,
-4.622817568125E-3));
#4278=CARTESIAN_POINT('',(1.402762567381E-1,4.918902816637E-2,
-1.719867719096E-2));
#4279=CARTESIAN_POINT('',(1.392913776607E-1,4.347600903885E-2,
-2.872614883908E-2));
#4280=CARTESIAN_POINT('',(1.383064985833E-1,3.511280207658E-2,
-3.850254692098E-2));
#4281=CARTESIAN_POINT('',(1.373216195059E-1,2.460920727825E-2,
-4.593192687236E-2));
#4282=CARTESIAN_POINT('',(1.363367404285E-1,1.260549728550E-2,
-5.056141243336E-2));
#4283=CARTESIAN_POINT('',(1.353518613512E-1,-1.666120220786E-4,
-5.210880184292E-2));
#4284=CARTESIAN_POINT('',(1.343669822738E-1,-1.292856508110E-2,
-5.047977014622E-2));
#4285=CARTESIAN_POINT('',(1.333821031964E-1,-2.490242542747E-2,
-4.577361900593E-2));
#4286=CARTESIAN_POINT('',(1.323972241190E-1,-3.535829674075E-2,
-3.827722352345E-2));
#4287=CARTESIAN_POINT('',(1.314123450416E-1,-4.365881548254E-2,
-2.844754505634E-2));
#4288=CARTESIAN_POINT('',(1.304274659643E-1,-4.929800296993E-2,
-1.688377600679E-2));
#4289=CARTESIAN_POINT('',(1.294425868869E-1,-5.193210855960E-2,
-4.290814564276E-3));
#4290=CARTESIAN_POINT('',(1.284577078095E-1,-5.140056381978E-2,
8.563704109587E-3));
#4291=CARTESIAN_POINT('',(1.274728287321E-1,-4.773577037703E-2,
2.089620098491E-2));
#4292=CARTESIAN_POINT('',(1.264879496547E-1,-4.116112479395E-2,
3.195491816102E-2));
#4293=CARTESIAN_POINT('',(1.255030705773E-1,-3.207740088160E-2,
4.106574414455E-2));
#4294=CARTESIAN_POINT('',(1.245181915E-1,-2.103831952655E-2,4.767330593729E-2));
#4295=CARTESIAN_POINT('',(1.235333124226E-1,-8.716795309090E-3,
5.137482335309E-2));
#4296=CARTESIAN_POINT('',(1.225484333452E-1,4.136082846118E-3,
5.194466081029E-2));
#4297=CARTESIAN_POINT('',(1.215635542678E-1,1.673683550623E-2,
4.934808401411E-2));
#4298=CARTESIAN_POINT('',(1.205786751904E-1,2.831735408553E-2,
4.374336791703E-2));
#4299=CARTESIAN_POINT('',(1.195937961131E-1,3.817171375477E-2,
3.547218358904E-2));
#4300=CARTESIAN_POINT('',(1.186089170357E-1,4.569923862188E-2,
2.503864051726E-2));
#4301=CARTESIAN_POINT('',(1.179523309841E-1,4.886040709758E-2,
1.706557592367E-2));
#4302=CARTESIAN_POINT('',(1.176240379583E-1,4.992857054368E-2,
1.294601766707E-2));
#4303=CARTESIAN_POINT('',(1.779479655642E-1,-5.209906232987E-2,
-2.126198099463E-2));
#4304=CARTESIAN_POINT('',(1.776196725384E-1,-5.385336789890E-2,
-1.696333755169E-2));
#4305=CARTESIAN_POINT('',(1.769630864868E-1,-5.629237682052E-2,
-7.929903672603E-3));
#4306=CARTESIAN_POINT('',(1.759782074094E-1,-5.651955050282E-2,
6.103882981941E-3));
#4307=CARTESIAN_POINT('',(1.749933283320E-1,-5.330140774838E-2,
1.976552563212E-2));
#4308=CARTESIAN_POINT('',(1.740084492547E-1,-4.683415293356E-2,
3.222232957308E-2));
#4309=CARTESIAN_POINT('',(1.730235701773E-1,-3.751200434944E-2,
4.271493680147E-2));
#4310=CARTESIAN_POINT('',(1.720386910999E-1,-2.590321913478E-2,
5.060375052184E-2));
#4311=CARTESIAN_POINT('',(1.710538120225E-1,-1.271543888699E-2,
5.540788692388E-2));
#4312=CARTESIAN_POINT('',(1.700689329451E-1,1.247442400712E-3,
5.683449840777E-2));
#4313=CARTESIAN_POINT('',(1.690840538678E-1,1.513428275664E-2,
5.479662221954E-2));
#4314=CARTESIAN_POINT('',(1.680991747904E-1,2.809857541204E-2,
4.941848218201E-2));
#4315=CARTESIAN_POINT('',(1.671142957130E-1,3.935004979489E-2,
4.102791613613E-2));
#4316=CARTESIAN_POINT('',(1.661294166356E-1,4.820284440980E-2,
3.013639182355E-2));
#4317=CARTESIAN_POINT('',(1.651445375582E-1,5.411731523011E-2,
1.740782908989E-2));
#4318=CARTESIAN_POINT('',(1.641596584808E-1,5.673293103488E-2,
3.618129009401E-3));
#4319=CARTESIAN_POINT('',(1.631747794035E-1,5.589025048306E-2,
-1.039212308811E-2));
#4320=CARTESIAN_POINT('',(1.621899003261E-1,5.164064125526E-2,
-2.376889757821E-2));
#4321=CARTESIAN_POINT('',(1.612050212487E-1,4.424314880958E-2,
-3.569678003338E-2));
#4322=CARTESIAN_POINT('',(1.602201421713E-1,3.414870562397E-2,
-4.544867682942E-2));
#4323=CARTESIAN_POINT('',(1.592352630939E-1,2.197264348994E-2,
-5.243013693861E-2));
#4324=CARTESIAN_POINT('',(1.582503840166E-1,8.457184438809E-3,
-5.621558816472E-2));
#4325=CARTESIAN_POINT('',(1.572655049392E-1,-5.573803240901E-3,
-5.657427895050E-2));
#4326=CARTESIAN_POINT('',(1.562806258618E-1,-1.926502593599E-2,
-5.348434441052E-2));
#4327=CARTESIAN_POINT('',(1.552957467844E-1,-3.178190124961E-2,
-4.713413915940E-2));
#4328=CARTESIAN_POINT('',(1.543108677070E-1,-4.236143203876E-2,
-3.791075568969E-2));
#4329=CARTESIAN_POINT('',(1.533259886297E-1,-5.035871679535E-2,
-2.637642819001E-2));
#4330=CARTESIAN_POINT('',(1.523411095523E-1,-5.528626121526E-2,
-1.323426016728E-2));
#4331=CARTESIAN_POINT('',(1.513562304749E-1,-5.684369462129E-2,
7.146349693833E-4));
#4332=CARTESIAN_POINT('',(1.503713513975E-1,-5.493607980191E-2,
1.461996776111E-2));
#4333=CARTESIAN_POINT('',(1.493864723201E-1,-4.967970014421E-2,
2.763410419969E-2));
#4334=CARTESIAN_POINT('',(1.484015932427E-1,-4.139497129193E-2,
3.896373535838E-2));
#4335=CARTESIAN_POINT('',(1.474167141654E-1,-3.058690941615E-2,
4.791823550284E-2));
#4336=CARTESIAN_POINT('',(1.464318350880E-1,-1.791434670349E-2,
5.395176089364E-2));
#4337=CARTESIAN_POINT('',(1.454469560106E-1,-4.149770608027E-3,
5.669652304364E-2));
#4338=CARTESIAN_POINT('',(1.444620769332E-1,9.867765035134E-3,
5.598520817635E-2));
#4339=CARTESIAN_POINT('',(1.434771978558E-1,2.328378661501E-2,
5.186117625164E-2));
#4340=CARTESIAN_POINT('',(1.424923187785E-1,3.528048730049E-2,
4.457581785203E-2));
#4341=CARTESIAN_POINT('',(1.415074397011E-1,4.512657848167E-2,
3.457323004689E-2));
#4342=CARTESIAN_POINT('',(1.405225606237E-1,5.222186727873E-2,
2.246314535544E-2));
#4343=CARTESIAN_POINT('',(1.395376815463E-1,5.613384278579E-2,
8.983763990561E-3));
#4344=CARTESIAN_POINT('',(1.385528024689E-1,5.662404084460E-2,
-5.043244963982E-3));
#4345=CARTESIAN_POINT('',(1.375679233916E-1,5.366258021812E-2,
-1.876283042804E-2));
#4346=CARTESIAN_POINT('',(1.365830443142E-1,4.742998407531E-2,
-3.133868108190E-2));
#4347=CARTESIAN_POINT('',(1.355981652368E-1,3.830617575416E-2,
-4.200420479462E-2));
#4348=CARTESIAN_POINT('',(1.346132861594E-1,2.684731959344E-2,
-5.010925814643E-2));
#4349=CARTESIAN_POINT('',(1.336284070820E-1,1.375191855762E-2,
-5.515977753148E-2));
#4350=CARTESIAN_POINT('',(1.326435280046E-1,-1.817647417195E-4,
-5.684789602893E-2));
#4351=CARTESIAN_POINT('',(1.316586489273E-1,-1.410436812094E-2,
-5.507071019377E-2));
#4352=CARTESIAN_POINT('',(1.306737698499E-1,-2.716720480038E-2,
-4.993655279123E-2));
#4353=CARTESIAN_POINT('',(1.296888907725E-1,-3.857399720947E-2,
-4.175838910472E-2));
#4354=CARTESIAN_POINT('',(1.287040116951E-1,-4.762941605871E-2,
-3.103473936162E-2));
#4355=CARTESIAN_POINT('',(1.277191326177E-1,-5.378146585900E-2,
-1.841929019790E-2));
#4356=CARTESIAN_POINT('',(1.267342535404E-1,-5.665513317421E-2,
-4.681047569749E-3));
#4357=CARTESIAN_POINT('',(1.257493744630E-1,-5.607524649412E-2,
9.342539909319E-3));
#4358=CARTESIAN_POINT('',(1.247644953856E-1,-5.207715424803E-2,
2.279662972429E-2));
#4359=CARTESIAN_POINT('',(1.237796163082E-1,-4.490457005274E-2,
3.486109449813E-2));
#4360=CARTESIAN_POINT('',(1.227947372308E-1,-3.499471654890E-2,
4.480051490182E-2));
#4361=CARTESIAN_POINT('',(1.218098581534E-1,-2.295167339817E-2,
5.200900890886E-2));
#4362=CARTESIAN_POINT('',(1.208249790761E-1,-9.509554161892E-3,
5.604716503145E-2));
#4363=CARTESIAN_POINT('',(1.198400999987E-1,4.512243599688E-3,
5.666882700359E-2));
#4364=CARTESIAN_POINT('',(1.188552209213E-1,1.825898602657E-2,
5.383610158064E-2));
#4365=CARTESIAN_POINT('',(1.178703418439E-1,3.089270802505E-2,
4.772165821042E-2));
#4366=CARTESIAN_POINT('',(1.168854627665E-1,4.164328363024E-2,
3.869824162658E-2));
#4367=CARTESIAN_POINT('',(1.159005836892E-1,4.985540779865E-2,
2.731580812626E-2));
#4368=CARTESIAN_POINT('',(1.152439976376E-1,5.330407233287E-2,
1.861762411477E-2));
#4369=CARTESIAN_POINT('',(1.149157046118E-1,5.446938111715E-2,
1.412340795217E-2));
#4370=B_SPLINE_SURFACE_WITH_KNOTS('',3,3,((#4102,#4103,#4104,#4105,#4106,#4107,
#4108,#4109,#4110,#4111,#4112,#4113,#4114,#4115,#4116,#4117,#4118,#4119,#4120,
#4121,#4122,#4123,#4124,#4125,#4126,#4127,#4128,#4129,#4130,#4131,#4132,#4133,
#4134,#4135,#4136,#4137,#4138,#4139,#4140,#4141,#4142,#4143,#4144,#4145,#4146,
#4147,#4148,#4149,#4150,#4151,#4152,#4153,#4154,#4155,#4156,#4157,#4158,#4159,
#4160,#4161,#4162,#4163,#4164,#4165,#4166,#4167,#4168),(#4169,#4170,#4171,#4172,
#4173,#4174,#4175,#4176,#4177,#4178,#4179,#4180,#4181,#4182,#4183,#4184,#4185,
#4186,#4187,#4188,#4189,#4190,#4191,#4192,#4193,#4194,#4195,#4196,#4197,#4198,
#4199,#4200,#4201,#4202,#4203,#4204,#4205,#4206,#4207,#4208,#4209,#4210,#4211,
#4212,#4213,#4214,#4215,#4216,#4217,#4218,#4219,#4220,#4221,#4222,#4223,#4224,
#4225,#4226,#4227,#4228,#4229,#4230,#4231,#4232,#4233,#4234,#4235),(#4236,#4237,
#4238,#4239,#4240,#4241,#4242,#4243,#4244,#4245,#4246,#4247,#4248,#4249,#4250,
#4251,#4252,#4253,#4254,#4255,#4256,#4257,#4258,#4259,#4260,#4261,#4262,#4263,
#4264,#4265,#4266,#4267,#4268,#4269,#4270,#4271,#4272,#4273,#4274,#4275,#4276,
#4277,#4278,#4279,#4280,#4281,#4282,#4283,#4284,#4285,#4286,#4287,#4288,#4289,
#4290,#4291,#4292,#4293,#4294,#4295,#4296,#4297,#4298,#4299,#4300,#4301,#4302),(
#4303,#4304,#4305,#4306,#4307,#4308,#4309,#4310,#4311,#4312,#4313,#4314,#4315,
#4316,#4317,#4318,#4319,#4320,#4321,#4322,#4323,#4324,#4325,#4326,#4327,#4328,
#4329,#4330,#4331,#4332,#4333,#4334,#4335,#4336,#4337,#4338,#4339,#4340,#4341,
#4342,#4343,#4344,#4345,#4346,#4347,#4348,#4349,#4350,#4351,#4352,#4353,#4354,
#4355,#4356,#4357,#4358,#4359,#4360,#4361,#4362,#4363,#4364,#4365,#4366,#4367,
#4368,#4369)),.UNSPECIFIED.,.F.,.F.,.F.,(4,4),(4,1,1,1,1,1,1,1,1,1,1,1,1,1,1,1,
1,1,1,1,1,1,1,1,1,1,1,1,1,1,1,1,1,1,1,1,1,1,1,1,1,1,1,1,1,1,1,1,1,1,1,1,1,1,1,1,
1,1,1,1,1,1,1,1,4),(-2.E-2,1.02E0),(-1.390561776577E-2,-2.607303331066E-3,
8.691011103642E-3,1.998932553835E-2,3.128763997306E-2,4.258595440776E-2,
5.388426884247E-2,6.518258327718E-2,7.648089771189E-2,8.777921214659E-2,
9.907752658130E-2,1.103758410160E-1,1.216741554507E-1,1.329724698854E-1,
1.442707843201E-1,1.555690987548E-1,1.668674131895E-1,1.781657276243E-1,
1.894640420590E-1,2.007623564937E-1,2.120606709284E-1,2.233589853631E-1,
2.346572997978E-1,2.459556142325E-1,2.572539286672E-1,2.685522431019E-1,
2.798505575366E-1,2.911488719713E-1,3.024471864060E-1,3.137455008407E-1,
3.250438152755E-1,3.363421297102E-1,3.476404441449E-1,3.589387585796E-1,
3.702370730143E-1,3.815353874490E-1,3.928337018837E-1,4.041320163184E-1,
4.154303307531E-1,4.267286451878E-1,4.380269596225E-1,4.493252740572E-1,
4.606235884919E-1,4.719219029266E-1,4.832202173614E-1,4.945185317961E-1,
5.058168462308E-1,5.171151606655E-1,5.284134751002E-1,5.397117895349E-1,
5.510101039696E-1,5.623084184043E-1,5.736067328390E-1,5.849050472737E-1,
5.962033617084E-1,6.075016761431E-1,6.187999905778E-1,6.300983050126E-1,
6.413966194473E-1,6.526949338820E-1,6.639932483167E-1,6.752915627514E-1,
6.865898771861E-1,6.978881916208E-1,7.091865060555E-1),.UNSPECIFIED.);
#4371=ORIENTED_EDGE('',*,*,#3790,.T.);
#4373=ORIENTED_EDGE('',*,*,#4372,.F.);
#4375=ORIENTED_EDGE('',*,*,#4374,.T.);
#4377=ORIENTED_EDGE('',*,*,#4376,.T.);
#4379=ORIENTED_EDGE('',*,*,#4378,.T.);
#4381=ORIENTED_EDGE('',*,*,#4380,.T.);
#4383=ORIENTED_EDGE('',*,*,#4382,.F.);
#4384=ORIENTED_EDGE('',*,*,#4095,.T.);
#4385=EDGE_LOOP('',(#4371,#4373,#4375,#4377,#4379,#4381,#4383,#4384));
#4386=FACE_OUTER_BOUND('',#4385,.F.);
#4388=CARTESIAN_POINT('',(1.923645064660E-1,-3.891756295208E-2,
-1.732778892199E-2));
#4389=CARTESIAN_POINT('',(1.920023592735E-1,-4.049469527050E-2,
-1.378560898420E-2));
#4390=CARTESIAN_POINT('',(1.912780648886E-1,-4.267556423745E-2,
-6.268309202015E-3));
#4391=CARTESIAN_POINT('',(1.901916233112E-1,-4.278493097891E-2,
5.472398181636E-3));
#4392=CARTESIAN_POINT('',(1.891051817338E-1,-3.972408605821E-2,
1.680754356661E-2));
#4393=CARTESIAN_POINT('',(1.880187401565E-1,-3.371987055425E-2,
2.689734559418E-2));
#4394=CARTESIAN_POINT('',(1.869322985791E-1,-2.521715815904E-2,
3.499416662224E-2));
#4395=CARTESIAN_POINT('',(1.858458570017E-1,-1.484596580890E-2,
4.049807518238E-2));
#4396=CARTESIAN_POINT('',(1.847594154243E-1,-3.374752417524E-3,
4.300125384270E-2));
#4397=CARTESIAN_POINT('',(1.836729738469E-1,8.346515254150E-3,
4.231822859142E-2));
#4398=CARTESIAN_POINT('',(1.825865322696E-1,1.944934282151E-2,
3.849960845699E-2));
#4399=CARTESIAN_POINT('',(1.815000906922E-1,2.911105951470E-2,
3.182833645601E-2));
#4400=CARTESIAN_POINT('',(1.804136491148E-1,3.661577457104E-2,
2.279872452951E-2));
#4401=CARTESIAN_POINT('',(1.793272075374E-1,4.140742156859E-2,
1.207982726084E-2));
#4402=CARTESIAN_POINT('',(1.782407659600E-1,4.313096051278E-2,
4.658678534248E-4));
#4403=CARTESIAN_POINT('',(1.771543243827E-1,4.165868473850E-2,
-1.118261031554E-2));
#4404=CARTESIAN_POINT('',(1.760678828053E-1,3.709968341360E-2,
-2.200250618047E-2));
#4405=CARTESIAN_POINT('',(1.749814412279E-1,2.979175851054E-2,
-3.119211298488E-2));
#4406=CARTESIAN_POINT('',(1.738949996505E-1,2.027639516408E-2,
-3.807052123049E-2));
#4407=CARTESIAN_POINT('',(1.728085580731E-1,9.258640001360E-3,
-4.212807108018E-2));
#4408=CARTESIAN_POINT('',(1.717221164957E-1,-2.445139716281E-3,
-4.306411591313E-2));
#4409=CARTESIAN_POINT('',(1.706356749184E-1,-1.396774532138E-2,
-4.080929891885E-2));
#4410=CARTESIAN_POINT('',(1.695492333410E-1,-2.445540235240E-2,
-3.553069213220E-2));
#4411=CARTESIAN_POINT('',(1.684627917636E-1,-3.313102149106E-2,
-2.761941712945E-2));
#4412=CARTESIAN_POINT('',(1.673763501862E-1,-3.935177746740E-2,
-1.766166463749E-2));
#4413=CARTESIAN_POINT('',(1.662899086088E-1,-4.265673958867E-2,
-6.395260375915E-3));
#4414=CARTESIAN_POINT('',(1.652034670315E-1,-4.280102467893E-2,
5.345004587917E-3));
#4415=CARTESIAN_POINT('',(1.641170254541E-1,-3.977394184678E-2,
1.668922819007E-2));
#4416=CARTESIAN_POINT('',(1.630305838767E-1,-3.379978463343E-2,
2.679685329186E-2));
#4417=CARTESIAN_POINT('',(1.619441422993E-1,-2.532121184650E-2,
3.491894927165E-2));
#4418=CARTESIAN_POINT('',(1.608577007219E-1,-1.496644848682E-2,
4.045370449418E-2));
#4419=CARTESIAN_POINT('',(1.597712591446E-1,-3.502737035379E-3,
4.299101790924E-2));
#4420=CARTESIAN_POINT('',(1.586848175672E-1,8.220511844385E-3,
4.234288573807E-2));
#4421=CARTESIAN_POINT('',(1.575983759898E-1,1.933465690562E-2,
3.855733172762E-2));
#4422=CARTESIAN_POINT('',(1.565119344124E-1,2.901618881888E-2,
3.191484880174E-2));
#4423=CARTESIAN_POINT('',(1.554254928350E-1,3.654774859618E-2,
2.290761576772E-2));
#4424=CARTESIAN_POINT('',(1.543390512576E-1,4.137128074088E-2,
1.220302902851E-2));
#4425=CARTESIAN_POINT('',(1.532526096803E-1,4.312938270873E-2,
5.942514408932E-4));
#4426=CARTESIAN_POINT('',(1.521661681029E-1,4.169178686650E-2,
-1.105855756821E-2));
#4427=CARTESIAN_POINT('',(1.510797265255E-1,3.716501275137E-2,
-2.189197603694E-2));
#4428=CARTESIAN_POINT('',(1.499932849481E-1,2.988447444110E-2,
-3.110329524327E-2));
#4429=CARTESIAN_POINT('',(1.489068433707E-1,2.038962784427E-2,
-3.800999689534E-2));
#4430=CARTESIAN_POINT('',(1.478204017934E-1,9.383999386940E-3,
-4.210032473886E-2));
#4431=CARTESIAN_POINT('',(1.467339602160E-1,-2.316942205127E-3,
-4.307120344766E-2));
#4432=CARTESIAN_POINT('',(1.456475186386E-1,-1.384620855711E-2,
-4.085069517406E-2));
#4433=CARTESIAN_POINT('',(1.445610770612E-1,-2.434953167540E-2,
-3.560332982742E-2));
#4434=CARTESIAN_POINT('',(1.434746354838E-1,-3.304866145344E-2,
-2.771791413052E-2));
#4435=CARTESIAN_POINT('',(1.423881939064E-1,-3.929903058619E-2,
-1.777872274930E-2));
#4436=CARTESIAN_POINT('',(1.413017523291E-1,-4.263751417607E-2,
-6.522206106562E-3));
#4437=CARTESIAN_POINT('',(1.402153107517E-1,-4.281674525357E-2,
5.217577359458E-3));
#4438=CARTESIAN_POINT('',(1.391288691743E-1,-3.982344358314E-2,
1.657076126169E-2));
#4439=CARTESIAN_POINT('',(1.380424275969E-1,-3.387939967027E-2,
2.669612454259E-2));
#4440=CARTESIAN_POINT('',(1.369559860195E-1,-2.542504105932E-2,
3.484342225935E-2));
#4441=CARTESIAN_POINT('',(1.358695444422E-1,-1.508679858699E-2,
4.040897543871E-2));
#4442=CARTESIAN_POINT('',(1.347831028648E-1,-3.630690609273E-3,
4.298040103710E-2));
#4443=CARTESIAN_POINT('',(1.336966612874E-1,8.094435595161E-3,
4.236716771299E-2));
#4444=CARTESIAN_POINT('',(1.326102197100E-1,1.921979967502E-2,
3.861471336139E-2));
#4445=CARTESIAN_POINT('',(1.315237781326E-1,2.892106103181E-2,
3.200107836930E-2));
#4446=CARTESIAN_POINT('',(1.304373365553E-1,3.647939877164E-2,
2.301630402961E-2));
#4447=CARTESIAN_POINT('',(1.293508949779E-1,4.133477342059E-2,
1.232612268905E-2));
#4448=CARTESIAN_POINT('',(1.282644534005E-1,4.312742247713E-2,
7.226296993603E-4));
#4449=CARTESIAN_POINT('',(1.271780118231E-1,4.172452063871E-2,
-1.093440659927E-2));
#4450=CARTESIAN_POINT('',(1.260915702457E-1,3.723000886395E-2,
-2.178125280817E-2));
#4451=CARTESIAN_POINT('',(1.250051286683E-1,2.997694023583E-2,
-3.101419860041E-2));
#4452=CARTESIAN_POINT('',(1.239186870910E-1,2.050262517374E-2,
-3.794914813566E-2));
#4453=CARTESIAN_POINT('',(1.231943927060E-1,1.317386154446E-2,
-4.069782220369E-2));
#4454=CARTESIAN_POINT('',(1.228322455136E-1,9.391843033731E-3,
-4.155264443431E-2));
#4455=CARTESIAN_POINT('',(1.921953864293E-1,-3.862177236196E-2,
-1.719609010732E-2));
#4456=CARTESIAN_POINT('',(1.918332392369E-1,-4.018691778131E-2,
-1.368083229452E-2));
#4457=CARTESIAN_POINT('',(1.911089448519E-1,-4.235121118520E-2,
-6.220667295962E-3));
#4458=CARTESIAN_POINT('',(1.900225032746E-1,-4.245974669133E-2,
5.430805549293E-3));
#4459=CARTESIAN_POINT('',(1.889360616972E-1,-3.942216553785E-2,
1.667979884539E-2));
#4460=CARTESIAN_POINT('',(1.878496201198E-1,-3.346358471173E-2,
2.669291394115E-2));
#4461=CARTESIAN_POINT('',(1.867631785424E-1,-2.502549666928E-2,
3.472819556930E-2));
#4462=CARTESIAN_POINT('',(1.856767369650E-1,-1.473312994112E-2,
4.019027200437E-2));
#4463=CARTESIAN_POINT('',(1.845902953877E-1,-3.349102815304E-3,
4.267442540625E-2));
#4464=CARTESIAN_POINT('',(1.835038538103E-1,8.283078068334E-3,
4.199659144720E-2));
#4465=CARTESIAN_POINT('',(1.824174122329E-1,1.930151926437E-2,
3.820699450480E-2));
#4466=CARTESIAN_POINT('',(1.813309706555E-1,2.888980266253E-2,
3.158642710432E-2));
#4467=CARTESIAN_POINT('',(1.802445290781E-1,3.633747858469E-2,
2.262544419870E-2));
#4468=CARTESIAN_POINT('',(1.791580875008E-1,4.109270695821E-2,
1.198801526227E-2));
#4469=CARTESIAN_POINT('',(1.780716459234E-1,4.280314624860E-2,
4.623270529010E-4));
#4470=CARTESIAN_POINT('',(1.769852043460E-1,4.134206041756E-2,
-1.109761756025E-2));
#4471=CARTESIAN_POINT('',(1.758987627686E-1,3.681770950728E-2,
-2.183527745920E-2));
#4472=CARTESIAN_POINT('',(1.748123211912E-1,2.956532804670E-2,
-3.095503921131E-2));
#4473=CARTESIAN_POINT('',(1.737258796138E-1,2.012228564549E-2,
-3.778116852989E-2));
#4474=CARTESIAN_POINT('',(1.726394380365E-1,9.188270266412E-3,
-4.180787921665E-2));
#4475=CARTESIAN_POINT('',(1.715529964591E-1,-2.426555579333E-3,
-4.273680969730E-2));
#4476=CARTESIAN_POINT('',(1.704665548817E-1,-1.386158431545E-2,
-4.049913030360E-2));
#4477=CARTESIAN_POINT('',(1.693801133043E-1,-2.426953054171E-2,
-3.526064324949E-2));
#4478=CARTESIAN_POINT('',(1.682936717269E-1,-3.287921116032E-2,
-2.740949741526E-2));
#4479=CARTESIAN_POINT('',(1.672072301496E-1,-3.905268665604E-2,
-1.752742822058E-2));
#4480=CARTESIAN_POINT('',(1.661207885722E-1,-4.233252961202E-2,
-6.346653585122E-3));
#4481=CARTESIAN_POINT('',(1.650343469948E-1,-4.247571807216E-2,
5.304380202900E-3));
#4482=CARTESIAN_POINT('',(1.639479054174E-1,-3.947164240051E-2,
1.656238271772E-2));
#4483=CARTESIAN_POINT('',(1.628614638400E-1,-3.354289140876E-2,
2.659318542451E-2));
#4484=CARTESIAN_POINT('',(1.617750222627E-1,-2.512875950296E-2,
3.465354990365E-2));
#4485=CARTESIAN_POINT('',(1.606885806853E-1,-1.485269689772E-2,
4.014623855291E-2));
#4486=CARTESIAN_POINT('',(1.596021391079E-1,-3.476114693789E-3,
4.266426727038E-2));
#4487=CARTESIAN_POINT('',(1.585156975305E-1,8.158032339885E-3,
4.202106118869E-2));
#4488=CARTESIAN_POINT('',(1.574292559531E-1,1.918770501186E-2,
3.826427905319E-2));
#4489=CARTESIAN_POINT('',(1.563428143757E-1,2.879565302571E-2,
3.167228191819E-2));
#4490=CARTESIAN_POINT('',(1.552563727984E-1,3.626996963715E-2,
2.273350781562E-2));
#4491=CARTESIAN_POINT('',(1.541699312210E-1,4.105684081668E-2,
1.211028064234E-2));
#4492=CARTESIAN_POINT('',(1.530834896436E-1,4.280158043656E-2,
5.897348686555E-4));
#4493=CARTESIAN_POINT('',(1.519970480662E-1,4.137491095483E-2,
-1.097450766834E-2));
#4494=CARTESIAN_POINT('',(1.509106064888E-1,3.688254231335E-2,
-2.172558739336E-2));
#4495=CARTESIAN_POINT('',(1.498241649115E-1,2.965733929543E-2,
-3.086689652359E-2));
#4496=CARTESIAN_POINT('',(1.487377233341E-1,2.023465770752E-2,
-3.772110420629E-2));
#4497=CARTESIAN_POINT('',(1.476512817567E-1,9.312676865542E-3,
-4.178034375972E-2));
#4498=CARTESIAN_POINT('',(1.465648401793E-1,-2.299332425630E-3,
-4.274384336345E-2));
#4499=CARTESIAN_POINT('',(1.454783986019E-1,-1.374097128403E-2,
-4.054021192907E-2));
#4500=CARTESIAN_POINT('',(1.443919570245E-1,-2.416446452840E-2,
-3.533272886628E-2));
#4501=CARTESIAN_POINT('',(1.433055154472E-1,-3.279747709521E-2,
-2.750724579582E-2));
#4502=CARTESIAN_POINT('',(1.422190738698E-1,-3.900034067432E-2,
-1.764359663927E-2));
#4503=CARTESIAN_POINT('',(1.411326322924E-1,-4.231345032102E-2,
-6.472634472399E-3));
#4504=CARTESIAN_POINT('',(1.400461907150E-1,-4.249131916352E-2,
5.177921477406E-3));
#4505=CARTESIAN_POINT('',(1.389597491376E-1,-3.952076790191E-2,
1.644481619009E-2));
#4506=CARTESIAN_POINT('',(1.378733075603E-1,-3.362190133632E-2,
2.649322225803E-2));
#4507=CARTESIAN_POINT('',(1.367868659829E-1,-2.523179956812E-2,
3.457859692985E-2));
#4508=CARTESIAN_POINT('',(1.357004244055E-1,-1.497213228420E-2,
4.010184945793E-2));
#4509=CARTESIAN_POINT('',(1.346139828281E-1,-3.603095764262E-3,
4.265373109113E-2));
#4510=CARTESIAN_POINT('',(1.335275412507E-1,8.032914325590E-3,
4.204515860992E-2));
#4511=CARTESIAN_POINT('',(1.324410996734E-1,1.907372074673E-2,
3.832122456131E-2));
#4512=CARTESIAN_POINT('',(1.313546580960E-1,2.870124825164E-2,
3.175785610311E-2));
#4513=CARTESIAN_POINT('',(1.302682165186E-1,3.620213930133E-2,
2.284136999893E-2));
#4514=CARTESIAN_POINT('',(1.291817749412E-1,4.102061096808E-2,
1.223243873693E-2));
#4515=CARTESIAN_POINT('',(1.280953333638E-1,4.279963510357E-2,
7.171373959116E-4));
#4516=CARTESIAN_POINT('',(1.270088917864E-1,4.140739593597E-2,
-1.085130030136E-2));
#4517=CARTESIAN_POINT('',(1.259224502091E-1,3.694704442690E-2,
-2.161570570981E-2));
#4518=CARTESIAN_POINT('',(1.248360086317E-1,2.974910230946E-2,
-3.077847705440E-2));
#4519=CARTESIAN_POINT('',(1.237495670543E-1,2.034679620760E-2,
-3.766071792394E-2));
#4520=CARTESIAN_POINT('',(1.230252726694E-1,1.307373440430E-2,
-4.038850086049E-2));
#4521=CARTESIAN_POINT('',(1.226631254769E-1,9.320460897169E-3,
-4.123682606630E-2));
#4522=CARTESIAN_POINT('',(1.917878984482E-1,-3.811532481106E-2,
-1.697059766647E-2));
#4523=CARTESIAN_POINT('',(1.914257512557E-1,-3.965994646840E-2,
-1.350143545211E-2));
#4524=CARTESIAN_POINT('',(1.907014568708E-1,-4.179585947888E-2,
-6.139095645457E-3));
#4525=CARTESIAN_POINT('',(1.896150152934E-1,-4.190297175822E-2,
5.359591360984E-3));
#4526=CARTESIAN_POINT('',(1.885285737160E-1,-3.890522242606E-2,
1.646107653520E-2));
#4527=CARTESIAN_POINT('',(1.874421321386E-1,-3.302477650887E-2,
2.634288958792E-2));
#4528=CARTESIAN_POINT('',(1.863556905613E-1,-2.469733716952E-2,
3.427280451608E-2));
#4529=CARTESIAN_POINT('',(1.852692489839E-1,-1.453993431287E-2,
3.966325670752E-2));
#4530=CARTESIAN_POINT('',(1.841828074065E-1,-3.305186008416E-3,
4.211483538976E-2));
#4531=CARTESIAN_POINT('',(1.830963658291E-1,8.174462012026E-3,
4.144588987180E-2));
#4532=CARTESIAN_POINT('',(1.820099242517E-1,1.904841831736E-2,
3.770598593863E-2));
#4533=CARTESIAN_POINT('',(1.809234826744E-1,2.851097049327E-2,
3.117223408131E-2));
#4534=CARTESIAN_POINT('',(1.798370410970E-1,3.586098499288E-2,
2.232875660252E-2));
#4535=CARTESIAN_POINT('',(1.787505995196E-1,4.055385802597E-2,
1.183081634057E-2));
#4536=CARTESIAN_POINT('',(1.776641579422E-1,4.224186831487E-2,
4.562645552647E-4));
#4537=CARTESIAN_POINT('',(1.765777163648E-1,4.079994171178E-2,
-1.095209442937E-2));
#4538=CARTESIAN_POINT('',(1.754912747875E-1,3.633491864427E-2,
-2.154895132459E-2));
#4539=CARTESIAN_POINT('',(1.744048332101E-1,2.917763770871E-2,
-3.054912558183E-2));
#4540=CARTESIAN_POINT('',(1.733183916327E-1,1.985842198362E-2,
-3.728574382248E-2));
#4541=CARTESIAN_POINT('',(1.722319500553E-1,9.067784418953E-3,
-4.125965222595E-2));
#4542=CARTESIAN_POINT('',(1.711455084779E-1,-2.394736140319E-3,
-4.217640163519E-2));
#4543=CARTESIAN_POINT('',(1.700590669005E-1,-1.367981727063E-2,
-3.996806494587E-2));
#4544=CARTESIAN_POINT('',(1.689726253232E-1,-2.395128403067E-2,
-3.479827020639E-2));
#4545=CARTESIAN_POINT('',(1.678861837458E-1,-3.244806585162E-2,
-2.705007649830E-2));
#4546=CARTESIAN_POINT('',(1.667997421684E-1,-3.854058852322E-2,
-1.729759094090E-2));
#4547=CARTESIAN_POINT('',(1.657133005910E-1,-4.177742287730E-2,
-6.263429875592E-3));
#4548=CARTESIAN_POINT('',(1.646268590136E-1,-4.191873370623E-2,
5.234823830976E-3));
#4549=CARTESIAN_POINT('',(1.635404174363E-1,-3.895405049830E-2,
1.634520008597E-2));
#4550=CARTESIAN_POINT('',(1.624539758589E-1,-3.310304325667E-2,
2.624446881196E-2));
#4551=CARTESIAN_POINT('',(1.613675342815E-1,-2.479924591700E-2,
3.419913767953E-2));
#4552=CARTESIAN_POINT('',(1.602810927041E-1,-1.465793338719E-2,
3.961980066699E-2));
#4553=CARTESIAN_POINT('',(1.591946511267E-1,-3.430532379317E-3,
4.210481045759E-2));
#4554=CARTESIAN_POINT('',(1.581082095494E-1,8.051056009024E-3,
4.147003874142E-2));
#4555=CARTESIAN_POINT('',(1.570217679720E-1,1.893609651188E-2,
3.776251931436E-2));
#4556=CARTESIAN_POINT('',(1.559353263946E-1,2.841805544126E-2,
3.125696308045E-2));
#4557=CARTESIAN_POINT('',(1.548488848172E-1,3.579436129060E-2,
2.243540318053E-2));
#4558=CARTESIAN_POINT('',(1.537624432398E-1,4.051846219738E-2,
1.195147845391E-2));
#4559=CARTESIAN_POINT('',(1.526760016624E-1,4.224032303533E-2,
5.820016715069E-4));
#4560=CARTESIAN_POINT('',(1.515895600851E-1,4.083236147975E-2,
-1.083059887827E-2));
#4561=CARTESIAN_POINT('',(1.505031185077E-1,3.639890129733E-2,
-2.144069962529E-2));
#4562=CARTESIAN_POINT('',(1.494166769303E-1,2.926844241334E-2,
-3.046213870975E-2));
#4563=CARTESIAN_POINT('',(1.483302353529E-1,1.996932051007E-2,
-3.722646712275E-2));
#4564=CARTESIAN_POINT('',(1.472437937755E-1,9.190559673544E-3,
-4.123247784165E-2));
#4565=CARTESIAN_POINT('',(1.461573521982E-1,-2.269181264654E-3,
-4.218334306884E-2));
#4566=CARTESIAN_POINT('',(1.450709106208E-1,-1.356078583867E-2,
-4.000860786772E-2));
#4567=CARTESIAN_POINT('',(1.439844690434E-1,-2.384759574868E-2,
-3.486941056403E-2));
#4568=CARTESIAN_POINT('',(1.428980274660E-1,-3.236740356583E-2,
-2.714654310371E-2));
#4569=CARTESIAN_POINT('',(1.418115858886E-1,-3.848892895470E-2,
-1.741223604237E-2));
#4570=CARTESIAN_POINT('',(1.407251443112E-1,-4.175859377316E-2,
-6.387758774680E-3));
#4571=CARTESIAN_POINT('',(1.396387027339E-1,-4.193413022038E-2,
5.110023359568E-3));
#4572=CARTESIAN_POINT('',(1.385522611565E-1,-3.900253181668E-2,
1.622917520898E-2));
#4573=CARTESIAN_POINT('',(1.374658195791E-1,-3.318101712653E-2,
2.614581646313E-2));
#4574=CARTESIAN_POINT('',(1.363793780017E-1,-2.490093481711E-2,
3.412516756456E-2));
#4575=CARTESIAN_POINT('',(1.352929364243E-1,-1.477580261668E-2,
3.957599364650E-2));
#4576=CARTESIAN_POINT('',(1.342064948470E-1,-3.555848346190E-3,
4.209441243933E-2));
#4577=CARTESIAN_POINT('',(1.331200532696E-1,7.927578668059E-3,
4.149382017301E-2));
#4578=CARTESIAN_POINT('',(1.320336116922E-1,1.882360692315E-2,
3.781871809567E-2));
#4579=CARTESIAN_POINT('',(1.309471701148E-1,2.832488859760E-2,
3.134141513054E-2));
#4580=CARTESIAN_POINT('',(1.298607285374E-1,3.572742041441E-2,
2.254185096633E-2));
#4581=CARTESIAN_POINT('',(1.287742869601E-1,4.048270743102E-2,
1.207203468862E-2));
#4582=CARTESIAN_POINT('',(1.276878453827E-1,4.223840321151E-2,
7.077335685984E-4));
#4583=CARTESIAN_POINT('',(1.266014038053E-1,4.086442048513E-2,
-1.070900713029E-2));
#4584=CARTESIAN_POINT('',(1.255149622279E-1,3.646255759425E-2,
-2.133225882097E-2));
#4585=CARTESIAN_POINT('',(1.244285206505E-1,2.935900213837E-2,
-3.037487868562E-2));
#4586=CARTESIAN_POINT('',(1.233420790731E-1,2.007998853727E-2,
-3.716687268611E-2));
#4587=CARTESIAN_POINT('',(1.226177846882E-1,1.290229844046E-2,
-3.985888618736E-2));
#4588=CARTESIAN_POINT('',(1.222556374958E-1,9.198241633113E-3,
-4.069608729926E-2));
#4589=CARTESIAN_POINT('',(1.909916625405E-1,-3.755717371254E-2,
-1.672208456112E-2));
#4590=CARTESIAN_POINT('',(1.906295153480E-1,-3.907917632415E-2,
-1.330372387372E-2));
#4591=CARTESIAN_POINT('',(1.899052209631E-1,-4.118381156908E-2,
-6.049196294069E-3));
#4592=CARTESIAN_POINT('',(1.888187793857E-1,-4.128935532351E-2,
5.281106871593E-3));
#4593=CARTESIAN_POINT('',(1.877323378084E-1,-3.833550426826E-2,
1.622002472738E-2));
#4594=CARTESIAN_POINT('',(1.866458962310E-1,-3.254117010178E-2,
2.595713102926E-2));
#4595=CARTESIAN_POINT('',(1.855594546536E-1,-2.433567566093E-2,
3.377092230505E-2));
#4596=CARTESIAN_POINT('',(1.844730130762E-1,-1.432701522194E-2,
3.908243808896E-2));
#4597=CARTESIAN_POINT('',(1.833865714988E-1,-3.256785707209E-3,
4.149811647805E-2));
#4598=CARTESIAN_POINT('',(1.823001299215E-1,8.054757274509E-3,
4.083896682769E-2));
#4599=CARTESIAN_POINT('',(1.812136883441E-1,1.876947813616E-2,
3.715382909418E-2));
#4600=CARTESIAN_POINT('',(1.801272467667E-1,2.809346311062E-2,
3.071575583320E-2));
#4601=CARTESIAN_POINT('',(1.790408051893E-1,3.533584587187E-2,
2.200177998384E-2));
#4602=CARTESIAN_POINT('',(1.779543636119E-1,3.995999766878E-2,
1.165756888250E-2));
#4603=CARTESIAN_POINT('',(1.768679220345E-1,4.162328916539E-2,
4.495831334479E-4));
#4604=CARTESIAN_POINT('',(1.757814804572E-1,4.020247776784E-2,
-1.079171475093E-2));
#4605=CARTESIAN_POINT('',(1.746950388798E-1,3.580283935971E-2,
-2.123339397558E-2));
#4606=CARTESIAN_POINT('',(1.736085973024E-1,2.875036782133E-2,
-3.010177197571E-2));
#4607=CARTESIAN_POINT('',(1.725221557250E-1,1.956762031526E-2,
-3.673974089644E-2));
#4608=CARTESIAN_POINT('',(1.714357141476E-1,8.934998095874E-3,
-4.065545639845E-2));
#4609=CARTESIAN_POINT('',(1.703492725703E-1,-2.359668234850E-3,
-4.155878116308E-2));
#4610=CARTESIAN_POINT('',(1.692628309929E-1,-1.347949351437E-2,
-3.938278279319E-2));
#4611=CARTESIAN_POINT('',(1.681763894155E-1,-2.360054753402E-2,
-3.428869320977E-2));
#4612=CARTESIAN_POINT('',(1.670899478381E-1,-3.197290464836E-2,
-2.665396207483E-2));
#4613=CARTESIAN_POINT('',(1.660035062607E-1,-3.797620997132E-2,
-1.704428942942E-2));
#4614=CARTESIAN_POINT('',(1.649170646834E-1,-4.116564494839E-2,
-6.171709805438E-3));
#4615=CARTESIAN_POINT('',(1.638306231060E-1,-4.130488645757E-2,
5.158166405483E-3));
#4616=CARTESIAN_POINT('',(1.627441815286E-1,-3.838361731466E-2,
1.610584514334E-2));
#4617=CARTESIAN_POINT('',(1.616577399512E-1,-3.261829073128E-2,
2.586015150205E-2));
#4618=CARTESIAN_POINT('',(1.605712983738E-1,-2.443609208269E-2,
3.369833422687E-2));
#4619=CARTESIAN_POINT('',(1.594848567964E-1,-1.444328634790E-2,
3.903961840761E-2));
#4620=CARTESIAN_POINT('',(1.583984152191E-1,-3.380296537813E-3,
4.148823834843E-2));
#4621=CARTESIAN_POINT('',(1.573119736417E-1,7.933158397551E-3,
4.086276206742E-2));
#4622=CARTESIAN_POINT('',(1.562255320643E-1,1.865880114257E-2,
3.720953460958E-2));
#4623=CARTESIAN_POINT('',(1.551390904869E-1,2.800190868293E-2,
3.079924408248E-2));
#4624=CARTESIAN_POINT('',(1.540526489095E-1,3.527019779011E-2,
2.210686485656E-2));
#4625=CARTESIAN_POINT('',(1.529662073322E-1,3.992512016768E-2,
1.177646405062E-2));
#4626=CARTESIAN_POINT('',(1.518797657548E-1,4.162176651453E-2,
5.734789874181E-4));
#4627=CARTESIAN_POINT('',(1.507933241774E-1,4.023442278899E-2,
-1.067199834971E-2));
#4628=CARTESIAN_POINT('',(1.497068826E-1,3.586588506712E-2,-2.112672748657E-2));
#4629=CARTESIAN_POINT('',(1.486204410226E-1,2.883984280502E-2,
-3.001605891721E-2));
#4630=CARTESIAN_POINT('',(1.475339994453E-1,1.967689487196E-2,
-3.668133222958E-2));
#4631=CARTESIAN_POINT('',(1.464475578679E-1,9.055975460939E-3,
-4.062867994890E-2));
#4632=CARTESIAN_POINT('',(1.453611162905E-1,-2.235951952773E-3,
-4.156562094814E-2));
#4633=CARTESIAN_POINT('',(1.442746747131E-1,-1.336220514835E-2,
-3.942273201483E-2));
#4634=CARTESIAN_POINT('',(1.431882331357E-1,-2.349837763679E-2,
-3.435879180614E-2));
#4635=CARTESIAN_POINT('',(1.421017915583E-1,-3.189342356051E-2,
-2.674901604787E-2));
#4636=CARTESIAN_POINT('',(1.410153499810E-1,-3.792530689235E-2,
-1.715725569725E-2));
#4637=CARTESIAN_POINT('',(1.399289084036E-1,-4.114709157285E-2,
-6.294218063827E-3));
#4638=CARTESIAN_POINT('',(1.388424668262E-1,-4.132005750909E-2,
5.035193480359E-3));
#4639=CARTESIAN_POINT('',(1.377560252488E-1,-3.843138868497E-2,
1.599151930507E-2));
#4640=CARTESIAN_POINT('',(1.366695836714E-1,-3.269512277167E-2,
2.576294379306E-2));
#4641=CARTESIAN_POINT('',(1.355831420941E-1,-2.453629187647E-2,
3.362544731141E-2));
#4642=CARTESIAN_POINT('',(1.344967005167E-1,-1.455942953044E-2,
3.899645288596E-2));
#4643=CARTESIAN_POINT('',(1.334102589393E-1,-3.503777409619E-3,
4.147799259610E-2));
#4644=CARTESIAN_POINT('',(1.323238173619E-1,7.811489227286E-3,
4.088619524979E-2));
#4645=CARTESIAN_POINT('',(1.312373757845E-1,1.854795882270E-2,
3.726491043026E-2));
#4646=CARTESIAN_POINT('',(1.301509342071E-1,2.791010615078E-2,
3.088245943827E-2));
#4647=CARTESIAN_POINT('',(1.290644926298E-1,3.520423717904E-2,
2.221175384812E-2));
#4648=CARTESIAN_POINT('',(1.279780510524E-1,3.988988898500E-2,
1.189525489057E-2));
#4649=CARTESIAN_POINT('',(1.268916094750E-1,4.161987480413E-2,
6.973696986660E-4));
#4650=CARTESIAN_POINT('',(1.258051678976E-1,4.026601233047E-2,
-1.055218716028E-2));
#4651=CARTESIAN_POINT('',(1.247187263202E-1,3.592860919745E-2,
-2.101987466174E-2));
#4652=CARTESIAN_POINT('',(1.236322847429E-1,2.892907639652E-2,
-2.993007670663E-2));
#4653=CARTESIAN_POINT('',(1.225458431655E-1,1.978594230479E-2,
-3.662261047868E-2));
#4654=CARTESIAN_POINT('',(1.218215487806E-1,1.271336047171E-2,
-3.927520282059E-2));
#4655=CARTESIAN_POINT('',(1.214594015881E-1,9.063544927852E-3,
-4.010014417285E-2));
#4656=CARTESIAN_POINT('',(1.901113780439E-1,-3.722407412510E-2,
-1.657377416080E-2));
#4657=CARTESIAN_POINT('',(1.897492308514E-1,-3.873257789236E-2,
-1.318573137067E-2));
#4658=CARTESIAN_POINT('',(1.890249364665E-1,-4.081854684635E-2,
-5.995545164586E-3));
#4659=CARTESIAN_POINT('',(1.879384948891E-1,-4.092315451914E-2,
5.234268029735E-3));
#4660=CARTESIAN_POINT('',(1.868520533117E-1,-3.799550156322E-2,
1.607616716275E-2));
#4661=CARTESIAN_POINT('',(1.857656117343E-1,-3.225255811999E-2,
2.572691376896E-2));
#4662=CARTESIAN_POINT('',(1.846791701569E-1,-2.411983930474E-2,
3.347140348681E-2));
#4663=CARTESIAN_POINT('',(1.835927285796E-1,-1.419994701132E-2,
3.873581072816E-2));
#4664=CARTESIAN_POINT('',(1.825062870022E-1,-3.22790084E-3,4.113006414312E-2));
#4665=CARTESIAN_POINT('',(1.814198454248E-1,7.983318556953E-3,
4.047676057901E-2));
#4666=CARTESIAN_POINT('',(1.803334038474E-1,1.860300912890E-2,
3.682430682402E-2));
#4667=CARTESIAN_POINT('',(1.792469622700E-1,2.784429843589E-2,
3.044333369424E-2));
#4668=CARTESIAN_POINT('',(1.781605206927E-1,3.502244753760E-2,
2.180664325999E-2));
#4669=CARTESIAN_POINT('',(1.770740791153E-1,3.960558711491E-2,
1.155417634783E-2));
#4670=CARTESIAN_POINT('',(1.759876375379E-1,4.125412665719E-2,
4.455957206195E-4));
#4671=CARTESIAN_POINT('',(1.749011959605E-1,3.984591662560E-2,
-1.069600159214E-2));
#4672=CARTESIAN_POINT('',(1.738147543831E-1,3.548529919785E-2,
-2.104507216981E-2));
#4673=CARTESIAN_POINT('',(1.727283128058E-1,2.849537697103E-2,
-2.983479534156E-2));
#4674=CARTESIAN_POINT('',(1.716418712284E-1,1.939407247846E-2,
-3.641389122977E-2));
#4675=CARTESIAN_POINT('',(1.705554296510E-1,8.855752404964E-3,
-4.029487772826E-2));
#4676=CARTESIAN_POINT('',(1.694689880736E-1,-2.338740022266E-3,
-4.119019078496E-2));
#4677=CARTESIAN_POINT('',(1.683825464962E-1,-1.335994208691E-2,
-3.903349163510E-2));
#4678=CARTESIAN_POINT('',(1.672961049188E-1,-2.339123112734E-2,
-3.398458221225E-2));
#4679=CARTESIAN_POINT('',(1.662096633415E-1,-3.168933268874E-2,
-2.641756452696E-2));
#4680=CARTESIAN_POINT('',(1.651232217641E-1,-3.763939389536E-2,
-1.689312135110E-2));
#4681=CARTESIAN_POINT('',(1.640367801867E-1,-4.080054134784E-2,
-6.116972087268E-3));
#4682=CARTESIAN_POINT('',(1.629503386093E-1,-4.093854790549E-2,
5.112417939031E-3));
#4683=CARTESIAN_POINT('',(1.618638970319E-1,-3.804318788859E-2,
1.596300025268E-2));
#4684=CARTESIAN_POINT('',(1.607774554546E-1,-3.232899475633E-2,
2.563079436612E-2));
#4685=CARTESIAN_POINT('',(1.596910138772E-1,-2.421936511985E-2,
3.339945920198E-2));
#4686=CARTESIAN_POINT('',(1.586045722998E-1,-1.431518691314E-2,
3.869337082027E-2));
#4687=CARTESIAN_POINT('',(1.575181307224E-1,-3.350316236559E-3,
4.112027362395E-2));
#4688=CARTESIAN_POINT('',(1.564316891450E-1,7.862798156668E-3,
4.050034477558E-2));
#4689=CARTESIAN_POINT('',(1.553452475677E-1,1.849331374434E-2,
3.687951827975E-2));
#4690=CARTESIAN_POINT('',(1.542588059903E-1,2.775355601665E-2,
3.052608147509E-2));
#4691=CARTESIAN_POINT('',(1.531723644129E-1,3.495738169743E-2,
2.191079612094E-2));
#4692=CARTESIAN_POINT('',(1.520859228355E-1,3.957101894702E-2,
1.167201701883E-2));
#4693=CARTESIAN_POINT('',(1.509994812581E-1,4.125261751093E-2,
5.683927257211E-4));
#4694=CARTESIAN_POINT('',(1.499130396807E-1,3.987757832209E-2,
-1.057734697166E-2));
#4695=CARTESIAN_POINT('',(1.488265981034E-1,3.554778574446E-2,
-2.093935172013E-2));
#4696=CARTESIAN_POINT('',(1.477401565260E-1,2.858405838914E-2,
-2.974984248361E-2));
#4697=CARTESIAN_POINT('',(1.466537149486E-1,1.950237786453E-2,
-3.635600059718E-2));
#4698=CARTESIAN_POINT('',(1.455672733712E-1,8.975656805629E-3,
-4.026833876262E-2));
#4699=CARTESIAN_POINT('',(1.444808317938E-1,-2.216120996410E-3,
-4.119696990705E-2));
#4700=CARTESIAN_POINT('',(1.433943902165E-1,-1.324369396707E-2,
-3.907308654176E-2));
#4701=CARTESIAN_POINT('',(1.423079486391E-1,-2.328996738856E-2,
-3.405405909481E-2));
#4702=CARTESIAN_POINT('',(1.412215070617E-1,-3.161055652927E-2,
-2.651177545362E-2));
#4703=CARTESIAN_POINT('',(1.401350654843E-1,-3.758894228259E-2,
-1.700508570602E-2));
#4704=CARTESIAN_POINT('',(1.390486239069E-1,-4.078215252467E-2,
-6.238393803558E-3));
#4705=CARTESIAN_POINT('',(1.379621823296E-1,-4.095358440293E-2,
4.990535677197E-3));
#4706=CARTESIAN_POINT('',(1.368757407522E-1,-3.809053556824E-2,
1.584968838553E-2));
#4707=CARTESIAN_POINT('',(1.357892991748E-1,-3.240514536310E-2,
2.553444880528E-2));
#4708=CARTESIAN_POINT('',(1.347028575974E-1,-2.431867622829E-2,
3.332721873030E-2));
#4709=CARTESIAN_POINT('',(1.336164160200E-1,-1.443030000630E-2,
3.865058813940E-2));
#4710=CARTESIAN_POINT('',(1.325299744426E-1,-3.472701940029E-3,
4.111011874257E-2));
#4711=CARTESIAN_POINT('',(1.314435328653E-1,7.742208086516E-3,
4.052357012593E-2));
#4712=CARTESIAN_POINT('',(1.303570912879E-1,1.838345449980E-2,
3.693440296489E-2));
#4713=CARTESIAN_POINT('',(1.292706497105E-1,2.766256769341E-2,
3.060855878279E-2));
#4714=CARTESIAN_POINT('',(1.281842081331E-1,3.489200609984E-2,
2.201475483804E-2));
#4715=CARTESIAN_POINT('',(1.270977665557E-1,3.953610023440E-2,
1.178975428696E-2));
#4716=CARTESIAN_POINT('',(1.260113249784E-1,4.125074257835E-2,
6.911846337118E-4));
#4717=CARTESIAN_POINT('',(1.249248834010E-1,3.990888769171E-2,
-1.045859840366E-2));
#4718=CARTESIAN_POINT('',(1.238384418236E-1,3.560995356611E-2,
-2.083344658727E-2));
#4719=CARTESIAN_POINT('',(1.227520002462E-1,2.867250055601E-2,
-2.966462286073E-2));
#4720=CARTESIAN_POINT('',(1.216655586688E-1,1.961045814112E-2,
-3.629779965733E-2));
#4721=CARTESIAN_POINT('',(1.209412642839E-1,1.260060398049E-2,
-3.892686580364E-2));
#4722=CARTESIAN_POINT('',(1.205791170914E-1,8.983159137928E-3,
-3.974449064093E-2));
#4723=CARTESIAN_POINT('',(1.891667156030E-1,-3.711045934853E-2,
-1.652318792883E-2));
#4724=CARTESIAN_POINT('',(1.888045684105E-1,-3.861435888258E-2,
-1.314548607354E-2));
#4725=CARTESIAN_POINT('',(1.880802740256E-1,-4.069396107252E-2,
-5.977245649008E-3));
#4726=CARTESIAN_POINT('',(1.869938324482E-1,-4.079824946329E-2,
5.218292073134E-3));
#4727=CARTESIAN_POINT('',(1.859073908708E-1,-3.787953224706E-2,
1.602709971961E-2));
#4728=CARTESIAN_POINT('',(1.848209492934E-1,-3.215411733211E-2,
2.564839045767E-2));
#4729=CARTESIAN_POINT('',(1.837345077161E-1,-2.404622108272E-2,
3.336924255687E-2));
#4730=CARTESIAN_POINT('',(1.826480661387E-1,-1.415660613999E-2,
3.861758185115E-2));
#4731=CARTESIAN_POINT('',(1.815616245613E-1,-3.218048688097E-3,
4.100452756073E-2));
#4732=CARTESIAN_POINT('',(1.804751829839E-1,7.958951988396E-3,
4.035321800024E-2));
#4733=CARTESIAN_POINT('',(1.793887414065E-1,1.854622929554E-2,
3.671191221137E-2));
#4734=CARTESIAN_POINT('',(1.783022998292E-1,2.775931247398E-2,
3.035041499480E-2));
#4735=CARTESIAN_POINT('',(1.772158582518E-1,3.491555253361E-2,
2.174008534122E-2));
#4736=CARTESIAN_POINT('',(1.761294166744E-1,3.948470351909E-2,
1.151891085916E-2));
#4737=CARTESIAN_POINT('',(1.750429750970E-1,4.112821141301E-2,
4.442356798546E-4));
#4738=CARTESIAN_POINT('',(1.739565335196E-1,3.972429949955E-2,
-1.066335541195E-2));
#4739=CARTESIAN_POINT('',(1.728700919423E-1,3.537699148477E-2,
-2.098083870723E-2));
#4740=CARTESIAN_POINT('',(1.717836503649E-1,2.840840379670E-2,
-2.974373401400E-2));
#4741=CARTESIAN_POINT('',(1.706972087875E-1,1.933487817307E-2,
-3.630274928163E-2));
#4742=CARTESIAN_POINT('',(1.696107672101E-1,8.828723006529E-3,
-4.017189028968E-2));
#4743=CARTESIAN_POINT('',(1.685243256327E-1,-2.331601754053E-3,
-4.106447068492E-2));
#4744=CARTESIAN_POINT('',(1.674378840554E-1,-1.331916506637E-2,
-3.891435418077E-2));
#4745=CARTESIAN_POINT('',(1.663514424780E-1,-2.331983675257E-2,
-3.388085496568E-2));
#4746=CARTESIAN_POINT('',(1.652650009006E-1,-3.159261096932E-2,
-2.633693322149E-2));
#4747=CARTESIAN_POINT('',(1.641785593232E-1,-3.752451148584E-2,
-1.684156041230E-2));
#4748=CARTESIAN_POINT('',(1.630921177458E-1,-4.067601053013E-2,
-6.098301954206E-3));
#4749=CARTESIAN_POINT('',(1.620056761684E-1,-4.081359586617E-2,
5.096813891502E-3));
#4750=CARTESIAN_POINT('',(1.609192345911E-1,-3.792707302492E-2,
1.591427821594E-2));
#4751=CARTESIAN_POINT('',(1.598327930137E-1,-3.223032066967E-2,
2.555256442908E-2));
#4752=CARTESIAN_POINT('',(1.587463514363E-1,-2.414544312659E-2,
3.329751785933E-2));
#4753=CARTESIAN_POINT('',(1.576599098589E-1,-1.427149430826E-2,
3.857527147774E-2));
#4754=CARTESIAN_POINT('',(1.565734682815E-1,-3.340090450167E-3,
4.099476692404E-2));
#4755=CARTESIAN_POINT('',(1.554870267042E-1,7.838799438720E-3,
4.037673021347E-2));
#4756=CARTESIAN_POINT('',(1.544005851268E-1,1.843686872164E-2,
3.676695515151E-2));
#4757=CARTESIAN_POINT('',(1.533141435494E-1,2.766884701743E-2,
3.043291021408E-2));
#4758=CARTESIAN_POINT('',(1.522277019720E-1,3.485068528645E-2,
2.184392030833E-2));
#4759=CARTESIAN_POINT('',(1.511412603946E-1,3.945024085966E-2,
1.163639185858E-2));
#4760=CARTESIAN_POINT('',(1.500548188172E-1,4.112670687294E-2,
5.666578857268E-4));
#4761=CARTESIAN_POINT('',(1.489683772399E-1,3.975586455868E-2,
-1.054506294738E-2));
#4762=CARTESIAN_POINT('',(1.478819356625E-1,3.543928731085E-2,
-2.087544093596E-2));
#4763=CARTESIAN_POINT('',(1.467954940851E-1,2.849681454268E-2,
-2.965904044793E-2));
#4764=CARTESIAN_POINT('',(1.457090525077E-1,1.944285299102E-2,
-3.624503534198E-2));
#4765=CARTESIAN_POINT('',(1.446226109303E-1,8.948261436730E-3,
-4.014543232588E-2));
#4766=CARTESIAN_POINT('',(1.435361693530E-1,-2.209356984201E-3,
-4.107122911587E-2));
#4767=CARTESIAN_POINT('',(1.424497277756E-1,-1.320327175735E-2,
-3.895382823643E-2));
#4768=CARTESIAN_POINT('',(1.413632861982E-1,-2.321888208951E-2,
-3.395011979192E-2));
#4769=CARTESIAN_POINT('',(1.402768446208E-1,-3.151407524930E-2,
-2.643085659894E-2));
#4770=CARTESIAN_POINT('',(1.391904030434E-1,-3.747421386075E-2,
-1.695318303125E-2));
#4771=CARTESIAN_POINT('',(1.381039614661E-1,-4.065767783305E-2,
-6.219353068904E-3));
#4772=CARTESIAN_POINT('',(1.370175198887E-1,-4.082858646944E-2,
4.975303636930E-3));
#4773=CARTESIAN_POINT('',(1.359310783113E-1,-3.797427619067E-2,
1.580131219761E-2));
#4774=CARTESIAN_POINT('',(1.348446367339E-1,-3.230623885067E-2,
2.545651293275E-2));
#4775=CARTESIAN_POINT('',(1.337581951565E-1,-2.424445111911E-2,
3.322549787897E-2));
#4776=CARTESIAN_POINT('',(1.326717535791E-1,-1.438625605491E-2,
3.853261937754E-2));
#4777=CARTESIAN_POINT('',(1.315853120018E-1,-3.462102609775E-3,
4.098464303724E-2));
#4778=CARTESIAN_POINT('',(1.304988704244E-1,7.718577431823E-3,
4.039988467574E-2));
#4779=CARTESIAN_POINT('',(1.294124288470E-1,1.832734478788E-2,
3.682167231841E-2));
#4780=CARTESIAN_POINT('',(1.283259872696E-1,2.757813640743E-2,
3.051513578574E-2));
#4781=CARTESIAN_POINT('',(1.272395456922E-1,3.478550922730E-2,
2.194756172414E-2));
#4782=CARTESIAN_POINT('',(1.261531041149E-1,3.941542872543E-2,
1.175376977074E-2));
#4783=CARTESIAN_POINT('',(1.250666625375E-1,4.112483766300E-2,
6.890750100454E-4));
#4784=CARTESIAN_POINT('',(1.239802209601E-1,3.978707836629E-2,
-1.042667682203E-2));
#4785=CARTESIAN_POINT('',(1.228937793827E-1,3.550126538478E-2,
-2.076985904520E-2));
#4786=CARTESIAN_POINT('',(1.218073378053E-1,2.858498676766E-2,
-2.957408093114E-2));
#4787=CARTESIAN_POINT('',(1.207208962280E-1,1.955060338657E-2,
-3.618701204219E-2));
#4788=CARTESIAN_POINT('',(1.199966018430E-1,1.256214460065E-2,
-3.880805379112E-2));
#4789=CARTESIAN_POINT('',(1.196344546506E-1,8.955740870520E-3,
-3.962318308579E-2));
#4790=CARTESIAN_POINT('',(1.882220531621E-1,-3.722407412510E-2,
-1.657377416080E-2));
#4791=CARTESIAN_POINT('',(1.878599059696E-1,-3.873257789236E-2,
-1.318573137067E-2));
#4792=CARTESIAN_POINT('',(1.871356115847E-1,-4.081854684635E-2,
-5.995545164586E-3));
#4793=CARTESIAN_POINT('',(1.860491700073E-1,-4.092315451914E-2,
5.234268029735E-3));
#4794=CARTESIAN_POINT('',(1.849627284299E-1,-3.799550156322E-2,
1.607616716275E-2));
#4795=CARTESIAN_POINT('',(1.838762868526E-1,-3.225255811999E-2,
2.572691376896E-2));
#4796=CARTESIAN_POINT('',(1.827898452752E-1,-2.411983930474E-2,
3.347140348681E-2));
#4797=CARTESIAN_POINT('',(1.817034036978E-1,-1.419994701132E-2,
3.873581072816E-2));
#4798=CARTESIAN_POINT('',(1.806169621204E-1,-3.22790084E-3,4.113006414312E-2));
#4799=CARTESIAN_POINT('',(1.795305205430E-1,7.983318556953E-3,
4.047676057901E-2));
#4800=CARTESIAN_POINT('',(1.784440789657E-1,1.860300912890E-2,
3.682430682402E-2));
#4801=CARTESIAN_POINT('',(1.773576373883E-1,2.784429843589E-2,
3.044333369424E-2));
#4802=CARTESIAN_POINT('',(1.762711958109E-1,3.502244753760E-2,
2.180664325999E-2));
#4803=CARTESIAN_POINT('',(1.751847542335E-1,3.960558711491E-2,
1.155417634783E-2));
#4804=CARTESIAN_POINT('',(1.740983126561E-1,4.125412665719E-2,
4.455957206195E-4));
#4805=CARTESIAN_POINT('',(1.730118710788E-1,3.984591662560E-2,
-1.069600159214E-2));
#4806=CARTESIAN_POINT('',(1.719254295014E-1,3.548529919785E-2,
-2.104507216981E-2));
#4807=CARTESIAN_POINT('',(1.708389879240E-1,2.849537697103E-2,
-2.983479534156E-2));
#4808=CARTESIAN_POINT('',(1.697525463466E-1,1.939407247846E-2,
-3.641389122977E-2));
#4809=CARTESIAN_POINT('',(1.686661047692E-1,8.855752404964E-3,
-4.029487772826E-2));
#4810=CARTESIAN_POINT('',(1.675796631919E-1,-2.338740022266E-3,
-4.119019078496E-2));
#4811=CARTESIAN_POINT('',(1.664932216145E-1,-1.335994208691E-2,
-3.903349163510E-2));
#4812=CARTESIAN_POINT('',(1.654067800371E-1,-2.339123112734E-2,
-3.398458221225E-2));
#4813=CARTESIAN_POINT('',(1.643203384597E-1,-3.168933268874E-2,
-2.641756452696E-2));
#4814=CARTESIAN_POINT('',(1.632338968823E-1,-3.763939389536E-2,
-1.689312135110E-2));
#4815=CARTESIAN_POINT('',(1.621474553049E-1,-4.080054134784E-2,
-6.116972087268E-3));
#4816=CARTESIAN_POINT('',(1.610610137276E-1,-4.093854790549E-2,
5.112417939031E-3));
#4817=CARTESIAN_POINT('',(1.599745721502E-1,-3.804318788859E-2,
1.596300025268E-2));
#4818=CARTESIAN_POINT('',(1.588881305728E-1,-3.232899475633E-2,
2.563079436612E-2));
#4819=CARTESIAN_POINT('',(1.578016889954E-1,-2.421936511985E-2,
3.339945920198E-2));
#4820=CARTESIAN_POINT('',(1.567152474180E-1,-1.431518691314E-2,
3.869337082027E-2));
#4821=CARTESIAN_POINT('',(1.556288058407E-1,-3.350316236559E-3,
4.112027362395E-2));
#4822=CARTESIAN_POINT('',(1.545423642633E-1,7.862798156668E-3,
4.050034477558E-2));
#4823=CARTESIAN_POINT('',(1.534559226859E-1,1.849331374434E-2,
3.687951827975E-2));
#4824=CARTESIAN_POINT('',(1.523694811085E-1,2.775355601665E-2,
3.052608147509E-2));
#4825=CARTESIAN_POINT('',(1.512830395311E-1,3.495738169743E-2,
2.191079612094E-2));
#4826=CARTESIAN_POINT('',(1.501965979537E-1,3.957101894702E-2,
1.167201701883E-2));
#4827=CARTESIAN_POINT('',(1.491101563764E-1,4.125261751093E-2,
5.683927257211E-4));
#4828=CARTESIAN_POINT('',(1.480237147990E-1,3.987757832209E-2,
-1.057734697166E-2));
#4829=CARTESIAN_POINT('',(1.469372732216E-1,3.554778574446E-2,
-2.093935172013E-2));
#4830=CARTESIAN_POINT('',(1.458508316442E-1,2.858405838914E-2,
-2.974984248361E-2));
#4831=CARTESIAN_POINT('',(1.447643900668E-1,1.950237786453E-2,
-3.635600059718E-2));
#4832=CARTESIAN_POINT('',(1.436779484895E-1,8.975656805629E-3,
-4.026833876262E-2));
#4833=CARTESIAN_POINT('',(1.425915069121E-1,-2.216120996410E-3,
-4.119696990705E-2));
#4834=CARTESIAN_POINT('',(1.415050653347E-1,-1.324369396707E-2,
-3.907308654176E-2));
#4835=CARTESIAN_POINT('',(1.404186237573E-1,-2.328996738856E-2,
-3.405405909481E-2));
#4836=CARTESIAN_POINT('',(1.393321821799E-1,-3.161055652927E-2,
-2.651177545362E-2));
#4837=CARTESIAN_POINT('',(1.382457406026E-1,-3.758894228259E-2,
-1.700508570602E-2));
#4838=CARTESIAN_POINT('',(1.371592990252E-1,-4.078215252467E-2,
-6.238393803558E-3));
#4839=CARTESIAN_POINT('',(1.360728574478E-1,-4.095358440293E-2,
4.990535677197E-3));
#4840=CARTESIAN_POINT('',(1.349864158704E-1,-3.809053556824E-2,
1.584968838553E-2));
#4841=CARTESIAN_POINT('',(1.338999742930E-1,-3.240514536310E-2,
2.553444880528E-2));
#4842=CARTESIAN_POINT('',(1.328135327156E-1,-2.431867622829E-2,
3.332721873030E-2));
#4843=CARTESIAN_POINT('',(1.317270911383E-1,-1.443030000630E-2,
3.865058813940E-2));
#4844=CARTESIAN_POINT('',(1.306406495609E-1,-3.472701940029E-3,
4.111011874257E-2));
#4845=CARTESIAN_POINT('',(1.295542079835E-1,7.742208086516E-3,
4.052357012593E-2));
#4846=CARTESIAN_POINT('',(1.284677664061E-1,1.838345449980E-2,
3.693440296489E-2));
#4847=CARTESIAN_POINT('',(1.273813248287E-1,2.766256769341E-2,
3.060855878279E-2));
#4848=CARTESIAN_POINT('',(1.262948832514E-1,3.489200609984E-2,
2.201475483804E-2));
#4849=CARTESIAN_POINT('',(1.252084416740E-1,3.953610023440E-2,
1.178975428696E-2));
#4850=CARTESIAN_POINT('',(1.241220000966E-1,4.125074257835E-2,
6.911846337118E-4));
#4851=CARTESIAN_POINT('',(1.230355585192E-1,3.990888769171E-2,
-1.045859840366E-2));
#4852=CARTESIAN_POINT('',(1.219491169418E-1,3.560995356611E-2,
-2.083344658727E-2));
#4853=CARTESIAN_POINT('',(1.208626753645E-1,2.867250055601E-2,
-2.966462286073E-2));
#4854=CARTESIAN_POINT('',(1.197762337871E-1,1.961045814112E-2,
-3.629779965733E-2));
#4855=CARTESIAN_POINT('',(1.190519394021E-1,1.260060398049E-2,
-3.892686580364E-2));
#4856=CARTESIAN_POINT('',(1.186897922097E-1,8.983159137928E-3,
-3.974449064093E-2));
#4857=CARTESIAN_POINT('',(1.873417686654E-1,-3.755717371254E-2,
-1.672208456112E-2));
#4858=CARTESIAN_POINT('',(1.869796214730E-1,-3.907917632415E-2,
-1.330372387372E-2));
#4859=CARTESIAN_POINT('',(1.862553270881E-1,-4.118381156908E-2,
-6.049196294069E-3));
#4860=CARTESIAN_POINT('',(1.851688855107E-1,-4.128935532351E-2,
5.281106871593E-3));
#4861=CARTESIAN_POINT('',(1.840824439333E-1,-3.833550426826E-2,
1.622002472738E-2));
#4862=CARTESIAN_POINT('',(1.829960023559E-1,-3.254117010178E-2,
2.595713102926E-2));
#4863=CARTESIAN_POINT('',(1.819095607785E-1,-2.433567566093E-2,
3.377092230505E-2));
#4864=CARTESIAN_POINT('',(1.808231192012E-1,-1.432701522194E-2,
3.908243808896E-2));
#4865=CARTESIAN_POINT('',(1.797366776238E-1,-3.256785707209E-3,
4.149811647805E-2));
#4866=CARTESIAN_POINT('',(1.786502360464E-1,8.054757274509E-3,
4.083896682769E-2));
#4867=CARTESIAN_POINT('',(1.775637944690E-1,1.876947813616E-2,
3.715382909418E-2));
#4868=CARTESIAN_POINT('',(1.764773528916E-1,2.809346311062E-2,
3.071575583320E-2));
#4869=CARTESIAN_POINT('',(1.753909113143E-1,3.533584587187E-2,
2.200177998384E-2));
#4870=CARTESIAN_POINT('',(1.743044697369E-1,3.995999766878E-2,
1.165756888250E-2));
#4871=CARTESIAN_POINT('',(1.732180281595E-1,4.162328916539E-2,
4.495831334479E-4));
#4872=CARTESIAN_POINT('',(1.721315865821E-1,4.020247776784E-2,
-1.079171475093E-2));
#4873=CARTESIAN_POINT('',(1.710451450047E-1,3.580283935971E-2,
-2.123339397558E-2));
#4874=CARTESIAN_POINT('',(1.699587034273E-1,2.875036782133E-2,
-3.010177197571E-2));
#4875=CARTESIAN_POINT('',(1.688722618500E-1,1.956762031526E-2,
-3.673974089644E-2));
#4876=CARTESIAN_POINT('',(1.677858202726E-1,8.934998095873E-3,
-4.065545639845E-2));
#4877=CARTESIAN_POINT('',(1.666993786952E-1,-2.359668234850E-3,
-4.155878116308E-2));
#4878=CARTESIAN_POINT('',(1.656129371178E-1,-1.347949351437E-2,
-3.938278279319E-2));
#4879=CARTESIAN_POINT('',(1.645264955404E-1,-2.360054753402E-2,
-3.428869320977E-2));
#4880=CARTESIAN_POINT('',(1.634400539631E-1,-3.197290464836E-2,
-2.665396207483E-2));
#4881=CARTESIAN_POINT('',(1.623536123857E-1,-3.797620997132E-2,
-1.704428942942E-2));
#4882=CARTESIAN_POINT('',(1.612671708083E-1,-4.116564494839E-2,
-6.171709805438E-3));
#4883=CARTESIAN_POINT('',(1.601807292309E-1,-4.130488645757E-2,
5.158166405483E-3));
#4884=CARTESIAN_POINT('',(1.590942876535E-1,-3.838361731466E-2,
1.610584514334E-2));
#4885=CARTESIAN_POINT('',(1.580078460762E-1,-3.261829073128E-2,
2.586015150205E-2));
#4886=CARTESIAN_POINT('',(1.569214044988E-1,-2.443609208269E-2,
3.369833422687E-2));
#4887=CARTESIAN_POINT('',(1.558349629214E-1,-1.444328634790E-2,
3.903961840761E-2));
#4888=CARTESIAN_POINT('',(1.547485213440E-1,-3.380296537813E-3,
4.148823834843E-2));
#4889=CARTESIAN_POINT('',(1.536620797666E-1,7.933158397551E-3,
4.086276206742E-2));
#4890=CARTESIAN_POINT('',(1.525756381892E-1,1.865880114257E-2,
3.720953460958E-2));
#4891=CARTESIAN_POINT('',(1.514891966119E-1,2.800190868293E-2,
3.079924408248E-2));
#4892=CARTESIAN_POINT('',(1.504027550345E-1,3.527019779011E-2,
2.210686485656E-2));
#4893=CARTESIAN_POINT('',(1.493163134571E-1,3.992512016768E-2,
1.177646405062E-2));
#4894=CARTESIAN_POINT('',(1.482298718797E-1,4.162176651453E-2,
5.734789874181E-4));
#4895=CARTESIAN_POINT('',(1.471434303023E-1,4.023442278899E-2,
-1.067199834971E-2));
#4896=CARTESIAN_POINT('',(1.460569887250E-1,3.586588506712E-2,
-2.112672748657E-2));
#4897=CARTESIAN_POINT('',(1.449705471476E-1,2.883984280502E-2,
-3.001605891721E-2));
#4898=CARTESIAN_POINT('',(1.438841055702E-1,1.967689487196E-2,
-3.668133222958E-2));
#4899=CARTESIAN_POINT('',(1.427976639928E-1,9.055975460939E-3,
-4.062867994890E-2));
#4900=CARTESIAN_POINT('',(1.417112224154E-1,-2.235951952773E-3,
-4.156562094814E-2));
#4901=CARTESIAN_POINT('',(1.406247808380E-1,-1.336220514835E-2,
-3.942273201483E-2));
#4902=CARTESIAN_POINT('',(1.395383392607E-1,-2.349837763679E-2,
-3.435879180614E-2));
#4903=CARTESIAN_POINT('',(1.384518976833E-1,-3.189342356051E-2,
-2.674901604787E-2));
#4904=CARTESIAN_POINT('',(1.373654561059E-1,-3.792530689235E-2,
-1.715725569725E-2));
#4905=CARTESIAN_POINT('',(1.362790145285E-1,-4.114709157285E-2,
-6.294218063827E-3));
#4906=CARTESIAN_POINT('',(1.351925729511E-1,-4.132005750909E-2,
5.035193480359E-3));
#4907=CARTESIAN_POINT('',(1.341061313738E-1,-3.843138868497E-2,
1.599151930507E-2));
#4908=CARTESIAN_POINT('',(1.330196897964E-1,-3.269512277167E-2,
2.576294379306E-2));
#4909=CARTESIAN_POINT('',(1.319332482190E-1,-2.453629187647E-2,
3.362544731141E-2));
#4910=CARTESIAN_POINT('',(1.308468066416E-1,-1.455942953044E-2,
3.899645288596E-2));
#4911=CARTESIAN_POINT('',(1.297603650642E-1,-3.503777409619E-3,
4.147799259610E-2));
#4912=CARTESIAN_POINT('',(1.286739234869E-1,7.811489227286E-3,
4.088619524979E-2));
#4913=CARTESIAN_POINT('',(1.275874819095E-1,1.854795882270E-2,
3.726491043026E-2));
#4914=CARTESIAN_POINT('',(1.265010403321E-1,2.791010615078E-2,
3.088245943827E-2));
#4915=CARTESIAN_POINT('',(1.254145987547E-1,3.520423717904E-2,
2.221175384812E-2));
#4916=CARTESIAN_POINT('',(1.243281571773E-1,3.988988898500E-2,
1.189525489057E-2));
#4917=CARTESIAN_POINT('',(1.232417155999E-1,4.161987480413E-2,
6.973696986659E-4));
#4918=CARTESIAN_POINT('',(1.221552740226E-1,4.026601233047E-2,
-1.055218716028E-2));
#4919=CARTESIAN_POINT('',(1.210688324452E-1,3.592860919745E-2,
-2.101987466174E-2));
#4920=CARTESIAN_POINT('',(1.199823908678E-1,2.892907639652E-2,
-2.993007670663E-2));
#4921=CARTESIAN_POINT('',(1.188959492904E-1,1.978594230479E-2,
-3.662261047868E-2));
#4922=CARTESIAN_POINT('',(1.181716549055E-1,1.271336047171E-2,
-3.927520282059E-2));
#4923=CARTESIAN_POINT('',(1.178095077130E-1,9.063544927852E-3,
-4.010014417285E-2));
#4924=CARTESIAN_POINT('',(1.865455327578E-1,-3.811532481106E-2,
-1.697059766647E-2));
#4925=CARTESIAN_POINT('',(1.861833855653E-1,-3.965994646840E-2,
-1.350143545211E-2));
#4926=CARTESIAN_POINT('',(1.854590911804E-1,-4.179585947888E-2,
-6.139095645457E-3));
#4927=CARTESIAN_POINT('',(1.843726496030E-1,-4.190297175822E-2,
5.359591360984E-3));
#4928=CARTESIAN_POINT('',(1.832862080256E-1,-3.890522242606E-2,
1.646107653520E-2));
#4929=CARTESIAN_POINT('',(1.821997664482E-1,-3.302477650887E-2,
2.634288958792E-2));
#4930=CARTESIAN_POINT('',(1.811133248709E-1,-2.469733716952E-2,
3.427280451608E-2));
#4931=CARTESIAN_POINT('',(1.800268832935E-1,-1.453993431287E-2,
3.966325670752E-2));
#4932=CARTESIAN_POINT('',(1.789404417161E-1,-3.305186008416E-3,
4.211483538976E-2));
#4933=CARTESIAN_POINT('',(1.778540001387E-1,8.174462012026E-3,
4.144588987180E-2));
#4934=CARTESIAN_POINT('',(1.767675585613E-1,1.904841831736E-2,
3.770598593863E-2));
#4935=CARTESIAN_POINT('',(1.756811169840E-1,2.851097049327E-2,
3.117223408131E-2));
#4936=CARTESIAN_POINT('',(1.745946754066E-1,3.586098499288E-2,
2.232875660252E-2));
#4937=CARTESIAN_POINT('',(1.735082338292E-1,4.055385802597E-2,
1.183081634057E-2));
#4938=CARTESIAN_POINT('',(1.724217922518E-1,4.224186831487E-2,
4.562645552648E-4));
#4939=CARTESIAN_POINT('',(1.713353506744E-1,4.079994171178E-2,
-1.095209442937E-2));
#4940=CARTESIAN_POINT('',(1.702489090971E-1,3.633491864427E-2,
-2.154895132459E-2));
#4941=CARTESIAN_POINT('',(1.691624675197E-1,2.917763770871E-2,
-3.054912558183E-2));
#4942=CARTESIAN_POINT('',(1.680760259423E-1,1.985842198362E-2,
-3.728574382248E-2));
#4943=CARTESIAN_POINT('',(1.669895843649E-1,9.067784418953E-3,
-4.125965222595E-2));
#4944=CARTESIAN_POINT('',(1.659031427875E-1,-2.394736140319E-3,
-4.217640163519E-2));
#4945=CARTESIAN_POINT('',(1.648167012102E-1,-1.367981727063E-2,
-3.996806494587E-2));
#4946=CARTESIAN_POINT('',(1.637302596328E-1,-2.395128403067E-2,
-3.479827020639E-2));
#4947=CARTESIAN_POINT('',(1.626438180554E-1,-3.244806585162E-2,
-2.705007649830E-2));
#4948=CARTESIAN_POINT('',(1.615573764780E-1,-3.854058852322E-2,
-1.729759094091E-2));
#4949=CARTESIAN_POINT('',(1.604709349006E-1,-4.177742287730E-2,
-6.263429875592E-3));
#4950=CARTESIAN_POINT('',(1.593844933232E-1,-4.191873370623E-2,
5.234823830976E-3));
#4951=CARTESIAN_POINT('',(1.582980517459E-1,-3.895405049830E-2,
1.634520008597E-2));
#4952=CARTESIAN_POINT('',(1.572116101685E-1,-3.310304325667E-2,
2.624446881196E-2));
#4953=CARTESIAN_POINT('',(1.561251685911E-1,-2.479924591700E-2,
3.419913767953E-2));
#4954=CARTESIAN_POINT('',(1.550387270137E-1,-1.465793338719E-2,
3.961980066699E-2));
#4955=CARTESIAN_POINT('',(1.539522854363E-1,-3.430532379317E-3,
4.210481045759E-2));
#4956=CARTESIAN_POINT('',(1.528658438590E-1,8.051056009023E-3,
4.147003874142E-2));
#4957=CARTESIAN_POINT('',(1.517794022816E-1,1.893609651188E-2,
3.776251931436E-2));
#4958=CARTESIAN_POINT('',(1.506929607042E-1,2.841805544126E-2,
3.125696308045E-2));
#4959=CARTESIAN_POINT('',(1.496065191268E-1,3.579436129060E-2,
2.243540318053E-2));
#4960=CARTESIAN_POINT('',(1.485200775494E-1,4.051846219738E-2,
1.195147845391E-2));
#4961=CARTESIAN_POINT('',(1.474336359721E-1,4.224032303533E-2,
5.820016715069E-4));
#4962=CARTESIAN_POINT('',(1.463471943947E-1,4.083236147975E-2,
-1.083059887827E-2));
#4963=CARTESIAN_POINT('',(1.452607528173E-1,3.639890129733E-2,
-2.144069962529E-2));
#4964=CARTESIAN_POINT('',(1.441743112399E-1,2.926844241334E-2,
-3.046213870975E-2));
#4965=CARTESIAN_POINT('',(1.430878696625E-1,1.996932051007E-2,
-3.722646712275E-2));
#4966=CARTESIAN_POINT('',(1.420014280851E-1,9.190559673544E-3,
-4.123247784165E-2));
#4967=CARTESIAN_POINT('',(1.409149865078E-1,-2.269181264654E-3,
-4.218334306884E-2));
#4968=CARTESIAN_POINT('',(1.398285449304E-1,-1.356078583867E-2,
-4.000860786772E-2));
#4969=CARTESIAN_POINT('',(1.387421033530E-1,-2.384759574868E-2,
-3.486941056403E-2));
#4970=CARTESIAN_POINT('',(1.376556617756E-1,-3.236740356583E-2,
-2.714654310371E-2));
#4971=CARTESIAN_POINT('',(1.365692201982E-1,-3.848892895470E-2,
-1.741223604237E-2));
#4972=CARTESIAN_POINT('',(1.354827786209E-1,-4.175859377316E-2,
-6.387758774679E-3));
#4973=CARTESIAN_POINT('',(1.343963370435E-1,-4.193413022038E-2,
5.110023359568E-3));
#4974=CARTESIAN_POINT('',(1.333098954661E-1,-3.900253181668E-2,
1.622917520898E-2));
#4975=CARTESIAN_POINT('',(1.322234538887E-1,-3.318101712653E-2,
2.614581646313E-2));
#4976=CARTESIAN_POINT('',(1.311370123113E-1,-2.490093481711E-2,
3.412516756456E-2));
#4977=CARTESIAN_POINT('',(1.300505707339E-1,-1.477580261668E-2,
3.957599364650E-2));
#4978=CARTESIAN_POINT('',(1.289641291566E-1,-3.555848346190E-3,
4.209441243933E-2));
#4979=CARTESIAN_POINT('',(1.278776875792E-1,7.927578668059E-3,
4.149382017301E-2));
#4980=CARTESIAN_POINT('',(1.267912460018E-1,1.882360692315E-2,
3.781871809567E-2));
#4981=CARTESIAN_POINT('',(1.257048044244E-1,2.832488859760E-2,
3.134141513054E-2));
#4982=CARTESIAN_POINT('',(1.246183628470E-1,3.572742041441E-2,
2.254185096633E-2));
#4983=CARTESIAN_POINT('',(1.235319212697E-1,4.048270743102E-2,
1.207203468862E-2));
#4984=CARTESIAN_POINT('',(1.224454796923E-1,4.223840321151E-2,
7.077335685988E-4));
#4985=CARTESIAN_POINT('',(1.213590381149E-1,4.086442048513E-2,
-1.070900713029E-2));
#4986=CARTESIAN_POINT('',(1.202725965375E-1,3.646255759425E-2,
-2.133225882097E-2));
#4987=CARTESIAN_POINT('',(1.191861549601E-1,2.935900213837E-2,
-3.037487868562E-2));
#4988=CARTESIAN_POINT('',(1.180997133828E-1,2.007998853727E-2,
-3.716687268611E-2));
#4989=CARTESIAN_POINT('',(1.173754189978E-1,1.290229844046E-2,
-3.985888618736E-2));
#4990=CARTESIAN_POINT('',(1.170132718054E-1,9.198241633113E-3,
-4.069608729926E-2));
#4991=CARTESIAN_POINT('',(1.861380447766E-1,-3.862177236196E-2,
-1.719609010732E-2));
#4992=CARTESIAN_POINT('',(1.857758975842E-1,-4.018691778131E-2,
-1.368083229452E-2));
#4993=CARTESIAN_POINT('',(1.850516031992E-1,-4.235121118520E-2,
-6.220667295962E-3));
#4994=CARTESIAN_POINT('',(1.839651616219E-1,-4.245974669133E-2,
5.430805549293E-3));
#4995=CARTESIAN_POINT('',(1.828787200445E-1,-3.942216553785E-2,
1.667979884539E-2));
#4996=CARTESIAN_POINT('',(1.817922784671E-1,-3.346358471173E-2,
2.669291394115E-2));
#4997=CARTESIAN_POINT('',(1.807058368897E-1,-2.502549666928E-2,
3.472819556930E-2));
#4998=CARTESIAN_POINT('',(1.796193953123E-1,-1.473312994112E-2,
4.019027200437E-2));
#4999=CARTESIAN_POINT('',(1.785329537350E-1,-3.349102815304E-3,
4.267442540625E-2));
#5000=CARTESIAN_POINT('',(1.774465121576E-1,8.283078068334E-3,
4.199659144720E-2));
#5001=CARTESIAN_POINT('',(1.763600705802E-1,1.930151926437E-2,
3.820699450480E-2));
#5002=CARTESIAN_POINT('',(1.752736290028E-1,2.888980266253E-2,
3.158642710432E-2));
#5003=CARTESIAN_POINT('',(1.741871874254E-1,3.633747858469E-2,
2.262544419870E-2));
#5004=CARTESIAN_POINT('',(1.731007458480E-1,4.109270695821E-2,
1.198801526227E-2));
#5005=CARTESIAN_POINT('',(1.720143042707E-1,4.280314624860E-2,
4.623270529010E-4));
#5006=CARTESIAN_POINT('',(1.709278626933E-1,4.134206041756E-2,
-1.109761756025E-2));
#5007=CARTESIAN_POINT('',(1.698414211159E-1,3.681770950728E-2,
-2.183527745920E-2));
#5008=CARTESIAN_POINT('',(1.687549795385E-1,2.956532804670E-2,
-3.095503921131E-2));
#5009=CARTESIAN_POINT('',(1.676685379611E-1,2.012228564549E-2,
-3.778116852989E-2));
#5010=CARTESIAN_POINT('',(1.665820963838E-1,9.188270266412E-3,
-4.180787921665E-2));
#5011=CARTESIAN_POINT('',(1.654956548064E-1,-2.426555579333E-3,
-4.273680969730E-2));
#5012=CARTESIAN_POINT('',(1.644092132290E-1,-1.386158431545E-2,
-4.049913030360E-2));
#5013=CARTESIAN_POINT('',(1.633227716516E-1,-2.426953054171E-2,
-3.526064324949E-2));
#5014=CARTESIAN_POINT('',(1.622363300742E-1,-3.287921116032E-2,
-2.740949741526E-2));
#5015=CARTESIAN_POINT('',(1.611498884969E-1,-3.905268665604E-2,
-1.752742822058E-2));
#5016=CARTESIAN_POINT('',(1.600634469195E-1,-4.233252961202E-2,
-6.346653585122E-3));
#5017=CARTESIAN_POINT('',(1.589770053421E-1,-4.247571807216E-2,
5.304380202900E-3));
#5018=CARTESIAN_POINT('',(1.578905637647E-1,-3.947164240051E-2,
1.656238271772E-2));
#5019=CARTESIAN_POINT('',(1.568041221873E-1,-3.354289140876E-2,
2.659318542451E-2));
#5020=CARTESIAN_POINT('',(1.557176806099E-1,-2.512875950296E-2,
3.465354990365E-2));
#5021=CARTESIAN_POINT('',(1.546312390326E-1,-1.485269689772E-2,
4.014623855291E-2));
#5022=CARTESIAN_POINT('',(1.535447974552E-1,-3.476114693789E-3,
4.266426727038E-2));
#5023=CARTESIAN_POINT('',(1.524583558778E-1,8.158032339885E-3,
4.202106118869E-2));
#5024=CARTESIAN_POINT('',(1.513719143004E-1,1.918770501186E-2,
3.826427905319E-2));
#5025=CARTESIAN_POINT('',(1.502854727230E-1,2.879565302571E-2,
3.167228191819E-2));
#5026=CARTESIAN_POINT('',(1.491990311457E-1,3.626996963715E-2,
2.273350781562E-2));
#5027=CARTESIAN_POINT('',(1.481125895683E-1,4.105684081668E-2,
1.211028064234E-2));
#5028=CARTESIAN_POINT('',(1.470261479909E-1,4.280158043656E-2,
5.897348686555E-4));
#5029=CARTESIAN_POINT('',(1.459397064135E-1,4.137491095483E-2,
-1.097450766834E-2));
#5030=CARTESIAN_POINT('',(1.448532648361E-1,3.688254231335E-2,
-2.172558739336E-2));
#5031=CARTESIAN_POINT('',(1.437668232588E-1,2.965733929543E-2,
-3.086689652359E-2));
#5032=CARTESIAN_POINT('',(1.426803816814E-1,2.023465770752E-2,
-3.772110420629E-2));
#5033=CARTESIAN_POINT('',(1.415939401040E-1,9.312676865542E-3,
-4.178034375972E-2));
#5034=CARTESIAN_POINT('',(1.405074985266E-1,-2.299332425630E-3,
-4.274384336345E-2));
#5035=CARTESIAN_POINT('',(1.394210569492E-1,-1.374097128403E-2,
-4.054021192907E-2));
#5036=CARTESIAN_POINT('',(1.383346153718E-1,-2.416446452840E-2,
-3.533272886628E-2));
#5037=CARTESIAN_POINT('',(1.372481737945E-1,-3.279747709521E-2,
-2.750724579582E-2));
#5038=CARTESIAN_POINT('',(1.361617322171E-1,-3.900034067432E-2,
-1.764359663927E-2));
#5039=CARTESIAN_POINT('',(1.350752906397E-1,-4.231345032102E-2,
-6.472634472399E-3));
#5040=CARTESIAN_POINT('',(1.339888490623E-1,-4.249131916352E-2,
5.177921477406E-3));
#5041=CARTESIAN_POINT('',(1.329024074849E-1,-3.952076790191E-2,
1.644481619009E-2));
#5042=CARTESIAN_POINT('',(1.318159659076E-1,-3.362190133632E-2,
2.649322225803E-2));
#5043=CARTESIAN_POINT('',(1.307295243302E-1,-2.523179956812E-2,
3.457859692985E-2));
#5044=CARTESIAN_POINT('',(1.296430827528E-1,-1.497213228420E-2,
4.010184945793E-2));
#5045=CARTESIAN_POINT('',(1.285566411754E-1,-3.603095764262E-3,
4.265373109113E-2));
#5046=CARTESIAN_POINT('',(1.274701995980E-1,8.032914325590E-3,
4.204515860992E-2));
#5047=CARTESIAN_POINT('',(1.263837580206E-1,1.907372074673E-2,
3.832122456131E-2));
#5048=CARTESIAN_POINT('',(1.252973164433E-1,2.870124825164E-2,
3.175785610311E-2));
#5049=CARTESIAN_POINT('',(1.242108748659E-1,3.620213930133E-2,
2.284136999893E-2));
#5050=CARTESIAN_POINT('',(1.231244332885E-1,4.102061096808E-2,
1.223243873693E-2));
#5051=CARTESIAN_POINT('',(1.220379917111E-1,4.279963510357E-2,
7.171373959114E-4));
#5052=CARTESIAN_POINT('',(1.209515501337E-1,4.140739593597E-2,
-1.085130030136E-2));
#5053=CARTESIAN_POINT('',(1.198651085564E-1,3.694704442690E-2,
-2.161570570981E-2));
#5054=CARTESIAN_POINT('',(1.187786669790E-1,2.974910230946E-2,
-3.077847705440E-2));
#5055=CARTESIAN_POINT('',(1.176922254016E-1,2.034679620760E-2,
-3.766071792394E-2));
#5056=CARTESIAN_POINT('',(1.169679310167E-1,1.307373440430E-2,
-4.038850086049E-2));
#5057=CARTESIAN_POINT('',(1.166057838242E-1,9.320460897169E-3,
-4.123682606630E-2));
#5058=CARTESIAN_POINT('',(1.859689247400E-1,-3.891756295208E-2,
-1.732778892199E-2));
#5059=CARTESIAN_POINT('',(1.856067775475E-1,-4.049469527050E-2,
-1.378560898420E-2));
#5060=CARTESIAN_POINT('',(1.848824831626E-1,-4.267556423745E-2,
-6.268309202015E-3));
#5061=CARTESIAN_POINT('',(1.837960415852E-1,-4.278493097891E-2,
5.472398181636E-3));
#5062=CARTESIAN_POINT('',(1.827096000078E-1,-3.972408605821E-2,
1.680754356661E-2));
#5063=CARTESIAN_POINT('',(1.816231584304E-1,-3.371987055425E-2,
2.689734559418E-2));
#5064=CARTESIAN_POINT('',(1.805367168531E-1,-2.521715815904E-2,
3.499416662224E-2));
#5065=CARTESIAN_POINT('',(1.794502752757E-1,-1.484596580890E-2,
4.049807518238E-2));
#5066=CARTESIAN_POINT('',(1.783638336983E-1,-3.374752417524E-3,
4.300125384270E-2));
#5067=CARTESIAN_POINT('',(1.772773921209E-1,8.346515254150E-3,
4.231822859142E-2));
#5068=CARTESIAN_POINT('',(1.761909505435E-1,1.944934282151E-2,
3.849960845699E-2));
#5069=CARTESIAN_POINT('',(1.751045089661E-1,2.911105951470E-2,
3.182833645601E-2));
#5070=CARTESIAN_POINT('',(1.740180673888E-1,3.661577457104E-2,
2.279872452951E-2));
#5071=CARTESIAN_POINT('',(1.729316258114E-1,4.140742156859E-2,
1.207982726084E-2));
#5072=CARTESIAN_POINT('',(1.718451842340E-1,4.313096051278E-2,
4.658678534248E-4));
#5073=CARTESIAN_POINT('',(1.707587426566E-1,4.165868473850E-2,
-1.118261031554E-2));
#5074=CARTESIAN_POINT('',(1.696723010792E-1,3.709968341360E-2,
-2.200250618047E-2));
#5075=CARTESIAN_POINT('',(1.685858595019E-1,2.979175851054E-2,
-3.119211298488E-2));
#5076=CARTESIAN_POINT('',(1.674994179245E-1,2.027639516408E-2,
-3.807052123049E-2));
#5077=CARTESIAN_POINT('',(1.664129763471E-1,9.258640001360E-3,
-4.212807108018E-2));
#5078=CARTESIAN_POINT('',(1.653265347697E-1,-2.445139716281E-3,
-4.306411591313E-2));
#5079=CARTESIAN_POINT('',(1.642400931923E-1,-1.396774532138E-2,
-4.080929891885E-2));
#5080=CARTESIAN_POINT('',(1.631536516150E-1,-2.445540235240E-2,
-3.553069213220E-2));
#5081=CARTESIAN_POINT('',(1.620672100376E-1,-3.313102149106E-2,
-2.761941712945E-2));
#5082=CARTESIAN_POINT('',(1.609807684602E-1,-3.935177746740E-2,
-1.766166463749E-2));
#5083=CARTESIAN_POINT('',(1.598943268828E-1,-4.265673958867E-2,
-6.395260375915E-3));
#5084=CARTESIAN_POINT('',(1.588078853054E-1,-4.280102467893E-2,
5.345004587917E-3));
#5085=CARTESIAN_POINT('',(1.577214437280E-1,-3.977394184678E-2,
1.668922819007E-2));
#5086=CARTESIAN_POINT('',(1.566350021507E-1,-3.379978463343E-2,
2.679685329186E-2));
#5087=CARTESIAN_POINT('',(1.555485605733E-1,-2.532121184650E-2,
3.491894927165E-2));
#5088=CARTESIAN_POINT('',(1.544621189959E-1,-1.496644848682E-2,
4.045370449418E-2));
#5089=CARTESIAN_POINT('',(1.533756774185E-1,-3.502737035379E-3,
4.299101790924E-2));
#5090=CARTESIAN_POINT('',(1.522892358411E-1,8.220511844385E-3,
4.234288573807E-2));
#5091=CARTESIAN_POINT('',(1.512027942638E-1,1.933465690562E-2,
3.855733172762E-2));
#5092=CARTESIAN_POINT('',(1.501163526864E-1,2.901618881888E-2,
3.191484880174E-2));
#5093=CARTESIAN_POINT('',(1.490299111090E-1,3.654774859618E-2,
2.290761576772E-2));
#5094=CARTESIAN_POINT('',(1.479434695316E-1,4.137128074088E-2,
1.220302902851E-2));
#5095=CARTESIAN_POINT('',(1.468570279542E-1,4.312938270873E-2,
5.942514408931E-4));
#5096=CARTESIAN_POINT('',(1.457705863769E-1,4.169178686650E-2,
-1.105855756821E-2));
#5097=CARTESIAN_POINT('',(1.446841447995E-1,3.716501275137E-2,
-2.189197603694E-2));
#5098=CARTESIAN_POINT('',(1.435977032221E-1,2.988447444110E-2,
-3.110329524327E-2));
#5099=CARTESIAN_POINT('',(1.425112616447E-1,2.038962784427E-2,
-3.800999689534E-2));
#5100=CARTESIAN_POINT('',(1.414248200673E-1,9.383999386940E-3,
-4.210032473886E-2));
#5101=CARTESIAN_POINT('',(1.403383784899E-1,-2.316942205127E-3,
-4.307120344766E-2));
#5102=CARTESIAN_POINT('',(1.392519369126E-1,-1.384620855711E-2,
-4.085069517406E-2));
#5103=CARTESIAN_POINT('',(1.381654953352E-1,-2.434953167540E-2,
-3.560332982742E-2));
#5104=CARTESIAN_POINT('',(1.370790537578E-1,-3.304866145344E-2,
-2.771791413052E-2));
#5105=CARTESIAN_POINT('',(1.359926121804E-1,-3.929903058619E-2,
-1.777872274930E-2));
#5106=CARTESIAN_POINT('',(1.349061706030E-1,-4.263751417607E-2,
-6.522206106562E-3));
#5107=CARTESIAN_POINT('',(1.338197290257E-1,-4.281674525357E-2,
5.217577359458E-3));
#5108=CARTESIAN_POINT('',(1.327332874483E-1,-3.982344358314E-2,
1.657076126169E-2));
#5109=CARTESIAN_POINT('',(1.316468458709E-1,-3.387939967027E-2,
2.669612454259E-2));
#5110=CARTESIAN_POINT('',(1.305604042935E-1,-2.542504105932E-2,
3.484342225935E-2));
#5111=CARTESIAN_POINT('',(1.294739627161E-1,-1.508679858699E-2,
4.040897543871E-2));
#5112=CARTESIAN_POINT('',(1.283875211388E-1,-3.630690609273E-3,
4.298040103710E-2));
#5113=CARTESIAN_POINT('',(1.273010795614E-1,8.094435595161E-3,
4.236716771299E-2));
#5114=CARTESIAN_POINT('',(1.262146379840E-1,1.921979967502E-2,
3.861471336139E-2));
#5115=CARTESIAN_POINT('',(1.251281964066E-1,2.892106103181E-2,
3.200107836930E-2));
#5116=CARTESIAN_POINT('',(1.240417548292E-1,3.647939877164E-2,
2.301630402961E-2));
#5117=CARTESIAN_POINT('',(1.229553132518E-1,4.133477342059E-2,
1.232612268905E-2));
#5118=CARTESIAN_POINT('',(1.218688716745E-1,4.312742247713E-2,
7.226296993601E-4));
#5119=CARTESIAN_POINT('',(1.207824300971E-1,4.172452063871E-2,
-1.093440659927E-2));
#5120=CARTESIAN_POINT('',(1.196959885197E-1,3.723000886395E-2,
-2.178125280817E-2));
#5121=CARTESIAN_POINT('',(1.186095469423E-1,2.997694023583E-2,
-3.101419860041E-2));
#5122=CARTESIAN_POINT('',(1.175231053649E-1,2.050262517374E-2,
-3.794914813566E-2));
#5123=CARTESIAN_POINT('',(1.167988109800E-1,1.317386154446E-2,
-4.069782220369E-2));
#5124=CARTESIAN_POINT('',(1.164366637876E-1,9.391843033731E-3,
-4.155264443431E-2));
#5125=B_SPLINE_SURFACE_WITH_KNOTS('',3,3,((#4388,#4389,#4390,#4391,#4392,#4393,
#4394,#4395,#4396,#4397,#4398,#4399,#4400,#4401,#4402,#4403,#4404,#4405,#4406,
#4407,#4408,#4409,#4410,#4411,#4412,#4413,#4414,#4415,#4416,#4417,#4418,#4419,
#4420,#4421,#4422,#4423,#4424,#4425,#4426,#4427,#4428,#4429,#4430,#4431,#4432,
#4433,#4434,#4435,#4436,#4437,#4438,#4439,#4440,#4441,#4442,#4443,#4444,#4445,
#4446,#4447,#4448,#4449,#4450,#4451,#4452,#4453,#4454),(#4455,#4456,#4457,#4458,
#4459,#4460,#4461,#4462,#4463,#4464,#4465,#4466,#4467,#4468,#4469,#4470,#4471,
#4472,#4473,#4474,#4475,#4476,#4477,#4478,#4479,#4480,#4481,#4482,#4483,#4484,
#4485,#4486,#4487,#4488,#4489,#4490,#4491,#4492,#4493,#4494,#4495,#4496,#4497,
#4498,#4499,#4500,#4501,#4502,#4503,#4504,#4505,#4506,#4507,#4508,#4509,#4510,
#4511,#4512,#4513,#4514,#4515,#4516,#4517,#4518,#4519,#4520,#4521),(#4522,#4523,
#4524,#4525,#4526,#4527,#4528,#4529,#4530,#4531,#4532,#4533,#4534,#4535,#4536,
#4537,#4538,#4539,#4540,#4541,#4542,#4543,#4544,#4545,#4546,#4547,#4548,#4549,
#4550,#4551,#4552,#4553,#4554,#4555,#4556,#4557,#4558,#4559,#4560,#4561,#4562,
#4563,#4564,#4565,#4566,#4567,#4568,#4569,#4570,#4571,#4572,#4573,#4574,#4575,
#4576,#4577,#4578,#4579,#4580,#4581,#4582,#4583,#4584,#4585,#4586,#4587,#4588),(
#4589,#4590,#4591,#4592,#4593,#4594,#4595,#4596,#4597,#4598,#4599,#4600,#4601,
#4602,#4603,#4604,#4605,#4606,#4607,#4608,#4609,#4610,#4611,#4612,#4613,#4614,
#4615,#4616,#4617,#4618,#4619,#4620,#4621,#4622,#4623,#4624,#4625,#4626,#4627,
#4628,#4629,#4630,#4631,#4632,#4633,#4634,#4635,#4636,#4637,#4638,#4639,#4640,
#4641,#4642,#4643,#4644,#4645,#4646,#4647,#4648,#4649,#4650,#4651,#4652,#4653,
#4654,#4655),(#4656,#4657,#4658,#4659,#4660,#4661,#4662,#4663,#4664,#4665,#4666,
#4667,#4668,#4669,#4670,#4671,#4672,#4673,#4674,#4675,#4676,#4677,#4678,#4679,
#4680,#4681,#4682,#4683,#4684,#4685,#4686,#4687,#4688,#4689,#4690,#4691,#4692,
#4693,#4694,#4695,#4696,#4697,#4698,#4699,#4700,#4701,#4702,#4703,#4704,#4705,
#4706,#4707,#4708,#4709,#4710,#4711,#4712,#4713,#4714,#4715,#4716,#4717,#4718,
#4719,#4720,#4721,#4722),(#4723,#4724,#4725,#4726,#4727,#4728,#4729,#4730,#4731,
#4732,#4733,#4734,#4735,#4736,#4737,#4738,#4739,#4740,#4741,#4742,#4743,#4744,
#4745,#4746,#4747,#4748,#4749,#4750,#4751,#4752,#4753,#4754,#4755,#4756,#4757,
#4758,#4759,#4760,#4761,#4762,#4763,#4764,#4765,#4766,#4767,#4768,#4769,#4770,
#4771,#4772,#4773,#4774,#4775,#4776,#4777,#4778,#4779,#4780,#4781,#4782,#4783,
#4784,#4785,#4786,#4787,#4788,#4789),(#4790,#4791,#4792,#4793,#4794,#4795,#4796,
#4797,#4798,#4799,#4800,#4801,#4802,#4803,#4804,#4805,#4806,#4807,#4808,#4809,
#4810,#4811,#4812,#4813,#4814,#4815,#4816,#4817,#4818,#4819,#4820,#4821,#4822,
#4823,#4824,#4825,#4826,#4827,#4828,#4829,#4830,#4831,#4832,#4833,#4834,#4835,
#4836,#4837,#4838,#4839,#4840,#4841,#4842,#4843,#4844,#4845,#4846,#4847,#4848,
#4849,#4850,#4851,#4852,#4853,#4854,#4855,#4856),(#4857,#4858,#4859,#4860,#4861,
#4862,#4863,#4864,#4865,#4866,#4867,#4868,#4869,#4870,#4871,#4872,#4873,#4874,
#4875,#4876,#4877,#4878,#4879,#4880,#4881,#4882,#4883,#4884,#4885,#4886,#4887,
#4888,#4889,#4890,#4891,#4892,#4893,#4894,#4895,#4896,#4897,#4898,#4899,#4900,
#4901,#4902,#4903,#4904,#4905,#4906,#4907,#4908,#4909,#4910,#4911,#4912,#4913,
#4914,#4915,#4916,#4917,#4918,#4919,#4920,#4921,#4922,#4923),(#4924,#4925,#4926,
#4927,#4928,#4929,#4930,#4931,#4932,#4933,#4934,#4935,#4936,#4937,#4938,#4939,
#4940,#4941,#4942,#4943,#4944,#4945,#4946,#4947,#4948,#4949,#4950,#4951,#4952,
#4953,#4954,#4955,#4956,#4957,#4958,#4959,#4960,#4961,#4962,#4963,#4964,#4965,
#4966,#4967,#4968,#4969,#4970,#4971,#4972,#4973,#4974,#4975,#4976,#4977,#4978,
#4979,#4980,#4981,#4982,#4983,#4984,#4985,#4986,#4987,#4988,#4989,#4990),(#4991,
#4992,#4993,#4994,#4995,#4996,#4997,#4998,#4999,#5000,#5001,#5002,#5003,#5004,
#5005,#5006,#5007,#5008,#5009,#5010,#5011,#5012,#5013,#5014,#5015,#5016,#5017,
#5018,#5019,#5020,#5021,#5022,#5023,#5024,#5025,#5026,#5027,#5028,#5029,#5030,
#5031,#5032,#5033,#5034,#5035,#5036,#5037,#5038,#5039,#5040,#5041,#5042,#5043,
#5044,#5045,#5046,#5047,#5048,#5049,#5050,#5051,#5052,#5053,#5054,#5055,#5056,
#5057),(#5058,#5059,#5060,#5061,#5062,#5063,#5064,#5065,#5066,#5067,#5068,#5069,
#5070,#5071,#5072,#5073,#5074,#5075,#5076,#5077,#5078,#5079,#5080,#5081,#5082,
#5083,#5084,#5085,#5086,#5087,#5088,#5089,#5090,#5091,#5092,#5093,#5094,#5095,
#5096,#5097,#5098,#5099,#5100,#5101,#5102,#5103,#5104,#5105,#5106,#5107,#5108,
#5109,#5110,#5111,#5112,#5113,#5114,#5115,#5116,#5117,#5118,#5119,#5120,#5121,
#5122,#5123,#5124)),.UNSPECIFIED.,.F.,.F.,.F.,(4,1,1,1,1,1,1,1,4),(4,1,1,1,1,1,
1,1,1,1,1,1,1,1,1,1,1,1,1,1,1,1,1,1,1,1,1,1,1,1,1,1,1,1,1,1,1,1,1,1,1,1,1,1,1,1,
1,1,1,1,1,1,1,1,1,1,1,1,1,1,1,1,1,1,4),(-1.999986765424E-2,1.25E-1,2.5E-1,
3.75E-1,5.E-1,6.25E-1,7.5E-1,8.75E-1,1.019999867654E0),(-1.533959005412E-2,
-2.876173135129E-3,9.587243783861E-3,2.205066070285E-2,3.451407762184E-2,
4.697749454083E-2,5.944091145982E-2,7.190432837881E-2,8.436774529780E-2,
9.683116221679E-2,1.092945791358E-1,1.217579960548E-1,1.342214129738E-1,
1.466848298928E-1,1.591482468117E-1,1.716116637307E-1,1.840750806497E-1,
1.965384975687E-1,2.090019144877E-1,2.214653314067E-1,2.339287483257E-1,
2.463921652447E-1,2.588555821637E-1,2.713189990827E-1,2.837824160016E-1,
2.962458329206E-1,3.087092498396E-1,3.211726667586E-1,3.336360836776E-1,
3.460995005966E-1,3.585629175156E-1,3.710263344346E-1,3.834897513536E-1,
3.959531682726E-1,4.084165851915E-1,4.208800021105E-1,4.333434190295E-1,
4.458068359485E-1,4.582702528675E-1,4.707336697865E-1,4.831970867055E-1,
4.956605036245E-1,5.081239205435E-1,5.205873374625E-1,5.330507543814E-1,
5.455141713004E-1,5.579775882194E-1,5.704410051384E-1,5.829044220574E-1,
5.953678389764E-1,6.078312558954E-1,6.202946728144E-1,6.327580897334E-1,
6.452215066524E-1,6.576849235713E-1,6.701483404903E-1,6.826117574093E-1,
6.950751743283E-1,7.075385912473E-1,7.200020081663E-1,7.324654250853E-1,
7.449288420043E-1,7.573922589233E-1,7.698556758423E-1,7.823190927612E-1),
.UNSPECIFIED.);
#5126=ORIENTED_EDGE('',*,*,#4083,.F.);
#5128=ORIENTED_EDGE('',*,*,#5127,.T.);
#5129=ORIENTED_EDGE('',*,*,#4372,.T.);
#5130=ORIENTED_EDGE('',*,*,#3788,.T.);
#5131=EDGE_LOOP('',(#5126,#5128,#5129,#5130));
#5132=FACE_OUTER_BOUND('',#5131,.F.);
#5134=CARTESIAN_POINT('',(2.538124448785E-1,4.209350917870E-2,
6.554804350796E-3));
#5135=CARTESIAN_POINT('',(2.534790272867E-1,4.264278199136E-2,
3.027495381068E-3));
#5136=CARTESIAN_POINT('',(2.528121921032E-1,4.284987184377E-2,
-4.165660326706E-3));
#5137=CARTESIAN_POINT('',(2.518119393280E-1,4.046677127214E-2,
-1.469373576954E-2));
#5138=CARTESIAN_POINT('',(2.508116865527E-1,3.553970673309E-2,
-2.429802718004E-2));
#5139=CARTESIAN_POINT('',(2.498114337775E-1,2.837843101322E-2,
-3.237483191195E-2));
#5140=CARTESIAN_POINT('',(2.488111810023E-1,1.943313663465E-2,
-3.841637959506E-2));
#5141=CARTESIAN_POINT('',(2.478109282270E-1,9.266172857306E-3,
-4.204287194357E-2));
#5142=CARTESIAN_POINT('',(2.468106754518E-1,-1.483311516724E-3,
-4.302632708091E-2));
#5143=CARTESIAN_POINT('',(2.458104226765E-1,-1.213954708461E-2,
-4.130492020517E-2));
#5144=CARTESIAN_POINT('',(2.448101699013E-1,-2.203262663094E-2,
-3.698686793938E-2));
#5145=CARTESIAN_POINT('',(2.438099171260E-1,-3.054061893705E-2,
-3.034362587503E-2));
#5146=CARTESIAN_POINT('',(2.428096643508E-1,-3.712866668668E-2,
-2.179282327638E-2));
#5147=CARTESIAN_POINT('',(2.418094115755E-1,-4.138261041398E-2,
-1.187200874383E-2));
#5148=CARTESIAN_POINT('',(2.408091588003E-1,-4.303502475608E-2,
-1.204857058929E-3));
#5149=CARTESIAN_POINT('',(2.398089060250E-1,-4.198203022289E-2,
9.538038302150E-3));
#5150=CARTESIAN_POINT('',(2.388086532498E-1,-3.828982361044E-2,
1.968132221601E-2));
#5151=CARTESIAN_POINT('',(2.378084004745E-1,-3.219051652074E-2,
2.858733430065E-2));
#5152=CARTESIAN_POINT('',(2.368081476993E-1,-2.406754360096E-2,
3.569619561388E-2));
#5153=CARTESIAN_POINT('',(2.358078949241E-1,-1.443155781706E-2,
4.056100559973E-2));
#5154=CARTESIAN_POINT('',(2.348076421488E-1,-3.888328112093E-3,
4.287593661696E-2));
#5155=CARTESIAN_POINT('',(2.338073893736E-1,6.899342427843E-3,
4.249545987929E-2));
#5156=CARTESIAN_POINT('',(2.328071365983E-1,1.725328387517E-2,
3.944349416332E-2));
#5157=CARTESIAN_POINT('',(2.318068838231E-1,2.652259280309E-2,
3.391190214792E-2));
#5158=CARTESIAN_POINT('',(2.308066310478E-1,3.412455151171E-2,
2.624842891324E-2));
#5159=CARTESIAN_POINT('',(2.298063782726E-1,3.958126073928E-2,
1.693484084892E-2));
#5160=CARTESIAN_POINT('',(2.288061254973E-1,4.254968293306E-2,
6.556639275159E-3));
#5161=CARTESIAN_POINT('',(2.278058727221E-1,4.284320740110E-2,
-4.233747261605E-3));
#5162=CARTESIAN_POINT('',(2.268056199468E-1,4.044338164555E-2,
-1.475797809189E-2));
#5163=CARTESIAN_POINT('',(2.258053671716E-1,3.550107138418E-2,
-2.435444449919E-2));
#5164=CARTESIAN_POINT('',(2.248051143964E-1,2.832697633474E-2,
-3.241986193709E-2));
#5165=CARTESIAN_POINT('',(2.238048616211E-1,1.937209799028E-2,
-3.844719568114E-2));
#5166=CARTESIAN_POINT('',(2.228046088459E-1,9.199387284101E-3,
-4.205753570867E-2));
#5167=CARTESIAN_POINT('',(2.218043560706E-1,-1.551645478281E-3,
-4.302391698345E-2));
#5168=CARTESIAN_POINT('',(2.208041032954E-1,-1.220513361342E-2,
-4.128558767618E-2));
#5169=CARTESIAN_POINT('',(2.198038505201E-1,-2.209134260816E-2,
-3.695182834526E-2));
#5170=CARTESIAN_POINT('',(2.188035977449E-1,-3.058877316725E-2,
-3.029508198390E-2));
#5171=CARTESIAN_POINT('',(2.178033449696E-1,-3.716323194046E-2,
-2.173382681509E-2));
#5172=CARTESIAN_POINT('',(2.168030921944E-1,-4.140141373704E-2,
-1.180626854102E-2));
#5173=CARTESIAN_POINT('',(2.158028394191E-1,-4.303688407225E-2,
-1.136505890959E-3));
#5174=CARTESIAN_POINT('',(2.148025866439E-1,-4.196682864575E-2,
9.604703520005E-3));
#5175=CARTESIAN_POINT('',(2.138023338686E-1,-3.825851679139E-2,
1.974211055617E-2));
#5176=CARTESIAN_POINT('',(2.128020810934E-1,-3.214507257172E-2,
2.863842428709E-2));
#5177=CARTESIAN_POINT('',(2.118018283182E-1,-2.401081936856E-2,
3.573437546032E-2));
#5178=CARTESIAN_POINT('',(2.108015755429E-1,-1.436711928601E-2,
4.058387511944E-2));
#5179=CARTESIAN_POINT('',(2.098013227677E-1,-3.820226228700E-3,
4.288205811117E-2));
#5180=CARTESIAN_POINT('',(2.088010699924E-1,6.966826419627E-3,
4.248444851857E-2));
#5181=CARTESIAN_POINT('',(2.078008172172E-1,1.731590757531E-2,
3.941604217995E-2));
#5182=CARTESIAN_POINT('',(2.068005644419E-1,2.657641935517E-2,
3.386973531852E-2));
#5183=CARTESIAN_POINT('',(2.058003116667E-1,3.416619709445E-2,
2.619419806735E-2));
#5184=CARTESIAN_POINT('',(2.048000588914E-1,3.960810729148E-2,
1.687195522384E-2));
#5185=CARTESIAN_POINT('',(2.037998061162E-1,4.256004273871E-2,
6.489052193320E-3));
#5186=CARTESIAN_POINT('',(2.027995533409E-1,4.283642918812E-2,
-4.301786919385E-3));
#5187=CARTESIAN_POINT('',(2.017993005657E-1,4.041989152820E-2,
-1.482219299351E-2));
#5188=CARTESIAN_POINT('',(2.007990477905E-1,3.546234607529E-2,
-2.441079775678E-2));
#5189=CARTESIAN_POINT('',(1.997987950152E-1,2.827545031160E-2,
-3.246481088776E-2));
#5190=CARTESIAN_POINT('',(1.987985422400E-1,1.931101045112E-2,
-3.847791459500E-2));
#5191=CARTESIAN_POINT('',(1.977982894647E-1,9.132578512849E-3,
-4.207209343830E-2));
#5192=CARTESIAN_POINT('',(1.967980366895E-1,-1.619975524619E-3,
-4.302139833186E-2));
#5193=CARTESIAN_POINT('',(1.957977839142E-1,-1.227068936564E-2,
-4.126615105843E-2));
#5194=CARTESIAN_POINT('',(1.947975311390E-1,-2.215000281733E-2,
-3.691669535379E-2));
#5195=CARTESIAN_POINT('',(1.937972783637E-1,-3.063685039754E-2,
-3.024646236864E-2));
#5196=CARTESIAN_POINT('',(1.927970255885E-1,-3.719770285299E-2,
-2.167477293943E-2));
#5197=CARTESIAN_POINT('',(1.917967728132E-1,-4.142011485501E-2,
-1.174050822812E-2));
#5198=CARTESIAN_POINT('',(1.907965200380E-1,-4.303862650803E-2,
-1.068115764712E-3));
#5199=CARTESIAN_POINT('',(1.901296848545E-1,-4.231391034288E-2,
6.091434620820E-3));
#5200=CARTESIAN_POINT('',(1.897962672628E-1,-4.151197218770E-2,
9.570012546619E-3));
#5201=CARTESIAN_POINT('',(2.536433248418E-1,4.177358000082E-2,
6.504984955644E-3));
#5202=CARTESIAN_POINT('',(2.533099072501E-1,4.231867809859E-2,
3.004485085010E-3));
#5203=CARTESIAN_POINT('',(2.526430720666E-1,4.252419397707E-2,
-4.133999476621E-3));
#5204=CARTESIAN_POINT('',(2.516428192913E-1,4.015920601761E-2,
-1.458205691699E-2));
#5205=CARTESIAN_POINT('',(2.506425665161E-1,3.526958933544E-2,
-2.411335148985E-2));
#5206=CARTESIAN_POINT('',(2.496423137408E-1,2.816274245978E-2,
-3.212876895450E-2));
#5207=CARTESIAN_POINT('',(2.486420609656E-1,1.928543625166E-2,
-3.812439821881E-2));
#5208=CARTESIAN_POINT('',(2.476418081903E-1,9.195745869340E-3,
-4.172332763094E-2));
#5209=CARTESIAN_POINT('',(2.466415554151E-1,-1.472037696999E-3,
-4.269930807682E-2));
#5210=CARTESIAN_POINT('',(2.456413026399E-1,-1.204728118912E-2,
-4.099098465022E-2));
#5211=CARTESIAN_POINT('',(2.446410498646E-1,-2.186516898100E-2,
-3.670575148026E-2));
#5212=CARTESIAN_POINT('',(2.436407970894E-1,-3.030849680470E-2,
-3.011300097657E-2));
#5213=CARTESIAN_POINT('',(2.426405443141E-1,-3.684647249474E-2,
-2.162718823738E-2));
#5214=CARTESIAN_POINT('',(2.416402915389E-1,-4.106808437929E-2,
-1.178177625737E-2));
#5215=CARTESIAN_POINT('',(2.406400387636E-1,-4.270793964583E-2,
-1.195699615516E-3));
#5216=CARTESIAN_POINT('',(2.396397859884E-1,-4.166294833408E-2,
9.465545017267E-3));
#5217=CARTESIAN_POINT('',(2.386395332131E-1,-3.799880411532E-2,
1.953173551347E-2));
#5218=CARTESIAN_POINT('',(2.376392804379E-1,-3.194585444131E-2,
2.837005799038E-2));
#5219=CARTESIAN_POINT('',(2.366390276626E-1,-2.388461968732E-2,
3.542488883193E-2));
#5220=CARTESIAN_POINT('',(2.356387748874E-1,-1.432187163223E-2,
4.025272412288E-2));
#5221=CARTESIAN_POINT('',(2.346385221121E-1,-3.858775108780E-3,
4.255006064652E-2));
#5222=CARTESIAN_POINT('',(2.336382693369E-1,6.846904391815E-3,
4.217247569935E-2));
#5223=CARTESIAN_POINT('',(2.326380165617E-1,1.712215133161E-2,
3.914370626474E-2));
#5224=CARTESIAN_POINT('',(2.316377637864E-1,2.632100943605E-2,
3.365415678085E-2));
#5225=CARTESIAN_POINT('',(2.306375110112E-1,3.386518991597E-2,
2.604892931231E-2));
#5226=CARTESIAN_POINT('',(2.296372582359E-1,3.928042575415E-2,
1.680612861237E-2));
#5227=CARTESIAN_POINT('',(2.286370054607E-1,4.222628663407E-2,
6.506805933774E-3));
#5228=CARTESIAN_POINT('',(2.276367526854E-1,4.251758018709E-2,
-4.201568920877E-3));
#5229=CARTESIAN_POINT('',(2.266364999102E-1,4.013599416247E-2,
-1.464581096945E-2));
#5230=CARTESIAN_POINT('',(2.256362471349E-1,3.523124763217E-2,
-2.416934001257E-2));
#5231=CARTESIAN_POINT('',(2.246359943597E-1,2.811167885948E-2,
-3.217345673166E-2));
#5232=CARTESIAN_POINT('',(2.236357415844E-1,1.922486152783E-2,
-3.815498008908E-2));
#5233=CARTESIAN_POINT('',(2.226354888092E-1,9.129467895857E-3,
-4.173787994497E-2));
#5234=CARTESIAN_POINT('',(2.216352360340E-1,-1.539852290402E-3,
-4.269691629716E-2));
#5235=CARTESIAN_POINT('',(2.206349832587E-1,-1.211236923147E-2,
-4.097179905695E-2));
#5236=CARTESIAN_POINT('',(2.196347304835E-1,-2.192343869098E-2,
-3.667097820246E-2));
#5237=CARTESIAN_POINT('',(2.186344777082E-1,-3.035628504158E-2,
-3.006482604036E-2));
#5238=CARTESIAN_POINT('',(2.176342249330E-1,-3.688077503738E-2,
-2.156864017514E-2));
#5239=CARTESIAN_POINT('',(2.166339721577E-1,-4.108674478883E-2,
-1.171653570900E-2));
#5240=CARTESIAN_POINT('',(2.156337193825E-1,-4.270978483039E-2,
-1.127867946476E-3));
#5241=CARTESIAN_POINT('',(2.146334666072E-1,-4.164786229561E-2,
9.531703550155E-3));
#5242=CARTESIAN_POINT('',(2.136332138320E-1,-3.796773524186E-2,
1.959206183552E-2));
#5243=CARTESIAN_POINT('',(2.126329610567E-1,-3.190075588629E-2,
2.842075967046E-2));
#5244=CARTESIAN_POINT('',(2.116327082815E-1,-2.382832658403E-2,
3.546277849475E-2));
#5245=CARTESIAN_POINT('',(2.106324555062E-1,-1.425792286235E-2,
4.027541982418E-2));
#5246=CARTESIAN_POINT('',(2.096322027310E-1,-3.791190829644E-3,
4.255613561469E-2));
#5247=CARTESIAN_POINT('',(2.086319499558E-1,6.913875475589E-3,
4.216154802982E-2));
#5248=CARTESIAN_POINT('',(2.076316971805E-1,1.718429906410E-2,
3.911646292852E-2));
#5249=CARTESIAN_POINT('',(2.066314444053E-1,2.637442688266E-2,
3.361231043790E-2));
#5250=CARTESIAN_POINT('',(2.056311916300E-1,3.390651897397E-2,
2.599511064470E-2));
#5251=CARTESIAN_POINT('',(2.046309388548E-1,3.930706826075E-2,
1.674372094570E-2));
#5252=CARTESIAN_POINT('',(2.036306860795E-1,4.223656770064E-2,
6.439732543475E-3));
#5253=CARTESIAN_POINT('',(2.026304333043E-1,4.251085349151E-2,
-4.269091447342E-3));
#5254=CARTESIAN_POINT('',(2.016301805290E-1,4.011268258034E-2,
-1.470953780958E-2));
#5255=CARTESIAN_POINT('',(2.006299277538E-1,3.519281665266E-2,
-2.422526496063E-2));
#5256=CARTESIAN_POINT('',(1.996296749785E-1,2.806054445678E-2,
-3.221806405054E-2));
#5257=CARTESIAN_POINT('',(1.986294222033E-1,1.916423828082E-2,
-3.818546552570E-2));
#5258=CARTESIAN_POINT('',(1.976291694281E-1,9.063166900642E-3,
-4.175232702946E-2));
#5259=CARTESIAN_POINT('',(1.966289166528E-1,-1.607662998344E-3,
-4.269441678843E-2));
#5260=CARTESIAN_POINT('',(1.956286638776E-1,-1.217742673115E-2,
-4.095251016604E-2));
#5261=CARTESIAN_POINT('',(1.946284111023E-1,-2.198165305676E-2,
-3.663611223718E-2));
#5262=CARTESIAN_POINT('',(1.936281583271E-1,-3.040399686378E-2,
-3.001657595555E-2));
#5263=CARTESIAN_POINT('',(1.926279055518E-1,-3.691498395583E-2,
-2.151003513490E-2));
#5264=CARTESIAN_POINT('',(1.916276527766E-1,-4.110530377007E-2,
-1.165127520339E-2));
#5265=CARTESIAN_POINT('',(1.906274000013E-1,-4.271151402289E-2,
-1.059997615260E-3));
#5266=CARTESIAN_POINT('',(1.899605648178E-1,-4.199230601924E-2,
6.045137039354E-3));
#5267=CARTESIAN_POINT('',(1.896271472261E-1,-4.119646294664E-2,
9.497276243419E-3));
#5268=CARTESIAN_POINT('',(2.532358368607E-1,4.122580277596E-2,
6.419685045828E-3));
#5269=CARTESIAN_POINT('',(2.529024192689E-1,4.176375299885E-2,
2.965087252649E-3));
#5270=CARTESIAN_POINT('',(2.522355840854E-1,4.196657394628E-2,
-4.079790314734E-3));
#5271=CARTESIAN_POINT('',(2.512353313102E-1,3.963259808924E-2,
-1.439084231028E-2));
#5272=CARTESIAN_POINT('',(2.502350785349E-1,3.480709898226E-2,
-2.379715295573E-2));
#5273=CARTESIAN_POINT('',(2.492348257597E-1,2.779344423567E-2,
-3.170746419930E-2));
#5274=CARTESIAN_POINT('',(2.482345729844E-1,1.903254620130E-2,
-3.762447273827E-2));
#5275=CARTESIAN_POINT('',(2.472343202092E-1,9.075161994252E-3,
-4.117620936573E-2));
#5276=CARTESIAN_POINT('',(2.462340674339E-1,-1.452734857153E-3,
-4.213939177371E-2));
#5277=CARTESIAN_POINT('',(2.452338146587E-1,-1.188930511293E-2,
-4.045346960326E-2));
#5278=CARTESIAN_POINT('',(2.442335618835E-1,-2.157845087867E-2,
-3.622442872358E-2));
#5279=CARTESIAN_POINT('',(2.432333091082E-1,-2.991106128998E-2,
-2.971812899991E-2));
#5280=CARTESIAN_POINT('',(2.422330563330E-1,-3.636330446249E-2,
-2.134359077808E-2));
#5281=CARTESIAN_POINT('',(2.412328035577E-1,-4.052955832308E-2,
-1.162728174907E-2));
#5282=CARTESIAN_POINT('',(2.402325507825E-1,-4.214791015690E-2,
-1.180020398721E-3));
#5283=CARTESIAN_POINT('',(2.392322980072E-1,-4.111662182299E-2,
9.341423264206E-3));
#5284=CARTESIAN_POINT('',(2.382320452320E-1,-3.750052555107E-2,
1.927561573930E-2));
#5285=CARTESIAN_POINT('',(2.372317924567E-1,-3.152694824530E-2,
2.799804123637E-2));
#5286=CARTESIAN_POINT('',(2.362315396815E-1,-2.357142051481E-2,
3.496036203545E-2));
#5287=CARTESIAN_POINT('',(2.352312869062E-1,-1.413406883684E-2,
3.972488989099E-2));
#5288=CARTESIAN_POINT('',(2.342310341310E-1,-3.808174965809E-3,
4.199210142593E-2));
#5289=CARTESIAN_POINT('',(2.332307813557E-1,6.757120890220E-3,
4.161946775261E-2));
#5290=CARTESIAN_POINT('',(2.322305285805E-1,1.689762845041E-2,
3.863041459120E-2));
#5291=CARTESIAN_POINT('',(2.312302758053E-1,2.597586186900E-2,
3.321284960521E-2));
#5292=CARTESIAN_POINT('',(2.302300230300E-1,3.342111546147E-2,
2.570734953368E-2));
#5293=CARTESIAN_POINT('',(2.292297702548E-1,3.876534127706E-2,
1.658574973913E-2));
#5294=CARTESIAN_POINT('',(2.282295174795E-1,4.167257306420E-2,
6.421482145460E-3));
#5295=CARTESIAN_POINT('',(2.272292647043E-1,4.196004688298E-2,
-4.146473720430E-3));
#5296=CARTESIAN_POINT('',(2.262290119290E-1,3.960969061131E-2,
-1.445376035543E-2));
#5297=CARTESIAN_POINT('',(2.252287591538E-1,3.476926005400E-2,
-2.385240730059E-2));
#5298=CARTESIAN_POINT('',(2.242285063785E-1,2.774305023270E-2,
-3.175156598535E-2));
#5299=CARTESIAN_POINT('',(2.232282536033E-1,1.897276579421E-2,
-3.765465358828E-2));
#5300=CARTESIAN_POINT('',(2.222280008280E-1,9.009753124264E-3,
-4.119057085518E-2));
#5301=CARTESIAN_POINT('',(2.212277480528E-1,-1.519660197354E-3,
-4.213703135747E-2));
#5302=CARTESIAN_POINT('',(2.202274952776E-1,-1.195353965536E-2,
-4.043453559080E-2));
#5303=CARTESIAN_POINT('',(2.192272425023E-1,-2.163595649756E-2,
-3.619011142800E-2));
#5304=CARTESIAN_POINT('',(2.182269897271E-1,-2.995822287940E-2,
-2.967058578195E-2));
#5305=CARTESIAN_POINT('',(2.172267369518E-1,-3.639715719567E-2,
-2.128581045695E-2));
#5306=CARTESIAN_POINT('',(2.162264841766E-1,-4.054797403855E-2,
-1.156289670044E-2));
#5307=CARTESIAN_POINT('',(2.152262314013E-1,-4.214973114554E-2,
-1.113078206796E-3));
#5308=CARTESIAN_POINT('',(2.142259786261E-1,-4.110173360784E-2,
9.406714259824E-3));
#5309=CARTESIAN_POINT('',(2.132257258508E-1,-3.746986408395E-2,
1.933515100189E-2));
#5310=CARTESIAN_POINT('',(2.122254730756E-1,-3.148244106793E-2,
2.804807806500E-2));
#5311=CARTESIAN_POINT('',(2.112252203003E-1,-2.351586558334E-2,
3.499775485087E-2));
#5312=CARTESIAN_POINT('',(2.102249675251E-1,-1.407095862760E-2,
3.974728798341E-2));
#5313=CARTESIAN_POINT('',(2.092247147498E-1,-3.741476919763E-3,
4.199809673300E-2));
#5314=CARTESIAN_POINT('',(2.082244619746E-1,6.823213781740E-3,
4.160868337768E-2));
#5315=CARTESIAN_POINT('',(2.072242091994E-1,1.695896123928E-2,
3.860352849702E-2));
#5316=CARTESIAN_POINT('',(2.062239564241E-1,2.602857885229E-2,
3.317155199363E-2));
#5317=CARTESIAN_POINT('',(2.052237036489E-1,3.346190257127E-2,
2.565423659060E-2));
#5318=CARTESIAN_POINT('',(2.042234508736E-1,3.879163442030E-2,
1.652416042459E-2));
#5319=CARTESIAN_POINT('',(2.032231980984E-1,4.168271931508E-2,
6.355288288962E-3));
#5320=CARTESIAN_POINT('',(2.022229453231E-1,4.195340839460E-2,
-4.213110823569E-3));
#5321=CARTESIAN_POINT('',(2.012226925479E-1,3.958668471410E-2,
-1.451665154510E-2));
#5322=CARTESIAN_POINT('',(2.002224397726E-1,3.473133302016E-2,
-2.390759890445E-2));
#5323=CARTESIAN_POINT('',(1.992221869974E-1,2.769258635574E-2,
-3.179558836817E-2));
#5324=CARTESIAN_POINT('',(1.982219342221E-1,1.891293750024E-2,
-3.768473926917E-2));
#5325=CARTESIAN_POINT('',(1.972216814469E-1,8.944321534428E-3,
-4.120482849496E-2));
#5326=CARTESIAN_POINT('',(1.962214286717E-1,-1.586581703044E-3,
-4.213456462482E-2));
#5327=CARTESIAN_POINT('',(1.952211758964E-1,-1.201774405563E-2,
-4.041549963524E-2));
#5328=CARTESIAN_POINT('',(1.942209231212E-1,-2.169340749799E-2,
-3.615570266035E-2));
#5329=CARTESIAN_POINT('',(1.932206703459E-1,-3.000530905617E-2,
-2.962296840081E-2));
#5330=CARTESIAN_POINT('',(1.922204175707E-1,-3.643091753235E-2,
-2.122797390499E-2));
#5331=CARTESIAN_POINT('',(1.912201647954E-1,-4.056628965575E-2,
-1.149849195626E-2));
#5332=CARTESIAN_POINT('',(1.902199120202E-1,-4.215143766313E-2,
-1.046097859672E-3));
#5333=CARTESIAN_POINT('',(1.895530768367E-1,-4.144166063869E-2,
5.965867118240E-3));
#5334=CARTESIAN_POINT('',(1.892196592449E-1,-4.065625346145E-2,
9.372738398584E-3));
#5335=CARTESIAN_POINT('',(2.524396009530E-1,4.062210263117E-2,
6.325676814800E-3));
#5336=CARTESIAN_POINT('',(2.521061833613E-1,4.115217524816E-2,
2.921667270909E-3));
#5337=CARTESIAN_POINT('',(2.514393481778E-1,4.135202613735E-2,
-4.020046905561E-3));
#5338=CARTESIAN_POINT('',(2.504390954025E-1,3.905222842768E-2,
-1.418010648463E-2));
#5339=CARTESIAN_POINT('',(2.494388426273E-1,3.429739269930E-2,
-2.344867351525E-2));
#5340=CARTESIAN_POINT('',(2.484385898520E-1,2.738644412459E-2,
-3.124314817781E-2));
#5341=CARTESIAN_POINT('',(2.474383370768E-1,1.875383844733E-2,
-3.707350955235E-2));
#5342=CARTESIAN_POINT('',(2.464380843015E-1,8.942267635841E-3,
-4.057323545420E-2));
#5343=CARTESIAN_POINT('',(2.454378315263E-1,-1.431461378299E-3,
-4.152231326458E-2));
#5344=CARTESIAN_POINT('',(2.444375787510E-1,-1.171520116019E-2,
-3.986107930854E-2));
#5345=CARTESIAN_POINT('',(2.434373259758E-1,-2.126246154571E-2,
-3.569396742525E-2));
#5346=CARTESIAN_POINT('',(2.424370732005E-1,-2.947305133468E-2,
-2.928294429587E-2));
#5347=CARTESIAN_POINT('',(2.414368204253E-1,-3.583080950324E-2,
-2.103104067656E-2));
#5348=CARTESIAN_POINT('',(2.404365676500E-1,-3.993605380454E-2,
-1.145701479966E-2));
#5349=CARTESIAN_POINT('',(2.394363148748E-1,-4.153070690673E-2,
-1.162740480864E-3));
#5350=CARTESIAN_POINT('',(2.384360620996E-1,-4.051452049624E-2,
9.204629843645E-3));
#5351=CARTESIAN_POINT('',(2.374358093243E-1,-3.695137741616E-2,
1.899334853699E-2));
#5352=CARTESIAN_POINT('',(2.364355565491E-1,-3.106527565341E-2,
2.758804505898E-2));
#5353=CARTESIAN_POINT('',(2.354353037738E-1,-2.322624664264E-2,
3.444841140741E-2));
#5354=CARTESIAN_POINT('',(2.344350509986E-1,-1.392709313646E-2,
3.914316873181E-2));
#5355=CARTESIAN_POINT('',(2.334347982233E-1,-3.752409022554E-3,
4.137717979909E-2));
#5356=CARTESIAN_POINT('',(2.324345454481E-1,6.658171334722E-3,
4.101000287828E-2));
#5357=CARTESIAN_POINT('',(2.314342926728E-1,1.665018388765E-2,
3.806472064926E-2));
#5358=CARTESIAN_POINT('',(2.304340398976E-1,2.559547797068E-2,
3.272648910365E-2));
#5359=CARTESIAN_POINT('',(2.294337871223E-1,3.293170516781E-2,
2.533089766154E-2));
#5360=CARTESIAN_POINT('',(2.284335343471E-1,3.819767150313E-2,
1.634287224871E-2));
#5361=CARTESIAN_POINT('',(2.274332815719E-1,4.106233052922E-2,
6.327447598164E-3));
#5362=CARTESIAN_POINT('',(2.264330287966E-1,4.134559465469E-2,
-4.085753816467E-3));
#5363=CARTESIAN_POINT('',(2.254327760214E-1,3.902965640101E-2,
-1.424210317397E-2));
#5364=CARTESIAN_POINT('',(2.244325232461E-1,3.426010787465E-2,
-2.350311872957E-2));
#5365=CARTESIAN_POINT('',(2.234322704709E-1,2.733678807855E-2,
-3.128660414854E-2));
#5366=CARTESIAN_POINT('',(2.224320176956E-1,1.869493344928E-2,
-3.710324844169E-2));
#5367=CARTESIAN_POINT('',(2.214317649204E-1,8.877816596668E-3,
-4.058738663766E-2));
#5368=CARTESIAN_POINT('',(2.204315121451E-1,-1.497406680881E-3,
-4.151998741366E-2));
#5369=CARTESIAN_POINT('',(2.194312593699E-1,-1.177849506836E-2,
-3.984242256092E-2));
#5370=CARTESIAN_POINT('',(2.184310065946E-1,-2.131912506699E-2,
-3.566015266340E-2));
#5371=CARTESIAN_POINT('',(2.174307538194E-1,-2.951952230180E-2,
-2.923609728866E-2));
#5372=CARTESIAN_POINT('',(2.164305010441E-1,-3.586416650563E-2,
-2.097410647572E-2));
#5373=CARTESIAN_POINT('',(2.154302482689E-1,-3.995419984497E-2,
-1.139357258927E-2));
#5374=CARTESIAN_POINT('',(2.144299954937E-1,-4.153250122928E-2,
-1.096778573330E-3));
#5375=CARTESIAN_POINT('',(2.134297427184E-1,-4.049985030032E-2,
9.268964734569E-3));
#5376=CARTESIAN_POINT('',(2.124294899432E-1,-3.692116494774E-2,
1.905201198037E-2));
#5377=CARTESIAN_POINT('',(2.114292371679E-1,-3.102142022779E-2,
2.763734916104E-2));
#5378=CARTESIAN_POINT('',(2.104289843927E-1,-2.317150524342E-2,
3.448525665198E-2));
#5379=CARTESIAN_POINT('',(2.094287316174E-1,-1.386490709703E-2,
3.916523883228E-2));
#5380=CARTESIAN_POINT('',(2.084284788422E-1,-3.686687685689E-3,
4.138308731241E-2));
#5381=CARTESIAN_POINT('',(2.074282260669E-1,6.723296378789E-3,
4.099937642699E-2));
#5382=CARTESIAN_POINT('',(2.064279732917E-1,1.671061853480E-2,
3.803822826819E-2));
#5383=CARTESIAN_POINT('',(2.054277205164E-1,2.564742297991E-2,
3.268579624376E-2));
#5384=CARTESIAN_POINT('',(2.044274677412E-1,3.297189500157E-2,
2.527856249086E-2));
#5385=CARTESIAN_POINT('',(2.034272149660E-1,3.822357961629E-2,
1.628218483239E-2));
#5386=CARTESIAN_POINT('',(2.024269621907E-1,4.107232820099E-2,
6.262223067623E-3));
#5387=CARTESIAN_POINT('',(2.014267094155E-1,4.133905337865E-2,
-4.151415102857E-3));
#5388=CARTESIAN_POINT('',(2.004264566402E-1,3.900698739630E-2,
-1.430407340109E-2));
#5389=CARTESIAN_POINT('',(1.994262038650E-1,3.422273623463E-2,
-2.355750212165E-2));
#5390=CARTESIAN_POINT('',(1.984259510897E-1,2.728706318174E-2,
-3.132998187881E-2));
#5391=CARTESIAN_POINT('',(1.974256983145E-1,1.863598126559E-2,
-3.713289355553E-2));
#5392=CARTESIAN_POINT('',(1.964254455392E-1,8.813343170351E-3,
-4.060143549219E-2));
#5393=CARTESIAN_POINT('',(1.954251927640E-1,-1.563348205104E-3,
-4.151755680322E-2));
#5394=CARTESIAN_POINT('',(1.944249399887E-1,-1.184175927576E-2,
-3.982366536305E-2));
#5395=CARTESIAN_POINT('',(1.934246872135E-1,-2.137573476961E-2,
-3.562624776896E-2));
#5396=CARTESIAN_POINT('',(1.924244344382E-1,-2.956591896060E-2,
-2.918917720432E-2));
#5397=CARTESIAN_POINT('',(1.914241816630E-1,-3.589743246455E-2,
-2.091711686748E-2));
#5398=CARTESIAN_POINT('',(1.904239288878E-1,-3.997224725294E-2,
-1.133011097174E-2));
#5399=CARTESIAN_POINT('',(1.894236761125E-1,-4.153418275706E-2,
-1.030779069331E-3));
#5400=CARTESIAN_POINT('',(1.887568409290E-1,-4.083479952640E-2,
5.878504481238E-3));
#5401=CARTESIAN_POINT('',(1.884234233373E-1,-4.006089365161E-2,
9.235486407179E-3));
#5402=CARTESIAN_POINT('',(2.515593164564E-1,4.026181978E-2,6.269573542670E-3));
#5403=CARTESIAN_POINT('',(2.512258988646E-1,4.078719111218E-2,
2.895754613849E-3));
#5404=CARTESIAN_POINT('',(2.505590636811E-1,4.098526949715E-2,
-3.984392572891E-3));
#5405=CARTESIAN_POINT('',(2.495588109059E-1,3.870586900039E-2,
-1.405434122721E-2));
#5406=CARTESIAN_POINT('',(2.485585581306E-1,3.399320454484E-2,
-2.324070409951E-2));
#5407=CARTESIAN_POINT('',(2.475583053554E-1,2.714355009564E-2,
-3.096604852574E-2));
#5408=CARTESIAN_POINT('',(2.465580525801E-1,1.858750815055E-2,
-3.674469964692E-2));
#5409=CARTESIAN_POINT('',(2.455577998049E-1,8.862957470411E-3,
-4.021338601254E-2));
#5410=CARTESIAN_POINT('',(2.445575470296E-1,-1.418765556238E-3,
-4.115404632512E-2));
#5411=CARTESIAN_POINT('',(2.435572942544E-1,-1.161129747715E-2,
-3.950754607481E-2));
#5412=CARTESIAN_POINT('',(2.425570414791E-1,-2.107388193578E-2,
-3.537739286311E-2));
#5413=CARTESIAN_POINT('',(2.415567887039E-1,-2.921165090782E-2,
-2.902322995371E-2));
#5414=CARTESIAN_POINT('',(2.405565359286E-1,-3.551302127045E-2,
-2.084451356921E-2));
#5415=CARTESIAN_POINT('',(2.395562831534E-1,-3.958185561200E-2,
-1.135540100592E-2));
#5416=CARTESIAN_POINT('',(2.385560303782E-1,-4.116236552294E-2,
-1.152427980316E-3));
#5417=CARTESIAN_POINT('',(2.375557776029E-1,-4.015519180538E-2,
9.122992752769E-3));
#5418=CARTESIAN_POINT('',(2.365555248277E-1,-3.662365071695E-2,
1.882489399325E-2));
#5419=CARTESIAN_POINT('',(2.355552720524E-1,-3.078975357652E-2,
2.734336300442E-2));
#5420=CARTESIAN_POINT('',(2.345550192772E-1,-2.302024996052E-2,
3.414288384787E-2));
#5421=CARTESIAN_POINT('',(2.335547665019E-1,-1.380357188820E-2,
3.879600274283E-2));
#5422=CARTESIAN_POINT('',(2.325545137267E-1,-3.719128405997E-3,
4.101020006771E-2));
#5423=CARTESIAN_POINT('',(2.315542609514E-1,6.599119124306E-3,
4.064627968803E-2));
#5424=CARTESIAN_POINT('',(2.305540081762E-1,1.650251118400E-2,
3.772711956029E-2));
#5425=CARTESIAN_POINT('',(2.295537554009E-1,2.536846825963E-2,
3.243623350289E-2));
#5426=CARTESIAN_POINT('',(2.285535026257E-1,3.263962947838E-2,
2.510623454857E-2));
#5427=CARTESIAN_POINT('',(2.275532498504E-1,3.785889125529E-2,
1.619792513300E-2));
#5428=CARTESIAN_POINT('',(2.265529970752E-1,4.069814323805E-2,
6.271328620719E-3));
#5429=CARTESIAN_POINT('',(2.255527443E-1,4.097889505618E-2,-4.049516720432E-3));
#5430=CARTESIAN_POINT('',(2.245524915247E-1,3.868349716804E-2,
-1.411578805964E-2));
#5431=CARTESIAN_POINT('',(2.235522387495E-1,3.395625040428E-2,
-2.329466643196E-2));
#5432=CARTESIAN_POINT('',(2.225519859742E-1,2.709433445569E-2,
-3.100911907967E-2));
#5433=CARTESIAN_POINT('',(2.215517331990E-1,1.852912558880E-2,
-3.677417477808E-2));
#5434=CARTESIAN_POINT('',(2.205514804237E-1,8.799078056109E-3,
-4.022741168726E-2));
#5435=CARTESIAN_POINT('',(2.195512276485E-1,-1.484125981129E-3,
-4.115174110249E-2));
#5436=CARTESIAN_POINT('',(2.185509748732E-1,-1.167403002321E-2,
-3.948905479638E-2));
#5437=CARTESIAN_POINT('',(2.175507220980E-1,-2.113004290073E-2,
-3.534387800889E-2));
#5438=CARTESIAN_POINT('',(2.165504693227E-1,-2.925770971773E-2,
-2.897679843887E-2));
#5439=CARTESIAN_POINT('',(2.155502165475E-1,-3.554608242513E-2,
-2.078808432540E-2));
#5440=CARTESIAN_POINT('',(2.145499637723E-1,-3.959984071277E-2,
-1.129252147296E-2));
#5441=CARTESIAN_POINT('',(2.135497109970E-1,-4.116414393140E-2,
-1.087051097746E-3));
#5442=CARTESIAN_POINT('',(2.125494582218E-1,-4.014065172139E-2,
9.186757048957E-3));
#5443=CARTESIAN_POINT('',(2.115492054465E-1,-3.659370620695E-2,
1.888303714273E-2));
#5444=CARTESIAN_POINT('',(2.105489526713E-1,-3.074628711052E-2,
2.739222982182E-2));
#5445=CARTESIAN_POINT('',(2.095486998960E-1,-2.296599407009E-2,
3.417940230705E-2));
#5446=CARTESIAN_POINT('',(2.085484471208E-1,-1.374193738506E-2,
3.881787710062E-2));
#5447=CARTESIAN_POINT('',(2.075481943455E-1,-3.653989960442E-3,
4.101605518651E-2));
#5448=CARTESIAN_POINT('',(2.065479415703E-1,6.663666565664E-3,
4.063574748415E-2));
#5449=CARTESIAN_POINT('',(2.055476887950E-1,1.656240982819E-2,
3.770086214368E-2));
#5450=CARTESIAN_POINT('',(2.045474360198E-1,2.541995256164E-2,
3.239590155341E-2));
#5451=CARTESIAN_POINT('',(2.035471832445E-1,3.267946286314E-2,
2.505436354551E-2));
#5452=CARTESIAN_POINT('',(2.025469304693E-1,3.788456958593E-2,
1.613777596149E-2));
#5453=CARTESIAN_POINT('',(2.015466776941E-1,4.070805223914E-2,
6.206682575247E-3));
#5454=CARTESIAN_POINT('',(2.005464249188E-1,4.097241179558E-2,
-4.114595648107E-3));
#5455=CARTESIAN_POINT('',(1.995461721436E-1,3.866102921776E-2,
-1.417720866454E-2));
#5456=CARTESIAN_POINT('',(1.985459193683E-1,3.391921021833E-2,
-2.334856749047E-2));
#5457=CARTESIAN_POINT('',(1.975456665931E-1,2.704505057564E-2,
-3.105211208706E-2));
#5458=CARTESIAN_POINT('',(1.965454138178E-1,1.847069625989E-2,
-3.680355696545E-2));
#5459=CARTESIAN_POINT('',(1.955451610426E-1,8.735176453217E-3,
-4.024133594063E-2));
#5460=CARTESIAN_POINT('',(1.945449082673E-1,-1.549482661171E-3,
-4.114933204945E-2));
#5461=CARTESIAN_POINT('',(1.935446554921E-1,-1.173673313190E-2,
-3.947046395859E-2));
#5462=CARTESIAN_POINT('',(1.925444027168E-1,-2.118615052434E-2,
-3.531027382149E-2));
#5463=CARTESIAN_POINT('',(1.915441499416E-1,-2.930369487837E-2,
-2.893029449502E-2));
#5464=CARTESIAN_POINT('',(1.905438971664E-1,-3.557905334381E-2,
-2.073160016560E-2));
#5465=CARTESIAN_POINT('',(1.895436443911E-1,-3.961772805587E-2,
-1.122962270500E-2));
#5466=CARTESIAN_POINT('',(1.885433916159E-1,-4.116581054549E-2,
-1.021636952159E-3));
#5467=CARTESIAN_POINT('',(1.878765564324E-1,-4.047263023807E-2,
5.826367240230E-3));
#5468=CARTESIAN_POINT('',(1.875431388406E-1,-3.970558823780E-2,
9.153575645322E-3));
#5469=CARTESIAN_POINT('',(2.506146540155E-1,4.013893324041E-2,
6.250437641670E-3));
#5470=CARTESIAN_POINT('',(2.502812364237E-1,4.066270104187E-2,
2.886916233817E-3));
#5471=CARTESIAN_POINT('',(2.496144012402E-1,4.086017485488E-2,
-3.972231467945E-3));
#5472=CARTESIAN_POINT('',(2.486141484650E-1,3.858773151109E-2,
-1.401144477173E-2));
#5473=CARTESIAN_POINT('',(2.476138956897E-1,3.388945098131E-2,
-2.316976916115E-2));
#5474=CARTESIAN_POINT('',(2.466136429145E-1,2.706070294760E-2,
-3.087153440371E-2));
#5475=CARTESIAN_POINT('',(2.456133901392E-1,1.853077562905E-2,
-3.663254801014E-2));
#5476=CARTESIAN_POINT('',(2.446131373640E-1,8.835906080780E-3,
-4.009064730179E-2));
#5477=CARTESIAN_POINT('',(2.436128845887E-1,-1.414435220683E-3,
-4.102843654467E-2));
#5478=CARTESIAN_POINT('',(2.426126318135E-1,-1.157585764421E-2,
-3.938696171842E-2));
#5479=CARTESIAN_POINT('',(2.416123790383E-1,-2.100956054045E-2,
-3.526941450018E-2));
#5480=CARTESIAN_POINT('',(2.406121262630E-1,-2.912249153262E-2,
-2.893464567421E-2));
#5481=CARTESIAN_POINT('',(2.396118734878E-1,-3.540462894446E-2,
-2.078089224866E-2));
#5482=CARTESIAN_POINT('',(2.386116207125E-1,-3.946104444913E-2,
-1.132074221646E-2));
#5483=CARTESIAN_POINT('',(2.376113679373E-1,-4.103673035076E-2,
-1.148910556429E-3));
#5484=CARTESIAN_POINT('',(2.366111151620E-1,-4.003263071414E-2,
9.095147687239E-3));
#5485=CARTESIAN_POINT('',(2.356108623868E-1,-3.651186854395E-2,
1.876743692614E-2));
#5486=CARTESIAN_POINT('',(2.346106096115E-1,-3.069577753935E-2,
2.725990599034E-2));
#5487=CARTESIAN_POINT('',(2.336103568363E-1,-2.294998788907E-2,
3.403867343536E-2));
#5488=CARTESIAN_POINT('',(2.326101040610E-1,-1.376144082725E-2,
3.867759014863E-2));
#5489=CARTESIAN_POINT('',(2.316098512858E-1,-3.707776936476E-3,
4.088502933271E-2));
#5490=CARTESIAN_POINT('',(2.306095985106E-1,6.578977389085E-3,
4.052221970551E-2));
#5491=CARTESIAN_POINT('',(2.296093457353E-1,1.645214245986E-2,
3.761196939577E-2));
#5492=CARTESIAN_POINT('',(2.286090929601E-1,2.529103899051E-2,
3.233723210369E-2));
#5493=CARTESIAN_POINT('',(2.276088401848E-1,3.254000727695E-2,
2.502960566536E-2));
#5494=CARTESIAN_POINT('',(2.266085874096E-1,3.774333889912E-2,
1.614848606197E-2));
#5495=CARTESIAN_POINT('',(2.256083346343E-1,4.057392495836E-2,
6.252187362896E-3));
#5496=CARTESIAN_POINT('',(2.246080818591E-1,4.085381986988E-2,
-4.037156844512E-3));
#5497=CARTESIAN_POINT('',(2.236078290838E-1,3.856542796172E-2,
-1.407270405703E-2));
#5498=CARTESIAN_POINT('',(2.226075763086E-1,3.385260963164E-2,
-2.322356679055E-2));
#5499=CARTESIAN_POINT('',(2.216073235333E-1,2.701163752291E-2,
-3.091447349832E-2));
#5500=CARTESIAN_POINT('',(2.206070707581E-1,1.847257126170E-2,
-3.666193317774E-2));
#5501=CARTESIAN_POINT('',(2.196068179828E-1,8.772221638296E-3,
-4.010463016755E-2));
#5502=CARTESIAN_POINT('',(2.186065652076E-1,-1.479596153438E-3,
-4.102613835800E-2));
#5503=CARTESIAN_POINT('',(2.176063124324E-1,-1.163839871890E-2,
-3.936852687881E-2));
#5504=CARTESIAN_POINT('',(2.166060596571E-1,-2.106555009171E-2,
-3.523600193951E-2));
#5505=CARTESIAN_POINT('',(2.156058068819E-1,-2.916840976251E-2,
-2.888835587696E-2));
#5506=CARTESIAN_POINT('',(2.146055541066E-1,-3.543758919037E-2,
-2.072463523737E-2));
#5507=CARTESIAN_POINT('',(2.136053013314E-1,-3.947897465604E-2,
-1.125805460349E-2));
#5508=CARTESIAN_POINT('',(2.126050485561E-1,-4.103850333118E-2,
-1.083733216227E-3));
#5509=CARTESIAN_POINT('',(2.116047957809E-1,-4.001813500917E-2,
9.158717362972E-3));
#5510=CARTESIAN_POINT('',(2.106045430056E-1,-3.648201543015E-2,
1.882540261195E-2));
#5511=CARTESIAN_POINT('',(2.096042902304E-1,-3.065244374107E-2,
2.730862365715E-2));
#5512=CARTESIAN_POINT('',(2.086040374551E-1,-2.289589759767E-2,
3.407508043342E-2));
#5513=CARTESIAN_POINT('',(2.076037846799E-1,-1.369999444404E-2,
3.869939774183E-2));
#5514=CARTESIAN_POINT('',(2.066035319046E-1,-3.642837305535E-3,
4.089086658060E-2));
#5515=CARTESIAN_POINT('',(2.056032791294E-1,6.643327819682E-3,
4.051171964787E-2));
#5516=CARTESIAN_POINT('',(2.046030263542E-1,1.651185828228E-2,
3.758579212167E-2));
#5517=CARTESIAN_POINT('',(2.036027735789E-1,2.534236615288E-2,
3.229702325480E-2));
#5518=CARTESIAN_POINT('',(2.026025208037E-1,3.257971908283E-2,
2.497789298221E-2));
#5519=CARTESIAN_POINT('',(2.016022680284E-1,3.776893885473E-2,
1.608852047687E-2));
#5520=CARTESIAN_POINT('',(2.006020152532E-1,4.058380371533E-2,
6.187738629142E-3));
#5521=CARTESIAN_POINT('',(1.996017624779E-1,4.084735639739E-2,
-4.102037139233E-3));
#5522=CARTESIAN_POINT('',(1.986015097027E-1,3.854302858779E-2,
-1.413393719486E-2));
#5523=CARTESIAN_POINT('',(1.976012569274E-1,3.381568249920E-2,
-2.327730333304E-2));
#5524=CARTESIAN_POINT('',(1.966010041522E-1,2.696250406640E-2,
-3.095733528308E-2));
#5525=CARTESIAN_POINT('',(1.956007513769E-1,1.841432026994E-2,
-3.669122568522E-2));
#5526=CARTESIAN_POINT('',(1.946004986017E-1,8.708515074945E-3,
-4.011851192152E-2));
#5527=CARTESIAN_POINT('',(1.936002458265E-1,-1.544753352773E-3,
-4.102373665785E-2));
#5528=CARTESIAN_POINT('',(1.925999930512E-1,-1.170091044608E-2,
-3.934999278370E-2));
#5529=CARTESIAN_POINT('',(1.915997402760E-1,-2.112148646446E-2,
-3.520250031832E-2));
#5530=CARTESIAN_POINT('',(1.905994875007E-1,-2.921425456791E-2,
-2.884199387176E-2));
#5531=CARTESIAN_POINT('',(1.895992347255E-1,-3.547045947569E-2,
-2.066832347770E-2));
#5532=CARTESIAN_POINT('',(1.885989819502E-1,-3.949680740365E-2,
-1.119534781423E-2));
#5533=CARTESIAN_POINT('',(1.875987291750E-1,-4.104016485846E-2,
-1.018518726742E-3));
#5534=CARTESIAN_POINT('',(1.869318939915E-1,-4.034910026587E-2,
5.808584087047E-3));
#5535=CARTESIAN_POINT('',(1.865984763997E-1,-3.958439942001E-2,
9.125637235133E-3));
#5536=CARTESIAN_POINT('',(2.496699915746E-1,4.026181978E-2,6.269573542670E-3));
#5537=CARTESIAN_POINT('',(2.493365739828E-1,4.078719111218E-2,
2.895754613849E-3));
#5538=CARTESIAN_POINT('',(2.486697387993E-1,4.098526949715E-2,
-3.984392572891E-3));
#5539=CARTESIAN_POINT('',(2.476694860241E-1,3.870586900039E-2,
-1.405434122721E-2));
#5540=CARTESIAN_POINT('',(2.466692332489E-1,3.399320454484E-2,
-2.324070409951E-2));
#5541=CARTESIAN_POINT('',(2.456689804736E-1,2.714355009564E-2,
-3.096604852574E-2));
#5542=CARTESIAN_POINT('',(2.446687276984E-1,1.858750815055E-2,
-3.674469964692E-2));
#5543=CARTESIAN_POINT('',(2.436684749231E-1,8.862957470411E-3,
-4.021338601254E-2));
#5544=CARTESIAN_POINT('',(2.426682221479E-1,-1.418765556238E-3,
-4.115404632512E-2));
#5545=CARTESIAN_POINT('',(2.416679693726E-1,-1.161129747715E-2,
-3.950754607481E-2));
#5546=CARTESIAN_POINT('',(2.406677165974E-1,-2.107388193578E-2,
-3.537739286311E-2));
#5547=CARTESIAN_POINT('',(2.396674638221E-1,-2.921165090782E-2,
-2.902322995371E-2));
#5548=CARTESIAN_POINT('',(2.386672110469E-1,-3.551302127045E-2,
-2.084451356921E-2));
#5549=CARTESIAN_POINT('',(2.376669582716E-1,-3.958185561200E-2,
-1.135540100592E-2));
#5550=CARTESIAN_POINT('',(2.366667054964E-1,-4.116236552294E-2,
-1.152427980316E-3));
#5551=CARTESIAN_POINT('',(2.356664527211E-1,-4.015519180538E-2,
9.122992752769E-3));
#5552=CARTESIAN_POINT('',(2.346661999459E-1,-3.662365071695E-2,
1.882489399325E-2));
#5553=CARTESIAN_POINT('',(2.336659471707E-1,-3.078975357652E-2,
2.734336300442E-2));
#5554=CARTESIAN_POINT('',(2.326656943954E-1,-2.302024996052E-2,
3.414288384787E-2));
#5555=CARTESIAN_POINT('',(2.316654416202E-1,-1.380357188820E-2,
3.879600274283E-2));
#5556=CARTESIAN_POINT('',(2.306651888449E-1,-3.719128405997E-3,
4.101020006771E-2));
#5557=CARTESIAN_POINT('',(2.296649360697E-1,6.599119124306E-3,
4.064627968803E-2));
#5558=CARTESIAN_POINT('',(2.286646832944E-1,1.650251118400E-2,
3.772711956029E-2));
#5559=CARTESIAN_POINT('',(2.276644305192E-1,2.536846825963E-2,
3.243623350289E-2));
#5560=CARTESIAN_POINT('',(2.266641777439E-1,3.263962947838E-2,
2.510623454857E-2));
#5561=CARTESIAN_POINT('',(2.256639249687E-1,3.785889125529E-2,
1.619792513300E-2));
#5562=CARTESIAN_POINT('',(2.246636721934E-1,4.069814323805E-2,
6.271328620719E-3));
#5563=CARTESIAN_POINT('',(2.236634194182E-1,4.097889505618E-2,
-4.049516720432E-3));
#5564=CARTESIAN_POINT('',(2.226631666429E-1,3.868349716804E-2,
-1.411578805964E-2));
#5565=CARTESIAN_POINT('',(2.216629138677E-1,3.395625040428E-2,
-2.329466643196E-2));
#5566=CARTESIAN_POINT('',(2.206626610925E-1,2.709433445569E-2,
-3.100911907967E-2));
#5567=CARTESIAN_POINT('',(2.196624083172E-1,1.852912558880E-2,
-3.677417477808E-2));
#5568=CARTESIAN_POINT('',(2.186621555420E-1,8.799078056109E-3,
-4.022741168726E-2));
#5569=CARTESIAN_POINT('',(2.176619027667E-1,-1.484125981129E-3,
-4.115174110249E-2));
#5570=CARTESIAN_POINT('',(2.166616499915E-1,-1.167403002321E-2,
-3.948905479638E-2));
#5571=CARTESIAN_POINT('',(2.156613972162E-1,-2.113004290073E-2,
-3.534387800889E-2));
#5572=CARTESIAN_POINT('',(2.146611444410E-1,-2.925770971773E-2,
-2.897679843887E-2));
#5573=CARTESIAN_POINT('',(2.136608916657E-1,-3.554608242513E-2,
-2.078808432540E-2));
#5574=CARTESIAN_POINT('',(2.126606388905E-1,-3.959984071277E-2,
-1.129252147296E-2));
#5575=CARTESIAN_POINT('',(2.116603861152E-1,-4.116414393140E-2,
-1.087051097746E-3));
#5576=CARTESIAN_POINT('',(2.106601333400E-1,-4.014065172139E-2,
9.186757048957E-3));
#5577=CARTESIAN_POINT('',(2.096598805648E-1,-3.659370620695E-2,
1.888303714273E-2));
#5578=CARTESIAN_POINT('',(2.086596277895E-1,-3.074628711052E-2,
2.739222982182E-2));
#5579=CARTESIAN_POINT('',(2.076593750143E-1,-2.296599407009E-2,
3.417940230705E-2));
#5580=CARTESIAN_POINT('',(2.066591222390E-1,-1.374193738506E-2,
3.881787710062E-2));
#5581=CARTESIAN_POINT('',(2.056588694638E-1,-3.653989960442E-3,
4.101605518651E-2));
#5582=CARTESIAN_POINT('',(2.046586166885E-1,6.663666565664E-3,
4.063574748415E-2));
#5583=CARTESIAN_POINT('',(2.036583639133E-1,1.656240982819E-2,
3.770086214368E-2));
#5584=CARTESIAN_POINT('',(2.026581111380E-1,2.541995256164E-2,
3.239590155341E-2));
#5585=CARTESIAN_POINT('',(2.016578583628E-1,3.267946286314E-2,
2.505436354551E-2));
#5586=CARTESIAN_POINT('',(2.006576055875E-1,3.788456958593E-2,
1.613777596149E-2));
#5587=CARTESIAN_POINT('',(1.996573528123E-1,4.070805223914E-2,
6.206682575247E-3));
#5588=CARTESIAN_POINT('',(1.986571000370E-1,4.097241179558E-2,
-4.114595648107E-3));
#5589=CARTESIAN_POINT('',(1.976568472618E-1,3.866102921776E-2,
-1.417720866454E-2));
#5590=CARTESIAN_POINT('',(1.966565944866E-1,3.391921021833E-2,
-2.334856749047E-2));
#5591=CARTESIAN_POINT('',(1.956563417113E-1,2.704505057564E-2,
-3.105211208706E-2));
#5592=CARTESIAN_POINT('',(1.946560889361E-1,1.847069625989E-2,
-3.680355696545E-2));
#5593=CARTESIAN_POINT('',(1.936558361608E-1,8.735176453217E-3,
-4.024133594063E-2));
#5594=CARTESIAN_POINT('',(1.926555833856E-1,-1.549482661171E-3,
-4.114933204945E-2));
#5595=CARTESIAN_POINT('',(1.916553306103E-1,-1.173673313190E-2,
-3.947046395859E-2));
#5596=CARTESIAN_POINT('',(1.906550778351E-1,-2.118615052434E-2,
-3.531027382149E-2));
#5597=CARTESIAN_POINT('',(1.896548250598E-1,-2.930369487837E-2,
-2.893029449502E-2));
#5598=CARTESIAN_POINT('',(1.886545722846E-1,-3.557905334381E-2,
-2.073160016560E-2));
#5599=CARTESIAN_POINT('',(1.876543195093E-1,-3.961772805587E-2,
-1.122962270500E-2));
#5600=CARTESIAN_POINT('',(1.866540667341E-1,-4.116581054549E-2,
-1.021636952159E-3));
#5601=CARTESIAN_POINT('',(1.859872315506E-1,-4.047263023807E-2,
5.826367240230E-3));
#5602=CARTESIAN_POINT('',(1.856538139589E-1,-3.970558823780E-2,
9.153575645322E-3));
#5603=CARTESIAN_POINT('',(2.487897070779E-1,4.062210263117E-2,
6.325676814800E-3));
#5604=CARTESIAN_POINT('',(2.484562894862E-1,4.115217524816E-2,
2.921667270909E-3));
#5605=CARTESIAN_POINT('',(2.477894543027E-1,4.135202613735E-2,
-4.020046905561E-3));
#5606=CARTESIAN_POINT('',(2.467892015274E-1,3.905222842768E-2,
-1.418010648463E-2));
#5607=CARTESIAN_POINT('',(2.457889487522E-1,3.429739269930E-2,
-2.344867351525E-2));
#5608=CARTESIAN_POINT('',(2.447886959770E-1,2.738644412459E-2,
-3.124314817781E-2));
#5609=CARTESIAN_POINT('',(2.437884432017E-1,1.875383844733E-2,
-3.707350955235E-2));
#5610=CARTESIAN_POINT('',(2.427881904265E-1,8.942267635841E-3,
-4.057323545420E-2));
#5611=CARTESIAN_POINT('',(2.417879376512E-1,-1.431461378299E-3,
-4.152231326458E-2));
#5612=CARTESIAN_POINT('',(2.407876848760E-1,-1.171520116019E-2,
-3.986107930854E-2));
#5613=CARTESIAN_POINT('',(2.397874321007E-1,-2.126246154571E-2,
-3.569396742525E-2));
#5614=CARTESIAN_POINT('',(2.387871793255E-1,-2.947305133468E-2,
-2.928294429587E-2));
#5615=CARTESIAN_POINT('',(2.377869265502E-1,-3.583080950324E-2,
-2.103104067656E-2));
#5616=CARTESIAN_POINT('',(2.367866737750E-1,-3.993605380454E-2,
-1.145701479966E-2));
#5617=CARTESIAN_POINT('',(2.357864209997E-1,-4.153070690673E-2,
-1.162740480864E-3));
#5618=CARTESIAN_POINT('',(2.347861682245E-1,-4.051452049624E-2,
9.204629843645E-3));
#5619=CARTESIAN_POINT('',(2.337859154493E-1,-3.695137741616E-2,
1.899334853699E-2));
#5620=CARTESIAN_POINT('',(2.327856626740E-1,-3.106527565341E-2,
2.758804505898E-2));
#5621=CARTESIAN_POINT('',(2.317854098988E-1,-2.322624664264E-2,
3.444841140741E-2));
#5622=CARTESIAN_POINT('',(2.307851571235E-1,-1.392709313646E-2,
3.914316873181E-2));
#5623=CARTESIAN_POINT('',(2.297849043483E-1,-3.752409022554E-3,
4.137717979909E-2));
#5624=CARTESIAN_POINT('',(2.287846515730E-1,6.658171334722E-3,
4.101000287828E-2));
#5625=CARTESIAN_POINT('',(2.277843987978E-1,1.665018388765E-2,
3.806472064926E-2));
#5626=CARTESIAN_POINT('',(2.267841460225E-1,2.559547797068E-2,
3.272648910365E-2));
#5627=CARTESIAN_POINT('',(2.257838932473E-1,3.293170516781E-2,
2.533089766154E-2));
#5628=CARTESIAN_POINT('',(2.247836404720E-1,3.819767150313E-2,
1.634287224871E-2));
#5629=CARTESIAN_POINT('',(2.237833876968E-1,4.106233052922E-2,
6.327447598164E-3));
#5630=CARTESIAN_POINT('',(2.227831349215E-1,4.134559465469E-2,
-4.085753816467E-3));
#5631=CARTESIAN_POINT('',(2.217828821463E-1,3.902965640101E-2,
-1.424210317397E-2));
#5632=CARTESIAN_POINT('',(2.207826293711E-1,3.426010787465E-2,
-2.350311872957E-2));
#5633=CARTESIAN_POINT('',(2.197823765958E-1,2.733678807855E-2,
-3.128660414854E-2));
#5634=CARTESIAN_POINT('',(2.187821238206E-1,1.869493344928E-2,
-3.710324844169E-2));
#5635=CARTESIAN_POINT('',(2.177818710453E-1,8.877816596668E-3,
-4.058738663766E-2));
#5636=CARTESIAN_POINT('',(2.167816182701E-1,-1.497406680881E-3,
-4.151998741366E-2));
#5637=CARTESIAN_POINT('',(2.157813654948E-1,-1.177849506836E-2,
-3.984242256092E-2));
#5638=CARTESIAN_POINT('',(2.147811127196E-1,-2.131912506699E-2,
-3.566015266340E-2));
#5639=CARTESIAN_POINT('',(2.137808599443E-1,-2.951952230180E-2,
-2.923609728866E-2));
#5640=CARTESIAN_POINT('',(2.127806071691E-1,-3.586416650563E-2,
-2.097410647572E-2));
#5641=CARTESIAN_POINT('',(2.117803543938E-1,-3.995419984497E-2,
-1.139357258927E-2));
#5642=CARTESIAN_POINT('',(2.107801016186E-1,-4.153250122928E-2,
-1.096778573330E-3));
#5643=CARTESIAN_POINT('',(2.097798488433E-1,-4.049985030032E-2,
9.268964734569E-3));
#5644=CARTESIAN_POINT('',(2.087795960681E-1,-3.692116494774E-2,
1.905201198037E-2));
#5645=CARTESIAN_POINT('',(2.077793432929E-1,-3.102142022779E-2,
2.763734916104E-2));
#5646=CARTESIAN_POINT('',(2.067790905176E-1,-2.317150524342E-2,
3.448525665198E-2));
#5647=CARTESIAN_POINT('',(2.057788377424E-1,-1.386490709703E-2,
3.916523883228E-2));
#5648=CARTESIAN_POINT('',(2.047785849671E-1,-3.686687685689E-3,
4.138308731241E-2));
#5649=CARTESIAN_POINT('',(2.037783321919E-1,6.723296378789E-3,
4.099937642699E-2));
#5650=CARTESIAN_POINT('',(2.027780794166E-1,1.671061853480E-2,
3.803822826819E-2));
#5651=CARTESIAN_POINT('',(2.017778266414E-1,2.564742297991E-2,
3.268579624376E-2));
#5652=CARTESIAN_POINT('',(2.007775738661E-1,3.297189500157E-2,
2.527856249086E-2));
#5653=CARTESIAN_POINT('',(1.997773210909E-1,3.822357961629E-2,
1.628218483239E-2));
#5654=CARTESIAN_POINT('',(1.987770683156E-1,4.107232820099E-2,
6.262223067624E-3));
#5655=CARTESIAN_POINT('',(1.977768155404E-1,4.133905337865E-2,
-4.151415102857E-3));
#5656=CARTESIAN_POINT('',(1.967765627652E-1,3.900698739630E-2,
-1.430407340109E-2));
#5657=CARTESIAN_POINT('',(1.957763099899E-1,3.422273623463E-2,
-2.355750212165E-2));
#5658=CARTESIAN_POINT('',(1.947760572147E-1,2.728706318174E-2,
-3.132998187881E-2));
#5659=CARTESIAN_POINT('',(1.937758044394E-1,1.863598126559E-2,
-3.713289355553E-2));
#5660=CARTESIAN_POINT('',(1.927755516642E-1,8.813343170351E-3,
-4.060143549219E-2));
#5661=CARTESIAN_POINT('',(1.917752988889E-1,-1.563348205104E-3,
-4.151755680322E-2));
#5662=CARTESIAN_POINT('',(1.907750461137E-1,-1.184175927576E-2,
-3.982366536305E-2));
#5663=CARTESIAN_POINT('',(1.897747933384E-1,-2.137573476961E-2,
-3.562624776896E-2));
#5664=CARTESIAN_POINT('',(1.887745405632E-1,-2.956591896060E-2,
-2.918917720432E-2));
#5665=CARTESIAN_POINT('',(1.877742877879E-1,-3.589743246455E-2,
-2.091711686748E-2));
#5666=CARTESIAN_POINT('',(1.867740350127E-1,-3.997224725294E-2,
-1.133011097174E-2));
#5667=CARTESIAN_POINT('',(1.857737822375E-1,-4.153418275706E-2,
-1.030779069331E-3));
#5668=CARTESIAN_POINT('',(1.851069470540E-1,-4.083479952640E-2,
5.878504481238E-3));
#5669=CARTESIAN_POINT('',(1.847735294622E-1,-4.006089365161E-2,
9.235486407179E-3));
#5670=CARTESIAN_POINT('',(2.479934711703E-1,4.122580277596E-2,
6.419685045828E-3));
#5671=CARTESIAN_POINT('',(2.476600535785E-1,4.176375299885E-2,
2.965087252649E-3));
#5672=CARTESIAN_POINT('',(2.469932183950E-1,4.196657394628E-2,
-4.079790314734E-3));
#5673=CARTESIAN_POINT('',(2.459929656198E-1,3.963259808924E-2,
-1.439084231028E-2));
#5674=CARTESIAN_POINT('',(2.449927128445E-1,3.480709898226E-2,
-2.379715295573E-2));
#5675=CARTESIAN_POINT('',(2.439924600693E-1,2.779344423567E-2,
-3.170746419930E-2));
#5676=CARTESIAN_POINT('',(2.429922072940E-1,1.903254620130E-2,
-3.762447273827E-2));
#5677=CARTESIAN_POINT('',(2.419919545188E-1,9.075161994252E-3,
-4.117620936573E-2));
#5678=CARTESIAN_POINT('',(2.409917017436E-1,-1.452734857153E-3,
-4.213939177371E-2));
#5679=CARTESIAN_POINT('',(2.399914489683E-1,-1.188930511293E-2,
-4.045346960326E-2));
#5680=CARTESIAN_POINT('',(2.389911961931E-1,-2.157845087867E-2,
-3.622442872358E-2));
#5681=CARTESIAN_POINT('',(2.379909434178E-1,-2.991106128998E-2,
-2.971812899991E-2));
#5682=CARTESIAN_POINT('',(2.369906906426E-1,-3.636330446249E-2,
-2.134359077808E-2));
#5683=CARTESIAN_POINT('',(2.359904378673E-1,-4.052955832308E-2,
-1.162728174907E-2));
#5684=CARTESIAN_POINT('',(2.349901850921E-1,-4.214791015690E-2,
-1.180020398721E-3));
#5685=CARTESIAN_POINT('',(2.339899323168E-1,-4.111662182299E-2,
9.341423264206E-3));
#5686=CARTESIAN_POINT('',(2.329896795416E-1,-3.750052555107E-2,
1.927561573930E-2));
#5687=CARTESIAN_POINT('',(2.319894267663E-1,-3.152694824530E-2,
2.799804123637E-2));
#5688=CARTESIAN_POINT('',(2.309891739911E-1,-2.357142051481E-2,
3.496036203545E-2));
#5689=CARTESIAN_POINT('',(2.299889212158E-1,-1.413406883684E-2,
3.972488989099E-2));
#5690=CARTESIAN_POINT('',(2.289886684406E-1,-3.808174965809E-3,
4.199210142593E-2));
#5691=CARTESIAN_POINT('',(2.279884156654E-1,6.757120890220E-3,
4.161946775261E-2));
#5692=CARTESIAN_POINT('',(2.269881628901E-1,1.689762845041E-2,
3.863041459120E-2));
#5693=CARTESIAN_POINT('',(2.259879101149E-1,2.597586186900E-2,
3.321284960521E-2));
#5694=CARTESIAN_POINT('',(2.249876573396E-1,3.342111546147E-2,
2.570734953368E-2));
#5695=CARTESIAN_POINT('',(2.239874045644E-1,3.876534127706E-2,
1.658574973913E-2));
#5696=CARTESIAN_POINT('',(2.229871517891E-1,4.167257306420E-2,
6.421482145460E-3));
#5697=CARTESIAN_POINT('',(2.219868990139E-1,4.196004688298E-2,
-4.146473720430E-3));
#5698=CARTESIAN_POINT('',(2.209866462386E-1,3.960969061131E-2,
-1.445376035543E-2));
#5699=CARTESIAN_POINT('',(2.199863934634E-1,3.476926005400E-2,
-2.385240730059E-2));
#5700=CARTESIAN_POINT('',(2.189861406881E-1,2.774305023270E-2,
-3.175156598535E-2));
#5701=CARTESIAN_POINT('',(2.179858879129E-1,1.897276579421E-2,
-3.765465358828E-2));
#5702=CARTESIAN_POINT('',(2.169856351376E-1,9.009753124264E-3,
-4.119057085518E-2));
#5703=CARTESIAN_POINT('',(2.159853823624E-1,-1.519660197354E-3,
-4.213703135747E-2));
#5704=CARTESIAN_POINT('',(2.149851295872E-1,-1.195353965536E-2,
-4.043453559080E-2));
#5705=CARTESIAN_POINT('',(2.139848768119E-1,-2.163595649756E-2,
-3.619011142800E-2));
#5706=CARTESIAN_POINT('',(2.129846240367E-1,-2.995822287940E-2,
-2.967058578195E-2));
#5707=CARTESIAN_POINT('',(2.119843712614E-1,-3.639715719567E-2,
-2.128581045695E-2));
#5708=CARTESIAN_POINT('',(2.109841184862E-1,-4.054797403855E-2,
-1.156289670044E-2));
#5709=CARTESIAN_POINT('',(2.099838657109E-1,-4.214973114554E-2,
-1.113078206796E-3));
#5710=CARTESIAN_POINT('',(2.089836129357E-1,-4.110173360784E-2,
9.406714259824E-3));
#5711=CARTESIAN_POINT('',(2.079833601604E-1,-3.746986408395E-2,
1.933515100189E-2));
#5712=CARTESIAN_POINT('',(2.069831073852E-1,-3.148244106793E-2,
2.804807806500E-2));
#5713=CARTESIAN_POINT('',(2.059828546099E-1,-2.351586558334E-2,
3.499775485087E-2));
#5714=CARTESIAN_POINT('',(2.049826018347E-1,-1.407095862760E-2,
3.974728798341E-2));
#5715=CARTESIAN_POINT('',(2.039823490595E-1,-3.741476919763E-3,
4.199809673300E-2));
#5716=CARTESIAN_POINT('',(2.029820962842E-1,6.823213781740E-3,
4.160868337768E-2));
#5717=CARTESIAN_POINT('',(2.019818435090E-1,1.695896123928E-2,
3.860352849702E-2));
#5718=CARTESIAN_POINT('',(2.009815907337E-1,2.602857885229E-2,
3.317155199363E-2));
#5719=CARTESIAN_POINT('',(1.999813379585E-1,3.346190257127E-2,
2.565423659060E-2));
#5720=CARTESIAN_POINT('',(1.989810851832E-1,3.879163442030E-2,
1.652416042459E-2));
#5721=CARTESIAN_POINT('',(1.979808324080E-1,4.168271931508E-2,
6.355288288962E-3));
#5722=CARTESIAN_POINT('',(1.969805796327E-1,4.195340839460E-2,
-4.213110823569E-3));
#5723=CARTESIAN_POINT('',(1.959803268575E-1,3.958668471410E-2,
-1.451665154510E-2));
#5724=CARTESIAN_POINT('',(1.949800740822E-1,3.473133302016E-2,
-2.390759890445E-2));
#5725=CARTESIAN_POINT('',(1.939798213070E-1,2.769258635574E-2,
-3.179558836817E-2));
#5726=CARTESIAN_POINT('',(1.929795685318E-1,1.891293750024E-2,
-3.768473926917E-2));
#5727=CARTESIAN_POINT('',(1.919793157565E-1,8.944321534428E-3,
-4.120482849496E-2));
#5728=CARTESIAN_POINT('',(1.909790629813E-1,-1.586581703044E-3,
-4.213456462482E-2));
#5729=CARTESIAN_POINT('',(1.899788102060E-1,-1.201774405563E-2,
-4.041549963524E-2));
#5730=CARTESIAN_POINT('',(1.889785574308E-1,-2.169340749799E-2,
-3.615570266035E-2));
#5731=CARTESIAN_POINT('',(1.879783046555E-1,-3.000530905617E-2,
-2.962296840081E-2));
#5732=CARTESIAN_POINT('',(1.869780518803E-1,-3.643091753235E-2,
-2.122797390499E-2));
#5733=CARTESIAN_POINT('',(1.859777991050E-1,-4.056628965575E-2,
-1.149849195626E-2));
#5734=CARTESIAN_POINT('',(1.849775463298E-1,-4.215143766313E-2,
-1.046097859672E-3));
#5735=CARTESIAN_POINT('',(1.843107111463E-1,-4.144166063869E-2,
5.965867118240E-3));
#5736=CARTESIAN_POINT('',(1.839772935545E-1,-4.065625346145E-2,
9.372738398584E-3));
#5737=CARTESIAN_POINT('',(2.475859831891E-1,4.177358000082E-2,
6.504984955644E-3));
#5738=CARTESIAN_POINT('',(2.472525655974E-1,4.231867809859E-2,
3.004485085010E-3));
#5739=CARTESIAN_POINT('',(2.465857304139E-1,4.252419397707E-2,
-4.133999476621E-3));
#5740=CARTESIAN_POINT('',(2.455854776386E-1,4.015920601761E-2,
-1.458205691699E-2));
#5741=CARTESIAN_POINT('',(2.445852248634E-1,3.526958933544E-2,
-2.411335148985E-2));
#5742=CARTESIAN_POINT('',(2.435849720881E-1,2.816274245978E-2,
-3.212876895450E-2));
#5743=CARTESIAN_POINT('',(2.425847193129E-1,1.928543625166E-2,
-3.812439821881E-2));
#5744=CARTESIAN_POINT('',(2.415844665376E-1,9.195745869340E-3,
-4.172332763094E-2));
#5745=CARTESIAN_POINT('',(2.405842137624E-1,-1.472037696999E-3,
-4.269930807682E-2));
#5746=CARTESIAN_POINT('',(2.395839609872E-1,-1.204728118912E-2,
-4.099098465022E-2));
#5747=CARTESIAN_POINT('',(2.385837082119E-1,-2.186516898100E-2,
-3.670575148026E-2));
#5748=CARTESIAN_POINT('',(2.375834554367E-1,-3.030849680470E-2,
-3.011300097657E-2));
#5749=CARTESIAN_POINT('',(2.365832026614E-1,-3.684647249474E-2,
-2.162718823738E-2));
#5750=CARTESIAN_POINT('',(2.355829498862E-1,-4.106808437929E-2,
-1.178177625737E-2));
#5751=CARTESIAN_POINT('',(2.345826971109E-1,-4.270793964583E-2,
-1.195699615516E-3));
#5752=CARTESIAN_POINT('',(2.335824443357E-1,-4.166294833408E-2,
9.465545017267E-3));
#5753=CARTESIAN_POINT('',(2.325821915604E-1,-3.799880411532E-2,
1.953173551347E-2));
#5754=CARTESIAN_POINT('',(2.315819387852E-1,-3.194585444131E-2,
2.837005799038E-2));
#5755=CARTESIAN_POINT('',(2.305816860099E-1,-2.388461968732E-2,
3.542488883193E-2));
#5756=CARTESIAN_POINT('',(2.295814332347E-1,-1.432187163223E-2,
4.025272412288E-2));
#5757=CARTESIAN_POINT('',(2.285811804594E-1,-3.858775108780E-3,
4.255006064652E-2));
#5758=CARTESIAN_POINT('',(2.275809276842E-1,6.846904391815E-3,
4.217247569935E-2));
#5759=CARTESIAN_POINT('',(2.265806749090E-1,1.712215133161E-2,
3.914370626474E-2));
#5760=CARTESIAN_POINT('',(2.255804221337E-1,2.632100943605E-2,
3.365415678085E-2));
#5761=CARTESIAN_POINT('',(2.245801693585E-1,3.386518991597E-2,
2.604892931231E-2));
#5762=CARTESIAN_POINT('',(2.235799165832E-1,3.928042575415E-2,
1.680612861237E-2));
#5763=CARTESIAN_POINT('',(2.225796638080E-1,4.222628663407E-2,
6.506805933774E-3));
#5764=CARTESIAN_POINT('',(2.215794110327E-1,4.251758018709E-2,
-4.201568920877E-3));
#5765=CARTESIAN_POINT('',(2.205791582575E-1,4.013599416247E-2,
-1.464581096945E-2));
#5766=CARTESIAN_POINT('',(2.195789054822E-1,3.523124763217E-2,
-2.416934001257E-2));
#5767=CARTESIAN_POINT('',(2.185786527070E-1,2.811167885948E-2,
-3.217345673166E-2));
#5768=CARTESIAN_POINT('',(2.175783999317E-1,1.922486152783E-2,
-3.815498008908E-2));
#5769=CARTESIAN_POINT('',(2.165781471565E-1,9.129467895857E-3,
-4.173787994497E-2));
#5770=CARTESIAN_POINT('',(2.155778943812E-1,-1.539852290402E-3,
-4.269691629716E-2));
#5771=CARTESIAN_POINT('',(2.145776416060E-1,-1.211236923147E-2,
-4.097179905695E-2));
#5772=CARTESIAN_POINT('',(2.135773888308E-1,-2.192343869098E-2,
-3.667097820246E-2));
#5773=CARTESIAN_POINT('',(2.125771360555E-1,-3.035628504158E-2,
-3.006482604036E-2));
#5774=CARTESIAN_POINT('',(2.115768832803E-1,-3.688077503738E-2,
-2.156864017514E-2));
#5775=CARTESIAN_POINT('',(2.105766305050E-1,-4.108674478883E-2,
-1.171653570900E-2));
#5776=CARTESIAN_POINT('',(2.095763777298E-1,-4.270978483039E-2,
-1.127867946476E-3));
#5777=CARTESIAN_POINT('',(2.085761249545E-1,-4.164786229561E-2,
9.531703550155E-3));
#5778=CARTESIAN_POINT('',(2.075758721793E-1,-3.796773524186E-2,
1.959206183552E-2));
#5779=CARTESIAN_POINT('',(2.065756194040E-1,-3.190075588629E-2,
2.842075967046E-2));
#5780=CARTESIAN_POINT('',(2.055753666288E-1,-2.382832658403E-2,
3.546277849475E-2));
#5781=CARTESIAN_POINT('',(2.045751138535E-1,-1.425792286235E-2,
4.027541982418E-2));
#5782=CARTESIAN_POINT('',(2.035748610783E-1,-3.791190829644E-3,
4.255613561469E-2));
#5783=CARTESIAN_POINT('',(2.025746083031E-1,6.913875475589E-3,
4.216154802982E-2));
#5784=CARTESIAN_POINT('',(2.015743555278E-1,1.718429906410E-2,
3.911646292852E-2));
#5785=CARTESIAN_POINT('',(2.005741027526E-1,2.637442688266E-2,
3.361231043790E-2));
#5786=CARTESIAN_POINT('',(1.995738499773E-1,3.390651897397E-2,
2.599511064470E-2));
#5787=CARTESIAN_POINT('',(1.985735972021E-1,3.930706826075E-2,
1.674372094570E-2));
#5788=CARTESIAN_POINT('',(1.975733444268E-1,4.223656770064E-2,
6.439732543475E-3));
#5789=CARTESIAN_POINT('',(1.965730916516E-1,4.251085349151E-2,
-4.269091447342E-3));
#5790=CARTESIAN_POINT('',(1.955728388763E-1,4.011268258034E-2,
-1.470953780958E-2));
#5791=CARTESIAN_POINT('',(1.945725861011E-1,3.519281665266E-2,
-2.422526496063E-2));
#5792=CARTESIAN_POINT('',(1.935723333258E-1,2.806054445678E-2,
-3.221806405054E-2));
#5793=CARTESIAN_POINT('',(1.925720805506E-1,1.916423828082E-2,
-3.818546552570E-2));
#5794=CARTESIAN_POINT('',(1.915718277754E-1,9.063166900642E-3,
-4.175232702946E-2));
#5795=CARTESIAN_POINT('',(1.905715750001E-1,-1.607662998344E-3,
-4.269441678843E-2));
#5796=CARTESIAN_POINT('',(1.895713222249E-1,-1.217742673115E-2,
-4.095251016604E-2));
#5797=CARTESIAN_POINT('',(1.885710694496E-1,-2.198165305676E-2,
-3.663611223718E-2));
#5798=CARTESIAN_POINT('',(1.875708166744E-1,-3.040399686378E-2,
-3.001657595555E-2));
#5799=CARTESIAN_POINT('',(1.865705638991E-1,-3.691498395583E-2,
-2.151003513490E-2));
#5800=CARTESIAN_POINT('',(1.855703111239E-1,-4.110530377007E-2,
-1.165127520339E-2));
#5801=CARTESIAN_POINT('',(1.845700583486E-1,-4.271151402289E-2,
-1.059997615260E-3));
#5802=CARTESIAN_POINT('',(1.839032231651E-1,-4.199230601924E-2,
6.045137039354E-3));
#5803=CARTESIAN_POINT('',(1.835698055734E-1,-4.119646294664E-2,
9.497276243419E-3));
#5804=CARTESIAN_POINT('',(2.474168631525E-1,4.209350917870E-2,
6.554804350796E-3));
#5805=CARTESIAN_POINT('',(2.470834455607E-1,4.264278199136E-2,
3.027495381068E-3));
#5806=CARTESIAN_POINT('',(2.464166103772E-1,4.284987184377E-2,
-4.165660326706E-3));
#5807=CARTESIAN_POINT('',(2.454163576020E-1,4.046677127214E-2,
-1.469373576954E-2));
#5808=CARTESIAN_POINT('',(2.444161048267E-1,3.553970673309E-2,
-2.429802718004E-2));
#5809=CARTESIAN_POINT('',(2.434158520515E-1,2.837843101322E-2,
-3.237483191195E-2));
#5810=CARTESIAN_POINT('',(2.424155992762E-1,1.943313663465E-2,
-3.841637959506E-2));
#5811=CARTESIAN_POINT('',(2.414153465010E-1,9.266172857306E-3,
-4.204287194357E-2));
#5812=CARTESIAN_POINT('',(2.404150937257E-1,-1.483311516724E-3,
-4.302632708091E-2));
#5813=CARTESIAN_POINT('',(2.394148409505E-1,-1.213954708461E-2,
-4.130492020517E-2));
#5814=CARTESIAN_POINT('',(2.384145881752E-1,-2.203262663094E-2,
-3.698686793938E-2));
#5815=CARTESIAN_POINT('',(2.374143354E-1,-3.054061893705E-2,
-3.034362587503E-2));
#5816=CARTESIAN_POINT('',(2.364140826248E-1,-3.712866668668E-2,
-2.179282327638E-2));
#5817=CARTESIAN_POINT('',(2.354138298495E-1,-4.138261041398E-2,
-1.187200874383E-2));
#5818=CARTESIAN_POINT('',(2.344135770743E-1,-4.303502475608E-2,
-1.204857058929E-3));
#5819=CARTESIAN_POINT('',(2.334133242990E-1,-4.198203022289E-2,
9.538038302150E-3));
#5820=CARTESIAN_POINT('',(2.324130715238E-1,-3.828982361044E-2,
1.968132221601E-2));
#5821=CARTESIAN_POINT('',(2.314128187485E-1,-3.219051652074E-2,
2.858733430065E-2));
#5822=CARTESIAN_POINT('',(2.304125659733E-1,-2.406754360096E-2,
3.569619561388E-2));
#5823=CARTESIAN_POINT('',(2.294123131980E-1,-1.443155781706E-2,
4.056100559973E-2));
#5824=CARTESIAN_POINT('',(2.284120604228E-1,-3.888328112093E-3,
4.287593661696E-2));
#5825=CARTESIAN_POINT('',(2.274118076475E-1,6.899342427843E-3,
4.249545987929E-2));
#5826=CARTESIAN_POINT('',(2.264115548723E-1,1.725328387517E-2,
3.944349416332E-2));
#5827=CARTESIAN_POINT('',(2.254113020970E-1,2.652259280309E-2,
3.391190214792E-2));
#5828=CARTESIAN_POINT('',(2.244110493218E-1,3.412455151171E-2,
2.624842891324E-2));
#5829=CARTESIAN_POINT('',(2.234107965466E-1,3.958126073928E-2,
1.693484084892E-2));
#5830=CARTESIAN_POINT('',(2.224105437713E-1,4.254968293306E-2,
6.556639275159E-3));
#5831=CARTESIAN_POINT('',(2.214102909961E-1,4.284320740110E-2,
-4.233747261605E-3));
#5832=CARTESIAN_POINT('',(2.204100382208E-1,4.044338164555E-2,
-1.475797809189E-2));
#5833=CARTESIAN_POINT('',(2.194097854456E-1,3.550107138418E-2,
-2.435444449919E-2));
#5834=CARTESIAN_POINT('',(2.184095326703E-1,2.832697633474E-2,
-3.241986193709E-2));
#5835=CARTESIAN_POINT('',(2.174092798951E-1,1.937209799028E-2,
-3.844719568114E-2));
#5836=CARTESIAN_POINT('',(2.164090271198E-1,9.199387284101E-3,
-4.205753570867E-2));
#5837=CARTESIAN_POINT('',(2.154087743446E-1,-1.551645478281E-3,
-4.302391698345E-2));
#5838=CARTESIAN_POINT('',(2.144085215693E-1,-1.220513361342E-2,
-4.128558767618E-2));
#5839=CARTESIAN_POINT('',(2.134082687941E-1,-2.209134260816E-2,
-3.695182834526E-2));
#5840=CARTESIAN_POINT('',(2.124080160188E-1,-3.058877316725E-2,
-3.029508198390E-2));
#5841=CARTESIAN_POINT('',(2.114077632436E-1,-3.716323194046E-2,
-2.173382681509E-2));
#5842=CARTESIAN_POINT('',(2.104075104684E-1,-4.140141373704E-2,
-1.180626854102E-2));
#5843=CARTESIAN_POINT('',(2.094072576931E-1,-4.303688407225E-2,
-1.136505890959E-3));
#5844=CARTESIAN_POINT('',(2.084070049179E-1,-4.196682864575E-2,
9.604703520005E-3));
#5845=CARTESIAN_POINT('',(2.074067521426E-1,-3.825851679139E-2,
1.974211055617E-2));
#5846=CARTESIAN_POINT('',(2.064064993674E-1,-3.214507257172E-2,
2.863842428709E-2));
#5847=CARTESIAN_POINT('',(2.054062465921E-1,-2.401081936856E-2,
3.573437546032E-2));
#5848=CARTESIAN_POINT('',(2.044059938169E-1,-1.436711928601E-2,
4.058387511944E-2));
#5849=CARTESIAN_POINT('',(2.034057410416E-1,-3.820226228700E-3,
4.288205811117E-2));
#5850=CARTESIAN_POINT('',(2.024054882664E-1,6.966826419627E-3,
4.248444851857E-2));
#5851=CARTESIAN_POINT('',(2.014052354911E-1,1.731590757531E-2,
3.941604217995E-2));
#5852=CARTESIAN_POINT('',(2.004049827159E-1,2.657641935517E-2,
3.386973531852E-2));
#5853=CARTESIAN_POINT('',(1.994047299407E-1,3.416619709445E-2,
2.619419806735E-2));
#5854=CARTESIAN_POINT('',(1.984044771654E-1,3.960810729148E-2,
1.687195522384E-2));
#5855=CARTESIAN_POINT('',(1.974042243902E-1,4.256004273871E-2,
6.489052193320E-3));
#5856=CARTESIAN_POINT('',(1.964039716149E-1,4.283642918812E-2,
-4.301786919385E-3));
#5857=CARTESIAN_POINT('',(1.954037188397E-1,4.041989152820E-2,
-1.482219299351E-2));
#5858=CARTESIAN_POINT('',(1.944034660644E-1,3.546234607529E-2,
-2.441079775678E-2));
#5859=CARTESIAN_POINT('',(1.934032132892E-1,2.827545031160E-2,
-3.246481088776E-2));
#5860=CARTESIAN_POINT('',(1.924029605139E-1,1.931101045112E-2,
-3.847791459500E-2));
#5861=CARTESIAN_POINT('',(1.914027077387E-1,9.132578512849E-3,
-4.207209343830E-2));
#5862=CARTESIAN_POINT('',(1.904024549634E-1,-1.619975524619E-3,
-4.302139833186E-2));
#5863=CARTESIAN_POINT('',(1.894022021882E-1,-1.227068936564E-2,
-4.126615105843E-2));
#5864=CARTESIAN_POINT('',(1.884019494130E-1,-2.215000281733E-2,
-3.691669535379E-2));
#5865=CARTESIAN_POINT('',(1.874016966377E-1,-3.063685039754E-2,
-3.024646236864E-2));
#5866=CARTESIAN_POINT('',(1.864014438625E-1,-3.719770285299E-2,
-2.167477293943E-2));
#5867=CARTESIAN_POINT('',(1.854011910872E-1,-4.142011485501E-2,
-1.174050822812E-2));
#5868=CARTESIAN_POINT('',(1.844009383120E-1,-4.303862650803E-2,
-1.068115764712E-3));
#5869=CARTESIAN_POINT('',(1.837341031285E-1,-4.231391034288E-2,
6.091434620820E-3));
#5870=CARTESIAN_POINT('',(1.834006855367E-1,-4.151197218770E-2,
9.570012546619E-3));
#5871=B_SPLINE_SURFACE_WITH_KNOTS('',3,3,((#5134,#5135,#5136,#5137,#5138,#5139,
#5140,#5141,#5142,#5143,#5144,#5145,#5146,#5147,#5148,#5149,#5150,#5151,#5152,
#5153,#5154,#5155,#5156,#5157,#5158,#5159,#5160,#5161,#5162,#5163,#5164,#5165,
#5166,#5167,#5168,#5169,#5170,#5171,#5172,#5173,#5174,#5175,#5176,#5177,#5178,
#5179,#5180,#5181,#5182,#5183,#5184,#5185,#5186,#5187,#5188,#5189,#5190,#5191,
#5192,#5193,#5194,#5195,#5196,#5197,#5198,#5199,#5200),(#5201,#5202,#5203,#5204,
#5205,#5206,#5207,#5208,#5209,#5210,#5211,#5212,#5213,#5214,#5215,#5216,#5217,
#5218,#5219,#5220,#5221,#5222,#5223,#5224,#5225,#5226,#5227,#5228,#5229,#5230,
#5231,#5232,#5233,#5234,#5235,#5236,#5237,#5238,#5239,#5240,#5241,#5242,#5243,
#5244,#5245,#5246,#5247,#5248,#5249,#5250,#5251,#5252,#5253,#5254,#5255,#5256,
#5257,#5258,#5259,#5260,#5261,#5262,#5263,#5264,#5265,#5266,#5267),(#5268,#5269,
#5270,#5271,#5272,#5273,#5274,#5275,#5276,#5277,#5278,#5279,#5280,#5281,#5282,
#5283,#5284,#5285,#5286,#5287,#5288,#5289,#5290,#5291,#5292,#5293,#5294,#5295,
#5296,#5297,#5298,#5299,#5300,#5301,#5302,#5303,#5304,#5305,#5306,#5307,#5308,
#5309,#5310,#5311,#5312,#5313,#5314,#5315,#5316,#5317,#5318,#5319,#5320,#5321,
#5322,#5323,#5324,#5325,#5326,#5327,#5328,#5329,#5330,#5331,#5332,#5333,#5334),(
#5335,#5336,#5337,#5338,#5339,#5340,#5341,#5342,#5343,#5344,#5345,#5346,#5347,
#5348,#5349,#5350,#5351,#5352,#5353,#5354,#5355,#5356,#5357,#5358,#5359,#5360,
#5361,#5362,#5363,#5364,#5365,#5366,#5367,#5368,#5369,#5370,#5371,#5372,#5373,
#5374,#5375,#5376,#5377,#5378,#5379,#5380,#5381,#5382,#5383,#5384,#5385,#5386,
#5387,#5388,#5389,#5390,#5391,#5392,#5393,#5394,#5395,#5396,#5397,#5398,#5399,
#5400,#5401),(#5402,#5403,#5404,#5405,#5406,#5407,#5408,#5409,#5410,#5411,#5412,
#5413,#5414,#5415,#5416,#5417,#5418,#5419,#5420,#5421,#5422,#5423,#5424,#5425,
#5426,#5427,#5428,#5429,#5430,#5431,#5432,#5433,#5434,#5435,#5436,#5437,#5438,
#5439,#5440,#5441,#5442,#5443,#5444,#5445,#5446,#5447,#5448,#5449,#5450,#5451,
#5452,#5453,#5454,#5455,#5456,#5457,#5458,#5459,#5460,#5461,#5462,#5463,#5464,
#5465,#5466,#5467,#5468),(#5469,#5470,#5471,#5472,#5473,#5474,#5475,#5476,#5477,
#5478,#5479,#5480,#5481,#5482,#5483,#5484,#5485,#5486,#5487,#5488,#5489,#5490,
#5491,#5492,#5493,#5494,#5495,#5496,#5497,#5498,#5499,#5500,#5501,#5502,#5503,
#5504,#5505,#5506,#5507,#5508,#5509,#5510,#5511,#5512,#5513,#5514,#5515,#5516,
#5517,#5518,#5519,#5520,#5521,#5522,#5523,#5524,#5525,#5526,#5527,#5528,#5529,
#5530,#5531,#5532,#5533,#5534,#5535),(#5536,#5537,#5538,#5539,#5540,#5541,#5542,
#5543,#5544,#5545,#5546,#5547,#5548,#5549,#5550,#5551,#5552,#5553,#5554,#5555,
#5556,#5557,#5558,#5559,#5560,#5561,#5562,#5563,#5564,#5565,#5566,#5567,#5568,
#5569,#5570,#5571,#5572,#5573,#5574,#5575,#5576,#5577,#5578,#5579,#5580,#5581,
#5582,#5583,#5584,#5585,#5586,#5587,#5588,#5589,#5590,#5591,#5592,#5593,#5594,
#5595,#5596,#5597,#5598,#5599,#5600,#5601,#5602),(#5603,#5604,#5605,#5606,#5607,
#5608,#5609,#5610,#5611,#5612,#5613,#5614,#5615,#5616,#5617,#5618,#5619,#5620,
#5621,#5622,#5623,#5624,#5625,#5626,#5627,#5628,#5629,#5630,#5631,#5632,#5633,
#5634,#5635,#5636,#5637,#5638,#5639,#5640,#5641,#5642,#5643,#5644,#5645,#5646,
#5647,#5648,#5649,#5650,#5651,#5652,#5653,#5654,#5655,#5656,#5657,#5658,#5659,
#5660,#5661,#5662,#5663,#5664,#5665,#5666,#5667,#5668,#5669),(#5670,#5671,#5672,
#5673,#5674,#5675,#5676,#5677,#5678,#5679,#5680,#5681,#5682,#5683,#5684,#5685,
#5686,#5687,#5688,#5689,#5690,#5691,#5692,#5693,#5694,#5695,#5696,#5697,#5698,
#5699,#5700,#5701,#5702,#5703,#5704,#5705,#5706,#5707,#5708,#5709,#5710,#5711,
#5712,#5713,#5714,#5715,#5716,#5717,#5718,#5719,#5720,#5721,#5722,#5723,#5724,
#5725,#5726,#5727,#5728,#5729,#5730,#5731,#5732,#5733,#5734,#5735,#5736),(#5737,
#5738,#5739,#5740,#5741,#5742,#5743,#5744,#5745,#5746,#5747,#5748,#5749,#5750,
#5751,#5752,#5753,#5754,#5755,#5756,#5757,#5758,#5759,#5760,#5761,#5762,#5763,
#5764,#5765,#5766,#5767,#5768,#5769,#5770,#5771,#5772,#5773,#5774,#5775,#5776,
#5777,#5778,#5779,#5780,#5781,#5782,#5783,#5784,#5785,#5786,#5787,#5788,#5789,
#5790,#5791,#5792,#5793,#5794,#5795,#5796,#5797,#5798,#5799,#5800,#5801,#5802,
#5803),(#5804,#5805,#5806,#5807,#5808,#5809,#5810,#5811,#5812,#5813,#5814,#5815,
#5816,#5817,#5818,#5819,#5820,#5821,#5822,#5823,#5824,#5825,#5826,#5827,#5828,
#5829,#5830,#5831,#5832,#5833,#5834,#5835,#5836,#5837,#5838,#5839,#5840,#5841,
#5842,#5843,#5844,#5845,#5846,#5847,#5848,#5849,#5850,#5851,#5852,#5853,#5854,
#5855,#5856,#5857,#5858,#5859,#5860,#5861,#5862,#5863,#5864,#5865,#5866,#5867,
#5868,#5869,#5870)),.UNSPECIFIED.,.F.,.F.,.F.,(4,1,1,1,1,1,1,1,4),(4,1,1,1,1,1,
1,1,1,1,1,1,1,1,1,1,1,1,1,1,1,1,1,1,1,1,1,1,1,1,1,1,1,1,1,1,1,1,1,1,1,1,1,1,1,1,
1,1,1,1,1,1,1,1,1,1,1,1,1,1,1,1,1,1,4),(-1.999986765424E-2,1.25E-1,2.5E-1,
3.75E-1,5.E-1,6.25E-1,7.5E-1,8.75E-1,1.019999867654E0),(2.797432830688E-1,
2.912179611572E-1,3.026926392455E-1,3.141673173339E-1,3.256419954223E-1,
3.371166735106E-1,3.485913515990E-1,3.600660296874E-1,3.715407077757E-1,
3.830153858641E-1,3.944900639524E-1,4.059647420408E-1,4.174394201292E-1,
4.289140982175E-1,4.403887763059E-1,4.518634543943E-1,4.633381324826E-1,
4.748128105710E-1,4.862874886594E-1,4.977621667477E-1,5.092368448361E-1,
5.207115229245E-1,5.321862010128E-1,5.436608791012E-1,5.551355571896E-1,
5.666102352779E-1,5.780849133663E-1,5.895595914546E-1,6.010342695430E-1,
6.125089476314E-1,6.239836257197E-1,6.354583038081E-1,6.469329818965E-1,
6.584076599848E-1,6.698823380732E-1,6.813570161616E-1,6.928316942499E-1,
7.043063723383E-1,7.157810504267E-1,7.272557285150E-1,7.387304066034E-1,
7.502050846918E-1,7.616797627801E-1,7.731544408685E-1,7.846291189568E-1,
7.961037970452E-1,8.075784751336E-1,8.190531532219E-1,8.305278313103E-1,
8.420025093987E-1,8.534771874870E-1,8.649518655754E-1,8.764265436638E-1,
8.879012217521E-1,8.993758998405E-1,9.108505779289E-1,9.223252560172E-1,
9.337999341056E-1,9.452746121940E-1,9.567492902823E-1,9.682239683707E-1,
9.796986464590E-1,9.911733245474E-1,1.002648002636E0,1.014122680724E0),
.UNSPECIFIED.);
#5873=ORIENTED_EDGE('',*,*,#5872,.F.);
#5875=ORIENTED_EDGE('',*,*,#5874,.T.);
#5876=ORIENTED_EDGE('',*,*,#5127,.F.);
#5878=ORIENTED_EDGE('',*,*,#5877,.F.);
#5879=EDGE_LOOP('',(#5873,#5875,#5876,#5878));
#5880=FACE_OUTER_BOUND('',#5879,.F.);
#5882=CARTESIAN_POINT('',(2.359270871885E-1,0.E0,0.E0));
#5883=DIRECTION('',(-1.E0,0.E0,0.E0));
#5884=DIRECTION('',(0.E0,1.E0,0.E0));
#5885=AXIS2_PLACEMENT_3D('',#5882,#5883,#5884);
#5886=CONICAL_SURFACE('',#5885,4.7875E-2,3.E1);
#5888=ORIENTED_EDGE('',*,*,#5887,.T.);
#5890=ORIENTED_EDGE('',*,*,#5889,.F.);
#5892=ORIENTED_EDGE('',*,*,#5891,.T.);
#5893=ORIENTED_EDGE('',*,*,#5872,.T.);
#5895=ORIENTED_EDGE('',*,*,#5894,.T.);
#5897=ORIENTED_EDGE('',*,*,#5896,.T.);
#5899=ORIENTED_EDGE('',*,*,#5898,.T.);
#5901=ORIENTED_EDGE('',*,*,#5900,.F.);
#5902=EDGE_LOOP('',(#5888,#5890,#5892,#5893,#5895,#5897,#5899,#5901));
#5903=FACE_OUTER_BOUND('',#5902,.F.);
#5905=CARTESIAN_POINT('',(2.543471668849E-1,-7.004636579215E-3,
-5.583295798954E-2));
#5906=CARTESIAN_POINT('',(2.540528408304E-1,-1.113472362936E-2,
-5.531480957203E-2));
#5907=CARTESIAN_POINT('',(2.534641887215E-1,-1.927924542111E-2,
-5.335823459223E-2));
#5908=CARTESIAN_POINT('',(2.525812105580E-1,-3.055062804495E-2,
-4.780638685941E-2));
#5909=CARTESIAN_POINT('',(2.516982323945E-1,-4.032360725028E-2,
-3.990986999805E-2));
#5910=CARTESIAN_POINT('',(2.508152542310E-1,-4.811891773353E-2,
-3.005596375360E-2));
#5911=CARTESIAN_POINT('',(2.499322760675E-1,-5.355422277472E-2,
-1.872795680149E-2));
#5912=CARTESIAN_POINT('',(2.490492979041E-1,-5.636295046282E-2,
-6.481433158544E-3));
#5913=CARTESIAN_POINT('',(2.481663197406E-1,-5.640734514561E-2,
6.082973713735E-3));
#5914=CARTESIAN_POINT('',(2.472833415771E-1,-5.368522974724E-2,
1.834903986457E-2));
#5915=CARTESIAN_POINT('',(2.464003634136E-1,-4.833011091895E-2,
2.971517348370E-2));
#5916=CARTESIAN_POINT('',(2.455173852501E-1,-4.060463161246E-2,
3.962392015324E-2));
#5917=CARTESIAN_POINT('',(2.446344070867E-1,-3.088768958435E-2,
4.758930330246E-2));
#5918=CARTESIAN_POINT('',(2.437514289232E-1,-1.965585430700E-2,
5.322065903519E-2));
#5919=CARTESIAN_POINT('',(2.428684507597E-1,-7.459993509867E-3,
5.624179632186E-2));
#5920=CARTESIAN_POINT('',(2.419854725962E-1,5.101744242163E-3,
5.650454284714E-2));
#5921=CARTESIAN_POINT('',(2.411024944327E-1,1.741326587194E-2,
5.399601215229E-2));
#5922=CARTESIAN_POINT('',(2.402195162693E-1,2.887075020476E-2,
4.883923565425E-2));
#5923=CARTESIAN_POINT('',(2.393365381058E-1,3.891226250525E-2,
4.128712854389E-2));
#5924=CARTESIAN_POINT('',(2.384535599423E-1,4.704531468500E-2,
3.171008550708E-2));
#5925=CARTESIAN_POINT('',(2.375705817788E-1,5.287101948468E-2,
2.057781463926E-2));
#5926=CARTESIAN_POINT('',(2.366876036153E-1,5.610365398380E-2,
8.436300512822E-3));
#5927=CARTESIAN_POINT('',(2.358046254519E-1,5.658467294164E-2,
-4.118973751390E-3));
#5928=CARTESIAN_POINT('',(2.349216472884E-1,5.429048468196E-2,
-1.647223207932E-2));
#5929=CARTESIAN_POINT('',(2.340386691249E-1,4.933360815178E-2,
-2.801760631110E-2));
#5930=CARTESIAN_POINT('',(2.331556909614E-1,4.195715440587E-2,
-3.818885113275E-2));
#5931=CARTESIAN_POINT('',(2.322727127979E-1,3.252290317381E-2,
-4.648711569697E-2));
#5932=CARTESIAN_POINT('',(2.313897346345E-1,2.149355929687E-2,
-5.250540986821E-2));
#5933=CARTESIAN_POINT('',(2.305067564710E-1,9.410059271460E-3,
-5.594856513964E-2));
#5934=CARTESIAN_POINT('',(2.296237783075E-1,-3.134959095402E-3,
-5.664771123485E-2));
#5935=CARTESIAN_POINT('',(2.287408001440E-1,-1.552622273230E-2,
-5.456855838616E-2));
#5936=CARTESIAN_POINT('',(2.278578219805E-1,-2.715599950098E-2,
-4.981307908351E-2));
#5937=CARTESIAN_POINT('',(2.269748438171E-1,-3.745390454723E-2,
-4.261450681216E-2));
#5938=CARTESIAN_POINT('',(2.260918656536E-1,-4.591487494634E-2,
-3.332589706728E-2));
#5939=CARTESIAN_POINT('',(2.252088874901E-1,-5.212394062075E-2,
-2.240281167267E-2));
#5940=CARTESIAN_POINT('',(2.243259093266E-1,-5.577657663505E-2,
-1.038097565505E-2));
#5941=CARTESIAN_POINT('',(2.234429311631E-1,-5.669363868561E-2,
2.149997502792E-3));
#5942=CARTESIAN_POINT('',(2.225599529997E-1,-5.483014927076E-2,
1.457552357970E-2));
#5943=CARTESIAN_POINT('',(2.216769748362E-1,-5.027750362185E-2,
2.628619002883E-2));
#5944=CARTESIAN_POINT('',(2.207939966727E-1,-4.325898720482E-2,
3.670764474452E-2));
#5945=CARTESIAN_POINT('',(2.199110185092E-1,-3.411882463749E-2,
4.532876528247E-2));
#5946=CARTESIAN_POINT('',(2.190280403457E-1,-2.330529712052E-2,
5.172672696780E-2));
#5947=CARTESIAN_POINT('',(2.181450621823E-1,-1.134875639144E-2,
5.558774042039E-2));
#5948=CARTESIAN_POINT('',(2.172620840188E-1,1.164386488183E-3,
5.672244142121E-2));
#5949=CARTESIAN_POINT('',(2.163791058553E-1,1.362042178694E-2,
5.507517832039E-2));
#5950=CARTESIAN_POINT('',(2.154961276918E-1,2.540844062675E-2,
5.072674148409E-2));
#5951=CARTESIAN_POINT('',(2.146131495283E-1,3.595029713767E-2,
4.389040091398E-2));
#5952=CARTESIAN_POINT('',(2.137301713649E-1,4.472896374394E-2,
3.490144637505E-2));
#5953=CARTESIAN_POINT('',(2.128471932014E-1,5.131388889053E-2,
2.420074303832E-2));
#5954=CARTESIAN_POINT('',(2.119642150379E-1,5.538211353496E-2,
1.231310915560E-2));
#5955=CARTESIAN_POINT('',(2.110812368744E-1,5.673411074158E-2,
-1.784237623573E-4));
#5956=CARTESIAN_POINT('',(2.101982587110E-1,5.530357152227E-2,
-1.266120584926E-2));
#5957=CARTESIAN_POINT('',(2.093152805475E-1,5.116065697474E-2,
-2.452301642517E-2));
#5958=CARTESIAN_POINT('',(2.084323023840E-1,4.450855721666E-2,
-3.518209048889E-2));
#5959=CARTESIAN_POINT('',(2.075493242205E-1,3.567352588354E-2,
-4.411565150499E-2));
#5960=CARTESIAN_POINT('',(2.066663460570E-1,2.508887895024E-2,
-5.088555108981E-2));
#5961=CARTESIAN_POINT('',(2.057833678936E-1,1.327374265807E-2,
-5.515975808914E-2));
#5962=CARTESIAN_POINT('',(2.049003897301E-1,8.075928571710E-4,
-5.672864312446E-2));
#5963=CARTESIAN_POINT('',(2.040174115666E-1,-1.169816550280E-2,
-5.551525987912E-2));
#5964=CARTESIAN_POINT('',(2.031344334031E-1,-2.363018487958E-2,
-5.157911906208E-2));
#5965=CARTESIAN_POINT('',(2.022514552396E-1,-3.440325681489E-2,
-4.511326926185E-2));
#5966=CARTESIAN_POINT('',(2.013684770762E-1,-4.348901391635E-2,
-3.643483044542E-2));
#5967=CARTESIAN_POINT('',(2.004854989127E-1,-5.044184259197E-2,
-2.596943474284E-2));
#5968=CARTESIAN_POINT('',(1.996025207492E-1,-5.492074257599E-2,
-1.423037362102E-2));
#5969=CARTESIAN_POINT('',(1.987195425857E-1,-5.670603526135E-2,
-1.793339829623E-3));
#5970=CARTESIAN_POINT('',(1.981308904767E-1,-5.604214372714E-2,
6.556550522857E-3));
#5971=CARTESIAN_POINT('',(1.978365644222E-1,-5.525479322731E-2,
1.064386945030E-2));
#5972=CARTESIAN_POINT('',(2.516388335384E-1,-6.420698829421E-3,
-5.117847356568E-2));
#5973=CARTESIAN_POINT('',(2.513445074839E-1,-1.020648340059E-2,
-5.070352031149E-2));
#5974=CARTESIAN_POINT('',(2.507558553749E-1,-1.767204152672E-2,
-4.891005414940E-2));
#5975=CARTESIAN_POINT('',(2.498728772115E-1,-2.800379141844E-2,
-4.382103320790E-2));
#5976=CARTESIAN_POINT('',(2.489898990480E-1,-3.696205148432E-2,
-3.658280521494E-2));
#5977=CARTESIAN_POINT('',(2.481069208845E-1,-4.410751011430E-2,
-2.755036454889E-2));
#5978=CARTESIAN_POINT('',(2.472239427210E-1,-4.908970388279E-2,
-1.716671078548E-2));
#5979=CARTESIAN_POINT('',(2.463409645575E-1,-5.166428350233E-2,
-5.941111979674E-3));
#5980=CARTESIAN_POINT('',(2.454579863941E-1,-5.170497724633E-2,
5.575869891533E-3));
#5981=CARTESIAN_POINT('',(2.445750082306E-1,-4.920978952971E-2,
1.681938205460E-2));
#5982=CARTESIAN_POINT('',(2.436920300671E-1,-4.430109729374E-2,
2.723798407601E-2));
#5983=CARTESIAN_POINT('',(2.428090519036E-1,-3.721964840215E-2,
3.632069342468E-2));
#5984=CARTESIAN_POINT('',(2.419260737401E-1,-2.831275400443E-2,
4.362204670458E-2));
#5985=CARTESIAN_POINT('',(2.410430955767E-1,-1.801725461599E-2,
4.878394750446E-2));
#5986=CARTESIAN_POINT('',(2.401601174132E-1,-6.838095175191E-3,
5.155322931097E-2));
#5987=CARTESIAN_POINT('',(2.392771392497E-1,4.676440085538E-3,
5.179407211391E-2));
#5988=CARTESIAN_POINT('',(2.383941610862E-1,1.596161835607E-2,
4.949466372722E-2));
#5989=CARTESIAN_POINT('',(2.375111829227E-1,2.646395568819E-2,
4.476777912013E-2));
#5990=CARTESIAN_POINT('',(2.366282047593E-1,3.566836273262E-2,
3.784524934506E-2));
#5991=CARTESIAN_POINT('',(2.357452265958E-1,4.312340740476E-2,
2.906659133470E-2));
#5992=CARTESIAN_POINT('',(2.348622484323E-1,4.846345546647E-2,
1.886235622251E-2));
#5993=CARTESIAN_POINT('',(2.339792702688E-1,5.142660313441E-2,
7.733012871511E-3));
#5994=CARTESIAN_POINT('',(2.330962921053E-1,5.186752220631E-2,
-3.775597726575E-3));
#5995=CARTESIAN_POINT('',(2.322133139419E-1,4.976458771330E-2,
-1.509903333793E-2));
#5996=CARTESIAN_POINT('',(2.313303357784E-1,4.522093852109E-2,
-2.568193367500E-2));
#5997=CARTESIAN_POINT('',(2.304473576149E-1,3.845941886250E-2,
-3.500525815894E-2));
#5998=CARTESIAN_POINT('',(2.295643794514E-1,2.981164889512E-2,
-4.261174237424E-2));
#5999=CARTESIAN_POINT('',(2.286814012879E-1,1.970176032073E-2,
-4.812832469845E-2));
#6000=CARTESIAN_POINT('',(2.277984231245E-1,8.625594756526E-3,
-5.128444318808E-2));
#6001=CARTESIAN_POINT('',(2.269154449610E-1,-2.873614921559E-3,
-5.192530534621E-2));
#6002=CARTESIAN_POINT('',(2.260324667975E-1,-1.423188754980E-2,
-5.001947995316E-2));
#6003=CARTESIAN_POINT('',(2.251494886340E-1,-2.489215425181E-2,
-4.566043861724E-2));
#6004=CARTESIAN_POINT('',(2.242665104705E-1,-3.433157999906E-2,
-3.906197144005E-2));
#6005=CARTESIAN_POINT('',(2.233835323071E-1,-4.208720616509E-2,
-3.054770163583E-2));
#6006=CARTESIAN_POINT('',(2.225005541436E-1,-4.777865642903E-2,
-2.053521336271E-2));
#6007=CARTESIAN_POINT('',(2.216175759801E-1,-5.112679241240E-2,
-9.515571219561E-3));
#6008=CARTESIAN_POINT('',(2.207345978166E-1,-5.196740407982E-2,
1.970764120782E-3));
#6009=CARTESIAN_POINT('',(2.198516196531E-1,-5.025926345479E-2,
1.336044291921E-2));
#6010=CARTESIAN_POINT('',(2.189686414897E-1,-4.608614665448E-2,
2.409485597709E-2));
#6011=CARTESIAN_POINT('',(2.180856633262E-1,-3.965272507244E-2,
3.364753174223E-2));
#6012=CARTESIAN_POINT('',(2.172026851627E-1,-3.127452722689E-2,
4.154995721718E-2));
#6013=CARTESIAN_POINT('',(2.163197069992E-1,-2.136246359805E-2,
4.741455627797E-2));
#6014=CARTESIAN_POINT('',(2.154367288357E-1,-1.040267343693E-2,
5.095369842690E-2));
#6015=CARTESIAN_POINT('',(2.145537506723E-1,1.067318036721E-3,
5.199380569090E-2));
#6016=CARTESIAN_POINT('',(2.136707725088E-1,1.248496267217E-2,
5.048386578987E-2));
#6017=CARTESIAN_POINT('',(2.127877943453E-1,2.329027968042E-2,
4.649793404467E-2));
#6018=CARTESIAN_POINT('',(2.119048161818E-1,3.295332001008E-2,
4.023150131835E-2));
#6019=CARTESIAN_POINT('',(2.110218380184E-1,4.100015781034E-2,
3.199190612549E-2));
#6020=CARTESIAN_POINT('',(2.101388598549E-1,4.703613422432E-2,
2.218326114995E-2));
#6021=CARTESIAN_POINT('',(2.092558816914E-1,5.076521351585E-2,
1.128663345311E-2));
#6022=CARTESIAN_POINT('',(2.083729035279E-1,5.200450220467E-2,
-1.635495616586E-4));
#6023=CARTESIAN_POINT('',(2.074899253644E-1,5.069321911568E-2,
-1.160571125369E-2));
#6024=CARTESIAN_POINT('',(2.066069472010E-1,4.689567640452E-2,
-2.247866838976E-2));
#6025=CARTESIAN_POINT('',(2.057239690375E-1,4.079812535432E-2,
-3.224915449417E-2));
#6026=CARTESIAN_POINT('',(2.048409908740E-1,3.269962164224E-2,
-4.043797401535E-2));
#6027=CARTESIAN_POINT('',(2.039580127105E-1,2.299735809068E-2,
-4.664350457328E-2));
#6028=CARTESIAN_POINT('',(2.030750345470E-1,1.216718426187E-2,
-5.056139461182E-2));
#6029=CARTESIAN_POINT('',(2.021920563836E-1,7.402683142867E-4,
-5.199949039250E-2));
#6030=CARTESIAN_POINT('',(2.013090782201E-1,-1.072295424620E-2,
-5.088726018686E-2));
#6031=CARTESIAN_POINT('',(2.004261000566E-1,-2.166026726433E-2,
-4.727925362569E-2));
#6032=CARTESIAN_POINT('',(1.995431218931E-1,-3.153524786926E-2,
-4.135242590607E-2));
#6033=CARTESIAN_POINT('',(1.986601437296E-1,-3.986357573125E-2,
-3.339746046001E-2));
#6034=CARTESIAN_POINT('',(1.977771655662E-1,-4.623678559501E-2,
-2.380450682465E-2));
#6035=CARTESIAN_POINT('',(1.968941874027E-1,-5.034230449799E-2,
-1.304406620064E-2));
#6036=CARTESIAN_POINT('',(1.960112092392E-1,-5.197876722171E-2,
-1.643839022138E-3));
#6037=CARTESIAN_POINT('',(1.954225571302E-1,-5.137022064711E-2,
6.009967225432E-3));
#6038=CARTESIAN_POINT('',(1.951282310757E-1,-5.064850719697E-2,
9.756549015385E-3));
#6039=CARTESIAN_POINT('',(2.489305001919E-1,-5.836761079627E-3,
-4.652398914182E-2));
#6040=CARTESIAN_POINT('',(2.486361741374E-1,-9.278243171829E-3,
-4.609223105094E-2));
#6041=CARTESIAN_POINT('',(2.480475220284E-1,-1.606483763233E-2,
-4.446187370658E-2));
#6042=CARTESIAN_POINT('',(2.471645438649E-1,-2.545695479193E-2,
-3.983567955639E-2));
#6043=CARTESIAN_POINT('',(2.462815657015E-1,-3.360049571836E-2,
-3.325574043183E-2));
#6044=CARTESIAN_POINT('',(2.453985875380E-1,-4.009610249506E-2,
-2.504476534418E-2));
#6045=CARTESIAN_POINT('',(2.445156093745E-1,-4.462518499086E-2,
-1.560546476947E-2));
#6046=CARTESIAN_POINT('',(2.436326312110E-1,-4.696561654184E-2,
-5.400790800803E-3));
#6047=CARTESIAN_POINT('',(2.427496530475E-1,-4.700260934706E-2,
5.068766069332E-3));
#6048=CARTESIAN_POINT('',(2.418666748841E-1,-4.473434931219E-2,
1.528972424463E-2));
#6049=CARTESIAN_POINT('',(2.409836967206E-1,-4.027208366854E-2,
2.476079466831E-2));
#6050=CARTESIAN_POINT('',(2.401007185571E-1,-3.383466519183E-2,
3.301746669613E-2));
#6051=CARTESIAN_POINT('',(2.392177403936E-1,-2.573781842452E-2,
3.965479010669E-2));
#6052=CARTESIAN_POINT('',(2.383347622301E-1,-1.637865492499E-2,
4.434723597374E-2));
#6053=CARTESIAN_POINT('',(2.374517840667E-1,-6.216196840514E-3,
4.686466230009E-2));
#6054=CARTESIAN_POINT('',(2.365688059032E-1,4.251135928912E-3,
4.708360138069E-2));
#6055=CARTESIAN_POINT('',(2.356858277397E-1,1.450997084019E-2,
4.499331530215E-2));
#6056=CARTESIAN_POINT('',(2.348028495762E-1,2.405716117162E-2,
4.069632258601E-2));
#6057=CARTESIAN_POINT('',(2.339198714127E-1,3.242446295998E-2,
3.440337014623E-2));
#6058=CARTESIAN_POINT('',(2.330368932493E-1,3.920150012451E-2,
2.642309716232E-2));
#6059=CARTESIAN_POINT('',(2.321539150858E-1,4.405589144826E-2,
1.714689780575E-2));
#6060=CARTESIAN_POINT('',(2.312709369223E-1,4.674955228502E-2,
7.029725230199E-3));
#6061=CARTESIAN_POINT('',(2.303879587588E-1,4.715037147098E-2,
-3.432221701760E-3));
#6062=CARTESIAN_POINT('',(2.295049805953E-1,4.523869074465E-2,
-1.372583459654E-2));
#6063=CARTESIAN_POINT('',(2.286220024319E-1,4.110826889040E-2,
-2.334626103890E-2));
#6064=CARTESIAN_POINT('',(2.277390242684E-1,3.496168331913E-2,
-3.182166518513E-2));
#6065=CARTESIAN_POINT('',(2.268560461049E-1,2.710039461643E-2,
-3.873636905152E-2));
#6066=CARTESIAN_POINT('',(2.259730679414E-1,1.790996134459E-2,
-4.375123952869E-2));
#6067=CARTESIAN_POINT('',(2.250900897779E-1,7.841130241592E-3,
-4.662032123652E-2));
#6068=CARTESIAN_POINT('',(2.242071116145E-1,-2.612270747716E-3,
-4.720289945758E-2));
#6069=CARTESIAN_POINT('',(2.233241334510E-1,-1.293755236730E-2,
-4.547040152016E-2));
#6070=CARTESIAN_POINT('',(2.224411552875E-1,-2.262830900264E-2,
-4.150779815098E-2));
#6071=CARTESIAN_POINT('',(2.215581771240E-1,-3.120925545089E-2,
-3.550943606794E-2));
#6072=CARTESIAN_POINT('',(2.206751989605E-1,-3.825953738385E-2,
-2.776950620439E-2));
#6073=CARTESIAN_POINT('',(2.197922207971E-1,-4.343337223730E-2,
-1.866761505276E-2));
#6074=CARTESIAN_POINT('',(2.189092426336E-1,-4.647700818974E-2,
-8.650166784067E-3));
#6075=CARTESIAN_POINT('',(2.180262644701E-1,-4.724116947403E-2,
1.791530738773E-3));
#6076=CARTESIAN_POINT('',(2.171432863066E-1,-4.568837763881E-2,
1.214536225871E-2));
#6077=CARTESIAN_POINT('',(2.162603081432E-1,-4.189478968711E-2,
2.190352192535E-2));
#6078=CARTESIAN_POINT('',(2.153773299797E-1,-3.604646294005E-2,
3.058741873995E-2));
#6079=CARTESIAN_POINT('',(2.144943518162E-1,-2.843022981630E-2,
3.777114915189E-2));
#6080=CARTESIAN_POINT('',(2.136113736527E-1,-1.941963007558E-2,
4.310238558815E-2));
#6081=CARTESIAN_POINT('',(2.127283954892E-1,-9.456590482409E-3,
4.631965643341E-2));
#6082=CARTESIAN_POINT('',(2.118454173258E-1,9.702495852587E-4,
4.726516996059E-2));
#6083=CARTESIAN_POINT('',(2.109624391623E-1,1.134950355740E-2,
4.589255325935E-2));
#6084=CARTESIAN_POINT('',(2.100794609988E-1,2.117211873409E-2,
4.226912660526E-2));
#6085=CARTESIAN_POINT('',(2.091964828353E-1,2.995634288249E-2,
3.657260172272E-2));
#6086=CARTESIAN_POINT('',(2.083135046718E-1,3.727135187675E-2,
2.908236587592E-2));
#6087=CARTESIAN_POINT('',(2.074305265084E-1,4.275837955810E-2,
2.016577926159E-2));
#6088=CARTESIAN_POINT('',(2.065475483449E-1,4.614831349674E-2,
1.026015775063E-2));
#6089=CARTESIAN_POINT('',(2.056645701814E-1,4.727489366777E-2,
-1.486753609599E-4));
#6090=CARTESIAN_POINT('',(2.047815920179E-1,4.608286670909E-2,
-1.055021665812E-2));
#6091=CARTESIAN_POINT('',(2.038986138544E-1,4.263069583431E-2,
-2.043432035435E-2));
#6092=CARTESIAN_POINT('',(2.030156356910E-1,3.708769349197E-2,
-2.931621849945E-2));
#6093=CARTESIAN_POINT('',(2.021326575275E-1,2.972571740095E-2,
-3.676029652570E-2));
#6094=CARTESIAN_POINT('',(2.012496793640E-1,2.090583723113E-2,
-4.240145805676E-2));
#6095=CARTESIAN_POINT('',(2.003667012005E-1,1.106062586566E-2,
-4.596303113450E-2));
#6096=CARTESIAN_POINT('',(1.994837230370E-1,6.729437714026E-4,
-4.727033766055E-2));
#6097=CARTESIAN_POINT('',(1.986007448736E-1,-9.747742989607E-3,
-4.625926049459E-2));
#6098=CARTESIAN_POINT('',(1.977177667101E-1,-1.969034964909E-2,
-4.297938818929E-2));
#6099=CARTESIAN_POINT('',(1.968347885466E-1,-2.866723892363E-2,
-3.759158255029E-2));
#6100=CARTESIAN_POINT('',(1.959518103831E-1,-3.623813754615E-2,
-3.036009047460E-2));
#6101=CARTESIAN_POINT('',(1.950688322196E-1,-4.203172859805E-2,
-2.163957890645E-2));
#6102=CARTESIAN_POINT('',(1.941858540562E-1,-4.576386641999E-2,
-1.185775878026E-2));
#6103=CARTESIAN_POINT('',(1.933028758927E-1,-4.725149918207E-2,
-1.494338214654E-3));
#6104=CARTESIAN_POINT('',(1.927142237837E-1,-4.669829756709E-2,
5.463383928008E-3));
#6105=CARTESIAN_POINT('',(1.924198977292E-1,-4.604222116663E-2,
8.869228580468E-3));
#6106=CARTESIAN_POINT('',(2.462221668454E-1,-5.252823329834E-3,
-4.186950471796E-2));
#6107=CARTESIAN_POINT('',(2.459278407909E-1,-8.350002943065E-3,
-4.148094179040E-2));
#6108=CARTESIAN_POINT('',(2.453391886819E-1,-1.445763373793E-2,
-4.001369326376E-2));
#6109=CARTESIAN_POINT('',(2.444562105184E-1,-2.291011816541E-2,
-3.585032590489E-2));
#6110=CARTESIAN_POINT('',(2.435732323549E-1,-3.023893995241E-2,
-2.992867564871E-2));
#6111=CARTESIAN_POINT('',(2.426902541915E-1,-3.608469487583E-2,
-2.253916613947E-2));
#6112=CARTESIAN_POINT('',(2.418072760280E-1,-4.016066609893E-2,
-1.404421875346E-2));
#6113=CARTESIAN_POINT('',(2.409242978645E-1,-4.226694958135E-2,
-4.860469621933E-3));
#6114=CARTESIAN_POINT('',(2.400413197010E-1,-4.230024144779E-2,
4.561662247130E-3));
#6115=CARTESIAN_POINT('',(2.391583415375E-1,-4.025890909467E-2,
1.376006643466E-2));
#6116=CARTESIAN_POINT('',(2.382753633741E-1,-3.624307004333E-2,
2.228360526061E-2));
#6117=CARTESIAN_POINT('',(2.373923852106E-1,-3.044968198152E-2,
2.971423996757E-2));
#6118=CARTESIAN_POINT('',(2.365094070471E-1,-2.316288284460E-2,
3.568753350880E-2));
#6119=CARTESIAN_POINT('',(2.356264288836E-1,-1.474005523398E-2,
3.991052444301E-2));
#6120=CARTESIAN_POINT('',(2.347434507201E-1,-5.594298505838E-3,
4.217609528921E-2));
#6121=CARTESIAN_POINT('',(2.338604725567E-1,3.825831772287E-3,
4.237313064746E-2));
#6122=CARTESIAN_POINT('',(2.329774943932E-1,1.305832332432E-2,
4.049196687708E-2));
#6123=CARTESIAN_POINT('',(2.320945162297E-1,2.165036665505E-2,
3.662486605189E-2));
#6124=CARTESIAN_POINT('',(2.312115380662E-1,2.918056318735E-2,
3.096149094740E-2));
#6125=CARTESIAN_POINT('',(2.303285599027E-1,3.527959284426E-2,
2.377960298995E-2));
#6126=CARTESIAN_POINT('',(2.294455817393E-1,3.964832743005E-2,
1.543143938900E-2));
#6127=CARTESIAN_POINT('',(2.285626035758E-1,4.207250143562E-2,
6.326437588888E-3));
#6128=CARTESIAN_POINT('',(2.276796254123E-1,4.243322073565E-2,
-3.088845676945E-3));
#6129=CARTESIAN_POINT('',(2.267966472488E-1,4.071279377600E-2,
-1.235263585515E-2));
#6130=CARTESIAN_POINT('',(2.259136690853E-1,3.699559925971E-2,
-2.101058840280E-2));
#6131=CARTESIAN_POINT('',(2.250306909219E-1,3.146394777576E-2,
-2.863807221132E-2));
#6132=CARTESIAN_POINT('',(2.241477127584E-1,2.438914033774E-2,
-3.486099572879E-2));
#6133=CARTESIAN_POINT('',(2.232647345949E-1,1.611816236845E-2,
-3.937415435893E-2));
#6134=CARTESIAN_POINT('',(2.223817564314E-1,7.056665726658E-3,
-4.195619928495E-2));
#6135=CARTESIAN_POINT('',(2.214987782680E-1,-2.350926573873E-3,
-4.248049356894E-2));
#6136=CARTESIAN_POINT('',(2.206158001045E-1,-1.164321718480E-2,
-4.092132308716E-2));
#6137=CARTESIAN_POINT('',(2.197328219410E-1,-2.036446375348E-2,
-3.735515768471E-2));
#6138=CARTESIAN_POINT('',(2.188498437775E-1,-2.808693090272E-2,
-3.195690069582E-2));
#6139=CARTESIAN_POINT('',(2.179668656140E-1,-3.443186860260E-2,
-2.499131077294E-2));
#6140=CARTESIAN_POINT('',(2.170838874506E-1,-3.908808804557E-2,
-1.680001674280E-2));
#6141=CARTESIAN_POINT('',(2.162009092871E-1,-4.182722396709E-2,
-7.784762348573E-3));
#6142=CARTESIAN_POINT('',(2.153179311236E-1,-4.251493486823E-2,
1.612297356763E-3));
#6143=CARTESIAN_POINT('',(2.144349529601E-1,-4.111749182283E-2,
1.093028159822E-2));
#6144=CARTESIAN_POINT('',(2.135519747966E-1,-3.770343271974E-2,
1.971218787361E-2));
#6145=CARTESIAN_POINT('',(2.126689966332E-1,-3.244020080767E-2,
2.752730573766E-2));
#6146=CARTESIAN_POINT('',(2.117860184697E-1,-2.558593240570E-2,
3.399234108659E-2));
#6147=CARTESIAN_POINT('',(2.109030403062E-1,-1.747679655310E-2,
3.879021489832E-2));
#6148=CARTESIAN_POINT('',(2.100200621427E-1,-8.510507527893E-3,
4.168561443993E-2));
#6149=CARTESIAN_POINT('',(2.091370839792E-1,8.731811337965E-4,
4.253653423028E-2));
#6150=CARTESIAN_POINT('',(2.082541058158E-1,1.021404444263E-2,
4.130124072883E-2));
#6151=CARTESIAN_POINT('',(2.073711276523E-1,1.905395778775E-2,
3.804031916584E-2));
#6152=CARTESIAN_POINT('',(2.064881494888E-1,2.695936575490E-2,
3.291370212708E-2));
#6153=CARTESIAN_POINT('',(2.056051713253E-1,3.354254594316E-2,
2.617282562636E-2));
#6154=CARTESIAN_POINT('',(2.047221931618E-1,3.848062489188E-2,
1.814829737323E-2));
#6155=CARTESIAN_POINT('',(2.038392149984E-1,4.153141347763E-2,
9.233682048150E-3));
#6156=CARTESIAN_POINT('',(2.029562368349E-1,4.254528513086E-2,
-1.338011602613E-4));
#6157=CARTESIAN_POINT('',(2.020732586714E-1,4.147251430250E-2,
-9.494722062551E-3));
#6158=CARTESIAN_POINT('',(2.011902805079E-1,3.836571526409E-2,
-1.838997231894E-2));
#6159=CARTESIAN_POINT('',(2.003073023444E-1,3.337726162963E-2,
-2.638328250473E-2));
#6160=CARTESIAN_POINT('',(1.994243241810E-1,2.675181315966E-2,
-3.308261903606E-2));
#6161=CARTESIAN_POINT('',(1.985413460175E-1,1.881431637157E-2,
-3.815941154023E-2));
#6162=CARTESIAN_POINT('',(1.976583678540E-1,9.954067469457E-3,
-4.136466765719E-2));
#6163=CARTESIAN_POINT('',(1.967753896905E-1,6.056192285183E-4,
-4.254118492859E-2));
#6164=CARTESIAN_POINT('',(1.958924115270E-1,-8.772531733011E-3,
-4.163126080233E-2));
#6165=CARTESIAN_POINT('',(1.950094333636E-1,-1.772043203384E-2,
-3.867952275290E-2));
#6166=CARTESIAN_POINT('',(1.941264552001E-1,-2.579922997800E-2,
-3.383073919451E-2));
#6167=CARTESIAN_POINT('',(1.932434770366E-1,-3.261269936104E-2,
-2.732272048919E-2));
#6168=CARTESIAN_POINT('',(1.923604988731E-1,-3.782667160109E-2,
-1.947465098826E-2));
#6169=CARTESIAN_POINT('',(1.914775207096E-1,-4.118542834199E-2,
-1.067145135988E-2));
#6170=CARTESIAN_POINT('',(1.905945425462E-1,-4.252423114243E-2,
-1.344837407170E-3));
#6171=CARTESIAN_POINT('',(1.900058904372E-1,-4.202637448706E-2,
4.916800630584E-3));
#6172=CARTESIAN_POINT('',(1.897115643827E-1,-4.143593513628E-2,
7.981908145550E-3));
#6173=B_SPLINE_SURFACE_WITH_KNOTS('',3,3,((#5905,#5906,#5907,#5908,#5909,#5910,
#5911,#5912,#5913,#5914,#5915,#5916,#5917,#5918,#5919,#5920,#5921,#5922,#5923,
#5924,#5925,#5926,#5927,#5928,#5929,#5930,#5931,#5932,#5933,#5934,#5935,#5936,
#5937,#5938,#5939,#5940,#5941,#5942,#5943,#5944,#5945,#5946,#5947,#5948,#5949,
#5950,#5951,#5952,#5953,#5954,#5955,#5956,#5957,#5958,#5959,#5960,#5961,#5962,
#5963,#5964,#5965,#5966,#5967,#5968,#5969,#5970,#5971),(#5972,#5973,#5974,#5975,
#5976,#5977,#5978,#5979,#5980,#5981,#5982,#5983,#5984,#5985,#5986,#5987,#5988,
#5989,#5990,#5991,#5992,#5993,#5994,#5995,#5996,#5997,#5998,#5999,#6000,#6001,
#6002,#6003,#6004,#6005,#6006,#6007,#6008,#6009,#6010,#6011,#6012,#6013,#6014,
#6015,#6016,#6017,#6018,#6019,#6020,#6021,#6022,#6023,#6024,#6025,#6026,#6027,
#6028,#6029,#6030,#6031,#6032,#6033,#6034,#6035,#6036,#6037,#6038),(#6039,#6040,
#6041,#6042,#6043,#6044,#6045,#6046,#6047,#6048,#6049,#6050,#6051,#6052,#6053,
#6054,#6055,#6056,#6057,#6058,#6059,#6060,#6061,#6062,#6063,#6064,#6065,#6066,
#6067,#6068,#6069,#6070,#6071,#6072,#6073,#6074,#6075,#6076,#6077,#6078,#6079,
#6080,#6081,#6082,#6083,#6084,#6085,#6086,#6087,#6088,#6089,#6090,#6091,#6092,
#6093,#6094,#6095,#6096,#6097,#6098,#6099,#6100,#6101,#6102,#6103,#6104,#6105),(
#6106,#6107,#6108,#6109,#6110,#6111,#6112,#6113,#6114,#6115,#6116,#6117,#6118,
#6119,#6120,#6121,#6122,#6123,#6124,#6125,#6126,#6127,#6128,#6129,#6130,#6131,
#6132,#6133,#6134,#6135,#6136,#6137,#6138,#6139,#6140,#6141,#6142,#6143,#6144,
#6145,#6146,#6147,#6148,#6149,#6150,#6151,#6152,#6153,#6154,#6155,#6156,#6157,
#6158,#6159,#6160,#6161,#6162,#6163,#6164,#6165,#6166,#6167,#6168,#6169,#6170,
#6171,#6172)),.UNSPECIFIED.,.F.,.F.,.F.,(4,4),(4,1,1,1,1,1,1,1,1,1,1,1,1,1,1,1,
1,1,1,1,1,1,1,1,1,1,1,1,1,1,1,1,1,1,1,1,1,1,1,1,1,1,1,1,1,1,1,1,1,1,1,1,1,1,1,1,
1,1,1,1,1,1,1,1,4),(-2.E-2,1.02E0),(3.641897639389E-1,3.743190936801E-1,
3.844484234213E-1,3.945777531625E-1,4.047070829036E-1,4.148364126448E-1,
4.249657423860E-1,4.350950721271E-1,4.452244018683E-1,4.553537316095E-1,
4.654830613506E-1,4.756123910918E-1,4.857417208330E-1,4.958710505741E-1,
5.060003803153E-1,5.161297100565E-1,5.262590397976E-1,5.363883695388E-1,
5.465176992800E-1,5.566470290212E-1,5.667763587623E-1,5.769056885035E-1,
5.870350182447E-1,5.971643479858E-1,6.072936777270E-1,6.174230074682E-1,
6.275523372093E-1,6.376816669505E-1,6.478109966917E-1,6.579403264328E-1,
6.680696561740E-1,6.781989859152E-1,6.883283156563E-1,6.984576453975E-1,
7.085869751387E-1,7.187163048799E-1,7.288456346210E-1,7.389749643622E-1,
7.491042941034E-1,7.592336238445E-1,7.693629535857E-1,7.794922833269E-1,
7.896216130680E-1,7.997509428092E-1,8.098802725504E-1,8.200096022915E-1,
8.301389320327E-1,8.402682617739E-1,8.503975915150E-1,8.605269212562E-1,
8.706562509974E-1,8.807855807386E-1,8.909149104797E-1,9.010442402209E-1,
9.111735699621E-1,9.213028997032E-1,9.314322294444E-1,9.415615591856E-1,
9.516908889267E-1,9.618202186679E-1,9.719495484091E-1,9.820788781502E-1,
9.922082078914E-1,1.002337537633E0,1.012466867374E0),.UNSPECIFIED.);
#6175=ORIENTED_EDGE('',*,*,#6174,.F.);
#6176=ORIENTED_EDGE('',*,*,#5894,.F.);
#6177=ORIENTED_EDGE('',*,*,#5877,.T.);
#6178=ORIENTED_EDGE('',*,*,#4081,.F.);
#6180=ORIENTED_EDGE('',*,*,#6179,.T.);
#6182=ORIENTED_EDGE('',*,*,#6181,.F.);
#6183=ORIENTED_EDGE('',*,*,#5887,.F.);
#6184=EDGE_LOOP('',(#6175,#6176,#6177,#6178,#6180,#6182,#6183));
#6185=FACE_OUTER_BOUND('',#6184,.F.);
#6187=CARTESIAN_POINT('',(2.412083343114E-1,0.E0,0.E0));
#6188=DIRECTION('',(-1.E0,0.E0,0.E0));
#6189=DIRECTION('',(0.E0,1.E0,0.E0));
#6190=AXIS2_PLACEMENT_3D('',#6187,#6188,#6189);
#6191=CONICAL_SURFACE('',#6190,4.482587055194E-2,3.E1);
#6193=ORIENTED_EDGE('',*,*,#6192,.T.);
#6194=ORIENTED_EDGE('',*,*,#5896,.F.);
#6195=ORIENTED_EDGE('',*,*,#6174,.T.);
#6196=ORIENTED_EDGE('',*,*,#5900,.T.);
#6197=EDGE_LOOP('',(#6193,#6194,#6195,#6196));
#6198=FACE_OUTER_BOUND('',#6197,.F.);
#6200=CARTESIAN_POINT('',(2.5E-1,0.E0,0.E0));
#6201=DIRECTION('',(1.E0,0.E0,0.E0));
#6202=DIRECTION('',(0.E0,1.E0,0.E0));
#6203=AXIS2_PLACEMENT_3D('',#6200,#6201,#6202);
#6204=PLANE('',#6203);
#6205=ORIENTED_EDGE('',*,*,#6192,.F.);
#6206=ORIENTED_EDGE('',*,*,#5898,.F.);
#6207=EDGE_LOOP('',(#6205,#6206));
#6208=FACE_OUTER_BOUND('',#6207,.F.);
#6210=CARTESIAN_POINT('',(0.E0,0.E0,0.E0));
#6211=DIRECTION('',(1.E0,0.E0,0.E0));
#6212=DIRECTION('',(0.E0,0.E0,-1.E0));
#6213=AXIS2_PLACEMENT_3D('',#6210,#6211,#6212);
#6214=CYLINDRICAL_SURFACE('',#6213,5.6E-2);
#6216=ORIENTED_EDGE('',*,*,#6215,.F.);
#6218=ORIENTED_EDGE('',*,*,#6217,.F.);
#6219=ORIENTED_EDGE('',*,*,#6179,.F.);
#6220=ORIENTED_EDGE('',*,*,#4079,.F.);
#6222=ORIENTED_EDGE('',*,*,#6221,.T.);
#6223=EDGE_LOOP('',(#6216,#6218,#6219,#6220,#6222));
#6224=FACE_OUTER_BOUND('',#6223,.F.);
#6226=CARTESIAN_POINT('',(0.E0,0.E0,0.E0));
#6227=DIRECTION('',(1.E0,0.E0,0.E0));
#6228=DIRECTION('',(0.E0,0.E0,-1.E0));
#6229=AXIS2_PLACEMENT_3D('',#6226,#6227,#6228);
#6230=CYLINDRICAL_SURFACE('',#6229,5.6E-2);
#6231=ORIENTED_EDGE('',*,*,#4376,.F.);
#6233=ORIENTED_EDGE('',*,*,#6232,.F.);
#6235=ORIENTED_EDGE('',*,*,#6234,.F.);
#6236=ORIENTED_EDGE('',*,*,#4075,.T.);
#6238=ORIENTED_EDGE('',*,*,#6237,.T.);
#6239=EDGE_LOOP('',(#6231,#6233,#6235,#6236,#6238));
#6240=FACE_OUTER_BOUND('',#6239,.F.);
#6242=CARTESIAN_POINT('',(0.E0,0.E0,0.E0));
#6243=DIRECTION('',(1.E0,0.E0,0.E0));
#6244=DIRECTION('',(0.E0,0.E0,-1.E0));
#6245=AXIS2_PLACEMENT_3D('',#6242,#6243,#6244);
#6246=CYLINDRICAL_SURFACE('',#6245,5.6E-2);
#6248=ORIENTED_EDGE('',*,*,#6247,.F.);
#6249=ORIENTED_EDGE('',*,*,#4071,.F.);
#6251=ORIENTED_EDGE('',*,*,#6250,.T.);
#6252=ORIENTED_EDGE('',*,*,#4380,.F.);
#6253=EDGE_LOOP('',(#6248,#6249,#6251,#6252));
#6254=FACE_OUTER_BOUND('',#6253,.F.);
#6256=CARTESIAN_POINT('',(2.466596668469E-1,4.201383981297E-2,
-3.935078453168E-3));
#6257=CARTESIAN_POINT('',(2.463314866257E-1,4.168927184368E-2,
-7.400408771848E-3));
#6258=CARTESIAN_POINT('',(2.456751261834E-1,4.017830709711E-2,
-1.425009519905E-2));
#6259=CARTESIAN_POINT('',(2.446905855199E-1,3.546434719667E-2,
-2.365676917137E-2));
#6260=CARTESIAN_POINT('',(2.437060448565E-1,2.859005298578E-2,
-3.162231825893E-2));
#6261=CARTESIAN_POINT('',(2.427215041930E-1,1.997417126935E-2,
-3.766158268840E-2));
#6262=CARTESIAN_POINT('',(2.417369635295E-1,1.014154714622E-2,
-4.140665754971E-2));
#6263=CARTESIAN_POINT('',(2.407524228660E-1,-3.088576052196E-4,
-4.262941347222E-2));
#6264=CARTESIAN_POINT('',(2.397678822025E-1,-1.074044802038E-2,
-4.125536398211E-2));
#6265=CARTESIAN_POINT('',(2.387833415391E-1,-2.051777538069E-2,
-3.736821076424E-2));
#6266=CARTESIAN_POINT('',(2.377988008756E-1,-2.904524588807E-2,
-3.120474280090E-2));
#6267=CARTESIAN_POINT('',(2.368142602121E-1,-3.580340179482E-2,
-2.314041274397E-2));
#6268=CARTESIAN_POINT('',(2.358297195486E-1,-4.038056457746E-2,
-1.366646576235E-2));
#6269=CARTESIAN_POINT('',(2.348451788851E-1,-4.249791267017E-2,
-3.360014986420E-3));
#6270=CARTESIAN_POINT('',(2.338606382217E-1,-4.202646610453E-2,
7.151113815006E-3));
#6271=CARTESIAN_POINT('',(2.328760975582E-1,-3.899494342868E-2,
1.722662674536E-2));
#6272=CARTESIAN_POINT('',(2.318915568947E-1,-3.358801229375E-2,
2.625276580068E-2));
#6273=CARTESIAN_POINT('',(2.309070162312E-1,-2.613504027475E-2,
3.367969643372E-2));
#6274=CARTESIAN_POINT('',(2.299224755677E-1,-1.709003117892E-2,
3.905500116929E-2));
#6275=CARTESIAN_POINT('',(2.289379349043E-1,-7.003969037261E-3,
4.205123898003E-2));
#6276=CARTESIAN_POINT('',(2.279533942408E-1,3.508745532523E-3,
4.248589162084E-2));
#6277=CARTESIAN_POINT('',(2.269688535773E-1,1.380772203563E-2,
4.033248187525E-2));
#6278=CARTESIAN_POINT('',(2.259843129138E-1,2.326559000413E-2,
3.572218643630E-2));
#6279=CARTESIAN_POINT('',(2.249997722504E-1,3.130621577550E-2,
2.893584517252E-2));
#6280=CARTESIAN_POINT('',(2.240152315869E-1,3.743979813979E-2,
2.038685354050E-2));
#6281=CARTESIAN_POINT('',(2.230306909234E-1,4.129270497572E-2,
1.059598026700E-2));
#6282=CARTESIAN_POINT('',(2.220461502599E-1,4.263023335295E-2,
1.596443015424E-4));
#6283=CARTESIAN_POINT('',(2.210616095964E-1,4.137090665064E-2,
-1.028641652543E-2));
#6284=CARTESIAN_POINT('',(2.200770689330E-1,3.759143777148E-2,
-2.010587198565E-2));
#6285=CARTESIAN_POINT('',(2.190925282695E-1,3.152205611337E-2,
-2.870056202265E-2));
#6286=CARTESIAN_POINT('',(2.181079876060E-1,2.353248295975E-2,
-3.554693415443E-2));
#6287=CARTESIAN_POINT('',(2.171234469425E-1,1.410940960915E-2,
-4.022793609559E-2));
#6288=CARTESIAN_POINT('',(2.161389062790E-1,3.826850181869E-3,
-4.245842083398E-2));
#6289=CARTESIAN_POINT('',(2.151543656156E-1,-6.688824913613E-3,
-4.210251659112E-2));
#6290=CARTESIAN_POINT('',(2.141698249521E-1,-1.679704483968E-2,
-3.918190356126E-2));
#6291=CARTESIAN_POINT('',(2.131852842886E-1,-2.588205921929E-2,
-3.387449324491E-2));
#6292=CARTESIAN_POINT('',(2.122007436251E-1,-3.339044706729E-2,
-2.650359082609E-2));
#6293=CARTESIAN_POINT('',(2.112162029616E-1,-3.886482887649E-2,
-1.751820077608E-2));
#6294=CARTESIAN_POINT('',(2.102316622982E-1,-4.197172825960E-2,
-7.465675383566E-3));
#6295=CARTESIAN_POINT('',(2.092471216347E-1,-4.252188593251E-2,
3.041627651881E-3));
#6296=CARTESIAN_POINT('',(2.082625809712E-1,-4.048178859646E-2,
1.336364748345E-2));
#6297=CARTESIAN_POINT('',(2.072780403077E-1,-3.597571042761E-2,
2.287160994025E-2));
#6298=CARTESIAN_POINT('',(2.062934996442E-1,-2.927814281532E-2,
3.098632981358E-2));
#6299=CARTESIAN_POINT('',(2.053089589808E-1,-2.079707349756E-2,
3.721349239143E-2));
#6300=CARTESIAN_POINT('',(2.043244183173E-1,-1.104913365848E-2,
4.117376503828E-2));
#6301=CARTESIAN_POINT('',(2.033398776538E-1,-6.281269227585E-4,
4.262590454875E-2));
#6302=CARTESIAN_POINT('',(2.023553369903E-1,9.831142671536E-3,
4.148145267227E-2));
#6303=CARTESIAN_POINT('',(2.013707963268E-1,1.969154027344E-2,
3.781012461881E-2));
#6304=CARTESIAN_POINT('',(2.003862556634E-1,2.835241180284E-2,
3.183556230055E-2));
#6305=CARTESIAN_POINT('',(1.994017149999E-1,3.528617327873E-2,
2.392171100430E-2));
#6306=CARTESIAN_POINT('',(1.984171743364E-1,4.007044902326E-2,
1.455064937053E-2));
#6307=CARTESIAN_POINT('',(1.974326336729E-1,4.241380101717E-2,
4.293223183792E-3));
#6308=CARTESIAN_POINT('',(1.964480930094E-1,4.217348208199E-2,
-6.225728159042E-3));
#6309=CARTESIAN_POINT('',(1.954635523460E-1,3.936413143965E-2,
-1.636543424514E-2));
#6310=CARTESIAN_POINT('',(1.944790116825E-1,3.415688295252E-2,
-2.550822669249E-2));
#6311=CARTESIAN_POINT('',(1.934944710190E-1,2.686894036584E-2,
-3.309716491876E-2));
#6312=CARTESIAN_POINT('',(1.925099303555E-1,1.794425458612E-2,
-3.866996262369E-2));
#6313=CARTESIAN_POINT('',(1.915253896920E-1,7.926480050946E-3,
-4.188714834284E-2));
#6314=CARTESIAN_POINT('',(1.905408490286E-1,-2.574142411090E-3,
-4.255274458624E-2));
#6315=CARTESIAN_POINT('',(1.895563083651E-1,-1.291795892646E-2,
-4.062620611355E-2));
#6316=CARTESIAN_POINT('',(1.885717677016E-1,-2.247486748419E-2,
-3.622488922724E-2));
#6317=CARTESIAN_POINT('',(1.875872270381E-1,-3.066270157358E-2,
-2.961690498182E-2));
#6318=CARTESIAN_POINT('',(1.866026863746E-1,-3.698269159157E-2,
-2.120477928301E-2));
#6319=CARTESIAN_POINT('',(1.856181457112E-1,-4.104985427321E-2,
-1.150096143203E-2));
#6320=CARTESIAN_POINT('',(1.846336050477E-1,-4.261642008375E-2,
-1.096500623081E-3));
#6321=CARTESIAN_POINT('',(1.839772446054E-1,-4.193015104103E-2,
5.884205173415E-3));
#6322=CARTESIAN_POINT('',(1.836490643842E-1,-4.116477120986E-2,
9.279503731455E-3));
#6323=CARTESIAN_POINT('',(2.439513335004E-1,4.668436945771E-2,
-4.372527176059E-3));
#6324=CARTESIAN_POINT('',(2.436231532792E-1,4.632372041777E-2,
-8.223085982643E-3));
#6325=CARTESIAN_POINT('',(2.429667928369E-1,4.464478707627E-2,
-1.583422776975E-2));
#6326=CARTESIAN_POINT('',(2.419822521734E-1,3.940679296337E-2,
-2.628660834354E-2));
#6327=CARTESIAN_POINT('',(2.409977115099E-1,3.176830783249E-2,
-3.513765928753E-2));
#6328=CARTESIAN_POINT('',(2.400131708465E-1,2.219462908654E-2,
-4.184828733613E-2));
#6329=CARTESIAN_POINT('',(2.390286301830E-1,1.126894699353E-2,
-4.600968889453E-2));
#6330=CARTESIAN_POINT('',(2.380440895195E-1,-3.431922103784E-4,
-4.736837425863E-2));
#6331=CARTESIAN_POINT('',(2.370595488560E-1,-1.193442555493E-2,
-4.584157655732E-2));
#6332=CARTESIAN_POINT('',(2.360750081926E-1,-2.279866374E-2,
-4.152230229509E-2));
#6333=CARTESIAN_POINT('',(2.350904675291E-1,-3.227410291621E-2,
-3.467366344603E-2));
#6334=CARTESIAN_POINT('',(2.341059268656E-1,-3.978353905935E-2,
-2.571285040245E-2));
#6335=CARTESIAN_POINT('',(2.331213862021E-1,-4.486952880377E-2,
-1.518571831736E-2));
#6336=CARTESIAN_POINT('',(2.321368455386E-1,-4.722225497855E-2,
-3.733535942150E-3));
#6337=CARTESIAN_POINT('',(2.311523048752E-1,-4.669839936935E-2,
7.946077789129E-3));
#6338=CARTESIAN_POINT('',(2.301677642117E-1,-4.332987306353E-2,
1.914164977708E-2));
#6339=CARTESIAN_POINT('',(2.291832235482E-1,-3.732187256037E-2,
2.917119271606E-2));
#6340=CARTESIAN_POINT('',(2.281986828847E-1,-2.904038006071E-2,
3.742374890119E-2));
#6341=CARTESIAN_POINT('',(2.272141422212E-1,-1.898986936572E-2,
4.339660721027E-2));
#6342=CARTESIAN_POINT('',(2.262296015578E-1,-7.782575448030E-3,
4.672592615760E-2));
#6343=CARTESIAN_POINT('',(2.252450608943E-1,3.898800335855E-3,
4.720889759178E-2));
#6344=CARTESIAN_POINT('',(2.242605202308E-1,1.534267754983E-2,
4.481610091799E-2));
#6345=CARTESIAN_POINT('',(2.232759795673E-1,2.585194317490E-2,
3.969329527731E-2));
#6346=CARTESIAN_POINT('',(2.222914389038E-1,3.478641681152E-2,
3.215254051090E-2));
#6347=CARTESIAN_POINT('',(2.213068982404E-1,4.160184778542E-2,
2.265318778292E-2));
#6348=CARTESIAN_POINT('',(2.203223575769E-1,4.588306861682E-2,
1.177389783351E-2));
#6349=CARTESIAN_POINT('',(2.193378169134E-1,4.736928528259E-2,
1.773913926507E-4));
#6350=CARTESIAN_POINT('',(2.183532762499E-1,4.596996369474E-2,
-1.142992098810E-2));
#6351=CARTESIAN_POINT('',(2.173687355864E-1,4.177034465744E-2,
-2.234097050462E-2));
#6352=CARTESIAN_POINT('',(2.163841949230E-1,3.502625135465E-2,
-3.189110176727E-2));
#6353=CARTESIAN_POINT('',(2.153996542595E-1,2.614850567434E-2,
-3.949856082048E-2));
#6354=CARTESIAN_POINT('',(2.144151135960E-1,1.567790266151E-2,
-4.469993315460E-2));
#6355=CARTESIAN_POINT('',(2.134305729325E-1,4.252267551478E-3,
-4.717837297492E-2));
#6356=CARTESIAN_POINT('',(2.124460322690E-1,-7.432397869254E-3,
-4.678290411895E-2));
#6357=CARTESIAN_POINT('',(2.114614916056E-1,-1.866431277370E-2,
-4.353761689132E-2));
#6358=CARTESIAN_POINT('',(2.104769509421E-1,-2.875927599806E-2,
-3.764020058338E-2));
#6359=CARTESIAN_POINT('',(2.094924102786E-1,-3.710234470800E-2,
-2.944990107044E-2));
#6360=CARTESIAN_POINT('',(2.085078696151E-1,-4.318529413779E-2,
-1.946563705925E-2));
#6361=CARTESIAN_POINT('',(2.075233289516E-1,-4.663757651222E-2,
-8.295608052234E-3));
#6362=CARTESIAN_POINT('',(2.065387882882E-1,-4.724889326348E-2,
3.379754616225E-3));
#6363=CARTESIAN_POINT('',(2.055542476247E-1,-4.498200553815E-2,
1.484923680380E-2));
#6364=CARTESIAN_POINT('',(2.045697069612E-1,-3.997500263205E-2,
2.541416574387E-2));
#6365=CARTESIAN_POINT('',(2.035851662977E-1,-3.253289016930E-2,
3.443097026111E-2));
#6366=CARTESIAN_POINT('',(2.026006256342E-1,-2.310901043850E-2,
4.135038442921E-2));
#6367=CARTESIAN_POINT('',(2.016160849708E-1,-1.227742668121E-2,
4.575090654815E-2));
#6368=CARTESIAN_POINT('',(2.006315443073E-1,-6.979535662279E-4,
4.736447526057E-2));
#6369=CARTESIAN_POINT('',(1.996470036438E-1,1.092403595369E-2,
4.609279872575E-2));
#6370=CARTESIAN_POINT('',(1.986624629803E-1,2.188057900465E-2,
4.201334214640E-2));
#6371=CARTESIAN_POINT('',(1.976779223168E-1,3.150424892163E-2,
3.537460891337E-2));
#6372=CARTESIAN_POINT('',(1.966933816534E-1,3.920881208255E-2,
2.658100282090E-2));
#6373=CARTESIAN_POINT('',(1.957088409899E-1,4.452493880269E-2,
1.616819348308E-2));
#6374=CARTESIAN_POINT('',(1.947243003264E-1,4.712879293123E-2,
4.770485586863E-3));
#6375=CARTESIAN_POINT('',(1.937397596629E-1,4.686175859189E-2,
-6.917820290024E-3));
#6376=CARTESIAN_POINT('',(1.927552189994E-1,4.374010239701E-2,
-1.818472155930E-2));
#6377=CARTESIAN_POINT('',(1.917706783360E-1,3.795398255380E-2,
-2.834388583439E-2));
#6378=CARTESIAN_POINT('',(1.907861376725E-1,2.985586522346E-2,
-3.677645942263E-2));
#6379=CARTESIAN_POINT('',(1.898015970090E-1,1.993905376112E-2,
-4.296876529441E-2));
#6380=CARTESIAN_POINT('',(1.888170563455E-1,8.807638741064E-3,
-4.654359414593E-2));
#6381=CARTESIAN_POINT('',(1.878325156820E-1,-2.860300698318E-3,
-4.728318236436E-2));
#6382=CARTESIAN_POINT('',(1.868479750186E-1,-1.435400262978E-2,
-4.514247743869E-2));
#6383=CARTESIAN_POINT('',(1.858634343551E-1,-2.497331883531E-2,
-4.025188175557E-2));
#6384=CARTESIAN_POINT('',(1.848788936916E-1,-3.407136541685E-2,
-3.290931132503E-2));
#6385=CARTESIAN_POINT('',(1.838943530281E-1,-4.109392632255E-2,
-2.356203943091E-2));
#6386=CARTESIAN_POINT('',(1.829098123647E-1,-4.561322106256E-2,
-1.277948254675E-2));
#6387=CARTESIAN_POINT('',(1.819252717012E-1,-4.735393644122E-2,
-1.218394710562E-3));
#6388=CARTESIAN_POINT('',(1.812689112589E-1,-4.659137730165E-2,
6.538331404688E-3));
#6389=CARTESIAN_POINT('',(1.809407310377E-1,-4.574091290770E-2,
1.031107326805E-2));
#6390=CARTESIAN_POINT('',(2.412430001539E-1,5.135489910245E-2,
-4.809975898949E-3));
#6391=CARTESIAN_POINT('',(2.409148199327E-1,5.095816899187E-2,
-9.045763193438E-3));
#6392=CARTESIAN_POINT('',(2.402584594904E-1,4.911126705544E-2,
-1.741836034044E-2));
#6393=CARTESIAN_POINT('',(2.392739188269E-1,4.334923873007E-2,
-2.891644751572E-2));
#6394=CARTESIAN_POINT('',(2.382893781634E-1,3.494656267921E-2,
-3.865300031614E-2));
#6395=CARTESIAN_POINT('',(2.373048375E-1,2.441508690372E-2,-4.603499198387E-2));
#6396=CARTESIAN_POINT('',(2.363202968365E-1,1.239634684083E-2,
-5.061272023936E-2));
#6397=CARTESIAN_POINT('',(2.353357561730E-1,-3.775268155371E-4,
-5.210733504503E-2));
#6398=CARTESIAN_POINT('',(2.343512155095E-1,-1.312840308948E-2,
-5.042778913253E-2));
#6399=CARTESIAN_POINT('',(2.333666748460E-1,-2.507955209932E-2,
-4.567639382593E-2));
#6400=CARTESIAN_POINT('',(2.323821341826E-1,-3.550295994435E-2,
-3.814258409115E-2));
#6401=CARTESIAN_POINT('',(2.313975935191E-1,-4.376367632387E-2,
-2.828528806094E-2));
#6402=CARTESIAN_POINT('',(2.304130528556E-1,-4.935849303009E-2,
-1.670497087238E-2));
#6403=CARTESIAN_POINT('',(2.294285121921E-1,-5.194659728692E-2,
-4.107056897881E-3));
#6404=CARTESIAN_POINT('',(2.284439715286E-1,-5.137033263416E-2,
8.741041763253E-3));
#6405=CARTESIAN_POINT('',(2.274594308652E-1,-4.766480269837E-2,
2.105667280881E-2));
#6406=CARTESIAN_POINT('',(2.264748902017E-1,-4.105573282699E-2,
3.208961963143E-2));
#6407=CARTESIAN_POINT('',(2.254903495382E-1,-3.194571984668E-2,
4.116780136865E-2));
#6408=CARTESIAN_POINT('',(2.245058088747E-1,-2.088970755252E-2,
4.773821325125E-2));
#6409=CARTESIAN_POINT('',(2.235212682112E-1,-8.561181858798E-3,
5.140061333517E-2));
#6410=CARTESIAN_POINT('',(2.225367275478E-1,4.288855139188E-3,
5.193190356271E-2));
#6411=CARTESIAN_POINT('',(2.215521868843E-1,1.687763306403E-2,
4.929971996074E-2));
#6412=CARTESIAN_POINT('',(2.205676462208E-1,2.843829634567E-2,
4.366440411831E-2));
#6413=CARTESIAN_POINT('',(2.195831055573E-1,3.826661784754E-2,
3.536923584928E-2));
#6414=CARTESIAN_POINT('',(2.185985648938E-1,4.576389743105E-2,
2.491952202535E-2));
#6415=CARTESIAN_POINT('',(2.176140242304E-1,5.047343225792E-2,
1.295181540002E-2));
#6416=CARTESIAN_POINT('',(2.166294835669E-1,5.210833721223E-2,
1.951384837591E-4));
#6417=CARTESIAN_POINT('',(2.156449429034E-1,5.056902073884E-2,
-1.257342545077E-2));
#6418=CARTESIAN_POINT('',(2.146604022399E-1,4.594925154340E-2,
-2.457606902360E-2));
#6419=CARTESIAN_POINT('',(2.136758615764E-1,3.853044659594E-2,
-3.508164151190E-2));
#6420=CARTESIAN_POINT('',(2.126913209130E-1,2.876452838893E-2,
-4.345018748652E-2));
#6421=CARTESIAN_POINT('',(2.117067802495E-1,1.724639571386E-2,
-4.917193021361E-2));
#6422=CARTESIAN_POINT('',(2.107222395860E-1,4.677684921087E-3,
-5.189832511585E-2));
#6423=CARTESIAN_POINT('',(2.097376989225E-1,-8.175970824894E-3,
-5.146329164678E-2));
#6424=CARTESIAN_POINT('',(2.087531582590E-1,-2.053158070772E-2,
-4.789333022138E-2));
#6425=CARTESIAN_POINT('',(2.077686175956E-1,-3.163649277684E-2,
-4.140590792185E-2));
#6426=CARTESIAN_POINT('',(2.067840769321E-1,-4.081424234871E-2,
-3.239621131478E-2));
#6427=CARTESIAN_POINT('',(2.057995362686E-1,-4.750575939908E-2,
-2.141307334242E-2));
#6428=CARTESIAN_POINT('',(2.048149956051E-1,-5.130342476485E-2,
-9.125540720902E-3));
#6429=CARTESIAN_POINT('',(2.038304549416E-1,-5.197590059445E-2,
3.717881580568E-3));
#6430=CARTESIAN_POINT('',(2.028459142782E-1,-4.948222247984E-2,
1.633482612416E-2));
#6431=CARTESIAN_POINT('',(2.018613736147E-1,-4.397429483650E-2,
2.795672154749E-2));
#6432=CARTESIAN_POINT('',(2.008768329512E-1,-3.578763752329E-2,
3.787561070865E-2));
#6433=CARTESIAN_POINT('',(1.998922922877E-1,-2.542094737943E-2,
4.548727646698E-2));
#6434=CARTESIAN_POINT('',(1.989077516242E-1,-1.350571970395E-2,
5.032804805801E-2));
#6435=CARTESIAN_POINT('',(1.979232109608E-1,-7.677802096973E-4,
5.210304597239E-2));
#6436=CARTESIAN_POINT('',(1.969386702973E-1,1.201692923584E-2,
5.070414477922E-2));
#6437=CARTESIAN_POINT('',(1.959541296338E-1,2.406961773587E-2,
4.621655967400E-2));
#6438=CARTESIAN_POINT('',(1.949695889703E-1,3.465608604041E-2,
3.891365552619E-2));
#6439=CARTESIAN_POINT('',(1.939850483068E-1,4.313145088637E-2,
2.924029463750E-2));
#6440=CARTESIAN_POINT('',(1.930005076434E-1,4.897942858211E-2,
1.778573759564E-2));
#6441=CARTESIAN_POINT('',(1.920159669799E-1,5.184378484530E-2,
5.247747989935E-3));
#6442=CARTESIAN_POINT('',(1.910314263164E-1,5.155003510179E-2,
-7.609912421006E-3));
#6443=CARTESIAN_POINT('',(1.900468856529E-1,4.811607335436E-2,
-2.000400887347E-2));
#6444=CARTESIAN_POINT('',(1.890623449895E-1,4.175108215507E-2,
-3.117954497629E-2));
#6445=CARTESIAN_POINT('',(1.880778043260E-1,3.284279008108E-2,
-4.045575392649E-2));
#6446=CARTESIAN_POINT('',(1.870932636625E-1,2.193385293611E-2,
-4.726756796512E-2));
#6447=CARTESIAN_POINT('',(1.861087229990E-1,9.688797431181E-3,
-5.120003994902E-2));
#6448=CARTESIAN_POINT('',(1.851241823355E-1,-3.146458985547E-3,
-5.201362014248E-2));
#6449=CARTESIAN_POINT('',(1.841396416721E-1,-1.579004633310E-2,
-4.965874876384E-2));
#6450=CARTESIAN_POINT('',(1.831551010086E-1,-2.747177018643E-2,
-4.427887428390E-2));
#6451=CARTESIAN_POINT('',(1.821705603451E-1,-3.748002926012E-2,
-3.620171766825E-2));
#6452=CARTESIAN_POINT('',(1.811860196816E-1,-4.520516105353E-2,
-2.591929957881E-2));
#6453=CARTESIAN_POINT('',(1.802014790181E-1,-5.017658785190E-2,
-1.405800366147E-2));
#6454=CARTESIAN_POINT('',(1.792169383547E-1,-5.209145279869E-2,
-1.340288798043E-3));
#6455=CARTESIAN_POINT('',(1.785605779123E-1,-5.125260356226E-2,
7.192457635961E-3));
#6456=CARTESIAN_POINT('',(1.782323976912E-1,-5.031705460555E-2,
1.134264280464E-2));
#6457=CARTESIAN_POINT('',(2.385346668074E-1,5.602542874719E-2,
-5.247424621840E-3));
#6458=CARTESIAN_POINT('',(2.382064865862E-1,5.559261756597E-2,
-9.868440404233E-3));
#6459=CARTESIAN_POINT('',(2.375501261439E-1,5.357774703461E-2,
-1.900249291113E-2));
#6460=CARTESIAN_POINT('',(2.365655854804E-1,4.729168449677E-2,
-3.154628668790E-2));
#6461=CARTESIAN_POINT('',(2.355810448169E-1,3.812481752593E-2,
-4.216834134475E-2));
#6462=CARTESIAN_POINT('',(2.345965041534E-1,2.663554472091E-2,
-5.022169663160E-2));
#6463=CARTESIAN_POINT('',(2.336119634900E-1,1.352374668814E-2,
-5.521575158418E-2));
#6464=CARTESIAN_POINT('',(2.326274228265E-1,-4.118614206959E-4,
-5.684629583144E-2));
#6465=CARTESIAN_POINT('',(2.316428821630E-1,-1.432238062403E-2,
-5.501400170774E-2));
#6466=CARTESIAN_POINT('',(2.306583414995E-1,-2.736044045864E-2,
-4.983048535678E-2));
#6467=CARTESIAN_POINT('',(2.296738008360E-1,-3.873181697248E-2,
-4.161150473628E-2));
#6468=CARTESIAN_POINT('',(2.286892601726E-1,-4.774381358839E-2,
-3.085772571942E-2));
#6469=CARTESIAN_POINT('',(2.277047195091E-1,-5.384745725640E-2,
-1.822422342739E-2));
#6470=CARTESIAN_POINT('',(2.267201788456E-1,-5.667093959529E-2,
-4.480577853611E-3));
#6471=CARTESIAN_POINT('',(2.257356381821E-1,-5.604226589898E-2,
9.536005737376E-3));
#6472=CARTESIAN_POINT('',(2.247510975186E-1,-5.199973233321E-2,
2.297169584053E-2));
#6473=CARTESIAN_POINT('',(2.237665568552E-1,-4.478959309362E-2,
3.500804654681E-2));
#6474=CARTESIAN_POINT('',(2.227820161917E-1,-3.485105963264E-2,
4.491185383612E-2));
#6475=CARTESIAN_POINT('',(2.217974755282E-1,-2.278954573932E-2,
5.207981929222E-2));
#6476=CARTESIAN_POINT('',(2.208129348647E-1,-9.339788269567E-3,
5.607530051275E-2));
#6477=CARTESIAN_POINT('',(2.198283942012E-1,4.678909942521E-3,
5.665490953364E-2));
#6478=CARTESIAN_POINT('',(2.188438535378E-1,1.841258857823E-2,
5.378333900349E-2));
#6479=CARTESIAN_POINT('',(2.178593128743E-1,3.102464951645E-2,
4.763551295931E-2));
#6480=CARTESIAN_POINT('',(2.168747722108E-1,4.174681888355E-2,
3.858593118766E-2));
#6481=CARTESIAN_POINT('',(2.158902315473E-1,4.992594707668E-2,
2.718585626777E-2));
#6482=CARTESIAN_POINT('',(2.149056908838E-1,5.506379589903E-2,
1.412973296653E-2));
#6483=CARTESIAN_POINT('',(2.139211502204E-1,5.684738914187E-2,
2.128855748674E-4));
#6484=CARTESIAN_POINT('',(2.129366095569E-1,5.516807778294E-2,
-1.371692991344E-2));
#6485=CARTESIAN_POINT('',(2.119520688934E-1,5.012815842936E-2,
-2.681116754257E-2));
#6486=CARTESIAN_POINT('',(2.109675282299E-1,4.203464183722E-2,
-3.827218125652E-2));
#6487=CARTESIAN_POINT('',(2.099829875664E-1,3.138055110352E-2,
-4.740181415257E-2));
#6488=CARTESIAN_POINT('',(2.089984469030E-1,1.881488876622E-2,
-5.364392727262E-2));
#6489=CARTESIAN_POINT('',(2.080139062395E-1,5.103102290696E-3,
-5.661827725678E-2));
#6490=CARTESIAN_POINT('',(2.070293655760E-1,-8.919543780534E-3,
-5.614367917462E-2));
#6491=CARTESIAN_POINT('',(2.060448249125E-1,-2.239884864173E-2,
-5.224904355144E-2));
#6492=CARTESIAN_POINT('',(2.050602842490E-1,-3.451370955561E-2,
-4.517161526032E-2));
#6493=CARTESIAN_POINT('',(2.040757435856E-1,-4.452613998942E-2,
-3.534252155913E-2));
#6494=CARTESIAN_POINT('',(2.030912029221E-1,-5.182622466037E-2,
-2.336050962560E-2));
#6495=CARTESIAN_POINT('',(2.021066622586E-1,-5.596927301748E-2,
-9.955473389570E-3));
#6496=CARTESIAN_POINT('',(2.011221215951E-1,-5.670290792542E-2,
4.056008544912E-3));
#6497=CARTESIAN_POINT('',(2.001375809316E-1,-5.398243942154E-2,
1.782041544451E-2));
#6498=CARTESIAN_POINT('',(1.991530402682E-1,-4.797358704094E-2,
3.049927735111E-2));
#6499=CARTESIAN_POINT('',(1.981684996047E-1,-3.904238487727E-2,
4.132025115618E-2));
#6500=CARTESIAN_POINT('',(1.971839589412E-1,-2.773288432037E-2,
4.962416850475E-2));
#6501=CARTESIAN_POINT('',(1.961994182777E-1,-1.473401272668E-2,
5.490518956788E-2));
#6502=CARTESIAN_POINT('',(1.952148776142E-1,-8.376068531668E-4,
5.684161668421E-2));
#6503=CARTESIAN_POINT('',(1.942303369508E-1,1.310982251800E-2,
5.531549083269E-2));
#6504=CARTESIAN_POINT('',(1.932457962873E-1,2.625865646708E-2,
5.041977720160E-2));
#6505=CARTESIAN_POINT('',(1.922612556238E-1,3.780792315919E-2,
4.245270213901E-2));
#6506=CARTESIAN_POINT('',(1.912767149603E-1,4.705408969019E-2,
3.189958645410E-2));
#6507=CARTESIAN_POINT('',(1.902921742969E-1,5.343391836154E-2,
1.940328170819E-2));
#6508=CARTESIAN_POINT('',(1.893076336334E-1,5.655877675936E-2,
5.725010393006E-3));
#6509=CARTESIAN_POINT('',(1.883230929699E-1,5.623831161169E-2,
-8.302004551988E-3));
#6510=CARTESIAN_POINT('',(1.873385523064E-1,5.249204431171E-2,
-2.182329618763E-2));
#6511=CARTESIAN_POINT('',(1.863540116429E-1,4.554818175634E-2,
-3.401520411819E-2));
#6512=CARTESIAN_POINT('',(1.853694709795E-1,3.582971493870E-2,
-4.413504843035E-2));
#6513=CARTESIAN_POINT('',(1.843849303160E-1,2.392865211111E-2,
-5.156637063584E-2));
#6514=CARTESIAN_POINT('',(1.834003896525E-1,1.056995612130E-2,
-5.585648575212E-2));
#6515=CARTESIAN_POINT('',(1.824158489890E-1,-3.432617272775E-3,
-5.674405792060E-2));
#6516=CARTESIAN_POINT('',(1.814313083255E-1,-1.722609003641E-2,
-5.417502008899E-2));
#6517=CARTESIAN_POINT('',(1.804467676621E-1,-2.997022153756E-2,
-4.830586681223E-2));
#6518=CARTESIAN_POINT('',(1.794622269986E-1,-4.088869310339E-2,
-3.949412401146E-2));
#6519=CARTESIAN_POINT('',(1.784776863351E-1,-4.931639578450E-2,
-2.827655972672E-2));
#6520=CARTESIAN_POINT('',(1.774931456716E-1,-5.473995464125E-2,
-1.533652477619E-2));
#6521=CARTESIAN_POINT('',(1.765086050081E-1,-5.682896915615E-2,
-1.462182885524E-3));
#6522=CARTESIAN_POINT('',(1.758522445658E-1,-5.591382982288E-2,
7.846583867234E-3));
#6523=CARTESIAN_POINT('',(1.755240643447E-1,-5.489319630339E-2,
1.237421234123E-2));
#6524=B_SPLINE_SURFACE_WITH_KNOTS('',3,3,((#6256,#6257,#6258,#6259,#6260,#6261,
#6262,#6263,#6264,#6265,#6266,#6267,#6268,#6269,#6270,#6271,#6272,#6273,#6274,
#6275,#6276,#6277,#6278,#6279,#6280,#6281,#6282,#6283,#6284,#6285,#6286,#6287,
#6288,#6289,#6290,#6291,#6292,#6293,#6294,#6295,#6296,#6297,#6298,#6299,#6300,
#6301,#6302,#6303,#6304,#6305,#6306,#6307,#6308,#6309,#6310,#6311,#6312,#6313,
#6314,#6315,#6316,#6317,#6318,#6319,#6320,#6321,#6322),(#6323,#6324,#6325,#6326,
#6327,#6328,#6329,#6330,#6331,#6332,#6333,#6334,#6335,#6336,#6337,#6338,#6339,
#6340,#6341,#6342,#6343,#6344,#6345,#6346,#6347,#6348,#6349,#6350,#6351,#6352,
#6353,#6354,#6355,#6356,#6357,#6358,#6359,#6360,#6361,#6362,#6363,#6364,#6365,
#6366,#6367,#6368,#6369,#6370,#6371,#6372,#6373,#6374,#6375,#6376,#6377,#6378,
#6379,#6380,#6381,#6382,#6383,#6384,#6385,#6386,#6387,#6388,#6389),(#6390,#6391,
#6392,#6393,#6394,#6395,#6396,#6397,#6398,#6399,#6400,#6401,#6402,#6403,#6404,
#6405,#6406,#6407,#6408,#6409,#6410,#6411,#6412,#6413,#6414,#6415,#6416,#6417,
#6418,#6419,#6420,#6421,#6422,#6423,#6424,#6425,#6426,#6427,#6428,#6429,#6430,
#6431,#6432,#6433,#6434,#6435,#6436,#6437,#6438,#6439,#6440,#6441,#6442,#6443,
#6444,#6445,#6446,#6447,#6448,#6449,#6450,#6451,#6452,#6453,#6454,#6455,#6456),(
#6457,#6458,#6459,#6460,#6461,#6462,#6463,#6464,#6465,#6466,#6467,#6468,#6469,
#6470,#6471,#6472,#6473,#6474,#6475,#6476,#6477,#6478,#6479,#6480,#6481,#6482,
#6483,#6484,#6485,#6486,#6487,#6488,#6489,#6490,#6491,#6492,#6493,#6494,#6495,
#6496,#6497,#6498,#6499,#6500,#6501,#6502,#6503,#6504,#6505,#6506,#6507,#6508,
#6509,#6510,#6511,#6512,#6513,#6514,#6515,#6516,#6517,#6518,#6519,#6520,#6521,
#6522,#6523)),.UNSPECIFIED.,.F.,.F.,.F.,(4,4),(4,1,1,1,1,1,1,1,1,1,1,1,1,1,1,1,
1,1,1,1,1,1,1,1,1,1,1,1,1,1,1,1,1,1,1,1,1,1,1,1,1,1,1,1,1,1,1,1,1,1,1,1,1,1,1,1,
1,1,1,1,1,1,1,1,4),(-2.E-2,1.02E0),(2.910571772332E-1,3.023516094587E-1,
3.136460416841E-1,3.249404739096E-1,3.362349061350E-1,3.475293383605E-1,
3.588237705859E-1,3.701182028114E-1,3.814126350368E-1,3.927070672623E-1,
4.040014994877E-1,4.152959317132E-1,4.265903639386E-1,4.378847961641E-1,
4.491792283895E-1,4.604736606150E-1,4.717680928404E-1,4.830625250659E-1,
4.943569572913E-1,5.056513895168E-1,5.169458217422E-1,5.282402539677E-1,
5.395346861931E-1,5.508291184186E-1,5.621235506440E-1,5.734179828695E-1,
5.847124150949E-1,5.960068473204E-1,6.073012795458E-1,6.185957117713E-1,
6.298901439968E-1,6.411845762222E-1,6.524790084477E-1,6.637734406731E-1,
6.750678728986E-1,6.863623051240E-1,6.976567373495E-1,7.089511695749E-1,
7.202456018004E-1,7.315400340258E-1,7.428344662513E-1,7.541288984767E-1,
7.654233307022E-1,7.767177629276E-1,7.880121951531E-1,7.993066273785E-1,
8.106010596040E-1,8.218954918294E-1,8.331899240549E-1,8.444843562803E-1,
8.557787885058E-1,8.670732207312E-1,8.783676529567E-1,8.896620851821E-1,
9.009565174076E-1,9.122509496330E-1,9.235453818585E-1,9.348398140839E-1,
9.461342463094E-1,9.574286785348E-1,9.687231107603E-1,9.800175429857E-1,
9.913119752112E-1,1.002606407437E0,1.013900839662E0),.UNSPECIFIED.);
#6525=ORIENTED_EDGE('',*,*,#5891,.F.);
#6527=ORIENTED_EDGE('',*,*,#6526,.F.);
#6528=ORIENTED_EDGE('',*,*,#6215,.T.);
#6530=ORIENTED_EDGE('',*,*,#6529,.T.);
#6531=ORIENTED_EDGE('',*,*,#6232,.T.);
#6532=ORIENTED_EDGE('',*,*,#4374,.F.);
#6533=ORIENTED_EDGE('',*,*,#5874,.F.);
#6534=EDGE_LOOP('',(#6525,#6527,#6528,#6530,#6531,#6532,#6533));
#6535=FACE_OUTER_BOUND('',#6534,.F.);
#6537=CARTESIAN_POINT('',(0.E0,0.E0,0.E0));
#6538=DIRECTION('',(1.E0,0.E0,0.E0));
#6539=DIRECTION('',(0.E0,0.E0,-1.E0));
#6540=AXIS2_PLACEMENT_3D('',#6537,#6538,#6539);
#6541=CYLINDRICAL_SURFACE('',#6540,5.6E-2);
#6542=ORIENTED_EDGE('',*,*,#6526,.T.);
#6543=ORIENTED_EDGE('',*,*,#5889,.T.);
#6544=ORIENTED_EDGE('',*,*,#6181,.T.);
#6545=ORIENTED_EDGE('',*,*,#6217,.T.);
#6546=EDGE_LOOP('',(#6542,#6543,#6544,#6545));
#6547=FACE_OUTER_BOUND('',#6546,.F.);
#6549=CARTESIAN_POINT('',(0.E0,0.E0,0.E0));
#6550=DIRECTION('',(1.E0,0.E0,0.E0));
#6551=DIRECTION('',(0.E0,0.E0,-1.E0));
#6552=AXIS2_PLACEMENT_3D('',#6549,#6550,#6551);
#6553=CYLINDRICAL_SURFACE('',#6552,5.6E-2);
#6554=ORIENTED_EDGE('',*,*,#6529,.F.);
#6555=ORIENTED_EDGE('',*,*,#6221,.F.);
#6556=ORIENTED_EDGE('',*,*,#4077,.T.);
#6557=ORIENTED_EDGE('',*,*,#6234,.T.);
#6558=EDGE_LOOP('',(#6554,#6555,#6556,#6557));
#6559=FACE_OUTER_BOUND('',#6558,.F.);
#6561=CARTESIAN_POINT('',(0.E0,0.E0,0.E0));
#6562=DIRECTION('',(1.E0,0.E0,0.E0));
#6563=DIRECTION('',(0.E0,0.E0,-1.E0));
#6564=AXIS2_PLACEMENT_3D('',#6561,#6562,#6563);
#6565=CYLINDRICAL_SURFACE('',#6564,5.6E-2);
#6566=ORIENTED_EDGE('',*,*,#4073,.F.);
#6567=ORIENTED_EDGE('',*,*,#6247,.T.);
#6568=ORIENTED_EDGE('',*,*,#4378,.F.);
#6569=ORIENTED_EDGE('',*,*,#6237,.F.);
#6570=EDGE_LOOP('',(#6566,#6567,#6568,#6569));
#6571=FACE_OUTER_BOUND('',#6570,.F.);
#6573=CARTESIAN_POINT('',(0.E0,0.E0,0.E0));
#6574=DIRECTION('',(1.E0,0.E0,0.E0));
#6575=DIRECTION('',(0.E0,0.E0,-1.E0));
#6576=AXIS2_PLACEMENT_3D('',#6573,#6574,#6575);
#6577=CYLINDRICAL_SURFACE('',#6576,5.6E-2);
#6578=ORIENTED_EDGE('',*,*,#4069,.T.);
#6579=ORIENTED_EDGE('',*,*,#4097,.F.);
#6580=ORIENTED_EDGE('',*,*,#4382,.T.);
#6581=ORIENTED_EDGE('',*,*,#6250,.F.);
#6582=EDGE_LOOP('',(#6578,#6579,#6580,#6581));
#6583=FACE_OUTER_BOUND('',#6582,.F.);
#6585=CARTESIAN_POINT('',(3.15E-2,4.342633442311E-2,0.E0));
#6586=DIRECTION('',(4.872027555566E-1,8.732888840344E-1,0.E0));
#6587=DIRECTION('',(0.E0,0.E0,-1.E0));
#6588=AXIS2_PLACEMENT_3D('',#6585,#6586,#6587);
#6589=PLANE('',#6588);
#6591=ORIENTED_EDGE('',*,*,#6590,.T.);
#6593=ORIENTED_EDGE('',*,*,#6592,.F.);
#6595=ORIENTED_EDGE('',*,*,#6594,.F.);
#6597=ORIENTED_EDGE('',*,*,#6596,.F.);
#6598=ORIENTED_EDGE('',*,*,#3671,.F.);
#6599=EDGE_LOOP('',(#6591,#6593,#6595,#6597,#6598));
#6600=FACE_OUTER_BOUND('',#6599,.F.);
#6602=CARTESIAN_POINT('',(3.15E-2,3.354387839235E-2,1.094358293378E-2));
#6603=DIRECTION('',(3.985456608738E-2,0.E0,9.992054911588E-1));
#6604=DIRECTION('',(0.E0,1.E0,0.E0));
#6605=AXIS2_PLACEMENT_3D('',#6602,#6603,#6604);
#6606=PLANE('',#6605);
#6607=ORIENTED_EDGE('',*,*,#6590,.F.);
#6608=ORIENTED_EDGE('',*,*,#3709,.F.);
#6610=ORIENTED_EDGE('',*,*,#6609,.T.);
#6612=ORIENTED_EDGE('',*,*,#6611,.F.);
#6613=EDGE_LOOP('',(#6607,#6608,#6610,#6612));
#6614=FACE_OUTER_BOUND('',#6613,.F.);
#6616=CARTESIAN_POINT('',(3.15E-2,1.926148221471E-2,1.290256250081E-2));
#6617=DIRECTION('',(4.361938736534E-2,4.063495199171E-1,9.126759647920E-1));
#6618=DIRECTION('',(0.E0,9.135454576426E-1,-4.067366430758E-1));
#6619=AXIS2_PLACEMENT_3D('',#6616,#6617,#6618);
#6620=PLANE('',#6619);
#6622=ORIENTED_EDGE('',*,*,#6621,.T.);
#6624=ORIENTED_EDGE('',*,*,#6623,.F.);
#6625=ORIENTED_EDGE('',*,*,#6609,.F.);
#6626=ORIENTED_EDGE('',*,*,#3707,.F.);
#6627=EDGE_LOOP('',(#6622,#6624,#6625,#6626));
#6628=FACE_OUTER_BOUND('',#6627,.F.);
#6630=CARTESIAN_POINT('',(3.15E-2,1.290256250081E-2,1.926148221471E-2));
#6631=DIRECTION('',(4.361938736534E-2,9.126759647920E-1,4.063495199171E-1));
#6632=DIRECTION('',(0.E0,4.067366430758E-1,-9.135454576426E-1));
#6633=AXIS2_PLACEMENT_3D('',#6630,#6631,#6632);
#6634=PLANE('',#6633);
#6636=ORIENTED_EDGE('',*,*,#6635,.T.);
#6638=ORIENTED_EDGE('',*,*,#6637,.F.);
#6639=ORIENTED_EDGE('',*,*,#6621,.F.);
#6640=ORIENTED_EDGE('',*,*,#3705,.F.);
#6641=EDGE_LOOP('',(#6636,#6638,#6639,#6640));
#6642=FACE_OUTER_BOUND('',#6641,.F.);
#6644=CARTESIAN_POINT('',(3.15E-2,1.094358293378E-2,3.354387839235E-2));
#6645=DIRECTION('',(3.985456608738E-2,9.992054911588E-1,0.E0));
#6646=DIRECTION('',(0.E0,0.E0,-1.E0));
#6647=AXIS2_PLACEMENT_3D('',#6644,#6645,#6646);
#6648=PLANE('',#6647);
#6650=ORIENTED_EDGE('',*,*,#6649,.T.);
#6652=ORIENTED_EDGE('',*,*,#6651,.F.);
#6653=ORIENTED_EDGE('',*,*,#6635,.F.);
#6654=ORIENTED_EDGE('',*,*,#3703,.F.);
#6655=EDGE_LOOP('',(#6650,#6652,#6653,#6654));
#6656=FACE_OUTER_BOUND('',#6655,.F.);
#6658=CARTESIAN_POINT('',(3.15E-2,0.E0,4.342633442311E-2));
#6659=DIRECTION('',(4.872027555566E-1,0.E0,8.732888840344E-1));
#6660=DIRECTION('',(0.E0,1.E0,0.E0));
#6661=AXIS2_PLACEMENT_3D('',#6658,#6659,#6660);
#6662=PLANE('',#6661);
#6664=ORIENTED_EDGE('',*,*,#6663,.T.);
#6666=ORIENTED_EDGE('',*,*,#6665,.F.);
#6667=ORIENTED_EDGE('',*,*,#6649,.F.);
#6668=ORIENTED_EDGE('',*,*,#3701,.F.);
#6669=EDGE_LOOP('',(#6664,#6666,#6667,#6668));
#6670=FACE_OUTER_BOUND('',#6669,.F.);
#6672=CARTESIAN_POINT('',(3.15E-2,-1.094358293378E-2,3.354387839235E-2));
#6673=DIRECTION('',(3.985456608738E-2,-9.992054911588E-1,0.E0));
#6674=DIRECTION('',(0.E0,0.E0,1.E0));
#6675=AXIS2_PLACEMENT_3D('',#6672,#6673,#6674);
#6676=PLANE('',#6675);
#6678=ORIENTED_EDGE('',*,*,#6677,.T.);
#6680=ORIENTED_EDGE('',*,*,#6679,.F.);
#6681=ORIENTED_EDGE('',*,*,#6663,.F.);
#6682=ORIENTED_EDGE('',*,*,#3699,.F.);
#6683=EDGE_LOOP('',(#6678,#6680,#6681,#6682));
#6684=FACE_OUTER_BOUND('',#6683,.F.);
#6686=CARTESIAN_POINT('',(3.15E-2,-1.290256250081E-2,1.926148221471E-2));
#6687=DIRECTION('',(4.361938736534E-2,-9.126759647920E-1,4.063495199171E-1));
#6688=DIRECTION('',(0.E0,4.067366430758E-1,9.135454576426E-1));
#6689=AXIS2_PLACEMENT_3D('',#6686,#6687,#6688);
#6690=PLANE('',#6689);
#6692=ORIENTED_EDGE('',*,*,#6691,.T.);
#6694=ORIENTED_EDGE('',*,*,#6693,.F.);
#6695=ORIENTED_EDGE('',*,*,#6677,.F.);
#6696=ORIENTED_EDGE('',*,*,#3697,.F.);
#6697=EDGE_LOOP('',(#6692,#6694,#6695,#6696));
#6698=FACE_OUTER_BOUND('',#6697,.F.);
#6700=CARTESIAN_POINT('',(3.15E-2,-1.926148221471E-2,1.290256250081E-2));
#6701=DIRECTION('',(4.361938736534E-2,-4.063495199171E-1,9.126759647920E-1));
#6702=DIRECTION('',(0.E0,9.135454576426E-1,4.067366430758E-1));
#6703=AXIS2_PLACEMENT_3D('',#6700,#6701,#6702);
#6704=PLANE('',#6703);
#6706=ORIENTED_EDGE('',*,*,#6705,.T.);
#6708=ORIENTED_EDGE('',*,*,#6707,.F.);
#6709=ORIENTED_EDGE('',*,*,#6691,.F.);
#6710=ORIENTED_EDGE('',*,*,#3695,.F.);
#6711=EDGE_LOOP('',(#6706,#6708,#6709,#6710));
#6712=FACE_OUTER_BOUND('',#6711,.F.);
#6714=CARTESIAN_POINT('',(3.15E-2,-3.354387839235E-2,1.094358293378E-2));
#6715=DIRECTION('',(3.985456608737E-2,0.E0,9.992054911588E-1));
#6716=DIRECTION('',(0.E0,1.E0,0.E0));
#6717=AXIS2_PLACEMENT_3D('',#6714,#6715,#6716);
#6718=PLANE('',#6717);
#6720=ORIENTED_EDGE('',*,*,#6719,.T.);
#6722=ORIENTED_EDGE('',*,*,#6721,.F.);
#6723=ORIENTED_EDGE('',*,*,#6705,.F.);
#6724=ORIENTED_EDGE('',*,*,#3693,.F.);
#6725=EDGE_LOOP('',(#6720,#6722,#6723,#6724));
#6726=FACE_OUTER_BOUND('',#6725,.F.);
#6728=CARTESIAN_POINT('',(3.15E-2,-4.342633442311E-2,0.E0));
#6729=DIRECTION('',(4.872027555566E-1,-8.732888840344E-1,0.E0));
#6730=DIRECTION('',(0.E0,0.E0,1.E0));
#6731=AXIS2_PLACEMENT_3D('',#6728,#6729,#6730);
#6732=PLANE('',#6731);
#6734=ORIENTED_EDGE('',*,*,#6733,.T.);
#6736=ORIENTED_EDGE('',*,*,#6735,.F.);
#6738=ORIENTED_EDGE('',*,*,#6737,.F.);
#6739=ORIENTED_EDGE('',*,*,#6719,.F.);
#6740=ORIENTED_EDGE('',*,*,#3691,.F.);
#6741=EDGE_LOOP('',(#6734,#6736,#6738,#6739,#6740));
#6742=FACE_OUTER_BOUND('',#6741,.F.);
#6744=CARTESIAN_POINT('',(3.15E-2,-3.354387839235E-2,-1.094358293378E-2));
#6745=DIRECTION('',(3.985456608738E-2,0.E0,-9.992054911588E-1));
#6746=DIRECTION('',(0.E0,-1.E0,0.E0));
#6747=AXIS2_PLACEMENT_3D('',#6744,#6745,#6746);
#6748=PLANE('',#6747);
#6750=ORIENTED_EDGE('',*,*,#6749,.T.);
#6752=ORIENTED_EDGE('',*,*,#6751,.F.);
#6753=ORIENTED_EDGE('',*,*,#6733,.F.);
#6754=ORIENTED_EDGE('',*,*,#3689,.F.);
#6755=EDGE_LOOP('',(#6750,#6752,#6753,#6754));
#6756=FACE_OUTER_BOUND('',#6755,.F.);
#6758=CARTESIAN_POINT('',(3.15E-2,-1.926148221471E-2,-1.290256250081E-2));
#6759=DIRECTION('',(4.361938736534E-2,-4.063495199171E-1,-9.126759647920E-1));
#6760=DIRECTION('',(0.E0,-9.135454576426E-1,4.067366430758E-1));
#6761=AXIS2_PLACEMENT_3D('',#6758,#6759,#6760);
#6762=PLANE('',#6761);
#6764=ORIENTED_EDGE('',*,*,#6763,.T.);
#6766=ORIENTED_EDGE('',*,*,#6765,.F.);
#6767=ORIENTED_EDGE('',*,*,#6749,.F.);
#6768=ORIENTED_EDGE('',*,*,#3687,.F.);
#6769=EDGE_LOOP('',(#6764,#6766,#6767,#6768));
#6770=FACE_OUTER_BOUND('',#6769,.F.);
#6772=CARTESIAN_POINT('',(3.15E-2,-1.290256250081E-2,-1.926148221471E-2));
#6773=DIRECTION('',(4.361938736534E-2,-9.126759647920E-1,-4.063495199171E-1));
#6774=DIRECTION('',(0.E0,-4.067366430758E-1,9.135454576426E-1));
#6775=AXIS2_PLACEMENT_3D('',#6772,#6773,#6774);
#6776=PLANE('',#6775);
#6778=ORIENTED_EDGE('',*,*,#6777,.T.);
#6780=ORIENTED_EDGE('',*,*,#6779,.F.);
#6781=ORIENTED_EDGE('',*,*,#6763,.F.);
#6782=ORIENTED_EDGE('',*,*,#3685,.F.);
#6783=EDGE_LOOP('',(#6778,#6780,#6781,#6782));
#6784=FACE_OUTER_BOUND('',#6783,.F.);
#6786=CARTESIAN_POINT('',(3.15E-2,-1.094358293378E-2,-3.354387839235E-2));
#6787=DIRECTION('',(3.985456608738E-2,-9.992054911588E-1,0.E0));
#6788=DIRECTION('',(0.E0,0.E0,1.E0));
#6789=AXIS2_PLACEMENT_3D('',#6786,#6787,#6788);
#6790=PLANE('',#6789);
#6792=ORIENTED_EDGE('',*,*,#6791,.T.);
#6794=ORIENTED_EDGE('',*,*,#6793,.F.);
#6795=ORIENTED_EDGE('',*,*,#6777,.F.);
#6796=ORIENTED_EDGE('',*,*,#3683,.F.);
#6797=EDGE_LOOP('',(#6792,#6794,#6795,#6796));
#6798=FACE_OUTER_BOUND('',#6797,.F.);
#6800=CARTESIAN_POINT('',(3.15E-2,0.E0,-4.342633442311E-2));
#6801=DIRECTION('',(4.872027555566E-1,0.E0,-8.732888840344E-1));
#6802=DIRECTION('',(0.E0,-1.E0,0.E0));
#6803=AXIS2_PLACEMENT_3D('',#6800,#6801,#6802);
#6804=PLANE('',#6803);
#6806=ORIENTED_EDGE('',*,*,#6805,.T.);
#6808=ORIENTED_EDGE('',*,*,#6807,.F.);
#6809=ORIENTED_EDGE('',*,*,#6791,.F.);
#6810=ORIENTED_EDGE('',*,*,#3681,.F.);
#6811=EDGE_LOOP('',(#6806,#6808,#6809,#6810));
#6812=FACE_OUTER_BOUND('',#6811,.F.);
#6814=CARTESIAN_POINT('',(3.15E-2,1.094358293378E-2,-3.354387839235E-2));
#6815=DIRECTION('',(3.985456608738E-2,9.992054911588E-1,0.E0));
#6816=DIRECTION('',(0.E0,0.E0,-1.E0));
#6817=AXIS2_PLACEMENT_3D('',#6814,#6815,#6816);
#6818=PLANE('',#6817);
#6820=ORIENTED_EDGE('',*,*,#6819,.T.);
#6822=ORIENTED_EDGE('',*,*,#6821,.F.);
#6823=ORIENTED_EDGE('',*,*,#6805,.F.);
#6824=ORIENTED_EDGE('',*,*,#3679,.F.);
#6825=EDGE_LOOP('',(#6820,#6822,#6823,#6824));
#6826=FACE_OUTER_BOUND('',#6825,.F.);
#6828=CARTESIAN_POINT('',(3.15E-2,1.290256250081E-2,-1.926148221471E-2));
#6829=DIRECTION('',(4.361938736534E-2,9.126759647920E-1,-4.063495199171E-1));
#6830=DIRECTION('',(0.E0,-4.067366430758E-1,-9.135454576426E-1));
#6831=AXIS2_PLACEMENT_3D('',#6828,#6829,#6830);
#6832=PLANE('',#6831);
#6834=ORIENTED_EDGE('',*,*,#6833,.T.);
#6836=ORIENTED_EDGE('',*,*,#6835,.F.);
#6837=ORIENTED_EDGE('',*,*,#6819,.F.);
#6838=ORIENTED_EDGE('',*,*,#3677,.F.);
#6839=EDGE_LOOP('',(#6834,#6836,#6837,#6838));
#6840=FACE_OUTER_BOUND('',#6839,.F.);
#6842=CARTESIAN_POINT('',(3.15E-2,1.926148221471E-2,-1.290256250081E-2));
#6843=DIRECTION('',(4.361938736534E-2,4.063495199171E-1,-9.126759647920E-1));
#6844=DIRECTION('',(0.E0,-9.135454576426E-1,-4.067366430758E-1));
#6845=AXIS2_PLACEMENT_3D('',#6842,#6843,#6844);
#6846=PLANE('',#6845);
#6848=ORIENTED_EDGE('',*,*,#6847,.T.);
#6850=ORIENTED_EDGE('',*,*,#6849,.F.);
#6851=ORIENTED_EDGE('',*,*,#6833,.F.);
#6852=ORIENTED_EDGE('',*,*,#3675,.F.);
#6853=EDGE_LOOP('',(#6848,#6850,#6851,#6852));
#6854=FACE_OUTER_BOUND('',#6853,.F.);
#6856=CARTESIAN_POINT('',(3.15E-2,3.354387839235E-2,-1.094358293378E-2));
#6857=DIRECTION('',(3.985456608738E-2,0.E0,-9.992054911588E-1));
#6858=DIRECTION('',(0.E0,-1.E0,0.E0));
#6859=AXIS2_PLACEMENT_3D('',#6856,#6857,#6858);
#6860=PLANE('',#6859);
#6861=ORIENTED_EDGE('',*,*,#6596,.T.);
#6863=ORIENTED_EDGE('',*,*,#6862,.F.);
#6864=ORIENTED_EDGE('',*,*,#6847,.F.);
#6865=ORIENTED_EDGE('',*,*,#3673,.F.);
#6866=EDGE_LOOP('',(#6861,#6863,#6864,#6865));
#6867=FACE_OUTER_BOUND('',#6866,.F.);
#6869=CARTESIAN_POINT('',(5.961987026486E-2,0.E0,0.E0));
#6870=DIRECTION('',(-1.E0,0.E0,0.E0));
#6871=DIRECTION('',(0.E0,1.E0,0.E0));
#6872=AXIS2_PLACEMENT_3D('',#6869,#6870,#6871);
#6873=CONICAL_SURFACE('',#6872,1.590226012587E-2,7.8E1);
#6874=ORIENTED_EDGE('',*,*,#6594,.T.);
#6876=ORIENTED_EDGE('',*,*,#6875,.T.);
#6878=ORIENTED_EDGE('',*,*,#6877,.F.);
#6879=ORIENTED_EDGE('',*,*,#6735,.T.);
#6880=ORIENTED_EDGE('',*,*,#6751,.T.);
#6881=ORIENTED_EDGE('',*,*,#6765,.T.);
#6882=ORIENTED_EDGE('',*,*,#6779,.T.);
#6883=ORIENTED_EDGE('',*,*,#6793,.T.);
#6884=ORIENTED_EDGE('',*,*,#6807,.T.);
#6885=ORIENTED_EDGE('',*,*,#6821,.T.);
#6886=ORIENTED_EDGE('',*,*,#6835,.T.);
#6887=ORIENTED_EDGE('',*,*,#6849,.T.);
#6888=ORIENTED_EDGE('',*,*,#6862,.T.);
#6889=EDGE_LOOP('',(#6874,#6876,#6878,#6879,#6880,#6881,#6882,#6883,#6884,#6885,
#6886,#6887,#6888));
#6890=FACE_OUTER_BOUND('',#6889,.F.);
#6892=CARTESIAN_POINT('',(5.961987026486E-2,0.E0,0.E0));
#6893=DIRECTION('',(-1.E0,0.E0,0.E0));
#6894=DIRECTION('',(0.E0,1.E0,0.E0));
#6895=AXIS2_PLACEMENT_3D('',#6892,#6893,#6894);
#6896=CONICAL_SURFACE('',#6895,1.590226012587E-2,7.8E1);
#6897=ORIENTED_EDGE('',*,*,#6592,.T.);
#6898=ORIENTED_EDGE('',*,*,#6611,.T.);
#6899=ORIENTED_EDGE('',*,*,#6623,.T.);
#6900=ORIENTED_EDGE('',*,*,#6637,.T.);
#6901=ORIENTED_EDGE('',*,*,#6651,.T.);
#6902=ORIENTED_EDGE('',*,*,#6665,.T.);
#6903=ORIENTED_EDGE('',*,*,#6679,.T.);
#6904=ORIENTED_EDGE('',*,*,#6693,.T.);
#6905=ORIENTED_EDGE('',*,*,#6707,.T.);
#6906=ORIENTED_EDGE('',*,*,#6721,.T.);
#6907=ORIENTED_EDGE('',*,*,#6737,.T.);
#6908=ORIENTED_EDGE('',*,*,#6877,.T.);
#6909=ORIENTED_EDGE('',*,*,#6875,.F.);
#6910=EDGE_LOOP('',(#6897,#6898,#6899,#6900,#6901,#6902,#6903,#6904,#6905,#6906,
#6907,#6908,#6909));
#6911=FACE_OUTER_BOUND('',#6910,.F.);
#6913=CLOSED_SHELL('',(#3713,#3728,#3741,#3764,#3780,#3796,#4087,#4101,#4387,
#5133,#5881,#5904,#6186,#6199,#6209,#6225,#6241,#6255,#6536,#6548,#6560,#6572,
#6584,#6601,#6615,#6629,#6643,#6657,#6671,#6685,#6699,#6713,#6727,#6743,#6757,
#6771,#6785,#6799,#6813,#6827,#6841,#6855,#6868,#6891,#6912));
#6914=MANIFOLD_SOLID_BREP('',#6913);
#6916=LENGTH_MEASURE_WITH_UNIT(LENGTH_MEASURE(2.54E1),#6915);
#6917=(CONVERSION_BASED_UNIT('INCH',#6916)LENGTH_UNIT()NAMED_UNIT(*));
#6919=PLANE_ANGLE_MEASURE_WITH_UNIT(PLANE_ANGLE_MEASURE(1.745329251994E-2),
#6918);
#6920=(CONVERSION_BASED_UNIT('DEGREE',#6919)NAMED_UNIT(*)PLANE_ANGLE_UNIT());
#6922=UNCERTAINTY_MEASURE_WITH_UNIT(LENGTH_MEASURE(3.397770088689E-6),#6917,
'distance_accuracy_value',
'Maximum model space distance between geometric entities at asserted connectivities');
#6924=CARTESIAN_POINT('',(0.E0,0.E0,0.E0));
#6925=DIRECTION('',(0.E0,0.E0,1.E0));
#6926=DIRECTION('',(1.E0,0.E0,0.E0));
#6929=APPLICATION_CONTEXT('automotive_design');
#6930=APPLICATION_PROTOCOL_DEFINITION('international standard',
'automotive_design',2001,#6929);
#6931=PRODUCT_DEFINITION_CONTEXT('part definition',#6929,'design');
#6932=PRODUCT_CONTEXT('',#6929,'mechanical');
#6933=PRODUCT('PENCOM_MS_82FLAT_PH_INCH_AF0','PENCOM_MS_82FLAT_PH_INCH_AF0',
'NOT SPECIFIED',(#6932));
#6934=PRODUCT_DEFINITION_FORMATION('109','LAST_VERSION',#6933);
#6942=LENGTH_MEASURE_WITH_UNIT(LENGTH_MEASURE(2.54E1),#6941);
#6943=(CONVERSION_BASED_UNIT('INCH',#6942)LENGTH_UNIT()NAMED_UNIT(*));
#6944=DERIVED_UNIT_ELEMENT(#6943,2.E0);
#6945=DERIVED_UNIT((#6944));
#6946=MEASURE_REPRESENTATION_ITEM('surface area measure',AREA_MEASURE(
1.881108272378E-1),#6945);
#6951=LENGTH_MEASURE_WITH_UNIT(LENGTH_MEASURE(2.54E1),#6950);
#6952=(CONVERSION_BASED_UNIT('INCH',#6951)LENGTH_UNIT()NAMED_UNIT(*));
#6953=DERIVED_UNIT_ELEMENT(#6952,3.E0);
#6954=DERIVED_UNIT((#6953));
#6955=MEASURE_REPRESENTATION_ITEM('volume measure',VOLUME_MEASURE(
2.641340913810E-3),#6954);
#6959=CARTESIAN_POINT('centre point',(9.147762119704E-2,-4.987124152083E-5,
-7.485456534219E-5));
#6964=LENGTH_MEASURE_WITH_UNIT(LENGTH_MEASURE(2.54E1),#6963);
#6965=(CONVERSION_BASED_UNIT('INCH',#6964)LENGTH_UNIT()NAMED_UNIT(*));
#6966=DERIVED_UNIT_ELEMENT(#6965,2.E0);
#6967=DERIVED_UNIT((#6966));
#6968=MEASURE_REPRESENTATION_ITEM('surface area measure',AREA_MEASURE(
1.881108272378E-1),#6967);
#6973=LENGTH_MEASURE_WITH_UNIT(LENGTH_MEASURE(2.54E1),#6972);
#6974=(CONVERSION_BASED_UNIT('INCH',#6973)LENGTH_UNIT()NAMED_UNIT(*));
#6975=DERIVED_UNIT_ELEMENT(#6974,3.E0);
#6976=DERIVED_UNIT((#6975));
#6977=MEASURE_REPRESENTATION_ITEM('volume measure',VOLUME_MEASURE(
2.641340913810E-3),#6976);
#6981=CARTESIAN_POINT('centre point',(9.147762119704E-2,-4.987124152083E-5,
-7.485456534219E-5));
#6987=GENERAL_PROPERTY('','DESCRIPTION','user defined attribute');
#6988=GENERAL_PROPERTY_ASSOCIATION('user defined attribute','',#6987,#6986);
#6989=DESCRIPTIVE_REPRESENTATION_ITEM('DESCRIPTION','');
#6993=GENERAL_PROPERTY('','DESC','user defined attribute');
#6994=GENERAL_PROPERTY_ASSOCIATION('user defined attribute','',#6993,#6992);
#6995=DESCRIPTIVE_REPRESENTATION_ITEM('DESC','2FP-2FP90');
#6999=GENERAL_PROPERTY('','PITCH','user defined attribute');
#7000=GENERAL_PROPERTY_ASSOCIATION('user defined attribute','',#6999,#6998);
#7001=VALUE_REPRESENTATION_ITEM('PITCH',NUMERIC_MEASURE(3.125E-2));
#7004=DESCRIPTIVE_REPRESENTATION_ITEM('attribute description','Real Number');
#7009=GENERAL_PROPERTY('','TPI','user defined attribute');
#7010=GENERAL_PROPERTY_ASSOCIATION('user defined attribute','',#7009,#7008);
#7011=VALUE_REPRESENTATION_ITEM('TPI',NUMERIC_MEASURE(4.E1));
#7014=DESCRIPTIVE_REPRESENTATION_ITEM('attribute description','Real Number');
#7019=GENERAL_PROPERTY('','SHOW_THREADS','user defined attribute');
#7020=GENERAL_PROPERTY_ASSOCIATION('user defined attribute','',#7019,#7018);
#7021=DESCRIPTIVE_REPRESENTATION_ITEM('SHOW_THREADS','YES');
#7025=GENERAL_PROPERTY('','L','user defined attribute');
#7026=GENERAL_PROPERTY_ASSOCIATION('user defined attribute','',#7025,#7024);
#7027=VALUE_REPRESENTATION_ITEM('L',NUMERIC_MEASURE(2.5E-1));
#7030=DESCRIPTIVE_REPRESENTATION_ITEM('attribute description','Real Number');
#7035=GENERAL_PROPERTY('','THREAD_TYPE','user defined attribute');
#7036=GENERAL_PROPERTY_ASSOCIATION('user defined attribute','',#7035,#7034);
#7037=DESCRIPTIVE_REPRESENTATION_ITEM('THREAD_TYPE','UNC');
#7041=GENERAL_PROPERTY('','THREAD_SIZE','user defined attribute');
#7042=GENERAL_PROPERTY_ASSOCIATION('user defined attribute','',#7041,#7040);
#7043=DESCRIPTIVE_REPRESENTATION_ITEM('THREAD_SIZE','10');
#7047=GENERAL_PROPERTY('','CLASS','user defined attribute');
#7048=GENERAL_PROPERTY_ASSOCIATION('user defined attribute','',#7047,#7046);
#7049=DESCRIPTIVE_REPRESENTATION_ITEM('CLASS','2A');
#7053=GENERAL_PROPERTY('','H','user defined attribute');
#7054=GENERAL_PROPERTY_ASSOCIATION('user defined attribute','',#7053,#7052);
#7055=VALUE_REPRESENTATION_ITEM('H',NUMERIC_MEASURE(1.16E-1));
#7058=DESCRIPTIVE_REPRESENTATION_ITEM('attribute description','Real Number');
#7063=GENERAL_PROPERTY('','A','user defined attribute');
#7064=GENERAL_PROPERTY_ASSOCIATION('user defined attribute','',#7063,#7062);
#7065=VALUE_REPRESENTATION_ITEM('A',NUMERIC_MEASURE(4.6E-1));
#7068=DESCRIPTIVE_REPRESENTATION_ITEM('attribute description','Real Number');
#7073=GENERAL_PROPERTY('','R','user defined attribute');
#7074=GENERAL_PROPERTY_ASSOCIATION('user defined attribute','',#7073,#7072);
#7075=VALUE_REPRESENTATION_ITEM('R',NUMERIC_MEASURE(5.2E-2));
#7078=DESCRIPTIVE_REPRESENTATION_ITEM('attribute description','Real Number');
#7083=GENERAL_PROPERTY('','HEAD_TYPE','user defined attribute');
#7084=GENERAL_PROPERTY_ASSOCIATION('user defined attribute','',#7083,#7082);
#7085=DESCRIPTIVE_REPRESENTATION_ITEM('HEAD_TYPE','FL');
#7089=GENERAL_PROPERTY('','RECESS','user defined attribute');
#7090=GENERAL_PROPERTY_ASSOCIATION('user defined attribute','',#7089,#7088);
#7091=DESCRIPTIVE_REPRESENTATION_ITEM('RECESS','PH');
#7095=GENERAL_PROPERTY('','A_MIN','user defined attribute');
#7096=GENERAL_PROPERTY_ASSOCIATION('user defined attribute','',#7095,#7094);
#7097=VALUE_REPRESENTATION_ITEM('A_MIN',NUMERIC_MEASURE(2.07E-1));
#7100=DESCRIPTIVE_REPRESENTATION_ITEM('attribute description','Real Number');
#7105=GENERAL_PROPERTY('','A_MAX','user defined attribute');
#7106=GENERAL_PROPERTY_ASSOCIATION('user defined attribute','',#7105,#7104);
#7107=VALUE_REPRESENTATION_ITEM('A_MAX',NUMERIC_MEASURE(2.25E-1));
#7110=DESCRIPTIVE_REPRESENTATION_ITEM('attribute description','Real Number');
#7115=GENERAL_PROPERTY('','H_MIN','user defined attribute');
#7116=GENERAL_PROPERTY_ASSOCIATION('user defined attribute','',#7115,#7114);
#7117=VALUE_REPRESENTATION_ITEM('H_MIN',NUMERIC_MEASURE(4.9E-2));
#7120=DESCRIPTIVE_REPRESENTATION_ITEM('attribute description','Real Number');
#7125=GENERAL_PROPERTY('','H_MAX','user defined attribute');
#7126=GENERAL_PROPERTY_ASSOCIATION('user defined attribute','',#7125,#7124);
#7127=VALUE_REPRESENTATION_ITEM('H_MAX',NUMERIC_MEASURE(4.9E-2));
#7130=DESCRIPTIVE_REPRESENTATION_ITEM('attribute description','Real Number');
#7135=GENERAL_PROPERTY('','HEAD_OVER','user defined attribute');
#7136=GENERAL_PROPERTY_ASSOCIATION('user defined attribute','',#7135,#7134);
#7137=VALUE_REPRESENTATION_ITEM('HEAD_OVER',NUMERIC_MEASURE(1.045E-1));
#7140=DESCRIPTIVE_REPRESENTATION_ITEM('attribute description','Real Number');
#7145=GENERAL_PROPERTY('','DRAWING_DIMS','user defined attribute');
#7146=GENERAL_PROPERTY_ASSOCIATION('user defined attribute','',#7145,#7144);
#7147=DESCRIPTIVE_REPRESENTATION_ITEM('DRAWING_DIMS','ON');
#7151=GENERAL_PROPERTY('','J_MAX','user defined attribute');
#7152=GENERAL_PROPERTY_ASSOCIATION('user defined attribute','',#7151,#7150);
#7153=VALUE_REPRESENTATION_ITEM('J_MAX',NUMERIC_MEASURE(0.E0));
#7156=DESCRIPTIVE_REPRESENTATION_ITEM('attribute description','Real Number');
#7161=GENERAL_PROPERTY('','J_MIN','user defined attribute');
#7162=GENERAL_PROPERTY_ASSOCIATION('user defined attribute','',#7161,#7160);
#7163=VALUE_REPRESENTATION_ITEM('J_MIN',NUMERIC_MEASURE(0.E0));
#7166=DESCRIPTIVE_REPRESENTATION_ITEM('attribute description','Real Number');
#7171=GENERAL_PROPERTY('','T_MAX','user defined attribute');
#7172=GENERAL_PROPERTY_ASSOCIATION('user defined attribute','',#7171,#7170);
#7173=VALUE_REPRESENTATION_ITEM('T_MAX',NUMERIC_MEASURE(0.E0));
#7176=DESCRIPTIVE_REPRESENTATION_ITEM('attribute description','Real Number');
#7181=GENERAL_PROPERTY('','T_MIN','user defined attribute');
#7182=GENERAL_PROPERTY_ASSOCIATION('user defined attribute','',#7181,#7180);
#7183=VALUE_REPRESENTATION_ITEM('T_MIN',NUMERIC_MEASURE(0.E0));
#7186=DESCRIPTIVE_REPRESENTATION_ITEM('attribute description','Real Number');
#7191=GENERAL_PROPERTY('','TORX_A','user defined attribute');
#7192=GENERAL_PROPERTY_ASSOCIATION('user defined attribute','',#7191,#7190);
#7193=VALUE_REPRESENTATION_ITEM('TORX_A',NUMERIC_MEASURE(1.55E-1));
#7196=DESCRIPTIVE_REPRESENTATION_ITEM('attribute description','Real Number');
#7201=GENERAL_PROPERTY('','TORX_I','user defined attribute');
#7202=GENERAL_PROPERTY_ASSOCIATION('user defined attribute','',#7201,#7200);
#7203=VALUE_REPRESENTATION_ITEM('TORX_I',NUMERIC_MEASURE(5.5E-2));
#7206=DESCRIPTIVE_REPRESENTATION_ITEM('attribute description','Real Number');
#7211=GENERAL_PROPERTY('','TORX_Z','user defined attribute');
#7212=GENERAL_PROPERTY_ASSOCIATION('user defined attribute','',#7211,#7210);
#7213=VALUE_REPRESENTATION_ITEM('TORX_Z',NUMERIC_MEASURE(2.46E-1));
#7216=DESCRIPTIVE_REPRESENTATION_ITEM('attribute description','Real Number');
#7221=GENERAL_PROPERTY('','TORX_J','user defined attribute');
#7222=GENERAL_PROPERTY_ASSOCIATION('user defined attribute','',#7221,#7220);
#7223=VALUE_REPRESENTATION_ITEM('TORX_J',NUMERIC_MEASURE(5.E-2));
#7226=DESCRIPTIVE_REPRESENTATION_ITEM('attribute description','Real Number');
#7231=GENERAL_PROPERTY('','TORX_Q','user defined attribute');
#7232=GENERAL_PROPERTY_ASSOCIATION('user defined attribute','',#7231,#7230);
#7233=VALUE_REPRESENTATION_ITEM('TORX_Q',NUMERIC_MEASURE(4.5E-2));
#7236=DESCRIPTIVE_REPRESENTATION_ITEM('attribute description','Real Number');
#7241=GENERAL_PROPERTY('','M','user defined attribute');
#7242=GENERAL_PROPERTY_ASSOCIATION('user defined attribute','',#7241,#7240);
#7243=VALUE_REPRESENTATION_ITEM('M',NUMERIC_MEASURE(1.22E-1));
#7246=DESCRIPTIVE_REPRESENTATION_ITEM('attribute description','Real Number');
#7251=GENERAL_PROPERTY('','N','user defined attribute');
#7252=GENERAL_PROPERTY_ASSOCIATION('user defined attribute','',#7251,#7250);
#7253=VALUE_REPRESENTATION_ITEM('N',NUMERIC_MEASURE(2.44E-2));
#7256=DESCRIPTIVE_REPRESENTATION_ITEM('attribute description','Real Number');
#7261=GENERAL_PROPERTY('','P_MIN','user defined attribute');
#7262=GENERAL_PROPERTY_ASSOCIATION('user defined attribute','',#7261,#7260);
#7263=VALUE_REPRESENTATION_ITEM('P_MIN',NUMERIC_MEASURE(5.5E-2));
#7266=DESCRIPTIVE_REPRESENTATION_ITEM('attribute description','Real Number');
#7271=GENERAL_PROPERTY('','P_MAX','user defined attribute');
#7272=GENERAL_PROPERTY_ASSOCIATION('user defined attribute','',#7271,#7270);
#7273=VALUE_REPRESENTATION_ITEM('P_MAX',NUMERIC_MEASURE(7.1E-2));
#7276=DESCRIPTIVE_REPRESENTATION_ITEM('attribute description','Real Number');
#7281=GENERAL_PROPERTY('','H_REF','user defined attribute');
#7282=GENERAL_PROPERTY_ASSOCIATION('user defined attribute','',#7281,#7280);
#7283=VALUE_REPRESENTATION_ITEM('H_REF',NUMERIC_MEASURE(1.E-1));
#7286=DESCRIPTIVE_REPRESENTATION_ITEM('attribute description','Real Number');
#7291=GENERAL_PROPERTY('','E_MAX','user defined attribute');
#7292=GENERAL_PROPERTY_ASSOCIATION('user defined attribute','',#7291,#7290);
#7293=VALUE_REPRESENTATION_ITEM('E_MAX',NUMERIC_MEASURE(0.E0));
#7296=DESCRIPTIVE_REPRESENTATION_ITEM('attribute description','Real Number');
#7301=GENERAL_PROPERTY('','E_MIN','user defined attribute');
#7302=GENERAL_PROPERTY_ASSOCIATION('user defined attribute','',#7301,#7300);
#7303=VALUE_REPRESENTATION_ITEM('E_MIN',NUMERIC_MEASURE(0.E0));
#7306=DESCRIPTIVE_REPRESENTATION_ITEM('attribute description','Real Number');
#7311=GENERAL_PROPERTY('','END_CHAMF_ANGLE','user defined attribute');
#7312=GENERAL_PROPERTY_ASSOCIATION('user defined attribute','',#7311,#7310);
#7313=VALUE_REPRESENTATION_ITEM('END_CHAMF_ANGLE',NUMERIC_MEASURE(6.E1));
#7316=DESCRIPTIVE_REPRESENTATION_ITEM('attribute description','Real Number');
#7321=GENERAL_PROPERTY('','CHANFER_ANGLE','user defined attribute');
#7322=GENERAL_PROPERTY_ASSOCIATION('user defined attribute','',#7321,#7320);
#7323=VALUE_REPRESENTATION_ITEM('CHANFER_ANGLE',NUMERIC_MEASURE(6.E1));
#7326=DESCRIPTIVE_REPRESENTATION_ITEM('attribute description','Real Number');
#7331=GENERAL_PROPERTY('','PITCH_DIA','user defined attribute');
#7332=GENERAL_PROPERTY_ASSOCIATION('user defined attribute','',#7331,#7330);
#7333=VALUE_REPRESENTATION_ITEM('PITCH_DIA',NUMERIC_MEASURE(9.576202367904E-2));
#7336=DESCRIPTIVE_REPRESENTATION_ITEM('attribute description','Real Number');
#7341=GENERAL_PROPERTY('','TL_DRIVER','user defined attribute');
#7342=GENERAL_PROPERTY_ASSOCIATION('user defined attribute','',#7341,#7340);
#7343=VALUE_REPRESENTATION_ITEM('TL_DRIVER',NUMERIC_MEASURE(9.630237681276E-2));
#7346=DESCRIPTIVE_REPRESENTATION_ITEM('attribute description','Real Number');
#7351=GENERAL_PROPERTY('','H_DRIVER','user defined attribute');
#7352=GENERAL_PROPERTY_ASSOCIATION('user defined attribute','',#7351,#7350);
#7353=DESCRIPTIVE_REPRESENTATION_ITEM('H_DRIVER','UNDER');
#7357=GENERAL_PROPERTY('','RAD_UNDER_HEAD','user defined attribute');
#7358=GENERAL_PROPERTY_ASSOCIATION('user defined attribute','',#7357,#7356);
#7359=VALUE_REPRESENTATION_ITEM('RAD_UNDER_HEAD',NUMERIC_MEASURE(2.E-2));
#7362=DESCRIPTIVE_REPRESENTATION_ITEM('attribute description','Real Number');
#7367=GENERAL_PROPERTY('','HEAD_DIA','user defined attribute');
#7368=GENERAL_PROPERTY_ASSOCIATION('user defined attribute','',#7367,#7366);
#7369=VALUE_REPRESENTATION_ITEM('HEAD_DIA',NUMERIC_MEASURE(2.16E-1));
#7372=DESCRIPTIVE_REPRESENTATION_ITEM('attribute description','Real Number');
#7377=GENERAL_PROPERTY('','DRW_DIM_OFFSET','user defined attribute');
#7378=GENERAL_PROPERTY_ASSOCIATION('user defined attribute','',#7377,#7376);
#7379=VALUE_REPRESENTATION_ITEM('DRW_DIM_OFFSET',NUMERIC_MEASURE(0.E0));
#7382=DESCRIPTIVE_REPRESENTATION_ITEM('attribute description','Real Number');
#7387=GENERAL_PROPERTY('','MAJOR_DIA_MAX','user defined attribute');
#7388=GENERAL_PROPERTY_ASSOCIATION('user defined attribute','',#7387,#7386);
#7389=VALUE_REPRESENTATION_ITEM('MAJOR_DIA_MAX',NUMERIC_MEASURE(1.688E-1));
#7392=DESCRIPTIVE_REPRESENTATION_ITEM('attribute description','Real Number');
#7397=GENERAL_PROPERTY('','MAJOR_DIA_MIN','user defined attribute');
#7398=GENERAL_PROPERTY_ASSOCIATION('user defined attribute','',#7397,#7396);
#7399=VALUE_REPRESENTATION_ITEM('MAJOR_DIA_MIN',NUMERIC_MEASURE(1.658E-1));
#7402=DESCRIPTIVE_REPRESENTATION_ITEM('attribute description','Real Number');
#7407=GENERAL_PROPERTY('','COMPONENT','user defined attribute');
#7408=GENERAL_PROPERTY_ASSOCIATION('user defined attribute','',#7407,#7406);
#7409=DESCRIPTIVE_REPRESENTATION_ITEM('COMPONENT','Machine Screws');
#7413=GENERAL_PROPERTY('','PART_NUMBER','user defined attribute');
#7414=GENERAL_PROPERTY_ASSOCIATION('user defined attribute','',#7413,#7412);
#7415=DESCRIPTIVE_REPRESENTATION_ITEM('PART_NUMBER','57232571');
#7419=GENERAL_PROPERTY('','PART_DESCRIPTION','user defined attribute');
#7420=GENERAL_PROPERTY_ASSOCIATION('user defined attribute','',#7419,#7418);
#7421=DESCRIPTIVE_REPRESENTATION_ITEM('PART_DESCRIPTION',
'4-40 UNC, Phillips Drive, 1/4" OAL');
#7425=GENERAL_PROPERTY('','REV','user defined attribute');
#7426=GENERAL_PROPERTY_ASSOCIATION('user defined attribute','',#7425,#7424);
#7427=DESCRIPTIVE_REPRESENTATION_ITEM('REV','A');
#7431=GENERAL_PROPERTY('','UNDER_OR_BELOW','user defined attribute');
#7432=GENERAL_PROPERTY_ASSOCIATION('user defined attribute','',#7431,#7430);
#7433=DESCRIPTIVE_REPRESENTATION_ITEM('UNDER_OR_BELOW','UNDER');
#7437=GENERAL_PROPERTY('','DRAWING_SCALE_FACTOR','user defined attribute');
#7438=GENERAL_PROPERTY_ASSOCIATION('user defined attribute','',#7437,#7436);
#7439=VALUE_REPRESENTATION_ITEM('DRAWING_SCALE_FACTOR',NUMERIC_MEASURE(8.E0));
#7442=DESCRIPTIVE_REPRESENTATION_ITEM('attribute description','Real Number');
#7447=GENERAL_PROPERTY('','Y','user defined attribute');
#7448=GENERAL_PROPERTY_ASSOCIATION('user defined attribute','',#7447,#7446);
#7449=VALUE_REPRESENTATION_ITEM('Y',NUMERIC_MEASURE(6.24E-1));
#7452=DESCRIPTIVE_REPRESENTATION_ITEM('attribute description','Real Number');
#7457=GENERAL_PROPERTY('','Y2','user defined attribute');
#7458=GENERAL_PROPERTY_ASSOCIATION('user defined attribute','',#7457,#7456);
#7459=VALUE_REPRESENTATION_ITEM('Y2',NUMERIC_MEASURE(4.E0));
#7462=DESCRIPTIVE_REPRESENTATION_ITEM('attribute description','Real Number');
#7467=GENERAL_PROPERTY('','L_MODIFIED','user defined attribute');
#7468=GENERAL_PROPERTY_ASSOCIATION('user defined attribute','',#7467,#7466);
#7469=VALUE_REPRESENTATION_ITEM('L_MODIFIED',NUMERIC_MEASURE(2.5E-1));
#7472=DESCRIPTIVE_REPRESENTATION_ITEM('attribute description','Real Number');
#7477=GENERAL_PROPERTY('','MODIFYER','user defined attribute');
#7478=GENERAL_PROPERTY_ASSOCIATION('user defined attribute','',#7477,#7476);
#7479=VALUE_REPRESENTATION_ITEM('MODIFYER',NUMERIC_MEASURE(3.5E0));
#7482=DESCRIPTIVE_REPRESENTATION_ITEM('attribute description','Real Number');
#7487=GENERAL_PROPERTY('','DUMMY','user defined attribute');
#7488=GENERAL_PROPERTY_ASSOCIATION('user defined attribute','',#7487,#7486);
#7489=VALUE_REPRESENTATION_ITEM('DUMMY',NUMERIC_MEASURE(3.25E0));
#7492=DESCRIPTIVE_REPRESENTATION_ITEM('attribute description','Real Number');
#7497=GENERAL_PROPERTY('','DRW_THREAD','user defined attribute');
#7498=GENERAL_PROPERTY_ASSOCIATION('user defined attribute','',#7497,#7496);
#7499=DESCRIPTIVE_REPRESENTATION_ITEM('DRW_THREAD','8-32 UNC-2A *');
#7503=GENERAL_PROPERTY('','DRW_DRIVER_SIZE','user defined attribute');
#7504=GENERAL_PROPERTY_ASSOCIATION('user defined attribute','',#7503,#7502);
#7505=DESCRIPTIVE_REPRESENTATION_ITEM('DRW_DRIVER_SIZE','1');
#7509=GENERAL_PROPERTY('','RECESS_STATE','user defined attribute');
#7510=GENERAL_PROPERTY_ASSOCIATION('user defined attribute','',#7509,#7508);
#7511=DESCRIPTIVE_REPRESENTATION_ITEM('RECESS_STATE','');
#7515=GENERAL_PROPERTY('','THREAD_STATE','user defined attribute');
#7516=GENERAL_PROPERTY_ASSOCIATION('user defined attribute','',#7515,#7514);
#7517=DESCRIPTIVE_REPRESENTATION_ITEM('THREAD_STATE','');
#7521=GENERAL_PROPERTY('','A_REF','user defined attribute');
#7522=GENERAL_PROPERTY_ASSOCIATION('user defined attribute','',#7521,#7520);
#7523=VALUE_REPRESENTATION_ITEM('A_REF',NUMERIC_MEASURE(3.96E-1));
#7526=DESCRIPTIVE_REPRESENTATION_ITEM('attribute description','Real Number');
#7531=GENERAL_PROPERTY('','W_MIN','user defined attribute');
#7532=GENERAL_PROPERTY_ASSOCIATION('user defined attribute','',#7531,#7530);
#7533=VALUE_REPRESENTATION_ITEM('W_MIN',NUMERIC_MEASURE(0.E0));
#7536=DESCRIPTIVE_REPRESENTATION_ITEM('attribute description','Real Number');
#7541=GENERAL_PROPERTY('','O_MAX','user defined attribute');
#7542=GENERAL_PROPERTY_ASSOCIATION('user defined attribute','',#7541,#7540);
#7543=VALUE_REPRESENTATION_ITEM('O_MAX',NUMERIC_MEASURE(1.23E-1));
#7546=DESCRIPTIVE_REPRESENTATION_ITEM('attribute description','Real Number');
#7551=GENERAL_PROPERTY('','O_MIN','user defined attribute');
#7552=GENERAL_PROPERTY_ASSOCIATION('user defined attribute','',#7551,#7550);
#7553=VALUE_REPRESENTATION_ITEM('O_MIN',NUMERIC_MEASURE(1.12E-1));
#7556=DESCRIPTIVE_REPRESENTATION_ITEM('attribute description','Real Number');
#7561=GENERAL_PROPERTY('','O_REF','user defined attribute');
#7562=GENERAL_PROPERTY_ASSOCIATION('user defined attribute','',#7561,#7560);
#7563=VALUE_REPRESENTATION_ITEM('O_REF',NUMERIC_MEASURE(0.E0));
#7566=DESCRIPTIVE_REPRESENTATION_ITEM('attribute description','Real Number');
#7571=GENERAL_PROPERTY('','C_REF','user defined attribute');
#7572=GENERAL_PROPERTY_ASSOCIATION('user defined attribute','',#7571,#7570);
#7573=VALUE_REPRESENTATION_ITEM('C_REF',NUMERIC_MEASURE(5.2E-2));
#7576=DESCRIPTIVE_REPRESENTATION_ITEM('attribute description','Real Number');
#7581=GENERAL_PROPERTY('','F_MAX','user defined attribute');
#7582=GENERAL_PROPERTY_ASSOCIATION('user defined attribute','',#7581,#7580);
#7583=VALUE_REPRESENTATION_ITEM('F_MAX',NUMERIC_MEASURE(6.1E-2));
#7586=DESCRIPTIVE_REPRESENTATION_ITEM('attribute description','Real Number');
#7591=GENERAL_PROPERTY('','F_MIN','user defined attribute');
#7592=GENERAL_PROPERTY_ASSOCIATION('user defined attribute','',#7591,#7590);
#7593=VALUE_REPRESENTATION_ITEM('F_MIN',NUMERIC_MEASURE(4.6E-2));
#7596=DESCRIPTIVE_REPRESENTATION_ITEM('attribute description','Real Number');
#7601=GENERAL_PROPERTY('','B_MAX','user defined attribute');
#7602=GENERAL_PROPERTY_ASSOCIATION('user defined attribute','',#7601,#7600);
#7603=VALUE_REPRESENTATION_ITEM('B_MAX',NUMERIC_MEASURE(5.76E-1));
#7606=DESCRIPTIVE_REPRESENTATION_ITEM('attribute description','Real Number');
#7611=GENERAL_PROPERTY('','B_MIN','user defined attribute');
#7612=GENERAL_PROPERTY_ASSOCIATION('user defined attribute','',#7611,#7610);
#7613=VALUE_REPRESENTATION_ITEM('B_MIN',NUMERIC_MEASURE(5.48E-1));
#7616=DESCRIPTIVE_REPRESENTATION_ITEM('attribute description','Real Number');
#7621=GENERAL_PROPERTY('','U_MAX','user defined attribute');
#7622=GENERAL_PROPERTY_ASSOCIATION('user defined attribute','',#7621,#7620);
#7623=VALUE_REPRESENTATION_ITEM('U_MAX',NUMERIC_MEASURE(2.5E-2));
#7626=DESCRIPTIVE_REPRESENTATION_ITEM('attribute description','Real Number');
#7631=GENERAL_PROPERTY('','U_MIN','user defined attribute');
#7632=GENERAL_PROPERTY_ASSOCIATION('user defined attribute','',#7631,#7630);
#7633=VALUE_REPRESENTATION_ITEM('U_MIN',NUMERIC_MEASURE(1.5E-2));
#7636=DESCRIPTIVE_REPRESENTATION_ITEM('attribute description','Real Number');
#7641=GENERAL_PROPERTY('','U_REF','user defined attribute');
#7642=GENERAL_PROPERTY_ASSOCIATION('user defined attribute','',#7641,#7640);
#7643=VALUE_REPRESENTATION_ITEM('U_REF',NUMERIC_MEASURE(5.E-2));
#7646=DESCRIPTIVE_REPRESENTATION_ITEM('attribute description','Real Number');
#7651=GENERAL_PROPERTY('','X_MAX','user defined attribute');
#7652=GENERAL_PROPERTY_ASSOCIATION('user defined attribute','',#7651,#7650);
#7653=VALUE_REPRESENTATION_ITEM('X_MAX',NUMERIC_MEASURE(2.6E-2));
#7656=DESCRIPTIVE_REPRESENTATION_ITEM('attribute description','Real Number');
#7661=GENERAL_PROPERTY('','X_MIN','user defined attribute');
#7662=GENERAL_PROPERTY_ASSOCIATION('user defined attribute','',#7661,#7660);
#7663=VALUE_REPRESENTATION_ITEM('X_MIN',NUMERIC_MEASURE(2.1E-2));
#7666=DESCRIPTIVE_REPRESENTATION_ITEM('attribute description','Real Number');
#7671=GENERAL_PROPERTY('','TL_TEST','user defined attribute');
#7672=GENERAL_PROPERTY_ASSOCIATION('user defined attribute','',#7671,#7670);
#7673=VALUE_REPRESENTATION_ITEM('TL_TEST',NUMERIC_MEASURE(2.41E-1));
#7676=DESCRIPTIVE_REPRESENTATION_ITEM('attribute description','Real Number');
#7681=GENERAL_PROPERTY('','NOMINAL_DIA_PARAM','user defined attribute');
#7682=GENERAL_PROPERTY_ASSOCIATION('user defined attribute','',#7681,#7680);
#7683=VALUE_REPRESENTATION_ITEM('NOMINAL_DIA_PARAM',NUMERIC_MEASURE(1.12E-1));
#7686=DESCRIPTIVE_REPRESENTATION_ITEM('attribute description','Real Number');
#7691=GENERAL_PROPERTY('','SERR_A','user defined attribute');
#7692=GENERAL_PROPERTY_ASSOCIATION('user defined attribute','',#7691,#7690);
#7693=VALUE_REPRESENTATION_ITEM('SERR_A',NUMERIC_MEASURE(9.E-3));
#7696=DESCRIPTIVE_REPRESENTATION_ITEM('attribute description','Real Number');
#7701=GENERAL_PROPERTY('','LINE_1_NUMBER','user defined attribute');
#7702=GENERAL_PROPERTY_ASSOCIATION('user defined attribute','',#7701,#7700);
#7703=DESCRIPTIVE_REPRESENTATION_ITEM('LINE_1_NUMBER','6.');
#7707=GENERAL_PROPERTY('','LINE_1_NOTE','user defined attribute');
#7708=GENERAL_PROPERTY_ASSOCIATION('user defined attribute','',#7707,#7706);
#7709=DESCRIPTIVE_REPRESENTATION_ITEM('LINE_1_NOTE',
'Information shown references the ASME B18.6.3 2013 standard.');
#7713=GENERAL_PROPERTY('','LINE_2_NUMBER','user defined attribute');
#7714=GENERAL_PROPERTY_ASSOCIATION('user defined attribute','',#7713,#7712);
#7715=DESCRIPTIVE_REPRESENTATION_ITEM('LINE_2_NUMBER','');
#7719=GENERAL_PROPERTY('','LINE_2_NOTE','user defined attribute');
#7720=GENERAL_PROPERTY_ASSOCIATION('user defined attribute','',#7719,#7718);
#7721=DESCRIPTIVE_REPRESENTATION_ITEM('LINE_2_NOTE',
'Substances Directive 2002/95/EC (RoHS) and Directive 2011/65/EU (RoHS 2). *');
#7725=GENERAL_PROPERTY('','LINE_3_NUMBER','user defined attribute');
#7726=GENERAL_PROPERTY_ASSOCIATION('user defined attribute','',#7725,#7724);
#7727=DESCRIPTIVE_REPRESENTATION_ITEM('LINE_3_NUMBER','5.');
#7731=GENERAL_PROPERTY('','LINE_3_NOTE','user defined attribute');
#7732=GENERAL_PROPERTY_ASSOCIATION('user defined attribute','',#7731,#7730);
#7733=DESCRIPTIVE_REPRESENTATION_ITEM('LINE_3_NOTE',
'Material and finish to comply with European Union Restriction of Hazardous');
#7737=GENERAL_PROPERTY('','LINE_4_NUMBER','user defined attribute');
#7738=GENERAL_PROPERTY_ASSOCIATION('user defined attribute','',#7737,#7736);
#7739=DESCRIPTIVE_REPRESENTATION_ITEM('LINE_4_NUMBER','4.');
#7743=GENERAL_PROPERTY('','LINE_4_NOTE','user defined attribute');
#7744=GENERAL_PROPERTY_ASSOCIATION('user defined attribute','',#7743,#7742);
#7745=DESCRIPTIVE_REPRESENTATION_ITEM('LINE_4_NOTE',
'Finish:  Zinc .00015 min. with clear chromate. *');
#7749=GENERAL_PROPERTY('','LINE_5_NUMBER','user defined attribute');
#7750=GENERAL_PROPERTY_ASSOCIATION('user defined attribute','',#7749,#7748);
#7751=DESCRIPTIVE_REPRESENTATION_ITEM('LINE_5_NUMBER','3.');
#7755=GENERAL_PROPERTY('','LINE_5_NOTE','user defined attribute');
#7756=GENERAL_PROPERTY_ASSOCIATION('user defined attribute','',#7755,#7754);
#7757=DESCRIPTIVE_REPRESENTATION_ITEM('LINE_5_NOTE',
'Material:  1010-1022 Carbon steel. *');
#7761=GENERAL_PROPERTY('','LINE_6_NUMBER','user defined attribute');
#7762=GENERAL_PROPERTY_ASSOCIATION('user defined attribute','',#7761,#7760);
#7763=DESCRIPTIVE_REPRESENTATION_ITEM('LINE_6_NUMBER','2.');
#7767=GENERAL_PROPERTY('','LINE_6_NOTE','user defined attribute');
#7768=GENERAL_PROPERTY_ASSOCIATION('user defined attribute','',#7767,#7766);
#7769=DESCRIPTIVE_REPRESENTATION_ITEM('LINE_6_NOTE',
'No burrs or loose chips. *');
#7773=GENERAL_PROPERTY('','LINE_7_NUMBER','user defined attribute');
#7774=GENERAL_PROPERTY_ASSOCIATION('user defined attribute','',#7773,#7772);
#7775=DESCRIPTIVE_REPRESENTATION_ITEM('LINE_7_NUMBER','1.');
#7779=GENERAL_PROPERTY('','LINE_7_NOTE','user defined attribute');
#7780=GENERAL_PROPERTY_ASSOCIATION('user defined attribute','',#7779,#7778);
#7781=DESCRIPTIVE_REPRESENTATION_ITEM('LINE_7_NOTE',
'* Denotes critical item for lot inspection.');
#7785=GENERAL_PROPERTY('','LINE_8_NUMBER','user defined attribute');
#7786=GENERAL_PROPERTY_ASSOCIATION('user defined attribute','',#7785,#7784);
#7787=DESCRIPTIVE_REPRESENTATION_ITEM('LINE_8_NUMBER','');
#7791=GENERAL_PROPERTY('','LINE_8_NOTE','user defined attribute');
#7792=GENERAL_PROPERTY_ASSOCIATION('user defined attribute','',#7791,#7790);
#7793=DESCRIPTIVE_REPRESENTATION_ITEM('LINE_8_NOTE','');
#7797=GENERAL_PROPERTY('','LINE_9_NUMBER','user defined attribute');
#7798=GENERAL_PROPERTY_ASSOCIATION('user defined attribute','',#7797,#7796);
#7799=DESCRIPTIVE_REPRESENTATION_ITEM('LINE_9_NUMBER','');
#7803=GENERAL_PROPERTY('','LINE_9_NOTE','user defined attribute');
#7804=GENERAL_PROPERTY_ASSOCIATION('user defined attribute','',#7803,#7802);
#7805=DESCRIPTIVE_REPRESENTATION_ITEM('LINE_9_NOTE','NOTES:');
#7809=GENERAL_PROPERTY('','LINE_10_NUMBER','user defined attribute');
#7810=GENERAL_PROPERTY_ASSOCIATION('user defined attribute','',#7809,#7808);
#7811=DESCRIPTIVE_REPRESENTATION_ITEM('LINE_10_NUMBER','');
#7815=GENERAL_PROPERTY('','LINE_10_NOTE','user defined attribute');
#7816=GENERAL_PROPERTY_ASSOCIATION('user defined attribute','',#7815,#7814);
#7817=DESCRIPTIVE_REPRESENTATION_ITEM('LINE_10_NOTE','');
#7821=GENERAL_PROPERTY('','LINE_11_NUMBER','user defined attribute');
#7822=GENERAL_PROPERTY_ASSOCIATION('user defined attribute','',#7821,#7820);
#7823=DESCRIPTIVE_REPRESENTATION_ITEM('LINE_11_NUMBER','');
#7827=GENERAL_PROPERTY('','LINE_11_NOTE','user defined attribute');
#7828=GENERAL_PROPERTY_ASSOCIATION('user defined attribute','',#7827,#7826);
#7829=DESCRIPTIVE_REPRESENTATION_ITEM('LINE_11_NOTE','');
#7833=GENERAL_PROPERTY('','LINE_12_NUMBER','user defined attribute');
#7834=GENERAL_PROPERTY_ASSOCIATION('user defined attribute','',#7833,#7832);
#7835=DESCRIPTIVE_REPRESENTATION_ITEM('LINE_12_NUMBER','');
#7839=GENERAL_PROPERTY('','LINE_12_NOTE','user defined attribute');
#7840=GENERAL_PROPERTY_ASSOCIATION('user defined attribute','',#7839,#7838);
#7841=DESCRIPTIVE_REPRESENTATION_ITEM('LINE_12_NOTE','');
#7845=GENERAL_PROPERTY('','LINE_1_NOTE_REFF','user defined attribute');
#7846=GENERAL_PROPERTY_ASSOCIATION('user defined attribute','',#7845,#7844);
#7847=DESCRIPTIVE_REPRESENTATION_ITEM('LINE_1_NOTE_REFF',
'Information shown references the ASME B18.6.3 2013 standard.');
#7851=GENERAL_PROPERTY('','LINE_1_NUMBER_REFF','user defined attribute');
#7852=GENERAL_PROPERTY_ASSOCIATION('user defined attribute','',#7851,#7850);
#7853=DESCRIPTIVE_REPRESENTATION_ITEM('LINE_1_NUMBER_REFF','6.');
#7857=GENERAL_PROPERTY('','LINE_2_NOTE_REFF','user defined attribute');
#7858=GENERAL_PROPERTY_ASSOCIATION('user defined attribute','',#7857,#7856);
#7859=DESCRIPTIVE_REPRESENTATION_ITEM('LINE_2_NOTE_REFF',
'Substances Directive 2002/95/EC (RoHS) and Directive 2011/65/EU (RoHS 2). *');
#7863=GENERAL_PROPERTY('','LINE_2_NUMBER_REFF','user defined attribute');
#7864=GENERAL_PROPERTY_ASSOCIATION('user defined attribute','',#7863,#7862);
#7865=DESCRIPTIVE_REPRESENTATION_ITEM('LINE_2_NUMBER_REFF',' ');
#7869=GENERAL_PROPERTY('','LINE_3_NOTE_REFF','user defined attribute');
#7870=GENERAL_PROPERTY_ASSOCIATION('user defined attribute','',#7869,#7868);
#7871=DESCRIPTIVE_REPRESENTATION_ITEM('LINE_3_NOTE_REFF',
'Material and finish to comply with European Union Restriction of Hazardous');
#7875=GENERAL_PROPERTY('','LINE_3_NUMBER_REFF','user defined attribute');
#7876=GENERAL_PROPERTY_ASSOCIATION('user defined attribute','',#7875,#7874);
#7877=DESCRIPTIVE_REPRESENTATION_ITEM('LINE_3_NUMBER_REFF','5.');
#7881=GENERAL_PROPERTY('','LINE_4_NOTE_REFF','user defined attribute');
#7882=GENERAL_PROPERTY_ASSOCIATION('user defined attribute','',#7881,#7880);
#7883=DESCRIPTIVE_REPRESENTATION_ITEM('LINE_4_NOTE_REFF',
'Finish:  Zinc .00015 min. with clear chromate. *');
#7887=GENERAL_PROPERTY('','LINE_4_NUMBER_REFF','user defined attribute');
#7888=GENERAL_PROPERTY_ASSOCIATION('user defined attribute','',#7887,#7886);
#7889=DESCRIPTIVE_REPRESENTATION_ITEM('LINE_4_NUMBER_REFF','4.');
#7893=GENERAL_PROPERTY('','LINE_5_NOTE_REFF','user defined attribute');
#7894=GENERAL_PROPERTY_ASSOCIATION('user defined attribute','',#7893,#7892);
#7895=DESCRIPTIVE_REPRESENTATION_ITEM('LINE_5_NOTE_REFF',
'Material:  1010-1022 Carbon steel. *');
#7899=GENERAL_PROPERTY('','LINE_5_NUMBER_REFF','user defined attribute');
#7900=GENERAL_PROPERTY_ASSOCIATION('user defined attribute','',#7899,#7898);
#7901=DESCRIPTIVE_REPRESENTATION_ITEM('LINE_5_NUMBER_REFF','3.');
#7905=GENERAL_PROPERTY('','LINE_6_NOTE_REFF','user defined attribute');
#7906=GENERAL_PROPERTY_ASSOCIATION('user defined attribute','',#7905,#7904);
#7907=DESCRIPTIVE_REPRESENTATION_ITEM('LINE_6_NOTE_REFF',
'No burrs or loose chips. *');
#7911=GENERAL_PROPERTY('','LINE_6_NUMBER_REFF','user defined attribute');
#7912=GENERAL_PROPERTY_ASSOCIATION('user defined attribute','',#7911,#7910);
#7913=DESCRIPTIVE_REPRESENTATION_ITEM('LINE_6_NUMBER_REFF','2.');
#7917=GENERAL_PROPERTY('','LINE_7_NOTE_REFF','user defined attribute');
#7918=GENERAL_PROPERTY_ASSOCIATION('user defined attribute','',#7917,#7916);
#7919=DESCRIPTIVE_REPRESENTATION_ITEM('LINE_7_NOTE_REFF',
'* Denotes critical item for lot inspection.');
#7923=GENERAL_PROPERTY('','LINE_7_NUMBER_REFF','user defined attribute');
#7924=GENERAL_PROPERTY_ASSOCIATION('user defined attribute','',#7923,#7922);
#7925=DESCRIPTIVE_REPRESENTATION_ITEM('LINE_7_NUMBER_REFF','1.');
#7929=GENERAL_PROPERTY('','LINE_8_NOTE_REFF','user defined attribute');
#7930=GENERAL_PROPERTY_ASSOCIATION('user defined attribute','',#7929,#7928);
#7931=DESCRIPTIVE_REPRESENTATION_ITEM('LINE_8_NOTE_REFF',' ');
#7935=GENERAL_PROPERTY('','LINE_8_NUMBER_REFF','user defined attribute');
#7936=GENERAL_PROPERTY_ASSOCIATION('user defined attribute','',#7935,#7934);
#7937=DESCRIPTIVE_REPRESENTATION_ITEM('LINE_8_NUMBER_REFF',' ');
#7941=GENERAL_PROPERTY('','LINE_9_NOTE_REFF','user defined attribute');
#7942=GENERAL_PROPERTY_ASSOCIATION('user defined attribute','',#7941,#7940);
#7943=DESCRIPTIVE_REPRESENTATION_ITEM('LINE_9_NOTE_REFF','NOTES:');
#7947=GENERAL_PROPERTY('','LINE_9_NUMBER_REFF','user defined attribute');
#7948=GENERAL_PROPERTY_ASSOCIATION('user defined attribute','',#7947,#7946);
#7949=DESCRIPTIVE_REPRESENTATION_ITEM('LINE_9_NUMBER_REFF',' ');
#7953=GENERAL_PROPERTY('','LINE_10_NOTE_REFF','user defined attribute');
#7954=GENERAL_PROPERTY_ASSOCIATION('user defined attribute','',#7953,#7952);
#7955=DESCRIPTIVE_REPRESENTATION_ITEM('LINE_10_NOTE_REFF',' ');
#7959=GENERAL_PROPERTY('','LINE_10_NUMBER_REFF','user defined attribute');
#7960=GENERAL_PROPERTY_ASSOCIATION('user defined attribute','',#7959,#7958);
#7961=DESCRIPTIVE_REPRESENTATION_ITEM('LINE_10_NUMBER_REFF',' ');
#7965=GENERAL_PROPERTY('','LINE_11_NOTE_REFF','user defined attribute');
#7966=GENERAL_PROPERTY_ASSOCIATION('user defined attribute','',#7965,#7964);
#7967=DESCRIPTIVE_REPRESENTATION_ITEM('LINE_11_NOTE_REFF',' ');
#7971=GENERAL_PROPERTY('','LINE_11_NUMBER_REFF','user defined attribute');
#7972=GENERAL_PROPERTY_ASSOCIATION('user defined attribute','',#7971,#7970);
#7973=DESCRIPTIVE_REPRESENTATION_ITEM('LINE_11_NUMBER_REFF',' ');
#7977=GENERAL_PROPERTY('','LINE_12_NOTE_REFF','user defined attribute');
#7978=GENERAL_PROPERTY_ASSOCIATION('user defined attribute','',#7977,#7976);
#7979=DESCRIPTIVE_REPRESENTATION_ITEM('LINE_12_NOTE_REFF',' ');
#7983=GENERAL_PROPERTY('','LINE_12_NUMBER_REFF','user defined attribute');
#7984=GENERAL_PROPERTY_ASSOCIATION('user defined attribute','',#7983,#7982);
#7985=DESCRIPTIVE_REPRESENTATION_ITEM('LINE_12_NUMBER_REFF',' ');
#7989=GENERAL_PROPERTY('','DRW_STATE','user defined attribute');
#7990=GENERAL_PROPERTY_ASSOCIATION('user defined attribute','',#7989,#7988);
#7991=DESCRIPTIVE_REPRESENTATION_ITEM('DRW_STATE','FL-PH');
#7995=GENERAL_PROPERTY('','REV_A_CHANGE','user defined attribute');
#7996=GENERAL_PROPERTY_ASSOCIATION('user defined attribute','',#7995,#7994);
#7997=DESCRIPTIVE_REPRESENTATION_ITEM('REV_A_CHANGE','');
#8001=GENERAL_PROPERTY('','REV_A_DATE','user defined attribute');
#8002=GENERAL_PROPERTY_ASSOCIATION('user defined attribute','',#8001,#8000);
#8003=DESCRIPTIVE_REPRESENTATION_ITEM('REV_A_DATE','');
#8007=GENERAL_PROPERTY('','REV_A_DRN','user defined attribute');
#8008=GENERAL_PROPERTY_ASSOCIATION('user defined attribute','',#8007,#8006);
#8009=DESCRIPTIVE_REPRESENTATION_ITEM('REV_A_DRN','');
#8013=GENERAL_PROPERTY('','REV_A_CHK','user defined attribute');
#8014=GENERAL_PROPERTY_ASSOCIATION('user defined attribute','',#8013,#8012);
#8015=DESCRIPTIVE_REPRESENTATION_ITEM('REV_A_CHK','');
#8019=GENERAL_PROPERTY('','REV_B_CHANGE','user defined attribute');
#8020=GENERAL_PROPERTY_ASSOCIATION('user defined attribute','',#8019,#8018);
#8021=DESCRIPTIVE_REPRESENTATION_ITEM('REV_B_CHANGE','');
#8025=GENERAL_PROPERTY('','REV_B_DATE','user defined attribute');
#8026=GENERAL_PROPERTY_ASSOCIATION('user defined attribute','',#8025,#8024);
#8027=DESCRIPTIVE_REPRESENTATION_ITEM('REV_B_DATE','');
#8031=GENERAL_PROPERTY('','REV_B_DRN','user defined attribute');
#8032=GENERAL_PROPERTY_ASSOCIATION('user defined attribute','',#8031,#8030);
#8033=DESCRIPTIVE_REPRESENTATION_ITEM('REV_B_DRN','');
#8037=GENERAL_PROPERTY('','REV_B_CHK','user defined attribute');
#8038=GENERAL_PROPERTY_ASSOCIATION('user defined attribute','',#8037,#8036);
#8039=DESCRIPTIVE_REPRESENTATION_ITEM('REV_B_CHK','');
#8043=GENERAL_PROPERTY('','REV_C_CHANGE','user defined attribute');
#8044=GENERAL_PROPERTY_ASSOCIATION('user defined attribute','',#8043,#8042);
#8045=DESCRIPTIVE_REPRESENTATION_ITEM('REV_C_CHANGE','');
#8049=GENERAL_PROPERTY('','REV_C_DATE','user defined attribute');
#8050=GENERAL_PROPERTY_ASSOCIATION('user defined attribute','',#8049,#8048);
#8051=DESCRIPTIVE_REPRESENTATION_ITEM('REV_C_DATE','');
#8055=GENERAL_PROPERTY('','REV_C_DRN','user defined attribute');
#8056=GENERAL_PROPERTY_ASSOCIATION('user defined attribute','',#8055,#8054);
#8057=DESCRIPTIVE_REPRESENTATION_ITEM('REV_C_DRN','');
#8061=GENERAL_PROPERTY('','REV_C_CHK','user defined attribute');
#8062=GENERAL_PROPERTY_ASSOCIATION('user defined attribute','',#8061,#8060);
#8063=DESCRIPTIVE_REPRESENTATION_ITEM('REV_C_CHK','');
#8067=GENERAL_PROPERTY('','A_MOD','user defined attribute');
#8068=GENERAL_PROPERTY_ASSOCIATION('user defined attribute','',#8067,#8066);
#8069=VALUE_REPRESENTATION_ITEM('A_MOD',NUMERIC_MEASURE(2.25E-1));
#8072=DESCRIPTIVE_REPRESENTATION_ITEM('attribute description','Real Number');
#8077=GENERAL_PROPERTY('','LENGTH_MTOL','user defined attribute');
#8078=GENERAL_PROPERTY_ASSOCIATION('user defined attribute','',#8077,#8076);
#8079=VALUE_REPRESENTATION_ITEM('LENGTH_MTOL',NUMERIC_MEASURE(2.E-2));
#8082=DESCRIPTIVE_REPRESENTATION_ITEM('attribute description','Real Number');
#8087=GENERAL_PROPERTY('','L_MIN','user defined attribute');
#8088=GENERAL_PROPERTY_ASSOCIATION('user defined attribute','',#8087,#8086);
#8089=VALUE_REPRESENTATION_ITEM('L_MIN',NUMERIC_MEASURE(2.19E-1));
#8092=DESCRIPTIVE_REPRESENTATION_ITEM('attribute description','Real Number');
#8097=GENERAL_PROPERTY('','DRW_MAX','user defined attribute');
#8098=GENERAL_PROPERTY_ASSOCIATION('user defined attribute','',#8097,#8096);
#8099=VALUE_REPRESENTATION_ITEM('DRW_MAX',NUMERIC_MEASURE(0.E0));
#8102=DESCRIPTIVE_REPRESENTATION_ITEM('attribute description','Real Number');
#8107=GENERAL_PROPERTY('','DRW_A_MAX','user defined attribute');
#8108=GENERAL_PROPERTY_ASSOCIATION('user defined attribute','',#8107,#8106);
#8109=DESCRIPTIVE_REPRESENTATION_ITEM('DRW_A_MAX','.225');
#8113=GENERAL_PROPERTY('','DRW_A_MIN','user defined attribute');
#8114=GENERAL_PROPERTY_ASSOCIATION('user defined attribute','',#8113,#8112);
#8115=DESCRIPTIVE_REPRESENTATION_ITEM('DRW_A_MIN','.207');
#8119=GENERAL_PROPERTY('','DRW_A','user defined attribute');
#8120=GENERAL_PROPERTY_ASSOCIATION('user defined attribute','',#8119,#8118);
#8121=DESCRIPTIVE_REPRESENTATION_ITEM('DRW_A','.460');
#8125=GENERAL_PROPERTY('','DRW_A_REF','user defined attribute');
#8126=GENERAL_PROPERTY_ASSOCIATION('user defined attribute','',#8125,#8124);
#8127=DESCRIPTIVE_REPRESENTATION_ITEM('DRW_A_REF','.396');
#8131=GENERAL_PROPERTY('','DRW_B_MAX','user defined attribute');
#8132=GENERAL_PROPERTY_ASSOCIATION('user defined attribute','',#8131,#8130);
#8133=DESCRIPTIVE_REPRESENTATION_ITEM('DRW_B_MAX','.576');
#8137=GENERAL_PROPERTY('','DRW_B_MIN','user defined attribute');
#8138=GENERAL_PROPERTY_ASSOCIATION('user defined attribute','',#8137,#8136);
#8139=DESCRIPTIVE_REPRESENTATION_ITEM('DRW_B_MIN','.548');
#8143=GENERAL_PROPERTY('','DRW_E_MAX','user defined attribute');
#8144=GENERAL_PROPERTY_ASSOCIATION('user defined attribute','',#8143,#8142);
#8145=DESCRIPTIVE_REPRESENTATION_ITEM('DRW_E_MAX','.000');
#8149=GENERAL_PROPERTY('','DRW_E_MIN','user defined attribute');
#8150=GENERAL_PROPERTY_ASSOCIATION('user defined attribute','',#8149,#8148);
#8151=DESCRIPTIVE_REPRESENTATION_ITEM('DRW_E_MIN','.000');
#8155=GENERAL_PROPERTY('','DRW_F_MAX','user defined attribute');
#8156=GENERAL_PROPERTY_ASSOCIATION('user defined attribute','',#8155,#8154);
#8157=DESCRIPTIVE_REPRESENTATION_ITEM('DRW_F_MAX','.061');
#8161=GENERAL_PROPERTY('','DRW_F_MIN','user defined attribute');
#8162=GENERAL_PROPERTY_ASSOCIATION('user defined attribute','',#8161,#8160);
#8163=DESCRIPTIVE_REPRESENTATION_ITEM('DRW_F_MIN','.046');
#8167=GENERAL_PROPERTY('','DRW_H','user defined attribute');
#8168=GENERAL_PROPERTY_ASSOCIATION('user defined attribute','',#8167,#8166);
#8169=DESCRIPTIVE_REPRESENTATION_ITEM('DRW_H','.116');
#8173=GENERAL_PROPERTY('','DRW_H_MAX','user defined attribute');
#8174=GENERAL_PROPERTY_ASSOCIATION('user defined attribute','',#8173,#8172);
#8175=DESCRIPTIVE_REPRESENTATION_ITEM('DRW_H_MAX','.049');
#8179=GENERAL_PROPERTY('','DRW_H_MIN','user defined attribute');
#8180=GENERAL_PROPERTY_ASSOCIATION('user defined attribute','',#8179,#8178);
#8181=DESCRIPTIVE_REPRESENTATION_ITEM('DRW_H_MIN','.049');
#8185=GENERAL_PROPERTY('','DRW_J_MAX','user defined attribute');
#8186=GENERAL_PROPERTY_ASSOCIATION('user defined attribute','',#8185,#8184);
#8187=DESCRIPTIVE_REPRESENTATION_ITEM('DRW_J_MAX','.000');
#8191=GENERAL_PROPERTY('','DRW_J_MIN','user defined attribute');
#8192=GENERAL_PROPERTY_ASSOCIATION('user defined attribute','',#8191,#8190);
#8193=DESCRIPTIVE_REPRESENTATION_ITEM('DRW_J_MIN','.000');
#8197=GENERAL_PROPERTY('','DRW_L','user defined attribute');
#8198=GENERAL_PROPERTY_ASSOCIATION('user defined attribute','',#8197,#8196);
#8199=DESCRIPTIVE_REPRESENTATION_ITEM('DRW_L','.750');
#8203=GENERAL_PROPERTY('','DRW_L_MIN','user defined attribute');
#8204=GENERAL_PROPERTY_ASSOCIATION('user defined attribute','',#8203,#8202);
#8205=DESCRIPTIVE_REPRESENTATION_ITEM('DRW_L_MIN','.219');
#8209=GENERAL_PROPERTY('','DRW_M','user defined attribute');
#8210=GENERAL_PROPERTY_ASSOCIATION('user defined attribute','',#8209,#8208);
#8211=DESCRIPTIVE_REPRESENTATION_ITEM('DRW_M','.122');
#8215=GENERAL_PROPERTY('','DRW_N','user defined attribute');
#8216=GENERAL_PROPERTY_ASSOCIATION('user defined attribute','',#8215,#8214);
#8217=DESCRIPTIVE_REPRESENTATION_ITEM('DRW_N','.024');
#8221=GENERAL_PROPERTY('','DRW_O_MAX','user defined attribute');
#8222=GENERAL_PROPERTY_ASSOCIATION('user defined attribute','',#8221,#8220);
#8223=DESCRIPTIVE_REPRESENTATION_ITEM('DRW_O_MAX','.123');
#8227=GENERAL_PROPERTY('','DRW_O_MIN','user defined attribute');
#8228=GENERAL_PROPERTY_ASSOCIATION('user defined attribute','',#8227,#8226);
#8229=DESCRIPTIVE_REPRESENTATION_ITEM('DRW_O_MIN','.112');
#8233=GENERAL_PROPERTY('','DRW_O_REF','user defined attribute');
#8234=GENERAL_PROPERTY_ASSOCIATION('user defined attribute','',#8233,#8232);
#8235=DESCRIPTIVE_REPRESENTATION_ITEM('DRW_O_REF','.000');
#8239=GENERAL_PROPERTY('','DRW_P_MAX','user defined attribute');
#8240=GENERAL_PROPERTY_ASSOCIATION('user defined attribute','',#8239,#8238);
#8241=DESCRIPTIVE_REPRESENTATION_ITEM('DRW_P_MAX','.071');
#8245=GENERAL_PROPERTY('','DRW_P_MIN','user defined attribute');
#8246=GENERAL_PROPERTY_ASSOCIATION('user defined attribute','',#8245,#8244);
#8247=DESCRIPTIVE_REPRESENTATION_ITEM('DRW_P_MIN','.055');
#8251=GENERAL_PROPERTY('','DRW_TORX_A','user defined attribute');
#8252=GENERAL_PROPERTY_ASSOCIATION('user defined attribute','',#8251,#8250);
#8253=DESCRIPTIVE_REPRESENTATION_ITEM('DRW_TORX_A','.155');
#8257=GENERAL_PROPERTY('','DRW_TORX_I','user defined attribute');
#8258=GENERAL_PROPERTY_ASSOCIATION('user defined attribute','',#8257,#8256);
#8259=DESCRIPTIVE_REPRESENTATION_ITEM('DRW_TORX_I','.055');
#8263=GENERAL_PROPERTY('','DRW_TORX_J','user defined attribute');
#8264=GENERAL_PROPERTY_ASSOCIATION('user defined attribute','',#8263,#8262);
#8265=DESCRIPTIVE_REPRESENTATION_ITEM('DRW_TORX_J','.050');
#8269=GENERAL_PROPERTY('','DRW_TORX_Q','user defined attribute');
#8270=GENERAL_PROPERTY_ASSOCIATION('user defined attribute','',#8269,#8268);
#8271=DESCRIPTIVE_REPRESENTATION_ITEM('DRW_TORX_Q','.045');
#8275=GENERAL_PROPERTY('','DRW_TORX_Z','user defined attribute');
#8276=GENERAL_PROPERTY_ASSOCIATION('user defined attribute','',#8275,#8274);
#8277=DESCRIPTIVE_REPRESENTATION_ITEM('DRW_TORX_Z','.246');
#8281=GENERAL_PROPERTY('','DRW_T_MAX','user defined attribute');
#8282=GENERAL_PROPERTY_ASSOCIATION('user defined attribute','',#8281,#8280);
#8283=DESCRIPTIVE_REPRESENTATION_ITEM('DRW_T_MAX','.000');
#8287=GENERAL_PROPERTY('','DRW_T_MIN','user defined attribute');
#8288=GENERAL_PROPERTY_ASSOCIATION('user defined attribute','',#8287,#8286);
#8289=DESCRIPTIVE_REPRESENTATION_ITEM('DRW_T_MIN','.000');
#8293=GENERAL_PROPERTY('','DRW_U_MAX','user defined attribute');
#8294=GENERAL_PROPERTY_ASSOCIATION('user defined attribute','',#8293,#8292);
#8295=DESCRIPTIVE_REPRESENTATION_ITEM('DRW_U_MAX','.025');
#8299=GENERAL_PROPERTY('','DRW_U_MIN','user defined attribute');
#8300=GENERAL_PROPERTY_ASSOCIATION('user defined attribute','',#8299,#8298);
#8301=DESCRIPTIVE_REPRESENTATION_ITEM('DRW_U_MIN','.015');
#8305=GENERAL_PROPERTY('','DRW_U_REF','user defined attribute');
#8306=GENERAL_PROPERTY_ASSOCIATION('user defined attribute','',#8305,#8304);
#8307=DESCRIPTIVE_REPRESENTATION_ITEM('DRW_U_REF','.050');
#8311=GENERAL_PROPERTY('','DRW_W_MIN','user defined attribute');
#8312=GENERAL_PROPERTY_ASSOCIATION('user defined attribute','',#8311,#8310);
#8313=DESCRIPTIVE_REPRESENTATION_ITEM('DRW_W_MIN','.000');
#8317=GENERAL_PROPERTY('','DRW_X_MAX','user defined attribute');
#8318=GENERAL_PROPERTY_ASSOCIATION('user defined attribute','',#8317,#8316);
#8319=DESCRIPTIVE_REPRESENTATION_ITEM('DRW_X_MAX','.026');
#8323=GENERAL_PROPERTY('','DRW_X_MIN','user defined attribute');
#8324=GENERAL_PROPERTY_ASSOCIATION('user defined attribute','',#8323,#8322);
#8325=DESCRIPTIVE_REPRESENTATION_ITEM('DRW_X_MIN','.021');
#8329=GENERAL_PROPERTY('','DRW_H_REF','user defined attribute');
#8330=GENERAL_PROPERTY_ASSOCIATION('user defined attribute','',#8329,#8328);
#8331=DESCRIPTIVE_REPRESENTATION_ITEM('DRW_H_REF','.100');
#8335=GENERAL_PROPERTY('','DRW_C_REF','user defined attribute');
#8336=GENERAL_PROPERTY_ASSOCIATION('user defined attribute','',#8335,#8334);
#8337=DESCRIPTIVE_REPRESENTATION_ITEM('DRW_C_REF','.052');
#8341=GENERAL_PROPERTY('','DRW_R_MAX','user defined attribute');
#8342=GENERAL_PROPERTY_ASSOCIATION('user defined attribute','',#8341,#8340);
#8343=DESCRIPTIVE_REPRESENTATION_ITEM('DRW_R_MAX','');
#8347=GENERAL_PROPERTY('','DRW_SERR_A','user defined attribute');
#8348=GENERAL_PROPERTY_ASSOCIATION('user defined attribute','',#8347,#8346);
#8349=DESCRIPTIVE_REPRESENTATION_ITEM('DRW_SERR_A','.009');
#8353=GENERAL_PROPERTY('','DRW_TEST','user defined attribute');
#8354=GENERAL_PROPERTY_ASSOCIATION('user defined attribute','',#8353,#8352);
#8355=DESCRIPTIVE_REPRESENTATION_ITEM('DRW_TEST','1.200');
#8359=GENERAL_PROPERTY('','TEST','user defined attribute');
#8360=GENERAL_PROPERTY_ASSOCIATION('user defined attribute','',#8359,#8358);
#8361=VALUE_REPRESENTATION_ITEM('TEST',NUMERIC_MEASURE(1.2E0));
#8364=DESCRIPTIVE_REPRESENTATION_ITEM('attribute description','Real Number');
#8369=GENERAL_PROPERTY('','Y3','user defined attribute');
#8370=GENERAL_PROPERTY_ASSOCIATION('user defined attribute','',#8369,#8368);
#8371=VALUE_REPRESENTATION_ITEM('Y3',NUMERIC_MEASURE(8.E0));
#8374=DESCRIPTIVE_REPRESENTATION_ITEM('attribute description','Real Number');
#8379=GENERAL_PROPERTY('','Y4','user defined attribute');
#8380=GENERAL_PROPERTY_ASSOCIATION('user defined attribute','',#8379,#8378);
#8381=VALUE_REPRESENTATION_ITEM('Y4',NUMERIC_MEASURE(8.E0));
#8384=DESCRIPTIVE_REPRESENTATION_ITEM('attribute description','Real Number');
#8389=GENERAL_PROPERTY('','DRW_HEAD_PLACEMENT','user defined attribute');
#8390=GENERAL_PROPERTY_ASSOCIATION('user defined attribute','',#8389,#8388);
#8391=DESCRIPTIVE_REPRESENTATION_ITEM('DRW_HEAD_PLACEMENT','FL-PH_INNER');
#8395=GENERAL_PROPERTY('','DRW_SLOT_PLACEMENT','user defined attribute');
#8396=GENERAL_PROPERTY_ASSOCIATION('user defined attribute','',#8395,#8394);
#8397=DESCRIPTIVE_REPRESENTATION_ITEM('DRW_SLOT_PLACEMENT','FL-PH-SLT_OUTER');
#8401=GENERAL_PROPERTY('','DRW_TL','user defined attribute');
#8402=GENERAL_PROPERTY_ASSOCIATION('user defined attribute','',#8401,#8400);
#8403=DESCRIPTIVE_REPRESENTATION_ITEM('DRW_TL','.124');
#8407=GENERAL_PROPERTY('','SCALE_TEST','user defined attribute');
#8408=GENERAL_PROPERTY_ASSOCIATION('user defined attribute','',#8407,#8406);
#8409=VALUE_REPRESENTATION_ITEM('SCALE_TEST',NUMERIC_MEASURE(3.642E0));
#8412=DESCRIPTIVE_REPRESENTATION_ITEM('attribute description','Real Number');
#8417=GENERAL_PROPERTY('','SCALE_TEST_2','user defined attribute');
#8418=GENERAL_PROPERTY_ASSOCIATION('user defined attribute','',#8417,#8416);
#8419=VALUE_REPRESENTATION_ITEM('SCALE_TEST_2',NUMERIC_MEASURE(3.9455E0));
#8422=DESCRIPTIVE_REPRESENTATION_ITEM('attribute description','Real Number');
#8427=GENERAL_PROPERTY('','HEAD_CNSK_ANGLE','user defined attribute');
#8428=GENERAL_PROPERTY_ASSOCIATION('user defined attribute','',#8427,#8426);
#8429=VALUE_REPRESENTATION_ITEM('HEAD_CNSK_ANGLE',NUMERIC_MEASURE(8.1E1));
#8432=DESCRIPTIVE_REPRESENTATION_ITEM('attribute description','Real Number');
#8437=GENERAL_PROPERTY('','DRAWING_RELATIONS','user defined attribute');
#8438=GENERAL_PROPERTY_ASSOCIATION('user defined attribute','',#8437,#8436);
#8439=DESCRIPTIVE_REPRESENTATION_ITEM('DRAWING_RELATIONS','YES');
#8443=GENERAL_PROPERTY('','THREAD_CODE','user defined attribute');
#8444=GENERAL_PROPERTY_ASSOCIATION('user defined attribute','',#8443,#8442);
#8445=DESCRIPTIVE_REPRESENTATION_ITEM('THREAD_CODE','MS');
#8449=GENERAL_PROPERTY('','P_CHAMFER','user defined attribute');
#8450=GENERAL_PROPERTY_ASSOCIATION('user defined attribute','',#8449,#8448);
#8451=VALUE_REPRESENTATION_ITEM('P_CHAMFER',NUMERIC_MEASURE(5.35E-2));
#8454=DESCRIPTIVE_REPRESENTATION_ITEM('attribute description','Real Number');
#8459=GENERAL_PROPERTY('','P_CHAMFER_MAX','user defined attribute');
#8460=GENERAL_PROPERTY_ASSOCIATION('user defined attribute','',#8459,#8458);
#8461=VALUE_REPRESENTATION_ITEM('P_CHAMFER_MAX',NUMERIC_MEASURE(5.7E-2));
#8464=DESCRIPTIVE_REPRESENTATION_ITEM('attribute description','Real Number');
#8469=GENERAL_PROPERTY('','P_CHAMFER_MIN','user defined attribute');
#8470=GENERAL_PROPERTY_ASSOCIATION('user defined attribute','',#8469,#8468);
#8471=VALUE_REPRESENTATION_ITEM('P_CHAMFER_MIN',NUMERIC_MEASURE(5.E-2));
#8474=DESCRIPTIVE_REPRESENTATION_ITEM('attribute description','Real Number');
#8479=GENERAL_PROPERTY('','LITTLE_D','user defined attribute');
#8480=GENERAL_PROPERTY_ASSOCIATION('user defined attribute','',#8479,#8478);
#8481=VALUE_REPRESENTATION_ITEM('LITTLE_D',NUMERIC_MEASURE(1.19E-1));
#8484=DESCRIPTIVE_REPRESENTATION_ITEM('attribute description','Real Number');
#8489=GENERAL_PROPERTY('','LITTLE_D_MAX','user defined attribute');
#8490=GENERAL_PROPERTY_ASSOCIATION('user defined attribute','',#8489,#8488);
#8491=VALUE_REPRESENTATION_ITEM('LITTLE_D_MAX',NUMERIC_MEASURE(1.22E-1));
#8494=DESCRIPTIVE_REPRESENTATION_ITEM('attribute description','Real Number');
#8499=GENERAL_PROPERTY('','LITTLE_D_MIN','user defined attribute');
#8500=GENERAL_PROPERTY_ASSOCIATION('user defined attribute','',#8499,#8498);
#8501=VALUE_REPRESENTATION_ITEM('LITTLE_D_MIN',NUMERIC_MEASURE(1.16E-1));
#8504=DESCRIPTIVE_REPRESENTATION_ITEM('attribute description','Real Number');
#8509=GENERAL_PROPERTY('','CREST_LEN','user defined attribute');
#8510=GENERAL_PROPERTY_ASSOCIATION('user defined attribute','',#8509,#8508);
#8511=VALUE_REPRESENTATION_ITEM('CREST_LEN',NUMERIC_MEASURE(3.E-3));
#8514=DESCRIPTIVE_REPRESENTATION_ITEM('attribute description','Real Number');
#8519=GENERAL_PROPERTY('','P_THREAD','user defined attribute');
#8520=GENERAL_PROPERTY_ASSOCIATION('user defined attribute','',#8519,#8518);
#8521=VALUE_REPRESENTATION_ITEM('P_THREAD',NUMERIC_MEASURE(1.12E-1));
#8524=DESCRIPTIVE_REPRESENTATION_ITEM('attribute description','Real Number');
#8529=GENERAL_PROPERTY('','S','user defined attribute');
#8530=GENERAL_PROPERTY_ASSOCIATION('user defined attribute','',#8529,#8528);
#8531=VALUE_REPRESENTATION_ITEM('S',NUMERIC_MEASURE(5.45E-2));
#8534=DESCRIPTIVE_REPRESENTATION_ITEM('attribute description','Real Number');
#8539=GENERAL_PROPERTY('','S_MAX','user defined attribute');
#8540=GENERAL_PROPERTY_ASSOCIATION('user defined attribute','',#8539,#8538);
#8541=VALUE_REPRESENTATION_ITEM('S_MAX',NUMERIC_MEASURE(6.2E-2));
#8544=DESCRIPTIVE_REPRESENTATION_ITEM('attribute description','Real Number');
#8549=GENERAL_PROPERTY('','S_MIN','user defined attribute');
#8550=GENERAL_PROPERTY_ASSOCIATION('user defined attribute','',#8549,#8548);
#8551=VALUE_REPRESENTATION_ITEM('S_MIN',NUMERIC_MEASURE(4.7E-2));
#8554=DESCRIPTIVE_REPRESENTATION_ITEM('attribute description','Real Number');
#8559=GENERAL_PROPERTY('','POINT','user defined attribute');
#8560=GENERAL_PROPERTY_ASSOCIATION('user defined attribute','',#8559,#8558);
#8561=VALUE_REPRESENTATION_ITEM('POINT',NUMERIC_MEASURE(0.E0));
#8564=DESCRIPTIVE_REPRESENTATION_ITEM('attribute description','Real Number');
#8569=GENERAL_PROPERTY('','Z_LEN','user defined attribute');
#8570=GENERAL_PROPERTY_ASSOCIATION('user defined attribute','',#8569,#8568);
#8571=VALUE_REPRESENTATION_ITEM('Z_LEN',NUMERIC_MEASURE(2.11E-1));
#8574=DESCRIPTIVE_REPRESENTATION_ITEM('attribute description','Real Number');
#8579=GENERAL_PROPERTY('','TRI_C_MAX','user defined attribute');
#8580=GENERAL_PROPERTY_ASSOCIATION('user defined attribute','',#8579,#8578);
#8581=VALUE_REPRESENTATION_ITEM('TRI_C_MAX',NUMERIC_MEASURE(1.145E-1));
#8584=DESCRIPTIVE_REPRESENTATION_ITEM('attribute description','Real Number');
#8589=GENERAL_PROPERTY('','TRI_C_MIN','user defined attribute');
#8590=GENERAL_PROPERTY_ASSOCIATION('user defined attribute','',#8589,#8588);
#8591=VALUE_REPRESENTATION_ITEM('TRI_C_MIN',NUMERIC_MEASURE(1.105E-1));
#8594=DESCRIPTIVE_REPRESENTATION_ITEM('attribute description','Real Number');
#8599=GENERAL_PROPERTY('','TRI_D_MAX','user defined attribute');
#8600=GENERAL_PROPERTY_ASSOCIATION('user defined attribute','',#8599,#8598);
#8601=VALUE_REPRESENTATION_ITEM('TRI_D_MAX',NUMERIC_MEASURE(1.095E-1));
#8604=DESCRIPTIVE_REPRESENTATION_ITEM('attribute description','Real Number');
#8609=GENERAL_PROPERTY('','TRI_D_MIN','user defined attribute');
#8610=GENERAL_PROPERTY_ASSOCIATION('user defined attribute','',#8609,#8608);
#8611=VALUE_REPRESENTATION_ITEM('TRI_D_MIN',NUMERIC_MEASURE(1.055E-1));
#8614=DESCRIPTIVE_REPRESENTATION_ITEM('attribute description','Real Number');
#8619=GENERAL_PROPERTY('','TRI_C','user defined attribute');
#8620=GENERAL_PROPERTY_ASSOCIATION('user defined attribute','',#8619,#8618);
#8621=VALUE_REPRESENTATION_ITEM('TRI_C',NUMERIC_MEASURE(1.125E-1));
#8624=DESCRIPTIVE_REPRESENTATION_ITEM('attribute description','Real Number');
#8629=GENERAL_PROPERTY('','TRI_D','user defined attribute');
#8630=GENERAL_PROPERTY_ASSOCIATION('user defined attribute','',#8629,#8628);
#8631=VALUE_REPRESENTATION_ITEM('TRI_D',NUMERIC_MEASURE(1.075E-1));
#8634=DESCRIPTIVE_REPRESENTATION_ITEM('attribute description','Real Number');
#8639=GENERAL_PROPERTY('','S_TAPER_MAX','user defined attribute');
#8640=GENERAL_PROPERTY_ASSOCIATION('user defined attribute','',#8639,#8638);
#8641=VALUE_REPRESENTATION_ITEM('S_TAPER_MAX',NUMERIC_MEASURE(1.11E-1));
#8644=DESCRIPTIVE_REPRESENTATION_ITEM('attribute description','Real Number');
#8649=GENERAL_PROPERTY('','S_TAPER_MIN','user defined attribute');
#8650=GENERAL_PROPERTY_ASSOCIATION('user defined attribute','',#8649,#8648);
#8651=VALUE_REPRESENTATION_ITEM('S_TAPER_MIN',NUMERIC_MEASURE(8.3E-2));
#8654=DESCRIPTIVE_REPRESENTATION_ITEM('attribute description','Real Number');
#8659=GENERAL_PROPERTY('','S_TAPER','user defined attribute');
#8660=GENERAL_PROPERTY_ASSOCIATION('user defined attribute','',#8659,#8658);
#8661=VALUE_REPRESENTATION_ITEM('S_TAPER',NUMERIC_MEASURE(9.7E-2));
#8664=DESCRIPTIVE_REPRESENTATION_ITEM('attribute description','Real Number');
#8669=GENERAL_PROPERTY('','Y_LEN','user defined attribute');
#8670=GENERAL_PROPERTY_ASSOCIATION('user defined attribute','',#8669,#8668);
#8671=VALUE_REPRESENTATION_ITEM('Y_LEN',NUMERIC_MEASURE(5.6E-2));
#8674=DESCRIPTIVE_REPRESENTATION_ITEM('attribute description','Real Number');
#8679=GENERAL_PROPERTY('','THREAD_CUT_TRIGGER','user defined attribute');
#8680=GENERAL_PROPERTY_ASSOCIATION('user defined attribute','',#8679,#8678);
#8681=DESCRIPTIVE_REPRESENTATION_ITEM('THREAD_CUT_TRIGGER','MS');
#8685=GENERAL_PROPERTY('','THREAD_LEN_TYPE','user defined attribute');
#8686=GENERAL_PROPERTY_ASSOCIATION('user defined attribute','',#8685,#8684);
#8687=DESCRIPTIVE_REPRESENTATION_ITEM('THREAD_LEN_TYPE','SHORT');
#8691=GENERAL_PROPERTY('','TL_2','user defined attribute');
#8692=GENERAL_PROPERTY_ASSOCIATION('user defined attribute','',#8691,#8690);
#8693=VALUE_REPRESENTATION_ITEM('TL_2',NUMERIC_MEASURE(1.5E0));
#8696=DESCRIPTIVE_REPRESENTATION_ITEM('attribute description','Real Number');
#8701=GENERAL_PROPERTY('','HEAD_CLASS','user defined attribute');
#8702=GENERAL_PROPERTY_ASSOCIATION('user defined attribute','',#8701,#8700);
#8703=DESCRIPTIVE_REPRESENTATION_ITEM('HEAD_CLASS','std');
#8707=GENERAL_PROPERTY('','E_NO_OF_GROOVES','user defined attribute');
#8708=GENERAL_PROPERTY_ASSOCIATION('user defined attribute','',#8707,#8706);
#8709=VALUE_REPRESENTATION_ITEM('E_NO_OF_GROOVES',NUMERIC_MEASURE(0.E0));
#8712=DESCRIPTIVE_REPRESENTATION_ITEM('attribute description','Real Number');
#8717=GENERAL_PROPERTY('','BIG_D_MAX','user defined attribute');
#8718=GENERAL_PROPERTY_ASSOCIATION('user defined attribute','',#8717,#8716);
#8719=VALUE_REPRESENTATION_ITEM('BIG_D_MAX',NUMERIC_MEASURE(1.66E-1));
#8722=DESCRIPTIVE_REPRESENTATION_ITEM('attribute description','Real Number');
#8727=GENERAL_PROPERTY('','BIG_D_MIN','user defined attribute');
#8728=GENERAL_PROPERTY_ASSOCIATION('user defined attribute','',#8727,#8726);
#8729=VALUE_REPRESENTATION_ITEM('BIG_D_MIN',NUMERIC_MEASURE(1.59E-1));
#8732=DESCRIPTIVE_REPRESENTATION_ITEM('attribute description','Real Number');
#8737=GENERAL_PROPERTY('','IRR_NOM','user defined attribute');
#8738=GENERAL_PROPERTY_ASSOCIATION('user defined attribute','',#8737,#8736);
#8739=VALUE_REPRESENTATION_ITEM('IRR_NOM',NUMERIC_MEASURE(0.E0));
#8742=DESCRIPTIVE_REPRESENTATION_ITEM('attribute description','Real Number');
#8747=GENERAL_PROPERTY('','B_LOW_THD_DIA','user defined attribute');
#8748=GENERAL_PROPERTY_ASSOCIATION('user defined attribute','',#8747,#8746);
#8749=VALUE_REPRESENTATION_ITEM('B_LOW_THD_DIA',NUMERIC_MEASURE(1.3E-1));
#8752=DESCRIPTIVE_REPRESENTATION_ITEM('attribute description','Real Number');
#8757=GENERAL_PROPERTY('','P_POINT_DIA_MAX','user defined attribute');
#8758=GENERAL_PROPERTY_ASSOCIATION('user defined attribute','',#8757,#8756);
#8759=VALUE_REPRESENTATION_ITEM('P_POINT_DIA_MAX',NUMERIC_MEASURE(1.05E-1));
#8762=DESCRIPTIVE_REPRESENTATION_ITEM('attribute description','Real Number');
#8767=GENERAL_PROPERTY('','P_POINT_DIA_MIN','user defined attribute');
#8768=GENERAL_PROPERTY_ASSOCIATION('user defined attribute','',#8767,#8766);
#8769=VALUE_REPRESENTATION_ITEM('P_POINT_DIA_MIN',NUMERIC_MEASURE(9.5E-2));
#8772=DESCRIPTIVE_REPRESENTATION_ITEM('attribute description','Real Number');
#8777=GENERAL_PROPERTY('','GROOVE_A','user defined attribute');
#8778=GENERAL_PROPERTY_ASSOCIATION('user defined attribute','',#8777,#8776);
#8779=VALUE_REPRESENTATION_ITEM('GROOVE_A',NUMERIC_MEASURE(3.1E-2));
#8782=DESCRIPTIVE_REPRESENTATION_ITEM('attribute description','Real Number');
#8787=GENERAL_PROPERTY('','GROOVE_B','user defined attribute');
#8788=GENERAL_PROPERTY_ASSOCIATION('user defined attribute','',#8787,#8786);
#8789=VALUE_REPRESENTATION_ITEM('GROOVE_B',NUMERIC_MEASURE(6.3E-2));
#8792=DESCRIPTIVE_REPRESENTATION_ITEM('attribute description','Real Number');
#8797=GENERAL_PROPERTY('','GROOVE_C','user defined attribute');
#8798=GENERAL_PROPERTY_ASSOCIATION('user defined attribute','',#8797,#8796);
#8799=VALUE_REPRESENTATION_ITEM('GROOVE_C',NUMERIC_MEASURE(1.5E-1));
#8802=DESCRIPTIVE_REPRESENTATION_ITEM('attribute description','Real Number');
#8807=GENERAL_PROPERTY('','NO_OF_GROOVES','user defined attribute');
#8808=GENERAL_PROPERTY_ASSOCIATION('user defined attribute','',#8807,#8806);
#8809=VALUE_REPRESENTATION_ITEM('NO_OF_GROOVES',COUNT_MEASURE(5));
#8812=DESCRIPTIVE_REPRESENTATION_ITEM('attribute description','Integer');
#8817=GENERAL_PROPERTY('','GROOVE_ANGLE','user defined attribute');
#8818=GENERAL_PROPERTY_ASSOCIATION('user defined attribute','',#8817,#8816);
#8819=VALUE_REPRESENTATION_ITEM('GROOVE_ANGLE',NUMERIC_MEASURE(5.E0));
#8822=DESCRIPTIVE_REPRESENTATION_ITEM('attribute description','Real Number');
#8827=GENERAL_PROPERTY('','P_POINT_DIA','user defined attribute');
#8828=GENERAL_PROPERTY_ASSOCIATION('user defined attribute','',#8827,#8826);
#8829=VALUE_REPRESENTATION_ITEM('P_POINT_DIA',NUMERIC_MEASURE(0.E0));
#8832=DESCRIPTIVE_REPRESENTATION_ITEM('attribute description','Real Number');
#8837=GENERAL_PROPERTY('','TRI_CP','user defined attribute');
#8838=GENERAL_PROPERTY_ASSOCIATION('user defined attribute','',#8837,#8836);
#8839=VALUE_REPRESENTATION_ITEM('TRI_CP',NUMERIC_MEASURE(6.55E-2));
#8842=DESCRIPTIVE_REPRESENTATION_ITEM('attribute description','Real Number');
#8847=GENERAL_PROPERTY('','TRI_DP','user defined attribute');
#8848=GENERAL_PROPERTY_ASSOCIATION('user defined attribute','',#8847,#8846);
#8849=VALUE_REPRESENTATION_ITEM('TRI_DP',NUMERIC_MEASURE(6.05E-1));
#8852=DESCRIPTIVE_REPRESENTATION_ITEM('attribute description','Real Number');
#8857=GENERAL_PROPERTY('','BIG_D','user defined attribute');
#8858=GENERAL_PROPERTY_ASSOCIATION('user defined attribute','',#8857,#8856);
#8859=VALUE_REPRESENTATION_ITEM('BIG_D',NUMERIC_MEASURE(1.625E-1));
#8862=DESCRIPTIVE_REPRESENTATION_ITEM('attribute description','Real Number');
#8867=GENERAL_PROPERTY('','CSUNK_H','user defined attribute');
#8868=GENERAL_PROPERTY_ASSOCIATION('user defined attribute','',#8867,#8866);
#8869=VALUE_REPRESENTATION_ITEM('CSUNK_H',NUMERIC_MEASURE(0.E0));
#8872=DESCRIPTIVE_REPRESENTATION_ITEM('attribute description','Real Number');
#8877=GENERAL_PROPERTY('','TRI_LOBBAL','user defined attribute');
#8878=GENERAL_PROPERTY_ASSOCIATION('user defined attribute','',#8877,#8876);
#8879=DESCRIPTIVE_REPRESENTATION_ITEM('TRI_LOBBAL','N');
#8883=GENERAL_PROPERTY('','HD_PLC','user defined attribute');
#8884=GENERAL_PROPERTY_ASSOCIATION('user defined attribute','',#8883,#8882);
#8885=DESCRIPTIVE_REPRESENTATION_ITEM('HD_PLC','CSNK');
#8889=GENERAL_PROPERTY('','RECESS_DESC','user defined attribute');
#8890=GENERAL_PROPERTY_ASSOCIATION('user defined attribute','',#8889,#8888);
#8891=DESCRIPTIVE_REPRESENTATION_ITEM('RECESS_DESC','Cross-recess');
#8895=GENERAL_PROPERTY('','DRW_STATE_QRY','user defined attribute');
#8896=GENERAL_PROPERTY_ASSOCIATION('user defined attribute','',#8895,#8894);
#8897=DESCRIPTIVE_REPRESENTATION_ITEM('DRW_STATE_QRY','FL-PH');
#8901=GENERAL_PROPERTY('','DRW_STATE_PD','user defined attribute');
#8902=GENERAL_PROPERTY_ASSOCIATION('user defined attribute','',#8901,#8900);
#8903=DESCRIPTIVE_REPRESENTATION_ITEM('DRW_STATE_PD','FL-PH');
#8907=GENERAL_PROPERTY('','TEMPPP','user defined attribute');
#8908=GENERAL_PROPERTY_ASSOCIATION('user defined attribute','',#8907,#8906);
#8909=DESCRIPTIVE_REPRESENTATION_ITEM('TEMPPP','.00015 min., bake 4 hours m');
#8913=GENERAL_PROPERTY('','LINE_1_NOTE_2','user defined attribute');
#8914=GENERAL_PROPERTY_ASSOCIATION('user defined attribute','',#8913,#8912);
#8915=DESCRIPTIVE_REPRESENTATION_ITEM('LINE_1_NOTE_2','');
#8919=GENERAL_PROPERTY('','LINE_2_NOTE_2','user defined attribute');
#8920=GENERAL_PROPERTY_ASSOCIATION('user defined attribute','',#8919,#8918);
#8921=DESCRIPTIVE_REPRESENTATION_ITEM('LINE_2_NOTE_2','');
#8925=GENERAL_PROPERTY('','LINE_3_NOTE_2','user defined attribute');
#8926=GENERAL_PROPERTY_ASSOCIATION('user defined attribute','',#8925,#8924);
#8927=DESCRIPTIVE_REPRESENTATION_ITEM('LINE_3_NOTE_2','');
#8931=GENERAL_PROPERTY('','LINE_4_NOTE_2','user defined attribute');
#8932=GENERAL_PROPERTY_ASSOCIATION('user defined attribute','',#8931,#8930);
#8933=DESCRIPTIVE_REPRESENTATION_ITEM('LINE_4_NOTE_2','');
#8937=GENERAL_PROPERTY('','LINE_5_NOTE_2','user defined attribute');
#8938=GENERAL_PROPERTY_ASSOCIATION('user defined attribute','',#8937,#8936);
#8939=DESCRIPTIVE_REPRESENTATION_ITEM('LINE_5_NOTE_2','');
#8943=GENERAL_PROPERTY('','LINE_6_NOTE_2','user defined attribute');
#8944=GENERAL_PROPERTY_ASSOCIATION('user defined attribute','',#8943,#8942);
#8945=DESCRIPTIVE_REPRESENTATION_ITEM('LINE_6_NOTE_2','');
#8949=GENERAL_PROPERTY('','LINE_7_NOTE_2','user defined attribute');
#8950=GENERAL_PROPERTY_ASSOCIATION('user defined attribute','',#8949,#8948);
#8951=DESCRIPTIVE_REPRESENTATION_ITEM('LINE_7_NOTE_2','');
#8955=GENERAL_PROPERTY('','LINE_8_NOTE_2','user defined attribute');
#8956=GENERAL_PROPERTY_ASSOCIATION('user defined attribute','',#8955,#8954);
#8957=DESCRIPTIVE_REPRESENTATION_ITEM('LINE_8_NOTE_2','');
#8961=GENERAL_PROPERTY('','LINE_9_NOTE_2','user defined attribute');
#8962=GENERAL_PROPERTY_ASSOCIATION('user defined attribute','',#8961,#8960);
#8963=DESCRIPTIVE_REPRESENTATION_ITEM('LINE_9_NOTE_2','');
#8967=GENERAL_PROPERTY('','LINE_10_NOTE_2','user defined attribute');
#8968=GENERAL_PROPERTY_ASSOCIATION('user defined attribute','',#8967,#8966);
#8969=DESCRIPTIVE_REPRESENTATION_ITEM('LINE_10_NOTE_2','');
#8973=GENERAL_PROPERTY('','LINE_1_NOTE_2_REFF','user defined attribute');
#8974=GENERAL_PROPERTY_ASSOCIATION('user defined attribute','',#8973,#8972);
#8975=DESCRIPTIVE_REPRESENTATION_ITEM('LINE_1_NOTE_2_REFF','');
#8979=GENERAL_PROPERTY('','LINE_2_NOTE_2_REFF','user defined attribute');
#8980=GENERAL_PROPERTY_ASSOCIATION('user defined attribute','',#8979,#8978);
#8981=DESCRIPTIVE_REPRESENTATION_ITEM('LINE_2_NOTE_2_REFF','');
#8985=GENERAL_PROPERTY('','LINE_3_NOTE_2_REFF','user defined attribute');
#8986=GENERAL_PROPERTY_ASSOCIATION('user defined attribute','',#8985,#8984);
#8987=DESCRIPTIVE_REPRESENTATION_ITEM('LINE_3_NOTE_2_REFF','');
#8991=GENERAL_PROPERTY('','LINE_4_NOTE_2_REFF','user defined attribute');
#8992=GENERAL_PROPERTY_ASSOCIATION('user defined attribute','',#8991,#8990);
#8993=DESCRIPTIVE_REPRESENTATION_ITEM('LINE_4_NOTE_2_REFF','');
#8997=GENERAL_PROPERTY('','LINE_5_NOTE_2_REFF','user defined attribute');
#8998=GENERAL_PROPERTY_ASSOCIATION('user defined attribute','',#8997,#8996);
#8999=DESCRIPTIVE_REPRESENTATION_ITEM('LINE_5_NOTE_2_REFF','');
#9003=GENERAL_PROPERTY('','LINE_6_NOTE_2_REFF','user defined attribute');
#9004=GENERAL_PROPERTY_ASSOCIATION('user defined attribute','',#9003,#9002);
#9005=DESCRIPTIVE_REPRESENTATION_ITEM('LINE_6_NOTE_2_REFF','');
#9009=GENERAL_PROPERTY('','LINE_7_NOTE_2_REFF','user defined attribute');
#9010=GENERAL_PROPERTY_ASSOCIATION('user defined attribute','',#9009,#9008);
#9011=DESCRIPTIVE_REPRESENTATION_ITEM('LINE_7_NOTE_2_REFF','');
#9015=GENERAL_PROPERTY('','LINE_8_NOTE_2_REFF','user defined attribute');
#9016=GENERAL_PROPERTY_ASSOCIATION('user defined attribute','',#9015,#9014);
#9017=DESCRIPTIVE_REPRESENTATION_ITEM('LINE_8_NOTE_2_REFF','');
#9021=GENERAL_PROPERTY('','LINE_9_NOTE_2_REFF','user defined attribute');
#9022=GENERAL_PROPERTY_ASSOCIATION('user defined attribute','',#9021,#9020);
#9023=DESCRIPTIVE_REPRESENTATION_ITEM('LINE_9_NOTE_2_REFF','');
#9027=GENERAL_PROPERTY('','LINE_10_NOTE_2_REFF','user defined attribute');
#9028=GENERAL_PROPERTY_ASSOCIATION('user defined attribute','',#9027,#9026);
#9029=DESCRIPTIVE_REPRESENTATION_ITEM('LINE_10_NOTE_2_REFF','');
#9033=GENERAL_PROPERTY('','QA_PN','user defined attribute');
#9034=GENERAL_PROPERTY_ASSOCIATION('user defined attribute','',#9033,#9032);
#9035=DESCRIPTIVE_REPRESENTATION_ITEM('QA_PN','');
#9039=GENERAL_PROPERTY('','REV_DATE','user defined attribute');
#9040=GENERAL_PROPERTY_ASSOCIATION('user defined attribute','',#9039,#9038);
#9041=DESCRIPTIVE_REPRESENTATION_ITEM('REV_DATE','2/20/15');
#9045=GENERAL_PROPERTY('','LITLLE_D_MIN','user defined attribute');
#9046=GENERAL_PROPERTY_ASSOCIATION('user defined attribute','',#9045,#9044);
#9047=VALUE_REPRESENTATION_ITEM('LITLLE_D_MIN',NUMERIC_MEASURE(6.72E-2));
#9050=DESCRIPTIVE_REPRESENTATION_ITEM('attribute description','Real Number');
#9055=GENERAL_PROPERTY('','MATFIN_CODE','user defined attribute');
#9056=GENERAL_PROPERTY_ASSOCIATION('user defined attribute','',#9055,#9054);
#9057=DESCRIPTIVE_REPRESENTATION_ITEM('MATFIN_CODE','ms_std_stl-z');
#9061=GENERAL_PROPERTY('','TL','user defined attribute');
#9062=GENERAL_PROPERTY_ASSOCIATION('user defined attribute','',#9061,#9060);
#9063=VALUE_REPRESENTATION_ITEM('TL',NUMERIC_MEASURE(1.243408865230E-1));
#9066=DESCRIPTIVE_REPRESENTATION_ITEM('attribute description','Real Number');
#9071=GENERAL_PROPERTY('','THREAD_KEY','user defined attribute');
#9072=GENERAL_PROPERTY_ASSOCIATION('user defined attribute','',#9071,#9070);
#9073=DESCRIPTIVE_REPRESENTATION_ITEM('THREAD_KEY','');
#9077=GENERAL_PROPERTY('','TRI_RAD','user defined attribute');
#9078=GENERAL_PROPERTY_ASSOCIATION('user defined attribute','',#9077,#9076);
#9079=DESCRIPTIVE_REPRESENTATION_ITEM('TRI_RAD','Y');
#9083=GENERAL_PROPERTY('','DRAWING_SCALE_FACTOR2','user defined attribute');
#9084=GENERAL_PROPERTY_ASSOCIATION('user defined attribute','',#9083,#9082);
#9085=VALUE_REPRESENTATION_ITEM('DRAWING_SCALE_FACTOR2',NUMERIC_MEASURE(4.5E0));
#9088=DESCRIPTIVE_REPRESENTATION_ITEM('attribute description','Real Number');
#9093=GENERAL_PROPERTY('','SCALE_TYPE_TRIGGER','user defined attribute');
#9094=GENERAL_PROPERTY_ASSOCIATION('user defined attribute','',#9093,#9092);
#9095=DESCRIPTIVE_REPRESENTATION_ITEM('SCALE_TYPE_TRIGGER','GREGG_STEP-2');
#9099=GENERAL_PROPERTY('','SCALE_MANUAL','user defined attribute');
#9100=GENERAL_PROPERTY_ASSOCIATION('user defined attribute','',#9099,#9098);
#9101=VALUE_REPRESENTATION_ITEM('SCALE_MANUAL',NUMERIC_MEASURE(2.E0));
#9104=DESCRIPTIVE_REPRESENTATION_ITEM('attribute description','Real Number');
#9109=GENERAL_PROPERTY('','LP_TOL','user defined attribute');
#9110=GENERAL_PROPERTY_ASSOCIATION('user defined attribute','',#9109,#9108);
#9111=VALUE_REPRESENTATION_ITEM('LP_TOL',NUMERIC_MEASURE(0.E0));
#9114=DESCRIPTIVE_REPRESENTATION_ITEM('attribute description','Real Number');
#9119=GENERAL_PROPERTY('','LM_TOL','user defined attribute');
#9120=GENERAL_PROPERTY_ASSOCIATION('user defined attribute','',#9119,#9118);
#9121=VALUE_REPRESENTATION_ITEM('LM_TOL',NUMERIC_MEASURE(3.1E-2));
#9124=DESCRIPTIVE_REPRESENTATION_ITEM('attribute description','Real Number');
#9129=GENERAL_PROPERTY('','DRW_VIEW_WIDTH','user defined attribute');
#9130=GENERAL_PROPERTY_ASSOCIATION('user defined attribute','',#9129,#9128);
#9131=VALUE_REPRESENTATION_ITEM('DRW_VIEW_WIDTH',NUMERIC_MEASURE(4.125E0));
#9134=DESCRIPTIVE_REPRESENTATION_ITEM('attribute description','Real Number');
#9139=GENERAL_PROPERTY('','DRW_VIEW_HEIGHT','user defined attribute');
#9140=GENERAL_PROPERTY_ASSOCIATION('user defined attribute','',#9139,#9138);
#9141=VALUE_REPRESENTATION_ITEM('DRW_VIEW_HEIGHT',NUMERIC_MEASURE(2.E0));
#9144=DESCRIPTIVE_REPRESENTATION_ITEM('attribute description','Real Number');
#9149=GENERAL_PROPERTY('','L_MAX','user defined attribute');
#9150=GENERAL_PROPERTY_ASSOCIATION('user defined attribute','',#9149,#9148);
#9151=VALUE_REPRESENTATION_ITEM('L_MAX',NUMERIC_MEASURE(2.5E-1));
#9154=DESCRIPTIVE_REPRESENTATION_ITEM('attribute description','Real Number');
#9159=GENERAL_PROPERTY('','DRW_L_MAX','user defined attribute');
#9160=GENERAL_PROPERTY_ASSOCIATION('user defined attribute','',#9159,#9158);
#9161=DESCRIPTIVE_REPRESENTATION_ITEM('DRW_L_MAX','.250');
#9165=GENERAL_PROPERTY('','THREAD_CALL_RATIO','user defined attribute');
#9166=GENERAL_PROPERTY_ASSOCIATION('user defined attribute','',#9165,#9164);
#9167=VALUE_REPRESENTATION_ITEM('THREAD_CALL_RATIO',NUMERIC_MEASURE(4.375E-1));
#9170=DESCRIPTIVE_REPRESENTATION_ITEM('attribute description','Real Number');
#9175=GENERAL_PROPERTY('','LENGTH_SNAP_LINE_NO','user defined attribute');
#9176=GENERAL_PROPERTY_ASSOCIATION('user defined attribute','',#9175,#9174);
#9177=VALUE_REPRESENTATION_ITEM('LENGTH_SNAP_LINE_NO',NUMERIC_MEASURE(1.E0));
#9180=DESCRIPTIVE_REPRESENTATION_ITEM('attribute description','Real Number');
#9185=GENERAL_PROPERTY('','L_SNAP_POS','user defined attribute');
#9186=GENERAL_PROPERTY_ASSOCIATION('user defined attribute','',#9185,#9184);
#9187=VALUE_REPRESENTATION_ITEM('L_SNAP_POS',NUMERIC_MEASURE(1.E0));
#9190=DESCRIPTIVE_REPRESENTATION_ITEM('attribute description','Real Number');
#9195=GENERAL_PROPERTY('','PILOT_HOLE_NOTE_1','user defined attribute');
#9196=GENERAL_PROPERTY_ASSOCIATION('user defined attribute','',#9195,#9194);
#9197=DESCRIPTIVE_REPRESENTATION_ITEM('PILOT_HOLE_NOTE_1','');
#9201=GENERAL_PROPERTY('','PILOT_HOLE_NOTE_2','user defined attribute');
#9202=GENERAL_PROPERTY_ASSOCIATION('user defined attribute','',#9201,#9200);
#9203=DESCRIPTIVE_REPRESENTATION_ITEM('PILOT_HOLE_NOTE_2','');
#9207=GENERAL_PROPERTY('','PILOT_HOLE_NOTE_3','user defined attribute');
#9208=GENERAL_PROPERTY_ASSOCIATION('user defined attribute','',#9207,#9206);
#9209=DESCRIPTIVE_REPRESENTATION_ITEM('PILOT_HOLE_NOTE_3','');
#9213=GENERAL_PROPERTY('','PILOT_HOLE_1','user defined attribute');
#9214=GENERAL_PROPERTY_ASSOCIATION('user defined attribute','',#9213,#9212);
#9215=DESCRIPTIVE_REPRESENTATION_ITEM('PILOT_HOLE_1',
'Pilot Hole Diameter:  .136');
#9219=GENERAL_PROPERTY('','PILOT_HOLE_2','user defined attribute');
#9220=GENERAL_PROPERTY_ASSOCIATION('user defined attribute','',#9219,#9218);
#9221=DESCRIPTIVE_REPRESENTATION_ITEM('PILOT_HOLE_2','');
#9225=GENERAL_PROPERTY('','PILOT_HOLE_3','user defined attribute');
#9226=GENERAL_PROPERTY_ASSOCIATION('user defined attribute','',#9225,#9224);
#9227=DESCRIPTIVE_REPRESENTATION_ITEM('PILOT_HOLE_3','');
#9231=GENERAL_PROPERTY('','TRI_SHAFT_TAPER','user defined attribute');
#9232=GENERAL_PROPERTY_ASSOCIATION('user defined attribute','',#9231,#9230);
#9233=DESCRIPTIVE_REPRESENTATION_ITEM('TRI_SHAFT_TAPER','N');
#9237=GENERAL_PROPERTY('','TRI_H_DIA_1','user defined attribute');
#9238=GENERAL_PROPERTY_ASSOCIATION('user defined attribute','',#9237,#9236);
#9239=VALUE_REPRESENTATION_ITEM('TRI_H_DIA_1',NUMERIC_MEASURE
(5.637860703784E-2));
#9242=DESCRIPTIVE_REPRESENTATION_ITEM('attribute description','Real Number');
#9247=GENERAL_PROPERTY('','TRI_H_DIA_2','user defined attribute');
#9248=GENERAL_PROPERTY_ASSOCIATION('user defined attribute','',#9247,#9246);
#9249=VALUE_REPRESENTATION_ITEM('TRI_H_DIA_2',NUMERIC_MEASURE
(2.405809896216E-2));
#9252=DESCRIPTIVE_REPRESENTATION_ITEM('attribute description','Real Number');
#9257=GENERAL_PROPERTY('','TRI_C_1','user defined attribute');
#9258=GENERAL_PROPERTY_ASSOCIATION('user defined attribute','',#9257,#9256);
#9259=VALUE_REPRESENTATION_ITEM('TRI_C_1',NUMERIC_MEASURE(1.771186176897E-1));
#9262=DESCRIPTIVE_REPRESENTATION_ITEM('attribute description','Real Number');
#9267=GENERAL_PROPERTY('','TRI_C_2','user defined attribute');
#9268=GENERAL_PROPERTY_ASSOCIATION('user defined attribute','',#9267,#9266);
#9269=VALUE_REPRESENTATION_ITEM('TRI_C_2',NUMERIC_MEASURE(7.558074695884E-2));
#9272=DESCRIPTIVE_REPRESENTATION_ITEM('attribute description','Real Number');
#9277=GENERAL_PROPERTY('','TRI_C_T','user defined attribute');
#9278=GENERAL_PROPERTY_ASSOCIATION('user defined attribute','',#9277,#9276);
#9279=VALUE_REPRESENTATION_ITEM('TRI_C_T',NUMERIC_MEASURE(2.526993646486E-1));
#9282=DESCRIPTIVE_REPRESENTATION_ITEM('attribute description','Real Number');
#9287=GENERAL_PROPERTY('','TRI_HYP','user defined attribute');
#9288=GENERAL_PROPERTY_ASSOCIATION('user defined attribute','',#9287,#9286);
#9289=VALUE_REPRESENTATION_ITEM('TRI_HYP',NUMERIC_MEASURE(2.539330007970E-1));
#9292=DESCRIPTIVE_REPRESENTATION_ITEM('attribute description','Real Number');
#9297=GENERAL_PROPERTY('','TRI_H','user defined attribute');
#9298=GENERAL_PROPERTY_ASSOCIATION('user defined attribute','',#9297,#9296);
#9299=VALUE_REPRESENTATION_ITEM('TRI_H',NUMERIC_MEASURE(3.418620896437E-1));
#9302=DESCRIPTIVE_REPRESENTATION_ITEM('attribute description','Real Number');
#9307=GENERAL_PROPERTY('','TRI_C_GRIP','user defined attribute');
#9308=GENERAL_PROPERTY_ASSOCIATION('user defined attribute','',#9307,#9306);
#9309=VALUE_REPRESENTATION_ITEM('TRI_C_GRIP',NUMERIC_MEASURE(9.78E-2));
#9312=DESCRIPTIVE_REPRESENTATION_ITEM('attribute description','Real Number');
#9317=GENERAL_PROPERTY('','TRI_H_DELTA','user defined attribute');
#9318=GENERAL_PROPERTY_ASSOCIATION('user defined attribute','',#9317,#9316);
#9319=VALUE_REPRESENTATION_ITEM('TRI_H_DELTA',NUMERIC_MEASURE(5.E-3));
#9322=DESCRIPTIVE_REPRESENTATION_ITEM('attribute description','Real Number');
#9327=GENERAL_PROPERTY('','TRI_H_DELTA_RAD','user defined attribute');
#9328=GENERAL_PROPERTY_ASSOCIATION('user defined attribute','',#9327,#9326);
#9329=VALUE_REPRESENTATION_ITEM('TRI_H_DELTA_RAD',NUMERIC_MEASURE(
1.866025403784E-2));
#9332=DESCRIPTIVE_REPRESENTATION_ITEM('attribute description','Real Number');
#9337=GENERAL_PROPERTY('','TRI_DELTA','user defined attribute');
#9338=GENERAL_PROPERTY_ASSOCIATION('user defined attribute','',#9337,#9336);
#9339=VALUE_REPRESENTATION_ITEM('TRI_DELTA',NUMERIC_MEASURE(5.381174679878E-3));
#9342=DESCRIPTIVE_REPRESENTATION_ITEM('attribute description','Real Number');
#9347=GENERAL_PROPERTY('','TRI_C_MINOR','user defined attribute');
#9348=GENERAL_PROPERTY_ASSOCIATION('user defined attribute','',#9347,#9346);
#9349=VALUE_REPRESENTATION_ITEM('TRI_C_MINOR',NUMERIC_MEASURE(8.5436706E-2));
#9352=DESCRIPTIVE_REPRESENTATION_ITEM('attribute description','Real Number');
#9357=GENERAL_PROPERTY('','TRI_D_MINOR','user defined attribute');
#9358=GENERAL_PROPERTY_ASSOCIATION('user defined attribute','',#9357,#9356);
#9359=VALUE_REPRESENTATION_ITEM('TRI_D_MINOR',NUMERIC_MEASURE(8.0436706E-2));
#9362=DESCRIPTIVE_REPRESENTATION_ITEM('attribute description','Real Number');
#9367=GENERAL_PROPERTY('','DRW_TRI_C_MAX','user defined attribute');
#9368=GENERAL_PROPERTY_ASSOCIATION('user defined attribute','',#9367,#9366);
#9369=DESCRIPTIVE_REPRESENTATION_ITEM('DRW_TRI_C_MAX','.114');
#9373=GENERAL_PROPERTY('','DRW_TRI_C_MIN','user defined attribute');
#9374=GENERAL_PROPERTY_ASSOCIATION('user defined attribute','',#9373,#9372);
#9375=DESCRIPTIVE_REPRESENTATION_ITEM('DRW_TRI_C_MIN','.110');
#9379=GENERAL_PROPERTY('','DRW_TRI_D_MAX','user defined attribute');
#9380=GENERAL_PROPERTY_ASSOCIATION('user defined attribute','',#9379,#9378);
#9381=DESCRIPTIVE_REPRESENTATION_ITEM('DRW_TRI_D_MAX','.109');
#9385=GENERAL_PROPERTY('','DRW_TRI_D_MIN','user defined attribute');
#9386=GENERAL_PROPERTY_ASSOCIATION('user defined attribute','',#9385,#9384);
#9387=DESCRIPTIVE_REPRESENTATION_ITEM('DRW_TRI_D_MIN','.105');
#9391=GENERAL_PROPERTY('','DRW_S_TAPER_MIN','user defined attribute');
#9392=GENERAL_PROPERTY_ASSOCIATION('user defined attribute','',#9391,#9390);
#9393=DESCRIPTIVE_REPRESENTATION_ITEM('DRW_S_TAPER_MIN','.083');
#9397=GENERAL_PROPERTY('','DRW_S_TAPER_MAX','user defined attribute');
#9398=GENERAL_PROPERTY_ASSOCIATION('user defined attribute','',#9397,#9396);
#9399=DESCRIPTIVE_REPRESENTATION_ITEM('DRW_S_TAPER_MAX','.111');
#9403=GENERAL_PROPERTY('','DRW_BIG_D_MAX','user defined attribute');
#9404=GENERAL_PROPERTY_ASSOCIATION('user defined attribute','',#9403,#9402);
#9405=DESCRIPTIVE_REPRESENTATION_ITEM('DRW_BIG_D_MAX','.166');
#9409=GENERAL_PROPERTY('','DRW_BIG_D_MIN','user defined attribute');
#9410=GENERAL_PROPERTY_ASSOCIATION('user defined attribute','',#9409,#9408);
#9411=DESCRIPTIVE_REPRESENTATION_ITEM('DRW_BIG_D_MIN','.159');
#9415=GENERAL_PROPERTY('','DRW_P_THREAD','user defined attribute');
#9416=GENERAL_PROPERTY_ASSOCIATION('user defined attribute','',#9415,#9414);
#9417=DESCRIPTIVE_REPRESENTATION_ITEM('DRW_P_THREAD','.112');
#9421=GENERAL_PROPERTY('','DRW_P_POINT_DIA_MAX','user defined attribute');
#9422=GENERAL_PROPERTY_ASSOCIATION('user defined attribute','',#9421,#9420);
#9423=DESCRIPTIVE_REPRESENTATION_ITEM('DRW_P_POINT_DIA_MAX','.105');
#9427=GENERAL_PROPERTY('','DRW_P_POINT_DIA_MIN','user defined attribute');
#9428=GENERAL_PROPERTY_ASSOCIATION('user defined attribute','',#9427,#9426);
#9429=DESCRIPTIVE_REPRESENTATION_ITEM('DRW_P_POINT_DIA_MIN','.095');
#9433=GENERAL_PROPERTY('','DRW_B_LOW_THD_DIA','user defined attribute');
#9434=GENERAL_PROPERTY_ASSOCIATION('user defined attribute','',#9433,#9432);
#9435=DESCRIPTIVE_REPRESENTATION_ITEM('DRW_B_LOW_THD_DIA','.130');
#9439=GENERAL_PROPERTY('','THIRD_VIEW','user defined attribute');
#9440=GENERAL_PROPERTY_ASSOCIATION('user defined attribute','',#9439,#9438);
#9441=DESCRIPTIVE_REPRESENTATION_ITEM('THIRD_VIEW','NONE');
#9445=GENERAL_PROPERTY('','DRAWING_VIEW_PLC','user defined attribute');
#9446=GENERAL_PROPERTY_ASSOCIATION('user defined attribute','',#9445,#9444);
#9447=DESCRIPTIVE_REPRESENTATION_ITEM('DRAWING_VIEW_PLC','NONE');
#9451=GENERAL_PROPERTY('','DRAWING_THD_CLEAN','user defined attribute');
#9452=GENERAL_PROPERTY_ASSOCIATION('user defined attribute','',#9451,#9450);
#9453=DESCRIPTIVE_REPRESENTATION_ITEM('DRAWING_THD_CLEAN','NONE');
#9457=GENERAL_PROPERTY('','DRW_LITTLE_D_MAX','user defined attribute');
#9458=GENERAL_PROPERTY_ASSOCIATION('user defined attribute','',#9457,#9456);
#9459=DESCRIPTIVE_REPRESENTATION_ITEM('DRW_LITTLE_D_MAX','.122');
#9463=GENERAL_PROPERTY('','DRW_LITTLE_D_MIN','user defined attribute');
#9464=GENERAL_PROPERTY_ASSOCIATION('user defined attribute','',#9463,#9462);
#9465=DESCRIPTIVE_REPRESENTATION_ITEM('DRW_LITTLE_D_MIN','.116');
#9469=GENERAL_PROPERTY('','DRAWING_L_CLEAN','user defined attribute');
#9470=GENERAL_PROPERTY_ASSOCIATION('user defined attribute','',#9469,#9468);
#9471=DESCRIPTIVE_REPRESENTATION_ITEM('DRAWING_L_CLEAN','NONE');
#9475=GENERAL_PROPERTY('','PAPER_L','user defined attribute');
#9476=GENERAL_PROPERTY_ASSOCIATION('user defined attribute','',#9475,#9474);
#9477=VALUE_REPRESENTATION_ITEM('PAPER_L',NUMERIC_MEASURE(2.706E0));
#9480=DESCRIPTIVE_REPRESENTATION_ITEM('attribute description','Real Number');
#9485=GENERAL_PROPERTY('','TRI_LOB_DIMS','user defined attribute');
#9486=GENERAL_PROPERTY_ASSOCIATION('user defined attribute','',#9485,#9484);
#9487=DESCRIPTIVE_REPRESENTATION_ITEM('TRI_LOB_DIMS','NONE');
#9491=GENERAL_PROPERTY('','DRW_THD_LEAD','user defined attribute');
#9492=GENERAL_PROPERTY_ASSOCIATION('user defined attribute','',#9491,#9490);
#9493=VALUE_REPRESENTATION_ITEM('DRW_THD_LEAD',NUMERIC_MEASURE(0.E0));
#9496=DESCRIPTIVE_REPRESENTATION_ITEM('attribute description','Real Number');
#9501=GENERAL_PROPERTY('','DRW_THREAD_ANGLE','user defined attribute');
#9502=GENERAL_PROPERTY_ASSOCIATION('user defined attribute','',#9501,#9500);
#9503=DESCRIPTIVE_REPRESENTATION_ITEM('DRW_THREAD_ANGLE','48');
#9507=GENERAL_PROPERTY('','DRW_PLAST','user defined attribute');
#9508=GENERAL_PROPERTY_ASSOCIATION('user defined attribute','',#9507,#9506);
#9509=DESCRIPTIVE_REPRESENTATION_ITEM('DRW_PLAST','N');
#9513=GENERAL_PROPERTY('','LEAD_SNAP_LINE_NO','user defined attribute');
#9514=GENERAL_PROPERTY_ASSOCIATION('user defined attribute','',#9513,#9512);
#9515=VALUE_REPRESENTATION_ITEM('LEAD_SNAP_LINE_NO',NUMERIC_MEASURE(-1.E0));
#9518=DESCRIPTIVE_REPRESENTATION_ITEM('attribute description','Real Number');
#9523=GENERAL_PROPERTY('','LEAD_SNAP_POS','user defined attribute');
#9524=GENERAL_PROPERTY_ASSOCIATION('user defined attribute','',#9523,#9522);
#9525=VALUE_REPRESENTATION_ITEM('LEAD_SNAP_POS',NUMERIC_MEASURE(-1.E0));
#9528=DESCRIPTIVE_REPRESENTATION_ITEM('attribute description','Real Number');
#9533=GENERAL_PROPERTY('','DRW_VERT_HEAD_DIA','user defined attribute');
#9534=GENERAL_PROPERTY_ASSOCIATION('user defined attribute','',#9533,#9532);
#9535=DESCRIPTIVE_REPRESENTATION_ITEM('DRW_VERT_HEAD_DIA','INNER');
#9539=GENERAL_PROPERTY('','RAV_DATE','user defined attribute');
#9540=GENERAL_PROPERTY_ASSOCIATION('user defined attribute','',#9539,#9538);
#9541=DESCRIPTIVE_REPRESENTATION_ITEM('RAV_DATE','02/02/17');
#9545=GENERAL_PROPERTY('','TORZ_Q','user defined attribute');
#9546=GENERAL_PROPERTY_ASSOCIATION('user defined attribute','',#9545,#9544);
#9547=VALUE_REPRESENTATION_ITEM('TORZ_Q',NUMERIC_MEASURE(4.5E-2));
#9550=DESCRIPTIVE_REPRESENTATION_ITEM('attribute description','Real Number');
#9555=GENERAL_PROPERTY('','T','user defined attribute');
#9556=GENERAL_PROPERTY_ASSOCIATION('user defined attribute','',#9555,#9554);
#9557=VALUE_REPRESENTATION_ITEM('T',NUMERIC_MEASURE(0.E0));
#9560=DESCRIPTIVE_REPRESENTATION_ITEM('attribute description','Real Number');
#9565=GENERAL_PROPERTY('','NOTE_LINE_3','user defined attribute');
#9566=GENERAL_PROPERTY_ASSOCIATION('user defined attribute','',#9565,#9564);
#9567=DESCRIPTIVE_REPRESENTATION_ITEM('NOTE_LINE_3',
'3. MATERIAL: 18-8 Stainless Steel');
#9571=GENERAL_PROPERTY('','NOTE_LINE_4','user defined attribute');
#9572=GENERAL_PROPERTY_ASSOCIATION('user defined attribute','',#9571,#9570);
#9573=DESCRIPTIVE_REPRESENTATION_ITEM('NOTE_LINE_4','4. FINISH: Passivated');
#9577=GENERAL_PROPERTY('','NOTE_LINE_5','user defined attribute');
#9578=GENERAL_PROPERTY_ASSOCIATION('user defined attribute','',#9577,#9576);
#9579=DESCRIPTIVE_REPRESENTATION_ITEM('NOTE_LINE_5',
'5. FULL OR PARTIAL THREADING: Fully Threaded');
#9583=GENERAL_PROPERTY('','NOTE_LINE_6','user defined attribute');
#9584=GENERAL_PROPERTY_ASSOCIATION('user defined attribute','',#9583,#9582);
#9585=DESCRIPTIVE_REPRESENTATION_ITEM('NOTE_LINE_6',
'6. FASTENER STANDARD: MS24693');
#9589=GENERAL_PROPERTY('','LENGTH_L','user defined attribute');
#9590=GENERAL_PROPERTY_ASSOCIATION('user defined attribute','',#9589,#9588);
#9591=VALUE_REPRESENTATION_ITEM('LENGTH_L',NUMERIC_MEASURE(2.5E-1));
#9594=DESCRIPTIVE_REPRESENTATION_ITEM('attribute description','Real Number');
#9599=GENERAL_PROPERTY('','PTC_COMMON_NAME','user defined attribute');
#9600=GENERAL_PROPERTY_ASSOCIATION('user defined attribute','',#9599,#9598);
#9601=DESCRIPTIVE_REPRESENTATION_ITEM('PTC_COMMON_NAME',
'HXWS-SL-PH-C112-A12-STLZ');
#9609=CARTESIAN_POINT('centre point',(-3.352237880296E-2,-7.485456534219E-5,
4.987124152083E-5));
#9613=CARTESIAN_POINT('',(-1.25E-1,0.E0,0.E0));
#9614=DIRECTION('',(0.E0,1.E0,0.E0));
#9615=DIRECTION('',(1.E0,0.E0,0.E0));
#9616=AXIS2_PLACEMENT_3D('',#9613,#9614,#9615);
#9617=ITEM_DEFINED_TRANSFORMATION('','',#6927,#9616);
#9618=(REPRESENTATION_RELATIONSHIP('','',#6928,#9606)REPRESENTATION_RELATIONSHIP_WITH_TRANSFORMATION(#9617)SHAPE_REPRESENTATION_RELATIONSHIP());
#9619=CONTEXT_DEPENDENT_SHAPE_REPRESENTATION(#9618,#9608);
#9621=LENGTH_MEASURE_WITH_UNIT(LENGTH_MEASURE(2.54E1),#9620);
#9622=(CONVERSION_BASED_UNIT('INCH',#9621)LENGTH_UNIT()NAMED_UNIT(*));
#9624=PLANE_ANGLE_MEASURE_WITH_UNIT(PLANE_ANGLE_MEASURE(1.745329251994E-2),
#9623);
#9625=(CONVERSION_BASED_UNIT('DEGREE',#9624)NAMED_UNIT(*)PLANE_ANGLE_UNIT());
#9627=UNCERTAINTY_MEASURE_WITH_UNIT(LENGTH_MEASURE(4.077324106427E-5),#9622,
'distance_accuracy_value',
'Maximum model space distance between geometric entities at asserted connectivities');
#9629=CARTESIAN_POINT('',(0.E0,0.E0,0.E0));
#9630=DIRECTION('',(0.E0,0.E0,1.E0));
#9631=DIRECTION('',(1.E0,0.E0,0.E0));
#9633=PRODUCT_CONTEXT('',#6929,'mechanical');
#9634=PRODUCT('001_MSC_82_FLAT_HEAD_ASM','001_MSC_82_FLAT_HEAD_ASM',
'NOT SPECIFIED',(#9633));
#9635=PRODUCT_DEFINITION_FORMATION('144','LAST_VERSION',#9634);
#9638=LENGTH_MEASURE_WITH_UNIT(LENGTH_MEASURE(2.54E1),#9637);
#9639=(CONVERSION_BASED_UNIT('INCH',#9638)LENGTH_UNIT()NAMED_UNIT(*));
#9640=DERIVED_UNIT_ELEMENT(#9639,2.E0);
#9641=DERIVED_UNIT((#9640));
#9642=MEASURE_REPRESENTATION_ITEM('surface area measure',AREA_MEASURE(
1.881108272378E-1),#9641);
#9647=LENGTH_MEASURE_WITH_UNIT(LENGTH_MEASURE(2.54E1),#9646);
#9648=(CONVERSION_BASED_UNIT('INCH',#9647)LENGTH_UNIT()NAMED_UNIT(*));
#9649=DERIVED_UNIT_ELEMENT(#9648,3.E0);
#9650=DERIVED_UNIT((#9649));
#9651=MEASURE_REPRESENTATION_ITEM('volume measure',VOLUME_MEASURE(
2.641340913810E-3),#9650);
#9655=CARTESIAN_POINT('centre point',(-3.352237880296E-2,-7.485456534219E-5,
4.987124152083E-5));
#9659=PRODUCT_RELATED_PRODUCT_CATEGORY('part','',(#9634,#6933));
#9661=GENERAL_PROPERTY('','HEAD_CLASS','user defined attribute');
#9662=GENERAL_PROPERTY_ASSOCIATION('user defined attribute','',#9661,#9660);
#9663=DESCRIPTIVE_REPRESENTATION_ITEM('HEAD_CLASS','std');
#9667=GENERAL_PROPERTY('','HEAD_TYPE','user defined attribute');
#9668=GENERAL_PROPERTY_ASSOCIATION('user defined attribute','',#9667,#9666);
#9669=DESCRIPTIVE_REPRESENTATION_ITEM('HEAD_TYPE','FL');
#9673=GENERAL_PROPERTY('','RECESS','user defined attribute');
#9674=GENERAL_PROPERTY_ASSOCIATION('user defined attribute','',#9673,#9672);
#9675=DESCRIPTIVE_REPRESENTATION_ITEM('RECESS','PH');
#9679=GENERAL_PROPERTY('','THREAD_CODE','user defined attribute');
#9680=GENERAL_PROPERTY_ASSOCIATION('user defined attribute','',#9679,#9678);
#9681=DESCRIPTIVE_REPRESENTATION_ITEM('THREAD_CODE','MS');
#9685=GENERAL_PROPERTY('','THREAD_KEY','user defined attribute');
#9686=GENERAL_PROPERTY_ASSOCIATION('user defined attribute','',#9685,#9684);
#9687=DESCRIPTIVE_REPRESENTATION_ITEM('THREAD_KEY','');
#9691=GENERAL_PROPERTY('','NOMINAL_DIA_PARAM','user defined attribute');
#9692=GENERAL_PROPERTY_ASSOCIATION('user defined attribute','',#9691,#9690);
#9693=VALUE_REPRESENTATION_ITEM('NOMINAL_DIA_PARAM',NUMERIC_MEASURE(1.12E-1));
#9696=DESCRIPTIVE_REPRESENTATION_ITEM('attribute description','Real Number');
#9701=GENERAL_PROPERTY('','TPI','user defined attribute');
#9702=GENERAL_PROPERTY_ASSOCIATION('user defined attribute','',#9701,#9700);
#9703=VALUE_REPRESENTATION_ITEM('TPI',NUMERIC_MEASURE(4.E1));
#9706=DESCRIPTIVE_REPRESENTATION_ITEM('attribute description','Real Number');
#9711=GENERAL_PROPERTY('','L','user defined attribute');
#9712=GENERAL_PROPERTY_ASSOCIATION('user defined attribute','',#9711,#9710);
#9713=VALUE_REPRESENTATION_ITEM('L',NUMERIC_MEASURE(2.5E-1));
#9716=DESCRIPTIVE_REPRESENTATION_ITEM('attribute description','Real Number');
#9721=GENERAL_PROPERTY('','TL','user defined attribute');
#9722=GENERAL_PROPERTY_ASSOCIATION('user defined attribute','',#9721,#9720);
#9723=VALUE_REPRESENTATION_ITEM('TL',NUMERIC_MEASURE(2.E-1));
#9726=DESCRIPTIVE_REPRESENTATION_ITEM('attribute description','Real Number');
#9731=GENERAL_PROPERTY('','LP_TOL','user defined attribute');
#9732=GENERAL_PROPERTY_ASSOCIATION('user defined attribute','',#9731,#9730);
#9733=VALUE_REPRESENTATION_ITEM('LP_TOL',NUMERIC_MEASURE(0.E0));
#9736=DESCRIPTIVE_REPRESENTATION_ITEM('attribute description','Real Number');
#9741=GENERAL_PROPERTY('','LM_TOL','user defined attribute');
#9742=GENERAL_PROPERTY_ASSOCIATION('user defined attribute','',#9741,#9740);
#9743=VALUE_REPRESENTATION_ITEM('LM_TOL',NUMERIC_MEASURE(3.1E-2));
#9746=DESCRIPTIVE_REPRESENTATION_ITEM('attribute description','Real Number');
#9751=GENERAL_PROPERTY('','MATFIN_CODE','user defined attribute');
#9752=GENERAL_PROPERTY_ASSOCIATION('user defined attribute','',#9751,#9750);
#9753=DESCRIPTIVE_REPRESENTATION_ITEM('MATFIN_CODE','ms_std_stl-z');
#9757=GENERAL_PROPERTY('','E_MAX','user defined attribute');
#9758=GENERAL_PROPERTY_ASSOCIATION('user defined attribute','',#9757,#9756);
#9759=VALUE_REPRESENTATION_ITEM('E_MAX',NUMERIC_MEASURE(0.E0));
#9762=DESCRIPTIVE_REPRESENTATION_ITEM('attribute description','Real Number');
#9767=GENERAL_PROPERTY('','E_MIN','user defined attribute');
#9768=GENERAL_PROPERTY_ASSOCIATION('user defined attribute','',#9767,#9766);
#9769=VALUE_REPRESENTATION_ITEM('E_MIN',NUMERIC_MEASURE(0.E0));
#9772=DESCRIPTIVE_REPRESENTATION_ITEM('attribute description','Real Number');
#9777=GENERAL_PROPERTY('','A_MAX','user defined attribute');
#9778=GENERAL_PROPERTY_ASSOCIATION('user defined attribute','',#9777,#9776);
#9779=VALUE_REPRESENTATION_ITEM('A_MAX',NUMERIC_MEASURE(2.25E-1));
#9782=DESCRIPTIVE_REPRESENTATION_ITEM('attribute description','Real Number');
#9787=GENERAL_PROPERTY('','A_MIN','user defined attribute');
#9788=GENERAL_PROPERTY_ASSOCIATION('user defined attribute','',#9787,#9786);
#9789=VALUE_REPRESENTATION_ITEM('A_MIN',NUMERIC_MEASURE(2.07E-1));
#9792=DESCRIPTIVE_REPRESENTATION_ITEM('attribute description','Real Number');
#9797=GENERAL_PROPERTY('','W_MIN','user defined attribute');
#9798=GENERAL_PROPERTY_ASSOCIATION('user defined attribute','',#9797,#9796);
#9799=VALUE_REPRESENTATION_ITEM('W_MIN',NUMERIC_MEASURE(0.E0));
#9802=DESCRIPTIVE_REPRESENTATION_ITEM('attribute description','Real Number');
#9807=GENERAL_PROPERTY('','H_MAX','user defined attribute');
#9808=GENERAL_PROPERTY_ASSOCIATION('user defined attribute','',#9807,#9806);
#9809=VALUE_REPRESENTATION_ITEM('H_MAX',NUMERIC_MEASURE(4.9E-2));
#9812=DESCRIPTIVE_REPRESENTATION_ITEM('attribute description','Real Number');
#9817=GENERAL_PROPERTY('','H_MIN','user defined attribute');
#9818=GENERAL_PROPERTY_ASSOCIATION('user defined attribute','',#9817,#9816);
#9819=VALUE_REPRESENTATION_ITEM('H_MIN',NUMERIC_MEASURE(4.9E-2));
#9822=DESCRIPTIVE_REPRESENTATION_ITEM('attribute description','Real Number');
#9827=GENERAL_PROPERTY('','R','user defined attribute');
#9828=GENERAL_PROPERTY_ASSOCIATION('user defined attribute','',#9827,#9826);
#9829=VALUE_REPRESENTATION_ITEM('R',NUMERIC_MEASURE(5.2E-2));
#9832=DESCRIPTIVE_REPRESENTATION_ITEM('attribute description','Real Number');
#9837=GENERAL_PROPERTY('','RAD_UNDER_HEAD','user defined attribute');
#9838=GENERAL_PROPERTY_ASSOCIATION('user defined attribute','',#9837,#9836);
#9839=VALUE_REPRESENTATION_ITEM('RAD_UNDER_HEAD',NUMERIC_MEASURE(2.E-2));
#9842=DESCRIPTIVE_REPRESENTATION_ITEM('attribute description','Real Number');
#9847=GENERAL_PROPERTY('','J_MAX','user defined attribute');
#9848=GENERAL_PROPERTY_ASSOCIATION('user defined attribute','',#9847,#9846);
#9849=VALUE_REPRESENTATION_ITEM('J_MAX',NUMERIC_MEASURE(0.E0));
#9852=DESCRIPTIVE_REPRESENTATION_ITEM('attribute description','Real Number');
#9857=GENERAL_PROPERTY('','J_MIN','user defined attribute');
#9858=GENERAL_PROPERTY_ASSOCIATION('user defined attribute','',#9857,#9856);
#9859=VALUE_REPRESENTATION_ITEM('J_MIN',NUMERIC_MEASURE(0.E0));
#9862=DESCRIPTIVE_REPRESENTATION_ITEM('attribute description','Real Number');
#9867=GENERAL_PROPERTY('','T_MAX','user defined attribute');
#9868=GENERAL_PROPERTY_ASSOCIATION('user defined attribute','',#9867,#9866);
#9869=VALUE_REPRESENTATION_ITEM('T_MAX',NUMERIC_MEASURE(0.E0));
#9872=DESCRIPTIVE_REPRESENTATION_ITEM('attribute description','Real Number');
#9877=GENERAL_PROPERTY('','T_MIN','user defined attribute');
#9878=GENERAL_PROPERTY_ASSOCIATION('user defined attribute','',#9877,#9876);
#9879=VALUE_REPRESENTATION_ITEM('T_MIN',NUMERIC_MEASURE(0.E0));
#9882=DESCRIPTIVE_REPRESENTATION_ITEM('attribute description','Real Number');
#9887=GENERAL_PROPERTY('','M','user defined attribute');
#9888=GENERAL_PROPERTY_ASSOCIATION('user defined attribute','',#9887,#9886);
#9889=VALUE_REPRESENTATION_ITEM('M',NUMERIC_MEASURE(1.22E-1));
#9892=DESCRIPTIVE_REPRESENTATION_ITEM('attribute description','Real Number');
#9897=GENERAL_PROPERTY('','N','user defined attribute');
#9898=GENERAL_PROPERTY_ASSOCIATION('user defined attribute','',#9897,#9896);
#9899=VALUE_REPRESENTATION_ITEM('N',NUMERIC_MEASURE(2.44E-2));
#9902=DESCRIPTIVE_REPRESENTATION_ITEM('attribute description','Real Number');
#9907=GENERAL_PROPERTY('','P_MAX','user defined attribute');
#9908=GENERAL_PROPERTY_ASSOCIATION('user defined attribute','',#9907,#9906);
#9909=VALUE_REPRESENTATION_ITEM('P_MAX',NUMERIC_MEASURE(7.1E-2));
#9912=DESCRIPTIVE_REPRESENTATION_ITEM('attribute description','Real Number');
#9917=GENERAL_PROPERTY('','P_MIN','user defined attribute');
#9918=GENERAL_PROPERTY_ASSOCIATION('user defined attribute','',#9917,#9916);
#9919=VALUE_REPRESENTATION_ITEM('P_MIN',NUMERIC_MEASURE(5.5E-2));
#9922=DESCRIPTIVE_REPRESENTATION_ITEM('attribute description','Real Number');
#9927=GENERAL_PROPERTY('','TORX_A','user defined attribute');
#9928=GENERAL_PROPERTY_ASSOCIATION('user defined attribute','',#9927,#9926);
#9929=VALUE_REPRESENTATION_ITEM('TORX_A',NUMERIC_MEASURE(1.55E-1));
#9932=DESCRIPTIVE_REPRESENTATION_ITEM('attribute description','Real Number');
#9937=GENERAL_PROPERTY('','TORX_J','user defined attribute');
#9938=GENERAL_PROPERTY_ASSOCIATION('user defined attribute','',#9937,#9936);
#9939=VALUE_REPRESENTATION_ITEM('TORX_J',NUMERIC_MEASURE(5.E-2));
#9942=DESCRIPTIVE_REPRESENTATION_ITEM('attribute description','Real Number');
#9947=GENERAL_PROPERTY('','TORX_I','user defined attribute');
#9948=GENERAL_PROPERTY_ASSOCIATION('user defined attribute','',#9947,#9946);
#9949=VALUE_REPRESENTATION_ITEM('TORX_I',NUMERIC_MEASURE(5.5E-2));
#9952=DESCRIPTIVE_REPRESENTATION_ITEM('attribute description','Real Number');
#9957=GENERAL_PROPERTY('','TORZ_Q','user defined attribute');
#9958=GENERAL_PROPERTY_ASSOCIATION('user defined attribute','',#9957,#9956);
#9959=VALUE_REPRESENTATION_ITEM('TORZ_Q',NUMERIC_MEASURE(4.5E-2));
#9962=DESCRIPTIVE_REPRESENTATION_ITEM('attribute description','Real Number');
#9967=GENERAL_PROPERTY('','TORX_Z','user defined attribute');
#9968=GENERAL_PROPERTY_ASSOCIATION('user defined attribute','',#9967,#9966);
#9969=VALUE_REPRESENTATION_ITEM('TORX_Z',NUMERIC_MEASURE(2.46E-1));
#9972=DESCRIPTIVE_REPRESENTATION_ITEM('attribute description','Real Number');
#9977=GENERAL_PROPERTY('','COMPONENT','user defined attribute');
#9978=GENERAL_PROPERTY_ASSOCIATION('user defined attribute','',#9977,#9976);
#9979=DESCRIPTIVE_REPRESENTATION_ITEM('COMPONENT','Machine Screws');
#9983=GENERAL_PROPERTY('','REV','user defined attribute');
#9984=GENERAL_PROPERTY_ASSOCIATION('user defined attribute','',#9983,#9982);
#9985=DESCRIPTIVE_REPRESENTATION_ITEM('REV','A');
#9989=GENERAL_PROPERTY('','DRW_THREAD','user defined attribute');
#9990=GENERAL_PROPERTY_ASSOCIATION('user defined attribute','',#9989,#9988);
#9991=DESCRIPTIVE_REPRESENTATION_ITEM('DRW_THREAD','8-32 UNC-2A *');
#9995=GENERAL_PROPERTY('','DRW_DRIVER_SIZE','user defined attribute');
#9996=GENERAL_PROPERTY_ASSOCIATION('user defined attribute','',#9995,#9994);
#9997=DESCRIPTIVE_REPRESENTATION_ITEM('DRW_DRIVER_SIZE','1');
#10001=GENERAL_PROPERTY('','PART_NUMBER','user defined attribute');
#10002=GENERAL_PROPERTY_ASSOCIATION('user defined attribute','',#10001,#10000);
#10003=DESCRIPTIVE_REPRESENTATION_ITEM('PART_NUMBER','57232571');
#10007=GENERAL_PROPERTY('','PART_DESCRIPTION','user defined attribute');
#10008=GENERAL_PROPERTY_ASSOCIATION('user defined attribute','',#10007,#10006);
#10009=DESCRIPTIVE_REPRESENTATION_ITEM('PART_DESCRIPTION',
'4-40 UNC, Phillips Drive, 1/4" OAL');
#10013=GENERAL_PROPERTY('','DRW_L_MIN','user defined attribute');
#10014=GENERAL_PROPERTY_ASSOCIATION('user defined attribute','',#10013,#10012);
#10015=VALUE_REPRESENTATION_ITEM('DRW_L_MIN',NUMERIC_MEASURE(2.19E-1));
#10018=DESCRIPTIVE_REPRESENTATION_ITEM('attribute description','Real Number');
#10023=GENERAL_PROPERTY('','DRAWING_SCALE_FACTOR','user defined attribute');
#10024=GENERAL_PROPERTY_ASSOCIATION('user defined attribute','',#10023,#10022);
#10025=VALUE_REPRESENTATION_ITEM('DRAWING_SCALE_FACTOR',NUMERIC_MEASURE(
7.787762851015E0));
#10028=DESCRIPTIVE_REPRESENTATION_ITEM('attribute description','Real Number');
#10033=GENERAL_PROPERTY('','NOTE_LINE_1','user defined attribute');
#10034=GENERAL_PROPERTY_ASSOCIATION('user defined attribute','',#10033,#10032);
#10035=DESCRIPTIVE_REPRESENTATION_ITEM('NOTE_LINE_1','1. HEAD TYPE: Flat');
#10039=GENERAL_PROPERTY('','NOTE_LINE_2','user defined attribute');
#10040=GENERAL_PROPERTY_ASSOCIATION('user defined attribute','',#10039,#10038);
#10041=DESCRIPTIVE_REPRESENTATION_ITEM('NOTE_LINE_2','2. DRIVE TYPE: Phillips');
#10045=GENERAL_PROPERTY('','NOTE_LINE_3','user defined attribute');
#10046=GENERAL_PROPERTY_ASSOCIATION('user defined attribute','',#10045,#10044);
#10047=DESCRIPTIVE_REPRESENTATION_ITEM('NOTE_LINE_3',
'3. MATERIAL: 18-8 Stainless Steel');
#10051=GENERAL_PROPERTY('','NOTE_LINE_4','user defined attribute');
#10052=GENERAL_PROPERTY_ASSOCIATION('user defined attribute','',#10051,#10050);
#10053=DESCRIPTIVE_REPRESENTATION_ITEM('NOTE_LINE_4','4. FINISH: Passivated');
#10057=GENERAL_PROPERTY('','NOTE_LINE_5','user defined attribute');
#10058=GENERAL_PROPERTY_ASSOCIATION('user defined attribute','',#10057,#10056);
#10059=DESCRIPTIVE_REPRESENTATION_ITEM('NOTE_LINE_5',
'5. FULL OR PARTIAL THREADING: Fully Threaded');
#10063=GENERAL_PROPERTY('','NOTE_LINE_6','user defined attribute');
#10064=GENERAL_PROPERTY_ASSOCIATION('user defined attribute','',#10063,#10062);
#10065=DESCRIPTIVE_REPRESENTATION_ITEM('NOTE_LINE_6',
'6. FASTENER STANDARD: MS24693');
#10069=GENERAL_PROPERTY('','NOTE_LINE_7','user defined attribute');
#10070=GENERAL_PROPERTY_ASSOCIATION('user defined attribute','',#10069,#10068);
#10071=DESCRIPTIVE_REPRESENTATION_ITEM('NOTE_LINE_7','');
#10075=GENERAL_PROPERTY('','NOTE_LINE_8','user defined attribute');
#10076=GENERAL_PROPERTY_ASSOCIATION('user defined attribute','',#10075,#10074);
#10077=DESCRIPTIVE_REPRESENTATION_ITEM('NOTE_LINE_8','');
#10081=GENERAL_PROPERTY('','NOTE_LINE_9','user defined attribute');
#10082=GENERAL_PROPERTY_ASSOCIATION('user defined attribute','',#10081,#10080);
#10083=DESCRIPTIVE_REPRESENTATION_ITEM('NOTE_LINE_9','');
#10087=GENERAL_PROPERTY('','NOTE_LINE_10','user defined attribute');
#10088=GENERAL_PROPERTY_ASSOCIATION('user defined attribute','',#10087,#10086);
#10089=DESCRIPTIVE_REPRESENTATION_ITEM('NOTE_LINE_10','');
#10093=GENERAL_PROPERTY('','NOTE_LINE_11','user defined attribute');
#10094=GENERAL_PROPERTY_ASSOCIATION('user defined attribute','',#10093,#10092);
#10095=DESCRIPTIVE_REPRESENTATION_ITEM('NOTE_LINE_11','');
#10099=GENERAL_PROPERTY('','NOTE_LINE_12','user defined attribute');
#10100=GENERAL_PROPERTY_ASSOCIATION('user defined attribute','',#10099,#10098);
#10101=DESCRIPTIVE_REPRESENTATION_ITEM('NOTE_LINE_12','');
#10105=GENERAL_PROPERTY('','NOTE_LINE_13','user defined attribute');
#10106=GENERAL_PROPERTY_ASSOCIATION('user defined attribute','',#10105,#10104);
#10107=DESCRIPTIVE_REPRESENTATION_ITEM('NOTE_LINE_13','');
#10111=GENERAL_PROPERTY('','NOTE_LINE_14','user defined attribute');
#10112=GENERAL_PROPERTY_ASSOCIATION('user defined attribute','',#10111,#10110);
#10113=DESCRIPTIVE_REPRESENTATION_ITEM('NOTE_LINE_14','');
#10117=GENERAL_PROPERTY('','NOTE_LINE_15','user defined attribute');
#10118=GENERAL_PROPERTY_ASSOCIATION('user defined attribute','',#10117,#10116);
#10119=DESCRIPTIVE_REPRESENTATION_ITEM('NOTE_LINE_15','');
#10123=GENERAL_PROPERTY('','NOTE_LINE_16','user defined attribute');
#10124=GENERAL_PROPERTY_ASSOCIATION('user defined attribute','',#10123,#10122);
#10125=DESCRIPTIVE_REPRESENTATION_ITEM('NOTE_LINE_16','');
#10129=GENERAL_PROPERTY('','NOTE_LINE_17','user defined attribute');
#10130=GENERAL_PROPERTY_ASSOCIATION('user defined attribute','',#10129,#10128);
#10131=DESCRIPTIVE_REPRESENTATION_ITEM('NOTE_LINE_17','');
#10135=GENERAL_PROPERTY('','NOTE_LINE_18','user defined attribute');
#10136=GENERAL_PROPERTY_ASSOCIATION('user defined attribute','',#10135,#10134);
#10137=DESCRIPTIVE_REPRESENTATION_ITEM('NOTE_LINE_18','');
#10141=GENERAL_PROPERTY('','NOTE_LINE_19','user defined attribute');
#10142=GENERAL_PROPERTY_ASSOCIATION('user defined attribute','',#10141,#10140);
#10143=DESCRIPTIVE_REPRESENTATION_ITEM('NOTE_LINE_19','');
#10147=GENERAL_PROPERTY('','NOTE_LINE_20','user defined attribute');
#10148=GENERAL_PROPERTY_ASSOCIATION('user defined attribute','',#10147,#10146);
#10149=DESCRIPTIVE_REPRESENTATION_ITEM('NOTE_LINE_20','');
#10153=GENERAL_PROPERTY('','REV_DATE','user defined attribute');
#10154=GENERAL_PROPERTY_ASSOCIATION('user defined attribute','',#10153,#10152);
#10155=DESCRIPTIVE_REPRESENTATION_ITEM('REV_DATE','02/02/17');
#10159=GENERAL_PROPERTY('','SHOW_THREADS','user defined attribute');
#10160=GENERAL_PROPERTY_ASSOCIATION('user defined attribute','',#10159,#10158);
#10161=DESCRIPTIVE_REPRESENTATION_ITEM('SHOW_THREADS','YES');
#10165=GENERAL_PROPERTY('','PARAMETER_1','user defined attribute');
#10166=GENERAL_PROPERTY_ASSOCIATION('user defined attribute','',#10165,#10164);
#10167=VALUE_REPRESENTATION_ITEM('PARAMETER_1',NUMERIC_MEASURE(0.E0));
#10170=DESCRIPTIVE_REPRESENTATION_ITEM('attribute description','Real Number');
#10175=GENERAL_PROPERTY('','DRW_TORX','user defined attribute');
#10176=GENERAL_PROPERTY_ASSOCIATION('user defined attribute','',#10175,#10174);
#10177=DESCRIPTIVE_REPRESENTATION_ITEM('DRW_TORX','NO');
#10181=GENERAL_PROPERTY('','TORX_Q','user defined attribute');
#10182=GENERAL_PROPERTY_ASSOCIATION('user defined attribute','',#10181,#10180);
#10183=VALUE_REPRESENTATION_ITEM('TORX_Q',NUMERIC_MEASURE(4.5E-2));
#10186=DESCRIPTIVE_REPRESENTATION_ITEM('attribute description','Real Number');
#10191=GENERAL_PROPERTY('','T','user defined attribute');
#10192=GENERAL_PROPERTY_ASSOCIATION('user defined attribute','',#10191,#10190);
#10193=VALUE_REPRESENTATION_ITEM('T',NUMERIC_MEASURE(1.1E-1));
#10196=DESCRIPTIVE_REPRESENTATION_ITEM('attribute description','Real Number');
#10201=GENERAL_PROPERTY('','NOTE_5','user defined attribute');
#10202=GENERAL_PROPERTY_ASSOCIATION('user defined attribute','',#10201,#10200);
#10203=DESCRIPTIVE_REPRESENTATION_ITEM('NOTE_5','    Test');
#10207=GENERAL_PROPERTY('','PART_DESC_3','user defined attribute');
#10208=GENERAL_PROPERTY_ASSOCIATION('user defined attribute','',#10207,#10206);
#10209=DESCRIPTIVE_REPRESENTATION_ITEM('PART_DESC_3',' Drive, 3" OAL');
#10213=GENERAL_PROPERTY('','PART_DESC_2','user defined attribute');
#10214=GENERAL_PROPERTY_ASSOCIATION('user defined attribute','',#10213,#10212);
#10215=DESCRIPTIVE_REPRESENTATION_ITEM('PART_DESC_2','-STL-Z-BLK-8ED');
#10219=GENERAL_PROPERTY('','PART_DESC_1','user defined attribute');
#10220=GENERAL_PROPERTY_ASSOCIATION('user defined attribute','',#10219,#10218);
#10221=DESCRIPTIVE_REPRESENTATION_ITEM('PART_DESC_1','12-24 UNC, Phillips');
#10225=GENERAL_PROPERTY('','NOTE_4','user defined attribute');
#10226=GENERAL_PROPERTY_ASSOCIATION('user defined attribute','',#10225,#10224);
#10227=DESCRIPTIVE_REPRESENTATION_ITEM('NOTE_4','    4. FINISH: Passivated');
#10231=GENERAL_PROPERTY('','PRODUCT_ID','user defined attribute');
#10232=GENERAL_PROPERTY_ASSOCIATION('user defined attribute','',#10231,#10230);
#10233=DESCRIPTIVE_REPRESENTATION_ITEM('PRODUCT_ID',
'0214cbb0cedbba2c5e352cf19a125c0d8b65123f1d1c85b79d547a6a749e7443');
#10237=GENERAL_PROPERTY('','UNITS','user defined attribute');
#10238=GENERAL_PROPERTY_ASSOCIATION('user defined attribute','',#10237,#10236);
#10239=DESCRIPTIVE_REPRESENTATION_ITEM('UNITS','INCH');
#10243=GENERAL_PROPERTY('','THREAD_SIZE','user defined attribute');
#10244=GENERAL_PROPERTY_ASSOCIATION('user defined attribute','',#10243,#10242);
#10245=DESCRIPTIVE_REPRESENTATION_ITEM('THREAD_SIZE','4-40');
#10249=GENERAL_PROPERTY('','THREAD_STANDARD','user defined attribute');
#10250=GENERAL_PROPERTY_ASSOCIATION('user defined attribute','',#10249,#10248);
#10251=DESCRIPTIVE_REPRESENTATION_ITEM('THREAD_STANDARD','UNC');
#10255=GENERAL_PROPERTY('','FORMAT','user defined attribute');
#10256=GENERAL_PROPERTY_ASSOCIATION('user defined attribute','',#10255,#10254);
#10257=DESCRIPTIVE_REPRESENTATION_ITEM('FORMAT','prt');
#10261=GENERAL_PROPERTY('','ISO_VIEW','user defined attribute');
#10262=GENERAL_PROPERTY_ASSOCIATION('user defined attribute','',#10261,#10260);
#10263=VALUE_REPRESENTATION_ITEM('ISO_VIEW',NUMERIC_MEASURE(4.867351781884E0));
#10266=DESCRIPTIVE_REPRESENTATION_ITEM('attribute description','Real Number');
#10271=GENERAL_PROPERTY('','TPD57','user defined attribute');
#10272=GENERAL_PROPERTY_ASSOCIATION('user defined attribute','',#10271,#10270);
#10273=VALUE_REPRESENTATION_ITEM('TPD57',NUMERIC_MEASURE(0.E0));
#10276=DESCRIPTIVE_REPRESENTATION_ITEM('attribute description','Real Number');
#10281=GENERAL_PROPERTY('','TMD57','user defined attribute');
#10282=GENERAL_PROPERTY_ASSOCIATION('user defined attribute','',#10281,#10280);
#10283=VALUE_REPRESENTATION_ITEM('TMD57',NUMERIC_MEASURE(4.7E-2));
#10286=DESCRIPTIVE_REPRESENTATION_ITEM('attribute description','Real Number');
#10291=GENERAL_PROPERTY('','CREATED_BY','user defined attribute');
#10292=GENERAL_PROPERTY_ASSOCIATION('user defined attribute','',#10291,#10290);
#10293=DESCRIPTIVE_REPRESENTATION_ITEM('CREATED_BY','CDS_NJR');
#10297=GENERAL_PROPERTY('','LENGTH','user defined attribute');
#10298=GENERAL_PROPERTY_ASSOCIATION('user defined attribute','',#10297,#10296);
#10299=VALUE_REPRESENTATION_ITEM('LENGTH',NUMERIC_MEASURE(2.5E-1));
#10302=DESCRIPTIVE_REPRESENTATION_ITEM('attribute description','Real Number');
#10307=GENERAL_PROPERTY('','HEAD_HEIGHT','user defined attribute');
#10308=GENERAL_PROPERTY_ASSOCIATION('user defined attribute','',#10307,#10306);
#10309=VALUE_REPRESENTATION_ITEM('HEAD_HEIGHT',NUMERIC_MEASURE(4.9E-2));
#10312=DESCRIPTIVE_REPRESENTATION_ITEM('attribute description','Real Number');
#10317=GENERAL_PROPERTY('','HEAD_WIDTH','user defined attribute');
#10318=GENERAL_PROPERTY_ASSOCIATION('user defined attribute','',#10317,#10316);
#10319=VALUE_REPRESENTATION_ITEM('HEAD_WIDTH',NUMERIC_MEASURE(2.16E-1));
#10322=DESCRIPTIVE_REPRESENTATION_ITEM('attribute description','Real Number');
#10327=GENERAL_PROPERTY('','HEAD_HEIGHT_REF','user defined attribute');
#10328=GENERAL_PROPERTY_ASSOCIATION('user defined attribute','',#10327,#10326);
#10329=VALUE_REPRESENTATION_ITEM('HEAD_HEIGHT_REF',NUMERIC_MEASURE(
7.565911347701E-2));
#10332=DESCRIPTIVE_REPRESENTATION_ITEM('attribute description','Real Number');
#1=DRAUGHTING_PRE_DEFINED_COLOUR('green');
#2=COLOUR_RGB('',1.1E-2,1.2E-2,1.E0);
#3=COLOUR_RGB('',3.92E-1,1.2E-2,1.2E-2);
#4=COLOUR_RGB('',4.1E-1,0.E0,2.2E-1);
#5=COLOUR_RGB('',6.952E-1,7.426E-1,7.9E-1);
#6=COLOUR_RGB('',7.84314E-1,7.84314E-1,7.84314E-1);
#7=COLOUR_RGB('',8.784E-1,9.49E-1,1.E0);
#8=COLOUR_RGB('',9.6E-1,9.6E-1,9.6E-1);
#9=COLOUR_RGB('',9.8E-1,6.27E-1,0.E0);
#10=DRAUGHTING_PRE_DEFINED_COLOUR('red');
#11=DRAUGHTING_PRE_DEFINED_COLOUR('yellow');
#12=COLOUR_RGB('',1.E0,1.E0,9.49E-1);
#13=DRAUGHTING_PRE_DEFINED_COLOUR('white');
#18=CIRCLE('',#17,1.125E-1);
#23=CIRCLE('',#22,1.125E-1);
#116=CIRCLE('',#115,4.788101183952E-2);
#132=B_SPLINE_CURVE_WITH_KNOTS('',3,(#117,#118,#119,#120,#121,#122,#123,#124,
#125,#126,#127,#128,#129,#130,#131),.UNSPECIFIED.,.F.,.F.,(4,1,1,1,1,1,1,1,1,1,
1,1,4),(0.E0,8.333333333333E-2,1.666666666667E-1,2.5E-1,3.333333333333E-1,
4.166666666667E-1,5.E-1,5.833333333333E-1,6.666666666667E-1,7.5E-1,
8.333333333333E-1,9.166666666667E-1,1.E0),.UNSPECIFIED.);
#137=CIRCLE('',#136,4.788101183952E-2);
#178=B_SPLINE_CURVE_WITH_KNOTS('',3,(#142,#143,#144,#145,#146,#147,#148,#149,
#150,#151,#152,#153,#154,#155,#156,#157,#158,#159,#160,#161,#162,#163,#164,#165,
#166,#167,#168,#169,#170,#171,#172,#173,#174,#175,#176,#177),.UNSPECIFIED.,.F.,
.F.,(4,1,1,1,1,1,1,1,1,1,1,1,1,1,1,1,1,1,1,1,1,1,1,1,1,1,1,1,1,1,1,1,1,4),(0.E0,
3.030303030303E-2,6.060606060606E-2,9.090909090909E-2,1.212121212121E-1,
1.515151515152E-1,1.818181818182E-1,2.121212121212E-1,2.424242424242E-1,
2.727272727273E-1,3.030303030303E-1,3.333333333333E-1,3.636363636364E-1,
3.939393939394E-1,4.242424242424E-1,4.545454545455E-1,4.848484848485E-1,
5.151515151515E-1,5.454545454545E-1,5.757575757576E-1,6.060606060606E-1,
6.363636363636E-1,6.666666666667E-1,6.969696969697E-1,7.272727272727E-1,
7.575757575758E-1,7.878787878788E-1,8.181818181818E-1,8.484848484848E-1,
8.787878787879E-1,9.090909090909E-1,9.393939393939E-1,9.696969696970E-1,1.E0),
.UNSPECIFIED.);
#222=B_SPLINE_CURVE_WITH_KNOTS('',3,(#187,#188,#189,#190,#191,#192,#193,#194,
#195,#196,#197,#198,#199,#200,#201,#202,#203,#204,#205,#206,#207,#208,#209,#210,
#211,#212,#213,#214,#215,#216,#217,#218,#219,#220,#221),.UNSPECIFIED.,.F.,.F.,
(4,1,1,1,1,1,1,1,1,1,1,1,1,1,1,1,1,1,1,1,1,1,1,1,1,1,1,1,1,1,1,1,4),(0.E0,
3.125E-2,6.25E-2,9.375E-2,1.25E-1,1.5625E-1,1.875E-1,2.1875E-1,2.5E-1,2.8125E-1,
3.125E-1,3.4375E-1,3.75E-1,4.0625E-1,4.375E-1,4.6875E-1,5.E-1,5.3125E-1,
5.625E-1,5.9375E-1,6.25E-1,6.5625E-1,6.875E-1,7.1875E-1,7.5E-1,7.8125E-1,
8.125E-1,8.4375E-1,8.75E-1,9.0625E-1,9.375E-1,9.6875E-1,1.E0),.UNSPECIFIED.);
#227=CIRCLE('',#226,4.788101183952E-2);
#232=CIRCLE('',#231,4.788101183952E-2);
#245=CIRCLE('',#244,4.788101183952E-2);
#300=B_SPLINE_CURVE_WITH_KNOTS('',3,(#246,#247,#248,#249,#250,#251,#252,#253,
#254,#255,#256,#257,#258,#259,#260,#261,#262,#263,#264,#265,#266,#267,#268,#269,
#270,#271,#272,#273,#274,#275,#276,#277,#278,#279,#280,#281,#282,#283,#284,#285,
#286,#287,#288,#289,#290,#291,#292,#293,#294,#295,#296,#297,#298,#299),
.UNSPECIFIED.,.F.,.F.,(4,1,1,1,1,1,1,1,1,1,1,1,1,1,1,1,1,1,1,1,1,1,1,1,1,1,1,1,
1,1,1,1,1,1,1,1,1,1,1,1,1,1,1,1,1,1,1,1,1,1,1,4),(0.E0,1.960784313725E-2,
3.921568627451E-2,5.882352941176E-2,7.843137254902E-2,9.803921568627E-2,
1.176470588235E-1,1.372549019608E-1,1.568627450980E-1,1.764705882353E-1,
1.960784313725E-1,2.156862745098E-1,2.352941176471E-1,2.549019607843E-1,
2.745098039216E-1,2.941176470588E-1,3.137254901961E-1,3.333333333333E-1,
3.529411764706E-1,3.725490196078E-1,3.921568627451E-1,4.117647058824E-1,
4.313725490196E-1,4.509803921569E-1,4.705882352941E-1,4.901960784314E-1,
5.098039215686E-1,5.294117647059E-1,5.490196078431E-1,5.686274509804E-1,
5.882352941176E-1,6.078431372549E-1,6.274509803922E-1,6.470588235294E-1,
6.666666666667E-1,6.862745098039E-1,7.058823529412E-1,7.254901960784E-1,
7.450980392157E-1,7.647058823529E-1,7.843137254902E-1,8.039215686275E-1,
8.235294117647E-1,8.431372549020E-1,8.627450980392E-1,8.823529411765E-1,
9.019607843137E-1,9.215686274510E-1,9.411764705882E-1,9.607843137255E-1,
9.803921568627E-1,1.E0),.UNSPECIFIED.);
#305=CIRCLE('',#304,5.6E-2);
#619=B_SPLINE_CURVE_WITH_KNOTS('',3,(#310,#311,#312,#313,#314,#315,#316,#317,
#318,#319,#320,#321,#322,#323,#324,#325,#326,#327,#328,#329,#330,#331,#332,#333,
#334,#335,#336,#337,#338,#339,#340,#341,#342,#343,#344,#345,#346,#347,#348,#349,
#350,#351,#352,#353,#354,#355,#356,#357,#358,#359,#360,#361,#362,#363,#364,#365,
#366,#367,#368,#369,#370,#371,#372,#373,#374,#375,#376,#377,#378,#379,#380,#381,
#382,#383,#384,#385,#386,#387,#388,#389,#390,#391,#392,#393,#394,#395,#396,#397,
#398,#399,#400,#401,#402,#403,#404,#405,#406,#407,#408,#409,#410,#411,#412,#413,
#414,#415,#416,#417,#418,#419,#420,#421,#422,#423,#424,#425,#426,#427,#428,#429,
#430,#431,#432,#433,#434,#435,#436,#437,#438,#439,#440,#441,#442,#443,#444,#445,
#446,#447,#448,#449,#450,#451,#452,#453,#454,#455,#456,#457,#458,#459,#460,#461,
#462,#463,#464,#465,#466,#467,#468,#469,#470,#471,#472,#473,#474,#475,#476,#477,
#478,#479,#480,#481,#482,#483,#484,#485,#486,#487,#488,#489,#490,#491,#492,#493,
#494,#495,#496,#497,#498,#499,#500,#501,#502,#503,#504,#505,#506,#507,#508,#509,
#510,#511,#512,#513,#514,#515,#516,#517,#518,#519,#520,#521,#522,#523,#524,#525,
#526,#527,#528,#529,#530,#531,#532,#533,#534,#535,#536,#537,#538,#539,#540,#541,
#542,#543,#544,#545,#546,#547,#548,#549,#550,#551,#552,#553,#554,#555,#556,#557,
#558,#559,#560,#561,#562,#563,#564,#565,#566,#567,#568,#569,#570,#571,#572,#573,
#574,#575,#576,#577,#578,#579,#580,#581,#582,#583,#584,#585,#586,#587,#588,#589,
#590,#591,#592,#593,#594,#595,#596,#597,#598,#599,#600,#601,#602,#603,#604,#605,
#606,#607,#608,#609,#610,#611,#612,#613,#614,#615,#616,#617,#618),.UNSPECIFIED.,
.F.,.F.,(4,1,1,1,1,1,1,1,1,1,1,1,1,1,1,1,1,1,1,1,1,1,1,1,1,1,1,1,1,1,1,1,1,1,1,
1,1,1,1,1,1,1,1,1,1,1,1,1,1,1,1,1,1,1,1,1,1,1,1,1,1,1,1,1,1,1,1,1,1,1,1,1,1,1,1,
1,1,1,1,1,1,1,1,1,1,1,1,1,1,1,1,1,1,1,1,1,1,1,1,1,1,1,1,1,1,1,1,1,1,1,1,1,1,1,1,
1,1,1,1,1,1,1,1,1,1,1,1,1,1,1,1,1,1,1,1,1,1,1,1,1,1,1,1,1,1,1,1,1,1,1,1,1,1,1,1,
1,1,1,1,1,1,1,1,1,1,1,1,1,1,1,1,1,1,1,1,1,1,1,1,1,1,1,1,1,1,1,1,1,1,1,1,1,1,1,1,
1,1,1,1,1,1,1,1,1,1,1,1,1,1,1,1,1,1,1,1,1,1,1,1,1,1,1,1,1,1,1,1,1,1,1,1,1,1,1,1,
1,1,1,1,1,1,1,1,1,1,1,1,1,1,1,1,1,1,1,1,1,1,1,1,1,1,1,1,1,1,1,1,1,1,1,1,1,1,1,1,
1,1,1,1,1,1,1,1,1,1,1,1,1,1,1,1,1,1,1,1,1,1,1,1,1,1,1,1,1,1,1,4),(0.E0,
3.267973856209E-3,6.535947712418E-3,9.803921568627E-3,1.307189542484E-2,
1.633986928105E-2,1.960784313725E-2,2.287581699346E-2,2.614379084967E-2,
2.941176470588E-2,3.267973856209E-2,3.594771241830E-2,3.921568627451E-2,
4.248366013072E-2,4.575163398693E-2,4.901960784314E-2,5.228758169935E-2,
5.555555555556E-2,5.882352941176E-2,6.209150326797E-2,6.535947712418E-2,
6.862745098039E-2,7.189542483660E-2,7.516339869281E-2,7.843137254902E-2,
8.169934640523E-2,8.496732026144E-2,8.823529411765E-2,9.150326797386E-2,
9.477124183007E-2,9.803921568627E-2,1.013071895425E-1,1.045751633987E-1,
1.078431372549E-1,1.111111111111E-1,1.143790849673E-1,1.176470588235E-1,
1.209150326797E-1,1.241830065359E-1,1.274509803922E-1,1.307189542484E-1,
1.339869281046E-1,1.372549019608E-1,1.405228758170E-1,1.437908496732E-1,
1.470588235294E-1,1.503267973856E-1,1.535947712418E-1,1.568627450980E-1,
1.601307189542E-1,1.633986928105E-1,1.666666666667E-1,1.699346405229E-1,
1.732026143791E-1,1.764705882353E-1,1.797385620915E-1,1.830065359477E-1,
1.862745098039E-1,1.895424836601E-1,1.928104575163E-1,1.960784313725E-1,
1.993464052288E-1,2.026143790850E-1,2.058823529412E-1,2.091503267974E-1,
2.124183006536E-1,2.156862745098E-1,2.189542483660E-1,2.222222222222E-1,
2.254901960784E-1,2.287581699346E-1,2.320261437908E-1,2.352941176471E-1,
2.385620915033E-1,2.418300653595E-1,2.450980392157E-1,2.483660130719E-1,
2.516339869281E-1,2.549019607843E-1,2.581699346405E-1,2.614379084967E-1,
2.647058823529E-1,2.679738562092E-1,2.712418300654E-1,2.745098039216E-1,
2.777777777778E-1,2.810457516340E-1,2.843137254902E-1,2.875816993464E-1,
2.908496732026E-1,2.941176470588E-1,2.973856209150E-1,3.006535947712E-1,
3.039215686275E-1,3.071895424837E-1,3.104575163399E-1,3.137254901961E-1,
3.169934640523E-1,3.202614379085E-1,3.235294117647E-1,3.267973856209E-1,
3.300653594771E-1,3.333333333333E-1,3.366013071895E-1,3.398692810458E-1,
3.431372549020E-1,3.464052287582E-1,3.496732026144E-1,3.529411764706E-1,
3.562091503268E-1,3.594771241830E-1,3.627450980392E-1,3.660130718954E-1,
3.692810457516E-1,3.725490196078E-1,3.758169934641E-1,3.790849673203E-1,
3.823529411765E-1,3.856209150327E-1,3.888888888889E-1,3.921568627451E-1,
3.954248366013E-1,3.986928104575E-1,4.019607843137E-1,4.052287581699E-1,
4.084967320261E-1,4.117647058824E-1,4.150326797386E-1,4.183006535948E-1,
4.215686274510E-1,4.248366013072E-1,4.281045751634E-1,4.313725490196E-1,
4.346405228758E-1,4.379084967320E-1,4.411764705882E-1,4.444444444444E-1,
4.477124183007E-1,4.509803921569E-1,4.542483660131E-1,4.575163398693E-1,
4.607843137255E-1,4.640522875817E-1,4.673202614379E-1,4.705882352941E-1,
4.738562091503E-1,4.771241830065E-1,4.803921568627E-1,4.836601307190E-1,
4.869281045752E-1,4.901960784314E-1,4.934640522876E-1,4.967320261438E-1,5.E-1,
5.032679738562E-1,5.065359477124E-1,5.098039215686E-1,5.130718954248E-1,
5.163398692810E-1,5.196078431373E-1,5.228758169935E-1,5.261437908497E-1,
5.294117647059E-1,5.326797385621E-1,5.359477124183E-1,5.392156862745E-1,
5.424836601307E-1,5.457516339869E-1,5.490196078431E-1,5.522875816993E-1,
5.555555555556E-1,5.588235294118E-1,5.620915032680E-1,5.653594771242E-1,
5.686274509804E-1,5.718954248366E-1,5.751633986928E-1,5.784313725490E-1,
5.816993464052E-1,5.849673202614E-1,5.882352941176E-1,5.915032679739E-1,
5.947712418301E-1,5.980392156863E-1,6.013071895425E-1,6.045751633987E-1,
6.078431372549E-1,6.111111111111E-1,6.143790849673E-1,6.176470588235E-1,
6.209150326797E-1,6.241830065359E-1,6.274509803922E-1,6.307189542484E-1,
6.339869281046E-1,6.372549019608E-1,6.405228758170E-1,6.437908496732E-1,
6.470588235294E-1,6.503267973856E-1,6.535947712418E-1,6.568627450980E-1,
6.601307189542E-1,6.633986928105E-1,6.666666666667E-1,6.699346405229E-1,
6.732026143791E-1,6.764705882353E-1,6.797385620915E-1,6.830065359477E-1,
6.862745098039E-1,6.895424836601E-1,6.928104575163E-1,6.960784313725E-1,
6.993464052288E-1,7.026143790850E-1,7.058823529412E-1,7.091503267974E-1,
7.124183006536E-1,7.156862745098E-1,7.189542483660E-1,7.222222222222E-1,
7.254901960784E-1,7.287581699346E-1,7.320261437908E-1,7.352941176471E-1,
7.385620915033E-1,7.418300653595E-1,7.450980392157E-1,7.483660130719E-1,
7.516339869281E-1,7.549019607843E-1,7.581699346405E-1,7.614379084967E-1,
7.647058823529E-1,7.679738562092E-1,7.712418300654E-1,7.745098039216E-1,
7.777777777778E-1,7.810457516340E-1,7.843137254902E-1,7.875816993464E-1,
7.908496732026E-1,7.941176470588E-1,7.973856209150E-1,8.006535947712E-1,
8.039215686275E-1,8.071895424837E-1,8.104575163399E-1,8.137254901961E-1,
8.169934640523E-1,8.202614379085E-1,8.235294117647E-1,8.267973856209E-1,
8.300653594771E-1,8.333333333333E-1,8.366013071895E-1,8.398692810458E-1,
8.431372549020E-1,8.464052287582E-1,8.496732026144E-1,8.529411764706E-1,
8.562091503268E-1,8.594771241830E-1,8.627450980392E-1,8.660130718954E-1,
8.692810457516E-1,8.725490196078E-1,8.758169934641E-1,8.790849673203E-1,
8.823529411765E-1,8.856209150327E-1,8.888888888889E-1,8.921568627451E-1,
8.954248366013E-1,8.986928104575E-1,9.019607843137E-1,9.052287581699E-1,
9.084967320261E-1,9.117647058824E-1,9.150326797386E-1,9.183006535948E-1,
9.215686274510E-1,9.248366013072E-1,9.281045751634E-1,9.313725490196E-1,
9.346405228758E-1,9.379084967320E-1,9.411764705882E-1,9.444444444444E-1,
9.477124183007E-1,9.509803921569E-1,9.542483660131E-1,9.575163398693E-1,
9.607843137255E-1,9.640522875817E-1,9.673202614379E-1,9.705882352941E-1,
9.738562091503E-1,9.771241830065E-1,9.803921568627E-1,9.836601307190E-1,
9.869281045752E-1,9.901960784314E-1,9.934640522876E-1,9.967320261438E-1,1.E0),
.UNSPECIFIED.);
#964=B_SPLINE_CURVE_WITH_KNOTS('',3,(#624,#625,#626,#627,#628,#629,#630,#631,
#632,#633,#634,#635,#636,#637,#638,#639,#640,#641,#642,#643,#644,#645,#646,#647,
#648,#649,#650,#651,#652,#653,#654,#655,#656,#657,#658,#659,#660,#661,#662,#663,
#664,#665,#666,#667,#668,#669,#670,#671,#672,#673,#674,#675,#676,#677,#678,#679,
#680,#681,#682,#683,#684,#685,#686,#687,#688,#689,#690,#691,#692,#693,#694,#695,
#696,#697,#698,#699,#700,#701,#702,#703,#704,#705,#706,#707,#708,#709,#710,#711,
#712,#713,#714,#715,#716,#717,#718,#719,#720,#721,#722,#723,#724,#725,#726,#727,
#728,#729,#730,#731,#732,#733,#734,#735,#736,#737,#738,#739,#740,#741,#742,#743,
#744,#745,#746,#747,#748,#749,#750,#751,#752,#753,#754,#755,#756,#757,#758,#759,
#760,#761,#762,#763,#764,#765,#766,#767,#768,#769,#770,#771,#772,#773,#774,#775,
#776,#777,#778,#779,#780,#781,#782,#783,#784,#785,#786,#787,#788,#789,#790,#791,
#792,#793,#794,#795,#796,#797,#798,#799,#800,#801,#802,#803,#804,#805,#806,#807,
#808,#809,#810,#811,#812,#813,#814,#815,#816,#817,#818,#819,#820,#821,#822,#823,
#824,#825,#826,#827,#828,#829,#830,#831,#832,#833,#834,#835,#836,#837,#838,#839,
#840,#841,#842,#843,#844,#845,#846,#847,#848,#849,#850,#851,#852,#853,#854,#855,
#856,#857,#858,#859,#860,#861,#862,#863,#864,#865,#866,#867,#868,#869,#870,#871,
#872,#873,#874,#875,#876,#877,#878,#879,#880,#881,#882,#883,#884,#885,#886,#887,
#888,#889,#890,#891,#892,#893,#894,#895,#896,#897,#898,#899,#900,#901,#902,#903,
#904,#905,#906,#907,#908,#909,#910,#911,#912,#913,#914,#915,#916,#917,#918,#919,
#920,#921,#922,#923,#924,#925,#926,#927,#928,#929,#930,#931,#932,#933,#934,#935,
#936,#937,#938,#939,#940,#941,#942,#943,#944,#945,#946,#947,#948,#949,#950,#951,
#952,#953,#954,#955,#956,#957,#958,#959,#960,#961,#962,#963),.UNSPECIFIED.,.F.,
.F.,(4,1,1,1,1,1,1,1,1,1,1,1,1,1,1,1,1,1,1,1,1,1,1,1,1,1,1,1,1,1,1,1,1,1,1,1,1,
1,1,1,1,1,1,1,1,1,1,1,1,1,1,1,1,1,1,1,1,1,1,1,1,1,1,1,1,1,1,1,1,1,1,1,1,1,1,1,1,
1,1,1,1,1,1,1,1,1,1,1,1,1,1,1,1,1,1,1,1,1,1,1,1,1,1,1,1,1,1,1,1,1,1,1,1,1,1,1,1,
1,1,1,1,1,1,1,1,1,1,1,1,1,1,1,1,1,1,1,1,1,1,1,1,1,1,1,1,1,1,1,1,1,1,1,1,1,1,1,1,
1,1,1,1,1,1,1,1,1,1,1,1,1,1,1,1,1,1,1,1,1,1,1,1,1,1,1,1,1,1,1,1,1,1,1,1,1,1,1,1,
1,1,1,1,1,1,1,1,1,1,1,1,1,1,1,1,1,1,1,1,1,1,1,1,1,1,1,1,1,1,1,1,1,1,1,1,1,1,1,1,
1,1,1,1,1,1,1,1,1,1,1,1,1,1,1,1,1,1,1,1,1,1,1,1,1,1,1,1,1,1,1,1,1,1,1,1,1,1,1,1,
1,1,1,1,1,1,1,1,1,1,1,1,1,1,1,1,1,1,1,1,1,1,1,1,1,1,1,1,1,1,1,1,1,1,1,1,1,1,1,1,
1,1,1,1,1,1,1,1,1,1,1,1,1,1,1,1,1,1,1,1,4),(0.E0,2.967359050445E-3,
5.934718100890E-3,8.902077151335E-3,1.186943620178E-2,1.483679525223E-2,
1.780415430267E-2,2.077151335312E-2,2.373887240356E-2,2.670623145401E-2,
2.967359050445E-2,3.264094955490E-2,3.560830860534E-2,3.857566765579E-2,
4.154302670623E-2,4.451038575668E-2,4.747774480712E-2,5.044510385757E-2,
5.341246290801E-2,5.637982195846E-2,5.934718100890E-2,6.231454005935E-2,
6.528189910979E-2,6.824925816024E-2,7.121661721068E-2,7.418397626113E-2,
7.715133531157E-2,8.011869436202E-2,8.308605341246E-2,8.605341246291E-2,
8.902077151335E-2,9.198813056380E-2,9.495548961424E-2,9.792284866469E-2,
1.008902077151E-1,1.038575667656E-1,1.068249258160E-1,1.097922848665E-1,
1.127596439169E-1,1.157270029674E-1,1.186943620178E-1,1.216617210682E-1,
1.246290801187E-1,1.275964391691E-1,1.305637982196E-1,1.335311572700E-1,
1.364985163205E-1,1.394658753709E-1,1.424332344214E-1,1.454005934718E-1,
1.483679525223E-1,1.513353115727E-1,1.543026706231E-1,1.572700296736E-1,
1.602373887240E-1,1.632047477745E-1,1.661721068249E-1,1.691394658754E-1,
1.721068249258E-1,1.750741839763E-1,1.780415430267E-1,1.810089020772E-1,
1.839762611276E-1,1.869436201780E-1,1.899109792285E-1,1.928783382789E-1,
1.958456973294E-1,1.988130563798E-1,2.017804154303E-1,2.047477744807E-1,
2.077151335312E-1,2.106824925816E-1,2.136498516320E-1,2.166172106825E-1,
2.195845697329E-1,2.225519287834E-1,2.255192878338E-1,2.284866468843E-1,
2.314540059347E-1,2.344213649852E-1,2.373887240356E-1,2.403560830861E-1,
2.433234421365E-1,2.462908011869E-1,2.492581602374E-1,2.522255192878E-1,
2.551928783383E-1,2.581602373887E-1,2.611275964392E-1,2.640949554896E-1,
2.670623145401E-1,2.700296735905E-1,2.729970326409E-1,2.759643916914E-1,
2.789317507418E-1,2.818991097923E-1,2.848664688427E-1,2.878338278932E-1,
2.908011869436E-1,2.937685459941E-1,2.967359050445E-1,2.997032640950E-1,
3.026706231454E-1,3.056379821958E-1,3.086053412463E-1,3.115727002967E-1,
3.145400593472E-1,3.175074183976E-1,3.204747774481E-1,3.234421364985E-1,
3.264094955490E-1,3.293768545994E-1,3.323442136499E-1,3.353115727003E-1,
3.382789317507E-1,3.412462908012E-1,3.442136498516E-1,3.471810089021E-1,
3.501483679525E-1,3.531157270030E-1,3.560830860534E-1,3.590504451039E-1,
3.620178041543E-1,3.649851632047E-1,3.679525222552E-1,3.709198813056E-1,
3.738872403561E-1,3.768545994065E-1,3.798219584570E-1,3.827893175074E-1,
3.857566765579E-1,3.887240356083E-1,3.916913946588E-1,3.946587537092E-1,
3.976261127596E-1,4.005934718101E-1,4.035608308605E-1,4.065281899110E-1,
4.094955489614E-1,4.124629080119E-1,4.154302670623E-1,4.183976261128E-1,
4.213649851632E-1,4.243323442136E-1,4.272997032641E-1,4.302670623145E-1,
4.332344213650E-1,4.362017804154E-1,4.391691394659E-1,4.421364985163E-1,
4.451038575668E-1,4.480712166172E-1,4.510385756677E-1,4.540059347181E-1,
4.569732937685E-1,4.599406528190E-1,4.629080118694E-1,4.658753709199E-1,
4.688427299703E-1,4.718100890208E-1,4.747774480712E-1,4.777448071217E-1,
4.807121661721E-1,4.836795252226E-1,4.866468842730E-1,4.896142433234E-1,
4.925816023739E-1,4.955489614243E-1,4.985163204748E-1,5.014836795252E-1,
5.044510385757E-1,5.074183976261E-1,5.103857566766E-1,5.133531157270E-1,
5.163204747774E-1,5.192878338279E-1,5.222551928783E-1,5.252225519288E-1,
5.281899109792E-1,5.311572700297E-1,5.341246290801E-1,5.370919881306E-1,
5.400593471810E-1,5.430267062315E-1,5.459940652819E-1,5.489614243323E-1,
5.519287833828E-1,5.548961424332E-1,5.578635014837E-1,5.608308605341E-1,
5.637982195846E-1,5.667655786350E-1,5.697329376855E-1,5.727002967359E-1,
5.756676557864E-1,5.786350148368E-1,5.816023738872E-1,5.845697329377E-1,
5.875370919881E-1,5.905044510386E-1,5.934718100890E-1,5.964391691395E-1,
5.994065281899E-1,6.023738872404E-1,6.053412462908E-1,6.083086053412E-1,
6.112759643917E-1,6.142433234421E-1,6.172106824926E-1,6.201780415430E-1,
6.231454005935E-1,6.261127596439E-1,6.290801186944E-1,6.320474777448E-1,
6.350148367953E-1,6.379821958457E-1,6.409495548961E-1,6.439169139466E-1,
6.468842729970E-1,6.498516320475E-1,6.528189910979E-1,6.557863501484E-1,
6.587537091988E-1,6.617210682493E-1,6.646884272997E-1,6.676557863501E-1,
6.706231454006E-1,6.735905044510E-1,6.765578635015E-1,6.795252225519E-1,
6.824925816024E-1,6.854599406528E-1,6.884272997033E-1,6.913946587537E-1,
6.943620178042E-1,6.973293768546E-1,7.002967359050E-1,7.032640949555E-1,
7.062314540059E-1,7.091988130564E-1,7.121661721068E-1,7.151335311573E-1,
7.181008902077E-1,7.210682492582E-1,7.240356083086E-1,7.270029673591E-1,
7.299703264095E-1,7.329376854599E-1,7.359050445104E-1,7.388724035608E-1,
7.418397626113E-1,7.448071216617E-1,7.477744807122E-1,7.507418397626E-1,
7.537091988131E-1,7.566765578635E-1,7.596439169139E-1,7.626112759644E-1,
7.655786350148E-1,7.685459940653E-1,7.715133531157E-1,7.744807121662E-1,
7.774480712166E-1,7.804154302671E-1,7.833827893175E-1,7.863501483680E-1,
7.893175074184E-1,7.922848664688E-1,7.952522255193E-1,7.982195845697E-1,
8.011869436202E-1,8.041543026706E-1,8.071216617211E-1,8.100890207715E-1,
8.130563798220E-1,8.160237388724E-1,8.189910979228E-1,8.219584569733E-1,
8.249258160237E-1,8.278931750742E-1,8.308605341246E-1,8.338278931751E-1,
8.367952522255E-1,8.397626112760E-1,8.427299703264E-1,8.456973293769E-1,
8.486646884273E-1,8.516320474777E-1,8.545994065282E-1,8.575667655786E-1,
8.605341246291E-1,8.635014836795E-1,8.664688427300E-1,8.694362017804E-1,
8.724035608309E-1,8.753709198813E-1,8.783382789318E-1,8.813056379822E-1,
8.842729970326E-1,8.872403560831E-1,8.902077151335E-1,8.931750741840E-1,
8.961424332344E-1,8.991097922849E-1,9.020771513353E-1,9.050445103858E-1,
9.080118694362E-1,9.109792284866E-1,9.139465875371E-1,9.169139465875E-1,
9.198813056380E-1,9.228486646884E-1,9.258160237389E-1,9.287833827893E-1,
9.317507418398E-1,9.347181008902E-1,9.376854599407E-1,9.406528189911E-1,
9.436201780415E-1,9.465875370920E-1,9.495548961424E-1,9.525222551929E-1,
9.554896142433E-1,9.584569732938E-1,9.614243323442E-1,9.643916913947E-1,
9.673590504451E-1,9.703264094955E-1,9.732937685460E-1,9.762611275964E-1,
9.792284866469E-1,9.821958456973E-1,9.851632047478E-1,9.881305637982E-1,
9.910979228487E-1,9.940652818991E-1,9.970326409496E-1,1.E0),.UNSPECIFIED.);
#990=B_SPLINE_CURVE_WITH_KNOTS('',3,(#965,#966,#967,#968,#969,#970,#971,#972,
#973,#974,#975,#976,#977,#978,#979,#980,#981,#982,#983,#984,#985,#986,#987,#988,
#989),.UNSPECIFIED.,.F.,.F.,(4,1,1,1,1,1,1,1,1,1,1,1,1,1,1,1,1,1,1,1,1,1,4),(
0.E0,4.545454545455E-2,9.090909090909E-2,1.363636363636E-1,1.818181818182E-1,
2.272727272727E-1,2.727272727273E-1,3.181818181818E-1,3.636363636364E-1,
4.090909090909E-1,4.545454545455E-1,5.E-1,5.454545454545E-1,5.909090909091E-1,
6.363636363636E-1,6.818181818182E-1,7.272727272727E-1,7.727272727273E-1,
8.181818181818E-1,8.636363636364E-1,9.090909090909E-1,9.545454545455E-1,1.E0),
.UNSPECIFIED.);
#1057=B_SPLINE_CURVE_WITH_KNOTS('',3,(#991,#992,#993,#994,#995,#996,#997,#998,
#999,#1000,#1001,#1002,#1003,#1004,#1005,#1006,#1007,#1008,#1009,#1010,#1011,
#1012,#1013,#1014,#1015,#1016,#1017,#1018,#1019,#1020,#1021,#1022,#1023,#1024,
#1025,#1026,#1027,#1028,#1029,#1030,#1031,#1032,#1033,#1034,#1035,#1036,#1037,
#1038,#1039,#1040,#1041,#1042,#1043,#1044,#1045,#1046,#1047,#1048,#1049,#1050,
#1051,#1052,#1053,#1054,#1055,#1056),.UNSPECIFIED.,.F.,.F.,(4,1,1,1,1,1,1,1,1,1,
1,1,1,1,1,1,1,1,1,1,1,1,1,1,1,1,1,1,1,1,1,1,1,1,1,1,1,1,1,1,1,1,1,1,1,1,1,1,1,1,
1,1,1,1,1,1,1,1,1,1,1,1,1,4),(0.E0,1.587301587302E-2,3.174603174603E-2,
4.761904761905E-2,6.349206349206E-2,7.936507936508E-2,9.523809523810E-2,
1.111111111111E-1,1.269841269841E-1,1.428571428571E-1,1.587301587302E-1,
1.746031746032E-1,1.904761904762E-1,2.063492063492E-1,2.222222222222E-1,
2.380952380952E-1,2.539682539683E-1,2.698412698413E-1,2.857142857143E-1,
3.015873015873E-1,3.174603174603E-1,3.333333333333E-1,3.492063492063E-1,
3.650793650794E-1,3.809523809524E-1,3.968253968254E-1,4.126984126984E-1,
4.285714285714E-1,4.444444444444E-1,4.603174603175E-1,4.761904761905E-1,
4.920634920635E-1,5.079365079365E-1,5.238095238095E-1,5.396825396825E-1,
5.555555555556E-1,5.714285714286E-1,5.873015873016E-1,6.031746031746E-1,
6.190476190476E-1,6.349206349206E-1,6.507936507937E-1,6.666666666667E-1,
6.825396825397E-1,6.984126984127E-1,7.142857142857E-1,7.301587301587E-1,
7.460317460317E-1,7.619047619048E-1,7.777777777778E-1,7.936507936508E-1,
8.095238095238E-1,8.253968253968E-1,8.412698412698E-1,8.571428571429E-1,
8.730158730159E-1,8.888888888889E-1,9.047619047619E-1,9.206349206349E-1,
9.365079365079E-1,9.523809523810E-1,9.682539682540E-1,9.841269841270E-1,1.E0),
.UNSPECIFIED.);
#1173=B_SPLINE_CURVE_WITH_KNOTS('',3,(#1058,#1059,#1060,#1061,#1062,#1063,#1064,
#1065,#1066,#1067,#1068,#1069,#1070,#1071,#1072,#1073,#1074,#1075,#1076,#1077,
#1078,#1079,#1080,#1081,#1082,#1083,#1084,#1085,#1086,#1087,#1088,#1089,#1090,
#1091,#1092,#1093,#1094,#1095,#1096,#1097,#1098,#1099,#1100,#1101,#1102,#1103,
#1104,#1105,#1106,#1107,#1108,#1109,#1110,#1111,#1112,#1113,#1114,#1115,#1116,
#1117,#1118,#1119,#1120,#1121,#1122,#1123,#1124,#1125,#1126,#1127,#1128,#1129,
#1130,#1131,#1132,#1133,#1134,#1135,#1136,#1137,#1138,#1139,#1140,#1141,#1142,
#1143,#1144,#1145,#1146,#1147,#1148,#1149,#1150,#1151,#1152,#1153,#1154,#1155,
#1156,#1157,#1158,#1159,#1160,#1161,#1162,#1163,#1164,#1165,#1166,#1167,#1168,
#1169,#1170,#1171,#1172),.UNSPECIFIED.,.F.,.F.,(4,1,1,1,1,1,1,1,1,1,1,1,1,1,1,1,
1,1,1,1,1,1,1,1,1,1,1,1,1,1,1,1,1,1,1,1,1,1,1,1,1,1,1,1,1,1,1,1,1,1,1,1,1,1,1,1,
1,1,1,1,1,1,1,1,1,1,1,1,1,1,1,1,1,1,1,1,1,1,1,1,1,1,1,1,1,1,1,1,1,1,1,1,1,1,1,1,
1,1,1,1,1,1,1,1,1,1,1,1,1,1,1,1,4),(0.E0,8.928571428571E-3,1.785714285714E-2,
2.678571428571E-2,3.571428571429E-2,4.464285714286E-2,5.357142857143E-2,6.25E-2,
7.142857142857E-2,8.035714285714E-2,8.928571428571E-2,9.821428571429E-2,
1.071428571429E-1,1.160714285714E-1,1.25E-1,1.339285714286E-1,1.428571428571E-1,
1.517857142857E-1,1.607142857143E-1,1.696428571429E-1,1.785714285714E-1,
1.875E-1,1.964285714286E-1,2.053571428571E-1,2.142857142857E-1,
2.232142857143E-1,2.321428571429E-1,2.410714285714E-1,2.5E-1,2.589285714286E-1,
2.678571428571E-1,2.767857142857E-1,2.857142857143E-1,2.946428571429E-1,
3.035714285714E-1,3.125E-1,3.214285714286E-1,3.303571428571E-1,
3.392857142857E-1,3.482142857143E-1,3.571428571429E-1,3.660714285714E-1,3.75E-1,
3.839285714286E-1,3.928571428571E-1,4.017857142857E-1,4.107142857143E-1,
4.196428571429E-1,4.285714285714E-1,4.375E-1,4.464285714286E-1,
4.553571428571E-1,4.642857142857E-1,4.732142857143E-1,4.821428571429E-1,
4.910714285714E-1,5.E-1,5.089285714286E-1,5.178571428571E-1,5.267857142857E-1,
5.357142857143E-1,5.446428571429E-1,5.535714285714E-1,5.625E-1,
5.714285714286E-1,5.803571428571E-1,5.892857142857E-1,5.982142857143E-1,
6.071428571429E-1,6.160714285714E-1,6.25E-1,6.339285714286E-1,6.428571428571E-1,
6.517857142857E-1,6.607142857143E-1,6.696428571429E-1,6.785714285714E-1,
6.875E-1,6.964285714286E-1,7.053571428571E-1,7.142857142857E-1,
7.232142857143E-1,7.321428571429E-1,7.410714285714E-1,7.5E-1,7.589285714286E-1,
7.678571428571E-1,7.767857142857E-1,7.857142857143E-1,7.946428571429E-1,
8.035714285714E-1,8.125E-1,8.214285714286E-1,8.303571428571E-1,
8.392857142857E-1,8.482142857143E-1,8.571428571429E-1,8.660714285714E-1,8.75E-1,
8.839285714286E-1,8.928571428571E-1,9.017857142857E-1,9.107142857143E-1,
9.196428571429E-1,9.285714285714E-1,9.375E-1,9.464285714286E-1,
9.553571428571E-1,9.642857142857E-1,9.732142857143E-1,9.821428571429E-1,
9.910714285714E-1,1.E0),.UNSPECIFIED.);
#1452=B_SPLINE_CURVE_WITH_KNOTS('',3,(#1174,#1175,#1176,#1177,#1178,#1179,#1180,
#1181,#1182,#1183,#1184,#1185,#1186,#1187,#1188,#1189,#1190,#1191,#1192,#1193,
#1194,#1195,#1196,#1197,#1198,#1199,#1200,#1201,#1202,#1203,#1204,#1205,#1206,
#1207,#1208,#1209,#1210,#1211,#1212,#1213,#1214,#1215,#1216,#1217,#1218,#1219,
#1220,#1221,#1222,#1223,#1224,#1225,#1226,#1227,#1228,#1229,#1230,#1231,#1232,
#1233,#1234,#1235,#1236,#1237,#1238,#1239,#1240,#1241,#1242,#1243,#1244,#1245,
#1246,#1247,#1248,#1249,#1250,#1251,#1252,#1253,#1254,#1255,#1256,#1257,#1258,
#1259,#1260,#1261,#1262,#1263,#1264,#1265,#1266,#1267,#1268,#1269,#1270,#1271,
#1272,#1273,#1274,#1275,#1276,#1277,#1278,#1279,#1280,#1281,#1282,#1283,#1284,
#1285,#1286,#1287,#1288,#1289,#1290,#1291,#1292,#1293,#1294,#1295,#1296,#1297,
#1298,#1299,#1300,#1301,#1302,#1303,#1304,#1305,#1306,#1307,#1308,#1309,#1310,
#1311,#1312,#1313,#1314,#1315,#1316,#1317,#1318,#1319,#1320,#1321,#1322,#1323,
#1324,#1325,#1326,#1327,#1328,#1329,#1330,#1331,#1332,#1333,#1334,#1335,#1336,
#1337,#1338,#1339,#1340,#1341,#1342,#1343,#1344,#1345,#1346,#1347,#1348,#1349,
#1350,#1351,#1352,#1353,#1354,#1355,#1356,#1357,#1358,#1359,#1360,#1361,#1362,
#1363,#1364,#1365,#1366,#1367,#1368,#1369,#1370,#1371,#1372,#1373,#1374,#1375,
#1376,#1377,#1378,#1379,#1380,#1381,#1382,#1383,#1384,#1385,#1386,#1387,#1388,
#1389,#1390,#1391,#1392,#1393,#1394,#1395,#1396,#1397,#1398,#1399,#1400,#1401,
#1402,#1403,#1404,#1405,#1406,#1407,#1408,#1409,#1410,#1411,#1412,#1413,#1414,
#1415,#1416,#1417,#1418,#1419,#1420,#1421,#1422,#1423,#1424,#1425,#1426,#1427,
#1428,#1429,#1430,#1431,#1432,#1433,#1434,#1435,#1436,#1437,#1438,#1439,#1440,
#1441,#1442,#1443,#1444,#1445,#1446,#1447,#1448,#1449,#1450,#1451),
.UNSPECIFIED.,.F.,.F.,(4,1,1,1,1,1,1,1,1,1,1,1,1,1,1,1,1,1,1,1,1,1,1,1,1,1,1,1,
1,1,1,1,1,1,1,1,1,1,1,1,1,1,1,1,1,1,1,1,1,1,1,1,1,1,1,1,1,1,1,1,1,1,1,1,1,1,1,1,
1,1,1,1,1,1,1,1,1,1,1,1,1,1,1,1,1,1,1,1,1,1,1,1,1,1,1,1,1,1,1,1,1,1,1,1,1,1,1,1,
1,1,1,1,1,1,1,1,1,1,1,1,1,1,1,1,1,1,1,1,1,1,1,1,1,1,1,1,1,1,1,1,1,1,1,1,1,1,1,1,
1,1,1,1,1,1,1,1,1,1,1,1,1,1,1,1,1,1,1,1,1,1,1,1,1,1,1,1,1,1,1,1,1,1,1,1,1,1,1,1,
1,1,1,1,1,1,1,1,1,1,1,1,1,1,1,1,1,1,1,1,1,1,1,1,1,1,1,1,1,1,1,1,1,1,1,1,1,1,1,1,
1,1,1,1,1,1,1,1,1,1,1,1,1,1,1,1,1,1,1,1,1,1,1,1,1,1,1,1,1,1,1,1,1,1,1,1,1,1,1,1,
1,1,1,1,1,1,1,4),(0.E0,3.636363636364E-3,7.272727272727E-3,1.090909090909E-2,
1.454545454545E-2,1.818181818182E-2,2.181818181818E-2,2.545454545455E-2,
2.909090909091E-2,3.272727272727E-2,3.636363636364E-2,4.E-2,4.363636363636E-2,
4.727272727273E-2,5.090909090909E-2,5.454545454545E-2,5.818181818182E-2,
6.181818181818E-2,6.545454545455E-2,6.909090909091E-2,7.272727272727E-2,
7.636363636364E-2,8.E-2,8.363636363636E-2,8.727272727273E-2,9.090909090909E-2,
9.454545454545E-2,9.818181818182E-2,1.018181818182E-1,1.054545454545E-1,
1.090909090909E-1,1.127272727273E-1,1.163636363636E-1,1.2E-1,1.236363636364E-1,
1.272727272727E-1,1.309090909091E-1,1.345454545455E-1,1.381818181818E-1,
1.418181818182E-1,1.454545454545E-1,1.490909090909E-1,1.527272727273E-1,
1.563636363636E-1,1.6E-1,1.636363636364E-1,1.672727272727E-1,1.709090909091E-1,
1.745454545455E-1,1.781818181818E-1,1.818181818182E-1,1.854545454545E-1,
1.890909090909E-1,1.927272727273E-1,1.963636363636E-1,2.E-1,2.036363636364E-1,
2.072727272727E-1,2.109090909091E-1,2.145454545455E-1,2.181818181818E-1,
2.218181818182E-1,2.254545454545E-1,2.290909090909E-1,2.327272727273E-1,
2.363636363636E-1,2.4E-1,2.436363636364E-1,2.472727272727E-1,2.509090909091E-1,
2.545454545455E-1,2.581818181818E-1,2.618181818182E-1,2.654545454545E-1,
2.690909090909E-1,2.727272727273E-1,2.763636363636E-1,2.8E-1,2.836363636364E-1,
2.872727272727E-1,2.909090909091E-1,2.945454545455E-1,2.981818181818E-1,
3.018181818182E-1,3.054545454545E-1,3.090909090909E-1,3.127272727273E-1,
3.163636363636E-1,3.2E-1,3.236363636364E-1,3.272727272727E-1,3.309090909091E-1,
3.345454545455E-1,3.381818181818E-1,3.418181818182E-1,3.454545454545E-1,
3.490909090909E-1,3.527272727273E-1,3.563636363636E-1,3.6E-1,3.636363636364E-1,
3.672727272727E-1,3.709090909091E-1,3.745454545455E-1,3.781818181818E-1,
3.818181818182E-1,3.854545454545E-1,3.890909090909E-1,3.927272727273E-1,
3.963636363636E-1,4.E-1,4.036363636364E-1,4.072727272727E-1,4.109090909091E-1,
4.145454545455E-1,4.181818181818E-1,4.218181818182E-1,4.254545454545E-1,
4.290909090909E-1,4.327272727273E-1,4.363636363636E-1,4.4E-1,4.436363636364E-1,
4.472727272727E-1,4.509090909091E-1,4.545454545455E-1,4.581818181818E-1,
4.618181818182E-1,4.654545454545E-1,4.690909090909E-1,4.727272727273E-1,
4.763636363636E-1,4.8E-1,4.836363636364E-1,4.872727272727E-1,4.909090909091E-1,
4.945454545455E-1,4.981818181818E-1,5.018181818182E-1,5.054545454545E-1,
5.090909090909E-1,5.127272727273E-1,5.163636363636E-1,5.2E-1,5.236363636364E-1,
5.272727272727E-1,5.309090909091E-1,5.345454545455E-1,5.381818181818E-1,
5.418181818182E-1,5.454545454545E-1,5.490909090909E-1,5.527272727273E-1,
5.563636363636E-1,5.6E-1,5.636363636364E-1,5.672727272727E-1,5.709090909091E-1,
5.745454545455E-1,5.781818181818E-1,5.818181818182E-1,5.854545454545E-1,
5.890909090909E-1,5.927272727273E-1,5.963636363636E-1,6.E-1,6.036363636364E-1,
6.072727272727E-1,6.109090909091E-1,6.145454545455E-1,6.181818181818E-1,
6.218181818182E-1,6.254545454545E-1,6.290909090909E-1,6.327272727273E-1,
6.363636363636E-1,6.4E-1,6.436363636364E-1,6.472727272727E-1,6.509090909091E-1,
6.545454545455E-1,6.581818181818E-1,6.618181818182E-1,6.654545454545E-1,
6.690909090909E-1,6.727272727273E-1,6.763636363636E-1,6.8E-1,6.836363636364E-1,
6.872727272727E-1,6.909090909091E-1,6.945454545455E-1,6.981818181818E-1,
7.018181818182E-1,7.054545454545E-1,7.090909090909E-1,7.127272727273E-1,
7.163636363636E-1,7.2E-1,7.236363636364E-1,7.272727272727E-1,7.309090909091E-1,
7.345454545455E-1,7.381818181818E-1,7.418181818182E-1,7.454545454545E-1,
7.490909090909E-1,7.527272727273E-1,7.563636363636E-1,7.6E-1,7.636363636364E-1,
7.672727272727E-1,7.709090909091E-1,7.745454545455E-1,7.781818181818E-1,
7.818181818182E-1,7.854545454545E-1,7.890909090909E-1,7.927272727273E-1,
7.963636363636E-1,8.E-1,8.036363636364E-1,8.072727272727E-1,8.109090909091E-1,
8.145454545455E-1,8.181818181818E-1,8.218181818182E-1,8.254545454545E-1,
8.290909090909E-1,8.327272727273E-1,8.363636363636E-1,8.4E-1,8.436363636364E-1,
8.472727272727E-1,8.509090909091E-1,8.545454545455E-1,8.581818181818E-1,
8.618181818182E-1,8.654545454545E-1,8.690909090909E-1,8.727272727273E-1,
8.763636363636E-1,8.8E-1,8.836363636364E-1,8.872727272727E-1,8.909090909091E-1,
8.945454545455E-1,8.981818181818E-1,9.018181818182E-1,9.054545454545E-1,
9.090909090909E-1,9.127272727273E-1,9.163636363636E-1,9.2E-1,9.236363636364E-1,
9.272727272727E-1,9.309090909091E-1,9.345454545455E-1,9.381818181818E-1,
9.418181818182E-1,9.454545454545E-1,9.490909090909E-1,9.527272727273E-1,
9.563636363636E-1,9.6E-1,9.636363636364E-1,9.672727272727E-1,9.709090909091E-1,
9.745454545455E-1,9.781818181818E-1,9.818181818182E-1,9.854545454545E-1,
9.890909090909E-1,9.927272727273E-1,9.963636363636E-1,1.E0),.UNSPECIFIED.);
#1531=B_SPLINE_CURVE_WITH_KNOTS('',3,(#1453,#1454,#1455,#1456,#1457,#1458,#1459,
#1460,#1461,#1462,#1463,#1464,#1465,#1466,#1467,#1468,#1469,#1470,#1471,#1472,
#1473,#1474,#1475,#1476,#1477,#1478,#1479,#1480,#1481,#1482,#1483,#1484,#1485,
#1486,#1487,#1488,#1489,#1490,#1491,#1492,#1493,#1494,#1495,#1496,#1497,#1498,
#1499,#1500,#1501,#1502,#1503,#1504,#1505,#1506,#1507,#1508,#1509,#1510,#1511,
#1512,#1513,#1514,#1515,#1516,#1517,#1518,#1519,#1520,#1521,#1522,#1523,#1524,
#1525,#1526,#1527,#1528,#1529,#1530),.UNSPECIFIED.,.F.,.F.,(4,1,1,1,1,1,1,1,1,1,
1,1,1,1,1,1,1,1,1,1,1,1,1,1,1,1,1,1,1,1,1,1,1,1,1,1,1,1,1,1,1,1,1,1,1,1,1,1,1,1,
1,1,1,1,1,1,1,1,1,1,1,1,1,1,1,1,1,1,1,1,1,1,1,1,1,4),(0.E0,1.333333333333E-2,
2.666666666667E-2,4.E-2,5.333333333333E-2,6.666666666667E-2,8.E-2,
9.333333333333E-2,1.066666666667E-1,1.2E-1,1.333333333333E-1,1.466666666667E-1,
1.6E-1,1.733333333333E-1,1.866666666667E-1,2.E-1,2.133333333333E-1,
2.266666666667E-1,2.4E-1,2.533333333333E-1,2.666666666667E-1,2.8E-1,
2.933333333333E-1,3.066666666667E-1,3.2E-1,3.333333333333E-1,3.466666666667E-1,
3.6E-1,3.733333333333E-1,3.866666666667E-1,4.E-1,4.133333333333E-1,
4.266666666667E-1,4.4E-1,4.533333333333E-1,4.666666666667E-1,4.8E-1,
4.933333333333E-1,5.066666666667E-1,5.2E-1,5.333333333333E-1,5.466666666667E-1,
5.6E-1,5.733333333333E-1,5.866666666667E-1,6.E-1,6.133333333333E-1,
6.266666666667E-1,6.4E-1,6.533333333333E-1,6.666666666667E-1,6.8E-1,
6.933333333333E-1,7.066666666667E-1,7.2E-1,7.333333333333E-1,7.466666666667E-1,
7.6E-1,7.733333333333E-1,7.866666666667E-1,8.E-1,8.133333333333E-1,
8.266666666667E-1,8.4E-1,8.533333333333E-1,8.666666666667E-1,8.8E-1,
8.933333333333E-1,9.066666666667E-1,9.2E-1,9.333333333333E-1,9.466666666667E-1,
9.6E-1,9.733333333333E-1,9.866666666667E-1,1.E0),.UNSPECIFIED.);
#1616=B_SPLINE_CURVE_WITH_KNOTS('',3,(#1532,#1533,#1534,#1535,#1536,#1537,#1538,
#1539,#1540,#1541,#1542,#1543,#1544,#1545,#1546,#1547,#1548,#1549,#1550,#1551,
#1552,#1553,#1554,#1555,#1556,#1557,#1558,#1559,#1560,#1561,#1562,#1563,#1564,
#1565,#1566,#1567,#1568,#1569,#1570,#1571,#1572,#1573,#1574,#1575,#1576,#1577,
#1578,#1579,#1580,#1581,#1582,#1583,#1584,#1585,#1586,#1587,#1588,#1589,#1590,
#1591,#1592,#1593,#1594,#1595,#1596,#1597,#1598,#1599,#1600,#1601,#1602,#1603,
#1604,#1605,#1606,#1607,#1608,#1609,#1610,#1611,#1612,#1613,#1614,#1615),
.UNSPECIFIED.,.F.,.F.,(4,1,1,1,1,1,1,1,1,1,1,1,1,1,1,1,1,1,1,1,1,1,1,1,1,1,1,1,
1,1,1,1,1,1,1,1,1,1,1,1,1,1,1,1,1,1,1,1,1,1,1,1,1,1,1,1,1,1,1,1,1,1,1,1,1,1,1,1,
1,1,1,1,1,1,1,1,1,1,1,1,1,4),(0.E0,1.234567901235E-2,2.469135802469E-2,
3.703703703704E-2,4.938271604938E-2,6.172839506173E-2,7.407407407407E-2,
8.641975308642E-2,9.876543209877E-2,1.111111111111E-1,1.234567901235E-1,
1.358024691358E-1,1.481481481481E-1,1.604938271605E-1,1.728395061728E-1,
1.851851851852E-1,1.975308641975E-1,2.098765432099E-1,2.222222222222E-1,
2.345679012346E-1,2.469135802469E-1,2.592592592593E-1,2.716049382716E-1,
2.839506172840E-1,2.962962962963E-1,3.086419753086E-1,3.209876543210E-1,
3.333333333333E-1,3.456790123457E-1,3.580246913580E-1,3.703703703704E-1,
3.827160493827E-1,3.950617283951E-1,4.074074074074E-1,4.197530864198E-1,
4.320987654321E-1,4.444444444444E-1,4.567901234568E-1,4.691358024691E-1,
4.814814814815E-1,4.938271604938E-1,5.061728395062E-1,5.185185185185E-1,
5.308641975309E-1,5.432098765432E-1,5.555555555556E-1,5.679012345679E-1,
5.802469135802E-1,5.925925925926E-1,6.049382716049E-1,6.172839506173E-1,
6.296296296296E-1,6.419753086420E-1,6.543209876543E-1,6.666666666667E-1,
6.790123456790E-1,6.913580246914E-1,7.037037037037E-1,7.160493827160E-1,
7.283950617284E-1,7.407407407407E-1,7.530864197531E-1,7.654320987654E-1,
7.777777777778E-1,7.901234567901E-1,8.024691358025E-1,8.148148148148E-1,
8.271604938272E-1,8.395061728395E-1,8.518518518519E-1,8.641975308642E-1,
8.765432098765E-1,8.888888888889E-1,9.012345679012E-1,9.135802469136E-1,
9.259259259259E-1,9.382716049383E-1,9.506172839506E-1,9.629629629630E-1,
9.753086419753E-1,9.876543209877E-1,1.E0),.UNSPECIFIED.);
#1692=B_SPLINE_CURVE_WITH_KNOTS('',3,(#1625,#1626,#1627,#1628,#1629,#1630,#1631,
#1632,#1633,#1634,#1635,#1636,#1637,#1638,#1639,#1640,#1641,#1642,#1643,#1644,
#1645,#1646,#1647,#1648,#1649,#1650,#1651,#1652,#1653,#1654,#1655,#1656,#1657,
#1658,#1659,#1660,#1661,#1662,#1663,#1664,#1665,#1666,#1667,#1668,#1669,#1670,
#1671,#1672,#1673,#1674,#1675,#1676,#1677,#1678,#1679,#1680,#1681,#1682,#1683,
#1684,#1685,#1686,#1687,#1688,#1689,#1690,#1691),.UNSPECIFIED.,.F.,.F.,(4,1,1,1,
1,1,1,1,1,1,1,1,1,1,1,1,1,1,1,1,1,1,1,1,1,1,1,1,1,1,1,1,1,1,1,1,1,1,1,1,1,1,1,1,
1,1,1,1,1,1,1,1,1,1,1,1,1,1,1,1,1,1,1,1,4),(0.E0,1.5625E-2,3.125E-2,4.6875E-2,
6.25E-2,7.8125E-2,9.375E-2,1.09375E-1,1.25E-1,1.40625E-1,1.5625E-1,1.71875E-1,
1.875E-1,2.03125E-1,2.1875E-1,2.34375E-1,2.5E-1,2.65625E-1,2.8125E-1,2.96875E-1,
3.125E-1,3.28125E-1,3.4375E-1,3.59375E-1,3.75E-1,3.90625E-1,4.0625E-1,
4.21875E-1,4.375E-1,4.53125E-1,4.6875E-1,4.84375E-1,5.E-1,5.15625E-1,5.3125E-1,
5.46875E-1,5.625E-1,5.78125E-1,5.9375E-1,6.09375E-1,6.25E-1,6.40625E-1,
6.5625E-1,6.71875E-1,6.875E-1,7.03125E-1,7.1875E-1,7.34375E-1,7.5E-1,7.65625E-1,
7.8125E-1,7.96875E-1,8.125E-1,8.28125E-1,8.4375E-1,8.59375E-1,8.75E-1,
8.90625E-1,9.0625E-1,9.21875E-1,9.375E-1,9.53125E-1,9.6875E-1,9.84375E-1,1.E0),
.UNSPECIFIED.);
#1720=B_SPLINE_CURVE_WITH_KNOTS('',3,(#1693,#1694,#1695,#1696,#1697,#1698,#1699,
#1700,#1701,#1702,#1703,#1704,#1705,#1706,#1707,#1708,#1709,#1710,#1711,#1712,
#1713,#1714,#1715,#1716,#1717,#1718,#1719),.UNSPECIFIED.,.F.,.F.,(4,1,1,1,1,1,1,
1,1,1,1,1,1,1,1,1,1,1,1,1,1,1,1,1,4),(0.E0,4.166666666667E-2,8.333333333333E-2,
1.25E-1,1.666666666667E-1,2.083333333333E-1,2.5E-1,2.916666666667E-1,
3.333333333333E-1,3.75E-1,4.166666666667E-1,4.583333333333E-1,5.E-1,
5.416666666667E-1,5.833333333333E-1,6.25E-1,6.666666666667E-1,7.083333333333E-1,
7.5E-1,7.916666666667E-1,8.333333333333E-1,8.75E-1,9.166666666667E-1,
9.583333333333E-1,1.E0),.UNSPECIFIED.);
#1725=CIRCLE('',#1724,3.975E-2);
#1730=CIRCLE('',#1729,3.975E-2);
#1802=B_SPLINE_CURVE_WITH_KNOTS('',3,(#1731,#1732,#1733,#1734,#1735,#1736,#1737,
#1738,#1739,#1740,#1741,#1742,#1743,#1744,#1745,#1746,#1747,#1748,#1749,#1750,
#1751,#1752,#1753,#1754,#1755,#1756,#1757,#1758,#1759,#1760,#1761,#1762,#1763,
#1764,#1765,#1766,#1767,#1768,#1769,#1770,#1771,#1772,#1773,#1774,#1775,#1776,
#1777,#1778,#1779,#1780,#1781,#1782,#1783,#1784,#1785,#1786,#1787,#1788,#1789,
#1790,#1791,#1792,#1793,#1794,#1795,#1796,#1797,#1798,#1799,#1800,#1801),
.UNSPECIFIED.,.F.,.F.,(4,1,1,1,1,1,1,1,1,1,1,1,1,1,1,1,1,1,1,1,1,1,1,1,1,1,1,1,
1,1,1,1,1,1,1,1,1,1,1,1,1,1,1,1,1,1,1,1,1,1,1,1,1,1,1,1,1,1,1,1,1,1,1,1,1,1,1,1,
4),(0.E0,1.470588235294E-2,2.941176470588E-2,4.411764705882E-2,
5.882352941176E-2,7.352941176471E-2,8.823529411765E-2,1.029411764706E-1,
1.176470588235E-1,1.323529411765E-1,1.470588235294E-1,1.617647058824E-1,
1.764705882353E-1,1.911764705882E-1,2.058823529412E-1,2.205882352941E-1,
2.352941176471E-1,2.5E-1,2.647058823529E-1,2.794117647059E-1,2.941176470588E-1,
3.088235294118E-1,3.235294117647E-1,3.382352941176E-1,3.529411764706E-1,
3.676470588235E-1,3.823529411765E-1,3.970588235294E-1,4.117647058824E-1,
4.264705882353E-1,4.411764705882E-1,4.558823529412E-1,4.705882352941E-1,
4.852941176471E-1,5.E-1,5.147058823529E-1,5.294117647059E-1,5.441176470588E-1,
5.588235294118E-1,5.735294117647E-1,5.882352941176E-1,6.029411764706E-1,
6.176470588235E-1,6.323529411765E-1,6.470588235294E-1,6.617647058824E-1,
6.764705882353E-1,6.911764705882E-1,7.058823529412E-1,7.205882352941E-1,
7.352941176471E-1,7.5E-1,7.647058823529E-1,7.794117647059E-1,7.941176470588E-1,
8.088235294118E-1,8.235294117647E-1,8.382352941176E-1,8.529411764706E-1,
8.676470588235E-1,8.823529411765E-1,8.970588235294E-1,9.117647058824E-1,
9.264705882353E-1,9.411764705882E-1,9.558823529412E-1,9.705882352941E-1,
9.852941176471E-1,1.E0),.UNSPECIFIED.);
#1838=B_SPLINE_CURVE_WITH_KNOTS('',3,(#1803,#1804,#1805,#1806,#1807,#1808,#1809,
#1810,#1811,#1812,#1813,#1814,#1815,#1816,#1817,#1818,#1819,#1820,#1821,#1822,
#1823,#1824,#1825,#1826,#1827,#1828,#1829,#1830,#1831,#1832,#1833,#1834,#1835,
#1836,#1837),.UNSPECIFIED.,.F.,.F.,(4,1,1,1,1,1,1,1,1,1,1,1,1,1,1,1,1,1,1,1,1,1,
1,1,1,1,1,1,1,1,1,1,4),(0.E0,3.125E-2,6.25E-2,9.375E-2,1.25E-1,1.5625E-1,
1.875E-1,2.1875E-1,2.5E-1,2.8125E-1,3.125E-1,3.4375E-1,3.75E-1,4.0625E-1,
4.375E-1,4.6875E-1,5.E-1,5.3125E-1,5.625E-1,5.9375E-1,6.25E-1,6.5625E-1,
6.875E-1,7.1875E-1,7.5E-1,7.8125E-1,8.125E-1,8.4375E-1,8.75E-1,9.0625E-1,
9.375E-1,9.6875E-1,1.E0),.UNSPECIFIED.);
#1878=B_SPLINE_CURVE_WITH_KNOTS('',3,(#1839,#1840,#1841,#1842,#1843,#1844,#1845,
#1846,#1847,#1848,#1849,#1850,#1851,#1852,#1853,#1854,#1855,#1856,#1857,#1858,
#1859,#1860,#1861,#1862,#1863,#1864,#1865,#1866,#1867,#1868,#1869,#1870,#1871,
#1872,#1873,#1874,#1875,#1876,#1877),.UNSPECIFIED.,.F.,.F.,(4,1,1,1,1,1,1,1,1,1,
1,1,1,1,1,1,1,1,1,1,1,1,1,1,1,1,1,1,1,1,1,1,1,1,1,1,4),(0.E0,2.777777777778E-2,
5.555555555556E-2,8.333333333333E-2,1.111111111111E-1,1.388888888889E-1,
1.666666666667E-1,1.944444444444E-1,2.222222222222E-1,2.5E-1,2.777777777778E-1,
3.055555555556E-1,3.333333333333E-1,3.611111111111E-1,3.888888888889E-1,
4.166666666667E-1,4.444444444444E-1,4.722222222222E-1,5.E-1,5.277777777778E-1,
5.555555555556E-1,5.833333333333E-1,6.111111111111E-1,6.388888888889E-1,
6.666666666667E-1,6.944444444444E-1,7.222222222222E-1,7.5E-1,7.777777777778E-1,
8.055555555556E-1,8.333333333333E-1,8.611111111111E-1,8.888888888889E-1,
9.166666666667E-1,9.444444444444E-1,9.722222222222E-1,1.E0),.UNSPECIFIED.);
#1922=B_SPLINE_CURVE_WITH_KNOTS('',3,(#1883,#1884,#1885,#1886,#1887,#1888,#1889,
#1890,#1891,#1892,#1893,#1894,#1895,#1896,#1897,#1898,#1899,#1900,#1901,#1902,
#1903,#1904,#1905,#1906,#1907,#1908,#1909,#1910,#1911,#1912,#1913,#1914,#1915,
#1916,#1917,#1918,#1919,#1920,#1921),.UNSPECIFIED.,.F.,.F.,(4,1,1,1,1,1,1,1,1,1,
1,1,1,1,1,1,1,1,1,1,1,1,1,1,1,1,1,1,1,1,1,1,1,1,1,1,4),(0.E0,2.777777777778E-2,
5.555555555556E-2,8.333333333333E-2,1.111111111111E-1,1.388888888889E-1,
1.666666666667E-1,1.944444444444E-1,2.222222222222E-1,2.5E-1,2.777777777778E-1,
3.055555555556E-1,3.333333333333E-1,3.611111111111E-1,3.888888888889E-1,
4.166666666667E-1,4.444444444444E-1,4.722222222222E-1,5.E-1,5.277777777778E-1,
5.555555555556E-1,5.833333333333E-1,6.111111111111E-1,6.388888888889E-1,
6.666666666667E-1,6.944444444444E-1,7.222222222222E-1,7.5E-1,7.777777777778E-1,
8.055555555556E-1,8.333333333333E-1,8.611111111111E-1,8.888888888889E-1,
9.166666666667E-1,9.444444444444E-1,9.722222222222E-1,1.E0),.UNSPECIFIED.);
#1959=B_SPLINE_CURVE_WITH_KNOTS('',3,(#1923,#1924,#1925,#1926,#1927,#1928,#1929,
#1930,#1931,#1932,#1933,#1934,#1935,#1936,#1937,#1938,#1939,#1940,#1941,#1942,
#1943,#1944,#1945,#1946,#1947,#1948,#1949,#1950,#1951,#1952,#1953,#1954,#1955,
#1956,#1957,#1958),.UNSPECIFIED.,.F.,.F.,(4,1,1,1,1,1,1,1,1,1,1,1,1,1,1,1,1,1,1,
1,1,1,1,1,1,1,1,1,1,1,1,1,1,4),(0.E0,3.030303030303E-2,6.060606060606E-2,
9.090909090909E-2,1.212121212121E-1,1.515151515152E-1,1.818181818182E-1,
2.121212121212E-1,2.424242424242E-1,2.727272727273E-1,3.030303030303E-1,
3.333333333333E-1,3.636363636364E-1,3.939393939394E-1,4.242424242424E-1,
4.545454545455E-1,4.848484848485E-1,5.151515151515E-1,5.454545454545E-1,
5.757575757576E-1,6.060606060606E-1,6.363636363636E-1,6.666666666667E-1,
6.969696969697E-1,7.272727272727E-1,7.575757575758E-1,7.878787878788E-1,
8.181818181818E-1,8.484848484848E-1,8.787878787879E-1,9.090909090909E-1,
9.393939393939E-1,9.696969696970E-1,1.E0),.UNSPECIFIED.);
#2031=B_SPLINE_CURVE_WITH_KNOTS('',3,(#1960,#1961,#1962,#1963,#1964,#1965,#1966,
#1967,#1968,#1969,#1970,#1971,#1972,#1973,#1974,#1975,#1976,#1977,#1978,#1979,
#1980,#1981,#1982,#1983,#1984,#1985,#1986,#1987,#1988,#1989,#1990,#1991,#1992,
#1993,#1994,#1995,#1996,#1997,#1998,#1999,#2000,#2001,#2002,#2003,#2004,#2005,
#2006,#2007,#2008,#2009,#2010,#2011,#2012,#2013,#2014,#2015,#2016,#2017,#2018,
#2019,#2020,#2021,#2022,#2023,#2024,#2025,#2026,#2027,#2028,#2029,#2030),
.UNSPECIFIED.,.F.,.F.,(4,1,1,1,1,1,1,1,1,1,1,1,1,1,1,1,1,1,1,1,1,1,1,1,1,1,1,1,
1,1,1,1,1,1,1,1,1,1,1,1,1,1,1,1,1,1,1,1,1,1,1,1,1,1,1,1,1,1,1,1,1,1,1,1,1,1,1,1,
4),(0.E0,1.470588235294E-2,2.941176470588E-2,4.411764705882E-2,
5.882352941176E-2,7.352941176471E-2,8.823529411765E-2,1.029411764706E-1,
1.176470588235E-1,1.323529411765E-1,1.470588235294E-1,1.617647058824E-1,
1.764705882353E-1,1.911764705882E-1,2.058823529412E-1,2.205882352941E-1,
2.352941176471E-1,2.5E-1,2.647058823529E-1,2.794117647059E-1,2.941176470588E-1,
3.088235294118E-1,3.235294117647E-1,3.382352941176E-1,3.529411764706E-1,
3.676470588235E-1,3.823529411765E-1,3.970588235294E-1,4.117647058824E-1,
4.264705882353E-1,4.411764705882E-1,4.558823529412E-1,4.705882352941E-1,
4.852941176471E-1,5.E-1,5.147058823529E-1,5.294117647059E-1,5.441176470588E-1,
5.588235294118E-1,5.735294117647E-1,5.882352941176E-1,6.029411764706E-1,
6.176470588235E-1,6.323529411765E-1,6.470588235294E-1,6.617647058824E-1,
6.764705882353E-1,6.911764705882E-1,7.058823529412E-1,7.205882352941E-1,
7.352941176471E-1,7.5E-1,7.647058823529E-1,7.794117647059E-1,7.941176470588E-1,
8.088235294118E-1,8.235294117647E-1,8.382352941176E-1,8.529411764706E-1,
8.676470588235E-1,8.823529411765E-1,8.970588235294E-1,9.117647058824E-1,
9.264705882353E-1,9.411764705882E-1,9.558823529412E-1,9.705882352941E-1,
9.852941176471E-1,1.E0),.UNSPECIFIED.);
#2107=B_SPLINE_CURVE_WITH_KNOTS('',3,(#2036,#2037,#2038,#2039,#2040,#2041,#2042,
#2043,#2044,#2045,#2046,#2047,#2048,#2049,#2050,#2051,#2052,#2053,#2054,#2055,
#2056,#2057,#2058,#2059,#2060,#2061,#2062,#2063,#2064,#2065,#2066,#2067,#2068,
#2069,#2070,#2071,#2072,#2073,#2074,#2075,#2076,#2077,#2078,#2079,#2080,#2081,
#2082,#2083,#2084,#2085,#2086,#2087,#2088,#2089,#2090,#2091,#2092,#2093,#2094,
#2095,#2096,#2097,#2098,#2099,#2100,#2101,#2102,#2103,#2104,#2105,#2106),
.UNSPECIFIED.,.F.,.F.,(4,1,1,1,1,1,1,1,1,1,1,1,1,1,1,1,1,1,1,1,1,1,1,1,1,1,1,1,
1,1,1,1,1,1,1,1,1,1,1,1,1,1,1,1,1,1,1,1,1,1,1,1,1,1,1,1,1,1,1,1,1,1,1,1,1,1,1,1,
4),(0.E0,1.470588235294E-2,2.941176470588E-2,4.411764705882E-2,
5.882352941176E-2,7.352941176471E-2,8.823529411765E-2,1.029411764706E-1,
1.176470588235E-1,1.323529411765E-1,1.470588235294E-1,1.617647058824E-1,
1.764705882353E-1,1.911764705882E-1,2.058823529412E-1,2.205882352941E-1,
2.352941176471E-1,2.5E-1,2.647058823529E-1,2.794117647059E-1,2.941176470588E-1,
3.088235294118E-1,3.235294117647E-1,3.382352941176E-1,3.529411764706E-1,
3.676470588235E-1,3.823529411765E-1,3.970588235294E-1,4.117647058824E-1,
4.264705882353E-1,4.411764705882E-1,4.558823529412E-1,4.705882352941E-1,
4.852941176471E-1,5.E-1,5.147058823529E-1,5.294117647059E-1,5.441176470588E-1,
5.588235294118E-1,5.735294117647E-1,5.882352941176E-1,6.029411764706E-1,
6.176470588235E-1,6.323529411765E-1,6.470588235294E-1,6.617647058824E-1,
6.764705882353E-1,6.911764705882E-1,7.058823529412E-1,7.205882352941E-1,
7.352941176471E-1,7.5E-1,7.647058823529E-1,7.794117647059E-1,7.941176470588E-1,
8.088235294118E-1,8.235294117647E-1,8.382352941176E-1,8.529411764706E-1,
8.676470588235E-1,8.823529411765E-1,8.970588235294E-1,9.117647058824E-1,
9.264705882353E-1,9.411764705882E-1,9.558823529412E-1,9.705882352941E-1,
9.852941176471E-1,1.E0),.UNSPECIFIED.);
#2183=B_SPLINE_CURVE_WITH_KNOTS('',3,(#2112,#2113,#2114,#2115,#2116,#2117,#2118,
#2119,#2120,#2121,#2122,#2123,#2124,#2125,#2126,#2127,#2128,#2129,#2130,#2131,
#2132,#2133,#2134,#2135,#2136,#2137,#2138,#2139,#2140,#2141,#2142,#2143,#2144,
#2145,#2146,#2147,#2148,#2149,#2150,#2151,#2152,#2153,#2154,#2155,#2156,#2157,
#2158,#2159,#2160,#2161,#2162,#2163,#2164,#2165,#2166,#2167,#2168,#2169,#2170,
#2171,#2172,#2173,#2174,#2175,#2176,#2177,#2178,#2179,#2180,#2181,#2182),
.UNSPECIFIED.,.F.,.F.,(4,1,1,1,1,1,1,1,1,1,1,1,1,1,1,1,1,1,1,1,1,1,1,1,1,1,1,1,
1,1,1,1,1,1,1,1,1,1,1,1,1,1,1,1,1,1,1,1,1,1,1,1,1,1,1,1,1,1,1,1,1,1,1,1,1,1,1,1,
4),(0.E0,1.470588235294E-2,2.941176470588E-2,4.411764705882E-2,
5.882352941176E-2,7.352941176471E-2,8.823529411765E-2,1.029411764706E-1,
1.176470588235E-1,1.323529411765E-1,1.470588235294E-1,1.617647058824E-1,
1.764705882353E-1,1.911764705882E-1,2.058823529412E-1,2.205882352941E-1,
2.352941176471E-1,2.5E-1,2.647058823529E-1,2.794117647059E-1,2.941176470588E-1,
3.088235294118E-1,3.235294117647E-1,3.382352941176E-1,3.529411764706E-1,
3.676470588235E-1,3.823529411765E-1,3.970588235294E-1,4.117647058824E-1,
4.264705882353E-1,4.411764705882E-1,4.558823529412E-1,4.705882352941E-1,
4.852941176471E-1,5.E-1,5.147058823529E-1,5.294117647059E-1,5.441176470588E-1,
5.588235294118E-1,5.735294117647E-1,5.882352941176E-1,6.029411764706E-1,
6.176470588235E-1,6.323529411765E-1,6.470588235294E-1,6.617647058824E-1,
6.764705882353E-1,6.911764705882E-1,7.058823529412E-1,7.205882352941E-1,
7.352941176471E-1,7.5E-1,7.647058823529E-1,7.794117647059E-1,7.941176470588E-1,
8.088235294118E-1,8.235294117647E-1,8.382352941176E-1,8.529411764706E-1,
8.676470588235E-1,8.823529411765E-1,8.970588235294E-1,9.117647058824E-1,
9.264705882353E-1,9.411764705882E-1,9.558823529412E-1,9.705882352941E-1,
9.852941176471E-1,1.E0),.UNSPECIFIED.);
#2493=B_SPLINE_CURVE_WITH_KNOTS('',3,(#2184,#2185,#2186,#2187,#2188,#2189,#2190,
#2191,#2192,#2193,#2194,#2195,#2196,#2197,#2198,#2199,#2200,#2201,#2202,#2203,
#2204,#2205,#2206,#2207,#2208,#2209,#2210,#2211,#2212,#2213,#2214,#2215,#2216,
#2217,#2218,#2219,#2220,#2221,#2222,#2223,#2224,#2225,#2226,#2227,#2228,#2229,
#2230,#2231,#2232,#2233,#2234,#2235,#2236,#2237,#2238,#2239,#2240,#2241,#2242,
#2243,#2244,#2245,#2246,#2247,#2248,#2249,#2250,#2251,#2252,#2253,#2254,#2255,
#2256,#2257,#2258,#2259,#2260,#2261,#2262,#2263,#2264,#2265,#2266,#2267,#2268,
#2269,#2270,#2271,#2272,#2273,#2274,#2275,#2276,#2277,#2278,#2279,#2280,#2281,
#2282,#2283,#2284,#2285,#2286,#2287,#2288,#2289,#2290,#2291,#2292,#2293,#2294,
#2295,#2296,#2297,#2298,#2299,#2300,#2301,#2302,#2303,#2304,#2305,#2306,#2307,
#2308,#2309,#2310,#2311,#2312,#2313,#2314,#2315,#2316,#2317,#2318,#2319,#2320,
#2321,#2322,#2323,#2324,#2325,#2326,#2327,#2328,#2329,#2330,#2331,#2332,#2333,
#2334,#2335,#2336,#2337,#2338,#2339,#2340,#2341,#2342,#2343,#2344,#2345,#2346,
#2347,#2348,#2349,#2350,#2351,#2352,#2353,#2354,#2355,#2356,#2357,#2358,#2359,
#2360,#2361,#2362,#2363,#2364,#2365,#2366,#2367,#2368,#2369,#2370,#2371,#2372,
#2373,#2374,#2375,#2376,#2377,#2378,#2379,#2380,#2381,#2382,#2383,#2384,#2385,
#2386,#2387,#2388,#2389,#2390,#2391,#2392,#2393,#2394,#2395,#2396,#2397,#2398,
#2399,#2400,#2401,#2402,#2403,#2404,#2405,#2406,#2407,#2408,#2409,#2410,#2411,
#2412,#2413,#2414,#2415,#2416,#2417,#2418,#2419,#2420,#2421,#2422,#2423,#2424,
#2425,#2426,#2427,#2428,#2429,#2430,#2431,#2432,#2433,#2434,#2435,#2436,#2437,
#2438,#2439,#2440,#2441,#2442,#2443,#2444,#2445,#2446,#2447,#2448,#2449,#2450,
#2451,#2452,#2453,#2454,#2455,#2456,#2457,#2458,#2459,#2460,#2461,#2462,#2463,
#2464,#2465,#2466,#2467,#2468,#2469,#2470,#2471,#2472,#2473,#2474,#2475,#2476,
#2477,#2478,#2479,#2480,#2481,#2482,#2483,#2484,#2485,#2486,#2487,#2488,#2489,
#2490,#2491,#2492),.UNSPECIFIED.,.F.,.F.,(4,1,1,1,1,1,1,1,1,1,1,1,1,1,1,1,1,1,1,
1,1,1,1,1,1,1,1,1,1,1,1,1,1,1,1,1,1,1,1,1,1,1,1,1,1,1,1,1,1,1,1,1,1,1,1,1,1,1,1,
1,1,1,1,1,1,1,1,1,1,1,1,1,1,1,1,1,1,1,1,1,1,1,1,1,1,1,1,1,1,1,1,1,1,1,1,1,1,1,1,
1,1,1,1,1,1,1,1,1,1,1,1,1,1,1,1,1,1,1,1,1,1,1,1,1,1,1,1,1,1,1,1,1,1,1,1,1,1,1,1,
1,1,1,1,1,1,1,1,1,1,1,1,1,1,1,1,1,1,1,1,1,1,1,1,1,1,1,1,1,1,1,1,1,1,1,1,1,1,1,1,
1,1,1,1,1,1,1,1,1,1,1,1,1,1,1,1,1,1,1,1,1,1,1,1,1,1,1,1,1,1,1,1,1,1,1,1,1,1,1,1,
1,1,1,1,1,1,1,1,1,1,1,1,1,1,1,1,1,1,1,1,1,1,1,1,1,1,1,1,1,1,1,1,1,1,1,1,1,1,1,1,
1,1,1,1,1,1,1,1,1,1,1,1,1,1,1,1,1,1,1,1,1,1,1,1,1,1,1,1,1,1,1,1,1,1,1,1,1,1,1,1,
1,1,1,1,1,1,1,4),(0.E0,3.267973856209E-3,6.535947712418E-3,9.803921568627E-3,
1.307189542484E-2,1.633986928105E-2,1.960784313725E-2,2.287581699346E-2,
2.614379084967E-2,2.941176470588E-2,3.267973856209E-2,3.594771241830E-2,
3.921568627451E-2,4.248366013072E-2,4.575163398693E-2,4.901960784314E-2,
5.228758169935E-2,5.555555555556E-2,5.882352941176E-2,6.209150326797E-2,
6.535947712418E-2,6.862745098039E-2,7.189542483660E-2,7.516339869281E-2,
7.843137254902E-2,8.169934640523E-2,8.496732026144E-2,8.823529411765E-2,
9.150326797386E-2,9.477124183007E-2,9.803921568627E-2,1.013071895425E-1,
1.045751633987E-1,1.078431372549E-1,1.111111111111E-1,1.143790849673E-1,
1.176470588235E-1,1.209150326797E-1,1.241830065359E-1,1.274509803922E-1,
1.307189542484E-1,1.339869281046E-1,1.372549019608E-1,1.405228758170E-1,
1.437908496732E-1,1.470588235294E-1,1.503267973856E-1,1.535947712418E-1,
1.568627450980E-1,1.601307189542E-1,1.633986928105E-1,1.666666666667E-1,
1.699346405229E-1,1.732026143791E-1,1.764705882353E-1,1.797385620915E-1,
1.830065359477E-1,1.862745098039E-1,1.895424836601E-1,1.928104575163E-1,
1.960784313725E-1,1.993464052288E-1,2.026143790850E-1,2.058823529412E-1,
2.091503267974E-1,2.124183006536E-1,2.156862745098E-1,2.189542483660E-1,
2.222222222222E-1,2.254901960784E-1,2.287581699346E-1,2.320261437908E-1,
2.352941176471E-1,2.385620915033E-1,2.418300653595E-1,2.450980392157E-1,
2.483660130719E-1,2.516339869281E-1,2.549019607843E-1,2.581699346405E-1,
2.614379084967E-1,2.647058823529E-1,2.679738562092E-1,2.712418300654E-1,
2.745098039216E-1,2.777777777778E-1,2.810457516340E-1,2.843137254902E-1,
2.875816993464E-1,2.908496732026E-1,2.941176470588E-1,2.973856209150E-1,
3.006535947712E-1,3.039215686275E-1,3.071895424837E-1,3.104575163399E-1,
3.137254901961E-1,3.169934640523E-1,3.202614379085E-1,3.235294117647E-1,
3.267973856209E-1,3.300653594771E-1,3.333333333333E-1,3.366013071895E-1,
3.398692810458E-1,3.431372549020E-1,3.464052287582E-1,3.496732026144E-1,
3.529411764706E-1,3.562091503268E-1,3.594771241830E-1,3.627450980392E-1,
3.660130718954E-1,3.692810457516E-1,3.725490196078E-1,3.758169934641E-1,
3.790849673203E-1,3.823529411765E-1,3.856209150327E-1,3.888888888889E-1,
3.921568627451E-1,3.954248366013E-1,3.986928104575E-1,4.019607843137E-1,
4.052287581699E-1,4.084967320261E-1,4.117647058824E-1,4.150326797386E-1,
4.183006535948E-1,4.215686274510E-1,4.248366013072E-1,4.281045751634E-1,
4.313725490196E-1,4.346405228758E-1,4.379084967320E-1,4.411764705882E-1,
4.444444444444E-1,4.477124183007E-1,4.509803921569E-1,4.542483660131E-1,
4.575163398693E-1,4.607843137255E-1,4.640522875817E-1,4.673202614379E-1,
4.705882352941E-1,4.738562091503E-1,4.771241830065E-1,4.803921568627E-1,
4.836601307190E-1,4.869281045752E-1,4.901960784314E-1,4.934640522876E-1,
4.967320261438E-1,5.E-1,5.032679738562E-1,5.065359477124E-1,5.098039215686E-1,
5.130718954248E-1,5.163398692810E-1,5.196078431373E-1,5.228758169935E-1,
5.261437908497E-1,5.294117647059E-1,5.326797385621E-1,5.359477124183E-1,
5.392156862745E-1,5.424836601307E-1,5.457516339869E-1,5.490196078431E-1,
5.522875816993E-1,5.555555555556E-1,5.588235294118E-1,5.620915032680E-1,
5.653594771242E-1,5.686274509804E-1,5.718954248366E-1,5.751633986928E-1,
5.784313725490E-1,5.816993464052E-1,5.849673202614E-1,5.882352941176E-1,
5.915032679739E-1,5.947712418301E-1,5.980392156863E-1,6.013071895425E-1,
6.045751633987E-1,6.078431372549E-1,6.111111111111E-1,6.143790849673E-1,
6.176470588235E-1,6.209150326797E-1,6.241830065359E-1,6.274509803922E-1,
6.307189542484E-1,6.339869281046E-1,6.372549019608E-1,6.405228758170E-1,
6.437908496732E-1,6.470588235294E-1,6.503267973856E-1,6.535947712418E-1,
6.568627450980E-1,6.601307189542E-1,6.633986928105E-1,6.666666666667E-1,
6.699346405229E-1,6.732026143791E-1,6.764705882353E-1,6.797385620915E-1,
6.830065359477E-1,6.862745098039E-1,6.895424836601E-1,6.928104575163E-1,
6.960784313725E-1,6.993464052288E-1,7.026143790850E-1,7.058823529412E-1,
7.091503267974E-1,7.124183006536E-1,7.156862745098E-1,7.189542483660E-1,
7.222222222222E-1,7.254901960784E-1,7.287581699346E-1,7.320261437908E-1,
7.352941176471E-1,7.385620915033E-1,7.418300653595E-1,7.450980392157E-1,
7.483660130719E-1,7.516339869281E-1,7.549019607843E-1,7.581699346405E-1,
7.614379084967E-1,7.647058823529E-1,7.679738562092E-1,7.712418300654E-1,
7.745098039216E-1,7.777777777778E-1,7.810457516340E-1,7.843137254902E-1,
7.875816993464E-1,7.908496732026E-1,7.941176470588E-1,7.973856209150E-1,
8.006535947712E-1,8.039215686275E-1,8.071895424837E-1,8.104575163399E-1,
8.137254901961E-1,8.169934640523E-1,8.202614379085E-1,8.235294117647E-1,
8.267973856209E-1,8.300653594771E-1,8.333333333333E-1,8.366013071895E-1,
8.398692810458E-1,8.431372549020E-1,8.464052287582E-1,8.496732026144E-1,
8.529411764706E-1,8.562091503268E-1,8.594771241830E-1,8.627450980392E-1,
8.660130718954E-1,8.692810457516E-1,8.725490196078E-1,8.758169934641E-1,
8.790849673203E-1,8.823529411765E-1,8.856209150327E-1,8.888888888889E-1,
8.921568627451E-1,8.954248366013E-1,8.986928104575E-1,9.019607843137E-1,
9.052287581699E-1,9.084967320261E-1,9.117647058824E-1,9.150326797386E-1,
9.183006535948E-1,9.215686274510E-1,9.248366013072E-1,9.281045751634E-1,
9.313725490196E-1,9.346405228758E-1,9.379084967320E-1,9.411764705882E-1,
9.444444444444E-1,9.477124183007E-1,9.509803921569E-1,9.542483660131E-1,
9.575163398693E-1,9.607843137255E-1,9.640522875817E-1,9.673202614379E-1,
9.705882352941E-1,9.738562091503E-1,9.771241830065E-1,9.803921568627E-1,
9.836601307190E-1,9.869281045752E-1,9.901960784314E-1,9.934640522876E-1,
9.967320261438E-1,1.E0),.UNSPECIFIED.);
#2572=B_SPLINE_CURVE_WITH_KNOTS('',3,(#2494,#2495,#2496,#2497,#2498,#2499,#2500,
#2501,#2502,#2503,#2504,#2505,#2506,#2507,#2508,#2509,#2510,#2511,#2512,#2513,
#2514,#2515,#2516,#2517,#2518,#2519,#2520,#2521,#2522,#2523,#2524,#2525,#2526,
#2527,#2528,#2529,#2530,#2531,#2532,#2533,#2534,#2535,#2536,#2537,#2538,#2539,
#2540,#2541,#2542,#2543,#2544,#2545,#2546,#2547,#2548,#2549,#2550,#2551,#2552,
#2553,#2554,#2555,#2556,#2557,#2558,#2559,#2560,#2561,#2562,#2563,#2564,#2565,
#2566,#2567,#2568,#2569,#2570,#2571),.UNSPECIFIED.,.F.,.F.,(4,1,1,1,1,1,1,1,1,1,
1,1,1,1,1,1,1,1,1,1,1,1,1,1,1,1,1,1,1,1,1,1,1,1,1,1,1,1,1,1,1,1,1,1,1,1,1,1,1,1,
1,1,1,1,1,1,1,1,1,1,1,1,1,1,1,1,1,1,1,1,1,1,1,1,1,4),(0.E0,1.333333333333E-2,
2.666666666667E-2,4.E-2,5.333333333333E-2,6.666666666667E-2,8.E-2,
9.333333333333E-2,1.066666666667E-1,1.2E-1,1.333333333333E-1,1.466666666667E-1,
1.6E-1,1.733333333333E-1,1.866666666667E-1,2.E-1,2.133333333333E-1,
2.266666666667E-1,2.4E-1,2.533333333333E-1,2.666666666667E-1,2.8E-1,
2.933333333333E-1,3.066666666667E-1,3.2E-1,3.333333333333E-1,3.466666666667E-1,
3.6E-1,3.733333333333E-1,3.866666666667E-1,4.E-1,4.133333333333E-1,
4.266666666667E-1,4.4E-1,4.533333333333E-1,4.666666666667E-1,4.8E-1,
4.933333333333E-1,5.066666666667E-1,5.2E-1,5.333333333333E-1,5.466666666667E-1,
5.6E-1,5.733333333333E-1,5.866666666667E-1,6.E-1,6.133333333333E-1,
6.266666666667E-1,6.4E-1,6.533333333333E-1,6.666666666667E-1,6.8E-1,
6.933333333333E-1,7.066666666667E-1,7.2E-1,7.333333333333E-1,7.466666666667E-1,
7.6E-1,7.733333333333E-1,7.866666666667E-1,8.E-1,8.133333333333E-1,
8.266666666667E-1,8.4E-1,8.533333333333E-1,8.666666666667E-1,8.8E-1,
8.933333333333E-1,9.066666666667E-1,9.2E-1,9.333333333333E-1,9.466666666667E-1,
9.6E-1,9.733333333333E-1,9.866666666667E-1,1.E0),.UNSPECIFIED.);
#2577=CIRCLE('',#2576,5.6E-2);
#2673=B_SPLINE_CURVE_WITH_KNOTS('',3,(#2578,#2579,#2580,#2581,#2582,#2583,#2584,
#2585,#2586,#2587,#2588,#2589,#2590,#2591,#2592,#2593,#2594,#2595,#2596,#2597,
#2598,#2599,#2600,#2601,#2602,#2603,#2604,#2605,#2606,#2607,#2608,#2609,#2610,
#2611,#2612,#2613,#2614,#2615,#2616,#2617,#2618,#2619,#2620,#2621,#2622,#2623,
#2624,#2625,#2626,#2627,#2628,#2629,#2630,#2631,#2632,#2633,#2634,#2635,#2636,
#2637,#2638,#2639,#2640,#2641,#2642,#2643,#2644,#2645,#2646,#2647,#2648,#2649,
#2650,#2651,#2652,#2653,#2654,#2655,#2656,#2657,#2658,#2659,#2660,#2661,#2662,
#2663,#2664,#2665,#2666,#2667,#2668,#2669,#2670,#2671,#2672),.UNSPECIFIED.,.F.,
.F.,(4,1,1,1,1,1,1,1,1,1,1,1,1,1,1,1,1,1,1,1,1,1,1,1,1,1,1,1,1,1,1,1,1,1,1,1,1,
1,1,1,1,1,1,1,1,1,1,1,1,1,1,1,1,1,1,1,1,1,1,1,1,1,1,1,1,1,1,1,1,1,1,1,1,1,1,1,1,
1,1,1,1,1,1,1,1,1,1,1,1,1,1,1,4),(0.E0,1.086956521739E-2,2.173913043478E-2,
3.260869565217E-2,4.347826086957E-2,5.434782608696E-2,6.521739130435E-2,
7.608695652174E-2,8.695652173913E-2,9.782608695652E-2,1.086956521739E-1,
1.195652173913E-1,1.304347826087E-1,1.413043478261E-1,1.521739130435E-1,
1.630434782609E-1,1.739130434783E-1,1.847826086957E-1,1.956521739130E-1,
2.065217391304E-1,2.173913043478E-1,2.282608695652E-1,2.391304347826E-1,2.5E-1,
2.608695652174E-1,2.717391304348E-1,2.826086956522E-1,2.934782608696E-1,
3.043478260870E-1,3.152173913043E-1,3.260869565217E-1,3.369565217391E-1,
3.478260869565E-1,3.586956521739E-1,3.695652173913E-1,3.804347826087E-1,
3.913043478261E-1,4.021739130435E-1,4.130434782609E-1,4.239130434783E-1,
4.347826086957E-1,4.456521739130E-1,4.565217391304E-1,4.673913043478E-1,
4.782608695652E-1,4.891304347826E-1,5.E-1,5.108695652174E-1,5.217391304348E-1,
5.326086956522E-1,5.434782608696E-1,5.543478260870E-1,5.652173913043E-1,
5.760869565217E-1,5.869565217391E-1,5.978260869565E-1,6.086956521739E-1,
6.195652173913E-1,6.304347826087E-1,6.413043478261E-1,6.521739130435E-1,
6.630434782609E-1,6.739130434783E-1,6.847826086957E-1,6.956521739130E-1,
7.065217391304E-1,7.173913043478E-1,7.282608695652E-1,7.391304347826E-1,7.5E-1,
7.608695652174E-1,7.717391304348E-1,7.826086956522E-1,7.934782608696E-1,
8.043478260870E-1,8.152173913043E-1,8.260869565217E-1,8.369565217391E-1,
8.478260869565E-1,8.586956521739E-1,8.695652173913E-1,8.804347826087E-1,
8.913043478261E-1,9.021739130435E-1,9.130434782609E-1,9.239130434783E-1,
9.347826086957E-1,9.456521739130E-1,9.565217391304E-1,9.673913043478E-1,
9.782608695652E-1,9.891304347826E-1,1.E0),.UNSPECIFIED.);
#2749=B_SPLINE_CURVE_WITH_KNOTS('',3,(#2678,#2679,#2680,#2681,#2682,#2683,#2684,
#2685,#2686,#2687,#2688,#2689,#2690,#2691,#2692,#2693,#2694,#2695,#2696,#2697,
#2698,#2699,#2700,#2701,#2702,#2703,#2704,#2705,#2706,#2707,#2708,#2709,#2710,
#2711,#2712,#2713,#2714,#2715,#2716,#2717,#2718,#2719,#2720,#2721,#2722,#2723,
#2724,#2725,#2726,#2727,#2728,#2729,#2730,#2731,#2732,#2733,#2734,#2735,#2736,
#2737,#2738,#2739,#2740,#2741,#2742,#2743,#2744,#2745,#2746,#2747,#2748),
.UNSPECIFIED.,.F.,.F.,(4,1,1,1,1,1,1,1,1,1,1,1,1,1,1,1,1,1,1,1,1,1,1,1,1,1,1,1,
1,1,1,1,1,1,1,1,1,1,1,1,1,1,1,1,1,1,1,1,1,1,1,1,1,1,1,1,1,1,1,1,1,1,1,1,1,1,1,1,
4),(0.E0,1.470588235294E-2,2.941176470588E-2,4.411764705882E-2,
5.882352941176E-2,7.352941176471E-2,8.823529411765E-2,1.029411764706E-1,
1.176470588235E-1,1.323529411765E-1,1.470588235294E-1,1.617647058824E-1,
1.764705882353E-1,1.911764705882E-1,2.058823529412E-1,2.205882352941E-1,
2.352941176471E-1,2.5E-1,2.647058823529E-1,2.794117647059E-1,2.941176470588E-1,
3.088235294118E-1,3.235294117647E-1,3.382352941176E-1,3.529411764706E-1,
3.676470588235E-1,3.823529411765E-1,3.970588235294E-1,4.117647058824E-1,
4.264705882353E-1,4.411764705882E-1,4.558823529412E-1,4.705882352941E-1,
4.852941176471E-1,5.E-1,5.147058823529E-1,5.294117647059E-1,5.441176470588E-1,
5.588235294118E-1,5.735294117647E-1,5.882352941176E-1,6.029411764706E-1,
6.176470588235E-1,6.323529411765E-1,6.470588235294E-1,6.617647058824E-1,
6.764705882353E-1,6.911764705882E-1,7.058823529412E-1,7.205882352941E-1,
7.352941176471E-1,7.5E-1,7.647058823529E-1,7.794117647059E-1,7.941176470588E-1,
8.088235294118E-1,8.235294117647E-1,8.382352941176E-1,8.529411764706E-1,
8.676470588235E-1,8.823529411765E-1,8.970588235294E-1,9.117647058824E-1,
9.264705882353E-1,9.411764705882E-1,9.558823529412E-1,9.705882352941E-1,
9.852941176471E-1,1.E0),.UNSPECIFIED.);
#2821=B_SPLINE_CURVE_WITH_KNOTS('',3,(#2750,#2751,#2752,#2753,#2754,#2755,#2756,
#2757,#2758,#2759,#2760,#2761,#2762,#2763,#2764,#2765,#2766,#2767,#2768,#2769,
#2770,#2771,#2772,#2773,#2774,#2775,#2776,#2777,#2778,#2779,#2780,#2781,#2782,
#2783,#2784,#2785,#2786,#2787,#2788,#2789,#2790,#2791,#2792,#2793,#2794,#2795,
#2796,#2797,#2798,#2799,#2800,#2801,#2802,#2803,#2804,#2805,#2806,#2807,#2808,
#2809,#2810,#2811,#2812,#2813,#2814,#2815,#2816,#2817,#2818,#2819,#2820),
.UNSPECIFIED.,.F.,.F.,(4,1,1,1,1,1,1,1,1,1,1,1,1,1,1,1,1,1,1,1,1,1,1,1,1,1,1,1,
1,1,1,1,1,1,1,1,1,1,1,1,1,1,1,1,1,1,1,1,1,1,1,1,1,1,1,1,1,1,1,1,1,1,1,1,1,1,1,1,
4),(0.E0,1.470588235294E-2,2.941176470588E-2,4.411764705882E-2,
5.882352941176E-2,7.352941176471E-2,8.823529411765E-2,1.029411764706E-1,
1.176470588235E-1,1.323529411765E-1,1.470588235294E-1,1.617647058824E-1,
1.764705882353E-1,1.911764705882E-1,2.058823529412E-1,2.205882352941E-1,
2.352941176471E-1,2.5E-1,2.647058823529E-1,2.794117647059E-1,2.941176470588E-1,
3.088235294118E-1,3.235294117647E-1,3.382352941176E-1,3.529411764706E-1,
3.676470588235E-1,3.823529411765E-1,3.970588235294E-1,4.117647058824E-1,
4.264705882353E-1,4.411764705882E-1,4.558823529412E-1,4.705882352941E-1,
4.852941176471E-1,5.E-1,5.147058823529E-1,5.294117647059E-1,5.441176470588E-1,
5.588235294118E-1,5.735294117647E-1,5.882352941176E-1,6.029411764706E-1,
6.176470588235E-1,6.323529411765E-1,6.470588235294E-1,6.617647058824E-1,
6.764705882353E-1,6.911764705882E-1,7.058823529412E-1,7.205882352941E-1,
7.352941176471E-1,7.5E-1,7.647058823529E-1,7.794117647059E-1,7.941176470588E-1,
8.088235294118E-1,8.235294117647E-1,8.382352941176E-1,8.529411764706E-1,
8.676470588235E-1,8.823529411765E-1,8.970588235294E-1,9.117647058824E-1,
9.264705882353E-1,9.411764705882E-1,9.558823529412E-1,9.705882352941E-1,
9.852941176471E-1,1.E0),.UNSPECIFIED.);
#2897=B_SPLINE_CURVE_WITH_KNOTS('',3,(#2826,#2827,#2828,#2829,#2830,#2831,#2832,
#2833,#2834,#2835,#2836,#2837,#2838,#2839,#2840,#2841,#2842,#2843,#2844,#2845,
#2846,#2847,#2848,#2849,#2850,#2851,#2852,#2853,#2854,#2855,#2856,#2857,#2858,
#2859,#2860,#2861,#2862,#2863,#2864,#2865,#2866,#2867,#2868,#2869,#2870,#2871,
#2872,#2873,#2874,#2875,#2876,#2877,#2878,#2879,#2880,#2881,#2882,#2883,#2884,
#2885,#2886,#2887,#2888,#2889,#2890,#2891,#2892,#2893,#2894,#2895,#2896),
.UNSPECIFIED.,.F.,.F.,(4,1,1,1,1,1,1,1,1,1,1,1,1,1,1,1,1,1,1,1,1,1,1,1,1,1,1,1,
1,1,1,1,1,1,1,1,1,1,1,1,1,1,1,1,1,1,1,1,1,1,1,1,1,1,1,1,1,1,1,1,1,1,1,1,1,1,1,1,
4),(0.E0,1.470588235294E-2,2.941176470588E-2,4.411764705882E-2,
5.882352941176E-2,7.352941176471E-2,8.823529411765E-2,1.029411764706E-1,
1.176470588235E-1,1.323529411765E-1,1.470588235294E-1,1.617647058824E-1,
1.764705882353E-1,1.911764705882E-1,2.058823529412E-1,2.205882352941E-1,
2.352941176471E-1,2.5E-1,2.647058823529E-1,2.794117647059E-1,2.941176470588E-1,
3.088235294118E-1,3.235294117647E-1,3.382352941176E-1,3.529411764706E-1,
3.676470588235E-1,3.823529411765E-1,3.970588235294E-1,4.117647058824E-1,
4.264705882353E-1,4.411764705882E-1,4.558823529412E-1,4.705882352941E-1,
4.852941176471E-1,5.E-1,5.147058823529E-1,5.294117647059E-1,5.441176470588E-1,
5.588235294118E-1,5.735294117647E-1,5.882352941176E-1,6.029411764706E-1,
6.176470588235E-1,6.323529411765E-1,6.470588235294E-1,6.617647058824E-1,
6.764705882353E-1,6.911764705882E-1,7.058823529412E-1,7.205882352941E-1,
7.352941176471E-1,7.5E-1,7.647058823529E-1,7.794117647059E-1,7.941176470588E-1,
8.088235294118E-1,8.235294117647E-1,8.382352941176E-1,8.529411764706E-1,
8.676470588235E-1,8.823529411765E-1,8.970588235294E-1,9.117647058824E-1,
9.264705882353E-1,9.411764705882E-1,9.558823529412E-1,9.705882352941E-1,
9.852941176471E-1,1.E0),.UNSPECIFIED.);
#2973=B_SPLINE_CURVE_WITH_KNOTS('',3,(#2902,#2903,#2904,#2905,#2906,#2907,#2908,
#2909,#2910,#2911,#2912,#2913,#2914,#2915,#2916,#2917,#2918,#2919,#2920,#2921,
#2922,#2923,#2924,#2925,#2926,#2927,#2928,#2929,#2930,#2931,#2932,#2933,#2934,
#2935,#2936,#2937,#2938,#2939,#2940,#2941,#2942,#2943,#2944,#2945,#2946,#2947,
#2948,#2949,#2950,#2951,#2952,#2953,#2954,#2955,#2956,#2957,#2958,#2959,#2960,
#2961,#2962,#2963,#2964,#2965,#2966,#2967,#2968,#2969,#2970,#2971,#2972),
.UNSPECIFIED.,.F.,.F.,(4,1,1,1,1,1,1,1,1,1,1,1,1,1,1,1,1,1,1,1,1,1,1,1,1,1,1,1,
1,1,1,1,1,1,1,1,1,1,1,1,1,1,1,1,1,1,1,1,1,1,1,1,1,1,1,1,1,1,1,1,1,1,1,1,1,1,1,1,
4),(0.E0,1.470588235294E-2,2.941176470588E-2,4.411764705882E-2,
5.882352941176E-2,7.352941176471E-2,8.823529411765E-2,1.029411764706E-1,
1.176470588235E-1,1.323529411765E-1,1.470588235294E-1,1.617647058824E-1,
1.764705882353E-1,1.911764705882E-1,2.058823529412E-1,2.205882352941E-1,
2.352941176471E-1,2.5E-1,2.647058823529E-1,2.794117647059E-1,2.941176470588E-1,
3.088235294118E-1,3.235294117647E-1,3.382352941176E-1,3.529411764706E-1,
3.676470588235E-1,3.823529411765E-1,3.970588235294E-1,4.117647058824E-1,
4.264705882353E-1,4.411764705882E-1,4.558823529412E-1,4.705882352941E-1,
4.852941176471E-1,5.E-1,5.147058823529E-1,5.294117647059E-1,5.441176470588E-1,
5.588235294118E-1,5.735294117647E-1,5.882352941176E-1,6.029411764706E-1,
6.176470588235E-1,6.323529411765E-1,6.470588235294E-1,6.617647058824E-1,
6.764705882353E-1,6.911764705882E-1,7.058823529412E-1,7.205882352941E-1,
7.352941176471E-1,7.5E-1,7.647058823529E-1,7.794117647059E-1,7.941176470588E-1,
8.088235294118E-1,8.235294117647E-1,8.382352941176E-1,8.529411764706E-1,
8.676470588235E-1,8.823529411765E-1,8.970588235294E-1,9.117647058824E-1,
9.264705882353E-1,9.411764705882E-1,9.558823529412E-1,9.705882352941E-1,
9.852941176471E-1,1.E0),.UNSPECIFIED.);
#3066=B_SPLINE_CURVE_WITH_KNOTS('',3,(#2974,#2975,#2976,#2977,#2978,#2979,#2980,
#2981,#2982,#2983,#2984,#2985,#2986,#2987,#2988,#2989,#2990,#2991,#2992,#2993,
#2994,#2995,#2996,#2997,#2998,#2999,#3000,#3001,#3002,#3003,#3004,#3005,#3006,
#3007,#3008,#3009,#3010,#3011,#3012,#3013,#3014,#3015,#3016,#3017,#3018,#3019,
#3020,#3021,#3022,#3023,#3024,#3025,#3026,#3027,#3028,#3029,#3030,#3031,#3032,
#3033,#3034,#3035,#3036,#3037,#3038,#3039,#3040,#3041,#3042,#3043,#3044,#3045,
#3046,#3047,#3048,#3049,#3050,#3051,#3052,#3053,#3054,#3055,#3056,#3057,#3058,
#3059,#3060,#3061,#3062,#3063,#3064,#3065),.UNSPECIFIED.,.F.,.F.,(4,1,1,1,1,1,1,
1,1,1,1,1,1,1,1,1,1,1,1,1,1,1,1,1,1,1,1,1,1,1,1,1,1,1,1,1,1,1,1,1,1,1,1,1,1,1,1,
1,1,1,1,1,1,1,1,1,1,1,1,1,1,1,1,1,1,1,1,1,1,1,1,1,1,1,1,1,1,1,1,1,1,1,1,1,1,1,1,
1,1,4),(0.E0,1.123595505618E-2,2.247191011236E-2,3.370786516854E-2,
4.494382022472E-2,5.617977528090E-2,6.741573033708E-2,7.865168539326E-2,
8.988764044944E-2,1.011235955056E-1,1.123595505618E-1,1.235955056180E-1,
1.348314606742E-1,1.460674157303E-1,1.573033707865E-1,1.685393258427E-1,
1.797752808989E-1,1.910112359551E-1,2.022471910112E-1,2.134831460674E-1,
2.247191011236E-1,2.359550561798E-1,2.471910112360E-1,2.584269662921E-1,
2.696629213483E-1,2.808988764045E-1,2.921348314607E-1,3.033707865169E-1,
3.146067415730E-1,3.258426966292E-1,3.370786516854E-1,3.483146067416E-1,
3.595505617978E-1,3.707865168539E-1,3.820224719101E-1,3.932584269663E-1,
4.044943820225E-1,4.157303370787E-1,4.269662921348E-1,4.382022471910E-1,
4.494382022472E-1,4.606741573034E-1,4.719101123596E-1,4.831460674157E-1,
4.943820224719E-1,5.056179775281E-1,5.168539325843E-1,5.280898876404E-1,
5.393258426966E-1,5.505617977528E-1,5.617977528090E-1,5.730337078652E-1,
5.842696629213E-1,5.955056179775E-1,6.067415730337E-1,6.179775280899E-1,
6.292134831461E-1,6.404494382022E-1,6.516853932584E-1,6.629213483146E-1,
6.741573033708E-1,6.853932584270E-1,6.966292134831E-1,7.078651685393E-1,
7.191011235955E-1,7.303370786517E-1,7.415730337079E-1,7.528089887640E-1,
7.640449438202E-1,7.752808988764E-1,7.865168539326E-1,7.977528089888E-1,
8.089887640449E-1,8.202247191011E-1,8.314606741573E-1,8.426966292135E-1,
8.539325842697E-1,8.651685393258E-1,8.764044943820E-1,8.876404494382E-1,
8.988764044944E-1,9.101123595506E-1,9.213483146067E-1,9.325842696629E-1,
9.438202247191E-1,9.550561797753E-1,9.662921348315E-1,9.775280898876E-1,
9.887640449438E-1,1.E0),.UNSPECIFIED.);
#3175=B_SPLINE_CURVE_WITH_KNOTS('',3,(#3067,#3068,#3069,#3070,#3071,#3072,#3073,
#3074,#3075,#3076,#3077,#3078,#3079,#3080,#3081,#3082,#3083,#3084,#3085,#3086,
#3087,#3088,#3089,#3090,#3091,#3092,#3093,#3094,#3095,#3096,#3097,#3098,#3099,
#3100,#3101,#3102,#3103,#3104,#3105,#3106,#3107,#3108,#3109,#3110,#3111,#3112,
#3113,#3114,#3115,#3116,#3117,#3118,#3119,#3120,#3121,#3122,#3123,#3124,#3125,
#3126,#3127,#3128,#3129,#3130,#3131,#3132,#3133,#3134,#3135,#3136,#3137,#3138,
#3139,#3140,#3141,#3142,#3143,#3144,#3145,#3146,#3147,#3148,#3149,#3150,#3151,
#3152,#3153,#3154,#3155,#3156,#3157,#3158,#3159,#3160,#3161,#3162,#3163,#3164,
#3165,#3166,#3167,#3168,#3169,#3170,#3171,#3172,#3173,#3174),.UNSPECIFIED.,.F.,
.F.,(4,1,1,1,1,1,1,1,1,1,1,1,1,1,1,1,1,1,1,1,1,1,1,1,1,1,1,1,1,1,1,1,1,1,1,1,1,
1,1,1,1,1,1,1,1,1,1,1,1,1,1,1,1,1,1,1,1,1,1,1,1,1,1,1,1,1,1,1,1,1,1,1,1,1,1,1,1,
1,1,1,1,1,1,1,1,1,1,1,1,1,1,1,1,1,1,1,1,1,1,1,1,1,1,1,1,4),(0.E0,
9.523809523810E-3,1.904761904762E-2,2.857142857143E-2,3.809523809524E-2,
4.761904761905E-2,5.714285714286E-2,6.666666666667E-2,7.619047619048E-2,
8.571428571429E-2,9.523809523810E-2,1.047619047619E-1,1.142857142857E-1,
1.238095238095E-1,1.333333333333E-1,1.428571428571E-1,1.523809523810E-1,
1.619047619048E-1,1.714285714286E-1,1.809523809524E-1,1.904761904762E-1,2.E-1,
2.095238095238E-1,2.190476190476E-1,2.285714285714E-1,2.380952380952E-1,
2.476190476190E-1,2.571428571429E-1,2.666666666667E-1,2.761904761905E-1,
2.857142857143E-1,2.952380952381E-1,3.047619047619E-1,3.142857142857E-1,
3.238095238095E-1,3.333333333333E-1,3.428571428571E-1,3.523809523810E-1,
3.619047619048E-1,3.714285714286E-1,3.809523809524E-1,3.904761904762E-1,4.E-1,
4.095238095238E-1,4.190476190476E-1,4.285714285714E-1,4.380952380952E-1,
4.476190476190E-1,4.571428571429E-1,4.666666666667E-1,4.761904761905E-1,
4.857142857143E-1,4.952380952381E-1,5.047619047619E-1,5.142857142857E-1,
5.238095238095E-1,5.333333333333E-1,5.428571428571E-1,5.523809523810E-1,
5.619047619048E-1,5.714285714286E-1,5.809523809524E-1,5.904761904762E-1,6.E-1,
6.095238095238E-1,6.190476190476E-1,6.285714285714E-1,6.380952380952E-1,
6.476190476190E-1,6.571428571429E-1,6.666666666667E-1,6.761904761905E-1,
6.857142857143E-1,6.952380952381E-1,7.047619047619E-1,7.142857142857E-1,
7.238095238095E-1,7.333333333333E-1,7.428571428571E-1,7.523809523810E-1,
7.619047619048E-1,7.714285714286E-1,7.809523809524E-1,7.904761904762E-1,8.E-1,
8.095238095238E-1,8.190476190476E-1,8.285714285714E-1,8.380952380952E-1,
8.476190476190E-1,8.571428571429E-1,8.666666666667E-1,8.761904761905E-1,
8.857142857143E-1,8.952380952381E-1,9.047619047619E-1,9.142857142857E-1,
9.238095238095E-1,9.333333333333E-1,9.428571428571E-1,9.523809523810E-1,
9.619047619048E-1,9.714285714286E-1,9.809523809524E-1,9.904761904762E-1,1.E0),
.UNSPECIFIED.);
#3190=B_SPLINE_CURVE_WITH_KNOTS('',3,(#3180,#3181,#3182,#3183,#3184,#3185,#3186,
#3187,#3188,#3189),.UNSPECIFIED.,.F.,.F.,(4,1,1,1,1,1,1,4),(0.E0,
1.428571428571E-1,2.857142857143E-1,4.285714285714E-1,5.714285714286E-1,
7.142857142857E-1,8.571428571429E-1,1.E0),.UNSPECIFIED.);
#3202=B_SPLINE_CURVE_WITH_KNOTS('',3,(#3191,#3192,#3193,#3194,#3195,#3196,#3197,
#3198,#3199,#3200,#3201),.UNSPECIFIED.,.F.,.F.,(4,1,1,1,1,1,1,1,4),(0.E0,
1.25E-1,2.5E-1,3.75E-1,5.E-1,6.25E-1,7.5E-1,8.75E-1,1.E0),.UNSPECIFIED.);
#3214=B_SPLINE_CURVE_WITH_KNOTS('',3,(#3207,#3208,#3209,#3210,#3211,#3212,
#3213),.UNSPECIFIED.,.F.,.F.,(4,1,1,1,4),(0.E0,2.5E-1,5.E-1,7.5E-1,1.E0),
.UNSPECIFIED.);
#3231=B_SPLINE_CURVE_WITH_KNOTS('',3,(#3219,#3220,#3221,#3222,#3223,#3224,#3225,
#3226,#3227,#3228,#3229,#3230),.UNSPECIFIED.,.F.,.F.,(4,1,1,1,1,1,1,1,1,4),
(0.E0,1.111111111111E-1,2.222222222222E-1,3.333333333333E-1,4.444444444444E-1,
5.555555555556E-1,6.666666666667E-1,7.777777777778E-1,8.888888888889E-1,1.E0),
.UNSPECIFIED.);
#3248=B_SPLINE_CURVE_WITH_KNOTS('',3,(#3236,#3237,#3238,#3239,#3240,#3241,#3242,
#3243,#3244,#3245,#3246,#3247),.UNSPECIFIED.,.F.,.F.,(4,1,1,1,1,1,1,1,1,4),
(0.E0,1.111111111111E-1,2.222222222222E-1,3.333333333333E-1,4.444444444444E-1,
5.555555555556E-1,6.666666666667E-1,7.777777777778E-1,8.888888888889E-1,1.E0),
.UNSPECIFIED.);
#3260=B_SPLINE_CURVE_WITH_KNOTS('',3,(#3253,#3254,#3255,#3256,#3257,#3258,
#3259),.UNSPECIFIED.,.F.,.F.,(4,1,1,1,4),(0.E0,2.5E-1,5.E-1,7.5E-1,1.E0),
.UNSPECIFIED.);
#3282=B_SPLINE_CURVE_WITH_KNOTS('',3,(#3265,#3266,#3267,#3268,#3269,#3270,#3271,
#3272,#3273,#3274,#3275,#3276,#3277,#3278,#3279,#3280,#3281),.UNSPECIFIED.,.F.,
.F.,(4,1,1,1,1,1,1,1,1,1,1,1,1,1,4),(0.E0,7.142857142857E-2,1.428571428571E-1,
2.142857142857E-1,2.857142857143E-1,3.571428571429E-1,4.285714285714E-1,5.E-1,
5.714285714286E-1,6.428571428571E-1,7.142857142857E-1,7.857142857143E-1,
8.571428571429E-1,9.285714285714E-1,1.E0),.UNSPECIFIED.);
#3294=B_SPLINE_CURVE_WITH_KNOTS('',3,(#3287,#3288,#3289,#3290,#3291,#3292,
#3293),.UNSPECIFIED.,.F.,.F.,(4,1,1,1,4),(0.E0,2.5E-1,5.E-1,7.5E-1,1.E0),
.UNSPECIFIED.);
#3311=B_SPLINE_CURVE_WITH_KNOTS('',3,(#3299,#3300,#3301,#3302,#3303,#3304,#3305,
#3306,#3307,#3308,#3309,#3310),.UNSPECIFIED.,.F.,.F.,(4,1,1,1,1,1,1,1,1,4),
(0.E0,1.111111111111E-1,2.222222222222E-1,3.333333333333E-1,4.444444444444E-1,
5.555555555556E-1,6.666666666667E-1,7.777777777778E-1,8.888888888889E-1,1.E0),
.UNSPECIFIED.);
#3328=B_SPLINE_CURVE_WITH_KNOTS('',3,(#3316,#3317,#3318,#3319,#3320,#3321,#3322,
#3323,#3324,#3325,#3326,#3327),.UNSPECIFIED.,.F.,.F.,(4,1,1,1,1,1,1,1,1,4),
(0.E0,1.111111111111E-1,2.222222222222E-1,3.333333333333E-1,4.444444444444E-1,
5.555555555556E-1,6.666666666667E-1,7.777777777778E-1,8.888888888889E-1,1.E0),
.UNSPECIFIED.);
#3340=B_SPLINE_CURVE_WITH_KNOTS('',3,(#3333,#3334,#3335,#3336,#3337,#3338,
#3339),.UNSPECIFIED.,.F.,.F.,(4,1,1,1,4),(0.E0,2.5E-1,5.E-1,7.5E-1,1.E0),
.UNSPECIFIED.);
#3355=B_SPLINE_CURVE_WITH_KNOTS('',3,(#3345,#3346,#3347,#3348,#3349,#3350,#3351,
#3352,#3353,#3354),.UNSPECIFIED.,.F.,.F.,(4,1,1,1,1,1,1,4),(0.E0,
1.428571428571E-1,2.857142857143E-1,4.285714285714E-1,5.714285714286E-1,
7.142857142857E-1,8.571428571429E-1,1.E0),.UNSPECIFIED.);
#3367=B_SPLINE_CURVE_WITH_KNOTS('',3,(#3356,#3357,#3358,#3359,#3360,#3361,#3362,
#3363,#3364,#3365,#3366),.UNSPECIFIED.,.F.,.F.,(4,1,1,1,1,1,1,1,4),(0.E0,
1.25E-1,2.5E-1,3.75E-1,5.E-1,6.25E-1,7.5E-1,8.75E-1,1.E0),.UNSPECIFIED.);
#3379=B_SPLINE_CURVE_WITH_KNOTS('',3,(#3372,#3373,#3374,#3375,#3376,#3377,
#3378),.UNSPECIFIED.,.F.,.F.,(4,1,1,1,4),(0.E0,2.5E-1,5.E-1,7.5E-1,1.E0),
.UNSPECIFIED.);
#3396=B_SPLINE_CURVE_WITH_KNOTS('',3,(#3384,#3385,#3386,#3387,#3388,#3389,#3390,
#3391,#3392,#3393,#3394,#3395),.UNSPECIFIED.,.F.,.F.,(4,1,1,1,1,1,1,1,1,4),
(0.E0,1.111111111111E-1,2.222222222222E-1,3.333333333333E-1,4.444444444444E-1,
5.555555555556E-1,6.666666666667E-1,7.777777777778E-1,8.888888888889E-1,1.E0),
.UNSPECIFIED.);
#3413=B_SPLINE_CURVE_WITH_KNOTS('',3,(#3401,#3402,#3403,#3404,#3405,#3406,#3407,
#3408,#3409,#3410,#3411,#3412),.UNSPECIFIED.,.F.,.F.,(4,1,1,1,1,1,1,1,1,4),
(0.E0,1.111111111111E-1,2.222222222222E-1,3.333333333333E-1,4.444444444444E-1,
5.555555555556E-1,6.666666666667E-1,7.777777777778E-1,8.888888888889E-1,1.E0),
.UNSPECIFIED.);
#3425=B_SPLINE_CURVE_WITH_KNOTS('',3,(#3418,#3419,#3420,#3421,#3422,#3423,
#3424),.UNSPECIFIED.,.F.,.F.,(4,1,1,1,4),(0.E0,2.5E-1,5.E-1,7.5E-1,1.E0),
.UNSPECIFIED.);
#3447=B_SPLINE_CURVE_WITH_KNOTS('',3,(#3430,#3431,#3432,#3433,#3434,#3435,#3436,
#3437,#3438,#3439,#3440,#3441,#3442,#3443,#3444,#3445,#3446),.UNSPECIFIED.,.F.,
.F.,(4,1,1,1,1,1,1,1,1,1,1,1,1,1,4),(0.E0,7.142857142857E-2,1.428571428571E-1,
2.142857142857E-1,2.857142857143E-1,3.571428571429E-1,4.285714285714E-1,5.E-1,
5.714285714286E-1,6.428571428571E-1,7.142857142857E-1,7.857142857143E-1,
8.571428571429E-1,9.285714285714E-1,1.E0),.UNSPECIFIED.);
#3459=B_SPLINE_CURVE_WITH_KNOTS('',3,(#3452,#3453,#3454,#3455,#3456,#3457,
#3458),.UNSPECIFIED.,.F.,.F.,(4,1,1,1,4),(0.E0,2.5E-1,5.E-1,7.5E-1,1.E0),
.UNSPECIFIED.);
#3476=B_SPLINE_CURVE_WITH_KNOTS('',3,(#3464,#3465,#3466,#3467,#3468,#3469,#3470,
#3471,#3472,#3473,#3474,#3475),.UNSPECIFIED.,.F.,.F.,(4,1,1,1,1,1,1,1,1,4),
(0.E0,1.111111111111E-1,2.222222222222E-1,3.333333333333E-1,4.444444444444E-1,
5.555555555556E-1,6.666666666667E-1,7.777777777778E-1,8.888888888889E-1,1.E0),
.UNSPECIFIED.);
#3493=B_SPLINE_CURVE_WITH_KNOTS('',3,(#3481,#3482,#3483,#3484,#3485,#3486,#3487,
#3488,#3489,#3490,#3491,#3492),.UNSPECIFIED.,.F.,.F.,(4,1,1,1,1,1,1,1,1,4),
(0.E0,1.111111111111E-1,2.222222222222E-1,3.333333333333E-1,4.444444444444E-1,
5.555555555556E-1,6.666666666667E-1,7.777777777778E-1,8.888888888889E-1,1.E0),
.UNSPECIFIED.);
#3505=B_SPLINE_CURVE_WITH_KNOTS('',3,(#3498,#3499,#3500,#3501,#3502,#3503,
#3504),.UNSPECIFIED.,.F.,.F.,(4,1,1,1,4),(0.E0,2.5E-1,5.E-1,7.5E-1,1.E0),
.UNSPECIFIED.);
#3665=EDGE_CURVE('',#3525,#3526,#18,.T.);
#3667=EDGE_CURVE('',#3525,#3526,#23,.T.);
#3671=EDGE_CURVE('',#3578,#3579,#27,.T.);
#3673=EDGE_CURVE('',#3579,#3581,#31,.T.);
#3675=EDGE_CURVE('',#3581,#3583,#35,.T.);
#3677=EDGE_CURVE('',#3583,#3585,#39,.T.);
#3679=EDGE_CURVE('',#3585,#3587,#43,.T.);
#3681=EDGE_CURVE('',#3587,#3589,#47,.T.);
#3683=EDGE_CURVE('',#3589,#3591,#51,.T.);
#3685=EDGE_CURVE('',#3591,#3593,#55,.T.);
#3687=EDGE_CURVE('',#3593,#3595,#59,.T.);
#3689=EDGE_CURVE('',#3595,#3597,#63,.T.);
#3691=EDGE_CURVE('',#3597,#3599,#67,.T.);
#3693=EDGE_CURVE('',#3599,#3601,#71,.T.);
#3695=EDGE_CURVE('',#3601,#3603,#75,.T.);
#3697=EDGE_CURVE('',#3603,#3605,#79,.T.);
#3699=EDGE_CURVE('',#3605,#3607,#83,.T.);
#3701=EDGE_CURVE('',#3607,#3609,#87,.T.);
#3703=EDGE_CURVE('',#3609,#3611,#91,.T.);
#3705=EDGE_CURVE('',#3611,#3613,#95,.T.);
#3707=EDGE_CURVE('',#3613,#3615,#99,.T.);
#3709=EDGE_CURVE('',#3615,#3578,#103,.T.);
#3713=ADVANCED_FACE('',(#3670,#3712),#3664,.F.);
#3719=EDGE_CURVE('',#3528,#3525,#107,.T.);
#3722=EDGE_CURVE('',#3530,#3526,#111,.T.);
#3724=EDGE_CURVE('',#3530,#3528,#137,.T.);
#3728=ADVANCED_FACE('',(#3727),#3718,.T.);
#3735=EDGE_CURVE('',#3528,#3530,#116,.T.);
#3741=ADVANCED_FACE('',(#3740),#3733,.T.);
#3748=EDGE_CURVE('',#3528,#3522,#186,.T.);
#3750=EDGE_CURVE('',#3522,#3521,#132,.T.);
#3752=EDGE_CURVE('',#3519,#3521,#245,.T.);
#3754=EDGE_CURVE('',#3519,#3517,#232,.T.);
#3756=EDGE_CURVE('',#3516,#3517,#182,.T.);
#3758=EDGE_CURVE('',#3573,#3516,#178,.T.);
#3760=EDGE_CURVE('',#3530,#3573,#141,.T.);
#3764=ADVANCED_FACE('',(#3763),#3746,.T.);
#3774=EDGE_CURVE('',#3521,#3517,#227,.T.);
#3780=ADVANCED_FACE('',(#3779),#3769,.T.);
#3786=EDGE_CURVE('',#3519,#3565,#222,.T.);
#3788=EDGE_CURVE('',#3575,#3565,#1057,.T.);
#3790=EDGE_CURVE('',#3521,#3575,#309,.T.);
#3796=ADVANCED_FACE('',(#3795),#3785,.T.);
#4067=EDGE_CURVE('',#3519,#3570,#240,.T.);
#4069=EDGE_CURVE('',#3561,#3570,#3066,.T.);
#4071=EDGE_CURVE('',#3561,#3545,#2107,.T.);
#4073=EDGE_CURVE('',#3545,#3546,#2897,.T.);
#4075=EDGE_CURVE('',#3558,#3546,#2031,.T.);
#4077=EDGE_CURVE('',#3564,#3558,#2821,.T.);
#4079=EDGE_CURVE('',#3564,#3550,#1878,.T.);
#4081=EDGE_CURVE('',#3550,#3554,#236,.T.);
#4083=EDGE_CURVE('',#3554,#3565,#964,.T.);
#4087=ADVANCED_FACE('',(#4086),#4065,.F.);
#4095=EDGE_CURVE('',#3569,#3521,#300,.T.);
#4097=EDGE_CURVE('',#3569,#3570,#305,.T.);
#4101=ADVANCED_FACE('',(#4100),#4092,.T.);
#4372=EDGE_CURVE('',#3556,#3575,#619,.T.);
#4374=EDGE_CURVE('',#3556,#3552,#623,.T.);
#4376=EDGE_CURVE('',#3552,#3547,#1922,.T.);
#4378=EDGE_CURVE('',#3547,#3548,#2973,.T.);
#4380=EDGE_CURVE('',#3548,#3562,#2183,.T.);
#4382=EDGE_CURVE('',#3569,#3562,#3175,.T.);
#4387=ADVANCED_FACE('',(#4386),#4370,.F.);
#5127=EDGE_CURVE('',#3554,#3556,#990,.T.);
#5133=ADVANCED_FACE('',(#5132),#5125,.F.);
#5872=EDGE_CURVE('',#3571,#3566,#1173,.T.);
#5874=EDGE_CURVE('',#3571,#3556,#2493,.T.);
#5877=EDGE_CURVE('',#3566,#3554,#1452,.T.);
#5881=ADVANCED_FACE('',(#5880),#5871,.F.);
#5887=EDGE_CURVE('',#3536,#3542,#1531,.T.);
#5889=EDGE_CURVE('',#3541,#3542,#2577,.T.);
#5891=EDGE_CURVE('',#3541,#3571,#1616,.T.);
#5894=EDGE_CURVE('',#3566,#3538,#1720,.T.);
#5896=EDGE_CURVE('',#3538,#3534,#1620,.T.);
#5898=EDGE_CURVE('',#3534,#3533,#1730,.T.);
#5900=EDGE_CURVE('',#3536,#3533,#1624,.T.);
#5904=ADVANCED_FACE('',(#5903),#5886,.T.);
#6174=EDGE_CURVE('',#3538,#3536,#1692,.T.);
#6179=EDGE_CURVE('',#3550,#3551,#1838,.T.);
#6181=EDGE_CURVE('',#3542,#3551,#2673,.T.);
#6186=ADVANCED_FACE('',(#6185),#6173,.F.);
#6192=EDGE_CURVE('',#3533,#3534,#1725,.T.);
#6199=ADVANCED_FACE('',(#6198),#6191,.T.);
#6209=ADVANCED_FACE('',(#6208),#6204,.T.);
#6215=EDGE_CURVE('',#3549,#3543,#1802,.T.);
#6217=EDGE_CURVE('',#3551,#3549,#2677,.T.);
#6221=EDGE_CURVE('',#3564,#3543,#1882,.T.);
#6225=ADVANCED_FACE('',(#6224),#6214,.T.);
#6232=EDGE_CURVE('',#3544,#3552,#1959,.T.);
#6234=EDGE_CURVE('',#3558,#3544,#2825,.T.);
#6237=EDGE_CURVE('',#3546,#3547,#2035,.T.);
#6241=ADVANCED_FACE('',(#6240),#6230,.T.);
#6247=EDGE_CURVE('',#3545,#3548,#2901,.T.);
#6250=EDGE_CURVE('',#3561,#3562,#2111,.T.);
#6255=ADVANCED_FACE('',(#6254),#6246,.T.);
#6526=EDGE_CURVE('',#3549,#3541,#2572,.T.);
#6529=EDGE_CURVE('',#3543,#3544,#2749,.T.);
#6536=ADVANCED_FACE('',(#6535),#6524,.F.);
#6548=ADVANCED_FACE('',(#6547),#6541,.T.);
#6560=ADVANCED_FACE('',(#6559),#6553,.T.);
#6572=ADVANCED_FACE('',(#6571),#6565,.T.);
#6584=ADVANCED_FACE('',(#6583),#6577,.T.);
#6590=EDGE_CURVE('',#3578,#3617,#3179,.T.);
#6592=EDGE_CURVE('',#3656,#3617,#3190,.T.);
#6594=EDGE_CURVE('',#3619,#3656,#3202,.T.);
#6596=EDGE_CURVE('',#3579,#3619,#3497,.T.);
#6601=ADVANCED_FACE('',(#6600),#6589,.F.);
#6609=EDGE_CURVE('',#3615,#3655,#3206,.T.);
#6611=EDGE_CURVE('',#3617,#3655,#3214,.T.);
#6615=ADVANCED_FACE('',(#6614),#6606,.F.);
#6621=EDGE_CURVE('',#3613,#3653,#3218,.T.);
#6623=EDGE_CURVE('',#3655,#3653,#3231,.T.);
#6629=ADVANCED_FACE('',(#6628),#6620,.F.);
#6635=EDGE_CURVE('',#3611,#3651,#3235,.T.);
#6637=EDGE_CURVE('',#3653,#3651,#3248,.T.);
#6643=ADVANCED_FACE('',(#6642),#6634,.F.);
#6649=EDGE_CURVE('',#3609,#3649,#3252,.T.);
#6651=EDGE_CURVE('',#3651,#3649,#3260,.T.);
#6657=ADVANCED_FACE('',(#6656),#6648,.F.);
#6663=EDGE_CURVE('',#3607,#3647,#3264,.T.);
#6665=EDGE_CURVE('',#3649,#3647,#3282,.T.);
#6671=ADVANCED_FACE('',(#6670),#6662,.F.);
#6677=EDGE_CURVE('',#3605,#3645,#3286,.T.);
#6679=EDGE_CURVE('',#3647,#3645,#3294,.T.);
#6685=ADVANCED_FACE('',(#6684),#6676,.F.);
#6691=EDGE_CURVE('',#3603,#3643,#3298,.T.);
#6693=EDGE_CURVE('',#3645,#3643,#3311,.T.);
#6699=ADVANCED_FACE('',(#6698),#6690,.F.);
#6705=EDGE_CURVE('',#3601,#3641,#3315,.T.);
#6707=EDGE_CURVE('',#3643,#3641,#3328,.T.);
#6713=ADVANCED_FACE('',(#6712),#6704,.F.);
#6719=EDGE_CURVE('',#3599,#3639,#3332,.T.);
#6721=EDGE_CURVE('',#3641,#3639,#3340,.T.);
#6727=ADVANCED_FACE('',(#6726),#6718,.F.);
#6733=EDGE_CURVE('',#3597,#3637,#3344,.T.);
#6735=EDGE_CURVE('',#3657,#3637,#3355,.T.);
#6737=EDGE_CURVE('',#3639,#3657,#3367,.T.);
#6743=ADVANCED_FACE('',(#6742),#6732,.F.);
#6749=EDGE_CURVE('',#3595,#3635,#3371,.T.);
#6751=EDGE_CURVE('',#3637,#3635,#3379,.T.);
#6757=ADVANCED_FACE('',(#6756),#6748,.F.);
#6763=EDGE_CURVE('',#3593,#3633,#3383,.T.);
#6765=EDGE_CURVE('',#3635,#3633,#3396,.T.);
#6771=ADVANCED_FACE('',(#6770),#6762,.F.);
#6777=EDGE_CURVE('',#3591,#3631,#3400,.T.);
#6779=EDGE_CURVE('',#3633,#3631,#3413,.T.);
#6785=ADVANCED_FACE('',(#6784),#6776,.F.);
#6791=EDGE_CURVE('',#3589,#3629,#3417,.T.);
#6793=EDGE_CURVE('',#3631,#3629,#3425,.T.);
#6799=ADVANCED_FACE('',(#6798),#6790,.F.);
#6805=EDGE_CURVE('',#3587,#3627,#3429,.T.);
#6807=EDGE_CURVE('',#3629,#3627,#3447,.T.);
#6813=ADVANCED_FACE('',(#6812),#6804,.F.);
#6819=EDGE_CURVE('',#3585,#3625,#3451,.T.);
#6821=EDGE_CURVE('',#3627,#3625,#3459,.T.);
#6827=ADVANCED_FACE('',(#6826),#6818,.F.);
#6833=EDGE_CURVE('',#3583,#3623,#3463,.T.);
#6835=EDGE_CURVE('',#3625,#3623,#3476,.T.);
#6841=ADVANCED_FACE('',(#6840),#6832,.F.);
#6847=EDGE_CURVE('',#3581,#3621,#3480,.T.);
#6849=EDGE_CURVE('',#3623,#3621,#3493,.T.);
#6855=ADVANCED_FACE('',(#6854),#6846,.F.);
#6862=EDGE_CURVE('',#3621,#3619,#3505,.T.);
#6868=ADVANCED_FACE('',(#6867),#6860,.F.);
#6875=EDGE_CURVE('',#3656,#3659,#3509,.T.);
#6877=EDGE_CURVE('',#3657,#3659,#3513,.T.);
#6891=ADVANCED_FACE('',(#6890),#6873,.F.);
#6912=ADVANCED_FACE('',(#6911),#6896,.F.);
#6915=(LENGTH_UNIT()NAMED_UNIT(*)SI_UNIT(.MILLI.,.METRE.));
#6918=(NAMED_UNIT(*)PLANE_ANGLE_UNIT()SI_UNIT($,.RADIAN.));
#6921=(NAMED_UNIT(*)SI_UNIT($,.STERADIAN.)SOLID_ANGLE_UNIT());
#6923=(GEOMETRIC_REPRESENTATION_CONTEXT(3)GLOBAL_UNCERTAINTY_ASSIGNED_CONTEXT((
#6922))GLOBAL_UNIT_ASSIGNED_CONTEXT((#6917,#6920,#6921))REPRESENTATION_CONTEXT(
'ID1','3'));
#6927=AXIS2_PLACEMENT_3D('',#6924,#6925,#6926);
#6928=ADVANCED_BREP_SHAPE_REPRESENTATION('',(#6927,#6914),#6923);
#6935=PRODUCT_DEFINITION('part definition','',#6934,#6931);
#6936=PRODUCT_DEFINITION_SHAPE('','SHAPE FOR PENCOM_MS_82FLAT_PH_INCH_AF0.',
#6935);
#6937=SHAPE_ASPECT('','solid data associated with PENCOM_MS_82FLAT_PH_INCH_AF0',
#6936,.F.);
#6938=PROPERTY_DEFINITION('',
'shape for solid data with which properties are associated',#6937);
#6939=SHAPE_REPRESENTATION('',(#6914),#6923);
#6940=SHAPE_DEFINITION_REPRESENTATION(#6938,#6939);
#6941=(LENGTH_UNIT()NAMED_UNIT(*)SI_UNIT(.MILLI.,.METRE.));
#6947=PROPERTY_DEFINITION('geometric validation property',
'area of PENCOM_MS_82FLAT_PH_INCH_AF0',#6937);
#6948=REPRESENTATION('surface area',(#6946),#6923);
#6949=PROPERTY_DEFINITION_REPRESENTATION(#6947,#6948);
#6950=(LENGTH_UNIT()NAMED_UNIT(*)SI_UNIT(.MILLI.,.METRE.));
#6956=PROPERTY_DEFINITION('geometric validation property',
'volume of PENCOM_MS_82FLAT_PH_INCH_AF0',#6937);
#6957=REPRESENTATION('volume',(#6955),#6923);
#6958=PROPERTY_DEFINITION_REPRESENTATION(#6956,#6957);
#6960=PROPERTY_DEFINITION('geometric validation property',
'centroid of PENCOM_MS_82FLAT_PH_INCH_AF0',#6937);
#6961=REPRESENTATION('centroid',(#6959),#6923);
#6962=PROPERTY_DEFINITION_REPRESENTATION(#6960,#6961);
#6963=(LENGTH_UNIT()NAMED_UNIT(*)SI_UNIT(.MILLI.,.METRE.));
#6969=PROPERTY_DEFINITION('geometric validation property',
'area of PENCOM_MS_82FLAT_PH_INCH_AF0',#6936);
#6970=REPRESENTATION('surface area',(#6968),#6923);
#6971=PROPERTY_DEFINITION_REPRESENTATION(#6969,#6970);
#6972=(LENGTH_UNIT()NAMED_UNIT(*)SI_UNIT(.MILLI.,.METRE.));
#6978=PROPERTY_DEFINITION('geometric validation property',
'volume of PENCOM_MS_82FLAT_PH_INCH_AF0',#6936);
#6979=REPRESENTATION('volume',(#6977),#6923);
#6980=PROPERTY_DEFINITION_REPRESENTATION(#6978,#6979);
#6982=PROPERTY_DEFINITION('geometric validation property',
'centroid of PENCOM_MS_82FLAT_PH_INCH_AF0',#6936);
#6983=REPRESENTATION('centroid',(#6981),#6923);
#6984=PROPERTY_DEFINITION_REPRESENTATION(#6982,#6983);
#6985=SHAPE_DEFINITION_REPRESENTATION(#6936,#6928);
#6986=PROPERTY_DEFINITION('DESCRIPTION','user defined attribute',#6935);
#6990=REPRESENTATION('',(#6989),#6923);
#6991=PROPERTY_DEFINITION_REPRESENTATION(#6986,#6990);
#6992=PROPERTY_DEFINITION('DESC','user defined attribute',#6935);
#6996=REPRESENTATION('',(#6995),#6923);
#6997=PROPERTY_DEFINITION_REPRESENTATION(#6992,#6996);
#6998=PROPERTY_DEFINITION('PITCH','user defined attribute',#6935);
#7002=REPRESENTATION('',(#7001),#6923);
#7003=PROPERTY_DEFINITION_REPRESENTATION(#6998,#7002);
#7005=REPRESENTATION('',(#7004),#6923);
#7006=PROPERTY_DEFINITION('attribute type designation','Real Number',#6999);
#7007=PROPERTY_DEFINITION_REPRESENTATION(#7006,#7005);
#7008=PROPERTY_DEFINITION('TPI','user defined attribute',#6935);
#7012=REPRESENTATION('',(#7011),#6923);
#7013=PROPERTY_DEFINITION_REPRESENTATION(#7008,#7012);
#7015=REPRESENTATION('',(#7014),#6923);
#7016=PROPERTY_DEFINITION('attribute type designation','Real Number',#7009);
#7017=PROPERTY_DEFINITION_REPRESENTATION(#7016,#7015);
#7018=PROPERTY_DEFINITION('SHOW_THREADS','user defined attribute',#6935);
#7022=REPRESENTATION('',(#7021),#6923);
#7023=PROPERTY_DEFINITION_REPRESENTATION(#7018,#7022);
#7024=PROPERTY_DEFINITION('L','user defined attribute',#6935);
#7028=REPRESENTATION('',(#7027),#6923);
#7029=PROPERTY_DEFINITION_REPRESENTATION(#7024,#7028);
#7031=REPRESENTATION('',(#7030),#6923);
#7032=PROPERTY_DEFINITION('attribute type designation','Real Number',#7025);
#7033=PROPERTY_DEFINITION_REPRESENTATION(#7032,#7031);
#7034=PROPERTY_DEFINITION('THREAD_TYPE','user defined attribute',#6935);
#7038=REPRESENTATION('',(#7037),#6923);
#7039=PROPERTY_DEFINITION_REPRESENTATION(#7034,#7038);
#7040=PROPERTY_DEFINITION('THREAD_SIZE','user defined attribute',#6935);
#7044=REPRESENTATION('',(#7043),#6923);
#7045=PROPERTY_DEFINITION_REPRESENTATION(#7040,#7044);
#7046=PROPERTY_DEFINITION('CLASS','user defined attribute',#6935);
#7050=REPRESENTATION('',(#7049),#6923);
#7051=PROPERTY_DEFINITION_REPRESENTATION(#7046,#7050);
#7052=PROPERTY_DEFINITION('H','user defined attribute',#6935);
#7056=REPRESENTATION('',(#7055),#6923);
#7057=PROPERTY_DEFINITION_REPRESENTATION(#7052,#7056);
#7059=REPRESENTATION('',(#7058),#6923);
#7060=PROPERTY_DEFINITION('attribute type designation','Real Number',#7053);
#7061=PROPERTY_DEFINITION_REPRESENTATION(#7060,#7059);
#7062=PROPERTY_DEFINITION('A','user defined attribute',#6935);
#7066=REPRESENTATION('',(#7065),#6923);
#7067=PROPERTY_DEFINITION_REPRESENTATION(#7062,#7066);
#7069=REPRESENTATION('',(#7068),#6923);
#7070=PROPERTY_DEFINITION('attribute type designation','Real Number',#7063);
#7071=PROPERTY_DEFINITION_REPRESENTATION(#7070,#7069);
#7072=PROPERTY_DEFINITION('R','user defined attribute',#6935);
#7076=REPRESENTATION('',(#7075),#6923);
#7077=PROPERTY_DEFINITION_REPRESENTATION(#7072,#7076);
#7079=REPRESENTATION('',(#7078),#6923);
#7080=PROPERTY_DEFINITION('attribute type designation','Real Number',#7073);
#7081=PROPERTY_DEFINITION_REPRESENTATION(#7080,#7079);
#7082=PROPERTY_DEFINITION('HEAD_TYPE','user defined attribute',#6935);
#7086=REPRESENTATION('',(#7085),#6923);
#7087=PROPERTY_DEFINITION_REPRESENTATION(#7082,#7086);
#7088=PROPERTY_DEFINITION('RECESS','user defined attribute',#6935);
#7092=REPRESENTATION('',(#7091),#6923);
#7093=PROPERTY_DEFINITION_REPRESENTATION(#7088,#7092);
#7094=PROPERTY_DEFINITION('A_MIN','user defined attribute',#6935);
#7098=REPRESENTATION('',(#7097),#6923);
#7099=PROPERTY_DEFINITION_REPRESENTATION(#7094,#7098);
#7101=REPRESENTATION('',(#7100),#6923);
#7102=PROPERTY_DEFINITION('attribute type designation','Real Number',#7095);
#7103=PROPERTY_DEFINITION_REPRESENTATION(#7102,#7101);
#7104=PROPERTY_DEFINITION('A_MAX','user defined attribute',#6935);
#7108=REPRESENTATION('',(#7107),#6923);
#7109=PROPERTY_DEFINITION_REPRESENTATION(#7104,#7108);
#7111=REPRESENTATION('',(#7110),#6923);
#7112=PROPERTY_DEFINITION('attribute type designation','Real Number',#7105);
#7113=PROPERTY_DEFINITION_REPRESENTATION(#7112,#7111);
#7114=PROPERTY_DEFINITION('H_MIN','user defined attribute',#6935);
#7118=REPRESENTATION('',(#7117),#6923);
#7119=PROPERTY_DEFINITION_REPRESENTATION(#7114,#7118);
#7121=REPRESENTATION('',(#7120),#6923);
#7122=PROPERTY_DEFINITION('attribute type designation','Real Number',#7115);
#7123=PROPERTY_DEFINITION_REPRESENTATION(#7122,#7121);
#7124=PROPERTY_DEFINITION('H_MAX','user defined attribute',#6935);
#7128=REPRESENTATION('',(#7127),#6923);
#7129=PROPERTY_DEFINITION_REPRESENTATION(#7124,#7128);
#7131=REPRESENTATION('',(#7130),#6923);
#7132=PROPERTY_DEFINITION('attribute type designation','Real Number',#7125);
#7133=PROPERTY_DEFINITION_REPRESENTATION(#7132,#7131);
#7134=PROPERTY_DEFINITION('HEAD_OVER','user defined attribute',#6935);
#7138=REPRESENTATION('',(#7137),#6923);
#7139=PROPERTY_DEFINITION_REPRESENTATION(#7134,#7138);
#7141=REPRESENTATION('',(#7140),#6923);
#7142=PROPERTY_DEFINITION('attribute type designation','Real Number',#7135);
#7143=PROPERTY_DEFINITION_REPRESENTATION(#7142,#7141);
#7144=PROPERTY_DEFINITION('DRAWING_DIMS','user defined attribute',#6935);
#7148=REPRESENTATION('',(#7147),#6923);
#7149=PROPERTY_DEFINITION_REPRESENTATION(#7144,#7148);
#7150=PROPERTY_DEFINITION('J_MAX','user defined attribute',#6935);
#7154=REPRESENTATION('',(#7153),#6923);
#7155=PROPERTY_DEFINITION_REPRESENTATION(#7150,#7154);
#7157=REPRESENTATION('',(#7156),#6923);
#7158=PROPERTY_DEFINITION('attribute type designation','Real Number',#7151);
#7159=PROPERTY_DEFINITION_REPRESENTATION(#7158,#7157);
#7160=PROPERTY_DEFINITION('J_MIN','user defined attribute',#6935);
#7164=REPRESENTATION('',(#7163),#6923);
#7165=PROPERTY_DEFINITION_REPRESENTATION(#7160,#7164);
#7167=REPRESENTATION('',(#7166),#6923);
#7168=PROPERTY_DEFINITION('attribute type designation','Real Number',#7161);
#7169=PROPERTY_DEFINITION_REPRESENTATION(#7168,#7167);
#7170=PROPERTY_DEFINITION('T_MAX','user defined attribute',#6935);
#7174=REPRESENTATION('',(#7173),#6923);
#7175=PROPERTY_DEFINITION_REPRESENTATION(#7170,#7174);
#7177=REPRESENTATION('',(#7176),#6923);
#7178=PROPERTY_DEFINITION('attribute type designation','Real Number',#7171);
#7179=PROPERTY_DEFINITION_REPRESENTATION(#7178,#7177);
#7180=PROPERTY_DEFINITION('T_MIN','user defined attribute',#6935);
#7184=REPRESENTATION('',(#7183),#6923);
#7185=PROPERTY_DEFINITION_REPRESENTATION(#7180,#7184);
#7187=REPRESENTATION('',(#7186),#6923);
#7188=PROPERTY_DEFINITION('attribute type designation','Real Number',#7181);
#7189=PROPERTY_DEFINITION_REPRESENTATION(#7188,#7187);
#7190=PROPERTY_DEFINITION('TORX_A','user defined attribute',#6935);
#7194=REPRESENTATION('',(#7193),#6923);
#7195=PROPERTY_DEFINITION_REPRESENTATION(#7190,#7194);
#7197=REPRESENTATION('',(#7196),#6923);
#7198=PROPERTY_DEFINITION('attribute type designation','Real Number',#7191);
#7199=PROPERTY_DEFINITION_REPRESENTATION(#7198,#7197);
#7200=PROPERTY_DEFINITION('TORX_I','user defined attribute',#6935);
#7204=REPRESENTATION('',(#7203),#6923);
#7205=PROPERTY_DEFINITION_REPRESENTATION(#7200,#7204);
#7207=REPRESENTATION('',(#7206),#6923);
#7208=PROPERTY_DEFINITION('attribute type designation','Real Number',#7201);
#7209=PROPERTY_DEFINITION_REPRESENTATION(#7208,#7207);
#7210=PROPERTY_DEFINITION('TORX_Z','user defined attribute',#6935);
#7214=REPRESENTATION('',(#7213),#6923);
#7215=PROPERTY_DEFINITION_REPRESENTATION(#7210,#7214);
#7217=REPRESENTATION('',(#7216),#6923);
#7218=PROPERTY_DEFINITION('attribute type designation','Real Number',#7211);
#7219=PROPERTY_DEFINITION_REPRESENTATION(#7218,#7217);
#7220=PROPERTY_DEFINITION('TORX_J','user defined attribute',#6935);
#7224=REPRESENTATION('',(#7223),#6923);
#7225=PROPERTY_DEFINITION_REPRESENTATION(#7220,#7224);
#7227=REPRESENTATION('',(#7226),#6923);
#7228=PROPERTY_DEFINITION('attribute type designation','Real Number',#7221);
#7229=PROPERTY_DEFINITION_REPRESENTATION(#7228,#7227);
#7230=PROPERTY_DEFINITION('TORX_Q','user defined attribute',#6935);
#7234=REPRESENTATION('',(#7233),#6923);
#7235=PROPERTY_DEFINITION_REPRESENTATION(#7230,#7234);
#7237=REPRESENTATION('',(#7236),#6923);
#7238=PROPERTY_DEFINITION('attribute type designation','Real Number',#7231);
#7239=PROPERTY_DEFINITION_REPRESENTATION(#7238,#7237);
#7240=PROPERTY_DEFINITION('M','user defined attribute',#6935);
#7244=REPRESENTATION('',(#7243),#6923);
#7245=PROPERTY_DEFINITION_REPRESENTATION(#7240,#7244);
#7247=REPRESENTATION('',(#7246),#6923);
#7248=PROPERTY_DEFINITION('attribute type designation','Real Number',#7241);
#7249=PROPERTY_DEFINITION_REPRESENTATION(#7248,#7247);
#7250=PROPERTY_DEFINITION('N','user defined attribute',#6935);
#7254=REPRESENTATION('',(#7253),#6923);
#7255=PROPERTY_DEFINITION_REPRESENTATION(#7250,#7254);
#7257=REPRESENTATION('',(#7256),#6923);
#7258=PROPERTY_DEFINITION('attribute type designation','Real Number',#7251);
#7259=PROPERTY_DEFINITION_REPRESENTATION(#7258,#7257);
#7260=PROPERTY_DEFINITION('P_MIN','user defined attribute',#6935);
#7264=REPRESENTATION('',(#7263),#6923);
#7265=PROPERTY_DEFINITION_REPRESENTATION(#7260,#7264);
#7267=REPRESENTATION('',(#7266),#6923);
#7268=PROPERTY_DEFINITION('attribute type designation','Real Number',#7261);
#7269=PROPERTY_DEFINITION_REPRESENTATION(#7268,#7267);
#7270=PROPERTY_DEFINITION('P_MAX','user defined attribute',#6935);
#7274=REPRESENTATION('',(#7273),#6923);
#7275=PROPERTY_DEFINITION_REPRESENTATION(#7270,#7274);
#7277=REPRESENTATION('',(#7276),#6923);
#7278=PROPERTY_DEFINITION('attribute type designation','Real Number',#7271);
#7279=PROPERTY_DEFINITION_REPRESENTATION(#7278,#7277);
#7280=PROPERTY_DEFINITION('H_REF','user defined attribute',#6935);
#7284=REPRESENTATION('',(#7283),#6923);
#7285=PROPERTY_DEFINITION_REPRESENTATION(#7280,#7284);
#7287=REPRESENTATION('',(#7286),#6923);
#7288=PROPERTY_DEFINITION('attribute type designation','Real Number',#7281);
#7289=PROPERTY_DEFINITION_REPRESENTATION(#7288,#7287);
#7290=PROPERTY_DEFINITION('E_MAX','user defined attribute',#6935);
#7294=REPRESENTATION('',(#7293),#6923);
#7295=PROPERTY_DEFINITION_REPRESENTATION(#7290,#7294);
#7297=REPRESENTATION('',(#7296),#6923);
#7298=PROPERTY_DEFINITION('attribute type designation','Real Number',#7291);
#7299=PROPERTY_DEFINITION_REPRESENTATION(#7298,#7297);
#7300=PROPERTY_DEFINITION('E_MIN','user defined attribute',#6935);
#7304=REPRESENTATION('',(#7303),#6923);
#7305=PROPERTY_DEFINITION_REPRESENTATION(#7300,#7304);
#7307=REPRESENTATION('',(#7306),#6923);
#7308=PROPERTY_DEFINITION('attribute type designation','Real Number',#7301);
#7309=PROPERTY_DEFINITION_REPRESENTATION(#7308,#7307);
#7310=PROPERTY_DEFINITION('END_CHAMF_ANGLE','user defined attribute',#6935);
#7314=REPRESENTATION('',(#7313),#6923);
#7315=PROPERTY_DEFINITION_REPRESENTATION(#7310,#7314);
#7317=REPRESENTATION('',(#7316),#6923);
#7318=PROPERTY_DEFINITION('attribute type designation','Real Number',#7311);
#7319=PROPERTY_DEFINITION_REPRESENTATION(#7318,#7317);
#7320=PROPERTY_DEFINITION('CHANFER_ANGLE','user defined attribute',#6935);
#7324=REPRESENTATION('',(#7323),#6923);
#7325=PROPERTY_DEFINITION_REPRESENTATION(#7320,#7324);
#7327=REPRESENTATION('',(#7326),#6923);
#7328=PROPERTY_DEFINITION('attribute type designation','Real Number',#7321);
#7329=PROPERTY_DEFINITION_REPRESENTATION(#7328,#7327);
#7330=PROPERTY_DEFINITION('PITCH_DIA','user defined attribute',#6935);
#7334=REPRESENTATION('',(#7333),#6923);
#7335=PROPERTY_DEFINITION_REPRESENTATION(#7330,#7334);
#7337=REPRESENTATION('',(#7336),#6923);
#7338=PROPERTY_DEFINITION('attribute type designation','Real Number',#7331);
#7339=PROPERTY_DEFINITION_REPRESENTATION(#7338,#7337);
#7340=PROPERTY_DEFINITION('TL_DRIVER','user defined attribute',#6935);
#7344=REPRESENTATION('',(#7343),#6923);
#7345=PROPERTY_DEFINITION_REPRESENTATION(#7340,#7344);
#7347=REPRESENTATION('',(#7346),#6923);
#7348=PROPERTY_DEFINITION('attribute type designation','Real Number',#7341);
#7349=PROPERTY_DEFINITION_REPRESENTATION(#7348,#7347);
#7350=PROPERTY_DEFINITION('H_DRIVER','user defined attribute',#6935);
#7354=REPRESENTATION('',(#7353),#6923);
#7355=PROPERTY_DEFINITION_REPRESENTATION(#7350,#7354);
#7356=PROPERTY_DEFINITION('RAD_UNDER_HEAD','user defined attribute',#6935);
#7360=REPRESENTATION('',(#7359),#6923);
#7361=PROPERTY_DEFINITION_REPRESENTATION(#7356,#7360);
#7363=REPRESENTATION('',(#7362),#6923);
#7364=PROPERTY_DEFINITION('attribute type designation','Real Number',#7357);
#7365=PROPERTY_DEFINITION_REPRESENTATION(#7364,#7363);
#7366=PROPERTY_DEFINITION('HEAD_DIA','user defined attribute',#6935);
#7370=REPRESENTATION('',(#7369),#6923);
#7371=PROPERTY_DEFINITION_REPRESENTATION(#7366,#7370);
#7373=REPRESENTATION('',(#7372),#6923);
#7374=PROPERTY_DEFINITION('attribute type designation','Real Number',#7367);
#7375=PROPERTY_DEFINITION_REPRESENTATION(#7374,#7373);
#7376=PROPERTY_DEFINITION('DRW_DIM_OFFSET','user defined attribute',#6935);
#7380=REPRESENTATION('',(#7379),#6923);
#7381=PROPERTY_DEFINITION_REPRESENTATION(#7376,#7380);
#7383=REPRESENTATION('',(#7382),#6923);
#7384=PROPERTY_DEFINITION('attribute type designation','Real Number',#7377);
#7385=PROPERTY_DEFINITION_REPRESENTATION(#7384,#7383);
#7386=PROPERTY_DEFINITION('MAJOR_DIA_MAX','user defined attribute',#6935);
#7390=REPRESENTATION('',(#7389),#6923);
#7391=PROPERTY_DEFINITION_REPRESENTATION(#7386,#7390);
#7393=REPRESENTATION('',(#7392),#6923);
#7394=PROPERTY_DEFINITION('attribute type designation','Real Number',#7387);
#7395=PROPERTY_DEFINITION_REPRESENTATION(#7394,#7393);
#7396=PROPERTY_DEFINITION('MAJOR_DIA_MIN','user defined attribute',#6935);
#7400=REPRESENTATION('',(#7399),#6923);
#7401=PROPERTY_DEFINITION_REPRESENTATION(#7396,#7400);
#7403=REPRESENTATION('',(#7402),#6923);
#7404=PROPERTY_DEFINITION('attribute type designation','Real Number',#7397);
#7405=PROPERTY_DEFINITION_REPRESENTATION(#7404,#7403);
#7406=PROPERTY_DEFINITION('COMPONENT','user defined attribute',#6935);
#7410=REPRESENTATION('',(#7409),#6923);
#7411=PROPERTY_DEFINITION_REPRESENTATION(#7406,#7410);
#7412=PROPERTY_DEFINITION('PART_NUMBER','user defined attribute',#6935);
#7416=REPRESENTATION('',(#7415),#6923);
#7417=PROPERTY_DEFINITION_REPRESENTATION(#7412,#7416);
#7418=PROPERTY_DEFINITION('PART_DESCRIPTION','user defined attribute',#6935);
#7422=REPRESENTATION('',(#7421),#6923);
#7423=PROPERTY_DEFINITION_REPRESENTATION(#7418,#7422);
#7424=PROPERTY_DEFINITION('REV','user defined attribute',#6935);
#7428=REPRESENTATION('',(#7427),#6923);
#7429=PROPERTY_DEFINITION_REPRESENTATION(#7424,#7428);
#7430=PROPERTY_DEFINITION('UNDER_OR_BELOW','user defined attribute',#6935);
#7434=REPRESENTATION('',(#7433),#6923);
#7435=PROPERTY_DEFINITION_REPRESENTATION(#7430,#7434);
#7436=PROPERTY_DEFINITION('DRAWING_SCALE_FACTOR','user defined attribute',
#6935);
#7440=REPRESENTATION('',(#7439),#6923);
#7441=PROPERTY_DEFINITION_REPRESENTATION(#7436,#7440);
#7443=REPRESENTATION('',(#7442),#6923);
#7444=PROPERTY_DEFINITION('attribute type designation','Real Number',#7437);
#7445=PROPERTY_DEFINITION_REPRESENTATION(#7444,#7443);
#7446=PROPERTY_DEFINITION('Y','user defined attribute',#6935);
#7450=REPRESENTATION('',(#7449),#6923);
#7451=PROPERTY_DEFINITION_REPRESENTATION(#7446,#7450);
#7453=REPRESENTATION('',(#7452),#6923);
#7454=PROPERTY_DEFINITION('attribute type designation','Real Number',#7447);
#7455=PROPERTY_DEFINITION_REPRESENTATION(#7454,#7453);
#7456=PROPERTY_DEFINITION('Y2','user defined attribute',#6935);
#7460=REPRESENTATION('',(#7459),#6923);
#7461=PROPERTY_DEFINITION_REPRESENTATION(#7456,#7460);
#7463=REPRESENTATION('',(#7462),#6923);
#7464=PROPERTY_DEFINITION('attribute type designation','Real Number',#7457);
#7465=PROPERTY_DEFINITION_REPRESENTATION(#7464,#7463);
#7466=PROPERTY_DEFINITION('L_MODIFIED','user defined attribute',#6935);
#7470=REPRESENTATION('',(#7469),#6923);
#7471=PROPERTY_DEFINITION_REPRESENTATION(#7466,#7470);
#7473=REPRESENTATION('',(#7472),#6923);
#7474=PROPERTY_DEFINITION('attribute type designation','Real Number',#7467);
#7475=PROPERTY_DEFINITION_REPRESENTATION(#7474,#7473);
#7476=PROPERTY_DEFINITION('MODIFYER','user defined attribute',#6935);
#7480=REPRESENTATION('',(#7479),#6923);
#7481=PROPERTY_DEFINITION_REPRESENTATION(#7476,#7480);
#7483=REPRESENTATION('',(#7482),#6923);
#7484=PROPERTY_DEFINITION('attribute type designation','Real Number',#7477);
#7485=PROPERTY_DEFINITION_REPRESENTATION(#7484,#7483);
#7486=PROPERTY_DEFINITION('DUMMY','user defined attribute',#6935);
#7490=REPRESENTATION('',(#7489),#6923);
#7491=PROPERTY_DEFINITION_REPRESENTATION(#7486,#7490);
#7493=REPRESENTATION('',(#7492),#6923);
#7494=PROPERTY_DEFINITION('attribute type designation','Real Number',#7487);
#7495=PROPERTY_DEFINITION_REPRESENTATION(#7494,#7493);
#7496=PROPERTY_DEFINITION('DRW_THREAD','user defined attribute',#6935);
#7500=REPRESENTATION('',(#7499),#6923);
#7501=PROPERTY_DEFINITION_REPRESENTATION(#7496,#7500);
#7502=PROPERTY_DEFINITION('DRW_DRIVER_SIZE','user defined attribute',#6935);
#7506=REPRESENTATION('',(#7505),#6923);
#7507=PROPERTY_DEFINITION_REPRESENTATION(#7502,#7506);
#7508=PROPERTY_DEFINITION('RECESS_STATE','user defined attribute',#6935);
#7512=REPRESENTATION('',(#7511),#6923);
#7513=PROPERTY_DEFINITION_REPRESENTATION(#7508,#7512);
#7514=PROPERTY_DEFINITION('THREAD_STATE','user defined attribute',#6935);
#7518=REPRESENTATION('',(#7517),#6923);
#7519=PROPERTY_DEFINITION_REPRESENTATION(#7514,#7518);
#7520=PROPERTY_DEFINITION('A_REF','user defined attribute',#6935);
#7524=REPRESENTATION('',(#7523),#6923);
#7525=PROPERTY_DEFINITION_REPRESENTATION(#7520,#7524);
#7527=REPRESENTATION('',(#7526),#6923);
#7528=PROPERTY_DEFINITION('attribute type designation','Real Number',#7521);
#7529=PROPERTY_DEFINITION_REPRESENTATION(#7528,#7527);
#7530=PROPERTY_DEFINITION('W_MIN','user defined attribute',#6935);
#7534=REPRESENTATION('',(#7533),#6923);
#7535=PROPERTY_DEFINITION_REPRESENTATION(#7530,#7534);
#7537=REPRESENTATION('',(#7536),#6923);
#7538=PROPERTY_DEFINITION('attribute type designation','Real Number',#7531);
#7539=PROPERTY_DEFINITION_REPRESENTATION(#7538,#7537);
#7540=PROPERTY_DEFINITION('O_MAX','user defined attribute',#6935);
#7544=REPRESENTATION('',(#7543),#6923);
#7545=PROPERTY_DEFINITION_REPRESENTATION(#7540,#7544);
#7547=REPRESENTATION('',(#7546),#6923);
#7548=PROPERTY_DEFINITION('attribute type designation','Real Number',#7541);
#7549=PROPERTY_DEFINITION_REPRESENTATION(#7548,#7547);
#7550=PROPERTY_DEFINITION('O_MIN','user defined attribute',#6935);
#7554=REPRESENTATION('',(#7553),#6923);
#7555=PROPERTY_DEFINITION_REPRESENTATION(#7550,#7554);
#7557=REPRESENTATION('',(#7556),#6923);
#7558=PROPERTY_DEFINITION('attribute type designation','Real Number',#7551);
#7559=PROPERTY_DEFINITION_REPRESENTATION(#7558,#7557);
#7560=PROPERTY_DEFINITION('O_REF','user defined attribute',#6935);
#7564=REPRESENTATION('',(#7563),#6923);
#7565=PROPERTY_DEFINITION_REPRESENTATION(#7560,#7564);
#7567=REPRESENTATION('',(#7566),#6923);
#7568=PROPERTY_DEFINITION('attribute type designation','Real Number',#7561);
#7569=PROPERTY_DEFINITION_REPRESENTATION(#7568,#7567);
#7570=PROPERTY_DEFINITION('C_REF','user defined attribute',#6935);
#7574=REPRESENTATION('',(#7573),#6923);
#7575=PROPERTY_DEFINITION_REPRESENTATION(#7570,#7574);
#7577=REPRESENTATION('',(#7576),#6923);
#7578=PROPERTY_DEFINITION('attribute type designation','Real Number',#7571);
#7579=PROPERTY_DEFINITION_REPRESENTATION(#7578,#7577);
#7580=PROPERTY_DEFINITION('F_MAX','user defined attribute',#6935);
#7584=REPRESENTATION('',(#7583),#6923);
#7585=PROPERTY_DEFINITION_REPRESENTATION(#7580,#7584);
#7587=REPRESENTATION('',(#7586),#6923);
#7588=PROPERTY_DEFINITION('attribute type designation','Real Number',#7581);
#7589=PROPERTY_DEFINITION_REPRESENTATION(#7588,#7587);
#7590=PROPERTY_DEFINITION('F_MIN','user defined attribute',#6935);
#7594=REPRESENTATION('',(#7593),#6923);
#7595=PROPERTY_DEFINITION_REPRESENTATION(#7590,#7594);
#7597=REPRESENTATION('',(#7596),#6923);
#7598=PROPERTY_DEFINITION('attribute type designation','Real Number',#7591);
#7599=PROPERTY_DEFINITION_REPRESENTATION(#7598,#7597);
#7600=PROPERTY_DEFINITION('B_MAX','user defined attribute',#6935);
#7604=REPRESENTATION('',(#7603),#6923);
#7605=PROPERTY_DEFINITION_REPRESENTATION(#7600,#7604);
#7607=REPRESENTATION('',(#7606),#6923);
#7608=PROPERTY_DEFINITION('attribute type designation','Real Number',#7601);
#7609=PROPERTY_DEFINITION_REPRESENTATION(#7608,#7607);
#7610=PROPERTY_DEFINITION('B_MIN','user defined attribute',#6935);
#7614=REPRESENTATION('',(#7613),#6923);
#7615=PROPERTY_DEFINITION_REPRESENTATION(#7610,#7614);
#7617=REPRESENTATION('',(#7616),#6923);
#7618=PROPERTY_DEFINITION('attribute type designation','Real Number',#7611);
#7619=PROPERTY_DEFINITION_REPRESENTATION(#7618,#7617);
#7620=PROPERTY_DEFINITION('U_MAX','user defined attribute',#6935);
#7624=REPRESENTATION('',(#7623),#6923);
#7625=PROPERTY_DEFINITION_REPRESENTATION(#7620,#7624);
#7627=REPRESENTATION('',(#7626),#6923);
#7628=PROPERTY_DEFINITION('attribute type designation','Real Number',#7621);
#7629=PROPERTY_DEFINITION_REPRESENTATION(#7628,#7627);
#7630=PROPERTY_DEFINITION('U_MIN','user defined attribute',#6935);
#7634=REPRESENTATION('',(#7633),#6923);
#7635=PROPERTY_DEFINITION_REPRESENTATION(#7630,#7634);
#7637=REPRESENTATION('',(#7636),#6923);
#7638=PROPERTY_DEFINITION('attribute type designation','Real Number',#7631);
#7639=PROPERTY_DEFINITION_REPRESENTATION(#7638,#7637);
#7640=PROPERTY_DEFINITION('U_REF','user defined attribute',#6935);
#7644=REPRESENTATION('',(#7643),#6923);
#7645=PROPERTY_DEFINITION_REPRESENTATION(#7640,#7644);
#7647=REPRESENTATION('',(#7646),#6923);
#7648=PROPERTY_DEFINITION('attribute type designation','Real Number',#7641);
#7649=PROPERTY_DEFINITION_REPRESENTATION(#7648,#7647);
#7650=PROPERTY_DEFINITION('X_MAX','user defined attribute',#6935);
#7654=REPRESENTATION('',(#7653),#6923);
#7655=PROPERTY_DEFINITION_REPRESENTATION(#7650,#7654);
#7657=REPRESENTATION('',(#7656),#6923);
#7658=PROPERTY_DEFINITION('attribute type designation','Real Number',#7651);
#7659=PROPERTY_DEFINITION_REPRESENTATION(#7658,#7657);
#7660=PROPERTY_DEFINITION('X_MIN','user defined attribute',#6935);
#7664=REPRESENTATION('',(#7663),#6923);
#7665=PROPERTY_DEFINITION_REPRESENTATION(#7660,#7664);
#7667=REPRESENTATION('',(#7666),#6923);
#7668=PROPERTY_DEFINITION('attribute type designation','Real Number',#7661);
#7669=PROPERTY_DEFINITION_REPRESENTATION(#7668,#7667);
#7670=PROPERTY_DEFINITION('TL_TEST','user defined attribute',#6935);
#7674=REPRESENTATION('',(#7673),#6923);
#7675=PROPERTY_DEFINITION_REPRESENTATION(#7670,#7674);
#7677=REPRESENTATION('',(#7676),#6923);
#7678=PROPERTY_DEFINITION('attribute type designation','Real Number',#7671);
#7679=PROPERTY_DEFINITION_REPRESENTATION(#7678,#7677);
#7680=PROPERTY_DEFINITION('NOMINAL_DIA_PARAM','user defined attribute',#6935);
#7684=REPRESENTATION('',(#7683),#6923);
#7685=PROPERTY_DEFINITION_REPRESENTATION(#7680,#7684);
#7687=REPRESENTATION('',(#7686),#6923);
#7688=PROPERTY_DEFINITION('attribute type designation','Real Number',#7681);
#7689=PROPERTY_DEFINITION_REPRESENTATION(#7688,#7687);
#7690=PROPERTY_DEFINITION('SERR_A','user defined attribute',#6935);
#7694=REPRESENTATION('',(#7693),#6923);
#7695=PROPERTY_DEFINITION_REPRESENTATION(#7690,#7694);
#7697=REPRESENTATION('',(#7696),#6923);
#7698=PROPERTY_DEFINITION('attribute type designation','Real Number',#7691);
#7699=PROPERTY_DEFINITION_REPRESENTATION(#7698,#7697);
#7700=PROPERTY_DEFINITION('LINE_1_NUMBER','user defined attribute',#6935);
#7704=REPRESENTATION('',(#7703),#6923);
#7705=PROPERTY_DEFINITION_REPRESENTATION(#7700,#7704);
#7706=PROPERTY_DEFINITION('LINE_1_NOTE','user defined attribute',#6935);
#7710=REPRESENTATION('',(#7709),#6923);
#7711=PROPERTY_DEFINITION_REPRESENTATION(#7706,#7710);
#7712=PROPERTY_DEFINITION('LINE_2_NUMBER','user defined attribute',#6935);
#7716=REPRESENTATION('',(#7715),#6923);
#7717=PROPERTY_DEFINITION_REPRESENTATION(#7712,#7716);
#7718=PROPERTY_DEFINITION('LINE_2_NOTE','user defined attribute',#6935);
#7722=REPRESENTATION('',(#7721),#6923);
#7723=PROPERTY_DEFINITION_REPRESENTATION(#7718,#7722);
#7724=PROPERTY_DEFINITION('LINE_3_NUMBER','user defined attribute',#6935);
#7728=REPRESENTATION('',(#7727),#6923);
#7729=PROPERTY_DEFINITION_REPRESENTATION(#7724,#7728);
#7730=PROPERTY_DEFINITION('LINE_3_NOTE','user defined attribute',#6935);
#7734=REPRESENTATION('',(#7733),#6923);
#7735=PROPERTY_DEFINITION_REPRESENTATION(#7730,#7734);
#7736=PROPERTY_DEFINITION('LINE_4_NUMBER','user defined attribute',#6935);
#7740=REPRESENTATION('',(#7739),#6923);
#7741=PROPERTY_DEFINITION_REPRESENTATION(#7736,#7740);
#7742=PROPERTY_DEFINITION('LINE_4_NOTE','user defined attribute',#6935);
#7746=REPRESENTATION('',(#7745),#6923);
#7747=PROPERTY_DEFINITION_REPRESENTATION(#7742,#7746);
#7748=PROPERTY_DEFINITION('LINE_5_NUMBER','user defined attribute',#6935);
#7752=REPRESENTATION('',(#7751),#6923);
#7753=PROPERTY_DEFINITION_REPRESENTATION(#7748,#7752);
#7754=PROPERTY_DEFINITION('LINE_5_NOTE','user defined attribute',#6935);
#7758=REPRESENTATION('',(#7757),#6923);
#7759=PROPERTY_DEFINITION_REPRESENTATION(#7754,#7758);
#7760=PROPERTY_DEFINITION('LINE_6_NUMBER','user defined attribute',#6935);
#7764=REPRESENTATION('',(#7763),#6923);
#7765=PROPERTY_DEFINITION_REPRESENTATION(#7760,#7764);
#7766=PROPERTY_DEFINITION('LINE_6_NOTE','user defined attribute',#6935);
#7770=REPRESENTATION('',(#7769),#6923);
#7771=PROPERTY_DEFINITION_REPRESENTATION(#7766,#7770);
#7772=PROPERTY_DEFINITION('LINE_7_NUMBER','user defined attribute',#6935);
#7776=REPRESENTATION('',(#7775),#6923);
#7777=PROPERTY_DEFINITION_REPRESENTATION(#7772,#7776);
#7778=PROPERTY_DEFINITION('LINE_7_NOTE','user defined attribute',#6935);
#7782=REPRESENTATION('',(#7781),#6923);
#7783=PROPERTY_DEFINITION_REPRESENTATION(#7778,#7782);
#7784=PROPERTY_DEFINITION('LINE_8_NUMBER','user defined attribute',#6935);
#7788=REPRESENTATION('',(#7787),#6923);
#7789=PROPERTY_DEFINITION_REPRESENTATION(#7784,#7788);
#7790=PROPERTY_DEFINITION('LINE_8_NOTE','user defined attribute',#6935);
#7794=REPRESENTATION('',(#7793),#6923);
#7795=PROPERTY_DEFINITION_REPRESENTATION(#7790,#7794);
#7796=PROPERTY_DEFINITION('LINE_9_NUMBER','user defined attribute',#6935);
#7800=REPRESENTATION('',(#7799),#6923);
#7801=PROPERTY_DEFINITION_REPRESENTATION(#7796,#7800);
#7802=PROPERTY_DEFINITION('LINE_9_NOTE','user defined attribute',#6935);
#7806=REPRESENTATION('',(#7805),#6923);
#7807=PROPERTY_DEFINITION_REPRESENTATION(#7802,#7806);
#7808=PROPERTY_DEFINITION('LINE_10_NUMBER','user defined attribute',#6935);
#7812=REPRESENTATION('',(#7811),#6923);
#7813=PROPERTY_DEFINITION_REPRESENTATION(#7808,#7812);
#7814=PROPERTY_DEFINITION('LINE_10_NOTE','user defined attribute',#6935);
#7818=REPRESENTATION('',(#7817),#6923);
#7819=PROPERTY_DEFINITION_REPRESENTATION(#7814,#7818);
#7820=PROPERTY_DEFINITION('LINE_11_NUMBER','user defined attribute',#6935);
#7824=REPRESENTATION('',(#7823),#6923);
#7825=PROPERTY_DEFINITION_REPRESENTATION(#7820,#7824);
#7826=PROPERTY_DEFINITION('LINE_11_NOTE','user defined attribute',#6935);
#7830=REPRESENTATION('',(#7829),#6923);
#7831=PROPERTY_DEFINITION_REPRESENTATION(#7826,#7830);
#7832=PROPERTY_DEFINITION('LINE_12_NUMBER','user defined attribute',#6935);
#7836=REPRESENTATION('',(#7835),#6923);
#7837=PROPERTY_DEFINITION_REPRESENTATION(#7832,#7836);
#7838=PROPERTY_DEFINITION('LINE_12_NOTE','user defined attribute',#6935);
#7842=REPRESENTATION('',(#7841),#6923);
#7843=PROPERTY_DEFINITION_REPRESENTATION(#7838,#7842);
#7844=PROPERTY_DEFINITION('LINE_1_NOTE_REFF','user defined attribute',#6935);
#7848=REPRESENTATION('',(#7847),#6923);
#7849=PROPERTY_DEFINITION_REPRESENTATION(#7844,#7848);
#7850=PROPERTY_DEFINITION('LINE_1_NUMBER_REFF','user defined attribute',#6935);
#7854=REPRESENTATION('',(#7853),#6923);
#7855=PROPERTY_DEFINITION_REPRESENTATION(#7850,#7854);
#7856=PROPERTY_DEFINITION('LINE_2_NOTE_REFF','user defined attribute',#6935);
#7860=REPRESENTATION('',(#7859),#6923);
#7861=PROPERTY_DEFINITION_REPRESENTATION(#7856,#7860);
#7862=PROPERTY_DEFINITION('LINE_2_NUMBER_REFF','user defined attribute',#6935);
#7866=REPRESENTATION('',(#7865),#6923);
#7867=PROPERTY_DEFINITION_REPRESENTATION(#7862,#7866);
#7868=PROPERTY_DEFINITION('LINE_3_NOTE_REFF','user defined attribute',#6935);
#7872=REPRESENTATION('',(#7871),#6923);
#7873=PROPERTY_DEFINITION_REPRESENTATION(#7868,#7872);
#7874=PROPERTY_DEFINITION('LINE_3_NUMBER_REFF','user defined attribute',#6935);
#7878=REPRESENTATION('',(#7877),#6923);
#7879=PROPERTY_DEFINITION_REPRESENTATION(#7874,#7878);
#7880=PROPERTY_DEFINITION('LINE_4_NOTE_REFF','user defined attribute',#6935);
#7884=REPRESENTATION('',(#7883),#6923);
#7885=PROPERTY_DEFINITION_REPRESENTATION(#7880,#7884);
#7886=PROPERTY_DEFINITION('LINE_4_NUMBER_REFF','user defined attribute',#6935);
#7890=REPRESENTATION('',(#7889),#6923);
#7891=PROPERTY_DEFINITION_REPRESENTATION(#7886,#7890);
#7892=PROPERTY_DEFINITION('LINE_5_NOTE_REFF','user defined attribute',#6935);
#7896=REPRESENTATION('',(#7895),#6923);
#7897=PROPERTY_DEFINITION_REPRESENTATION(#7892,#7896);
#7898=PROPERTY_DEFINITION('LINE_5_NUMBER_REFF','user defined attribute',#6935);
#7902=REPRESENTATION('',(#7901),#6923);
#7903=PROPERTY_DEFINITION_REPRESENTATION(#7898,#7902);
#7904=PROPERTY_DEFINITION('LINE_6_NOTE_REFF','user defined attribute',#6935);
#7908=REPRESENTATION('',(#7907),#6923);
#7909=PROPERTY_DEFINITION_REPRESENTATION(#7904,#7908);
#7910=PROPERTY_DEFINITION('LINE_6_NUMBER_REFF','user defined attribute',#6935);
#7914=REPRESENTATION('',(#7913),#6923);
#7915=PROPERTY_DEFINITION_REPRESENTATION(#7910,#7914);
#7916=PROPERTY_DEFINITION('LINE_7_NOTE_REFF','user defined attribute',#6935);
#7920=REPRESENTATION('',(#7919),#6923);
#7921=PROPERTY_DEFINITION_REPRESENTATION(#7916,#7920);
#7922=PROPERTY_DEFINITION('LINE_7_NUMBER_REFF','user defined attribute',#6935);
#7926=REPRESENTATION('',(#7925),#6923);
#7927=PROPERTY_DEFINITION_REPRESENTATION(#7922,#7926);
#7928=PROPERTY_DEFINITION('LINE_8_NOTE_REFF','user defined attribute',#6935);
#7932=REPRESENTATION('',(#7931),#6923);
#7933=PROPERTY_DEFINITION_REPRESENTATION(#7928,#7932);
#7934=PROPERTY_DEFINITION('LINE_8_NUMBER_REFF','user defined attribute',#6935);
#7938=REPRESENTATION('',(#7937),#6923);
#7939=PROPERTY_DEFINITION_REPRESENTATION(#7934,#7938);
#7940=PROPERTY_DEFINITION('LINE_9_NOTE_REFF','user defined attribute',#6935);
#7944=REPRESENTATION('',(#7943),#6923);
#7945=PROPERTY_DEFINITION_REPRESENTATION(#7940,#7944);
#7946=PROPERTY_DEFINITION('LINE_9_NUMBER_REFF','user defined attribute',#6935);
#7950=REPRESENTATION('',(#7949),#6923);
#7951=PROPERTY_DEFINITION_REPRESENTATION(#7946,#7950);
#7952=PROPERTY_DEFINITION('LINE_10_NOTE_REFF','user defined attribute',#6935);
#7956=REPRESENTATION('',(#7955),#6923);
#7957=PROPERTY_DEFINITION_REPRESENTATION(#7952,#7956);
#7958=PROPERTY_DEFINITION('LINE_10_NUMBER_REFF','user defined attribute',#6935);
#7962=REPRESENTATION('',(#7961),#6923);
#7963=PROPERTY_DEFINITION_REPRESENTATION(#7958,#7962);
#7964=PROPERTY_DEFINITION('LINE_11_NOTE_REFF','user defined attribute',#6935);
#7968=REPRESENTATION('',(#7967),#6923);
#7969=PROPERTY_DEFINITION_REPRESENTATION(#7964,#7968);
#7970=PROPERTY_DEFINITION('LINE_11_NUMBER_REFF','user defined attribute',#6935);
#7974=REPRESENTATION('',(#7973),#6923);
#7975=PROPERTY_DEFINITION_REPRESENTATION(#7970,#7974);
#7976=PROPERTY_DEFINITION('LINE_12_NOTE_REFF','user defined attribute',#6935);
#7980=REPRESENTATION('',(#7979),#6923);
#7981=PROPERTY_DEFINITION_REPRESENTATION(#7976,#7980);
#7982=PROPERTY_DEFINITION('LINE_12_NUMBER_REFF','user defined attribute',#6935);
#7986=REPRESENTATION('',(#7985),#6923);
#7987=PROPERTY_DEFINITION_REPRESENTATION(#7982,#7986);
#7988=PROPERTY_DEFINITION('DRW_STATE','user defined attribute',#6935);
#7992=REPRESENTATION('',(#7991),#6923);
#7993=PROPERTY_DEFINITION_REPRESENTATION(#7988,#7992);
#7994=PROPERTY_DEFINITION('REV_A_CHANGE','user defined attribute',#6935);
#7998=REPRESENTATION('',(#7997),#6923);
#7999=PROPERTY_DEFINITION_REPRESENTATION(#7994,#7998);
#8000=PROPERTY_DEFINITION('REV_A_DATE','user defined attribute',#6935);
#8004=REPRESENTATION('',(#8003),#6923);
#8005=PROPERTY_DEFINITION_REPRESENTATION(#8000,#8004);
#8006=PROPERTY_DEFINITION('REV_A_DRN','user defined attribute',#6935);
#8010=REPRESENTATION('',(#8009),#6923);
#8011=PROPERTY_DEFINITION_REPRESENTATION(#8006,#8010);
#8012=PROPERTY_DEFINITION('REV_A_CHK','user defined attribute',#6935);
#8016=REPRESENTATION('',(#8015),#6923);
#8017=PROPERTY_DEFINITION_REPRESENTATION(#8012,#8016);
#8018=PROPERTY_DEFINITION('REV_B_CHANGE','user defined attribute',#6935);
#8022=REPRESENTATION('',(#8021),#6923);
#8023=PROPERTY_DEFINITION_REPRESENTATION(#8018,#8022);
#8024=PROPERTY_DEFINITION('REV_B_DATE','user defined attribute',#6935);
#8028=REPRESENTATION('',(#8027),#6923);
#8029=PROPERTY_DEFINITION_REPRESENTATION(#8024,#8028);
#8030=PROPERTY_DEFINITION('REV_B_DRN','user defined attribute',#6935);
#8034=REPRESENTATION('',(#8033),#6923);
#8035=PROPERTY_DEFINITION_REPRESENTATION(#8030,#8034);
#8036=PROPERTY_DEFINITION('REV_B_CHK','user defined attribute',#6935);
#8040=REPRESENTATION('',(#8039),#6923);
#8041=PROPERTY_DEFINITION_REPRESENTATION(#8036,#8040);
#8042=PROPERTY_DEFINITION('REV_C_CHANGE','user defined attribute',#6935);
#8046=REPRESENTATION('',(#8045),#6923);
#8047=PROPERTY_DEFINITION_REPRESENTATION(#8042,#8046);
#8048=PROPERTY_DEFINITION('REV_C_DATE','user defined attribute',#6935);
#8052=REPRESENTATION('',(#8051),#6923);
#8053=PROPERTY_DEFINITION_REPRESENTATION(#8048,#8052);
#8054=PROPERTY_DEFINITION('REV_C_DRN','user defined attribute',#6935);
#8058=REPRESENTATION('',(#8057),#6923);
#8059=PROPERTY_DEFINITION_REPRESENTATION(#8054,#8058);
#8060=PROPERTY_DEFINITION('REV_C_CHK','user defined attribute',#6935);
#8064=REPRESENTATION('',(#8063),#6923);
#8065=PROPERTY_DEFINITION_REPRESENTATION(#8060,#8064);
#8066=PROPERTY_DEFINITION('A_MOD','user defined attribute',#6935);
#8070=REPRESENTATION('',(#8069),#6923);
#8071=PROPERTY_DEFINITION_REPRESENTATION(#8066,#8070);
#8073=REPRESENTATION('',(#8072),#6923);
#8074=PROPERTY_DEFINITION('attribute type designation','Real Number',#8067);
#8075=PROPERTY_DEFINITION_REPRESENTATION(#8074,#8073);
#8076=PROPERTY_DEFINITION('LENGTH_MTOL','user defined attribute',#6935);
#8080=REPRESENTATION('',(#8079),#6923);
#8081=PROPERTY_DEFINITION_REPRESENTATION(#8076,#8080);
#8083=REPRESENTATION('',(#8082),#6923);
#8084=PROPERTY_DEFINITION('attribute type designation','Real Number',#8077);
#8085=PROPERTY_DEFINITION_REPRESENTATION(#8084,#8083);
#8086=PROPERTY_DEFINITION('L_MIN','user defined attribute',#6935);
#8090=REPRESENTATION('',(#8089),#6923);
#8091=PROPERTY_DEFINITION_REPRESENTATION(#8086,#8090);
#8093=REPRESENTATION('',(#8092),#6923);
#8094=PROPERTY_DEFINITION('attribute type designation','Real Number',#8087);
#8095=PROPERTY_DEFINITION_REPRESENTATION(#8094,#8093);
#8096=PROPERTY_DEFINITION('DRW_MAX','user defined attribute',#6935);
#8100=REPRESENTATION('',(#8099),#6923);
#8101=PROPERTY_DEFINITION_REPRESENTATION(#8096,#8100);
#8103=REPRESENTATION('',(#8102),#6923);
#8104=PROPERTY_DEFINITION('attribute type designation','Real Number',#8097);
#8105=PROPERTY_DEFINITION_REPRESENTATION(#8104,#8103);
#8106=PROPERTY_DEFINITION('DRW_A_MAX','user defined attribute',#6935);
#8110=REPRESENTATION('',(#8109),#6923);
#8111=PROPERTY_DEFINITION_REPRESENTATION(#8106,#8110);
#8112=PROPERTY_DEFINITION('DRW_A_MIN','user defined attribute',#6935);
#8116=REPRESENTATION('',(#8115),#6923);
#8117=PROPERTY_DEFINITION_REPRESENTATION(#8112,#8116);
#8118=PROPERTY_DEFINITION('DRW_A','user defined attribute',#6935);
#8122=REPRESENTATION('',(#8121),#6923);
#8123=PROPERTY_DEFINITION_REPRESENTATION(#8118,#8122);
#8124=PROPERTY_DEFINITION('DRW_A_REF','user defined attribute',#6935);
#8128=REPRESENTATION('',(#8127),#6923);
#8129=PROPERTY_DEFINITION_REPRESENTATION(#8124,#8128);
#8130=PROPERTY_DEFINITION('DRW_B_MAX','user defined attribute',#6935);
#8134=REPRESENTATION('',(#8133),#6923);
#8135=PROPERTY_DEFINITION_REPRESENTATION(#8130,#8134);
#8136=PROPERTY_DEFINITION('DRW_B_MIN','user defined attribute',#6935);
#8140=REPRESENTATION('',(#8139),#6923);
#8141=PROPERTY_DEFINITION_REPRESENTATION(#8136,#8140);
#8142=PROPERTY_DEFINITION('DRW_E_MAX','user defined attribute',#6935);
#8146=REPRESENTATION('',(#8145),#6923);
#8147=PROPERTY_DEFINITION_REPRESENTATION(#8142,#8146);
#8148=PROPERTY_DEFINITION('DRW_E_MIN','user defined attribute',#6935);
#8152=REPRESENTATION('',(#8151),#6923);
#8153=PROPERTY_DEFINITION_REPRESENTATION(#8148,#8152);
#8154=PROPERTY_DEFINITION('DRW_F_MAX','user defined attribute',#6935);
#8158=REPRESENTATION('',(#8157),#6923);
#8159=PROPERTY_DEFINITION_REPRESENTATION(#8154,#8158);
#8160=PROPERTY_DEFINITION('DRW_F_MIN','user defined attribute',#6935);
#8164=REPRESENTATION('',(#8163),#6923);
#8165=PROPERTY_DEFINITION_REPRESENTATION(#8160,#8164);
#8166=PROPERTY_DEFINITION('DRW_H','user defined attribute',#6935);
#8170=REPRESENTATION('',(#8169),#6923);
#8171=PROPERTY_DEFINITION_REPRESENTATION(#8166,#8170);
#8172=PROPERTY_DEFINITION('DRW_H_MAX','user defined attribute',#6935);
#8176=REPRESENTATION('',(#8175),#6923);
#8177=PROPERTY_DEFINITION_REPRESENTATION(#8172,#8176);
#8178=PROPERTY_DEFINITION('DRW_H_MIN','user defined attribute',#6935);
#8182=REPRESENTATION('',(#8181),#6923);
#8183=PROPERTY_DEFINITION_REPRESENTATION(#8178,#8182);
#8184=PROPERTY_DEFINITION('DRW_J_MAX','user defined attribute',#6935);
#8188=REPRESENTATION('',(#8187),#6923);
#8189=PROPERTY_DEFINITION_REPRESENTATION(#8184,#8188);
#8190=PROPERTY_DEFINITION('DRW_J_MIN','user defined attribute',#6935);
#8194=REPRESENTATION('',(#8193),#6923);
#8195=PROPERTY_DEFINITION_REPRESENTATION(#8190,#8194);
#8196=PROPERTY_DEFINITION('DRW_L','user defined attribute',#6935);
#8200=REPRESENTATION('',(#8199),#6923);
#8201=PROPERTY_DEFINITION_REPRESENTATION(#8196,#8200);
#8202=PROPERTY_DEFINITION('DRW_L_MIN','user defined attribute',#6935);
#8206=REPRESENTATION('',(#8205),#6923);
#8207=PROPERTY_DEFINITION_REPRESENTATION(#8202,#8206);
#8208=PROPERTY_DEFINITION('DRW_M','user defined attribute',#6935);
#8212=REPRESENTATION('',(#8211),#6923);
#8213=PROPERTY_DEFINITION_REPRESENTATION(#8208,#8212);
#8214=PROPERTY_DEFINITION('DRW_N','user defined attribute',#6935);
#8218=REPRESENTATION('',(#8217),#6923);
#8219=PROPERTY_DEFINITION_REPRESENTATION(#8214,#8218);
#8220=PROPERTY_DEFINITION('DRW_O_MAX','user defined attribute',#6935);
#8224=REPRESENTATION('',(#8223),#6923);
#8225=PROPERTY_DEFINITION_REPRESENTATION(#8220,#8224);
#8226=PROPERTY_DEFINITION('DRW_O_MIN','user defined attribute',#6935);
#8230=REPRESENTATION('',(#8229),#6923);
#8231=PROPERTY_DEFINITION_REPRESENTATION(#8226,#8230);
#8232=PROPERTY_DEFINITION('DRW_O_REF','user defined attribute',#6935);
#8236=REPRESENTATION('',(#8235),#6923);
#8237=PROPERTY_DEFINITION_REPRESENTATION(#8232,#8236);
#8238=PROPERTY_DEFINITION('DRW_P_MAX','user defined attribute',#6935);
#8242=REPRESENTATION('',(#8241),#6923);
#8243=PROPERTY_DEFINITION_REPRESENTATION(#8238,#8242);
#8244=PROPERTY_DEFINITION('DRW_P_MIN','user defined attribute',#6935);
#8248=REPRESENTATION('',(#8247),#6923);
#8249=PROPERTY_DEFINITION_REPRESENTATION(#8244,#8248);
#8250=PROPERTY_DEFINITION('DRW_TORX_A','user defined attribute',#6935);
#8254=REPRESENTATION('',(#8253),#6923);
#8255=PROPERTY_DEFINITION_REPRESENTATION(#8250,#8254);
#8256=PROPERTY_DEFINITION('DRW_TORX_I','user defined attribute',#6935);
#8260=REPRESENTATION('',(#8259),#6923);
#8261=PROPERTY_DEFINITION_REPRESENTATION(#8256,#8260);
#8262=PROPERTY_DEFINITION('DRW_TORX_J','user defined attribute',#6935);
#8266=REPRESENTATION('',(#8265),#6923);
#8267=PROPERTY_DEFINITION_REPRESENTATION(#8262,#8266);
#8268=PROPERTY_DEFINITION('DRW_TORX_Q','user defined attribute',#6935);
#8272=REPRESENTATION('',(#8271),#6923);
#8273=PROPERTY_DEFINITION_REPRESENTATION(#8268,#8272);
#8274=PROPERTY_DEFINITION('DRW_TORX_Z','user defined attribute',#6935);
#8278=REPRESENTATION('',(#8277),#6923);
#8279=PROPERTY_DEFINITION_REPRESENTATION(#8274,#8278);
#8280=PROPERTY_DEFINITION('DRW_T_MAX','user defined attribute',#6935);
#8284=REPRESENTATION('',(#8283),#6923);
#8285=PROPERTY_DEFINITION_REPRESENTATION(#8280,#8284);
#8286=PROPERTY_DEFINITION('DRW_T_MIN','user defined attribute',#6935);
#8290=REPRESENTATION('',(#8289),#6923);
#8291=PROPERTY_DEFINITION_REPRESENTATION(#8286,#8290);
#8292=PROPERTY_DEFINITION('DRW_U_MAX','user defined attribute',#6935);
#8296=REPRESENTATION('',(#8295),#6923);
#8297=PROPERTY_DEFINITION_REPRESENTATION(#8292,#8296);
#8298=PROPERTY_DEFINITION('DRW_U_MIN','user defined attribute',#6935);
#8302=REPRESENTATION('',(#8301),#6923);
#8303=PROPERTY_DEFINITION_REPRESENTATION(#8298,#8302);
#8304=PROPERTY_DEFINITION('DRW_U_REF','user defined attribute',#6935);
#8308=REPRESENTATION('',(#8307),#6923);
#8309=PROPERTY_DEFINITION_REPRESENTATION(#8304,#8308);
#8310=PROPERTY_DEFINITION('DRW_W_MIN','user defined attribute',#6935);
#8314=REPRESENTATION('',(#8313),#6923);
#8315=PROPERTY_DEFINITION_REPRESENTATION(#8310,#8314);
#8316=PROPERTY_DEFINITION('DRW_X_MAX','user defined attribute',#6935);
#8320=REPRESENTATION('',(#8319),#6923);
#8321=PROPERTY_DEFINITION_REPRESENTATION(#8316,#8320);
#8322=PROPERTY_DEFINITION('DRW_X_MIN','user defined attribute',#6935);
#8326=REPRESENTATION('',(#8325),#6923);
#8327=PROPERTY_DEFINITION_REPRESENTATION(#8322,#8326);
#8328=PROPERTY_DEFINITION('DRW_H_REF','user defined attribute',#6935);
#8332=REPRESENTATION('',(#8331),#6923);
#8333=PROPERTY_DEFINITION_REPRESENTATION(#8328,#8332);
#8334=PROPERTY_DEFINITION('DRW_C_REF','user defined attribute',#6935);
#8338=REPRESENTATION('',(#8337),#6923);
#8339=PROPERTY_DEFINITION_REPRESENTATION(#8334,#8338);
#8340=PROPERTY_DEFINITION('DRW_R_MAX','user defined attribute',#6935);
#8344=REPRESENTATION('',(#8343),#6923);
#8345=PROPERTY_DEFINITION_REPRESENTATION(#8340,#8344);
#8346=PROPERTY_DEFINITION('DRW_SERR_A','user defined attribute',#6935);
#8350=REPRESENTATION('',(#8349),#6923);
#8351=PROPERTY_DEFINITION_REPRESENTATION(#8346,#8350);
#8352=PROPERTY_DEFINITION('DRW_TEST','user defined attribute',#6935);
#8356=REPRESENTATION('',(#8355),#6923);
#8357=PROPERTY_DEFINITION_REPRESENTATION(#8352,#8356);
#8358=PROPERTY_DEFINITION('TEST','user defined attribute',#6935);
#8362=REPRESENTATION('',(#8361),#6923);
#8363=PROPERTY_DEFINITION_REPRESENTATION(#8358,#8362);
#8365=REPRESENTATION('',(#8364),#6923);
#8366=PROPERTY_DEFINITION('attribute type designation','Real Number',#8359);
#8367=PROPERTY_DEFINITION_REPRESENTATION(#8366,#8365);
#8368=PROPERTY_DEFINITION('Y3','user defined attribute',#6935);
#8372=REPRESENTATION('',(#8371),#6923);
#8373=PROPERTY_DEFINITION_REPRESENTATION(#8368,#8372);
#8375=REPRESENTATION('',(#8374),#6923);
#8376=PROPERTY_DEFINITION('attribute type designation','Real Number',#8369);
#8377=PROPERTY_DEFINITION_REPRESENTATION(#8376,#8375);
#8378=PROPERTY_DEFINITION('Y4','user defined attribute',#6935);
#8382=REPRESENTATION('',(#8381),#6923);
#8383=PROPERTY_DEFINITION_REPRESENTATION(#8378,#8382);
#8385=REPRESENTATION('',(#8384),#6923);
#8386=PROPERTY_DEFINITION('attribute type designation','Real Number',#8379);
#8387=PROPERTY_DEFINITION_REPRESENTATION(#8386,#8385);
#8388=PROPERTY_DEFINITION('DRW_HEAD_PLACEMENT','user defined attribute',#6935);
#8392=REPRESENTATION('',(#8391),#6923);
#8393=PROPERTY_DEFINITION_REPRESENTATION(#8388,#8392);
#8394=PROPERTY_DEFINITION('DRW_SLOT_PLACEMENT','user defined attribute',#6935);
#8398=REPRESENTATION('',(#8397),#6923);
#8399=PROPERTY_DEFINITION_REPRESENTATION(#8394,#8398);
#8400=PROPERTY_DEFINITION('DRW_TL','user defined attribute',#6935);
#8404=REPRESENTATION('',(#8403),#6923);
#8405=PROPERTY_DEFINITION_REPRESENTATION(#8400,#8404);
#8406=PROPERTY_DEFINITION('SCALE_TEST','user defined attribute',#6935);
#8410=REPRESENTATION('',(#8409),#6923);
#8411=PROPERTY_DEFINITION_REPRESENTATION(#8406,#8410);
#8413=REPRESENTATION('',(#8412),#6923);
#8414=PROPERTY_DEFINITION('attribute type designation','Real Number',#8407);
#8415=PROPERTY_DEFINITION_REPRESENTATION(#8414,#8413);
#8416=PROPERTY_DEFINITION('SCALE_TEST_2','user defined attribute',#6935);
#8420=REPRESENTATION('',(#8419),#6923);
#8421=PROPERTY_DEFINITION_REPRESENTATION(#8416,#8420);
#8423=REPRESENTATION('',(#8422),#6923);
#8424=PROPERTY_DEFINITION('attribute type designation','Real Number',#8417);
#8425=PROPERTY_DEFINITION_REPRESENTATION(#8424,#8423);
#8426=PROPERTY_DEFINITION('HEAD_CNSK_ANGLE','user defined attribute',#6935);
#8430=REPRESENTATION('',(#8429),#6923);
#8431=PROPERTY_DEFINITION_REPRESENTATION(#8426,#8430);
#8433=REPRESENTATION('',(#8432),#6923);
#8434=PROPERTY_DEFINITION('attribute type designation','Real Number',#8427);
#8435=PROPERTY_DEFINITION_REPRESENTATION(#8434,#8433);
#8436=PROPERTY_DEFINITION('DRAWING_RELATIONS','user defined attribute',#6935);
#8440=REPRESENTATION('',(#8439),#6923);
#8441=PROPERTY_DEFINITION_REPRESENTATION(#8436,#8440);
#8442=PROPERTY_DEFINITION('THREAD_CODE','user defined attribute',#6935);
#8446=REPRESENTATION('',(#8445),#6923);
#8447=PROPERTY_DEFINITION_REPRESENTATION(#8442,#8446);
#8448=PROPERTY_DEFINITION('P_CHAMFER','user defined attribute',#6935);
#8452=REPRESENTATION('',(#8451),#6923);
#8453=PROPERTY_DEFINITION_REPRESENTATION(#8448,#8452);
#8455=REPRESENTATION('',(#8454),#6923);
#8456=PROPERTY_DEFINITION('attribute type designation','Real Number',#8449);
#8457=PROPERTY_DEFINITION_REPRESENTATION(#8456,#8455);
#8458=PROPERTY_DEFINITION('P_CHAMFER_MAX','user defined attribute',#6935);
#8462=REPRESENTATION('',(#8461),#6923);
#8463=PROPERTY_DEFINITION_REPRESENTATION(#8458,#8462);
#8465=REPRESENTATION('',(#8464),#6923);
#8466=PROPERTY_DEFINITION('attribute type designation','Real Number',#8459);
#8467=PROPERTY_DEFINITION_REPRESENTATION(#8466,#8465);
#8468=PROPERTY_DEFINITION('P_CHAMFER_MIN','user defined attribute',#6935);
#8472=REPRESENTATION('',(#8471),#6923);
#8473=PROPERTY_DEFINITION_REPRESENTATION(#8468,#8472);
#8475=REPRESENTATION('',(#8474),#6923);
#8476=PROPERTY_DEFINITION('attribute type designation','Real Number',#8469);
#8477=PROPERTY_DEFINITION_REPRESENTATION(#8476,#8475);
#8478=PROPERTY_DEFINITION('LITTLE_D','user defined attribute',#6935);
#8482=REPRESENTATION('',(#8481),#6923);
#8483=PROPERTY_DEFINITION_REPRESENTATION(#8478,#8482);
#8485=REPRESENTATION('',(#8484),#6923);
#8486=PROPERTY_DEFINITION('attribute type designation','Real Number',#8479);
#8487=PROPERTY_DEFINITION_REPRESENTATION(#8486,#8485);
#8488=PROPERTY_DEFINITION('LITTLE_D_MAX','user defined attribute',#6935);
#8492=REPRESENTATION('',(#8491),#6923);
#8493=PROPERTY_DEFINITION_REPRESENTATION(#8488,#8492);
#8495=REPRESENTATION('',(#8494),#6923);
#8496=PROPERTY_DEFINITION('attribute type designation','Real Number',#8489);
#8497=PROPERTY_DEFINITION_REPRESENTATION(#8496,#8495);
#8498=PROPERTY_DEFINITION('LITTLE_D_MIN','user defined attribute',#6935);
#8502=REPRESENTATION('',(#8501),#6923);
#8503=PROPERTY_DEFINITION_REPRESENTATION(#8498,#8502);
#8505=REPRESENTATION('',(#8504),#6923);
#8506=PROPERTY_DEFINITION('attribute type designation','Real Number',#8499);
#8507=PROPERTY_DEFINITION_REPRESENTATION(#8506,#8505);
#8508=PROPERTY_DEFINITION('CREST_LEN','user defined attribute',#6935);
#8512=REPRESENTATION('',(#8511),#6923);
#8513=PROPERTY_DEFINITION_REPRESENTATION(#8508,#8512);
#8515=REPRESENTATION('',(#8514),#6923);
#8516=PROPERTY_DEFINITION('attribute type designation','Real Number',#8509);
#8517=PROPERTY_DEFINITION_REPRESENTATION(#8516,#8515);
#8518=PROPERTY_DEFINITION('P_THREAD','user defined attribute',#6935);
#8522=REPRESENTATION('',(#8521),#6923);
#8523=PROPERTY_DEFINITION_REPRESENTATION(#8518,#8522);
#8525=REPRESENTATION('',(#8524),#6923);
#8526=PROPERTY_DEFINITION('attribute type designation','Real Number',#8519);
#8527=PROPERTY_DEFINITION_REPRESENTATION(#8526,#8525);
#8528=PROPERTY_DEFINITION('S','user defined attribute',#6935);
#8532=REPRESENTATION('',(#8531),#6923);
#8533=PROPERTY_DEFINITION_REPRESENTATION(#8528,#8532);
#8535=REPRESENTATION('',(#8534),#6923);
#8536=PROPERTY_DEFINITION('attribute type designation','Real Number',#8529);
#8537=PROPERTY_DEFINITION_REPRESENTATION(#8536,#8535);
#8538=PROPERTY_DEFINITION('S_MAX','user defined attribute',#6935);
#8542=REPRESENTATION('',(#8541),#6923);
#8543=PROPERTY_DEFINITION_REPRESENTATION(#8538,#8542);
#8545=REPRESENTATION('',(#8544),#6923);
#8546=PROPERTY_DEFINITION('attribute type designation','Real Number',#8539);
#8547=PROPERTY_DEFINITION_REPRESENTATION(#8546,#8545);
#8548=PROPERTY_DEFINITION('S_MIN','user defined attribute',#6935);
#8552=REPRESENTATION('',(#8551),#6923);
#8553=PROPERTY_DEFINITION_REPRESENTATION(#8548,#8552);
#8555=REPRESENTATION('',(#8554),#6923);
#8556=PROPERTY_DEFINITION('attribute type designation','Real Number',#8549);
#8557=PROPERTY_DEFINITION_REPRESENTATION(#8556,#8555);
#8558=PROPERTY_DEFINITION('POINT','user defined attribute',#6935);
#8562=REPRESENTATION('',(#8561),#6923);
#8563=PROPERTY_DEFINITION_REPRESENTATION(#8558,#8562);
#8565=REPRESENTATION('',(#8564),#6923);
#8566=PROPERTY_DEFINITION('attribute type designation','Real Number',#8559);
#8567=PROPERTY_DEFINITION_REPRESENTATION(#8566,#8565);
#8568=PROPERTY_DEFINITION('Z_LEN','user defined attribute',#6935);
#8572=REPRESENTATION('',(#8571),#6923);
#8573=PROPERTY_DEFINITION_REPRESENTATION(#8568,#8572);
#8575=REPRESENTATION('',(#8574),#6923);
#8576=PROPERTY_DEFINITION('attribute type designation','Real Number',#8569);
#8577=PROPERTY_DEFINITION_REPRESENTATION(#8576,#8575);
#8578=PROPERTY_DEFINITION('TRI_C_MAX','user defined attribute',#6935);
#8582=REPRESENTATION('',(#8581),#6923);
#8583=PROPERTY_DEFINITION_REPRESENTATION(#8578,#8582);
#8585=REPRESENTATION('',(#8584),#6923);
#8586=PROPERTY_DEFINITION('attribute type designation','Real Number',#8579);
#8587=PROPERTY_DEFINITION_REPRESENTATION(#8586,#8585);
#8588=PROPERTY_DEFINITION('TRI_C_MIN','user defined attribute',#6935);
#8592=REPRESENTATION('',(#8591),#6923);
#8593=PROPERTY_DEFINITION_REPRESENTATION(#8588,#8592);
#8595=REPRESENTATION('',(#8594),#6923);
#8596=PROPERTY_DEFINITION('attribute type designation','Real Number',#8589);
#8597=PROPERTY_DEFINITION_REPRESENTATION(#8596,#8595);
#8598=PROPERTY_DEFINITION('TRI_D_MAX','user defined attribute',#6935);
#8602=REPRESENTATION('',(#8601),#6923);
#8603=PROPERTY_DEFINITION_REPRESENTATION(#8598,#8602);
#8605=REPRESENTATION('',(#8604),#6923);
#8606=PROPERTY_DEFINITION('attribute type designation','Real Number',#8599);
#8607=PROPERTY_DEFINITION_REPRESENTATION(#8606,#8605);
#8608=PROPERTY_DEFINITION('TRI_D_MIN','user defined attribute',#6935);
#8612=REPRESENTATION('',(#8611),#6923);
#8613=PROPERTY_DEFINITION_REPRESENTATION(#8608,#8612);
#8615=REPRESENTATION('',(#8614),#6923);
#8616=PROPERTY_DEFINITION('attribute type designation','Real Number',#8609);
#8617=PROPERTY_DEFINITION_REPRESENTATION(#8616,#8615);
#8618=PROPERTY_DEFINITION('TRI_C','user defined attribute',#6935);
#8622=REPRESENTATION('',(#8621),#6923);
#8623=PROPERTY_DEFINITION_REPRESENTATION(#8618,#8622);
#8625=REPRESENTATION('',(#8624),#6923);
#8626=PROPERTY_DEFINITION('attribute type designation','Real Number',#8619);
#8627=PROPERTY_DEFINITION_REPRESENTATION(#8626,#8625);
#8628=PROPERTY_DEFINITION('TRI_D','user defined attribute',#6935);
#8632=REPRESENTATION('',(#8631),#6923);
#8633=PROPERTY_DEFINITION_REPRESENTATION(#8628,#8632);
#8635=REPRESENTATION('',(#8634),#6923);
#8636=PROPERTY_DEFINITION('attribute type designation','Real Number',#8629);
#8637=PROPERTY_DEFINITION_REPRESENTATION(#8636,#8635);
#8638=PROPERTY_DEFINITION('S_TAPER_MAX','user defined attribute',#6935);
#8642=REPRESENTATION('',(#8641),#6923);
#8643=PROPERTY_DEFINITION_REPRESENTATION(#8638,#8642);
#8645=REPRESENTATION('',(#8644),#6923);
#8646=PROPERTY_DEFINITION('attribute type designation','Real Number',#8639);
#8647=PROPERTY_DEFINITION_REPRESENTATION(#8646,#8645);
#8648=PROPERTY_DEFINITION('S_TAPER_MIN','user defined attribute',#6935);
#8652=REPRESENTATION('',(#8651),#6923);
#8653=PROPERTY_DEFINITION_REPRESENTATION(#8648,#8652);
#8655=REPRESENTATION('',(#8654),#6923);
#8656=PROPERTY_DEFINITION('attribute type designation','Real Number',#8649);
#8657=PROPERTY_DEFINITION_REPRESENTATION(#8656,#8655);
#8658=PROPERTY_DEFINITION('S_TAPER','user defined attribute',#6935);
#8662=REPRESENTATION('',(#8661),#6923);
#8663=PROPERTY_DEFINITION_REPRESENTATION(#8658,#8662);
#8665=REPRESENTATION('',(#8664),#6923);
#8666=PROPERTY_DEFINITION('attribute type designation','Real Number',#8659);
#8667=PROPERTY_DEFINITION_REPRESENTATION(#8666,#8665);
#8668=PROPERTY_DEFINITION('Y_LEN','user defined attribute',#6935);
#8672=REPRESENTATION('',(#8671),#6923);
#8673=PROPERTY_DEFINITION_REPRESENTATION(#8668,#8672);
#8675=REPRESENTATION('',(#8674),#6923);
#8676=PROPERTY_DEFINITION('attribute type designation','Real Number',#8669);
#8677=PROPERTY_DEFINITION_REPRESENTATION(#8676,#8675);
#8678=PROPERTY_DEFINITION('THREAD_CUT_TRIGGER','user defined attribute',#6935);
#8682=REPRESENTATION('',(#8681),#6923);
#8683=PROPERTY_DEFINITION_REPRESENTATION(#8678,#8682);
#8684=PROPERTY_DEFINITION('THREAD_LEN_TYPE','user defined attribute',#6935);
#8688=REPRESENTATION('',(#8687),#6923);
#8689=PROPERTY_DEFINITION_REPRESENTATION(#8684,#8688);
#8690=PROPERTY_DEFINITION('TL_2','user defined attribute',#6935);
#8694=REPRESENTATION('',(#8693),#6923);
#8695=PROPERTY_DEFINITION_REPRESENTATION(#8690,#8694);
#8697=REPRESENTATION('',(#8696),#6923);
#8698=PROPERTY_DEFINITION('attribute type designation','Real Number',#8691);
#8699=PROPERTY_DEFINITION_REPRESENTATION(#8698,#8697);
#8700=PROPERTY_DEFINITION('HEAD_CLASS','user defined attribute',#6935);
#8704=REPRESENTATION('',(#8703),#6923);
#8705=PROPERTY_DEFINITION_REPRESENTATION(#8700,#8704);
#8706=PROPERTY_DEFINITION('E_NO_OF_GROOVES','user defined attribute',#6935);
#8710=REPRESENTATION('',(#8709),#6923);
#8711=PROPERTY_DEFINITION_REPRESENTATION(#8706,#8710);
#8713=REPRESENTATION('',(#8712),#6923);
#8714=PROPERTY_DEFINITION('attribute type designation','Real Number',#8707);
#8715=PROPERTY_DEFINITION_REPRESENTATION(#8714,#8713);
#8716=PROPERTY_DEFINITION('BIG_D_MAX','user defined attribute',#6935);
#8720=REPRESENTATION('',(#8719),#6923);
#8721=PROPERTY_DEFINITION_REPRESENTATION(#8716,#8720);
#8723=REPRESENTATION('',(#8722),#6923);
#8724=PROPERTY_DEFINITION('attribute type designation','Real Number',#8717);
#8725=PROPERTY_DEFINITION_REPRESENTATION(#8724,#8723);
#8726=PROPERTY_DEFINITION('BIG_D_MIN','user defined attribute',#6935);
#8730=REPRESENTATION('',(#8729),#6923);
#8731=PROPERTY_DEFINITION_REPRESENTATION(#8726,#8730);
#8733=REPRESENTATION('',(#8732),#6923);
#8734=PROPERTY_DEFINITION('attribute type designation','Real Number',#8727);
#8735=PROPERTY_DEFINITION_REPRESENTATION(#8734,#8733);
#8736=PROPERTY_DEFINITION('IRR_NOM','user defined attribute',#6935);
#8740=REPRESENTATION('',(#8739),#6923);
#8741=PROPERTY_DEFINITION_REPRESENTATION(#8736,#8740);
#8743=REPRESENTATION('',(#8742),#6923);
#8744=PROPERTY_DEFINITION('attribute type designation','Real Number',#8737);
#8745=PROPERTY_DEFINITION_REPRESENTATION(#8744,#8743);
#8746=PROPERTY_DEFINITION('B_LOW_THD_DIA','user defined attribute',#6935);
#8750=REPRESENTATION('',(#8749),#6923);
#8751=PROPERTY_DEFINITION_REPRESENTATION(#8746,#8750);
#8753=REPRESENTATION('',(#8752),#6923);
#8754=PROPERTY_DEFINITION('attribute type designation','Real Number',#8747);
#8755=PROPERTY_DEFINITION_REPRESENTATION(#8754,#8753);
#8756=PROPERTY_DEFINITION('P_POINT_DIA_MAX','user defined attribute',#6935);
#8760=REPRESENTATION('',(#8759),#6923);
#8761=PROPERTY_DEFINITION_REPRESENTATION(#8756,#8760);
#8763=REPRESENTATION('',(#8762),#6923);
#8764=PROPERTY_DEFINITION('attribute type designation','Real Number',#8757);
#8765=PROPERTY_DEFINITION_REPRESENTATION(#8764,#8763);
#8766=PROPERTY_DEFINITION('P_POINT_DIA_MIN','user defined attribute',#6935);
#8770=REPRESENTATION('',(#8769),#6923);
#8771=PROPERTY_DEFINITION_REPRESENTATION(#8766,#8770);
#8773=REPRESENTATION('',(#8772),#6923);
#8774=PROPERTY_DEFINITION('attribute type designation','Real Number',#8767);
#8775=PROPERTY_DEFINITION_REPRESENTATION(#8774,#8773);
#8776=PROPERTY_DEFINITION('GROOVE_A','user defined attribute',#6935);
#8780=REPRESENTATION('',(#8779),#6923);
#8781=PROPERTY_DEFINITION_REPRESENTATION(#8776,#8780);
#8783=REPRESENTATION('',(#8782),#6923);
#8784=PROPERTY_DEFINITION('attribute type designation','Real Number',#8777);
#8785=PROPERTY_DEFINITION_REPRESENTATION(#8784,#8783);
#8786=PROPERTY_DEFINITION('GROOVE_B','user defined attribute',#6935);
#8790=REPRESENTATION('',(#8789),#6923);
#8791=PROPERTY_DEFINITION_REPRESENTATION(#8786,#8790);
#8793=REPRESENTATION('',(#8792),#6923);
#8794=PROPERTY_DEFINITION('attribute type designation','Real Number',#8787);
#8795=PROPERTY_DEFINITION_REPRESENTATION(#8794,#8793);
#8796=PROPERTY_DEFINITION('GROOVE_C','user defined attribute',#6935);
#8800=REPRESENTATION('',(#8799),#6923);
#8801=PROPERTY_DEFINITION_REPRESENTATION(#8796,#8800);
#8803=REPRESENTATION('',(#8802),#6923);
#8804=PROPERTY_DEFINITION('attribute type designation','Real Number',#8797);
#8805=PROPERTY_DEFINITION_REPRESENTATION(#8804,#8803);
#8806=PROPERTY_DEFINITION('NO_OF_GROOVES','user defined attribute',#6935);
#8810=REPRESENTATION('',(#8809),#6923);
#8811=PROPERTY_DEFINITION_REPRESENTATION(#8806,#8810);
#8813=REPRESENTATION('',(#8812),#6923);
#8814=PROPERTY_DEFINITION('attribute type designation','Integer',#8807);
#8815=PROPERTY_DEFINITION_REPRESENTATION(#8814,#8813);
#8816=PROPERTY_DEFINITION('GROOVE_ANGLE','user defined attribute',#6935);
#8820=REPRESENTATION('',(#8819),#6923);
#8821=PROPERTY_DEFINITION_REPRESENTATION(#8816,#8820);
#8823=REPRESENTATION('',(#8822),#6923);
#8824=PROPERTY_DEFINITION('attribute type designation','Real Number',#8817);
#8825=PROPERTY_DEFINITION_REPRESENTATION(#8824,#8823);
#8826=PROPERTY_DEFINITION('P_POINT_DIA','user defined attribute',#6935);
#8830=REPRESENTATION('',(#8829),#6923);
#8831=PROPERTY_DEFINITION_REPRESENTATION(#8826,#8830);
#8833=REPRESENTATION('',(#8832),#6923);
#8834=PROPERTY_DEFINITION('attribute type designation','Real Number',#8827);
#8835=PROPERTY_DEFINITION_REPRESENTATION(#8834,#8833);
#8836=PROPERTY_DEFINITION('TRI_CP','user defined attribute',#6935);
#8840=REPRESENTATION('',(#8839),#6923);
#8841=PROPERTY_DEFINITION_REPRESENTATION(#8836,#8840);
#8843=REPRESENTATION('',(#8842),#6923);
#8844=PROPERTY_DEFINITION('attribute type designation','Real Number',#8837);
#8845=PROPERTY_DEFINITION_REPRESENTATION(#8844,#8843);
#8846=PROPERTY_DEFINITION('TRI_DP','user defined attribute',#6935);
#8850=REPRESENTATION('',(#8849),#6923);
#8851=PROPERTY_DEFINITION_REPRESENTATION(#8846,#8850);
#8853=REPRESENTATION('',(#8852),#6923);
#8854=PROPERTY_DEFINITION('attribute type designation','Real Number',#8847);
#8855=PROPERTY_DEFINITION_REPRESENTATION(#8854,#8853);
#8856=PROPERTY_DEFINITION('BIG_D','user defined attribute',#6935);
#8860=REPRESENTATION('',(#8859),#6923);
#8861=PROPERTY_DEFINITION_REPRESENTATION(#8856,#8860);
#8863=REPRESENTATION('',(#8862),#6923);
#8864=PROPERTY_DEFINITION('attribute type designation','Real Number',#8857);
#8865=PROPERTY_DEFINITION_REPRESENTATION(#8864,#8863);
#8866=PROPERTY_DEFINITION('CSUNK_H','user defined attribute',#6935);
#8870=REPRESENTATION('',(#8869),#6923);
#8871=PROPERTY_DEFINITION_REPRESENTATION(#8866,#8870);
#8873=REPRESENTATION('',(#8872),#6923);
#8874=PROPERTY_DEFINITION('attribute type designation','Real Number',#8867);
#8875=PROPERTY_DEFINITION_REPRESENTATION(#8874,#8873);
#8876=PROPERTY_DEFINITION('TRI_LOBBAL','user defined attribute',#6935);
#8880=REPRESENTATION('',(#8879),#6923);
#8881=PROPERTY_DEFINITION_REPRESENTATION(#8876,#8880);
#8882=PROPERTY_DEFINITION('HD_PLC','user defined attribute',#6935);
#8886=REPRESENTATION('',(#8885),#6923);
#8887=PROPERTY_DEFINITION_REPRESENTATION(#8882,#8886);
#8888=PROPERTY_DEFINITION('RECESS_DESC','user defined attribute',#6935);
#8892=REPRESENTATION('',(#8891),#6923);
#8893=PROPERTY_DEFINITION_REPRESENTATION(#8888,#8892);
#8894=PROPERTY_DEFINITION('DRW_STATE_QRY','user defined attribute',#6935);
#8898=REPRESENTATION('',(#8897),#6923);
#8899=PROPERTY_DEFINITION_REPRESENTATION(#8894,#8898);
#8900=PROPERTY_DEFINITION('DRW_STATE_PD','user defined attribute',#6935);
#8904=REPRESENTATION('',(#8903),#6923);
#8905=PROPERTY_DEFINITION_REPRESENTATION(#8900,#8904);
#8906=PROPERTY_DEFINITION('TEMPPP','user defined attribute',#6935);
#8910=REPRESENTATION('',(#8909),#6923);
#8911=PROPERTY_DEFINITION_REPRESENTATION(#8906,#8910);
#8912=PROPERTY_DEFINITION('LINE_1_NOTE_2','user defined attribute',#6935);
#8916=REPRESENTATION('',(#8915),#6923);
#8917=PROPERTY_DEFINITION_REPRESENTATION(#8912,#8916);
#8918=PROPERTY_DEFINITION('LINE_2_NOTE_2','user defined attribute',#6935);
#8922=REPRESENTATION('',(#8921),#6923);
#8923=PROPERTY_DEFINITION_REPRESENTATION(#8918,#8922);
#8924=PROPERTY_DEFINITION('LINE_3_NOTE_2','user defined attribute',#6935);
#8928=REPRESENTATION('',(#8927),#6923);
#8929=PROPERTY_DEFINITION_REPRESENTATION(#8924,#8928);
#8930=PROPERTY_DEFINITION('LINE_4_NOTE_2','user defined attribute',#6935);
#8934=REPRESENTATION('',(#8933),#6923);
#8935=PROPERTY_DEFINITION_REPRESENTATION(#8930,#8934);
#8936=PROPERTY_DEFINITION('LINE_5_NOTE_2','user defined attribute',#6935);
#8940=REPRESENTATION('',(#8939),#6923);
#8941=PROPERTY_DEFINITION_REPRESENTATION(#8936,#8940);
#8942=PROPERTY_DEFINITION('LINE_6_NOTE_2','user defined attribute',#6935);
#8946=REPRESENTATION('',(#8945),#6923);
#8947=PROPERTY_DEFINITION_REPRESENTATION(#8942,#8946);
#8948=PROPERTY_DEFINITION('LINE_7_NOTE_2','user defined attribute',#6935);
#8952=REPRESENTATION('',(#8951),#6923);
#8953=PROPERTY_DEFINITION_REPRESENTATION(#8948,#8952);
#8954=PROPERTY_DEFINITION('LINE_8_NOTE_2','user defined attribute',#6935);
#8958=REPRESENTATION('',(#8957),#6923);
#8959=PROPERTY_DEFINITION_REPRESENTATION(#8954,#8958);
#8960=PROPERTY_DEFINITION('LINE_9_NOTE_2','user defined attribute',#6935);
#8964=REPRESENTATION('',(#8963),#6923);
#8965=PROPERTY_DEFINITION_REPRESENTATION(#8960,#8964);
#8966=PROPERTY_DEFINITION('LINE_10_NOTE_2','user defined attribute',#6935);
#8970=REPRESENTATION('',(#8969),#6923);
#8971=PROPERTY_DEFINITION_REPRESENTATION(#8966,#8970);
#8972=PROPERTY_DEFINITION('LINE_1_NOTE_2_REFF','user defined attribute',#6935);
#8976=REPRESENTATION('',(#8975),#6923);
#8977=PROPERTY_DEFINITION_REPRESENTATION(#8972,#8976);
#8978=PROPERTY_DEFINITION('LINE_2_NOTE_2_REFF','user defined attribute',#6935);
#8982=REPRESENTATION('',(#8981),#6923);
#8983=PROPERTY_DEFINITION_REPRESENTATION(#8978,#8982);
#8984=PROPERTY_DEFINITION('LINE_3_NOTE_2_REFF','user defined attribute',#6935);
#8988=REPRESENTATION('',(#8987),#6923);
#8989=PROPERTY_DEFINITION_REPRESENTATION(#8984,#8988);
#8990=PROPERTY_DEFINITION('LINE_4_NOTE_2_REFF','user defined attribute',#6935);
#8994=REPRESENTATION('',(#8993),#6923);
#8995=PROPERTY_DEFINITION_REPRESENTATION(#8990,#8994);
#8996=PROPERTY_DEFINITION('LINE_5_NOTE_2_REFF','user defined attribute',#6935);
#9000=REPRESENTATION('',(#8999),#6923);
#9001=PROPERTY_DEFINITION_REPRESENTATION(#8996,#9000);
#9002=PROPERTY_DEFINITION('LINE_6_NOTE_2_REFF','user defined attribute',#6935);
#9006=REPRESENTATION('',(#9005),#6923);
#9007=PROPERTY_DEFINITION_REPRESENTATION(#9002,#9006);
#9008=PROPERTY_DEFINITION('LINE_7_NOTE_2_REFF','user defined attribute',#6935);
#9012=REPRESENTATION('',(#9011),#6923);
#9013=PROPERTY_DEFINITION_REPRESENTATION(#9008,#9012);
#9014=PROPERTY_DEFINITION('LINE_8_NOTE_2_REFF','user defined attribute',#6935);
#9018=REPRESENTATION('',(#9017),#6923);
#9019=PROPERTY_DEFINITION_REPRESENTATION(#9014,#9018);
#9020=PROPERTY_DEFINITION('LINE_9_NOTE_2_REFF','user defined attribute',#6935);
#9024=REPRESENTATION('',(#9023),#6923);
#9025=PROPERTY_DEFINITION_REPRESENTATION(#9020,#9024);
#9026=PROPERTY_DEFINITION('LINE_10_NOTE_2_REFF','user defined attribute',#6935);
#9030=REPRESENTATION('',(#9029),#6923);
#9031=PROPERTY_DEFINITION_REPRESENTATION(#9026,#9030);
#9032=PROPERTY_DEFINITION('QA_PN','user defined attribute',#6935);
#9036=REPRESENTATION('',(#9035),#6923);
#9037=PROPERTY_DEFINITION_REPRESENTATION(#9032,#9036);
#9038=PROPERTY_DEFINITION('REV_DATE','user defined attribute',#6935);
#9042=REPRESENTATION('',(#9041),#6923);
#9043=PROPERTY_DEFINITION_REPRESENTATION(#9038,#9042);
#9044=PROPERTY_DEFINITION('LITLLE_D_MIN','user defined attribute',#6935);
#9048=REPRESENTATION('',(#9047),#6923);
#9049=PROPERTY_DEFINITION_REPRESENTATION(#9044,#9048);
#9051=REPRESENTATION('',(#9050),#6923);
#9052=PROPERTY_DEFINITION('attribute type designation','Real Number',#9045);
#9053=PROPERTY_DEFINITION_REPRESENTATION(#9052,#9051);
#9054=PROPERTY_DEFINITION('MATFIN_CODE','user defined attribute',#6935);
#9058=REPRESENTATION('',(#9057),#6923);
#9059=PROPERTY_DEFINITION_REPRESENTATION(#9054,#9058);
#9060=PROPERTY_DEFINITION('TL','user defined attribute',#6935);
#9064=REPRESENTATION('',(#9063),#6923);
#9065=PROPERTY_DEFINITION_REPRESENTATION(#9060,#9064);
#9067=REPRESENTATION('',(#9066),#6923);
#9068=PROPERTY_DEFINITION('attribute type designation','Real Number',#9061);
#9069=PROPERTY_DEFINITION_REPRESENTATION(#9068,#9067);
#9070=PROPERTY_DEFINITION('THREAD_KEY','user defined attribute',#6935);
#9074=REPRESENTATION('',(#9073),#6923);
#9075=PROPERTY_DEFINITION_REPRESENTATION(#9070,#9074);
#9076=PROPERTY_DEFINITION('TRI_RAD','user defined attribute',#6935);
#9080=REPRESENTATION('',(#9079),#6923);
#9081=PROPERTY_DEFINITION_REPRESENTATION(#9076,#9080);
#9082=PROPERTY_DEFINITION('DRAWING_SCALE_FACTOR2','user defined attribute',
#6935);
#9086=REPRESENTATION('',(#9085),#6923);
#9087=PROPERTY_DEFINITION_REPRESENTATION(#9082,#9086);
#9089=REPRESENTATION('',(#9088),#6923);
#9090=PROPERTY_DEFINITION('attribute type designation','Real Number',#9083);
#9091=PROPERTY_DEFINITION_REPRESENTATION(#9090,#9089);
#9092=PROPERTY_DEFINITION('SCALE_TYPE_TRIGGER','user defined attribute',#6935);
#9096=REPRESENTATION('',(#9095),#6923);
#9097=PROPERTY_DEFINITION_REPRESENTATION(#9092,#9096);
#9098=PROPERTY_DEFINITION('SCALE_MANUAL','user defined attribute',#6935);
#9102=REPRESENTATION('',(#9101),#6923);
#9103=PROPERTY_DEFINITION_REPRESENTATION(#9098,#9102);
#9105=REPRESENTATION('',(#9104),#6923);
#9106=PROPERTY_DEFINITION('attribute type designation','Real Number',#9099);
#9107=PROPERTY_DEFINITION_REPRESENTATION(#9106,#9105);
#9108=PROPERTY_DEFINITION('LP_TOL','user defined attribute',#6935);
#9112=REPRESENTATION('',(#9111),#6923);
#9113=PROPERTY_DEFINITION_REPRESENTATION(#9108,#9112);
#9115=REPRESENTATION('',(#9114),#6923);
#9116=PROPERTY_DEFINITION('attribute type designation','Real Number',#9109);
#9117=PROPERTY_DEFINITION_REPRESENTATION(#9116,#9115);
#9118=PROPERTY_DEFINITION('LM_TOL','user defined attribute',#6935);
#9122=REPRESENTATION('',(#9121),#6923);
#9123=PROPERTY_DEFINITION_REPRESENTATION(#9118,#9122);
#9125=REPRESENTATION('',(#9124),#6923);
#9126=PROPERTY_DEFINITION('attribute type designation','Real Number',#9119);
#9127=PROPERTY_DEFINITION_REPRESENTATION(#9126,#9125);
#9128=PROPERTY_DEFINITION('DRW_VIEW_WIDTH','user defined attribute',#6935);
#9132=REPRESENTATION('',(#9131),#6923);
#9133=PROPERTY_DEFINITION_REPRESENTATION(#9128,#9132);
#9135=REPRESENTATION('',(#9134),#6923);
#9136=PROPERTY_DEFINITION('attribute type designation','Real Number',#9129);
#9137=PROPERTY_DEFINITION_REPRESENTATION(#9136,#9135);
#9138=PROPERTY_DEFINITION('DRW_VIEW_HEIGHT','user defined attribute',#6935);
#9142=REPRESENTATION('',(#9141),#6923);
#9143=PROPERTY_DEFINITION_REPRESENTATION(#9138,#9142);
#9145=REPRESENTATION('',(#9144),#6923);
#9146=PROPERTY_DEFINITION('attribute type designation','Real Number',#9139);
#9147=PROPERTY_DEFINITION_REPRESENTATION(#9146,#9145);
#9148=PROPERTY_DEFINITION('L_MAX','user defined attribute',#6935);
#9152=REPRESENTATION('',(#9151),#6923);
#9153=PROPERTY_DEFINITION_REPRESENTATION(#9148,#9152);
#9155=REPRESENTATION('',(#9154),#6923);
#9156=PROPERTY_DEFINITION('attribute type designation','Real Number',#9149);
#9157=PROPERTY_DEFINITION_REPRESENTATION(#9156,#9155);
#9158=PROPERTY_DEFINITION('DRW_L_MAX','user defined attribute',#6935);
#9162=REPRESENTATION('',(#9161),#6923);
#9163=PROPERTY_DEFINITION_REPRESENTATION(#9158,#9162);
#9164=PROPERTY_DEFINITION('THREAD_CALL_RATIO','user defined attribute',#6935);
#9168=REPRESENTATION('',(#9167),#6923);
#9169=PROPERTY_DEFINITION_REPRESENTATION(#9164,#9168);
#9171=REPRESENTATION('',(#9170),#6923);
#9172=PROPERTY_DEFINITION('attribute type designation','Real Number',#9165);
#9173=PROPERTY_DEFINITION_REPRESENTATION(#9172,#9171);
#9174=PROPERTY_DEFINITION('LENGTH_SNAP_LINE_NO','user defined attribute',#6935);
#9178=REPRESENTATION('',(#9177),#6923);
#9179=PROPERTY_DEFINITION_REPRESENTATION(#9174,#9178);
#9181=REPRESENTATION('',(#9180),#6923);
#9182=PROPERTY_DEFINITION('attribute type designation','Real Number',#9175);
#9183=PROPERTY_DEFINITION_REPRESENTATION(#9182,#9181);
#9184=PROPERTY_DEFINITION('L_SNAP_POS','user defined attribute',#6935);
#9188=REPRESENTATION('',(#9187),#6923);
#9189=PROPERTY_DEFINITION_REPRESENTATION(#9184,#9188);
#9191=REPRESENTATION('',(#9190),#6923);
#9192=PROPERTY_DEFINITION('attribute type designation','Real Number',#9185);
#9193=PROPERTY_DEFINITION_REPRESENTATION(#9192,#9191);
#9194=PROPERTY_DEFINITION('PILOT_HOLE_NOTE_1','user defined attribute',#6935);
#9198=REPRESENTATION('',(#9197),#6923);
#9199=PROPERTY_DEFINITION_REPRESENTATION(#9194,#9198);
#9200=PROPERTY_DEFINITION('PILOT_HOLE_NOTE_2','user defined attribute',#6935);
#9204=REPRESENTATION('',(#9203),#6923);
#9205=PROPERTY_DEFINITION_REPRESENTATION(#9200,#9204);
#9206=PROPERTY_DEFINITION('PILOT_HOLE_NOTE_3','user defined attribute',#6935);
#9210=REPRESENTATION('',(#9209),#6923);
#9211=PROPERTY_DEFINITION_REPRESENTATION(#9206,#9210);
#9212=PROPERTY_DEFINITION('PILOT_HOLE_1','user defined attribute',#6935);
#9216=REPRESENTATION('',(#9215),#6923);
#9217=PROPERTY_DEFINITION_REPRESENTATION(#9212,#9216);
#9218=PROPERTY_DEFINITION('PILOT_HOLE_2','user defined attribute',#6935);
#9222=REPRESENTATION('',(#9221),#6923);
#9223=PROPERTY_DEFINITION_REPRESENTATION(#9218,#9222);
#9224=PROPERTY_DEFINITION('PILOT_HOLE_3','user defined attribute',#6935);
#9228=REPRESENTATION('',(#9227),#6923);
#9229=PROPERTY_DEFINITION_REPRESENTATION(#9224,#9228);
#9230=PROPERTY_DEFINITION('TRI_SHAFT_TAPER','user defined attribute',#6935);
#9234=REPRESENTATION('',(#9233),#6923);
#9235=PROPERTY_DEFINITION_REPRESENTATION(#9230,#9234);
#9236=PROPERTY_DEFINITION('TRI_H_DIA_1','user defined attribute',#6935);
#9240=REPRESENTATION('',(#9239),#6923);
#9241=PROPERTY_DEFINITION_REPRESENTATION(#9236,#9240);
#9243=REPRESENTATION('',(#9242),#6923);
#9244=PROPERTY_DEFINITION('attribute type designation','Real Number',#9237);
#9245=PROPERTY_DEFINITION_REPRESENTATION(#9244,#9243);
#9246=PROPERTY_DEFINITION('TRI_H_DIA_2','user defined attribute',#6935);
#9250=REPRESENTATION('',(#9249),#6923);
#9251=PROPERTY_DEFINITION_REPRESENTATION(#9246,#9250);
#9253=REPRESENTATION('',(#9252),#6923);
#9254=PROPERTY_DEFINITION('attribute type designation','Real Number',#9247);
#9255=PROPERTY_DEFINITION_REPRESENTATION(#9254,#9253);
#9256=PROPERTY_DEFINITION('TRI_C_1','user defined attribute',#6935);
#9260=REPRESENTATION('',(#9259),#6923);
#9261=PROPERTY_DEFINITION_REPRESENTATION(#9256,#9260);
#9263=REPRESENTATION('',(#9262),#6923);
#9264=PROPERTY_DEFINITION('attribute type designation','Real Number',#9257);
#9265=PROPERTY_DEFINITION_REPRESENTATION(#9264,#9263);
#9266=PROPERTY_DEFINITION('TRI_C_2','user defined attribute',#6935);
#9270=REPRESENTATION('',(#9269),#6923);
#9271=PROPERTY_DEFINITION_REPRESENTATION(#9266,#9270);
#9273=REPRESENTATION('',(#9272),#6923);
#9274=PROPERTY_DEFINITION('attribute type designation','Real Number',#9267);
#9275=PROPERTY_DEFINITION_REPRESENTATION(#9274,#9273);
#9276=PROPERTY_DEFINITION('TRI_C_T','user defined attribute',#6935);
#9280=REPRESENTATION('',(#9279),#6923);
#9281=PROPERTY_DEFINITION_REPRESENTATION(#9276,#9280);
#9283=REPRESENTATION('',(#9282),#6923);
#9284=PROPERTY_DEFINITION('attribute type designation','Real Number',#9277);
#9285=PROPERTY_DEFINITION_REPRESENTATION(#9284,#9283);
#9286=PROPERTY_DEFINITION('TRI_HYP','user defined attribute',#6935);
#9290=REPRESENTATION('',(#9289),#6923);
#9291=PROPERTY_DEFINITION_REPRESENTATION(#9286,#9290);
#9293=REPRESENTATION('',(#9292),#6923);
#9294=PROPERTY_DEFINITION('attribute type designation','Real Number',#9287);
#9295=PROPERTY_DEFINITION_REPRESENTATION(#9294,#9293);
#9296=PROPERTY_DEFINITION('TRI_H','user defined attribute',#6935);
#9300=REPRESENTATION('',(#9299),#6923);
#9301=PROPERTY_DEFINITION_REPRESENTATION(#9296,#9300);
#9303=REPRESENTATION('',(#9302),#6923);
#9304=PROPERTY_DEFINITION('attribute type designation','Real Number',#9297);
#9305=PROPERTY_DEFINITION_REPRESENTATION(#9304,#9303);
#9306=PROPERTY_DEFINITION('TRI_C_GRIP','user defined attribute',#6935);
#9310=REPRESENTATION('',(#9309),#6923);
#9311=PROPERTY_DEFINITION_REPRESENTATION(#9306,#9310);
#9313=REPRESENTATION('',(#9312),#6923);
#9314=PROPERTY_DEFINITION('attribute type designation','Real Number',#9307);
#9315=PROPERTY_DEFINITION_REPRESENTATION(#9314,#9313);
#9316=PROPERTY_DEFINITION('TRI_H_DELTA','user defined attribute',#6935);
#9320=REPRESENTATION('',(#9319),#6923);
#9321=PROPERTY_DEFINITION_REPRESENTATION(#9316,#9320);
#9323=REPRESENTATION('',(#9322),#6923);
#9324=PROPERTY_DEFINITION('attribute type designation','Real Number',#9317);
#9325=PROPERTY_DEFINITION_REPRESENTATION(#9324,#9323);
#9326=PROPERTY_DEFINITION('TRI_H_DELTA_RAD','user defined attribute',#6935);
#9330=REPRESENTATION('',(#9329),#6923);
#9331=PROPERTY_DEFINITION_REPRESENTATION(#9326,#9330);
#9333=REPRESENTATION('',(#9332),#6923);
#9334=PROPERTY_DEFINITION('attribute type designation','Real Number',#9327);
#9335=PROPERTY_DEFINITION_REPRESENTATION(#9334,#9333);
#9336=PROPERTY_DEFINITION('TRI_DELTA','user defined attribute',#6935);
#9340=REPRESENTATION('',(#9339),#6923);
#9341=PROPERTY_DEFINITION_REPRESENTATION(#9336,#9340);
#9343=REPRESENTATION('',(#9342),#6923);
#9344=PROPERTY_DEFINITION('attribute type designation','Real Number',#9337);
#9345=PROPERTY_DEFINITION_REPRESENTATION(#9344,#9343);
#9346=PROPERTY_DEFINITION('TRI_C_MINOR','user defined attribute',#6935);
#9350=REPRESENTATION('',(#9349),#6923);
#9351=PROPERTY_DEFINITION_REPRESENTATION(#9346,#9350);
#9353=REPRESENTATION('',(#9352),#6923);
#9354=PROPERTY_DEFINITION('attribute type designation','Real Number',#9347);
#9355=PROPERTY_DEFINITION_REPRESENTATION(#9354,#9353);
#9356=PROPERTY_DEFINITION('TRI_D_MINOR','user defined attribute',#6935);
#9360=REPRESENTATION('',(#9359),#6923);
#9361=PROPERTY_DEFINITION_REPRESENTATION(#9356,#9360);
#9363=REPRESENTATION('',(#9362),#6923);
#9364=PROPERTY_DEFINITION('attribute type designation','Real Number',#9357);
#9365=PROPERTY_DEFINITION_REPRESENTATION(#9364,#9363);
#9366=PROPERTY_DEFINITION('DRW_TRI_C_MAX','user defined attribute',#6935);
#9370=REPRESENTATION('',(#9369),#6923);
#9371=PROPERTY_DEFINITION_REPRESENTATION(#9366,#9370);
#9372=PROPERTY_DEFINITION('DRW_TRI_C_MIN','user defined attribute',#6935);
#9376=REPRESENTATION('',(#9375),#6923);
#9377=PROPERTY_DEFINITION_REPRESENTATION(#9372,#9376);
#9378=PROPERTY_DEFINITION('DRW_TRI_D_MAX','user defined attribute',#6935);
#9382=REPRESENTATION('',(#9381),#6923);
#9383=PROPERTY_DEFINITION_REPRESENTATION(#9378,#9382);
#9384=PROPERTY_DEFINITION('DRW_TRI_D_MIN','user defined attribute',#6935);
#9388=REPRESENTATION('',(#9387),#6923);
#9389=PROPERTY_DEFINITION_REPRESENTATION(#9384,#9388);
#9390=PROPERTY_DEFINITION('DRW_S_TAPER_MIN','user defined attribute',#6935);
#9394=REPRESENTATION('',(#9393),#6923);
#9395=PROPERTY_DEFINITION_REPRESENTATION(#9390,#9394);
#9396=PROPERTY_DEFINITION('DRW_S_TAPER_MAX','user defined attribute',#6935);
#9400=REPRESENTATION('',(#9399),#6923);
#9401=PROPERTY_DEFINITION_REPRESENTATION(#9396,#9400);
#9402=PROPERTY_DEFINITION('DRW_BIG_D_MAX','user defined attribute',#6935);
#9406=REPRESENTATION('',(#9405),#6923);
#9407=PROPERTY_DEFINITION_REPRESENTATION(#9402,#9406);
#9408=PROPERTY_DEFINITION('DRW_BIG_D_MIN','user defined attribute',#6935);
#9412=REPRESENTATION('',(#9411),#6923);
#9413=PROPERTY_DEFINITION_REPRESENTATION(#9408,#9412);
#9414=PROPERTY_DEFINITION('DRW_P_THREAD','user defined attribute',#6935);
#9418=REPRESENTATION('',(#9417),#6923);
#9419=PROPERTY_DEFINITION_REPRESENTATION(#9414,#9418);
#9420=PROPERTY_DEFINITION('DRW_P_POINT_DIA_MAX','user defined attribute',#6935);
#9424=REPRESENTATION('',(#9423),#6923);
#9425=PROPERTY_DEFINITION_REPRESENTATION(#9420,#9424);
#9426=PROPERTY_DEFINITION('DRW_P_POINT_DIA_MIN','user defined attribute',#6935);
#9430=REPRESENTATION('',(#9429),#6923);
#9431=PROPERTY_DEFINITION_REPRESENTATION(#9426,#9430);
#9432=PROPERTY_DEFINITION('DRW_B_LOW_THD_DIA','user defined attribute',#6935);
#9436=REPRESENTATION('',(#9435),#6923);
#9437=PROPERTY_DEFINITION_REPRESENTATION(#9432,#9436);
#9438=PROPERTY_DEFINITION('THIRD_VIEW','user defined attribute',#6935);
#9442=REPRESENTATION('',(#9441),#6923);
#9443=PROPERTY_DEFINITION_REPRESENTATION(#9438,#9442);
#9444=PROPERTY_DEFINITION('DRAWING_VIEW_PLC','user defined attribute',#6935);
#9448=REPRESENTATION('',(#9447),#6923);
#9449=PROPERTY_DEFINITION_REPRESENTATION(#9444,#9448);
#9450=PROPERTY_DEFINITION('DRAWING_THD_CLEAN','user defined attribute',#6935);
#9454=REPRESENTATION('',(#9453),#6923);
#9455=PROPERTY_DEFINITION_REPRESENTATION(#9450,#9454);
#9456=PROPERTY_DEFINITION('DRW_LITTLE_D_MAX','user defined attribute',#6935);
#9460=REPRESENTATION('',(#9459),#6923);
#9461=PROPERTY_DEFINITION_REPRESENTATION(#9456,#9460);
#9462=PROPERTY_DEFINITION('DRW_LITTLE_D_MIN','user defined attribute',#6935);
#9466=REPRESENTATION('',(#9465),#6923);
#9467=PROPERTY_DEFINITION_REPRESENTATION(#9462,#9466);
#9468=PROPERTY_DEFINITION('DRAWING_L_CLEAN','user defined attribute',#6935);
#9472=REPRESENTATION('',(#9471),#6923);
#9473=PROPERTY_DEFINITION_REPRESENTATION(#9468,#9472);
#9474=PROPERTY_DEFINITION('PAPER_L','user defined attribute',#6935);
#9478=REPRESENTATION('',(#9477),#6923);
#9479=PROPERTY_DEFINITION_REPRESENTATION(#9474,#9478);
#9481=REPRESENTATION('',(#9480),#6923);
#9482=PROPERTY_DEFINITION('attribute type designation','Real Number',#9475);
#9483=PROPERTY_DEFINITION_REPRESENTATION(#9482,#9481);
#9484=PROPERTY_DEFINITION('TRI_LOB_DIMS','user defined attribute',#6935);
#9488=REPRESENTATION('',(#9487),#6923);
#9489=PROPERTY_DEFINITION_REPRESENTATION(#9484,#9488);
#9490=PROPERTY_DEFINITION('DRW_THD_LEAD','user defined attribute',#6935);
#9494=REPRESENTATION('',(#9493),#6923);
#9495=PROPERTY_DEFINITION_REPRESENTATION(#9490,#9494);
#9497=REPRESENTATION('',(#9496),#6923);
#9498=PROPERTY_DEFINITION('attribute type designation','Real Number',#9491);
#9499=PROPERTY_DEFINITION_REPRESENTATION(#9498,#9497);
#9500=PROPERTY_DEFINITION('DRW_THREAD_ANGLE','user defined attribute',#6935);
#9504=REPRESENTATION('',(#9503),#6923);
#9505=PROPERTY_DEFINITION_REPRESENTATION(#9500,#9504);
#9506=PROPERTY_DEFINITION('DRW_PLAST','user defined attribute',#6935);
#9510=REPRESENTATION('',(#9509),#6923);
#9511=PROPERTY_DEFINITION_REPRESENTATION(#9506,#9510);
#9512=PROPERTY_DEFINITION('LEAD_SNAP_LINE_NO','user defined attribute',#6935);
#9516=REPRESENTATION('',(#9515),#6923);
#9517=PROPERTY_DEFINITION_REPRESENTATION(#9512,#9516);
#9519=REPRESENTATION('',(#9518),#6923);
#9520=PROPERTY_DEFINITION('attribute type designation','Real Number',#9513);
#9521=PROPERTY_DEFINITION_REPRESENTATION(#9520,#9519);
#9522=PROPERTY_DEFINITION('LEAD_SNAP_POS','user defined attribute',#6935);
#9526=REPRESENTATION('',(#9525),#6923);
#9527=PROPERTY_DEFINITION_REPRESENTATION(#9522,#9526);
#9529=REPRESENTATION('',(#9528),#6923);
#9530=PROPERTY_DEFINITION('attribute type designation','Real Number',#9523);
#9531=PROPERTY_DEFINITION_REPRESENTATION(#9530,#9529);
#9532=PROPERTY_DEFINITION('DRW_VERT_HEAD_DIA','user defined attribute',#6935);
#9536=REPRESENTATION('',(#9535),#6923);
#9537=PROPERTY_DEFINITION_REPRESENTATION(#9532,#9536);
#9538=PROPERTY_DEFINITION('RAV_DATE','user defined attribute',#6935);
#9542=REPRESENTATION('',(#9541),#6923);
#9543=PROPERTY_DEFINITION_REPRESENTATION(#9538,#9542);
#9544=PROPERTY_DEFINITION('TORZ_Q','user defined attribute',#6935);
#9548=REPRESENTATION('',(#9547),#6923);
#9549=PROPERTY_DEFINITION_REPRESENTATION(#9544,#9548);
#9551=REPRESENTATION('',(#9550),#6923);
#9552=PROPERTY_DEFINITION('attribute type designation','Real Number',#9545);
#9553=PROPERTY_DEFINITION_REPRESENTATION(#9552,#9551);
#9554=PROPERTY_DEFINITION('T','user defined attribute',#6935);
#9558=REPRESENTATION('',(#9557),#6923);
#9559=PROPERTY_DEFINITION_REPRESENTATION(#9554,#9558);
#9561=REPRESENTATION('',(#9560),#6923);
#9562=PROPERTY_DEFINITION('attribute type designation','Real Number',#9555);
#9563=PROPERTY_DEFINITION_REPRESENTATION(#9562,#9561);
#9564=PROPERTY_DEFINITION('NOTE_LINE_3','user defined attribute',#6935);
#9568=REPRESENTATION('',(#9567),#6923);
#9569=PROPERTY_DEFINITION_REPRESENTATION(#9564,#9568);
#9570=PROPERTY_DEFINITION('NOTE_LINE_4','user defined attribute',#6935);
#9574=REPRESENTATION('',(#9573),#6923);
#9575=PROPERTY_DEFINITION_REPRESENTATION(#9570,#9574);
#9576=PROPERTY_DEFINITION('NOTE_LINE_5','user defined attribute',#6935);
#9580=REPRESENTATION('',(#9579),#6923);
#9581=PROPERTY_DEFINITION_REPRESENTATION(#9576,#9580);
#9582=PROPERTY_DEFINITION('NOTE_LINE_6','user defined attribute',#6935);
#9586=REPRESENTATION('',(#9585),#6923);
#9587=PROPERTY_DEFINITION_REPRESENTATION(#9582,#9586);
#9588=PROPERTY_DEFINITION('LENGTH_L','user defined attribute',#6935);
#9592=REPRESENTATION('',(#9591),#6923);
#9593=PROPERTY_DEFINITION_REPRESENTATION(#9588,#9592);
#9595=REPRESENTATION('',(#9594),#6923);
#9596=PROPERTY_DEFINITION('attribute type designation','Real Number',#9589);
#9597=PROPERTY_DEFINITION_REPRESENTATION(#9596,#9595);
#9598=PROPERTY_DEFINITION('PTC_COMMON_NAME','user defined attribute',#6935);
#9602=REPRESENTATION('',(#9601),#6923);
#9603=PROPERTY_DEFINITION_REPRESENTATION(#9598,#9602);
#9604=SHAPE_DEFINITION_REPRESENTATION(#9605,#9606);
#9605=PRODUCT_DEFINITION_SHAPE('','SHAPE FOR 001_MSC_82_FLAT_HEAD_ASM.',#9636);
#9606=SHAPE_REPRESENTATION('',(#9616,#9632),#9628);
#9607=NEXT_ASSEMBLY_USAGE_OCCURRENCE('0','Next assembly relationship',
'PENCOM_MS_82FLAT_PH_INCH',#9636,#6935,$);
#9608=PRODUCT_DEFINITION_SHAPE('Placement #0',
'Placement of PENCOM_MS_82FLAT_PH_INCH_AF0 with respect to 001_MSC_82_FLAT_HEAD_ASM',#9607);
#9610=PROPERTY_DEFINITION('geometric validation property',
'centroid of PENCOM_MS_82FLAT_PH_INCH',#9608);
#9611=REPRESENTATION('centroid',(#9609),#6923);
#9612=PROPERTY_DEFINITION_REPRESENTATION(#9610,#9611);
#9620=(LENGTH_UNIT()NAMED_UNIT(*)SI_UNIT(.MILLI.,.METRE.));
#9623=(NAMED_UNIT(*)PLANE_ANGLE_UNIT()SI_UNIT($,.RADIAN.));
#9626=(NAMED_UNIT(*)SI_UNIT($,.STERADIAN.)SOLID_ANGLE_UNIT());
#9628=(GEOMETRIC_REPRESENTATION_CONTEXT(3)GLOBAL_UNCERTAINTY_ASSIGNED_CONTEXT((
#9627))GLOBAL_UNIT_ASSIGNED_CONTEXT((#9622,#9625,#9626))REPRESENTATION_CONTEXT(
'ID2','3'));
#9632=AXIS2_PLACEMENT_3D('',#9629,#9630,#9631);
#9636=PRODUCT_DEFINITION('part definition','',#9635,#6931);
#9637=(LENGTH_UNIT()NAMED_UNIT(*)SI_UNIT(.MILLI.,.METRE.));
#9643=PROPERTY_DEFINITION('geometric validation property',
'area of 001_MSC_82_FLAT_HEAD_ASM',#9605);
#9644=REPRESENTATION('surface area',(#9642),#9628);
#9645=PROPERTY_DEFINITION_REPRESENTATION(#9643,#9644);
#9646=(LENGTH_UNIT()NAMED_UNIT(*)SI_UNIT(.MILLI.,.METRE.));
#9652=PROPERTY_DEFINITION('geometric validation property',
'volume of 001_MSC_82_FLAT_HEAD_ASM',#9605);
#9653=REPRESENTATION('volume',(#9651),#9628);
#9654=PROPERTY_DEFINITION_REPRESENTATION(#9652,#9653);
#9656=PROPERTY_DEFINITION('geometric validation property',
'centroid of 001_MSC_82_FLAT_HEAD_ASM',#9605);
#9657=REPRESENTATION('centroid',(#9655),#9628);
#9658=PROPERTY_DEFINITION_REPRESENTATION(#9656,#9657);
#9660=PROPERTY_DEFINITION('HEAD_CLASS','user defined attribute',#9636);
#9664=REPRESENTATION('',(#9663),#9628);
#9665=PROPERTY_DEFINITION_REPRESENTATION(#9660,#9664);
#9666=PROPERTY_DEFINITION('HEAD_TYPE','user defined attribute',#9636);
#9670=REPRESENTATION('',(#9669),#9628);
#9671=PROPERTY_DEFINITION_REPRESENTATION(#9666,#9670);
#9672=PROPERTY_DEFINITION('RECESS','user defined attribute',#9636);
#9676=REPRESENTATION('',(#9675),#9628);
#9677=PROPERTY_DEFINITION_REPRESENTATION(#9672,#9676);
#9678=PROPERTY_DEFINITION('THREAD_CODE','user defined attribute',#9636);
#9682=REPRESENTATION('',(#9681),#9628);
#9683=PROPERTY_DEFINITION_REPRESENTATION(#9678,#9682);
#9684=PROPERTY_DEFINITION('THREAD_KEY','user defined attribute',#9636);
#9688=REPRESENTATION('',(#9687),#9628);
#9689=PROPERTY_DEFINITION_REPRESENTATION(#9684,#9688);
#9690=PROPERTY_DEFINITION('NOMINAL_DIA_PARAM','user defined attribute',#9636);
#9694=REPRESENTATION('',(#9693),#9628);
#9695=PROPERTY_DEFINITION_REPRESENTATION(#9690,#9694);
#9697=REPRESENTATION('',(#9696),#9628);
#9698=PROPERTY_DEFINITION('attribute type designation','Real Number',#9691);
#9699=PROPERTY_DEFINITION_REPRESENTATION(#9698,#9697);
#9700=PROPERTY_DEFINITION('TPI','user defined attribute',#9636);
#9704=REPRESENTATION('',(#9703),#9628);
#9705=PROPERTY_DEFINITION_REPRESENTATION(#9700,#9704);
#9707=REPRESENTATION('',(#9706),#9628);
#9708=PROPERTY_DEFINITION('attribute type designation','Real Number',#9701);
#9709=PROPERTY_DEFINITION_REPRESENTATION(#9708,#9707);
#9710=PROPERTY_DEFINITION('L','user defined attribute',#9636);
#9714=REPRESENTATION('',(#9713),#9628);
#9715=PROPERTY_DEFINITION_REPRESENTATION(#9710,#9714);
#9717=REPRESENTATION('',(#9716),#9628);
#9718=PROPERTY_DEFINITION('attribute type designation','Real Number',#9711);
#9719=PROPERTY_DEFINITION_REPRESENTATION(#9718,#9717);
#9720=PROPERTY_DEFINITION('TL','user defined attribute',#9636);
#9724=REPRESENTATION('',(#9723),#9628);
#9725=PROPERTY_DEFINITION_REPRESENTATION(#9720,#9724);
#9727=REPRESENTATION('',(#9726),#9628);
#9728=PROPERTY_DEFINITION('attribute type designation','Real Number',#9721);
#9729=PROPERTY_DEFINITION_REPRESENTATION(#9728,#9727);
#9730=PROPERTY_DEFINITION('LP_TOL','user defined attribute',#9636);
#9734=REPRESENTATION('',(#9733),#9628);
#9735=PROPERTY_DEFINITION_REPRESENTATION(#9730,#9734);
#9737=REPRESENTATION('',(#9736),#9628);
#9738=PROPERTY_DEFINITION('attribute type designation','Real Number',#9731);
#9739=PROPERTY_DEFINITION_REPRESENTATION(#9738,#9737);
#9740=PROPERTY_DEFINITION('LM_TOL','user defined attribute',#9636);
#9744=REPRESENTATION('',(#9743),#9628);
#9745=PROPERTY_DEFINITION_REPRESENTATION(#9740,#9744);
#9747=REPRESENTATION('',(#9746),#9628);
#9748=PROPERTY_DEFINITION('attribute type designation','Real Number',#9741);
#9749=PROPERTY_DEFINITION_REPRESENTATION(#9748,#9747);
#9750=PROPERTY_DEFINITION('MATFIN_CODE','user defined attribute',#9636);
#9754=REPRESENTATION('',(#9753),#9628);
#9755=PROPERTY_DEFINITION_REPRESENTATION(#9750,#9754);
#9756=PROPERTY_DEFINITION('E_MAX','user defined attribute',#9636);
#9760=REPRESENTATION('',(#9759),#9628);
#9761=PROPERTY_DEFINITION_REPRESENTATION(#9756,#9760);
#9763=REPRESENTATION('',(#9762),#9628);
#9764=PROPERTY_DEFINITION('attribute type designation','Real Number',#9757);
#9765=PROPERTY_DEFINITION_REPRESENTATION(#9764,#9763);
#9766=PROPERTY_DEFINITION('E_MIN','user defined attribute',#9636);
#9770=REPRESENTATION('',(#9769),#9628);
#9771=PROPERTY_DEFINITION_REPRESENTATION(#9766,#9770);
#9773=REPRESENTATION('',(#9772),#9628);
#9774=PROPERTY_DEFINITION('attribute type designation','Real Number',#9767);
#9775=PROPERTY_DEFINITION_REPRESENTATION(#9774,#9773);
#9776=PROPERTY_DEFINITION('A_MAX','user defined attribute',#9636);
#9780=REPRESENTATION('',(#9779),#9628);
#9781=PROPERTY_DEFINITION_REPRESENTATION(#9776,#9780);
#9783=REPRESENTATION('',(#9782),#9628);
#9784=PROPERTY_DEFINITION('attribute type designation','Real Number',#9777);
#9785=PROPERTY_DEFINITION_REPRESENTATION(#9784,#9783);
#9786=PROPERTY_DEFINITION('A_MIN','user defined attribute',#9636);
#9790=REPRESENTATION('',(#9789),#9628);
#9791=PROPERTY_DEFINITION_REPRESENTATION(#9786,#9790);
#9793=REPRESENTATION('',(#9792),#9628);
#9794=PROPERTY_DEFINITION('attribute type designation','Real Number',#9787);
#9795=PROPERTY_DEFINITION_REPRESENTATION(#9794,#9793);
#9796=PROPERTY_DEFINITION('W_MIN','user defined attribute',#9636);
#9800=REPRESENTATION('',(#9799),#9628);
#9801=PROPERTY_DEFINITION_REPRESENTATION(#9796,#9800);
#9803=REPRESENTATION('',(#9802),#9628);
#9804=PROPERTY_DEFINITION('attribute type designation','Real Number',#9797);
#9805=PROPERTY_DEFINITION_REPRESENTATION(#9804,#9803);
#9806=PROPERTY_DEFINITION('H_MAX','user defined attribute',#9636);
#9810=REPRESENTATION('',(#9809),#9628);
#9811=PROPERTY_DEFINITION_REPRESENTATION(#9806,#9810);
#9813=REPRESENTATION('',(#9812),#9628);
#9814=PROPERTY_DEFINITION('attribute type designation','Real Number',#9807);
#9815=PROPERTY_DEFINITION_REPRESENTATION(#9814,#9813);
#9816=PROPERTY_DEFINITION('H_MIN','user defined attribute',#9636);
#9820=REPRESENTATION('',(#9819),#9628);
#9821=PROPERTY_DEFINITION_REPRESENTATION(#9816,#9820);
#9823=REPRESENTATION('',(#9822),#9628);
#9824=PROPERTY_DEFINITION('attribute type designation','Real Number',#9817);
#9825=PROPERTY_DEFINITION_REPRESENTATION(#9824,#9823);
#9826=PROPERTY_DEFINITION('R','user defined attribute',#9636);
#9830=REPRESENTATION('',(#9829),#9628);
#9831=PROPERTY_DEFINITION_REPRESENTATION(#9826,#9830);
#9833=REPRESENTATION('',(#9832),#9628);
#9834=PROPERTY_DEFINITION('attribute type designation','Real Number',#9827);
#9835=PROPERTY_DEFINITION_REPRESENTATION(#9834,#9833);
#9836=PROPERTY_DEFINITION('RAD_UNDER_HEAD','user defined attribute',#9636);
#9840=REPRESENTATION('',(#9839),#9628);
#9841=PROPERTY_DEFINITION_REPRESENTATION(#9836,#9840);
#9843=REPRESENTATION('',(#9842),#9628);
#9844=PROPERTY_DEFINITION('attribute type designation','Real Number',#9837);
#9845=PROPERTY_DEFINITION_REPRESENTATION(#9844,#9843);
#9846=PROPERTY_DEFINITION('J_MAX','user defined attribute',#9636);
#9850=REPRESENTATION('',(#9849),#9628);
#9851=PROPERTY_DEFINITION_REPRESENTATION(#9846,#9850);
#9853=REPRESENTATION('',(#9852),#9628);
#9854=PROPERTY_DEFINITION('attribute type designation','Real Number',#9847);
#9855=PROPERTY_DEFINITION_REPRESENTATION(#9854,#9853);
#9856=PROPERTY_DEFINITION('J_MIN','user defined attribute',#9636);
#9860=REPRESENTATION('',(#9859),#9628);
#9861=PROPERTY_DEFINITION_REPRESENTATION(#9856,#9860);
#9863=REPRESENTATION('',(#9862),#9628);
#9864=PROPERTY_DEFINITION('attribute type designation','Real Number',#9857);
#9865=PROPERTY_DEFINITION_REPRESENTATION(#9864,#9863);
#9866=PROPERTY_DEFINITION('T_MAX','user defined attribute',#9636);
#9870=REPRESENTATION('',(#9869),#9628);
#9871=PROPERTY_DEFINITION_REPRESENTATION(#9866,#9870);
#9873=REPRESENTATION('',(#9872),#9628);
#9874=PROPERTY_DEFINITION('attribute type designation','Real Number',#9867);
#9875=PROPERTY_DEFINITION_REPRESENTATION(#9874,#9873);
#9876=PROPERTY_DEFINITION('T_MIN','user defined attribute',#9636);
#9880=REPRESENTATION('',(#9879),#9628);
#9881=PROPERTY_DEFINITION_REPRESENTATION(#9876,#9880);
#9883=REPRESENTATION('',(#9882),#9628);
#9884=PROPERTY_DEFINITION('attribute type designation','Real Number',#9877);
#9885=PROPERTY_DEFINITION_REPRESENTATION(#9884,#9883);
#9886=PROPERTY_DEFINITION('M','user defined attribute',#9636);
#9890=REPRESENTATION('',(#9889),#9628);
#9891=PROPERTY_DEFINITION_REPRESENTATION(#9886,#9890);
#9893=REPRESENTATION('',(#9892),#9628);
#9894=PROPERTY_DEFINITION('attribute type designation','Real Number',#9887);
#9895=PROPERTY_DEFINITION_REPRESENTATION(#9894,#9893);
#9896=PROPERTY_DEFINITION('N','user defined attribute',#9636);
#9900=REPRESENTATION('',(#9899),#9628);
#9901=PROPERTY_DEFINITION_REPRESENTATION(#9896,#9900);
#9903=REPRESENTATION('',(#9902),#9628);
#9904=PROPERTY_DEFINITION('attribute type designation','Real Number',#9897);
#9905=PROPERTY_DEFINITION_REPRESENTATION(#9904,#9903);
#9906=PROPERTY_DEFINITION('P_MAX','user defined attribute',#9636);
#9910=REPRESENTATION('',(#9909),#9628);
#9911=PROPERTY_DEFINITION_REPRESENTATION(#9906,#9910);
#9913=REPRESENTATION('',(#9912),#9628);
#9914=PROPERTY_DEFINITION('attribute type designation','Real Number',#9907);
#9915=PROPERTY_DEFINITION_REPRESENTATION(#9914,#9913);
#9916=PROPERTY_DEFINITION('P_MIN','user defined attribute',#9636);
#9920=REPRESENTATION('',(#9919),#9628);
#9921=PROPERTY_DEFINITION_REPRESENTATION(#9916,#9920);
#9923=REPRESENTATION('',(#9922),#9628);
#9924=PROPERTY_DEFINITION('attribute type designation','Real Number',#9917);
#9925=PROPERTY_DEFINITION_REPRESENTATION(#9924,#9923);
#9926=PROPERTY_DEFINITION('TORX_A','user defined attribute',#9636);
#9930=REPRESENTATION('',(#9929),#9628);
#9931=PROPERTY_DEFINITION_REPRESENTATION(#9926,#9930);
#9933=REPRESENTATION('',(#9932),#9628);
#9934=PROPERTY_DEFINITION('attribute type designation','Real Number',#9927);
#9935=PROPERTY_DEFINITION_REPRESENTATION(#9934,#9933);
#9936=PROPERTY_DEFINITION('TORX_J','user defined attribute',#9636);
#9940=REPRESENTATION('',(#9939),#9628);
#9941=PROPERTY_DEFINITION_REPRESENTATION(#9936,#9940);
#9943=REPRESENTATION('',(#9942),#9628);
#9944=PROPERTY_DEFINITION('attribute type designation','Real Number',#9937);
#9945=PROPERTY_DEFINITION_REPRESENTATION(#9944,#9943);
#9946=PROPERTY_DEFINITION('TORX_I','user defined attribute',#9636);
#9950=REPRESENTATION('',(#9949),#9628);
#9951=PROPERTY_DEFINITION_REPRESENTATION(#9946,#9950);
#9953=REPRESENTATION('',(#9952),#9628);
#9954=PROPERTY_DEFINITION('attribute type designation','Real Number',#9947);
#9955=PROPERTY_DEFINITION_REPRESENTATION(#9954,#9953);
#9956=PROPERTY_DEFINITION('TORZ_Q','user defined attribute',#9636);
#9960=REPRESENTATION('',(#9959),#9628);
#9961=PROPERTY_DEFINITION_REPRESENTATION(#9956,#9960);
#9963=REPRESENTATION('',(#9962),#9628);
#9964=PROPERTY_DEFINITION('attribute type designation','Real Number',#9957);
#9965=PROPERTY_DEFINITION_REPRESENTATION(#9964,#9963);
#9966=PROPERTY_DEFINITION('TORX_Z','user defined attribute',#9636);
#9970=REPRESENTATION('',(#9969),#9628);
#9971=PROPERTY_DEFINITION_REPRESENTATION(#9966,#9970);
#9973=REPRESENTATION('',(#9972),#9628);
#9974=PROPERTY_DEFINITION('attribute type designation','Real Number',#9967);
#9975=PROPERTY_DEFINITION_REPRESENTATION(#9974,#9973);
#9976=PROPERTY_DEFINITION('COMPONENT','user defined attribute',#9636);
#9980=REPRESENTATION('',(#9979),#9628);
#9981=PROPERTY_DEFINITION_REPRESENTATION(#9976,#9980);
#9982=PROPERTY_DEFINITION('REV','user defined attribute',#9636);
#9986=REPRESENTATION('',(#9985),#9628);
#9987=PROPERTY_DEFINITION_REPRESENTATION(#9982,#9986);
#9988=PROPERTY_DEFINITION('DRW_THREAD','user defined attribute',#9636);
#9992=REPRESENTATION('',(#9991),#9628);
#9993=PROPERTY_DEFINITION_REPRESENTATION(#9988,#9992);
#9994=PROPERTY_DEFINITION('DRW_DRIVER_SIZE','user defined attribute',#9636);
#9998=REPRESENTATION('',(#9997),#9628);
#9999=PROPERTY_DEFINITION_REPRESENTATION(#9994,#9998);
#10000=PROPERTY_DEFINITION('PART_NUMBER','user defined attribute',#9636);
#10004=REPRESENTATION('',(#10003),#9628);
#10005=PROPERTY_DEFINITION_REPRESENTATION(#10000,#10004);
#10006=PROPERTY_DEFINITION('PART_DESCRIPTION','user defined attribute',#9636);
#10010=REPRESENTATION('',(#10009),#9628);
#10011=PROPERTY_DEFINITION_REPRESENTATION(#10006,#10010);
#10012=PROPERTY_DEFINITION('DRW_L_MIN','user defined attribute',#9636);
#10016=REPRESENTATION('',(#10015),#9628);
#10017=PROPERTY_DEFINITION_REPRESENTATION(#10012,#10016);
#10019=REPRESENTATION('',(#10018),#9628);
#10020=PROPERTY_DEFINITION('attribute type designation','Real Number',#10013);
#10021=PROPERTY_DEFINITION_REPRESENTATION(#10020,#10019);
#10022=PROPERTY_DEFINITION('DRAWING_SCALE_FACTOR','user defined attribute',
#9636);
#10026=REPRESENTATION('',(#10025),#9628);
#10027=PROPERTY_DEFINITION_REPRESENTATION(#10022,#10026);
#10029=REPRESENTATION('',(#10028),#9628);
#10030=PROPERTY_DEFINITION('attribute type designation','Real Number',#10023);
#10031=PROPERTY_DEFINITION_REPRESENTATION(#10030,#10029);
#10032=PROPERTY_DEFINITION('NOTE_LINE_1','user defined attribute',#9636);
#10036=REPRESENTATION('',(#10035),#9628);
#10037=PROPERTY_DEFINITION_REPRESENTATION(#10032,#10036);
#10038=PROPERTY_DEFINITION('NOTE_LINE_2','user defined attribute',#9636);
#10042=REPRESENTATION('',(#10041),#9628);
#10043=PROPERTY_DEFINITION_REPRESENTATION(#10038,#10042);
#10044=PROPERTY_DEFINITION('NOTE_LINE_3','user defined attribute',#9636);
#10048=REPRESENTATION('',(#10047),#9628);
#10049=PROPERTY_DEFINITION_REPRESENTATION(#10044,#10048);
#10050=PROPERTY_DEFINITION('NOTE_LINE_4','user defined attribute',#9636);
#10054=REPRESENTATION('',(#10053),#9628);
#10055=PROPERTY_DEFINITION_REPRESENTATION(#10050,#10054);
#10056=PROPERTY_DEFINITION('NOTE_LINE_5','user defined attribute',#9636);
#10060=REPRESENTATION('',(#10059),#9628);
#10061=PROPERTY_DEFINITION_REPRESENTATION(#10056,#10060);
#10062=PROPERTY_DEFINITION('NOTE_LINE_6','user defined attribute',#9636);
#10066=REPRESENTATION('',(#10065),#9628);
#10067=PROPERTY_DEFINITION_REPRESENTATION(#10062,#10066);
#10068=PROPERTY_DEFINITION('NOTE_LINE_7','user defined attribute',#9636);
#10072=REPRESENTATION('',(#10071),#9628);
#10073=PROPERTY_DEFINITION_REPRESENTATION(#10068,#10072);
#10074=PROPERTY_DEFINITION('NOTE_LINE_8','user defined attribute',#9636);
#10078=REPRESENTATION('',(#10077),#9628);
#10079=PROPERTY_DEFINITION_REPRESENTATION(#10074,#10078);
#10080=PROPERTY_DEFINITION('NOTE_LINE_9','user defined attribute',#9636);
#10084=REPRESENTATION('',(#10083),#9628);
#10085=PROPERTY_DEFINITION_REPRESENTATION(#10080,#10084);
#10086=PROPERTY_DEFINITION('NOTE_LINE_10','user defined attribute',#9636);
#10090=REPRESENTATION('',(#10089),#9628);
#10091=PROPERTY_DEFINITION_REPRESENTATION(#10086,#10090);
#10092=PROPERTY_DEFINITION('NOTE_LINE_11','user defined attribute',#9636);
#10096=REPRESENTATION('',(#10095),#9628);
#10097=PROPERTY_DEFINITION_REPRESENTATION(#10092,#10096);
#10098=PROPERTY_DEFINITION('NOTE_LINE_12','user defined attribute',#9636);
#10102=REPRESENTATION('',(#10101),#9628);
#10103=PROPERTY_DEFINITION_REPRESENTATION(#10098,#10102);
#10104=PROPERTY_DEFINITION('NOTE_LINE_13','user defined attribute',#9636);
#10108=REPRESENTATION('',(#10107),#9628);
#10109=PROPERTY_DEFINITION_REPRESENTATION(#10104,#10108);
#10110=PROPERTY_DEFINITION('NOTE_LINE_14','user defined attribute',#9636);
#10114=REPRESENTATION('',(#10113),#9628);
#10115=PROPERTY_DEFINITION_REPRESENTATION(#10110,#10114);
#10116=PROPERTY_DEFINITION('NOTE_LINE_15','user defined attribute',#9636);
#10120=REPRESENTATION('',(#10119),#9628);
#10121=PROPERTY_DEFINITION_REPRESENTATION(#10116,#10120);
#10122=PROPERTY_DEFINITION('NOTE_LINE_16','user defined attribute',#9636);
#10126=REPRESENTATION('',(#10125),#9628);
#10127=PROPERTY_DEFINITION_REPRESENTATION(#10122,#10126);
#10128=PROPERTY_DEFINITION('NOTE_LINE_17','user defined attribute',#9636);
#10132=REPRESENTATION('',(#10131),#9628);
#10133=PROPERTY_DEFINITION_REPRESENTATION(#10128,#10132);
#10134=PROPERTY_DEFINITION('NOTE_LINE_18','user defined attribute',#9636);
#10138=REPRESENTATION('',(#10137),#9628);
#10139=PROPERTY_DEFINITION_REPRESENTATION(#10134,#10138);
#10140=PROPERTY_DEFINITION('NOTE_LINE_19','user defined attribute',#9636);
#10144=REPRESENTATION('',(#10143),#9628);
#10145=PROPERTY_DEFINITION_REPRESENTATION(#10140,#10144);
#10146=PROPERTY_DEFINITION('NOTE_LINE_20','user defined attribute',#9636);
#10150=REPRESENTATION('',(#10149),#9628);
#10151=PROPERTY_DEFINITION_REPRESENTATION(#10146,#10150);
#10152=PROPERTY_DEFINITION('REV_DATE','user defined attribute',#9636);
#10156=REPRESENTATION('',(#10155),#9628);
#10157=PROPERTY_DEFINITION_REPRESENTATION(#10152,#10156);
#10158=PROPERTY_DEFINITION('SHOW_THREADS','user defined attribute',#9636);
#10162=REPRESENTATION('',(#10161),#9628);
#10163=PROPERTY_DEFINITION_REPRESENTATION(#10158,#10162);
#10164=PROPERTY_DEFINITION('PARAMETER_1','user defined attribute',#9636);
#10168=REPRESENTATION('',(#10167),#9628);
#10169=PROPERTY_DEFINITION_REPRESENTATION(#10164,#10168);
#10171=REPRESENTATION('',(#10170),#9628);
#10172=PROPERTY_DEFINITION('attribute type designation','Real Number',#10165);
#10173=PROPERTY_DEFINITION_REPRESENTATION(#10172,#10171);
#10174=PROPERTY_DEFINITION('DRW_TORX','user defined attribute',#9636);
#10178=REPRESENTATION('',(#10177),#9628);
#10179=PROPERTY_DEFINITION_REPRESENTATION(#10174,#10178);
#10180=PROPERTY_DEFINITION('TORX_Q','user defined attribute',#9636);
#10184=REPRESENTATION('',(#10183),#9628);
#10185=PROPERTY_DEFINITION_REPRESENTATION(#10180,#10184);
#10187=REPRESENTATION('',(#10186),#9628);
#10188=PROPERTY_DEFINITION('attribute type designation','Real Number',#10181);
#10189=PROPERTY_DEFINITION_REPRESENTATION(#10188,#10187);
#10190=PROPERTY_DEFINITION('T','user defined attribute',#9636);
#10194=REPRESENTATION('',(#10193),#9628);
#10195=PROPERTY_DEFINITION_REPRESENTATION(#10190,#10194);
#10197=REPRESENTATION('',(#10196),#9628);
#10198=PROPERTY_DEFINITION('attribute type designation','Real Number',#10191);
#10199=PROPERTY_DEFINITION_REPRESENTATION(#10198,#10197);
#10200=PROPERTY_DEFINITION('NOTE_5','user defined attribute',#9636);
#10204=REPRESENTATION('',(#10203),#9628);
#10205=PROPERTY_DEFINITION_REPRESENTATION(#10200,#10204);
#10206=PROPERTY_DEFINITION('PART_DESC_3','user defined attribute',#9636);
#10210=REPRESENTATION('',(#10209),#9628);
#10211=PROPERTY_DEFINITION_REPRESENTATION(#10206,#10210);
#10212=PROPERTY_DEFINITION('PART_DESC_2','user defined attribute',#9636);
#10216=REPRESENTATION('',(#10215),#9628);
#10217=PROPERTY_DEFINITION_REPRESENTATION(#10212,#10216);
#10218=PROPERTY_DEFINITION('PART_DESC_1','user defined attribute',#9636);
#10222=REPRESENTATION('',(#10221),#9628);
#10223=PROPERTY_DEFINITION_REPRESENTATION(#10218,#10222);
#10224=PROPERTY_DEFINITION('NOTE_4','user defined attribute',#9636);
#10228=REPRESENTATION('',(#10227),#9628);
#10229=PROPERTY_DEFINITION_REPRESENTATION(#10224,#10228);
#10230=PROPERTY_DEFINITION('PRODUCT_ID','user defined attribute',#9636);
#10234=REPRESENTATION('',(#10233),#9628);
#10235=PROPERTY_DEFINITION_REPRESENTATION(#10230,#10234);
#10236=PROPERTY_DEFINITION('UNITS','user defined attribute',#9636);
#10240=REPRESENTATION('',(#10239),#9628);
#10241=PROPERTY_DEFINITION_REPRESENTATION(#10236,#10240);
#10242=PROPERTY_DEFINITION('THREAD_SIZE','user defined attribute',#9636);
#10246=REPRESENTATION('',(#10245),#9628);
#10247=PROPERTY_DEFINITION_REPRESENTATION(#10242,#10246);
#10248=PROPERTY_DEFINITION('THREAD_STANDARD','user defined attribute',#9636);
#10252=REPRESENTATION('',(#10251),#9628);
#10253=PROPERTY_DEFINITION_REPRESENTATION(#10248,#10252);
#10254=PROPERTY_DEFINITION('FORMAT','user defined attribute',#9636);
#10258=REPRESENTATION('',(#10257),#9628);
#10259=PROPERTY_DEFINITION_REPRESENTATION(#10254,#10258);
#10260=PROPERTY_DEFINITION('ISO_VIEW','user defined attribute',#9636);
#10264=REPRESENTATION('',(#10263),#9628);
#10265=PROPERTY_DEFINITION_REPRESENTATION(#10260,#10264);
#10267=REPRESENTATION('',(#10266),#9628);
#10268=PROPERTY_DEFINITION('attribute type designation','Real Number',#10261);
#10269=PROPERTY_DEFINITION_REPRESENTATION(#10268,#10267);
#10270=PROPERTY_DEFINITION('TPD57','user defined attribute',#9636);
#10274=REPRESENTATION('',(#10273),#9628);
#10275=PROPERTY_DEFINITION_REPRESENTATION(#10270,#10274);
#10277=REPRESENTATION('',(#10276),#9628);
#10278=PROPERTY_DEFINITION('attribute type designation','Real Number',#10271);
#10279=PROPERTY_DEFINITION_REPRESENTATION(#10278,#10277);
#10280=PROPERTY_DEFINITION('TMD57','user defined attribute',#9636);
#10284=REPRESENTATION('',(#10283),#9628);
#10285=PROPERTY_DEFINITION_REPRESENTATION(#10280,#10284);
#10287=REPRESENTATION('',(#10286),#9628);
#10288=PROPERTY_DEFINITION('attribute type designation','Real Number',#10281);
#10289=PROPERTY_DEFINITION_REPRESENTATION(#10288,#10287);
#10290=PROPERTY_DEFINITION('CREATED_BY','user defined attribute',#9636);
#10294=REPRESENTATION('',(#10293),#9628);
#10295=PROPERTY_DEFINITION_REPRESENTATION(#10290,#10294);
#10296=PROPERTY_DEFINITION('LENGTH','user defined attribute',#9636);
#10300=REPRESENTATION('',(#10299),#9628);
#10301=PROPERTY_DEFINITION_REPRESENTATION(#10296,#10300);
#10303=REPRESENTATION('',(#10302),#9628);
#10304=PROPERTY_DEFINITION('attribute type designation','Real Number',#10297);
#10305=PROPERTY_DEFINITION_REPRESENTATION(#10304,#10303);
#10306=PROPERTY_DEFINITION('HEAD_HEIGHT','user defined attribute',#9636);
#10310=REPRESENTATION('',(#10309),#9628);
#10311=PROPERTY_DEFINITION_REPRESENTATION(#10306,#10310);
#10313=REPRESENTATION('',(#10312),#9628);
#10314=PROPERTY_DEFINITION('attribute type designation','Real Number',#10307);
#10315=PROPERTY_DEFINITION_REPRESENTATION(#10314,#10313);
#10316=PROPERTY_DEFINITION('HEAD_WIDTH','user defined attribute',#9636);
#10320=REPRESENTATION('',(#10319),#9628);
#10321=PROPERTY_DEFINITION_REPRESENTATION(#10316,#10320);
#10323=REPRESENTATION('',(#10322),#9628);
#10324=PROPERTY_DEFINITION('attribute type designation','Real Number',#10317);
#10325=PROPERTY_DEFINITION_REPRESENTATION(#10324,#10323);
#10326=PROPERTY_DEFINITION('HEAD_HEIGHT_REF','user defined attribute',#9636);
#10330=REPRESENTATION('',(#10329),#9628);
#10331=PROPERTY_DEFINITION_REPRESENTATION(#10326,#10330);
#10333=REPRESENTATION('',(#10332),#9628);
#10334=PROPERTY_DEFINITION('attribute type designation','Real Number',#10327);
#10335=PROPERTY_DEFINITION_REPRESENTATION(#10334,#10333);
ENDSEC;
END-ISO-10303-21;
